site_id,project,tile,title,format,collection_start,collection_end,publication_date,size_bytes,min_lon,min_lat,max_lon,max_lat,source_id,meta_url,download_url
US-xSR,AZ_CochiseCounty_2020_B20,12R_WA_1025,USGS Lidar Point Cloud AZ_CochiseCounty_2020_B20 12R_WA_1025,LAZ,2020-09-15,2020-10-20,2021-07-29,229629202,-110.89428939505933,31.860687370232153,-110.88370703685207,31.869718577192128,61054942d34ef8d7056476ba,https://www.sciencebase.gov/catalog/item/61054942d34ef8d7056476ba,https://rockyweb.usgs.gov/vdelivery/Datasets/Staged/Elevation/LPC/Projects/AZ_CochiseCounty_2020_B20/AZ_CochiseCounty_1_2020/LAZ/USGS_LPC_AZ_CochiseCounty_2020_B20_12R_WA_1025.laz
US-xSR,AZ_CochiseCounty_2020_B20,12R_WA_1026,USGS Lidar Point Cloud AZ_CochiseCounty_2020_B20 12R_WA_1026,LAZ,2020-09-15,2020-10-20,2021-07-29,219920754,-110.89427909767431,31.86970935720998,-110.88369570465979,31.87874055457319,61054787d34ef8d7056469e4,https://www.sciencebase.gov/catalog/item/61054787d34ef8d7056469e4,https://rockyweb.usgs.gov/vdelivery/Datasets/Staged/Elevation/LPC/Projects/AZ_CochiseCounty_2020_B20/AZ_CochiseCounty_1_2020/LAZ/USGS_LPC_AZ_CochiseCounty_2020_B20_12R_WA_1026.laz
US-xSR,AZ_CochiseCounty_2020_B20,12R_WA_1027,USGS Lidar Point Cloud AZ_CochiseCounty_2020_B20 12R_WA_1027,LAZ,2020-09-15,2020-10-20,2021-07-29,223116286,-110.89426879567382,31.87873133136725,-110.88368436738843,31.88776251913231,61054605d34ef8d7056461ce,https://www.sciencebase.gov/catalog/item/61054605d34ef8d7056461ce,https://rockyweb.usgs.gov/vdelivery/Datasets/Staged/Elevation/LPC/Projects/AZ_CochiseCounty_2020_B20/AZ_CochiseCounty_1_2020/LAZ/USGS_LPC_AZ_CochiseCounty_2020_B20_12R_WA_1027.laz
US-xSR,AZ_CochiseCounty_2020_B20,12R_WA_1028,USGS Lidar Point Cloud AZ_CochiseCounty_2020_B20 12R_WA_1028,LAZ,2020-09-15,2020-10-20,2021-07-29,220946972,-110.89425848905596,31.88775329270196,-110.88367302503593,31.896784470867537,6105458dd34ef8d705645f90,https://www.sciencebase.gov/catalog/item/6105458dd34ef8d705645f90,https://rockyweb.usgs.gov/vdelivery/Datasets/Staged/Elevation/LPC/Projects/AZ_CochiseCounty_2020_B20/AZ_CochiseCounty_1_2020/LAZ/USGS_LPC_AZ_CochiseCounty_2020_B20_12R_WA_1028.laz
US-xSR,AZ_CochiseCounty_2020_B20,12R_WA_1029,USGS Lidar Point Cloud AZ_CochiseCounty_2020_B20 12R_WA_1029,LAZ,2020-09-15,2020-10-20,2021-07-29,127055845,-110.8942481778189,31.896775241212154,-110.88366888957798,31.900074295310862,61054854d34ef8d705646f4a,https://www.sciencebase.gov/catalog/item/61054854d34ef8d705646f4a,https://rockyweb.usgs.gov/vdelivery/Datasets/Staged/Elevation/LPC/Projects/AZ_CochiseCounty_2020_B20/AZ_CochiseCounty_1_2020/LAZ/USGS_LPC_AZ_CochiseCounty_2020_B20_12R_WA_1029.laz
US-xSR,AZ_CochiseCounty_2020_B20,12R_WA_1125,USGS Lidar Point Cloud AZ_CochiseCounty_2020_B20 12R_WA_1125,LAZ,2020-09-15,2020-10-20,2021-07-29,200589565,-110.88371835338495,31.860677265801336,-110.87313497052449,31.869709348178333,6105485ad34ef8d705646f7a,https://www.sciencebase.gov/catalog/item/6105485ad34ef8d705646f7a,https://rockyweb.usgs.gov/vdelivery/Datasets/Staged/Elevation/LPC/Projects/AZ_CochiseCounty_2020_B20/AZ_CochiseCounty_1_2020/LAZ/USGS_LPC_AZ_CochiseCounty_2020_B20_12R_WA_1125.laz
US-xSR,AZ_CochiseCounty_2020_B20,12R_WA_1126,USGS Lidar Point Cloud AZ_CochiseCounty_2020_B20 12R_WA_1126,LAZ,2020-09-15,2020-10-20,2021-07-29,192663071,-110.88370702626867,31.869699249249035,-110.87312260814143,31.8787313223356,61054574d34ef8d705645efc,https://www.sciencebase.gov/catalog/item/61054574d34ef8d705645efc,https://rockyweb.usgs.gov/vdelivery/Datasets/Staged/Elevation/LPC/Projects/AZ_CochiseCounty_2020_B20/AZ_CochiseCounty_1_2020/LAZ/USGS_LPC_AZ_CochiseCounty_2020_B20_12R_WA_1126.laz
US-xSR,AZ_CochiseCounty_2020_B20,12R_WA_1127,USGS Lidar Point Cloud AZ_CochiseCounty_2020_B20 12R_WA_1127,LAZ,2020-09-15,2020-10-20,2021-07-29,183015747,-110.88369569407536,31.87872121987549,-110.87311024021757,31.88775328367032,6105477ed34ef8d705646994,https://www.sciencebase.gov/catalog/item/6105477ed34ef8d705646994,https://rockyweb.usgs.gov/vdelivery/Datasets/Staged/Elevation/LPC/Projects/AZ_CochiseCounty_2020_B20/AZ_CochiseCounty_1_2020/LAZ/USGS_LPC_AZ_CochiseCounty_2020_B20_12R_WA_1127.laz
US-xSR,AZ_CochiseCounty_2020_B20,12R_WA_1128,USGS Lidar Point Cloud AZ_CochiseCounty_2020_B20 12R_WA_1128,LAZ,2020-09-15,2020-10-20,2021-07-29,193920895,-110.88368435680296,31.88774317767873,-110.87309786675065,31.896775232180545,61054899d34ef8d705647188,https://www.sciencebase.gov/catalog/item/61054899d34ef8d705647188,https://rockyweb.usgs.gov/vdelivery/Datasets/Staged/Elevation/LPC/Projects/AZ_CochiseCounty_2020_B20/AZ_CochiseCounty_1_2020/LAZ/USGS_LPC_AZ_CochiseCounty_2020_B20_12R_WA_1128.laz
US-xSR,AZ_CochiseCounty_2020_B20,12R_WA_1129,USGS Lidar Point Cloud AZ_CochiseCounty_2020_B20 12R_WA_1129,LAZ,2020-09-15,2020-10-20,2021-07-29,124139521,-110.88367301444943,31.896765122656767,-110.87309336151839,31.90006028284283,61054567d34ef8d705645eb2,https://www.sciencebase.gov/catalog/item/61054567d34ef8d705645eb2,https://rockyweb.usgs.gov/vdelivery/Datasets/Staged/Elevation/LPC/Projects/AZ_CochiseCounty_2020_B20/AZ_CochiseCounty_1_2020/LAZ/USGS_LPC_AZ_CochiseCounty_2020_B20_12R_WA_1129.laz
US-xSR,AZ_CochiseCounty_2020_B20,12R_WA_1225,USGS Lidar Point Cloud AZ_CochiseCounty_2020_B20 12R_WA_1225,LAZ,2020-09-15,2020-10-20,2021-07-29,228377210,-110.87314731678558,31.860666282731014,-110.8625629097355,31.869699240216512,61054752d34ef8d705646862,https://www.sciencebase.gov/catalog/item/61054752d34ef8d705646862,https://rockyweb.usgs.gov/vdelivery/Datasets/Staged/Elevation/LPC/Projects/AZ_CochiseCounty_2020_B20/AZ_CochiseCounty_1_2020/LAZ/USGS_LPC_AZ_CochiseCounty_2020_B20_12R_WA_1225.laz
US-xSR,AZ_CochiseCounty_2020_B20,12R_WA_1226,USGS Lidar Point Cloud AZ_CochiseCounty_2020_B20 12R_WA_1226,LAZ,2020-09-15,2020-10-20,2021-07-29,222330664,-110.87313495994007,31.86968826234161,-110.8625495171639,31.878721210842976,6105459bd34ef8d705645fe6,https://www.sciencebase.gov/catalog/item/6105459bd34ef8d705645fe6,https://rockyweb.usgs.gov/vdelivery/Datasets/Staged/Elevation/LPC/Projects/AZ_CochiseCounty_2020_B20/AZ_CochiseCounty_1_2020/LAZ/USGS_LPC_AZ_CochiseCounty_2020_B20_12R_WA_1226.laz
US-xSR,AZ_CochiseCounty_2020_B20,12R_WA_1227,USGS Lidar Point Cloud AZ_CochiseCounty_2020_B20 12R_WA_1227,LAZ,2020-09-15,2020-10-20,2021-07-29,215410820,-110.87312259755598,31.878710229130228,-110.86253611858976,31.887743168646214,610547ead34ef8d705646c82,https://www.sciencebase.gov/catalog/item/610547ead34ef8d705646c82,https://rockyweb.usgs.gov/vdelivery/Datasets/Staged/Elevation/LPC/Projects/AZ_CochiseCounty_2020_B20/AZ_CochiseCounty_1_2020/LAZ/USGS_LPC_AZ_CochiseCounty_2020_B20_12R_WA_1227.laz
US-xSR,AZ_CochiseCounty_2020_B20,12R_WA_1228,USGS Lidar Point Cloud AZ_CochiseCounty_2020_B20 12R_WA_1228,LAZ,2020-09-15,2020-10-20,2021-07-29,223093660,-110.87311022963108,31.887732183094897,-110.86252271401065,31.89676511362428,61054623d34ef8d70564625a,https://www.sciencebase.gov/catalog/item/61054623d34ef8d70564625a,https://rockyweb.usgs.gov/vdelivery/Datasets/Staged/Elevation/LPC/Projects/AZ_CochiseCounty_2020_B20/AZ_CochiseCounty_1_2020/LAZ/USGS_LPC_AZ_CochiseCounty_2020_B20_12R_WA_1228.laz
US-xSR,AZ_CochiseCounty_2020_B20,12R_WA_1229,USGS Lidar Point Cloud AZ_CochiseCounty_2020_B20 12R_WA_1229,LAZ,2020-09-15,2020-10-20,2021-07-29,141690267,-110.87309785616313,31.896754124233645,-110.86251784003076,31.900045444528843,610545fcd34ef8d7056461a0,https://www.sciencebase.gov/catalog/item/610545fcd34ef8d7056461a0,https://rockyweb.usgs.gov/vdelivery/Datasets/Staged/Elevation/LPC/Projects/AZ_CochiseCounty_2020_B20/AZ_CochiseCounty_1_2020/LAZ/USGS_LPC_AZ_CochiseCounty_2020_B20_12R_WA_1229.laz
US-xSR,AZ_CochiseCounty_2020_B20,12R_WA_1325,USGS Lidar Point Cloud AZ_CochiseCounty_2020_B20 12R_WA_1325,LAZ,2020-09-15,2020-10-20,2021-07-29,195282448,-110.86257628572257,31.8606544210228,-110.85199085494665,31.869688253308205,61054887d34ef8d7056470ea,https://www.sciencebase.gov/catalog/item/61054887d34ef8d7056470ea,https://rockyweb.usgs.gov/vdelivery/Datasets/Staged/Elevation/LPC/Projects/AZ_CochiseCounty_2020_B20/AZ_CochiseCounty_1_2020/LAZ/USGS_LPC_AZ_CochiseCounty_2020_B20_12R_WA_1325.laz
US-xSR,AZ_CochiseCounty_2020_B20,12R_WA_1326,USGS Lidar Point Cloud AZ_CochiseCounty_2020_B20 12R_WA_1326,LAZ,2020-09-15,2020-10-20,2021-07-29,203243376,-110.86256289915006,31.869676396489332,-110.85197643218889,31.878710220096842,61054577d34ef8d705645f10,https://www.sciencebase.gov/catalog/item/61054577d34ef8d705645f10,https://rockyweb.usgs.gov/vdelivery/Datasets/Staged/Elevation/LPC/Projects/AZ_CochiseCounty_2020_B20/AZ_CochiseCounty_1_2020/LAZ/USGS_LPC_AZ_CochiseCounty_2020_B20_12R_WA_1326.laz
US-xSR,AZ_CochiseCounty_2020_B20,12R_WA_1327,USGS Lidar Point Cloud AZ_CochiseCounty_2020_B20 12R_WA_1327,LAZ,2020-09-15,2020-10-20,2021-07-29,184434687,-110.86254950657741,31.878698359133107,-110.85196200296689,31.88773217406151,61054766d34ef8d7056468e6,https://www.sciencebase.gov/catalog/item/61054766d34ef8d7056468e6,https://rockyweb.usgs.gov/vdelivery/Datasets/Staged/Elevation/LPC/Projects/AZ_CochiseCounty_2020_B20/AZ_CochiseCounty_1_2020/LAZ/USGS_LPC_AZ_CochiseCounty_2020_B20_12R_WA_1327.laz
US-xSR,AZ_CochiseCounty_2020_B20,12R_WA_1328,USGS Lidar Point Cloud AZ_CochiseCounty_2020_B20 12R_WA_1328,LAZ,2020-09-15,2020-10-20,2021-07-29,183052119,-110.86253610800223,31.887720308952133,-110.851947567278,31.896754115200277,610546f8d34ef8d705646638,https://www.sciencebase.gov/catalog/item/610546f8d34ef8d705646638,https://rockyweb.usgs.gov/vdelivery/Datasets/Staged/Elevation/LPC/Projects/AZ_CochiseCounty_2020_B20/AZ_CochiseCounty_1_2020/LAZ/USGS_LPC_AZ_CochiseCounty_2020_B20_12R_WA_1328.laz
US-xSR,AZ_CochiseCounty_2020_B20,12R_WA_1329,USGS Lidar Point Cloud AZ_CochiseCounty_2020_B20 12R_WA_1329,LAZ,2020-09-15,2020-10-20,2021-07-29,349840738,-110.86252270342209,31.896742245944434,-110.85193312511966,31.905772746320565,61054771d34ef8d705646930,https://www.sciencebase.gov/catalog/item/61054771d34ef8d705646930,https://rockyweb.usgs.gov/vdelivery/Datasets/Staged/Elevation/LPC/Projects/AZ_CochiseCounty_2020_B20/AZ_CochiseCounty_1_2020/LAZ/USGS_LPC_AZ_CochiseCounty_2020_B20_12R_WA_1329.laz
US-xSR,AZ_CochiseCounty_2020_B20,12R_WA_1330,USGS Lidar Point Cloud AZ_CochiseCounty_2020_B20 12R_WA_1330,LAZ,2020-09-15,2020-10-20,2021-07-29,14065726,-110.85957173753532,31.90576417010808,-110.85193256853383,31.90611389109966,6105489cd34ef8d70564719a,https://www.sciencebase.gov/catalog/item/6105489cd34ef8d70564719a,https://rockyweb.usgs.gov/vdelivery/Datasets/Staged/Elevation/LPC/Projects/AZ_CochiseCounty_2020_B20/AZ_CochiseCounty_1_2020/LAZ/USGS_LPC_AZ_CochiseCounty_2020_B20_12R_WA_1330.laz
US-xSR,AZ_CochiseCounty_2020_B20,12R_WA_1425,USGS Lidar Point Cloud AZ_CochiseCounty_2020_B20 12R_WA_1425,LAZ,2020-09-15,2020-10-20,2021-07-29,220289638,-110.8520052606573,31.860641680678526,-110.84141880661947,31.869676387455055,610548ebd34ef8d705647424,https://www.sciencebase.gov/catalog/item/610548ebd34ef8d705647424,https://rockyweb.usgs.gov/vdelivery/Datasets/Staged/Elevation/LPC/Projects/AZ_CochiseCounty_2020_B20/AZ_CochiseCounty_1_2020/LAZ/USGS_LPC_AZ_CochiseCounty_2020_B20_12R_WA_1425.laz
US-xSR,AZ_CochiseCounty_2020_B20,12R_WA_1426,USGS Lidar Point Cloud AZ_CochiseCounty_2020_B20 12R_WA_1426,LAZ,2020-09-15,2020-10-20,2021-07-29,225870490,-110.85199084436017,31.869663651694037,-110.84140335367817,31.87869835009884,61054802d34ef8d705646d2c,https://www.sciencebase.gov/catalog/item/61054802d34ef8d705646d2c,https://rockyweb.usgs.gov/vdelivery/Datasets/Staged/Elevation/LPC/Projects/AZ_CochiseCounty_2020_B20/AZ_CochiseCounty_1_2020/LAZ/USGS_LPC_AZ_CochiseCounty_2020_B20_12R_WA_1426.laz
US-xSR,AZ_CochiseCounty_2020_B20,12R_WA_1427,USGS Lidar Point Cloud AZ_CochiseCounty_2020_B20 12R_WA_1427,LAZ,2020-09-15,2020-10-20,2021-07-29,226249542,-110.85197642160139,31.878685609885917,-110.84138789381088,31.887720299917863,610545ecd34ef8d705646156,https://www.sciencebase.gov/catalog/item/610545ecd34ef8d705646156,https://rockyweb.usgs.gov/vdelivery/Datasets/Staged/Elevation/LPC/Projects/AZ_CochiseCounty_2020_B20/AZ_CochiseCounty_1_2020/LAZ/USGS_LPC_AZ_CochiseCounty_2020_B20_12R_WA_1427.laz
US-xSR,AZ_CochiseCounty_2020_B20,12R_WA_1428,USGS Lidar Point Cloud AZ_CochiseCounty_2020_B20 12R_WA_1428,LAZ,2020-09-15,2020-10-20,2021-07-29,212144976,-110.85196199237835,31.88770755525222,-110.84137242701482,31.896742236910196,610549c1d34ef8d705647a66,https://www.sciencebase.gov/catalog/item/610549c1d34ef8d705647a66,https://rockyweb.usgs.gov/vdelivery/Datasets/Staged/Elevation/LPC/Projects/AZ_CochiseCounty_2020_B20/AZ_CochiseCounty_1_2020/LAZ/USGS_LPC_AZ_CochiseCounty_2020_B20_12R_WA_1428.laz
US-xSR,AZ_CochiseCounty_2020_B20,12R_WA_1429,USGS Lidar Point Cloud AZ_CochiseCounty_2020_B20 12R_WA_1429,LAZ,2020-09-15,2020-10-20,2021-07-29,468296421,-110.85194755668842,31.896729487790957,-110.8413569532872,31.905764161073847,6105470bd34ef8d7056466c2,https://www.sciencebase.gov/catalog/item/6105470bd34ef8d7056466c2,https://rockyweb.usgs.gov/vdelivery/Datasets/Staged/Elevation/LPC/Projects/AZ_CochiseCounty_2020_B20/AZ_CochiseCounty_1_2020/LAZ/USGS_LPC_AZ_CochiseCounty_2020_B20_12R_WA_1429.laz
US-xSR,AZ_CochiseCounty_2020_B20,12R_WA_1430,USGS Lidar Point Cloud AZ_CochiseCounty_2020_B20 12R_WA_1430,LAZ,2020-09-15,2020-10-20,2021-07-29,21125911,-110.85193311452903,31.905751407500176,-110.84135631353145,31.906125876313638,61054973d34ef8d70564783e,https://www.sciencebase.gov/catalog/item/61054973d34ef8d70564783e,https://rockyweb.usgs.gov/vdelivery/Datasets/Staged/Elevation/LPC/Projects/AZ_CochiseCounty_2020_B20/AZ_CochiseCounty_1_2020/LAZ/USGS_LPC_AZ_CochiseCounty_2020_B20_12R_WA_1430.laz
US-xSR,AZ_CochiseCounty_2020_B20,12R_WA_1525,USGS Lidar Point Cloud AZ_CochiseCounty_2020_B20 12R_WA_1525,LAZ,2020-09-15,2020-10-20,2021-07-29,195353613,-110.8414342420511,31.860628061714145,-110.83084677578753,31.86966364265888,61054795d34ef8d705646a4c,https://www.sciencebase.gov/catalog/item/61054795d34ef8d705646a4c,https://rockyweb.usgs.gov/vdelivery/Datasets/Staged/Elevation/LPC/Projects/AZ_CochiseCounty_2020_B20/AZ_CochiseCounty_1_2020/LAZ/USGS_LPC_AZ_CochiseCounty_2020_B20_12R_WA_1525.laz
US-xSR,AZ_CochiseCounty_2020_B20,12R_WA_1526,USGS Lidar Point Cloud AZ_CochiseCounty_2020_B20 12R_WA_1526,LAZ,2020-09-15,2020-10-20,2021-07-29,186939497,-110.84141879603199,31.86965002797166,-110.8308302926665,31.878685600850783,610546abd34ef8d7056464d4,https://www.sciencebase.gov/catalog/item/610546abd34ef8d7056464d4,https://rockyweb.usgs.gov/vdelivery/Datasets/Staged/Elevation/LPC/Projects/AZ_CochiseCounty_2020_B20/AZ_CochiseCounty_1_2020/LAZ/USGS_LPC_AZ_CochiseCounty_2020_B20_12R_WA_1526.laz
US-xSR,AZ_CochiseCounty_2020_B20,12R_WA_1527,USGS Lidar Point Cloud AZ_CochiseCounty_2020_B20 12R_WA_1527,LAZ,2020-09-15,2020-10-20,2021-07-29,193009999,-110.84140334308964,31.87867198140466,-110.83081380215775,31.887707546217086,61054760d34ef8d7056468b8,https://www.sciencebase.gov/catalog/item/61054760d34ef8d7056468b8,https://rockyweb.usgs.gov/vdelivery/Datasets/Staged/Elevation/LPC/Projects/AZ_CochiseCounty_2020_B20/AZ_CochiseCounty_1_2020/LAZ/USGS_LPC_AZ_CochiseCounty_2020_B20_12R_WA_1527.laz
US-xSR,AZ_CochiseCounty_2020_B20,12R_WA_1528,USGS Lidar Point Cloud AZ_CochiseCounty_2020_B20 12R_WA_1528,LAZ,2020-09-15,2020-10-20,2021-07-29,181227586,-110.8413878832213,31.887693922011163,-110.83079730425833,31.896729478755834,61054840d34ef8d705646ea0,https://www.sciencebase.gov/catalog/item/61054840d34ef8d705646ea0,https://rockyweb.usgs.gov/vdelivery/Datasets/Staged/Elevation/LPC/Projects/AZ_CochiseCounty_2020_B20/AZ_CochiseCounty_1_2020/LAZ/USGS_LPC_AZ_CochiseCounty_2020_B20_12R_WA_1528.laz
US-xSR,AZ_CochiseCounty_2020_B20,12R_WA_1529,USGS Lidar Point Cloud AZ_CochiseCounty_2020_B20 12R_WA_1529,LAZ,2020-09-15,2020-10-20,2021-07-29,503658747,-110.84137241642422,31.896715849789192,-110.83078079896524,31.905751398465068,6105495ed34ef8d705647796,https://www.sciencebase.gov/catalog/item/6105495ed34ef8d705647796,https://rockyweb.usgs.gov/vdelivery/Datasets/Staged/Elevation/LPC/Projects/AZ_CochiseCounty_2020_B20/AZ_CochiseCounty_1_2020/LAZ/USGS_LPC_AZ_CochiseCounty_2020_B20_12R_WA_1529.laz
US-xSR,AZ_CochiseCounty_2020_B20,12R_WA_1530,USGS Lidar Point Cloud AZ_CochiseCounty_2020_B20 12R_WA_1530,LAZ,2020-09-15,2020-10-20,2021-07-29,24023603,-110.84135694269555,31.905737764736784,-110.8307800706639,31.906137900786536,610545ced34ef8d7056460d0,https://www.sciencebase.gov/catalog/item/610545ced34ef8d7056460d0,https://rockyweb.usgs.gov/vdelivery/Datasets/Staged/Elevation/LPC/Projects/AZ_CochiseCounty_2020_B20/AZ_CochiseCounty_1_2020/LAZ/USGS_LPC_AZ_CochiseCounty_2020_B20_12R_WA_1530.laz
US-xSR,AZ_CochiseCounty_2020_B20,12R_WA_1625,USGS Lidar Point Cloud AZ_CochiseCounty_2020_B20 12R_WA_1625,LAZ,2020-09-15,2020-10-20,2021-07-29,217686321,-110.83086324093634,31.860613564104483,-110.82027474176832,31.869650018935634,6105475dd34ef8d7056468a8,https://www.sciencebase.gov/catalog/item/6105475dd34ef8d7056468a8,https://rockyweb.usgs.gov/vdelivery/Datasets/Staged/Elevation/LPC/Projects/AZ_CochiseCounty_2020_B20/AZ_CochiseCounty_1_2020/LAZ/USGS_LPC_AZ_CochiseCounty_2020_B20_12R_WA_1625.laz
US-xSR,AZ_CochiseCounty_2020_B20,12R_WA_1626,USGS Lidar Point Cloud AZ_CochiseCounty_2020_B20 12R_WA_1626,LAZ,2020-09-15,2020-10-20,2021-07-29,209979879,-110.83084676519903,31.86963552529705,-110.82025722846947,31.878671972368647,610547f2d34ef8d705646cc0,https://www.sciencebase.gov/catalog/item/610547f2d34ef8d705646cc0,https://rockyweb.usgs.gov/vdelivery/Datasets/Staged/Elevation/LPC/Projects/AZ_CochiseCounty_2020_B20/AZ_CochiseCounty_1_2020/LAZ/USGS_LPC_AZ_CochiseCounty_2020_B20_12R_WA_1626.laz
US-xSR,AZ_CochiseCounty_2020_B20,12R_WA_1627,USGS Lidar Point Cloud AZ_CochiseCounty_2020_B20 12R_WA_1627,LAZ,2020-09-15,2020-10-20,2021-07-29,205013422,-110.83083028207695,31.878657473664138,-110.82023970732119,31.887693912975156,610546a6d34ef8d7056464b4,https://www.sciencebase.gov/catalog/item/610546a6d34ef8d7056464b4,https://rockyweb.usgs.gov/vdelivery/Datasets/Staged/Elevation/LPC/Projects/AZ_CochiseCounty_2020_B20/AZ_CochiseCounty_1_2020/LAZ/USGS_LPC_AZ_CochiseCounty_2020_B20_12R_WA_1627.laz
US-xSR,AZ_CochiseCounty_2020_B20,12R_WA_1628,USGS Lidar Point Cloud AZ_CochiseCounty_2020_B20 12R_WA_1628,LAZ,2020-09-15,2020-10-20,2021-07-29,193405649,-110.83081379156715,31.887679409203756,-110.82022217832034,31.896715840753192,6105494bd34ef8d7056476fc,https://www.sciencebase.gov/catalog/item/6105494bd34ef8d7056476fc,https://rockyweb.usgs.gov/vdelivery/Datasets/Staged/Elevation/LPC/Projects/AZ_CochiseCounty_2020_B20/AZ_CochiseCounty_1_2020/LAZ/USGS_LPC_AZ_CochiseCounty_2020_B20_12R_WA_1628.laz
US-xSR,AZ_CochiseCounty_2020_B20,12R_WA_1629,USGS Lidar Point Cloud AZ_CochiseCounty_2020_B20 12R_WA_1629,LAZ,2020-09-15,2020-10-20,2021-07-29,524743955,-110.83079729366669,31.896701331913935,-110.82020464146373,31.90573775570079,610547e7d34ef8d705646c64,https://www.sciencebase.gov/catalog/item/610547e7d34ef8d705646c64,https://rockyweb.usgs.gov/vdelivery/Datasets/Staged/Elevation/LPC/Projects/AZ_CochiseCounty_2020_B20/AZ_CochiseCounty_1_2020/LAZ/USGS_LPC_AZ_CochiseCounty_2020_B20_12R_WA_1629.laz
US-xSR,AZ_CochiseCounty_2020_B20,12R_WA_1630,USGS Lidar Point Cloud AZ_CochiseCounty_2020_B20 12R_WA_1630,LAZ,2020-09-15,2020-10-20,2021-07-29,25718719,-110.83078078837256,31.905723241792703,-110.82020381837125,31.906148820371364,61054951d34ef8d705647734,https://www.sciencebase.gov/catalog/item/61054951d34ef8d705647734,https://rockyweb.usgs.gov/vdelivery/Datasets/Staged/Elevation/LPC/Projects/AZ_CochiseCounty_2020_B20/AZ_CochiseCounty_1_2020/LAZ/USGS_LPC_AZ_CochiseCounty_2020_B20_12R_WA_1630.laz
US-xSR,AZ_CochiseCounty_2020_B20,12R_WA_1725,USGS Lidar Point Cloud AZ_CochiseCounty_2020_B20 12R_WA_1725,LAZ,2020-09-15,2020-10-20,2021-07-29,191777353,-110.82029223663237,31.860598187864905,-110.80970271559536,31.86963551626015,6105493cd34ef8d705647680,https://www.sciencebase.gov/catalog/item/6105493cd34ef8d705647680,https://rockyweb.usgs.gov/vdelivery/Datasets/Staged/Elevation/LPC/Projects/AZ_CochiseCounty_2020_B20/AZ_CochiseCounty_1_2020/LAZ/USGS_LPC_AZ_CochiseCounty_2020_B20_12R_WA_1725.laz
US-xSR,AZ_CochiseCounty_2020_B20,12R_WA_1726,USGS Lidar Point Cloud AZ_CochiseCounty_2020_B20 12R_WA_1726,LAZ,2020-09-15,2020-10-20,2021-07-29,203210658,-110.82027473117877,31.869620143685577,-110.80968417212188,31.87865746462725,610548f6d34ef8d705647486,https://www.sciencebase.gov/catalog/item/610548f6d34ef8d705647486,https://rockyweb.usgs.gov/vdelivery/Datasets/Staged/Elevation/LPC/Projects/AZ_CochiseCounty_2020_B20/AZ_CochiseCounty_1_2020/LAZ/USGS_LPC_AZ_CochiseCounty_2020_B20_12R_WA_1726.laz
US-xSR,AZ_CochiseCounty_2020_B20,12R_WA_1727,USGS Lidar Point Cloud AZ_CochiseCounty_2020_B20 12R_WA_1727,LAZ,2020-09-15,2020-10-20,2021-07-29,193326768,-110.8202572178789,31.87864208667972,-110.80966562033723,31.88767940016687,61054909d34ef8d70564751a,https://www.sciencebase.gov/catalog/item/61054909d34ef8d70564751a,https://rockyweb.usgs.gov/vdelivery/Datasets/Staged/Elevation/LPC/Projects/AZ_CochiseCounty_2020_B20/AZ_CochiseCounty_1_2020/LAZ/USGS_LPC_AZ_CochiseCounty_2020_B20_12R_WA_1727.laz
US-xSR,AZ_CochiseCounty_2020_B20,12R_WA_1728,USGS Lidar Point Cloud AZ_CochiseCounty_2020_B20 12R_WA_1728,LAZ,2020-09-15,2020-10-20,2021-07-29,175880438,-110.82023969672957,31.887664016845367,-110.80964706023808,31.896701322877057,61054960d34ef8d7056477a4,https://www.sciencebase.gov/catalog/item/61054960d34ef8d7056477a4,https://rockyweb.usgs.gov/vdelivery/Datasets/Staged/Elevation/LPC/Projects/AZ_CochiseCounty_2020_B20/AZ_CochiseCounty_1_2020/LAZ/USGS_LPC_AZ_CochiseCounty_2020_B20_12R_WA_1728.laz
US-xSR,AZ_CochiseCounty_2020_B20,12R_WA_1729,USGS Lidar Point Cloud AZ_CochiseCounty_2020_B20 12R_WA_1729,LAZ,2020-09-15,2020-10-20,2021-07-29,483456615,-110.82022216772766,31.896685934180557,-110.80962849182112,31.905723232755843,6105476ad34ef8d705646906,https://www.sciencebase.gov/catalog/item/6105476ad34ef8d705646906,https://rockyweb.usgs.gov/vdelivery/Datasets/Staged/Elevation/LPC/Projects/AZ_CochiseCounty_2020_B20/AZ_CochiseCounty_1_2020/LAZ/USGS_LPC_AZ_CochiseCounty_2020_B20_12R_WA_1729.laz
US-xSR,AZ_CochiseCounty_2020_B20,12R_WA_1730,USGS Lidar Point Cloud AZ_CochiseCounty_2020_B20 12R_WA_1730,LAZ,2020-09-15,2020-10-20,2021-07-29,24666707,-110.82020463087004,31.905707838683327,-110.80962756836372,31.906158510943413,6105489ed34ef8d7056471b2,https://www.sciencebase.gov/catalog/item/6105489ed34ef8d7056471b2,https://rockyweb.usgs.gov/vdelivery/Datasets/Staged/Elevation/LPC/Projects/AZ_CochiseCounty_2020_B20/AZ_CochiseCounty_1_2020/LAZ/USGS_LPC_AZ_CochiseCounty_2020_B20_12R_WA_1730.laz
US-xSR,AZ_CochiseCounty_2020_B20,12R_WA_1825,USGS Lidar Point Cloud AZ_CochiseCounty_2020_B20 12R_WA_1825,LAZ,2020-09-15,2020-10-20,2021-07-29,183156774,-110.80972124017153,31.860581932997736,-110.79913069773025,31.86962013464779,6105474ed34ef8d70564684e,https://www.sciencebase.gov/catalog/item/6105474ed34ef8d70564684e,https://rockyweb.usgs.gov/vdelivery/Datasets/Staged/Elevation/LPC/Projects/AZ_CochiseCounty_2020_B20/AZ_CochiseCounty_1_2020/LAZ/USGS_LPC_AZ_CochiseCounty_2020_B20_12R_WA_1825.laz
US-xSR,AZ_CochiseCounty_2020_B20,12R_WA_1826,USGS Lidar Point Cloud AZ_CochiseCounty_2020_B20 12R_WA_1826,LAZ,2020-09-15,2020-10-20,2021-07-29,189869179,-110.80970270500481,31.86960388313954,-110.79911112408543,31.878642077641956,610588b1d34ef8d705648a62,https://www.sciencebase.gov/catalog/item/610588b1d34ef8d705648a62,https://rockyweb.usgs.gov/vdelivery/Datasets/Staged/Elevation/LPC/Projects/AZ_CochiseCounty_2020_B20/AZ_CochiseCounty_1_2020/LAZ/USGS_LPC_AZ_CochiseCounty_2020_B20_12R_WA_1826.laz
US-xSR,AZ_CochiseCounty_2020_B20,12R_WA_1827,USGS Lidar Point Cloud AZ_CochiseCounty_2020_B20 12R_WA_1827,LAZ,2020-09-15,2020-10-20,2021-07-29,189473449,-110.80968416153027,31.87862582045374,-110.79909154166775,31.88766400780762,61054701d34ef8d705646674,https://www.sciencebase.gov/catalog/item/61054701d34ef8d705646674,https://rockyweb.usgs.gov/vdelivery/Datasets/Staged/Elevation/LPC/Projects/AZ_CochiseCounty_2020_B20/AZ_CochiseCounty_1_2020/LAZ/USGS_LPC_AZ_CochiseCounty_2020_B20_12R_WA_1827.laz
US-xSR,AZ_CochiseCounty_2020_B20,12R_WA_1828,USGS Lidar Point Cloud AZ_CochiseCounty_2020_B20 12R_WA_1828,LAZ,2020-09-15,2020-10-20,2021-07-29,186142172,-110.80966560974458,31.887647744938356,-110.79907195047367,31.89668592514282,610547a5d34ef8d705646ab0,https://www.sciencebase.gov/catalog/item/610547a5d34ef8d705646ab0,https://rockyweb.usgs.gov/vdelivery/Datasets/Staged/Elevation/LPC/Projects/AZ_CochiseCounty_2020_B20/AZ_CochiseCounty_1_2020/LAZ/USGS_LPC_AZ_CochiseCounty_2020_B20_12R_WA_1828.laz
US-xSR,AZ_CochiseCounty_2020_B20,12R_WA_1829,USGS Lidar Point Cloud AZ_CochiseCounty_2020_B20 12R_WA_1829,LAZ,2020-09-15,2020-10-20,2021-07-29,426156188,-110.80964704964441,31.896669656591428,-110.79905235049968,31.905707829645593,61054633d34ef8d70564629a,https://www.sciencebase.gov/catalog/item/61054633d34ef8d70564629a,https://rockyweb.usgs.gov/vdelivery/Datasets/Staged/Elevation/LPC/Projects/AZ_CochiseCounty_2020_B20/AZ_CochiseCounty_1_2020/LAZ/USGS_LPC_AZ_CochiseCounty_2020_B20_12R_WA_1829.laz
US-xSR,AZ_CochiseCounty_2020_B20,12R_WA_1830,USGS Lidar Point Cloud AZ_CochiseCounty_2020_B20 12R_WA_1830,LAZ,2020-09-15,2020-10-20,2021-07-29,24947058,-110.8096284812264,31.90569155541098,-110.79905132096432,31.90616831592024,61054737d34ef8d7056467c8,https://www.sciencebase.gov/catalog/item/61054737d34ef8d7056467c8,https://rockyweb.usgs.gov/vdelivery/Datasets/Staged/Elevation/LPC/Projects/AZ_CochiseCounty_2020_B20/AZ_CochiseCounty_1_2020/LAZ/USGS_LPC_AZ_CochiseCounty_2020_B20_12R_WA_1830.laz
US-xSR,AZ_CochiseCounty_2020_B20,12R_WA_1925,USGS Lidar Point Cloud AZ_CochiseCounty_2020_B20 12R_WA_1925,LAZ,2020-09-15,2020-10-20,2021-07-29,214429702,-110.79915025201517,31.86056479950543,-110.78855868863447,31.869603874100886,6105493dd34ef8d70564768a,https://www.sciencebase.gov/catalog/item/6105493dd34ef8d70564768a,https://rockyweb.usgs.gov/vdelivery/Datasets/Staged/Elevation/LPC/Projects/AZ_CochiseCounty_2020_B20/AZ_CochiseCounty_1_2020/LAZ/USGS_LPC_AZ_CochiseCounty_2020_B20_12R_WA_1925.laz
US-xSR,AZ_CochiseCounty_2020_B20,12R_WA_1926,USGS Lidar Point Cloud AZ_CochiseCounty_2020_B20 12R_WA_1926,LAZ,2020-09-15,2020-10-20,2021-07-29,208347727,-110.79913068713866,31.869586743661397,-110.78853808482185,31.878625811415098,6105461fd34ef8d705646240,https://www.sciencebase.gov/catalog/item/6105461fd34ef8d705646240,https://rockyweb.usgs.gov/vdelivery/Datasets/Staged/Elevation/LPC/Projects/AZ_CochiseCounty_2020_B20/AZ_CochiseCounty_1_2020/LAZ/USGS_LPC_AZ_CochiseCounty_2020_B20_12R_WA_1926.laz
US-xSR,AZ_CochiseCounty_2020_B20,12R_WA_1927,USGS Lidar Point Cloud AZ_CochiseCounty_2020_B20 12R_WA_1927,LAZ,2020-09-15,2020-10-20,2021-07-29,196910967,-110.79911111349281,31.87860867498863,-110.78851747177465,31.88764773589971,610547fdd34ef8d705646d0a,https://www.sciencebase.gov/catalog/item/610547fdd34ef8d705646d0a,https://rockyweb.usgs.gov/vdelivery/Datasets/Staged/Elevation/LPC/Projects/AZ_CochiseCounty_2020_B20/AZ_CochiseCounty_1_2020/LAZ/USGS_LPC_AZ_CochiseCounty_2020_B20_12R_WA_1927.laz
US-xSR,AZ_CochiseCounty_2020_B20,12R_WA_1928,USGS Lidar Point Cloud AZ_CochiseCounty_2020_B20 12R_WA_1928,LAZ,2020-09-15,2020-10-20,2021-07-29,202427458,-110.79909153107408,31.88763059348514,-110.78849684948916,31.896669647552798,61054594d34ef8d705645fc0,https://www.sciencebase.gov/catalog/item/61054594d34ef8d705645fc0,https://rockyweb.usgs.gov/vdelivery/Datasets/Staged/Elevation/LPC/Projects/AZ_CochiseCounty_2020_B20/AZ_CochiseCounty_1_2020/LAZ/USGS_LPC_AZ_CochiseCounty_2020_B20_12R_WA_1928.laz
US-xSR,AZ_CochiseCounty_2020_B20,12R_WA_1929,USGS Lidar Point Cloud AZ_CochiseCounty_2020_B20 12R_WA_1929,LAZ,2020-09-15,2020-10-20,2021-07-29,355469699,-110.79907193987896,31.896652499148953,-110.78847621796167,31.905691546372363,610548ddd34ef8d7056473b8,https://www.sciencebase.gov/catalog/item/610548ddd34ef8d7056473b8,https://rockyweb.usgs.gov/vdelivery/Datasets/Staged/Elevation/LPC/Projects/AZ_CochiseCounty_2020_B20/AZ_CochiseCounty_1_2020/LAZ/USGS_LPC_AZ_CochiseCounty_2020_B20_12R_WA_1929.laz
US-xSR,AZ_CochiseCounty_2020_B20,12R_WA_1930,USGS Lidar Point Cloud AZ_CochiseCounty_2020_B20 12R_WA_1930,LAZ,2020-09-15,2020-10-20,2021-07-29,23299271,-110.79905233990394,31.905674391978103,-110.78847507635574,31.906175715491987,6105494ad34ef8d7056476f2,https://www.sciencebase.gov/catalog/item/6105494ad34ef8d7056476f2,https://rockyweb.usgs.gov/vdelivery/Datasets/Staged/Elevation/LPC/Projects/AZ_CochiseCounty_2020_B20/AZ_CochiseCounty_1_2020/LAZ/USGS_LPC_AZ_CochiseCounty_2020_B20_12R_WA_1930.laz
US-xSR,AZ_CochiseCounty_2020_B20,12R_WA_2025,USGS Lidar Point Cloud AZ_CochiseCounty_2020_B20 12R_WA_2025,LAZ,2020-09-15,2020-10-20,2021-07-29,200933679,-110.78857927262463,31.86054678739059,-110.77798668876956,31.869586734621887,61054971d34ef8d705647832,https://www.sciencebase.gov/catalog/item/61054971d34ef8d705647832,https://rockyweb.usgs.gov/vdelivery/Datasets/Staged/Elevation/LPC/Projects/AZ_CochiseCounty_2020_B20/AZ_CochiseCounty_1_2020/LAZ/USGS_LPC_AZ_CochiseCounty_2020_B20_12R_WA_2025.laz
US-xSR,AZ_CochiseCounty_2020_B20,12R_WA_2026,USGS Lidar Point Cloud AZ_CochiseCounty_2020_B20 12R_WA_2026,LAZ,2020-09-15,2020-10-20,2021-07-29,173657049,-110.78855867804187,31.86956872525377,-110.77796505479286,31.87860866594913,61054597d34ef8d705645fd4,https://www.sciencebase.gov/catalog/item/61054597d34ef8d705645fd4,https://rockyweb.usgs.gov/vdelivery/Datasets/Staged/Elevation/LPC/Projects/AZ_CochiseCounty_2020_B20/AZ_CochiseCounty_1_2020/LAZ/USGS_LPC_AZ_CochiseCounty_2020_B20_12R_WA_2026.laz
US-xSR,AZ_CochiseCounty_2020_B20,12R_WA_2027,USGS Lidar Point Cloud AZ_CochiseCounty_2020_B20 12R_WA_2027,LAZ,2020-09-15,2020-10-20,2021-07-29,171781386,-110.78853807422821,31.878590650287016,-110.77794341111986,31.887630584445635,610546dad34ef8d7056465be,https://www.sciencebase.gov/catalog/item/610546dad34ef8d7056465be,https://rockyweb.usgs.gov/vdelivery/Datasets/Staged/Elevation/LPC/Projects/AZ_CochiseCounty_2020_B20/AZ_CochiseCounty_1_2020/LAZ/USGS_LPC_AZ_CochiseCounty_2020_B20_12R_WA_2027.laz
US-xSR,AZ_CochiseCounty_2020_B20,12R_WA_2028,USGS Lidar Point Cloud AZ_CochiseCounty_2020_B20 12R_WA_2028,LAZ,2020-09-15,2020-10-20,2021-07-29,175996450,-110.78851746117998,31.887612562488325,-110.77792175774667,31.896652490109457,6105497ad34ef8d705647862,https://www.sciencebase.gov/catalog/item/6105497ad34ef8d705647862,https://rockyweb.usgs.gov/vdelivery/Datasets/Staged/Elevation/LPC/Projects/AZ_CochiseCounty_2020_B20/AZ_CochiseCounty_1_2020/LAZ/USGS_LPC_AZ_CochiseCounty_2020_B20_12R_WA_2028.laz
US-xSR,AZ_CochiseCounty_2020_B20,12R_WA_2029,USGS Lidar Point Cloud AZ_CochiseCounty_2020_B20 12R_WA_2029,LAZ,2020-09-15,2020-10-20,2021-07-29,330395738,-110.78849683889344,31.896634461855754,-110.77790009466939,31.905674382938617,61054900d34ef8d7056474d8,https://www.sciencebase.gov/catalog/item/61054900d34ef8d7056474d8,https://rockyweb.usgs.gov/vdelivery/Datasets/Staged/Elevation/LPC/Projects/AZ_CochiseCounty_2020_B20/AZ_CochiseCounty_1_2020/LAZ/USGS_LPC_AZ_CochiseCounty_2020_B20_12R_WA_2029.laz
US-xSR,AZ_CochiseCounty_2020_B20,12R_WA_2030,USGS Lidar Point Cloud AZ_CochiseCounty_2020_B20 12R_WA_2030,LAZ,2020-09-15,2020-10-20,2021-07-29,20138341,-110.78847620736492,31.9056563484058,-110.77789884625741,31.906183662706475,610549a5d34ef8d70564797e,https://www.sciencebase.gov/catalog/item/610549a5d34ef8d70564797e,https://rockyweb.usgs.gov/vdelivery/Datasets/Staged/Elevation/LPC/Projects/AZ_CochiseCounty_2020_B20/AZ_CochiseCounty_1_2020/LAZ/USGS_LPC_AZ_CochiseCounty_2020_B20_12R_WA_2030.laz
US-xSR,AZ_PimaCounty_2021_B21,510528,USGS Lidar Point Cloud AZ_PimaCounty_2021_B21 510528,LAZ,2021-09-27,2021-11-17,2023-03-24,22857588,-110.8914324,31.89915983,-110.8808516,31.90332301,643961add34ee8d4ade1d217,https://www.sciencebase.gov/catalog/item/643961add34ee8d4ade1d217,https://rockyweb.usgs.gov/vdelivery/Datasets/Staged/Elevation/LPC/Projects/AZ_PimaCounty_2021_B21/AZ_PimaCo_2_2021/LAZ/USGS_LPC_AZ_PimaCounty_2021_B21_510528.laz
US-xSR,AZ_PimaCounty_2021_B21,510529,USGS Lidar Point Cloud AZ_PimaCounty_2021_B21 510529,LAZ,2021-09-27,2021-11-17,2023-03-24,47118493,-110.8914275,31.90331353,-110.88084,31.91234484,643961efd34ee8d4ade1d4ed,https://www.sciencebase.gov/catalog/item/643961efd34ee8d4ade1d4ed,https://rockyweb.usgs.gov/vdelivery/Datasets/Staged/Elevation/LPC/Projects/AZ_PimaCounty_2021_B21/AZ_PimaCo_2_2021/LAZ/USGS_LPC_AZ_PimaCounty_2021_B21_510529.laz
US-xSR,AZ_PimaCounty_2021_B21,510530,USGS Lidar Point Cloud AZ_PimaCounty_2021_B21 510530,LAZ,2021-09-27,2021-11-17,2023-03-24,52152092,-110.8914168,31.91233546,-110.8808284,31.92136676,643963a0d34ee8d4ade1e20e,https://www.sciencebase.gov/catalog/item/643963a0d34ee8d4ade1e20e,https://rockyweb.usgs.gov/vdelivery/Datasets/Staged/Elevation/LPC/Projects/AZ_PimaCounty_2021_B21/AZ_PimaCo_2_2021/LAZ/USGS_LPC_AZ_PimaCounty_2021_B21_510530.laz
US-xSR,AZ_PimaCounty_2021_B21,510531,USGS Lidar Point Cloud AZ_PimaCounty_2021_B21 510531,LAZ,2021-09-27,2021-11-17,2023-03-24,51949034,-110.8914063,31.92135737,-110.8808167,31.93038875,64395ba4d34ee8d4ade19cb2,https://www.sciencebase.gov/catalog/item/64395ba4d34ee8d4ade19cb2,https://rockyweb.usgs.gov/vdelivery/Datasets/Staged/Elevation/LPC/Projects/AZ_PimaCounty_2021_B21/AZ_PimaCo_2_2021/LAZ/USGS_LPC_AZ_PimaCounty_2021_B21_510531.laz
US-xSR,AZ_PimaCounty_2021_B21,510532,USGS Lidar Point Cloud AZ_PimaCounty_2021_B21 510532,LAZ,2021-09-27,2021-11-17,2023-03-24,54103533,-110.8913957,31.93037927,-110.8808051,31.93941064,64395be7d34ee8d4ade19eb4,https://www.sciencebase.gov/catalog/item/64395be7d34ee8d4ade19eb4,https://rockyweb.usgs.gov/vdelivery/Datasets/Staged/Elevation/LPC/Projects/AZ_PimaCounty_2021_B21/AZ_PimaCo_2_2021/LAZ/USGS_LPC_AZ_PimaCounty_2021_B21_510532.laz
US-xSR,AZ_PimaCounty_2021_B21,510533,USGS Lidar Point Cloud AZ_PimaCounty_2021_B21 510533,LAZ,2021-09-27,2021-11-17,2023-03-24,60682719,-110.8913851,31.93940125,-110.8807934,31.94843243,643963e9d34ee8d4ade1e402,https://www.sciencebase.gov/catalog/item/643963e9d34ee8d4ade1e402,https://rockyweb.usgs.gov/vdelivery/Datasets/Staged/Elevation/LPC/Projects/AZ_PimaCounty_2021_B21/AZ_PimaCo_2_2021/LAZ/USGS_LPC_AZ_PimaCounty_2021_B21_510533.laz
US-xSR,AZ_PimaCounty_2021_B21,510534,USGS Lidar Point Cloud AZ_PimaCounty_2021_B21 510534,LAZ,2021-09-27,2021-11-17,2023-03-24,50629380,-110.8913745,31.94842303,-110.8807819,31.95745439,64395de3d34ee8d4ade1acfb,https://www.sciencebase.gov/catalog/item/64395de3d34ee8d4ade1acfb,https://rockyweb.usgs.gov/vdelivery/Datasets/Staged/Elevation/LPC/Projects/AZ_PimaCounty_2021_B21/AZ_PimaCo_2_2021/LAZ/USGS_LPC_AZ_PimaCounty_2021_B21_510534.laz
US-xSR,AZ_PimaCounty_2021_B21,511528,USGS Lidar Point Cloud AZ_PimaCounty_2021_B21 511528,LAZ,2021-09-27,2021-11-17,2023-03-24,26121877,-110.8808569,31.8991447,-110.8702757,31.90331353,643960f7d34ee8d4ade1cbc9,https://www.sciencebase.gov/catalog/item/643960f7d34ee8d4ade1cbc9,https://rockyweb.usgs.gov/vdelivery/Datasets/Staged/Elevation/LPC/Projects/AZ_PimaCounty_2021_B21/AZ_PimaCo_2_2021/LAZ/USGS_LPC_AZ_PimaCounty_2021_B21_511528.laz
US-xSR,AZ_PimaCounty_2021_B21,511529,USGS Lidar Point Cloud AZ_PimaCounty_2021_B21 511529,LAZ,2021-09-27,2021-11-17,2023-03-24,55159507,-110.8808516,31.90330318,-110.870263,31.91233537,64395cf6d34ee8d4ade1a5d0,https://www.sciencebase.gov/catalog/item/64395cf6d34ee8d4ade1a5d0,https://rockyweb.usgs.gov/vdelivery/Datasets/Staged/Elevation/LPC/Projects/AZ_PimaCounty_2021_B21/AZ_PimaCo_2_2021/LAZ/USGS_LPC_AZ_PimaCounty_2021_B21_511529.laz
US-xSR,AZ_PimaCounty_2021_B21,511530,USGS Lidar Point Cloud AZ_PimaCounty_2021_B21 511530,LAZ,2021-09-27,2021-11-17,2023-03-24,45161552,-110.88084,31.9123251,-110.8702505,31.92135728,6439636dd34ee8d4ade1e090,https://www.sciencebase.gov/catalog/item/6439636dd34ee8d4ade1e090,https://rockyweb.usgs.gov/vdelivery/Datasets/Staged/Elevation/LPC/Projects/AZ_PimaCounty_2021_B21/AZ_PimaCo_2_2021/LAZ/USGS_LPC_AZ_PimaCounty_2021_B21_511530.laz
US-xSR,AZ_PimaCounty_2021_B21,511531,USGS Lidar Point Cloud AZ_PimaCounty_2021_B21 511531,LAZ,2021-09-27,2021-11-17,2023-03-24,54835299,-110.8808284,31.92134701,-110.8702378,31.93037927,64395bd7d34ee8d4ade19e0e,https://www.sciencebase.gov/catalog/item/64395bd7d34ee8d4ade19e0e,https://rockyweb.usgs.gov/vdelivery/Datasets/Staged/Elevation/LPC/Projects/AZ_PimaCounty_2021_B21/AZ_PimaCo_2_2021/LAZ/USGS_LPC_AZ_PimaCounty_2021_B21_511531.laz
US-xSR,AZ_PimaCounty_2021_B21,511532,USGS Lidar Point Cloud AZ_PimaCounty_2021_B21 511532,LAZ,2021-09-27,2021-11-17,2023-03-24,60348755,-110.8808167,31.9303689,-110.8702251,31.93940107,64395e42d34ee8d4ade1afa5,https://www.sciencebase.gov/catalog/item/64395e42d34ee8d4ade1afa5,https://rockyweb.usgs.gov/vdelivery/Datasets/Staged/Elevation/LPC/Projects/AZ_PimaCounty_2021_B21/AZ_PimaCo_2_2021/LAZ/USGS_LPC_AZ_PimaCounty_2021_B21_511532.laz
US-xSR,AZ_PimaCounty_2021_B21,511533,USGS Lidar Point Cloud AZ_PimaCounty_2021_B21 511533,LAZ,2021-09-27,2021-11-17,2023-03-24,58188824,-110.8808051,31.93939079,-110.8702125,31.94842294,64395dded34ee8d4ade1accb,https://www.sciencebase.gov/catalog/item/64395dded34ee8d4ade1accb,https://rockyweb.usgs.gov/vdelivery/Datasets/Staged/Elevation/LPC/Projects/AZ_PimaCounty_2021_B21/AZ_PimaCo_2_2021/LAZ/USGS_LPC_AZ_PimaCounty_2021_B21_511533.laz
US-xSR,AZ_PimaCounty_2021_B21,511534,USGS Lidar Point Cloud AZ_PimaCounty_2021_B21 511534,LAZ,2021-09-27,2021-11-17,2023-03-24,47112917,-110.8807934,31.94841266,-110.8701997,31.95744489,6439641cd34ee8d4ade1e57e,https://www.sciencebase.gov/catalog/item/6439641cd34ee8d4ade1e57e,https://rockyweb.usgs.gov/vdelivery/Datasets/Staged/Elevation/LPC/Projects/AZ_PimaCounty_2021_B21/AZ_PimaCo_2_2021/LAZ/USGS_LPC_AZ_PimaCounty_2021_B21_511534.laz
US-xSR,AZ_PimaCounty_2021_B21,512528,USGS Lidar Point Cloud AZ_PimaCounty_2021_B21 512528,LAZ,2021-09-27,2021-11-17,2023-03-24,24824007,-110.8702814,31.89912877,-110.8596998,31.90330318,643961d5d34ee8d4ade1d3d6,https://www.sciencebase.gov/catalog/item/643961d5d34ee8d4ade1d3d6,https://rockyweb.usgs.gov/vdelivery/Datasets/Staged/Elevation/LPC/Projects/AZ_PimaCounty_2021_B21/AZ_PimaCo_2_2021/LAZ/USGS_LPC_AZ_PimaCounty_2021_B21_512528.laz
US-xSR,AZ_PimaCounty_2021_B21,512529,USGS Lidar Point Cloud AZ_PimaCounty_2021_B21 512529,LAZ,2021-09-27,2021-11-17,2023-03-24,54943069,-110.8702757,31.90329194,-110.8596861,31.91232501,64395e24d34ee8d4ade1aeec,https://www.sciencebase.gov/catalog/item/64395e24d34ee8d4ade1aeec,https://rockyweb.usgs.gov/vdelivery/Datasets/Staged/Elevation/LPC/Projects/AZ_PimaCounty_2021_B21/AZ_PimaCo_2_2021/LAZ/USGS_LPC_AZ_PimaCounty_2021_B21_512529.laz
US-xSR,AZ_PimaCounty_2021_B21,512530,USGS Lidar Point Cloud AZ_PimaCounty_2021_B21 512530,LAZ,2021-09-27,2021-11-17,2023-03-24,51255313,-110.870263,31.91231386,-110.8596724,31.92134692,64395d2cd34ee8d4ade1a761,https://www.sciencebase.gov/catalog/item/64395d2cd34ee8d4ade1a761,https://rockyweb.usgs.gov/vdelivery/Datasets/Staged/Elevation/LPC/Projects/AZ_PimaCounty_2021_B21/AZ_PimaCo_2_2021/LAZ/USGS_LPC_AZ_PimaCounty_2021_B21_512530.laz
US-xSR,AZ_PimaCounty_2021_B21,512531,USGS Lidar Point Cloud AZ_PimaCounty_2021_B21 512531,LAZ,2021-09-27,2021-11-17,2023-03-24,53128105,-110.8702504,31.92133576,-110.8596587,31.9303689,64396076d34ee8d4ade1c78b,https://www.sciencebase.gov/catalog/item/64396076d34ee8d4ade1c78b,https://rockyweb.usgs.gov/vdelivery/Datasets/Staged/Elevation/LPC/Projects/AZ_PimaCounty_2021_B21/AZ_PimaCo_2_2021/LAZ/USGS_LPC_AZ_PimaCounty_2021_B21_512531.laz
US-xSR,AZ_PimaCounty_2021_B21,512532,USGS Lidar Point Cloud AZ_PimaCounty_2021_B21 512532,LAZ,2021-09-27,2021-11-17,2023-03-24,56852243,-110.8702377,31.93035766,-110.859645,31.93939079,64395df9d34ee8d4ade1adad,https://www.sciencebase.gov/catalog/item/64395df9d34ee8d4ade1adad,https://rockyweb.usgs.gov/vdelivery/Datasets/Staged/Elevation/LPC/Projects/AZ_PimaCounty_2021_B21/AZ_PimaCo_2_2021/LAZ/USGS_LPC_AZ_PimaCounty_2021_B21_512532.laz
US-xSR,AZ_PimaCounty_2021_B21,512533,USGS Lidar Point Cloud AZ_PimaCounty_2021_B21 512533,LAZ,2021-09-27,2021-11-17,2023-03-24,60753919,-110.870225,31.93937962,-110.8596313,31.94841257,64395b7cd34ee8d4ade19b64,https://www.sciencebase.gov/catalog/item/64395b7cd34ee8d4ade19b64,https://rockyweb.usgs.gov/vdelivery/Datasets/Staged/Elevation/LPC/Projects/AZ_PimaCounty_2021_B21/AZ_PimaCo_2_2021/LAZ/USGS_LPC_AZ_PimaCounty_2021_B21_512533.laz
US-xSR,AZ_PimaCounty_2021_B21,512534,USGS Lidar Point Cloud AZ_PimaCounty_2021_B21 512534,LAZ,2021-09-27,2021-11-17,2023-03-24,49051320,-110.8702124,31.9484014,-110.8596176,31.95743442,643960d7d34ee8d4ade1cae9,https://www.sciencebase.gov/catalog/item/643960d7d34ee8d4ade1cae9,https://rockyweb.usgs.gov/vdelivery/Datasets/Staged/Elevation/LPC/Projects/AZ_PimaCounty_2021_B21/AZ_PimaCo_2_2021/LAZ/USGS_LPC_AZ_PimaCounty_2021_B21_512534.laz
US-xSR,AZ_PimaCounty_2021_B21,513528,USGS Lidar Point Cloud AZ_PimaCounty_2021_B21 513528,LAZ,2021-09-27,2021-11-17,2023-03-24,2495608,-110.8597061,31.89914265,-110.8587926,31.90329185,6439605dd34ee8d4ade1c646,https://www.sciencebase.gov/catalog/item/6439605dd34ee8d4ade1c646,https://rockyweb.usgs.gov/vdelivery/Datasets/Staged/Elevation/LPC/Projects/AZ_PimaCounty_2021_B21/AZ_PimaCo_2_2021/LAZ/USGS_LPC_AZ_PimaCounty_2021_B21_513528.laz
US-xSR,AZ_PimaCounty_2021_B21,513529,USGS Lidar Point Cloud AZ_PimaCounty_2021_B21 513529,LAZ,2021-09-27,2021-11-17,2023-03-24,44832736,-110.8596998,31.90327982,-110.8491093,31.91231377,64395fe7d34ee8d4ade1beca,https://www.sciencebase.gov/catalog/item/64395fe7d34ee8d4ade1beca,https://rockyweb.usgs.gov/vdelivery/Datasets/Staged/Elevation/LPC/Projects/AZ_PimaCounty_2021_B21/AZ_PimaCo_2_2021/LAZ/USGS_LPC_AZ_PimaCounty_2021_B21_513529.laz
US-xSR,AZ_PimaCounty_2021_B21,513530,USGS Lidar Point Cloud AZ_PimaCounty_2021_B21 513530,LAZ,2021-09-27,2021-11-17,2023-03-24,41354819,-110.8596861,31.91230174,-110.8490945,31.92133567,64396077d34ee8d4ade1c799,https://www.sciencebase.gov/catalog/item/64396077d34ee8d4ade1c799,https://rockyweb.usgs.gov/vdelivery/Datasets/Staged/Elevation/LPC/Projects/AZ_PimaCounty_2021_B21/AZ_PimaCo_2_2021/LAZ/USGS_LPC_AZ_PimaCounty_2021_B21_513530.laz
US-xSR,AZ_PimaCounty_2021_B21,513531,USGS Lidar Point Cloud AZ_PimaCounty_2021_B21 513531,LAZ,2021-09-27,2021-11-17,2023-03-24,59127341,-110.8596724,31.92132364,-110.8490797,31.93035766,64395f53d34ee8d4ade1b88e,https://www.sciencebase.gov/catalog/item/64395f53d34ee8d4ade1b88e,https://rockyweb.usgs.gov/vdelivery/Datasets/Staged/Elevation/LPC/Projects/AZ_PimaCounty_2021_B21/AZ_PimaCo_2_2021/LAZ/USGS_LPC_AZ_PimaCounty_2021_B21_513531.laz
US-xSR,AZ_PimaCounty_2021_B21,513532,USGS Lidar Point Cloud AZ_PimaCounty_2021_B21 513532,LAZ,2021-09-27,2021-11-17,2023-03-24,64651100,-110.8596587,31.93034553,-110.849065,31.93937953,64395bffd34ee8d4ade19f3e,https://www.sciencebase.gov/catalog/item/64395bffd34ee8d4ade19f3e,https://rockyweb.usgs.gov/vdelivery/Datasets/Staged/Elevation/LPC/Projects/AZ_PimaCounty_2021_B21/AZ_PimaCo_2_2021/LAZ/USGS_LPC_AZ_PimaCounty_2021_B21_513532.laz
US-xSR,AZ_PimaCounty_2021_B21,513533,USGS Lidar Point Cloud AZ_PimaCounty_2021_B21 513533,LAZ,2021-09-27,2021-11-17,2023-03-24,62443475,-110.8596449,31.93936749,-110.8490502,31.94840131,64396415d34ee8d4ade1e542,https://www.sciencebase.gov/catalog/item/64396415d34ee8d4ade1e542,https://rockyweb.usgs.gov/vdelivery/Datasets/Staged/Elevation/LPC/Projects/AZ_PimaCounty_2021_B21/AZ_PimaCo_2_2021/LAZ/USGS_LPC_AZ_PimaCounty_2021_B21_513533.laz
US-xSR,AZ_PimaCounty_2021_B21,513534,USGS Lidar Point Cloud AZ_PimaCounty_2021_B21 513534,LAZ,2021-09-27,2021-11-17,2023-03-24,51148874,-110.8596313,31.94838926,-110.8490355,31.95742326,64395ee9d34ee8d4ade1b4c8,https://www.sciencebase.gov/catalog/item/64395ee9d34ee8d4ade1b4c8,https://rockyweb.usgs.gov/vdelivery/Datasets/Staged/Elevation/LPC/Projects/AZ_PimaCounty_2021_B21/AZ_PimaCo_2_2021/LAZ/USGS_LPC_AZ_PimaCounty_2021_B21_513534.laz
US-xSR,AZ_PimaCounty_2021_B21,514529,USGS Lidar Point Cloud AZ_PimaCounty_2021_B21 514529,LAZ,2021-09-27,2021-11-17,2023-03-24,45759722,-110.8491207,31.905206,-110.8385324,31.91230165,64395e5ed34ee8d4ade1b06c,https://www.sciencebase.gov/catalog/item/64395e5ed34ee8d4ade1b06c,https://rockyweb.usgs.gov/vdelivery/Datasets/Staged/Elevation/LPC/Projects/AZ_PimaCounty_2021_B21/AZ_PimaCo_2_2021/LAZ/USGS_LPC_AZ_PimaCounty_2021_B21_514529.laz
US-xSR,AZ_PimaCounty_2021_B21,514530,USGS Lidar Point Cloud AZ_PimaCounty_2021_B21 514530,LAZ,2021-09-27,2021-11-17,2023-03-24,47198342,-110.8491092,31.91228874,-110.8385166,31.92132355,64395c62d34ee8d4ade1a150,https://www.sciencebase.gov/catalog/item/64395c62d34ee8d4ade1a150,https://rockyweb.usgs.gov/vdelivery/Datasets/Staged/Elevation/LPC/Projects/AZ_PimaCounty_2021_B21/AZ_PimaCo_2_2021/LAZ/USGS_LPC_AZ_PimaCounty_2021_B21_514530.laz
US-xSR,AZ_PimaCounty_2021_B21,514531,USGS Lidar Point Cloud AZ_PimaCounty_2021_B21 514531,LAZ,2021-09-27,2021-11-17,2023-03-24,55912723,-110.8490944,31.92131063,-110.8385007,31.93034553,6439626dd34ee8d4ade1d979,https://www.sciencebase.gov/catalog/item/6439626dd34ee8d4ade1d979,https://rockyweb.usgs.gov/vdelivery/Datasets/Staged/Elevation/LPC/Projects/AZ_PimaCounty_2021_B21/AZ_PimaCo_2_2021/LAZ/USGS_LPC_AZ_PimaCounty_2021_B21_514531.laz
US-xSR,AZ_PimaCounty_2021_B21,514532,USGS Lidar Point Cloud AZ_PimaCounty_2021_B21 514532,LAZ,2021-09-27,2021-11-17,2023-03-24,58356979,-110.8490797,31.93033261,-110.838485,31.9393674,64395f8dd34ee8d4ade1bb18,https://www.sciencebase.gov/catalog/item/64395f8dd34ee8d4ade1bb18,https://rockyweb.usgs.gov/vdelivery/Datasets/Staged/Elevation/LPC/Projects/AZ_PimaCounty_2021_B21/AZ_PimaCo_2_2021/LAZ/USGS_LPC_AZ_PimaCounty_2021_B21_514532.laz
US-xSR,AZ_PimaCounty_2021_B21,514533,USGS Lidar Point Cloud AZ_PimaCounty_2021_B21 514533,LAZ,2021-09-27,2021-11-17,2023-03-24,59426244,-110.849065,31.93935448,-110.8384692,31.94838917,64395f82d34ee8d4ade1ba89,https://www.sciencebase.gov/catalog/item/64395f82d34ee8d4ade1ba89,https://rockyweb.usgs.gov/vdelivery/Datasets/Staged/Elevation/LPC/Projects/AZ_PimaCounty_2021_B21/AZ_PimaCo_2_2021/LAZ/USGS_LPC_AZ_PimaCounty_2021_B21_514533.laz
US-xSR,AZ_PimaCounty_2021_B21,514534,USGS Lidar Point Cloud AZ_PimaCounty_2021_B21 514534,LAZ,2021-09-27,2021-11-17,2023-03-24,48481300,-110.8490501,31.94837625,-110.8384534,31.95741111,64395b32d34ee8d4ade199b0,https://www.sciencebase.gov/catalog/item/64395b32d34ee8d4ade199b0,https://rockyweb.usgs.gov/vdelivery/Datasets/Staged/Elevation/LPC/Projects/AZ_PimaCounty_2021_B21/AZ_PimaCo_2_2021/LAZ/USGS_LPC_AZ_PimaCounty_2021_B21_514534.laz
US-xSR,AZ_PimaCounty_2021_B21,515529,USGS Lidar Point Cloud AZ_PimaCounty_2021_B21 515529,LAZ,2021-09-27,2021-11-17,2023-03-24,39738657,-110.8385446,31.90521756,-110.8279554,31.91228865,643960ded34ee8d4ade1cb45,https://www.sciencebase.gov/catalog/item/643960ded34ee8d4ade1cb45,https://rockyweb.usgs.gov/vdelivery/Datasets/Staged/Elevation/LPC/Projects/AZ_PimaCounty_2021_B21/AZ_PimaCo_2_2021/LAZ/USGS_LPC_AZ_PimaCounty_2021_B21_515529.laz
US-xSR,AZ_PimaCounty_2021_B21,515530,USGS Lidar Point Cloud AZ_PimaCounty_2021_B21 515530,LAZ,2021-09-27,2021-11-17,2023-03-24,39099749,-110.8385323,31.91227486,-110.8279386,31.92131054,643962afd34ee8d4ade1db7f,https://www.sciencebase.gov/catalog/item/643962afd34ee8d4ade1db7f,https://rockyweb.usgs.gov/vdelivery/Datasets/Staged/Elevation/LPC/Projects/AZ_PimaCounty_2021_B21/AZ_PimaCo_2_2021/LAZ/USGS_LPC_AZ_PimaCounty_2021_B21_515530.laz
US-xSR,AZ_PimaCounty_2021_B21,515531,USGS Lidar Point Cloud AZ_PimaCounty_2021_B21 515531,LAZ,2021-09-27,2021-11-17,2023-03-24,52545229,-110.8385165,31.92129675,-110.8279218,31.93033252,64395dfdd34ee8d4ade1adcb,https://www.sciencebase.gov/catalog/item/64395dfdd34ee8d4ade1adcb,https://rockyweb.usgs.gov/vdelivery/Datasets/Staged/Elevation/LPC/Projects/AZ_PimaCounty_2021_B21/AZ_PimaCo_2_2021/LAZ/USGS_LPC_AZ_PimaCounty_2021_B21_515531.laz
US-xSR,AZ_PimaCounty_2021_B21,515532,USGS Lidar Point Cloud AZ_PimaCounty_2021_B21 515532,LAZ,2021-09-27,2021-11-17,2023-03-24,57838727,-110.8385006,31.93031872,-110.827905,31.93935439,64396132d34ee8d4ade1ce29,https://www.sciencebase.gov/catalog/item/64396132d34ee8d4ade1ce29,https://rockyweb.usgs.gov/vdelivery/Datasets/Staged/Elevation/LPC/Projects/AZ_PimaCounty_2021_B21/AZ_PimaCo_2_2021/LAZ/USGS_LPC_AZ_PimaCounty_2021_B21_515532.laz
US-xSR,AZ_PimaCounty_2021_B21,515533,USGS Lidar Point Cloud AZ_PimaCounty_2021_B21 515533,LAZ,2021-09-27,2021-11-17,2023-03-24,60176922,-110.8384849,31.93934058,-110.8278881,31.94837616,64395e23d34ee8d4ade1aee2,https://www.sciencebase.gov/catalog/item/64395e23d34ee8d4ade1aee2,https://rockyweb.usgs.gov/vdelivery/Datasets/Staged/Elevation/LPC/Projects/AZ_PimaCounty_2021_B21/AZ_PimaCo_2_2021/LAZ/USGS_LPC_AZ_PimaCounty_2021_B21_515533.laz
US-xSR,AZ_PimaCounty_2021_B21,515534,USGS Lidar Point Cloud AZ_PimaCounty_2021_B21 515534,LAZ,2021-09-27,2021-11-17,2023-03-24,49623558,-110.8384691,31.94836235,-110.8278713,31.95739809,64396065d34ee8d4ade1c6b1,https://www.sciencebase.gov/catalog/item/64396065d34ee8d4ade1c6b1,https://rockyweb.usgs.gov/vdelivery/Datasets/Staged/Elevation/LPC/Projects/AZ_PimaCounty_2021_B21/AZ_PimaCo_2_2021/LAZ/USGS_LPC_AZ_PimaCounty_2021_B21_515534.laz
US-xSR,AZ_PimaCounty_2021_B21,516529,USGS Lidar Point Cloud AZ_PimaCounty_2021_B21 516529,LAZ,2021-09-27,2021-11-17,2023-03-24,42069170,-110.8279684,31.90522852,-110.8173785,31.91227477,64396248d34ee8d4ade1d86d,https://www.sciencebase.gov/catalog/item/64396248d34ee8d4ade1d86d,https://rockyweb.usgs.gov/vdelivery/Datasets/Staged/Elevation/LPC/Projects/AZ_PimaCounty_2021_B21/AZ_PimaCo_2_2021/LAZ/USGS_LPC_AZ_PimaCounty_2021_B21_516529.laz
US-xSR,AZ_PimaCounty_2021_B21,516530,USGS Lidar Point Cloud AZ_PimaCounty_2021_B21 516530,LAZ,2021-09-27,2021-11-17,2023-03-24,48661578,-110.8279553,31.9122601,-110.8173606,31.92129666,64395da9d34ee8d4ade1ab20,https://www.sciencebase.gov/catalog/item/64395da9d34ee8d4ade1ab20,https://rockyweb.usgs.gov/vdelivery/Datasets/Staged/Elevation/LPC/Projects/AZ_PimaCounty_2021_B21/AZ_PimaCo_2_2021/LAZ/USGS_LPC_AZ_PimaCounty_2021_B21_516530.laz
US-xSR,AZ_PimaCounty_2021_B21,516531,USGS Lidar Point Cloud AZ_PimaCounty_2021_B21 516531,LAZ,2021-09-27,2021-11-17,2023-03-24,53686325,-110.8279385,31.92128198,-110.8173428,31.93031863,6439628bd34ee8d4ade1da6b,https://www.sciencebase.gov/catalog/item/6439628bd34ee8d4ade1da6b,https://rockyweb.usgs.gov/vdelivery/Datasets/Staged/Elevation/LPC/Projects/AZ_PimaCounty_2021_B21/AZ_PimaCo_2_2021/LAZ/USGS_LPC_AZ_PimaCounty_2021_B21_516531.laz
US-xSR,AZ_PimaCounty_2021_B21,516532,USGS Lidar Point Cloud AZ_PimaCounty_2021_B21 516532,LAZ,2021-09-27,2021-11-17,2023-03-24,59566126,-110.8279217,31.93030386,-110.817325,31.9393404,64395b1cd34ee8d4ade19914,https://www.sciencebase.gov/catalog/item/64395b1cd34ee8d4ade19914,https://rockyweb.usgs.gov/vdelivery/Datasets/Staged/Elevation/LPC/Projects/AZ_PimaCounty_2021_B21/AZ_PimaCo_2_2021/LAZ/USGS_LPC_AZ_PimaCounty_2021_B21_516532.laz
US-xSR,AZ_PimaCounty_2021_B21,516533,USGS Lidar Point Cloud AZ_PimaCounty_2021_B21 516533,LAZ,2021-09-27,2021-11-17,2023-03-24,56147523,-110.8279049,31.93932572,-110.8173071,31.94836226,6439613ed34ee8d4ade1ce92,https://www.sciencebase.gov/catalog/item/6439613ed34ee8d4ade1ce92,https://rockyweb.usgs.gov/vdelivery/Datasets/Staged/Elevation/LPC/Projects/AZ_PimaCounty_2021_B21/AZ_PimaCo_2_2021/LAZ/USGS_LPC_AZ_PimaCounty_2021_B21_516533.laz
US-xSR,AZ_PimaCounty_2021_B21,516534,USGS Lidar Point Cloud AZ_PimaCounty_2021_B21 516534,LAZ,2021-09-27,2021-11-17,2023-03-24,50018835,-110.827888,31.94834757,-110.8172893,31.95738419,6439622cd34ee8d4ade1d757,https://www.sciencebase.gov/catalog/item/6439622cd34ee8d4ade1d757,https://rockyweb.usgs.gov/vdelivery/Datasets/Staged/Elevation/LPC/Projects/AZ_PimaCounty_2021_B21/AZ_PimaCo_2_2021/LAZ/USGS_LPC_AZ_PimaCounty_2021_B21_516534.laz
US-xSR,AZ_PimaCounty_2021_B21,517529,USGS Lidar Point Cloud AZ_PimaCounty_2021_B21 517529,LAZ,2021-09-27,2021-11-17,2023-03-24,34828539,-110.8173922,31.90523787,-110.8068017,31.91226001,64395ca1d34ee8d4ade1a360,https://www.sciencebase.gov/catalog/item/64395ca1d34ee8d4ade1a360,https://rockyweb.usgs.gov/vdelivery/Datasets/Staged/Elevation/LPC/Projects/AZ_PimaCounty_2021_B21/AZ_PimaCo_2_2021/LAZ/USGS_LPC_AZ_PimaCounty_2021_B21_517529.laz
US-xSR,AZ_PimaCounty_2021_B21,517530,USGS Lidar Point Cloud AZ_PimaCounty_2021_B21 517530,LAZ,2021-09-27,2021-11-17,2023-03-24,41070095,-110.8173784,31.91224446,-110.8067827,31.92128189,6439625fd34ee8d4ade1d90d,https://www.sciencebase.gov/catalog/item/6439625fd34ee8d4ade1d90d,https://rockyweb.usgs.gov/vdelivery/Datasets/Staged/Elevation/LPC/Projects/AZ_PimaCounty_2021_B21/AZ_PimaCo_2_2021/LAZ/USGS_LPC_AZ_PimaCounty_2021_B21_517530.laz
US-xSR,AZ_PimaCounty_2021_B21,517531,USGS Lidar Point Cloud AZ_PimaCounty_2021_B21 517531,LAZ,2021-09-27,2021-11-17,2023-03-24,50400274,-110.8173605,31.92126634,-110.8067638,31.93030386,64395f3cd34ee8d4ade1b7aa,https://www.sciencebase.gov/catalog/item/64395f3cd34ee8d4ade1b7aa,https://rockyweb.usgs.gov/vdelivery/Datasets/Staged/Elevation/LPC/Projects/AZ_PimaCounty_2021_B21/AZ_PimaCo_2_2021/LAZ/USGS_LPC_AZ_PimaCounty_2021_B21_517531.laz
US-xSR,AZ_PimaCounty_2021_B21,517532,USGS Lidar Point Cloud AZ_PimaCounty_2021_B21 517532,LAZ,2021-09-27,2021-11-17,2023-03-24,56674060,-110.8173428,31.9302882,-110.806745,31.93932563,6439609cd34ee8d4ade1c893,https://www.sciencebase.gov/catalog/item/6439609cd34ee8d4ade1c893,https://rockyweb.usgs.gov/vdelivery/Datasets/Staged/Elevation/LPC/Projects/AZ_PimaCounty_2021_B21/AZ_PimaCo_2_2021/LAZ/USGS_LPC_AZ_PimaCounty_2021_B21_517532.laz
US-xSR,AZ_PimaCounty_2021_B21,517533,USGS Lidar Point Cloud AZ_PimaCounty_2021_B21 517533,LAZ,2021-09-27,2021-11-17,2023-03-24,59661626,-110.817325,31.93931006,-110.8067261,31.94834748,64396047d34ee8d4ade1c516,https://www.sciencebase.gov/catalog/item/64396047d34ee8d4ade1c516,https://rockyweb.usgs.gov/vdelivery/Datasets/Staged/Elevation/LPC/Projects/AZ_PimaCounty_2021_B21/AZ_PimaCo_2_2021/LAZ/USGS_LPC_AZ_PimaCounty_2021_B21_517533.laz
US-xSR,AZ_PimaCounty_2021_B21,517534,USGS Lidar Point Cloud AZ_PimaCounty_2021_B21 517534,LAZ,2021-09-27,2021-11-17,2023-03-24,50180120,-110.817307,31.9483319,-110.8067072,31.9573694,643961d6d34ee8d4ade1d3da,https://www.sciencebase.gov/catalog/item/643961d6d34ee8d4ade1d3da,https://rockyweb.usgs.gov/vdelivery/Datasets/Staged/Elevation/LPC/Projects/AZ_PimaCounty_2021_B21/AZ_PimaCo_2_2021/LAZ/USGS_LPC_AZ_PimaCounty_2021_B21_517534.laz
US-xSR,AZ_PimaCounty_2021_B21,518529,USGS Lidar Point Cloud AZ_PimaCounty_2021_B21 518529,LAZ,2021-09-27,2021-11-17,2023-03-24,32014569,-110.8068161,31.90524662,-110.7962247,31.91224437,64395bafd34ee8d4ade19d0c,https://www.sciencebase.gov/catalog/item/64395bafd34ee8d4ade19d0c,https://rockyweb.usgs.gov/vdelivery/Datasets/Staged/Elevation/LPC/Projects/AZ_PimaCounty_2021_B21/AZ_PimaCo_2_2021/LAZ/USGS_LPC_AZ_PimaCounty_2021_B21_518529.laz
US-xSR,AZ_PimaCounty_2021_B21,518530,USGS Lidar Point Cloud AZ_PimaCounty_2021_B21 518530,LAZ,2021-09-27,2021-11-17,2023-03-24,41439672,-110.8068016,31.91222793,-110.7962048,31.92126625,64396362d34ee8d4ade1e03c,https://www.sciencebase.gov/catalog/item/64396362d34ee8d4ade1e03c,https://rockyweb.usgs.gov/vdelivery/Datasets/Staged/Elevation/LPC/Projects/AZ_PimaCounty_2021_B21/AZ_PimaCo_2_2021/LAZ/USGS_LPC_AZ_PimaCounty_2021_B21_518530.laz
US-xSR,AZ_PimaCounty_2021_B21,518531,USGS Lidar Point Cloud AZ_PimaCounty_2021_B21 518531,LAZ,2021-09-27,2021-11-17,2023-03-24,54267538,-110.8067826,31.92124981,-110.7961849,31.9302882,64395c0cd34ee8d4ade19f70,https://www.sciencebase.gov/catalog/item/64395c0cd34ee8d4ade19f70,https://rockyweb.usgs.gov/vdelivery/Datasets/Staged/Elevation/LPC/Projects/AZ_PimaCounty_2021_B21/AZ_PimaCo_2_2021/LAZ/USGS_LPC_AZ_PimaCounty_2021_B21_518531.laz
US-xSR,AZ_PimaCounty_2021_B21,518532,USGS Lidar Point Cloud AZ_PimaCounty_2021_B21 518532,LAZ,2021-09-27,2021-11-17,2023-03-24,59716463,-110.8067637,31.93027167,-110.796165,31.93930997,64395cabd34ee8d4ade1a3ba,https://www.sciencebase.gov/catalog/item/64395cabd34ee8d4ade1a3ba,https://rockyweb.usgs.gov/vdelivery/Datasets/Staged/Elevation/LPC/Projects/AZ_PimaCounty_2021_B21/AZ_PimaCo_2_2021/LAZ/USGS_LPC_AZ_PimaCounty_2021_B21_518532.laz
US-xSR,AZ_PimaCounty_2021_B21,518533,USGS Lidar Point Cloud AZ_PimaCounty_2021_B21 518533,LAZ,2021-09-27,2021-11-17,2023-03-24,62545266,-110.8067449,31.93929352,-110.7961451,31.94833181,64395d8fd34ee8d4ade1aa7f,https://www.sciencebase.gov/catalog/item/64395d8fd34ee8d4ade1aa7f,https://rockyweb.usgs.gov/vdelivery/Datasets/Staged/Elevation/LPC/Projects/AZ_PimaCounty_2021_B21/AZ_PimaCo_2_2021/LAZ/USGS_LPC_AZ_PimaCounty_2021_B21_518533.laz
US-xSR,AZ_PimaCounty_2021_B21,518534,USGS Lidar Point Cloud AZ_PimaCounty_2021_B21 518534,LAZ,2021-09-27,2021-11-17,2023-03-24,48954121,-110.806726,31.94831536,-110.7961251,31.95735373,64395e74d34ee8d4ade1b10c,https://www.sciencebase.gov/catalog/item/64395e74d34ee8d4ade1b10c,https://rockyweb.usgs.gov/vdelivery/Datasets/Staged/Elevation/LPC/Projects/AZ_PimaCounty_2021_B21/AZ_PimaCo_2_2021/LAZ/USGS_LPC_AZ_PimaCounty_2021_B21_518534.laz
US-xSR,AZ_PimaCounty_2021_B21,519529,USGS Lidar Point Cloud AZ_PimaCounty_2021_B21 519529,LAZ,2021-09-27,2021-11-17,2023-03-24,34993598,-110.79624,31.90525439,-110.7856478,31.91222784,64395e9bd34ee8d4ade1b24e,https://www.sciencebase.gov/catalog/item/64395e9bd34ee8d4ade1b24e,https://rockyweb.usgs.gov/vdelivery/Datasets/Staged/Elevation/LPC/Projects/AZ_PimaCounty_2021_B21/AZ_PimaCo_2_2021/LAZ/USGS_LPC_AZ_PimaCounty_2021_B21_519529.laz
US-xSR,AZ_PimaCounty_2021_B21,519530,USGS Lidar Point Cloud AZ_PimaCounty_2021_B21 519530,LAZ,2021-09-27,2021-11-17,2023-03-24,45921727,-110.7962247,31.91221053,-110.7856269,31.92124972,6439631fd34ee8d4ade1de4c,https://www.sciencebase.gov/catalog/item/6439631fd34ee8d4ade1de4c,https://rockyweb.usgs.gov/vdelivery/Datasets/Staged/Elevation/LPC/Projects/AZ_PimaCounty_2021_B21/AZ_PimaCo_2_2021/LAZ/USGS_LPC_AZ_PimaCounty_2021_B21_519530.laz
US-xSR,AZ_PimaCounty_2021_B21,519531,USGS Lidar Point Cloud AZ_PimaCounty_2021_B21 519531,LAZ,2021-09-27,2021-11-17,2023-03-24,59738947,-110.7962048,31.9212324,-110.7856059,31.93027167,64395d88d34ee8d4ade1aa4f,https://www.sciencebase.gov/catalog/item/64395d88d34ee8d4ade1aa4f,https://rockyweb.usgs.gov/vdelivery/Datasets/Staged/Elevation/LPC/Projects/AZ_PimaCounty_2021_B21/AZ_PimaCo_2_2021/LAZ/USGS_LPC_AZ_PimaCounty_2021_B21_519531.laz
US-xSR,AZ_PimaCounty_2021_B21,519532,USGS Lidar Point Cloud AZ_PimaCounty_2021_B21 519532,LAZ,2021-09-27,2021-11-17,2023-03-24,58742110,-110.7961849,31.93025426,-110.785585,31.93929343,64395c8dd34ee8d4ade1a2a0,https://www.sciencebase.gov/catalog/item/64395c8dd34ee8d4ade1a2a0,https://rockyweb.usgs.gov/vdelivery/Datasets/Staged/Elevation/LPC/Projects/AZ_PimaCounty_2021_B21/AZ_PimaCo_2_2021/LAZ/USGS_LPC_AZ_PimaCounty_2021_B21_519532.laz
US-xSR,AZ_PimaCounty_2021_B21,519533,USGS Lidar Point Cloud AZ_PimaCounty_2021_B21 519533,LAZ,2021-09-27,2021-11-17,2023-03-24,57143260,-110.7961649,31.9392761,-110.7855641,31.94831527,6439616dd34ee8d4ade1d019,https://www.sciencebase.gov/catalog/item/6439616dd34ee8d4ade1d019,https://rockyweb.usgs.gov/vdelivery/Datasets/Staged/Elevation/LPC/Projects/AZ_PimaCounty_2021_B21/AZ_PimaCo_2_2021/LAZ/USGS_LPC_AZ_PimaCounty_2021_B21_519533.laz
US-xSR,AZ_PimaCounty_2021_B21,519534,USGS Lidar Point Cloud AZ_PimaCounty_2021_B21 519534,LAZ,2021-09-27,2021-11-17,2023-03-24,45646400,-110.7961451,31.94829793,-110.7855431,31.95733709,64395d2fd34ee8d4ade1a77b,https://www.sciencebase.gov/catalog/item/64395d2fd34ee8d4ade1a77b,https://rockyweb.usgs.gov/vdelivery/Datasets/Staged/Elevation/LPC/Projects/AZ_PimaCounty_2021_B21/AZ_PimaCo_2_2021/LAZ/USGS_LPC_AZ_PimaCounty_2021_B21_519534.laz
US-xSR,AZ_PimaCounty_2021_B21,520529,USGS Lidar Point Cloud AZ_PimaCounty_2021_B21 520529,LAZ,2021-09-27,2021-11-17,2023-03-24,42835740,-110.7856638,31.90526101,-110.7750709,31.91221044,64395b9bd34ee8d4ade19c62,https://www.sciencebase.gov/catalog/item/64395b9bd34ee8d4ade19c62,https://rockyweb.usgs.gov/vdelivery/Datasets/Staged/Elevation/LPC/Projects/AZ_PimaCounty_2021_B21/AZ_PimaCo_2_2021/LAZ/USGS_LPC_AZ_PimaCounty_2021_B21_520529.laz
US-xSR,AZ_PimaCounty_2021_B21,520530,USGS Lidar Point Cloud AZ_PimaCounty_2021_B21 520530,LAZ,2021-09-27,2021-11-17,2023-03-24,49171959,-110.7856478,31.91219225,-110.775049,31.92123231,64395f72d34ee8d4ade1b9ed,https://www.sciencebase.gov/catalog/item/64395f72d34ee8d4ade1b9ed,https://rockyweb.usgs.gov/vdelivery/Datasets/Staged/Elevation/LPC/Projects/AZ_PimaCounty_2021_B21/AZ_PimaCo_2_2021/LAZ/USGS_LPC_AZ_PimaCounty_2021_B21_520530.laz
US-xSR,AZ_PimaCounty_2021_B21,520531,USGS Lidar Point Cloud AZ_PimaCounty_2021_B21 520531,LAZ,2021-09-27,2021-11-17,2023-03-24,50034551,-110.7856269,31.92121411,-110.775027,31.93025426,6439612cd34ee8d4ade1cde1,https://www.sciencebase.gov/catalog/item/6439612cd34ee8d4ade1cde1,https://rockyweb.usgs.gov/vdelivery/Datasets/Staged/Elevation/LPC/Projects/AZ_PimaCounty_2021_B21/AZ_PimaCo_2_2021/LAZ/USGS_LPC_AZ_PimaCounty_2021_B21_520531.laz
US-xSR,AZ_PimaCounty_2021_B21,520532,USGS Lidar Point Cloud AZ_PimaCounty_2021_B21 520532,LAZ,2021-09-27,2021-11-17,2023-03-24,52026952,-110.7856058,31.93023605,-110.775005,31.9392761,6439610cd34ee8d4ade1ccb9,https://www.sciencebase.gov/catalog/item/6439610cd34ee8d4ade1ccb9,https://rockyweb.usgs.gov/vdelivery/Datasets/Staged/Elevation/LPC/Projects/AZ_PimaCounty_2021_B21/AZ_PimaCo_2_2021/LAZ/USGS_LPC_AZ_PimaCounty_2021_B21_520532.laz
US-xSR,AZ_PimaCounty_2021_B21,520533,USGS Lidar Point Cloud AZ_PimaCounty_2021_B21 520533,LAZ,2021-09-27,2021-11-17,2023-03-24,45746273,-110.7855849,31.93925789,-110.774983,31.94829784,64396151d34ee8d4ade1cf44,https://www.sciencebase.gov/catalog/item/64396151d34ee8d4ade1cf44,https://rockyweb.usgs.gov/vdelivery/Datasets/Staged/Elevation/LPC/Projects/AZ_PimaCounty_2021_B21/AZ_PimaCo_2_2021/LAZ/USGS_LPC_AZ_PimaCounty_2021_B21_520533.laz
US-xSR,AZ_PimaCounty_2021_B21,520534,USGS Lidar Point Cloud AZ_PimaCounty_2021_B21 520534,LAZ,2021-09-27,2021-11-17,2023-03-24,44648567,-110.7855641,31.94827962,-110.7749611,31.95731966,643962bad34ee8d4ade1dbdb,https://www.sciencebase.gov/catalog/item/643962bad34ee8d4ade1dbdb,https://rockyweb.usgs.gov/vdelivery/Datasets/Staged/Elevation/LPC/Projects/AZ_PimaCounty_2021_B21/AZ_PimaCo_2_2021/LAZ/USGS_LPC_AZ_PimaCounty_2021_B21_520534.laz
US-xSR,Eastern_Pima_County_Lidar,015328,USGS Lidar Point Cloud Eastern_Pima_County_Lidar 015328,LAZ,2015-02-20,2015-02-26,2023-04-22,45080555,-110.90126408127983,31.898747403506377,-110.8850012722812,31.912620268642176,64445a87d34ee8d4adea5a7f,https://www.sciencebase.gov/catalog/item/64445a87d34ee8d4adea5a7f,https://rockyweb.usgs.gov/vdelivery/Datasets/Staged/Elevation/LPC/Projects/Eastern_Pima_County_Lidar/AZ_Eastern_PimaCO_2015/LAZ/USGS_LPC_Eastern_Pima_County_Lidar_015328.laz
US-xSR,Eastern_Pima_County_Lidar,015333,USGS Lidar Point Cloud Eastern_Pima_County_Lidar 015333,LAZ,2015-02-20,2015-02-26,2023-04-22,40222893,-110.90111315169082,31.912490491671807,-110.88484784452889,31.92636339540601,64445a89d34ee8d4adea5a99,https://www.sciencebase.gov/catalog/item/64445a89d34ee8d4adea5a99,https://rockyweb.usgs.gov/vdelivery/Datasets/Staged/Elevation/LPC/Projects/Eastern_Pima_County_Lidar/AZ_Eastern_PimaCO_2015/LAZ/USGS_LPC_Eastern_Pima_County_Lidar_015333.laz
US-xSR,Eastern_Pima_County_Lidar,015338,USGS Lidar Point Cloud Eastern_Pima_County_Lidar 015338,LAZ,2015-02-20,2015-02-26,2023-04-22,40997322,-110.90096211906128,31.926233549414526,-110.88469431203836,31.940106491759753,64445a87d34ee8d4adea5a7d,https://www.sciencebase.gov/catalog/item/64445a87d34ee8d4adea5a7d,https://rockyweb.usgs.gov/vdelivery/Datasets/Staged/Elevation/LPC/Projects/Eastern_Pima_County_Lidar/AZ_Eastern_PimaCO_2015/LAZ/USGS_LPC_Eastern_Pima_County_Lidar_015338.laz
US-xSR,Eastern_Pima_County_Lidar,015343,USGS Lidar Point Cloud Eastern_Pima_County_Lidar 015343,LAZ,2015-02-20,2015-02-26,2023-04-22,45771559,-110.90081098332807,31.93997657672704,-110.88454067474542,31.953849557695946,64445a87d34ee8d4adea5a7b,https://www.sciencebase.gov/catalog/item/64445a87d34ee8d4adea5a7b,https://rockyweb.usgs.gov/vdelivery/Datasets/Staged/Elevation/LPC/Projects/Eastern_Pima_County_Lidar/AZ_Eastern_PimaCO_2015/LAZ/USGS_LPC_Eastern_Pima_County_Lidar_015343.laz
US-xSR,Eastern_Pima_County_Lidar,015348,USGS Lidar Point Cloud Eastern_Pima_County_Lidar 015348,LAZ,2015-02-20,2015-02-26,2023-04-22,39897565,-110.90065974442807,31.95371957360188,-110.88438693289345,31.967592565721105,64445a87d34ee8d4adea5a79,https://www.sciencebase.gov/catalog/item/64445a87d34ee8d4adea5a79,https://rockyweb.usgs.gov/vdelivery/Datasets/Staged/Elevation/LPC/Projects/Eastern_Pima_County_Lidar/AZ_Eastern_PimaCO_2015/LAZ/USGS_LPC_Eastern_Pima_County_Lidar_015348.laz
US-xSR,Eastern_Pima_County_Lidar,020328,USGS Lidar Point Cloud Eastern_Pima_County_Lidar 020328,LAZ,2015-02-20,2015-02-26,2023-04-22,38503163,-110.8851545628339,31.89861562642216,-110.8688894650198,31.912490463924012,64445a78d34ee8d4adea5a25,https://www.sciencebase.gov/catalog/item/64445a78d34ee8d4adea5a25,https://rockyweb.usgs.gov/vdelivery/Datasets/Staged/Elevation/LPC/Projects/Eastern_Pima_County_Lidar/AZ_Eastern_PimaCO_2015/LAZ/USGS_LPC_Eastern_Pima_County_Lidar_020328.laz
US-xSR,Eastern_Pima_County_Lidar,020333,USGS Lidar Point Cloud Eastern_Pima_County_Lidar 020333,LAZ,2015-02-20,2015-02-26,2023-04-22,33312709,-110.88500123975074,31.91235864450096,-110.86873364220386,31.92623352166665,64445a79d34ee8d4adea5a27,https://www.sciencebase.gov/catalog/item/64445a79d34ee8d4adea5a27,https://rockyweb.usgs.gov/vdelivery/Datasets/Staged/Elevation/LPC/Projects/Eastern_Pima_County_Lidar/AZ_Eastern_PimaCO_2015/LAZ/USGS_LPC_Eastern_Pima_County_Lidar_020333.laz
US-xSR,Eastern_Pima_County_Lidar,020338,USGS Lidar Point Cloud Eastern_Pima_County_Lidar 020338,LAZ,2015-02-20,2015-02-26,2023-04-22,32525387,-110.88484781199342,31.926101632136636,-110.86857771301514,31.939976548979093,64445a78d34ee8d4adea5a23,https://www.sciencebase.gov/catalog/item/64445a78d34ee8d4adea5a23,https://rockyweb.usgs.gov/vdelivery/Datasets/Staged/Elevation/LPC/Projects/Eastern_Pima_County_Lidar/AZ_Eastern_PimaCO_2015/LAZ/USGS_LPC_Eastern_Pima_County_Lidar_020338.laz
US-xSR,Eastern_Pima_County_Lidar,020343,USGS Lidar Point Cloud Eastern_Pima_County_Lidar 020343,LAZ,2015-02-20,2015-02-26,2023-04-22,35875008,-110.88469427949788,31.93984458932168,-110.8684216773885,31.953719545853843,64445a77d34ee8d4adea5a21,https://www.sciencebase.gov/catalog/item/64445a77d34ee8d4adea5a21,https://rockyweb.usgs.gov/vdelivery/Datasets/Staged/Elevation/LPC/Projects/Eastern_Pima_County_Lidar/AZ_Eastern_PimaCO_2015/LAZ/USGS_LPC_Eastern_Pima_County_Lidar_020343.laz
US-xSR,Eastern_Pima_County_Lidar,020348,USGS Lidar Point Cloud Eastern_Pima_County_Lidar 020348,LAZ,2015-02-20,2015-02-26,2023-04-22,32852103,-110.88454064219994,31.953587516048632,-110.86826553525869,31.967462512283486,64445a77d34ee8d4adea5a1f,https://www.sciencebase.gov/catalog/item/64445a77d34ee8d4adea5a1f,https://rockyweb.usgs.gov/vdelivery/Datasets/Staged/Elevation/LPC/Projects/Eastern_Pima_County_Lidar/AZ_Eastern_PimaCO_2015/LAZ/USGS_LPC_Eastern_Pima_County_Lidar_020348.laz
US-xSR,Eastern_Pima_County_Lidar,025328,USGS Lidar Point Cloud Eastern_Pima_County_Lidar 025328,LAZ,2015-02-20,2015-02-26,2023-04-22,33117861,-110.86904514899805,31.898481808013013,-110.85277776406608,31.91235861674922,64445a70d34ee8d4adea59d1,https://www.sciencebase.gov/catalog/item/64445a70d34ee8d4adea59d1,https://rockyweb.usgs.gov/vdelivery/Datasets/Staged/Elevation/LPC/Projects/Eastern_Pima_County_Lidar/AZ_Eastern_PimaCO_2015/LAZ/USGS_LPC_Eastern_Pima_County_Lidar_025328.laz
US-xSR,Eastern_Pima_County_Lidar,025333,USGS Lidar Point Cloud Eastern_Pima_County_Lidar 025333,LAZ,2015-02-20,2015-02-26,2023-04-22,32619928,-110.86888943248479,31.91222475491968,-110.85261954625157,31.926101604384808,64445a70d34ee8d4adea59cf,https://www.sciencebase.gov/catalog/item/64445a70d34ee8d4adea59cf,https://rockyweb.usgs.gov/vdelivery/Datasets/Staged/Elevation/LPC/Projects/Eastern_Pima_County_Lidar/AZ_Eastern_PimaCO_2015/LAZ/USGS_LPC_Eastern_Pima_County_Lidar_025333.laz
US-xSR,Eastern_Pima_County_Lidar,025338,USGS Lidar Point Cloud Eastern_Pima_County_Lidar 025338,LAZ,2015-02-20,2015-02-26,2023-04-22,29002357,-110.8687336096638,31.92596767136251,-110.85246122042986,31.93984456156979,64445a6fd34ee8d4adea59cd,https://www.sciencebase.gov/catalog/item/64445a6fd34ee8d4adea59cd,https://rockyweb.usgs.gov/vdelivery/Datasets/Staged/Elevation/LPC/Projects/Eastern_Pima_County_Lidar/AZ_Eastern_PimaCO_2015/LAZ/USGS_LPC_Eastern_Pima_County_Lidar_025338.laz
US-xSR,Eastern_Pima_County_Lidar,025343,USGS Lidar Point Cloud Eastern_Pima_County_Lidar 025343,LAZ,2015-02-20,2015-02-26,2023-04-22,37303599,-110.8685776804701,31.93971055733398,-110.85230278653474,31.953587488296648,64445a6fd34ee8d4adea59cb,https://www.sciencebase.gov/catalog/item/64445a6fd34ee8d4adea59cb,https://rockyweb.usgs.gov/vdelivery/Datasets/Staged/Elevation/LPC/Projects/Eastern_Pima_County_Lidar/AZ_Eastern_PimaCO_2015/LAZ/USGS_LPC_Eastern_Pima_County_Lidar_025343.laz
US-xSR,Eastern_Pima_County_Lidar,025348,USGS Lidar Point Cloud Eastern_Pima_County_Lidar 025348,LAZ,2015-02-20,2015-02-26,2023-04-22,30034261,-110.86842164483843,31.95345341282659,-110.8521442445,31.967330384557926,64445a6fd34ee8d4adea59c9,https://www.sciencebase.gov/catalog/item/64445a6fd34ee8d4adea59c9,https://rockyweb.usgs.gov/vdelivery/Datasets/Staged/Elevation/LPC/Projects/Eastern_Pima_County_Lidar/AZ_Eastern_PimaCO_2015/LAZ/USGS_LPC_Eastern_Pima_County_Lidar_025348.laz
US-xSR,Eastern_Pima_County_Lidar,030328,USGS Lidar Point Cloud Eastern_Pima_County_Lidar 030328,LAZ,2015-02-20,2015-02-26,2023-04-22,23550767,-110.85286930768875,31.904130190551605,-110.83666617105348,31.912224727164,64445a67d34ee8d4adea597d,https://www.sciencebase.gov/catalog/item/64445a67d34ee8d4adea597d,https://rockyweb.usgs.gov/vdelivery/Datasets/Staged/Elevation/LPC/Projects/Eastern_Pima_County_Lidar/AZ_Eastern_PimaCO_2015/LAZ/USGS_LPC_Eastern_Pima_County_Lidar_030328.laz
US-xSR,Eastern_Pima_County_Lidar,030333,USGS Lidar Point Cloud Eastern_Pima_County_Lidar 030333,LAZ,2015-02-20,2015-02-26,2023-04-22,35160522,-110.85277773152646,31.9120888229749,-110.83650555830651,31.92596764360674,64445a67d34ee8d4adea597b,https://www.sciencebase.gov/catalog/item/64445a67d34ee8d4adea597b,https://rockyweb.usgs.gov/vdelivery/Datasets/Staged/Elevation/LPC/Projects/Eastern_Pima_County_Lidar/AZ_Eastern_PimaCO_2015/LAZ/USGS_LPC_Eastern_Pima_County_Lidar_030333.laz
US-xSR,Eastern_Pima_County_Lidar,030338,USGS Lidar Point Cloud Eastern_Pima_County_Lidar 030338,LAZ,2015-02-20,2015-02-26,2023-04-22,32794361,-110.85261951370694,31.925831667139107,-110.83634483623952,31.93971050209239,64445a67d34ee8d4adea5979,https://www.sciencebase.gov/catalog/item/64445a67d34ee8d4adea5979,https://rockyweb.usgs.gov/vdelivery/Datasets/Staged/Elevation/LPC/Projects/Eastern_Pima_County_Lidar/AZ_Eastern_PimaCO_2015/LAZ/USGS_LPC_Eastern_Pima_County_Lidar_030338.laz
US-xSR,Eastern_Pima_County_Lidar,030343,USGS Lidar Point Cloud Eastern_Pima_County_Lidar 030343,LAZ,2015-02-20,2015-02-26,2023-04-22,34568178,-110.85246118788021,31.939574480810908,-110.83618400382059,31.953453385070645,64445a66d34ee8d4adea5975,https://www.sciencebase.gov/catalog/item/64445a66d34ee8d4adea5975,https://rockyweb.usgs.gov/vdelivery/Datasets/Staged/Elevation/LPC/Projects/Eastern_Pima_County_Lidar/AZ_Eastern_PimaCO_2015/LAZ/USGS_LPC_Eastern_Pima_County_Lidar_030343.laz
US-xSR,Eastern_Pima_County_Lidar,030348,USGS Lidar Point Cloud Eastern_Pima_County_Lidar 030348,LAZ,2015-02-20,2015-02-26,2023-04-22,32536340,-110.85230275398008,31.953317263982765,-110.8360230619472,31.967196210076818,64445a66d34ee8d4adea5973,https://www.sciencebase.gov/catalog/item/64445a66d34ee8d4adea5973,https://rockyweb.usgs.gov/vdelivery/Datasets/Staged/Elevation/LPC/Projects/Eastern_Pima_County_Lidar/AZ_Eastern_PimaCO_2015/LAZ/USGS_LPC_Eastern_Pima_County_Lidar_030348.laz
US-xSR,Eastern_Pima_County_Lidar,035328,USGS Lidar Point Cloud Eastern_Pima_County_Lidar 035328,LAZ,2015-02-20,2015-02-26,2023-04-22,21513621,-110.83675703303363,31.90416932104782,-110.82055468794125,31.912088767729564,64445a60d34ee8d4adea5935,https://www.sciencebase.gov/catalog/item/64445a60d34ee8d4adea5935,https://rockyweb.usgs.gov/vdelivery/Datasets/Staged/Elevation/LPC/Projects/Eastern_Pima_County_Lidar/AZ_Eastern_PimaCO_2015/LAZ/USGS_LPC_Eastern_Pima_County_Lidar_035328.laz
US-xSR,Eastern_Pima_County_Lidar,035333,USGS Lidar Point Cloud Eastern_Pima_County_Lidar 035333,LAZ,2015-02-20,2015-02-26,2023-04-22,31217337,-110.83666613850926,31.911950848714262,-110.82039168000304,31.92583163937941,64445a5fd34ee8d4adea5931,https://www.sciencebase.gov/catalog/item/64445a5fd34ee8d4adea5931,https://rockyweb.usgs.gov/vdelivery/Datasets/Staged/Elevation/LPC/Projects/Eastern_Pima_County_Lidar/AZ_Eastern_PimaCO_2015/LAZ/USGS_LPC_Eastern_Pima_County_Lidar_035333.laz
US-xSR,Eastern_Pima_County_Lidar,035338,USGS Lidar Point Cloud Eastern_Pima_County_Lidar 035338,LAZ,2015-02-20,2015-02-26,2023-04-22,31011146,-110.8365055257573,31.925693619514117,-110.8202285611148,31.939574453051108,64445a60d34ee8d4adea5933,https://www.sciencebase.gov/catalog/item/64445a60d34ee8d4adea5933,https://rockyweb.usgs.gov/vdelivery/Datasets/Staged/Elevation/LPC/Projects/Eastern_Pima_County_Lidar/AZ_Eastern_PimaCO_2015/LAZ/USGS_LPC_Eastern_Pima_County_Lidar_035338.laz
US-xSR,Eastern_Pima_County_Lidar,035343,USGS Lidar Point Cloud Eastern_Pima_County_Lidar 035343,LAZ,2015-02-20,2015-02-26,2023-04-22,38148524,-110.83634480336372,31.939436359800172,-110.82006533088244,31.95331723622289,64445a5fd34ee8d4adea592d,https://www.sciencebase.gov/catalog/item/64445a5fd34ee8d4adea592d,https://rockyweb.usgs.gov/vdelivery/Datasets/Staged/Elevation/LPC/Projects/Eastern_Pima_County_Lidar/AZ_Eastern_PimaCO_2015/LAZ/USGS_LPC_Eastern_Pima_County_Lidar_035343.laz
US-xSR,Eastern_Pima_County_Lidar,035348,USGS Lidar Point Cloud Eastern_Pima_County_Lidar 035348,LAZ,2015-02-20,2015-02-26,2023-04-22,30108414,-110.83618397126135,31.953179069564925,-110.81990198923774,31.96705998888722,64445a5ed34ee8d4adea592b,https://www.sciencebase.gov/catalog/item/64445a5ed34ee8d4adea592b,https://rockyweb.usgs.gov/vdelivery/Datasets/Staged/Elevation/LPC/Projects/Eastern_Pima_County_Lidar/AZ_Eastern_PimaCO_2015/LAZ/USGS_LPC_Eastern_Pima_County_Lidar_035348.laz
US-xSR,Eastern_Pima_County_Lidar,040328,USGS Lidar Point Cloud Eastern_Pima_County_Lidar 040328,LAZ,2015-02-20,2015-02-26,2023-04-22,20117520,-110.82064578096463,31.90412417149432,-110.80444331538507,31.911950820950697,64445a58d34ee8d4adea58f3,https://www.sciencebase.gov/catalog/item/64445a58d34ee8d4adea58f3,https://rockyweb.usgs.gov/vdelivery/Datasets/Staged/Elevation/LPC/Projects/Eastern_Pima_County_Lidar/AZ_Eastern_PimaCO_2015/LAZ/USGS_LPC_Eastern_Pima_County_Lidar_040328.laz
US-xSR,Eastern_Pima_County_Lidar,040333,USGS Lidar Point Cloud Eastern_Pima_County_Lidar 040333,LAZ,2015-02-20,2015-02-26,2023-04-22,30282934,-110.82055465506659,31.91181083218612,-110.80427791297555,31.92569359175046,64445a59d34ee8d4adea58f5,https://www.sciencebase.gov/catalog/item/64445a59d34ee8d4adea58f5,https://rockyweb.usgs.gov/vdelivery/Datasets/Staged/Elevation/LPC/Projects/Eastern_Pima_County_Lidar/AZ_Eastern_PimaCO_2015/LAZ/USGS_LPC_Eastern_Pima_County_Lidar_040333.laz
US-xSR,Eastern_Pima_County_Lidar,040338,USGS Lidar Point Cloud Eastern_Pima_County_Lidar 040338,LAZ,2015-02-20,2015-02-26,2023-04-22,30898546,-110.8203916474493,31.925553528535904,-110.80411239765577,31.939436332036454,64445a58d34ee8d4adea58f1,https://www.sciencebase.gov/catalog/item/64445a58d34ee8d4adea58f1,https://rockyweb.usgs.gov/vdelivery/Datasets/Staged/Elevation/LPC/Projects/Eastern_Pima_County_Lidar/AZ_Eastern_PimaCO_2015/LAZ/USGS_LPC_Eastern_Pima_County_Lidar_040338.laz
US-xSR,Eastern_Pima_County_Lidar,040343,USGS Lidar Point Cloud Eastern_Pima_County_Lidar 040343,LAZ,2015-02-20,2015-02-26,2023-04-22,35569143,-110.82022852855602,31.939296194350216,-110.80394676968804,31.95317901431571,64445a57d34ee8d4adea58ef,https://www.sciencebase.gov/catalog/item/64445a57d34ee8d4adea58ef,https://rockyweb.usgs.gov/vdelivery/Datasets/Staged/Elevation/LPC/Projects/Eastern_Pima_County_Lidar/AZ_Eastern_PimaCO_2015/LAZ/USGS_LPC_Eastern_Pima_County_Lidar_040343.laz
US-xSR,Eastern_Pima_County_Lidar,040348,USGS Lidar Point Cloud Eastern_Pima_County_Lidar 040348,LAZ,2015-02-20,2015-02-26,2023-04-22,31562890,-110.82006529831864,31.953038829621526,-110.80378102800891,31.966921721036922,64445a57d34ee8d4adea58ed,https://www.sciencebase.gov/catalog/item/64445a57d34ee8d4adea58ed,https://rockyweb.usgs.gov/vdelivery/Datasets/Staged/Elevation/LPC/Projects/Eastern_Pima_County_Lidar/AZ_Eastern_PimaCO_2015/LAZ/USGS_LPC_Eastern_Pima_County_Lidar_040348.laz
US-xSR,Eastern_Pima_County_Lidar,045328,USGS Lidar Point Cloud Eastern_Pima_County_Lidar 045328,LAZ,2015-02-20,2015-02-26,2023-04-22,20154755,-110.80453367549482,31.904154432885072,-110.78833205599591,31.911810804418618,64445a51d34ee8d4adea58af,https://www.sciencebase.gov/catalog/item/64445a51d34ee8d4adea58af,https://rockyweb.usgs.gov/vdelivery/Datasets/Staged/Elevation/LPC/Projects/Eastern_Pima_County_Lidar/AZ_Eastern_PimaCO_2015/LAZ/USGS_LPC_Eastern_Pima_County_Lidar_045328.laz
US-xSR,Eastern_Pima_County_Lidar,045333,USGS Lidar Point Cloud Eastern_Pima_County_Lidar 045333,LAZ,2015-02-20,2015-02-26,2023-04-22,32577935,-110.80444328283176,31.911668773439544,-110.7881642591939,31.925553473282957,64445a51d34ee8d4adea58ad,https://www.sciencebase.gov/catalog/item/64445a51d34ee8d4adea58ad,https://rockyweb.usgs.gov/vdelivery/Datasets/Staged/Elevation/LPC/Projects/Eastern_Pima_County_Lidar/AZ_Eastern_PimaCO_2015/LAZ/USGS_LPC_Eastern_Pima_County_Lidar_045333.laz
US-xSR,Eastern_Pima_County_Lidar,045338,USGS Lidar Point Cloud Eastern_Pima_County_Lidar 045338,LAZ,2015-02-20,2015-02-26,2023-04-22,34591980,-110.80427788041719,31.925411394253597,-110.78799634751203,31.93929613909724,64445a52d34ee8d4adea58b5,https://www.sciencebase.gov/catalog/item/64445a52d34ee8d4adea58b5,https://rockyweb.usgs.gov/vdelivery/Datasets/Staged/Elevation/LPC/Projects/Eastern_Pima_County_Lidar/AZ_Eastern_PimaCO_2015/LAZ/USGS_LPC_Eastern_Pima_County_Lidar_045338.laz
US-xSR,Eastern_Pima_County_Lidar,045343,USGS Lidar Point Cloud Eastern_Pima_County_Lidar 045343,LAZ,2015-02-20,2015-02-26,2023-04-22,37714805,-110.80411236509241,31.939153984510178,-110.78782832087944,31.953038801853758,64445a52d34ee8d4adea58b3,https://www.sciencebase.gov/catalog/item/64445a52d34ee8d4adea58b3,https://rockyweb.usgs.gov/vdelivery/Datasets/Staged/Elevation/LPC/Projects/Eastern_Pima_County_Lidar/AZ_Eastern_PimaCO_2015/LAZ/USGS_LPC_Eastern_Pima_County_Lidar_045343.laz
US-xSR,Eastern_Pima_County_Lidar,045348,USGS Lidar Point Cloud Eastern_Pima_County_Lidar 045348,LAZ,2015-02-20,2015-02-26,2023-04-22,28680730,-110.80394673678828,31.952896544201728,-110.787660179898,31.96678140657439,64445a52d34ee8d4adea58b1,https://www.sciencebase.gov/catalog/item/64445a52d34ee8d4adea58b1,https://rockyweb.usgs.gov/vdelivery/Datasets/Staged/Elevation/LPC/Projects/Eastern_Pima_County_Lidar/AZ_Eastern_PimaCO_2015/LAZ/USGS_LPC_Eastern_Pima_County_Lidar_045348.laz
US-xSR,Eastern_Pima_County_Lidar,050328,USGS Lidar Point Cloud Eastern_Pima_County_Lidar 050328,LAZ,2015-02-20,2015-02-26,2023-04-22,40095593,-110.78849970610644,31.897782097759464,-110.772220911081,31.911668745668116,64445a4cd34ee8d4adea5869,https://www.sciencebase.gov/catalog/item/64445a4cd34ee8d4adea5869,https://rockyweb.usgs.gov/vdelivery/Datasets/Staged/Elevation/LPC/Projects/Eastern_Pima_County_Lidar/AZ_Eastern_PimaCO_2015/LAZ/USGS_LPC_Eastern_Pima_County_Lidar_050328.laz
US-xSR,Eastern_Pima_County_Lidar,050333,USGS Lidar Point Cloud Eastern_Pima_County_Lidar 050333,LAZ,2015-02-20,2015-02-26,2023-04-22,56393184,-110.78833202343802,31.911524672524312,-110.77205071928525,31.925411366482074,64445a4bd34ee8d4adea5865,https://www.sciencebase.gov/catalog/item/64445a4bd34ee8d4adea5865,https://rockyweb.usgs.gov/vdelivery/Datasets/Staged/Elevation/LPC/Projects/Eastern_Pima_County_Lidar/AZ_Eastern_PimaCO_2015/LAZ/USGS_LPC_Eastern_Pima_County_Lidar_050333.laz
US-xSR,Eastern_Pima_County_Lidar,050338,USGS Lidar Point Cloud Eastern_Pima_County_Lidar 050338,LAZ,2015-02-20,2015-02-26,2023-04-22,56999408,-110.7881642262953,31.925267216717003,-110.77188041165171,31.939153929253415,64445a4cd34ee8d4adea5867,https://www.sciencebase.gov/catalog/item/64445a4cd34ee8d4adea5867,https://rockyweb.usgs.gov/vdelivery/Datasets/Staged/Elevation/LPC/Projects/Eastern_Pima_County_Lidar/AZ_Eastern_PimaCO_2015/LAZ/USGS_LPC_Eastern_Pima_County_Lidar_050338.laz
US-xSR,Eastern_Pima_County_Lidar,050343,USGS Lidar Point Cloud Eastern_Pima_County_Lidar 050343,LAZ,2015-02-20,2015-02-26,2023-04-22,58930662,-110.78799631460818,31.93900973032991,-110.77170998708704,31.95289651643002,64445a4bd34ee8d4adea5863,https://www.sciencebase.gov/catalog/item/64445a4bd34ee8d4adea5863,https://rockyweb.usgs.gov/vdelivery/Datasets/Staged/Elevation/LPC/Projects/Eastern_Pima_County_Lidar/AZ_Eastern_PimaCO_2015/LAZ/USGS_LPC_Eastern_Pima_County_Lidar_050343.laz
US-xSR,Eastern_Pima_County_Lidar,050348,USGS Lidar Point Cloud Eastern_Pima_County_Lidar 050348,LAZ,2015-02-20,2015-02-26,2023-04-22,53617577,-110.7878282883065,31.952752213355446,-110.77153944654219,31.96663904554887,64445a4bd34ee8d4adea5861,https://www.sciencebase.gov/catalog/item/64445a4bd34ee8d4adea5861,https://rockyweb.usgs.gov/vdelivery/Datasets/Staged/Elevation/LPC/Projects/Eastern_Pima_County_Lidar/AZ_Eastern_PimaCO_2015/LAZ/USGS_LPC_Eastern_Pima_County_Lidar_050348.laz
US-Wkg,AZ_CochiseCounty_2020_B20,12R_XA_0006,USGS Lidar Point Cloud AZ_CochiseCounty_2020_B20 12R_XA_0006,LAZ,2020-09-24,2020-12-08,2021-10-30,56370251,-109.94414528164947,31.684868693130547,-109.93426498529759,31.693924740120703,6182252ad34e9f2789e466e9,https://www.sciencebase.gov/catalog/item/6182252ad34e9f2789e466e9,https://rockyweb.usgs.gov/vdelivery/Datasets/Staged/Elevation/LPC/Projects/AZ_CochiseCounty_2020_B20/AZ_CochiseCounty_3_2020/LAZ/USGS_LPC_AZ_CochiseCounty_2020_B20_12R_XA_0006.laz
US-Wkg,AZ_CochiseCounty_2020_B20,12R_XA_0007,USGS Lidar Point Cloud AZ_CochiseCounty_2020_B20 12R_XA_0007,LAZ,2020-09-24,2020-12-08,2021-10-30,77839221,-109.94008746488012,31.693889382048084,-109.93416184873213,31.702959437845525,61822116d34e9f2789e452d0,https://www.sciencebase.gov/catalog/item/61822116d34e9f2789e452d0,https://rockyweb.usgs.gov/vdelivery/Datasets/Staged/Elevation/LPC/Projects/AZ_CochiseCounty_2020_B20/AZ_CochiseCounty_3_2020/LAZ/USGS_LPC_AZ_CochiseCounty_2020_B20_12R_XA_0007.laz
US-Wkg,AZ_CochiseCounty_2020_B20,12R_XA_0008,USGS Lidar Point Cloud AZ_CochiseCounty_2020_B20 12R_XA_0008,LAZ,2020-09-24,2020-12-08,2021-10-30,119622042,-109.94166427273218,31.702910057890687,-109.93405866580244,31.711994081857185,618226c0d34e9f2789e47181,https://www.sciencebase.gov/catalog/item/618226c0d34e9f2789e47181,https://rockyweb.usgs.gov/vdelivery/Datasets/Staged/Elevation/LPC/Projects/AZ_CochiseCounty_2020_B20/AZ_CochiseCounty_3_2020/LAZ/USGS_LPC_AZ_CochiseCounty_2020_B20_12R_XA_0008.laz
US-Wkg,AZ_CochiseCounty_2020_B20,12R_XA_0009,USGS Lidar Point Cloud AZ_CochiseCounty_2020_B20 12R_XA_0009,LAZ,2020-09-24,2020-12-08,2021-10-30,157919786,-109.94315541032707,31.711930729676872,-109.9339554366964,31.721027004247635,61822bdcd34e9f2789e488f1,https://www.sciencebase.gov/catalog/item/61822bdcd34e9f2789e488f1,https://rockyweb.usgs.gov/vdelivery/Datasets/Staged/Elevation/LPC/Projects/AZ_CochiseCounty_2020_B20/AZ_CochiseCounty_3_2020/LAZ/USGS_LPC_AZ_CochiseCounty_2020_B20_12R_XA_0009.laz
US-Wkg,AZ_CochiseCounty_2020_B20,12R_XA_0010,USGS Lidar Point Cloud AZ_CochiseCounty_2020_B20 12R_XA_0010,LAZ,2020-09-24,2020-12-08,2021-10-30,17221137,-109.94303049035794,31.72095137945141,-109.93385217205332,31.729973964580005,6182261dd34e9f2789e46d85,https://www.sciencebase.gov/catalog/item/6182261dd34e9f2789e46d85,https://rockyweb.usgs.gov/vdelivery/Datasets/Staged/Elevation/LPC/Projects/AZ_CochiseCounty_2020_B20/AZ_CochiseCounty_3_2020/LAZ/USGS_LPC_AZ_CochiseCounty_2020_B20_12R_XA_0010.laz
US-Wkg,AZ_CochiseCounty_2020_B20,12R_XA_0011,USGS Lidar Point Cloud AZ_CochiseCounty_2020_B20 12R_XA_0011,LAZ,2020-09-24,2020-12-08,2021-10-30,1806802,-109.9342209459642,31.729972043029928,-109.93383469780248,31.731497001862074,61822460d34e9f2789e4627f,https://www.sciencebase.gov/catalog/item/61822460d34e9f2789e4627f,https://rockyweb.usgs.gov/vdelivery/Datasets/Staged/Elevation/LPC/Projects/AZ_CochiseCounty_2020_B20/AZ_CochiseCounty_3_2020/LAZ/USGS_LPC_AZ_CochiseCounty_2020_B20_12R_XA_0011.laz
US-Wkg,AZ_CochiseCounty_2020_B20,12R_XA_0106,USGS Lidar Point Cloud AZ_CochiseCounty_2020_B20 12R_XA_0106,LAZ,2020-09-24,2020-12-08,2021-10-30,212350868,-109.93436807551741,31.684780124101803,-109.92371474433232,31.6938893730274,6182242bd34e9f2789e46171,https://www.sciencebase.gov/catalog/item/6182242bd34e9f2789e46171,https://rockyweb.usgs.gov/vdelivery/Datasets/Staged/Elevation/LPC/Projects/AZ_CochiseCounty_2020_B20/AZ_CochiseCounty_3_2020/LAZ/USGS_LPC_AZ_CochiseCounty_2020_B20_12R_XA_0106.laz
US-Wkg,AZ_CochiseCounty_2020_B20,12R_XA_0107,USGS Lidar Point Cloud AZ_CochiseCounty_2020_B20 12R_XA_0107,LAZ,2020-09-24,2020-12-08,2021-10-30,220809782,-109.93426498519447,31.69380078198527,-109.92361058724482,31.70291004887002,618228c1d34e9f2789e47abf,https://www.sciencebase.gov/catalog/item/618228c1d34e9f2789e47abf,https://rockyweb.usgs.gov/vdelivery/Datasets/Staged/Elevation/LPC/Projects/AZ_CochiseCounty_2020_B20/AZ_CochiseCounty_3_2020/LAZ/USGS_LPC_AZ_CochiseCounty_2020_B20_12R_XA_0107.laz
US-Wkg,AZ_CochiseCounty_2020_B20,12R_XA_0108,USGS Lidar Point Cloud AZ_CochiseCounty_2020_B20 12R_XA_0108,LAZ,2020-09-24,2020-12-08,2021-10-30,222144222,-109.93416184862897,31.702821426787928,-109.92350638333446,31.711930720656213,61822614d34e9f2789e46d4b,https://www.sciencebase.gov/catalog/item/61822614d34e9f2789e46d4b,https://rockyweb.usgs.gov/vdelivery/Datasets/Staged/Elevation/LPC/Projects/AZ_CochiseCounty_2020_B20/AZ_CochiseCounty_3_2020/LAZ/USGS_LPC_AZ_CochiseCounty_2020_B20_12R_XA_0108.laz
US-Wkg,AZ_CochiseCounty_2020_B20,12R_XA_0109,USGS Lidar Point Cloud AZ_CochiseCounty_2020_B20 12R_XA_0109,LAZ,2020-09-24,2020-12-08,2021-10-30,225158211,-109.93405866569924,31.711842067528263,-109.92340213279098,31.720951370342508,618226c7d34e9f2789e471a9,https://www.sciencebase.gov/catalog/item/618226c7d34e9f2789e471a9,https://rockyweb.usgs.gov/vdelivery/Datasets/Staged/Elevation/LPC/Projects/AZ_CochiseCounty_2020_B20/AZ_CochiseCounty_3_2020/LAZ/USGS_LPC_AZ_CochiseCounty_2020_B20_12R_XA_0109.laz
US-Wkg,AZ_CochiseCounty_2020_B20,12R_XA_0110,USGS Lidar Point Cloud AZ_CochiseCounty_2020_B20 12R_XA_0110,LAZ,2020-09-24,2020-12-08,2021-10-30,199894619,-109.93395542603982,31.7208626860737,-109.92329782493722,31.72997200685913,618226a2d34e9f2789e470bd,https://www.sciencebase.gov/catalog/item/618226a2d34e9f2789e470bd,https://rockyweb.usgs.gov/vdelivery/Datasets/Staged/Elevation/LPC/Projects/AZ_CochiseCounty_2020_B20/AZ_CochiseCounty_3_2020/LAZ/USGS_LPC_AZ_CochiseCounty_2020_B20_12R_XA_0110.laz
US-Wkg,AZ_CochiseCounty_2020_B20,12R_XA_0111,USGS Lidar Point Cloud AZ_CochiseCounty_2020_B20 12R_XA_0111,LAZ,2020-09-24,2020-12-08,2021-10-30,64608563,-109.9338521506347,31.729883291620954,-109.92319348086211,31.738918529875267,61821ef9d34e9f2789e44d28,https://www.sciencebase.gov/catalog/item/61821ef9d34e9f2789e44d28,https://rockyweb.usgs.gov/vdelivery/Datasets/Staged/Elevation/LPC/Projects/AZ_CochiseCounty_2020_B20/AZ_CochiseCounty_3_2020/LAZ/USGS_LPC_AZ_CochiseCounty_2020_B20_12R_XA_0111.laz
US-Wkg,AZ_CochiseCounty_2020_B20,12R_XA_0112,USGS Lidar Point Cloud AZ_CochiseCounty_2020_B20 12R_XA_0112,LAZ,2020-09-24,2020-12-08,2021-10-30,44134531,-109.92650475822445,31.738903884078788,-109.92308908999364,31.747953276966008,61822544d34e9f2789e46797,https://www.sciencebase.gov/catalog/item/61822544d34e9f2789e46797,https://rockyweb.usgs.gov/vdelivery/Datasets/Staged/Elevation/LPC/Projects/AZ_CochiseCounty_2020_B20/AZ_CochiseCounty_3_2020/LAZ/USGS_LPC_AZ_CochiseCounty_2020_B20_12R_XA_0112.laz
US-Wkg,AZ_CochiseCounty_2020_B20,12R_XA_0113,USGS Lidar Point Cloud AZ_CochiseCounty_2020_B20 12R_XA_0113,LAZ,2020-09-24,2020-12-08,2021-10-30,22672298,-109.92683182126399,31.747924463445045,-109.9230519790405,31.751130560249432,61821f7ed34e9f2789e44e72,https://www.sciencebase.gov/catalog/item/61821f7ed34e9f2789e44e72,https://rockyweb.usgs.gov/vdelivery/Datasets/Staged/Elevation/LPC/Projects/AZ_CochiseCounty_2020_B20/AZ_CochiseCounty_3_2020/LAZ/USGS_LPC_AZ_CochiseCounty_2020_B20_12R_XA_0113.laz
US-Wkg,AZ_CochiseCounty_2020_B20,12R_XA_0206,USGS Lidar Point Cloud AZ_CochiseCounty_2020_B20 12R_XA_0206,LAZ,2020-09-24,2020-12-08,2021-10-30,198534527,-109.92381884406653,31.684690682840564,-109.91316453951676,31.693800772875584,61822af9d34e9f2789e48489,https://www.sciencebase.gov/catalog/item/61822af9d34e9f2789e48489,https://rockyweb.usgs.gov/vdelivery/Datasets/Staged/Elevation/LPC/Projects/AZ_CochiseCounty_2020_B20/AZ_CochiseCounty_3_2020/LAZ/USGS_LPC_AZ_CochiseCounty_2020_B20_12R_XA_0206.laz
US-Wkg,AZ_CochiseCounty_2020_B20,12R_XA_0207,USGS Lidar Point Cloud AZ_CochiseCounty_2020_B20 12R_XA_0207,LAZ,2020-09-24,2020-12-08,2021-10-30,182338394,-109.92371473367795,31.6937113093844,-109.91305936192487,31.70282141767823,61822036d34e9f2789e45024,https://www.sciencebase.gov/catalog/item/61822036d34e9f2789e45024,https://rockyweb.usgs.gov/vdelivery/Datasets/Staged/Elevation/LPC/Projects/AZ_CochiseCounty_2020_B20/AZ_CochiseCounty_3_2020/LAZ/USGS_LPC_AZ_CochiseCounty_2020_B20_12R_XA_0207.laz
US-Wkg,AZ_CochiseCounty_2020_B20,12R_XA_0208,USGS Lidar Point Cloud AZ_CochiseCounty_2020_B20 12R_XA_0208,LAZ,2020-09-24,2020-12-08,2021-10-30,195481429,-109.9236105765894,31.702731922841487,-109.91295413705147,31.71184205841853,61822342d34e9f2789e45ca6,https://www.sciencebase.gov/catalog/item/61822342d34e9f2789e45ca6,https://rockyweb.usgs.gov/vdelivery/Datasets/Staged/Elevation/LPC/Projects/AZ_CochiseCounty_2020_B20/AZ_CochiseCounty_3_2020/LAZ/USGS_LPC_AZ_CochiseCounty_2020_B20_12R_XA_0208.laz
US-Wkg,AZ_CochiseCounty_2020_B20,12R_XA_0209,USGS Lidar Point Cloud AZ_CochiseCounty_2020_B20 12R_XA_0209,LAZ,2020-09-24,2020-12-08,2021-10-30,179002624,-109.92350637267798,31.71175253223028,-109.9128488650882,31.72086267705308,6182267bd34e9f2789e46fcd,https://www.sciencebase.gov/catalog/item/6182267bd34e9f2789e46fcd,https://rockyweb.usgs.gov/vdelivery/Datasets/Staged/Elevation/LPC/Projects/AZ_CochiseCounty_2020_B20/AZ_CochiseCounty_3_2020/LAZ/USGS_LPC_AZ_CochiseCounty_2020_B20_12R_XA_0209.laz
US-Wkg,AZ_CochiseCounty_2020_B20,12R_XA_0210,USGS Lidar Point Cloud AZ_CochiseCounty_2020_B20 12R_XA_0210,LAZ,2020-09-24,2020-12-08,2021-10-30,187791186,-109.92340212213342,31.720773119507395,-109.912743545911,31.729883282600355,61822162d34e9f2789e453e0,https://www.sciencebase.gov/catalog/item/61822162d34e9f2789e453e0,https://rockyweb.usgs.gov/vdelivery/Datasets/Staged/Elevation/LPC/Projects/AZ_CochiseCounty_2020_B20/AZ_CochiseCounty_3_2020/LAZ/USGS_LPC_AZ_CochiseCounty_2020_B20_12R_XA_0210.laz
US-Wkg,AZ_CochiseCounty_2020_B20,12R_XA_0211,USGS Lidar Point Cloud AZ_CochiseCounty_2020_B20 12R_XA_0211,LAZ,2020-09-24,2020-12-08,2021-10-30,186987818,-109.9232978248329,31.729793693691295,-109.912638179501,31.738903875058213,61822b7bd34e9f2789e48741,https://www.sciencebase.gov/catalog/item/61822b7bd34e9f2789e48741,https://rockyweb.usgs.gov/vdelivery/Datasets/Staged/Elevation/LPC/Projects/AZ_CochiseCounty_2020_B20/AZ_CochiseCounty_3_2020/LAZ/USGS_LPC_AZ_CochiseCounty_2020_B20_12R_XA_0211.laz
US-Wkg,AZ_CochiseCounty_2020_B20,12R_XA_0212,USGS Lidar Point Cloud AZ_CochiseCounty_2020_B20 12R_XA_0212,LAZ,2020-09-24,2020-12-08,2021-10-30,176373938,-109.92319348075773,31.73881425477981,-109.91253276583934,31.747924454424478,61822c1dd34e9f2789e48a39,https://www.sciencebase.gov/catalog/item/61822c1dd34e9f2789e48a39,https://rockyweb.usgs.gov/vdelivery/Datasets/Staged/Elevation/LPC/Projects/AZ_CochiseCounty_2020_B20/AZ_CochiseCounty_3_2020/LAZ/USGS_LPC_AZ_CochiseCounty_2020_B20_12R_XA_0212.laz
US-Wkg,AZ_CochiseCounty_2020_B20,12R_XA_0213,USGS Lidar Point Cloud AZ_CochiseCounty_2020_B20 12R_XA_0213,LAZ,2020-09-24,2020-12-08,2021-10-30,109972443,-109.92308907933287,31.747834802770804,-109.91242730490711,31.756897169898796,6182260dd34e9f2789e46d17,https://www.sciencebase.gov/catalog/item/6182260dd34e9f2789e46d17,https://rockyweb.usgs.gov/vdelivery/Datasets/Staged/Elevation/LPC/Projects/AZ_CochiseCounty_2020_B20/AZ_CochiseCounty_3_2020/LAZ/USGS_LPC_AZ_CochiseCounty_2020_B20_12R_XA_0213.laz
US-Wkg,AZ_CochiseCounty_2020_B20,12R_XA_0214,USGS Lidar Point Cloud AZ_CochiseCounty_2020_B20 12R_XA_0214,LAZ,2020-09-24,2020-12-08,2021-10-30,39435236,-109.91789135304576,31.756855337662106,-109.91237250857414,31.761541012163335,61822617d34e9f2789e46d65,https://www.sciencebase.gov/catalog/item/61822617d34e9f2789e46d65,https://rockyweb.usgs.gov/vdelivery/Datasets/Staged/Elevation/LPC/Projects/AZ_CochiseCounty_2020_B20/AZ_CochiseCounty_3_2020/LAZ/USGS_LPC_AZ_CochiseCounty_2020_B20_12R_XA_0214.laz
US-Wkg,AZ_CochiseCounty_2020_B20,12R_XA_0306,USGS Lidar Point Cloud AZ_CochiseCounty_2020_B20 12R_XA_0306,LAZ,2020-09-24,2020-12-08,2021-10-30,210614731,-109.91326965929701,31.684600369448436,-109.90261438185861,31.69371130027386,61822cbed34e9f2789e48ce7,https://www.sciencebase.gov/catalog/item/61822cbed34e9f2789e48ce7,https://rockyweb.usgs.gov/vdelivery/Datasets/Staged/Elevation/LPC/Projects/AZ_CochiseCounty_2020_B20/AZ_CochiseCounty_3_2020/LAZ/USGS_LPC_AZ_CochiseCounty_2020_B20_12R_XA_0306.laz
US-Wkg,AZ_CochiseCounty_2020_B20,12R_XA_0307,USGS Lidar Point Cloud AZ_CochiseCounty_2020_B20 12R_XA_0307,LAZ,2020-09-24,2020-12-08,2021-10-30,223252444,-109.91316452886143,31.69362096434711,-109.90250818378112,31.702731913730947,6182279bd34e9f2789e4752f,https://www.sciencebase.gov/catalog/item/6182279bd34e9f2789e4752f,https://rockyweb.usgs.gov/vdelivery/Datasets/Staged/Elevation/LPC/Projects/AZ_CochiseCounty_2020_B20/AZ_CochiseCounty_3_2020/LAZ/USGS_LPC_AZ_CochiseCounty_2020_B20_12R_XA_0307.laz
US-Wkg,AZ_CochiseCounty_2020_B20,12R_XA_0308,USGS Lidar Point Cloud AZ_CochiseCounty_2020_B20 12R_XA_0308,LAZ,2020-09-24,2020-12-08,2021-10-30,223092328,-109.91305935126844,31.702641546153032,-109.90240193796353,31.711752523119713,61822cc3d34e9f2789e48cfb,https://www.sciencebase.gov/catalog/item/61822cc3d34e9f2789e48cfb,https://rockyweb.usgs.gov/vdelivery/Datasets/Staged/Elevation/LPC/Projects/AZ_CochiseCounty_2020_B20/AZ_CochiseCounty_3_2020/LAZ/USGS_LPC_AZ_CochiseCounty_2020_B20_12R_XA_0308.laz
US-Wkg,AZ_CochiseCounty_2020_B20,12R_XA_0309,USGS Lidar Point Cloud AZ_CochiseCounty_2020_B20 12R_XA_0309,LAZ,2020-09-24,2020-12-08,2021-10-30,213218635,-109.91295412639398,31.71166212388464,-109.90229564459933,31.720773110396806,61822634d34e9f2789e46e37,https://www.sciencebase.gov/catalog/item/61822634d34e9f2789e46e37,https://rockyweb.usgs.gov/vdelivery/Datasets/Staged/Elevation/LPC/Projects/AZ_CochiseCounty_2020_B20/AZ_CochiseCounty_3_2020/LAZ/USGS_LPC_AZ_CochiseCounty_2020_B20_12R_XA_0309.laz
US-Wkg,AZ_CochiseCounty_2020_B20,12R_XA_0310,USGS Lidar Point Cloud AZ_CochiseCounty_2020_B20 12R_XA_0310,LAZ,2020-09-24,2020-12-08,2021-10-30,215772744,-109.91284885442965,31.72068267949861,-109.90218930356326,31.72979368458069,61822136d34e9f2789e45346,https://www.sciencebase.gov/catalog/item/61822136d34e9f2789e45346,https://rockyweb.usgs.gov/vdelivery/Datasets/Staged/Elevation/LPC/Projects/AZ_CochiseCounty_2020_B20/AZ_CochiseCounty_3_2020/LAZ/USGS_LPC_AZ_CochiseCounty_2020_B20_12R_XA_0310.laz
US-Wkg,AZ_CochiseCounty_2020_B20,12R_XA_0311,USGS Lidar Point Cloud AZ_CochiseCounty_2020_B20 12R_XA_0311,LAZ,2020-09-24,2020-12-08,2021-10-30,233498143,-109.9127435352514,31.729703222013352,-109.90208291483624,31.738814245669193,6182283dd34e9f2789e4785f,https://www.sciencebase.gov/catalog/item/6182283dd34e9f2789e4785f,https://rockyweb.usgs.gov/vdelivery/Datasets/Staged/Elevation/LPC/Projects/AZ_CochiseCounty_2020_B20/AZ_CochiseCounty_3_2020/LAZ/USGS_LPC_AZ_CochiseCounty_2020_B20_12R_XA_0311.laz
US-Wkg,AZ_CochiseCounty_2020_B20,12R_XA_0312,USGS Lidar Point Cloud AZ_CochiseCounty_2020_B20 12R_XA_0312,LAZ,2020-09-24,2020-12-08,2021-10-30,219613977,-109.91263816884032,31.7387237514267,-109.90197647839925,31.74783479366017,6182229cd34e9f2789e45968,https://www.sciencebase.gov/catalog/item/6182229cd34e9f2789e45968,https://rockyweb.usgs.gov/vdelivery/Datasets/Staged/Elevation/LPC/Projects/AZ_CochiseCounty_2020_B20/AZ_CochiseCounty_3_2020/LAZ/USGS_LPC_AZ_CochiseCounty_2020_B20_12R_XA_0312.laz
US-Wkg,AZ_CochiseCounty_2020_B20,12R_XA_0313,USGS Lidar Point Cloud AZ_CochiseCounty_2020_B20 12R_XA_0313,LAZ,2020-09-24,2020-12-08,2021-10-30,212433183,-109.9125327551776,31.747744267736522,-109.9018699942332,31.756855328551445,618228b8d34e9f2789e47aa1,https://www.sciencebase.gov/catalog/item/618228b8d34e9f2789e47aa1,https://rockyweb.usgs.gov/vdelivery/Datasets/Staged/Elevation/LPC/Projects/AZ_CochiseCounty_2020_B20/AZ_CochiseCounty_3_2020/LAZ/USGS_LPC_AZ_CochiseCounty_2020_B20_12R_XA_0313.laz
US-Wkg,AZ_CochiseCounty_2020_B20,12R_XA_0314,USGS Lidar Point Cloud AZ_CochiseCounty_2020_B20 12R_XA_0314,LAZ,2020-09-24,2020-12-08,2021-10-30,179739884,-109.9124272942443,31.756764770940645,-109.901763462319,31.765840426322555,61822afdd34e9f2789e4849b,https://www.sciencebase.gov/catalog/item/61822afdd34e9f2789e4849b,https://rockyweb.usgs.gov/vdelivery/Datasets/Staged/Elevation/LPC/Projects/AZ_CochiseCounty_2020_B20/AZ_CochiseCounty_3_2020/LAZ/USGS_LPC_AZ_CochiseCounty_2020_B20_12R_XA_0314.laz
US-Wkg,AZ_CochiseCounty_2020_B20,12R_XA_0315,USGS Lidar Point Cloud AZ_CochiseCounty_2020_B20 12R_XA_0315,LAZ,2020-09-24,2020-12-08,2021-10-30,88038857,-109.9089493529729,31.765785261036903,-109.90169062848189,31.77195037243902,61822c9fd34e9f2789e48c53,https://www.sciencebase.gov/catalog/item/61822c9fd34e9f2789e48c53,https://rockyweb.usgs.gov/vdelivery/Datasets/Staged/Elevation/LPC/Projects/AZ_CochiseCounty_2020_B20/AZ_CochiseCounty_3_2020/LAZ/USGS_LPC_AZ_CochiseCounty_2020_B20_12R_XA_0315.laz
US-Wkg,AZ_CochiseCounty_2020_B20,12R_XA_0406,USGS Lidar Point Cloud AZ_CochiseCounty_2020_B20 12R_XA_0406,LAZ,2020-09-24,2020-12-08,2021-10-30,185260545,-109.90272052166607,31.684509183939,-109.89206427181529,31.69362095523574,618224e2d34e9f2789e46525,https://www.sciencebase.gov/catalog/item/618224e2d34e9f2789e46525,https://rockyweb.usgs.gov/vdelivery/Datasets/Staged/Elevation/LPC/Projects/AZ_CochiseCounty_2020_B20/AZ_CochiseCounty_3_2020/LAZ/USGS_LPC_AZ_CochiseCounty_2020_B20_12R_XA_0406.laz
US-Wkg,AZ_CochiseCounty_2020_B20,12R_XA_0407,USGS Lidar Point Cloud AZ_CochiseCounty_2020_B20 12R_XA_0407,LAZ,2020-09-24,2020-12-08,2021-10-30,193762811,-109.9026143712023,31.693529746886995,-109.89195705327121,31.702641537041654,6182228ed34e9f2789e45900,https://www.sciencebase.gov/catalog/item/6182228ed34e9f2789e45900,https://rockyweb.usgs.gov/vdelivery/Datasets/Staged/Elevation/LPC/Projects/AZ_CochiseCounty_2020_B20/AZ_CochiseCounty_3_2020/LAZ/USGS_LPC_AZ_CochiseCounty_2020_B20_12R_XA_0407.laz
US-Wkg,AZ_CochiseCounty_2020_B20,12R_XA_0408,USGS Lidar Point Cloud AZ_CochiseCounty_2020_B20 12R_XA_0408,LAZ,2020-09-24,2020-12-08,2021-10-30,194573571,-109.90250817312375,31.70255029673619,-109.89184978652845,31.71166211477324,618226e7d34e9f2789e47229,https://www.sciencebase.gov/catalog/item/618226e7d34e9f2789e47229,https://rockyweb.usgs.gov/vdelivery/Datasets/Staged/Elevation/LPC/Projects/AZ_CochiseCounty_2020_B20/AZ_CochiseCounty_3_2020/LAZ/USGS_LPC_AZ_CochiseCounty_2020_B20_12R_XA_0408.laz
US-Wkg,AZ_CochiseCounty_2020_B20,12R_XA_0409,USGS Lidar Point Cloud AZ_CochiseCounty_2020_B20 12R_XA_0409,LAZ,2020-09-24,2020-12-08,2021-10-30,201270183,-109.90240192730509,31.71157084250497,-109.89174247178235,31.72068267038718,61822789d34e9f2789e474df,https://www.sciencebase.gov/catalog/item/61822789d34e9f2789e474df,https://rockyweb.usgs.gov/vdelivery/Datasets/Staged/Elevation/LPC/Projects/AZ_CochiseCounty_2020_B20/AZ_CochiseCounty_3_2020/LAZ/USGS_LPC_AZ_CochiseCounty_2020_B20_12R_XA_0409.laz
US-Wkg,AZ_CochiseCounty_2020_B20,12R_XA_0410,USGS Lidar Point Cloud AZ_CochiseCounty_2020_B20 12R_XA_0410,LAZ,2020-09-24,2020-12-08,2021-10-30,185177333,-109.90229563393983,31.720591366150085,-109.89163510890643,31.72970321290191,61822403d34e9f2789e4609d,https://www.sciencebase.gov/catalog/item/61822403d34e9f2789e4609d,https://rockyweb.usgs.gov/vdelivery/Datasets/Staged/Elevation/LPC/Projects/AZ_CochiseCounty_2020_B20/AZ_CochiseCounty_3_2020/LAZ/USGS_LPC_AZ_CochiseCounty_2020_B20_12R_XA_0410.laz
US-Wkg,AZ_CochiseCounty_2020_B20,12R_XA_0411,USGS Lidar Point Cloud AZ_CochiseCounty_2020_B20 12R_XA_0411,LAZ,2020-09-24,2020-12-08,2021-10-30,185633179,-109.90218929290268,31.729611876689916,-109.89152769788147,31.73872374231525,618222e4d34e9f2789e45b08,https://www.sciencebase.gov/catalog/item/618222e4d34e9f2789e45b08,https://rockyweb.usgs.gov/vdelivery/Datasets/Staged/Elevation/LPC/Projects/AZ_CochiseCounty_2020_B20/AZ_CochiseCounty_3_2020/LAZ/USGS_LPC_AZ_CochiseCounty_2020_B20_12R_XA_0411.laz
US-Wkg,AZ_CochiseCounty_2020_B20,12R_XA_0412,USGS Lidar Point Cloud AZ_CochiseCounty_2020_B20 12R_XA_0412,LAZ,2020-09-24,2020-12-08,2021-10-30,197148949,-109.90208290417459,31.738632374122293,-109.89142023868823,31.74774425862504,61822881d34e9f2789e479b5,https://www.sciencebase.gov/catalog/item/61822881d34e9f2789e479b5,https://rockyweb.usgs.gov/vdelivery/Datasets/Staged/Elevation/LPC/Projects/AZ_CochiseCounty_2020_B20/AZ_CochiseCounty_3_2020/LAZ/USGS_LPC_AZ_CochiseCounty_2020_B20_12R_XA_0412.laz
US-Wkg,AZ_CochiseCounty_2020_B20,12R_XA_0413,USGS Lidar Point Cloud AZ_CochiseCounty_2020_B20 12R_XA_0413,LAZ,2020-09-24,2020-12-08,2021-10-30,200174443,-109.90197646773653,31.747652858445072,-109.89131273130742,31.75676476182913,618224bdd34e9f2789e46461,https://www.sciencebase.gov/catalog/item/618224bdd34e9f2789e46461,https://rockyweb.usgs.gov/vdelivery/Datasets/Staged/Elevation/LPC/Projects/AZ_CochiseCounty_2020_B20/AZ_CochiseCounty_3_2020/LAZ/USGS_LPC_AZ_CochiseCounty_2020_B20_12R_XA_0413.laz
US-Wkg,AZ_CochiseCounty_2020_B20,12R_XA_0414,USGS Lidar Point Cloud AZ_CochiseCounty_2020_B20 12R_XA_0414,LAZ,2020-09-24,2020-12-08,2021-10-30,197916750,-109.9018699835694,31.756673329656078,-109.89120517571982,31.765785251925383,61822801d34e9f2789e47731,https://www.sciencebase.gov/catalog/item/61822801d34e9f2789e47731,https://rockyweb.usgs.gov/vdelivery/Datasets/Staged/Elevation/LPC/Projects/AZ_CochiseCounty_2020_B20/AZ_CochiseCounty_3_2020/LAZ/USGS_LPC_AZ_CochiseCounty_2020_B20_12R_XA_0414.laz
US-Wkg,AZ_CochiseCounty_2020_B20,12R_XA_0415,USGS Lidar Point Cloud AZ_CochiseCounty_2020_B20 12R_XA_0415,LAZ,2020-09-24,2020-12-08,2021-10-30,190189959,-109.90176345165412,31.765693787753136,-109.8910975719061,31.774782989816767,6182277dd34e9f2789e474af,https://www.sciencebase.gov/catalog/item/6182277dd34e9f2789e474af,https://rockyweb.usgs.gov/vdelivery/Datasets/Staged/Elevation/LPC/Projects/AZ_CochiseCounty_2020_B20/AZ_CochiseCounty_3_2020/LAZ/USGS_LPC_AZ_CochiseCounty_2020_B20_12R_XA_0415.laz
US-Wkg,AZ_CochiseCounty_2020_B20,12R_XA_0416,USGS Lidar Point Cloud AZ_CochiseCounty_2020_B20 12R_XA_0416,LAZ,2020-09-24,2020-12-08,2021-10-30,170331455,-109.90059908714986,31.774714232734134,-109.89098991984702,31.78381798125266,61822af4d34e9f2789e4846d,https://www.sciencebase.gov/catalog/item/61822af4d34e9f2789e4846d,https://rockyweb.usgs.gov/vdelivery/Datasets/Staged/Elevation/LPC/Projects/AZ_CochiseCounty_2020_B20/AZ_CochiseCounty_3_2020/LAZ/USGS_LPC_AZ_CochiseCounty_2020_B20_12R_XA_0416.laz
US-Wkg,AZ_CochiseCounty_2020_B20,12R_XA_0506,USGS Lidar Point Cloud AZ_CochiseCounty_2020_B20 12R_XA_0506,LAZ,2020-09-24,2020-12-08,2021-10-30,203787379,-109.89217143163094,31.684417126325993,-109.88151420984413,31.693529737774767,61822a4ad34e9f2789e48139,https://www.sciencebase.gov/catalog/item/61822a4ad34e9f2789e48139,https://rockyweb.usgs.gov/vdelivery/Datasets/Staged/Elevation/LPC/Projects/AZ_CochiseCounty_2020_B20/AZ_CochiseCounty_3_2020/LAZ/USGS_LPC_AZ_CochiseCounty_2020_B20_12R_XA_0506.laz
US-Wkg,AZ_CochiseCounty_2020_B20,12R_XA_0507,USGS Lidar Point Cloud AZ_CochiseCounty_2020_B20 12R_XA_0507,LAZ,2020-09-24,2020-12-08,2021-10-30,225515110,-109.892064261158,31.693437657017775,-109.88140597085267,31.702550287623957,61821ef4d34e9f2789e44d1c,https://www.sciencebase.gov/catalog/item/61821ef4d34e9f2789e44d1c,https://rockyweb.usgs.gov/vdelivery/Datasets/Staged/Elevation/LPC/Projects/AZ_CochiseCounty_2020_B20/AZ_CochiseCounty_3_2020/LAZ/USGS_LPC_AZ_CochiseCounty_2020_B20_12R_XA_0507.laz
US-Wkg,AZ_CochiseCounty_2020_B20,12R_XA_0508,USGS Lidar Point Cloud AZ_CochiseCounty_2020_B20 12R_XA_0508,LAZ,2020-09-24,2020-12-08,2021-10-30,227346889,-109.89195704261286,31.702458174604658,-109.88129768320395,31.711570833392727,6182279ed34e9f2789e47537,https://www.sciencebase.gov/catalog/item/6182279ed34e9f2789e47537,https://rockyweb.usgs.gov/vdelivery/Datasets/Staged/Elevation/LPC/Projects/AZ_CochiseCounty_2020_B20/AZ_CochiseCounty_3_2020/LAZ/USGS_LPC_AZ_CochiseCounty_2020_B20_12R_XA_0508.laz
US-Wkg,AZ_CochiseCounty_2020_B20,12R_XA_0509,USGS Lidar Point Cloud AZ_CochiseCounty_2020_B20 12R_XA_0509,LAZ,2020-09-24,2020-12-08,2021-10-30,239714112,-109.89184977586903,31.711478688104986,-109.88118934709517,31.720591357037815,61822ccfd34e9f2789e48d25,https://www.sciencebase.gov/catalog/item/61822ccfd34e9f2789e48d25,https://rockyweb.usgs.gov/vdelivery/Datasets/Staged/Elevation/LPC/Projects/AZ_CochiseCounty_2020_B20/AZ_CochiseCounty_3_2020/LAZ/USGS_LPC_AZ_CochiseCounty_2020_B20_12R_XA_0509.laz
US-Wkg,AZ_CochiseCounty_2020_B20,12R_XA_0510,USGS Lidar Point Cloud AZ_CochiseCounty_2020_B20 12R_XA_0510,LAZ,2020-09-24,2020-12-08,2021-10-30,235670039,-109.89174246112185,31.720499179475564,-109.88108096239866,31.729611867577614,618220dfd34e9f2789e45206,https://www.sciencebase.gov/catalog/item/618220dfd34e9f2789e45206,https://rockyweb.usgs.gov/vdelivery/Datasets/Staged/Elevation/LPC/Projects/AZ_CochiseCounty_2020_B20/AZ_CochiseCounty_3_2020/LAZ/USGS_LPC_AZ_CochiseCounty_2020_B20_12R_XA_0510.laz
US-Wkg,AZ_CochiseCounty_2020_B20,12R_XA_0511,USGS Lidar Point Cloud AZ_CochiseCounty_2020_B20 12R_XA_0511,LAZ,2020-09-24,2020-12-08,2021-10-30,222797028,-109.89163509824488,31.729519657734734,-109.88097252909498,31.73863236500999,61822aefd34e9f2789e4844b,https://www.sciencebase.gov/catalog/item/61822aefd34e9f2789e4844b,https://rockyweb.usgs.gov/vdelivery/Datasets/Staged/Elevation/LPC/Projects/AZ_CochiseCounty_2020_B20/AZ_CochiseCounty_3_2020/LAZ/USGS_LPC_AZ_CochiseCounty_2020_B20_12R_XA_0511.laz
US-Wkg,AZ_CochiseCounty_2020_B20,12R_XA_0512,USGS Lidar Point Cloud AZ_CochiseCounty_2020_B20 12R_XA_0512,LAZ,2020-09-24,2020-12-08,2021-10-30,245035974,-109.89152768721884,31.73854012288034,-109.88086404716472,31.747652849332745,61822379d34e9f2789e45da4,https://www.sciencebase.gov/catalog/item/61822379d34e9f2789e45da4,https://rockyweb.usgs.gov/vdelivery/Datasets/Staged/Elevation/LPC/Projects/AZ_CochiseCounty_2020_B20/AZ_CochiseCounty_3_2020/LAZ/USGS_LPC_AZ_CochiseCounty_2020_B20_12R_XA_0512.laz
US-Wkg,AZ_CochiseCounty_2020_B20,12R_XA_0513,USGS Lidar Point Cloud AZ_CochiseCounty_2020_B20 12R_XA_0513,LAZ,2020-09-24,2020-12-08,2021-10-30,240441869,-109.89142022802453,31.74756057491021,-109.88075551658847,31.756673320543726,61822587d34e9f2789e469bb,https://www.sciencebase.gov/catalog/item/61822587d34e9f2789e469bb,https://rockyweb.usgs.gov/vdelivery/Datasets/Staged/Elevation/LPC/Projects/AZ_CochiseCounty_2020_B20/AZ_CochiseCounty_3_2020/LAZ/USGS_LPC_AZ_CochiseCounty_2020_B20_12R_XA_0513.laz
US-Wkg,AZ_CochiseCounty_2020_B20,12R_XA_0514,USGS Lidar Point Cloud AZ_CochiseCounty_2020_B20 12R_XA_0514,LAZ,2020-09-24,2020-12-08,2021-10-30,275060695,-109.89131272064266,31.75658101382218,-109.88064693734674,31.765693778640788,6182227dd34e9f2789e45890,https://www.sciencebase.gov/catalog/item/6182227dd34e9f2789e45890,https://rockyweb.usgs.gov/vdelivery/Datasets/Staged/Elevation/LPC/Projects/AZ_CochiseCounty_2020_B20/AZ_CochiseCounty_3_2020/LAZ/USGS_LPC_AZ_CochiseCounty_2020_B20_12R_XA_0514.laz
US-Wkg,AZ_CochiseCounty_2020_B20,12R_XA_0515,USGS Lidar Point Cloud AZ_CochiseCounty_2020_B20 12R_XA_0515,LAZ,2020-09-24,2020-12-08,2021-10-30,243949502,-109.89120516505398,31.765601439614077,-109.88053830942006,31.774714223621753,618223add34e9f2789e45ec1,https://www.sciencebase.gov/catalog/item/618223add34e9f2789e45ec1,https://rockyweb.usgs.gov/vdelivery/Datasets/Staged/Elevation/LPC/Projects/AZ_CochiseCounty_2020_B20/AZ_CochiseCounty_3_2020/LAZ/USGS_LPC_AZ_CochiseCounty_2020_B20_12R_XA_0515.laz
US-Wkg,AZ_CochiseCounty_2020_B20,12R_XA_0516,USGS Lidar Point Cloud AZ_CochiseCounty_2020_B20 12R_XA_0516,LAZ,2020-09-24,2020-12-08,2021-10-30,261815055,-109.89109756123919,31.77462185228377,-109.88042963289767,31.78373464646403,618225f4d34e9f2789e46c63,https://www.sciencebase.gov/catalog/item/618225f4d34e9f2789e46c63,https://rockyweb.usgs.gov/vdelivery/Datasets/Staged/Elevation/LPC/Projects/AZ_CochiseCounty_2020_B20/AZ_CochiseCounty_3_2020/LAZ/USGS_LPC_AZ_CochiseCounty_2020_B20_12R_XA_0516.laz
US-Wkg,AZ_WalnutGulch_2015,12RWA950060,USGS Lidar Point Cloud AZ_WalnutGulch_2015 12RWA950060,LAZ,2015-09-16,2015-09-18,2023-04-22,36302175,-109.9976644189299,31.685298456036087,-109.98701703375691,31.694402569671396,64445abbd34ee8d4adea5c8d,https://www.sciencebase.gov/catalog/item/64445abbd34ee8d4adea5c8d,https://rockyweb.usgs.gov/vdelivery/Datasets/Staged/Elevation/LPC/Projects/AZ_WalnutGulch_2015/AZ_WalnutGulch_2015/LAZ/USGS_LPC_AZ_WalnutGulch_2015_12RWA950060.laz
US-Wkg,AZ_WalnutGulch_2015,12RWA950070,USGS Lidar Point Cloud AZ_WalnutGulch_2015 12RWA950070,LAZ,2015-09-16,2015-09-18,2023-04-22,34986661,-109.99756744938188,31.694319295540982,-109.98691900009065,31.70342342533601,64445abbd34ee8d4adea5c8b,https://www.sciencebase.gov/catalog/item/64445abbd34ee8d4adea5c8b,https://rockyweb.usgs.gov/vdelivery/Datasets/Staged/Elevation/LPC/Projects/AZ_WalnutGulch_2015/AZ_WalnutGulch_2015/LAZ/USGS_LPC_AZ_WalnutGulch_2015_12RWA950070.laz
US-Wkg,AZ_WalnutGulch_2015,12RWA950080,USGS Lidar Point Cloud AZ_WalnutGulch_2015 12RWA950080,LAZ,2015-09-16,2015-09-18,2023-04-22,34430489,-109.99747043633604,31.70334012199948,-109.98682092245159,31.712444267957604,64445abad34ee8d4adea5c89,https://www.sciencebase.gov/catalog/item/64445abad34ee8d4adea5c89,https://rockyweb.usgs.gov/vdelivery/Datasets/Staged/Elevation/LPC/Projects/AZ_WalnutGulch_2015/AZ_WalnutGulch_2015/LAZ/USGS_LPC_AZ_WalnutGulch_2015_12RWA950080.laz
US-Wkg,AZ_WalnutGulch_2015,12RWA950090,USGS Lidar Point Cloud AZ_WalnutGulch_2015 12RWA950090,LAZ,2015-09-16,2015-09-18,2023-04-22,36418836,-109.99737337977513,31.712360935409418,-109.98672280082216,31.72146509753408,64445abad34ee8d4adea5c87,https://www.sciencebase.gov/catalog/item/64445abad34ee8d4adea5c87,https://rockyweb.usgs.gov/vdelivery/Datasets/Staged/Elevation/LPC/Projects/AZ_WalnutGulch_2015/AZ_WalnutGulch_2015/LAZ/USGS_LPC_AZ_WalnutGulch_2015_12RWA950090.laz
US-Wkg,AZ_WalnutGulch_2015,12RWA950100,USGS Lidar Point Cloud AZ_WalnutGulch_2015 12RWA950100,LAZ,2015-09-16,2015-09-18,2023-04-22,32951583,-109.99727627968167,31.721381735768688,-109.9866246351848,31.730485914063262,64445ab9d34ee8d4adea5c85,https://www.sciencebase.gov/catalog/item/64445ab9d34ee8d4adea5c85,https://rockyweb.usgs.gov/vdelivery/Datasets/Staged/Elevation/LPC/Projects/AZ_WalnutGulch_2015/AZ_WalnutGulch_2015/LAZ/USGS_LPC_AZ_WalnutGulch_2015_12RWA950100.laz
US-Wkg,AZ_WalnutGulch_2015,12RWA950110,USGS Lidar Point Cloud AZ_WalnutGulch_2015 12RWA950110,LAZ,2015-09-16,2015-09-18,2023-04-22,36504846,-109.99717913603834,31.730402523075146,-109.9865264255219,31.73950671754305,64445ab9d34ee8d4adea5c83,https://www.sciencebase.gov/catalog/item/64445ab9d34ee8d4adea5c83,https://rockyweb.usgs.gov/vdelivery/Datasets/Staged/Elevation/LPC/Projects/AZ_WalnutGulch_2015/AZ_WalnutGulch_2015/LAZ/USGS_LPC_AZ_WalnutGulch_2015_12RWA950110.laz
US-Wkg,AZ_WalnutGulch_2015,12RWA950120,USGS Lidar Point Cloud AZ_WalnutGulch_2015 12RWA950120,LAZ,2015-09-16,2015-09-18,2023-04-22,36070133,-109.99708194882768,31.73942329732665,-109.98642817181587,31.748527507971286,64445ab9d34ee8d4adea5c81,https://www.sciencebase.gov/catalog/item/64445ab9d34ee8d4adea5c81,https://rockyweb.usgs.gov/vdelivery/Datasets/Staged/Elevation/LPC/Projects/AZ_WalnutGulch_2015/AZ_WalnutGulch_2015/LAZ/USGS_LPC_AZ_WalnutGulch_2015_12RWA950120.laz
US-Wkg,AZ_WalnutGulch_2015,12RWA950130,USGS Lidar Point Cloud AZ_WalnutGulch_2015 12RWA950130,LAZ,2015-09-16,2015-09-18,2023-04-22,33857166,-109.99698471803232,31.748444058521084,-109.98632987404913,31.757548285345877,64445ab8d34ee8d4adea5c7f,https://www.sciencebase.gov/catalog/item/64445ab8d34ee8d4adea5c7f,https://rockyweb.usgs.gov/vdelivery/Datasets/Staged/Elevation/LPC/Projects/AZ_WalnutGulch_2015/AZ_WalnutGulch_2015/LAZ/USGS_LPC_AZ_WalnutGulch_2015_12RWA950130.laz
US-Wkg,AZ_WalnutGulch_2015,12RWA950140,USGS Lidar Point Cloud AZ_WalnutGulch_2015 12RWA950140,LAZ,2015-09-16,2015-09-18,2023-04-22,15175434,-109.99688744363483,31.757464806656266,-109.9862715016808,31.762903193035676,64445ab8d34ee8d4adea5c7d,https://www.sciencebase.gov/catalog/item/64445ab8d34ee8d4adea5c7d,https://rockyweb.usgs.gov/vdelivery/Datasets/Staged/Elevation/LPC/Projects/AZ_WalnutGulch_2015/AZ_WalnutGulch_2015/LAZ/USGS_LPC_AZ_WalnutGulch_2015_12RWA950140.laz
US-Wkg,AZ_WalnutGulch_2015,12RWA960060,USGS Lidar Point Cloud AZ_WalnutGulch_2015 12RWA960060,LAZ,2015-09-16,2015-09-18,2023-04-22,8363426,-109.98711491699345,31.685270769641168,-109.98353610962137,31.69431920449464,64445ab8d34ee8d4adea5c79,https://www.sciencebase.gov/catalog/item/64445ab8d34ee8d4adea5c79,https://rockyweb.usgs.gov/vdelivery/Datasets/Staged/Elevation/LPC/Projects/AZ_WalnutGulch_2015/AZ_WalnutGulch_2015/LAZ/USGS_LPC_AZ_WalnutGulch_2015_12RWA960060.laz
US-Wkg,AZ_WalnutGulch_2015,12RWA960070,USGS Lidar Point Cloud AZ_WalnutGulch_2015 12RWA960070,LAZ,2015-09-16,2015-09-18,2023-04-22,14722965,-109.9870169272718,31.694235057844725,-109.97636750133208,31.703340030952976,64445ab8d34ee8d4adea5c77,https://www.sciencebase.gov/catalog/item/64445ab8d34ee8d4adea5c77,https://rockyweb.usgs.gov/vdelivery/Datasets/Staged/Elevation/LPC/Projects/AZ_WalnutGulch_2015/AZ_WalnutGulch_2015/LAZ/USGS_LPC_AZ_WalnutGulch_2015_12RWA960070.laz
US-Wkg,AZ_WalnutGulch_2015,12RWA960080,USGS Lidar Point Cloud AZ_WalnutGulch_2015 12RWA960080,LAZ,2015-09-16,2015-09-18,2023-04-22,34423654,-109.98691889359489,31.703255854791305,-109.9762684026218,31.712360844362752,64445ab8d34ee8d4adea5c75,https://www.sciencebase.gov/catalog/item/64445ab8d34ee8d4adea5c75,https://rockyweb.usgs.gov/vdelivery/Datasets/Staged/Elevation/LPC/Projects/AZ_WalnutGulch_2015/AZ_WalnutGulch_2015/LAZ/USGS_LPC_AZ_WalnutGulch_2015_12RWA960080.laz
US-Wkg,AZ_WalnutGulch_2015,12RWA960090,USGS Lidar Point Cloud AZ_WalnutGulch_2015 12RWA960090,LAZ,2015-09-16,2015-09-18,2023-04-22,35221672,-109.98682081594517,31.712276638683754,-109.9761692594633,31.721381644721856,64445ab8d34ee8d4adea5c73,https://www.sciencebase.gov/catalog/item/64445ab8d34ee8d4adea5c73,https://rockyweb.usgs.gov/vdelivery/Datasets/Staged/Elevation/LPC/Projects/AZ_WalnutGulch_2015/AZ_WalnutGulch_2015/LAZ/USGS_LPC_AZ_WalnutGulch_2015_12RWA960090.laz
US-Wkg,AZ_WalnutGulch_2015,12RWA960100,USGS Lidar Point Cloud AZ_WalnutGulch_2015 12RWA960100,LAZ,2015-09-16,2015-09-18,2023-04-22,33588864,-109.98672269430509,31.721297409519927,-109.97607007183883,31.730402432028157,64445ab7d34ee8d4adea5c71,https://www.sciencebase.gov/catalog/item/64445ab7d34ee8d4adea5c71,https://rockyweb.usgs.gov/vdelivery/Datasets/Staged/Elevation/LPC/Projects/AZ_WalnutGulch_2015/AZ_WalnutGulch_2015/LAZ/USGS_LPC_AZ_WalnutGulch_2015_12RWA960100.laz
US-Wkg,AZ_WalnutGulch_2015,12RWA960110,USGS Lidar Point Cloud AZ_WalnutGulch_2015 12RWA960110,LAZ,2015-09-16,2015-09-18,2023-04-22,34389632,-109.98662452865706,31.730318167297668,-109.97597083973064,31.739423206279493,64445ab7d34ee8d4adea5c6f,https://www.sciencebase.gov/catalog/item/64445ab7d34ee8d4adea5c6f,https://rockyweb.usgs.gov/vdelivery/Datasets/Staged/Elevation/LPC/Projects/AZ_WalnutGulch_2015/AZ_WalnutGulch_2015/LAZ/USGS_LPC_AZ_WalnutGulch_2015_12RWA960110.laz
US-Wkg,AZ_WalnutGulch_2015,12RWA960120,USGS Lidar Point Cloud AZ_WalnutGulch_2015 12RWA960120,LAZ,2015-09-16,2015-09-18,2023-04-22,35024710,-109.9865263189835,31.73933891201487,-109.97587156312089,31.748443967473747,64445ab7d34ee8d4adea5c6d,https://www.sciencebase.gov/catalog/item/64445ab7d34ee8d4adea5c6d,https://rockyweb.usgs.gov/vdelivery/Datasets/Staged/Elevation/LPC/Projects/AZ_WalnutGulch_2015/AZ_WalnutGulch_2015/LAZ/USGS_LPC_AZ_WalnutGulch_2015_12RWA960120.laz
US-Wkg,AZ_WalnutGulch_2015,12RWA960130,USGS Lidar Point Cloud AZ_WalnutGulch_2015 12RWA960130,LAZ,2015-09-16,2015-09-18,2023-04-22,33942194,-109.98642806526682,31.748359643669396,-109.97577224199183,31.757464715608794,64445ab7d34ee8d4adea5c6b,https://www.sciencebase.gov/catalog/item/64445ab7d34ee8d4adea5c6b,https://rockyweb.usgs.gov/vdelivery/Datasets/Staged/Elevation/LPC/Projects/AZ_WalnutGulch_2015/AZ_WalnutGulch_2015/LAZ/USGS_LPC_AZ_WalnutGulch_2015_12RWA960130.laz
US-Wkg,AZ_WalnutGulch_2015,12RWA960140,USGS Lidar Point Cloud AZ_WalnutGulch_2015 12RWA960140,LAZ,2015-09-16,2015-09-18,2023-04-22,17832604,-109.9863297674894,31.757380362259084,-109.97571298666358,31.762844593371508,64445ab6d34ee8d4adea5c69,https://www.sciencebase.gov/catalog/item/64445ab6d34ee8d4adea5c69,https://rockyweb.usgs.gov/vdelivery/Datasets/Staged/Elevation/LPC/Projects/AZ_WalnutGulch_2015/AZ_WalnutGulch_2015/LAZ/USGS_LPC_AZ_WalnutGulch_2015_12RWA960140.laz
US-Wkg,AZ_WalnutGulch_2015,12RWA970070,USGS Lidar Point Cloud AZ_WalnutGulch_2015 12RWA970070,LAZ,2015-09-16,2015-09-18,2023-04-22,1064653,-109.97639606075275,31.700635169466345,-109.97505785239643,31.70325576373637,64445ab6d34ee8d4adea5c67,https://www.sciencebase.gov/catalog/item/64445ab6d34ee8d4adea5c67,https://rockyweb.usgs.gov/vdelivery/Datasets/Staged/Elevation/LPC/Projects/AZ_WalnutGulch_2015/AZ_WalnutGulch_2015/LAZ/USGS_LPC_AZ_WalnutGulch_2015_12RWA970070.laz
US-Wkg,AZ_WalnutGulch_2015,12RWA970080,USGS Lidar Point Cloud AZ_WalnutGulch_2015 12RWA970080,LAZ,2015-09-16,2015-09-18,2023-04-22,32915509,-109.97636739482654,31.70317071476225,-109.96571592724021,31.71227654762864,64445ab6d34ee8d4adea5c65,https://www.sciencebase.gov/catalog/item/64445ab6d34ee8d4adea5c65,https://rockyweb.usgs.gov/vdelivery/Datasets/Staged/Elevation/LPC/Projects/AZ_WalnutGulch_2015/AZ_WalnutGulch_2015/LAZ/USGS_LPC_AZ_WalnutGulch_2015_12RWA970080.laz
US-Wkg,AZ_WalnutGulch_2015,12RWA970090,USGS Lidar Point Cloud AZ_WalnutGulch_2015 12RWA970090,LAZ,2015-09-16,2015-09-18,2023-04-22,36377645,-109.97626829610562,31.712191468831513,-109.96561576257041,31.721297318464647,64445ab6d34ee8d4adea5c5f,https://www.sciencebase.gov/catalog/item/64445ab6d34ee8d4adea5c5f,https://rockyweb.usgs.gov/vdelivery/Datasets/Staged/Elevation/LPC/Projects/AZ_WalnutGulch_2015/AZ_WalnutGulch_2015/LAZ/USGS_LPC_AZ_WalnutGulch_2015_12RWA970090.laz
US-Wkg,AZ_WalnutGulch_2015,12RWA970100,USGS Lidar Point Cloud AZ_WalnutGulch_2015 12RWA970100,LAZ,2015-09-16,2015-09-18,2023-04-22,33245896,-109.97616915293646,31.721212209838846,-109.96551555297661,31.73031807624224,64445ab6d34ee8d4adea5c63,https://www.sciencebase.gov/catalog/item/64445ab6d34ee8d4adea5c63,https://rockyweb.usgs.gov/vdelivery/Datasets/Staged/Elevation/LPC/Projects/AZ_WalnutGulch_2015/AZ_WalnutGulch_2015/LAZ/USGS_LPC_AZ_WalnutGulch_2015_12RWA970100.laz
US-Wkg,AZ_WalnutGulch_2015,12RWA970110,USGS Lidar Point Cloud AZ_WalnutGulch_2015 12RWA970110,LAZ,2015-09-16,2015-09-18,2023-04-22,34794102,-109.97606996530132,31.7302329377821,-109.96541529844086,31.739338820959265,64445ab6d34ee8d4adea5c61,https://www.sciencebase.gov/catalog/item/64445ab6d34ee8d4adea5c61,https://rockyweb.usgs.gov/vdelivery/Datasets/Staged/Elevation/LPC/Projects/AZ_WalnutGulch_2015/AZ_WalnutGulch_2015/LAZ/USGS_LPC_AZ_WalnutGulch_2015_12RWA970110.laz
US-Wkg,AZ_WalnutGulch_2015,12RWA970120,USGS Lidar Point Cloud AZ_WalnutGulch_2015 12RWA970120,LAZ,2015-09-16,2015-09-18,2023-04-22,34291429,-109.97597073318244,31.73925365265914,-109.9653149989452,31.748359552613618,64445ab5d34ee8d4adea5c5d,https://www.sciencebase.gov/catalog/item/64445ab5d34ee8d4adea5c5d,https://rockyweb.usgs.gov/vdelivery/Datasets/Staged/Elevation/LPC/Projects/AZ_WalnutGulch_2015/AZ_WalnutGulch_2015/LAZ/USGS_LPC_AZ_WalnutGulch_2015_12RWA970120.laz
US-Wkg,AZ_WalnutGulch_2015,12RWA970130,USGS Lidar Point Cloud AZ_WalnutGulch_2015 12RWA970130,LAZ,2015-09-16,2015-09-18,2023-04-22,32365178,-109.97587145656203,31.74827435446785,-109.96521465447167,31.75738027120315,64445ab5d34ee8d4adea5c59,https://www.sciencebase.gov/catalog/item/64445ab5d34ee8d4adea5c59,https://rockyweb.usgs.gov/vdelivery/Datasets/Staged/Elevation/LPC/Projects/AZ_WalnutGulch_2015/AZ_WalnutGulch_2015/LAZ/USGS_LPC_AZ_WalnutGulch_2015_12RWA970130.laz
US-Wkg,AZ_WalnutGulch_2015,12RWA970140,USGS Lidar Point Cloud AZ_WalnutGulch_2015 12RWA970140,LAZ,2015-09-16,2015-09-18,2023-04-22,13023580,-109.9757721354223,31.75729504320605,-109.9651640728394,31.76192589655642,64445ab5d34ee8d4adea5c5b,https://www.sciencebase.gov/catalog/item/64445ab5d34ee8d4adea5c5b,https://rockyweb.usgs.gov/vdelivery/Datasets/Staged/Elevation/LPC/Projects/AZ_WalnutGulch_2015/AZ_WalnutGulch_2015/LAZ/USGS_LPC_AZ_WalnutGulch_2015_12RWA970140.laz
US-Wkg,AZ_WalnutGulch_2015,12RWA980080,USGS Lidar Point Cloud AZ_WalnutGulch_2015 12RWA980080,LAZ,2015-09-16,2015-09-18,2023-04-22,15148886,-109.96579315517214,31.70513800025705,-109.9551634967647,31.71219137776797,64445ab5d34ee8d4adea5c57,https://www.sciencebase.gov/catalog/item/64445ab5d34ee8d4adea5c57,https://rockyweb.usgs.gov/vdelivery/Datasets/Staged/Elevation/LPC/Projects/AZ_WalnutGulch_2015/AZ_WalnutGulch_2015/LAZ/USGS_LPC_AZ_WalnutGulch_2015_12RWA980080.laz
US-Wkg,AZ_WalnutGulch_2015,12RWA980090,USGS Lidar Point Cloud AZ_WalnutGulch_2015 12RWA980090,LAZ,2015-09-16,2015-09-18,2023-04-22,38464037,-109.96571582071425,31.71210542586553,-109.95506231060152,31.72121211877513,64445ab5d34ee8d4adea5c55,https://www.sciencebase.gov/catalog/item/64445ab5d34ee8d4adea5c55,https://rockyweb.usgs.gov/vdelivery/Datasets/Staged/Elevation/LPC/Projects/AZ_WalnutGulch_2015/AZ_WalnutGulch_2015/LAZ/USGS_LPC_AZ_WalnutGulch_2015_12RWA980090.laz
US-Wkg,AZ_WalnutGulch_2015,12RWA980100,USGS Lidar Point Cloud AZ_WalnutGulch_2015 12RWA980100,LAZ,2015-09-16,2015-09-18,2023-04-22,33951262,-109.96561565603379,31.721126136738285,-109.95496107905633,31.73023284671822,64445ab5d34ee8d4adea5c53,https://www.sciencebase.gov/catalog/item/64445ab5d34ee8d4adea5c53,https://rockyweb.usgs.gov/vdelivery/Datasets/Staged/Elevation/LPC/Projects/AZ_WalnutGulch_2015/AZ_WalnutGulch_2015/LAZ/USGS_LPC_AZ_WalnutGulch_2015_12RWA980100.laz
US-Wkg,AZ_WalnutGulch_2015,12RWA980110,USGS Lidar Point Cloud AZ_WalnutGulch_2015 12RWA980110,LAZ,2015-09-16,2015-09-18,2023-04-22,33277804,-109.96551544642932,31.730146834541262,-109.95485980211102,31.739253561595095,64445ab5d34ee8d4adea5c51,https://www.sciencebase.gov/catalog/item/64445ab5d34ee8d4adea5c51,https://rockyweb.usgs.gov/vdelivery/Datasets/Staged/Elevation/LPC/Projects/AZ_WalnutGulch_2015/AZ_WalnutGulch_2015/LAZ/USGS_LPC_AZ_WalnutGulch_2015_12RWA980110.laz
US-Wkg,AZ_WalnutGulch_2015,12RWA980120,USGS Lidar Point Cloud AZ_WalnutGulch_2015 12RWA980120,LAZ,2015-09-16,2015-09-18,2023-04-22,32627695,-109.96541519188293,31.739167519272293,-109.9547584797474,31.748274263403626,64445ab4d34ee8d4adea5c4f,https://www.sciencebase.gov/catalog/item/64445ab4d34ee8d4adea5c4f,https://rockyweb.usgs.gov/vdelivery/Datasets/Staged/Elevation/LPC/Projects/AZ_WalnutGulch_2015/AZ_WalnutGulch_2015/LAZ/USGS_LPC_AZ_WalnutGulch_2015_12RWA980120.laz
US-Wkg,AZ_WalnutGulch_2015,12RWA980130,USGS Lidar Point Cloud AZ_WalnutGulch_2015 12RWA980130,LAZ,2015-09-16,2015-09-18,2023-04-22,31868021,-109.96531489237657,31.748188190929273,-109.95465711194736,31.757294952141674,64445ab4d34ee8d4adea5c4d,https://www.sciencebase.gov/catalog/item/64445ab4d34ee8d4adea5c4d,https://rockyweb.usgs.gov/vdelivery/Datasets/Staged/Elevation/LPC/Projects/AZ_WalnutGulch_2015/AZ_WalnutGulch_2015/LAZ/USGS_LPC_AZ_WalnutGulch_2015_12RWA980130.laz
US-Wkg,AZ_WalnutGulch_2015,12RWA980140,USGS Lidar Point Cloud AZ_WalnutGulch_2015 12RWA980140,LAZ,2015-09-16,2015-09-18,2023-04-22,3849045,-109.96521454789233,31.757229978724734,-109.95720393626749,31.760088476379156,64445ab4d34ee8d4adea5c4b,https://www.sciencebase.gov/catalog/item/64445ab4d34ee8d4adea5c4b,https://rockyweb.usgs.gov/vdelivery/Datasets/Staged/Elevation/LPC/Projects/AZ_WalnutGulch_2015/AZ_WalnutGulch_2015/LAZ/USGS_LPC_AZ_WalnutGulch_2015_12RWA980140.laz
US-Wkg,AZ_WalnutGulch_2015,12RWA990080,USGS Lidar Point Cloud AZ_WalnutGulch_2015 12RWA990080,LAZ,2015-09-16,2015-09-18,2023-04-22,1065065,-109.95517353872191,31.711165488335656,-109.95090380998087,31.712105334793574,64445ab3d34ee8d4adea5c45,https://www.sciencebase.gov/catalog/item/64445ab3d34ee8d4adea5c45,https://rockyweb.usgs.gov/vdelivery/Datasets/Staged/Elevation/LPC/Projects/AZ_WalnutGulch_2015/AZ_WalnutGulch_2015/LAZ/USGS_LPC_AZ_WalnutGulch_2015_12RWA990080.laz
US-Wkg,AZ_WalnutGulch_2015,12RWA990090,USGS Lidar Point Cloud AZ_WalnutGulch_2015 12RWA990090,LAZ,2015-09-16,2015-09-18,2023-04-22,31549333,-109.95516339022898,31.712018509798764,-109.94450890401463,31.721126045666146,64445ab4d34ee8d4adea5c49,https://www.sciencebase.gov/catalog/item/64445ab4d34ee8d4adea5c49,https://rockyweb.usgs.gov/vdelivery/Datasets/Staged/Elevation/LPC/Projects/AZ_WalnutGulch_2015/AZ_WalnutGulch_2015/LAZ/USGS_LPC_AZ_WalnutGulch_2015_12RWA990090.laz
US-Wkg,AZ_WalnutGulch_2015,12RWA990100,USGS Lidar Point Cloud AZ_WalnutGulch_2015 12RWA990100,LAZ,2015-09-16,2015-09-18,2023-04-22,35635174,-109.95506220405512,31.72103919023122,-109.9444066505362,31.73014674346894,64445ab4d34ee8d4adea5c47,https://www.sciencebase.gov/catalog/item/64445ab4d34ee8d4adea5c47,https://rockyweb.usgs.gov/vdelivery/Datasets/Staged/Elevation/LPC/Projects/AZ_WalnutGulch_2015/AZ_WalnutGulch_2015/LAZ/USGS_LPC_AZ_WalnutGulch_2015_12RWA990100.laz
US-Wkg,AZ_WalnutGulch_2015,12RWA990110,USGS Lidar Point Cloud AZ_WalnutGulch_2015 12RWA990110,LAZ,2015-09-16,2015-09-18,2023-04-22,34870265,-109.9549609724993,31.730059857588113,-109.94430435119945,31.739167428199817,64445ab3d34ee8d4adea5c43,https://www.sciencebase.gov/catalog/item/64445ab3d34ee8d4adea5c43,https://rockyweb.usgs.gov/vdelivery/Datasets/Staged/Elevation/LPC/Projects/AZ_WalnutGulch_2015/AZ_WalnutGulch_2015/LAZ/USGS_LPC_AZ_WalnutGulch_2015_12RWA990110.laz
US-Wkg,AZ_WalnutGulch_2015,12RWA990120,USGS Lidar Point Cloud AZ_WalnutGulch_2015 12RWA990120,LAZ,2015-09-16,2015-09-18,2023-04-22,34908151,-109.95485969554329,31.739080511867304,-109.94420200598607,31.748188099856613,64445ab3d34ee8d4adea5c41,https://www.sciencebase.gov/catalog/item/64445ab3d34ee8d4adea5c41,https://rockyweb.usgs.gov/vdelivery/Datasets/Staged/Elevation/LPC/Projects/AZ_WalnutGulch_2015/AZ_WalnutGulch_2015/LAZ/USGS_LPC_AZ_WalnutGulch_2015_12RWA990120.laz
US-Wkg,AZ_WalnutGulch_2015,12RWA990130,USGS Lidar Point Cloud AZ_WalnutGulch_2015 12RWA990130,LAZ,2015-09-16,2015-09-18,2023-04-22,32241806,-109.95475837316899,31.748101153066642,-109.94409961487767,31.7572087584372,64445ab3d34ee8d4adea5c3f,https://www.sciencebase.gov/catalog/item/64445ab3d34ee8d4adea5c3f,https://rockyweb.usgs.gov/vdelivery/Datasets/Staged/Elevation/LPC/Projects/AZ_WalnutGulch_2015/AZ_WalnutGulch_2015/LAZ/USGS_LPC_AZ_WalnutGulch_2015_12RWA990130.laz
US-Wkg,AZ_WalnutGulch_2015,12RWA990140,USGS Lidar Point Cloud AZ_WalnutGulch_2015 12RWA990140,LAZ,2015-09-16,2015-09-18,2023-04-22,1819222,-109.9526054689533,31.757121781183994,-109.94408035817415,31.75888796944104,64445ab2d34ee8d4adea5c3d,https://www.sciencebase.gov/catalog/item/64445ab2d34ee8d4adea5c3d,https://rockyweb.usgs.gov/vdelivery/Datasets/Staged/Elevation/LPC/Projects/AZ_WalnutGulch_2015/AZ_WalnutGulch_2015/LAZ/USGS_LPC_AZ_WalnutGulch_2015_12RWA990140.laz
US-Wkg,AZ_WalnutGulch_2015,12RXA000080,USGS Lidar Point Cloud AZ_WalnutGulch_2015 12RXA000080,LAZ,2015-09-16,2015-09-18,2023-04-22,64697,-109.93732831177317,31.71116680250264,-109.93684025900357,31.711957849616436,64445ab2d34ee8d4adea5c39,https://www.sciencebase.gov/catalog/item/64445ab2d34ee8d4adea5c39,https://rockyweb.usgs.gov/vdelivery/Datasets/Staged/Elevation/LPC/Projects/AZ_WalnutGulch_2015/AZ_WalnutGulch_2015/LAZ/USGS_LPC_AZ_WalnutGulch_2015_12RXA000080.laz
US-Wkg,AZ_WalnutGulch_2015,12RXA000090,USGS Lidar Point Cloud AZ_WalnutGulch_2015 12RXA000090,LAZ,2015-09-16,2015-09-18,2023-04-22,28817074,-109.94461100510757,31.711930720644293,-109.93395554326773,31.721039099150655,64445ab2d34ee8d4adea5c3b,https://www.sciencebase.gov/catalog/item/64445ab2d34ee8d4adea5c3b,https://rockyweb.usgs.gov/vdelivery/Datasets/Staged/Elevation/LPC/Projects/AZ_WalnutGulch_2015/AZ_WalnutGulch_2015/LAZ/USGS_LPC_AZ_WalnutGulch_2015_12RXA000090.laz
US-Wkg,AZ_WalnutGulch_2015,12RXA000100,USGS Lidar Point Cloud AZ_WalnutGulch_2015 12RXA000100,LAZ,2015-09-16,2015-09-18,2023-04-22,36333730,-109.94450879745847,31.720951370330727,-109.93385226787437,31.730059766507363,64445ab2d34ee8d4adea5c37,https://www.sciencebase.gov/catalog/item/64445ab2d34ee8d4adea5c37,https://rockyweb.usgs.gov/vdelivery/Datasets/Staged/Elevation/LPC/Projects/AZ_WalnutGulch_2015/AZ_WalnutGulch_2015/LAZ/USGS_LPC_AZ_WalnutGulch_2015_12RXA000100.laz
US-Wkg,AZ_WalnutGulch_2015,12RXA000110,USGS Lidar Point Cloud AZ_WalnutGulch_2015 12RXA000110,LAZ,2015-09-16,2015-09-18,2023-04-22,35625697,-109.94440654396938,31.729972006935768,-109.93374894616453,31.739080420786383,64445ab1d34ee8d4adea5c35,https://www.sciencebase.gov/catalog/item/64445ab1d34ee8d4adea5c35,https://rockyweb.usgs.gov/vdelivery/Datasets/Staged/Elevation/LPC/Projects/AZ_WalnutGulch_2015/AZ_WalnutGulch_2015/LAZ/USGS_LPC_AZ_WalnutGulch_2015_12RXA000110.laz
US-Wkg,AZ_WalnutGulch_2015,12RXA000120,USGS Lidar Point Cloud AZ_WalnutGulch_2015 12RXA000120,LAZ,2015-09-16,2015-09-18,2023-04-22,35323018,-109.94430424462195,31.738992630457272,-109.9336455781197,31.74810106198555,64445ab1d34ee8d4adea5c33,https://www.sciencebase.gov/catalog/item/64445ab1d34ee8d4adea5c33,https://rockyweb.usgs.gov/vdelivery/Datasets/Staged/Elevation/LPC/Projects/AZ_WalnutGulch_2015/AZ_WalnutGulch_2015/LAZ/USGS_LPC_AZ_WalnutGulch_2015_12RXA000120.laz
US-Wkg,AZ_WalnutGulch_2015,12RXA000130,USGS Lidar Point Cloud AZ_WalnutGulch_2015 12RXA000130,LAZ,2015-09-16,2015-09-18,2023-04-22,34693116,-109.94420189939787,31.748013240893098,-109.93354216372133,31.757121690102736,64445ab1d34ee8d4adea5c31,https://www.sciencebase.gov/catalog/item/64445ab1d34ee8d4adea5c31,https://rockyweb.usgs.gov/vdelivery/Datasets/Staged/Elevation/LPC/Projects/AZ_WalnutGulch_2015/AZ_WalnutGulch_2015/LAZ/USGS_LPC_AZ_WalnutGulch_2015_12RXA000130.laz
US-Wkg,AZ_WalnutGulch_2015,12RXA000140,USGS Lidar Point Cloud AZ_WalnutGulch_2015 12RXA000140,LAZ,2015-09-16,2015-09-18,2023-04-22,8547243,-109.94409950827878,31.757033838241078,-109.93351199521297,31.759752463622554,64445ab1d34ee8d4adea5c2f,https://www.sciencebase.gov/catalog/item/64445ab1d34ee8d4adea5c2f,https://rockyweb.usgs.gov/vdelivery/Datasets/Staged/Elevation/LPC/Projects/AZ_WalnutGulch_2015/AZ_WalnutGulch_2015/LAZ/USGS_LPC_AZ_WalnutGulch_2015_12RXA000140.laz
US-Wkg,AZ_WalnutGulch_2015,12RXA010090,USGS Lidar Point Cloud AZ_WalnutGulch_2015 12RXA010090,LAZ,2015-09-16,2015-09-18,2023-04-22,5211041,-109.93401918098012,31.71535715571687,-109.93103934123744,31.720951279241742,64445ab1d34ee8d4adea5c2d,https://www.sciencebase.gov/catalog/item/64445ab1d34ee8d4adea5c2d,https://rockyweb.usgs.gov/vdelivery/Datasets/Staged/Elevation/LPC/Projects/AZ_WalnutGulch_2015/AZ_WalnutGulch_2015/LAZ/USGS_LPC_AZ_WalnutGulch_2015_12RXA010090.laz
US-Wkg,AZ_WalnutGulch_2015,12RXA010100,USGS Lidar Point Cloud AZ_WalnutGulch_2015 12RXA010100,LAZ,2015-09-16,2015-09-18,2023-04-22,14294639,-109.93395543670184,31.720883862578837,-109.92580954272522,31.72997191584659,64445ab1d34ee8d4adea5c2b,https://www.sciencebase.gov/catalog/item/64445ab1d34ee8d4adea5c2b,https://rockyweb.usgs.gov/vdelivery/Datasets/Staged/Elevation/LPC/Projects/AZ_WalnutGulch_2015/AZ_WalnutGulch_2015/LAZ/USGS_LPC_AZ_WalnutGulch_2015_12RXA010100.laz
US-Wkg,AZ_WalnutGulch_2015,12RXA010110,USGS Lidar Point Cloud AZ_WalnutGulch_2015 12RXA010110,LAZ,2015-09-16,2015-09-18,2023-04-22,33004437,-109.93385216129779,31.729883282597456,-109.92319358746464,31.73899253936792,64445ab1d34ee8d4adea5c29,https://www.sciencebase.gov/catalog/item/64445ab1d34ee8d4adea5c29,https://rockyweb.usgs.gov/vdelivery/Datasets/Staged/Elevation/LPC/Projects/AZ_WalnutGulch_2015/AZ_WalnutGulch_2015/LAZ/USGS_LPC_AZ_WalnutGulch_2015_12RXA010110.laz
US-Wkg,AZ_WalnutGulch_2015,12RXA010120,USGS Lidar Point Cloud AZ_WalnutGulch_2015 12RXA010120,LAZ,2015-09-16,2015-09-18,2023-04-22,32675756,-109.93374883957728,31.738903875055435,-109.92308919660687,31.748013149803562,64445ab1d34ee8d4adea5c27,https://www.sciencebase.gov/catalog/item/64445ab1d34ee8d4adea5c27,https://rockyweb.usgs.gov/vdelivery/Datasets/Staged/Elevation/LPC/Projects/AZ_WalnutGulch_2015/AZ_WalnutGulch_2015/LAZ/USGS_LPC_AZ_WalnutGulch_2015_12RXA010120.laz
US-Wkg,AZ_WalnutGulch_2015,12RXA010130,USGS Lidar Point Cloud AZ_WalnutGulch_2015 12RXA010130,LAZ,2015-09-16,2015-09-18,2023-04-22,35239099,-109.93364547152173,31.74792445442186,-109.92298475893703,31.75703374715137,64445ab1d34ee8d4adea5c25,https://www.sciencebase.gov/catalog/item/64445ab1d34ee8d4adea5c25,https://rockyweb.usgs.gov/vdelivery/Datasets/Staged/Elevation/LPC/Projects/AZ_WalnutGulch_2015/AZ_WalnutGulch_2015/LAZ/USGS_LPC_AZ_WalnutGulch_2015_12RXA010130.laz
US-Wkg,AZ_WalnutGulch_2015,12RXA010140,USGS Lidar Point Cloud AZ_WalnutGulch_2015 12RXA010140,LAZ,2015-09-16,2015-09-18,2023-04-22,13870787,-109.93354205711266,31.756945020694523,-109.92293695995622,31.76116093669142,64445ab0d34ee8d4adea5c23,https://www.sciencebase.gov/catalog/item/64445ab0d34ee8d4adea5c23,https://rockyweb.usgs.gov/vdelivery/Datasets/Staged/Elevation/LPC/Projects/AZ_WalnutGulch_2015/AZ_WalnutGulch_2015/LAZ/USGS_LPC_AZ_WalnutGulch_2015_12RXA010140.laz
US-Wkg,AZ_WalnutGulch_2015,12RXA020110,USGS Lidar Point Cloud AZ_WalnutGulch_2015 12RXA020110,LAZ,2015-09-16,2015-09-18,2023-04-22,6200544,-109.92328230463681,31.73118682354881,-109.91865110322317,31.738903783957664,64445ab0d34ee8d4adea5c21,https://www.sciencebase.gov/catalog/item/64445ab0d34ee8d4adea5c21,https://rockyweb.usgs.gov/vdelivery/Datasets/Staged/Elevation/LPC/Projects/AZ_WalnutGulch_2015/AZ_WalnutGulch_2015/LAZ/USGS_LPC_AZ_WalnutGulch_2015_12RXA020110.laz
US-Wkg,AZ_WalnutGulch_2015,12RXA020120,USGS Lidar Point Cloud AZ_WalnutGulch_2015 12RXA020120,LAZ,2015-09-16,2015-09-18,2023-04-22,17954842,-109.92319348086761,31.73883995993044,-109.91555091319167,31.74792436332388,64445ab0d34ee8d4adea5c1f,https://www.sciencebase.gov/catalog/item/64445ab0d34ee8d4adea5c1f,https://rockyweb.usgs.gov/vdelivery/Datasets/Staged/Elevation/LPC/Projects/AZ_WalnutGulch_2015/AZ_WalnutGulch_2015/LAZ/USGS_LPC_AZ_WalnutGulch_2015_12RXA020120.laz
US-Wkg,AZ_WalnutGulch_2015,12RXA020130,USGS Lidar Point Cloud AZ_WalnutGulch_2015 12RXA020130,LAZ,2015-09-16,2015-09-18,2023-04-22,34170191,-109.92308908999915,31.74783479366629,-109.91242740098352,31.75694492959639,64445ab0d34ee8d4adea5c1d,https://www.sciencebase.gov/catalog/item/64445ab0d34ee8d4adea5c1d,https://rockyweb.usgs.gov/vdelivery/Datasets/Staged/Elevation/LPC/Projects/AZ_WalnutGulch_2015/AZ_WalnutGulch_2015/LAZ/USGS_LPC_AZ_WalnutGulch_2015_12RXA020130.laz
US-Wkg,AZ_WalnutGulch_2015,12RXA020140,USGS Lidar Point Cloud AZ_WalnutGulch_2015 12RXA020140,LAZ,2015-09-16,2015-09-18,2023-04-22,27255271,-109.9229846523186,31.75685532855771,-109.9123218927715,31.765965482772994,64445aafd34ee8d4adea5c1b,https://www.sciencebase.gov/catalog/item/64445aafd34ee8d4adea5c1b,https://rockyweb.usgs.gov/vdelivery/Datasets/Staged/Elevation/LPC/Projects/AZ_WalnutGulch_2015/AZ_WalnutGulch_2015/LAZ/USGS_LPC_AZ_WalnutGulch_2015_12RXA020140.laz
US-Wkg,AZ_WalnutGulch_2015,12RXA020150,USGS Lidar Point Cloud AZ_WalnutGulch_2015 12RXA020150,LAZ,2015-09-16,2015-09-18,2023-04-22,1077876,-109.91433410446102,31.765875850347307,-109.91230736691776,31.767134511551014,64445aafd34ee8d4adea5c19,https://www.sciencebase.gov/catalog/item/64445aafd34ee8d4adea5c19,https://rockyweb.usgs.gov/vdelivery/Datasets/Staged/Elevation/LPC/Projects/AZ_WalnutGulch_2015/AZ_WalnutGulch_2015/LAZ/USGS_LPC_AZ_WalnutGulch_2015_12RXA020150.laz
US-Wkg,AZ_WalnutGulch_2015,12RXA030130,USGS Lidar Point Cloud AZ_WalnutGulch_2015 12RXA030130,LAZ,2015-09-16,2015-09-18,2023-04-22,18030657,-109.91251781224045,31.749022645151125,-109.90187009031946,31.756855237451145,64445aafd34ee8d4adea5c17,https://www.sciencebase.gov/catalog/item/64445aafd34ee8d4adea5c17,https://rockyweb.usgs.gov/vdelivery/Datasets/Staged/Elevation/LPC/Projects/AZ_WalnutGulch_2015/AZ_WalnutGulch_2015/LAZ/USGS_LPC_AZ_WalnutGulch_2015_12RXA030130.laz
US-Wkg,AZ_WalnutGulch_2015,12RXA030140,USGS Lidar Point Cloud AZ_WalnutGulch_2015 12RXA030140,LAZ,2015-09-16,2015-09-18,2023-04-22,33559582,-109.91242729435534,31.75676476184416,-109.90176355841496,31.76587575924054,64445aafd34ee8d4adea5c15,https://www.sciencebase.gov/catalog/item/64445aafd34ee8d4adea5c15,https://rockyweb.usgs.gov/vdelivery/Datasets/Staged/Elevation/LPC/Projects/AZ_WalnutGulch_2015/AZ_WalnutGulch_2015/LAZ/USGS_LPC_AZ_WalnutGulch_2015_12RXA030140.laz
US-Wkg,AZ_WalnutGulch_2015,12RXA030150,USGS Lidar Point Cloud AZ_WalnutGulch_2015 12RXA030150,LAZ,2015-09-16,2015-09-18,2023-04-22,11189373,-109.91232178613261,31.76578525194055,-109.90170333611336,31.770973250309037,64445aafd34ee8d4adea5c13,https://www.sciencebase.gov/catalog/item/64445aafd34ee8d4adea5c13,https://rockyweb.usgs.gov/vdelivery/Datasets/Staged/Elevation/LPC/Projects/AZ_WalnutGulch_2015/AZ_WalnutGulch_2015/LAZ/USGS_LPC_AZ_WalnutGulch_2015_12RXA030150.laz
US-Wkg,AZ_WalnutGulch_2015,12RXA040130,USGS Lidar Point Cloud AZ_WalnutGulch_2015 12RXA040130,LAZ,2015-09-16,2015-09-18,2023-04-22,473683,-109.90189490312527,31.75464339379932,-109.90062338064648,31.756764670729154,64445aaed34ee8d4adea5c11,https://www.sciencebase.gov/catalog/item/64445aaed34ee8d4adea5c11,https://rockyweb.usgs.gov/vdelivery/Datasets/Staged/Elevation/LPC/Projects/AZ_WalnutGulch_2015/AZ_WalnutGulch_2015/LAZ/USGS_LPC_AZ_WalnutGulch_2015_12RXA040130.laz
US-Wkg,AZ_WalnutGulch_2015,12RXA040140,USGS Lidar Point Cloud AZ_WalnutGulch_2015 12RXA040140,LAZ,2015-09-16,2015-09-18,2023-04-22,5834718,-109.90186998368151,31.75673425473321,-109.89822980013541,31.765785160825352,64445aaed34ee8d4adea5c0f,https://www.sciencebase.gov/catalog/item/64445aaed34ee8d4adea5c0f,https://rockyweb.usgs.gov/vdelivery/Datasets/Staged/Elevation/LPC/Projects/AZ_WalnutGulch_2015/AZ_WalnutGulch_2015/LAZ/USGS_LPC_AZ_WalnutGulch_2015_12RXA040140.laz
US-Wkg,AZ_WalnutGulch_2015,12RXA040150,USGS Lidar Point Cloud AZ_WalnutGulch_2015 12RXA040150,LAZ,2015-09-16,2015-09-18,2023-04-22,19484872,-109.90176345176629,31.7656937786647,-109.89113432114185,31.77173344523187,64445aaed34ee8d4adea5c0d,https://www.sciencebase.gov/catalog/item/64445aaed34ee8d4adea5c0d,https://rockyweb.usgs.gov/vdelivery/Datasets/Staged/Elevation/LPC/Projects/AZ_WalnutGulch_2015/AZ_WalnutGulch_2015/LAZ/USGS_LPC_AZ_WalnutGulch_2015_12RXA040150.laz
US-Wkg,AZ_WalnutGulch_2015,12RXA050150,USGS Lidar Point Cloud AZ_WalnutGulch_2015 12RXA050150,LAZ,2015-09-16,2015-09-18,2023-04-22,26337450,-109.89120516516721,31.76560143053355,-109.88056792239568,31.772263459327334,64445aadd34ee8d4adea5c09,https://www.sciencebase.gov/catalog/item/64445aadd34ee8d4adea5c09,https://rockyweb.usgs.gov/vdelivery/Datasets/Staged/Elevation/LPC/Projects/AZ_WalnutGulch_2015/AZ_WalnutGulch_2015/LAZ/USGS_LPC_AZ_WalnutGulch_2015_12RXA050150.laz
US-Wkg,CA_AZ_FEMA_R9_Lidar_2017_D18,751247,USGS Lidar Point Cloud CA_AZ_FEMA_R9_Lidar_2017_D18 751247,LAZ,2018-01-11,2019-02-24,2021-02-12,18047262,-109.99802448436576,31.680326779259214,-109.9866113763749,31.692713479215296,60f9660dd34e3ccd82fdd9d3,https://www.sciencebase.gov/catalog/item/60f9660dd34e3ccd82fdd9d3,https://rockyweb.usgs.gov/vdelivery/Datasets/Staged/Elevation/LPC/Projects/CA_AZ_FEMA_R9_Lidar_2017_D18/AZ_FEMA_East_2017/LAZ/USGS_LPC_CA_AZ_FEMA_R9_Lidar_2017_D18_751247.laz
US-Wkg,CA_AZ_FEMA_R9_Lidar_2017_D18,751252,USGS Lidar Point Cloud CA_AZ_FEMA_R9_Lidar_2017_D18 751252,LAZ,2018-01-11,2019-02-24,2021-02-12,6000052,-109.99067977407897,31.692697935644453,-109.9865889252881,31.70432739563501,60f9660dd34e3ccd82fdd9d1,https://www.sciencebase.gov/catalog/item/60f9660dd34e3ccd82fdd9d1,https://rockyweb.usgs.gov/vdelivery/Datasets/Staged/Elevation/LPC/Projects/CA_AZ_FEMA_R9_Lidar_2017_D18/AZ_FEMA_East_2017/LAZ/USGS_LPC_CA_AZ_FEMA_R9_Lidar_2017_D18_751252.laz
US-Wkg,CA_AZ_FEMA_R9_Lidar_2017_D18,751274,USGS Lidar Point Cloud CA_AZ_FEMA_R9_Lidar_2017_D18 751274,LAZ,2018-01-11,2019-02-24,2021-02-12,27301079,-110.00096909316098,31.755069201047093,-109.9864677858813,31.766944001947884,60f9660dd34e3ccd82fdd9cf,https://www.sciencebase.gov/catalog/item/60f9660dd34e3ccd82fdd9cf,https://rockyweb.usgs.gov/vdelivery/Datasets/Staged/Elevation/LPC/Projects/CA_AZ_FEMA_R9_Lidar_2017_D18/AZ_FEMA_East_2017/LAZ/USGS_LPC_CA_AZ_FEMA_R9_Lidar_2017_D18_751274.laz
US-Wkg,CA_AZ_FEMA_R9_Lidar_2017_D18,751279,USGS Lidar Point Cloud CA_AZ_FEMA_R9_Lidar_2017_D18 751279,LAZ,2018-01-11,2019-02-24,2021-02-12,29184597,-110.00094796947393,31.766924368917074,-109.98644380258908,31.77931499937314,60f9660dd34e3ccd82fdd9cd,https://www.sciencebase.gov/catalog/item/60f9660dd34e3ccd82fdd9cd,https://rockyweb.usgs.gov/vdelivery/Datasets/Staged/Elevation/LPC/Projects/CA_AZ_FEMA_R9_Lidar_2017_D18/AZ_FEMA_East_2017/LAZ/USGS_LPC_CA_AZ_FEMA_R9_Lidar_2017_D18_751279.laz
US-Wkg,CA_AZ_FEMA_R9_Lidar_2017_D18,751283,USGS Lidar Point Cloud CA_AZ_FEMA_R9_Lidar_2017_D18 751283,LAZ,2018-01-11,2019-02-24,2021-02-12,32401890,-110.00092591337695,31.779295356908104,-109.98641980454865,31.79168597272404,60f9660dd34e3ccd82fdd9ca,https://www.sciencebase.gov/catalog/item/60f9660dd34e3ccd82fdd9ca,https://rockyweb.usgs.gov/vdelivery/Datasets/Staged/Elevation/LPC/Projects/CA_AZ_FEMA_R9_Lidar_2017_D18/AZ_FEMA_East_2017/LAZ/USGS_LPC_CA_AZ_FEMA_R9_Lidar_2017_D18_751283.laz
US-Wkg,CA_AZ_FEMA_R9_Lidar_2017_D18,756247,USGS Lidar Point Cloud CA_AZ_FEMA_R9_Lidar_2017_D18 756247,LAZ,2018-01-11,2019-02-24,2021-02-12,34178882,-109.9866352244544,31.68030554421322,-109.97214271359341,31.692697908107636,60f96605d34e3ccd82fdd977,https://www.sciencebase.gov/catalog/item/60f96605d34e3ccd82fdd977,https://rockyweb.usgs.gov/vdelivery/Datasets/Staged/Elevation/LPC/Projects/CA_AZ_FEMA_R9_Lidar_2017_D18/AZ_FEMA_East_2017/LAZ/USGS_LPC_CA_AZ_FEMA_R9_Lidar_2017_D18_756247.laz
US-Wkg,CA_AZ_FEMA_R9_Lidar_2017_D18,756252,USGS Lidar Point Cloud CA_AZ_FEMA_R9_Lidar_2017_D18 756252,LAZ,2018-01-11,2019-02-24,2021-02-12,32316682,-109.9866113441692,31.692676690393032,-109.97211689852622,31.705069040452024,60f96605d34e3ccd82fdd975,https://www.sciencebase.gov/catalog/item/60f96605d34e3ccd82fdd975,https://rockyweb.usgs.gov/vdelivery/Datasets/Staged/Elevation/LPC/Projects/CA_AZ_FEMA_R9_Lidar_2017_D18/AZ_FEMA_East_2017/LAZ/USGS_LPC_CA_AZ_FEMA_R9_Lidar_2017_D18_756252.laz
US-Wkg,CA_AZ_FEMA_R9_Lidar_2017_D18,756256,USGS Lidar Point Cloud CA_AZ_FEMA_R9_Lidar_2017_D18 756256,LAZ,2018-01-11,2019-02-24,2021-02-12,5663066,-109.98605068676815,31.705047812529312,-109.97210914723638,31.708781375692862,60f96605d34e3ccd82fdd972,https://www.sciencebase.gov/catalog/item/60f96605d34e3ccd82fdd972,https://rockyweb.usgs.gov/vdelivery/Datasets/Staged/Elevation/LPC/Projects/CA_AZ_FEMA_R9_Lidar_2017_D18/AZ_FEMA_East_2017/LAZ/USGS_LPC_CA_AZ_FEMA_R9_Lidar_2017_D18_756256.laz
US-Wkg,CA_AZ_FEMA_R9_Lidar_2017_D18,756274,USGS Lidar Point Cloud CA_AZ_FEMA_R9_Lidar_2017_D18 756274,LAZ,2018-01-11,2019-02-24,2021-02-12,25577793,-109.9864901293403,31.75535443050304,-109.97198758480151,31.76692434138044,60f96605d34e3ccd82fdd970,https://www.sciencebase.gov/catalog/item/60f96605d34e3ccd82fdd970,https://rockyweb.usgs.gov/vdelivery/Datasets/Staged/Elevation/LPC/Projects/CA_AZ_FEMA_R9_Lidar_2017_D18/AZ_FEMA_East_2017/LAZ/USGS_LPC_CA_AZ_FEMA_R9_Lidar_2017_D18_756274.laz
US-Wkg,CA_AZ_FEMA_R9_Lidar_2017_D18,756279,USGS Lidar Point Cloud CA_AZ_FEMA_R9_Lidar_2017_D18 756279,LAZ,2018-01-11,2019-02-24,2021-02-12,29714877,-109.98646775364979,31.766903062377338,-109.97196167431781,31.779295329371525,60f96605d34e3ccd82fdd96d,https://www.sciencebase.gov/catalog/item/60f96605d34e3ccd82fdd96d,https://rockyweb.usgs.gov/vdelivery/Datasets/Staged/Elevation/LPC/Projects/CA_AZ_FEMA_R9_Lidar_2017_D18/AZ_FEMA_East_2017/LAZ/USGS_LPC_CA_AZ_FEMA_R9_Lidar_2017_D18_756279.laz
US-Wkg,CA_AZ_FEMA_R9_Lidar_2017_D18,756283,USGS Lidar Point Cloud CA_AZ_FEMA_R9_Lidar_2017_D18 756283,LAZ,2018-01-11,2019-02-24,2021-02-12,31579385,-109.98644377035323,31.779274040144323,-109.97193574790083,31.791666293285736,60f96605d34e3ccd82fdd96b,https://www.sciencebase.gov/catalog/item/60f96605d34e3ccd82fdd96b,https://rockyweb.usgs.gov/vdelivery/Datasets/Staged/Elevation/LPC/Projects/CA_AZ_FEMA_R9_Lidar_2017_D18/AZ_FEMA_East_2017/LAZ/USGS_LPC_CA_AZ_FEMA_R9_Lidar_2017_D18_756283.laz
US-Wkg,CA_AZ_FEMA_R9_Lidar_2017_D18,760247,USGS Lidar Point Cloud CA_AZ_FEMA_R9_Lidar_2017_D18 760247,LAZ,2018-01-11,2019-02-24,2021-02-12,31315586,-109.97216848058272,31.680282668720295,-109.95767406668422,31.692676662852577,60f965dfd34e3ccd82fdd912,https://www.sciencebase.gov/catalog/item/60f965dfd34e3ccd82fdd912,https://rockyweb.usgs.gov/vdelivery/Datasets/Staged/Elevation/LPC/Projects/CA_AZ_FEMA_R9_Lidar_2017_D18/AZ_FEMA_East_2017/LAZ/USGS_LPC_CA_AZ_FEMA_R9_Lidar_2017_D18_760247.laz
US-Wkg,CA_AZ_FEMA_R9_Lidar_2017_D18,760252,USGS Lidar Point Cloud CA_AZ_FEMA_R9_Lidar_2017_D18 760252,LAZ,2018-01-11,2019-02-24,2021-02-12,31653197,-109.97214268138352,31.692653803906296,-109.95764633153115,31.705047784988885,60f965dfd34e3ccd82fdd90f,https://www.sciencebase.gov/catalog/item/60f965dfd34e3ccd82fdd90f,https://rockyweb.usgs.gov/vdelivery/Datasets/Staged/Elevation/LPC/Projects/CA_AZ_FEMA_R9_Lidar_2017_D18/AZ_FEMA_East_2017/LAZ/USGS_LPC_CA_AZ_FEMA_R9_Lidar_2017_D18_760252.laz
US-Wkg,CA_AZ_FEMA_R9_Lidar_2017_D18,760256,USGS Lidar Point Cloud CA_AZ_FEMA_R9_Lidar_2017_D18 760256,LAZ,2018-01-11,2019-02-24,2021-02-12,15199693,-109.972116866312,31.705024915045897,-109.9576251494987,31.714490783788484,60f965ded34e3ccd82fdd90d,https://www.sciencebase.gov/catalog/item/60f965ded34e3ccd82fdd90d,https://rockyweb.usgs.gov/vdelivery/Datasets/Staged/Elevation/LPC/Projects/CA_AZ_FEMA_R9_Lidar_2017_D18/AZ_FEMA_East_2017/LAZ/USGS_LPC_CA_AZ_FEMA_R9_Lidar_2017_D18_760256.laz
US-Wkg,CA_AZ_FEMA_R9_Lidar_2017_D18,760270,USGS Lidar Point Cloud CA_AZ_FEMA_R9_Lidar_2017_D18 760270,LAZ,2018-01-11,2019-02-24,2021-02-12,2544250,-109.96791349490631,31.752444700725842,-109.95753522020374,31.754525696521704,60f965ded34e3ccd82fdd90b,https://www.sciencebase.gov/catalog/item/60f965ded34e3ccd82fdd90b,https://rockyweb.usgs.gov/vdelivery/Datasets/Staged/Elevation/LPC/Projects/CA_AZ_FEMA_R9_Lidar_2017_D18/AZ_FEMA_East_2017/LAZ/USGS_LPC_CA_AZ_FEMA_R9_Lidar_2017_D18_760270.laz
US-Wkg,CA_AZ_FEMA_R9_Lidar_2017_D18,760274,USGS Lidar Point Cloud CA_AZ_FEMA_R9_Lidar_2017_D18 760274,LAZ,2018-01-11,2019-02-24,2021-02-12,29598555,-109.9720134471292,31.754509119037284,-109.95750739964629,31.76690303483706,60f965ded34e3ccd82fdd908,https://www.sciencebase.gov/catalog/item/60f965ded34e3ccd82fdd908,https://rockyweb.usgs.gov/vdelivery/Datasets/Staged/Elevation/LPC/Projects/CA_AZ_FEMA_R9_Lidar_2017_D18/AZ_FEMA_East_2017/LAZ/USGS_LPC_CA_AZ_FEMA_R9_Lidar_2017_D18_760274.laz
US-Wkg,CA_AZ_FEMA_R9_Lidar_2017_D18,760279,USGS Lidar Point Cloud CA_AZ_FEMA_R9_Lidar_2017_D18 760279,LAZ,2018-01-11,2019-02-24,2021-02-12,30681700,-109.97198755256575,31.766880109867667,-109.95747956197987,31.77927401260409,60f965ddd34e3ccd82fdd906,https://www.sciencebase.gov/catalog/item/60f965ddd34e3ccd82fdd906,https://rockyweb.usgs.gov/vdelivery/Datasets/Staged/Elevation/LPC/Projects/CA_AZ_FEMA_R9_Lidar_2017_D18/AZ_FEMA_East_2017/LAZ/USGS_LPC_CA_AZ_FEMA_R9_Lidar_2017_D18_760279.laz
US-Wkg,CA_AZ_FEMA_R9_Lidar_2017_D18,760283,USGS Lidar Point Cloud CA_AZ_FEMA_R9_Lidar_2017_D18 760283,LAZ,2018-01-11,2019-02-24,2021-02-12,31611725,-109.97196164207773,31.779251076620838,-109.95745170719506,31.791644966291624,60f965dcd34e3ccd82fdd903,https://www.sciencebase.gov/catalog/item/60f965dcd34e3ccd82fdd903,https://rockyweb.usgs.gov/vdelivery/Datasets/Staged/Elevation/LPC/Projects/CA_AZ_FEMA_R9_Lidar_2017_D18/AZ_FEMA_East_2017/LAZ/USGS_LPC_CA_AZ_FEMA_R9_Lidar_2017_D18_760283.laz
US-Wkg,CA_AZ_FEMA_R9_Lidar_2017_D18,765247,USGS Lidar Point Cloud CA_AZ_FEMA_R9_Lidar_2017_D18 765247,LAZ,2018-01-11,2019-02-24,2021-02-12,34378259,-109.95770175257464,31.680258152786916,-109.94320543682785,31.69265377636222,60f965d4d34e3ccd82fdd8b3,https://www.sciencebase.gov/catalog/item/60f965d4d34e3ccd82fdd8b3,https://rockyweb.usgs.gov/vdelivery/Datasets/Staged/Elevation/LPC/Projects/CA_AZ_FEMA_R9_Lidar_2017_D18/AZ_FEMA_East_2017/LAZ/USGS_LPC_CA_AZ_FEMA_R9_Lidar_2017_D18_765247.laz
US-Wkg,CA_AZ_FEMA_R9_Lidar_2017_D18,765252,USGS Lidar Point Cloud CA_AZ_FEMA_R9_Lidar_2017_D18 765252,LAZ,2018-01-11,2019-02-24,2021-02-12,33898980,-109.95767403447007,31.692629276190736,-109.94317578159824,31.70502488750186,60f965d3d34e3ccd82fdd8b0,https://www.sciencebase.gov/catalog/item/60f965d3d34e3ccd82fdd8b0,https://rockyweb.usgs.gov/vdelivery/Datasets/Staged/Elevation/LPC/Projects/CA_AZ_FEMA_R9_Lidar_2017_D18/AZ_FEMA_East_2017/LAZ/USGS_LPC_CA_AZ_FEMA_R9_Lidar_2017_D18_765252.laz
US-Wkg,CA_AZ_FEMA_R9_Lidar_2017_D18,765256,USGS Lidar Point Cloud CA_AZ_FEMA_R9_Lidar_2017_D18 765256,LAZ,2018-01-11,2019-02-24,2021-02-12,31041914,-109.95764629931271,31.705000375545087,-109.9431461081253,31.71739597458993,60f965d3d34e3ccd82fdd8ae,https://www.sciencebase.gov/catalog/item/60f965d3d34e3ccd82fdd8ae,https://rockyweb.usgs.gov/vdelivery/Datasets/Staged/Elevation/LPC/Projects/CA_AZ_FEMA_R9_Lidar_2017_D18/AZ_FEMA_East_2017/LAZ/USGS_LPC_CA_AZ_FEMA_R9_Lidar_2017_D18_765256.laz
US-Wkg,CA_AZ_FEMA_R9_Lidar_2017_D18,765261,USGS Lidar Point Cloud CA_AZ_FEMA_R9_Lidar_2017_D18 765261,LAZ,2018-01-11,2019-02-24,2021-02-12,607618,-109.94791858036233,31.71737145084482,-109.94314375925119,31.718358637208038,60f965d3d34e3ccd82fdd8ac,https://www.sciencebase.gov/catalog/item/60f965d3d34e3ccd82fdd8ac,https://rockyweb.usgs.gov/vdelivery/Datasets/Staged/Elevation/LPC/Projects/CA_AZ_FEMA_R9_Lidar_2017_D18/AZ_FEMA_East_2017/LAZ/USGS_LPC_CA_AZ_FEMA_R9_Lidar_2017_D18_765261.laz
US-Wkg,CA_AZ_FEMA_R9_Lidar_2017_D18,765270,USGS Lidar Point Cloud CA_AZ_FEMA_R9_Lidar_2017_D18 765270,LAZ,2018-01-11,2019-02-24,2021-02-12,5794352,-109.95753996581908,31.752359195744017,-109.9430569781464,31.754509091493357,60f965d2d34e3ccd82fdd8a9,https://www.sciencebase.gov/catalog/item/60f965d2d34e3ccd82fdd8a9,https://rockyweb.usgs.gov/vdelivery/Datasets/Staged/Elevation/LPC/Projects/CA_AZ_FEMA_R9_Lidar_2017_D18/AZ_FEMA_East_2017/LAZ/USGS_LPC_CA_AZ_FEMA_R9_Lidar_2017_D18_765270.laz
US-Wkg,CA_AZ_FEMA_R9_Lidar_2017_D18,765274,USGS Lidar Point Cloud CA_AZ_FEMA_R9_Lidar_2017_D18 765274,LAZ,2018-01-11,2019-02-24,2021-02-12,29914592,-109.95753518796803,31.754484532364827,-109.94302723160004,31.766880082323777,60f965d2d34e3ccd82fdd8a6,https://www.sciencebase.gov/catalog/item/60f965d2d34e3ccd82fdd8a6,https://rockyweb.usgs.gov/vdelivery/Datasets/Staged/Elevation/LPC/Projects/CA_AZ_FEMA_R9_Lidar_2017_D18/AZ_FEMA_East_2017/LAZ/USGS_LPC_CA_AZ_FEMA_R9_Lidar_2017_D18_765274.laz
US-Wkg,CA_AZ_FEMA_R9_Lidar_2017_D18,765279,USGS Lidar Point Cloud CA_AZ_FEMA_R9_Lidar_2017_D18 765279,LAZ,2018-01-11,2019-02-24,2021-02-12,30232689,-109.95750736740627,31.76685551139462,-109.94299746676027,31.77925104907696,60f965d2d34e3ccd82fdd8a3,https://www.sciencebase.gov/catalog/item/60f965d2d34e3ccd82fdd8a3,https://rockyweb.usgs.gov/vdelivery/Datasets/Staged/Elevation/LPC/Projects/CA_AZ_FEMA_R9_Lidar_2017_D18/AZ_FEMA_East_2017/LAZ/USGS_LPC_CA_AZ_FEMA_R9_Lidar_2017_D18_765279.laz
US-Wkg,CA_AZ_FEMA_R9_Lidar_2017_D18,765283,USGS Lidar Point Cloud CA_AZ_FEMA_R9_Lidar_2017_D18 765283,LAZ,2018-01-11,2019-02-24,2021-02-12,31711474,-109.95747952973552,31.779226466344102,-109.94296768361706,31.79162199174777,60f965d2d34e3ccd82fdd8a0,https://www.sciencebase.gov/catalog/item/60f965d2d34e3ccd82fdd8a0,https://rockyweb.usgs.gov/vdelivery/Datasets/Staged/Elevation/LPC/Projects/CA_AZ_FEMA_R9_Lidar_2017_D18/AZ_FEMA_East_2017/LAZ/USGS_LPC_CA_AZ_FEMA_R9_Lidar_2017_D18_765283.laz
US-Wkg,CA_AZ_FEMA_R9_Lidar_2017_D18,769247,USGS Lidar Point Cloud CA_AZ_FEMA_R9_Lidar_2017_D18 769247,LAZ,2018-01-11,2019-02-24,2021-02-12,29868868,-109.94323504161004,31.680231996420027,-109.92873682520484,31.692629248643044,60f965cad34e3ccd82fdd85d,https://www.sciencebase.gov/catalog/item/60f965cad34e3ccd82fdd85d,https://rockyweb.usgs.gov/vdelivery/Datasets/Staged/Elevation/LPC/Projects/CA_AZ_FEMA_R9_Lidar_2017_D18/AZ_FEMA_East_2017/LAZ/USGS_LPC_CA_AZ_FEMA_R9_Lidar_2017_D18_769247.laz
US-Wkg,CA_AZ_FEMA_R9_Lidar_2017_D18,769252,USGS Lidar Point Cloud CA_AZ_FEMA_R9_Lidar_2017_D18 769252,LAZ,2018-01-11,2019-02-24,2021-02-12,29036049,-109.94320540460949,31.692603107253298,-109.92870524990869,31.70500034799743,60f965cad34e3ccd82fdd85a,https://www.sciencebase.gov/catalog/item/60f965cad34e3ccd82fdd85a,https://rockyweb.usgs.gov/vdelivery/Datasets/Staged/Elevation/LPC/Projects/CA_AZ_FEMA_R9_Lidar_2017_D18/AZ_FEMA_East_2017/LAZ/USGS_LPC_CA_AZ_FEMA_R9_Lidar_2017_D18_769252.laz
US-Wkg,CA_AZ_FEMA_R9_Lidar_2017_D18,769256,USGS Lidar Point Cloud CA_AZ_FEMA_R9_Lidar_2017_D18 769256,LAZ,2018-01-11,2019-02-24,2021-02-12,23228625,-109.94317574937557,31.704979182699276,-109.93136260334803,31.71737142329718,60f965cad34e3ccd82fdd858,https://www.sciencebase.gov/catalog/item/60f965cad34e3ccd82fdd858,https://rockyweb.usgs.gov/vdelivery/Datasets/Staged/Elevation/LPC/Projects/CA_AZ_FEMA_R9_Lidar_2017_D18/AZ_FEMA_East_2017/LAZ/USGS_LPC_CA_AZ_FEMA_R9_Lidar_2017_D18_769256.laz
US-Wkg,CA_AZ_FEMA_R9_Lidar_2017_D18,769261,USGS Lidar Point Cloud CA_AZ_FEMA_R9_Lidar_2017_D18 769261,LAZ,2018-01-11,2019-02-24,2021-02-12,147565,-109.94314604373729,31.717365976441005,-109.94004365429824,31.71794343368947,60f965cad34e3ccd82fdd855,https://www.sciencebase.gov/catalog/item/60f965cad34e3ccd82fdd855,https://rockyweb.usgs.gov/vdelivery/Datasets/Staged/Elevation/LPC/Projects/CA_AZ_FEMA_R9_Lidar_2017_D18/AZ_FEMA_East_2017/LAZ/USGS_LPC_CA_AZ_FEMA_R9_Lidar_2017_D18_769261.laz
US-Wkg,CA_AZ_FEMA_R9_Lidar_2017_D18,769270,USGS Lidar Point Cloud CA_AZ_FEMA_R9_Lidar_2017_D18 769270,LAZ,2018-01-11,2019-02-24,2021-02-12,2354318,-109.943059842904,31.753257256086336,-109.93081769782802,31.754484504817253,60f965c9d34e3ccd82fdd852,https://www.sciencebase.gov/catalog/item/60f965c9d34e3ccd82fdd852,https://rockyweb.usgs.gov/vdelivery/Datasets/Staged/Elevation/LPC/Projects/CA_AZ_FEMA_R9_Lidar_2017_D18/AZ_FEMA_East_2017/LAZ/USGS_LPC_CA_AZ_FEMA_R9_Lidar_2017_D18_769270.laz
US-Wkg,CA_AZ_FEMA_R9_Lidar_2017_D18,769274,USGS Lidar Point Cloud CA_AZ_FEMA_R9_Lidar_2017_D18 769274,LAZ,2018-01-11,2019-02-24,2021-02-12,30424221,-109.94305694590646,31.75445830052552,-109.9285470818472,31.766855483847092,60f965c9d34e3ccd82fdd850,https://www.sciencebase.gov/catalog/item/60f965c9d34e3ccd82fdd850,https://rockyweb.usgs.gov/vdelivery/Datasets/Staged/Elevation/LPC/Projects/CA_AZ_FEMA_R9_Lidar_2017_D18/AZ_FEMA_East_2017/LAZ/USGS_LPC_CA_AZ_FEMA_R9_Lidar_2017_D18_769274.laz
US-Wkg,CA_AZ_FEMA_R9_Lidar_2017_D18,769279,USGS Lidar Point Cloud CA_AZ_FEMA_R9_Lidar_2017_D18 769279,LAZ,2018-01-11,2019-02-24,2021-02-12,31300884,-109.94302719935578,31.766829266965125,-109.92851538984414,31.779226438796606,60f965c9d34e3ccd82fdd84d,https://www.sciencebase.gov/catalog/item/60f965c9d34e3ccd82fdd84d,https://rockyweb.usgs.gov/vdelivery/Datasets/Staged/Elevation/LPC/Projects/CA_AZ_FEMA_R9_Lidar_2017_D18/AZ_FEMA_East_2017/LAZ/USGS_LPC_CA_AZ_FEMA_R9_Lidar_2017_D18_769279.laz
US-Wkg,CA_AZ_FEMA_R9_Lidar_2017_D18,769283,USGS Lidar Point Cloud CA_AZ_FEMA_R9_Lidar_2017_D18 769283,LAZ,2018-01-11,2019-02-24,2021-02-12,41655658,-109.9429974345117,31.779200209321118,-109.92848367835255,31.79159736966067,60f965c9d34e3ccd82fdd84b,https://www.sciencebase.gov/catalog/item/60f965c9d34e3ccd82fdd84b,https://rockyweb.usgs.gov/vdelivery/Datasets/Staged/Elevation/LPC/Projects/CA_AZ_FEMA_R9_Lidar_2017_D18/AZ_FEMA_East_2017/LAZ/USGS_LPC_CA_AZ_FEMA_R9_Lidar_2017_D18_769283.laz
US-Wkg,CA_AZ_FEMA_R9_Lidar_2017_D18,774247,USGS Lidar Point Cloud CA_AZ_FEMA_R9_Lidar_2017_D18 774247,LAZ,2018-01-11,2019-02-24,2021-02-12,2669864,-109.92876429733765,31.681815370343177,-109.92585397269701,31.69260307970199,60f965c5d34e3ccd82fdd81d,https://www.sciencebase.gov/catalog/item/60f965c5d34e3ccd82fdd81d,https://rockyweb.usgs.gov/vdelivery/Datasets/Staged/Elevation/LPC/Projects/CA_AZ_FEMA_R9_Lidar_2017_D18/AZ_FEMA_East_2017/LAZ/USGS_LPC_CA_AZ_FEMA_R9_Lidar_2017_D18_774247.laz
US-Wkg,CA_AZ_FEMA_R9_Lidar_2017_D18,774252,USGS Lidar Point Cloud CA_AZ_FEMA_R9_Lidar_2017_D18 774252,LAZ,2018-01-11,2019-02-24,2021-02-12,486421,-109.92873679298225,31.692598932551928,-109.92650120303875,31.69573571606225,60f965c2d34e3ccd82fdd819,https://www.sciencebase.gov/catalog/item/60f965c2d34e3ccd82fdd819,https://rockyweb.usgs.gov/vdelivery/Datasets/Staged/Elevation/LPC/Projects/CA_AZ_FEMA_R9_Lidar_2017_D18/AZ_FEMA_East_2017/LAZ/USGS_LPC_CA_AZ_FEMA_R9_Lidar_2017_D18_774252.laz
US-Wkg,CA_AZ_FEMA_R9_Lidar_2017_D18,774274,USGS Lidar Point Cloud CA_AZ_FEMA_R9_Lidar_2017_D18 774274,LAZ,2018-01-11,2019-02-24,2021-02-12,33813112,-109.9285780826766,31.754680262034892,-109.91406695157218,31.76682923941397,60f965bfd34e3ccd82fdd814,https://www.sciencebase.gov/catalog/item/60f965bfd34e3ccd82fdd814,https://rockyweb.usgs.gov/vdelivery/Datasets/Staged/Elevation/LPC/Projects/CA_AZ_FEMA_R9_Lidar_2017_D18/AZ_FEMA_East_2017/LAZ/USGS_LPC_CA_AZ_FEMA_R9_Lidar_2017_D18_774274.laz
US-Wkg,CA_AZ_FEMA_R9_Lidar_2017_D18,774279,USGS Lidar Point Cloud CA_AZ_FEMA_R9_Lidar_2017_D18 774279,LAZ,2018-01-11,2019-02-24,2021-02-12,47484215,-109.9285470495987,31.766801376586642,-109.91403333241651,31.77920018176999,60f965bfd34e3ccd82fdd811,https://www.sciencebase.gov/catalog/item/60f965bfd34e3ccd82fdd811,https://rockyweb.usgs.gov/vdelivery/Datasets/Staged/Elevation/LPC/Projects/CA_AZ_FEMA_R9_Lidar_2017_D18/AZ_FEMA_East_2017/LAZ/USGS_LPC_CA_AZ_FEMA_R9_Lidar_2017_D18_774279.laz
US-Wkg,CA_AZ_FEMA_R9_Lidar_2017_D18,774283,USGS Lidar Point Cloud CA_AZ_FEMA_R9_Lidar_2017_D18 774283,LAZ,2018-01-11,2019-02-24,2021-02-12,58258406,-109.92851535759131,31.779172305559356,-109.91399969258727,31.791571100037302,60f965bfd34e3ccd82fdd80e,https://www.sciencebase.gov/catalog/item/60f965bfd34e3ccd82fdd80e,https://rockyweb.usgs.gov/vdelivery/Datasets/Staged/Elevation/LPC/Projects/CA_AZ_FEMA_R9_Lidar_2017_D18/AZ_FEMA_East_2017/LAZ/USGS_LPC_CA_AZ_FEMA_R9_Lidar_2017_D18_774283.laz
US-Wkg,CA_AZ_FEMA_R9_Lidar_2017_D18,778274,USGS Lidar Point Cloud CA_AZ_FEMA_R9_Lidar_2017_D18 778274,LAZ,2018-01-11,2019-02-24,2021-02-12,19081323,-109.91408704797234,31.75936140334582,-109.89958684195939,31.76680134903183,60f965bad34e3ccd82fdd7df,https://www.sciencebase.gov/catalog/item/60f965bad34e3ccd82fdd7df,https://rockyweb.usgs.gov/vdelivery/Datasets/Staged/Elevation/LPC/Projects/CA_AZ_FEMA_R9_Lidar_2017_D18/AZ_FEMA_East_2017/LAZ/USGS_LPC_CA_AZ_FEMA_R9_Lidar_2017_D18_778274.laz
US-Wkg,CA_AZ_FEMA_R9_Lidar_2017_D18,778279,USGS Lidar Point Cloud CA_AZ_FEMA_R9_Lidar_2017_D18 778279,LAZ,2018-01-11,2019-02-24,2021-02-12,61930422,-109.91406691931945,31.76677184026705,-109.89955129566245,31.779172278004584,60f965b9d34e3ccd82fdd7dd,https://www.sciencebase.gov/catalog/item/60f965b9d34e3ccd82fdd7dd,https://rockyweb.usgs.gov/vdelivery/Datasets/Staged/Elevation/LPC/Projects/CA_AZ_FEMA_R9_Lidar_2017_D18/AZ_FEMA_East_2017/LAZ/USGS_LPC_CA_AZ_FEMA_R9_Lidar_2017_D18_778279.laz
US-Wkg,CA_AZ_FEMA_R9_Lidar_2017_D18,778283,USGS Lidar Point Cloud CA_AZ_FEMA_R9_Lidar_2017_D18 778283,LAZ,2018-01-11,2019-02-24,2021-02-12,62851950,-109.91403330015945,31.779142755066687,-109.89951572750688,31.791543182885125,60f965b9d34e3ccd82fdd7da,https://www.sciencebase.gov/catalog/item/60f965b9d34e3ccd82fdd7da,https://rockyweb.usgs.gov/vdelivery/Datasets/Staged/Elevation/LPC/Projects/CA_AZ_FEMA_R9_Lidar_2017_D18/AZ_FEMA_East_2017/LAZ/USGS_LPC_CA_AZ_FEMA_R9_Lidar_2017_D18_778283.laz
US-Wkg,CA_AZ_FEMA_R9_Lidar_2017_D18,783274,USGS Lidar Point Cloud CA_AZ_FEMA_R9_Lidar_2017_D18 783274,LAZ,2018-01-11,2019-02-24,2021-02-12,2546817,-109.8995930894098,31.764554387617412,-109.8851067541932,31.766771812708626,60f965b5d34e3ccd82fdd7ae,https://www.sciencebase.gov/catalog/item/60f965b5d34e3ccd82fdd7ae,https://rockyweb.usgs.gov/vdelivery/Datasets/Staged/Elevation/LPC/Projects/CA_AZ_FEMA_R9_Lidar_2017_D18/AZ_FEMA_East_2017/LAZ/USGS_LPC_CA_AZ_FEMA_R9_Lidar_2017_D18_783274.laz
US-Wkg,CA_AZ_FEMA_R9_Lidar_2017_D18,783279,USGS Lidar Point Cloud CA_AZ_FEMA_R9_Lidar_2017_D18 783279,LAZ,2018-01-11,2019-02-24,2021-02-12,41487820,-109.89958680970241,31.76674065801474,-109.88506928076697,31.779142727508294,60f965b5d34e3ccd82fdd7ab,https://www.sciencebase.gov/catalog/item/60f965b5d34e3ccd82fdd7ab,https://rockyweb.usgs.gov/vdelivery/Datasets/Staged/Elevation/LPC/Projects/CA_AZ_FEMA_R9_Lidar_2017_D18/AZ_FEMA_East_2017/LAZ/USGS_LPC_CA_AZ_FEMA_R9_Lidar_2017_D18_783279.laz
US-Wkg,CA_AZ_FEMA_R9_Lidar_2017_D18,783283,USGS Lidar Point Cloud CA_AZ_FEMA_R9_Lidar_2017_D18 783283,LAZ,2018-01-11,2019-02-24,2021-02-12,22153514,-109.89955126340115,31.779121602745562,-109.88961266685922,31.79151361821205,60f965b5d34e3ccd82fdd7a8,https://www.sciencebase.gov/catalog/item/60f965b5d34e3ccd82fdd7a8,https://rockyweb.usgs.gov/vdelivery/Datasets/Staged/Elevation/LPC/Projects/CA_AZ_FEMA_R9_Lidar_2017_D18/AZ_FEMA_East_2017/LAZ/USGS_LPC_CA_AZ_FEMA_R9_Lidar_2017_D18_783283.laz
US-xNQ,UT Central QL2 2018 12TUK7143 LAS,2019,USGS Lidar Point Cloud UT Central QL2 2018 12TUK7143 LAS 2019,LAZ,2018-06-05,2018-09-03,2019-07-19,7766675,-112.514239815,40.127587569,-112.502307112,40.136440917,5d6ab2e3e4b0c4f70cf3879b,https://www.sciencebase.gov/catalog/item/5d6ab2e3e4b0c4f70cf3879b,https://rockyweb.usgs.gov/vdelivery/Datasets/Staged/Elevation/LPC/Projects/USGS_LPC_UT_Central_QL2_2018_LAS_2019/laz/USGS_LPC_UT_Central_QL2_2018_12TUK7143_LAS_2019.laz
US-xNQ,UT Central QL2 2018 12TUK7144 LAS,2019,USGS Lidar Point Cloud UT Central QL2 2018 12TUK7144 LAS 2019,LAZ,2018-06-05,2018-09-03,2019-07-19,8134518,-112.514439701,40.1365940615,-112.502505475,40.1454475278,5d6ab2e3e4b0c4f70cf3879d,https://www.sciencebase.gov/catalog/item/5d6ab2e3e4b0c4f70cf3879d,https://rockyweb.usgs.gov/vdelivery/Datasets/Staged/Elevation/LPC/Projects/USGS_LPC_UT_Central_QL2_2018_LAS_2019/laz/USGS_LPC_UT_Central_QL2_2018_12TUK7144_LAS_2019.laz
US-xNQ,UT Central QL2 2018 12TUK7145 LAS,2019,USGS Lidar Point Cloud UT Central QL2 2018 12TUK7145 LAS 2019,LAZ,2018-06-05,2018-09-03,2019-07-19,8044276,-112.514639905,40.1456006292,-112.502703928,40.1544537604,5d6ab2e3e4b0c4f70cf3879f,https://www.sciencebase.gov/catalog/item/5d6ab2e3e4b0c4f70cf3879f,https://rockyweb.usgs.gov/vdelivery/Datasets/Staged/Elevation/LPC/Projects/USGS_LPC_UT_Central_QL2_2018_LAS_2019/laz/USGS_LPC_UT_Central_QL2_2018_12TUK7145_LAS_2019.laz
US-xNQ,UT Central QL2 2018 12TUK7146 LAS,2019,USGS Lidar Point Cloud UT Central QL2 2018 12TUK7146 LAS 2019,LAZ,2018-06-05,2018-09-03,2019-07-19,8385259,-112.51483997,40.1546070019,-112.502902468,40.1634602514,5d6ab2e3e4b0c4f70cf387a1,https://www.sciencebase.gov/catalog/item/5d6ab2e3e4b0c4f70cf387a1,https://rockyweb.usgs.gov/vdelivery/Datasets/Staged/Elevation/LPC/Projects/USGS_LPC_UT_Central_QL2_2018_LAS_2019/laz/USGS_LPC_UT_Central_QL2_2018_12TUK7146_LAS_2019.laz
US-xNQ,UT Central QL2 2018 12TUK7147 LAS,2019,USGS Lidar Point Cloud UT Central QL2 2018 12TUK7147 LAS 2019,LAZ,2018-06-05,2018-09-03,2019-07-19,9640255,-112.515040241,40.1636134497,-112.503101098,40.1724666359,5d6ab2e3e4b0c4f70cf387a3,https://www.sciencebase.gov/catalog/item/5d6ab2e3e4b0c4f70cf387a3,https://rockyweb.usgs.gov/vdelivery/Datasets/Staged/Elevation/LPC/Projects/USGS_LPC_UT_Central_QL2_2018_LAS_2019/laz/USGS_LPC_UT_Central_QL2_2018_12TUK7147_LAS_2019.laz
US-xNQ,UT Central QL2 2018 12TUK7148 LAS,2019,USGS Lidar Point Cloud UT Central QL2 2018 12TUK7148 LAS 2019,LAZ,2018-06-05,2018-09-03,2019-07-19,10231263,-112.515240486,40.1726199728,-112.50329982,40.1814730972,5d6ab2e4e4b0c4f70cf387a5,https://www.sciencebase.gov/catalog/item/5d6ab2e4e4b0c4f70cf387a5,https://rockyweb.usgs.gov/vdelivery/Datasets/Staged/Elevation/LPC/Projects/USGS_LPC_UT_Central_QL2_2018_LAS_2019/laz/USGS_LPC_UT_Central_QL2_2018_12TUK7148_LAS_2019.laz
US-xNQ,UT Central QL2 2018 12TUK7149 LAS,2019,USGS Lidar Point Cloud UT Central QL2 2018 12TUK7149 LAS 2019,LAZ,2018-06-05,2018-09-03,2019-07-19,12294282,-112.515440937,40.1816263909,-112.50349863,40.1904794519,5d6ab2e4e4b0c4f70cf387a7,https://www.sciencebase.gov/catalog/item/5d6ab2e4e4b0c4f70cf387a7,https://rockyweb.usgs.gov/vdelivery/Datasets/Staged/Elevation/LPC/Projects/USGS_LPC_UT_Central_QL2_2018_LAS_2019/laz/USGS_LPC_UT_Central_QL2_2018_12TUK7149_LAS_2019.laz
US-xNQ,UT Central QL2 2018 12TUK7150 LAS,2019,USGS Lidar Point Cloud UT Central QL2 2018 12TUK7150 LAS 2019,LAZ,2018-06-05,2018-09-03,2019-07-19,16480253,-112.515641712,40.1906327942,-112.503697529,40.1994856986,5d6ab2e4e4b0c4f70cf387a9,https://www.sciencebase.gov/catalog/item/5d6ab2e4e4b0c4f70cf387a9,https://rockyweb.usgs.gov/vdelivery/Datasets/Staged/Elevation/LPC/Projects/USGS_LPC_UT_Central_QL2_2018_LAS_2019/laz/USGS_LPC_UT_Central_QL2_2018_12TUK7150_LAS_2019.laz
US-xNQ,UT Central QL2 2018 12TUK7151 LAS,2019,USGS Lidar Point Cloud UT Central QL2 2018 12TUK7151 LAS 2019,LAZ,2018-06-05,2018-09-03,2019-07-19,16643534,-112.515842107,40.1996391826,-112.503896518,40.2084919366,5d6ab2e4e4b0c4f70cf387ab,https://www.sciencebase.gov/catalog/item/5d6ab2e4e4b0c4f70cf387ab,https://rockyweb.usgs.gov/vdelivery/Datasets/Staged/Elevation/LPC/Projects/USGS_LPC_UT_Central_QL2_2018_LAS_2019/laz/USGS_LPC_UT_Central_QL2_2018_12TUK7151_LAS_2019.laz
US-xNQ,UT Central QL2 2018 12TUK7152 LAS,2019,USGS Lidar Point Cloud UT Central QL2 2018 12TUK7152 LAS 2019,LAZ,2018-06-05,2018-09-03,2019-07-19,16086124,-112.516043064,40.208645466,-112.504095595,40.2174982436,5d6ab2e4e4b0c4f70cf387ad,https://www.sciencebase.gov/catalog/item/5d6ab2e4e4b0c4f70cf387ad,https://rockyweb.usgs.gov/vdelivery/Datasets/Staged/Elevation/LPC/Projects/USGS_LPC_UT_Central_QL2_2018_LAS_2019/laz/USGS_LPC_UT_Central_QL2_2018_12TUK7152_LAS_2019.laz
US-xNQ,UT Central QL2 2018 12TUK7153 LAS,2019,USGS Lidar Point Cloud UT Central QL2 2018 12TUK7153 LAS 2019,LAZ,2018-06-05,2018-09-03,2019-07-19,15978991,-112.516243881,40.2176518247,-112.504294763,40.2265047189,5d6ab2e4e4b0c4f70cf387af,https://www.sciencebase.gov/catalog/item/5d6ab2e4e4b0c4f70cf387af,https://rockyweb.usgs.gov/vdelivery/Datasets/Staged/Elevation/LPC/Projects/USGS_LPC_UT_Central_QL2_2018_LAS_2019/laz/USGS_LPC_UT_Central_QL2_2018_12TUK7153_LAS_2019.laz
US-xNQ,UT Central QL2 2018 12TUK7243 LAS,2019,USGS Lidar Point Cloud UT Central QL2 2018 12TUK7243 LAS 2019,LAZ,2018-06-05,2018-09-03,2019-07-19,7475288,-112.502505353,40.1277392083,-112.490574107,40.1365938829,5d6ab2f3e4b0c4f70cf3881f,https://www.sciencebase.gov/catalog/item/5d6ab2f3e4b0c4f70cf3881f,https://rockyweb.usgs.gov/vdelivery/Datasets/Staged/Elevation/LPC/Projects/USGS_LPC_UT_Central_QL2_2018_LAS_2019/laz/USGS_LPC_UT_Central_QL2_2018_12TUK7243_LAS_2019.laz
US-xNQ,UT Central QL2 2018 12TUK7244 LAS,2019,USGS Lidar Point Cloud UT Central QL2 2018 12TUK7244 LAS 2019,LAZ,2018-06-05,2018-09-03,2019-07-19,7266765,-112.502703807,40.1367457473,-112.490771039,40.1456004506,5d6ab2f3e4b0c4f70cf38821,https://www.sciencebase.gov/catalog/item/5d6ab2f3e4b0c4f70cf38821,https://rockyweb.usgs.gov/vdelivery/Datasets/Staged/Elevation/LPC/Projects/USGS_LPC_UT_Central_QL2_2018_LAS_2019/laz/USGS_LPC_UT_Central_QL2_2018_12TUK7244_LAS_2019.laz
US-xNQ,UT Central QL2 2018 12TUK7245 LAS,2019,USGS Lidar Point Cloud UT Central QL2 2018 12TUK7245 LAS 2019,LAZ,2018-06-05,2018-09-03,2019-07-19,7697736,-112.502902344,40.1457522745,-112.490967825,40.1546067332,5d6ab2f3e4b0c4f70cf38823,https://www.sciencebase.gov/catalog/item/5d6ab2f3e4b0c4f70cf38823,https://rockyweb.usgs.gov/vdelivery/Datasets/Staged/Elevation/LPC/Projects/USGS_LPC_UT_Central_QL2_2018_LAS_2019/laz/USGS_LPC_UT_Central_QL2_2018_12TUK7245_LAS_2019.laz
US-xNQ,UT Central QL2 2018 12TUK7246 LAS,2019,USGS Lidar Point Cloud UT Central QL2 2018 12TUK7246 LAS 2019,LAZ,2018-06-05,2018-09-03,2019-07-19,7435679,-112.503100979,40.1547587853,-112.491164817,40.1636133612,5d6ab2f4e4b0c4f70cf38825,https://www.sciencebase.gov/catalog/item/5d6ab2f4e4b0c4f70cf38825,https://rockyweb.usgs.gov/vdelivery/Datasets/Staged/Elevation/LPC/Projects/USGS_LPC_UT_Central_QL2_2018_LAS_2019/laz/USGS_LPC_UT_Central_QL2_2018_12TUK7246_LAS_2019.laz
US-xNQ,UT Central QL2 2018 12TUK7247 LAS,2019,USGS Lidar Point Cloud UT Central QL2 2018 12TUK7247 LAS 2019,LAZ,2018-06-05,2018-09-03,2019-07-19,7429785,-112.503299699,40.1637652813,-112.491361898,40.1726197942,5d6ab2f4e4b0c4f70cf38827,https://www.sciencebase.gov/catalog/item/5d6ab2f4e4b0c4f70cf38827,https://rockyweb.usgs.gov/vdelivery/Datasets/Staged/Elevation/LPC/Projects/USGS_LPC_UT_Central_QL2_2018_LAS_2019/laz/USGS_LPC_UT_Central_QL2_2018_12TUK7247_LAS_2019.laz
US-xNQ,UT Central QL2 2018 12TUK7248 LAS,2019,USGS Lidar Point Cloud UT Central QL2 2018 12TUK7248 LAS 2019,LAZ,2018-06-05,2018-09-03,2019-07-19,7548115,-112.503498508,40.1727717624,-112.491559067,40.1816262123,5d6ab2f4e4b0c4f70cf38829,https://www.sciencebase.gov/catalog/item/5d6ab2f4e4b0c4f70cf38829,https://rockyweb.usgs.gov/vdelivery/Datasets/Staged/Elevation/LPC/Projects/USGS_LPC_UT_Central_QL2_2018_LAS_2019/laz/USGS_LPC_UT_Central_QL2_2018_12TUK7248_LAS_2019.laz
US-xNQ,UT Central QL2 2018 12TUK7249 LAS,2019,USGS Lidar Point Cloud UT Central QL2 2018 12TUK7249 LAS 2019,LAZ,2018-06-05,2018-09-03,2019-07-19,9144903,-112.503697408,40.1817782287,-112.491756326,40.1906326156,5d6ab2f4e4b0c4f70cf3882b,https://www.sciencebase.gov/catalog/item/5d6ab2f4e4b0c4f70cf3882b,https://rockyweb.usgs.gov/vdelivery/Datasets/Staged/Elevation/LPC/Projects/USGS_LPC_UT_Central_QL2_2018_LAS_2019/laz/USGS_LPC_UT_Central_QL2_2018_12TUK7249_LAS_2019.laz
US-xNQ,UT Central QL2 2018 12TUK7250 LAS,2019,USGS Lidar Point Cloud UT Central QL2 2018 12TUK7250 LAS 2019,LAZ,2018-06-05,2018-09-03,2019-07-19,11560410,-112.50389616,40.1907846801,-112.491953673,40.199638917,5d6ab2f4e4b0c4f70cf3882d,https://www.sciencebase.gov/catalog/item/5d6ab2f4e4b0c4f70cf3882d,https://rockyweb.usgs.gov/vdelivery/Datasets/Staged/Elevation/LPC/Projects/USGS_LPC_UT_Central_QL2_2018_LAS_2019/laz/USGS_LPC_UT_Central_QL2_2018_12TUK7250_LAS_2019.laz
US-xNQ,UT Central QL2 2018 12TUK7251 LAS,2019,USGS Lidar Point Cloud UT Central QL2 2018 12TUK7251 LAS 2019,LAZ,2018-06-05,2018-09-03,2019-07-19,13676870,-112.504095475,40.1997911151,-112.492151227,40.2086453775,5d6ab2f4e4b0c4f70cf3882f,https://www.sciencebase.gov/catalog/item/5d6ab2f4e4b0c4f70cf3882f,https://rockyweb.usgs.gov/vdelivery/Datasets/Staged/Elevation/LPC/Projects/USGS_LPC_UT_Central_QL2_2018_LAS_2019/laz/USGS_LPC_UT_Central_QL2_2018_12TUK7251_LAS_2019.laz
US-xNQ,UT Central QL2 2018 12TUK7252 LAS,2019,USGS Lidar Point Cloud UT Central QL2 2018 12TUK7252 LAS 2019,LAZ,2018-06-05,2018-09-03,2019-07-19,14753244,-112.504294639,40.2087975383,-112.492348634,40.217651556,5d6ab2f4e4b0c4f70cf38832,https://www.sciencebase.gov/catalog/item/5d6ab2f4e4b0c4f70cf38832,https://rockyweb.usgs.gov/vdelivery/Datasets/Staged/Elevation/LPC/Projects/USGS_LPC_UT_Central_QL2_2018_LAS_2019/laz/USGS_LPC_UT_Central_QL2_2018_12TUK7252_LAS_2019.laz
US-xNQ,UT Central QL2 2018 12TUK7253 LAS,2019,USGS Lidar Point Cloud UT Central QL2 2018 12TUK7253 LAS 2019,LAZ,2018-06-05,2018-09-03,2019-07-19,14014485,-112.504493902,40.2178039451,-112.492546249,40.2266580799,5d6ab2f4e4b0c4f70cf38835,https://www.sciencebase.gov/catalog/item/5d6ab2f4e4b0c4f70cf38835,https://rockyweb.usgs.gov/vdelivery/Datasets/Staged/Elevation/LPC/Projects/USGS_LPC_UT_Central_QL2_2018_LAS_2019/laz/USGS_LPC_UT_Central_QL2_2018_12TUK7253_LAS_2019.laz
US-xNQ,UT Central QL2 2018 12TUK7343 LAS,2019,USGS Lidar Point Cloud UT Central QL2 2018 12TUK7343 LAS 2019,LAZ,2018-06-05,2018-09-03,2019-07-19,8293577,-112.490770803,40.1278896593,-112.478841014,40.1367456603,5d6ab302e4b0c4f70cf38910,https://www.sciencebase.gov/catalog/item/5d6ab302e4b0c4f70cf38910,https://rockyweb.usgs.gov/vdelivery/Datasets/Staged/Elevation/LPC/Projects/USGS_LPC_UT_Central_QL2_2018_LAS_2019/laz/USGS_LPC_UT_Central_QL2_2018_12TUK7343_LAS_2019.laz
US-xNQ,UT Central QL2 2018 12TUK7344 LAS,2019,USGS Lidar Point Cloud UT Central QL2 2018 12TUK7344 LAS 2019,LAZ,2018-06-05,2018-09-03,2019-07-19,8225252,-112.490967585,40.1368962475,-112.479036281,40.1457520073,5d6ab303e4b0c4f70cf38915,https://www.sciencebase.gov/catalog/item/5d6ab303e4b0c4f70cf38915,https://rockyweb.usgs.gov/vdelivery/Datasets/Staged/Elevation/LPC/Projects/USGS_LPC_UT_Central_QL2_2018_LAS_2019/laz/USGS_LPC_UT_Central_QL2_2018_12TUK7344_LAS_2019.laz
US-xNQ,UT Central QL2 2018 12TUK7345 LAS,2019,USGS Lidar Point Cloud UT Central QL2 2018 12TUK7345 LAS 2019,LAZ,2018-06-05,2018-09-03,2019-07-19,7618741,-112.491164698,40.1459028209,-112.479231635,40.1547586968,5d6ab303e4b0c4f70cf3891a,https://www.sciencebase.gov/catalog/item/5d6ab303e4b0c4f70cf3891a,https://rockyweb.usgs.gov/vdelivery/Datasets/Staged/Elevation/LPC/Projects/USGS_LPC_UT_Central_QL2_2018_LAS_2019/laz/USGS_LPC_UT_Central_QL2_2018_12TUK7345_LAS_2019.laz
US-xNQ,UT Central QL2 2018 12TUK7346 LAS,2019,USGS Lidar Point Cloud UT Central QL2 2018 12TUK7346 LAS 2019,LAZ,2018-06-05,2018-09-03,2019-07-19,7857008,-112.491361778,40.1549094695,-112.47942708,40.1637651928,5d6ab303e4b0c4f70cf3891e,https://www.sciencebase.gov/catalog/item/5d6ab303e4b0c4f70cf3891e,https://rockyweb.usgs.gov/vdelivery/Datasets/Staged/Elevation/LPC/Projects/USGS_LPC_UT_Central_QL2_2018_LAS_2019/laz/USGS_LPC_UT_Central_QL2_2018_12TUK7346_LAS_2019.laz
US-xNQ,UT Central QL2 2018 12TUK7347 LAS,2019,USGS Lidar Point Cloud UT Central QL2 2018 12TUK7347 LAS 2019,LAZ,2018-06-05,2018-09-03,2019-07-19,8108295,-112.491558944,40.1639160117,-112.479622728,40.1727714937,5d6ab303e4b0c4f70cf38920,https://www.sciencebase.gov/catalog/item/5d6ab303e4b0c4f70cf38920,https://rockyweb.usgs.gov/vdelivery/Datasets/Staged/Elevation/LPC/Projects/USGS_LPC_UT_Central_QL2_2018_LAS_2019/laz/USGS_LPC_UT_Central_QL2_2018_12TUK7347_LAS_2019.laz
US-xNQ,UT Central QL2 2018 12TUK7348 LAS,2019,USGS Lidar Point Cloud UT Central QL2 2018 12TUK7348 LAS 2019,LAZ,2018-06-05,2018-09-03,2019-07-19,7727306,-112.491756206,40.1729224505,-112.479818345,40.1817781401,5d6ab303e4b0c4f70cf38925,https://www.sciencebase.gov/catalog/item/5d6ab303e4b0c4f70cf38925,https://rockyweb.usgs.gov/vdelivery/Datasets/Staged/Elevation/LPC/Projects/USGS_LPC_UT_Central_QL2_2018_LAS_2019/laz/USGS_LPC_UT_Central_QL2_2018_12TUK7348_LAS_2019.laz
US-xNQ,UT Central QL2 2018 12TUK7349 LAS,2019,USGS Lidar Point Cloud UT Central QL2 2018 12TUK7349 LAS 2019,LAZ,2018-06-05,2018-09-03,2019-07-19,7918631,-112.491953315,40.181928966,-112.480013935,40.1907844144,5d6ab30ae4b0c4f70cf38972,https://www.sciencebase.gov/catalog/item/5d6ab30ae4b0c4f70cf38972,https://rockyweb.usgs.gov/vdelivery/Datasets/Staged/Elevation/LPC/Projects/USGS_LPC_UT_Central_QL2_2018_LAS_2019/laz/USGS_LPC_UT_Central_QL2_2018_12TUK7349_LAS_2019.laz
US-xNQ,UT Central QL2 2018 12TUK7350 LAS,2019,USGS Lidar Point Cloud UT Central QL2 2018 12TUK7350 LAS 2019,LAZ,2018-06-05,2018-09-03,2019-07-19,8345453,-112.492150988,40.1909354652,-112.48020973,40.199790938,5d6ab30ae4b0c4f70cf38976,https://www.sciencebase.gov/catalog/item/5d6ab30ae4b0c4f70cf38976,https://rockyweb.usgs.gov/vdelivery/Datasets/Staged/Elevation/LPC/Projects/USGS_LPC_UT_Central_QL2_2018_LAS_2019/laz/USGS_LPC_UT_Central_QL2_2018_12TUK7350_LAS_2019.laz
US-xNQ,UT Central QL2 2018 12TUK7351 LAS,2019,USGS Lidar Point Cloud UT Central QL2 2018 12TUK7351 LAS 2019,LAZ,2018-06-05,2018-09-03,2019-07-19,9536314,-112.492348397,40.1999420395,-112.480405615,40.2087974513,5d6ab30ae4b0c4f70cf3897a,https://www.sciencebase.gov/catalog/item/5d6ab30ae4b0c4f70cf3897a,https://rockyweb.usgs.gov/vdelivery/Datasets/Staged/Elevation/LPC/Projects/USGS_LPC_UT_Central_QL2_2018_LAS_2019/laz/USGS_LPC_UT_Central_QL2_2018_12TUK7351_LAS_2019.laz
US-xNQ,UT Central QL2 2018 12TUK7352 LAS,2019,USGS Lidar Point Cloud UT Central QL2 2018 12TUK7352 LAS 2019,LAZ,2018-06-05,2018-09-03,2019-07-19,13100383,-112.492545894,40.208948509,-112.480601587,40.2178038596,5d6ab30ae4b0c4f70cf3897d,https://www.sciencebase.gov/catalog/item/5d6ab30ae4b0c4f70cf3897d,https://rockyweb.usgs.gov/vdelivery/Datasets/Staged/Elevation/LPC/Projects/USGS_LPC_UT_Central_QL2_2018_LAS_2019/laz/USGS_LPC_UT_Central_QL2_2018_12TUK7352_LAS_2019.laz
US-xNQ,UT Central QL2 2018 12TUK7353 LAS,2019,USGS Lidar Point Cloud UT Central QL2 2018 12TUK7353 LAS 2019,LAZ,2018-06-05,2018-09-03,2019-07-19,13249147,-112.492743829,40.217954872,-112.480797763,40.2268100684,5d6ab30ae4b0c4f70cf3897f,https://www.sciencebase.gov/catalog/item/5d6ab30ae4b0c4f70cf3897f,https://rockyweb.usgs.gov/vdelivery/Datasets/Staged/Elevation/LPC/Projects/USGS_LPC_UT_Central_QL2_2018_LAS_2019/laz/USGS_LPC_UT_Central_QL2_2018_12TUK7353_LAS_2019.laz
US-xNQ,UT Central QL2 2018 12TUK7443 LAS,2019,USGS Lidar Point Cloud UT Central QL2 2018 12TUK7443 LAS 2019,LAZ,2018-06-05,2018-09-03,2019-07-19,9056881,-112.479036161,40.1280389221,-112.467107832,40.136896159,5d6ab329e4b0c4f70cf38ab7,https://www.sciencebase.gov/catalog/item/5d6ab329e4b0c4f70cf38ab7,https://rockyweb.usgs.gov/vdelivery/Datasets/Staged/Elevation/LPC/Projects/USGS_LPC_UT_Central_QL2_2018_LAS_2019/laz/USGS_LPC_UT_Central_QL2_2018_12TUK7443_LAS_2019.laz
US-xNQ,UT Central QL2 2018 12TUK7444 LAS,2019,USGS Lidar Point Cloud UT Central QL2 2018 12TUK7444 LAS 2019,LAZ,2018-06-05,2018-09-03,2019-07-19,8561750,-112.479231516,40.1370456477,-112.467301553,40.1459027324,5d6ab329e4b0c4f70cf38ab9,https://www.sciencebase.gov/catalog/item/5d6ab329e4b0c4f70cf38ab9,https://rockyweb.usgs.gov/vdelivery/Datasets/Staged/Elevation/LPC/Projects/USGS_LPC_UT_Central_QL2_2018_LAS_2019/laz/USGS_LPC_UT_Central_QL2_2018_12TUK7444_LAS_2019.laz
US-xNQ,UT Central QL2 2018 12TUK7445 LAS,2019,USGS Lidar Point Cloud UT Central QL2 2018 12TUK7445 LAS 2019,LAZ,2018-06-05,2018-09-03,2019-07-19,8972168,-112.479426959,40.1460522669,-112.467495477,40.1549092909,5d6ab329e4b0c4f70cf38abb,https://www.sciencebase.gov/catalog/item/5d6ab329e4b0c4f70cf38abb,https://rockyweb.usgs.gov/vdelivery/Datasets/Staged/Elevation/LPC/Projects/USGS_LPC_UT_Central_QL2_2018_LAS_2019/laz/USGS_LPC_UT_Central_QL2_2018_12TUK7445_LAS_2019.laz
US-xNQ,UT Central QL2 2018 12TUK7446 LAS,2019,USGS Lidar Point Cloud UT Central QL2 2018 12TUK7446 LAS 2019,LAZ,2018-06-05,2018-09-03,2019-07-19,8614025,-112.479622489,40.1550587842,-112.467689251,40.1639158346,5d6ab32ae4b0c4f70cf38abd,https://www.sciencebase.gov/catalog/item/5d6ab32ae4b0c4f70cf38abd,https://rockyweb.usgs.gov/vdelivery/Datasets/Staged/Elevation/LPC/Projects/USGS_LPC_UT_Central_QL2_2018_LAS_2019/laz/USGS_LPC_UT_Central_QL2_2018_12TUK7446_LAS_2019.laz
US-xNQ,UT Central QL2 2018 12TUK7447 LAS,2019,USGS Lidar Point Cloud UT Central QL2 2018 12TUK7447 LAS 2019,LAZ,2018-06-05,2018-09-03,2019-07-19,10171216,-112.479817991,40.1640654653,-112.467883233,40.172922365,5d6ab32ae4b0c4f70cf38abf,https://www.sciencebase.gov/catalog/item/5d6ab32ae4b0c4f70cf38abf,https://rockyweb.usgs.gov/vdelivery/Datasets/Staged/Elevation/LPC/Projects/USGS_LPC_UT_Central_QL2_2018_LAS_2019/laz/USGS_LPC_UT_Central_QL2_2018_12TUK7447_LAS_2019.laz
US-xNQ,UT Central QL2 2018 12TUK7448 LAS,2019,USGS Lidar Point Cloud UT Central QL2 2018 12TUK7448 LAS 2019,LAZ,2018-06-05,2018-09-03,2019-07-19,10033343,-112.480013696,40.1730719515,-112.4680773,40.1819287889,5d6ab32ae4b0c4f70cf38ac1,https://www.sciencebase.gov/catalog/item/5d6ab32ae4b0c4f70cf38ac1,https://rockyweb.usgs.gov/vdelivery/Datasets/Staged/Elevation/LPC/Projects/USGS_LPC_UT_Central_QL2_2018_LAS_2019/laz/USGS_LPC_UT_Central_QL2_2018_12TUK7448_LAS_2019.laz
US-xNQ,UT Central QL2 2018 12TUK7449 LAS,2019,USGS Lidar Point Cloud UT Central QL2 2018 12TUK7449 LAS 2019,LAZ,2018-06-05,2018-09-03,2019-07-19,9695582,-112.480209493,40.1820786029,-112.468271457,40.1909353781,5d6ab32ae4b0c4f70cf38ac3,https://www.sciencebase.gov/catalog/item/5d6ab32ae4b0c4f70cf38ac3,https://rockyweb.usgs.gov/vdelivery/Datasets/Staged/Elevation/LPC/Projects/USGS_LPC_UT_Central_QL2_2018_LAS_2019/laz/USGS_LPC_UT_Central_QL2_2018_12TUK7449_LAS_2019.laz
US-xNQ,UT Central QL2 2018 12TUK7450 LAS,2019,USGS Lidar Point Cloud UT Central QL2 2018 12TUK7450 LAS 2019,LAZ,2018-06-05,2018-09-03,2019-07-19,9900608,-112.480405376,40.1910851495,-112.4684657,40.1999418624,5d6ab32ae4b0c4f70cf38ac5,https://www.sciencebase.gov/catalog/item/5d6ab32ae4b0c4f70cf38ac5,https://rockyweb.usgs.gov/vdelivery/Datasets/Staged/Elevation/LPC/Projects/USGS_LPC_UT_Central_QL2_2018_LAS_2019/laz/USGS_LPC_UT_Central_QL2_2018_12TUK7450_LAS_2019.laz
US-xNQ,UT Central QL2 2018 12TUK7451 LAS,2019,USGS Lidar Point Cloud UT Central QL2 2018 12TUK7451 LAS 2019,LAZ,2018-06-05,2018-09-03,2019-07-19,10689432,-112.480601466,40.2000916812,-112.468660031,40.2089483304,5d6ab32ae4b0c4f70cf38ac7,https://www.sciencebase.gov/catalog/item/5d6ab32ae4b0c4f70cf38ac7,https://rockyweb.usgs.gov/vdelivery/Datasets/Staged/Elevation/LPC/Projects/USGS_LPC_UT_Central_QL2_2018_LAS_2019/laz/USGS_LPC_UT_Central_QL2_2018_12TUK7451_LAS_2019.laz
US-xNQ,UT Central QL2 2018 12TUK7452 LAS,2019,USGS Lidar Point Cloud UT Central QL2 2018 12TUK7452 LAS 2019,LAZ,2018-06-05,2018-09-03,2019-07-19,11501365,-112.480797526,40.209098108,-112.468854447,40.217954785,5d6ab32ae4b0c4f70cf38ac9,https://www.sciencebase.gov/catalog/item/5d6ab32ae4b0c4f70cf38ac9,https://rockyweb.usgs.gov/vdelivery/Datasets/Staged/Elevation/LPC/Projects/USGS_LPC_UT_Central_QL2_2018_LAS_2019/laz/USGS_LPC_UT_Central_QL2_2018_12TUK7452_LAS_2019.laz
US-xNQ,UT Central QL2 2018 12TUK7453 LAS,2019,USGS Lidar Point Cloud UT Central QL2 2018 12TUK7453 LAS 2019,LAZ,2018-06-05,2018-09-03,2019-07-19,14336659,-112.480993557,40.21810461,-112.469048953,40.2269612262,5d6ab32be4b0c4f70cf38acc,https://www.sciencebase.gov/catalog/item/5d6ab32be4b0c4f70cf38acc,https://rockyweb.usgs.gov/vdelivery/Datasets/Staged/Elevation/LPC/Projects/USGS_LPC_UT_Central_QL2_2018_LAS_2019/laz/USGS_LPC_UT_Central_QL2_2018_12TUK7453_LAS_2019.laz
US-xNQ,UT Central QL2 2018 12TUK7543 LAS,2019,USGS Lidar Point Cloud UT Central QL2 2018 12TUK7543 LAS 2019,LAZ,2018-06-05,2018-09-03,2019-07-19,7852887,-112.467301428,40.1281869966,-112.455374564,40.1370452889,5d6ab33be4b0c4f70cf38c16,https://www.sciencebase.gov/catalog/item/5d6ab33be4b0c4f70cf38c16,https://rockyweb.usgs.gov/vdelivery/Datasets/Staged/Elevation/LPC/Projects/USGS_LPC_UT_Central_QL2_2018_LAS_2019/laz/USGS_LPC_UT_Central_QL2_2018_12TUK7543_LAS_2019.laz
US-xNQ,UT Central QL2 2018 12TUK7544 LAS,2019,USGS Lidar Point Cloud UT Central QL2 2018 12TUK7544 LAS 2019,LAZ,2018-06-05,2018-09-03,2019-07-19,7470918,-112.467495234,40.1371936791,-112.455566735,40.1460519096,5d6ab33ce4b0c4f70cf38c1a,https://www.sciencebase.gov/catalog/item/5d6ab33ce4b0c4f70cf38c1a,https://rockyweb.usgs.gov/vdelivery/Datasets/Staged/Elevation/LPC/Projects/USGS_LPC_UT_Central_QL2_2018_LAS_2019/laz/USGS_LPC_UT_Central_QL2_2018_12TUK7544_LAS_2019.laz
US-xNQ,UT Central QL2 2018 12TUK7545 LAS,2019,USGS Lidar Point Cloud UT Central QL2 2018 12TUK7545 LAS 2019,LAZ,2018-06-05,2018-09-03,2019-07-19,8366197,-112.467689131,40.1462003467,-112.455758992,40.1550586956,5d6ab33ce4b0c4f70cf38c1e,https://www.sciencebase.gov/catalog/item/5d6ab33ce4b0c4f70cf38c1e,https://rockyweb.usgs.gov/vdelivery/Datasets/Staged/Elevation/LPC/Projects/USGS_LPC_UT_Central_QL2_2018_LAS_2019/laz/USGS_LPC_UT_Central_QL2_2018_12TUK7545_LAS_2019.laz
US-xNQ,UT Central QL2 2018 12TUK7546 LAS,2019,USGS Lidar Point Cloud UT Central QL2 2018 12TUK7546 LAS 2019,LAZ,2018-06-05,2018-09-03,2019-07-19,8524596,-112.467883108,40.1552069966,-112.455951571,40.1640651066,5d6ab33ce4b0c4f70cf38c23,https://www.sciencebase.gov/catalog/item/5d6ab33ce4b0c4f70cf38c23,https://rockyweb.usgs.gov/vdelivery/Datasets/Staged/Elevation/LPC/Projects/USGS_LPC_UT_Central_QL2_2018_LAS_2019/laz/USGS_LPC_UT_Central_QL2_2018_12TUK7546_LAS_2019.laz
US-xNQ,UT Central QL2 2018 12TUK7547 LAS,2019,USGS Lidar Point Cloud UT Central QL2 2018 12TUK7547 LAS 2019,LAZ,2018-06-05,2018-09-03,2019-07-19,8311578,-112.468077176,40.1642136361,-112.456143884,40.1730716828,5d6ab33ce4b0c4f70cf38c29,https://www.sciencebase.gov/catalog/item/5d6ab33ce4b0c4f70cf38c29,https://rockyweb.usgs.gov/vdelivery/Datasets/Staged/Elevation/LPC/Projects/USGS_LPC_UT_Central_QL2_2018_LAS_2019/laz/USGS_LPC_UT_Central_QL2_2018_12TUK7547_LAS_2019.laz
US-xNQ,UT Central QL2 2018 12TUK7548 LAS,2019,USGS Lidar Point Cloud UT Central QL2 2018 12TUK7548 LAS 2019,LAZ,2018-06-05,2018-09-03,2019-07-19,8423118,-112.468271332,40.1732202608,-112.456336284,40.1820782441,5d6ab33de4b0c4f70cf38c30,https://www.sciencebase.gov/catalog/item/5d6ab33de4b0c4f70cf38c30,https://rockyweb.usgs.gov/vdelivery/Datasets/Staged/Elevation/LPC/Projects/USGS_LPC_UT_Central_QL2_2018_LAS_2019/laz/USGS_LPC_UT_Central_QL2_2018_12TUK7548_LAS_2019.laz
US-xNQ,UT Central QL2 2018 12TUK7549 LAS,2019,USGS Lidar Point Cloud UT Central QL2 2018 12TUK7549 LAS 2019,LAZ,2018-06-05,2018-09-03,2019-07-19,8197267,-112.468465575,40.1822268677,-112.456529006,40.1910847907,5d6ab33de4b0c4f70cf38c35,https://www.sciencebase.gov/catalog/item/5d6ab33de4b0c4f70cf38c35,https://rockyweb.usgs.gov/vdelivery/Datasets/Staged/Elevation/LPC/Projects/USGS_LPC_UT_Central_QL2_2018_LAS_2019/laz/USGS_LPC_UT_Central_QL2_2018_12TUK7549_LAS_2019.laz
US-xNQ,UT Central QL2 2018 12TUK7550 LAS,2019,USGS Lidar Point Cloud UT Central QL2 2018 12TUK7550 LAS 2019,LAZ,2018-06-05,2018-09-03,2019-07-19,8154221,-112.468659906,40.1912334627,-112.456721579,40.2000913224,5d6ab33de4b0c4f70cf38c3b,https://www.sciencebase.gov/catalog/item/5d6ab33de4b0c4f70cf38c3b,https://rockyweb.usgs.gov/vdelivery/Datasets/Staged/Elevation/LPC/Projects/USGS_LPC_UT_Central_QL2_2018_LAS_2019/laz/USGS_LPC_UT_Central_QL2_2018_12TUK7550_LAS_2019.laz
US-xNQ,UT Central QL2 2018 12TUK7551 LAS,2019,USGS Lidar Point Cloud UT Central QL2 2018 12TUK7551 LAS 2019,LAZ,2018-06-05,2018-09-03,2019-07-19,8407830,-112.468854324,40.2002400414,-112.456914357,40.2090978393,5d6ab33de4b0c4f70cf38c41,https://www.sciencebase.gov/catalog/item/5d6ab33de4b0c4f70cf38c41,https://rockyweb.usgs.gov/vdelivery/Datasets/Staged/Elevation/LPC/Projects/USGS_LPC_UT_Central_QL2_2018_LAS_2019/laz/USGS_LPC_UT_Central_QL2_2018_12TUK7551_LAS_2019.laz
US-xNQ,UT Central QL2 2018 12TUK7552 LAS,2019,USGS Lidar Point Cloud UT Central QL2 2018 12TUK7552 LAS 2019,LAZ,2018-06-05,2018-09-03,2019-07-19,8206619,-112.46904883,40.2092466053,-112.457107222,40.2181043413,5d6ab33ee4b0c4f70cf38c46,https://www.sciencebase.gov/catalog/item/5d6ab33ee4b0c4f70cf38c46,https://rockyweb.usgs.gov/vdelivery/Datasets/Staged/Elevation/LPC/Projects/USGS_LPC_UT_Central_QL2_2018_LAS_2019/laz/USGS_LPC_UT_Central_QL2_2018_12TUK7552_LAS_2019.laz
US-xNQ,UT Central QL2 2018 12TUK7553 LAS,2019,USGS Lidar Point Cloud UT Central QL2 2018 12TUK7553 LAS 2019,LAZ,2018-06-05,2018-09-03,2019-07-19,8927592,-112.469243424,40.2182531544,-112.457300174,40.2271108285,5d6ab33ee4b0c4f70cf38c49,https://www.sciencebase.gov/catalog/item/5d6ab33ee4b0c4f70cf38c49,https://rockyweb.usgs.gov/vdelivery/Datasets/Staged/Elevation/LPC/Projects/USGS_LPC_UT_Central_QL2_2018_LAS_2019/laz/USGS_LPC_UT_Central_QL2_2018_12TUK7553_LAS_2019.laz
US-xNQ,UT Central QL2 2018 12TUK7643 LAS,2019,USGS Lidar Point Cloud UT Central QL2 2018 12TUK7643 LAS 2019,LAZ,2018-06-05,2018-09-03,2019-07-19,7228647,-112.455566615,40.1283338829,-112.443641208,40.1371935905,5d6ab34fe4b0c4f70cf38d5f,https://www.sciencebase.gov/catalog/item/5d6ab34fe4b0c4f70cf38d5f,https://rockyweb.usgs.gov/vdelivery/Datasets/Staged/Elevation/LPC/Projects/USGS_LPC_UT_Central_QL2_2018_LAS_2019/laz/USGS_LPC_UT_Central_QL2_2018_12TUK7643_LAS_2019.laz
US-xNQ,UT Central QL2 2018 12TUK7644 LAS,2019,USGS Lidar Point Cloud UT Central QL2 2018 12TUK7644 LAS 2019,LAZ,2018-06-05,2018-09-03,2019-07-19,7343202,-112.455758873,40.1373406104,-112.443831949,40.1462002582,5d6ab34fe4b0c4f70cf38d63,https://www.sciencebase.gov/catalog/item/5d6ab34fe4b0c4f70cf38d63,https://rockyweb.usgs.gov/vdelivery/Datasets/Staged/Elevation/LPC/Projects/USGS_LPC_UT_Central_QL2_2018_LAS_2019/laz/USGS_LPC_UT_Central_QL2_2018_12TUK7644_LAS_2019.laz
US-xNQ,UT Central QL2 2018 12TUK7645 LAS,2019,USGS Lidar Point Cloud UT Central QL2 2018 12TUK7645 LAS 2019,LAZ,2018-06-05,2018-09-03,2019-07-19,7570201,-112.455951217,40.1463474162,-112.444022542,40.155206911,5d6ab34fe4b0c4f70cf38d67,https://www.sciencebase.gov/catalog/item/5d6ab34fe4b0c4f70cf38d67,https://rockyweb.usgs.gov/vdelivery/Datasets/Staged/Elevation/LPC/Projects/USGS_LPC_UT_Central_QL2_2018_LAS_2019/laz/USGS_LPC_UT_Central_QL2_2018_12TUK7645_LAS_2019.laz
US-xNQ,UT Central QL2 2018 12TUK7646 LAS,2019,USGS Lidar Point Cloud UT Central QL2 2018 12TUK7646 LAS 2019,LAZ,2018-06-05,2018-09-03,2019-07-19,8584442,-112.456143647,40.1553540255,-112.444213335,40.164213549,5d6ab350e4b0c4f70cf38d6a,https://www.sciencebase.gov/catalog/item/5d6ab350e4b0c4f70cf38d6a,https://rockyweb.usgs.gov/vdelivery/Datasets/Staged/Elevation/LPC/Projects/USGS_LPC_UT_Central_QL2_2018_LAS_2019/laz/USGS_LPC_UT_Central_QL2_2018_12TUK7646_LAS_2019.laz
US-xNQ,UT Central QL2 2018 12TUK7647 LAS,2019,USGS Lidar Point Cloud UT Central QL2 2018 12TUK7647 LAS 2019,LAZ,2018-06-05,2018-09-03,2019-07-19,8026733,-112.456336165,40.1643607101,-112.444404215,40.1732201722,5d6ab350e4b0c4f70cf38d6f,https://www.sciencebase.gov/catalog/item/5d6ab350e4b0c4f70cf38d6f,https://rockyweb.usgs.gov/vdelivery/Datasets/Staged/Elevation/LPC/Projects/USGS_LPC_UT_Central_QL2_2018_LAS_2019/laz/USGS_LPC_UT_Central_QL2_2018_12TUK7647_LAS_2019.laz
US-xNQ,UT Central QL2 2018 12TUK7648 LAS,2019,USGS Lidar Point Cloud UT Central QL2 2018 12TUK7648 LAS 2019,LAZ,2018-06-05,2018-09-03,2019-07-19,8020618,-112.456528769,40.1733673799,-112.444595182,40.1822267806,5d6ab350e4b0c4f70cf38d73,https://www.sciencebase.gov/catalog/item/5d6ab350e4b0c4f70cf38d73,https://rockyweb.usgs.gov/vdelivery/Datasets/Staged/Elevation/LPC/Projects/USGS_LPC_UT_Central_QL2_2018_LAS_2019/laz/USGS_LPC_UT_Central_QL2_2018_12TUK7648_LAS_2019.laz
US-xNQ,UT Central QL2 2018 12TUK7649 LAS,2019,USGS Lidar Point Cloud UT Central QL2 2018 12TUK7649 LAS 2019,LAZ,2018-06-05,2018-09-03,2019-07-19,8076418,-112.456721343,40.1823740349,-112.444786235,40.1912333756,5d6ab351e4b0c4f70cf38d78,https://www.sciencebase.gov/catalog/item/5d6ab351e4b0c4f70cf38d78,https://rockyweb.usgs.gov/vdelivery/Datasets/Staged/Elevation/LPC/Projects/USGS_LPC_UT_Central_QL2_2018_LAS_2019/laz/USGS_LPC_UT_Central_QL2_2018_12TUK7649_LAS_2019.laz
US-xNQ,UT Central QL2 2018 12TUK7650 LAS,2019,USGS Lidar Point Cloud UT Central QL2 2018 12TUK7650 LAS 2019,LAZ,2018-06-05,2018-09-03,2019-07-19,8171952,-112.456914238,40.1913806751,-112.444977374,40.2002399528,5d6ab351e4b0c4f70cf38d7c,https://www.sciencebase.gov/catalog/item/5d6ab351e4b0c4f70cf38d7c,https://rockyweb.usgs.gov/vdelivery/Datasets/Staged/Elevation/LPC/Projects/USGS_LPC_UT_Central_QL2_2018_LAS_2019/laz/USGS_LPC_UT_Central_QL2_2018_12TUK7650_LAS_2019.laz
US-xNQ,UT Central QL2 2018 12TUK7651 LAS,2019,USGS Lidar Point Cloud UT Central QL2 2018 12TUK7651 LAS 2019,LAZ,2018-06-05,2018-09-03,2019-07-19,8362873,-112.457106866,40.2003873004,-112.445168599,40.2092464296,5d6ab357e4b0c4f70cf38dc2,https://www.sciencebase.gov/catalog/item/5d6ab357e4b0c4f70cf38dc2,https://rockyweb.usgs.gov/vdelivery/Datasets/Staged/Elevation/LPC/Projects/USGS_LPC_UT_Central_QL2_2018_LAS_2019/laz/USGS_LPC_UT_Central_QL2_2018_12TUK7651_LAS_2019.laz
US-xNQ,UT Central QL2 2018 12TUK7652 LAS,2019,USGS Lidar Point Cloud UT Central QL2 2018 12TUK7652 LAS 2019,LAZ,2018-06-05,2018-09-03,2019-07-19,8482746,-112.457299937,40.209393911,-112.44535991,40.2182530673,5d6ab357e4b0c4f70cf38dc5,https://www.sciencebase.gov/catalog/item/5d6ab357e4b0c4f70cf38dc5,https://rockyweb.usgs.gov/vdelivery/Datasets/Staged/Elevation/LPC/Projects/USGS_LPC_UT_Central_QL2_2018_LAS_2019/laz/USGS_LPC_UT_Central_QL2_2018_12TUK7652_LAS_2019.laz
US-xNQ,UT Central QL2 2018 12TUK7653 LAS,2019,USGS Lidar Point Cloud UT Central QL2 2018 12TUK7653 LAS 2019,LAZ,2018-06-05,2018-09-03,2019-07-19,8653866,-112.457493093,40.2184005067,-112.445551307,40.2272596,5d6ab358e4b0c4f70cf38dc7,https://www.sciencebase.gov/catalog/item/5d6ab358e4b0c4f70cf38dc7,https://rockyweb.usgs.gov/vdelivery/Datasets/Staged/Elevation/LPC/Projects/USGS_LPC_UT_Central_QL2_2018_LAS_2019/laz/USGS_LPC_UT_Central_QL2_2018_12TUK7653_LAS_2019.laz
US-xNQ,UT Central QL2 2018 12TUK7743 LAS,2019,USGS Lidar Point Cloud UT Central QL2 2018 12TUK7743 LAS 2019,LAZ,2018-06-05,2018-09-03,2019-07-19,8120048,-112.443831712,40.1284795808,-112.431907767,40.1373405233,5d6ab36ce4b0c4f70cf38ef9,https://www.sciencebase.gov/catalog/item/5d6ab36ce4b0c4f70cf38ef9,https://rockyweb.usgs.gov/vdelivery/Datasets/Staged/Elevation/LPC/Projects/USGS_LPC_UT_Central_QL2_2018_LAS_2019/laz/USGS_LPC_UT_Central_QL2_2018_12TUK7743_LAS_2019.laz
US-xNQ,UT Central QL2 2018 12TUK7744 LAS,2019,USGS Lidar Point Cloud UT Central QL2 2018 12TUK7744 LAS 2019,LAZ,2018-06-05,2018-09-03,2019-07-19,8173315,-112.444022421,40.137486356,-112.432096842,40.1463472375,5d6ab36ce4b0c4f70cf38efc,https://www.sciencebase.gov/catalog/item/5d6ab36ce4b0c4f70cf38efc,https://rockyweb.usgs.gov/vdelivery/Datasets/Staged/Elevation/LPC/Projects/USGS_LPC_UT_Central_QL2_2018_LAS_2019/laz/USGS_LPC_UT_Central_QL2_2018_12TUK7744_LAS_2019.laz
US-xNQ,UT Central QL2 2018 12TUK7745 LAS,2019,USGS Lidar Point Cloud UT Central QL2 2018 12TUK7745 LAS 2019,LAZ,2018-06-05,2018-09-03,2019-07-19,7947794,-112.444213215,40.1464931135,-112.432286237,40.1553539369,5d6ab36ce4b0c4f70cf38f00,https://www.sciencebase.gov/catalog/item/5d6ab36ce4b0c4f70cf38f00,https://rockyweb.usgs.gov/vdelivery/Datasets/Staged/Elevation/LPC/Projects/USGS_LPC_UT_Central_QL2_2018_LAS_2019/laz/USGS_LPC_UT_Central_QL2_2018_12TUK7745_LAS_2019.laz
US-xNQ,UT Central QL2 2018 12TUK7746 LAS,2019,USGS Lidar Point Cloud UT Central QL2 2018 12TUK7746 LAS 2019,LAZ,2018-06-05,2018-09-03,2019-07-19,7722246,-112.444404092,40.155499862,-112.432475247,40.1643604414,5d6ab36ce4b0c4f70cf38f03,https://www.sciencebase.gov/catalog/item/5d6ab36ce4b0c4f70cf38f03,https://rockyweb.usgs.gov/vdelivery/Datasets/Staged/Elevation/LPC/Projects/USGS_LPC_UT_Central_QL2_2018_LAS_2019/laz/USGS_LPC_UT_Central_QL2_2018_12TUK7746_LAS_2019.laz
US-xNQ,UT Central QL2 2018 12TUK7747 LAS,2019,USGS Lidar Point Cloud UT Central QL2 2018 12TUK7747 LAS 2019,LAZ,2018-06-05,2018-09-03,2019-07-19,8234466,-112.444595063,40.1645065928,-112.432664578,40.1733672913,5d6ab36ce4b0c4f70cf38f07,https://www.sciencebase.gov/catalog/item/5d6ab36ce4b0c4f70cf38f07,https://rockyweb.usgs.gov/vdelivery/Datasets/Staged/Elevation/LPC/Projects/USGS_LPC_UT_Central_QL2_2018_LAS_2019/laz/USGS_LPC_UT_Central_QL2_2018_12TUK7747_LAS_2019.laz
US-xNQ,UT Central QL2 2018 12TUK7748 LAS,2019,USGS Lidar Point Cloud UT Central QL2 2018 12TUK7748 LAS 2019,LAZ,2018-06-05,2018-09-03,2019-07-19,8339373,-112.444786112,40.1735133089,-112.432853994,40.1823737662,5d6ab36ce4b0c4f70cf38f09,https://www.sciencebase.gov/catalog/item/5d6ab36ce4b0c4f70cf38f09,https://rockyweb.usgs.gov/vdelivery/Datasets/Staged/Elevation/LPC/Projects/USGS_LPC_UT_Central_QL2_2018_LAS_2019/laz/USGS_LPC_UT_Central_QL2_2018_12TUK7748_LAS_2019.laz
US-xNQ,UT Central QL2 2018 12TUK7749 LAS,2019,USGS Lidar Point Cloud UT Central QL2 2018 12TUK7749 LAS 2019,LAZ,2018-06-05,2018-09-03,2019-07-19,8663440,-112.444977254,40.1825200101,-112.433043495,40.1913805865,5d6ab36de4b0c4f70cf38f0b,https://www.sciencebase.gov/catalog/item/5d6ab36de4b0c4f70cf38f0b,https://rockyweb.usgs.gov/vdelivery/Datasets/Staged/Elevation/LPC/Projects/USGS_LPC_UT_Central_QL2_2018_LAS_2019/laz/USGS_LPC_UT_Central_QL2_2018_12TUK7749_LAS_2019.laz
US-xNQ,UT Central QL2 2018 12TUK7750 LAS,2019,USGS Lidar Point Cloud UT Central QL2 2018 12TUK7750 LAS 2019,LAZ,2018-06-05,2018-09-03,2019-07-19,8851995,-112.445168358,40.1915266965,-112.433233082,40.2003870332,5d6ab36de4b0c4f70cf38f0d,https://www.sciencebase.gov/catalog/item/5d6ab36de4b0c4f70cf38f0d,https://rockyweb.usgs.gov/vdelivery/Datasets/Staged/Elevation/LPC/Projects/USGS_LPC_UT_Central_QL2_2018_LAS_2019/laz/USGS_LPC_UT_Central_QL2_2018_12TUK7750_LAS_2019.laz
US-xNQ,UT Central QL2 2018 12TUK7751 LAS,2019,USGS Lidar Point Cloud UT Central QL2 2018 12TUK7751 LAS 2019,LAZ,2018-06-05,2018-09-03,2019-07-19,8680043,-112.445359791,40.2005333681,-112.433422754,40.2093938224,5d6ab36de4b0c4f70cf38f0f,https://www.sciencebase.gov/catalog/item/5d6ab36de4b0c4f70cf38f0f,https://rockyweb.usgs.gov/vdelivery/Datasets/Staged/Elevation/LPC/Projects/USGS_LPC_UT_Central_QL2_2018_LAS_2019/laz/USGS_LPC_UT_Central_QL2_2018_12TUK7751_LAS_2019.laz
US-xNQ,UT Central QL2 2018 12TUK7752 LAS,2019,USGS Lidar Point Cloud UT Central QL2 2018 12TUK7752 LAS 2019,LAZ,2018-06-05,2018-09-03,2019-07-19,8835116,-112.445551184,40.209540025,-112.433612511,40.218400238,5d6ab36de4b0c4f70cf38f11,https://www.sciencebase.gov/catalog/item/5d6ab36de4b0c4f70cf38f11,https://rockyweb.usgs.gov/vdelivery/Datasets/Staged/Elevation/LPC/Projects/USGS_LPC_UT_Central_QL2_2018_LAS_2019/laz/USGS_LPC_UT_Central_QL2_2018_12TUK7752_LAS_2019.laz
US-xNQ,UT Central QL2 2018 12TUK7753 LAS,2019,USGS Lidar Point Cloud UT Central QL2 2018 12TUK7753 LAS 2019,LAZ,2018-06-05,2018-09-03,2019-07-19,8813034,-112.445742672,40.218546667,-112.433802355,40.2274069991,5d6ab36de4b0c4f70cf38f13,https://www.sciencebase.gov/catalog/item/5d6ab36de4b0c4f70cf38f13,https://rockyweb.usgs.gov/vdelivery/Datasets/Staged/Elevation/LPC/Projects/USGS_LPC_UT_Central_QL2_2018_LAS_2019/laz/USGS_LPC_UT_Central_QL2_2018_12TUK7753_LAS_2019.laz
US-xNQ,UT Central QL2 2018 12TUK7843 LAS,2019,USGS Lidar Point Cloud UT Central QL2 2018 12TUK7843 LAS 2019,LAZ,2018-06-05,2018-09-03,2019-07-19,8079149,-112.432096723,40.1286240903,-112.420174241,40.1374862674,5d6ab40ae4b0c4f70cf38fe7,https://www.sciencebase.gov/catalog/item/5d6ab40ae4b0c4f70cf38fe7,https://rockyweb.usgs.gov/vdelivery/Datasets/Staged/Elevation/LPC/Projects/USGS_LPC_UT_Central_QL2_2018_LAS_2019/laz/USGS_LPC_UT_Central_QL2_2018_12TUK7843_LAS_2019.laz
US-xNQ,UT Central QL2 2018 12TUK7844 LAS,2019,USGS Lidar Point Cloud UT Central QL2 2018 12TUK7844 LAS 2019,LAZ,2018-06-05,2018-09-03,2019-07-19,8609681,-112.432285883,40.1376309113,-112.420361768,40.1464930278,5d6ab40be4b0c4f70cf38fe9,https://www.sciencebase.gov/catalog/item/5d6ab40be4b0c4f70cf38fe9,https://rockyweb.usgs.gov/vdelivery/Datasets/Staged/Elevation/LPC/Projects/USGS_LPC_UT_Central_QL2_2018_LAS_2019/laz/USGS_LPC_UT_Central_QL2_2018_12TUK7844_LAS_2019.laz
US-xNQ,UT Central QL2 2018 12TUK7845 LAS,2019,USGS Lidar Point Cloud UT Central QL2 2018 12TUK7845 LAS 2019,LAZ,2018-06-05,2018-09-03,2019-07-19,8442742,-112.432475128,40.1466377161,-112.420549496,40.1554997734,5d6ab40be4b0c4f70cf38feb,https://www.sciencebase.gov/catalog/item/5d6ab40be4b0c4f70cf38feb,https://rockyweb.usgs.gov/vdelivery/Datasets/Staged/Elevation/LPC/Projects/USGS_LPC_UT_Central_QL2_2018_LAS_2019/laz/USGS_LPC_UT_Central_QL2_2018_12TUK7845_LAS_2019.laz
US-xNQ,UT Central QL2 2018 12TUK7846 LAS,2019,USGS Lidar Point Cloud UT Central QL2 2018 12TUK7846 LAS 2019,LAZ,2018-06-05,2018-09-03,2019-07-19,8999519,-112.432664459,40.155644509,-112.420737075,40.1645065042,5d6ab40be4b0c4f70cf38fed,https://www.sciencebase.gov/catalog/item/5d6ab40be4b0c4f70cf38fed,https://rockyweb.usgs.gov/vdelivery/Datasets/Staged/Elevation/LPC/Projects/USGS_LPC_UT_Central_QL2_2018_LAS_2019/laz/USGS_LPC_UT_Central_QL2_2018_12TUK7846_LAS_2019.laz
US-xNQ,UT Central QL2 2018 12TUK7847 LAS,2019,USGS Lidar Point Cloud UT Central QL2 2018 12TUK7847 LAS 2019,LAZ,2018-06-05,2018-09-03,2019-07-19,8528387,-112.432853875,40.1646512857,-112.420924855,40.1735132202,5d6ab40be4b0c4f70cf38fef,https://www.sciencebase.gov/catalog/item/5d6ab40be4b0c4f70cf38fef,https://rockyweb.usgs.gov/vdelivery/Datasets/Staged/Elevation/LPC/Projects/USGS_LPC_UT_Central_QL2_2018_LAS_2019/laz/USGS_LPC_UT_Central_QL2_2018_12TUK7847_LAS_2019.laz
US-xNQ,UT Central QL2 2018 12TUK7848 LAS,2019,USGS Lidar Point Cloud UT Central QL2 2018 12TUK7848 LAS 2019,LAZ,2018-06-05,2018-09-03,2019-07-19,8127394,-112.433043374,40.1736580461,-112.421112838,40.1825198314,5d6ab40be4b0c4f70cf38ff1,https://www.sciencebase.gov/catalog/item/5d6ab40be4b0c4f70cf38ff1,https://rockyweb.usgs.gov/vdelivery/Datasets/Staged/Elevation/LPC/Projects/USGS_LPC_UT_Central_QL2_2018_LAS_2019/laz/USGS_LPC_UT_Central_QL2_2018_12TUK7848_LAS_2019.laz
US-xNQ,UT Central QL2 2018 12TUK7849 LAS,2019,USGS Lidar Point Cloud UT Central QL2 2018 12TUK7849 LAS 2019,LAZ,2018-06-05,2018-09-03,2019-07-19,8421416,-112.433232961,40.1826648847,-112.421300672,40.1915265178,5d6ab40be4b0c4f70cf38ff3,https://www.sciencebase.gov/catalog/item/5d6ab40be4b0c4f70cf38ff3,https://rockyweb.usgs.gov/vdelivery/Datasets/Staged/Elevation/LPC/Projects/USGS_LPC_UT_Central_QL2_2018_LAS_2019/laz/USGS_LPC_UT_Central_QL2_2018_12TUK7849_LAS_2019.laz
US-xNQ,UT Central QL2 2018 12TUK7850 LAS,2019,USGS Lidar Point Cloud UT Central QL2 2018 12TUK7850 LAS 2019,LAZ,2018-06-05,2018-09-03,2019-07-19,8359366,-112.4334224,40.191671617,-112.421488706,40.2005332824,5d6ab40ce4b0c4f70cf38ff5,https://www.sciencebase.gov/catalog/item/5d6ab40ce4b0c4f70cf38ff5,https://rockyweb.usgs.gov/vdelivery/Datasets/Staged/Elevation/LPC/Projects/USGS_LPC_UT_Central_QL2_2018_LAS_2019/laz/USGS_LPC_UT_Central_QL2_2018_12TUK7850_LAS_2019.laz
US-xNQ,UT Central QL2 2018 12TUK7851 LAS,2019,USGS Lidar Point Cloud UT Central QL2 2018 12TUK7851 LAS 2019,LAZ,2018-06-05,2018-09-03,2019-07-19,8093837,-112.43361239,40.2006782445,-112.421676824,40.2095398463,5d6ab40ce4b0c4f70cf38ff7,https://www.sciencebase.gov/catalog/item/5d6ab40ce4b0c4f70cf38ff7,https://rockyweb.usgs.gov/vdelivery/Datasets/Staged/Elevation/LPC/Projects/USGS_LPC_UT_Central_QL2_2018_LAS_2019/laz/USGS_LPC_UT_Central_QL2_2018_12TUK7851_LAS_2019.laz
US-xNQ,UT Central QL2 2018 12TUK7852 LAS,2019,USGS Lidar Point Cloud UT Central QL2 2018 12TUK7852 LAS 2019,LAZ,2018-06-05,2018-09-03,2019-07-19,8315611,-112.433802235,40.2096850344,-112.421865264,40.2185465784,5d6ab40ce4b0c4f70cf38ff9,https://www.sciencebase.gov/catalog/item/5d6ab40ce4b0c4f70cf38ff9,https://rockyweb.usgs.gov/vdelivery/Datasets/Staged/Elevation/LPC/Projects/USGS_LPC_UT_Central_QL2_2018_LAS_2019/laz/USGS_LPC_UT_Central_QL2_2018_12TUK7852_LAS_2019.laz
US-xNQ,UT Central QL2 2018 12TUK7853 LAS,2019,USGS Lidar Point Cloud UT Central QL2 2018 12TUK7853 LAS 2019,LAZ,2018-06-05,2018-09-03,2019-07-19,8684951,-112.43399216,40.2186916351,-112.422053316,40.2275530255,5d6ab40ce4b0c4f70cf38ffb,https://www.sciencebase.gov/catalog/item/5d6ab40ce4b0c4f70cf38ffb,https://rockyweb.usgs.gov/vdelivery/Datasets/Staged/Elevation/LPC/Projects/USGS_LPC_UT_Central_QL2_2018_LAS_2019/laz/USGS_LPC_UT_Central_QL2_2018_12TUK7853_LAS_2019.laz
US-xNQ,UT Central QL2 2018 12TUK7943 LAS,2019,USGS Lidar Point Cloud UT Central QL2 2018 12TUK7943 LAS 2019,LAZ,2018-06-05,2018-09-03,2019-07-19,7939231,-112.420361649,40.1287674115,-112.40844063,40.1376308227,5d6ab41be4b0c4f70cf390cf,https://www.sciencebase.gov/catalog/item/5d6ab41be4b0c4f70cf390cf,https://rockyweb.usgs.gov/vdelivery/Datasets/Staged/Elevation/LPC/Projects/USGS_LPC_UT_Central_QL2_2018_LAS_2019/laz/USGS_LPC_UT_Central_QL2_2018_12TUK7943_LAS_2019.laz
US-xNQ,UT Central QL2 2018 12TUK7944 LAS,2019,USGS Lidar Point Cloud UT Central QL2 2018 12TUK7944 LAS 2019,LAZ,2018-06-05,2018-09-03,2019-07-19,8478046,-112.420549142,40.137774278,-112.408626609,40.1466376304,5d6ab41be4b0c4f70cf390d1,https://www.sciencebase.gov/catalog/item/5d6ab41be4b0c4f70cf390d1,https://rockyweb.usgs.gov/vdelivery/Datasets/Staged/Elevation/LPC/Projects/USGS_LPC_UT_Central_QL2_2018_LAS_2019/laz/USGS_LPC_UT_Central_QL2_2018_12TUK7944_LAS_2019.laz
US-xNQ,UT Central QL2 2018 12TUK7945 LAS,2019,USGS Lidar Point Cloud UT Central QL2 2018 12TUK7945 LAS 2019,LAZ,2018-06-05,2018-09-03,2019-07-19,8280163,-112.420736952,40.1467811268,-112.408812906,40.1556442402,5d6ab41ce4b0c4f70cf390d3,https://www.sciencebase.gov/catalog/item/5d6ab41ce4b0c4f70cf390d3,https://rockyweb.usgs.gov/vdelivery/Datasets/Staged/Elevation/LPC/Projects/USGS_LPC_UT_Central_QL2_2018_LAS_2019/laz/USGS_LPC_UT_Central_QL2_2018_12TUK7945_LAS_2019.laz
US-xNQ,UT Central QL2 2018 12TUK7946 LAS,2019,USGS Lidar Point Cloud UT Central QL2 2018 12TUK7946 LAS 2019,LAZ,2018-06-05,2018-09-03,2019-07-19,7848920,-112.420924736,40.1557879665,-112.408998818,40.164651197,5d6ab41ce4b0c4f70cf390d5,https://www.sciencebase.gov/catalog/item/5d6ab41ce4b0c4f70cf390d5,https://rockyweb.usgs.gov/vdelivery/Datasets/Staged/Elevation/LPC/Projects/USGS_LPC_UT_Central_QL2_2018_LAS_2019/laz/USGS_LPC_UT_Central_QL2_2018_12TUK7946_LAS_2019.laz
US-xNQ,UT Central QL2 2018 12TUK7947 LAS,2019,USGS Lidar Point Cloud UT Central QL2 2018 12TUK7947 LAS 2019,LAZ,2018-06-05,2018-09-03,2019-07-19,8006270,-112.421112601,40.1647947886,-112.409185048,40.1736579589,5d6ab41ce4b0c4f70cf390d7,https://www.sciencebase.gov/catalog/item/5d6ab41ce4b0c4f70cf390d7,https://rockyweb.usgs.gov/vdelivery/Datasets/Staged/Elevation/LPC/Projects/USGS_LPC_UT_Central_QL2_2018_LAS_2019/laz/USGS_LPC_UT_Central_QL2_2018_12TUK7947_LAS_2019.laz
US-xNQ,UT Central QL2 2018 12TUK7948 LAS,2019,USGS Lidar Point Cloud UT Central QL2 2018 12TUK7948 LAS 2019,LAZ,2018-06-05,2018-09-03,2019-07-19,7490184,-112.421300547,40.173801596,-112.409371362,40.1826645259,5d6ab41ce4b0c4f70cf390d9,https://www.sciencebase.gov/catalog/item/5d6ab41ce4b0c4f70cf390d9,https://rockyweb.usgs.gov/vdelivery/Datasets/Staged/Elevation/LPC/Projects/USGS_LPC_UT_Central_QL2_2018_LAS_2019/laz/USGS_LPC_UT_Central_QL2_2018_12TUK7948_LAS_2019.laz
US-xNQ,UT Central QL2 2018 12TUK7949 LAS,2019,USGS Lidar Point Cloud UT Central QL2 2018 12TUK7949 LAS 2019,LAZ,2018-06-05,2018-09-03,2019-07-19,7724384,-112.421488585,40.1828083886,-112.40955776,40.1916714383,5d6ab41ce4b0c4f70cf390db,https://www.sciencebase.gov/catalog/item/5d6ab41ce4b0c4f70cf390db,https://rockyweb.usgs.gov/vdelivery/Datasets/Staged/Elevation/LPC/Projects/USGS_LPC_UT_Central_QL2_2018_LAS_2019/laz/USGS_LPC_UT_Central_QL2_2018_12TUK7949_LAS_2019.laz
US-xNQ,UT Central QL2 2018 12TUK7950 LAS,2019,USGS Lidar Point Cloud UT Central QL2 2018 12TUK7950 LAS 2019,LAZ,2018-06-05,2018-09-03,2019-07-19,8028461,-112.421676587,40.1918151664,-112.409744242,40.2006781573,5d6ab41ce4b0c4f70cf390dd,https://www.sciencebase.gov/catalog/item/5d6ab41ce4b0c4f70cf390dd,https://rockyweb.usgs.gov/vdelivery/Datasets/Staged/Elevation/LPC/Projects/USGS_LPC_UT_Central_QL2_2018_LAS_2019/laz/USGS_LPC_UT_Central_QL2_2018_12TUK7950_LAS_2019.laz
US-xNQ,UT Central QL2 2018 12TUK7951 LAS,2019,USGS Lidar Point Cloud UT Central QL2 2018 12TUK7951 LAS 2019,LAZ,2018-06-05,2018-09-03,2019-07-19,7771714,-112.421864904,40.2008219294,-112.409930808,40.2096846784,5d6ab41de4b0c4f70cf390df,https://www.sciencebase.gov/catalog/item/5d6ab41de4b0c4f70cf390df,https://rockyweb.usgs.gov/vdelivery/Datasets/Staged/Elevation/LPC/Projects/USGS_LPC_UT_Central_QL2_2018_LAS_2019/laz/USGS_LPC_UT_Central_QL2_2018_12TUK7951_LAS_2019.laz
US-xNQ,UT Central QL2 2018 12TUK7952 LAS,2019,USGS Lidar Point Cloud UT Central QL2 2018 12TUK7952 LAS 2019,LAZ,2018-06-05,2018-09-03,2019-07-19,7291252,-112.422053193,40.2098286777,-112.410117459,40.2186913664,5d6ab41de4b0c4f70cf390e1,https://www.sciencebase.gov/catalog/item/5d6ab41de4b0c4f70cf390e1,https://rockyweb.usgs.gov/vdelivery/Datasets/Staged/Elevation/LPC/Projects/USGS_LPC_UT_Central_QL2_2018_LAS_2019/laz/USGS_LPC_UT_Central_QL2_2018_12TUK7952_LAS_2019.laz
US-xNQ,UT Central QL2 2018 12TUK7953 LAS,2019,USGS Lidar Point Cloud UT Central QL2 2018 12TUK7953 LAS 2019,LAZ,2018-06-05,2018-09-03,2019-07-19,8541192,-112.422241571,40.2188354083,-112.410304428,40.2276982196,5d6ab49ae4b0c4f70cf39204,https://www.sciencebase.gov/catalog/item/5d6ab49ae4b0c4f70cf39204,https://rockyweb.usgs.gov/vdelivery/Datasets/Staged/Elevation/LPC/Projects/USGS_LPC_UT_Central_QL2_2018_LAS_2019/laz/USGS_LPC_UT_Central_QL2_2018_12TUK7953_LAS_2019.laz
US-xNQ,UT Central QL2 2018 12TUK8043 LAS,2019,USGS Lidar Point Cloud UT Central QL2 2018 12TUK8043 LAS 2019,LAZ,2018-06-05,2018-09-03,2019-07-19,8266748,-112.408626486,40.128909633,-112.396707055,40.1377740092,5d6ab4aae4b0c4f70cf392e3,https://www.sciencebase.gov/catalog/item/5d6ab4aae4b0c4f70cf392e3,https://rockyweb.usgs.gov/vdelivery/Datasets/Staged/Elevation/LPC/Projects/USGS_LPC_UT_Central_QL2_2018_LAS_2019/laz/USGS_LPC_UT_Central_QL2_2018_12TUK8043_LAS_2019.laz
US-xNQ,UT Central QL2 2018 12TUK8044 LAS,2019,USGS Lidar Point Cloud UT Central QL2 2018 12TUK8044 LAS 2019,LAZ,2018-06-05,2018-09-03,2019-07-19,7990398,-112.408812549,40.1379164558,-112.396891366,40.1467808608,5d6ab4aae4b0c4f70cf392e5,https://www.sciencebase.gov/catalog/item/5d6ab4aae4b0c4f70cf392e5,https://rockyweb.usgs.gov/vdelivery/Datasets/Staged/Elevation/LPC/Projects/USGS_LPC_UT_Central_QL2_2018_LAS_2019/laz/USGS_LPC_UT_Central_QL2_2018_12TUK8044_LAS_2019.laz
US-xNQ,UT Central QL2 2018 12TUK8045 LAS,2019,USGS Lidar Point Cloud UT Central QL2 2018 12TUK8045 LAS 2019,LAZ,2018-06-05,2018-09-03,2019-07-19,8132094,-112.408998699,40.1469233525,-112.39707588,40.1557878779,5d6ab4aae4b0c4f70cf392e7,https://www.sciencebase.gov/catalog/item/5d6ab4aae4b0c4f70cf392e7,https://rockyweb.usgs.gov/vdelivery/Datasets/Staged/Elevation/LPC/Projects/USGS_LPC_UT_Central_QL2_2018_LAS_2019/laz/USGS_LPC_UT_Central_QL2_2018_12TUK8045_LAS_2019.laz
US-xNQ,UT Central QL2 2018 12TUK8046 LAS,2019,USGS Lidar Point Cloud UT Central QL2 2018 12TUK8046 LAS 2019,LAZ,2018-06-05,2018-09-03,2019-07-19,8165572,-112.409184925,40.1559303246,-112.397260479,40.1647945199,5d6ab4abe4b0c4f70cf392e9,https://www.sciencebase.gov/catalog/item/5d6ab4abe4b0c4f70cf392e9,https://rockyweb.usgs.gov/vdelivery/Datasets/Staged/Elevation/LPC/Projects/USGS_LPC_UT_Central_QL2_2018_LAS_2019/laz/USGS_LPC_UT_Central_QL2_2018_12TUK8046_LAS_2019.laz
US-xNQ,UT Central QL2 2018 12TUK8047 LAS,2019,USGS Lidar Point Cloud UT Central QL2 2018 12TUK8047 LAS 2019,LAZ,2018-06-05,2018-09-03,2019-07-19,7875609,-112.409371239,40.1649371017,-112.397445157,40.1738013272,5d6ab4abe4b0c4f70cf392eb,https://www.sciencebase.gov/catalog/item/5d6ab4abe4b0c4f70cf392eb,https://rockyweb.usgs.gov/vdelivery/Datasets/Staged/Elevation/LPC/Projects/USGS_LPC_UT_Central_QL2_2018_LAS_2019/laz/USGS_LPC_UT_Central_QL2_2018_12TUK8047_LAS_2019.laz
US-xNQ,UT Central QL2 2018 12TUK8048 LAS,2019,USGS Lidar Point Cloud UT Central QL2 2018 12TUK8048 LAS 2019,LAZ,2018-06-05,2018-09-03,2019-07-19,7854115,-112.409557637,40.1739439542,-112.39762992,40.1828081198,5d6ab4abe4b0c4f70cf392ed,https://www.sciencebase.gov/catalog/item/5d6ab4abe4b0c4f70cf392ed,https://rockyweb.usgs.gov/vdelivery/Datasets/Staged/Elevation/LPC/Projects/USGS_LPC_UT_Central_QL2_2018_LAS_2019/laz/USGS_LPC_UT_Central_QL2_2018_12TUK8048_LAS_2019.laz
US-xNQ,UT Central QL2 2018 12TUK8049 LAS,2019,USGS Lidar Point Cloud UT Central QL2 2018 12TUK8049 LAS 2019,LAZ,2018-06-05,2018-09-03,2019-07-19,7960351,-112.409744119,40.1829507919,-112.397814766,40.1918148976,5d6ab4abe4b0c4f70cf392ef,https://www.sciencebase.gov/catalog/item/5d6ab4abe4b0c4f70cf392ef,https://rockyweb.usgs.gov/vdelivery/Datasets/Staged/Elevation/LPC/Projects/USGS_LPC_UT_Central_QL2_2018_LAS_2019/laz/USGS_LPC_UT_Central_QL2_2018_12TUK8049_LAS_2019.laz
US-xNQ,UT Central QL2 2018 12TUK8050 LAS,2019,USGS Lidar Point Cloud UT Central QL2 2018 12TUK8050 LAS 2019,LAZ,2018-06-05,2018-09-03,2019-07-19,7874812,-112.409930685,40.1919576134,-112.397999814,40.2008216606,5d6ab4ace4b0c4f70cf392f1,https://www.sciencebase.gov/catalog/item/5d6ab4ace4b0c4f70cf392f1,https://rockyweb.usgs.gov/vdelivery/Datasets/Staged/Elevation/LPC/Projects/USGS_LPC_UT_Central_QL2_2018_LAS_2019/laz/USGS_LPC_UT_Central_QL2_2018_12TUK8050_LAS_2019.laz
US-xNQ,UT Central QL2 2018 12TUK8051 LAS,2019,USGS Lidar Point Cloud UT Central QL2 2018 12TUK8051 LAS 2019,LAZ,2018-06-05,2018-09-03,2019-07-19,7410856,-112.410117102,40.2009644229,-112.398184709,40.2098285018,5d6ab4ace4b0c4f70cf392f3,https://www.sciencebase.gov/catalog/item/5d6ab4ace4b0c4f70cf392f3,https://rockyweb.usgs.gov/vdelivery/Datasets/Staged/Elevation/LPC/Projects/USGS_LPC_UT_Central_QL2_2018_LAS_2019/laz/USGS_LPC_UT_Central_QL2_2018_12TUK8051_LAS_2019.laz
US-xNQ,UT Central QL2 2018 12TUK8052 LAS,2019,USGS Lidar Point Cloud UT Central QL2 2018 12TUK8052 LAS 2019,LAZ,2018-06-05,2018-09-03,2019-07-19,7297277,-112.41030407,40.2099713064,-112.398369808,40.2188351424,5d6ab4ace4b0c4f70cf392f5,https://www.sciencebase.gov/catalog/item/5d6ab4ace4b0c4f70cf392f5,https://rockyweb.usgs.gov/vdelivery/Datasets/Staged/Elevation/LPC/Projects/USGS_LPC_UT_Central_QL2_2018_LAS_2019/laz/USGS_LPC_UT_Central_QL2_2018_12TUK8052_LAS_2019.laz
US-xNQ,UT Central QL2 2018 12TUK8053 LAS,2019,USGS Lidar Point Cloud UT Central QL2 2018 12TUK8053 LAS 2019,LAZ,2018-06-05,2018-09-03,2019-07-19,7452981,-112.410490889,40.218977995,-112.398554986,40.227841861,5d6ab4ace4b0c4f70cf392f7,https://www.sciencebase.gov/catalog/item/5d6ab4ace4b0c4f70cf392f7,https://rockyweb.usgs.gov/vdelivery/Datasets/Staged/Elevation/LPC/Projects/USGS_LPC_UT_Central_QL2_2018_LAS_2019/laz/USGS_LPC_UT_Central_QL2_2018_12TUK8053_LAS_2019.laz
US-xNQ,UT Central QL2 2018 12TUK8143 LAS,2019,USGS Lidar Point Cloud UT Central QL2 2018 12TUK8143 LAS 2019,LAZ,2018-06-05,2018-09-03,2019-07-19,10013659,-112.39689113,40.1290504859,-112.384973393,40.1379163686,5d6ab4dce4b0c4f70cf39367,https://www.sciencebase.gov/catalog/item/5d6ab4dce4b0c4f70cf39367,https://rockyweb.usgs.gov/vdelivery/Datasets/Staged/Elevation/LPC/Projects/USGS_LPC_UT_Central_QL2_2018_LAS_2019/laz/USGS_LPC_UT_Central_QL2_2018_12TUK8143_LAS_2019.laz
US-xNQ,UT Central QL2 2018 12TUK8144 LAS,2019,USGS Lidar Point Cloud UT Central QL2 2018 12TUK8144 LAS 2019,LAZ,2018-06-05,2018-09-03,2019-07-19,10057823,-112.397075761,40.1380575349,-112.385156042,40.1469232639,5d6ab4dce4b0c4f70cf39369,https://www.sciencebase.gov/catalog/item/5d6ab4dce4b0c4f70cf39369,https://rockyweb.usgs.gov/vdelivery/Datasets/Staged/Elevation/LPC/Projects/USGS_LPC_UT_Central_QL2_2018_LAS_2019/laz/USGS_LPC_UT_Central_QL2_2018_12TUK8144_LAS_2019.laz
US-xNQ,UT Central QL2 2018 12TUK8145 LAS,2019,USGS Lidar Point Cloud UT Central QL2 2018 12TUK8145 LAS 2019,LAZ,2018-06-05,2018-09-03,2019-07-19,9519413,-112.397260354,40.1470643863,-112.385339005,40.1559299657,5d6ab4dce4b0c4f70cf3936b,https://www.sciencebase.gov/catalog/item/5d6ab4dce4b0c4f70cf3936b,https://rockyweb.usgs.gov/vdelivery/Datasets/Staged/Elevation/LPC/Projects/USGS_LPC_UT_Central_QL2_2018_LAS_2019/laz/USGS_LPC_UT_Central_QL2_2018_12TUK8145_LAS_2019.laz
US-xNQ,UT Central QL2 2018 12TUK8146 LAS,2019,USGS Lidar Point Cloud UT Central QL2 2018 12TUK8146 LAS 2019,LAZ,2018-06-05,2018-09-03,2019-07-19,9280772,-112.397444799,40.1560713129,-112.385522053,40.1649368358,5d6ab4dce4b0c4f70cf3936d,https://www.sciencebase.gov/catalog/item/5d6ab4dce4b0c4f70cf3936d,https://rockyweb.usgs.gov/vdelivery/Datasets/Staged/Elevation/LPC/Projects/USGS_LPC_UT_Central_QL2_2018_LAS_2019/laz/USGS_LPC_UT_Central_QL2_2018_12TUK8146_LAS_2019.laz
US-xNQ,UT Central QL2 2018 12TUK8147 LAS,2019,USGS Lidar Point Cloud UT Central QL2 2018 12TUK8147 LAS 2019,LAZ,2018-06-05,2018-09-03,2019-07-19,8916226,-112.397629797,40.1650782249,-112.385705182,40.1739436854,5d6ab4dde4b0c4f70cf3936f,https://www.sciencebase.gov/catalog/item/5d6ab4dde4b0c4f70cf3936f,https://rockyweb.usgs.gov/vdelivery/Datasets/Staged/Elevation/LPC/Projects/USGS_LPC_UT_Central_QL2_2018_LAS_2019/laz/USGS_LPC_UT_Central_QL2_2018_12TUK8147_LAS_2019.laz
US-xNQ,UT Central QL2 2018 12TUK8148 LAS,2019,USGS Lidar Point Cloud UT Central QL2 2018 12TUK8148 LAS 2019,LAZ,2018-06-05,2018-09-03,2019-07-19,8288298,-112.397814647,40.174085122,-112.385888394,40.1829507032,5d6ab4dde4b0c4f70cf39371,https://www.sciencebase.gov/catalog/item/5d6ab4dde4b0c4f70cf39371,https://rockyweb.usgs.gov/vdelivery/Datasets/Staged/Elevation/LPC/Projects/USGS_LPC_UT_Central_QL2_2018_LAS_2019/laz/USGS_LPC_UT_Central_QL2_2018_12TUK8148_LAS_2019.laz
US-xNQ,UT Central QL2 2018 12TUK8149 LAS,2019,USGS Lidar Point Cloud UT Central QL2 2018 12TUK8149 LAS 2019,LAZ,2018-06-05,2018-09-03,2019-07-19,8372085,-112.397999338,40.1830920044,-112.386071689,40.1919573488,5d6ab4dde4b0c4f70cf39373,https://www.sciencebase.gov/catalog/item/5d6ab4dde4b0c4f70cf39373,https://rockyweb.usgs.gov/vdelivery/Datasets/Staged/Elevation/LPC/Projects/USGS_LPC_UT_Central_QL2_2018_LAS_2019/laz/USGS_LPC_UT_Central_QL2_2018_12TUK8149_LAS_2019.laz
US-xNQ,UT Central QL2 2018 12TUK8150 LAS,2019,USGS Lidar Point Cloud UT Central QL2 2018 12TUK8150 LAS 2019,LAZ,2018-06-05,2018-09-03,2019-07-19,7983235,-112.398184471,40.1920988721,-112.386255067,40.2009642456,5d6ab4dde4b0c4f70cf39375,https://www.sciencebase.gov/catalog/item/5d6ab4dde4b0c4f70cf39375,https://rockyweb.usgs.gov/vdelivery/Datasets/Staged/Elevation/LPC/Projects/USGS_LPC_UT_Central_QL2_2018_LAS_2019/laz/USGS_LPC_UT_Central_QL2_2018_12TUK8150_LAS_2019.laz
US-xNQ,UT Central QL2 2018 12TUK8151 LAS,2019,USGS Lidar Point Cloud UT Central QL2 2018 12TUK8151 LAS 2019,LAZ,2018-06-05,2018-09-03,2019-07-19,7382043,-112.398369686,40.2011057236,-112.386438644,40.2099711277,5d6ab4dde4b0c4f70cf39377,https://www.sciencebase.gov/catalog/item/5d6ab4dde4b0c4f70cf39377,https://rockyweb.usgs.gov/vdelivery/Datasets/Staged/Elevation/LPC/Projects/USGS_LPC_UT_Central_QL2_2018_LAS_2019/laz/USGS_LPC_UT_Central_QL2_2018_12TUK8151_LAS_2019.laz
US-xNQ,UT Central QL2 2018 12TUK8152 LAS,2019,USGS Lidar Point Cloud UT Central QL2 2018 12TUK8152 LAS 2019,LAZ,2018-06-05,2018-09-03,2019-07-19,7461313,-112.398554864,40.2101125632,-112.386622069,40.2189778162,5d6ab4dde4b0c4f70cf39379,https://www.sciencebase.gov/catalog/item/5d6ab4dde4b0c4f70cf39379,https://rockyweb.usgs.gov/vdelivery/Datasets/Staged/Elevation/LPC/Projects/USGS_LPC_UT_Central_QL2_2018_LAS_2019/laz/USGS_LPC_UT_Central_QL2_2018_12TUK8152_LAS_2019.laz
US-xNQ,UT Central QL2 2018 12TUK8153 LAS,2019,USGS Lidar Point Cloud UT Central QL2 2018 12TUK8153 LAS 2019,LAZ,2018-06-05,2018-09-03,2019-07-19,7739463,-112.39874013,40.2191194753,-112.386805814,40.2279846702,5d6ab4dde4b0c4f70cf3937b,https://www.sciencebase.gov/catalog/item/5d6ab4dde4b0c4f70cf3937b,https://rockyweb.usgs.gov/vdelivery/Datasets/Staged/Elevation/LPC/Projects/USGS_LPC_UT_Central_QL2_2018_LAS_2019/laz/USGS_LPC_UT_Central_QL2_2018_12TUK8153_LAS_2019.laz
US-Rws,ID_REYNOLDSCREEK_2007,000004,USGS Lidar Point Cloud ID_REYNOLDSCREEK_2007 000004,LAZ,2007-11-10,2007-11-18,2014-09-30,19798835,-116.7046944,43.1813554,-116.6961583,43.1903999,641e5c12d34e807d39b85e02,https://www.sciencebase.gov/catalog/item/641e5c12d34e807d39b85e02,https://rockyweb.usgs.gov/vdelivery/Datasets/Staged/Elevation/LPC/Projects/legacy/ID_REYNOLDSCREEK_2007/LAZ/USGS_LPC_ID_REYNOLDSCREEK_2007_000004.laz
US-Rws,ID_REYNOLDSCREEK_2007,000019,USGS Lidar Point Cloud ID_REYNOLDSCREEK_2007 000019,LAZ,2007-11-10,2007-11-18,2014-09-30,8392104,-116.6925249,43.1543083,-116.6872277,43.1609305,641e5bf1d34e807d39b85d5a,https://www.sciencebase.gov/catalog/item/641e5bf1d34e807d39b85d5a,https://rockyweb.usgs.gov/vdelivery/Datasets/Staged/Elevation/LPC/Projects/legacy/ID_REYNOLDSCREEK_2007/LAZ/USGS_LPC_ID_REYNOLDSCREEK_2007_000019.laz
US-Rws,ID_REYNOLDSCREEK_2007,000021,USGS Lidar Point Cloud ID_REYNOLDSCREEK_2007 000021,LAZ,2007-11-10,2007-11-18,2014-09-30,5153658,-116.6922888,43.201075,-116.6899388,43.208375,641e5bccd34e807d39b85c80,https://www.sciencebase.gov/catalog/item/641e5bccd34e807d39b85c80,https://rockyweb.usgs.gov/vdelivery/Datasets/Staged/Elevation/LPC/Projects/legacy/ID_REYNOLDSCREEK_2007/LAZ/USGS_LPC_ID_REYNOLDSCREEK_2007_000021.laz
US-Rws,ID_REYNOLDSCREEK_2007,000023,USGS Lidar Point Cloud ID_REYNOLDSCREEK_2007 000023,LAZ,2007-11-10,2007-11-18,2014-09-30,13431962,-116.7049638,43.1251277,-116.6963721,43.1273666,641e5bf3d34e807d39b85d68,https://www.sciencebase.gov/catalog/item/641e5bf3d34e807d39b85d68,https://rockyweb.usgs.gov/vdelivery/Datasets/Staged/Elevation/LPC/Projects/legacy/ID_REYNOLDSCREEK_2007/LAZ/USGS_LPC_ID_REYNOLDSCREEK_2007_000023.laz
US-Rws,ID_REYNOLDSCREEK_2007,000031,USGS Lidar Point Cloud ID_REYNOLDSCREEK_2007 000031,LAZ,2007-11-10,2007-11-18,2014-09-30,7837069,-116.6926166,43.1360083,-116.6906277,43.1453444,641e5bcbd34e807d39b85c7c,https://www.sciencebase.gov/catalog/item/641e5bcbd34e807d39b85c7c,https://rockyweb.usgs.gov/vdelivery/Datasets/Staged/Elevation/LPC/Projects/legacy/ID_REYNOLDSCREEK_2007/LAZ/USGS_LPC_ID_REYNOLDSCREEK_2007_000031.laz
US-Rws,ID_REYNOLDSCREEK_2007,000042,USGS Lidar Point Cloud ID_REYNOLDSCREEK_2007 000042,LAZ,2007-11-10,2007-11-18,2014-09-30,18219731,-116.6925694,43.145311,-116.687286,43.1543472,641e5bebd34e807d39b85d42,https://www.sciencebase.gov/catalog/item/641e5bebd34e807d39b85d42,https://rockyweb.usgs.gov/vdelivery/Datasets/Staged/Elevation/LPC/Projects/legacy/ID_REYNOLDSCREEK_2007/LAZ/USGS_LPC_ID_REYNOLDSCREEK_2007_000042.laz
US-Rws,ID_REYNOLDSCREEK_2007,000045,USGS Lidar Point Cloud ID_REYNOLDSCREEK_2007 000045,LAZ,2007-11-10,2007-11-18,2014-09-30,55685777,-116.7047805,43.1633416,-116.6948694,43.1723888,641e5bfad34e807d39b85d9c,https://www.sciencebase.gov/catalog/item/641e5bfad34e807d39b85d9c,https://rockyweb.usgs.gov/vdelivery/Datasets/Staged/Elevation/LPC/Projects/legacy/ID_REYNOLDSCREEK_2007/LAZ/USGS_LPC_ID_REYNOLDSCREEK_2007_000045.laz
US-Rws,ID_REYNOLDSCREEK_2007,000046,USGS Lidar Point Cloud ID_REYNOLDSCREEK_2007 000046,LAZ,2007-11-10,2007-11-18,2014-09-30,55121695,-116.7047361,43.1723471,-116.6952444,43.1813943,641e5bd5d34e807d39b85cc4,https://www.sciencebase.gov/catalog/item/641e5bd5d34e807d39b85cc4,https://rockyweb.usgs.gov/vdelivery/Datasets/Staged/Elevation/LPC/Projects/legacy/ID_REYNOLDSCREEK_2007/LAZ/USGS_LPC_ID_REYNOLDSCREEK_2007_000046.laz
US-Rws,ID_REYNOLDSCREEK_2007,000047,USGS Lidar Point Cloud ID_REYNOLDSCREEK_2007 000047,LAZ,2007-11-10,2007-11-18,2014-09-30,16985696,-116.70465,43.1903638,-116.6983305,43.1994027,641e5be5d34e807d39b85d20,https://www.sciencebase.gov/catalog/item/641e5be5d34e807d39b85d20,https://rockyweb.usgs.gov/vdelivery/Datasets/Staged/Elevation/LPC/Projects/legacy/ID_REYNOLDSCREEK_2007/LAZ/USGS_LPC_ID_REYNOLDSCREEK_2007_000047.laz
US-Rws,ID_REYNOLDSCREEK_2007,000048,USGS Lidar Point Cloud ID_REYNOLDSCREEK_2007 000048,LAZ,2007-11-10,2007-11-18,2014-09-30,66160698,-116.7046083,43.1993527,-116.6922277,43.2084083,641e5c18d34e807d39b85e1a,https://www.sciencebase.gov/catalog/item/641e5c18d34e807d39b85e1a,https://rockyweb.usgs.gov/vdelivery/Datasets/Staged/Elevation/LPC/Projects/legacy/ID_REYNOLDSCREEK_2007/LAZ/USGS_LPC_ID_REYNOLDSCREEK_2007_000048.laz
US-Rws,ID_REYNOLDSCREEK_2007,000049,USGS Lidar Point Cloud ID_REYNOLDSCREEK_2007 000049,LAZ,2007-11-10,2007-11-18,2014-09-30,77218777,-116.7045638,43.2083555,-116.6912221,43.2174138,641e5bdbd34e807d39b85ce8,https://www.sciencebase.gov/catalog/item/641e5bdbd34e807d39b85ce8,https://rockyweb.usgs.gov/vdelivery/Datasets/Staged/Elevation/LPC/Projects/legacy/ID_REYNOLDSCREEK_2007/LAZ/USGS_LPC_ID_REYNOLDSCREEK_2007_000049.laz
US-Rws,ID_REYNOLDSCREEK_2007,000050,USGS Lidar Point Cloud ID_REYNOLDSCREEK_2007 000050,LAZ,2007-11-10,2007-11-18,2014-09-30,74499711,-116.704825,43.1543305,-116.6924555,43.1633861,641e5be1d34e807d39b85d0a,https://www.sciencebase.gov/catalog/item/641e5be1d34e807d39b85d0a,https://rockyweb.usgs.gov/vdelivery/Datasets/Staged/Elevation/LPC/Projects/legacy/ID_REYNOLDSCREEK_2007/LAZ/USGS_LPC_ID_REYNOLDSCREEK_2007_000050.laz
US-Rws,ID_REYNOLDSCREEK_2007,000055,USGS Lidar Point Cloud ID_REYNOLDSCREEK_2007 000055,LAZ,2007-11-10,2007-11-18,2014-09-30,66931060,-116.7049527,43.1273166,-116.6925888,43.1363721,641e5c19d34e807d39b85e20,https://www.sciencebase.gov/catalog/item/641e5c19d34e807d39b85e20,https://rockyweb.usgs.gov/vdelivery/Datasets/Staged/Elevation/LPC/Projects/legacy/ID_REYNOLDSCREEK_2007/LAZ/USGS_LPC_ID_REYNOLDSCREEK_2007_000055.laz
US-Rws,ID_REYNOLDSCREEK_2007,000056,USGS Lidar Point Cloud ID_REYNOLDSCREEK_2007 000056,LAZ,2007-11-10,2007-11-18,2014-09-30,80248085,-116.7049111,43.1363194,-116.6925444,43.1453749,641e5bd3d34e807d39b85cb2,https://www.sciencebase.gov/catalog/item/641e5bd3d34e807d39b85cb2,https://rockyweb.usgs.gov/vdelivery/Datasets/Staged/Elevation/LPC/Projects/legacy/ID_REYNOLDSCREEK_2007/LAZ/USGS_LPC_ID_REYNOLDSCREEK_2007_000056.laz
US-Rws,ID_REYNOLDSCREEK_2007,000057,USGS Lidar Point Cloud ID_REYNOLDSCREEK_2007 000057,LAZ,2007-11-10,2007-11-18,2014-09-30,85073590,-116.7048666,43.1453249,-116.6924999,43.1543805,641e5c29d34e807d39b85e5c,https://www.sciencebase.gov/catalog/item/641e5c29d34e807d39b85e5c,https://rockyweb.usgs.gov/vdelivery/Datasets/Staged/Elevation/LPC/Projects/legacy/ID_REYNOLDSCREEK_2007/LAZ/USGS_LPC_ID_REYNOLDSCREEK_2007_000057.laz
US-Rws,ID_REYNOLDSCREEK_2007,000058,USGS Lidar Point Cloud ID_REYNOLDSCREEK_2007 000058,LAZ,2007-11-10,2007-11-18,2014-09-30,86249383,-116.7169999,43.1813777,-116.704625,43.1904305,641e5bebd34e807d39b85d40,https://www.sciencebase.gov/catalog/item/641e5bebd34e807d39b85d40,https://rockyweb.usgs.gov/vdelivery/Datasets/Staged/Elevation/LPC/Projects/legacy/ID_REYNOLDSCREEK_2007/LAZ/USGS_LPC_ID_REYNOLDSCREEK_2007_000058.laz
US-Rws,ID_REYNOLDSCREEK_2007,000059,USGS Lidar Point Cloud ID_REYNOLDSCREEK_2007 000059,LAZ,2007-11-10,2007-11-18,2014-09-30,78347752,-116.7169582,43.1903805,-116.7045833,43.199436,641e5c30d34e807d39b85e6a,https://www.sciencebase.gov/catalog/item/641e5c30d34e807d39b85e6a,https://rockyweb.usgs.gov/vdelivery/Datasets/Staged/Elevation/LPC/Projects/legacy/ID_REYNOLDSCREEK_2007/LAZ/USGS_LPC_ID_REYNOLDSCREEK_2007_000059.laz
US-Rws,ID_REYNOLDSCREEK_2007,000060,USGS Lidar Point Cloud ID_REYNOLDSCREEK_2007 000060,LAZ,2007-11-10,2007-11-18,2014-09-30,79468074,-116.7169166,43.199386,-116.7045388,43.2084388,641e5c39d34e807d39b85e98,https://www.sciencebase.gov/catalog/item/641e5c39d34e807d39b85e98,https://rockyweb.usgs.gov/vdelivery/Datasets/Staged/Elevation/LPC/Projects/legacy/ID_REYNOLDSCREEK_2007/LAZ/USGS_LPC_ID_REYNOLDSCREEK_2007_000060.laz
US-Rws,ID_REYNOLDSCREEK_2007,000061,USGS Lidar Point Cloud ID_REYNOLDSCREEK_2007 000061,LAZ,2007-11-10,2007-11-18,2014-09-30,70153361,-116.7168749,43.2083916,-116.7044944,43.2174443,641e5bdfd34e807d39b85cfc,https://www.sciencebase.gov/catalog/item/641e5bdfd34e807d39b85cfc,https://rockyweb.usgs.gov/vdelivery/Datasets/Staged/Elevation/LPC/Projects/legacy/ID_REYNOLDSCREEK_2007/LAZ/USGS_LPC_ID_REYNOLDSCREEK_2007_000061.laz
US-Rws,ID_REYNOLDSCREEK_2007,000063,USGS Lidar Point Cloud ID_REYNOLDSCREEK_2007 000063,LAZ,2007-11-10,2007-11-18,2014-09-30,78449837,-116.7170388,43.1723721,-116.7046694,43.1814249,641e5c35d34e807d39b85e86,https://www.sciencebase.gov/catalog/item/641e5c35d34e807d39b85e86,https://rockyweb.usgs.gov/vdelivery/Datasets/Staged/Elevation/LPC/Projects/legacy/ID_REYNOLDSCREEK_2007/LAZ/USGS_LPC_ID_REYNOLDSCREEK_2007_000063.laz
US-Rws,ID_REYNOLDSCREEK_2007,000065,USGS Lidar Point Cloud ID_REYNOLDSCREEK_2007 000065,LAZ,2007-11-10,2007-11-18,2014-09-30,59853269,-116.7172888,43.1183443,-116.7049305,43.1273971,641e5bdfd34e807d39b85cfe,https://www.sciencebase.gov/catalog/item/641e5bdfd34e807d39b85cfe,https://rockyweb.usgs.gov/vdelivery/Datasets/Staged/Elevation/LPC/Projects/legacy/ID_REYNOLDSCREEK_2007/LAZ/USGS_LPC_ID_REYNOLDSCREEK_2007_000065.laz
US-Rws,ID_REYNOLDSCREEK_2007,000066,USGS Lidar Point Cloud ID_REYNOLDSCREEK_2007 000066,LAZ,2007-11-10,2007-11-18,2014-09-30,139966814,-116.7172471,43.1273471,-116.7048861,43.1364027,641e5c2fd34e807d39b85e66,https://www.sciencebase.gov/catalog/item/641e5c2fd34e807d39b85e66,https://rockyweb.usgs.gov/vdelivery/Datasets/Staged/Elevation/LPC/Projects/legacy/ID_REYNOLDSCREEK_2007/LAZ/USGS_LPC_ID_REYNOLDSCREEK_2007_000066.laz
US-Rws,ID_REYNOLDSCREEK_2007,000067,USGS Lidar Point Cloud ID_REYNOLDSCREEK_2007 000067,LAZ,2007-11-10,2007-11-18,2014-09-30,35812127,-116.7172054,43.1363527,-116.7048416,43.1454055,641e5bc6d34e807d39b85c68,https://www.sciencebase.gov/catalog/item/641e5bc6d34e807d39b85c68,https://rockyweb.usgs.gov/vdelivery/Datasets/Staged/Elevation/LPC/Projects/legacy/ID_REYNOLDSCREEK_2007/LAZ/USGS_LPC_ID_REYNOLDSCREEK_2007_000067.laz
US-Rws,ID_REYNOLDSCREEK_2007,000068,USGS Lidar Point Cloud ID_REYNOLDSCREEK_2007 000068,LAZ,2007-11-10,2007-11-18,2014-09-30,153449947,-116.7171638,43.1453583,-116.7048,43.1544111,641e5bf0d34e807d39b85d54,https://www.sciencebase.gov/catalog/item/641e5bf0d34e807d39b85d54,https://rockyweb.usgs.gov/vdelivery/Datasets/Staged/Elevation/LPC/Projects/legacy/ID_REYNOLDSCREEK_2007/LAZ/USGS_LPC_ID_REYNOLDSCREEK_2007_000068.laz
US-Rws,ID_REYNOLDSCREEK_2007,000069,USGS Lidar Point Cloud ID_REYNOLDSCREEK_2007 000069,LAZ,2007-11-10,2007-11-18,2014-09-30,91751848,-116.7171221,43.1543611,-116.7047555,43.1634166,641e5bd4d34e807d39b85cba,https://www.sciencebase.gov/catalog/item/641e5bd4d34e807d39b85cba,https://rockyweb.usgs.gov/vdelivery/Datasets/Staged/Elevation/LPC/Projects/legacy/ID_REYNOLDSCREEK_2007/LAZ/USGS_LPC_ID_REYNOLDSCREEK_2007_000069.laz
US-Rws,ID_REYNOLDSCREEK_2007,000070,USGS Lidar Point Cloud ID_REYNOLDSCREEK_2007 000070,LAZ,2007-11-10,2007-11-18,2014-09-30,73135003,-116.7170804,43.1633666,-116.7047138,43.1724193,641e5c17d34e807d39b85e16,https://www.sciencebase.gov/catalog/item/641e5c17d34e807d39b85e16,https://rockyweb.usgs.gov/vdelivery/Datasets/Staged/Elevation/LPC/Projects/legacy/ID_REYNOLDSCREEK_2007/LAZ/USGS_LPC_ID_REYNOLDSCREEK_2007_000070.laz
US-Rws,ID_REYNOLDSCREEK_2007,000077,USGS Lidar Point Cloud ID_REYNOLDSCREEK_2007 000077,LAZ,2007-11-10,2007-11-18,2014-09-30,129495296,-116.7294221,43.1543944,-116.7170582,43.1634472,641e5bfdd34e807d39b85daa,https://www.sciencebase.gov/catalog/item/641e5bfdd34e807d39b85daa,https://rockyweb.usgs.gov/vdelivery/Datasets/Staged/Elevation/LPC/Projects/legacy/ID_REYNOLDSCREEK_2007/LAZ/USGS_LPC_ID_REYNOLDSCREEK_2007_000077.laz
US-Rws,ID_REYNOLDSCREEK_2007,000078,USGS Lidar Point Cloud ID_REYNOLDSCREEK_2007 000078,LAZ,2007-11-10,2007-11-18,2014-09-30,22583742,-116.7293832,43.1633972,-116.7170166,43.1724499,641e5bc6d34e807d39b85c66,https://www.sciencebase.gov/catalog/item/641e5bc6d34e807d39b85c66,https://rockyweb.usgs.gov/vdelivery/Datasets/Staged/Elevation/LPC/Projects/legacy/ID_REYNOLDSCREEK_2007/LAZ/USGS_LPC_ID_REYNOLDSCREEK_2007_000078.laz
US-Rws,ID_REYNOLDSCREEK_2007,000079,USGS Lidar Point Cloud ID_REYNOLDSCREEK_2007 000079,LAZ,2007-11-10,2007-11-18,2014-09-30,96127395,-116.7293443,43.1724027,-116.7169749,43.1814554,641e5bdcd34e807d39b85cec,https://www.sciencebase.gov/catalog/item/641e5bdcd34e807d39b85cec,https://rockyweb.usgs.gov/vdelivery/Datasets/Staged/Elevation/LPC/Projects/legacy/ID_REYNOLDSCREEK_2007/LAZ/USGS_LPC_ID_REYNOLDSCREEK_2007_000079.laz
US-Rws,ID_REYNOLDSCREEK_2007,000080,USGS Lidar Point Cloud ID_REYNOLDSCREEK_2007 000080,LAZ,2007-11-10,2007-11-18,2014-09-30,59493623,-116.7293027,43.1814082,-116.7169332,43.190461,641e5bccd34e807d39b85c86,https://www.sciencebase.gov/catalog/item/641e5bccd34e807d39b85c86,https://rockyweb.usgs.gov/vdelivery/Datasets/Staged/Elevation/LPC/Projects/legacy/ID_REYNOLDSCREEK_2007/LAZ/USGS_LPC_ID_REYNOLDSCREEK_2007_000080.laz
US-Rws,ID_REYNOLDSCREEK_2007,000081,USGS Lidar Point Cloud ID_REYNOLDSCREEK_2007 000081,LAZ,2007-11-10,2007-11-18,2014-09-30,85851475,-116.7292638,43.190411,-116.7168916,43.1994638,641e5bddd34e807d39b85cee,https://www.sciencebase.gov/catalog/item/641e5bddd34e807d39b85cee,https://rockyweb.usgs.gov/vdelivery/Datasets/Staged/Elevation/LPC/Projects/legacy/ID_REYNOLDSCREEK_2007/LAZ/USGS_LPC_ID_REYNOLDSCREEK_2007_000081.laz
US-Rws,ID_REYNOLDSCREEK_2007,000082,USGS Lidar Point Cloud ID_REYNOLDSCREEK_2007 000082,LAZ,2007-11-10,2007-11-18,2014-09-30,83982667,-116.7292249,43.1994166,-116.7168499,43.2084694,641e5bdbd34e807d39b85cea,https://www.sciencebase.gov/catalog/item/641e5bdbd34e807d39b85cea,https://rockyweb.usgs.gov/vdelivery/Datasets/Staged/Elevation/LPC/Projects/legacy/ID_REYNOLDSCREEK_2007/LAZ/USGS_LPC_ID_REYNOLDSCREEK_2007_000082.laz
US-Rws,ID_REYNOLDSCREEK_2007,000083,USGS Lidar Point Cloud ID_REYNOLDSCREEK_2007 000083,LAZ,2007-11-10,2007-11-18,2014-09-30,76878816,-116.7291832,43.2084222,-116.7168082,43.2174749,641e5bfad34e807d39b85d9e,https://www.sciencebase.gov/catalog/item/641e5bfad34e807d39b85d9e,https://rockyweb.usgs.gov/vdelivery/Datasets/Staged/Elevation/LPC/Projects/legacy/ID_REYNOLDSCREEK_2007/LAZ/USGS_LPC_ID_REYNOLDSCREEK_2007_000083.laz
US-Rws,ID_REYNOLDSCREEK_2007,000085,USGS Lidar Point Cloud ID_REYNOLDSCREEK_2007 000085,LAZ,2007-11-10,2007-11-18,2014-09-30,79802601,-116.7295804,43.1183749,-116.7172221,43.1274277,641e5bd0d34e807d39b85ca0,https://www.sciencebase.gov/catalog/item/641e5bd0d34e807d39b85ca0,https://rockyweb.usgs.gov/vdelivery/Datasets/Staged/Elevation/LPC/Projects/legacy/ID_REYNOLDSCREEK_2007/LAZ/USGS_LPC_ID_REYNOLDSCREEK_2007_000085.laz
US-Rws,ID_REYNOLDSCREEK_2007,000086,USGS Lidar Point Cloud ID_REYNOLDSCREEK_2007 000086,LAZ,2007-11-10,2007-11-18,2014-09-30,79675125,-116.7295416,43.1273777,-116.7171804,43.1364305,641e5bd1d34e807d39b85ca6,https://www.sciencebase.gov/catalog/item/641e5bd1d34e807d39b85ca6,https://rockyweb.usgs.gov/vdelivery/Datasets/Staged/Elevation/LPC/Projects/legacy/ID_REYNOLDSCREEK_2007/LAZ/USGS_LPC_ID_REYNOLDSCREEK_2007_000086.laz
US-Rws,ID_REYNOLDSCREEK_2007,000087,USGS Lidar Point Cloud ID_REYNOLDSCREEK_2007 000087,LAZ,2007-11-10,2007-11-18,2014-09-30,138743399,-116.7295027,43.1363833,-116.7171388,43.145436,641e5be1d34e807d39b85d0c,https://www.sciencebase.gov/catalog/item/641e5be1d34e807d39b85d0c,https://rockyweb.usgs.gov/vdelivery/Datasets/Staged/Elevation/LPC/Projects/legacy/ID_REYNOLDSCREEK_2007/LAZ/USGS_LPC_ID_REYNOLDSCREEK_2007_000087.laz
US-Rws,ID_REYNOLDSCREEK_2007,000088,USGS Lidar Point Cloud ID_REYNOLDSCREEK_2007 000088,LAZ,2007-11-10,2007-11-18,2014-09-30,166682182,-116.729461,43.1453888,-116.7170999,43.1544416,641e5c3fd34e807d39b85ea6,https://www.sciencebase.gov/catalog/item/641e5c3fd34e807d39b85ea6,https://rockyweb.usgs.gov/vdelivery/Datasets/Staged/Elevation/LPC/Projects/legacy/ID_REYNOLDSCREEK_2007/LAZ/USGS_LPC_ID_REYNOLDSCREEK_2007_000088.laz
US-Rws,ID_REYNOLDSCREEK_2007,000097,USGS Lidar Point Cloud ID_REYNOLDSCREEK_2007 000097,LAZ,2007-11-10,2007-11-18,2014-09-30,105223509,-116.7416471,43.1724332,-116.7292777,43.1814832,641e5c40d34e807d39b85eac,https://www.sciencebase.gov/catalog/item/641e5c40d34e807d39b85eac,https://rockyweb.usgs.gov/vdelivery/Datasets/Staged/Elevation/LPC/Projects/legacy/ID_REYNOLDSCREEK_2007/LAZ/USGS_LPC_ID_REYNOLDSCREEK_2007_000097.laz
US-Rws,ID_REYNOLDSCREEK_2007,000098,USGS Lidar Point Cloud ID_REYNOLDSCREEK_2007 000098,LAZ,2007-11-10,2007-11-18,2014-09-30,100652531,-116.7416083,43.181436,-116.7292388,43.1904888,641e5c0ad34e807d39b85dd8,https://www.sciencebase.gov/catalog/item/641e5c0ad34e807d39b85dd8,https://rockyweb.usgs.gov/vdelivery/Datasets/Staged/Elevation/LPC/Projects/legacy/ID_REYNOLDSCREEK_2007/LAZ/USGS_LPC_ID_REYNOLDSCREEK_2007_000098.laz
US-Rws,ID_REYNOLDSCREEK_2007,000099,USGS Lidar Point Cloud ID_REYNOLDSCREEK_2007 000099,LAZ,2007-11-10,2007-11-18,2014-09-30,83683925,-116.7415694,43.1904416,-116.7291999,43.1994944,641e5c21d34e807d39b85e3e,https://www.sciencebase.gov/catalog/item/641e5c21d34e807d39b85e3e,https://rockyweb.usgs.gov/vdelivery/Datasets/Staged/Elevation/LPC/Projects/legacy/ID_REYNOLDSCREEK_2007/LAZ/USGS_LPC_ID_REYNOLDSCREEK_2007_000099.laz
US-Rws,ID_REYNOLDSCREEK_2007,000100,USGS Lidar Point Cloud ID_REYNOLDSCREEK_2007 000100,LAZ,2007-11-10,2007-11-18,2014-09-30,68888988,-116.7415333,43.1994471,-116.7291582,43.2084972,641e5bf0d34e807d39b85d56,https://www.sciencebase.gov/catalog/item/641e5bf0d34e807d39b85d56,https://rockyweb.usgs.gov/vdelivery/Datasets/Staged/Elevation/LPC/Projects/legacy/ID_REYNOLDSCREEK_2007/LAZ/USGS_LPC_ID_REYNOLDSCREEK_2007_000100.laz
US-Rws,ID_REYNOLDSCREEK_2007,000101,USGS Lidar Point Cloud ID_REYNOLDSCREEK_2007 000101,LAZ,2007-11-10,2007-11-18,2014-09-30,85633642,-116.7414944,43.20845,-116.7291193,43.2175027,641e5be2d34e807d39b85d10,https://www.sciencebase.gov/catalog/item/641e5be2d34e807d39b85d10,https://rockyweb.usgs.gov/vdelivery/Datasets/Staged/Elevation/LPC/Projects/legacy/ID_REYNOLDSCREEK_2007/LAZ/USGS_LPC_ID_REYNOLDSCREEK_2007_000101.laz
US-Rws,ID_REYNOLDSCREEK_2007,000102,USGS Lidar Point Cloud ID_REYNOLDSCREEK_2007 000102,LAZ,2007-11-10,2007-11-18,2014-09-30,75199411,-116.7416833,43.1634277,-116.7293193,43.1724777,641e5bd9d34e807d39b85cd6,https://www.sciencebase.gov/catalog/item/641e5bd9d34e807d39b85cd6,https://rockyweb.usgs.gov/vdelivery/Datasets/Staged/Elevation/LPC/Projects/legacy/ID_REYNOLDSCREEK_2007/LAZ/USGS_LPC_ID_REYNOLDSCREEK_2007_000102.laz
US-Rws,ID_REYNOLDSCREEK_2007,000105,USGS Lidar Point Cloud ID_REYNOLDSCREEK_2007 000105,LAZ,2007-11-10,2007-11-18,2014-09-30,74609342,-116.7418749,43.1184027,-116.7295166,43.1274554,641e5c35d34e807d39b85e82,https://www.sciencebase.gov/catalog/item/641e5c35d34e807d39b85e82,https://rockyweb.usgs.gov/vdelivery/Datasets/Staged/Elevation/LPC/Projects/legacy/ID_REYNOLDSCREEK_2007/LAZ/USGS_LPC_ID_REYNOLDSCREEK_2007_000105.laz
US-Rws,ID_REYNOLDSCREEK_2007,000106,USGS Lidar Point Cloud ID_REYNOLDSCREEK_2007 000106,LAZ,2007-11-10,2007-11-18,2014-09-30,68317909,-116.741836,43.1274082,-116.7294777,43.136461,641e5be9d34e807d39b85d30,https://www.sciencebase.gov/catalog/item/641e5be9d34e807d39b85d30,https://rockyweb.usgs.gov/vdelivery/Datasets/Staged/Elevation/LPC/Projects/legacy/ID_REYNOLDSCREEK_2007/LAZ/USGS_LPC_ID_REYNOLDSCREEK_2007_000106.laz
US-Rws,ID_REYNOLDSCREEK_2007,000107,USGS Lidar Point Cloud ID_REYNOLDSCREEK_2007 000107,LAZ,2007-11-10,2007-11-18,2014-09-30,17193517,-116.7417971,43.1364138,-116.7294388,43.1454638,641e5bc4d34e807d39b85c61,https://www.sciencebase.gov/catalog/item/641e5bc4d34e807d39b85c61,https://rockyweb.usgs.gov/vdelivery/Datasets/Staged/Elevation/LPC/Projects/legacy/ID_REYNOLDSCREEK_2007/LAZ/USGS_LPC_ID_REYNOLDSCREEK_2007_000107.laz
US-Rws,ID_REYNOLDSCREEK_2007,000108,USGS Lidar Point Cloud ID_REYNOLDSCREEK_2007 000108,LAZ,2007-11-10,2007-11-18,2014-09-30,83799344,-116.741761,43.1454194,-116.7293971,43.1544694,641e5bded34e807d39b85cf6,https://www.sciencebase.gov/catalog/item/641e5bded34e807d39b85cf6,https://rockyweb.usgs.gov/vdelivery/Datasets/Staged/Elevation/LPC/Projects/legacy/ID_REYNOLDSCREEK_2007/LAZ/USGS_LPC_ID_REYNOLDSCREEK_2007_000108.laz
US-Rws,ID_REYNOLDSCREEK_2007,000109,USGS Lidar Point Cloud ID_REYNOLDSCREEK_2007 000109,LAZ,2007-11-10,2007-11-18,2014-09-30,144072614,-116.7417221,43.1544222,-116.7293582,43.163475,641e5c39d34e807d39b85e9a,https://www.sciencebase.gov/catalog/item/641e5c39d34e807d39b85e9a,https://rockyweb.usgs.gov/vdelivery/Datasets/Staged/Elevation/LPC/Projects/legacy/ID_REYNOLDSCREEK_2007/LAZ/USGS_LPC_ID_REYNOLDSCREEK_2007_000109.laz
US-Rws,ID_REYNOLDSCREEK_2007,000116,USGS Lidar Point Cloud ID_REYNOLDSCREEK_2007 000116,LAZ,2007-11-10,2007-11-18,2014-09-30,96155161,-116.7538777,43.1904694,-116.7415083,43.1995194,641e5bd9d34e807d39b85cd8,https://www.sciencebase.gov/catalog/item/641e5bd9d34e807d39b85cd8,https://rockyweb.usgs.gov/vdelivery/Datasets/Staged/Elevation/LPC/Projects/legacy/ID_REYNOLDSCREEK_2007/LAZ/USGS_LPC_ID_REYNOLDSCREEK_2007_000116.laz
US-Rws,ID_REYNOLDSCREEK_2007,000117,USGS Lidar Point Cloud ID_REYNOLDSCREEK_2007 000117,LAZ,2007-11-10,2007-11-18,2014-09-30,102166639,-116.7538416,43.1994749,-116.7414694,43.208525,641e5bf6d34e807d39b85d7c,https://www.sciencebase.gov/catalog/item/641e5bf6d34e807d39b85d7c,https://rockyweb.usgs.gov/vdelivery/Datasets/Staged/Elevation/LPC/Projects/legacy/ID_REYNOLDSCREEK_2007/LAZ/USGS_LPC_ID_REYNOLDSCREEK_2007_000117.laz
US-Rws,ID_REYNOLDSCREEK_2007,000118,USGS Lidar Point Cloud ID_REYNOLDSCREEK_2007 000118,LAZ,2007-11-10,2007-11-18,2014-09-30,14604959,-116.7538055,43.2084805,-116.7414305,43.2175304,641e5bc3d34e807d39b85c5e,https://www.sciencebase.gov/catalog/item/641e5bc3d34e807d39b85c5e,https://rockyweb.usgs.gov/vdelivery/Datasets/Staged/Elevation/LPC/Projects/legacy/ID_REYNOLDSCREEK_2007/LAZ/USGS_LPC_ID_REYNOLDSCREEK_2007_000118.laz
US-Rws,ID_REYNOLDSCREEK_2007,000123,USGS Lidar Point Cloud ID_REYNOLDSCREEK_2007 000123,LAZ,2007-11-10,2007-11-18,2014-09-30,78497832,-116.7540583,43.1454471,-116.7416971,43.1544972,641e5bd7d34e807d39b85cd0,https://www.sciencebase.gov/catalog/item/641e5bd7d34e807d39b85cd0,https://rockyweb.usgs.gov/vdelivery/Datasets/Staged/Elevation/LPC/Projects/legacy/ID_REYNOLDSCREEK_2007/LAZ/USGS_LPC_ID_REYNOLDSCREEK_2007_000123.laz
US-Rws,ID_REYNOLDSCREEK_2007,000124,USGS Lidar Point Cloud ID_REYNOLDSCREEK_2007 000124,LAZ,2007-11-10,2007-11-18,2014-09-30,153174037,-116.7540222,43.1544527,-116.7416583,43.1635027,641e5bf8d34e807d39b85d8a,https://www.sciencebase.gov/catalog/item/641e5bf8d34e807d39b85d8a,https://rockyweb.usgs.gov/vdelivery/Datasets/Staged/Elevation/LPC/Projects/legacy/ID_REYNOLDSCREEK_2007/LAZ/USGS_LPC_ID_REYNOLDSCREEK_2007_000124.laz
US-Rws,ID_REYNOLDSCREEK_2007,000125,USGS Lidar Point Cloud ID_REYNOLDSCREEK_2007 000125,LAZ,2007-11-10,2007-11-18,2014-09-30,100766408,-116.7539861,43.1634555,-116.7416221,43.1725054,641e5bd8d34e807d39b85cd4,https://www.sciencebase.gov/catalog/item/641e5bd8d34e807d39b85cd4,https://rockyweb.usgs.gov/vdelivery/Datasets/Staged/Elevation/LPC/Projects/legacy/ID_REYNOLDSCREEK_2007/LAZ/USGS_LPC_ID_REYNOLDSCREEK_2007_000125.laz
US-Rws,ID_REYNOLDSCREEK_2007,000126,USGS Lidar Point Cloud ID_REYNOLDSCREEK_2007 000126,LAZ,2007-11-10,2007-11-18,2014-09-30,63635413,-116.75395,43.172461,-116.7415833,43.181511,641e5bf2d34e807d39b85d60,https://www.sciencebase.gov/catalog/item/641e5bf2d34e807d39b85d60,https://rockyweb.usgs.gov/vdelivery/Datasets/Staged/Elevation/LPC/Projects/legacy/ID_REYNOLDSCREEK_2007/LAZ/USGS_LPC_ID_REYNOLDSCREEK_2007_000126.laz
US-Rws,ID_REYNOLDSCREEK_2007,000127,USGS Lidar Point Cloud ID_REYNOLDSCREEK_2007 000127,LAZ,2007-11-10,2007-11-18,2014-09-30,77902152,-116.7539138,43.1814666,-116.7415444,43.1905166,641e5bead34e807d39b85d34,https://www.sciencebase.gov/catalog/item/641e5bead34e807d39b85d34,https://rockyweb.usgs.gov/vdelivery/Datasets/Staged/Elevation/LPC/Projects/legacy/ID_REYNOLDSCREEK_2007/LAZ/USGS_LPC_ID_REYNOLDSCREEK_2007_000127.laz
US-Rws,ID_REYNOLDSCREEK_2007,000128,USGS Lidar Point Cloud ID_REYNOLDSCREEK_2007 000128,LAZ,2007-11-10,2007-11-18,2014-09-30,79026366,-116.7540944,43.1364416,-116.741736,43.1454916,641e5c04d34e807d39b85dc6,https://www.sciencebase.gov/catalog/item/641e5c04d34e807d39b85dc6,https://rockyweb.usgs.gov/vdelivery/Datasets/Staged/Elevation/LPC/Projects/legacy/ID_REYNOLDSCREEK_2007/LAZ/USGS_LPC_ID_REYNOLDSCREEK_2007_000128.laz
US-Rws,ID_REYNOLDSCREEK_2007,000134,USGS Lidar Point Cloud ID_REYNOLDSCREEK_2007 000134,LAZ,2007-11-10,2007-11-18,2014-09-30,76385691,-116.7541666,43.1184332,-116.741811,43.1274832,641e5bded34e807d39b85cf4,https://www.sciencebase.gov/catalog/item/641e5bded34e807d39b85cf4,https://rockyweb.usgs.gov/vdelivery/Datasets/Staged/Elevation/LPC/Projects/legacy/ID_REYNOLDSCREEK_2007/LAZ/USGS_LPC_ID_REYNOLDSCREEK_2007_000134.laz
US-Rws,ID_REYNOLDSCREEK_2007,000135,USGS Lidar Point Cloud ID_REYNOLDSCREEK_2007 000135,LAZ,2007-11-10,2007-11-18,2014-09-30,73974610,-116.7541305,43.127436,-116.7417721,43.136486,641e5c34d34e807d39b85e80,https://www.sciencebase.gov/catalog/item/641e5c34d34e807d39b85e80,https://rockyweb.usgs.gov/vdelivery/Datasets/Staged/Elevation/LPC/Projects/legacy/ID_REYNOLDSCREEK_2007/LAZ/USGS_LPC_ID_REYNOLDSCREEK_2007_000135.laz
US-Rws,ID_REYNOLDSCREEK_2007,000142,USGS Lidar Point Cloud ID_REYNOLDSCREEK_2007 000142,LAZ,2007-11-10,2007-11-18,2014-09-30,67900445,-116.7662166,43.1814916,-116.7538527,43.1905416,641e5c0dd34e807d39b85de4,https://www.sciencebase.gov/catalog/item/641e5c0dd34e807d39b85de4,https://rockyweb.usgs.gov/vdelivery/Datasets/Staged/Elevation/LPC/Projects/legacy/ID_REYNOLDSCREEK_2007/LAZ/USGS_LPC_ID_REYNOLDSCREEK_2007_000142.laz
US-Rws,ID_REYNOLDSCREEK_2007,000143,USGS Lidar Point Cloud ID_REYNOLDSCREEK_2007 000143,LAZ,2007-11-10,2007-11-18,2014-09-30,67831804,-116.7661833,43.1904971,-116.7538166,43.1995471,641e5bfcd34e807d39b85da6,https://www.sciencebase.gov/catalog/item/641e5bfcd34e807d39b85da6,https://rockyweb.usgs.gov/vdelivery/Datasets/Staged/Elevation/LPC/Projects/legacy/ID_REYNOLDSCREEK_2007/LAZ/USGS_LPC_ID_REYNOLDSCREEK_2007_000143.laz
US-Rws,ID_REYNOLDSCREEK_2007,000144,USGS Lidar Point Cloud ID_REYNOLDSCREEK_2007 000144,LAZ,2007-11-10,2007-11-18,2014-09-30,80896450,-116.76615,43.1995027,-116.7537805,43.20855,641e5befd34e807d39b85d50,https://www.sciencebase.gov/catalog/item/641e5befd34e807d39b85d50,https://rockyweb.usgs.gov/vdelivery/Datasets/Staged/Elevation/LPC/Projects/legacy/ID_REYNOLDSCREEK_2007/LAZ/USGS_LPC_ID_REYNOLDSCREEK_2007_000144.laz
US-Rws,ID_REYNOLDSCREEK_2007,000145,USGS Lidar Point Cloud ID_REYNOLDSCREEK_2007 000145,LAZ,2007-11-10,2007-11-18,2014-09-30,93597074,-116.7661138,43.2085083,-116.7537444,43.2175554,641e5c33d34e807d39b85e7a,https://www.sciencebase.gov/catalog/item/641e5c33d34e807d39b85e7a,https://rockyweb.usgs.gov/vdelivery/Datasets/Staged/Elevation/LPC/Projects/legacy/ID_REYNOLDSCREEK_2007/LAZ/USGS_LPC_ID_REYNOLDSCREEK_2007_000145.laz
US-Rws,ID_REYNOLDSCREEK_2007,000149,USGS Lidar Point Cloud ID_REYNOLDSCREEK_2007 000149,LAZ,2007-11-10,2007-11-18,2014-09-30,93815670,-116.7663888,43.1364694,-116.7540333,43.1455166,641e5bcfd34e807d39b85c9a,https://www.sciencebase.gov/catalog/item/641e5bcfd34e807d39b85c9a,https://rockyweb.usgs.gov/vdelivery/Datasets/Staged/Elevation/LPC/Projects/legacy/ID_REYNOLDSCREEK_2007/LAZ/USGS_LPC_ID_REYNOLDSCREEK_2007_000149.laz
US-Rws,ID_REYNOLDSCREEK_2007,000150,USGS Lidar Point Cloud ID_REYNOLDSCREEK_2007 000150,LAZ,2007-11-10,2007-11-18,2014-09-30,33366473,-116.7663555,43.1454749,-116.7539972,43.1545222,641e5bc2d34e807d39b85c56,https://www.sciencebase.gov/catalog/item/641e5bc2d34e807d39b85c56,https://rockyweb.usgs.gov/vdelivery/Datasets/Staged/Elevation/LPC/Projects/legacy/ID_REYNOLDSCREEK_2007/LAZ/USGS_LPC_ID_REYNOLDSCREEK_2007_000150.laz
US-Rws,ID_REYNOLDSCREEK_2007,000151,USGS Lidar Point Cloud ID_REYNOLDSCREEK_2007 000151,LAZ,2007-11-10,2007-11-18,2014-09-30,101175913,-116.7663222,43.1544777,-116.7539611,43.1635277,641e5c31d34e807d39b85e6c,https://www.sciencebase.gov/catalog/item/641e5c31d34e807d39b85e6c,https://rockyweb.usgs.gov/vdelivery/Datasets/Staged/Elevation/LPC/Projects/legacy/ID_REYNOLDSCREEK_2007/LAZ/USGS_LPC_ID_REYNOLDSCREEK_2007_000151.laz
US-Rws,ID_REYNOLDSCREEK_2007,000152,USGS Lidar Point Cloud ID_REYNOLDSCREEK_2007 000152,LAZ,2007-11-10,2007-11-18,2014-09-30,71648502,-116.7662861,43.1634833,-116.753925,43.1725332,641e5c17d34e807d39b85e12,https://www.sciencebase.gov/catalog/item/641e5c17d34e807d39b85e12,https://rockyweb.usgs.gov/vdelivery/Datasets/Staged/Elevation/LPC/Projects/legacy/ID_REYNOLDSCREEK_2007/LAZ/USGS_LPC_ID_REYNOLDSCREEK_2007_000152.laz
US-Rws,ID_REYNOLDSCREEK_2007,000153,USGS Lidar Point Cloud ID_REYNOLDSCREEK_2007 000153,LAZ,2007-11-10,2007-11-18,2014-09-30,65141312,-116.7662527,43.1724888,-116.7538888,43.181536,641e5be0d34e807d39b85d08,https://www.sciencebase.gov/catalog/item/641e5be0d34e807d39b85d08,https://rockyweb.usgs.gov/vdelivery/Datasets/Staged/Elevation/LPC/Projects/legacy/ID_REYNOLDSCREEK_2007/LAZ/USGS_LPC_ID_REYNOLDSCREEK_2007_000153.laz
US-Rws,ID_REYNOLDSCREEK_2007,000154,USGS Lidar Point Cloud ID_REYNOLDSCREEK_2007 000154,LAZ,2007-11-10,2007-11-18,2014-09-30,80179733,-116.766425,43.1274638,-116.7540694,43.1365138,641e5bedd34e807d39b85d46,https://www.sciencebase.gov/catalog/item/641e5bedd34e807d39b85d46,https://rockyweb.usgs.gov/vdelivery/Datasets/Staged/Elevation/LPC/Projects/legacy/ID_REYNOLDSCREEK_2007/LAZ/USGS_LPC_ID_REYNOLDSCREEK_2007_000154.laz
US-Rws,ID_REYNOLDSCREEK_2007,000161,USGS Lidar Point Cloud ID_REYNOLDSCREEK_2007 000161,LAZ,2007-11-10,2007-11-18,2014-09-30,16042405,-116.7664583,43.1184582,-116.7541055,43.1275082,641e5bc2d34e807d39b85c53,https://www.sciencebase.gov/catalog/item/641e5bc2d34e807d39b85c53,https://rockyweb.usgs.gov/vdelivery/Datasets/Staged/Elevation/LPC/Projects/legacy/ID_REYNOLDSCREEK_2007/LAZ/USGS_LPC_ID_REYNOLDSCREEK_2007_000161.laz
US-Rws,ID_REYNOLDSCREEK_2007,000168,USGS Lidar Point Cloud ID_REYNOLDSCREEK_2007 000168,LAZ,2007-11-10,2007-11-18,2014-09-30,71815581,-116.7785221,43.1815193,-116.7661583,43.1905666,641e5bced34e807d39b85c94,https://www.sciencebase.gov/catalog/item/641e5bced34e807d39b85c94,https://rockyweb.usgs.gov/vdelivery/Datasets/Staged/Elevation/LPC/Projects/legacy/ID_REYNOLDSCREEK_2007/LAZ/USGS_LPC_ID_REYNOLDSCREEK_2007_000168.laz
US-Rws,ID_REYNOLDSCREEK_2007,000169,USGS Lidar Point Cloud ID_REYNOLDSCREEK_2007 000169,LAZ,2007-11-10,2007-11-18,2014-09-30,69130634,-116.7784916,43.1905221,-116.766125,43.1995694,641e5bcad34e807d39b85c78,https://www.sciencebase.gov/catalog/item/641e5bcad34e807d39b85c78,https://rockyweb.usgs.gov/vdelivery/Datasets/Staged/Elevation/LPC/Projects/legacy/ID_REYNOLDSCREEK_2007/LAZ/USGS_LPC_ID_REYNOLDSCREEK_2007_000169.laz
US-Rws,ID_REYNOLDSCREEK_2007,000170,USGS Lidar Point Cloud ID_REYNOLDSCREEK_2007 000170,LAZ,2007-11-10,2007-11-18,2014-09-30,65312780,-116.7784582,43.1995277,-116.7660888,43.208575,641e5bd0d34e807d39b85ca2,https://www.sciencebase.gov/catalog/item/641e5bd0d34e807d39b85ca2,https://rockyweb.usgs.gov/vdelivery/Datasets/Staged/Elevation/LPC/Projects/legacy/ID_REYNOLDSCREEK_2007/LAZ/USGS_LPC_ID_REYNOLDSCREEK_2007_000170.laz
US-Rws,ID_REYNOLDSCREEK_2007,000171,USGS Lidar Point Cloud ID_REYNOLDSCREEK_2007 000171,LAZ,2007-11-10,2007-11-18,2014-09-30,70389000,-116.7784249,43.2085333,-116.7660555,43.2175804,641e5bf2d34e807d39b85d66,https://www.sciencebase.gov/catalog/item/641e5bf2d34e807d39b85d66,https://rockyweb.usgs.gov/vdelivery/Datasets/Staged/Elevation/LPC/Projects/legacy/ID_REYNOLDSCREEK_2007/LAZ/USGS_LPC_ID_REYNOLDSCREEK_2007_000171.laz
US-Rws,ID_REYNOLDSCREEK_2007,000175,USGS Lidar Point Cloud ID_REYNOLDSCREEK_2007 000175,LAZ,2007-11-10,2007-11-18,2014-09-30,95413515,-116.778686,43.1364944,-116.7663305,43.1455416,641e5c36d34e807d39b85e8a,https://www.sciencebase.gov/catalog/item/641e5c36d34e807d39b85e8a,https://rockyweb.usgs.gov/vdelivery/Datasets/Staged/Elevation/LPC/Projects/legacy/ID_REYNOLDSCREEK_2007/LAZ/USGS_LPC_ID_REYNOLDSCREEK_2007_000175.laz
US-Rws,ID_REYNOLDSCREEK_2007,000176,USGS Lidar Point Cloud ID_REYNOLDSCREEK_2007 000176,LAZ,2007-11-10,2007-11-18,2014-09-30,27365858,-116.7786527,43.1454999,-116.7662972,43.1545472,641e5bc1d34e807d39b85c4d,https://www.sciencebase.gov/catalog/item/641e5bc1d34e807d39b85c4d,https://rockyweb.usgs.gov/vdelivery/Datasets/Staged/Elevation/LPC/Projects/legacy/ID_REYNOLDSCREEK_2007/LAZ/USGS_LPC_ID_REYNOLDSCREEK_2007_000176.laz
US-Rws,ID_REYNOLDSCREEK_2007,000177,USGS Lidar Point Cloud ID_REYNOLDSCREEK_2007 000177,LAZ,2007-11-10,2007-11-18,2014-09-30,79392687,-116.7786193,43.1545055,-116.7662611,43.1635527,641e5c0ad34e807d39b85dda,https://www.sciencebase.gov/catalog/item/641e5c0ad34e807d39b85dda,https://rockyweb.usgs.gov/vdelivery/Datasets/Staged/Elevation/LPC/Projects/legacy/ID_REYNOLDSCREEK_2007/LAZ/USGS_LPC_ID_REYNOLDSCREEK_2007_000177.laz
US-Rws,ID_REYNOLDSCREEK_2007,000178,USGS Lidar Point Cloud ID_REYNOLDSCREEK_2007 000178,LAZ,2007-11-10,2007-11-18,2014-09-30,70386929,-116.7785888,43.1635083,-116.7662277,43.1725554,641e5bedd34e807d39b85d48,https://www.sciencebase.gov/catalog/item/641e5bedd34e807d39b85d48,https://rockyweb.usgs.gov/vdelivery/Datasets/Staged/Elevation/LPC/Projects/legacy/ID_REYNOLDSCREEK_2007/LAZ/USGS_LPC_ID_REYNOLDSCREEK_2007_000178.laz
US-Rws,ID_REYNOLDSCREEK_2007,000179,USGS Lidar Point Cloud ID_REYNOLDSCREEK_2007 000179,LAZ,2007-11-10,2007-11-18,2014-09-30,69971544,-116.7785554,43.1725138,-116.7661944,43.181561,641e5bd3d34e807d39b85cac,https://www.sciencebase.gov/catalog/item/641e5bd3d34e807d39b85cac,https://rockyweb.usgs.gov/vdelivery/Datasets/Staged/Elevation/LPC/Projects/legacy/ID_REYNOLDSCREEK_2007/LAZ/USGS_LPC_ID_REYNOLDSCREEK_2007_000179.laz
US-Rws,ID_REYNOLDSCREEK_2007,000180,USGS Lidar Point Cloud ID_REYNOLDSCREEK_2007 000180,LAZ,2007-11-10,2007-11-18,2014-09-30,92543289,-116.7787166,43.1274888,-116.7663638,43.136536,641e5c32d34e807d39b85e76,https://www.sciencebase.gov/catalog/item/641e5c32d34e807d39b85e76,https://rockyweb.usgs.gov/vdelivery/Datasets/Staged/Elevation/LPC/Projects/legacy/ID_REYNOLDSCREEK_2007/LAZ/USGS_LPC_ID_REYNOLDSCREEK_2007_000180.laz
US-Rws,ID_REYNOLDSCREEK_2007,000187,USGS Lidar Point Cloud ID_REYNOLDSCREEK_2007 000187,LAZ,2007-11-10,2007-11-18,2014-09-30,79193206,-116.7787499,43.118486,-116.7664,43.1275332,641e5bdad34e807d39b85cdc,https://www.sciencebase.gov/catalog/item/641e5bdad34e807d39b85cdc,https://rockyweb.usgs.gov/vdelivery/Datasets/Staged/Elevation/LPC/Projects/legacy/ID_REYNOLDSCREEK_2007/LAZ/USGS_LPC_ID_REYNOLDSCREEK_2007_000187.laz
US-Rws,ID_REYNOLDSCREEK_2009,000048,USGS Lidar Point Cloud ID_REYNOLDSCREEK_2009 000048,LAZ,2009-03-18,2009-03-19,2014-09-30,74064011,-116.7787527,43.118486,-116.7664,43.1275332,6414f09fd34eb496d1cf3161,https://www.sciencebase.gov/catalog/item/6414f09fd34eb496d1cf3161,https://rockyweb.usgs.gov/vdelivery/Datasets/Staged/Elevation/LPC/Projects/legacy/ID_REYNOLDSCREEK_2009/LAZ/USGS_LPC_ID_REYNOLDSCREEK_2009_000048.laz
US-Rws,ID_REYNOLDSCREEK_2009,000049,USGS Lidar Point Cloud ID_REYNOLDSCREEK_2009 000049,LAZ,2009-03-18,2009-03-19,2014-09-30,77117579,-116.7787193,43.1274916,-116.7663666,43.1365388,6414f0b6d34eb496d1cf31ed,https://www.sciencebase.gov/catalog/item/6414f0b6d34eb496d1cf31ed,https://rockyweb.usgs.gov/vdelivery/Datasets/Staged/Elevation/LPC/Projects/legacy/ID_REYNOLDSCREEK_2009/LAZ/USGS_LPC_ID_REYNOLDSCREEK_2009_000049.laz
US-Rws,ID_REYNOLDSCREEK_2009,000050,USGS Lidar Point Cloud ID_REYNOLDSCREEK_2009 000050,LAZ,2009-03-18,2009-03-19,2014-09-30,83053982,-116.7786888,43.1364971,-116.7663333,43.1455444,6414f0b2d34eb496d1cf31d7,https://www.sciencebase.gov/catalog/item/6414f0b2d34eb496d1cf31d7,https://rockyweb.usgs.gov/vdelivery/Datasets/Staged/Elevation/LPC/Projects/legacy/ID_REYNOLDSCREEK_2009/LAZ/USGS_LPC_ID_REYNOLDSCREEK_2009_000050.laz
US-Rws,ID_REYNOLDSCREEK_2009,000051,USGS Lidar Point Cloud ID_REYNOLDSCREEK_2009 000051,LAZ,2009-03-18,2009-03-19,2014-09-30,84207793,-116.7786554,43.1454999,-116.7662972,43.1545472,6414f0a9d34eb496d1cf31a5,https://www.sciencebase.gov/catalog/item/6414f0a9d34eb496d1cf31a5,https://rockyweb.usgs.gov/vdelivery/Datasets/Staged/Elevation/LPC/Projects/legacy/ID_REYNOLDSCREEK_2009/LAZ/USGS_LPC_ID_REYNOLDSCREEK_2009_000051.laz
US-Rws,ID_REYNOLDSCREEK_2009,000052,USGS Lidar Point Cloud ID_REYNOLDSCREEK_2009 000052,LAZ,2009-03-18,2009-03-19,2014-09-30,12969399,-116.7786193,43.1545111,-116.7662888,43.1563166,6414f09bd34eb496d1cf314f,https://www.sciencebase.gov/catalog/item/6414f09bd34eb496d1cf314f,https://rockyweb.usgs.gov/vdelivery/Datasets/Staged/Elevation/LPC/Projects/legacy/ID_REYNOLDSCREEK_2009/LAZ/USGS_LPC_ID_REYNOLDSCREEK_2009_000052.laz
US-Rws,ID_REYNOLDSCREEK_2009,000060,USGS Lidar Point Cloud ID_REYNOLDSCREEK_2009 000060,LAZ,2009-03-18,2009-03-19,2014-09-30,80155691,-116.7664611,43.118461,-116.7541083,43.1275082,6414f09dd34eb496d1cf3155,https://www.sciencebase.gov/catalog/item/6414f09dd34eb496d1cf3155,https://rockyweb.usgs.gov/vdelivery/Datasets/Staged/Elevation/LPC/Projects/legacy/ID_REYNOLDSCREEK_2009/LAZ/USGS_LPC_ID_REYNOLDSCREEK_2009_000060.laz
US-Rws,ID_REYNOLDSCREEK_2009,000061,USGS Lidar Point Cloud ID_REYNOLDSCREEK_2009 000061,LAZ,2009-03-18,2009-03-19,2014-09-30,79779936,-116.766425,43.1274666,-116.7540694,43.1365138,6414f09cd34eb496d1cf3151,https://www.sciencebase.gov/catalog/item/6414f09cd34eb496d1cf3151,https://rockyweb.usgs.gov/vdelivery/Datasets/Staged/Elevation/LPC/Projects/legacy/ID_REYNOLDSCREEK_2009/LAZ/USGS_LPC_ID_REYNOLDSCREEK_2009_000061.laz
US-Rws,ID_REYNOLDSCREEK_2009,000062,USGS Lidar Point Cloud ID_REYNOLDSCREEK_2009 000062,LAZ,2009-03-18,2009-03-19,2014-09-30,78024332,-116.7663916,43.1364694,-116.7540361,43.1455194,6414f0a4d34eb496d1cf3185,https://www.sciencebase.gov/catalog/item/6414f0a4d34eb496d1cf3185,https://rockyweb.usgs.gov/vdelivery/Datasets/Staged/Elevation/LPC/Projects/legacy/ID_REYNOLDSCREEK_2009/LAZ/USGS_LPC_ID_REYNOLDSCREEK_2009_000062.laz
US-Rws,ID_REYNOLDSCREEK_2009,000063,USGS Lidar Point Cloud ID_REYNOLDSCREEK_2009 000063,LAZ,2009-03-18,2009-03-19,2014-09-30,80808201,-116.7663583,43.1454749,-116.754,43.1545222,6414f0abd34eb496d1cf31b1,https://www.sciencebase.gov/catalog/item/6414f0abd34eb496d1cf31b1,https://rockyweb.usgs.gov/vdelivery/Datasets/Staged/Elevation/LPC/Projects/legacy/ID_REYNOLDSCREEK_2009/LAZ/USGS_LPC_ID_REYNOLDSCREEK_2009_000063.laz
US-Rws,ID_REYNOLDSCREEK_2009,000064,USGS Lidar Point Cloud ID_REYNOLDSCREEK_2009 000064,LAZ,2009-03-18,2009-03-19,2014-09-30,13223846,-116.7663222,43.1544777,-116.7568111,43.1579194,6414f0b8d34eb496d1cf31f7,https://www.sciencebase.gov/catalog/item/6414f0b8d34eb496d1cf31f7,https://rockyweb.usgs.gov/vdelivery/Datasets/Staged/Elevation/LPC/Projects/legacy/ID_REYNOLDSCREEK_2009/LAZ/USGS_LPC_ID_REYNOLDSCREEK_2009_000064.laz
US-Rws,ID_REYNOLDSCREEK_2009,000072,USGS Lidar Point Cloud ID_REYNOLDSCREEK_2009 000072,LAZ,2009-03-18,2009-03-19,2014-09-30,75552847,-116.7541666,43.1184332,-116.7418138,43.1274832,6414f09ed34eb496d1cf3159,https://www.sciencebase.gov/catalog/item/6414f09ed34eb496d1cf3159,https://rockyweb.usgs.gov/vdelivery/Datasets/Staged/Elevation/LPC/Projects/legacy/ID_REYNOLDSCREEK_2009/LAZ/USGS_LPC_ID_REYNOLDSCREEK_2009_000072.laz
US-Rws,ID_REYNOLDSCREEK_2009,000073,USGS Lidar Point Cloud ID_REYNOLDSCREEK_2009 000073,LAZ,2009-03-18,2009-03-19,2014-09-30,81049130,-116.7541305,43.1274388,-116.7417749,43.1364888,6414f0a6d34eb496d1cf3191,https://www.sciencebase.gov/catalog/item/6414f0a6d34eb496d1cf3191,https://rockyweb.usgs.gov/vdelivery/Datasets/Staged/Elevation/LPC/Projects/legacy/ID_REYNOLDSCREEK_2009/LAZ/USGS_LPC_ID_REYNOLDSCREEK_2009_000073.laz
US-Rws,ID_REYNOLDSCREEK_2009,000074,USGS Lidar Point Cloud ID_REYNOLDSCREEK_2009 000074,LAZ,2009-03-18,2009-03-19,2014-09-30,63951430,-116.7540944,43.1364444,-116.741736,43.1454944,6414f0add34eb496d1cf31b9,https://www.sciencebase.gov/catalog/item/6414f0add34eb496d1cf31b9,https://rockyweb.usgs.gov/vdelivery/Datasets/Staged/Elevation/LPC/Projects/legacy/ID_REYNOLDSCREEK_2009/LAZ/USGS_LPC_ID_REYNOLDSCREEK_2009_000074.laz
US-Rws,ID_REYNOLDSCREEK_2009,000075,USGS Lidar Point Cloud ID_REYNOLDSCREEK_2009 000075,LAZ,2009-03-18,2009-03-19,2014-09-30,28479706,-116.7540583,43.1454499,-116.7456166,43.1530166,6414f09cd34eb496d1cf3153,https://www.sciencebase.gov/catalog/item/6414f09cd34eb496d1cf3153,https://rockyweb.usgs.gov/vdelivery/Datasets/Staged/Elevation/LPC/Projects/legacy/ID_REYNOLDSCREEK_2009/LAZ/USGS_LPC_ID_REYNOLDSCREEK_2009_000075.laz
US-Rws,ID_REYNOLDSCREEK_2009,000076,USGS Lidar Point Cloud ID_REYNOLDSCREEK_2009 000076,LAZ,2009-03-18,2009-03-19,2014-09-30,11458201,-116.7539138,43.1814666,-116.7415444,43.1905166,6414f097d34eb496d1cf3137,https://www.sciencebase.gov/catalog/item/6414f097d34eb496d1cf3137,https://rockyweb.usgs.gov/vdelivery/Datasets/Staged/Elevation/LPC/Projects/legacy/ID_REYNOLDSCREEK_2009/LAZ/USGS_LPC_ID_REYNOLDSCREEK_2009_000076.laz
US-Rws,ID_REYNOLDSCREEK_2009,000077,USGS Lidar Point Cloud ID_REYNOLDSCREEK_2009 000077,LAZ,2009-03-18,2009-03-19,2014-09-30,49530153,-116.7538777,43.1904694,-116.7415083,43.1995194,6414f0acd34eb496d1cf31b7,https://www.sciencebase.gov/catalog/item/6414f0acd34eb496d1cf31b7,https://rockyweb.usgs.gov/vdelivery/Datasets/Staged/Elevation/LPC/Projects/legacy/ID_REYNOLDSCREEK_2009/LAZ/USGS_LPC_ID_REYNOLDSCREEK_2009_000077.laz
US-Rws,ID_REYNOLDSCREEK_2009,000078,USGS Lidar Point Cloud ID_REYNOLDSCREEK_2009 000078,LAZ,2009-03-18,2009-03-19,2014-09-30,51691610,-116.7538416,43.1994749,-116.7418888,43.208525,6414f09fd34eb496d1cf3167,https://www.sciencebase.gov/catalog/item/6414f09fd34eb496d1cf3167,https://rockyweb.usgs.gov/vdelivery/Datasets/Staged/Elevation/LPC/Projects/legacy/ID_REYNOLDSCREEK_2009/LAZ/USGS_LPC_ID_REYNOLDSCREEK_2009_000078.laz
US-Rws,ID_REYNOLDSCREEK_2009,000086,USGS Lidar Point Cloud ID_REYNOLDSCREEK_2009 000086,LAZ,2009-03-18,2009-03-19,2014-09-30,76133533,-116.7418749,43.1184054,-116.7295193,43.1274554,6414f0a0d34eb496d1cf3169,https://www.sciencebase.gov/catalog/item/6414f0a0d34eb496d1cf3169,https://rockyweb.usgs.gov/vdelivery/Datasets/Staged/Elevation/LPC/Projects/legacy/ID_REYNOLDSCREEK_2009/LAZ/USGS_LPC_ID_REYNOLDSCREEK_2009_000086.laz
US-Rws,ID_REYNOLDSCREEK_2009,000087,USGS Lidar Point Cloud ID_REYNOLDSCREEK_2009 000087,LAZ,2009-03-18,2009-03-19,2014-09-30,9561009,-116.741836,43.1274082,-116.7294777,43.136461,6414f097d34eb496d1cf3135,https://www.sciencebase.gov/catalog/item/6414f097d34eb496d1cf3135,https://rockyweb.usgs.gov/vdelivery/Datasets/Staged/Elevation/LPC/Projects/legacy/ID_REYNOLDSCREEK_2009/LAZ/USGS_LPC_ID_REYNOLDSCREEK_2009_000087.laz
US-Rws,ID_REYNOLDSCREEK_2009,000088,USGS Lidar Point Cloud ID_REYNOLDSCREEK_2009 000088,LAZ,2009-03-18,2009-03-19,2014-09-30,2313944,-116.7417999,43.1364416,-116.738861,43.1388638,6414f0a4d34eb496d1cf3183,https://www.sciencebase.gov/catalog/item/6414f0a4d34eb496d1cf3183,https://rockyweb.usgs.gov/vdelivery/Datasets/Staged/Elevation/LPC/Projects/legacy/ID_REYNOLDSCREEK_2009/LAZ/USGS_LPC_ID_REYNOLDSCREEK_2009_000088.laz
US-Rws,ID_REYNOLDSCREEK_2009,000094,USGS Lidar Point Cloud ID_REYNOLDSCREEK_2009 000094,LAZ,2009-03-18,2009-03-19,2014-09-30,84303466,-116.7295832,43.1183749,-116.7172249,43.1274277,6414f0a2d34eb496d1cf3177,https://www.sciencebase.gov/catalog/item/6414f0a2d34eb496d1cf3177,https://rockyweb.usgs.gov/vdelivery/Datasets/Staged/Elevation/LPC/Projects/legacy/ID_REYNOLDSCREEK_2009/LAZ/USGS_LPC_ID_REYNOLDSCREEK_2009_000094.laz
US-Rws,ID_REYNOLDSCREEK_2009,000095,USGS Lidar Point Cloud ID_REYNOLDSCREEK_2009 000095,LAZ,2009-03-18,2009-03-19,2014-09-30,8066569,-116.7295443,43.127386,-116.7202388,43.1297304,6414f0a1d34eb496d1cf316f,https://www.sciencebase.gov/catalog/item/6414f0a1d34eb496d1cf316f,https://rockyweb.usgs.gov/vdelivery/Datasets/Staged/Elevation/LPC/Projects/legacy/ID_REYNOLDSCREEK_2009/LAZ/USGS_LPC_ID_REYNOLDSCREEK_2009_000095.laz
US-Rws,ID_REYNOLDSCREEK_2009,000099,USGS Lidar Point Cloud ID_REYNOLDSCREEK_2009 000099,LAZ,2009-03-18,2009-03-19,2014-09-30,10991952,-116.7172916,43.1183527,-116.7105666,43.1261666,6414f096d34eb496d1cf3133,https://www.sciencebase.gov/catalog/item/6414f096d34eb496d1cf3133,https://rockyweb.usgs.gov/vdelivery/Datasets/Staged/Elevation/LPC/Projects/legacy/ID_REYNOLDSCREEK_2009/LAZ/USGS_LPC_ID_REYNOLDSCREEK_2009_000099.laz
US-Rws,ID_SouthernID_2018_D19,11TNH175730,USGS Lidar Point Cloud ID_SouthernID_2018_D19 11TNH175730,LAZ,2019-10-05,2020-08-01,2024-01-30,249213554,-116.7849156855,43.1094895367,-116.7664287875,43.1230328486,65bd700ed34e18c6baf32cd0,https://www.sciencebase.gov/catalog/item/65bd700ed34e18c6baf32cd0,https://rockyweb.usgs.gov/vdelivery/Datasets/Staged/Elevation/LPC/Projects/ID_SouthernID_2018_D19/ID_SouthernID_21_2018/LAZ/USGS_LPC_ID_SouthernID_2018_D19_11TNH175730.laz
US-Rws,ID_SouthernID_2018_D19,11TNH175745,USGS Lidar Point Cloud ID_SouthernID_2018_D19 11TNH175745,LAZ,2019-10-05,2020-08-01,2024-01-30,241282865,-116.7848683738,43.1229967849,-116.766377385,43.1365400816,65bd6d6ad34e18c6baf329d1,https://www.sciencebase.gov/catalog/item/65bd6d6ad34e18c6baf329d1,https://rockyweb.usgs.gov/vdelivery/Datasets/Staged/Elevation/LPC/Projects/ID_SouthernID_2018_D19/ID_SouthernID_21_2018/LAZ/USGS_LPC_ID_SouthernID_2018_D19_11TNH175745.laz
US-Rws,ID_SouthernID_2018_D19,11TNH175760,USGS Lidar Point Cloud ID_SouthernID_2018_D19 11TNH175760,LAZ,2019-10-05,2020-08-01,2024-01-30,245461863,-116.7848210292,43.136504001,-116.766325947,43.1500472826,65bd7d42d34e18c6baf33b7f,https://www.sciencebase.gov/catalog/item/65bd7d42d34e18c6baf33b7f,https://rockyweb.usgs.gov/vdelivery/Datasets/Staged/Elevation/LPC/Projects/ID_SouthernID_2018_D19/ID_SouthernID_21_2018/LAZ/USGS_LPC_ID_SouthernID_2018_D19_11TNH175760.laz
US-Rws,ID_SouthernID_2018_D19,11TNH175775,USGS Lidar Point Cloud ID_SouthernID_2018_D19 11TNH175775,LAZ,2019-10-05,2020-08-01,2024-01-30,212291326,-116.784773652,43.150011185,-116.7662744734,43.1635544516,65bd774fd34e18c6baf334d6,https://www.sciencebase.gov/catalog/item/65bd774fd34e18c6baf334d6,https://rockyweb.usgs.gov/vdelivery/Datasets/Staged/Elevation/LPC/Projects/ID_SouthernID_2018_D19/ID_SouthernID_21_2018/LAZ/USGS_LPC_ID_SouthernID_2018_D19_11TNH175775.laz
US-Rws,ID_SouthernID_2018_D19,11TNH175790,USGS Lidar Point Cloud ID_SouthernID_2018_D19 11TNH175790,LAZ,2019-10-05,2020-08-01,2024-01-30,133909117,-116.7847262419,43.163518337,-116.7662229641,43.1770615885,65bd8251d34e18c6baf34124,https://www.sciencebase.gov/catalog/item/65bd8251d34e18c6baf34124,https://rockyweb.usgs.gov/vdelivery/Datasets/Staged/Elevation/LPC/Projects/ID_SouthernID_2018_D19/ID_SouthernID_21_2018/LAZ/USGS_LPC_ID_SouthernID_2018_D19_11TNH175790.laz
US-Rws,ID_SouthernID_2018_D19,11TNH175805,USGS Lidar Point Cloud ID_SouthernID_2018_D19 11TNH175805,LAZ,2019-10-05,2020-08-01,2024-01-30,118607038,-116.784678799,43.1770254569,-116.7661714192,43.1905686933,65bd7952d34e18c6baf33717,https://www.sciencebase.gov/catalog/item/65bd7952d34e18c6baf33717,https://rockyweb.usgs.gov/vdelivery/Datasets/Staged/Elevation/LPC/Projects/ID_SouthernID_2018_D19/ID_SouthernID_21_2018/LAZ/USGS_LPC_ID_SouthernID_2018_D19_11TNH175805.laz
US-Rws,ID_SouthernID_2018_D19,11TNH175820,USGS Lidar Point Cloud ID_SouthernID_2018_D19 11TNH175820,LAZ,2019-10-05,2020-08-01,2024-01-30,102429616,-116.7846313233,43.1905325447,-116.7661198385,43.2040757661,65bd7e6cd34e18c6baf33cbb,https://www.sciencebase.gov/catalog/item/65bd7e6cd34e18c6baf33cbb,https://rockyweb.usgs.gov/vdelivery/Datasets/Staged/Elevation/LPC/Projects/ID_SouthernID_2018_D19/ID_SouthernID_21_2018/LAZ/USGS_LPC_ID_SouthernID_2018_D19_11TNH175820.laz
US-Rws,ID_SouthernID_2018_D19,11TNH175835,USGS Lidar Point Cloud ID_SouthernID_2018_D19 11TNH175835,LAZ,2019-10-05,2020-08-01,2024-01-30,106107197,-116.7845838147,43.2040396005,-116.7660682222,43.2175828069,65bd76ffd34e18c6baf3347a,https://www.sciencebase.gov/catalog/item/65bd76ffd34e18c6baf3347a,https://rockyweb.usgs.gov/vdelivery/Datasets/Staged/Elevation/LPC/Projects/ID_SouthernID_2018_D19/ID_SouthernID_21_2018/LAZ/USGS_LPC_ID_SouthernID_2018_D19_11TNH175835.laz
US-Rws,ID_SouthernID_2018_D19,11TNH190730,USGS Lidar Point Cloud ID_SouthernID_2018_D19 11TNH190730,LAZ,2019-10-05,2020-08-01,2024-01-30,223701952,-116.7664800312,43.1094504296,-116.7479891135,43.1229966946,65bd8258d34e18c6baf3412c,https://www.sciencebase.gov/catalog/item/65bd8258d34e18c6baf3412c,https://rockyweb.usgs.gov/vdelivery/Datasets/Staged/Elevation/LPC/Projects/ID_SouthernID_2018_D19/ID_SouthernID_21_2018/LAZ/USGS_LPC_ID_SouthernID_2018_D19_11TNH190730.laz
US-Rws,ID_SouthernID_2018_D19,11TNH190745,USGS Lidar Point Cloud ID_SouthernID_2018_D19 11TNH190745,LAZ,2019-10-05,2020-08-01,2024-01-30,223392438,-116.7664286642,43.1229576594,-116.7479336531,43.1365039107,65bd6e86d34e18c6baf32b11,https://www.sciencebase.gov/catalog/item/65bd6e86d34e18c6baf32b11,https://rockyweb.usgs.gov/vdelivery/Datasets/Staged/Elevation/LPC/Projects/ID_SouthernID_2018_D19/ID_SouthernID_21_2018/LAZ/USGS_LPC_ID_SouthernID_2018_D19_11TNH190745.laz
US-Rws,ID_SouthernID_2018_D19,11TNH190760,USGS Lidar Point Cloud ID_SouthernID_2018_D19 11TNH190760,LAZ,2019-10-05,2020-08-01,2024-01-30,227713145,-116.7663772617,43.1364648571,-116.7478781543,43.1500110947,65bd7681d34e18c6baf333ec,https://www.sciencebase.gov/catalog/item/65bd7681d34e18c6baf333ec,https://rockyweb.usgs.gov/vdelivery/Datasets/Staged/Elevation/LPC/Projects/ID_SouthernID_2018_D19/ID_SouthernID_21_2018/LAZ/USGS_LPC_ID_SouthernID_2018_D19_11TNH190760.laz
US-Rws,ID_SouthernID_2018_D19,11TNH190775,USGS Lidar Point Cloud ID_SouthernID_2018_D19 11TNH190775,LAZ,2019-10-05,2020-08-01,2024-01-30,204865802,-116.7663258237,43.1499720228,-116.7478226171,43.1635182467,65bd736dd34e18c6baf330a8,https://www.sciencebase.gov/catalog/item/65bd736dd34e18c6baf330a8,https://rockyweb.usgs.gov/vdelivery/Datasets/Staged/Elevation/LPC/Projects/ID_SouthernID_2018_D19/ID_SouthernID_21_2018/LAZ/USGS_LPC_ID_SouthernID_2018_D19_11TNH190775.laz
US-Rws,ID_SouthernID_2018_D19,11TNH190790,USGS Lidar Point Cloud ID_SouthernID_2018_D19 11TNH190790,LAZ,2019-10-05,2020-08-01,2024-01-30,117855917,-116.76627435,43.1634791564,-116.7477670415,43.1770253666,65bd6eb8d34e18c6baf32b4b,https://www.sciencebase.gov/catalog/item/65bd6eb8d34e18c6baf32b4b,https://rockyweb.usgs.gov/vdelivery/Datasets/Staged/Elevation/LPC/Projects/ID_SouthernID_2018_D19/ID_SouthernID_21_2018/LAZ/USGS_LPC_ID_SouthernID_2018_D19_11TNH190790.laz
US-Rws,ID_SouthernID_2018_D19,11TNH190805,USGS Lidar Point Cloud ID_SouthernID_2018_D19 11TNH190805,LAZ,2019-10-05,2020-08-01,2024-01-30,107430205,-116.7662228407,43.1769862579,-116.7477114273,43.1905324544,65bd7985d34e18c6baf33751,https://www.sciencebase.gov/catalog/item/65bd7985d34e18c6baf33751,https://rockyweb.usgs.gov/vdelivery/Datasets/Staged/Elevation/LPC/Projects/ID_SouthernID_2018_D19/ID_SouthernID_21_2018/LAZ/USGS_LPC_ID_SouthernID_2018_D19_11TNH190805.laz
US-Rws,ID_SouthernID_2018_D19,11TNH190820,USGS Lidar Point Cloud ID_SouthernID_2018_D19 11TNH190820,LAZ,2019-10-05,2020-08-01,2024-01-30,104492701,-116.7661712958,43.1904933273,-116.7476557747,43.2040395102,65bd7fdbd34e18c6baf33e61,https://www.sciencebase.gov/catalog/item/65bd7fdbd34e18c6baf33e61,https://rockyweb.usgs.gov/vdelivery/Datasets/Staged/Elevation/LPC/Projects/ID_SouthernID_2018_D19/ID_SouthernID_21_2018/LAZ/USGS_LPC_ID_SouthernID_2018_D19_11TNH190820.laz
US-Rws,ID_SouthernID_2018_D19,11TNH190835,USGS Lidar Point Cloud ID_SouthernID_2018_D19 11TNH190835,LAZ,2019-10-05,2020-08-01,2024-01-30,104680228,-116.7661197151,43.2040003647,-116.7476000835,43.2175465339,65bd71b4d34e18c6baf32ead,https://www.sciencebase.gov/catalog/item/65bd71b4d34e18c6baf32ead,https://rockyweb.usgs.gov/vdelivery/Datasets/Staged/Elevation/LPC/Projects/ID_SouthernID_2018_D19/ID_SouthernID_21_2018/LAZ/USGS_LPC_ID_SouthernID_2018_D19_11TNH190835.laz
US-Rws,ID_SouthernID_2018_D19,11TNH205730,USGS Lidar Point Cloud ID_SouthernID_2018_D19 11TNH205730,LAZ,2019-10-05,2020-08-01,2024-01-30,235774379,-116.7480444123,43.1094083524,-116.7295494779,43.1229575691,65bd7444d34e18c6baf3316d,https://www.sciencebase.gov/catalog/item/65bd7444d34e18c6baf3316d,https://rockyweb.usgs.gov/vdelivery/Datasets/Staged/Elevation/LPC/Projects/ID_SouthernID_2018_D19/ID_SouthernID_21_2018/LAZ/USGS_LPC_ID_SouthernID_2018_D19_11TNH205730.laz
US-Rws,ID_SouthernID_2018_D19,11TNH205745,USGS Lidar Point Cloud ID_SouthernID_2018_D19 11TNH205745,LAZ,2019-10-05,2020-08-01,2024-01-30,232473160,-116.7479889902,43.1229155625,-116.7294899596,43.1364647668,65bd7160d34e18c6baf32e46,https://www.sciencebase.gov/catalog/item/65bd7160d34e18c6baf32e46,https://rockyweb.usgs.gov/vdelivery/Datasets/Staged/Elevation/LPC/Projects/ID_SouthernID_2018_D19/ID_SouthernID_21_2018/LAZ/USGS_LPC_ID_SouthernID_2018_D19_11TNH205745.laz
US-Rws,ID_SouthernID_2018_D19,11TNH205760,USGS Lidar Point Cloud ID_SouthernID_2018_D19 11TNH205760,LAZ,2019-10-05,2020-08-01,2024-01-30,231821276,-116.7479335298,43.1364227404,-116.7294304001,43.1499719325,65bd7213d34e18c6baf32f1b,https://www.sciencebase.gov/catalog/item/65bd7213d34e18c6baf32f1b,https://rockyweb.usgs.gov/vdelivery/Datasets/Staged/Elevation/LPC/Projects/ID_SouthernID_2018_D19/ID_SouthernID_21_2018/LAZ/USGS_LPC_ID_SouthernID_2018_D19_11TNH205760.laz
US-Rws,ID_SouthernID_2018_D19,11TNH205775,USGS Lidar Point Cloud ID_SouthernID_2018_D19 11TNH205775,LAZ,2019-10-05,2020-08-01,2024-01-30,219667411,-116.747878031,43.1499298863,-116.7293707993,43.163479066,65bd7df0d34e18c6baf33c2f,https://www.sciencebase.gov/catalog/item/65bd7df0d34e18c6baf33c2f,https://rockyweb.usgs.gov/vdelivery/Datasets/Staged/Elevation/LPC/Projects/ID_SouthernID_2018_D19/ID_SouthernID_21_2018/LAZ/USGS_LPC_ID_SouthernID_2018_D19_11TNH205775.laz
US-Rws,ID_SouthernID_2018_D19,11TNH205790,USGS Lidar Point Cloud ID_SouthernID_2018_D19 11TNH205790,LAZ,2019-10-05,2020-08-01,2024-01-30,140528939,-116.7478224937,43.1634370001,-116.7293111573,43.1769861676,65bd80c3d34e18c6baf33f6c,https://www.sciencebase.gov/catalog/item/65bd80c3d34e18c6baf33f6c,https://rockyweb.usgs.gov/vdelivery/Datasets/Staged/Elevation/LPC/Projects/ID_SouthernID_2018_D19/ID_SouthernID_21_2018/LAZ/USGS_LPC_ID_SouthernID_2018_D19_11TNH205790.laz
US-Rws,ID_SouthernID_2018_D19,11TNH205805,USGS Lidar Point Cloud ID_SouthernID_2018_D19 11TNH205805,LAZ,2019-10-05,2020-08-01,2024-01-30,119899254,-116.7477669181,43.1769440818,-116.729251474,43.190493237,65bd6dd8d34e18c6baf32a4b,https://www.sciencebase.gov/catalog/item/65bd6dd8d34e18c6baf32a4b,https://rockyweb.usgs.gov/vdelivery/Datasets/Staged/Elevation/LPC/Projects/ID_SouthernID_2018_D19/ID_SouthernID_21_2018/LAZ/USGS_LPC_ID_SouthernID_2018_D19_11TNH205805.laz
US-Rws,ID_SouthernID_2018_D19,11TNH205820,USGS Lidar Point Cloud ID_SouthernID_2018_D19 11TNH205820,LAZ,2019-10-05,2020-08-01,2024-01-30,109662302,-116.7477113039,43.1904511315,-116.7291917494,43.2040002744,65bd7a7fd34e18c6baf3386b,https://www.sciencebase.gov/catalog/item/65bd7a7fd34e18c6baf3386b,https://rockyweb.usgs.gov/vdelivery/Datasets/Staged/Elevation/LPC/Projects/ID_SouthernID_2018_D19/ID_SouthernID_21_2018/LAZ/USGS_LPC_ID_SouthernID_2018_D19_11TNH205820.laz
US-Rws,ID_SouthernID_2018_D19,11TNH205835,USGS Lidar Point Cloud ID_SouthernID_2018_D19 11TNH205835,LAZ,2019-10-05,2020-08-01,2024-01-30,108522292,-116.7476556512,43.2039581491,-116.7291319834,43.2175072797,65bd7dbbd34e18c6baf33bf1,https://www.sciencebase.gov/catalog/item/65bd7dbbd34e18c6baf33bf1,https://rockyweb.usgs.gov/vdelivery/Datasets/Staged/Elevation/LPC/Projects/ID_SouthernID_2018_D19/ID_SouthernID_21_2018/LAZ/USGS_LPC_ID_SouthernID_2018_D19_11TNH205835.laz
US-Rws,ID_SouthernID_2018_D19,11TNH220730,USGS Lidar Point Cloud ID_SouthernID_2018_D19 11TNH220730,LAZ,2019-10-05,2020-08-01,2024-01-30,163824318,-116.7296088318,43.1093633052,-116.7111098835,43.1229154721,65bd79c9d34e18c6baf3379e,https://www.sciencebase.gov/catalog/item/65bd79c9d34e18c6baf3379e,https://rockyweb.usgs.gov/vdelivery/Datasets/Staged/Elevation/LPC/Projects/ID_SouthernID_2018_D19/ID_SouthernID_21_2018/LAZ/USGS_LPC_ID_SouthernID_2018_D19_11TNH220730.laz
US-Rws,ID_SouthernID_2018_D19,11TNH220745,USGS Lidar Point Cloud ID_SouthernID_2018_D19 11TNH220745,LAZ,2019-10-05,2020-08-01,2024-01-30,138063560,-116.7295493546,43.1228704941,-116.7110463073,43.1364226501,65bd7e25d34e18c6baf33c6b,https://www.sciencebase.gov/catalog/item/65bd7e25d34e18c6baf33c6b,https://rockyweb.usgs.gov/vdelivery/Datasets/Staged/Elevation/LPC/Projects/ID_SouthernID_2018_D19/ID_SouthernID_21_2018/LAZ/USGS_LPC_ID_SouthernID_2018_D19_11TNH220745.laz
US-Rws,ID_SouthernID_2018_D19,11TNH220760,USGS Lidar Point Cloud ID_SouthernID_2018_D19 11TNH220760,LAZ,2019-10-05,2020-08-01,2024-01-30,142087513,-116.7294898362,43.1363776509,-116.710982687,43.149929796,65bd75a2d34e18c6baf332f4,https://www.sciencebase.gov/catalog/item/65bd75a2d34e18c6baf332f4,https://rockyweb.usgs.gov/vdelivery/Datasets/Staged/Elevation/LPC/Projects/ID_SouthernID_2018_D19/ID_SouthernID_21_2018/LAZ/USGS_LPC_ID_SouthernID_2018_D19_11TNH220760.laz
US-Rws,ID_SouthernID_2018_D19,11TNH220775,USGS Lidar Point Cloud ID_SouthernID_2018_D19 11TNH220775,LAZ,2019-10-05,2020-08-01,2024-01-30,106143988,-116.7294302767,43.1498847756,-116.7109190228,43.1634369098,65bd7c14d34e18c6baf33a2b,https://www.sciencebase.gov/catalog/item/65bd7c14d34e18c6baf33a2b,https://rockyweb.usgs.gov/vdelivery/Datasets/Staged/Elevation/LPC/Projects/ID_SouthernID_2018_D19/ID_SouthernID_21_2018/LAZ/USGS_LPC_ID_SouthernID_2018_D19_11TNH220775.laz
US-Rws,ID_SouthernID_2018_D19,11TNH220790,USGS Lidar Point Cloud ID_SouthernID_2018_D19 11TNH220790,LAZ,2019-10-05,2020-08-01,2024-01-30,89954400,-116.7293706759,43.1633918682,-116.7108553144,43.1769439915,65bd7a82d34e18c6baf3386f,https://www.sciencebase.gov/catalog/item/65bd7a82d34e18c6baf3386f,https://rockyweb.usgs.gov/vdelivery/Datasets/Staged/Elevation/LPC/Projects/ID_SouthernID_2018_D19/ID_SouthernID_21_2018/LAZ/USGS_LPC_ID_SouthernID_2018_D19_11TNH220790.laz
US-Rws,ID_SouthernID_2018_D19,11TNH220805,USGS Lidar Point Cloud ID_SouthernID_2018_D19 11TNH220805,LAZ,2019-10-05,2020-08-01,2024-01-30,92965913,-116.7293110339,43.1768989288,-116.710791562,43.1904510412,65bd78bdd34e18c6baf3366a,https://www.sciencebase.gov/catalog/item/65bd78bdd34e18c6baf3366a,https://rockyweb.usgs.gov/vdelivery/Datasets/Staged/Elevation/LPC/Projects/ID_SouthernID_2018_D19/ID_SouthernID_21_2018/LAZ/USGS_LPC_ID_SouthernID_2018_D19_11TNH220805.laz
US-Rws,ID_SouthernID_2018_D19,11TNH220820,USGS Lidar Point Cloud ID_SouthernID_2018_D19 11TNH220820,LAZ,2019-10-05,2020-08-01,2024-01-30,99129851,-116.7292513505,43.1904059572,-116.7107277654,43.2039580587,65bd77a3d34e18c6baf33535,https://www.sciencebase.gov/catalog/item/65bd77a3d34e18c6baf33535,https://rockyweb.usgs.gov/vdelivery/Datasets/Staged/Elevation/LPC/Projects/ID_SouthernID_2018_D19/ID_SouthernID_21_2018/LAZ/USGS_LPC_ID_SouthernID_2018_D19_11TNH220820.laz
US-Rws,ID_SouthernID_2018_D19,11TNH220835,USGS Lidar Point Cloud ID_SouthernID_2018_D19 11TNH220835,LAZ,2019-10-05,2020-08-01,2024-01-30,109687897,-116.7291916259,43.2039129536,-116.7106639247,43.2174650442,65bd7ee7d34e18c6baf33d43,https://www.sciencebase.gov/catalog/item/65bd7ee7d34e18c6baf33d43,https://rockyweb.usgs.gov/vdelivery/Datasets/Staged/Elevation/LPC/Projects/ID_SouthernID_2018_D19/ID_SouthernID_21_2018/LAZ/USGS_LPC_ID_SouthernID_2018_D19_11TNH220835.laz
US-Rws,ID_SouthernID_2018_D19,11TNH220835,USGS Lidar Point Cloud ID_SouthernID_2018_D19 11TNH220835,LAZ,2019-10-05,2020-08-01,2023-10-03,1412424,-116.711101931,43.2098419746,-116.7106900294,43.2118989309,651e12bdd34e44db0e2d9c08,https://www.sciencebase.gov/catalog/item/651e12bdd34e44db0e2d9c08,https://rockyweb.usgs.gov/vdelivery/Datasets/Staged/Elevation/LPC/Projects/ID_SouthernID_2018_D19/ID_SouthernID_5_2018/LAZ/USGS_LPC_ID_SouthernID_2018_D19_11TNH220835.laz
US-Rws,ID_SouthernID_2018_D19,11TNH235730,USGS Lidar Point Cloud ID_SouthernID_2018_D19 11TNH235730,LAZ,2019-10-05,2020-08-01,2024-01-30,145242341,-116.7111732924,43.1093152879,-116.692670333,43.1228704037,65bd6f1ed34e18c6baf32bbf,https://www.sciencebase.gov/catalog/item/65bd6f1ed34e18c6baf32bbf,https://rockyweb.usgs.gov/vdelivery/Datasets/Staged/Elevation/LPC/Projects/ID_SouthernID_2018_D19/ID_SouthernID_21_2018/LAZ/USGS_LPC_ID_SouthernID_2018_D19_11TNH235730.laz
US-Rws,ID_SouthernID_2018_D19,11TNH235745,USGS Lidar Point Cloud ID_SouthernID_2018_D19 11TNH235745,LAZ,2019-10-05,2020-08-01,2024-01-30,116266180,-116.7111097601,43.1228224542,-116.6926026989,43.1363775605,65bd7a76d34e18c6baf33861,https://www.sciencebase.gov/catalog/item/65bd7a76d34e18c6baf33861,https://rockyweb.usgs.gov/vdelivery/Datasets/Staged/Elevation/LPC/Projects/ID_SouthernID_2018_D19/ID_SouthernID_21_2018/LAZ/USGS_LPC_ID_SouthernID_2018_D19_11TNH235745.laz
US-Rws,ID_SouthernID_2018_D19,11TNH235760,USGS Lidar Point Cloud ID_SouthernID_2018_D19 11TNH235760,LAZ,2019-10-05,2020-08-01,2024-01-30,123304467,-116.7110461839,43.1363295885,-116.692535018,43.1498846852,65bd7d74d34e18c6baf33ba5,https://www.sciencebase.gov/catalog/item/65bd7d74d34e18c6baf33ba5,https://rockyweb.usgs.gov/vdelivery/Datasets/Staged/Elevation/LPC/Projects/ID_SouthernID_2018_D19/ID_SouthernID_21_2018/LAZ/USGS_LPC_ID_SouthernID_2018_D19_11TNH235760.laz
US-Rws,ID_SouthernID_2018_D19,11TNH235775,USGS Lidar Point Cloud ID_SouthernID_2018_D19 11TNH235775,LAZ,2019-10-05,2020-08-01,2024-01-30,126848604,-116.7109825636,43.1498366906,-116.6924672903,43.1633917778,65bd7667d34e18c6baf333ce,https://www.sciencebase.gov/catalog/item/65bd7667d34e18c6baf333ce,https://rockyweb.usgs.gov/vdelivery/Datasets/Staged/Elevation/LPC/Projects/ID_SouthernID_2018_D19/ID_SouthernID_21_2018/LAZ/USGS_LPC_ID_SouthernID_2018_D19_11TNH235775.laz
US-Rws,ID_SouthernID_2018_D19,11TNH235790,USGS Lidar Point Cloud ID_SouthernID_2018_D19 11TNH235790,LAZ,2019-10-05,2020-08-01,2024-01-30,123227090,-116.7109188993,43.1633437607,-116.6923995157,43.1768988384,65bd7083d34e18c6baf32d4b,https://www.sciencebase.gov/catalog/item/65bd7083d34e18c6baf32d4b,https://rockyweb.usgs.gov/vdelivery/Datasets/Staged/Elevation/LPC/Projects/ID_SouthernID_2018_D19/ID_SouthernID_21_2018/LAZ/USGS_LPC_ID_SouthernID_2018_D19_11TNH235790.laz
US-Rws,ID_SouthernID_2018_D19,11TNH235805,USGS Lidar Point Cloud ID_SouthernID_2018_D19 11TNH235805,LAZ,2019-10-05,2020-08-01,2024-01-30,114990542,-116.710855191,43.1768507986,-116.6923316942,43.1904058669,65bd74e1d34e18c6baf3321c,https://www.sciencebase.gov/catalog/item/65bd74e1d34e18c6baf3321c,https://rockyweb.usgs.gov/vdelivery/Datasets/Staged/Elevation/LPC/Projects/ID_SouthernID_2018_D19/ID_SouthernID_21_2018/LAZ/USGS_LPC_ID_SouthernID_2018_D19_11TNH235805.laz
US-Rws,ID_SouthernID_2018_D19,11TNH235820,USGS Lidar Point Cloud ID_SouthernID_2018_D19 11TNH235820,LAZ,2019-10-05,2020-08-01,2024-01-30,72544601,-116.7107914385,43.1903578045,-116.6922638257,43.2039128632,65bd771dd34e18c6baf3349c,https://www.sciencebase.gov/catalog/item/65bd771dd34e18c6baf3349c,https://rockyweb.usgs.gov/vdelivery/Datasets/Staged/Elevation/LPC/Projects/ID_SouthernID_2018_D19/ID_SouthernID_21_2018/LAZ/USGS_LPC_ID_SouthernID_2018_D19_11TNH235820.laz
US-Rws,ID_SouthernID_2018_D19,11TNH235820,USGS Lidar Point Cloud ID_SouthernID_2018_D19 11TNH235820,LAZ,2019-10-05,2020-08-01,2023-10-03,263304233,-116.7089375634,43.1928202183,-116.6922638257,43.2039081895,651e1270d34e44db0e2d9a4e,https://www.sciencebase.gov/catalog/item/651e1270d34e44db0e2d9a4e,https://rockyweb.usgs.gov/vdelivery/Datasets/Staged/Elevation/LPC/Projects/ID_SouthernID_2018_D19/ID_SouthernID_5_2018/LAZ/USGS_LPC_ID_SouthernID_2018_D19_11TNH235820.laz
US-Rws,ID_SouthernID_2018_D19,11TNH235835,USGS Lidar Point Cloud ID_SouthernID_2018_D19 11TNH235835,LAZ,2019-10-05,2020-08-01,2024-01-30,49542977,-116.7107276419,43.2038763899,-116.6965443847,43.2174198275,65bd6f75d34e18c6baf32c22,https://www.sciencebase.gov/catalog/item/65bd6f75d34e18c6baf32c22,https://rockyweb.usgs.gov/vdelivery/Datasets/Staged/Elevation/LPC/Projects/ID_SouthernID_2018_D19/ID_SouthernID_21_2018/LAZ/USGS_LPC_ID_SouthernID_2018_D19_11TNH235835.laz
US-Rws,ID_SouthernID_2018_D19,11TNH235835,USGS Lidar Point Cloud ID_SouthernID_2018_D19 11TNH235835,LAZ,2019-10-05,2020-08-01,2023-10-03,333605137,-116.7107276419,43.2038647783,-116.6921959102,43.2174198275,651e11d4d34e44db0e2d97e8,https://www.sciencebase.gov/catalog/item/651e11d4d34e44db0e2d97e8,https://rockyweb.usgs.gov/vdelivery/Datasets/Staged/Elevation/LPC/Projects/ID_SouthernID_2018_D19/ID_SouthernID_5_2018/LAZ/USGS_LPC_ID_SouthernID_2018_D19_11TNH235835.laz
US-Rws,ID_SouthernID_2018_D19,11TNH250730,USGS Lidar Point Cloud ID_SouthernID_2018_D19 11TNH250730,LAZ,2019-10-05,2020-08-01,2024-01-30,112654357,-116.6927377969,43.1092643006,-116.6742308293,43.1228223638,65bd7c8fd34e18c6baf33ab9,https://www.sciencebase.gov/catalog/item/65bd7c8fd34e18c6baf33ab9,https://rockyweb.usgs.gov/vdelivery/Datasets/Staged/Elevation/LPC/Projects/ID_SouthernID_2018_D19/ID_SouthernID_21_2018/LAZ/USGS_LPC_ID_SouthernID_2018_D19_11TNH250730.laz
US-Rws,ID_SouthernID_2018_D19,11TNH250745,USGS Lidar Point Cloud ID_SouthernID_2018_D19 11TNH250745,LAZ,2019-10-05,2020-08-01,2024-01-30,108980439,-116.6926702096,43.122771443,-116.6741591374,43.1363294981,65bd7957d34e18c6baf3371d,https://www.sciencebase.gov/catalog/item/65bd7957d34e18c6baf3371d,https://rockyweb.usgs.gov/vdelivery/Datasets/Staged/Elevation/LPC/Projects/ID_SouthernID_2018_D19/ID_SouthernID_21_2018/LAZ/USGS_LPC_ID_SouthernID_2018_D19_11TNH250745.laz
US-Rws,ID_SouthernID_2018_D19,11TNH250760,USGS Lidar Point Cloud ID_SouthernID_2018_D19 11TNH250760,LAZ,2019-10-05,2020-08-01,2024-01-30,106520857,-116.6926025755,43.1362785533,-116.6740873959,43.1498366002,65bd821bd34e18c6baf340ee,https://www.sciencebase.gov/catalog/item/65bd821bd34e18c6baf340ee,https://rockyweb.usgs.gov/vdelivery/Datasets/Staged/Elevation/LPC/Projects/ID_SouthernID_2018_D19/ID_SouthernID_21_2018/LAZ/USGS_LPC_ID_SouthernID_2018_D19_11TNH250760.laz
US-Rws,ID_SouthernID_2018_D19,11TNH250775,USGS Lidar Point Cloud ID_SouthernID_2018_D19 11TNH250775,LAZ,2019-10-05,2020-08-01,2024-01-30,98301029,-116.6925348946,43.1497856315,-116.6740156047,43.1633436703,65bd7602d34e18c6baf3335d,https://www.sciencebase.gov/catalog/item/65bd7602d34e18c6baf3335d,https://rockyweb.usgs.gov/vdelivery/Datasets/Staged/Elevation/LPC/Projects/ID_SouthernID_2018_D19/ID_SouthernID_21_2018/LAZ/USGS_LPC_ID_SouthernID_2018_D19_11TNH250775.laz
US-Rws,ID_SouthernID_2018_D19,11TNH250790,USGS Lidar Point Cloud ID_SouthernID_2018_D19 11TNH250790,LAZ,2019-10-05,2020-08-01,2024-01-30,102068867,-116.6924671668,43.1632926776,-116.6739437638,43.1768507083,65bd7cb7d34e18c6baf33ae7,https://www.sciencebase.gov/catalog/item/65bd7cb7d34e18c6baf33ae7,https://rockyweb.usgs.gov/vdelivery/Datasets/Staged/Elevation/LPC/Projects/ID_SouthernID_2018_D19/ID_SouthernID_21_2018/LAZ/USGS_LPC_ID_SouthernID_2018_D19_11TNH250790.laz
US-Rws,ID_SouthernID_2018_D19,11TNH250805,USGS Lidar Point Cloud ID_SouthernID_2018_D19 11TNH250805,LAZ,2019-10-05,2020-08-01,2024-01-30,96844730,-116.6923993922,43.1767996915,-116.6738718733,43.1903577141,65bd7eb7d34e18c6baf33d0e,https://www.sciencebase.gov/catalog/item/65bd7eb7d34e18c6baf33d0e,https://rockyweb.usgs.gov/vdelivery/Datasets/Staged/Elevation/LPC/Projects/ID_SouthernID_2018_D19/ID_SouthernID_21_2018/LAZ/USGS_LPC_ID_SouthernID_2018_D19_11TNH250805.laz
US-Rws,ID_SouthernID_2018_D19,11TNH250820,USGS Lidar Point Cloud ID_SouthernID_2018_D19 11TNH250820,LAZ,2019-10-05,2020-08-01,2023-10-03,241672925,-116.6923093158,43.1947367764,-116.6737999329,43.2038646879,651e12aed34e44db0e2d9bb0,https://www.sciencebase.gov/catalog/item/651e12aed34e44db0e2d9bb0,https://rockyweb.usgs.gov/vdelivery/Datasets/Staged/Elevation/LPC/Projects/ID_SouthernID_2018_D19/ID_SouthernID_5_2018/LAZ/USGS_LPC_ID_SouthernID_2018_D19_11TNH250820.laz
US-Rws,ID_SouthernID_2018_D19,11TNH250820,USGS Lidar Point Cloud ID_SouthernID_2018_D19 11TNH250820,LAZ,2019-10-05,2020-08-01,2024-01-30,55526943,-116.6923315706,43.1903066734,-116.6738224887,43.1996307954,65bd7d32d34e18c6baf33b6d,https://www.sciencebase.gov/catalog/item/65bd7d32d34e18c6baf33b6d,https://rockyweb.usgs.gov/vdelivery/Datasets/Staged/Elevation/LPC/Projects/ID_SouthernID_2018_D19/ID_SouthernID_21_2018/LAZ/USGS_LPC_ID_SouthernID_2018_D19_11TNH250820.laz
US-Rws,ID_SouthernID_2018_D19,11TNH250835,USGS Lidar Point Cloud ID_SouthernID_2018_D19 11TNH250835,LAZ,2019-10-05,2020-08-01,2023-10-03,502498947,-116.6922637021,43.2038136232,-116.6737279427,43.2173716296,651e129cd34e44db0e2d9b44,https://www.sciencebase.gov/catalog/item/651e129cd34e44db0e2d9b44,https://rockyweb.usgs.gov/vdelivery/Datasets/Staged/Elevation/LPC/Projects/ID_SouthernID_2018_D19/ID_SouthernID_5_2018/LAZ/USGS_LPC_ID_SouthernID_2018_D19_11TNH250835.laz
US-Rws,ID_SouthernID_2018_D19,11TNH265730,USGS Lidar Point Cloud ID_SouthernID_2018_D19 11TNH265730,LAZ,2019-10-05,2020-08-01,2024-01-30,126230896,-116.6743023482,43.1092103432,-116.6557913751,43.1227713526,65bd7109d34e18c6baf32de6,https://www.sciencebase.gov/catalog/item/65bd7109d34e18c6baf32de6,https://rockyweb.usgs.gov/vdelivery/Datasets/Staged/Elevation/LPC/Projects/ID_SouthernID_2018_D19/ID_SouthernID_21_2018/LAZ/USGS_LPC_ID_SouthernID_2018_D19_11TNH265730.laz
US-Rws,ID_SouthernID_2018_D19,11TNH265745,USGS Lidar Point Cloud ID_SouthernID_2018_D19 11TNH265745,LAZ,2019-10-05,2020-08-01,2024-01-30,123180736,-116.6742307059,43.1227174603,-116.6557156254,43.1362784629,65bd7ffbd34e18c6baf33e88,https://www.sciencebase.gov/catalog/item/65bd7ffbd34e18c6baf33e88,https://rockyweb.usgs.gov/vdelivery/Datasets/Staged/Elevation/LPC/Projects/ID_SouthernID_2018_D19/ID_SouthernID_21_2018/LAZ/USGS_LPC_ID_SouthernID_2018_D19_11TNH265745.laz
US-Rws,ID_SouthernID_2018_D19,11TNH265760,USGS Lidar Point Cloud ID_SouthernID_2018_D19 11TNH265760,LAZ,2019-10-05,2020-08-01,2024-01-30,122608997,-116.6741590139,43.1362245453,-116.6556398234,43.1497855411,65bd70eed34e18c6baf32dc7,https://www.sciencebase.gov/catalog/item/65bd70eed34e18c6baf32dc7,https://rockyweb.usgs.gov/vdelivery/Datasets/Staged/Elevation/LPC/Projects/ID_SouthernID_2018_D19/ID_SouthernID_21_2018/LAZ/USGS_LPC_ID_SouthernID_2018_D19_11TNH265760.laz
US-Rws,ID_SouthernID_2018_D19,11TNH265775,USGS Lidar Point Cloud ID_SouthernID_2018_D19 11TNH265775,LAZ,2019-10-05,2020-08-01,2024-01-30,121702490,-116.6740872724,43.1497315981,-116.6555639688,43.1632925872,65bd78f3d34e18c6baf336a8,https://www.sciencebase.gov/catalog/item/65bd78f3d34e18c6baf336a8,https://rockyweb.usgs.gov/vdelivery/Datasets/Staged/Elevation/LPC/Projects/ID_SouthernID_2018_D19/ID_SouthernID_21_2018/LAZ/USGS_LPC_ID_SouthernID_2018_D19_11TNH265775.laz
US-Rws,ID_SouthernID_2018_D19,11TNH265790,USGS Lidar Point Cloud ID_SouthernID_2018_D19 11TNH265790,LAZ,2019-10-05,2020-08-01,2024-01-30,115323037,-116.6740154812,43.1632386188,-116.6554880617,43.1767996011,65bd72d1d34e18c6baf32ff8,https://www.sciencebase.gov/catalog/item/65bd72d1d34e18c6baf32ff8,https://rockyweb.usgs.gov/vdelivery/Datasets/Staged/Elevation/LPC/Projects/ID_SouthernID_2018_D19/ID_SouthernID_21_2018/LAZ/USGS_LPC_ID_SouthernID_2018_D19_11TNH265790.laz
US-Rws,ID_SouthernID_2018_D19,11TNH265805,USGS Lidar Point Cloud ID_SouthernID_2018_D19 11TNH265805,LAZ,2019-10-05,2020-08-01,2024-01-30,109443708,-116.6739436403,43.1767456075,-116.6554121021,43.190306583,65bd7189d34e18c6baf32e79,https://www.sciencebase.gov/catalog/item/65bd7189d34e18c6baf32e79,https://rockyweb.usgs.gov/vdelivery/Datasets/Staged/Elevation/LPC/Projects/ID_SouthernID_2018_D19/ID_SouthernID_21_2018/LAZ/USGS_LPC_ID_SouthernID_2018_D19_11TNH265805.laz
US-Rws,ID_SouthernID_2018_D19,11TNH265820,USGS Lidar Point Cloud ID_SouthernID_2018_D19 11TNH265820,LAZ,2019-10-05,2020-08-01,2024-01-30,84096645,-116.6738717497,43.1902525639,-116.6553429763,43.2025902547,65bd8083d34e18c6baf33f24,https://www.sciencebase.gov/catalog/item/65bd8083d34e18c6baf33f24,https://rockyweb.usgs.gov/vdelivery/Datasets/Staged/Elevation/LPC/Projects/ID_SouthernID_2018_D19/ID_SouthernID_21_2018/LAZ/USGS_LPC_ID_SouthernID_2018_D19_11TNH265820.laz
US-Rws,ID_SouthernID_2018_D19,11TNH265820,USGS Lidar Point Cloud ID_SouthernID_2018_D19 11TNH265820,LAZ,2019-10-05,2020-08-01,2023-10-03,230062263,-116.6738321263,43.1976930823,-116.6553360899,43.2038135328,651e12d0d34e44db0e2d9c8e,https://www.sciencebase.gov/catalog/item/651e12d0d34e44db0e2d9c8e,https://rockyweb.usgs.gov/vdelivery/Datasets/Staged/Elevation/LPC/Projects/ID_SouthernID_2018_D19/ID_SouthernID_5_2018/LAZ/USGS_LPC_ID_SouthernID_2018_D19_11TNH265820.laz
US-Rws,ID_SouthernID_2018_D19,11TNH265835,USGS Lidar Point Cloud ID_SouthernID_2018_D19 11TNH265835,LAZ,2019-10-05,2020-08-01,2023-10-03,654308986,-116.6737998093,43.2037594883,-116.6552600251,43.2173204505,651e128ad34e44db0e2d9ade,https://www.sciencebase.gov/catalog/item/651e128ad34e44db0e2d9ade,https://rockyweb.usgs.gov/vdelivery/Datasets/Staged/Elevation/LPC/Projects/ID_SouthernID_2018_D19/ID_SouthernID_5_2018/LAZ/USGS_LPC_ID_SouthernID_2018_D19_11TNH265835.laz
US-Rws,ID_SouthernID_2018_D19,11TNH280730,USGS Lidar Point Cloud ID_SouthernID_2018_D19 11TNH280730,LAZ,2019-10-05,2020-08-01,2024-01-30,96864100,-116.655866949,43.1091534159,-116.6373519733,43.1227173699,65bd8100d34e18c6baf33fb0,https://www.sciencebase.gov/catalog/item/65bd8100d34e18c6baf33fb0,https://rockyweb.usgs.gov/vdelivery/Datasets/Staged/Elevation/LPC/Projects/ID_SouthernID_2018_D19/ID_SouthernID_21_2018/LAZ/USGS_LPC_ID_SouthernID_2018_D19_11TNH280730.laz
US-Rws,ID_SouthernID_2018_D19,11TNH280745,USGS Lidar Point Cloud ID_SouthernID_2018_D19 11TNH280745,LAZ,2019-10-05,2020-08-01,2024-01-30,98408573,-116.6557912517,43.1226605063,-116.6372721659,43.1362244549,65bd6d9dd34e18c6baf32a07,https://www.sciencebase.gov/catalog/item/65bd6d9dd34e18c6baf32a07,https://rockyweb.usgs.gov/vdelivery/Datasets/Staged/Elevation/LPC/Projects/ID_SouthernID_2018_D19/ID_SouthernID_21_2018/LAZ/USGS_LPC_ID_SouthernID_2018_D19_11TNH280745.laz
US-Rws,ID_SouthernID_2018_D19,11TNH280760,USGS Lidar Point Cloud ID_SouthernID_2018_D19 11TNH280760,LAZ,2019-10-05,2020-08-01,2024-01-30,96978167,-116.655715502,43.1361675645,-116.6371923033,43.1497315077,65bd77cdd34e18c6baf33561,https://www.sciencebase.gov/catalog/item/65bd77cdd34e18c6baf33561,https://rockyweb.usgs.gov/vdelivery/Datasets/Staged/Elevation/LPC/Projects/ID_SouthernID_2018_D19/ID_SouthernID_21_2018/LAZ/USGS_LPC_ID_SouthernID_2018_D19_11TNH280760.laz
US-Rws,ID_SouthernID_2018_D19,11TNH280775,USGS Lidar Point Cloud ID_SouthernID_2018_D19 11TNH280775,LAZ,2019-10-05,2020-08-01,2024-01-30,105791650,-116.6556396999,43.1496745906,-116.6371123854,43.1632385284,65bd7145d34e18c6baf32e2a,https://www.sciencebase.gov/catalog/item/65bd7145d34e18c6baf32e2a,https://rockyweb.usgs.gov/vdelivery/Datasets/Staged/Elevation/LPC/Projects/ID_SouthernID_2018_D19/ID_SouthernID_21_2018/LAZ/USGS_LPC_ID_SouthernID_2018_D19_11TNH280775.laz
US-Rws,ID_SouthernID_2018_D19,11TNH280790,USGS Lidar Point Cloud ID_SouthernID_2018_D19 11TNH280790,LAZ,2019-10-05,2020-08-01,2024-01-30,152531547,-116.6555638453,43.1631815846,-116.6370324122,43.176745517,65bd759dd34e18c6baf332ee,https://www.sciencebase.gov/catalog/item/65bd759dd34e18c6baf332ee,https://rockyweb.usgs.gov/vdelivery/Datasets/Staged/Elevation/LPC/Projects/ID_SouthernID_2018_D19/ID_SouthernID_21_2018/LAZ/USGS_LPC_ID_SouthernID_2018_D19_11TNH280790.laz
US-Rws,ID_SouthernID_2018_D19,11TNH280805,USGS Lidar Point Cloud ID_SouthernID_2018_D19 11TNH280805,LAZ,2019-10-05,2020-08-01,2024-01-30,108789196,-116.6554879382,43.1766885464,-116.6369523836,43.1902524735,65bd7acfd34e18c6baf338c6,https://www.sciencebase.gov/catalog/item/65bd7acfd34e18c6baf338c6,https://rockyweb.usgs.gov/vdelivery/Datasets/Staged/Elevation/LPC/Projects/ID_SouthernID_2018_D19/ID_SouthernID_21_2018/LAZ/USGS_LPC_ID_SouthernID_2018_D19_11TNH280805.laz
US-Rws,ID_SouthernID_2018_D19,11TNH280820,USGS Lidar Point Cloud ID_SouthernID_2018_D19 11TNH280820,LAZ,2019-10-05,2020-08-01,2023-10-03,41302377,-116.655353171,43.2006460357,-116.6368722996,43.2037593979,651e1245d34e44db0e2d997f,https://www.sciencebase.gov/catalog/item/651e1245d34e44db0e2d997f,https://rockyweb.usgs.gov/vdelivery/Datasets/Staged/Elevation/LPC/Projects/ID_SouthernID_2018_D19/ID_SouthernID_5_2018/LAZ/USGS_LPC_ID_SouthernID_2018_D19_11TNH280820.laz
US-Rws,ID_SouthernID_2018_D19,11TNH280820,USGS Lidar Point Cloud ID_SouthernID_2018_D19 11TNH280820,LAZ,2019-10-05,2020-08-01,2024-01-30,103971860,-116.6554119786,43.1901954761,-116.6368722996,43.2037593979,65bd7475d34e18c6baf331a6,https://www.sciencebase.gov/catalog/item/65bd7475d34e18c6baf331a6,https://rockyweb.usgs.gov/vdelivery/Datasets/Staged/Elevation/LPC/Projects/ID_SouthernID_2018_D19/ID_SouthernID_21_2018/LAZ/USGS_LPC_ID_SouthernID_2018_D19_11TNH280820.laz
US-Rws,ID_SouthernID_2018_D19,11TNH280835,USGS Lidar Point Cloud ID_SouthernID_2018_D19 11TNH280835,LAZ,2019-10-05,2020-08-01,2023-10-03,418032301,-116.6553359663,43.2037023737,-116.6367921602,43.2172662902,651e1216d34e44db0e2d98c9,https://www.sciencebase.gov/catalog/item/651e1216d34e44db0e2d98c9,https://rockyweb.usgs.gov/vdelivery/Datasets/Staged/Elevation/LPC/Projects/ID_SouthernID_2018_D19/ID_SouthernID_5_2018/LAZ/USGS_LPC_ID_SouthernID_2018_D19_11TNH280835.laz
US-xMB,UT_COUTAML_D24,12SXH370330,USGS Lidar Point Cloud UT_COUTAML_D24 12SXH370330,LAZ,2024-09-12,2024-10-16,2026-05-15,567034,-109.4317123049,38.243276423,-109.4230181263,38.2435429977,6a164b81b66b0181c71334d0,https://www.sciencebase.gov/catalog/item/6a164b81b66b0181c71334d0,https://rockyweb.usgs.gov/vdelivery/Datasets/Staged/Elevation/LPC/Projects/UT_COUTAML_D24/UT_COUTAML_1_D24/LAZ/USGS_LPC_UT_COUTAML_D24_12SXH370330.laz
US-xMB,UT_COUTAML_D24,12SXH370340,USGS Lidar Point Cloud UT_COUTAML_D24 12SXH370340,LAZ,2024-09-12,2024-10-16,2026-05-15,57496352,-109.4317090775,38.2434266048,-109.4228234108,38.2525521313,6a164e00b66b0181c713415a,https://www.sciencebase.gov/catalog/item/6a164e00b66b0181c713415a,https://rockyweb.usgs.gov/vdelivery/Datasets/Staged/Elevation/LPC/Projects/UT_COUTAML_D24/UT_COUTAML_1_D24/LAZ/USGS_LPC_UT_COUTAML_D24_12SXH370340.laz
US-xMB,UT_COUTAML_D24,12SXH370350,USGS Lidar Point Cloud UT_COUTAML_D24 12SXH370350,LAZ,2024-09-12,2024-10-16,2026-05-15,62615490,-109.4315154341,38.2524357009,-109.4226286083,38.2615612501,6a164967b66b0181c7132a74,https://www.sciencebase.gov/catalog/item/6a164967b66b0181c7132a74,https://rockyweb.usgs.gov/vdelivery/Datasets/Staged/Elevation/LPC/Projects/UT_COUTAML_D24/UT_COUTAML_1_D24/LAZ/USGS_LPC_UT_COUTAML_D24_12SXH370350.laz
US-xMB,UT_COUTAML_D24,12SXH370360,USGS Lidar Point Cloud UT_COUTAML_D24 12SXH370360,LAZ,2024-09-12,2024-10-16,2026-05-15,122658743,-109.4313217041,38.2614447823,-109.4224337189,38.2705703543,6a16465bb66b0181c7131b9c,https://www.sciencebase.gov/catalog/item/6a16465bb66b0181c7131b9c,https://rockyweb.usgs.gov/vdelivery/Datasets/Staged/Elevation/LPC/Projects/UT_COUTAML_D24/UT_COUTAML_1_D24/LAZ/USGS_LPC_UT_COUTAML_D24_12SXH370360.laz
US-xMB,UT_COUTAML_D24,12SXH370370,USGS Lidar Point Cloud UT_COUTAML_D24 12SXH370370,LAZ,2024-09-12,2024-10-16,2026-05-15,154694457,-109.4311278877,38.2704538491,-109.4222387425,38.2795794438,6a1644d2b66b0181c713156a,https://www.sciencebase.gov/catalog/item/6a1644d2b66b0181c713156a,https://rockyweb.usgs.gov/vdelivery/Datasets/Staged/Elevation/LPC/Projects/UT_COUTAML_D24/UT_COUTAML_1_D24/LAZ/USGS_LPC_UT_COUTAML_D24_12SXH370370.laz
US-xMB,UT_COUTAML_D24,12SXH370380,USGS Lidar Point Cloud UT_COUTAML_D24 12SXH370380,LAZ,2024-09-12,2024-10-16,2026-05-15,158418778,-109.4309339848,38.2794629011,-109.422043679,38.2885885185,6a164740b66b0181c7131fb0,https://www.sciencebase.gov/catalog/item/6a164740b66b0181c7131fb0,https://rockyweb.usgs.gov/vdelivery/Datasets/Staged/Elevation/LPC/Projects/UT_COUTAML_D24/UT_COUTAML_1_D24/LAZ/USGS_LPC_UT_COUTAML_D24_12SXH370380.laz
US-xMB,UT_COUTAML_D24,12SXH370390,USGS Lidar Point Cloud UT_COUTAML_D24 12SXH370390,LAZ,2024-09-12,2024-10-16,2026-05-15,143517233,-109.4307403382,38.2884719383,-109.4218485285,38.2975975832,6a1645f4b66b0181c71319cc,https://www.sciencebase.gov/catalog/item/6a1645f4b66b0181c71319cc,https://rockyweb.usgs.gov/vdelivery/Datasets/Staged/Elevation/LPC/Projects/UT_COUTAML_D24/UT_COUTAML_1_D24/LAZ/USGS_LPC_UT_COUTAML_D24_12SXH370390.laz
US-xMB,UT_COUTAML_D24,12SXH380330,USGS Lidar Point Cloud UT_COUTAML_D24 12SXH380330,LAZ,2024-09-12,2024-10-16,2026-05-15,138903,-109.4230193066,38.2432884699,-109.4172151609,38.2434265132,6a164e06b66b0181c7134172,https://www.sciencebase.gov/catalog/item/6a164e06b66b0181c7134172,https://rockyweb.usgs.gov/vdelivery/Datasets/Staged/Elevation/LPC/Projects/UT_COUTAML_D24/UT_COUTAML_1_D24/LAZ/USGS_LPC_UT_COUTAML_D24_12SXH380330.laz
US-xMB,UT_COUTAML_D24,12SXH380340,USGS Lidar Point Cloud UT_COUTAML_D24 12SXH380340,LAZ,2024-09-12,2024-10-16,2026-05-15,203758170,-109.4230180101,38.2432725205,-109.4113986382,38.2524356093,6a1643a4b66b0181c713114a,https://www.sciencebase.gov/catalog/item/6a1643a4b66b0181c713114a,https://rockyweb.usgs.gov/vdelivery/Datasets/Staged/Elevation/LPC/Projects/UT_COUTAML_D24/UT_COUTAML_1_D24/LAZ/USGS_LPC_UT_COUTAML_D24_12SXH380340.laz
US-xMB,UT_COUTAML_D24,12SXH380350,USGS Lidar Point Cloud UT_COUTAML_D24 12SXH380350,LAZ,2024-09-12,2024-10-16,2026-05-15,245677832,-109.4228232946,38.2522815671,-109.4112024261,38.2614446907,6a164d3eb66b0181c7133d40,https://www.sciencebase.gov/catalog/item/6a164d3eb66b0181c7133d40,https://rockyweb.usgs.gov/vdelivery/Datasets/Staged/Elevation/LPC/Projects/UT_COUTAML_D24/UT_COUTAML_1_D24/LAZ/USGS_LPC_UT_COUTAML_D24_12SXH380350.laz
US-xMB,UT_COUTAML_D24,12SXH380360,USGS Lidar Point Cloud UT_COUTAML_D24 12SXH380360,LAZ,2024-09-12,2024-10-16,2026-05-15,323051114,-109.4226284921,38.2612905989,-109.4110061264,38.2704537574,6a16467eb66b0181c7131c4c,https://www.sciencebase.gov/catalog/item/6a16467eb66b0181c7131c4c,https://rockyweb.usgs.gov/vdelivery/Datasets/Staged/Elevation/LPC/Projects/UT_COUTAML_D24/UT_COUTAML_1_D24/LAZ/USGS_LPC_UT_COUTAML_D24_12SXH380360.laz
US-xMB,UT_COUTAML_D24,12SXH380370,USGS Lidar Point Cloud UT_COUTAML_D24 12SXH380370,LAZ,2024-09-12,2024-10-16,2026-05-15,184461079,-109.4224336027,38.2702996161,-109.410809739,38.2794628094,6a164eb2b66b0181c7134400,https://www.sciencebase.gov/catalog/item/6a164eb2b66b0181c7134400,https://rockyweb.usgs.gov/vdelivery/Datasets/Staged/Elevation/LPC/Projects/UT_COUTAML_D24/UT_COUTAML_1_D24/LAZ/USGS_LPC_UT_COUTAML_D24_12SXH380370.laz
US-xMB,UT_COUTAML_D24,12SXH380380,USGS Lidar Point Cloud UT_COUTAML_D24 12SXH380380,LAZ,2024-09-12,2024-10-16,2026-05-15,207080652,-109.4222386263,38.2793086185,-109.410613264,38.2884718467,6a164a60b66b0181c7132efa,https://www.sciencebase.gov/catalog/item/6a164a60b66b0181c7132efa,https://rockyweb.usgs.gov/vdelivery/Datasets/Staged/Elevation/LPC/Projects/UT_COUTAML_D24/UT_COUTAML_1_D24/LAZ/USGS_LPC_UT_COUTAML_D24_12SXH380380.laz
US-xMB,UT_COUTAML_D24,12SXH380390,USGS Lidar Point Cloud UT_COUTAML_D24 12SXH380390,LAZ,2024-09-12,2024-10-16,2026-05-15,187347010,-109.4220435628,38.2883176062,-109.4104167013,38.2974808693,6a164efeb66b0181c713459e,https://www.sciencebase.gov/catalog/item/6a164efeb66b0181c713459e,https://rockyweb.usgs.gov/vdelivery/Datasets/Staged/Elevation/LPC/Projects/UT_COUTAML_D24/UT_COUTAML_1_D24/LAZ/USGS_LPC_UT_COUTAML_D24_12SXH380390.laz
US-xMB,UT_COUTAML_D24,12SXH390340,USGS Lidar Point Cloud UT_COUTAML_D24 12SXH390340,LAZ,2024-09-12,2024-10-16,2026-05-15,326760243,-109.4115933779,38.243175613,-109.3999739532,38.2522814754,6a164a84b66b0181c7132fac,https://www.sciencebase.gov/catalog/item/6a164a84b66b0181c7132fac,https://rockyweb.usgs.gov/vdelivery/Datasets/Staged/Elevation/LPC/Projects/UT_COUTAML_D24/UT_COUTAML_1_D24/LAZ/USGS_LPC_UT_COUTAML_D24_12SXH390340.laz
US-xMB,UT_COUTAML_D24,12SXH390350,USGS Lidar Point Cloud UT_COUTAML_D24 12SXH390350,LAZ,2024-09-12,2024-10-16,2026-05-15,336647499,-109.411398522,38.2521263215,-109.3997763314,38.2612905073,6a16490cb66b0181c71328b8,https://www.sciencebase.gov/catalog/item/6a16490cb66b0181c71328b8,https://rockyweb.usgs.gov/vdelivery/Datasets/Staged/Elevation/LPC/Projects/UT_COUTAML_D24/UT_COUTAML_1_D24/LAZ/USGS_LPC_UT_COUTAML_D24_12SXH390350.laz
US-xMB,UT_COUTAML_D24,12SXH390360,USGS Lidar Point Cloud UT_COUTAML_D24 12SXH390360,LAZ,2024-09-12,2024-10-16,2026-05-15,393275723,-109.4112023099,38.2611353035,-109.3995786215,38.2702995245,6a164ec2b66b0181c7134452,https://www.sciencebase.gov/catalog/item/6a164ec2b66b0181c7134452,https://rockyweb.usgs.gov/vdelivery/Datasets/Staged/Elevation/LPC/Projects/UT_COUTAML_D24/UT_COUTAML_1_D24/LAZ/USGS_LPC_UT_COUTAML_D24_12SXH390360.laz
US-xMB,UT_COUTAML_D24,12SXH390370,USGS Lidar Point Cloud UT_COUTAML_D24 12SXH390370,LAZ,2024-09-12,2024-10-16,2026-05-15,181386060,-109.4110060101,38.2701442707,-109.3993808233,38.2793085269,6a16449cb66b0181c71314c6,https://www.sciencebase.gov/catalog/item/6a16449cb66b0181c71314c6,https://rockyweb.usgs.gov/vdelivery/Datasets/Staged/Elevation/LPC/Projects/UT_COUTAML_D24/UT_COUTAML_1_D24/LAZ/USGS_LPC_UT_COUTAML_D24_12SXH390370.laz
US-xMB,UT_COUTAML_D24,12SXH390380,USGS Lidar Point Cloud UT_COUTAML_D24 12SXH390380,LAZ,2024-09-12,2024-10-16,2026-05-15,188219864,-109.4108096228,38.2791532233,-109.3991829367,38.2883175146,6a164363b66b0181c713100e,https://www.sciencebase.gov/catalog/item/6a164363b66b0181c713100e,https://rockyweb.usgs.gov/vdelivery/Datasets/Staged/Elevation/LPC/Projects/UT_COUTAML_D24/UT_COUTAML_1_D24/LAZ/USGS_LPC_UT_COUTAML_D24_12SXH390380.laz
US-xMB,UT_COUTAML_D24,12SXH390390,USGS Lidar Point Cloud UT_COUTAML_D24 12SXH390390,LAZ,2024-09-12,2024-10-16,2026-05-15,174762574,-109.4106131477,38.288162161,-109.3989849618,38.2973264876,6a164a34b66b0181c7132e3a,https://www.sciencebase.gov/catalog/item/6a164a34b66b0181c7132e3a,https://rockyweb.usgs.gov/vdelivery/Datasets/Staged/Elevation/LPC/Projects/UT_COUTAML_D24/UT_COUTAML_1_D24/LAZ/USGS_LPC_UT_COUTAML_D24_12SXH390390.laz
US-xMB,UT_COUTAML_D24,12SXH400340,USGS Lidar Point Cloud UT_COUTAML_D24 12SXH400340,LAZ,2024-09-12,2024-10-16,2026-05-15,144778259,-109.4001674938,38.2431378636,-109.3885493563,38.2521262299,6a16450cb66b0181c7131694,https://www.sciencebase.gov/catalog/item/6a16450cb66b0181c7131694,https://rockyweb.usgs.gov/vdelivery/Datasets/Staged/Elevation/LPC/Projects/UT_COUTAML_D24/UT_COUTAML_1_D24/LAZ/USGS_LPC_UT_COUTAML_D24_12SXH400340.laz
US-xMB,UT_COUTAML_D24,12SXH400350,USGS Lidar Point Cloud UT_COUTAML_D24 12SXH400350,LAZ,2024-09-12,2024-10-16,2026-05-15,182558003,-109.399973837,38.2519699643,-109.388350325,38.2611352118,6a164d60b66b0181c7133df0,https://www.sciencebase.gov/catalog/item/6a164d60b66b0181c7133df0,https://rockyweb.usgs.gov/vdelivery/Datasets/Staged/Elevation/LPC/Projects/UT_COUTAML_D24/UT_COUTAML_1_D24/LAZ/USGS_LPC_UT_COUTAML_D24_12SXH400350.laz
US-xMB,UT_COUTAML_D24,12SXH400360,USGS Lidar Point Cloud UT_COUTAML_D24 12SXH400360,LAZ,2024-09-12,2024-10-16,2026-05-15,176052692,-109.3997762152,38.260978896,-109.3881512048,38.2701441791,6a1642bcb66b0181c7130d4e,https://www.sciencebase.gov/catalog/item/6a1642bcb66b0181c7130d4e,https://rockyweb.usgs.gov/vdelivery/Datasets/Staged/Elevation/LPC/Projects/UT_COUTAML_D24/UT_COUTAML_1_D24/LAZ/USGS_LPC_UT_COUTAML_D24_12SXH400360.laz
US-xMB,UT_COUTAML_D24,12SXH400370,USGS Lidar Point Cloud UT_COUTAML_D24 12SXH400370,LAZ,2024-09-12,2024-10-16,2026-05-15,209898961,-109.3995785052,38.269987813,-109.3879519958,38.2791531316,6a164865b66b0181c713256c,https://www.sciencebase.gov/catalog/item/6a164865b66b0181c713256c,https://rockyweb.usgs.gov/vdelivery/Datasets/Staged/Elevation/LPC/Projects/UT_COUTAML_D24/UT_COUTAML_1_D24/LAZ/USGS_LPC_UT_COUTAML_D24_12SXH400370.laz
US-xMB,UT_COUTAML_D24,12SXH400380,USGS Lidar Point Cloud UT_COUTAML_D24 12SXH400380,LAZ,2024-09-12,2024-10-16,2026-05-15,217082684,-109.399380707,38.2789967153,-109.3877526978,38.2881620694,6a16497eb66b0181c7132afe,https://www.sciencebase.gov/catalog/item/6a16497eb66b0181c7132afe,https://rockyweb.usgs.gov/vdelivery/Datasets/Staged/Elevation/LPC/Projects/UT_COUTAML_D24/UT_COUTAML_1_D24/LAZ/USGS_LPC_UT_COUTAML_D24_12SXH400380.laz
US-xMB,UT_COUTAML_D24,12SXH400390,USGS Lidar Point Cloud UT_COUTAML_D24 12SXH400390,LAZ,2024-09-12,2024-10-16,2026-05-15,187139941,-109.3991828204,38.2880056028,-109.3875533107,38.2971709924,6a164b4bb66b0181c713338a,https://www.sciencebase.gov/catalog/item/6a164b4bb66b0181c713338a,https://rockyweb.usgs.gov/vdelivery/Datasets/Staged/Elevation/LPC/Projects/UT_COUTAML_D24/UT_COUTAML_1_D24/LAZ/USGS_LPC_UT_COUTAML_D24_12SXH400390.laz
US-xMB,UT_COUTAML_D24,12SXH410340,USGS Lidar Point Cloud UT_COUTAML_D24 12SXH410340,LAZ,2024-09-12,2024-10-16,2026-05-15,130432422,-109.3887416587,38.2430990916,-109.3771248483,38.2519698727,6a1643bab66b0181c71311be,https://www.sciencebase.gov/catalog/item/6a1643bab66b0181c71311be,https://rockyweb.usgs.gov/vdelivery/Datasets/Staged/Elevation/LPC/Projects/UT_COUTAML_D24/UT_COUTAML_1_D24/LAZ/USGS_LPC_UT_COUTAML_D24_12SXH410340.laz
US-xMB,UT_COUTAML_D24,12SXH410350,USGS Lidar Point Cloud UT_COUTAML_D24 12SXH410350,LAZ,2024-09-12,2024-10-16,2026-05-15,153477199,-109.3885492401,38.2518124955,-109.3769244075,38.2609788044,6a164bf0b66b0181c71336e8,https://www.sciencebase.gov/catalog/item/6a164bf0b66b0181c71336e8,https://rockyweb.usgs.gov/vdelivery/Datasets/Staged/Elevation/LPC/Projects/UT_COUTAML_D24/UT_COUTAML_1_D24/LAZ/USGS_LPC_UT_COUTAML_D24_12SXH410350.laz
US-xMB,UT_COUTAML_D24,12SXH410360,USGS Lidar Point Cloud UT_COUTAML_D24 12SXH410360,LAZ,2024-09-12,2024-10-16,2026-05-15,153704684,-109.3883502088,38.2608213766,-109.3767238771,38.2699877214,6a164b5cb66b0181c71333f8,https://www.sciencebase.gov/catalog/item/6a164b5cb66b0181c71333f8,https://rockyweb.usgs.gov/vdelivery/Datasets/Staged/Elevation/LPC/Projects/UT_COUTAML_D24/UT_COUTAML_1_D24/LAZ/USGS_LPC_UT_COUTAML_D24_12SXH410360.laz
US-xMB,UT_COUTAML_D24,12SXH410370,USGS Lidar Point Cloud UT_COUTAML_D24 12SXH410370,LAZ,2024-09-12,2024-10-16,2026-05-15,179195826,-109.3881510886,38.269830243,-109.3765232572,38.2789966236,6a164ac1b66b0181c71330b6,https://www.sciencebase.gov/catalog/item/6a164ac1b66b0181c71330b6,https://rockyweb.usgs.gov/vdelivery/Datasets/Staged/Elevation/LPC/Projects/UT_COUTAML_D24/UT_COUTAML_1_D24/LAZ/USGS_LPC_UT_COUTAML_D24_12SXH410370.laz
US-xMB,UT_COUTAML_D24,12SXH410380,USGS Lidar Point Cloud UT_COUTAML_D24 12SXH410380,LAZ,2024-09-12,2024-10-16,2026-05-15,203329303,-109.3879518795,38.2788390946,-109.3763225478,38.2880055111,6a164b99b66b0181c7133564,https://www.sciencebase.gov/catalog/item/6a164b99b66b0181c7133564,https://rockyweb.usgs.gov/vdelivery/Datasets/Staged/Elevation/LPC/Projects/UT_COUTAML_D24/UT_COUTAML_1_D24/LAZ/USGS_LPC_UT_COUTAML_D24_12SXH410380.laz
US-xMB,UT_COUTAML_D24,12SXH410390,USGS Lidar Point Cloud UT_COUTAML_D24 12SXH410390,LAZ,2024-09-12,2024-10-16,2026-05-15,180437677,-109.3877525815,38.2878479315,-109.3761217487,38.2970143839,6a164b36b66b0181c7133314,https://www.sciencebase.gov/catalog/item/6a164b36b66b0181c7133314,https://rockyweb.usgs.gov/vdelivery/Datasets/Staged/Elevation/LPC/Projects/UT_COUTAML_D24/UT_COUTAML_1_D24/LAZ/USGS_LPC_UT_COUTAML_D24_12SXH410390.laz
US-xMB,UT_COUTAML_D24,12SXH420340,USGS Lidar Point Cloud UT_COUTAML_D24 12SXH420340,LAZ,2024-09-12,2024-10-16,2026-05-15,81032988,-109.3773158773,38.243059117,-109.3657004297,38.2518124038,6a1644f6b66b0181c713162c,https://www.sciencebase.gov/catalog/item/6a1644f6b66b0181c713162c,https://rockyweb.usgs.gov/vdelivery/Datasets/Staged/Elevation/LPC/Projects/UT_COUTAML_D24/UT_COUTAML_1_D24/LAZ/USGS_LPC_UT_COUTAML_D24_12SXH420340.laz
US-xMB,UT_COUTAML_D24,12SXH420350,USGS Lidar Point Cloud UT_COUTAML_D24 12SXH420350,LAZ,2024-09-12,2024-10-16,2026-05-15,83472255,-109.3771247321,38.2516539151,-109.3654985794,38.260821285,6a16474db66b0181c7131ff0,https://www.sciencebase.gov/catalog/item/6a16474db66b0181c7131ff0,https://rockyweb.usgs.gov/vdelivery/Datasets/Staged/Elevation/LPC/Projects/UT_COUTAML_D24/UT_COUTAML_1_D24/LAZ/USGS_LPC_UT_COUTAML_D24_12SXH420350.laz
US-xMB,UT_COUTAML_D24,12SXH420360,USGS Lidar Point Cloud UT_COUTAML_D24 12SXH420360,LAZ,2024-09-12,2024-10-16,2026-05-15,87452405,-109.3769242912,38.2606627453,-109.3652966389,38.2698301513,6a164be7b66b0181c71336b2,https://www.sciencebase.gov/catalog/item/6a164be7b66b0181c71336b2,https://rockyweb.usgs.gov/vdelivery/Datasets/Staged/Elevation/LPC/Projects/UT_COUTAML_D24/UT_COUTAML_1_D24/LAZ/USGS_LPC_UT_COUTAML_D24_12SXH420360.laz
US-xMB,UT_COUTAML_D24,12SXH420370,USGS Lidar Point Cloud UT_COUTAML_D24 12SXH420370,LAZ,2024-09-12,2024-10-16,2026-05-15,91385627,-109.3767237608,38.2696715606,-109.3650946083,38.2788390029,6a164b65b66b0181c7133428,https://www.sciencebase.gov/catalog/item/6a164b65b66b0181c7133428,https://rockyweb.usgs.gov/vdelivery/Datasets/Staged/Elevation/LPC/Projects/UT_COUTAML_D24/UT_COUTAML_1_D24/LAZ/USGS_LPC_UT_COUTAML_D24_12SXH420370.laz
US-xMB,UT_COUTAML_D24,12SXH420380,USGS Lidar Point Cloud UT_COUTAML_D24 12SXH420380,LAZ,2024-09-12,2024-10-16,2026-05-15,85435342,-109.3765231409,38.2786803613,-109.3648924874,38.2878478398,6a1643f7b66b0181c71312e0,https://www.sciencebase.gov/catalog/item/6a1643f7b66b0181c71312e0,https://rockyweb.usgs.gov/vdelivery/Datasets/Staged/Elevation/LPC/Projects/UT_COUTAML_D24/UT_COUTAML_1_D24/LAZ/USGS_LPC_UT_COUTAML_D24_12SXH420380.laz
US-xMB,UT_COUTAML_D24,12SXH420390,USGS Lidar Point Cloud UT_COUTAML_D24 12SXH420390,LAZ,2024-09-12,2024-10-16,2026-05-15,77050323,-109.3763224315,38.2876891471,-109.3646902764,38.2968566619,6a164bedb66b0181c71336d6,https://www.sciencebase.gov/catalog/item/6a164bedb66b0181c71336d6,https://rockyweb.usgs.gov/vdelivery/Datasets/Staged/Elevation/LPC/Projects/UT_COUTAML_D24/UT_COUTAML_1_D24/LAZ/USGS_LPC_UT_COUTAML_D24_12SXH420390.laz
US-xMB,UT_COUTAML_D24,12SXH430340,USGS Lidar Point Cloud UT_COUTAML_D24 12SXH430340,LAZ,2024-09-12,2024-10-16,2026-05-15,90542484,-109.3658901502,38.2430179397,-109.3542761012,38.2516538234,6a16492ab66b0181c713293e,https://www.sciencebase.gov/catalog/item/6a16492ab66b0181c713293e,https://rockyweb.usgs.gov/vdelivery/Datasets/Staged/Elevation/LPC/Projects/UT_COUTAML_D24/UT_COUTAML_1_D24/LAZ/USGS_LPC_UT_COUTAML_D24_12SXH430340.laz
US-xMB,UT_COUTAML_D24,12SXH430350,USGS Lidar Point Cloud UT_COUTAML_D24 12SXH430350,LAZ,2024-09-12,2024-10-16,2026-05-15,100012650,-109.3657003135,38.2514942231,-109.3540728414,38.2606626536,6a164ea2b66b0181c713439a,https://www.sciencebase.gov/catalog/item/6a164ea2b66b0181c713439a,https://rockyweb.usgs.gov/vdelivery/Datasets/Staged/Elevation/LPC/Projects/UT_COUTAML_D24/UT_COUTAML_1_D24/LAZ/USGS_LPC_UT_COUTAML_D24_12SXH430350.laz
US-xMB,UT_COUTAML_D24,12SXH430360,USGS Lidar Point Cloud UT_COUTAML_D24 12SXH430360,LAZ,2024-09-12,2024-10-16,2026-05-15,93492030,-109.3654984631,38.260503002,-109.3538694909,38.269671469,6a164f38b66b0181c71346d4,https://www.sciencebase.gov/catalog/item/6a164f38b66b0181c71346d4,https://rockyweb.usgs.gov/vdelivery/Datasets/Staged/Elevation/LPC/Projects/UT_COUTAML_D24/UT_COUTAML_1_D24/LAZ/USGS_LPC_UT_COUTAML_D24_12SXH430360.laz
US-xMB,UT_COUTAML_D24,12SXH430370,USGS Lidar Point Cloud UT_COUTAML_D24 12SXH430370,LAZ,2024-09-12,2024-10-16,2026-05-15,98789313,-109.3652965226,38.269511766,-109.3536660495,38.2786802696,6a164d79b66b0181c7133e84,https://www.sciencebase.gov/catalog/item/6a164d79b66b0181c7133e84,https://rockyweb.usgs.gov/vdelivery/Datasets/Staged/Elevation/LPC/Projects/UT_COUTAML_D24/UT_COUTAML_1_D24/LAZ/USGS_LPC_UT_COUTAML_D24_12SXH430370.laz
US-xMB,UT_COUTAML_D24,12SXH430380,USGS Lidar Point Cloud UT_COUTAML_D24 12SXH430380,LAZ,2024-09-12,2024-10-16,2026-05-15,95299218,-109.365094492,38.2785205153,-109.3534625173,38.2876890554,6a16502fb66b0181c713470c,https://www.sciencebase.gov/catalog/item/6a16502fb66b0181c713470c,https://rockyweb.usgs.gov/vdelivery/Datasets/Staged/Elevation/LPC/Projects/UT_COUTAML_D24/UT_COUTAML_1_D24/LAZ/USGS_LPC_UT_COUTAML_D24_12SXH430380.laz
US-xMB,UT_COUTAML_D24,12SXH430390,USGS Lidar Point Cloud UT_COUTAML_D24 12SXH430390,LAZ,2024-09-12,2024-10-16,2026-05-15,84227665,-109.3648923711,38.2875292498,-109.3532588943,38.2966978265,6a164928b66b0181c7132934,https://www.sciencebase.gov/catalog/item/6a164928b66b0181c7132934,https://rockyweb.usgs.gov/vdelivery/Datasets/Staged/Elevation/LPC/Projects/UT_COUTAML_D24/UT_COUTAML_1_D24/LAZ/USGS_LPC_UT_COUTAML_D24_12SXH430390.laz
US-xMB,UT_COUTAML_D24,12SXH440340,USGS Lidar Point Cloud UT_COUTAML_D24 12SXH440340,LAZ,2024-09-12,2024-10-16,2026-05-15,86803779,-109.3544644802,38.2429754697,-109.3428518634,38.2514941314,6a1645e6b66b0181c7131992,https://www.sciencebase.gov/catalog/item/6a1645e6b66b0181c7131992,https://rockyweb.usgs.gov/vdelivery/Datasets/Staged/Elevation/LPC/Projects/UT_COUTAML_D24/UT_COUTAML_1_D24/LAZ/USGS_LPC_UT_COUTAML_D24_12SXH440340.laz
US-xMB,UT_COUTAML_D24,12SXH440350,USGS Lidar Point Cloud UT_COUTAML_D24 12SXH440350,LAZ,2024-09-12,2024-10-16,2026-05-15,110517617,-109.354275985,38.2513334196,-109.3426471942,38.2605029103,6a164a7eb66b0181c7132f90,https://www.sciencebase.gov/catalog/item/6a164a7eb66b0181c7132f90,https://rockyweb.usgs.gov/vdelivery/Datasets/Staged/Elevation/LPC/Projects/UT_COUTAML_D24/UT_COUTAML_1_D24/LAZ/USGS_LPC_UT_COUTAML_D24_12SXH440350.laz
US-xMB,UT_COUTAML_D24,12SXH440360,USGS Lidar Point Cloud UT_COUTAML_D24 12SXH440360,LAZ,2024-09-12,2024-10-16,2026-05-15,115371671,-109.3540727251,38.2603421468,-109.3424424336,38.2695116743,6a164976b66b0181c7132ac6,https://www.sciencebase.gov/catalog/item/6a164976b66b0181c7132ac6,https://rockyweb.usgs.gov/vdelivery/Datasets/Staged/Elevation/LPC/Projects/UT_COUTAML_D24/UT_COUTAML_1_D24/LAZ/USGS_LPC_UT_COUTAML_D24_12SXH440360.laz
US-xMB,UT_COUTAML_D24,12SXH440370,USGS Lidar Point Cloud UT_COUTAML_D24 12SXH440370,LAZ,2024-09-12,2024-10-16,2026-05-15,110762494,-109.3538693746,38.2693508591,-109.3422375816,38.2785204236,6a1647d2b66b0181c7132282,https://www.sciencebase.gov/catalog/item/6a1647d2b66b0181c7132282,https://rockyweb.usgs.gov/vdelivery/Datasets/Staged/Elevation/LPC/Projects/UT_COUTAML_D24/UT_COUTAML_1_D24/LAZ/USGS_LPC_UT_COUTAML_D24_12SXH440370.laz
US-xMB,UT_COUTAML_D24,12SXH440380,USGS Lidar Point Cloud UT_COUTAML_D24 12SXH440380,LAZ,2024-09-12,2024-10-16,2026-05-15,93462246,-109.3536659332,38.2783595567,-109.3420326381,38.2875291581,6a164d66b66b0181c7133e1c,https://www.sciencebase.gov/catalog/item/6a164d66b66b0181c7133e1c,https://rockyweb.usgs.gov/vdelivery/Datasets/Staged/Elevation/LPC/Projects/UT_COUTAML_D24/UT_COUTAML_1_D24/LAZ/USGS_LPC_UT_COUTAML_D24_12SXH440380.laz
US-xMB,UT_COUTAML_D24,12SXH440390,USGS Lidar Point Cloud UT_COUTAML_D24 12SXH440390,LAZ,2024-09-12,2024-10-16,2026-05-15,102295636,-109.353462401,38.2873682395,-109.3418276031,38.2965378778,6a164cc0b66b0181c7133ab4,https://www.sciencebase.gov/catalog/item/6a164cc0b66b0181c7133ab4,https://rockyweb.usgs.gov/vdelivery/Datasets/Staged/Elevation/LPC/Projects/UT_COUTAML_D24/UT_COUTAML_1_D24/LAZ/USGS_LPC_UT_COUTAML_D24_12SXH440390.laz
US-xMB,UT_COUTAML_D24,12SXH450340,USGS Lidar Point Cloud UT_COUTAML_D24 12SXH450340,LAZ,2024-09-12,2024-10-16,2026-05-15,89518136,-109.3430388536,38.2429323375,-109.331427717,38.2513333279,6a164a1db66b0181c7132dd2,https://www.sciencebase.gov/catalog/item/6a164a1db66b0181c7132dd2,https://rockyweb.usgs.gov/vdelivery/Datasets/Staged/Elevation/LPC/Projects/UT_COUTAML_D24/UT_COUTAML_1_D24/LAZ/USGS_LPC_UT_COUTAML_D24_12SXH450340.laz
US-xMB,UT_COUTAML_D24,12SXH450350,USGS Lidar Point Cloud UT_COUTAML_D24 12SXH450350,LAZ,2024-09-12,2024-10-16,2026-05-15,107459916,-109.3428517472,38.2511715046,-109.3312216384,38.2603420551,6a164644b66b0181c7131b28,https://www.sciencebase.gov/catalog/item/6a164644b66b0181c7131b28,https://rockyweb.usgs.gov/vdelivery/Datasets/Staged/Elevation/LPC/Projects/UT_COUTAML_D24/UT_COUTAML_1_D24/LAZ/USGS_LPC_UT_COUTAML_D24_12SXH450350.laz
US-xMB,UT_COUTAML_D24,12SXH450360,USGS Lidar Point Cloud UT_COUTAML_D24 12SXH450360,LAZ,2024-09-12,2024-10-16,2026-05-15,97565853,-109.3426470779,38.2601801797,-109.3310154678,38.2693507674,6a164f35b66b0181c71346be,https://www.sciencebase.gov/catalog/item/6a164f35b66b0181c71346be,https://rockyweb.usgs.gov/vdelivery/Datasets/Staged/Elevation/LPC/Projects/UT_COUTAML_D24/UT_COUTAML_1_D24/LAZ/USGS_LPC_UT_COUTAML_D24_12SXH450360.laz
US-xMB,UT_COUTAML_D24,12SXH450370,USGS Lidar Point Cloud UT_COUTAML_D24 12SXH450370,LAZ,2024-09-12,2024-10-16,2026-05-15,84803062,-109.3424423173,38.26918884,-109.3308092051,38.278359465,6a164930b66b0181c7132956,https://www.sciencebase.gov/catalog/item/6a164930b66b0181c7132956,https://rockyweb.usgs.gov/vdelivery/Datasets/Staged/Elevation/LPC/Projects/UT_COUTAML_D24/UT_COUTAML_1_D24/LAZ/USGS_LPC_UT_COUTAML_D24_12SXH450370.laz
US-xMB,UT_COUTAML_D24,12SXH450380,USGS Lidar Point Cloud UT_COUTAML_D24 12SXH450380,LAZ,2024-09-12,2024-10-16,2026-05-15,86996280,-109.3422374653,38.2781974855,-109.3306028504,38.2873681478,6a164b47b66b0181c7133370,https://www.sciencebase.gov/catalog/item/6a164b47b66b0181c7133370,https://rockyweb.usgs.gov/vdelivery/Datasets/Staged/Elevation/LPC/Projects/UT_COUTAML_D24/UT_COUTAML_1_D24/LAZ/USGS_LPC_UT_COUTAML_D24_12SXH450380.laz
US-xMB,UT_COUTAML_D24,12SXH450390,USGS Lidar Point Cloud UT_COUTAML_D24 12SXH450390,LAZ,2024-09-12,2024-10-16,2026-05-15,91450214,-109.3420325218,38.2872061162,-109.3303964035,38.2963768157,6a164b5eb66b0181c7133404,https://www.sciencebase.gov/catalog/item/6a164b5eb66b0181c7133404,https://rockyweb.usgs.gov/vdelivery/Datasets/Staged/Elevation/LPC/Projects/UT_COUTAML_D24/UT_COUTAML_1_D24/LAZ/USGS_LPC_UT_COUTAML_D24_12SXH450390.laz
US-xMB,UT_COUTAML_D24,12SXH460320,USGS Lidar Point Cloud UT_COUTAML_D24 12SXH460320,LAZ,2024-09-12,2024-10-16,2026-05-15,95593999,-109.3312502309,38.2251070737,-109.3204183606,38.2331430771,6a164deab66b0181c71340e0,https://www.sciencebase.gov/catalog/item/6a164deab66b0181c71340e0,https://rockyweb.usgs.gov/vdelivery/Datasets/Staged/Elevation/LPC/Projects/UT_COUTAML_D24/UT_COUTAML_1_D24/LAZ/USGS_LPC_UT_COUTAML_D24_12SXH460320.laz
US-xMB,UT_COUTAML_D24,12SXH460330,USGS Lidar Point Cloud UT_COUTAML_D24 12SXH460330,LAZ,2024-09-12,2024-10-16,2026-05-15,144848415,-109.3310700304,38.2329911882,-109.3202110578,38.2421517783,6a164722b66b0181c7131f28,https://www.sciencebase.gov/catalog/item/6a164722b66b0181c7131f28,https://rockyweb.usgs.gov/vdelivery/Datasets/Staged/Elevation/LPC/Projects/UT_COUTAML_D24/UT_COUTAML_1_D24/LAZ/USGS_LPC_UT_COUTAML_D24_12SXH460330.laz
US-xMB,UT_COUTAML_D24,12SXH460340,USGS Lidar Point Cloud UT_COUTAML_D24 12SXH460340,LAZ,2024-09-12,2024-10-16,2026-05-15,186727594,-109.3316335873,38.2419998405,-109.3200036625,38.2511714129,6a164a80b66b0181c7132f96,https://www.sciencebase.gov/catalog/item/6a164a80b66b0181c7132f96,https://rockyweb.usgs.gov/vdelivery/Datasets/Staged/Elevation/LPC/Projects/UT_COUTAML_D24/UT_COUTAML_1_D24/LAZ/USGS_LPC_UT_COUTAML_D24_12SXH460340.laz
US-xMB,UT_COUTAML_D24,12SXH460350,USGS Lidar Point Cloud UT_COUTAML_D24 12SXH460350,LAZ,2024-09-12,2024-10-16,2026-05-15,193105822,-109.3314276007,38.2510084781,-109.3197961745,38.260180088,6a16482eb66b0181c7132444,https://www.sciencebase.gov/catalog/item/6a16482eb66b0181c7132444,https://rockyweb.usgs.gov/vdelivery/Datasets/Staged/Elevation/LPC/Projects/UT_COUTAML_D24/UT_COUTAML_1_D24/LAZ/USGS_LPC_UT_COUTAML_D24_12SXH460350.laz
US-xMB,UT_COUTAML_D24,12SXH460360,USGS Lidar Point Cloud UT_COUTAML_D24 12SXH460360,LAZ,2024-09-12,2024-10-16,2026-05-15,160783966,-109.3312215221,38.2600171008,-109.319588594,38.2691887483,6a1643e1b66b0181c7131288,https://www.sciencebase.gov/catalog/item/6a1643e1b66b0181c7131288,https://rockyweb.usgs.gov/vdelivery/Datasets/Staged/Elevation/LPC/Projects/UT_COUTAML_D24/UT_COUTAML_1_D24/LAZ/USGS_LPC_UT_COUTAML_D24_12SXH460360.laz
US-xMB,UT_COUTAML_D24,12SXH460370,USGS Lidar Point Cloud UT_COUTAML_D24 12SXH460370,LAZ,2024-09-12,2024-10-16,2026-05-15,159662431,-109.3310153514,38.2690257087,-109.3193809207,38.2781973938,6a164b29b66b0181c71332c0,https://www.sciencebase.gov/catalog/item/6a164b29b66b0181c71332c0,https://rockyweb.usgs.gov/vdelivery/Datasets/Staged/Elevation/LPC/Projects/UT_COUTAML_D24/UT_COUTAML_1_D24/LAZ/USGS_LPC_UT_COUTAML_D24_12SXH460370.laz
US-xMB,UT_COUTAML_D24,12SXH460380,USGS Lidar Point Cloud UT_COUTAML_D24 12SXH460380,LAZ,2024-09-12,2024-10-16,2026-05-15,150235474,-109.3308090888,38.2780343018,-109.3191731548,38.2872060245,6a164807b66b0181c713238a,https://www.sciencebase.gov/catalog/item/6a164807b66b0181c713238a,https://rockyweb.usgs.gov/vdelivery/Datasets/Staged/Elevation/LPC/Projects/UT_COUTAML_D24/UT_COUTAML_1_D24/LAZ/USGS_LPC_UT_COUTAML_D24_12SXH460380.laz
US-xMB,UT_COUTAML_D24,12SXH460390,USGS Lidar Point Cloud UT_COUTAML_D24 12SXH460390,LAZ,2024-09-12,2024-10-16,2026-05-15,193235273,-109.330602734,38.2870428801,-109.3189652961,38.2962146404,6a1649ddb66b0181c7132cc4,https://www.sciencebase.gov/catalog/item/6a1649ddb66b0181c7132cc4,https://rockyweb.usgs.gov/vdelivery/Datasets/Staged/Elevation/LPC/Projects/UT_COUTAML_D24/UT_COUTAML_1_D24/LAZ/USGS_LPC_UT_COUTAML_D24_12SXH460390.laz
US-xMB,UT_StatewideCenSouth_2020_A20,12SXH4029,USGS Lidar Point Cloud UT_StatewideCenSouth_2020_A20 12SXH4029,LAZ,2020-09-20,2020-10-10,2021-12-10,18803019,-109.39639716545723,38.1979160810771,-109.38954308881124,38.207016356519254,61b83dd5d34e9e224ac01619,https://www.sciencebase.gov/catalog/item/61b83dd5d34e9e224ac01619,https://rockyweb.usgs.gov/vdelivery/Datasets/Staged/Elevation/LPC/Projects/UT_StatewideCenSouth_2020_A20/UT_StatewideCenSouth_1_2020/LAZ/USGS_LPC_UT_StatewideCenSouth_2020_A20_12SXH4029.laz
US-xMB,UT_StatewideCenSouth_2020_A20,12SXH4030,USGS Lidar Point Cloud UT_StatewideCenSouth_2020_A20 12SXH4030,LAZ,2020-09-20,2020-10-10,2021-12-10,20495541,-109.3962109035324,38.20692510125866,-109.389344501135,38.216025547370535,61b83c60d34e9e224ac00957,https://www.sciencebase.gov/catalog/item/61b83c60d34e9e224ac00957,https://rockyweb.usgs.gov/vdelivery/Datasets/Staged/Elevation/LPC/Projects/UT_StatewideCenSouth_2020_A20/UT_StatewideCenSouth_1_2020/LAZ/USGS_LPC_UT_StatewideCenSouth_2020_A20_12SXH4030.laz
US-xMB,UT_StatewideCenSouth_2020_A20,12SXH4031,USGS Lidar Point Cloud UT_StatewideCenSouth_2020_A20 12SXH4031,LAZ,2020-09-20,2020-10-10,2021-12-10,19344617,-109.3960245565783,38.21593408868494,-109.38914582461459,38.225034732613324,61b83faed34e9e224ac03458,https://www.sciencebase.gov/catalog/item/61b83faed34e9e224ac03458,https://rockyweb.usgs.gov/vdelivery/Datasets/Staged/Elevation/LPC/Projects/UT_StatewideCenSouth_2020_A20/UT_StatewideCenSouth_1_2020/LAZ/USGS_LPC_UT_StatewideCenSouth_2020_A20_12SXH4031.laz
US-xMB,UT_StatewideCenSouth_2020_A20,12SXH4032,USGS Lidar Point Cloud UT_StatewideCenSouth_2020_A20 12SXH4032,LAZ,2020-09-20,2020-10-10,2021-12-10,17170128,-109.39583812336828,38.2249430974084,-109.38894705980368,38.234043885201594,61b83c62d34e9e224ac00959,https://www.sciencebase.gov/catalog/item/61b83c62d34e9e224ac00959,https://rockyweb.usgs.gov/vdelivery/Datasets/Staged/Elevation/LPC/Projects/UT_StatewideCenSouth_2020_A20/UT_StatewideCenSouth_1_2020/LAZ/USGS_LPC_UT_StatewideCenSouth_2020_A20_12SXH4032.laz
US-xMB,UT_StatewideCenSouth_2020_A20,12SXH4033,USGS Lidar Point Cloud UT_StatewideCenSouth_2020_A20 12SXH4033,LAZ,2020-09-20,2020-10-10,2021-12-10,17001573,-109.39565160544446,38.23395205535559,-109.3887482060636,38.2430530321589,61b841fcd34e9e224ac05d5f,https://www.sciencebase.gov/catalog/item/61b841fcd34e9e224ac05d5f,https://rockyweb.usgs.gov/vdelivery/Datasets/Staged/Elevation/LPC/Projects/UT_StatewideCenSouth_2020_A20/UT_StatewideCenSouth_1_2020/LAZ/USGS_LPC_UT_StatewideCenSouth_2020_A20_12SXH4033.laz
US-xMB,UT_StatewideCenSouth_2020_A20,12SXH4034,USGS Lidar Point Cloud UT_StatewideCenSouth_2020_A20 12SXH4034,LAZ,2020-09-20,2020-10-10,2021-12-10,16962454,-109.39546500157914,38.24296101657891,-109.3885492633515,38.252062173488945,61b83a38d34e9e224ac001e7,https://www.sciencebase.gov/catalog/item/61b83a38d34e9e224ac001e7,https://rockyweb.usgs.gov/vdelivery/Datasets/Staged/Elevation/LPC/Projects/UT_StatewideCenSouth_2020_A20/UT_StatewideCenSouth_1_2020/LAZ/USGS_LPC_UT_StatewideCenSouth_2020_A20_12SXH4034.laz
US-xMB,UT_StatewideCenSouth_2020_A20,12SXH4035,USGS Lidar Point Cloud UT_StatewideCenSouth_2020_A20 12SXH4035,LAZ,2020-09-20,2020-10-10,2021-12-10,19782899,-109.39527831173118,38.251969981076755,-109.3883502320227,38.2610712911769,61b842a9d34e9e224ac06ba7,https://www.sciencebase.gov/catalog/item/61b842a9d34e9e224ac06ba7,https://rockyweb.usgs.gov/vdelivery/Datasets/Staged/Elevation/LPC/Projects/UT_StatewideCenSouth_2020_A20/UT_StatewideCenSouth_1_2020/LAZ/USGS_LPC_UT_StatewideCenSouth_2020_A20_12SXH4035.laz
US-xMB,UT_StatewideCenSouth_2020_A20,12SXH4036,USGS Lidar Point Cloud UT_StatewideCenSouth_2020_A20 12SXH4036,LAZ,2020-09-20,2020-10-10,2021-12-10,18981154,-109.39509153645433,38.26097892182073,-109.38815111183567,38.27008039422176,61b842d2d34e9e224ac06ef6,https://www.sciencebase.gov/catalog/item/61b842d2d34e9e224ac06ef6,https://rockyweb.usgs.gov/vdelivery/Datasets/Staged/Elevation/LPC/Projects/UT_StatewideCenSouth_2020_A20/UT_StatewideCenSouth_1_2020/LAZ/USGS_LPC_UT_StatewideCenSouth_2020_A20_12SXH4036.laz
US-xMB,UT_StatewideCenSouth_2020_A20,12SXH4037,USGS Lidar Point Cloud UT_StatewideCenSouth_2020_A20 12SXH4037,LAZ,2020-09-20,2020-10-10,2021-12-10,21713670,-109.39490467590676,38.26998782980046,-109.38795190294704,38.27908947360652,61b843b5d34e9e224ac07eed,https://www.sciencebase.gov/catalog/item/61b843b5d34e9e224ac07eed,https://rockyweb.usgs.gov/vdelivery/Datasets/Staged/Elevation/LPC/Projects/UT_StatewideCenSouth_2020_A20/UT_StatewideCenSouth_1_2020/LAZ/USGS_LPC_UT_StatewideCenSouth_2020_A20_12SXH4037.laz
US-xMB,UT_StatewideCenSouth_2020_A20,12SXH4038,USGS Lidar Point Cloud UT_StatewideCenSouth_2020_A20 12SXH4038,LAZ,2020-09-20,2020-10-10,2021-12-10,21577714,-109.39471772984955,38.278996714023414,-109.38775260471634,38.2880985563795,61b83ec9d34e9e224ac028d8,https://www.sciencebase.gov/catalog/item/61b83ec9d34e9e224ac028d8,https://rockyweb.usgs.gov/vdelivery/Datasets/Staged/Elevation/LPC/Projects/UT_StatewideCenSouth_2020_A20/UT_StatewideCenSouth_1_2020/LAZ/USGS_LPC_UT_StatewideCenSouth_2020_A20_12SXH4038.laz
US-xMB,UT_StatewideCenSouth_2020_A20,12SXH4039,USGS Lidar Point Cloud UT_StatewideCenSouth_2020_A20 12SXH4039,LAZ,2020-09-20,2020-10-10,2021-12-10,18543894,-109.3945306970518,38.28800562854141,-109.38755321769864,38.29710761549723,61b8434dd34e9e224ac077fd,https://www.sciencebase.gov/catalog/item/61b8434dd34e9e224ac077fd,https://rockyweb.usgs.gov/vdelivery/Datasets/Staged/Elevation/LPC/Projects/UT_StatewideCenSouth_2020_A20/UT_StatewideCenSouth_1_2020/LAZ/USGS_LPC_UT_StatewideCenSouth_2020_A20_12SXH4039.laz
US-xMB,UT_StatewideCenSouth_2020_A20,12SXH4129,USGS Lidar Point Cloud UT_StatewideCenSouth_2020_A20 12SXH4129,LAZ,2020-09-20,2020-10-10,2021-12-10,23794822,-109.38974156405999,38.19775891564899,-109.37812561908287,38.20692505590029,61b842e6d34e9e224ac07073,https://www.sciencebase.gov/catalog/item/61b842e6d34e9e224ac07073,https://rockyweb.usgs.gov/vdelivery/Datasets/Staged/Elevation/LPC/Projects/UT_StatewideCenSouth_2020_A20/UT_StatewideCenSouth_1_2020/LAZ/USGS_LPC_UT_StatewideCenSouth_2020_A20_12SXH4129.laz
US-xMB,UT_StatewideCenSouth_2020_A20,12SXH4130,USGS Lidar Point Cloud UT_StatewideCenSouth_2020_A20 12SXH4130,LAZ,2020-09-20,2020-10-10,2021-12-10,21597869,-109.38954306498349,38.20676788529574,-109.37792562500205,38.21593406134452,61b8415bd34e9e224ac05170,https://www.sciencebase.gov/catalog/item/61b8415bd34e9e224ac05170,https://rockyweb.usgs.gov/vdelivery/Datasets/Staged/Elevation/LPC/Projects/UT_StatewideCenSouth_2020_A20/UT_StatewideCenSouth_1_2020/LAZ/USGS_LPC_UT_StatewideCenSouth_2020_A20_12SXH4130.laz
US-xMB,UT_StatewideCenSouth_2020_A20,12SXH4131,USGS Lidar Point Cloud UT_StatewideCenSouth_2020_A20 12SXH4131,LAZ,2020-09-20,2020-10-10,2021-12-10,22083059,-109.38934447770126,38.21577682217503,-109.37772554144843,38.22494306105894,61b842a5d34e9e224ac06b4f,https://www.sciencebase.gov/catalog/item/61b842a5d34e9e224ac06b4f,https://rockyweb.usgs.gov/vdelivery/Datasets/Staged/Elevation/LPC/Projects/UT_StatewideCenSouth_2020_A20/UT_StatewideCenSouth_1_2020/LAZ/USGS_LPC_UT_StatewideCenSouth_2020_A20_12SXH4131.laz
US-xMB,UT_StatewideCenSouth_2020_A20,12SXH4132,USGS Lidar Point Cloud UT_StatewideCenSouth_2020_A20 12SXH4132,LAZ,2020-09-20,2020-10-10,2021-12-10,20796203,-109.38914580097905,38.224785780339026,-109.37752536897959,38.23395202801506,61b84058d34e9e224ac03eac,https://www.sciencebase.gov/catalog/item/61b84058d34e9e224ac03eac,https://rockyweb.usgs.gov/vdelivery/Datasets/Staged/Elevation/LPC/Projects/UT_StatewideCenSouth_2020_A20/UT_StatewideCenSouth_1_2020/LAZ/USGS_LPC_UT_StatewideCenSouth_2020_A20_12SXH4132.laz
US-xMB,UT_StatewideCenSouth_2020_A20,12SXH4133,USGS Lidar Point Cloud UT_StatewideCenSouth_2020_A20 12SXH4133,LAZ,2020-09-20,2020-10-10,2021-12-10,21690243,-109.38894703636379,38.23379468771467,-109.37732510695233,38.24296098923833,61b83fcdd34e9e224ac03632,https://www.sciencebase.gov/catalog/item/61b83fcdd34e9e224ac03632,https://rockyweb.usgs.gov/vdelivery/Datasets/Staged/Elevation/LPC/Projects/UT_StatewideCenSouth_2020_A20/UT_StatewideCenSouth_1_2020/LAZ/USGS_LPC_UT_StatewideCenSouth_2020_A20_12SXH4133.laz
US-xMB,UT_StatewideCenSouth_2020_A20,12SXH4134,USGS Lidar Point Cloud UT_StatewideCenSouth_2020_A20 12SXH4134,LAZ,2020-09-20,2020-10-10,2021-12-10,20518315,-109.38874818262062,38.24280359835406,-109.3771247553235,38.251969944727165,61b83f72d34e9e224ac031b1,https://www.sciencebase.gov/catalog/item/61b83f72d34e9e224ac031b1,https://rockyweb.usgs.gov/vdelivery/Datasets/Staged/Elevation/LPC/Projects/UT_StatewideCenSouth_2020_A20/UT_StatewideCenSouth_1_2020/LAZ/USGS_LPC_UT_StatewideCenSouth_2020_A20_12SXH4134.laz
US-xMB,UT_StatewideCenSouth_2020_A20,12SXH4135,USGS Lidar Point Cloud UT_StatewideCenSouth_2020_A20 12SXH4135,LAZ,2020-09-20,2020-10-10,2021-12-10,22447467,-109.38854923970645,38.25181251225554,-109.37692431445096,38.26097887646217,61b84266d34e9e224ac06590,https://www.sciencebase.gov/catalog/item/61b84266d34e9e224ac06590,https://rockyweb.usgs.gov/vdelivery/Datasets/Staged/Elevation/LPC/Projects/UT_StatewideCenSouth_2020_A20/UT_StatewideCenSouth_1_2020/LAZ/USGS_LPC_UT_StatewideCenSouth_2020_A20_12SXH4135.laz
US-xMB,UT_StatewideCenSouth_2020_A20,12SXH4136,USGS Lidar Point Cloud UT_StatewideCenSouth_2020_A20 12SXH4136,LAZ,2020-09-20,2020-10-10,2021-12-10,22967783,-109.3883502081754,38.260821402390896,-109.37672378409144,38.26998779345079,61b84353d34e9e224ac07844,https://www.sciencebase.gov/catalog/item/61b84353d34e9e224ac07844,https://rockyweb.usgs.gov/vdelivery/Datasets/Staged/Elevation/LPC/Projects/UT_StatewideCenSouth_2020_A20/UT_StatewideCenSouth_1_2020/LAZ/USGS_LPC_UT_StatewideCenSouth_2020_A20_12SXH4136.laz
US-xMB,UT_StatewideCenSouth_2020_A20,12SXH4137,USGS Lidar Point Cloud UT_StatewideCenSouth_2020_A20 12SXH4137,LAZ,2020-09-20,2020-10-10,2021-12-10,24971694,-109.38815108818427,38.26983025974982,-109.37652316440268,38.278996686682596,61b840b2d34e9e224ac04548,https://www.sciencebase.gov/catalog/item/61b840b2d34e9e224ac04548,https://rockyweb.usgs.gov/vdelivery/Datasets/Staged/Elevation/LPC/Projects/UT_StatewideCenSouth_2020_A20/UT_StatewideCenSouth_1_2020/LAZ/USGS_LPC_UT_StatewideCenSouth_2020_A20_12SXH4137.laz
US-xMB,UT_StatewideCenSouth_2020_A20,12SXH4138,USGS Lidar Point Cloud UT_StatewideCenSouth_2020_A20 12SXH4138,LAZ,2020-09-20,2020-10-10,2021-12-10,24489386,-109.38795187949171,38.27883909333968,-109.37632245473971,38.28800558318278,61b83e3cd34e9e224ac01dde,https://www.sciencebase.gov/catalog/item/61b83e3cd34e9e224ac01dde,https://rockyweb.usgs.gov/vdelivery/Datasets/Staged/Elevation/LPC/Projects/UT_StatewideCenSouth_2020_A20/UT_StatewideCenSouth_1_2020/LAZ/USGS_LPC_UT_StatewideCenSouth_2020_A20_12SXH4138.laz
US-xMB,UT_StatewideCenSouth_2020_A20,12SXH4139,USGS Lidar Point Cloud UT_StatewideCenSouth_2020_A20 12SXH4139,LAZ,2020-09-20,2020-10-10,2021-12-10,20638850,-109.38775258085924,38.287847957211994,-109.37612165566149,38.29701445592313,61b83f52d34e9e224ac03066,https://www.sciencebase.gov/catalog/item/61b83f52d34e9e224ac03066,https://rockyweb.usgs.gov/vdelivery/Datasets/Staged/Elevation/LPC/Projects/UT_StatewideCenSouth_2020_A20/UT_StatewideCenSouth_1_2020/LAZ/USGS_LPC_UT_StatewideCenSouth_2020_A20_12SXH4139.laz
US-xMB,UT_StatewideCenSouth_2020_A20,12SXH4229,USGS Lidar Point Cloud UT_StatewideCenSouth_2020_A20 12SXH4229,LAZ,2020-09-20,2020-10-10,2021-12-10,31479379,-109.3783255001024,38.197600640767995,-109.3667082385844,38.206767839935395,61b83d6ad34e9e224ac00fef,https://www.sciencebase.gov/catalog/item/61b83d6ad34e9e224ac00fef,https://rockyweb.usgs.gov/vdelivery/Datasets/Staged/Elevation/LPC/Projects/UT_StatewideCenSouth_2020_A20/UT_StatewideCenSouth_1_2020/LAZ/USGS_LPC_UT_StatewideCenSouth_2020_A20_12SXH4229.laz
US-xMB,UT_StatewideCenSouth_2020_A20,12SXH4230,USGS Lidar Point Cloud UT_StatewideCenSouth_2020_A20 12SXH4230,LAZ,2020-09-20,2020-10-10,2021-12-10,28382674,-109.37812559524826,38.20660955952342,-109.36650683814179,38.21577679483255,61b83e19d34e9e224ac01b67,https://www.sciencebase.gov/catalog/item/61b83e19d34e9e224ac01b67,https://rockyweb.usgs.gov/vdelivery/Datasets/Staged/Elevation/LPC/Projects/UT_StatewideCenSouth_2020_A20/UT_StatewideCenSouth_1_2020/LAZ/USGS_LPC_UT_StatewideCenSouth_2020_A20_12SXH4230.laz
US-xMB,UT_StatewideCenSouth_2020_A20,12SXH4231,USGS Lidar Point Cloud UT_StatewideCenSouth_2020_A20 12SXH4231,LAZ,2020-09-20,2020-10-10,2021-12-10,29960835,-109.37792560156426,38.215618445499146,-109.36630534759774,38.22478574398755,61b83b7cd34e9e224ac005a7,https://www.sciencebase.gov/catalog/item/61b83b7cd34e9e224ac005a7,https://rockyweb.usgs.gov/vdelivery/Datasets/Staged/Elevation/LPC/Projects/UT_StatewideCenSouth_2020_A20/UT_StatewideCenSouth_1_2020/LAZ/USGS_LPC_UT_StatewideCenSouth_2020_A20_12SXH4231.laz
US-xMB,UT_StatewideCenSouth_2020_A20,12SXH4232,USGS Lidar Point Cloud UT_StatewideCenSouth_2020_A20 12SXH4232,LAZ,2020-09-20,2020-10-10,2021-12-10,31196988,-109.37772551780745,38.22462735274699,-109.36610376751379,38.23379466037207,61b83e96d34e9e224ac02503,https://www.sciencebase.gov/catalog/item/61b83e96d34e9e224ac02503,https://rockyweb.usgs.gov/vdelivery/Datasets/Staged/Elevation/LPC/Projects/UT_StatewideCenSouth_2020_A20/UT_StatewideCenSouth_1_2020/LAZ/USGS_LPC_UT_StatewideCenSouth_2020_A20_12SXH4232.laz
US-xMB,UT_StatewideCenSouth_2020_A20,12SXH4233,USGS Lidar Point Cloud UT_StatewideCenSouth_2020_A20 12SXH4233,LAZ,2020-09-20,2020-10-10,2021-12-10,32249273,-109.37752534553564,38.233636209194316,-109.36590209724221,38.24280357101139,61b843e2d34e9e224ac082ba,https://www.sciencebase.gov/catalog/item/61b843e2d34e9e224ac082ba,https://rockyweb.usgs.gov/vdelivery/Datasets/Staged/Elevation/LPC/Projects/UT_StatewideCenSouth_2020_A20/UT_StatewideCenSouth_1_2020/LAZ/USGS_LPC_UT_StatewideCenSouth_2020_A20_12SXH4233.laz
US-xMB,UT_StatewideCenSouth_2020_A20,12SXH4234,USGS Lidar Point Cloud UT_StatewideCenSouth_2020_A20 12SXH4234,LAZ,2020-09-20,2020-10-10,2021-12-10,34188524,-109.3773250835053,38.24264506889289,-109.36570033673956,38.25181247590393,61b843d5d34e9e224ac081b5,https://www.sciencebase.gov/catalog/item/61b843d5d34e9e224ac081b5,https://rockyweb.usgs.gov/vdelivery/Datasets/Staged/Elevation/LPC/Projects/UT_StatewideCenSouth_2020_A20/UT_StatewideCenSouth_1_2020/LAZ/USGS_LPC_UT_StatewideCenSouth_2020_A20_12SXH4234.laz
US-xMB,UT_StatewideCenSouth_2020_A20,12SXH4235,USGS Lidar Point Cloud UT_StatewideCenSouth_2020_A20 12SXH4235,LAZ,2020-09-20,2020-10-10,2021-12-10,32983643,-109.37712473167299,38.25165393184108,-109.36549848636618,38.260821357030366,61b843dcd34e9e224ac08260,https://www.sciencebase.gov/catalog/item/61b843dcd34e9e224ac08260,https://rockyweb.usgs.gov/vdelivery/Datasets/Staged/Elevation/LPC/Projects/UT_StatewideCenSouth_2020_A20/UT_StatewideCenSouth_1_2020/LAZ/USGS_LPC_UT_StatewideCenSouth_2020_A20_12SXH4235.laz
US-xMB,UT_StatewideCenSouth_2020_A20,12SXH4236,USGS Lidar Point Cloud UT_StatewideCenSouth_2020_A20 12SXH4236,LAZ,2020-09-20,2020-10-10,2021-12-10,32986299,-109.37692429059679,38.2606627710108,-109.36529654587711,38.26983022339812,61b83b76d34e9e224ac00593,https://www.sciencebase.gov/catalog/item/61b83b76d34e9e224ac00593,https://rockyweb.usgs.gov/vdelivery/Datasets/Staged/Elevation/LPC/Projects/UT_StatewideCenSouth_2020_A20/UT_StatewideCenSouth_1_2020/LAZ/USGS_LPC_UT_StatewideCenSouth_2020_A20_12SXH4236.laz
US-xMB,UT_StatewideCenSouth_2020_A20,12SXH4237,USGS Lidar Point Cloud UT_StatewideCenSouth_2020_A20 12SXH4237,LAZ,2020-09-20,2020-10-10,2021-12-10,33749094,-109.37672376043457,38.26967157739177,-109.36509451543122,38.27883906599679,61b84372d34e9e224ac07abd,https://www.sciencebase.gov/catalog/item/61b84372d34e9e224ac07abd,https://rockyweb.usgs.gov/vdelivery/Datasets/Staged/Elevation/LPC/Projects/UT_StatewideCenSouth_2020_A20/UT_StatewideCenSouth_1_2020/LAZ/USGS_LPC_UT_StatewideCenSouth_2020_A20_12SXH4237.laz
US-xMB,UT_StatewideCenSouth_2020_A20,12SXH4238,USGS Lidar Point Cloud UT_StatewideCenSouth_2020_A20 12SXH4238,LAZ,2020-09-20,2020-10-10,2021-12-10,31268288,-109.3765231409433,38.27868035999133,-109.36489239437898,38.28784791185139,61b841e7d34e9e224ac05be7,https://www.sciencebase.gov/catalog/item/61b841e7d34e9e224ac05be7,https://rockyweb.usgs.gov/vdelivery/Datasets/Staged/Elevation/LPC/Projects/UT_StatewideCenSouth_2020_A20/UT_StatewideCenSouth_1_2020/LAZ/USGS_LPC_UT_StatewideCenSouth_2020_A20_12SXH4238.laz
US-xMB,UT_StatewideCenSouth_2020_A20,12SXH4239,USGS Lidar Point Cloud UT_StatewideCenSouth_2020_A20 12SXH4239,LAZ,2020-09-20,2020-10-10,2021-12-10,28391071,-109.37632243087572,38.28768917286065,-109.3646901832833,38.29685673393388,61b840bbd34e9e224ac04605,https://www.sciencebase.gov/catalog/item/61b840bbd34e9e224ac04605,https://rockyweb.usgs.gov/vdelivery/Datasets/Staged/Elevation/LPC/Projects/UT_StatewideCenSouth_2020_A20/UT_StatewideCenSouth_1_2020/LAZ/USGS_LPC_UT_StatewideCenSouth_2020_A20_12SXH4239.laz
US-xMB,UT_StatewideCenSouth_2020_A20,12SXH4329,USGS Lidar Point Cloud UT_StatewideCenSouth_2020_A20 12SXH4329,LAZ,2020-09-20,2020-10-10,2021-12-10,19276187,-109.36690952533199,38.19744125646069,-109.35529094794275,38.206609514161116,61b841e9d34e9e224ac05c10,https://www.sciencebase.gov/catalog/item/61b841e9d34e9e224ac05c10,https://rockyweb.usgs.gov/vdelivery/Datasets/Staged/Elevation/LPC/Projects/UT_StatewideCenSouth_2020_A20/UT_StatewideCenSouth_1_2020/LAZ/USGS_LPC_UT_StatewideCenSouth_2020_A20_12SXH4329.laz
US-xMB,UT_StatewideCenSouth_2020_A20,12SXH4330,USGS Lidar Point Cloud UT_StatewideCenSouth_2020_A20 12SXH4330,LAZ,2020-09-20,2020-10-10,2021-12-10,19344517,-109.36670821474294,38.206450123968295,-109.35508814118138,38.21561841815459,61b8421ad34e9e224ac05fb7,https://www.sciencebase.gov/catalog/item/61b8421ad34e9e224ac05fb7,https://rockyweb.usgs.gov/vdelivery/Datasets/Staged/Elevation/LPC/Projects/UT_StatewideCenSouth_2020_A20/UT_StatewideCenSouth_1_2020/LAZ/USGS_LPC_UT_StatewideCenSouth_2020_A20_12SXH4330.laz
US-xMB,UT_StatewideCenSouth_2020_A20,12SXH4331,USGS Lidar Point Cloud UT_StatewideCenSouth_2020_A20 12SXH4331,LAZ,2020-09-20,2020-10-10,2021-12-10,19800306,-109.36650681469996,38.21545895868384,-109.35488524369002,38.224627316393494,61b83fadd34e9e224ac0344c,https://www.sciencebase.gov/catalog/item/61b83fadd34e9e224ac0344c,https://rockyweb.usgs.gov/vdelivery/Datasets/Staged/Elevation/LPC/Projects/UT_StatewideCenSouth_2020_A20/UT_StatewideCenSouth_1_2020/LAZ/USGS_LPC_UT_StatewideCenSouth_2020_A20_12SXH4331.laz
US-xMB,UT_StatewideCenSouth_2020_A20,12SXH4332,USGS Lidar Point Cloud UT_StatewideCenSouth_2020_A20 12SXH4332,LAZ,2020-09-20,2020-10-10,2021-12-10,21304846,-109.3663053239513,38.224467814658865,-109.3546822560341,38.23363618184965,61b841d6d34e9e224ac05af7,https://www.sciencebase.gov/catalog/item/61b841d6d34e9e224ac05af7,https://rockyweb.usgs.gov/vdelivery/Datasets/Staged/Elevation/LPC/Projects/UT_StatewideCenSouth_2020_A20/UT_StatewideCenSouth_1_2020/LAZ/USGS_LPC_UT_StatewideCenSouth_2020_A20_12SXH4332.laz
US-xMB,UT_StatewideCenSouth_2020_A20,12SXH4333,USGS Lidar Point Cloud UT_StatewideCenSouth_2020_A20 12SXH4333,LAZ,2020-09-20,2020-10-10,2021-12-10,22879110,-109.36610374406581,38.233476619821104,-109.35447917756134,38.24264504154816,61b84075d34e9e224ac040d9,https://www.sciencebase.gov/catalog/item/61b84075d34e9e224ac040d9,https://rockyweb.usgs.gov/vdelivery/Datasets/Staged/Elevation/LPC/Projects/UT_StatewideCenSouth_2020_A20/UT_StatewideCenSouth_1_2020/LAZ/USGS_LPC_UT_StatewideCenSouth_2020_A20_12SXH4333.laz
US-xMB,UT_StatewideCenSouth_2020_A20,12SXH4334,USGS Lidar Point Cloud UT_StatewideCenSouth_2020_A20 12SXH4334,LAZ,2020-09-20,2020-10-10,2021-12-10,24650046,-109.36590207379113,38.24248542822203,-109.35427600822806,38.25165389548745,61b8439ad34e9e224ac07d3b,https://www.sciencebase.gov/catalog/item/61b8439ad34e9e224ac07d3b,https://rockyweb.usgs.gov/vdelivery/Datasets/Staged/Elevation/LPC/Projects/UT_StatewideCenSouth_2020_A20/UT_StatewideCenSouth_1_2020/LAZ/USGS_LPC_UT_StatewideCenSouth_2020_A20_12SXH4334.laz
US-xMB,UT_StatewideCenSouth_2020_A20,12SXH4335,USGS Lidar Point Cloud UT_StatewideCenSouth_2020_A20 12SXH4335,LAZ,2020-09-20,2020-10-10,2021-12-10,25913607,-109.36570031308358,38.25149423985998,-109.35407274839704,38.2606627256483,61b83fdcd34e9e224ac0370b,https://www.sciencebase.gov/catalog/item/61b83fdcd34e9e224ac0370b,https://rockyweb.usgs.gov/vdelivery/Datasets/Staged/Elevation/LPC/Projects/UT_StatewideCenSouth_2020_A20/UT_StatewideCenSouth_1_2020/LAZ/USGS_LPC_UT_StatewideCenSouth_2020_A20_12SXH4335.laz
US-xMB,UT_StatewideCenSouth_2020_A20,12SXH4336,USGS Lidar Point Cloud UT_StatewideCenSouth_2020_A20 12SXH4336,LAZ,2020-09-20,2020-10-10,2021-12-10,24962072,-109.36549846250513,38.260503027707045,-109.3538693978217,38.26967154103805,61b84393d34e9e224ac07cdb,https://www.sciencebase.gov/catalog/item/61b84393d34e9e224ac07cdb,https://rockyweb.usgs.gov/vdelivery/Datasets/Staged/Elevation/LPC/Projects/UT_StatewideCenSouth_2020_A20/UT_StatewideCenSouth_1_2020/LAZ/USGS_LPC_UT_StatewideCenSouth_2020_A20_12SXH4336.laz
US-xMB,UT_StatewideCenSouth_2020_A20,12SXH4337,USGS Lidar Point Cloud UT_StatewideCenSouth_2020_A20 12SXH4337,LAZ,2020-09-20,2020-10-10,2021-12-10,25887540,-109.36529652221479,38.26951178275296,-109.35366595666196,38.27868033264637,61b84016d34e9e224ac03aa2,https://www.sciencebase.gov/catalog/item/61b84016d34e9e224ac03aa2,https://rockyweb.usgs.gov/vdelivery/Datasets/Staged/Elevation/LPC/Projects/UT_StatewideCenSouth_2020_A20/UT_StatewideCenSouth_1_2020/LAZ/USGS_LPC_UT_StatewideCenSouth_2020_A20_12SXH4337.laz
US-xMB,UT_StatewideCenSouth_2020_A20,12SXH4338,USGS Lidar Point Cloud UT_StatewideCenSouth_2020_A20 12SXH4338,LAZ,2020-09-20,2020-10-10,2021-12-10,25808043,-109.36509449196778,38.27852051400501,-109.35346242426375,38.28768912749809,61b8438ad34e9e224ac07c44,https://www.sciencebase.gov/catalog/item/61b8438ad34e9e224ac07c44,https://rockyweb.usgs.gov/vdelivery/Datasets/Staged/Elevation/LPC/Projects/UT_StatewideCenSouth_2020_A20/UT_StatewideCenSouth_1_2020/LAZ/USGS_LPC_UT_StatewideCenSouth_2020_A20_12SXH4338.laz
US-xMB,UT_StatewideCenSouth_2020_A20,12SXH4339,USGS Lidar Point Cloud UT_StatewideCenSouth_2020_A20 12SXH4339,LAZ,2020-09-20,2020-10-10,2021-12-10,24268051,-109.36489237050812,38.2875292755141,-109.35325880119395,38.29669789856533,61b84172d34e9e224ac0534d,https://www.sciencebase.gov/catalog/item/61b84172d34e9e224ac0534d,https://rockyweb.usgs.gov/vdelivery/Datasets/Staged/Elevation/LPC/Projects/UT_StatewideCenSouth_2020_A20/UT_StatewideCenSouth_1_2020/LAZ/USGS_LPC_UT_StatewideCenSouth_2020_A20_12SXH4339.laz
US-xMB,UT_StatewideCenSouth_2020_A20,12SXH4429,USGS Lidar Point Cloud UT_StatewideCenSouth_2020_A20 12SXH4429,LAZ,2020-09-20,2020-10-10,2021-12-10,26800450,-109.35549364037539,38.19728076259272,-109.34387373636763,38.206450078604014,61b83f53d34e9e224ac0308a,https://www.sciencebase.gov/catalog/item/61b83f53d34e9e224ac0308a,https://rockyweb.usgs.gov/vdelivery/Datasets/Staged/Elevation/LPC/Projects/UT_StatewideCenSouth_2020_A20/UT_StatewideCenSouth_1_2020/LAZ/USGS_LPC_UT_StatewideCenSouth_2020_A20_12SXH4429.laz
US-xMB,UT_StatewideCenSouth_2020_A20,12SXH4430,USGS Lidar Point Cloud UT_StatewideCenSouth_2020_A20 12SXH4430,LAZ,2020-09-20,2020-10-10,2021-12-10,29171598,-109.35529092409445,38.206289578495976,-109.3436695233295,38.21545893133724,61b8424fd34e9e224ac063c6,https://www.sciencebase.gov/catalog/item/61b8424fd34e9e224ac063c6,https://rockyweb.usgs.gov/vdelivery/Datasets/Staged/Elevation/LPC/Projects/UT_StatewideCenSouth_2020_A20/UT_StatewideCenSouth_1_2020/LAZ/USGS_LPC_UT_StatewideCenSouth_2020_A20_12SXH4430.laz
US-xMB,UT_StatewideCenSouth_2020_A20,12SXH4431,USGS Lidar Point Cloud UT_StatewideCenSouth_2020_A20 12SXH4431,LAZ,2020-09-20,2020-10-10,2021-12-10,27425871,-109.35508811773553,38.215298361594726,-109.34346521893279,38.22446777830336,61b83e82d34e9e224ac02361,https://www.sciencebase.gov/catalog/item/61b83e82d34e9e224ac02361,https://rockyweb.usgs.gov/vdelivery/Datasets/Staged/Elevation/LPC/Projects/UT_StatewideCenSouth_2020_A20/UT_StatewideCenSouth_1_2020/LAZ/USGS_LPC_UT_StatewideCenSouth_2020_A20_12SXH4431.laz
US-xMB,UT_StatewideCenSouth_2020_A20,12SXH4432,USGS Lidar Point Cloud UT_StatewideCenSouth_2020_A20 12SXH4432,LAZ,2020-09-20,2020-10-10,2021-12-10,27900741,-109.35488522003813,38.22430716594022,-109.34326082374689,38.233476592474375,61b841ced34e9e224ac05a64,https://www.sciencebase.gov/catalog/item/61b841ced34e9e224ac05a64,https://rockyweb.usgs.gov/vdelivery/Datasets/Staged/Elevation/LPC/Projects/UT_StatewideCenSouth_2020_A20/UT_StatewideCenSouth_1_2020/LAZ/USGS_LPC_UT_StatewideCenSouth_2020_A20_12SXH4432.laz
US-xMB,UT_StatewideCenSouth_2020_A20,12SXH4433,USGS Lidar Point Cloud UT_StatewideCenSouth_2020_A20 12SXH4433,LAZ,2020-09-20,2020-10-10,2021-12-10,28832031,-109.35468223258206,38.23331591946057,-109.34305633711502,38.242485400875225,61b83cacd34e9e224ac00b0b,https://www.sciencebase.gov/catalog/item/61b83cacd34e9e224ac00b0b,https://rockyweb.usgs.gov/vdelivery/Datasets/Staged/Elevation/LPC/Projects/UT_StatewideCenSouth_2020_A20/UT_StatewideCenSouth_1_2020/LAZ/USGS_LPC_UT_StatewideCenSouth_2020_A20_12SXH4433.laz
US-xMB,UT_StatewideCenSouth_2020_A20,12SXH4434,USGS Lidar Point Cloud UT_StatewideCenSouth_2020_A20 12SXH4434,LAZ,2020-09-20,2020-10-10,2021-12-10,29311458,-109.35447915410623,38.24232467620695,-109.34285175899316,38.25149420350434,61b83d08d34e9e224ac00d39,https://www.sciencebase.gov/catalog/item/61b83d08d34e9e224ac00d39,https://rockyweb.usgs.gov/vdelivery/Datasets/Staged/Elevation/LPC/Projects/UT_StatewideCenSouth_2020_A20/UT_StatewideCenSouth_1_2020/LAZ/USGS_LPC_UT_StatewideCenSouth_2020_A20_12SXH4434.laz
US-xMB,UT_StatewideCenSouth_2020_A20,12SXH4435,USGS Lidar Point Cloud UT_StatewideCenSouth_2020_A20 12SXH4435,LAZ,2020-09-20,2020-10-10,2021-12-10,31683935,-109.35427598456661,38.2513334361777,-109.34264708974665,38.26050298234258,61b84266d34e9e224ac0659a,https://www.sciencebase.gov/catalog/item/61b84266d34e9e224ac0659a,https://rockyweb.usgs.gov/vdelivery/Datasets/Staged/Elevation/LPC/Projects/UT_StatewideCenSouth_2020_A20/UT_StatewideCenSouth_1_2020/LAZ/USGS_LPC_UT_StatewideCenSouth_2020_A20_12SXH4435.laz
US-xMB,UT_StatewideCenSouth_2020_A20,12SXH4436,USGS Lidar Point Cloud UT_StatewideCenSouth_2020_A20 12SXH4436,LAZ,2020-09-20,2020-10-10,2021-12-10,32244126,-109.35407272513905,38.26034214531889,-109.34244232912717,38.26951174639723,61b843f3d34e9e224ac08411,https://www.sciencebase.gov/catalog/item/61b843f3d34e9e224ac08411,https://rockyweb.usgs.gov/vdelivery/Datasets/Staged/Elevation/LPC/Projects/UT_StatewideCenSouth_2020_A20/UT_StatewideCenSouth_1_2020/LAZ/USGS_LPC_UT_StatewideCenSouth_2020_A20_12SXH4436.laz
US-xMB,UT_StatewideCenSouth_2020_A20,12SXH4437,USGS Lidar Point Cloud UT_StatewideCenSouth_2020_A20 12SXH4437,LAZ,2020-09-20,2020-10-10,2021-12-10,32074215,-109.35386937415392,38.26935087569876,-109.34223747729573,38.27852048665799,61b83fb7d34e9e224ac034ec,https://www.sciencebase.gov/catalog/item/61b83fb7d34e9e224ac034ec,https://rockyweb.usgs.gov/vdelivery/Datasets/Staged/Elevation/LPC/Projects/UT_StatewideCenSouth_2020_A20/UT_StatewideCenSouth_1_2020/LAZ/USGS_LPC_UT_StatewideCenSouth_2020_A20_12SXH4437.laz
US-xMB,UT_StatewideCenSouth_2020_A20,12SXH4438,USGS Lidar Point Cloud UT_StatewideCenSouth_2020_A20 12SXH4438,LAZ,2020-09-20,2020-10-10,2021-12-10,27562936,-109.35366593319445,38.27835955524609,-109.34203253359377,38.287529230149566,61b83fecd34e9e224ac03816,https://www.sciencebase.gov/catalog/item/61b83fecd34e9e224ac03816,https://rockyweb.usgs.gov/vdelivery/Datasets/Staged/Elevation/LPC/Projects/UT_StatewideCenSouth_2020_A20/UT_StatewideCenSouth_1_2020/LAZ/USGS_LPC_UT_StatewideCenSouth_2020_A20_12SXH4438.laz
US-xMB,UT_StatewideCenSouth_2020_A20,12SXH4439,USGS Lidar Point Cloud UT_StatewideCenSouth_2020_A20 12SXH4439,LAZ,2020-09-20,2020-10-10,2021-12-10,29807531,-109.35346240038601,38.28736826503759,-109.34182749859208,38.29653794984418,61b8410ed34e9e224ac04bfa,https://www.sciencebase.gov/catalog/item/61b8410ed34e9e224ac04bfa,https://rockyweb.usgs.gov/vdelivery/Datasets/Staged/Elevation/LPC/Projects/UT_StatewideCenSouth_2020_A20/UT_StatewideCenSouth_1_2020/LAZ/USGS_LPC_UT_StatewideCenSouth_2020_A20_12SXH4439.laz
US-xMB,UT_StatewideCenSouth_2020_A20,12SXH4529,USGS Lidar Point Cloud UT_StatewideCenSouth_2020_A20 12SXH4529,LAZ,2020-09-20,2020-10-10,2021-12-10,31794777,-109.34407783444337,38.197119159512006,-109.3324566273203,38.20628953312973,61b83e25d34e9e224ac01c46,https://www.sciencebase.gov/catalog/item/61b83e25d34e9e224ac01c46,https://rockyweb.usgs.gov/vdelivery/Datasets/Staged/Elevation/LPC/Projects/UT_StatewideCenSouth_2020_A20/UT_StatewideCenSouth_1_2020/LAZ/USGS_LPC_UT_StatewideCenSouth_2020_A20_12SXH4529.laz
US-xMB,UT_StatewideCenSouth_2020_A20,12SXH4530,USGS Lidar Point Cloud UT_StatewideCenSouth_2020_A20 12SXH4530,LAZ,2020-09-20,2020-10-10,2021-12-10,35034660,-109.34387371251249,38.20612792345446,-109.33225100805045,38.21529833424604,61b84127d34e9e224ac04d86,https://www.sciencebase.gov/catalog/item/61b84127d34e9e224ac04d86,https://rockyweb.usgs.gov/vdelivery/Datasets/Staged/Elevation/LPC/Projects/UT_StatewideCenSouth_2020_A20/UT_StatewideCenSouth_1_2020/LAZ/USGS_LPC_UT_StatewideCenSouth_2020_A20_12SXH4530.laz
US-xMB,UT_StatewideCenSouth_2020_A20,12SXH4531,USGS Lidar Point Cloud UT_StatewideCenSouth_2020_A20 12SXH4531,LAZ,2020-09-20,2020-10-10,2021-12-10,32756548,-109.3436694998796,38.21513665457992,-109.3320452967935,38.224307129582684,61b8413ed34e9e224ac04f28,https://www.sciencebase.gov/catalog/item/61b8413ed34e9e224ac04f28,https://rockyweb.usgs.gov/vdelivery/Datasets/Staged/Elevation/LPC/Projects/UT_StatewideCenSouth_2020_A20/UT_StatewideCenSouth_1_2020/LAZ/USGS_LPC_UT_StatewideCenSouth_2020_A20_12SXH4531.laz
US-xMB,UT_StatewideCenSouth_2020_A20,12SXH4532,USGS Lidar Point Cloud UT_StatewideCenSouth_2020_A20 12SXH4532,LAZ,2020-09-20,2020-10-10,2021-12-10,33577087,-109.34346519527546,38.22414540693926,-109.33183949412278,38.23331589211176,61b83d69d34e9e224ac00fe7,https://www.sciencebase.gov/catalog/item/61b83d69d34e9e224ac00fe7,https://rockyweb.usgs.gov/vdelivery/Datasets/Staged/Elevation/LPC/Projects/UT_StatewideCenSouth_2020_A20/UT_StatewideCenSouth_1_2020/LAZ/USGS_LPC_UT_StatewideCenSouth_2020_A20_12SXH4532.laz
US-xMB,UT_StatewideCenSouth_2020_A20,12SXH4533,USGS Lidar Point Cloud UT_StatewideCenSouth_2020_A20 12SXH4533,LAZ,2020-09-20,2020-10-10,2021-12-10,33542339,-109.34326080029082,38.23315410846106,-109.33163359937696,38.24232464885809,61b83eb2d34e9e224ac0274b,https://www.sciencebase.gov/catalog/item/61b83eb2d34e9e224ac0274b,https://rockyweb.usgs.gov/vdelivery/Datasets/Staged/Elevation/LPC/Projects/UT_StatewideCenSouth_2020_A20/UT_StatewideCenSouth_1_2020/LAZ/USGS_LPC_UT_StatewideCenSouth_2020_A20_12SXH4533.laz
US-xMB,UT_StatewideCenSouth_2020_A20,12SXH4534,USGS Lidar Point Cloud UT_StatewideCenSouth_2020_A20 12SXH4534,LAZ,2020-09-20,2020-10-10,2021-12-10,34056744,-109.34305631365586,38.24216281319613,-109.33142761251172,38.25133339982005,61b84323d34e9e224ac07451,https://www.sciencebase.gov/catalog/item/61b84323d34e9e224ac07451,https://rockyweb.usgs.gov/vdelivery/Datasets/Staged/Elevation/LPC/Projects/UT_StatewideCenSouth_2020_A20/UT_StatewideCenSouth_1_2020/LAZ/USGS_LPC_UT_StatewideCenSouth_2020_A20_12SXH4534.laz
US-xMB,UT_StatewideCenSouth_2020_A20,12SXH4535,USGS Lidar Point Cloud UT_StatewideCenSouth_2020_A20 12SXH4535,LAZ,2020-09-20,2020-10-10,2021-12-10,36079681,-109.34285173532628,38.25117152114284,-109.33122153389495,38.260342126978614,61b83e54d34e9e224ac01f9c,https://www.sciencebase.gov/catalog/item/61b83e54d34e9e224ac01f9c,https://rockyweb.usgs.gov/vdelivery/Datasets/Staged/Elevation/LPC/Projects/UT_StatewideCenSouth_2020_A20/UT_StatewideCenSouth_1_2020/LAZ/USGS_LPC_UT_StatewideCenSouth_2020_A20_12SXH4535.laz
US-xMB,UT_StatewideCenSouth_2020_A20,12SXH4536,USGS Lidar Point Cloud UT_StatewideCenSouth_2020_A20 12SXH4536,LAZ,2020-09-20,2020-10-10,2021-12-10,33018871,-109.34264706648602,38.2601801782475,-109.33101536327655,38.269350839341016,61b83fa7d34e9e224ac033de,https://www.sciencebase.gov/catalog/item/61b83fa7d34e9e224ac033de,https://rockyweb.usgs.gov/vdelivery/Datasets/Staged/Elevation/LPC/Projects/UT_StatewideCenSouth_2020_A20/UT_StatewideCenSouth_1_2020/LAZ/USGS_LPC_UT_StatewideCenSouth_2020_A20_12SXH4536.laz
US-xMB,UT_StatewideCenSouth_2020_A20,12SXH4537,USGS Lidar Point Cloud UT_StatewideCenSouth_2020_A20 12SXH4537,LAZ,2020-09-20,2020-10-10,2021-12-10,29445422,-109.34244230545391,38.26918885657799,-109.33080910081874,38.278359527896995,61b84316d34e9e224ac0738e,https://www.sciencebase.gov/catalog/item/61b84316d34e9e224ac0738e,https://rockyweb.usgs.gov/vdelivery/Datasets/Staged/Elevation/LPC/Projects/UT_StatewideCenSouth_2020_A20/UT_StatewideCenSouth_1_2020/LAZ/USGS_LPC_UT_StatewideCenSouth_2020_A20_12SXH4537.laz
US-xMB,UT_StatewideCenSouth_2020_A20,12SXH4538,USGS Lidar Point Cloud UT_StatewideCenSouth_2020_A20 12SXH4538,LAZ,2020-09-20,2020-10-10,2021-12-10,28569782,-109.34223745382418,38.27819748406348,-109.33060274585834,38.28736821967107,61b8421cd34e9e224ac05fee,https://www.sciencebase.gov/catalog/item/61b8421cd34e9e224ac05fee,https://rockyweb.usgs.gov/vdelivery/Datasets/Staged/Elevation/LPC/Projects/UT_StatewideCenSouth_2020_A20/UT_StatewideCenSouth_1_2020/LAZ/USGS_LPC_UT_StatewideCenSouth_2020_A20_12SXH4538.laz
US-xMB,UT_StatewideCenSouth_2020_A20,12SXH4539,USGS Lidar Point Cloud UT_StatewideCenSouth_2020_A20 12SXH4539,LAZ,2020-09-20,2020-10-10,2021-12-10,29902057,-109.34203250970916,38.2872061417802,-109.33039629897013,38.29637688763568,61b84358d34e9e224ac0789f,https://www.sciencebase.gov/catalog/item/61b84358d34e9e224ac0789f,https://rockyweb.usgs.gov/vdelivery/Datasets/Staged/Elevation/LPC/Projects/UT_StatewideCenSouth_2020_A20/UT_StatewideCenSouth_1_2020/LAZ/USGS_LPC_UT_StatewideCenSouth_2020_A20_12SXH4539.laz
US-xMB,UT_StatewideCenSouth_2020_A20,12SXH4629,USGS Lidar Point Cloud UT_StatewideCenSouth_2020_A20 12SXH4629,LAZ,2020-09-20,2020-10-10,2021-12-10,25762861,-109.3326621309941,38.19695644708567,-109.32103961001032,38.206127878086264,61b8403ad34e9e224ac03ca0,https://www.sciencebase.gov/catalog/item/61b8403ad34e9e224ac03ca0,https://rockyweb.usgs.gov/vdelivery/Datasets/Staged/Elevation/LPC/Projects/UT_StatewideCenSouth_2020_A20/UT_StatewideCenSouth_1_2020/LAZ/USGS_LPC_UT_StatewideCenSouth_2020_A20_12SXH4629.laz
US-xMB,UT_StatewideCenSouth_2020_A20,12SXH4630,USGS Lidar Point Cloud UT_StatewideCenSouth_2020_A20 12SXH4630,LAZ,2020-09-20,2020-10-10,2021-12-10,27677862,-109.33245660345831,38.20596515871089,-109.32083258455269,38.215136627229164,61b8402fd34e9e224ac03be3,https://www.sciencebase.gov/catalog/item/61b8402fd34e9e224ac03be3,https://rockyweb.usgs.gov/vdelivery/Datasets/Staged/Elevation/LPC/Projects/UT_StatewideCenSouth_2020_A20/UT_StatewideCenSouth_1_2020/LAZ/USGS_LPC_UT_StatewideCenSouth_2020_A20_12SXH4630.laz
US-xMB,UT_StatewideCenSouth_2020_A20,12SXH4631,USGS Lidar Point Cloud UT_StatewideCenSouth_2020_A20 12SXH4631,LAZ,2020-09-20,2020-10-10,2021-12-10,27754893,-109.3322509845965,38.21497383750649,-109.32062546647953,38.22414537057973,61b84164d34e9e224ac0522e,https://www.sciencebase.gov/catalog/item/61b84164d34e9e224ac0522e,https://rockyweb.usgs.gov/vdelivery/Datasets/Staged/Elevation/LPC/Projects/UT_StatewideCenSouth_2020_A20/UT_StatewideCenSouth_1_2020/LAZ/USGS_LPC_UT_StatewideCenSouth_2020_A20_12SXH4631.laz
US-xMB,UT_StatewideCenSouth_2020_A20,12SXH4632,USGS Lidar Point Cloud UT_StatewideCenSouth_2020_A20 12SXH4632,LAZ,2020-09-20,2020-10-10,2021-12-10,28106040,-109.33204527313072,38.22398253752307,-109.32041825636797,38.2331540811102,61b83cead34e9e224ac00c9d,https://www.sciencebase.gov/catalog/item/61b83cead34e9e224ac00c9d,https://rockyweb.usgs.gov/vdelivery/Datasets/Staged/Elevation/LPC/Projects/UT_StatewideCenSouth_2020_A20/UT_StatewideCenSouth_1_2020/LAZ/USGS_LPC_UT_StatewideCenSouth_2020_A20_12SXH4632.laz
US-xMB,UT_StatewideCenSouth_2020_A20,12SXH4633,USGS Lidar Point Cloud UT_StatewideCenSouth_2020_A20 12SXH4633,LAZ,2020-09-20,2020-10-10,2021-12-10,29011183,-109.33183947066266,38.232991186689596,-109.32021095355228,38.2421627858452,61b83ce2d34e9e224ac00c6b,https://www.sciencebase.gov/catalog/item/61b83ce2d34e9e224ac00c6b,https://rockyweb.usgs.gov/vdelivery/Datasets/Staged/Elevation/LPC/Projects/UT_StatewideCenSouth_2020_A20/UT_StatewideCenSouth_1_2020/LAZ/USGS_LPC_UT_StatewideCenSouth_2020_A20_12SXH4633.laz
US-xMB,UT_StatewideCenSouth_2020_A20,12SXH4634,USGS Lidar Point Cloud UT_StatewideCenSouth_2020_A20 12SXH4634,LAZ,2020-09-20,2020-10-10,2021-12-10,28707735,-109.33163357591374,38.24199983905655,-109.32000355798775,38.25117148478315,61b83d95d34e9e224ac011ed,https://www.sciencebase.gov/catalog/item/61b83d95d34e9e224ac011ed,https://rockyweb.usgs.gov/vdelivery/Datasets/Staged/Elevation/LPC/Projects/UT_StatewideCenSouth_2020_A20/UT_StatewideCenSouth_1_2020/LAZ/USGS_LPC_UT_StatewideCenSouth_2020_A20_12SXH4634.laz
US-xMB,UT_StatewideCenSouth_2020_A20,12SXH4635,USGS Lidar Point Cloud UT_StatewideCenSouth_2020_A20 12SXH4635,LAZ,2020-09-20,2020-10-10,2021-12-10,27832495,-109.33142758883938,38.25100849462228,-109.31979607004482,38.260180159905104,61b842d9d34e9e224ac06f78,https://www.sciencebase.gov/catalog/item/61b842d9d34e9e224ac06f78,https://rockyweb.usgs.gov/vdelivery/Datasets/Staged/Elevation/LPC/Projects/UT_StatewideCenSouth_2020_A20/UT_StatewideCenSouth_1_2020/LAZ/USGS_LPC_UT_StatewideCenSouth_2020_A20_12SXH4635.laz
US-xMB,UT_StatewideCenSouth_2020_A20,12SXH4636,USGS Lidar Point Cloud UT_StatewideCenSouth_2020_A20 12SXH4636,LAZ,2020-09-20,2020-10-10,2021-12-10,23573245,-109.3312215100133,38.2600171263593,-109.31958848947171,38.269188820218226,61b841ded34e9e224ac05b4b,https://www.sciencebase.gov/catalog/item/61b841ded34e9e224ac05b4b,https://rockyweb.usgs.gov/vdelivery/Datasets/Staged/Elevation/LPC/Projects/UT_StatewideCenSouth_2020_A20/UT_StatewideCenSouth_1_2020/LAZ/USGS_LPC_UT_StatewideCenSouth_2020_A20_12SXH4636.laz
US-xMB,UT_StatewideCenSouth_2020_A20,12SXH4637,USGS Lidar Point Cloud UT_StatewideCenSouth_2020_A20 12SXH4637,LAZ,2020-09-20,2020-10-10,2021-12-10,22818903,-109.33101533959784,38.269025725257514,-109.31938081643167,38.27819745671231,61b84175d34e9e224ac05383,https://www.sciencebase.gov/catalog/item/61b84175d34e9e224ac05383,https://rockyweb.usgs.gov/vdelivery/Datasets/Staged/Elevation/LPC/Projects/UT_StatewideCenSouth_2020_A20/UT_StatewideCenSouth_1_2020/LAZ/USGS_LPC_UT_StatewideCenSouth_2020_A20_12SXH4637.laz
US-xMB,UT_StatewideCenSouth_2020_A20,12SXH4638,USGS Lidar Point Cloud UT_StatewideCenSouth_2020_A20 12SXH4638,LAZ,2020-09-20,2020-10-10,2021-12-10,22337650,-109.33080907734315,38.278034300324,-109.31917305025708,38.28720609641173,61b84253d34e9e224ac0640a,https://www.sciencebase.gov/catalog/item/61b84253d34e9e224ac0640a,https://rockyweb.usgs.gov/vdelivery/Datasets/Staged/Elevation/LPC/Projects/UT_StatewideCenSouth_2020_A20/UT_StatewideCenSouth_1_2020/LAZ/USGS_LPC_UT_StatewideCenSouth_2020_A20_12SXH4638.laz
US-xMB,UT_StatewideCenSouth_2020_A20,12SXH4639,USGS Lidar Point Cloud UT_StatewideCenSouth_2020_A20 12SXH4639,LAZ,2020-09-20,2020-10-10,2021-12-10,26202081,-109.33060272196686,38.2870429056087,-109.31896519152657,38.29621471228901,61b83d95d34e9e224ac011e3,https://www.sciencebase.gov/catalog/item/61b83d95d34e9e224ac011e3,https://rockyweb.usgs.gov/vdelivery/Datasets/Staged/Elevation/LPC/Projects/UT_StatewideCenSouth_2020_A20/UT_StatewideCenSouth_1_2020/LAZ/USGS_LPC_UT_StatewideCenSouth_2020_A20_12SXH4639.laz
US-xMB,UT_WestEast_B22,12SXH3534,USGS Lidar Point Cloud UT_WestEast_B22 12SXH3534,LAZ,2022-08-22,2022-10-18,2024-02-27,24783905,-109.4572885053,38.2437314379,-109.4456731018,38.2528913392,65ebb755d34e140332980015,https://www.sciencebase.gov/catalog/item/65ebb755d34e140332980015,https://rockyweb.usgs.gov/vdelivery/Datasets/Staged/Elevation/LPC/Projects/UT_WestEast_B22/UT_WestEast_4_B22/LAZ/USGS_LPC_UT_WestEast_B22_12SXH3534.laz
US-xMB,UT_WestEast_B22,12SXH3535,USGS Lidar Point Cloud UT_WestEast_B22 12SXH3535,LAZ,2022-08-22,2022-10-18,2024-02-27,43950954,-109.4570980172,38.252740632,-109.4454811189,38.2619005671,65ebaceed34e14033297f858,https://www.sciencebase.gov/catalog/item/65ebaceed34e14033297f858,https://rockyweb.usgs.gov/vdelivery/Datasets/Staged/Elevation/LPC/Projects/UT_WestEast_B22/UT_WestEast_4_B22/LAZ/USGS_LPC_UT_WestEast_B22_12SXH3535.laz
US-xMB,UT_WestEast_B22,12SXH3536,USGS Lidar Point Cloud UT_WestEast_B22 12SXH3536,LAZ,2022-08-22,2022-10-18,2024-02-27,57163785,-109.456907444,38.2617498115,-109.4452890502,38.2709097803,65ebaf16d34e14033297f989,https://www.sciencebase.gov/catalog/item/65ebaf16d34e14033297f989,https://rockyweb.usgs.gov/vdelivery/Datasets/Staged/Elevation/LPC/Projects/UT_WestEast_B22/UT_WestEast_4_B22/LAZ/USGS_LPC_UT_WestEast_B22_12SXH3536.laz
US-xMB,UT_WestEast_B22,12SXH3537,USGS Lidar Point Cloud UT_WestEast_B22 12SXH3537,LAZ,2022-08-22,2022-10-18,2024-02-27,23454936,-109.4567167857,38.2707589762,-109.4450968957,38.2799189788,65ebcc9ad34e140332981103,https://www.sciencebase.gov/catalog/item/65ebcc9ad34e140332981103,https://rockyweb.usgs.gov/vdelivery/Datasets/Staged/Elevation/LPC/Projects/UT_WestEast_B22/UT_WestEast_4_B22/LAZ/USGS_LPC_UT_WestEast_B22_12SXH3537.laz
US-xMB,UT_WestEast_B22,12SXH3538,USGS Lidar Point Cloud UT_WestEast_B22 12SXH3538,LAZ,2022-08-22,2022-10-18,2024-02-27,23743158,-109.4565260423,38.2797681263,-109.4449046555,38.2889281627,65ebad73d34e14033297f8cc,https://www.sciencebase.gov/catalog/item/65ebad73d34e14033297f8cc,https://rockyweb.usgs.gov/vdelivery/Datasets/Staged/Elevation/LPC/Projects/UT_WestEast_B22/UT_WestEast_4_B22/LAZ/USGS_LPC_UT_WestEast_B22_12SXH3538.laz
US-xMB,UT_WestEast_B22,12SXH3539,USGS Lidar Point Cloud UT_WestEast_B22 12SXH3539,LAZ,2022-08-22,2022-10-18,2024-02-27,23689474,-109.4563352137,38.2887772616,-109.4447123294,38.2979373318,65eb97f4d34e14033297e844,https://www.sciencebase.gov/catalog/item/65eb97f4d34e14033297e844,https://rockyweb.usgs.gov/vdelivery/Datasets/Staged/Elevation/LPC/Projects/UT_WestEast_B22/UT_WestEast_4_B22/LAZ/USGS_LPC_UT_WestEast_B22_12SXH3539.laz
US-xMB,UT_WestEast_B22,12SXH3629,USGS Lidar Point Cloud UT_WestEast_B22 12SXH3629,LAZ,2022-08-22,2022-10-18,2024-02-27,23210846,-109.4468230859,38.1985336294,-109.435213826,38.2076944231,65ebf87ed34e14033298341d,https://www.sciencebase.gov/catalog/item/65ebf87ed34e14033298341d,https://rockyweb.usgs.gov/vdelivery/Datasets/Staged/Elevation/LPC/Projects/UT_WestEast_B22/UT_WestEast_4_B22/LAZ/USGS_LPC_UT_WestEast_B22_12SXH3629.laz
US-xMB,UT_WestEast_B22,12SXH3630,USGS Lidar Point Cloud UT_WestEast_B22 12SXH3630,LAZ,2022-08-22,2022-10-18,2024-02-27,22255317,-109.4466316164,38.2075428482,-109.4350208644,38.2167036759,65ebb431d34e14033297fdd3,https://www.sciencebase.gov/catalog/item/65ebb431d34e14033297fdd3,https://rockyweb.usgs.gov/vdelivery/Datasets/Staged/Elevation/LPC/Projects/UT_WestEast_B22/UT_WestEast_4_B22/LAZ/USGS_LPC_UT_WestEast_B22_12SXH3630.laz
US-xMB,UT_WestEast_B22,12SXH3631,USGS Lidar Point Cloud UT_WestEast_B22 12SXH3631,LAZ,2022-08-22,2022-10-18,2024-02-27,27638580,-109.4464400613,38.2165520522,-109.4348278166,38.2257129141,65eb938bd34e14033297e3af,https://www.sciencebase.gov/catalog/item/65eb938bd34e14033297e3af,https://rockyweb.usgs.gov/vdelivery/Datasets/Staged/Elevation/LPC/Projects/UT_WestEast_B22/UT_WestEast_4_B22/LAZ/USGS_LPC_UT_WestEast_B22_12SXH3631.laz
US-xMB,UT_WestEast_B22,12SXH3632,USGS Lidar Point Cloud UT_WestEast_B22 12SXH3632,LAZ,2022-08-22,2022-10-18,2024-02-27,23644250,-109.4462484208,38.2255612416,-109.4346346826,38.2347221375,65ebcc28d34e1403329810a9,https://www.sciencebase.gov/catalog/item/65ebcc28d34e1403329810a9,https://rockyweb.usgs.gov/vdelivery/Datasets/Staged/Elevation/LPC/Projects/UT_WestEast_B22/UT_WestEast_4_B22/LAZ/USGS_LPC_UT_WestEast_B22_12SXH3632.laz
US-xMB,UT_WestEast_B22,12SXH3633,USGS Lidar Point Cloud UT_WestEast_B22 12SXH3633,LAZ,2022-08-22,2022-10-18,2024-02-27,23346775,-109.4460566947,38.2345704163,-109.4344414625,38.2437313463,65eb5b37d34e14033297de81,https://www.sciencebase.gov/catalog/item/65eb5b37d34e14033297de81,https://rockyweb.usgs.gov/vdelivery/Datasets/Staged/Elevation/LPC/Projects/UT_WestEast_B22/UT_WestEast_4_B22/LAZ/USGS_LPC_UT_WestEast_B22_12SXH3633.laz
US-xMB,UT_WestEast_B22,12SXH3634,USGS Lidar Point Cloud UT_WestEast_B22 12SXH3634,LAZ,2022-08-22,2022-10-18,2024-02-27,22785794,-109.445864883,38.2435795763,-109.434248156,38.2527405404,65ebe594d34e140332982548,https://www.sciencebase.gov/catalog/item/65ebe594d34e140332982548,https://rockyweb.usgs.gov/vdelivery/Datasets/Staged/Elevation/LPC/Projects/UT_WestEast_B22/UT_WestEast_4_B22/LAZ/USGS_LPC_UT_WestEast_B22_12SXH3634.laz
US-xMB,UT_WestEast_B22,12SXH3635,USGS Lidar Point Cloud UT_WestEast_B22 12SXH3635,LAZ,2022-08-22,2022-10-18,2024-02-27,31520910,-109.4456729857,38.2525887216,-109.4340547633,38.2617497199,65ebea28d34e1403329828bd,https://www.sciencebase.gov/catalog/item/65ebea28d34e1403329828bd,https://rockyweb.usgs.gov/vdelivery/Datasets/Staged/Elevation/LPC/Projects/UT_WestEast_B22/UT_WestEast_4_B22/LAZ/USGS_LPC_UT_WestEast_B22_12SXH3635.laz
US-xMB,UT_WestEast_B22,12SXH3636,USGS Lidar Point Cloud UT_WestEast_B22 12SXH3636,LAZ,2022-08-22,2022-10-18,2024-02-27,50128672,-109.4454810027,38.2615978522,-109.4338612842,38.2707588846,65ebd77cd34e140332981a4a,https://www.sciencebase.gov/catalog/item/65ebd77cd34e140332981a4a,https://rockyweb.usgs.gov/vdelivery/Datasets/Staged/Elevation/LPC/Projects/UT_WestEast_B22/UT_WestEast_4_B22/LAZ/USGS_LPC_UT_WestEast_B22_12SXH3636.laz
US-xMB,UT_WestEast_B22,12SXH3637,USGS Lidar Point Cloud UT_WestEast_B22 12SXH3637,LAZ,2022-08-22,2022-10-18,2024-02-27,25157175,-109.445288934,38.2706069681,-109.4336677188,38.2797680346,65eb9af4d34e14033297ea96,https://www.sciencebase.gov/catalog/item/65eb9af4d34e14033297ea96,https://rockyweb.usgs.gov/vdelivery/Datasets/Staged/Elevation/LPC/Projects/UT_WestEast_B22/UT_WestEast_4_B22/LAZ/USGS_LPC_UT_WestEast_B22_12SXH3637.laz
US-xMB,UT_WestEast_B22,12SXH3638,USGS Lidar Point Cloud UT_WestEast_B22 12SXH3638,LAZ,2022-08-22,2022-10-18,2024-02-27,25092591,-109.4450967795,38.2796160693,-109.4334740669,38.28877717,65ebd5b9d34e1403329818b8,https://www.sciencebase.gov/catalog/item/65ebd5b9d34e1403329818b8,https://rockyweb.usgs.gov/vdelivery/Datasets/Staged/Elevation/LPC/Projects/UT_WestEast_B22/UT_WestEast_4_B22/LAZ/USGS_LPC_UT_WestEast_B22_12SXH3638.laz
US-xMB,UT_WestEast_B22,12SXH3639,USGS Lidar Point Cloud UT_WestEast_B22 12SXH3639,LAZ,2022-08-22,2022-10-18,2024-02-27,25981929,-109.4449045392,38.2886251558,-109.4332803285,38.2977862907,65ebb672d34e14033297ff4d,https://www.sciencebase.gov/catalog/item/65ebb672d34e14033297ff4d,https://rockyweb.usgs.gov/vdelivery/Datasets/Staged/Elevation/LPC/Projects/UT_WestEast_B22/UT_WestEast_4_B22/LAZ/USGS_LPC_UT_WestEast_B22_12SXH3639.laz
US-xMB,UT_WestEast_B22,12SXH3729,USGS Lidar Point Cloud UT_WestEast_B22 12SXH3729,LAZ,2022-08-22,2022-10-18,2024-02-27,15716675,-109.4354065855,38.1983809021,-109.4237960056,38.2075427566,65eb9847d34e14033297e895,https://www.sciencebase.gov/catalog/item/65eb9847d34e14033297e895,https://rockyweb.usgs.gov/vdelivery/Datasets/Staged/Elevation/LPC/Projects/UT_WestEast_B22/UT_WestEast_4_B22/LAZ/USGS_LPC_UT_WestEast_B22_12SXH3729.laz
US-xMB,UT_WestEast_B22,12SXH3730,USGS Lidar Point Cloud UT_WestEast_B22 12SXH3730,LAZ,2022-08-22,2022-10-18,2024-02-27,18215767,-109.4352137099,38.2073900717,-109.4236016374,38.2165519606,65ebbf62d34e140332980689,https://www.sciencebase.gov/catalog/item/65ebbf62d34e140332980689,https://rockyweb.usgs.gov/vdelivery/Datasets/Staged/Elevation/LPC/Projects/UT_WestEast_B22/UT_WestEast_4_B22/LAZ/USGS_LPC_UT_WestEast_B22_12SXH3730.laz
US-xMB,UT_WestEast_B22,12SXH3731,USGS Lidar Point Cloud UT_WestEast_B22 12SXH3731,LAZ,2022-08-22,2022-10-18,2024-02-27,21678265,-109.4350207482,38.2163992266,-109.4234071824,38.22556115,65eb9460d34e14033297e4a1,https://www.sciencebase.gov/catalog/item/65eb9460d34e14033297e4a1,https://rockyweb.usgs.gov/vdelivery/Datasets/Staged/Elevation/LPC/Projects/UT_WestEast_B22/UT_WestEast_4_B22/LAZ/USGS_LPC_UT_WestEast_B22_12SXH3731.laz
US-xMB,UT_WestEast_B22,12SXH3732,USGS Lidar Point Cloud UT_WestEast_B22 12SXH3732,LAZ,2022-08-22,2022-10-18,2024-02-27,26978699,-109.4348277004,38.2254083669,-109.4232126407,38.2345703247,65ebddcdd34e140332981f7a,https://www.sciencebase.gov/catalog/item/65ebddcdd34e140332981f7a,https://rockyweb.usgs.gov/vdelivery/Datasets/Staged/Elevation/LPC/Projects/UT_WestEast_B22/UT_WestEast_4_B22/LAZ/USGS_LPC_UT_WestEast_B22_12SXH3732.laz
US-xMB,UT_WestEast_B22,12SXH3733,USGS Lidar Point Cloud UT_WestEast_B22 12SXH3733,LAZ,2022-08-22,2022-10-18,2024-02-27,27791281,-109.4346345665,38.2344174924,-109.423018012,38.2435794847,65ebd798d34e140332981a5e,https://www.sciencebase.gov/catalog/item/65ebd798d34e140332981a5e,https://rockyweb.usgs.gov/vdelivery/Datasets/Staged/Elevation/LPC/Projects/UT_WestEast_B22/UT_WestEast_4_B22/LAZ/USGS_LPC_UT_WestEast_B22_12SXH3733.laz
US-xMB,UT_WestEast_B22,12SXH3734,USGS Lidar Point Cloud UT_WestEast_B22 12SXH3734,LAZ,2022-08-22,2022-10-18,2024-02-27,27455235,-109.4344413463,38.2434266033,-109.4228232965,38.25258863,65ebea6cd34e1403329828f9,https://www.sciencebase.gov/catalog/item/65ebea6cd34e1403329828f9,https://rockyweb.usgs.gov/vdelivery/Datasets/Staged/Elevation/LPC/Projects/UT_WestEast_B22/UT_WestEast_4_B22/LAZ/USGS_LPC_UT_WestEast_B22_12SXH3734.laz
US-xMB,UT_WestEast_B22,12SXH3735,USGS Lidar Point Cloud UT_WestEast_B22 12SXH3735,LAZ,2022-08-22,2022-10-18,2024-02-27,35037296,-109.4342480398,38.2524356994,-109.4226284941,38.2615977606,65ebaeead34e14033297f962,https://www.sciencebase.gov/catalog/item/65ebaeead34e14033297f962,https://rockyweb.usgs.gov/vdelivery/Datasets/Staged/Elevation/LPC/Projects/UT_WestEast_B22/UT_WestEast_4_B22/LAZ/USGS_LPC_UT_WestEast_B22_12SXH3735.laz
US-xMB,UT_WestEast_B22,12SXH3736,USGS Lidar Point Cloud UT_WestEast_B22 12SXH3736,LAZ,2022-08-22,2022-10-18,2024-02-27,54345098,-109.4340546471,38.2614447808,-109.4224336047,38.2706068765,65ebba72d34e1403329802e1,https://www.sciencebase.gov/catalog/item/65ebba72d34e1403329802e1,https://rockyweb.usgs.gov/vdelivery/Datasets/Staged/Elevation/LPC/Projects/UT_WestEast_B22/UT_WestEast_4_B22/LAZ/USGS_LPC_UT_WestEast_B22_12SXH3736.laz
US-xMB,UT_WestEast_B22,12SXH3737,USGS Lidar Point Cloud UT_WestEast_B22 12SXH3737,LAZ,2022-08-22,2022-10-18,2024-02-27,27682803,-109.433861168,38.2704538475,-109.4222386282,38.2796159777,65ebb7a3d34e140332980059,https://www.sciencebase.gov/catalog/item/65ebb7a3d34e140332980059,https://rockyweb.usgs.gov/vdelivery/Datasets/Staged/Elevation/LPC/Projects/UT_WestEast_B22/UT_WestEast_4_B22/LAZ/USGS_LPC_UT_WestEast_B22_12SXH3737.laz
US-xMB,UT_WestEast_B22,12SXH3738,USGS Lidar Point Cloud UT_WestEast_B22 12SXH3738,LAZ,2022-08-22,2022-10-18,2024-02-27,26962654,-109.4336676025,38.2794628995,-109.4220435647,38.2886250642,65ebbcb4d34e140332980435,https://www.sciencebase.gov/catalog/item/65ebbcb4d34e140332980435,https://rockyweb.usgs.gov/vdelivery/Datasets/Staged/Elevation/LPC/Projects/UT_WestEast_B22/UT_WestEast_4_B22/LAZ/USGS_LPC_UT_WestEast_B22_12SXH3738.laz
US-xMB,UT_WestEast_B22,12SXH3739,USGS Lidar Point Cloud UT_WestEast_B22 12SXH3739,LAZ,2022-08-22,2022-10-18,2024-02-27,27694389,-109.4334739506,38.2884719368,-109.4218484142,38.297634136,65ebeaf5d34e14033298296d,https://www.sciencebase.gov/catalog/item/65ebeaf5d34e14033298296d,https://rockyweb.usgs.gov/vdelivery/Datasets/Staged/Elevation/LPC/Projects/UT_WestEast_B22/UT_WestEast_4_B22/LAZ/USGS_LPC_UT_WestEast_B22_12SXH3739.laz
US-xMB,UT_WestEast_B22,12SXH3829,USGS Lidar Point Cloud UT_WestEast_B22 12SXH3829,LAZ,2022-08-22,2022-10-18,2024-02-27,16697290,-109.423990171,38.1982270651,-109.412378272,38.2073899801,65ebc6cad34e140332980c92,https://www.sciencebase.gov/catalog/item/65ebc6cad34e140332980c92,https://rockyweb.usgs.gov/vdelivery/Datasets/Staged/Elevation/LPC/Projects/UT_WestEast_B22/UT_WestEast_4_B22/LAZ/USGS_LPC_UT_WestEast_B22_12SXH3829.laz
US-xMB,UT_WestEast_B22,12SXH3830,USGS Lidar Point Cloud UT_WestEast_B22 12SXH3830,LAZ,2022-08-22,2022-10-18,2024-02-27,14573004,-109.4237958895,38.2072361853,-109.4121824972,38.216399135,65ebd740d34e140332981a14,https://www.sciencebase.gov/catalog/item/65ebd740d34e140332981a14,https://rockyweb.usgs.gov/vdelivery/Datasets/Staged/Elevation/LPC/Projects/UT_WestEast_B22/UT_WestEast_4_B22/LAZ/USGS_LPC_UT_WestEast_B22_12SXH3830.laz
US-xMB,UT_WestEast_B22,12SXH3831,USGS Lidar Point Cloud UT_WestEast_B22 12SXH3831,LAZ,2022-08-22,2022-10-18,2024-02-27,15406578,-109.4236015213,38.2162452908,-109.4119866351,38.2254082753,65ebf066d34e140332982dbd,https://www.sciencebase.gov/catalog/item/65ebf066d34e140332982dbd,https://rockyweb.usgs.gov/vdelivery/Datasets/Staged/Elevation/LPC/Projects/UT_WestEast_B22/UT_WestEast_4_B22/LAZ/USGS_LPC_UT_WestEast_B22_12SXH3831.laz
US-xMB,UT_WestEast_B22,12SXH3832,USGS Lidar Point Cloud UT_WestEast_B22 12SXH3832,LAZ,2022-08-22,2022-10-18,2024-02-27,21951948,-109.4234070663,38.2252543815,-109.4117906855,38.2344174008,65ebc444d34e140332980a6f,https://www.sciencebase.gov/catalog/item/65ebc444d34e140332980a6f,https://rockyweb.usgs.gov/vdelivery/Datasets/Staged/Elevation/LPC/Projects/UT_WestEast_B22/UT_WestEast_4_B22/LAZ/USGS_LPC_UT_WestEast_B22_12SXH3832.laz
US-xMB,UT_WestEast_B22,12SXH3833,USGS Lidar Point Cloud UT_WestEast_B22 12SXH3833,LAZ,2022-08-22,2022-10-18,2024-02-27,26352154,-109.4232125245,38.2342634576,-109.4115946485,38.2434265116,65ebb93ad34e1403329801c3,https://www.sciencebase.gov/catalog/item/65ebb93ad34e1403329801c3,https://rockyweb.usgs.gov/vdelivery/Datasets/Staged/Elevation/LPC/Projects/UT_WestEast_B22/UT_WestEast_4_B22/LAZ/USGS_LPC_UT_WestEast_B22_12SXH3833.laz
US-xMB,UT_WestEast_B22,12SXH3834,USGS Lidar Point Cloud UT_WestEast_B22 12SXH3834,LAZ,2022-08-22,2022-10-18,2024-02-27,28960716,-109.4230178959,38.2432725189,-109.4113985239,38.2524356078,65ebc6e5d34e140332980cab,https://www.sciencebase.gov/catalog/item/65ebc6e5d34e140332980cab,https://rockyweb.usgs.gov/vdelivery/Datasets/Staged/Elevation/LPC/Projects/UT_WestEast_B22/UT_WestEast_4_B22/LAZ/USGS_LPC_UT_WestEast_B22_12SXH3834.laz
US-xMB,UT_WestEast_B22,12SXH3835,USGS Lidar Point Cloud UT_WestEast_B22 12SXH3835,LAZ,2022-08-22,2022-10-18,2024-02-27,37652727,-109.4228231803,38.2522815655,-109.4112023118,38.2614446892,65ebdfcfd34e14033298208b,https://www.sciencebase.gov/catalog/item/65ebdfcfd34e14033298208b,https://rockyweb.usgs.gov/vdelivery/Datasets/Staged/Elevation/LPC/Projects/UT_WestEast_B22/UT_WestEast_4_B22/LAZ/USGS_LPC_UT_WestEast_B22_12SXH3835.laz
US-xMB,UT_WestEast_B22,12SXH3836,USGS Lidar Point Cloud UT_WestEast_B22 12SXH3836,LAZ,2022-08-22,2022-10-18,2024-02-27,45524037,-109.4226283779,38.2612905974,-109.4110060121,38.2704537559,65ebc6d8d34e140332980c9f,https://www.sciencebase.gov/catalog/item/65ebc6d8d34e140332980c9f,https://rockyweb.usgs.gov/vdelivery/Datasets/Staged/Elevation/LPC/Projects/UT_WestEast_B22/UT_WestEast_4_B22/LAZ/USGS_LPC_UT_WestEast_B22_12SXH3836.laz
US-xMB,UT_WestEast_B22,12SXH3837,USGS Lidar Point Cloud UT_WestEast_B22 12SXH3837,LAZ,2022-08-22,2022-10-18,2024-02-27,24870464,-109.4224334884,38.2702996145,-109.4108096248,38.2794628079,65ebf89ed34e140332983437,https://www.sciencebase.gov/catalog/item/65ebf89ed34e140332983437,https://rockyweb.usgs.gov/vdelivery/Datasets/Staged/Elevation/LPC/Projects/UT_WestEast_B22/UT_WestEast_4_B22/LAZ/USGS_LPC_UT_WestEast_B22_12SXH3837.laz
US-xMB,UT_WestEast_B22,12SXH3838,USGS Lidar Point Cloud UT_WestEast_B22 12SXH3838,LAZ,2022-08-22,2022-10-18,2024-02-27,28179475,-109.422238512,38.279308617,-109.4106131497,38.2884718452,65ebce66d34e140332981297,https://www.sciencebase.gov/catalog/item/65ebce66d34e140332981297,https://rockyweb.usgs.gov/vdelivery/Datasets/Staged/Elevation/LPC/Projects/UT_WestEast_B22/UT_WestEast_4_B22/LAZ/USGS_LPC_UT_WestEast_B22_12SXH3838.laz
US-xMB,UT_WestEast_B22,12SXH3839,USGS Lidar Point Cloud UT_WestEast_B22 12SXH3839,LAZ,2022-08-22,2022-10-18,2024-02-27,27296982,-109.4220434485,38.2883176047,-109.4104165869,38.2974808677,65ebac8ad34e14033297f804,https://www.sciencebase.gov/catalog/item/65ebac8ad34e14033297f804,https://rockyweb.usgs.gov/vdelivery/Datasets/Staged/Elevation/LPC/Projects/UT_WestEast_B22/UT_WestEast_4_B22/LAZ/USGS_LPC_UT_WestEast_B22_12SXH3839.laz
US-xMB,UT_WestEast_B22,12SXH3929,USGS Lidar Point Cloud UT_WestEast_B22 12SXH3929,LAZ,2022-08-22,2022-10-18,2024-02-27,22551110,-109.4125738433,38.1980721187,-109.4009606257,38.2072360937,65ebe9e0d34e14033298287b,https://www.sciencebase.gov/catalog/item/65ebe9e0d34e14033298287b,https://rockyweb.usgs.gov/vdelivery/Datasets/Staged/Elevation/LPC/Projects/UT_WestEast_B22/UT_WestEast_4_B22/LAZ/USGS_LPC_UT_WestEast_B22_12SXH3929.laz
US-xMB,UT_WestEast_B22,12SXH3930,USGS Lidar Point Cloud UT_WestEast_B22 12SXH3930,LAZ,2022-08-22,2022-10-18,2024-02-27,21037674,-109.4123781559,38.2070811891,-109.4007634445,38.2162451992,65eb97c5d34e14033297e818,https://www.sciencebase.gov/catalog/item/65eb97c5d34e14033297e818,https://rockyweb.usgs.gov/vdelivery/Datasets/Staged/Elevation/LPC/Projects/UT_WestEast_B22/UT_WestEast_4_B22/LAZ/USGS_LPC_UT_WestEast_B22_12SXH3930.laz
US-xMB,UT_WestEast_B22,12SXH3931,USGS Lidar Point Cloud UT_WestEast_B22 12SXH3931,LAZ,2022-08-22,2022-10-18,2024-02-27,32070217,-109.4121823811,38.2160902447,-109.4005661752,38.2252542899,65ebe408d34e1403329823de,https://www.sciencebase.gov/catalog/item/65ebe408d34e1403329823de,https://rockyweb.usgs.gov/vdelivery/Datasets/Staged/Elevation/LPC/Projects/UT_WestEast_B22/UT_WestEast_4_B22/LAZ/USGS_LPC_UT_WestEast_B22_12SXH3931.laz
US-xMB,UT_WestEast_B22,12SXH3932,USGS Lidar Point Cloud UT_WestEast_B22 12SXH3932,LAZ,2022-08-22,2022-10-18,2024-02-27,17657411,-109.4119865189,38.2250992856,-109.4003688179,38.2342633659,65eb96e0d34e14033297e736,https://www.sciencebase.gov/catalog/item/65eb96e0d34e14033297e736,https://rockyweb.usgs.gov/vdelivery/Datasets/Staged/Elevation/LPC/Projects/UT_WestEast_B22/UT_WestEast_4_B22/LAZ/USGS_LPC_UT_WestEast_B22_12SXH3932.laz
US-xMB,UT_WestEast_B22,12SXH3933,USGS Lidar Point Cloud UT_WestEast_B22 12SXH3933,LAZ,2022-08-22,2022-10-18,2024-02-27,14759908,-109.4117905694,38.2341083118,-109.4001713725,38.2432724273,65ebe9e5d34e14033298287f,https://www.sciencebase.gov/catalog/item/65ebe9e5d34e14033298287f,https://rockyweb.usgs.gov/vdelivery/Datasets/Staged/Elevation/LPC/Projects/UT_WestEast_B22/UT_WestEast_4_B22/LAZ/USGS_LPC_UT_WestEast_B22_12SXH3933.laz
US-xMB,UT_WestEast_B22,12SXH3934,USGS Lidar Point Cloud UT_WestEast_B22 12SXH3934,LAZ,2022-08-22,2022-10-18,2024-02-27,15378162,-109.4115945323,38.2431173232,-109.3999738389,38.2522814739,65ebea17d34e1403329828ad,https://www.sciencebase.gov/catalog/item/65ebea17d34e1403329828ad,https://rockyweb.usgs.gov/vdelivery/Datasets/Staged/Elevation/LPC/Projects/UT_WestEast_B22/UT_WestEast_4_B22/LAZ/USGS_LPC_UT_WestEast_B22_12SXH3934.laz
US-xMB,UT_WestEast_B22,12SXH3935,USGS Lidar Point Cloud UT_WestEast_B22 12SXH3935,LAZ,2022-08-22,2022-10-18,2024-02-27,39347247,-109.4113984077,38.2521263199,-109.3997762172,38.2612905057,65ebcfb5d34e1403329813cd,https://www.sciencebase.gov/catalog/item/65ebcfb5d34e1403329813cd,https://rockyweb.usgs.gov/vdelivery/Datasets/Staged/Elevation/LPC/Projects/UT_WestEast_B22/UT_WestEast_4_B22/LAZ/USGS_LPC_UT_WestEast_B22_12SXH3935.laz
US-xMB,UT_WestEast_B22,12SXH3936,USGS Lidar Point Cloud UT_WestEast_B22 12SXH3936,LAZ,2022-08-22,2022-10-18,2024-02-27,48421789,-109.4112021956,38.2611353019,-109.3995785072,38.2702995229,65ebd282d34e1403329815d3,https://www.sciencebase.gov/catalog/item/65ebd282d34e1403329815d3,https://rockyweb.usgs.gov/vdelivery/Datasets/Staged/Elevation/LPC/Projects/UT_WestEast_B22/UT_WestEast_4_B22/LAZ/USGS_LPC_UT_WestEast_B22_12SXH3936.laz
US-xMB,UT_WestEast_B22,12SXH3937,USGS Lidar Point Cloud UT_WestEast_B22 12SXH3937,LAZ,2022-08-22,2022-10-18,2024-02-27,21961779,-109.4110058959,38.2701442692,-109.399380709,38.2793085253,65ebad22d34e14033297f882,https://www.sciencebase.gov/catalog/item/65ebad22d34e14033297f882,https://rockyweb.usgs.gov/vdelivery/Datasets/Staged/Elevation/LPC/Projects/UT_WestEast_B22/UT_WestEast_4_B22/LAZ/USGS_LPC_UT_WestEast_B22_12SXH3937.laz
US-xMB,UT_WestEast_B22,12SXH3938,USGS Lidar Point Cloud UT_WestEast_B22 12SXH3938,LAZ,2022-08-22,2022-10-18,2024-02-27,23631864,-109.4108095085,38.2791532217,-109.3991828224,38.2883175131,65eba160d34e14033297ef4a,https://www.sciencebase.gov/catalog/item/65eba160d34e14033297ef4a,https://rockyweb.usgs.gov/vdelivery/Datasets/Staged/Elevation/LPC/Projects/UT_WestEast_B22/UT_WestEast_4_B22/LAZ/USGS_LPC_UT_WestEast_B22_12SXH3938.laz
US-xMB,UT_WestEast_B22,12SXH3939,USGS Lidar Point Cloud UT_WestEast_B22 12SXH3939,LAZ,2022-08-22,2022-10-18,2024-02-27,23668350,-109.4106130334,38.2881621595,-109.3989848475,38.297326486,65ebde66d34e140332982006,https://www.sciencebase.gov/catalog/item/65ebde66d34e140332982006,https://rockyweb.usgs.gov/vdelivery/Datasets/Staged/Elevation/LPC/Projects/UT_WestEast_B22/UT_WestEast_4_B22/LAZ/USGS_LPC_UT_WestEast_B22_12SXH3939.laz
US-xMB,UT_WestEast_B22,12SXH4029,USGS Lidar Point Cloud UT_WestEast_B22 12SXH4029,LAZ,2022-08-22,2022-10-18,2024-02-27,6820871,-109.4011576028,38.1979916387,-109.395062304,38.2070810974,65ebb604d34e14033297feed,https://www.sciencebase.gov/catalog/item/65ebb604d34e14033297feed,https://rockyweb.usgs.gov/vdelivery/Datasets/Staged/Elevation/LPC/Projects/UT_WestEast_B22/UT_WestEast_4_B22/LAZ/USGS_LPC_UT_WestEast_B22_12SXH4029.laz
US-xMB,UT_WestEast_B22,12SXH4030,USGS Lidar Point Cloud UT_WestEast_B22 12SXH4030,LAZ,2022-08-22,2022-10-18,2024-02-27,9688142,-109.4009605095,38.2070008425,-109.3948760436,38.216090153,65eb9d08d34e14033297ec62,https://www.sciencebase.gov/catalog/item/65eb9d08d34e14033297ec62,https://rockyweb.usgs.gov/vdelivery/Datasets/Staged/Elevation/LPC/Projects/UT_WestEast_B22/UT_WestEast_4_B22/LAZ/USGS_LPC_UT_WestEast_B22_12SXH4030.laz
US-xMB,UT_WestEast_B22,12SXH4031,USGS Lidar Point Cloud UT_WestEast_B22 12SXH4031,LAZ,2022-08-22,2022-10-18,2024-02-27,15444510,-109.4007633283,38.2160100253,-109.3946892408,38.225099194,65ebe91ad34e1403329827cb,https://www.sciencebase.gov/catalog/item/65ebe91ad34e1403329827cb,https://rockyweb.usgs.gov/vdelivery/Datasets/Staged/Elevation/LPC/Projects/UT_WestEast_B22/UT_WestEast_4_B22/LAZ/USGS_LPC_UT_WestEast_B22_12SXH4031.laz
US-xMB,UT_WestEast_B22,12SXH4032,USGS Lidar Point Cloud UT_WestEast_B22 12SXH4032,LAZ,2022-08-22,2022-10-18,2024-02-27,11590403,-109.400566059,38.2250191966,-109.3945025809,38.2341082201,65ebd541d34e14033298184e,https://www.sciencebase.gov/catalog/item/65ebd541d34e14033298184e,https://rockyweb.usgs.gov/vdelivery/Datasets/Staged/Elevation/LPC/Projects/UT_WestEast_B22/UT_WestEast_4_B22/LAZ/USGS_LPC_UT_WestEast_B22_12SXH4032.laz
US-xMB,UT_WestEast_B22,12SXH4033,USGS Lidar Point Cloud UT_WestEast_B22 12SXH4033,LAZ,2022-08-22,2022-10-18,2024-02-27,15181862,-109.4003687017,38.2340283549,-109.3943159496,38.2431172316,65ebb90ed34e140332980199,https://www.sciencebase.gov/catalog/item/65ebb90ed34e140332980199,https://rockyweb.usgs.gov/vdelivery/Datasets/Staged/Elevation/LPC/Projects/UT_WestEast_B22/UT_WestEast_4_B22/LAZ/USGS_LPC_UT_WestEast_B22_12SXH4033.laz
US-xMB,UT_WestEast_B22,12SXH4034,USGS Lidar Point Cloud UT_WestEast_B22 12SXH4034,LAZ,2022-08-22,2022-10-18,2024-02-27,12250803,-109.4001712563,38.243037497,-109.3941291184,38.2521262283,65eb9e81d34e14033297ed9c,https://www.sciencebase.gov/catalog/item/65eb9e81d34e14033297ed9c,https://rockyweb.usgs.gov/vdelivery/Datasets/Staged/Elevation/LPC/Projects/UT_WestEast_B22/UT_WestEast_4_B22/LAZ/USGS_LPC_UT_WestEast_B22_12SXH4034.laz
US-xMB,UT_WestEast_B22,12SXH4035,USGS Lidar Point Cloud UT_WestEast_B22 12SXH4035,LAZ,2022-08-22,2022-10-18,2024-02-27,22721863,-109.3999737227,38.2520466244,-109.3939422015,38.2611352103,65ebb375d34e14033297fd3d,https://www.sciencebase.gov/catalog/item/65ebb375d34e14033297fd3d,https://rockyweb.usgs.gov/vdelivery/Datasets/Staged/Elevation/LPC/Projects/UT_WestEast_B22/UT_WestEast_4_B22/LAZ/USGS_LPC_UT_WestEast_B22_12SXH4035.laz
US-xMB,UT_WestEast_B22,12SXH4036,USGS Lidar Point Cloud UT_WestEast_B22 12SXH4036,LAZ,2022-08-22,2022-10-18,2024-02-27,24958776,-109.3997761009,38.2610557356,-109.3937550846,38.2701441775,65eba4a1d34e14033297f1dd,https://www.sciencebase.gov/catalog/item/65eba4a1d34e14033297f1dd,https://rockyweb.usgs.gov/vdelivery/Datasets/Staged/Elevation/LPC/Projects/UT_WestEast_B22/UT_WestEast_4_B22/LAZ/USGS_LPC_UT_WestEast_B22_12SXH4036.laz
US-xMB,UT_WestEast_B22,12SXH4037,USGS Lidar Point Cloud UT_WestEast_B22 12SXH4037,LAZ,2022-08-22,2022-10-18,2024-02-27,12529246,-109.399578391,38.2700648354,-109.3935681105,38.2791531301,65ebb38bd34e14033297fd51,https://www.sciencebase.gov/catalog/item/65ebb38bd34e14033297fd51,https://rockyweb.usgs.gov/vdelivery/Datasets/Staged/Elevation/LPC/Projects/UT_WestEast_B22/UT_WestEast_4_B22/LAZ/USGS_LPC_UT_WestEast_B22_12SXH4037.laz
US-xMB,UT_WestEast_B22,12SXH4038,USGS Lidar Point Cloud UT_WestEast_B22 12SXH4038,LAZ,2022-08-22,2022-10-18,2024-02-27,16443088,-109.3993805927,38.2790739189,-109.3933809363,38.2881620678,65eb93f9d34e14033297e431,https://www.sciencebase.gov/catalog/item/65eb93f9d34e14033297e431,https://rockyweb.usgs.gov/vdelivery/Datasets/Staged/Elevation/LPC/Projects/UT_WestEast_B22/UT_WestEast_4_B22/LAZ/USGS_LPC_UT_WestEast_B22_12SXH4038.laz
US-xMB,UT_WestEast_B22,12SXH4039,USGS Lidar Point Cloud UT_WestEast_B22 12SXH4039,LAZ,2022-08-22,2022-10-18,2024-02-27,12554564,-109.3991827061,38.2880829877,-109.3931936763,38.2971709909,65ebf9f4d34e140332983569,https://www.sciencebase.gov/catalog/item/65ebf9f4d34e140332983569,https://rockyweb.usgs.gov/vdelivery/Datasets/Staged/Elevation/LPC/Projects/UT_WestEast_B22/UT_WestEast_4_B22/LAZ/USGS_LPC_UT_WestEast_B22_12SXH4039.laz
US-Wjs,NM NRCS Central A2 2017 415500 3808500 LAS,2018,USGS Lidar Point Cloud NM NRCS Central A2 2017 415500 3808500 LAS 2018,LAZ,2017-12-30,2018-02-01,2018-12-12,11573950,-105.909596257,34.4214355125,-105.903247353,34.428103552,5c1a46d5e4b0708288c31e4b,https://www.sciencebase.gov/catalog/item/5c1a46d5e4b0708288c31e4b,https://rockyweb.usgs.gov/vdelivery/Datasets/Staged/Elevation/LPC/Projects/USGS_LPC_NM_NRCS_Central_A2_2017_LAS_2018/laz/USGS_LPC_NM_NRCS_Central_A2_2017_415500_3808500_LAS_2018.laz
US-Wjs,NM NRCS Central A2 2017 415500 3810000 LAS,2018,USGS Lidar Point Cloud NM NRCS Central A2 2017 415500 3810000 LAS 2018,LAZ,2017-12-30,2018-02-01,2018-12-12,45807613,-105.919790959,34.4281500854,-105.903319566,34.4415540857,5c1a46d5e4b0708288c31e4d,https://www.sciencebase.gov/catalog/item/5c1a46d5e4b0708288c31e4d,https://rockyweb.usgs.gov/vdelivery/Datasets/Staged/Elevation/LPC/Projects/USGS_LPC_NM_NRCS_Central_A2_2017_LAS_2018/laz/USGS_LPC_NM_NRCS_Central_A2_2017_415500_3810000_LAS_2018.laz
US-Wjs,NM NRCS Central A2 2017 415500 3811500 LAS,2018,USGS Lidar Point Cloud NM NRCS Central A2 2017 415500 3811500 LAS 2018,LAZ,2017-12-30,2018-02-01,2018-12-12,72168303,-105.919939258,34.4416758091,-105.903465137,34.4550797176,5c1a46d5e4b0708288c31e4f,https://www.sciencebase.gov/catalog/item/5c1a46d5e4b0708288c31e4f,https://rockyweb.usgs.gov/vdelivery/Datasets/Staged/Elevation/LPC/Projects/USGS_LPC_NM_NRCS_Central_A2_2017_LAS_2018/laz/USGS_LPC_NM_NRCS_Central_A2_2017_415500_3811500_LAS_2018.laz
US-Wjs,NM NRCS Central A2 2017 415500 3813000 LAS,2018,USGS Lidar Point Cloud NM NRCS Central A2 2017 415500 3813000 LAS 2018,LAZ,2017-12-30,2018-02-01,2018-12-12,78979668,-105.920087645,34.4552015114,-105.903610794,34.4686053281,5c1a46d5e4b0708288c31e51,https://www.sciencebase.gov/catalog/item/5c1a46d5e4b0708288c31e51,https://rockyweb.usgs.gov/vdelivery/Datasets/Staged/Elevation/LPC/Projects/USGS_LPC_NM_NRCS_Central_A2_2017_LAS_2018/laz/USGS_LPC_NM_NRCS_Central_A2_2017_415500_3813000_LAS_2018.laz
US-Wjs,NM NRCS Central A2 2017 415500 3814500 LAS,2018,USGS Lidar Point Cloud NM NRCS Central A2 2017 415500 3814500 LAS 2018,LAZ,2017-12-30,2018-02-01,2018-12-12,77892732,-105.920236131,34.4687271832,-105.903756548,34.482130908,5c1a46d5e4b0708288c31e53,https://www.sciencebase.gov/catalog/item/5c1a46d5e4b0708288c31e53,https://rockyweb.usgs.gov/vdelivery/Datasets/Staged/Elevation/LPC/Projects/USGS_LPC_NM_NRCS_Central_A2_2017_LAS_2018/laz/USGS_LPC_NM_NRCS_Central_A2_2017_415500_3814500_LAS_2018.laz
US-Wjs,NM NRCS Central A2 2017 417000 3807000 LAS,2018,USGS Lidar Point Cloud NM NRCS Central A2 2017 417000 3807000 LAS 2018,LAZ,2017-12-30,2018-02-01,2018-12-12,15456277,-105.892603099,34.4066323402,-105.886767819,34.4147019132,5c1a46ebe4b0708288c31ee1,https://www.sciencebase.gov/catalog/item/5c1a46ebe4b0708288c31ee1,https://rockyweb.usgs.gov/vdelivery/Datasets/Staged/Elevation/LPC/Projects/USGS_LPC_NM_NRCS_Central_A2_2017_LAS_2018/laz/USGS_LPC_NM_NRCS_Central_A2_2017_417000_3807000_LAS_2018.laz
US-Wjs,NM NRCS Central A2 2017 417000 3808500 LAS,2018,USGS Lidar Point Cloud NM NRCS Central A2 2017 417000 3808500 LAS 2018,LAZ,2017-12-30,2018-02-01,2018-12-12,57073758,-105.903319555,34.414743746,-105.886853431,34.4281500765,5c1a46ebe4b0708288c31ee3,https://www.sciencebase.gov/catalog/item/5c1a46ebe4b0708288c31ee3,https://rockyweb.usgs.gov/vdelivery/Datasets/Staged/Elevation/LPC/Projects/USGS_LPC_NM_NRCS_Central_A2_2017_LAS_2018/laz/USGS_LPC_NM_NRCS_Central_A2_2017_417000_3808500_LAS_2018.laz
US-Wjs,NM NRCS Central A2 2017 417000 3810000 LAS,2018,USGS Lidar Point Cloud NM NRCS Central A2 2017 417000 3810000 LAS 2018,LAZ,2017-12-30,2018-02-01,2018-12-12,80290732,-105.903465126,34.4282695604,-105.886996266,34.4416758002,5c1a46ebe4b0708288c31ee5,https://www.sciencebase.gov/catalog/item/5c1a46ebe4b0708288c31ee5,https://rockyweb.usgs.gov/vdelivery/Datasets/Staged/Elevation/LPC/Projects/USGS_LPC_NM_NRCS_Central_A2_2017_LAS_2018/laz/USGS_LPC_NM_NRCS_Central_A2_2017_417000_3810000_LAS_2018.laz
US-Wjs,NM NRCS Central A2 2017 417000 3811500 LAS,2018,USGS Lidar Point Cloud NM NRCS Central A2 2017 417000 3811500 LAS 2018,LAZ,2017-12-30,2018-02-01,2018-12-12,79284190,-105.903610783,34.4417953534,-105.887139196,34.4552015025,5c1a46ebe4b0708288c31ee7,https://www.sciencebase.gov/catalog/item/5c1a46ebe4b0708288c31ee7,https://rockyweb.usgs.gov/vdelivery/Datasets/Staged/Elevation/LPC/Projects/USGS_LPC_NM_NRCS_Central_A2_2017_LAS_2018/laz/USGS_LPC_NM_NRCS_Central_A2_2017_417000_3811500_LAS_2018.laz
US-Wjs,NM NRCS Central A2 2017 417000 3813000 LAS,2018,USGS Lidar Point Cloud NM NRCS Central A2 2017 417000 3813000 LAS 2018,LAZ,2017-12-30,2018-02-01,2018-12-12,80543842,-105.903756537,34.4553211158,-105.887282222,34.4687271742,5c1a46ece4b0708288c31ee9,https://www.sciencebase.gov/catalog/item/5c1a46ece4b0708288c31ee9,https://rockyweb.usgs.gov/vdelivery/Datasets/Staged/Elevation/LPC/Projects/USGS_LPC_NM_NRCS_Central_A2_2017_LAS_2018/laz/USGS_LPC_NM_NRCS_Central_A2_2017_417000_3813000_LAS_2018.laz
US-Wjs,NM NRCS Central A2 2017 417000 3814500 LAS,2018,USGS Lidar Point Cloud NM NRCS Central A2 2017 417000 3814500 LAS 2018,LAZ,2017-12-30,2018-02-01,2018-12-12,78512365,-105.903902388,34.4688468478,-105.887425343,34.4822528155,5c1a46ece4b0708288c31eeb,https://www.sciencebase.gov/catalog/item/5c1a46ece4b0708288c31eeb,https://rockyweb.usgs.gov/vdelivery/Datasets/Staged/Elevation/LPC/Projects/USGS_LPC_NM_NRCS_Central_A2_2017_LAS_2018/laz/USGS_LPC_NM_NRCS_Central_A2_2017_417000_3814500_LAS_2018.laz
US-Wjs,NM NRCS Central A2 2017 418500 3807000 LAS,2018,USGS Lidar Point Cloud NM NRCS Central A2 2017 418500 3807000 LAS 2018,LAZ,2017-12-30,2018-02-01,2018-12-12,65659009,-105.886853409,34.4065829304,-105.870446878,34.4147437371,5c1a4704e4b0708288c31f73,https://www.sciencebase.gov/catalog/item/5c1a4704e4b0708288c31f73,https://rockyweb.usgs.gov/vdelivery/Datasets/Staged/Elevation/LPC/Projects/USGS_LPC_NM_NRCS_Central_A2_2017_LAS_2018/laz/USGS_LPC_NM_NRCS_Central_A2_2017_418500_3807000_LAS_2018.laz
US-Wjs,NM NRCS Central A2 2017 418500 3808500 LAS,2018,USGS Lidar Point Cloud NM NRCS Central A2 2017 418500 3808500 LAS 2018,LAZ,2017-12-30,2018-02-01,2018-12-12,88800953,-105.886996255,34.4148609838,-105.870532652,34.4282695515,5c1a4705e4b0708288c31f75,https://www.sciencebase.gov/catalog/item/5c1a4705e4b0708288c31f75,https://rockyweb.usgs.gov/vdelivery/Datasets/Staged/Elevation/LPC/Projects/USGS_LPC_NM_NRCS_Central_A2_2017_LAS_2018/laz/USGS_LPC_NM_NRCS_Central_A2_2017_418500_3808500_LAS_2018.laz
US-Wjs,NM NRCS Central A2 2017 418500 3810000 LAS,2018,USGS Lidar Point Cloud NM NRCS Central A2 2017 418500 3810000 LAS 2018,LAZ,2017-12-30,2018-02-01,2018-12-12,89155321,-105.887139185,34.4283868662,-105.870672859,34.4417953444,5c1a4705e4b0708288c31f77,https://www.sciencebase.gov/catalog/item/5c1a4705e4b0708288c31f77,https://rockyweb.usgs.gov/vdelivery/Datasets/Staged/Elevation/LPC/Projects/USGS_LPC_NM_NRCS_Central_A2_2017_LAS_2018/laz/USGS_LPC_NM_NRCS_Central_A2_2017_418500_3810000_LAS_2018.laz
US-Wjs,NM NRCS Central A2 2017 418500 3811500 LAS,2018,USGS Lidar Point Cloud NM NRCS Central A2 2017 418500 3811500 LAS 2018,LAZ,2017-12-30,2018-02-01,2018-12-12,86098270,-105.887282211,34.4419127182,-105.87081316,34.4553211069,5c1a4705e4b0708288c31f79,https://www.sciencebase.gov/catalog/item/5c1a4705e4b0708288c31f79,https://rockyweb.usgs.gov/vdelivery/Datasets/Staged/Elevation/LPC/Projects/USGS_LPC_NM_NRCS_Central_A2_2017_LAS_2018/laz/USGS_LPC_NM_NRCS_Central_A2_2017_418500_3811500_LAS_2018.laz
US-Wjs,NM NRCS Central A2 2017 418500 3813000 LAS,2018,USGS Lidar Point Cloud NM NRCS Central A2 2017 418500 3813000 LAS 2018,LAZ,2017-12-30,2018-02-01,2018-12-12,87514711,-105.887425332,34.4554385397,-105.870953554,34.4688468388,5c1a4705e4b0708288c31f7b,https://www.sciencebase.gov/catalog/item/5c1a4705e4b0708288c31f7b,https://rockyweb.usgs.gov/vdelivery/Datasets/Staged/Elevation/LPC/Projects/USGS_LPC_NM_NRCS_Central_A2_2017_LAS_2018/laz/USGS_LPC_NM_NRCS_Central_A2_2017_418500_3813000_LAS_2018.laz
US-Wjs,NM NRCS Central A2 2017 418500 3814500 LAS,2018,USGS Lidar Point Cloud NM NRCS Central A2 2017 418500 3814500 LAS 2018,LAZ,2017-12-30,2018-02-01,2018-12-12,88402583,-105.887568548,34.4689643308,-105.871094042,34.4823725403,5c1a4706e4b0708288c31f7d,https://www.sciencebase.gov/catalog/item/5c1a4706e4b0708288c31f7d,https://rockyweb.usgs.gov/vdelivery/Datasets/Staged/Elevation/LPC/Projects/USGS_LPC_NM_NRCS_Central_A2_2017_LAS_2018/laz/USGS_LPC_NM_NRCS_Central_A2_2017_418500_3814500_LAS_2018.laz
US-Wjs,NM NRCS Central A2 2017 420000 3805500 LAS,2018,USGS Lidar Point Cloud NM NRCS Central A2 2017 420000 3805500 LAS 2018,LAZ,2017-12-30,2018-02-01,2018-12-12,7390554,-105.856901717,34.3920179723,-105.85397846,34.4014302926,5c1a4712e4b0708288c31fd7,https://www.sciencebase.gov/catalog/item/5c1a4712e4b0708288c31fd7,https://rockyweb.usgs.gov/vdelivery/Datasets/Staged/Elevation/LPC/Projects/USGS_LPC_NM_NRCS_Central_A2_2017_LAS_2018/laz/USGS_LPC_NM_NRCS_Central_A2_2017_420000_3805500_LAS_2018.laz
US-Wjs,NM NRCS Central A2 2017 420000 3807000 LAS,2018,USGS Lidar Point Cloud NM NRCS Central A2 2017 420000 3807000 LAS 2018,LAZ,2017-12-30,2018-02-01,2018-12-12,66470721,-105.87053263,34.4014501096,-105.854074281,34.4148609839,5c1a4712e4b0708288c31fdb,https://www.sciencebase.gov/catalog/item/5c1a4712e4b0708288c31fdb,https://rockyweb.usgs.gov/vdelivery/Datasets/Staged/Elevation/LPC/Projects/USGS_LPC_NM_NRCS_Central_A2_2017_LAS_2018/laz/USGS_LPC_NM_NRCS_Central_A2_2017_420000_3807000_LAS_2018.laz
US-Wjs,NM NRCS Central A2 2017 420000 3808500 LAS,2018,USGS Lidar Point Cloud NM NRCS Central A2 2017 420000 3808500 LAS 2018,LAZ,2017-12-30,2018-02-01,2018-12-12,90132455,-105.870672848,34.4149760533,-105.85421178,34.4283868573,5c1a4713e4b0708288c31fde,https://www.sciencebase.gov/catalog/item/5c1a4713e4b0708288c31fde,https://rockyweb.usgs.gov/vdelivery/Datasets/Staged/Elevation/LPC/Projects/USGS_LPC_NM_NRCS_Central_A2_2017_LAS_2018/laz/USGS_LPC_NM_NRCS_Central_A2_2017_420000_3808500_LAS_2018.laz
US-Wjs,NM NRCS Central A2 2017 420000 3810000 LAS,2018,USGS Lidar Point Cloud NM NRCS Central A2 2017 420000 3810000 LAS 2018,LAZ,2017-12-30,2018-02-01,2018-12-12,74880075,-105.870813149,34.4285019937,-105.854349359,34.4419127093,5c1a471be4b0708288c32004,https://www.sciencebase.gov/catalog/item/5c1a471be4b0708288c32004,https://rockyweb.usgs.gov/vdelivery/Datasets/Staged/Elevation/LPC/Projects/USGS_LPC_NM_NRCS_Central_A2_2017_LAS_2018/laz/USGS_LPC_NM_NRCS_Central_A2_2017_420000_3810000_LAS_2018.laz
US-Wjs,NM NRCS Central A2 2017 420000 3811500 LAS,2018,USGS Lidar Point Cloud NM NRCS Central A2 2017 420000 3811500 LAS 2018,LAZ,2017-12-30,2018-02-01,2018-12-12,77021312,-105.870953543,34.4420279037,-105.85448703,34.4554385308,5c1a471ce4b0708288c32007,https://www.sciencebase.gov/catalog/item/5c1a471ce4b0708288c32007,https://rockyweb.usgs.gov/vdelivery/Datasets/Staged/Elevation/LPC/Projects/USGS_LPC_NM_NRCS_Central_A2_2017_LAS_2018/laz/USGS_LPC_NM_NRCS_Central_A2_2017_420000_3811500_LAS_2018.laz
US-Wjs,NM NRCS Central A2 2017 420000 3813000 LAS,2018,USGS Lidar Point Cloud NM NRCS Central A2 2017 420000 3813000 LAS 2018,LAZ,2017-12-30,2018-02-01,2018-12-12,76053353,-105.871094031,34.4555537832,-105.854624793,34.4689643218,5c1a471ce4b0708288c3200b,https://www.sciencebase.gov/catalog/item/5c1a471ce4b0708288c3200b,https://rockyweb.usgs.gov/vdelivery/Datasets/Staged/Elevation/LPC/Projects/USGS_LPC_NM_NRCS_Central_A2_2017_LAS_2018/laz/USGS_LPC_NM_NRCS_Central_A2_2017_420000_3813000_LAS_2018.laz
US-Wjs,NM NRCS Central A2 2017 420000 3814500 LAS,2018,USGS Lidar Point Cloud NM NRCS Central A2 2017 420000 3814500 LAS 2018,LAZ,2017-12-30,2018-02-01,2018-12-12,76417306,-105.871234613,34.4690796322,-105.854762648,34.4824900824,5c1a471ce4b0708288c3200f,https://www.sciencebase.gov/catalog/item/5c1a471ce4b0708288c3200f,https://rockyweb.usgs.gov/vdelivery/Datasets/Staged/Elevation/LPC/Projects/USGS_LPC_NM_NRCS_Central_A2_2017_LAS_2018/laz/USGS_LPC_NM_NRCS_Central_A2_2017_420000_3814500_LAS_2018.laz
US-Wjs,NM NRCS Central A2 2017 421500 3804000 LAS,2018,USGS Lidar Point Cloud NM NRCS Central A2 2017 421500 3804000 LAS 2018,LAZ,2017-12-30,2018-02-01,2018-12-12,4714398,-105.839504227,34.3773722901,-105.837514985,34.3880239548,5c1a4728e4b0708288c32062,https://www.sciencebase.gov/catalog/item/5c1a4728e4b0708288c32062,https://rockyweb.usgs.gov/vdelivery/Datasets/Staged/Elevation/LPC/Projects/USGS_LPC_NM_NRCS_Central_A2_2017_LAS_2018/laz/USGS_LPC_NM_NRCS_Central_A2_2017_421500_3804000_LAS_2018.laz
US-Wjs,NM NRCS Central A2 2017 421500 3805500 LAS,2018,USGS Lidar Point Cloud NM NRCS Central A2 2017 421500 3805500 LAS 2018,LAZ,2017-12-30,2018-02-01,2018-12-12,63275446,-105.85407427,34.3880368689,-105.837621182,34.4014500827,5c1a4729e4b0708288c32066,https://www.sciencebase.gov/catalog/item/5c1a4729e4b0708288c32066,https://rockyweb.usgs.gov/vdelivery/Datasets/Staged/Elevation/LPC/Projects/USGS_LPC_NM_NRCS_Central_A2_2017_LAS_2018/laz/USGS_LPC_NM_NRCS_Central_A2_2017_421500_3805500_LAS_2018.laz
US-Wjs,NM NRCS Central A2 2017 421500 3807000 LAS,2018,USGS Lidar Point Cloud NM NRCS Central A2 2017 421500 3807000 LAS 2018,LAZ,2017-12-30,2018-02-01,2018-12-12,90998902,-105.854211769,34.401562918,-105.837755954,34.4149760444,5c1a4729e4b0708288c32069,https://www.sciencebase.gov/catalog/item/5c1a4729e4b0708288c32069,https://rockyweb.usgs.gov/vdelivery/Datasets/Staged/Elevation/LPC/Projects/USGS_LPC_NM_NRCS_Central_A2_2017_LAS_2018/laz/USGS_LPC_NM_NRCS_Central_A2_2017_421500_3807000_LAS_2018.laz
US-Wjs,NM NRCS Central A2 2017 421500 3808500 LAS,2018,USGS Lidar Point Cloud NM NRCS Central A2 2017 421500 3808500 LAS 2018,LAZ,2017-12-30,2018-02-01,2018-12-12,91230783,-105.854349348,34.4150889456,-105.837890816,34.4285019848,5c1a4729e4b0708288c3206d,https://www.sciencebase.gov/catalog/item/5c1a4729e4b0708288c3206d,https://rockyweb.usgs.gov/vdelivery/Datasets/Staged/Elevation/LPC/Projects/USGS_LPC_NM_NRCS_Central_A2_2017_LAS_2018/laz/USGS_LPC_NM_NRCS_Central_A2_2017_421500_3808500_LAS_2018.laz
US-Wjs,NM NRCS Central A2 2017 421500 3810000 LAS,2018,USGS Lidar Point Cloud NM NRCS Central A2 2017 421500 3810000 LAS 2018,LAZ,2017-12-30,2018-02-01,2018-12-12,77631672,-105.854487019,34.4286149429,-105.838025767,34.4420278947,5c1a472ae4b0708288c32070,https://www.sciencebase.gov/catalog/item/5c1a472ae4b0708288c32070,https://rockyweb.usgs.gov/vdelivery/Datasets/Staged/Elevation/LPC/Projects/USGS_LPC_NM_NRCS_Central_A2_2017_LAS_2018/laz/USGS_LPC_NM_NRCS_Central_A2_2017_421500_3810000_LAS_2018.laz
US-Wjs,NM NRCS Central A2 2017 421500 3811500 LAS,2018,USGS Lidar Point Cloud NM NRCS Central A2 2017 421500 3811500 LAS 2018,LAZ,2017-12-30,2018-02-01,2018-12-12,82478024,-105.854624782,34.4421409096,-105.838160809,34.4555537742,5c1a472ae4b0708288c32074,https://www.sciencebase.gov/catalog/item/5c1a472ae4b0708288c32074,https://rockyweb.usgs.gov/vdelivery/Datasets/Staged/Elevation/LPC/Projects/USGS_LPC_NM_NRCS_Central_A2_2017_LAS_2018/laz/USGS_LPC_NM_NRCS_Central_A2_2017_421500_3811500_LAS_2018.laz
US-Wjs,NM NRCS Central A2 2017 421500 3813000 LAS,2018,USGS Lidar Point Cloud NM NRCS Central A2 2017 421500 3813000 LAS 2018,LAZ,2017-12-30,2018-02-01,2018-12-12,79238682,-105.854762637,34.4556668459,-105.838295951,34.4690796232,5c1a4733e4b0708288c32093,https://www.sciencebase.gov/catalog/item/5c1a4733e4b0708288c32093,https://rockyweb.usgs.gov/vdelivery/Datasets/Staged/Elevation/LPC/Projects/USGS_LPC_NM_NRCS_Central_A2_2017_LAS_2018/laz/USGS_LPC_NM_NRCS_Central_A2_2017_421500_3813000_LAS_2018.laz
US-Wjs,NM NRCS Central A2 2017 421500 3814500 LAS,2018,USGS Lidar Point Cloud NM NRCS Central A2 2017 421500 3814500 LAS 2018,LAZ,2017-12-30,2018-02-01,2018-12-12,81028522,-105.854900584,34.4691927519,-105.838431162,34.4826054418,5c1a4733e4b0708288c32096,https://www.sciencebase.gov/catalog/item/5c1a4733e4b0708288c32096,https://rockyweb.usgs.gov/vdelivery/Datasets/Staged/Elevation/LPC/Projects/USGS_LPC_NM_NRCS_Central_A2_2017_LAS_2018/laz/USGS_LPC_NM_NRCS_Central_A2_2017_421500_3814500_LAS_2018.laz
US-Wjs,NM NRCS Central A2 2017 423000 3804000 LAS,2018,USGS Lidar Point Cloud NM NRCS Central A2 2017 423000 3804000 LAS 2018,LAZ,2017-12-30,2018-02-01,2018-12-12,86477907,-105.83762116,34.3746213554,-105.821173309,34.38803686,5c1a4740e4b0708288c320f9,https://www.sciencebase.gov/catalog/item/5c1a4740e4b0708288c320f9,https://rockyweb.usgs.gov/vdelivery/Datasets/Staged/Elevation/LPC/Projects/USGS_LPC_NM_NRCS_Central_A2_2017_LAS_2018/laz/USGS_LPC_NM_NRCS_Central_A2_2017_423000_3804000_LAS_2018.laz
US-Wjs,NM NRCS Central A2 2017 423000 3805500 LAS,2018,USGS Lidar Point Cloud NM NRCS Central A2 2017 423000 3805500 LAS 2018,LAZ,2017-12-30,2018-02-01,2018-12-12,134734332,-105.837755943,34.3881474634,-105.821305379,34.401562909,5c1a4740e4b0708288c320fb,https://www.sciencebase.gov/catalog/item/5c1a4740e4b0708288c320fb,https://rockyweb.usgs.gov/vdelivery/Datasets/Staged/Elevation/LPC/Projects/USGS_LPC_NM_NRCS_Central_A2_2017_LAS_2018/laz/USGS_LPC_NM_NRCS_Central_A2_2017_423000_3805500_LAS_2018.laz
US-Wjs,NM NRCS Central A2 2017 423000 3807000 LAS,2018,USGS Lidar Point Cloud NM NRCS Central A2 2017 423000 3807000 LAS 2018,LAZ,2017-12-30,2018-02-01,2018-12-12,146136659,-105.837890805,34.4016735772,-105.821437526,34.4150889367,5c1a4740e4b0708288c320fd,https://www.sciencebase.gov/catalog/item/5c1a4740e4b0708288c320fd,https://rockyweb.usgs.gov/vdelivery/Datasets/Staged/Elevation/LPC/Projects/USGS_LPC_NM_NRCS_Central_A2_2017_LAS_2018/laz/USGS_LPC_NM_NRCS_Central_A2_2017_423000_3807000_LAS_2018.laz
US-Wjs,NM NRCS Central A2 2017 423000 3808500 LAS,2018,USGS Lidar Point Cloud NM NRCS Central A2 2017 423000 3808500 LAS 2018,LAZ,2017-12-30,2018-02-01,2018-12-12,150751658,-105.838025756,34.4151996606,-105.821569762,34.4286149339,5c1a4741e4b0708288c320ff,https://www.sciencebase.gov/catalog/item/5c1a4741e4b0708288c320ff,https://rockyweb.usgs.gov/vdelivery/Datasets/Staged/Elevation/LPC/Projects/USGS_LPC_NM_NRCS_Central_A2_2017_LAS_2018/laz/USGS_LPC_NM_NRCS_Central_A2_2017_423000_3808500_LAS_2018.laz
US-Wjs,NM NRCS Central A2 2017 423000 3810000 LAS,2018,USGS Lidar Point Cloud NM NRCS Central A2 2017 423000 3810000 LAS 2018,LAZ,2017-12-30,2018-02-01,2018-12-12,106764895,-105.838160798,34.4287257136,-105.821702085,34.4421409007,5c1a4741e4b0708288c32103,https://www.sciencebase.gov/catalog/item/5c1a4741e4b0708288c32103,https://rockyweb.usgs.gov/vdelivery/Datasets/Staged/Elevation/LPC/Projects/USGS_LPC_NM_NRCS_Central_A2_2017_LAS_2018/laz/USGS_LPC_NM_NRCS_Central_A2_2017_423000_3810000_LAS_2018.laz
US-Wjs,NM NRCS Central A2 2017 423000 3811500 LAS,2018,USGS Lidar Point Cloud NM NRCS Central A2 2017 423000 3811500 LAS 2018,LAZ,2017-12-30,2018-02-01,2018-12-12,94234592,-105.838295929,34.4422517361,-105.821834497,34.4556668371,5c1a474ae4b0708288c3212a,https://www.sciencebase.gov/catalog/item/5c1a474ae4b0708288c3212a,https://rockyweb.usgs.gov/vdelivery/Datasets/Staged/Elevation/LPC/Projects/USGS_LPC_NM_NRCS_Central_A2_2017_LAS_2018/laz/USGS_LPC_NM_NRCS_Central_A2_2017_423000_3811500_LAS_2018.laz
US-Wjs,NM NRCS Central A2 2017 423000 3813000 LAS,2018,USGS Lidar Point Cloud NM NRCS Central A2 2017 423000 3813000 LAS 2018,LAZ,2017-12-30,2018-02-01,2018-12-12,93236100,-105.838431151,34.4557777282,-105.821966997,34.469192743,5c1a474ae4b0708288c3212d,https://www.sciencebase.gov/catalog/item/5c1a474ae4b0708288c3212d,https://rockyweb.usgs.gov/vdelivery/Datasets/Staged/Elevation/LPC/Projects/USGS_LPC_NM_NRCS_Central_A2_2017_LAS_2018/laz/USGS_LPC_NM_NRCS_Central_A2_2017_423000_3813000_LAS_2018.laz
US-Wjs,NM NRCS Central A2 2017 423000 3814500 LAS,2018,USGS Lidar Point Cloud NM NRCS Central A2 2017 423000 3814500 LAS 2018,LAZ,2017-12-30,2018-02-01,2018-12-12,99690624,-105.838566463,34.4693036899,-105.822099586,34.4827186184,5c1a474ae4b0708288c32130,https://www.sciencebase.gov/catalog/item/5c1a474ae4b0708288c32130,https://rockyweb.usgs.gov/vdelivery/Datasets/Staged/Elevation/LPC/Projects/USGS_LPC_NM_NRCS_Central_A2_2017_LAS_2018/laz/USGS_LPC_NM_NRCS_Central_A2_2017_423000_3814500_LAS_2018.laz
US-Wjs,NM NRCS Central A2 2017 424500 3804000 LAS,2018,USGS Lidar Point Cloud NM NRCS Central A2 2017 424500 3804000 LAS 2018,LAZ,2017-12-30,2018-02-01,2018-12-12,94123755,-105.821305368,34.374729693,-105.804860051,34.3881474545,5c1a4759e4b0708288c32194,https://www.sciencebase.gov/catalog/item/5c1a4759e4b0708288c32194,https://rockyweb.usgs.gov/vdelivery/Datasets/Staged/Elevation/LPC/Projects/USGS_LPC_NM_NRCS_Central_A2_2017_LAS_2018/laz/USGS_LPC_NM_NRCS_Central_A2_2017_424500_3804000_LAS_2018.laz
US-Wjs,NM NRCS Central A2 2017 424500 3805500 LAS,2018,USGS Lidar Point Cloud NM NRCS Central A2 2017 424500 3805500 LAS 2018,LAZ,2017-12-30,2018-02-01,2018-12-12,116514234,-105.821437515,34.3882558918,-105.804989488,34.4016735683,5c1a4759e4b0708288c32198,https://www.sciencebase.gov/catalog/item/5c1a4759e4b0708288c32198,https://rockyweb.usgs.gov/vdelivery/Datasets/Staged/Elevation/LPC/Projects/USGS_LPC_NM_NRCS_Central_A2_2017_LAS_2018/laz/USGS_LPC_NM_NRCS_Central_A2_2017_424500_3805500_LAS_2018.laz
US-Wjs,NM NRCS Central A2 2017 424500 3807000 LAS,2018,USGS Lidar Point Cloud NM NRCS Central A2 2017 424500 3807000 LAS 2018,LAZ,2017-12-30,2018-02-01,2018-12-12,105128888,-105.821569751,34.4017820602,-105.80511901,34.4151996516,5c1a4759e4b0708288c3219c,https://www.sciencebase.gov/catalog/item/5c1a4759e4b0708288c3219c,https://rockyweb.usgs.gov/vdelivery/Datasets/Staged/Elevation/LPC/Projects/USGS_LPC_NM_NRCS_Central_A2_2017_LAS_2018/laz/USGS_LPC_NM_NRCS_Central_A2_2017_424500_3807000_LAS_2018.laz
US-Wjs,NM NRCS Central A2 2017 424500 3808500 LAS,2018,USGS Lidar Point Cloud NM NRCS Central A2 2017 424500 3808500 LAS 2018,LAZ,2017-12-30,2018-02-01,2018-12-12,105706529,-105.821702074,34.4153081982,-105.80524862,34.4287257046,5c1a4759e4b0708288c3219f,https://www.sciencebase.gov/catalog/item/5c1a4759e4b0708288c3219f,https://rockyweb.usgs.gov/vdelivery/Datasets/Staged/Elevation/LPC/Projects/USGS_LPC_NM_NRCS_Central_A2_2017_LAS_2018/laz/USGS_LPC_NM_NRCS_Central_A2_2017_424500_3808500_LAS_2018.laz
US-Wjs,NM NRCS Central A2 2017 424500 3810000 LAS,2018,USGS Lidar Point Cloud NM NRCS Central A2 2017 424500 3810000 LAS 2018,LAZ,2017-12-30,2018-02-01,2018-12-12,112812171,-105.821834486,34.4288343058,-105.805378315,34.4422517272,5c1a4762e4b0708288c321c7,https://www.sciencebase.gov/catalog/item/5c1a4762e4b0708288c321c7,https://rockyweb.usgs.gov/vdelivery/Datasets/Staged/Elevation/LPC/Projects/USGS_LPC_NM_NRCS_Central_A2_2017_LAS_2018/laz/USGS_LPC_NM_NRCS_Central_A2_2017_424500_3810000_LAS_2018.laz
US-Wjs,NM NRCS Central A2 2017 424500 3811500 LAS,2018,USGS Lidar Point Cloud NM NRCS Central A2 2017 424500 3811500 LAS 2018,LAZ,2017-12-30,2018-02-01,2018-12-12,87779673,-105.821966986,34.442360383,-105.805508097,34.4557777193,5c1a4762e4b0708288c321ca,https://www.sciencebase.gov/catalog/item/5c1a4762e4b0708288c321ca,https://rockyweb.usgs.gov/vdelivery/Datasets/Staged/Elevation/LPC/Projects/USGS_LPC_NM_NRCS_Central_A2_2017_LAS_2018/laz/USGS_LPC_NM_NRCS_Central_A2_2017_424500_3811500_LAS_2018.laz
US-Wjs,NM NRCS Central A2 2017 424500 3813000 LAS,2018,USGS Lidar Point Cloud NM NRCS Central A2 2017 424500 3813000 LAS 2018,LAZ,2017-12-30,2018-02-01,2018-12-12,90593203,-105.822099575,34.4558864298,-105.805637966,34.469303681,5c1a4762e4b0708288c321cc,https://www.sciencebase.gov/catalog/item/5c1a4762e4b0708288c321cc,https://rockyweb.usgs.gov/vdelivery/Datasets/Staged/Elevation/LPC/Projects/USGS_LPC_NM_NRCS_Central_A2_2017_LAS_2018/laz/USGS_LPC_NM_NRCS_Central_A2_2017_424500_3813000_LAS_2018.laz
US-Wjs,NM NRCS Central A2 2017 424500 3814500 LAS,2018,USGS Lidar Point Cloud NM NRCS Central A2 2017 424500 3814500 LAS 2018,LAZ,2017-12-30,2018-02-01,2018-12-12,85643601,-105.822232252,34.4694124462,-105.805767921,34.4828296122,5c1a4762e4b0708288c321d0,https://www.sciencebase.gov/catalog/item/5c1a4762e4b0708288c321d0,https://rockyweb.usgs.gov/vdelivery/Datasets/Staged/Elevation/LPC/Projects/USGS_LPC_NM_NRCS_Central_A2_2017_LAS_2018/laz/USGS_LPC_NM_NRCS_Central_A2_2017_424500_3814500_LAS_2018.laz
US-Wjs,NM_SouthEast_2018_D19,13S_DU_15499_04000,USGS Lidar Point Cloud NM_SouthEast_2018_D19 13S_DU_15499_04000,LAZ,2018-11-17,2018-12-23,2020-11-05,43060900,-105.91919881621901,34.373925431481766,-105.90273831837305,34.38757268577442,60d2ce55d34e84098652be26,https://www.sciencebase.gov/catalog/item/60d2ce55d34e84098652be26,https://rockyweb.usgs.gov/vdelivery/Datasets/Staged/Elevation/LPC/Projects/NM_SouthEast_2018_D19/NM_SouthEast_B8_2018/LAZ/USGS_LPC_NM_SouthEast_2018_D19_13S_DU_15499_04000.laz
US-Wjs,NM_SouthEast_2018_D19,13S_DU_15499_04000,USGS Lidar Point Cloud NM_SouthEast_2018_D19 13S_DU_15499_04000,LAZ,2018-11-17,2018-12-23,2020-11-05,43060899,-105.91919881621901,34.373925431481766,-105.90273831837305,34.38757268577442,5fa71662d34ed3698f957940,https://www.sciencebase.gov/catalog/item/5fa71662d34ed3698f957940,https://rockyweb.usgs.gov/vdelivery/Datasets/Staged/Elevation/LPC/Projects/NM_SouthEast_2018_D19/NM_SouthEast_B8_2018/LAZ/USGS_LPC_NM_SouthEast_2018_D19_13S_DU_15499_04000.laz
US-Wjs,NM_SouthEast_2018_D19,13S_DU_15499_05500,USGS Lidar Point Cloud NM_SouthEast_2018_D19 13S_DU_15499_05500,LAZ,2018-11-17,2018-12-23,2020-11-05,43234235,-105.91934670937006,34.38745122512313,-105.90288349056874,34.40109851008531,60d2ce55d34e84098652be24,https://www.sciencebase.gov/catalog/item/60d2ce55d34e84098652be24,https://rockyweb.usgs.gov/vdelivery/Datasets/Staged/Elevation/LPC/Projects/NM_SouthEast_2018_D19/NM_SouthEast_B8_2018/LAZ/USGS_LPC_NM_SouthEast_2018_D19_13S_DU_15499_05500.laz
US-Wjs,NM_SouthEast_2018_D19,13S_DU_15499_05500,USGS Lidar Point Cloud NM_SouthEast_2018_D19 13S_DU_15499_05500,LAZ,2018-11-17,2018-12-23,2020-11-05,43234235,-105.91934670937006,34.38745122512313,-105.90288349056874,34.40109851008531,5fa71662d34ed3698f957942,https://www.sciencebase.gov/catalog/item/5fa71662d34ed3698f957942,https://rockyweb.usgs.gov/vdelivery/Datasets/Staged/Elevation/LPC/Projects/NM_SouthEast_2018_D19/NM_SouthEast_B8_2018/LAZ/USGS_LPC_NM_SouthEast_2018_D19_13S_DU_15499_05500.laz
US-Wjs,NM_SouthEast_2018_D19,13S_DU_15499_07000,USGS Lidar Point Cloud NM_SouthEast_2018_D19 13S_DU_15499_07000,LAZ,2018-11-17,2018-12-23,2020-11-05,42083962,-105.91949470113542,34.40097698825435,-105.90302875956668,34.414624303899544,5fa71662d34ed3698f957944,https://www.sciencebase.gov/catalog/item/5fa71662d34ed3698f957944,https://rockyweb.usgs.gov/vdelivery/Datasets/Staged/Elevation/LPC/Projects/NM_SouthEast_2018_D19/NM_SouthEast_B8_2018/LAZ/USGS_LPC_NM_SouthEast_2018_D19_13S_DU_15499_07000.laz
US-Wjs,NM_SouthEast_2018_D19,13S_DU_15499_07000,USGS Lidar Point Cloud NM_SouthEast_2018_D19 13S_DU_15499_07000,LAZ,2018-11-17,2018-12-23,2020-11-05,42083962,-105.91949470113542,34.40097698825435,-105.90302875956668,34.414624303899544,60d2ce54d34e84098652be22,https://www.sciencebase.gov/catalog/item/60d2ce54d34e84098652be22,https://rockyweb.usgs.gov/vdelivery/Datasets/Staged/Elevation/LPC/Projects/NM_SouthEast_2018_D19/NM_SouthEast_B8_2018/LAZ/USGS_LPC_NM_SouthEast_2018_D19_13S_DU_15499_07000.laz
US-Wjs,NM_SouthEast_2018_D19,13S_DU_15499_08500,USGS Lidar Point Cloud NM_SouthEast_2018_D19 13S_DU_15499_08500,LAZ,2018-11-17,2018-12-23,2020-11-05,34409505,-105.91964279157895,34.414502720869564,-105.90317412542954,34.42815006721126,5fa71662d34ed3698f957946,https://www.sciencebase.gov/catalog/item/5fa71662d34ed3698f957946,https://rockyweb.usgs.gov/vdelivery/Datasets/Staged/Elevation/LPC/Projects/NM_SouthEast_2018_D19/NM_SouthEast_B8_2018/LAZ/USGS_LPC_NM_SouthEast_2018_D19_13S_DU_15499_08500.laz
US-Wjs,NM_SouthEast_2018_D19,13S_DU_15499_08500,USGS Lidar Point Cloud NM_SouthEast_2018_D19 13S_DU_15499_08500,LAZ,2018-11-17,2018-12-23,2020-11-05,34409506,-105.91964279157895,34.414502720869564,-105.90317412542954,34.42815006721126,60d2ce54d34e84098652be20,https://www.sciencebase.gov/catalog/item/60d2ce54d34e84098652be20,https://rockyweb.usgs.gov/vdelivery/Datasets/Staged/Elevation/LPC/Projects/NM_SouthEast_2018_D19/NM_SouthEast_B8_2018/LAZ/USGS_LPC_NM_SouthEast_2018_D19_13S_DU_15499_08500.laz
US-Wjs,NM_SouthEast_2018_D19,13S_DU_15499_10000,USGS Lidar Point Cloud NM_SouthEast_2018_D19 13S_DU_15499_10000,LAZ,2018-11-17,2018-12-23,2020-11-05,13162864,-105.91975058942036,34.42802842296294,-105.90714419142087,34.43796171989861,60d2ce54d34e84098652be1e,https://www.sciencebase.gov/catalog/item/60d2ce54d34e84098652be1e,https://rockyweb.usgs.gov/vdelivery/Datasets/Staged/Elevation/LPC/Projects/NM_SouthEast_2018_D19/NM_SouthEast_B8_2018/LAZ/USGS_LPC_NM_SouthEast_2018_D19_13S_DU_15499_10000.laz
US-Wjs,NM_SouthEast_2018_D19,13S_DU_15499_10000,USGS Lidar Point Cloud NM_SouthEast_2018_D19 13S_DU_15499_10000,LAZ,2018-11-17,2018-12-23,2020-11-05,13162863,-105.91975058942036,34.42802842296294,-105.90714419142087,34.43796171989861,5fa71662d34ed3698f957948,https://www.sciencebase.gov/catalog/item/5fa71662d34ed3698f957948,https://rockyweb.usgs.gov/vdelivery/Datasets/Staged/Elevation/LPC/Projects/NM_SouthEast_2018_D19/NM_SouthEast_B8_2018/LAZ/USGS_LPC_NM_SouthEast_2018_D19_13S_DU_15499_10000.laz
US-Wjs,NM_SouthEast_2018_D19,13S_DU_16999_04000,USGS Lidar Point Cloud NM_SouthEast_2018_D19 13S_DU_16999_04000,LAZ,2018-11-17,2018-12-23,2020-11-05,46042953,-105.9028834794982,34.374046849087414,-105.88642550731603,34.38769198957938,5fa71663d34ed3698f95794e,https://www.sciencebase.gov/catalog/item/5fa71663d34ed3698f95794e,https://rockyweb.usgs.gov/vdelivery/Datasets/Staged/Elevation/LPC/Projects/NM_SouthEast_2018_D19/NM_SouthEast_B8_2018/LAZ/USGS_LPC_NM_SouthEast_2018_D19_13S_DU_16999_04000.laz
US-Wjs,NM_SouthEast_2018_D19,13S_DU_16999_04000,USGS Lidar Point Cloud NM_SouthEast_2018_D19 13S_DU_16999_04000,LAZ,2018-11-17,2018-12-23,2020-11-05,46042953,-105.9028834794982,34.374046849087414,-105.88642550731603,34.38769198957938,60d2ce4ed34e84098652be18,https://www.sciencebase.gov/catalog/item/60d2ce4ed34e84098652be18,https://rockyweb.usgs.gov/vdelivery/Datasets/Staged/Elevation/LPC/Projects/NM_SouthEast_2018_D19/NM_SouthEast_B8_2018/LAZ/USGS_LPC_NM_SouthEast_2018_D19_13S_DU_16999_04000.laz
US-Wjs,NM_SouthEast_2018_D19,13S_DU_16999_05500,USGS Lidar Point Cloud NM_SouthEast_2018_D19 13S_DU_16999_05500,LAZ,2018-11-17,2018-12-23,2020-11-05,43571783,-105.90302874849425,34.387572703889134,-105.88656805704228,34.401217873974765,60d2ce4ed34e84098652be16,https://www.sciencebase.gov/catalog/item/60d2ce4ed34e84098652be16,https://rockyweb.usgs.gov/vdelivery/Datasets/Staged/Elevation/LPC/Projects/NM_SouthEast_2018_D19/NM_SouthEast_B8_2018/LAZ/USGS_LPC_NM_SouthEast_2018_D19_13S_DU_16999_05500.laz
US-Wjs,NM_SouthEast_2018_D19,13S_DU_16999_05500,USGS Lidar Point Cloud NM_SouthEast_2018_D19 13S_DU_16999_05500,LAZ,2018-11-17,2018-12-23,2020-11-05,43571782,-105.90302874849425,34.387572703889134,-105.88656805704228,34.401217873974765,5fa71663d34ed3698f957950,https://www.sciencebase.gov/catalog/item/5fa71663d34ed3698f957950,https://rockyweb.usgs.gov/vdelivery/Datasets/Staged/Elevation/LPC/Projects/NM_SouthEast_2018_D19/NM_SouthEast_B8_2018/LAZ/USGS_LPC_NM_SouthEast_2018_D19_13S_DU_16999_05500.laz
US-Wjs,NM_SouthEast_2018_D19,13S_DU_16999_07000,USGS Lidar Point Cloud NM_SouthEast_2018_D19 13S_DU_16999_07000,LAZ,2018-11-17,2018-12-23,2020-11-05,34276951,-105.90317411435524,34.40109852820003,-105.88671070182251,34.41474372789247,5fa71663d34ed3698f957952,https://www.sciencebase.gov/catalog/item/5fa71663d34ed3698f957952,https://rockyweb.usgs.gov/vdelivery/Datasets/Staged/Elevation/LPC/Projects/NM_SouthEast_2018_D19/NM_SouthEast_B8_2018/LAZ/USGS_LPC_NM_SouthEast_2018_D19_13S_DU_16999_07000.laz
US-Wjs,NM_SouthEast_2018_D19,13S_DU_16999_07000,USGS Lidar Point Cloud NM_SouthEast_2018_D19 13S_DU_16999_07000,LAZ,2018-11-17,2018-12-23,2020-11-05,34276951,-105.90317411435524,34.40109852820003,-105.88671070182251,34.41474372789247,60d2ce4ed34e84098652be14,https://www.sciencebase.gov/catalog/item/60d2ce4ed34e84098652be14,https://rockyweb.usgs.gov/vdelivery/Datasets/Staged/Elevation/LPC/Projects/NM_SouthEast_2018_D19/NM_SouthEast_B8_2018/LAZ/USGS_LPC_NM_SouthEast_2018_D19_13S_DU_16999_07000.laz
US-Wjs,NM_SouthEast_2018_D19,13S_DU_16999_08500,USGS Lidar Point Cloud NM_SouthEast_2018_D19 13S_DU_16999_08500,LAZ,2018-11-17,2018-12-23,2020-11-05,15047414,-105.90326678505369,34.41462432201427,-105.88991124879489,34.42333952052759,60d2ce4dd34e84098652be12,https://www.sciencebase.gov/catalog/item/60d2ce4dd34e84098652be12,https://rockyweb.usgs.gov/vdelivery/Datasets/Staged/Elevation/LPC/Projects/NM_SouthEast_2018_D19/NM_SouthEast_B8_2018/LAZ/USGS_LPC_NM_SouthEast_2018_D19_13S_DU_16999_08500.laz
US-Wjs,NM_SouthEast_2018_D19,13S_DU_16999_08500,USGS Lidar Point Cloud NM_SouthEast_2018_D19 13S_DU_16999_08500,LAZ,2018-11-17,2018-12-23,2020-11-05,15047413,-105.90326678505369,34.41462432201427,-105.88991124879489,34.42333952052759,5fa71664d34ed3698f957954,https://www.sciencebase.gov/catalog/item/5fa71664d34ed3698f957954,https://rockyweb.usgs.gov/vdelivery/Datasets/Staged/Elevation/LPC/Projects/NM_SouthEast_2018_D19/NM_SouthEast_B8_2018/LAZ/USGS_LPC_NM_SouthEast_2018_D19_13S_DU_16999_08500.laz
US-Wjs,NM_SouthEast_2018_D19,13S_DU_18499_04000,USGS Lidar Point Cloud NM_SouthEast_2018_D19 13S_DU_18499_04000,LAZ,2018-11-17,2018-12-23,2020-11-05,47923083,-105.88656804597517,34.3741660928255,-105.87011264476777,34.387809118070415,60d2ce4dd34e84098652be0c,https://www.sciencebase.gov/catalog/item/60d2ce4dd34e84098652be0c,https://rockyweb.usgs.gov/vdelivery/Datasets/Staged/Elevation/LPC/Projects/NM_SouthEast_2018_D19/NM_SouthEast_B8_2018/LAZ/USGS_LPC_NM_SouthEast_2018_D19_13S_DU_18499_04000.laz
US-Wjs,NM_SouthEast_2018_D19,13S_DU_18499_04000,USGS Lidar Point Cloud NM_SouthEast_2018_D19 13S_DU_18499_04000,LAZ,2018-11-17,2018-12-23,2020-11-05,47923082,-105.88656804597517,34.3741660928255,-105.87011264476777,34.387809118070415,5fa71664d34ed3698f95795a,https://www.sciencebase.gov/catalog/item/5fa71664d34ed3698f95795a,https://rockyweb.usgs.gov/vdelivery/Datasets/Staged/Elevation/LPC/Projects/NM_SouthEast_2018_D19/NM_SouthEast_B8_2018/LAZ/USGS_LPC_NM_SouthEast_2018_D19_13S_DU_18499_04000.laz
US-Wjs,NM_SouthEast_2018_D19,13S_DU_18499_05500,USGS Lidar Point Cloud NM_SouthEast_2018_D19 13S_DU_18499_05500,LAZ,2018-11-17,2018-12-23,2020-11-05,39819595,-105.88671069075352,34.387692007692735,-105.87025259372417,34.40133506130008,60d2ce4dd34e84098652be0a,https://www.sciencebase.gov/catalog/item/60d2ce4dd34e84098652be0a,https://rockyweb.usgs.gov/vdelivery/Datasets/Staged/Elevation/LPC/Projects/NM_SouthEast_2018_D19/NM_SouthEast_B8_2018/LAZ/USGS_LPC_NM_SouthEast_2018_D19_13S_DU_18499_05500.laz
US-Wjs,NM_SouthEast_2018_D19,13S_DU_18499_05500,USGS Lidar Point Cloud NM_SouthEast_2018_D19 13S_DU_18499_05500,LAZ,2018-11-17,2018-12-23,2020-11-05,39819594,-105.88671069075352,34.387692007692735,-105.87025259372417,34.40133506130008,5fa71664d34ed3698f95795c,https://www.sciencebase.gov/catalog/item/5fa71664d34ed3698f95795c,https://rockyweb.usgs.gov/vdelivery/Datasets/Staged/Elevation/LPC/Projects/NM_SouthEast_2018_D19/NM_SouthEast_B8_2018/LAZ/USGS_LPC_NM_SouthEast_2018_D19_13S_DU_18499_05500.laz
US-Wjs,NM_SouthEast_2018_D19,13S_DU_18499_07000,USGS Lidar Point Cloud NM_SouthEast_2018_D19 13S_DU_18499_07000,LAZ,2018-11-17,2018-12-23,2020-11-05,22090242,-105.88678687867255,34.40121789216696,-105.8703925815992,34.40855672156166,60d2ce4dd34e84098652be08,https://www.sciencebase.gov/catalog/item/60d2ce4dd34e84098652be08,https://rockyweb.usgs.gov/vdelivery/Datasets/Staged/Elevation/LPC/Projects/NM_SouthEast_2018_D19/NM_SouthEast_B8_2018/LAZ/USGS_LPC_NM_SouthEast_2018_D19_13S_DU_18499_07000.laz
US-Wjs,NM_SouthEast_2018_D19,13S_DU_18499_07000,USGS Lidar Point Cloud NM_SouthEast_2018_D19 13S_DU_18499_07000,LAZ,2018-11-17,2018-12-23,2020-11-05,22090241,-105.88678687867255,34.40121789216696,-105.8703925815992,34.40855672156166,5fa71665d34ed3698f95795e,https://www.sciencebase.gov/catalog/item/5fa71665d34ed3698f95795e,https://rockyweb.usgs.gov/vdelivery/Datasets/Staged/Elevation/LPC/Projects/NM_SouthEast_2018_D19/NM_SouthEast_B8_2018/LAZ/USGS_LPC_NM_SouthEast_2018_D19_13S_DU_18499_07000.laz
US-Wjs,NM_SouthEast_2018_D19,13S_DU_19999_04000,USGS Lidar Point Cloud NM_SouthEast_2018_D19 13S_DU_19999_04000,LAZ,2018-11-17,2018-12-23,2020-11-05,40243352,-105.87025251739819,34.37428316265397,-105.85379960197186,34.387924072134474,5fa71665d34ed3698f957964,https://www.sciencebase.gov/catalog/item/5fa71665d34ed3698f957964,https://rockyweb.usgs.gov/vdelivery/Datasets/Staged/Elevation/LPC/Projects/NM_SouthEast_2018_D19/NM_SouthEast_B8_2018/LAZ/USGS_LPC_NM_SouthEast_2018_D19_13S_DU_19999_04000.laz
US-Wjs,NM_SouthEast_2018_D19,13S_DU_19999_04000,USGS Lidar Point Cloud NM_SouthEast_2018_D19 13S_DU_19999_04000,LAZ,2018-11-17,2018-12-23,2020-11-05,40243353,-105.87025251739819,34.37428316265397,-105.85379960197186,34.387924072134474,60d2ce4cd34e84098652be02,https://www.sciencebase.gov/catalog/item/60d2ce4cd34e84098652be02,https://rockyweb.usgs.gov/vdelivery/Datasets/Staged/Elevation/LPC/Projects/NM_SouthEast_2018_D19/NM_SouthEast_B8_2018/LAZ/USGS_LPC_NM_SouthEast_2018_D19_13S_DU_19999_04000.laz
US-Wjs,NM_SouthEast_2018_D19,13S_DU_19999_05500,USGS Lidar Point Cloud NM_SouthEast_2018_D19 13S_DU_19999_05500,LAZ,2018-11-17,2018-12-23,2020-11-05,35795377,-105.87039253789725,34.387809136491825,-105.85393698271564,34.401450072881474,60d2ce4cd34e84098652be00,https://www.sciencebase.gov/catalog/item/60d2ce4cd34e84098652be00,https://rockyweb.usgs.gov/vdelivery/Datasets/Staged/Elevation/LPC/Projects/NM_SouthEast_2018_D19/NM_SouthEast_B8_2018/LAZ/USGS_LPC_NM_SouthEast_2018_D19_13S_DU_19999_05500.laz
US-Wjs,NM_SouthEast_2018_D19,13S_DU_19999_05500,USGS Lidar Point Cloud NM_SouthEast_2018_D19 13S_DU_19999_05500,LAZ,2018-11-17,2018-12-23,2020-11-05,35795377,-105.87039253789725,34.387809136491825,-105.85393698271564,34.401450072881474,5fa71665d34ed3698f957966,https://www.sciencebase.gov/catalog/item/5fa71665d34ed3698f957966,https://rockyweb.usgs.gov/vdelivery/Datasets/Staged/Elevation/LPC/Projects/NM_SouthEast_2018_D19/NM_SouthEast_B8_2018/LAZ/USGS_LPC_NM_SouthEast_2018_D19_13S_DU_19999_05500.laz
US-Wjs,NM_SouthEast_2018_D19,13S_DU_19999_07000,USGS Lidar Point Cloud NM_SouthEast_2018_D19 13S_DU_19999_07000,LAZ,2018-11-17,2018-12-23,2020-11-05,16492943,-105.87046561757639,34.40133507987646,-105.8546037442439,34.40850229174358,5fa71666d34ed3698f957968,https://www.sciencebase.gov/catalog/item/5fa71666d34ed3698f957968,https://rockyweb.usgs.gov/vdelivery/Datasets/Staged/Elevation/LPC/Projects/NM_SouthEast_2018_D19/NM_SouthEast_B8_2018/LAZ/USGS_LPC_NM_SouthEast_2018_D19_13S_DU_19999_07000.laz
US-Wjs,NM_SouthEast_2018_D19,13S_DU_19999_07000,USGS Lidar Point Cloud NM_SouthEast_2018_D19 13S_DU_19999_07000,LAZ,2018-11-17,2018-12-23,2020-11-05,16492944,-105.87046561757639,34.40133507987646,-105.8546037442439,34.40850229174358,60d2ce4bd34e84098652bdfe,https://www.sciencebase.gov/catalog/item/60d2ce4bd34e84098652bdfe,https://rockyweb.usgs.gov/vdelivery/Datasets/Staged/Elevation/LPC/Projects/NM_SouthEast_2018_D19/NM_SouthEast_B8_2018/LAZ/USGS_LPC_NM_SouthEast_2018_D19_13S_DU_19999_07000.laz
US-Wjs,NM_SouthEast_2018_D19,13S_DU_21499_04000,USGS Lidar Point Cloud NM_SouthEast_2018_D19 13S_DU_21499_04000,LAZ,2018-11-17,2018-12-23,2020-11-05,42022577,-105.85393689551562,34.37439805853147,-105.83748692444529,34.388036847973176,60d2ce4bd34e84098652bdf8,https://www.sciencebase.gov/catalog/item/60d2ce4bd34e84098652bdf8,https://rockyweb.usgs.gov/vdelivery/Datasets/Staged/Elevation/LPC/Projects/NM_SouthEast_2018_D19/NM_SouthEast_B8_2018/LAZ/USGS_LPC_NM_SouthEast_2018_D19_13S_DU_21499_04000.laz
US-Wjs,NM_SouthEast_2018_D19,13S_DU_21499_04000,USGS Lidar Point Cloud NM_SouthEast_2018_D19 13S_DU_21499_04000,LAZ,2018-11-17,2018-12-23,2020-11-05,42022576,-105.85393689551562,34.37439805853147,-105.83748692444529,34.388036847973176,5fa71666d34ed3698f95796e,https://www.sciencebase.gov/catalog/item/5fa71666d34ed3698f95796e,https://rockyweb.usgs.gov/vdelivery/Datasets/Staged/Elevation/LPC/Projects/NM_SouthEast_2018_D19/NM_SouthEast_B8_2018/LAZ/USGS_LPC_NM_SouthEast_2018_D19_13S_DU_21499_04000.laz
US-Wjs,NM_SouthEast_2018_D19,13S_DU_21499_05500,USGS Lidar Point Cloud NM_SouthEast_2018_D19 13S_DU_21499_05500,LAZ,2018-11-17,2018-12-23,2020-11-05,16285186,-105.85399682481528,34.38792409032099,-105.83762159558802,34.39393881196934,60d2ce4ad34e84098652bdf6,https://www.sciencebase.gov/catalog/item/60d2ce4ad34e84098652bdf6,https://rockyweb.usgs.gov/vdelivery/Datasets/Staged/Elevation/LPC/Projects/NM_SouthEast_2018_D19/NM_SouthEast_B8_2018/LAZ/USGS_LPC_NM_SouthEast_2018_D19_13S_DU_21499_05500.laz
US-Wjs,NM_SouthEast_2018_D19,13S_DU_21499_05500,USGS Lidar Point Cloud NM_SouthEast_2018_D19 13S_DU_21499_05500,LAZ,2018-11-17,2018-12-23,2020-11-05,16285186,-105.85399682481528,34.38792409032099,-105.83762159558802,34.39393881196934,5fa71666d34ed3698f957970,https://www.sciencebase.gov/catalog/item/5fa71666d34ed3698f957970,https://rockyweb.usgs.gov/vdelivery/Datasets/Staged/Elevation/LPC/Projects/NM_SouthEast_2018_D19/NM_SouthEast_B8_2018/LAZ/USGS_LPC_NM_SouthEast_2018_D19_13S_DU_21499_05500.laz
US-Wjs,NM_SouthEast_2018_D19,13S_DU_22999_04000,USGS Lidar Point Cloud NM_SouthEast_2018_D19 13S_DU_22999_04000,LAZ,2018-11-17,2018-12-23,2020-11-05,14380880,-105.8376211673457,34.37451078041753,-105.8211733306359,34.38814597548793,60d2ce4ad34e84098652bdf0,https://www.sciencebase.gov/catalog/item/60d2ce4ad34e84098652bdf0,https://rockyweb.usgs.gov/vdelivery/Datasets/Staged/Elevation/LPC/Projects/NM_SouthEast_2018_D19/NM_SouthEast_B8_2018/LAZ/USGS_LPC_NM_SouthEast_2018_D19_13S_DU_22999_04000.laz
US-Wjs,NM_SouthEast_2018_D19,13S_DU_22999_04000,USGS Lidar Point Cloud NM_SouthEast_2018_D19 13S_DU_22999_04000,LAZ,2018-11-17,2018-12-23,2020-11-05,14380880,-105.8376211673457,34.37451078041753,-105.8211733306359,34.38814597548793,5fa71667d34ed3698f957976,https://www.sciencebase.gov/catalog/item/5fa71667d34ed3698f957976,https://rockyweb.usgs.gov/vdelivery/Datasets/Staged/Elevation/LPC/Projects/NM_SouthEast_2018_D19/NM_SouthEast_B8_2018/LAZ/USGS_LPC_NM_SouthEast_2018_D19_13S_DU_22999_04000.laz
US-Wjs,NM_SouthEast_2018_D19,13S_DU_22999_05500,USGS Lidar Point Cloud NM_SouthEast_2018_D19 13S_DU_22999_05500,LAZ,2018-11-17,2018-12-23,2020-11-05,218063,-105.83767139623353,34.38803701333895,-105.83717271783873,34.39308279033326,5fa71667d34ed3698f957978,https://www.sciencebase.gov/catalog/item/5fa71667d34ed3698f957978,https://rockyweb.usgs.gov/vdelivery/Datasets/Staged/Elevation/LPC/Projects/NM_SouthEast_2018_D19/NM_SouthEast_B8_2018/LAZ/USGS_LPC_NM_SouthEast_2018_D19_13S_DU_22999_05500.laz
US-Wjs,NM_SouthEast_2018_D19,13S_DU_22999_05500,USGS Lidar Point Cloud NM_SouthEast_2018_D19 13S_DU_22999_05500,LAZ,2018-11-17,2018-12-23,2020-11-05,218064,-105.83767139623353,34.38803701333895,-105.83717271783873,34.39308279033326,60d2ce4ad34e84098652bdee,https://www.sciencebase.gov/catalog/item/60d2ce4ad34e84098652bdee,https://rockyweb.usgs.gov/vdelivery/Datasets/Staged/Elevation/LPC/Projects/NM_SouthEast_2018_D19/NM_SouthEast_B8_2018/LAZ/USGS_LPC_NM_SouthEast_2018_D19_13S_DU_22999_05500.laz
