row,col,x,y,year,OGI,50PCGI,OGMx,Peak,OGD,50PCGD,OGMn,NumCycles,QA
16,28,415924.5,3814624.5,2022,151.0,209.0,229.0,238.0,249.0,268.0,308.0,1.0,1.0
11,48,415984.5,3814639.5,2022,149.0,210.0,229.0,239.0,249.0,269.0,308.0,1.0,1.0
10,81,416083.5,3814642.5,2022,150.0,211.0,231.0,241.0,252.0,271.0,306.0,1.0,1.0
17,113,416179.5,3814621.5,2022,146.0,212.0,231.0,241.0,252.0,272.0,306.0,1.0,1.0
7,121,416203.5,3814651.5,2022,153.0,211.0,231.0,241.0,252.0,272.0,306.0,1.0,1.0
22,153,416299.5,3814606.5,2022,150.0,209.0,230.0,240.0,251.0,272.0,309.0,1.0,1.0
10,181,416383.5,3814642.5,2022,149.0,183.0,230.0,241.0,252.0,272.0,305.0,1.0,1.0
29,226,416518.5,3814585.5,2022,152.0,185.0,231.0,241.0,251.0,271.0,311.0,1.0,1.0
28,266,416638.5,3814588.5,2022,148.0,210.0,230.0,240.0,250.0,271.0,304.0,1.0,1.0
25,278,416674.5,3814597.5,2022,149.0,213.0,231.0,240.0,250.0,269.0,303.0,1.0,1.0
9,308,416764.5,3814645.5,2022,149.0,213.0,231.0,240.0,250.0,269.0,305.0,1.0,1.0
11,359,416917.5,3814639.5,2022,144.0,209.0,229.0,238.0,249.0,267.0,302.0,1.0,1.0
12,376,416968.5,3814636.5,2022,144.0,206.0,229.0,239.0,249.0,269.0,305.0,1.0,1.0
24,416,417088.5,3814600.5,2022,151.0,209.0,229.0,238.0,248.0,266.0,293.0,1.0,1.0
19,430,417130.5,3814615.5,2022,151.0,209.0,229.0,238.0,247.0,265.0,295.0,1.0,1.0
14,460,417220.5,3814630.5,2022,160.0,209.0,228.0,237.0,247.0,265.0,292.0,1.0,1.0
28,495,417325.5,3814588.5,2022,148.0,209.0,228.0,237.0,246.0,263.0,287.0,1.0,1.0
11,531,417433.5,3814639.5,2022,166.0,211.0,229.0,237.0,246.0,263.0,287.0,1.0,1.0
6,564,417532.5,3814654.5,2022,156.0,208.0,228.0,237.0,247.0,265.0,289.0,1.0,1.0
2,576,417568.5,3814666.5,2022,147.0,208.0,229.0,238.0,248.0,266.0,295.0,1.0,1.0
10,611,417673.5,3814642.5,2022,158.0,213.0,230.0,238.0,248.0,265.0,291.0,1.0,1.0
0,642,417766.5,3814672.5,2022,152.0,211.0,230.0,239.0,249.0,268.0,298.0,1.0,1.0
20,680,417880.5,3814612.5,2022,131.0,214.0,231.0,240.0,250.0,270.0,300.0,1.0,1.0
8,694,417922.5,3814648.5,2022,164.0,214.0,230.0,239.0,248.0,266.0,292.0,1.0,1.0
2,731,418033.5,3814666.5,2022,159.0,215.0,232.0,241.0,252.0,273.0,304.0,1.0,1.0
26,778,418174.5,3814594.5,2022,153.0,215.0,234.0,244.0,255.0,276.0,313.0,1.0,1.0
24,789,418207.5,3814600.5,2022,155.0,216.0,234.0,244.0,255.0,275.0,318.0,1.0,1.0
17,835,418345.5,3814621.5,2022,147.0,214.0,233.0,242.0,253.0,279.0,319.0,1.0,1.0
21,856,418408.5,3814609.5,2022,131.0,210.0,232.0,242.0,253.0,276.0,321.0,1.0,1.0
19,877,418471.5,3814615.5,2022,114.0,208.0,230.0,240.0,251.0,273.0,307.0,1.0,1.0
24,918,418594.5,3814600.5,2022,155.0,212.0,232.0,241.0,252.0,273.0,311.0,1.0,1.0
1,942,418666.5,3814669.5,2022,156.0,215.0,233.0,242.0,253.0,273.0,303.0,1.0,1.0
11,985,418795.5,3814639.5,2022,138.0,214.0,233.0,243.0,253.0,274.0,318.0,1.0,1.0
9,990,418810.5,3814645.5,2022,147.0,215.0,234.0,243.0,254.0,276.0,316.0,1.0,1.0
29,1028,418924.5,3814585.5,2022,140.0,185.0,232.0,242.0,252.0,274.0,313.0,1.0,1.0
5,1057,419011.5,3814657.5,2022,149.0,210.0,231.0,241.0,251.0,271.0,310.0,1.0,1.0
11,1105,419155.5,3814639.5,2022,150.0,213.0,231.0,240.0,250.0,272.0,317.0,1.0,1.0
6,1138,419254.5,3814654.5,2022,143.0,184.0,230.0,239.0,250.0,274.0,319.0,1.0,2.0
21,1166,419338.5,3814609.5,2022,141.0,212.0,230.0,239.0,248.0,268.0,304.0,1.0,2.0
28,1198,419434.5,3814588.5,2022,157.0,212.0,230.0,238.0,248.0,268.0,302.0,1.0,1.0
26,1216,419488.5,3814594.5,2022,150.0,210.0,230.0,240.0,249.0,270.0,300.0,1.0,2.0
6,1251,419593.5,3814654.5,2022,143.0,205.0,229.0,238.0,249.0,269.0,297.0,1.0,1.0
7,1278,419674.5,3814651.5,2022,140.0,184.0,228.0,237.0,246.0,266.0,304.0,1.0,2.0
8,1293,419719.5,3814648.5,2022,158.0,208.0,229.0,238.0,250.0,275.0,306.0,1.0,1.0
25,1338,419854.5,3814597.5,2022,147.0,206.0,228.0,238.0,248.0,272.0,304.0,1.0,1.0
12,1352,419896.5,3814636.5,2022,135.0,196.0,227.0,236.0,246.0,267.0,311.0,1.0,1.0
29,1408,420064.5,3814585.5,2022,152.0,188.0,227.0,236.0,246.0,269.0,303.0,1.0,1.0
6,1438,420154.5,3814654.5,2022,139.0,199.0,226.0,236.0,246.0,270.0,305.0,1.0,1.0
24,1458,420214.5,3814600.5,2022,154.0,203.0,228.0,237.0,247.0,271.0,307.0,1.0,1.0
7,1492,420316.5,3814651.5,2022,153.0,186.0,228.0,238.0,249.0,274.0,303.0,1.0,1.0
20,1518,420394.5,3814612.5,2022,152.0,182.0,228.0,238.0,249.0,273.0,307.0,1.0,1.0
2,1533,420439.5,3814666.5,2022,158.0,192.0,228.0,237.0,249.0,276.0,305.0,1.0,1.0
14,1570,420550.5,3814630.5,2022,165.0,207.0,228.0,237.0,249.0,273.0,300.0,1.0,1.0
27,1618,420694.5,3814591.5,2022,153.0,185.0,226.0,237.0,248.0,270.0,307.0,1.0,2.0
11,1630,420730.5,3814639.5,2022,149.0,177.0,224.0,235.0,248.0,274.0,315.0,1.0,1.0
8,1671,420853.5,3814648.5,2022,171.0,211.0,228.0,237.0,249.0,272.0,297.0,1.0,1.0
3,1690,420910.5,3814663.5,2022,170.0,211.0,228.0,237.0,248.0,271.0,296.0,1.0,1.0
13,1727,421021.5,3814633.5,2022,163.0,212.0,229.0,237.0,247.0,270.0,297.0,1.0,2.0
13,1760,421120.5,3814633.5,2022,160.0,211.0,230.0,238.0,249.0,270.0,300.0,1.0,1.0
17,1794,421222.5,3814621.5,2022,157.0,188.0,230.0,239.0,251.0,274.0,301.0,1.0,1.0
5,1801,421243.5,3814657.5,2022,152.0,187.0,229.0,239.0,250.0,271.0,303.0,1.0,1.0
3,1848,421384.5,3814663.5,2022,133.0,178.0,227.0,237.0,248.0,271.0,305.0,1.0,1.0
3,1887,421501.5,3814663.5,2022,117.0,177.0,228.0,238.0,250.0,273.0,307.0,1.0,1.0
20,1902,421546.5,3814612.5,2022,141.0,175.0,226.0,237.0,249.0,274.0,318.0,1.0,1.0
16,1922,421606.5,3814624.5,2022,126.0,178.0,228.0,238.0,251.0,275.0,305.0,1.0,1.0
10,1959,421717.5,3814642.5,2022,126.0,184.0,229.0,239.0,251.0,274.0,314.0,1.0,1.0
13,1983,421789.5,3814633.5,2022,142.0,186.0,228.0,237.0,249.0,274.0,312.0,1.0,1.0
29,2017,421891.5,3814585.5,2022,136.0,183.0,227.0,237.0,248.0,271.0,304.0,1.0,1.0
0,2062,422026.5,3814672.5,2022,153.0,183.0,226.0,236.0,249.0,276.0,307.0,1.0,1.0
0,2085,422095.5,3814672.5,2022,151.0,203.0,230.0,240.0,255.0,280.0,309.0,1.0,1.0
15,2104,422152.5,3814627.5,2022,127.0,183.0,227.0,238.0,252.0,275.0,301.0,1.0,1.0
11,2138,422254.5,3814639.5,2022,149.0,185.0,226.0,236.0,247.0,270.0,302.0,1.0,1.0
15,2167,422341.5,3814627.5,2022,153.0,180.0,223.0,234.0,245.0,272.0,306.0,1.0,1.0
23,2193,422419.5,3814603.5,2022,124.0,183.0,225.0,236.0,248.0,272.0,306.0,1.0,2.0
4,2226,422518.5,3814660.5,2022,149.0,183.0,224.0,235.0,247.0,271.0,305.0,1.0,1.0
14,2271,422653.5,3814630.5,2022,153.0,181.0,222.0,234.0,247.0,273.0,312.0,1.0,2.0
18,2309,422767.5,3814618.5,2022,154.0,179.0,222.0,234.0,246.0,272.0,305.0,1.0,1.0
5,2329,422827.5,3814657.5,2022,157.0,183.0,220.0,232.0,245.0,273.0,311.0,1.0,1.0
10,2369,422947.5,3814642.5,2022,157.0,182.0,217.0,230.0,244.0,273.0,302.0,1.0,1.0
20,2383,422989.5,3814612.5,2022,155.0,181.0,218.0,231.0,244.0,272.0,313.0,1.0,1.0
19,2400,423040.5,3814615.5,2022,159.0,182.0,219.0,232.0,247.0,275.0,312.0,1.0,1.0
0,2452,423196.5,3814672.5,2022,146.0,177.0,215.0,229.0,243.0,274.0,309.0,1.0,1.0
7,2471,423253.5,3814651.5,2022,153.0,176.0,214.0,229.0,244.0,275.0,309.0,1.0,1.0
12,2504,423352.5,3814636.5,2022,139.0,175.0,213.0,230.0,246.0,274.0,308.0,1.0,1.0
10,2544,423472.5,3814642.5,2022,151.0,176.0,221.0,234.0,247.0,274.0,324.0,1.0,1.0
7,2557,423511.5,3814651.5,2022,146.0,177.0,222.0,234.0,248.0,275.0,312.0,1.0,1.0
19,2609,423667.5,3814615.5,2022,149.0,184.0,219.0,232.0,246.0,271.0,311.0,1.0,1.0
21,2614,423682.5,3814609.5,2022,158.0,185.0,220.0,233.0,246.0,274.0,308.0,1.0,1.0
23,2644,423772.5,3814603.5,2022,155.0,186.0,223.0,235.0,247.0,273.0,306.0,1.0,1.0
23,2684,423892.5,3814603.5,2022,145.0,179.0,216.0,230.0,244.0,272.0,318.0,1.0,1.0
27,2719,423997.5,3814591.5,2022,147.0,178.0,216.0,231.0,246.0,275.0,306.0,1.0,1.0
10,2730,424030.5,3814642.5,2022,148.0,178.0,218.0,232.0,247.0,275.0,305.0,1.0,1.0
9,2775,424165.5,3814645.5,2022,151.0,185.0,220.0,232.0,244.0,273.0,301.0,1.0,2.0
26,2813,424279.5,3814594.5,2022,159.0,182.0,220.0,231.0,243.0,274.0,310.0,1.0,1.0
9,2820,424300.5,3814645.5,2022,154.0,177.0,222.0,234.0,248.0,279.0,313.0,1.0,1.0
23,2863,424429.5,3814603.5,2022,159.0,181.0,226.0,238.0,255.0,280.0,326.0,1.0,2.0
33,23,415909.5,3814573.5,2022,141.0,182.0,229.0,239.0,250.0,271.0,311.0,1.0,1.0
59,35,415945.5,3814495.5,2022,144.0,181.0,229.0,239.0,250.0,269.0,303.0,1.0,1.0
30,69,416047.5,3814582.5,2022,155.0,212.0,230.0,240.0,250.0,269.0,309.0,1.0,1.0
54,116,416188.5,3814510.5,2022,149.0,208.0,230.0,240.0,251.0,270.0,307.0,1.0,1.0
50,135,416245.5,3814522.5,2022,152.0,211.0,231.0,241.0,251.0,273.0,316.0,1.0,1.0
37,169,416347.5,3814561.5,2022,147.0,186.0,229.0,240.0,251.0,271.0,312.0,1.0,1.0
42,206,416458.5,3814546.5,2022,149.0,183.0,230.0,240.0,251.0,272.0,310.0,1.0,1.0
46,234,416542.5,3814534.5,2022,153.0,210.0,230.0,239.0,250.0,270.0,301.0,1.0,1.0
55,257,416611.5,3814507.5,2022,146.0,210.0,230.0,239.0,250.0,270.0,310.0,1.0,1.0
32,289,416707.5,3814576.5,2022,145.0,213.0,231.0,239.0,249.0,269.0,307.0,1.0,1.0
59,308,416764.5,3814495.5,2022,151.0,214.0,230.0,238.0,248.0,266.0,297.0,1.0,1.0
51,332,416836.5,3814519.5,2022,148.0,212.0,230.0,238.0,248.0,266.0,298.0,1.0,1.0
44,379,416977.5,3814540.5,2022,142.0,204.0,229.0,238.0,249.0,268.0,298.0,1.0,1.0
57,407,417061.5,3814501.5,2022,150.0,208.0,228.0,237.0,247.0,265.0,294.0,1.0,1.0
40,448,417184.5,3814552.5,2022,150.0,208.0,228.0,237.0,247.0,265.0,292.0,1.0,1.0
45,468,417244.5,3814537.5,2022,160.0,211.0,229.0,238.0,247.0,266.0,296.0,1.0,1.0
47,489,417307.5,3814531.5,2022,153.0,211.0,229.0,238.0,247.0,264.0,289.0,1.0,1.0
55,525,417415.5,3814507.5,2022,156.0,210.0,229.0,238.0,247.0,264.0,288.0,1.0,1.0
38,555,417505.5,3814558.5,2022,158.0,209.0,228.0,237.0,246.0,264.0,288.0,1.0,1.0
51,594,417622.5,3814519.5,2022,143.0,209.0,230.0,240.0,251.0,274.0,302.0,1.0,1.0
53,617,417691.5,3814513.5,2022,130.0,203.0,232.0,242.0,253.0,276.0,312.0,1.0,1.0
46,651,417793.5,3814534.5,2022,160.0,215.0,232.0,241.0,252.0,272.0,298.0,1.0,1.0
54,662,417826.5,3814510.5,2022,155.0,209.0,231.0,241.0,253.0,276.0,308.0,1.0,1.0
54,704,417952.5,3814510.5,2022,165.0,215.0,232.0,240.0,250.0,269.0,294.0,1.0,1.0
37,732,418036.5,3814561.5,2022,164.0,217.0,232.0,241.0,251.0,271.0,306.0,1.0,1.0
34,773,418159.5,3814570.5,2022,129.0,214.0,234.0,245.0,257.0,279.0,316.0,1.0,1.0
39,797,418231.5,3814555.5,2022,139.0,208.0,232.0,243.0,254.0,275.0,313.0,1.0,1.0
37,833,418339.5,3814561.5,2022,150.0,211.0,233.0,243.0,253.0,274.0,312.0,1.0,2.0
59,848,418384.5,3814495.5,2022,132.0,206.0,232.0,242.0,253.0,277.0,325.0,1.0,1.0
39,870,418450.5,3814555.5,2022,132.0,208.0,232.0,242.0,254.0,277.0,315.0,1.0,2.0
56,921,418603.5,3814504.5,2022,143.0,213.0,232.0,242.0,253.0,274.0,305.0,1.0,1.0
40,959,418717.5,3814552.5,2022,151.0,213.0,233.0,242.0,253.0,273.0,311.0,1.0,1.0
36,968,418744.5,3814564.5,2022,150.0,189.0,233.0,243.0,254.0,276.0,311.0,1.0,1.0
36,996,418828.5,3814564.5,2022,146.0,211.0,233.0,243.0,253.0,274.0,315.0,1.0,1.0
30,1039,418957.5,3814582.5,2022,151.0,187.0,233.0,242.0,253.0,274.0,313.0,1.0,1.0
58,1058,419014.5,3814498.5,2022,125.0,215.0,232.0,240.0,250.0,270.0,315.0,1.0,1.0
32,1080,419080.5,3814576.5,2022,137.0,213.0,232.0,241.0,252.0,272.0,318.0,1.0,1.0
43,1133,419239.5,3814543.5,2022,126.0,182.0,231.0,241.0,252.0,277.0,334.0,1.0,1.0
58,1161,419323.5,3814498.5,2022,153.0,214.0,231.0,239.0,249.0,268.0,304.0,1.0,1.0
45,1195,419425.5,3814537.5,2022,140.0,211.0,229.0,237.0,246.0,266.0,300.0,1.0,1.0
43,1204,419452.5,3814543.5,2022,148.0,207.0,229.0,237.0,247.0,269.0,301.0,1.0,1.0
37,1236,419548.5,3814561.5,2022,151.0,211.0,229.0,237.0,247.0,268.0,305.0,1.0,1.0
59,1276,419668.5,3814495.5,2022,118.0,208.0,230.0,239.0,250.0,272.0,311.0,1.0,2.0
44,1297,419731.5,3814540.5,2022,149.0,210.0,228.0,237.0,247.0,267.0,299.0,1.0,2.0
31,1340,419860.5,3814579.5,2022,131.0,204.0,228.0,237.0,247.0,273.0,308.0,1.0,1.0
30,1360,419920.5,3814582.5,2022,152.0,197.0,227.0,236.0,246.0,269.0,303.0,1.0,1.0
58,1385,419995.5,3814498.5,2022,127.0,184.0,226.0,236.0,247.0,274.0,316.0,1.0,1.0
32,1432,420136.5,3814576.5,2022,147.0,197.0,228.0,237.0,248.0,274.0,308.0,1.0,1.0
49,1469,420247.5,3814525.5,2022,158.0,209.0,229.0,238.0,250.0,276.0,302.0,1.0,1.0
54,1485,420295.5,3814510.5,2022,153.0,181.0,227.0,236.0,247.0,273.0,309.0,1.0,1.0
32,1528,420424.5,3814576.5,2022,161.0,196.0,227.0,237.0,248.0,273.0,303.0,1.0,1.0
50,1537,420451.5,3814522.5,2022,159.0,206.0,227.0,236.0,247.0,269.0,303.0,1.0,1.0
56,1570,420550.5,3814504.5,2022,150.0,185.0,227.0,237.0,247.0,270.0,300.0,1.0,1.0
53,1612,420676.5,3814513.5,2022,152.0,202.0,229.0,238.0,250.0,275.0,306.0,1.0,1.0
52,1626,420718.5,3814516.5,2022,161.0,212.0,229.0,238.0,250.0,273.0,302.0,1.0,1.0
36,1654,420802.5,3814564.5,2022,151.0,206.0,228.0,238.0,249.0,273.0,301.0,1.0,2.0
37,1709,420967.5,3814561.5,2022,155.0,210.0,228.0,237.0,248.0,271.0,313.0,1.0,2.0
34,1715,420985.5,3814570.5,2022,156.0,214.0,230.0,238.0,249.0,271.0,300.0,1.0,1.0
54,1764,421132.5,3814510.5,2022,163.0,209.0,228.0,237.0,249.0,272.0,300.0,1.0,1.0
41,1794,421222.5,3814549.5,2022,150.0,185.0,230.0,239.0,251.0,273.0,304.0,1.0,1.0
57,1817,421291.5,3814501.5,2022,144.0,182.0,227.0,237.0,248.0,272.0,308.0,1.0,1.0
40,1831,421333.5,3814552.5,2022,150.0,194.0,228.0,238.0,249.0,272.0,299.0,1.0,1.0
50,1862,421426.5,3814522.5,2022,152.0,187.0,228.0,237.0,248.0,272.0,309.0,1.0,1.0
31,1907,421561.5,3814579.5,2022,145.0,175.0,228.0,238.0,250.0,273.0,314.0,1.0,1.0
52,1931,421633.5,3814516.5,2022,138.0,178.0,226.0,237.0,248.0,271.0,305.0,1.0,1.0
37,1973,421759.5,3814561.5,2022,110.0,175.0,227.0,238.0,252.0,276.0,308.0,1.0,1.0
36,2001,421843.5,3814564.5,2022,125.0,179.0,226.0,237.0,249.0,273.0,305.0,1.0,1.0
46,2038,421954.5,3814534.5,2022,130.0,176.0,227.0,237.0,249.0,273.0,308.0,1.0,2.0
47,2048,421984.5,3814531.5,2022,149.0,180.0,227.0,237.0,249.0,272.0,307.0,1.0,1.0
32,2076,422068.5,3814576.5,2022,151.0,181.0,229.0,240.0,253.0,277.0,309.0,1.0,1.0
30,2122,422206.5,3814582.5,2022,158.0,187.0,228.0,238.0,251.0,275.0,307.0,1.0,1.0
33,2132,422236.5,3814573.5,2022,164.0,207.0,229.0,239.0,252.0,276.0,305.0,1.0,1.0
56,2182,422386.5,3814504.5,2022,154.0,203.0,226.0,235.0,246.0,273.0,314.0,1.0,1.0
59,2211,422473.5,3814495.5,2022,153.0,194.0,226.0,235.0,247.0,273.0,308.0,1.0,1.0
54,2226,422518.5,3814510.5,2022,152.0,192.0,226.0,236.0,248.0,273.0,309.0,1.0,1.0
51,2265,422635.5,3814519.5,2022,151.0,198.0,225.0,236.0,249.0,273.0,303.0,1.0,1.0
40,2291,422713.5,3814552.5,2022,160.0,185.0,224.0,235.0,246.0,272.0,305.0,1.0,1.0
59,2319,422797.5,3814495.5,2022,145.0,179.0,224.0,236.0,249.0,275.0,310.0,1.0,1.0
41,2354,422902.5,3814549.5,2022,150.0,177.0,218.0,232.0,247.0,276.0,310.0,1.0,1.0
36,2374,422962.5,3814564.5,2022,153.0,177.0,220.0,233.0,246.0,276.0,322.0,1.0,2.0
32,2403,423049.5,3814576.5,2022,159.0,180.0,215.0,229.0,242.0,271.0,312.0,1.0,1.0
43,2433,423139.5,3814543.5,2022,158.0,183.0,219.0,232.0,245.0,276.0,310.0,1.0,1.0
58,2482,423286.5,3814498.5,2022,150.0,177.0,217.0,230.0,244.0,276.0,312.0,1.0,1.0
31,2509,423367.5,3814579.5,2022,155.0,181.0,216.0,229.0,243.0,272.0,307.0,1.0,1.0
38,2549,423487.5,3814558.5,2022,121.0,175.0,215.0,230.0,246.0,275.0,310.0,1.0,1.0
32,2572,423556.5,3814576.5,2022,140.0,179.0,218.0,233.0,248.0,276.0,324.0,1.0,1.0
37,2585,423595.5,3814561.5,2022,147.0,177.0,216.0,232.0,247.0,276.0,322.0,1.0,1.0
43,2631,423733.5,3814543.5,2022,149.0,178.0,216.0,230.0,246.0,276.0,314.0,1.0,1.0
40,2653,423799.5,3814552.5,2022,147.0,182.0,221.0,233.0,245.0,275.0,304.0,1.0,1.0
31,2670,423850.5,3814579.5,2022,154.0,185.0,220.0,233.0,246.0,272.0,304.0,1.0,1.0
33,2714,423982.5,3814573.5,2022,134.0,177.0,216.0,230.0,245.0,274.0,308.0,1.0,1.0
38,2751,424093.5,3814558.5,2022,152.0,180.0,220.0,232.0,245.0,273.0,304.0,1.0,1.0
43,2788,424204.5,3814543.5,2022,155.0,178.0,221.0,233.0,246.0,275.0,311.0,1.0,1.0
44,2799,424237.5,3814540.5,2022,149.0,180.0,222.0,234.0,247.0,278.0,310.0,1.0,2.0
35,2830,424330.5,3814567.5,2022,152.0,183.0,224.0,235.0,250.0,280.0,323.0,1.0,1.0
37,2861,424423.5,3814561.5,2022,156.0,181.0,224.0,236.0,251.0,281.0,323.0,1.0,1.0
30,2881,424483.5,3814582.5,2022,152.0,179.0,222.0,236.0,255.0,281.0,313.0,1.0,1.0
75,26,415918.5,3814447.5,2022,144.0,177.0,229.0,239.0,250.0,270.0,303.0,1.0,1.0
62,49,415987.5,3814486.5,2022,144.0,182.0,229.0,239.0,250.0,269.0,306.0,1.0,1.0
80,83,416089.5,3814432.5,2022,146.0,183.0,229.0,239.0,250.0,270.0,306.0,1.0,1.0
66,90,416110.5,3814474.5,2022,151.0,210.0,229.0,239.0,249.0,269.0,306.0,1.0,1.0
84,147,416281.5,3814420.5,2022,147.0,180.0,229.0,239.0,251.0,272.0,312.0,1.0,1.0
80,167,416341.5,3814432.5,2022,149.0,181.0,230.0,240.0,251.0,273.0,309.0,1.0,1.0
72,180,416380.5,3814456.5,2022,143.0,186.0,230.0,240.0,251.0,273.0,310.0,1.0,1.0
80,232,416536.5,3814432.5,2022,152.0,184.0,231.0,240.0,251.0,271.0,307.0,1.0,1.0
74,249,416587.5,3814450.5,2022,145.0,186.0,230.0,240.0,251.0,272.0,308.0,1.0,1.0
63,288,416704.5,3814483.5,2022,147.0,211.0,229.0,238.0,249.0,269.0,300.0,1.0,1.0
77,306,416758.5,3814441.5,2022,154.0,212.0,229.0,238.0,247.0,266.0,303.0,1.0,1.0
60,336,416848.5,3814492.5,2022,146.0,210.0,228.0,238.0,248.0,267.0,297.0,1.0,1.0
89,368,416944.5,3814405.5,2022,161.0,211.0,228.0,236.0,246.0,264.0,290.0,1.0,1.0
81,399,417037.5,3814429.5,2022,147.0,204.0,226.0,236.0,245.0,264.0,294.0,1.0,1.0
77,449,417187.5,3814441.5,2022,156.0,211.0,229.0,238.0,247.0,266.0,294.0,1.0,1.0
82,460,417220.5,3814426.5,2022,152.0,210.0,229.0,238.0,247.0,265.0,289.0,1.0,1.0
88,490,417310.5,3814408.5,2022,139.0,209.0,229.0,238.0,248.0,266.0,293.0,1.0,1.0
83,527,417421.5,3814423.5,2022,160.0,213.0,230.0,239.0,248.0,267.0,292.0,1.0,1.0
71,567,417541.5,3814459.5,2022,149.0,207.0,231.0,241.0,253.0,275.0,306.0,1.0,1.0
60,594,417622.5,3814492.5,2022,144.0,207.0,231.0,241.0,253.0,277.0,312.0,1.0,1.0
61,626,417718.5,3814489.5,2022,163.0,214.0,232.0,241.0,252.0,274.0,305.0,1.0,1.0
70,639,417757.5,3814462.5,2022,161.0,213.0,231.0,240.0,250.0,269.0,294.0,1.0,1.0
85,670,417850.5,3814417.5,2022,154.0,208.0,229.0,239.0,249.0,270.0,296.0,1.0,1.0
75,694,417922.5,3814447.5,2022,154.0,212.0,230.0,239.0,249.0,268.0,298.0,1.0,1.0
60,724,418012.5,3814492.5,2022,126.0,207.0,232.0,242.0,253.0,273.0,305.0,1.0,1.0
75,767,418141.5,3814447.5,2022,122.0,213.0,232.0,241.0,251.0,273.0,311.0,1.0,1.0
61,786,418198.5,3814489.5,2022,131.0,214.0,233.0,243.0,253.0,273.0,308.0,1.0,1.0
89,834,418342.5,3814405.5,2022,135.0,185.0,232.0,242.0,255.0,279.0,324.0,1.0,1.0
61,840,418360.5,3814489.5,2022,122.0,210.0,232.0,242.0,253.0,275.0,314.0,1.0,1.0
69,879,418477.5,3814465.5,2022,132.0,214.0,233.0,242.0,252.0,274.0,317.0,1.0,1.0
77,922,418606.5,3814441.5,2022,138.0,215.0,233.0,242.0,253.0,273.0,304.0,1.0,1.0
64,958,418714.5,3814480.5,2022,126.0,210.0,232.0,241.0,252.0,274.0,309.0,1.0,1.0
80,977,418771.5,3814432.5,2022,153.0,214.0,232.0,241.0,251.0,272.0,313.0,1.0,1.0
87,1013,418879.5,3814411.5,2022,127.0,214.0,231.0,240.0,250.0,270.0,313.0,1.0,1.0
62,1035,418945.5,3814486.5,2022,129.0,214.0,232.0,241.0,251.0,271.0,316.0,1.0,2.0
82,1079,419077.5,3814426.5,2022,158.0,211.0,232.0,242.0,254.0,278.0,322.0,1.0,1.0
79,1088,419104.5,3814435.5,2022,160.0,213.0,232.0,241.0,251.0,273.0,321.0,1.0,1.0
77,1116,419188.5,3814441.5,2022,156.0,213.0,231.0,241.0,251.0,274.0,317.0,1.0,1.0
80,1147,419281.5,3814432.5,2022,131.0,213.0,231.0,239.0,250.0,271.0,312.0,1.0,1.0
76,1187,419401.5,3814444.5,2022,152.0,213.0,229.0,237.0,246.0,266.0,301.0,1.0,1.0
86,1206,419458.5,3814414.5,2022,123.0,211.0,229.0,238.0,248.0,268.0,304.0,1.0,1.0
60,1245,419575.5,3814492.5,2022,140.0,210.0,229.0,237.0,246.0,266.0,292.0,1.0,1.0
66,1273,419659.5,3814474.5,2022,117.0,208.0,230.0,239.0,250.0,272.0,313.0,1.0,2.0
79,1295,419725.5,3814435.5,2022,152.0,209.0,229.0,238.0,247.0,267.0,294.0,1.0,1.0
60,1344,419872.5,3814492.5,2022,139.0,192.0,228.0,237.0,248.0,270.0,303.0,1.0,1.0
89,1363,419929.5,3814405.5,2022,138.0,186.0,229.0,239.0,249.0,270.0,305.0,1.0,2.0
81,1406,420058.5,3814429.5,2022,142.0,190.0,228.0,238.0,250.0,275.0,319.0,1.0,1.0
65,1432,420136.5,3814477.5,2022,131.0,205.0,229.0,238.0,249.0,275.0,308.0,1.0,1.0
64,1444,420172.5,3814480.5,2022,153.0,211.0,230.0,240.0,251.0,278.0,313.0,1.0,1.0
65,1479,420277.5,3814477.5,2022,132.0,187.0,226.0,236.0,247.0,273.0,307.0,1.0,2.0
76,1504,420352.5,3814444.5,2022,155.0,193.0,227.0,237.0,249.0,274.0,310.0,1.0,1.0
78,1537,420451.5,3814438.5,2022,155.0,202.0,227.0,236.0,247.0,273.0,301.0,1.0,1.0
75,1582,420586.5,3814447.5,2022,152.0,202.0,229.0,238.0,249.0,272.0,307.0,1.0,1.0
89,1602,420646.5,3814405.5,2022,150.0,209.0,230.0,239.0,250.0,273.0,304.0,1.0,2.0
80,1631,420733.5,3814432.5,2022,158.0,211.0,230.0,239.0,251.0,275.0,305.0,1.0,1.0
70,1674,420862.5,3814462.5,2022,155.0,205.0,229.0,239.0,251.0,273.0,298.0,1.0,1.0
67,1694,420922.5,3814471.5,2022,163.0,207.0,227.0,236.0,248.0,272.0,305.0,1.0,2.0
63,1718,420994.5,3814483.5,2022,157.0,209.0,229.0,238.0,250.0,273.0,298.0,1.0,2.0
82,1763,421129.5,3814426.5,2022,157.0,184.0,228.0,238.0,250.0,273.0,305.0,1.0,2.0
62,1773,421159.5,3814486.5,2022,152.0,191.0,227.0,237.0,248.0,270.0,298.0,1.0,1.0
82,1815,421285.5,3814426.5,2022,156.0,209.0,229.0,238.0,249.0,272.0,309.0,1.0,1.0
79,1833,421339.5,3814435.5,2022,150.0,182.0,227.0,237.0,248.0,272.0,302.0,1.0,2.0
83,1869,421447.5,3814423.5,2022,131.0,181.0,226.0,236.0,248.0,272.0,303.0,1.0,1.0
85,1916,421588.5,3814417.5,2022,117.0,177.0,224.0,236.0,249.0,273.0,306.0,1.0,1.0
84,1929,421627.5,3814420.5,2022,132.0,179.0,225.0,236.0,249.0,272.0,309.0,1.0,1.0
76,1956,421708.5,3814444.5,2022,146.0,181.0,226.0,237.0,250.0,274.0,321.0,1.0,1.0
73,1980,421780.5,3814453.5,2022,108.0,173.0,225.0,237.0,249.0,273.0,317.0,1.0,1.0
87,2031,421933.5,3814411.5,2022,111.0,173.0,225.0,236.0,249.0,275.0,315.0,1.0,1.0
68,2059,422017.5,3814468.5,2022,130.0,177.0,225.0,236.0,247.0,271.0,301.0,1.0,1.0
68,2071,422053.5,3814468.5,2022,148.0,184.0,227.0,237.0,249.0,275.0,306.0,1.0,1.0
80,2105,422155.5,3814432.5,2022,165.0,211.0,229.0,238.0,251.0,278.0,307.0,1.0,1.0
86,2130,422230.5,3814414.5,2022,147.0,183.0,227.0,237.0,251.0,276.0,307.0,1.0,1.0
84,2187,422401.5,3814420.5,2022,153.0,181.0,225.0,236.0,249.0,274.0,305.0,1.0,1.0
82,2212,422476.5,3814426.5,2022,117.0,178.0,224.0,235.0,248.0,273.0,307.0,1.0,1.0
78,2238,422554.5,3814438.5,2022,114.0,181.0,223.0,235.0,248.0,272.0,302.0,1.0,1.0
83,2251,422593.5,3814423.5,2022,119.0,185.0,221.0,234.0,247.0,272.0,308.0,1.0,1.0
79,2284,422692.5,3814435.5,2022,156.0,188.0,227.0,237.0,251.0,276.0,310.0,1.0,1.0
89,2330,422830.5,3814405.5,2022,156.0,185.0,224.0,235.0,247.0,274.0,311.0,1.0,1.0
65,2347,422881.5,3814477.5,2022,152.0,183.0,221.0,233.0,246.0,272.0,311.0,1.0,1.0
68,2386,422998.5,3814468.5,2022,151.0,177.0,220.0,232.0,246.0,273.0,311.0,1.0,1.0
89,2401,423043.5,3814405.5,2022,160.0,189.0,222.0,234.0,246.0,272.0,306.0,1.0,1.0
87,2433,423139.5,3814411.5,2022,151.0,179.0,221.0,234.0,249.0,276.0,310.0,1.0,1.0
76,2470,423250.5,3814444.5,2022,156.0,179.0,218.0,231.0,246.0,274.0,308.0,1.0,1.0
84,2513,423379.5,3814420.5,2022,133.0,178.0,217.0,232.0,248.0,276.0,315.0,1.0,1.0
77,2530,423430.5,3814441.5,2022,154.0,178.0,216.0,230.0,245.0,277.0,313.0,1.0,1.0
82,2563,423529.5,3814426.5,2022,137.0,177.0,215.0,230.0,247.0,276.0,312.0,1.0,1.0
81,2584,423592.5,3814429.5,2022,155.0,182.0,218.0,232.0,246.0,276.0,317.0,1.0,1.0
88,2616,423688.5,3814408.5,2022,150.0,180.0,220.0,233.0,248.0,275.0,316.0,1.0,1.0
89,2650,423790.5,3814405.5,2022,150.0,179.0,215.0,230.0,244.0,274.0,309.0,1.0,1.0
73,2687,423901.5,3814453.5,2022,156.0,189.0,217.0,229.0,242.0,271.0,311.0,1.0,1.0
70,2708,423964.5,3814462.5,2022,154.0,183.0,218.0,231.0,243.0,274.0,303.0,1.0,1.0
62,2758,424114.5,3814486.5,2022,141.0,177.0,218.0,232.0,245.0,274.0,312.0,1.0,1.0
62,2787,424201.5,3814486.5,2022,153.0,179.0,219.0,232.0,247.0,276.0,317.0,1.0,1.0
65,2798,424234.5,3814477.5,2022,153.0,179.0,223.0,235.0,249.0,277.0,312.0,1.0,1.0
88,2823,424309.5,3814408.5,2022,149.0,179.0,220.0,234.0,250.0,279.0,311.0,1.0,1.0
86,2924,424612.5,3814414.5,2022,118.0,170.0,214.0,233.0,256.0,285.0,329.0,1.0,1.0
89,2988,424804.5,3814405.5,2022,143.0,171.0,210.0,233.0,258.0,284.0,317.0,1.0,1.0
103,6,415858.5,3814363.5,2022,148.0,180.0,229.0,239.0,250.0,270.0,310.0,1.0,1.0
105,34,415942.5,3814357.5,2022,145.0,178.0,228.0,239.0,250.0,272.0,310.0,1.0,1.0
100,68,416044.5,3814372.5,2022,147.0,179.0,230.0,240.0,250.0,270.0,310.0,1.0,1.0
95,95,416125.5,3814387.5,2022,146.0,181.0,229.0,239.0,251.0,272.0,310.0,1.0,1.0
115,145,416275.5,3814327.5,2022,152.0,185.0,228.0,238.0,248.0,267.0,303.0,1.0,1.0
112,157,416311.5,3814336.5,2022,148.0,182.0,228.0,238.0,249.0,270.0,306.0,1.0,1.0
114,181,416383.5,3814330.5,2022,142.0,178.0,230.0,240.0,252.0,272.0,314.0,1.0,1.0
92,228,416524.5,3814396.5,2022,148.0,183.0,231.0,240.0,251.0,270.0,299.0,1.0,1.0
117,247,416581.5,3814321.5,2022,148.0,187.0,230.0,239.0,250.0,270.0,303.0,1.0,1.0
110,295,416725.5,3814342.5,2022,157.0,212.0,229.0,237.0,247.0,265.0,294.0,1.0,1.0
90,327,416821.5,3814402.5,2022,152.0,210.0,228.0,237.0,246.0,266.0,296.0,1.0,1.0
106,346,416878.5,3814354.5,2022,157.0,214.0,229.0,237.0,246.0,265.0,294.0,1.0,1.0
98,388,417004.5,3814378.5,2022,154.0,209.0,227.0,236.0,246.0,265.0,292.0,1.0,1.0
113,394,417022.5,3814333.5,2022,154.0,212.0,229.0,237.0,247.0,265.0,293.0,1.0,1.0
95,430,417130.5,3814387.5,2022,154.0,210.0,228.0,237.0,247.0,266.0,296.0,1.0,1.0
113,450,417190.5,3814333.5,2022,150.0,210.0,228.0,237.0,247.0,264.0,290.0,1.0,1.0
107,482,417286.5,3814351.5,2022,149.0,211.0,230.0,238.0,248.0,266.0,296.0,1.0,1.0
111,536,417448.5,3814339.5,2022,161.0,211.0,231.0,240.0,252.0,276.0,310.0,1.0,2.0
92,547,417481.5,3814396.5,2022,150.0,209.0,231.0,241.0,252.0,276.0,312.0,1.0,1.0
110,584,417592.5,3814342.5,2022,158.0,210.0,229.0,238.0,248.0,268.0,294.0,1.0,1.0
107,605,417655.5,3814351.5,2022,148.0,209.0,228.0,237.0,247.0,266.0,291.0,1.0,1.0
106,653,417799.5,3814354.5,2022,154.0,210.0,228.0,237.0,247.0,265.0,294.0,1.0,1.0
115,677,417871.5,3814327.5,2022,149.0,209.0,228.0,237.0,246.0,265.0,290.0,1.0,1.0
119,716,417988.5,3814315.5,2022,151.0,210.0,230.0,239.0,249.0,268.0,291.0,1.0,1.0
112,724,418012.5,3814336.5,2022,148.0,208.0,230.0,239.0,249.0,269.0,298.0,1.0,1.0
115,776,418168.5,3814327.5,2022,153.0,214.0,232.0,241.0,252.0,272.0,315.0,1.0,1.0
100,805,418255.5,3814372.5,2022,128.0,213.0,233.0,243.0,254.0,277.0,319.0,1.0,2.0
97,838,418354.5,3814381.5,2022,140.0,187.0,233.0,243.0,254.0,278.0,320.0,1.0,1.0
94,863,418429.5,3814390.5,2022,144.0,212.0,232.0,242.0,253.0,275.0,313.0,1.0,1.0
93,893,418519.5,3814393.5,2022,148.0,216.0,233.0,243.0,253.0,274.0,311.0,1.0,1.0
96,908,418564.5,3814384.5,2022,132.0,215.0,233.0,243.0,253.0,275.0,302.0,1.0,1.0
109,933,418639.5,3814345.5,2022,128.0,214.0,232.0,242.0,252.0,272.0,309.0,1.0,1.0
119,974,418762.5,3814315.5,2022,134.0,218.0,233.0,241.0,251.0,271.0,312.0,1.0,2.0
93,1017,418891.5,3814393.5,2022,153.0,215.0,231.0,239.0,249.0,270.0,307.0,1.0,1.0
93,1049,418987.5,3814393.5,2022,162.0,217.0,232.0,240.0,250.0,269.0,312.0,1.0,1.0
97,1052,418996.5,3814381.5,2022,145.0,214.0,231.0,240.0,251.0,275.0,328.0,1.0,1.0
96,1101,419143.5,3814384.5,2022,152.0,208.0,230.0,240.0,251.0,275.0,312.0,1.0,1.0
109,1135,419245.5,3814345.5,2022,128.0,209.0,230.0,239.0,250.0,273.0,307.0,1.0,1.0
102,1161,419323.5,3814366.5,2022,155.0,212.0,229.0,238.0,247.0,266.0,300.0,1.0,1.0
97,1197,419431.5,3814381.5,2022,152.0,212.0,229.0,237.0,247.0,266.0,298.0,1.0,1.0
110,1229,419527.5,3814342.5,2022,155.0,211.0,230.0,239.0,248.0,268.0,298.0,1.0,1.0
102,1253,419599.5,3814366.5,2022,142.0,206.0,230.0,240.0,251.0,276.0,310.0,1.0,1.0
108,1285,419695.5,3814348.5,2022,151.0,210.0,229.0,237.0,247.0,267.0,297.0,1.0,1.0
97,1303,419749.5,3814381.5,2022,156.0,210.0,228.0,237.0,247.0,267.0,300.0,1.0,1.0
91,1329,419827.5,3814399.5,2022,152.0,211.0,229.0,237.0,246.0,264.0,290.0,1.0,1.0
94,1360,419920.5,3814390.5,2022,146.0,184.0,229.0,238.0,249.0,271.0,302.0,1.0,2.0
119,1381,419983.5,3814315.5,2022,153.0,208.0,228.0,237.0,248.0,270.0,307.0,1.0,1.0
104,1433,420139.5,3814360.5,2022,157.0,209.0,229.0,238.0,249.0,274.0,311.0,1.0,2.0
118,1468,420244.5,3814318.5,2022,159.0,214.0,231.0,239.0,251.0,274.0,304.0,1.0,1.0
102,1477,420271.5,3814366.5,2022,161.0,216.0,233.0,243.0,256.0,280.0,308.0,1.0,1.0
115,1512,420376.5,3814327.5,2022,147.0,193.0,228.0,238.0,249.0,273.0,309.0,1.0,1.0
94,1555,420505.5,3814390.5,2022,156.0,211.0,231.0,240.0,253.0,278.0,313.0,1.0,2.0
113,1565,420535.5,3814333.5,2022,129.0,185.0,228.0,238.0,250.0,274.0,308.0,1.0,1.0
101,1601,420643.5,3814369.5,2022,155.0,201.0,228.0,237.0,249.0,274.0,311.0,1.0,1.0
91,1626,420718.5,3814399.5,2022,158.0,212.0,230.0,240.0,251.0,276.0,304.0,1.0,1.0
112,1650,420790.5,3814336.5,2022,154.0,211.0,230.0,239.0,252.0,276.0,303.0,1.0,1.0
109,1706,420958.5,3814345.5,2022,155.0,208.0,229.0,239.0,252.0,275.0,311.0,1.0,2.0
114,1711,420973.5,3814330.5,2022,140.0,209.0,229.0,239.0,251.0,275.0,306.0,1.0,2.0
94,1760,421120.5,3814390.5,2022,147.0,182.0,229.0,238.0,249.0,271.0,309.0,1.0,1.0
111,1778,421174.5,3814339.5,2022,154.0,184.0,228.0,237.0,250.0,275.0,315.0,1.0,1.0
90,1804,421252.5,3814402.5,2022,156.0,202.0,228.0,238.0,250.0,272.0,307.0,1.0,1.0
112,1836,421348.5,3814336.5,2022,151.0,178.0,227.0,237.0,248.0,272.0,306.0,1.0,2.0
115,1864,421432.5,3814327.5,2022,128.0,176.0,225.0,236.0,247.0,271.0,314.0,1.0,2.0
93,1913,421579.5,3814393.5,2022,145.0,178.0,224.0,235.0,248.0,273.0,305.0,1.0,1.0
102,1921,421603.5,3814366.5,2022,141.0,176.0,224.0,236.0,249.0,274.0,308.0,1.0,1.0
119,1961,421723.5,3814315.5,2022,104.0,178.0,223.0,235.0,247.0,273.0,314.0,1.0,1.0
96,1987,421801.5,3814384.5,2022,150.0,177.0,226.0,236.0,247.0,269.0,309.0,1.0,1.0
112,2011,421873.5,3814336.5,2022,114.0,177.0,223.0,236.0,249.0,274.0,310.0,1.0,1.0
109,2044,421972.5,3814345.5,2022,122.0,178.0,223.0,235.0,249.0,274.0,319.0,1.0,1.0
90,2098,422134.5,3814402.5,2022,130.0,189.0,228.0,238.0,251.0,278.0,307.0,1.0,2.0
110,2110,422170.5,3814342.5,2022,157.0,191.0,226.0,236.0,250.0,276.0,308.0,1.0,2.0
91,2145,422275.5,3814399.5,2022,156.0,187.0,227.0,237.0,252.0,277.0,301.0,1.0,1.0
100,2178,422374.5,3814372.5,2022,128.0,179.0,224.0,235.0,248.0,275.0,307.0,1.0,1.0
104,2212,422476.5,3814360.5,2022,133.0,180.0,224.0,235.0,247.0,271.0,305.0,1.0,1.0
115,2220,422500.5,3814327.5,2022,151.0,190.0,226.0,235.0,246.0,271.0,303.0,1.0,1.0
98,2279,422677.5,3814378.5,2022,155.0,182.0,221.0,234.0,247.0,273.0,309.0,1.0,1.0
106,2295,422725.5,3814354.5,2022,151.0,183.0,224.0,235.0,249.0,277.0,313.0,1.0,1.0
90,2327,422821.5,3814402.5,2022,157.0,184.0,225.0,235.0,248.0,274.0,316.0,1.0,1.0
110,2345,422875.5,3814342.5,2022,156.0,181.0,222.0,234.0,247.0,276.0,316.0,1.0,1.0
107,2380,422980.5,3814351.5,2022,153.0,184.0,223.0,234.0,248.0,276.0,315.0,1.0,1.0
104,2418,423094.5,3814360.5,2022,111.0,181.0,217.0,233.0,251.0,275.0,312.0,1.0,1.0
98,2442,423166.5,3814378.5,2022,147.0,178.0,218.0,232.0,249.0,276.0,315.0,1.0,1.0
112,2481,423283.5,3814336.5,2022,146.0,179.0,219.0,233.0,250.0,276.0,306.0,1.0,1.0
103,2507,423361.5,3814363.5,2022,149.0,176.0,218.0,233.0,249.0,276.0,311.0,1.0,1.0
101,2538,423454.5,3814369.5,2022,151.0,179.0,215.0,229.0,245.0,274.0,314.0,1.0,1.0
102,2559,423517.5,3814366.5,2022,146.0,181.0,219.0,233.0,249.0,279.0,316.0,1.0,1.0
102,2589,423607.5,3814366.5,2022,118.0,182.0,217.0,232.0,248.0,276.0,314.0,1.0,1.0
102,2636,423748.5,3814366.5,2022,152.0,181.0,217.0,229.0,243.0,274.0,308.0,1.0,1.0
92,2660,423820.5,3814396.5,2022,154.0,186.0,222.0,234.0,246.0,275.0,308.0,1.0,1.0
90,2691,423913.5,3814402.5,2022,153.0,180.0,215.0,229.0,242.0,273.0,312.0,1.0,1.0
118,2703,423949.5,3814318.5,2022,156.0,179.0,218.0,231.0,245.0,278.0,309.0,1.0,1.0
110,2742,424066.5,3814342.5,2022,155.0,181.0,220.0,232.0,244.0,274.0,314.0,1.0,1.0
95,2760,424120.5,3814387.5,2022,131.0,179.0,216.0,229.0,243.0,274.0,312.0,1.0,1.0
90,2816,424288.5,3814402.5,2022,153.0,177.0,225.0,237.0,253.0,280.0,316.0,1.0,1.0
118,2848,424384.5,3814318.5,2022,148.0,179.0,215.0,231.0,247.0,276.0,309.0,1.0,1.0
118,2855,424405.5,3814318.5,2022,139.0,179.0,216.0,231.0,246.0,276.0,307.0,1.0,1.0
93,2915,424585.5,3814393.5,2022,116.0,172.0,213.0,230.0,255.0,281.0,313.0,1.0,1.0
112,2948,424684.5,3814336.5,2022,137.0,175.0,218.0,233.0,252.0,281.0,317.0,1.0,1.0
118,2976,424768.5,3814318.5,2022,145.0,172.0,206.0,231.0,253.0,286.0,322.0,1.0,1.0
126,9,415867.5,3814294.5,2022,122.0,175.0,229.0,240.0,251.0,272.0,309.0,1.0,1.0
122,37,415951.5,3814306.5,2022,130.0,174.0,228.0,239.0,251.0,272.0,312.0,1.0,1.0
125,72,416056.5,3814297.5,2022,136.0,174.0,228.0,239.0,250.0,272.0,308.0,1.0,1.0
125,119,416197.5,3814297.5,2022,132.0,179.0,229.0,240.0,250.0,270.0,306.0,1.0,1.0
132,142,416266.5,3814276.5,2022,148.0,180.0,229.0,239.0,250.0,271.0,310.0,1.0,1.0
128,156,416308.5,3814288.5,2022,151.0,182.0,229.0,239.0,251.0,272.0,302.0,1.0,1.0
127,190,416410.5,3814291.5,2022,147.0,179.0,231.0,241.0,251.0,271.0,308.0,1.0,1.0
127,211,416473.5,3814291.5,2022,124.0,181.0,229.0,239.0,251.0,273.0,309.0,1.0,1.0
123,262,416626.5,3814303.5,2022,152.0,210.0,229.0,238.0,248.0,268.0,302.0,1.0,1.0
128,282,416686.5,3814288.5,2022,151.0,213.0,230.0,238.0,248.0,266.0,297.0,1.0,1.0
144,302,416746.5,3814240.5,2022,150.0,212.0,229.0,238.0,247.0,266.0,294.0,1.0,1.0
141,330,416830.5,3814249.5,2022,151.0,213.0,230.0,239.0,249.0,268.0,296.0,1.0,1.0
138,374,416962.5,3814258.5,2022,155.0,212.0,230.0,238.0,248.0,267.0,292.0,1.0,1.0
134,407,417061.5,3814270.5,2022,154.0,211.0,229.0,237.0,246.0,265.0,292.0,1.0,1.0
133,437,417151.5,3814273.5,2022,154.0,213.0,230.0,238.0,247.0,265.0,291.0,1.0,1.0
143,460,417220.5,3814243.5,2022,149.0,208.0,228.0,238.0,248.0,267.0,295.0,1.0,1.0
124,490,417310.5,3814300.5,2022,131.0,210.0,229.0,238.0,248.0,267.0,293.0,1.0,1.0
132,537,417451.5,3814276.5,2022,157.0,206.0,230.0,240.0,252.0,275.0,319.0,1.0,1.0
122,542,417466.5,3814306.5,2022,150.0,208.0,231.0,241.0,252.0,274.0,303.0,1.0,1.0
147,580,417580.5,3814231.5,2022,142.0,209.0,230.0,240.0,252.0,276.0,305.0,1.0,1.0
140,618,417694.5,3814252.5,2022,149.0,211.0,229.0,238.0,247.0,265.0,292.0,1.0,1.0
127,644,417772.5,3814291.5,2022,153.0,211.0,229.0,237.0,247.0,267.0,299.0,1.0,1.0
126,671,417853.5,3814294.5,2022,152.0,211.0,228.0,237.0,247.0,265.0,293.0,1.0,1.0
126,691,417913.5,3814294.5,2022,158.0,211.0,229.0,238.0,248.0,267.0,296.0,1.0,1.0
140,742,418066.5,3814252.5,2022,139.0,207.0,230.0,239.0,250.0,270.0,295.0,1.0,1.0
145,760,418120.5,3814237.5,2022,168.0,215.0,232.0,242.0,253.0,273.0,302.0,1.0,1.0
127,784,418192.5,3814291.5,2022,150.0,210.0,232.0,243.0,255.0,282.0,335.0,1.0,1.0
139,825,418315.5,3814255.5,2022,135.0,206.0,232.0,242.0,253.0,275.0,317.0,1.0,1.0
121,868,418444.5,3814309.5,2022,154.0,214.0,232.0,240.0,250.0,271.0,312.0,1.0,1.0
122,872,418456.5,3814306.5,2022,152.0,215.0,232.0,241.0,251.0,271.0,306.0,1.0,1.0
145,907,418561.5,3814237.5,2022,147.0,214.0,232.0,241.0,252.0,274.0,316.0,1.0,1.0
125,944,418672.5,3814297.5,2022,142.0,216.0,233.0,242.0,252.0,272.0,303.0,1.0,1.0
123,965,418735.5,3814303.5,2022,131.0,216.0,233.0,242.0,253.0,274.0,306.0,1.0,2.0
144,1011,418873.5,3814240.5,2022,148.0,216.0,231.0,240.0,249.0,267.0,304.0,1.0,1.0
131,1046,418978.5,3814279.5,2022,153.0,217.0,234.0,242.0,253.0,274.0,323.0,1.0,1.0
139,1063,419029.5,3814255.5,2022,146.0,218.0,234.0,243.0,254.0,278.0,312.0,1.0,1.0
142,1102,419146.5,3814246.5,2022,142.0,212.0,231.0,240.0,250.0,274.0,321.0,1.0,1.0
134,1118,419194.5,3814270.5,2022,124.0,209.0,230.0,239.0,250.0,275.0,319.0,1.0,1.0
126,1159,419317.5,3814294.5,2022,144.0,214.0,230.0,238.0,247.0,267.0,302.0,1.0,1.0
143,1177,419371.5,3814243.5,2022,152.0,212.0,229.0,238.0,247.0,268.0,311.0,1.0,1.0
133,1217,419491.5,3814273.5,2022,153.0,211.0,228.0,236.0,245.0,265.0,299.0,1.0,1.0
141,1237,419551.5,3814249.5,2022,167.0,212.0,228.0,237.0,246.0,267.0,303.0,1.0,1.0
130,1273,419659.5,3814282.5,2022,150.0,212.0,229.0,237.0,246.0,266.0,297.0,1.0,1.0
134,1304,419752.5,3814270.5,2022,153.0,209.0,228.0,237.0,246.0,267.0,301.0,1.0,1.0
140,1326,419818.5,3814252.5,2022,155.0,210.0,228.0,237.0,246.0,267.0,299.0,1.0,1.0
126,1352,419896.5,3814294.5,2022,152.0,211.0,228.0,237.0,246.0,265.0,295.0,1.0,1.0
130,1396,420028.5,3814282.5,2022,149.0,210.0,228.0,237.0,247.0,267.0,301.0,1.0,1.0
135,1431,420133.5,3814267.5,2022,147.0,212.0,231.0,240.0,252.0,276.0,313.0,1.0,2.0
130,1448,420184.5,3814282.5,2022,155.0,208.0,229.0,239.0,252.0,276.0,316.0,1.0,2.0
122,1479,420277.5,3814306.5,2022,163.0,215.0,230.0,239.0,251.0,274.0,303.0,1.0,1.0
149,1522,420406.5,3814225.5,2022,141.0,204.0,228.0,238.0,249.0,273.0,309.0,1.0,1.0
120,1537,420451.5,3814312.5,2022,146.0,205.0,227.0,237.0,248.0,273.0,306.0,1.0,1.0
144,1588,420604.5,3814240.5,2022,115.0,184.0,230.0,240.0,253.0,280.0,311.0,1.0,1.0
137,1605,420655.5,3814261.5,2022,120.0,185.0,229.0,239.0,250.0,277.0,317.0,1.0,1.0
120,1634,420742.5,3814312.5,2022,154.0,207.0,229.0,238.0,250.0,278.0,312.0,1.0,1.0
132,1674,420862.5,3814276.5,2022,150.0,206.0,229.0,238.0,251.0,277.0,308.0,1.0,1.0
149,1682,420886.5,3814225.5,2022,133.0,182.0,228.0,238.0,251.0,278.0,305.0,1.0,1.0
143,1731,421033.5,3814243.5,2022,135.0,185.0,228.0,238.0,250.0,275.0,316.0,1.0,1.0
149,1762,421126.5,3814225.5,2022,152.0,206.0,229.0,239.0,251.0,278.0,309.0,1.0,1.0
124,1788,421204.5,3814300.5,2022,157.0,211.0,229.0,238.0,250.0,273.0,299.0,1.0,1.0
127,1829,421327.5,3814291.5,2022,150.0,181.0,228.0,237.0,250.0,274.0,302.0,1.0,1.0
128,1857,421411.5,3814288.5,2022,141.0,177.0,226.0,237.0,249.0,270.0,304.0,1.0,1.0
132,1870,421450.5,3814276.5,2022,147.0,180.0,224.0,235.0,247.0,272.0,305.0,1.0,1.0
133,1919,421597.5,3814273.5,2022,129.0,176.0,226.0,237.0,249.0,273.0,310.0,1.0,1.0
136,1930,421630.5,3814264.5,2022,123.0,178.0,226.0,236.0,248.0,271.0,302.0,1.0,1.0
136,1967,421741.5,3814264.5,2022,131.0,177.0,225.0,236.0,248.0,272.0,308.0,1.0,1.0
133,1983,421789.5,3814273.5,2022,149.0,179.0,225.0,235.0,246.0,271.0,307.0,1.0,1.0
135,2031,421933.5,3814267.5,2022,114.0,176.0,223.0,235.0,247.0,273.0,312.0,1.0,1.0
133,2064,422032.5,3814273.5,2022,146.0,182.0,224.0,235.0,247.0,270.0,302.0,1.0,1.0
127,2088,422104.5,3814291.5,2022,135.0,180.0,226.0,237.0,249.0,274.0,308.0,1.0,1.0
136,2117,422191.5,3814264.5,2022,153.0,186.0,225.0,235.0,246.0,272.0,306.0,1.0,1.0
137,2153,422299.5,3814261.5,2022,145.0,179.0,219.0,232.0,245.0,275.0,311.0,1.0,1.0
132,2172,422356.5,3814276.5,2022,115.0,175.0,223.0,235.0,247.0,276.0,303.0,1.0,2.0
125,2210,422470.5,3814297.5,2022,159.0,203.0,227.0,237.0,248.0,272.0,300.0,1.0,1.0
132,2234,422542.5,3814276.5,2022,155.0,194.0,225.0,235.0,247.0,271.0,299.0,1.0,1.0
136,2267,422641.5,3814264.5,2022,144.0,183.0,224.0,235.0,247.0,271.0,309.0,1.0,1.0
129,2281,422683.5,3814285.5,2022,129.0,182.0,222.0,234.0,246.0,271.0,305.0,1.0,1.0
121,2328,422824.5,3814309.5,2022,156.0,186.0,223.0,236.0,250.0,276.0,311.0,1.0,1.0
137,2357,422911.5,3814261.5,2022,108.0,179.0,222.0,235.0,248.0,274.0,304.0,1.0,1.0
124,2381,422983.5,3814300.5,2022,161.0,184.0,221.0,232.0,244.0,271.0,310.0,1.0,1.0
143,2401,423043.5,3814243.5,2022,163.0,201.0,225.0,237.0,251.0,271.0,292.0,1.0,1.0
140,2452,423196.5,3814252.5,2022,149.0,171.0,215.0,233.0,250.0,280.0,317.0,1.0,1.0
142,2479,423277.5,3814246.5,2022,151.0,173.0,216.0,232.0,248.0,278.0,323.0,1.0,1.0
120,2509,423367.5,3814312.5,2022,152.0,173.0,195.0,227.0,247.0,280.0,313.0,1.0,1.0
141,2535,423445.5,3814249.5,2022,139.0,173.0,209.0,227.0,244.0,275.0,312.0,1.0,1.0
134,2575,423565.5,3814270.5,2022,153.0,176.0,213.0,228.0,245.0,278.0,315.0,1.0,1.0
147,2585,423595.5,3814231.5,2022,144.0,174.0,214.0,229.0,245.0,276.0,310.0,1.0,1.0
143,2615,423685.5,3814243.5,2022,148.0,179.0,220.0,233.0,248.0,279.0,311.0,1.0,1.0
131,2645,423775.5,3814279.5,2022,154.0,183.0,218.0,232.0,247.0,280.0,321.0,1.0,1.0
130,2690,423910.5,3814282.5,2022,147.0,170.0,192.0,233.0,260.0,285.0,318.0,1.0,1.0
135,2716,423988.5,3814267.5,2022,151.0,171.0,213.0,233.0,251.0,281.0,331.0,1.0,1.0
124,2745,424075.5,3814300.5,2022,156.0,176.0,221.0,234.0,248.0,280.0,319.0,1.0,1.0
122,2767,424141.5,3814306.5,2022,154.0,177.0,219.0,232.0,247.0,278.0,315.0,1.0,1.0
124,2792,424216.5,3814300.5,2022,146.0,176.0,219.0,232.0,246.0,277.0,306.0,1.0,1.0
146,2833,424339.5,3814234.5,2022,158.0,181.0,227.0,237.0,253.0,281.0,313.0,1.0,1.0
120,2851,424393.5,3814312.5,2022,148.0,177.0,216.0,231.0,248.0,277.0,314.0,1.0,1.0
136,2932,424636.5,3814264.5,2022,132.0,174.0,213.0,230.0,248.0,278.0,310.0,1.0,1.0
149,2959,424717.5,3814225.5,2022,150.0,177.0,214.0,232.0,249.0,278.0,306.0,1.0,1.0
131,2996,424828.5,3814279.5,2022,123.0,178.0,216.0,233.0,250.0,279.0,321.0,1.0,1.0
137,3010,424870.5,3814261.5,2022,148.0,179.0,216.0,232.0,249.0,276.0,315.0,1.0,1.0
149,3058,425014.5,3814225.5,2022,152.0,174.0,210.0,234.0,255.0,281.0,310.0,1.0,1.0
143,3061,425023.5,3814243.5,2022,151.0,173.0,206.0,232.0,250.0,279.0,312.0,1.0,1.0
163,9,415867.5,3814183.5,2022,130.0,176.0,226.0,237.0,248.0,269.0,309.0,1.0,1.0
165,31,415933.5,3814177.5,2022,127.0,175.0,226.0,237.0,248.0,270.0,305.0,1.0,1.0
178,74,416062.5,3814138.5,2022,122.0,177.0,228.0,238.0,249.0,269.0,301.0,1.0,1.0
158,119,416197.5,3814198.5,2022,129.0,179.0,228.0,239.0,250.0,272.0,314.0,1.0,1.0
156,130,416230.5,3814204.5,2022,122.0,178.0,230.0,240.0,251.0,271.0,306.0,1.0,1.0
165,169,416347.5,3814177.5,2022,113.0,176.0,230.0,240.0,251.0,271.0,301.0,1.0,1.0
169,186,416398.5,3814165.5,2022,120.0,177.0,229.0,239.0,250.0,270.0,300.0,1.0,1.0
169,219,416497.5,3814165.5,2022,132.0,180.0,229.0,238.0,250.0,271.0,306.0,1.0,1.0
176,259,416617.5,3814144.5,2022,139.0,184.0,229.0,238.0,249.0,270.0,307.0,1.0,1.0
154,290,416710.5,3814210.5,2022,150.0,211.0,229.0,238.0,248.0,268.0,300.0,1.0,1.0
164,329,416827.5,3814180.5,2022,151.0,211.0,229.0,238.0,248.0,268.0,295.0,1.0,1.0
155,344,416872.5,3814207.5,2022,153.0,212.0,230.0,239.0,249.0,269.0,297.0,1.0,1.0
175,381,416983.5,3814147.5,2022,143.0,211.0,229.0,238.0,248.0,267.0,294.0,1.0,1.0
177,401,417043.5,3814141.5,2022,150.0,211.0,229.0,237.0,248.0,268.0,300.0,1.0,1.0
167,446,417178.5,3814171.5,2022,156.0,212.0,229.0,238.0,247.0,267.0,294.0,1.0,1.0
155,456,417208.5,3814207.5,2022,149.0,210.0,229.0,237.0,247.0,265.0,290.0,1.0,1.0
159,490,417310.5,3814195.5,2022,154.0,214.0,231.0,241.0,251.0,273.0,302.0,1.0,1.0
177,517,417391.5,3814141.5,2022,131.0,207.0,229.0,238.0,249.0,272.0,300.0,1.0,1.0
156,547,417481.5,3814204.5,2022,150.0,211.0,230.0,239.0,250.0,272.0,308.0,1.0,1.0
151,590,417610.5,3814219.5,2022,148.0,210.0,229.0,238.0,248.0,267.0,292.0,1.0,1.0
158,620,417700.5,3814198.5,2022,153.0,209.0,228.0,237.0,247.0,267.0,293.0,1.0,1.0
164,636,417748.5,3814180.5,2022,152.0,210.0,228.0,237.0,246.0,265.0,290.0,1.0,1.0
179,672,417856.5,3814135.5,2022,156.0,211.0,229.0,237.0,246.0,265.0,289.0,1.0,1.0
169,713,417979.5,3814165.5,2022,150.0,208.0,228.0,237.0,247.0,267.0,292.0,1.0,1.0
150,736,418048.5,3814222.5,2022,132.0,202.0,229.0,238.0,249.0,271.0,304.0,1.0,1.0
163,759,418117.5,3814183.5,2022,174.0,216.0,232.0,242.0,253.0,275.0,303.0,1.0,1.0
167,802,418246.5,3814171.5,2022,150.0,209.0,230.0,239.0,250.0,273.0,317.0,1.0,1.0
163,832,418336.5,3814183.5,2022,137.0,210.0,230.0,240.0,250.0,271.0,305.0,1.0,1.0
152,855,418405.5,3814216.5,2022,151.0,211.0,230.0,239.0,249.0,269.0,311.0,1.0,1.0
165,882,418486.5,3814177.5,2022,154.0,212.0,231.0,240.0,249.0,269.0,296.0,1.0,1.0
151,929,418627.5,3814219.5,2022,134.0,213.0,231.0,240.0,251.0,275.0,313.0,1.0,1.0
178,954,418702.5,3814138.5,2022,145.0,213.0,232.0,240.0,249.0,269.0,306.0,1.0,1.0
176,967,418741.5,3814144.5,2022,145.0,215.0,231.0,239.0,248.0,266.0,296.0,1.0,1.0
162,1017,418891.5,3814186.5,2022,147.0,219.0,234.0,243.0,253.0,277.0,313.0,1.0,2.0
168,1023,418909.5,3814168.5,2022,128.0,217.0,234.0,243.0,254.0,282.0,322.0,1.0,2.0
174,1062,419026.5,3814150.5,2022,135.0,213.0,231.0,241.0,252.0,276.0,317.0,1.0,1.0
164,1103,419149.5,3814180.5,2022,147.0,213.0,230.0,238.0,247.0,268.0,311.0,1.0,1.0
152,1129,419227.5,3814216.5,2022,150.0,215.0,230.0,238.0,247.0,268.0,306.0,1.0,1.0
171,1164,419332.5,3814159.5,2022,155.0,215.0,230.0,238.0,248.0,269.0,300.0,1.0,1.0
159,1170,419350.5,3814195.5,2022,150.0,211.0,229.0,238.0,247.0,266.0,294.0,1.0,1.0
165,1213,419479.5,3814177.5,2022,147.0,211.0,230.0,238.0,248.0,278.0,323.0,1.0,1.0
167,1251,419593.5,3814171.5,2022,157.0,212.0,229.0,237.0,245.0,263.0,298.0,1.0,1.0
164,1281,419683.5,3814180.5,2022,157.0,212.0,229.0,237.0,245.0,262.0,291.0,1.0,1.0
177,1292,419716.5,3814141.5,2022,149.0,211.0,229.0,237.0,246.0,265.0,296.0,1.0,1.0
177,1341,419863.5,3814141.5,2022,147.0,209.0,228.0,236.0,246.0,266.0,303.0,1.0,1.0
168,1368,419944.5,3814168.5,2022,147.0,186.0,228.0,237.0,248.0,268.0,301.0,1.0,2.0
164,1382,419986.5,3814180.5,2022,123.0,182.0,230.0,239.0,249.0,270.0,303.0,1.0,2.0
173,1419,420097.5,3814153.5,2022,159.0,213.0,230.0,238.0,248.0,270.0,296.0,1.0,1.0
179,1454,420202.5,3814135.5,2022,154.0,209.0,231.0,239.0,250.0,276.0,313.0,1.0,2.0
155,1476,420268.5,3814207.5,2022,138.0,209.0,229.0,238.0,248.0,273.0,313.0,1.0,1.0
152,1529,420427.5,3814216.5,2022,157.0,208.0,229.0,238.0,249.0,273.0,323.0,1.0,1.0
174,1546,420478.5,3814150.5,2022,135.0,182.0,229.0,239.0,252.0,276.0,309.0,1.0,1.0
177,1574,420562.5,3814141.5,2022,117.0,185.0,228.0,238.0,251.0,278.0,316.0,1.0,1.0
175,1612,420676.5,3814147.5,2022,154.0,210.0,230.0,240.0,253.0,279.0,308.0,1.0,1.0
157,1626,420718.5,3814201.5,2022,134.0,180.0,228.0,238.0,249.0,277.0,328.0,1.0,1.0
155,1674,420862.5,3814207.5,2022,128.0,181.0,229.0,239.0,252.0,276.0,305.0,1.0,2.0
157,1682,420886.5,3814201.5,2022,148.0,180.0,228.0,238.0,251.0,277.0,308.0,1.0,1.0
170,1711,420973.5,3814162.5,2022,151.0,212.0,231.0,240.0,254.0,280.0,308.0,1.0,1.0
154,1756,421108.5,3814210.5,2022,141.0,201.0,229.0,239.0,251.0,275.0,310.0,1.0,1.0
165,1774,421162.5,3814177.5,2022,147.0,179.0,230.0,240.0,254.0,279.0,307.0,1.0,1.0
174,1812,421276.5,3814150.5,2022,127.0,174.0,226.0,237.0,250.0,273.0,301.0,1.0,1.0
167,1844,421372.5,3814171.5,2022,142.0,180.0,227.0,236.0,248.0,271.0,305.0,1.0,1.0
150,1878,421474.5,3814222.5,2022,133.0,177.0,226.0,236.0,247.0,270.0,301.0,1.0,1.0
151,1915,421585.5,3814219.5,2022,128.0,179.0,227.0,237.0,248.0,271.0,300.0,1.0,2.0
157,1947,421681.5,3814201.5,2022,145.0,176.0,225.0,235.0,246.0,273.0,308.0,1.0,1.0
177,1973,421759.5,3814141.5,2022,142.0,185.0,228.0,237.0,249.0,272.0,304.0,1.0,1.0
164,1982,421786.5,3814180.5,2022,146.0,183.0,227.0,236.0,248.0,273.0,309.0,1.0,1.0
167,2026,421918.5,3814171.5,2022,115.0,175.0,224.0,235.0,246.0,271.0,305.0,1.0,1.0
153,2062,422026.5,3814213.5,2022,132.0,177.0,225.0,235.0,245.0,272.0,304.0,1.0,1.0
169,2083,422089.5,3814165.5,2022,151.0,176.0,225.0,235.0,246.0,271.0,309.0,1.0,1.0
153,2124,422212.5,3814213.5,2022,109.0,178.0,223.0,234.0,246.0,273.0,308.0,1.0,1.0
168,2155,422305.5,3814168.5,2022,154.0,180.0,222.0,233.0,245.0,268.0,300.0,1.0,1.0
179,2189,422407.5,3814135.5,2022,125.0,177.0,221.0,233.0,245.0,270.0,301.0,1.0,1.0
158,2219,422497.5,3814198.5,2022,155.0,201.0,225.0,235.0,246.0,271.0,300.0,1.0,1.0
162,2235,422545.5,3814186.5,2022,154.0,193.0,225.0,235.0,246.0,271.0,298.0,1.0,1.0
170,2270,422650.5,3814162.5,2022,153.0,188.0,222.0,233.0,244.0,270.0,300.0,1.0,1.0
155,2284,422692.5,3814207.5,2022,136.0,191.0,223.0,234.0,245.0,271.0,304.0,1.0,1.0
171,2315,422785.5,3814159.5,2022,143.0,182.0,222.0,234.0,248.0,273.0,301.0,1.0,1.0
172,2346,422878.5,3814156.5,2022,152.0,184.0,227.0,240.0,254.0,276.0,314.0,1.0,1.0
153,2377,422971.5,3814213.5,2022,159.0,184.0,221.0,234.0,249.0,274.0,307.0,1.0,1.0
179,2419,423097.5,3814135.5,2022,138.0,179.0,218.0,232.0,247.0,275.0,309.0,1.0,1.0
154,2437,423151.5,3814210.5,2022,152.0,173.0,225.0,238.0,255.0,279.0,303.0,1.0,1.0
151,2461,423223.5,3814219.5,2022,151.0,170.0,190.0,233.0,250.0,281.0,314.0,1.0,1.0
154,2506,423358.5,3814210.5,2022,140.0,172.0,216.0,231.0,248.0,276.0,315.0,1.0,2.0
168,2548,423484.5,3814168.5,2022,147.0,172.0,210.0,227.0,244.0,277.0,311.0,1.0,1.0
155,2572,423556.5,3814207.5,2022,133.0,171.0,207.0,226.0,243.0,274.0,306.0,1.0,1.0
174,2582,423586.5,3814150.5,2022,118.0,173.0,211.0,227.0,242.0,277.0,312.0,1.0,1.0
155,2633,423739.5,3814207.5,2022,140.0,174.0,216.0,231.0,246.0,276.0,314.0,1.0,1.0
156,2656,423808.5,3814204.5,2022,157.0,183.0,218.0,230.0,243.0,277.0,307.0,1.0,1.0
177,2697,423931.5,3814141.5,2022,153.0,178.0,218.0,232.0,247.0,280.0,313.0,1.0,1.0
174,2717,423991.5,3814150.5,2022,152.0,180.0,222.0,235.0,252.0,280.0,308.0,1.0,1.0
177,2742,424066.5,3814141.5,2022,152.0,180.0,220.0,234.0,249.0,280.0,315.0,1.0,1.0
163,2788,424204.5,3814183.5,2022,147.0,182.0,223.0,235.0,251.0,279.0,310.0,1.0,1.0
170,2814,424282.5,3814162.5,2022,151.0,178.0,219.0,234.0,250.0,280.0,308.0,1.0,1.0
159,2837,424351.5,3814195.5,2022,147.0,178.0,225.0,237.0,253.0,284.0,315.0,1.0,1.0
179,2854,424402.5,3814135.5,2022,148.0,172.0,223.0,238.0,257.0,286.0,319.0,1.0,1.0
165,2880,424480.5,3814177.5,2022,146.0,173.0,216.0,235.0,257.0,285.0,312.0,1.0,1.0
163,2929,424627.5,3814183.5,2022,145.0,173.0,213.0,233.0,250.0,280.0,313.0,1.0,1.0
170,2965,424735.5,3814162.5,2022,147.0,173.0,209.0,232.0,250.0,277.0,307.0,1.0,1.0
170,2976,424768.5,3814162.5,2022,145.0,176.0,222.0,236.0,251.0,277.0,311.0,1.0,1.0
154,3008,424864.5,3814210.5,2022,125.0,180.0,221.0,234.0,247.0,276.0,311.0,1.0,1.0
179,3033,424939.5,3814135.5,2022,135.0,181.0,220.0,235.0,249.0,275.0,310.0,1.0,1.0
150,3060,425020.5,3814222.5,2022,147.0,174.0,207.0,235.0,255.0,281.0,316.0,1.0,1.0
198,29,415927.5,3814078.5,2022,117.0,174.0,226.0,237.0,248.0,269.0,315.0,1.0,1.0
204,34,415942.5,3814060.5,2022,118.0,177.0,228.0,238.0,249.0,269.0,310.0,1.0,1.0
186,75,416065.5,3814114.5,2022,123.0,182.0,228.0,237.0,248.0,267.0,298.0,1.0,1.0
186,112,416176.5,3814114.5,2022,109.0,178.0,229.0,239.0,250.0,270.0,302.0,1.0,1.0
198,148,416284.5,3814078.5,2022,112.0,174.0,227.0,238.0,250.0,271.0,304.0,1.0,1.0
206,174,416362.5,3814054.5,2022,140.0,179.0,228.0,238.0,250.0,272.0,310.0,1.0,1.0
190,192,416416.5,3814102.5,2022,108.0,176.0,229.0,240.0,251.0,271.0,301.0,1.0,1.0
195,224,416512.5,3814087.5,2022,145.0,180.0,229.0,239.0,250.0,270.0,302.0,1.0,1.0
207,243,416569.5,3814051.5,2022,112.0,177.0,229.0,240.0,251.0,271.0,297.0,1.0,1.0
194,290,416710.5,3814090.5,2022,136.0,207.0,229.0,238.0,248.0,268.0,296.0,1.0,1.0
187,302,416746.5,3814111.5,2022,151.0,209.0,229.0,238.0,249.0,269.0,300.0,1.0,1.0
192,345,416875.5,3814096.5,2022,156.0,209.0,229.0,237.0,247.0,268.0,297.0,1.0,1.0
200,367,416941.5,3814072.5,2022,140.0,185.0,229.0,239.0,249.0,270.0,298.0,1.0,1.0
192,416,417088.5,3814096.5,2022,151.0,209.0,231.0,241.0,253.0,277.0,306.0,1.0,1.0
196,434,417142.5,3814084.5,2022,133.0,181.0,229.0,239.0,251.0,276.0,310.0,1.0,1.0
200,462,417226.5,3814072.5,2022,128.0,181.0,229.0,237.0,248.0,267.0,294.0,1.0,2.0
201,508,417364.5,3814069.5,2022,124.0,210.0,230.0,240.0,251.0,274.0,304.0,1.0,1.0
189,526,417418.5,3814105.5,2022,124.0,209.0,231.0,241.0,253.0,276.0,311.0,1.0,2.0
189,540,417460.5,3814105.5,2022,124.0,205.0,230.0,240.0,252.0,277.0,313.0,1.0,1.0
189,584,417592.5,3814105.5,2022,149.0,210.0,229.0,238.0,247.0,267.0,297.0,1.0,1.0
193,613,417679.5,3814093.5,2022,150.0,210.0,229.0,238.0,247.0,266.0,292.0,1.0,1.0
196,652,417796.5,3814084.5,2022,163.0,212.0,228.0,237.0,246.0,264.0,289.0,1.0,1.0
180,666,417838.5,3814132.5,2022,158.0,210.0,228.0,237.0,246.0,264.0,290.0,1.0,1.0
197,707,417961.5,3814081.5,2022,155.0,208.0,228.0,237.0,247.0,266.0,289.0,1.0,1.0
204,737,418051.5,3814060.5,2022,170.0,217.0,232.0,241.0,250.0,268.0,294.0,1.0,1.0
207,773,418159.5,3814051.5,2022,137.0,208.0,228.0,237.0,247.0,267.0,307.0,1.0,1.0
194,801,418243.5,3814090.5,2022,135.0,204.0,229.0,239.0,250.0,272.0,309.0,1.0,1.0
203,838,418354.5,3814063.5,2022,141.0,210.0,230.0,239.0,248.0,267.0,295.0,1.0,1.0
199,862,418426.5,3814075.5,2022,153.0,211.0,230.0,238.0,248.0,268.0,304.0,1.0,1.0
189,892,418516.5,3814105.5,2022,154.0,212.0,231.0,239.0,249.0,269.0,301.0,1.0,1.0
197,923,418609.5,3814081.5,2022,133.0,212.0,231.0,239.0,248.0,268.0,308.0,1.0,1.0
201,951,418693.5,3814069.5,2022,148.0,214.0,231.0,239.0,248.0,267.0,300.0,1.0,1.0
186,972,418756.5,3814114.5,2022,152.0,215.0,231.0,239.0,247.0,265.0,296.0,1.0,1.0
185,1005,418855.5,3814117.5,2022,153.0,215.0,231.0,240.0,250.0,274.0,316.0,1.0,1.0
207,1030,418930.5,3814051.5,2022,163.0,217.0,231.0,239.0,248.0,266.0,295.0,1.0,1.0
209,1077,419071.5,3814045.5,2022,152.0,216.0,230.0,238.0,246.0,265.0,295.0,1.0,1.0
189,1087,419101.5,3814105.5,2022,158.0,216.0,231.0,238.0,247.0,267.0,301.0,1.0,1.0
193,1133,419239.5,3814093.5,2022,153.0,215.0,230.0,238.0,248.0,270.0,311.0,1.0,1.0
206,1144,419272.5,3814054.5,2022,156.0,214.0,229.0,237.0,245.0,264.0,296.0,1.0,1.0
189,1192,419416.5,3814105.5,2022,150.0,211.0,230.0,239.0,250.0,278.0,313.0,1.0,1.0
199,1229,419527.5,3814075.5,2022,118.0,210.0,229.0,238.0,248.0,276.0,315.0,1.0,1.0
194,1241,419563.5,3814090.5,2022,166.0,216.0,231.0,238.0,248.0,269.0,301.0,1.0,1.0
204,1268,419644.5,3814060.5,2022,143.0,213.0,229.0,237.0,247.0,266.0,297.0,1.0,1.0
209,1299,419737.5,3814045.5,2022,155.0,212.0,230.0,238.0,247.0,267.0,298.0,1.0,1.0
180,1324,419812.5,3814132.5,2022,149.0,212.0,229.0,238.0,247.0,266.0,297.0,1.0,1.0
191,1360,419920.5,3814099.5,2022,149.0,190.0,228.0,237.0,246.0,264.0,296.0,1.0,1.0
180,1398,420034.5,3814132.5,2022,142.0,211.0,230.0,238.0,248.0,269.0,298.0,1.0,2.0
186,1413,420079.5,3814114.5,2022,107.0,183.0,229.0,238.0,248.0,268.0,300.0,1.0,2.0
187,1467,420241.5,3814111.5,2022,157.0,209.0,229.0,239.0,250.0,272.0,306.0,1.0,1.0
194,1489,420307.5,3814090.5,2022,154.0,212.0,231.0,240.0,252.0,277.0,314.0,1.0,1.0
187,1500,420340.5,3814111.5,2022,154.0,206.0,229.0,239.0,250.0,276.0,319.0,1.0,1.0
202,1559,420517.5,3814066.5,2022,152.0,209.0,229.0,239.0,253.0,277.0,310.0,1.0,1.0
197,1575,420565.5,3814081.5,2022,155.0,206.0,228.0,238.0,252.0,277.0,308.0,1.0,1.0
192,1593,420619.5,3814096.5,2022,153.0,204.0,227.0,237.0,251.0,276.0,306.0,1.0,1.0
196,1644,420772.5,3814084.5,2022,156.0,209.0,230.0,240.0,253.0,279.0,311.0,1.0,1.0
190,1679,420877.5,3814102.5,2022,120.0,185.0,229.0,239.0,251.0,275.0,306.0,1.0,1.0
180,1696,420928.5,3814132.5,2022,150.0,211.0,230.0,239.0,252.0,279.0,312.0,1.0,2.0
182,1711,420973.5,3814126.5,2022,150.0,205.0,229.0,238.0,250.0,275.0,302.0,1.0,1.0
190,1767,421141.5,3814102.5,2022,152.0,213.0,231.0,240.0,251.0,276.0,305.0,1.0,1.0
203,1793,421219.5,3814063.5,2022,150.0,209.0,229.0,238.0,250.0,276.0,300.0,1.0,1.0
191,1822,421306.5,3814099.5,2022,124.0,177.0,227.0,237.0,250.0,275.0,315.0,1.0,1.0
206,1840,421360.5,3814054.5,2022,140.0,172.0,227.0,237.0,250.0,276.0,306.0,1.0,1.0
188,1861,421423.5,3814108.5,2022,145.0,178.0,227.0,237.0,248.0,273.0,301.0,1.0,1.0
202,1913,421579.5,3814066.5,2022,132.0,181.0,229.0,238.0,249.0,273.0,304.0,1.0,2.0
208,1928,421624.5,3814048.5,2022,122.0,179.0,224.0,234.0,246.0,272.0,300.0,1.0,1.0
180,1952,421696.5,3814132.5,2022,139.0,175.0,225.0,236.0,247.0,272.0,311.0,1.0,1.0
196,1997,421831.5,3814084.5,2022,149.0,179.0,226.0,236.0,247.0,270.0,305.0,1.0,1.0
206,2020,421900.5,3814054.5,2022,156.0,187.0,225.0,234.0,244.0,269.0,301.0,1.0,2.0
199,2060,422020.5,3814075.5,2022,152.0,183.0,226.0,235.0,246.0,273.0,315.0,1.0,2.0
197,2074,422062.5,3814081.5,2022,150.0,179.0,224.0,234.0,244.0,269.0,302.0,1.0,1.0
181,2127,422221.5,3814129.5,2022,141.0,181.0,223.0,236.0,249.0,275.0,303.0,1.0,1.0
183,2155,422305.5,3814123.5,2022,129.0,178.0,221.0,233.0,245.0,272.0,311.0,1.0,1.0
192,2184,422392.5,3814096.5,2022,163.0,190.0,223.0,234.0,245.0,269.0,300.0,1.0,1.0
182,2201,422443.5,3814126.5,2022,154.0,181.0,220.0,231.0,243.0,271.0,304.0,1.0,1.0
196,2238,422554.5,3814084.5,2022,145.0,190.0,224.0,235.0,247.0,275.0,306.0,1.0,2.0
203,2277,422671.5,3814063.5,2022,123.0,177.0,218.0,231.0,246.0,274.0,307.0,1.0,2.0
187,2280,422680.5,3814111.5,2022,151.0,191.0,223.0,234.0,247.0,275.0,307.0,1.0,2.0
204,2322,422806.5,3814060.5,2022,138.0,181.0,220.0,233.0,245.0,272.0,304.0,1.0,1.0
203,2349,422887.5,3814063.5,2022,157.0,182.0,218.0,231.0,245.0,272.0,312.0,1.0,1.0
202,2380,422980.5,3814066.5,2022,110.0,175.0,221.0,235.0,250.0,277.0,310.0,1.0,2.0
190,2413,423079.5,3814102.5,2022,108.0,176.0,218.0,232.0,247.0,273.0,306.0,1.0,1.0
181,2440,423160.5,3814129.5,2022,151.0,179.0,221.0,233.0,248.0,272.0,303.0,1.0,1.0
186,2469,423247.5,3814114.5,2022,135.0,180.0,224.0,236.0,252.0,277.0,306.0,1.0,2.0
188,2508,423364.5,3814108.5,2022,121.0,171.0,218.0,233.0,252.0,279.0,315.0,1.0,1.0
201,2522,423406.5,3814069.5,2022,144.0,175.0,217.0,230.0,246.0,276.0,309.0,1.0,1.0
184,2554,423502.5,3814120.5,2022,149.0,176.0,212.0,227.0,242.0,275.0,314.0,1.0,1.0
183,2608,423664.5,3814123.5,2022,128.0,175.0,214.0,228.0,244.0,276.0,311.0,1.0,1.0
182,2621,423703.5,3814126.5,2022,122.0,177.0,213.0,227.0,242.0,276.0,311.0,1.0,1.0
180,2657,423811.5,3814132.5,2022,131.0,172.0,213.0,229.0,246.0,276.0,306.0,1.0,1.0
207,2671,423853.5,3814051.5,2022,144.0,185.0,216.0,229.0,244.0,275.0,313.0,1.0,1.0
195,2719,423997.5,3814087.5,2022,115.0,176.0,214.0,229.0,246.0,278.0,306.0,1.0,1.0
194,2731,424033.5,3814090.5,2022,139.0,176.0,215.0,231.0,248.0,277.0,308.0,1.0,1.0
209,2776,424168.5,3814045.5,2022,151.0,181.0,221.0,234.0,252.0,280.0,317.0,1.0,1.0
202,2793,424219.5,3814066.5,2022,149.0,179.0,222.0,235.0,253.0,282.0,312.0,1.0,1.0
198,2838,424354.5,3814078.5,2022,151.0,177.0,222.0,235.0,256.0,284.0,311.0,1.0,1.0
201,2858,424414.5,3814069.5,2022,144.0,177.0,215.0,233.0,251.0,278.0,311.0,1.0,1.0
186,2892,424516.5,3814114.5,2022,148.0,178.0,227.0,239.0,255.0,282.0,313.0,1.0,1.0
197,2912,424576.5,3814081.5,2022,147.0,180.0,225.0,237.0,254.0,281.0,320.0,1.0,1.0
180,2953,424699.5,3814132.5,2022,148.0,175.0,208.0,227.0,246.0,276.0,312.0,1.0,1.0
203,2977,424771.5,3814063.5,2022,125.0,184.0,215.0,230.0,245.0,275.0,307.0,1.0,1.0
201,3027,424921.5,3814069.5,2022,154.0,180.0,221.0,234.0,249.0,278.0,311.0,1.0,1.0
189,3038,424954.5,3814105.5,2022,147.0,182.0,219.0,234.0,248.0,275.0,314.0,1.0,1.0
192,3075,425065.5,3814096.5,2022,150.0,174.0,206.0,231.0,248.0,277.0,316.0,1.0,1.0
182,3132,425236.5,3814126.5,2022,133.0,176.0,210.0,226.0,245.0,277.0,315.0,1.0,1.0
201,3175,425365.5,3814069.5,2022,154.0,176.0,211.0,229.0,247.0,277.0,318.0,1.0,1.0
206,3260,425620.5,3814054.5,2022,130.0,171.0,190.0,209.0,232.0,280.0,318.0,1.0,1.0
220,1,415843.5,3814012.5,2022,138.0,177.0,227.0,237.0,249.0,270.0,313.0,1.0,1.0
227,42,415966.5,3813991.5,2022,122.0,182.0,227.0,237.0,248.0,268.0,299.0,1.0,1.0
238,62,416026.5,3813958.5,2022,107.0,178.0,227.0,237.0,247.0,267.0,308.0,1.0,1.0
232,114,416182.5,3813976.5,2022,104.0,174.0,226.0,237.0,249.0,271.0,309.0,1.0,1.0
224,137,416251.5,3814000.5,2022,114.0,175.0,226.0,237.0,249.0,273.0,314.0,1.0,1.0
232,171,416353.5,3813976.5,2022,105.0,174.0,228.0,239.0,251.0,271.0,309.0,1.0,1.0
235,186,416398.5,3813967.5,2022,113.0,176.0,229.0,239.0,251.0,271.0,305.0,1.0,1.0
231,222,416506.5,3813979.5,2022,105.0,177.0,231.0,241.0,252.0,271.0,297.0,1.0,1.0
223,257,416611.5,3814003.5,2022,131.0,178.0,229.0,240.0,251.0,271.0,298.0,1.0,1.0
235,296,416728.5,3813967.5,2022,127.0,179.0,229.0,240.0,251.0,271.0,295.0,1.0,1.0
229,324,416812.5,3813985.5,2022,142.0,201.0,228.0,238.0,248.0,270.0,298.0,1.0,1.0
234,349,416887.5,3813970.5,2022,134.0,209.0,230.0,239.0,249.0,271.0,305.0,1.0,1.0
227,368,416944.5,3813991.5,2022,150.0,214.0,231.0,240.0,250.0,272.0,307.0,1.0,1.0
239,410,417070.5,3813955.5,2022,106.0,210.0,232.0,242.0,254.0,279.0,317.0,1.0,1.0
213,438,417154.5,3814033.5,2022,155.0,209.0,228.0,237.0,246.0,266.0,301.0,1.0,1.0
220,464,417232.5,3814012.5,2022,125.0,207.0,228.0,238.0,248.0,269.0,300.0,1.0,1.0
216,507,417361.5,3814024.5,2022,117.0,204.0,230.0,240.0,252.0,278.0,308.0,1.0,1.0
218,520,417400.5,3814018.5,2022,139.0,207.0,229.0,239.0,250.0,273.0,307.0,1.0,1.0
225,554,417502.5,3813997.5,2022,146.0,209.0,228.0,237.0,247.0,267.0,297.0,1.0,1.0
220,583,417589.5,3814012.5,2022,148.0,202.0,229.0,238.0,249.0,269.0,296.0,1.0,1.0
231,624,417712.5,3813979.5,2022,153.0,209.0,228.0,237.0,246.0,264.0,288.0,1.0,1.0
237,642,417766.5,3813961.5,2022,157.0,208.0,227.0,236.0,245.0,263.0,289.0,1.0,1.0
220,669,417847.5,3814012.5,2022,147.0,208.0,228.0,237.0,246.0,264.0,289.0,1.0,1.0
211,719,417997.5,3814039.5,2022,153.0,209.0,229.0,238.0,248.0,268.0,295.0,1.0,1.0
210,739,418057.5,3814042.5,2022,172.0,219.0,235.0,245.0,256.0,276.0,303.0,1.0,1.0
219,766,418138.5,3814015.5,2022,120.0,204.0,227.0,237.0,248.0,270.0,310.0,1.0,1.0
228,807,418261.5,3813988.5,2022,149.0,210.0,228.0,236.0,245.0,263.0,296.0,1.0,2.0
226,810,418270.5,3813994.5,2022,140.0,209.0,228.0,237.0,246.0,265.0,297.0,1.0,1.0
235,868,418444.5,3813967.5,2022,152.0,212.0,230.0,239.0,249.0,269.0,308.0,1.0,1.0
221,878,418474.5,3814009.5,2022,155.0,209.0,230.0,238.0,248.0,268.0,301.0,1.0,1.0
229,919,418597.5,3813985.5,2022,148.0,211.0,230.0,239.0,249.0,268.0,301.0,1.0,1.0
232,940,418660.5,3813976.5,2022,154.0,215.0,231.0,240.0,249.0,268.0,300.0,1.0,1.0
219,984,418792.5,3814015.5,2022,126.0,213.0,231.0,240.0,249.0,271.0,307.0,1.0,1.0
224,1014,418882.5,3814000.5,2022,103.0,189.0,232.0,242.0,255.0,282.0,313.0,1.0,1.0
228,1023,418909.5,3813988.5,2022,124.0,214.0,232.0,241.0,252.0,276.0,315.0,1.0,1.0
219,1079,419077.5,3814015.5,2022,154.0,216.0,231.0,238.0,247.0,264.0,295.0,1.0,1.0
234,1087,419101.5,3813970.5,2022,157.0,217.0,231.0,239.0,248.0,267.0,300.0,1.0,1.0
233,1123,419209.5,3813973.5,2022,155.0,215.0,230.0,238.0,246.0,265.0,293.0,1.0,1.0
230,1169,419347.5,3813982.5,2022,151.0,214.0,230.0,238.0,247.0,265.0,291.0,1.0,1.0
218,1198,419434.5,3814018.5,2022,153.0,214.0,229.0,237.0,246.0,266.0,295.0,1.0,1.0
212,1205,419455.5,3814036.5,2022,152.0,215.0,230.0,238.0,247.0,265.0,293.0,1.0,1.0
228,1256,419608.5,3813988.5,2022,126.0,213.0,229.0,237.0,246.0,265.0,305.0,1.0,1.0
238,1263,419629.5,3813958.5,2022,145.0,214.0,230.0,238.0,247.0,265.0,301.0,1.0,1.0
214,1304,419752.5,3814030.5,2022,149.0,213.0,230.0,238.0,247.0,266.0,298.0,1.0,1.0
224,1330,419830.5,3814000.5,2022,149.0,210.0,229.0,237.0,246.0,266.0,301.0,1.0,1.0
221,1371,419953.5,3814009.5,2022,142.0,208.0,229.0,237.0,247.0,266.0,302.0,1.0,1.0
226,1380,419980.5,3813994.5,2022,124.0,178.0,231.0,240.0,250.0,268.0,299.0,1.0,2.0
223,1424,420112.5,3814003.5,2022,147.0,183.0,230.0,239.0,249.0,268.0,304.0,1.0,2.0
210,1468,420244.5,3814042.5,2022,147.0,188.0,228.0,238.0,249.0,272.0,308.0,1.0,1.0
226,1485,420295.5,3813994.5,2022,137.0,182.0,232.0,241.0,253.0,276.0,307.0,1.0,1.0
215,1521,420403.5,3814027.5,2022,156.0,210.0,229.0,239.0,250.0,273.0,305.0,1.0,1.0
222,1535,420445.5,3814006.5,2022,155.0,213.0,230.0,238.0,249.0,272.0,305.0,1.0,1.0
214,1571,420553.5,3814030.5,2022,148.0,209.0,229.0,239.0,252.0,278.0,310.0,1.0,1.0
219,1619,420697.5,3814015.5,2022,137.0,185.0,229.0,238.0,249.0,274.0,307.0,1.0,1.0
226,1634,420742.5,3813994.5,2022,153.0,184.0,230.0,239.0,252.0,280.0,308.0,1.0,2.0
232,1667,420841.5,3813976.5,2022,122.0,178.0,231.0,240.0,252.0,276.0,309.0,1.0,2.0
239,1706,420958.5,3813955.5,2022,132.0,184.0,230.0,239.0,252.0,277.0,312.0,1.0,1.0
228,1764,421132.5,3813988.5,2022,143.0,189.0,230.0,239.0,252.0,279.0,307.0,1.0,2.0
219,1799,421237.5,3814015.5,2022,139.0,203.0,229.0,238.0,251.0,279.0,307.0,1.0,1.0
227,1810,421270.5,3813991.5,2022,130.0,205.0,228.0,237.0,249.0,276.0,305.0,1.0,1.0
218,1856,421408.5,3814018.5,2022,134.0,177.0,228.0,237.0,250.0,275.0,300.0,1.0,2.0
221,1865,421435.5,3814009.5,2022,148.0,180.0,229.0,238.0,249.0,274.0,300.0,1.0,2.0
211,1918,421594.5,3814039.5,2022,120.0,179.0,228.0,238.0,250.0,275.0,304.0,1.0,2.0
238,1940,421660.5,3813958.5,2022,141.0,183.0,224.0,235.0,247.0,273.0,308.0,1.0,2.0
236,1956,421708.5,3813964.5,2022,124.0,178.0,223.0,234.0,246.0,274.0,315.0,1.0,1.0
229,1985,421795.5,3813985.5,2022,113.0,175.0,225.0,237.0,249.0,272.0,300.0,1.0,1.0
232,2029,421927.5,3813976.5,2022,120.0,180.0,224.0,236.0,248.0,273.0,303.0,1.0,1.0
231,2063,422029.5,3813979.5,2022,126.0,181.0,226.0,236.0,247.0,272.0,308.0,1.0,2.0
219,2088,422104.5,3814015.5,2022,133.0,181.0,225.0,235.0,247.0,274.0,310.0,1.0,2.0
229,2115,422185.5,3813985.5,2022,151.0,179.0,223.0,233.0,245.0,272.0,308.0,1.0,2.0
237,2142,422266.5,3813961.5,2022,134.0,188.0,222.0,233.0,244.0,270.0,304.0,1.0,1.0
233,2160,422320.5,3813973.5,2022,150.0,185.0,223.0,234.0,245.0,272.0,314.0,1.0,1.0
211,2190,422410.5,3814039.5,2022,150.0,185.0,222.0,233.0,244.0,269.0,307.0,1.0,1.0
239,2240,422560.5,3813955.5,2022,150.0,178.0,220.0,233.0,245.0,272.0,307.0,1.0,1.0
227,2268,422644.5,3813991.5,2022,153.0,180.0,221.0,233.0,246.0,273.0,307.0,1.0,1.0
234,2283,422689.5,3813970.5,2022,148.0,178.0,221.0,233.0,245.0,274.0,315.0,1.0,2.0
230,2336,422848.5,3813982.5,2022,122.0,178.0,219.0,233.0,247.0,273.0,310.0,1.0,1.0
237,2351,422893.5,3813961.5,2022,154.0,176.0,217.0,230.0,245.0,273.0,312.0,1.0,1.0
238,2383,422989.5,3813958.5,2022,153.0,183.0,219.0,231.0,246.0,274.0,310.0,1.0,1.0
222,2408,423064.5,3814006.5,2022,144.0,182.0,218.0,232.0,245.0,273.0,306.0,1.0,1.0
232,2440,423160.5,3813976.5,2022,136.0,187.0,220.0,233.0,249.0,276.0,307.0,1.0,1.0
221,2477,423271.5,3814009.5,2022,121.0,182.0,219.0,232.0,248.0,274.0,304.0,1.0,1.0
213,2509,423367.5,3814033.5,2022,131.0,184.0,220.0,233.0,248.0,276.0,305.0,1.0,1.0
222,2524,423412.5,3814006.5,2022,152.0,184.0,222.0,234.0,248.0,273.0,307.0,1.0,1.0
223,2569,423547.5,3814003.5,2022,148.0,177.0,213.0,227.0,242.0,277.0,314.0,1.0,1.0
223,2586,423598.5,3814003.5,2022,128.0,179.0,217.0,230.0,244.0,275.0,311.0,1.0,1.0
210,2639,423757.5,3814042.5,2022,140.0,175.0,212.0,228.0,244.0,277.0,307.0,1.0,1.0
217,2663,423829.5,3814021.5,2022,148.0,179.0,214.0,228.0,243.0,279.0,308.0,1.0,1.0
225,2681,423883.5,3813997.5,2022,126.0,183.0,216.0,230.0,245.0,274.0,309.0,1.0,1.0
210,2729,424027.5,3814042.5,2022,151.0,178.0,212.0,227.0,242.0,275.0,308.0,1.0,1.0
210,2731,424033.5,3814042.5,2022,142.0,176.0,213.0,228.0,243.0,274.0,308.0,1.0,1.0
225,2786,424198.5,3813997.5,2022,153.0,180.0,219.0,232.0,252.0,280.0,312.0,1.0,1.0
229,2816,424288.5,3813985.5,2022,152.0,184.0,220.0,232.0,248.0,278.0,312.0,1.0,1.0
218,2833,424339.5,3814018.5,2022,152.0,183.0,221.0,234.0,250.0,279.0,324.0,1.0,1.0
234,2856,424408.5,3813970.5,2022,150.0,179.0,217.0,230.0,246.0,276.0,308.0,1.0,1.0
226,2898,424534.5,3813994.5,2022,151.0,181.0,220.0,235.0,257.0,284.0,320.0,1.0,1.0
226,2926,424618.5,3813994.5,2022,153.0,175.0,216.0,234.0,253.0,280.0,316.0,1.0,1.0
226,2941,424663.5,3813994.5,2022,155.0,175.0,217.0,235.0,255.0,282.0,312.0,1.0,1.0
228,2987,424801.5,3813988.5,2022,149.0,179.0,216.0,233.0,252.0,278.0,309.0,1.0,1.0
224,3016,424888.5,3814000.5,2022,153.0,182.0,222.0,235.0,249.0,276.0,316.0,1.0,1.0
237,3030,424930.5,3813961.5,2022,138.0,181.0,217.0,232.0,247.0,274.0,306.0,1.0,1.0
226,3173,425359.5,3813994.5,2022,149.0,169.0,185.0,229.0,247.0,279.0,317.0,1.0,1.0
228,3192,425416.5,3813988.5,2022,134.0,172.0,191.0,216.0,244.0,280.0,313.0,1.0,1.0
219,3229,425527.5,3814015.5,2022,147.0,172.0,194.0,213.0,253.0,284.0,336.0,1.0,1.0
228,3260,425620.5,3813988.5,2022,129.0,170.0,191.0,211.0,239.0,277.0,319.0,1.0,1.0
228,3290,425710.5,3813988.5,2022,101.0,173.0,192.0,211.0,242.0,275.0,309.0,1.0,1.0
259,22,415906.5,3813895.5,2022,117.0,179.0,226.0,237.0,248.0,268.0,299.0,1.0,1.0
242,31,415933.5,3813946.5,2022,113.0,177.0,226.0,237.0,248.0,269.0,302.0,1.0,1.0
266,87,416101.5,3813874.5,2022,114.0,178.0,228.0,239.0,250.0,271.0,310.0,1.0,1.0
261,95,416125.5,3813889.5,2022,107.0,175.0,228.0,239.0,251.0,272.0,318.0,1.0,1.0
245,138,416254.5,3813937.5,2022,113.0,177.0,229.0,239.0,250.0,270.0,303.0,1.0,1.0
241,171,416353.5,3813949.5,2022,112.0,174.0,228.0,239.0,251.0,270.0,300.0,1.0,1.0
260,209,416467.5,3813892.5,2022,107.0,176.0,229.0,239.0,250.0,271.0,303.0,1.0,1.0
267,210,416470.5,3813871.5,2022,109.0,176.0,229.0,239.0,251.0,272.0,302.0,1.0,1.0
256,248,416584.5,3813904.5,2022,114.0,175.0,228.0,239.0,251.0,273.0,300.0,1.0,1.0
256,297,416731.5,3813904.5,2022,137.0,179.0,228.0,238.0,249.0,271.0,297.0,1.0,1.0
263,328,416824.5,3813883.5,2022,137.0,212.0,230.0,239.0,249.0,271.0,304.0,1.0,1.0
241,330,416830.5,3813949.5,2022,121.0,186.0,229.0,239.0,250.0,271.0,299.0,1.0,1.0
249,377,416971.5,3813925.5,2022,155.0,189.0,229.0,238.0,248.0,268.0,296.0,1.0,2.0
241,402,417046.5,3813949.5,2022,142.0,213.0,231.0,240.0,251.0,273.0,307.0,1.0,2.0
266,431,417133.5,3813874.5,2022,134.0,210.0,229.0,237.0,247.0,268.0,304.0,1.0,1.0
256,478,417274.5,3813904.5,2022,139.0,189.0,229.0,238.0,248.0,267.0,292.0,1.0,1.0
256,493,417319.5,3813904.5,2022,147.0,211.0,229.0,237.0,247.0,266.0,299.0,1.0,1.0
265,519,417397.5,3813877.5,2022,142.0,208.0,227.0,236.0,245.0,264.0,287.0,1.0,1.0
252,563,417529.5,3813916.5,2022,150.0,208.0,228.0,237.0,247.0,267.0,296.0,1.0,1.0
265,595,417625.5,3813877.5,2022,149.0,206.0,228.0,237.0,246.0,264.0,291.0,1.0,1.0
240,615,417685.5,3813952.5,2022,150.0,207.0,228.0,237.0,246.0,264.0,291.0,1.0,1.0
257,637,417751.5,3813901.5,2022,151.0,208.0,228.0,237.0,247.0,265.0,289.0,1.0,1.0
264,684,417892.5,3813880.5,2022,140.0,208.0,228.0,237.0,246.0,264.0,295.0,1.0,1.0
261,707,417961.5,3813889.5,2022,156.0,209.0,228.0,237.0,246.0,262.0,284.0,1.0,1.0
250,725,418015.5,3813922.5,2022,154.0,209.0,228.0,237.0,246.0,265.0,296.0,1.0,1.0
246,779,418177.5,3813934.5,2022,139.0,209.0,228.0,237.0,246.0,265.0,299.0,1.0,1.0
266,792,418216.5,3813874.5,2022,152.0,209.0,227.0,235.0,244.0,261.0,290.0,1.0,1.0
261,835,418345.5,3813889.5,2022,156.0,212.0,229.0,237.0,246.0,263.0,292.0,1.0,1.0
245,851,418393.5,3813937.5,2022,151.0,211.0,230.0,239.0,249.0,269.0,309.0,1.0,1.0
258,885,418495.5,3813898.5,2022,157.0,211.0,229.0,237.0,246.0,265.0,293.0,1.0,1.0
246,901,418543.5,3813934.5,2022,151.0,214.0,231.0,239.0,248.0,266.0,301.0,1.0,1.0
259,931,418633.5,3813895.5,2022,152.0,213.0,230.0,239.0,248.0,268.0,307.0,1.0,1.0
247,960,418720.5,3813931.5,2022,152.0,214.0,230.0,239.0,248.0,268.0,302.0,1.0,1.0
252,994,418822.5,3813916.5,2022,140.0,211.0,230.0,238.0,248.0,270.0,301.0,1.0,1.0
262,1049,418987.5,3813886.5,2022,162.0,218.0,232.0,241.0,250.0,270.0,303.0,1.0,1.0
265,1062,419026.5,3813877.5,2022,164.0,216.0,232.0,240.0,250.0,275.0,312.0,1.0,1.0
254,1082,419086.5,3813910.5,2022,155.0,214.0,231.0,240.0,250.0,272.0,310.0,1.0,1.0
245,1117,419191.5,3813937.5,2022,152.0,216.0,231.0,239.0,248.0,267.0,302.0,1.0,1.0
260,1160,419320.5,3813892.5,2022,153.0,214.0,229.0,237.0,245.0,264.0,289.0,1.0,1.0
253,1179,419377.5,3813913.5,2022,151.0,215.0,230.0,238.0,246.0,264.0,292.0,1.0,1.0
266,1202,419446.5,3813874.5,2022,145.0,212.0,229.0,237.0,246.0,264.0,296.0,1.0,1.0
246,1230,419530.5,3813934.5,2022,149.0,213.0,229.0,237.0,245.0,264.0,305.0,1.0,1.0
246,1271,419653.5,3813934.5,2022,133.0,213.0,229.0,237.0,246.0,266.0,302.0,1.0,1.0
265,1304,419752.5,3813877.5,2022,148.0,214.0,229.0,237.0,246.0,264.0,303.0,1.0,1.0
255,1320,419800.5,3813907.5,2022,157.0,212.0,228.0,236.0,245.0,262.0,297.0,1.0,2.0
246,1352,419896.5,3813934.5,2022,152.0,210.0,229.0,238.0,248.0,270.0,304.0,1.0,1.0
260,1384,419992.5,3813892.5,2022,117.0,183.0,228.0,238.0,248.0,269.0,303.0,1.0,1.0
269,1434,420142.5,3813865.5,2022,140.0,180.0,230.0,240.0,251.0,271.0,298.0,1.0,1.0
264,1452,420196.5,3813880.5,2022,151.0,182.0,229.0,238.0,249.0,272.0,309.0,1.0,2.0
250,1495,420325.5,3813922.5,2022,107.0,178.0,227.0,237.0,249.0,274.0,312.0,1.0,1.0
245,1516,420388.5,3813937.5,2022,151.0,213.0,230.0,239.0,250.0,272.0,310.0,1.0,1.0
266,1545,420475.5,3813874.5,2022,161.0,215.0,229.0,237.0,246.0,265.0,294.0,1.0,1.0
241,1571,420553.5,3813949.5,2022,157.0,210.0,229.0,239.0,252.0,278.0,304.0,1.0,1.0
252,1609,420667.5,3813916.5,2022,131.0,212.0,230.0,239.0,251.0,274.0,309.0,1.0,2.0
243,1625,420715.5,3813943.5,2022,141.0,209.0,229.0,238.0,248.0,271.0,302.0,1.0,2.0
259,1650,420790.5,3813895.5,2022,133.0,210.0,229.0,238.0,251.0,277.0,310.0,1.0,2.0
255,1700,420940.5,3813907.5,2022,149.0,181.0,230.0,239.0,252.0,283.0,315.0,1.0,2.0
269,1711,420973.5,3813865.5,2022,136.0,182.0,229.0,238.0,249.0,275.0,308.0,1.0,2.0
256,1865,421435.5,3813904.5,2022,155.0,192.0,227.0,236.0,248.0,274.0,311.0,1.0,2.0
247,1904,421552.5,3813931.5,2022,126.0,174.0,225.0,235.0,246.0,270.0,302.0,1.0,1.0
263,1934,421642.5,3813883.5,2022,119.0,177.0,225.0,235.0,249.0,275.0,307.0,1.0,2.0
241,1972,421756.5,3813949.5,2022,126.0,175.0,222.0,234.0,245.0,270.0,304.0,1.0,1.0
243,2006,421858.5,3813943.5,2022,142.0,183.0,226.0,236.0,247.0,271.0,300.0,1.0,2.0
242,2025,421915.5,3813946.5,2022,113.0,178.0,226.0,236.0,248.0,271.0,301.0,1.0,1.0
258,2067,422041.5,3813898.5,2022,156.0,184.0,225.0,235.0,246.0,271.0,301.0,1.0,2.0
248,2091,422113.5,3813928.5,2022,143.0,179.0,222.0,234.0,245.0,271.0,323.0,1.0,1.0
266,2106,422158.5,3813874.5,2022,149.0,183.0,224.0,234.0,245.0,272.0,307.0,1.0,2.0
268,2153,422299.5,3813868.5,2022,151.0,180.0,221.0,232.0,243.0,269.0,310.0,1.0,1.0
240,2161,422323.5,3813952.5,2022,155.0,182.0,220.0,232.0,243.0,269.0,308.0,1.0,1.0
248,2198,422434.5,3813928.5,2022,149.0,180.0,223.0,234.0,246.0,271.0,307.0,1.0,1.0
262,2245,422575.5,3813886.5,2022,150.0,179.0,220.0,233.0,245.0,271.0,310.0,1.0,1.0
244,2252,422596.5,3813940.5,2022,148.0,178.0,220.0,233.0,246.0,274.0,312.0,1.0,1.0
254,2280,422680.5,3813910.5,2022,153.0,183.0,223.0,234.0,247.0,274.0,306.0,1.0,2.0
250,2325,422815.5,3813922.5,2022,144.0,183.0,220.0,232.0,246.0,275.0,309.0,1.0,1.0
243,2351,422893.5,3813943.5,2022,155.0,178.0,217.0,230.0,244.0,272.0,313.0,1.0,1.0
246,2378,422974.5,3813934.5,2022,158.0,187.0,220.0,232.0,247.0,273.0,311.0,1.0,1.0
261,2414,423082.5,3813889.5,2022,119.0,180.0,217.0,230.0,244.0,273.0,306.0,1.0,1.0
258,2441,423163.5,3813898.5,2022,130.0,178.0,214.0,227.0,242.0,271.0,306.0,1.0,1.0
242,2463,423229.5,3813946.5,2022,126.0,184.0,218.0,231.0,246.0,274.0,309.0,1.0,1.0
257,2496,423328.5,3813901.5,2022,130.0,194.0,219.0,231.0,245.0,271.0,305.0,1.0,1.0
264,2546,423478.5,3813880.5,2022,156.0,182.0,219.0,231.0,244.0,276.0,319.0,1.0,1.0
262,2566,423538.5,3813886.5,2022,148.0,182.0,218.0,229.0,242.0,273.0,307.0,1.0,1.0
262,2586,423598.5,3813886.5,2022,149.0,170.0,219.0,233.0,248.0,281.0,310.0,1.0,1.0
254,2636,423748.5,3813910.5,2022,145.0,179.0,221.0,233.0,248.0,276.0,309.0,1.0,1.0
256,2643,423769.5,3813904.5,2022,146.0,185.0,220.0,232.0,245.0,274.0,303.0,1.0,2.0
241,2678,423874.5,3813949.5,2022,126.0,184.0,215.0,230.0,246.0,279.0,318.0,1.0,1.0
265,2719,423997.5,3813877.5,2022,124.0,183.0,214.0,229.0,243.0,274.0,307.0,1.0,1.0
248,2758,424114.5,3813928.5,2022,144.0,191.0,217.0,229.0,243.0,274.0,309.0,1.0,1.0
243,2770,424150.5,3813943.5,2022,150.0,184.0,217.0,229.0,243.0,273.0,314.0,1.0,1.0
261,2810,424270.5,3813889.5,2022,153.0,179.0,216.0,230.0,247.0,276.0,305.0,1.0,1.0
260,2843,424369.5,3813892.5,2022,155.0,188.0,219.0,231.0,246.0,276.0,305.0,1.0,1.0
241,2858,424414.5,3813949.5,2022,149.0,179.0,216.0,229.0,246.0,277.0,310.0,1.0,1.0
266,2908,424564.5,3813874.5,2022,139.0,176.0,214.0,228.0,244.0,277.0,312.0,1.0,1.0
260,2924,424612.5,3813892.5,2022,147.0,180.0,219.0,233.0,253.0,281.0,317.0,1.0,1.0
244,2956,424708.5,3813940.5,2022,147.0,181.0,216.0,230.0,245.0,273.0,306.0,1.0,1.0
246,2995,424825.5,3813934.5,2022,145.0,184.0,217.0,231.0,247.0,274.0,314.0,1.0,1.0
267,3006,424858.5,3813871.5,2022,129.0,178.0,214.0,228.0,245.0,274.0,313.0,1.0,1.0
259,3053,424999.5,3813895.5,2022,143.0,182.0,217.0,231.0,245.0,272.0,322.0,1.0,1.0
252,3074,425062.5,3813916.5,2022,114.0,180.0,218.0,232.0,246.0,273.0,314.0,1.0,1.0
240,3207,425461.5,3813952.5,2022,98.0,171.0,192.0,216.0,244.0,278.0,322.0,1.0,1.0
240,3217,425491.5,3813952.5,2022,109.0,169.0,187.0,203.0,242.0,279.0,312.0,1.0,1.0
261,3280,425680.5,3813889.5,2022,151.0,173.0,190.0,204.0,232.0,273.0,311.0,1.0,1.0
272,14,415882.5,3813856.5,2022,150.0,178.0,226.0,237.0,247.0,266.0,296.0,1.0,1.0
274,35,415945.5,3813850.5,2022,116.0,180.0,227.0,237.0,248.0,267.0,298.0,1.0,1.0
289,63,416029.5,3813805.5,2022,110.0,182.0,226.0,237.0,249.0,269.0,300.0,1.0,1.0
280,94,416122.5,3813832.5,2022,107.0,182.0,229.0,239.0,251.0,271.0,308.0,1.0,1.0
297,137,416251.5,3813781.5,2022,111.0,173.0,225.0,238.0,250.0,271.0,306.0,1.0,1.0
278,174,416362.5,3813838.5,2022,102.0,175.0,227.0,239.0,251.0,274.0,311.0,1.0,1.0
279,205,416455.5,3813835.5,2022,102.0,172.0,227.0,239.0,251.0,273.0,309.0,1.0,1.0
275,232,416536.5,3813847.5,2022,105.0,175.0,228.0,240.0,252.0,272.0,303.0,1.0,1.0
283,246,416578.5,3813823.5,2022,102.0,171.0,227.0,239.0,252.0,275.0,310.0,1.0,1.0
279,274,416662.5,3813835.5,2022,132.0,176.0,228.0,238.0,250.0,273.0,306.0,1.0,1.0
289,325,416815.5,3813805.5,2022,160.0,214.0,231.0,239.0,250.0,271.0,300.0,1.0,2.0
271,354,416902.5,3813859.5,2022,159.0,211.0,228.0,237.0,247.0,268.0,299.0,1.0,1.0
285,385,416995.5,3813817.5,2022,107.0,206.0,229.0,239.0,250.0,273.0,309.0,1.0,1.0
270,412,417076.5,3813862.5,2022,130.0,211.0,229.0,238.0,248.0,270.0,306.0,1.0,1.0
280,447,417181.5,3813832.5,2022,146.0,212.0,229.0,238.0,247.0,266.0,294.0,1.0,1.0
298,454,417202.5,3813778.5,2022,144.0,208.0,231.0,240.0,251.0,271.0,300.0,1.0,1.0
287,499,417337.5,3813811.5,2022,145.0,191.0,228.0,237.0,247.0,267.0,298.0,1.0,1.0
286,518,417394.5,3813814.5,2022,148.0,206.0,228.0,236.0,245.0,263.0,288.0,1.0,1.0
295,559,417517.5,3813787.5,2022,147.0,191.0,228.0,237.0,246.0,264.0,289.0,1.0,1.0
272,596,417628.5,3813856.5,2022,150.0,207.0,228.0,237.0,246.0,264.0,290.0,1.0,1.0
287,605,417655.5,3813811.5,2022,147.0,186.0,228.0,237.0,247.0,266.0,293.0,1.0,1.0
284,630,417730.5,3813820.5,2022,131.0,186.0,229.0,238.0,248.0,266.0,297.0,1.0,1.0
299,663,417829.5,3813775.5,2022,149.0,209.0,228.0,237.0,246.0,263.0,296.0,1.0,1.0
284,711,417973.5,3813820.5,2022,157.0,210.0,228.0,237.0,246.0,263.0,291.0,1.0,1.0
272,729,418027.5,3813856.5,2022,149.0,207.0,228.0,237.0,246.0,264.0,293.0,1.0,1.0
293,778,418174.5,3813793.5,2022,155.0,210.0,227.0,236.0,244.0,262.0,299.0,1.0,1.0
279,782,418186.5,3813835.5,2022,156.0,209.0,226.0,235.0,244.0,261.0,292.0,1.0,2.0
276,820,418300.5,3813844.5,2022,150.0,210.0,227.0,236.0,244.0,262.0,298.0,1.0,1.0
274,842,418366.5,3813850.5,2022,153.0,211.0,228.0,236.0,245.0,262.0,294.0,1.0,1.0
282,879,418477.5,3813826.5,2022,154.0,213.0,228.0,236.0,244.0,260.0,286.0,1.0,1.0
280,920,418600.5,3813832.5,2022,147.0,211.0,230.0,238.0,248.0,267.0,295.0,1.0,1.0
299,942,418666.5,3813775.5,2022,154.0,213.0,230.0,239.0,248.0,267.0,301.0,1.0,1.0
283,961,418723.5,3813823.5,2022,157.0,212.0,230.0,239.0,249.0,267.0,300.0,1.0,1.0
286,1009,418867.5,3813814.5,2022,151.0,215.0,232.0,241.0,251.0,272.0,310.0,1.0,1.0
283,1031,418933.5,3813823.5,2022,123.0,211.0,232.0,242.0,253.0,283.0,322.0,1.0,1.0
299,1067,419041.5,3813775.5,2022,151.0,215.0,231.0,239.0,249.0,271.0,310.0,1.0,1.0
286,1103,419149.5,3813814.5,2022,153.0,215.0,231.0,239.0,248.0,267.0,304.0,1.0,1.0
294,1130,419230.5,3813790.5,2022,152.0,214.0,229.0,237.0,246.0,263.0,292.0,1.0,1.0
292,1165,419335.5,3813796.5,2022,153.0,215.0,230.0,237.0,246.0,265.0,306.0,1.0,1.0
293,1173,419359.5,3813793.5,2022,157.0,214.0,229.0,237.0,245.0,264.0,297.0,1.0,1.0
279,1219,419497.5,3813835.5,2022,136.0,214.0,229.0,237.0,246.0,265.0,304.0,1.0,1.0
286,1238,419554.5,3813814.5,2022,151.0,214.0,229.0,237.0,245.0,262.0,290.0,1.0,1.0
294,1275,419665.5,3813790.5,2022,152.0,213.0,229.0,237.0,247.0,267.0,309.0,1.0,1.0
278,1295,419725.5,3813838.5,2022,121.0,212.0,229.0,238.0,247.0,267.0,306.0,1.0,1.0
279,1338,419854.5,3813835.5,2022,148.0,213.0,229.0,237.0,246.0,265.0,300.0,1.0,1.0
278,1352,419896.5,3813838.5,2022,149.0,211.0,228.0,237.0,246.0,265.0,301.0,1.0,2.0
294,1439,420157.5,3813790.5,2022,152.0,208.0,229.0,238.0,248.0,270.0,307.0,1.0,1.0
293,1441,420163.5,3813793.5,2022,152.0,185.0,229.0,238.0,248.0,271.0,307.0,1.0,1.0
278,1519,420397.5,3813838.5,2022,144.0,209.0,229.0,239.0,250.0,272.0,308.0,1.0,1.0
299,1535,420445.5,3813775.5,2022,125.0,208.0,229.0,238.0,248.0,271.0,310.0,1.0,2.0
272,1572,420556.5,3813856.5,2022,158.0,212.0,229.0,238.0,249.0,274.0,304.0,1.0,1.0
294,1592,420616.5,3813790.5,2022,152.0,209.0,228.0,237.0,246.0,269.0,305.0,1.0,1.0
298,1624,420712.5,3813778.5,2022,135.0,183.0,230.0,240.0,252.0,277.0,311.0,1.0,2.0
291,1667,420841.5,3813799.5,2022,130.0,187.0,227.0,236.0,247.0,271.0,309.0,1.0,2.0
270,1689,420907.5,3813862.5,2022,140.0,181.0,231.0,240.0,253.0,279.0,315.0,1.0,2.0
286,1723,421009.5,3813814.5,2022,143.0,179.0,229.0,237.0,249.0,277.0,313.0,1.0,2.0
297,1746,421078.5,3813781.5,2022,123.0,181.0,228.0,238.0,250.0,278.0,311.0,1.0,2.0
287,1858,421414.5,3813811.5,2022,153.0,207.0,227.0,236.0,248.0,273.0,300.0,1.0,1.0
297,1872,421456.5,3813781.5,2022,154.0,187.0,229.0,238.0,250.0,276.0,300.0,1.0,2.0
297,1891,421513.5,3813781.5,2022,156.0,185.0,227.0,236.0,249.0,275.0,305.0,1.0,2.0
273,1939,421657.5,3813853.5,2022,133.0,177.0,225.0,236.0,248.0,275.0,302.0,1.0,1.0
290,1962,421726.5,3813802.5,2022,148.0,175.0,227.0,236.0,249.0,274.0,301.0,1.0,1.0
292,1980,421780.5,3813796.5,2022,153.0,179.0,225.0,235.0,247.0,273.0,308.0,1.0,2.0
287,2038,421954.5,3813811.5,2022,151.0,189.0,225.0,235.0,246.0,271.0,305.0,1.0,1.0
279,2067,422041.5,3813835.5,2022,142.0,184.0,225.0,235.0,246.0,272.0,312.0,1.0,1.0
278,2095,422125.5,3813838.5,2022,156.0,181.0,223.0,234.0,246.0,273.0,311.0,1.0,1.0
277,2108,422164.5,3813841.5,2022,141.0,177.0,223.0,234.0,246.0,271.0,311.0,1.0,1.0
292,2149,422287.5,3813796.5,2022,147.0,180.0,226.0,236.0,247.0,272.0,308.0,1.0,2.0
297,2187,422401.5,3813781.5,2022,149.0,178.0,224.0,235.0,246.0,272.0,316.0,1.0,1.0
284,2212,422476.5,3813820.5,2022,146.0,181.0,223.0,233.0,245.0,272.0,309.0,1.0,2.0
297,2228,422524.5,3813781.5,2022,145.0,178.0,221.0,233.0,246.0,271.0,310.0,1.0,1.0
276,2250,422590.5,3813844.5,2022,152.0,183.0,218.0,231.0,244.0,270.0,312.0,1.0,1.0
274,2309,422767.5,3813850.5,2022,148.0,182.0,221.0,233.0,247.0,274.0,312.0,1.0,1.0
298,2333,422839.5,3813778.5,2022,148.0,176.0,216.0,230.0,243.0,271.0,316.0,1.0,1.0
280,2346,422878.5,3813832.5,2022,141.0,178.0,218.0,231.0,245.0,274.0,323.0,1.0,1.0
272,2372,422956.5,3813856.5,2022,156.0,184.0,217.0,229.0,243.0,270.0,308.0,1.0,1.0
282,2420,423100.5,3813826.5,2022,145.0,175.0,212.0,226.0,240.0,269.0,306.0,1.0,1.0
271,2441,423163.5,3813859.5,2022,149.0,179.0,217.0,229.0,242.0,271.0,306.0,1.0,1.0
286,2487,423301.5,3813814.5,2022,140.0,185.0,218.0,230.0,246.0,274.0,309.0,1.0,1.0
280,2496,423328.5,3813832.5,2022,152.0,182.0,218.0,231.0,246.0,274.0,307.0,1.0,1.0
293,2539,423457.5,3813793.5,2022,150.0,183.0,216.0,228.0,240.0,268.0,300.0,1.0,1.0
293,2552,423496.5,3813793.5,2022,143.0,189.0,220.0,232.0,243.0,276.0,315.0,1.0,1.0
274,2591,423613.5,3813850.5,2022,146.0,179.0,219.0,231.0,242.0,273.0,309.0,1.0,1.0
298,2617,423691.5,3813778.5,2022,155.0,182.0,219.0,231.0,243.0,274.0,311.0,1.0,1.0
290,2661,423823.5,3813802.5,2022,156.0,190.0,219.0,231.0,243.0,273.0,314.0,1.0,1.0
279,2684,423892.5,3813835.5,2022,150.0,182.0,216.0,230.0,243.0,273.0,309.0,1.0,1.0
271,2705,423955.5,3813859.5,2022,144.0,188.0,217.0,229.0,242.0,271.0,310.0,1.0,1.0
289,2743,424069.5,3813805.5,2022,151.0,182.0,211.0,224.0,239.0,272.0,309.0,1.0,1.0
276,2771,424153.5,3813844.5,2022,157.0,183.0,215.0,227.0,241.0,274.0,308.0,1.0,1.0
299,2806,424258.5,3813775.5,2022,152.0,184.0,214.0,226.0,240.0,274.0,306.0,1.0,1.0
288,2836,424348.5,3813808.5,2022,148.0,180.0,215.0,229.0,244.0,275.0,310.0,1.0,1.0
299,2853,424399.5,3813775.5,2022,152.0,182.0,216.0,228.0,242.0,274.0,307.0,1.0,1.0
270,2889,424507.5,3813862.5,2022,146.0,178.0,217.0,231.0,246.0,274.0,310.0,1.0,1.0
296,2918,424594.5,3813784.5,2022,135.0,180.0,213.0,226.0,241.0,276.0,307.0,1.0,1.0
272,2943,424669.5,3813856.5,2022,155.0,184.0,219.0,232.0,246.0,276.0,317.0,1.0,1.0
296,2975,424765.5,3813784.5,2022,118.0,183.0,220.0,232.0,246.0,273.0,308.0,1.0,1.0
270,3016,424888.5,3813862.5,2022,138.0,178.0,213.0,228.0,244.0,273.0,310.0,1.0,1.0
278,3057,425011.5,3813838.5,2022,121.0,180.0,218.0,232.0,247.0,274.0,304.0,1.0,1.0
298,3061,425023.5,3813778.5,2022,133.0,181.0,218.0,233.0,247.0,272.0,308.0,1.0,1.0
282,3141,425263.5,3813826.5,2022,143.0,181.0,217.0,234.0,247.0,272.0,309.0,1.0,1.0
293,3325,425815.5,3813793.5,2022,105.0,174.0,199.0,216.0,236.0,271.0,303.0,1.0,1.0
306,9,415867.5,3813754.5,2022,121.0,174.0,224.0,237.0,249.0,272.0,315.0,1.0,1.0
304,31,415933.5,3813760.5,2022,106.0,171.0,223.0,237.0,250.0,274.0,313.0,1.0,1.0
309,87,416101.5,3813745.5,2022,105.0,172.0,227.0,240.0,253.0,276.0,316.0,1.0,1.0
318,105,416155.5,3813718.5,2022,108.0,171.0,224.0,237.0,249.0,271.0,307.0,1.0,1.0
308,135,416245.5,3813748.5,2022,103.0,172.0,225.0,237.0,251.0,273.0,308.0,1.0,1.0
314,177,416371.5,3813730.5,2022,103.0,176.0,230.0,241.0,252.0,273.0,307.0,1.0,1.0
315,186,416398.5,3813727.5,2022,111.0,180.0,231.0,241.0,253.0,273.0,304.0,1.0,1.0
303,225,416515.5,3813763.5,2022,105.0,172.0,230.0,240.0,252.0,274.0,314.0,1.0,1.0
326,260,416620.5,3813694.5,2022,122.0,172.0,230.0,239.0,250.0,271.0,311.0,1.0,1.0
324,273,416659.5,3813700.5,2022,148.0,175.0,231.0,240.0,252.0,273.0,318.0,1.0,2.0
321,324,416812.5,3813709.5,2022,107.0,177.0,230.0,240.0,251.0,274.0,311.0,1.0,2.0
329,357,416911.5,3813685.5,2022,124.0,209.0,228.0,237.0,248.0,269.0,304.0,1.0,1.0
304,379,416977.5,3813760.5,2022,103.0,188.0,228.0,238.0,248.0,271.0,313.0,1.0,1.0
306,407,417061.5,3813754.5,2022,120.0,211.0,230.0,239.0,249.0,270.0,303.0,1.0,2.0
302,433,417139.5,3813766.5,2022,130.0,206.0,229.0,238.0,249.0,270.0,300.0,1.0,1.0
303,469,417247.5,3813763.5,2022,136.0,185.0,229.0,238.0,248.0,268.0,293.0,1.0,1.0
316,501,417343.5,3813724.5,2022,147.0,191.0,228.0,237.0,247.0,268.0,305.0,1.0,1.0
305,529,417427.5,3813757.5,2022,153.0,186.0,228.0,237.0,246.0,263.0,287.0,1.0,1.0
320,542,417466.5,3813712.5,2022,150.0,207.0,228.0,236.0,245.0,263.0,289.0,1.0,1.0
303,581,417583.5,3813763.5,2022,149.0,184.0,228.0,236.0,246.0,266.0,293.0,1.0,1.0
301,619,417697.5,3813769.5,2022,141.0,186.0,228.0,237.0,246.0,264.0,294.0,1.0,1.0
313,637,417751.5,3813733.5,2022,144.0,206.0,227.0,236.0,245.0,263.0,294.0,1.0,1.0
307,687,417901.5,3813751.5,2022,159.0,213.0,229.0,237.0,245.0,261.0,285.0,1.0,1.0
320,702,417946.5,3813712.5,2022,140.0,206.0,227.0,236.0,245.0,264.0,295.0,1.0,1.0
313,729,418027.5,3813733.5,2022,131.0,207.0,227.0,236.0,245.0,263.0,302.0,1.0,1.0
319,774,418162.5,3813715.5,2022,148.0,210.0,227.0,236.0,245.0,262.0,294.0,1.0,1.0
316,797,418231.5,3813724.5,2022,151.0,210.0,227.0,236.0,245.0,262.0,295.0,1.0,1.0
324,833,418339.5,3813700.5,2022,149.0,211.0,228.0,237.0,245.0,263.0,294.0,1.0,1.0
327,861,418423.5,3813691.5,2022,149.0,212.0,228.0,236.0,245.0,261.0,295.0,1.0,1.0
312,897,418531.5,3813736.5,2022,159.0,214.0,229.0,237.0,246.0,262.0,292.0,1.0,1.0
301,920,418600.5,3813769.5,2022,148.0,213.0,231.0,239.0,249.0,269.0,304.0,1.0,1.0
327,938,418654.5,3813691.5,2022,149.0,211.0,230.0,238.0,248.0,268.0,310.0,1.0,1.0
309,979,418777.5,3813745.5,2022,154.0,216.0,232.0,241.0,250.0,269.0,310.0,1.0,1.0
313,1010,418870.5,3813733.5,2022,156.0,215.0,231.0,240.0,249.0,270.0,313.0,1.0,1.0
306,1038,418954.5,3813754.5,2022,162.0,216.0,232.0,240.0,250.0,273.0,312.0,1.0,1.0
315,1051,418993.5,3813727.5,2022,159.0,215.0,231.0,240.0,250.0,273.0,316.0,1.0,1.0
318,1108,419164.5,3813718.5,2022,154.0,215.0,229.0,237.0,245.0,263.0,298.0,1.0,1.0
311,1117,419191.5,3813739.5,2022,155.0,214.0,229.0,237.0,245.0,263.0,306.0,1.0,1.0
324,1141,419263.5,3813700.5,2022,149.0,213.0,229.0,237.0,245.0,263.0,298.0,1.0,1.0
304,1199,419437.5,3813760.5,2022,150.0,214.0,229.0,237.0,246.0,264.0,303.0,1.0,1.0
311,1218,419494.5,3813739.5,2022,152.0,214.0,230.0,238.0,247.0,266.0,308.0,1.0,1.0
326,1239,419557.5,3813694.5,2022,152.0,215.0,230.0,237.0,246.0,264.0,300.0,1.0,1.0
305,1273,419659.5,3813757.5,2022,133.0,214.0,229.0,237.0,247.0,268.0,310.0,1.0,2.0
312,1311,419773.5,3813736.5,2022,145.0,214.0,229.0,237.0,246.0,265.0,298.0,1.0,2.0
306,1325,419815.5,3813754.5,2022,151.0,214.0,229.0,236.0,244.0,262.0,293.0,1.0,1.0
324,1355,419905.5,3813700.5,2022,128.0,211.0,228.0,237.0,246.0,267.0,306.0,1.0,2.0
325,1399,420037.5,3813697.5,2022,140.0,182.0,229.0,237.0,247.0,267.0,300.0,1.0,2.0
311,1435,420145.5,3813739.5,2022,145.0,181.0,230.0,239.0,249.0,271.0,311.0,1.0,2.0
319,1447,420181.5,3813715.5,2022,127.0,174.0,229.0,239.0,250.0,274.0,314.0,1.0,2.0
326,1484,420292.5,3813694.5,2022,151.0,209.0,230.0,240.0,251.0,278.0,310.0,1.0,2.0
302,1504,420352.5,3813766.5,2022,144.0,211.0,231.0,241.0,253.0,275.0,302.0,1.0,2.0
328,1549,420487.5,3813688.5,2022,138.0,212.0,229.0,238.0,250.0,275.0,306.0,1.0,2.0
302,1578,420574.5,3813766.5,2022,159.0,215.0,230.0,238.0,248.0,270.0,303.0,1.0,1.0
313,1592,420616.5,3813733.5,2022,158.0,215.0,229.0,237.0,246.0,266.0,296.0,1.0,2.0
318,1623,420709.5,3813718.5,2022,139.0,210.0,229.0,238.0,249.0,274.0,308.0,1.0,1.0
304,1663,420829.5,3813760.5,2022,134.0,182.0,228.0,236.0,246.0,266.0,299.0,1.0,2.0
326,1688,420904.5,3813694.5,2022,133.0,207.0,227.0,235.0,244.0,264.0,292.0,1.0,2.0
326,1720,421000.5,3813694.5,2022,130.0,183.0,228.0,237.0,248.0,274.0,310.0,1.0,2.0
328,1760,421120.5,3813688.5,2022,140.0,181.0,226.0,236.0,248.0,275.0,311.0,1.0,2.0
314,1829,421327.5,3813730.5,2022,132.0,181.0,226.0,237.0,249.0,274.0,298.0,1.0,1.0
319,1855,421405.5,3813715.5,2022,149.0,181.0,226.0,237.0,249.0,273.0,302.0,1.0,1.0
320,1868,421444.5,3813712.5,2022,153.0,184.0,226.0,236.0,248.0,273.0,298.0,1.0,1.0
323,1916,421588.5,3813703.5,2022,155.0,183.0,226.0,237.0,249.0,275.0,300.0,1.0,1.0
322,1921,421603.5,3813706.5,2022,161.0,183.0,225.0,235.0,247.0,274.0,306.0,1.0,2.0
305,1971,421753.5,3813757.5,2022,148.0,178.0,226.0,236.0,248.0,273.0,302.0,1.0,1.0
313,2003,421849.5,3813733.5,2022,117.0,176.0,223.0,235.0,249.0,274.0,307.0,1.0,1.0
300,2025,421915.5,3813772.5,2022,144.0,179.0,225.0,235.0,246.0,273.0,308.0,1.0,2.0
305,2067,422041.5,3813757.5,2022,137.0,179.0,223.0,234.0,246.0,271.0,311.0,1.0,1.0
326,2094,422122.5,3813694.5,2022,154.0,191.0,224.0,234.0,245.0,271.0,307.0,1.0,1.0
329,2124,422212.5,3813685.5,2022,156.0,185.0,224.0,234.0,245.0,270.0,316.0,1.0,1.0
304,2158,422314.5,3813760.5,2022,158.0,204.0,228.0,237.0,247.0,271.0,316.0,1.0,2.0
310,2174,422362.5,3813742.5,2022,155.0,187.0,223.0,234.0,244.0,268.0,309.0,1.0,2.0
305,2206,422458.5,3813757.5,2022,153.0,183.0,222.0,233.0,245.0,270.0,310.0,1.0,1.0
307,2224,422512.5,3813751.5,2022,150.0,181.0,219.0,232.0,244.0,270.0,320.0,1.0,1.0
321,2250,422590.5,3813709.5,2022,122.0,177.0,215.0,230.0,243.0,269.0,304.0,1.0,1.0
311,2305,422755.5,3813739.5,2022,127.0,181.0,218.0,233.0,247.0,273.0,318.0,1.0,1.0
300,2321,422803.5,3813772.5,2022,109.0,177.0,218.0,231.0,245.0,271.0,309.0,1.0,1.0
316,2362,422926.5,3813724.5,2022,132.0,178.0,213.0,229.0,244.0,271.0,311.0,1.0,1.0
329,2381,422983.5,3813685.5,2022,127.0,177.0,210.0,225.0,240.0,271.0,315.0,1.0,1.0
328,2417,423091.5,3813688.5,2022,122.0,179.0,214.0,228.0,242.0,272.0,316.0,1.0,1.0
325,2449,423187.5,3813697.5,2022,138.0,177.0,215.0,227.0,240.0,269.0,310.0,1.0,1.0
307,2480,423280.5,3813751.5,2022,149.0,179.0,216.0,228.0,243.0,272.0,308.0,1.0,1.0
318,2492,423316.5,3813718.5,2022,136.0,186.0,220.0,232.0,244.0,270.0,303.0,1.0,2.0
301,2520,423400.5,3813769.5,2022,151.0,175.0,209.0,223.0,239.0,271.0,305.0,1.0,1.0
323,2574,423562.5,3813703.5,2022,159.0,196.0,219.0,230.0,240.0,266.0,304.0,1.0,1.0
320,2582,423586.5,3813712.5,2022,134.0,187.0,219.0,231.0,243.0,271.0,305.0,1.0,1.0
301,2614,423682.5,3813769.5,2022,137.0,188.0,219.0,231.0,243.0,272.0,308.0,1.0,1.0
314,2655,423805.5,3813730.5,2022,147.0,182.0,218.0,230.0,243.0,274.0,308.0,1.0,1.0
327,2673,423859.5,3813691.5,2022,156.0,186.0,220.0,232.0,245.0,274.0,315.0,1.0,1.0
302,2721,424003.5,3813766.5,2022,128.0,180.0,212.0,227.0,245.0,282.0,325.0,1.0,1.0
303,2731,424033.5,3813763.5,2022,151.0,184.0,213.0,227.0,245.0,283.0,314.0,1.0,1.0
325,2783,424189.5,3813697.5,2022,154.0,187.0,217.0,229.0,243.0,274.0,310.0,1.0,1.0
328,2818,424294.5,3813688.5,2022,151.0,179.0,216.0,230.0,246.0,276.0,309.0,1.0,1.0
305,2845,424375.5,3813757.5,2022,130.0,180.0,214.0,227.0,242.0,275.0,307.0,1.0,1.0
306,2853,424399.5,3813754.5,2022,150.0,186.0,217.0,228.0,242.0,272.0,303.0,1.0,1.0
324,2892,424516.5,3813700.5,2022,154.0,187.0,219.0,230.0,243.0,272.0,304.0,1.0,1.0
300,2925,424615.5,3813772.5,2022,152.0,182.0,215.0,228.0,242.0,275.0,311.0,1.0,1.0
303,2953,424699.5,3813763.5,2022,156.0,188.0,219.0,231.0,244.0,274.0,317.0,1.0,1.0
322,2990,424810.5,3813706.5,2022,153.0,176.0,217.0,232.0,248.0,277.0,319.0,1.0,1.0
315,3004,424852.5,3813727.5,2022,148.0,189.0,223.0,235.0,248.0,273.0,307.0,1.0,1.0
325,3039,424957.5,3813697.5,2022,143.0,181.0,219.0,233.0,246.0,270.0,322.0,1.0,1.0
329,3060,425020.5,3813685.5,2022,146.0,178.0,217.0,232.0,246.0,271.0,307.0,1.0,1.0
307,3091,425113.5,3813751.5,2022,138.0,180.0,214.0,229.0,244.0,274.0,313.0,1.0,1.0
305,3281,425683.5,3813757.5,2022,102.0,168.0,187.0,203.0,221.0,279.0,316.0,1.0,1.0
337,26,415918.5,3813661.5,2022,99.0,171.0,227.0,239.0,251.0,274.0,312.0,1.0,1.0
341,54,416002.5,3813649.5,2022,96.0,172.0,225.0,237.0,251.0,276.0,319.0,1.0,1.0
357,75,416065.5,3813601.5,2022,102.0,176.0,226.0,238.0,249.0,273.0,314.0,1.0,1.0
348,112,416176.5,3813628.5,2022,103.0,173.0,226.0,239.0,252.0,273.0,309.0,1.0,1.0
357,130,416230.5,3813601.5,2022,101.0,176.0,227.0,239.0,251.0,273.0,313.0,1.0,1.0
349,159,416317.5,3813625.5,2022,111.0,174.0,227.0,239.0,251.0,271.0,313.0,1.0,1.0
341,206,416458.5,3813649.5,2022,115.0,176.0,229.0,239.0,251.0,274.0,311.0,1.0,1.0
330,213,416479.5,3813682.5,2022,110.0,174.0,227.0,239.0,252.0,275.0,316.0,1.0,1.0
335,241,416563.5,3813667.5,2022,131.0,174.0,231.0,240.0,252.0,273.0,301.0,1.0,2.0
344,299,416737.5,3813640.5,2022,124.0,174.0,229.0,239.0,251.0,274.0,303.0,1.0,1.0
359,321,416803.5,3813595.5,2022,138.0,210.0,230.0,239.0,251.0,273.0,301.0,1.0,2.0
339,341,416863.5,3813655.5,2022,134.0,212.0,230.0,239.0,250.0,274.0,312.0,1.0,2.0
357,366,416938.5,3813601.5,2022,127.0,210.0,230.0,239.0,249.0,271.0,303.0,1.0,1.0
346,406,417058.5,3813634.5,2022,128.0,183.0,230.0,239.0,249.0,271.0,299.0,1.0,1.0
353,446,417178.5,3813613.5,2022,132.0,191.0,229.0,239.0,250.0,272.0,301.0,1.0,1.0
346,469,417247.5,3813634.5,2022,135.0,181.0,228.0,237.0,247.0,268.0,299.0,1.0,2.0
355,507,417361.5,3813607.5,2022,142.0,180.0,227.0,237.0,248.0,269.0,303.0,1.0,1.0
359,520,417400.5,3813595.5,2022,123.0,179.0,228.0,238.0,248.0,269.0,294.0,1.0,1.0
333,541,417463.5,3813673.5,2022,126.0,184.0,227.0,236.0,246.0,266.0,292.0,1.0,1.0
333,579,417577.5,3813673.5,2022,147.0,189.0,227.0,236.0,245.0,264.0,293.0,1.0,1.0
342,612,417676.5,3813646.5,2022,150.0,208.0,227.0,236.0,245.0,262.0,292.0,1.0,1.0
351,641,417763.5,3813619.5,2022,152.0,208.0,226.0,235.0,244.0,262.0,290.0,1.0,1.0
337,686,417898.5,3813661.5,2022,131.0,208.0,227.0,236.0,245.0,263.0,297.0,1.0,1.0
351,717,417991.5,3813619.5,2022,142.0,210.0,228.0,236.0,245.0,262.0,302.0,1.0,1.0
344,723,418009.5,3813640.5,2022,144.0,206.0,227.0,236.0,245.0,264.0,304.0,1.0,1.0
336,777,418171.5,3813664.5,2022,147.0,210.0,228.0,236.0,245.0,263.0,301.0,1.0,2.0
335,805,418255.5,3813667.5,2022,149.0,210.0,228.0,236.0,245.0,262.0,291.0,1.0,1.0
331,819,418297.5,3813679.5,2022,145.0,210.0,229.0,237.0,247.0,264.0,296.0,1.0,1.0
342,847,418381.5,3813646.5,2022,150.0,211.0,229.0,237.0,246.0,264.0,300.0,1.0,1.0
352,871,418453.5,3813616.5,2022,121.0,210.0,229.0,238.0,247.0,264.0,303.0,1.0,1.0
344,906,418558.5,3813640.5,2022,157.0,214.0,231.0,239.0,248.0,267.0,298.0,1.0,1.0
359,957,418711.5,3813595.5,2022,149.0,178.0,230.0,239.0,249.0,269.0,305.0,1.0,1.0
350,976,418768.5,3813622.5,2022,153.0,180.0,231.0,241.0,251.0,271.0,310.0,1.0,2.0
357,996,418828.5,3813601.5,2022,148.0,184.0,231.0,241.0,252.0,279.0,314.0,1.0,2.0
353,1047,418981.5,3813613.5,2022,139.0,211.0,230.0,239.0,250.0,272.0,313.0,1.0,1.0
343,1052,418996.5,3813643.5,2022,140.0,211.0,230.0,238.0,248.0,267.0,306.0,1.0,1.0
345,1089,419107.5,3813637.5,2022,146.0,210.0,230.0,239.0,249.0,271.0,305.0,1.0,1.0
357,1115,419185.5,3813601.5,2022,123.0,208.0,230.0,238.0,248.0,270.0,326.0,1.0,1.0
331,1151,419293.5,3813679.5,2022,152.0,213.0,229.0,237.0,245.0,263.0,295.0,1.0,1.0
340,1199,419437.5,3813652.5,2022,159.0,212.0,229.0,237.0,246.0,266.0,302.0,1.0,1.0
340,1227,419521.5,3813652.5,2022,147.0,213.0,229.0,237.0,245.0,265.0,299.0,1.0,1.0
350,1233,419539.5,3813622.5,2022,149.0,212.0,230.0,238.0,248.0,269.0,309.0,1.0,1.0
352,1271,419653.5,3813616.5,2022,150.0,209.0,228.0,236.0,246.0,269.0,305.0,1.0,2.0
337,1306,419758.5,3813661.5,2022,139.0,213.0,229.0,237.0,245.0,266.0,306.0,1.0,1.0
340,1336,419848.5,3813652.5,2022,151.0,214.0,229.0,237.0,245.0,266.0,299.0,1.0,2.0
354,1368,419944.5,3813610.5,2022,155.0,211.0,229.0,237.0,247.0,266.0,291.0,1.0,1.0
333,1382,419986.5,3813673.5,2022,152.0,212.0,228.0,237.0,246.0,267.0,302.0,1.0,2.0
349,1424,420112.5,3813625.5,2022,149.0,215.0,230.0,237.0,246.0,265.0,300.0,1.0,2.0
354,1442,420166.5,3813610.5,2022,149.0,213.0,230.0,238.0,248.0,269.0,297.0,1.0,2.0
351,1471,420253.5,3813619.5,2022,155.0,186.0,230.0,239.0,250.0,271.0,304.0,1.0,2.0
340,1521,420403.5,3813652.5,2022,143.0,213.0,230.0,239.0,250.0,272.0,299.0,1.0,1.0
344,1547,420481.5,3813640.5,2022,154.0,213.0,229.0,237.0,248.0,271.0,304.0,1.0,2.0
337,1575,420565.5,3813661.5,2022,155.0,213.0,228.0,237.0,247.0,270.0,300.0,1.0,2.0
347,1590,420610.5,3813631.5,2022,151.0,211.0,229.0,237.0,246.0,267.0,299.0,1.0,2.0
330,1640,420760.5,3813682.5,2022,143.0,207.0,228.0,237.0,248.0,273.0,315.0,1.0,1.0
331,1670,420850.5,3813679.5,2022,134.0,211.0,228.0,236.0,245.0,266.0,299.0,1.0,2.0
333,1709,420967.5,3813673.5,2022,155.0,207.0,226.0,235.0,244.0,266.0,298.0,1.0,2.0
353,1728,421024.5,3813613.5,2022,138.0,184.0,228.0,237.0,249.0,275.0,308.0,1.0,1.0
335,1742,421066.5,3813667.5,2022,136.0,184.0,228.0,237.0,249.0,275.0,314.0,1.0,2.0
357,1795,421225.5,3813601.5,2022,120.0,171.0,230.0,239.0,252.0,274.0,305.0,1.0,1.0
358,1824,421312.5,3813598.5,2022,140.0,186.0,229.0,238.0,249.0,270.0,292.0,1.0,1.0
359,1845,421375.5,3813595.5,2022,154.0,182.0,229.0,239.0,252.0,275.0,298.0,1.0,2.0
339,1879,421477.5,3813655.5,2022,151.0,180.0,227.0,236.0,249.0,276.0,301.0,1.0,2.0
356,1904,421552.5,3813604.5,2022,155.0,182.0,226.0,236.0,248.0,273.0,303.0,1.0,2.0
332,1923,421609.5,3813676.5,2022,155.0,182.0,227.0,237.0,249.0,274.0,300.0,1.0,2.0
345,2007,421861.5,3813637.5,2022,135.0,178.0,224.0,234.0,246.0,271.0,296.0,1.0,2.0
355,2025,421915.5,3813607.5,2022,156.0,193.0,225.0,235.0,247.0,274.0,297.0,1.0,1.0
355,2066,422038.5,3813607.5,2022,153.0,183.0,223.0,234.0,247.0,274.0,309.0,1.0,1.0
350,2079,422077.5,3813622.5,2022,154.0,193.0,223.0,234.0,246.0,272.0,306.0,1.0,2.0
335,2103,422149.5,3813667.5,2022,141.0,182.0,223.0,234.0,245.0,271.0,305.0,1.0,1.0
334,2155,422305.5,3813670.5,2022,156.0,184.0,223.0,234.0,245.0,271.0,308.0,1.0,1.0
354,2177,422371.5,3813610.5,2022,150.0,188.0,224.0,234.0,245.0,271.0,308.0,1.0,1.0
359,2196,422428.5,3813595.5,2022,155.0,191.0,223.0,233.0,245.0,271.0,306.0,1.0,2.0
335,2245,422575.5,3813667.5,2022,118.0,179.0,214.0,229.0,242.0,268.0,315.0,1.0,1.0
342,2274,422662.5,3813646.5,2022,141.0,178.0,216.0,229.0,244.0,269.0,308.0,1.0,1.0
339,2288,422704.5,3813655.5,2022,149.0,179.0,216.0,230.0,243.0,268.0,316.0,1.0,1.0
357,2327,422821.5,3813601.5,2022,137.0,178.0,215.0,230.0,244.0,272.0,307.0,1.0,2.0
345,2346,422878.5,3813637.5,2022,150.0,173.0,215.0,231.0,245.0,273.0,314.0,1.0,1.0
336,2384,422992.5,3813664.5,2022,144.0,179.0,209.0,224.0,238.0,271.0,314.0,1.0,1.0
352,2424,423112.5,3813616.5,2022,103.0,180.0,214.0,229.0,244.0,273.0,321.0,1.0,1.0
342,2447,423181.5,3813646.5,2022,142.0,178.0,212.0,227.0,242.0,272.0,309.0,1.0,1.0
350,2478,423274.5,3813622.5,2022,147.0,177.0,216.0,229.0,243.0,271.0,304.0,1.0,1.0
352,2518,423394.5,3813616.5,2022,154.0,179.0,215.0,228.0,242.0,273.0,314.0,1.0,1.0
357,2540,423460.5,3813601.5,2022,153.0,185.0,216.0,229.0,242.0,271.0,321.0,1.0,1.0
354,2553,423499.5,3813610.5,2022,136.0,189.0,219.0,231.0,244.0,270.0,305.0,1.0,1.0
330,2601,423643.5,3813682.5,2022,153.0,200.0,220.0,230.0,241.0,266.0,302.0,1.0,1.0
359,2628,423724.5,3813595.5,2022,157.0,195.0,218.0,228.0,240.0,269.0,306.0,1.0,1.0
359,2643,423769.5,3813595.5,2022,169.0,201.0,219.0,229.0,240.0,269.0,307.0,1.0,1.0
330,2689,423907.5,3813682.5,2022,159.0,198.0,221.0,232.0,243.0,274.0,314.0,1.0,1.0
357,2704,423952.5,3813601.5,2022,162.0,192.0,219.0,230.0,242.0,270.0,300.0,1.0,1.0
339,2735,424045.5,3813655.5,2022,127.0,186.0,217.0,229.0,243.0,273.0,307.0,1.0,1.0
346,2772,424156.5,3813634.5,2022,156.0,184.0,215.0,229.0,245.0,273.0,315.0,1.0,1.0
336,2814,424282.5,3813664.5,2022,132.0,180.0,214.0,227.0,244.0,275.0,307.0,1.0,1.0
337,2830,424330.5,3813661.5,2022,151.0,181.0,215.0,228.0,246.0,275.0,314.0,1.0,1.0
332,2877,424471.5,3813676.5,2022,155.0,185.0,217.0,230.0,244.0,271.0,304.0,1.0,1.0
335,2901,424543.5,3813667.5,2022,152.0,183.0,218.0,230.0,244.0,272.0,303.0,1.0,1.0
342,2932,424636.5,3813646.5,2022,157.0,187.0,223.0,235.0,249.0,276.0,318.0,1.0,1.0
340,2954,424702.5,3813652.5,2022,160.0,198.0,223.0,235.0,248.0,277.0,309.0,1.0,1.0
341,2994,424822.5,3813649.5,2022,151.0,183.0,217.0,231.0,247.0,277.0,314.0,1.0,1.0
354,3003,424849.5,3813610.5,2022,128.0,182.0,219.0,232.0,246.0,273.0,309.0,1.0,1.0
333,3044,424972.5,3813673.5,2022,148.0,179.0,219.0,234.0,247.0,273.0,316.0,1.0,1.0
331,3065,425035.5,3813679.5,2022,142.0,178.0,216.0,232.0,246.0,271.0,307.0,1.0,1.0
352,3095,425125.5,3813616.5,2022,147.0,176.0,214.0,230.0,244.0,273.0,307.0,1.0,1.0
358,3174,425362.5,3813598.5,2022,136.0,180.0,215.0,230.0,244.0,272.0,304.0,1.0,1.0
349,3181,425383.5,3813625.5,2022,111.0,178.0,209.0,223.0,242.0,272.0,305.0,1.0,1.0
343,3279,425677.5,3813643.5,2022,112.0,172.0,190.0,207.0,237.0,274.0,315.0,1.0,1.0
371,16,415888.5,3813559.5,2022,100.0,171.0,225.0,238.0,251.0,274.0,316.0,1.0,1.0
369,40,415960.5,3813565.5,2022,101.0,174.0,227.0,239.0,252.0,277.0,317.0,1.0,1.0
375,70,416050.5,3813547.5,2022,97.0,173.0,225.0,238.0,252.0,273.0,313.0,1.0,1.0
378,107,416161.5,3813538.5,2022,98.0,174.0,228.0,240.0,251.0,271.0,307.0,1.0,1.0
364,135,416245.5,3813580.5,2022,107.0,176.0,229.0,240.0,252.0,271.0,303.0,1.0,1.0
372,166,416338.5,3813556.5,2022,102.0,173.0,230.0,240.0,252.0,273.0,323.0,1.0,1.0
386,209,416467.5,3813514.5,2022,101.0,174.0,229.0,240.0,252.0,272.0,313.0,1.0,1.0
362,218,416494.5,3813586.5,2022,107.0,176.0,229.0,239.0,249.0,269.0,305.0,1.0,1.0
364,263,416629.5,3813580.5,2022,98.0,174.0,228.0,239.0,251.0,273.0,317.0,1.0,1.0
363,289,416707.5,3813583.5,2022,114.0,176.0,229.0,239.0,252.0,273.0,301.0,1.0,1.0
377,320,416800.5,3813541.5,2022,108.0,182.0,229.0,239.0,250.0,274.0,299.0,1.0,1.0
372,336,416848.5,3813556.5,2022,140.0,210.0,230.0,239.0,250.0,273.0,306.0,1.0,1.0
377,360,416920.5,3813541.5,2022,132.0,207.0,229.0,238.0,249.0,271.0,301.0,1.0,1.0
361,417,417091.5,3813589.5,2022,125.0,182.0,228.0,239.0,250.0,272.0,308.0,1.0,1.0
362,439,417157.5,3813586.5,2022,127.0,189.0,228.0,237.0,248.0,270.0,301.0,1.0,1.0
371,478,417274.5,3813559.5,2022,124.0,187.0,228.0,237.0,247.0,267.0,298.0,1.0,1.0
365,494,417322.5,3813577.5,2022,124.0,189.0,226.0,236.0,246.0,266.0,299.0,1.0,1.0
383,530,417430.5,3813523.5,2022,142.0,179.0,228.0,238.0,248.0,267.0,294.0,1.0,1.0
386,565,417535.5,3813514.5,2022,134.0,181.0,228.0,237.0,247.0,266.0,297.0,1.0,1.0
369,592,417616.5,3813565.5,2022,138.0,209.0,228.0,237.0,246.0,263.0,295.0,1.0,1.0
366,629,417727.5,3813574.5,2022,147.0,209.0,228.0,236.0,245.0,264.0,301.0,1.0,1.0
370,634,417742.5,3813562.5,2022,156.0,210.0,227.0,236.0,245.0,263.0,295.0,1.0,1.0
382,683,417889.5,3813526.5,2022,130.0,208.0,228.0,237.0,246.0,266.0,299.0,1.0,1.0
360,708,417964.5,3813592.5,2022,148.0,207.0,227.0,236.0,245.0,264.0,305.0,1.0,1.0
363,728,418024.5,3813583.5,2022,152.0,210.0,228.0,236.0,245.0,262.0,300.0,1.0,1.0
360,758,418114.5,3813592.5,2022,127.0,208.0,228.0,237.0,246.0,267.0,307.0,1.0,2.0
364,806,418258.5,3813580.5,2022,124.0,207.0,228.0,237.0,246.0,264.0,303.0,1.0,1.0
367,823,418309.5,3813571.5,2022,144.0,210.0,228.0,237.0,246.0,263.0,297.0,1.0,1.0
371,846,418378.5,3813559.5,2022,127.0,211.0,229.0,238.0,246.0,265.0,307.0,1.0,1.0
361,881,418483.5,3813589.5,2022,140.0,212.0,230.0,238.0,248.0,267.0,308.0,1.0,1.0
363,928,418624.5,3813583.5,2022,143.0,213.0,231.0,240.0,250.0,271.0,311.0,1.0,1.0
380,939,418657.5,3813532.5,2022,142.0,182.0,229.0,238.0,248.0,268.0,305.0,1.0,1.0
378,968,418744.5,3813538.5,2022,149.0,182.0,229.0,238.0,249.0,269.0,308.0,1.0,1.0
371,992,418816.5,3813559.5,2022,140.0,184.0,232.0,241.0,252.0,276.0,325.0,1.0,2.0
370,1032,418936.5,3813562.5,2022,131.0,185.0,231.0,240.0,251.0,276.0,323.0,1.0,2.0
363,1052,418996.5,3813583.5,2022,145.0,185.0,231.0,239.0,249.0,270.0,313.0,1.0,1.0
378,1091,419113.5,3813538.5,2022,145.0,210.0,230.0,240.0,250.0,272.0,322.0,1.0,1.0
369,1124,419212.5,3813565.5,2022,155.0,211.0,229.0,237.0,247.0,265.0,313.0,1.0,1.0
370,1168,419344.5,3813562.5,2022,150.0,213.0,230.0,238.0,247.0,266.0,301.0,1.0,1.0
373,1175,419365.5,3813553.5,2022,146.0,212.0,231.0,239.0,249.0,268.0,303.0,1.0,1.0
376,1203,419449.5,3813544.5,2022,147.0,190.0,230.0,238.0,248.0,268.0,301.0,1.0,1.0
376,1257,419611.5,3813544.5,2022,131.0,210.0,229.0,238.0,248.0,271.0,316.0,1.0,1.0
364,1273,419659.5,3813580.5,2022,131.0,207.0,228.0,237.0,246.0,268.0,309.0,1.0,1.0
386,1309,419767.5,3813514.5,2022,121.0,187.0,227.0,236.0,247.0,270.0,305.0,1.0,1.0
366,1330,419830.5,3813574.5,2022,109.0,203.0,228.0,238.0,249.0,272.0,312.0,1.0,1.0
365,1356,419908.5,3813577.5,2022,119.0,184.0,227.0,237.0,247.0,267.0,298.0,1.0,1.0
365,1395,420025.5,3813577.5,2022,113.0,181.0,228.0,237.0,248.0,269.0,298.0,1.0,2.0
361,1432,420136.5,3813589.5,2022,150.0,183.0,229.0,237.0,248.0,269.0,298.0,1.0,2.0
380,1454,420202.5,3813532.5,2022,150.0,184.0,230.0,238.0,248.0,269.0,299.0,1.0,2.0
376,1493,420319.5,3813544.5,2022,139.0,181.0,229.0,238.0,249.0,272.0,305.0,1.0,1.0
388,1521,420403.5,3813508.5,2022,138.0,183.0,230.0,238.0,249.0,271.0,298.0,1.0,1.0
370,1547,420481.5,3813562.5,2022,151.0,190.0,228.0,237.0,247.0,268.0,295.0,1.0,1.0
380,1569,420547.5,3813532.5,2022,151.0,182.0,229.0,238.0,251.0,272.0,303.0,1.0,1.0
388,1597,420631.5,3813508.5,2022,113.0,176.0,229.0,237.0,247.0,267.0,302.0,1.0,1.0
384,1632,420736.5,3813520.5,2022,126.0,180.0,228.0,238.0,249.0,274.0,308.0,1.0,1.0
360,1665,420835.5,3813592.5,2022,112.0,174.0,229.0,239.0,252.0,276.0,317.0,1.0,1.0
377,1698,420934.5,3813541.5,2022,130.0,174.0,228.0,237.0,248.0,272.0,320.0,1.0,2.0
381,1735,421045.5,3813529.5,2022,134.0,180.0,230.0,240.0,252.0,275.0,306.0,1.0,2.0
370,1752,421096.5,3813562.5,2022,117.0,172.0,228.0,238.0,251.0,274.0,310.0,1.0,1.0
380,1777,421171.5,3813532.5,2022,108.0,171.0,227.0,237.0,249.0,275.0,309.0,1.0,1.0
360,1824,421312.5,3813592.5,2022,138.0,187.0,228.0,238.0,249.0,269.0,293.0,1.0,1.0
386,1832,421336.5,3813514.5,2022,133.0,176.0,225.0,237.0,251.0,276.0,301.0,1.0,1.0
375,1882,421486.5,3813547.5,2022,149.0,178.0,226.0,238.0,253.0,278.0,304.0,1.0,1.0
388,1890,421510.5,3813508.5,2022,137.0,178.0,226.0,237.0,250.0,275.0,303.0,1.0,2.0
386,1937,421651.5,3813514.5,2022,156.0,189.0,226.0,236.0,249.0,274.0,300.0,1.0,1.0
366,1952,421696.5,3813574.5,2022,140.0,184.0,227.0,237.0,251.0,279.0,314.0,1.0,1.0
388,2006,421858.5,3813508.5,2022,157.0,185.0,228.0,238.0,251.0,275.0,303.0,1.0,2.0
360,2032,421936.5,3813592.5,2022,147.0,181.0,225.0,235.0,247.0,272.0,299.0,1.0,1.0
368,2052,421996.5,3813568.5,2022,160.0,187.0,225.0,235.0,246.0,270.0,298.0,1.0,2.0
388,2088,422104.5,3813508.5,2022,148.0,178.0,222.0,234.0,246.0,272.0,305.0,1.0,1.0
374,2126,422218.5,3813550.5,2022,148.0,185.0,223.0,234.0,245.0,273.0,312.0,1.0,1.0
364,2134,422242.5,3813580.5,2022,155.0,186.0,225.0,235.0,246.0,270.0,314.0,1.0,1.0
364,2176,422368.5,3813580.5,2022,158.0,192.0,224.0,234.0,246.0,270.0,306.0,1.0,2.0
372,2200,422440.5,3813556.5,2022,150.0,191.0,221.0,232.0,244.0,271.0,307.0,1.0,1.0
376,2230,422530.5,3813544.5,2022,149.0,175.0,214.0,228.0,243.0,271.0,306.0,1.0,1.0
383,2262,422626.5,3813523.5,2022,147.0,182.0,220.0,232.0,245.0,270.0,308.0,1.0,1.0
367,2290,422710.5,3813571.5,2022,141.0,179.0,215.0,229.0,243.0,270.0,306.0,1.0,1.0
372,2330,422830.5,3813556.5,2022,154.0,178.0,215.0,230.0,244.0,273.0,310.0,1.0,2.0
384,2347,422881.5,3813520.5,2022,147.0,174.0,213.0,231.0,245.0,274.0,311.0,1.0,1.0
367,2398,423034.5,3813571.5,2022,145.0,178.0,212.0,226.0,239.0,267.0,303.0,1.0,1.0
385,2400,423040.5,3813517.5,2022,148.0,178.0,209.0,225.0,240.0,269.0,311.0,1.0,1.0
387,2458,423214.5,3813511.5,2022,134.0,179.0,216.0,228.0,242.0,272.0,309.0,1.0,1.0
375,2466,423238.5,3813547.5,2022,134.0,177.0,215.0,229.0,243.0,272.0,316.0,1.0,1.0
389,2503,423349.5,3813505.5,2022,138.0,174.0,214.0,228.0,241.0,272.0,311.0,1.0,1.0
386,2542,423466.5,3813514.5,2022,130.0,179.0,214.0,227.0,240.0,271.0,309.0,1.0,1.0
373,2552,423496.5,3813553.5,2022,146.0,181.0,215.0,228.0,242.0,271.0,312.0,1.0,1.0
383,2599,423637.5,3813523.5,2022,155.0,185.0,217.0,228.0,240.0,266.0,301.0,1.0,1.0
369,2639,423757.5,3813565.5,2022,150.0,186.0,217.0,228.0,240.0,270.0,301.0,1.0,2.0
380,2668,423844.5,3813532.5,2022,168.0,200.0,220.0,230.0,242.0,268.0,300.0,1.0,1.0
362,2692,423916.5,3813586.5,2022,161.0,189.0,218.0,229.0,240.0,265.0,305.0,1.0,1.0
360,2719,423997.5,3813592.5,2022,146.0,183.0,216.0,227.0,240.0,268.0,303.0,1.0,1.0
368,2744,424072.5,3813568.5,2022,147.0,185.0,215.0,227.0,241.0,271.0,301.0,1.0,1.0
368,2786,424198.5,3813568.5,2022,148.0,192.0,219.0,230.0,244.0,273.0,298.0,1.0,1.0
387,2796,424228.5,3813511.5,2022,156.0,197.0,219.0,230.0,242.0,268.0,301.0,1.0,1.0
378,2830,424330.5,3813538.5,2022,122.0,193.0,219.0,232.0,246.0,271.0,301.0,1.0,1.0
379,2869,424447.5,3813535.5,2022,174.0,203.0,220.0,230.0,242.0,268.0,299.0,1.0,1.0
361,2883,424489.5,3813589.5,2022,162.0,194.0,218.0,229.0,242.0,266.0,302.0,1.0,1.0
363,2926,424618.5,3813583.5,2022,157.0,184.0,220.0,232.0,247.0,273.0,299.0,1.0,1.0
380,2965,424735.5,3813532.5,2022,153.0,188.0,220.0,232.0,245.0,271.0,308.0,1.0,1.0
380,2984,424792.5,3813532.5,2022,162.0,190.0,218.0,230.0,243.0,268.0,296.0,1.0,1.0
378,3008,424864.5,3813538.5,2022,156.0,186.0,217.0,230.0,242.0,269.0,308.0,1.0,1.0
360,3033,424939.5,3813592.5,2022,142.0,186.0,218.0,232.0,247.0,274.0,310.0,1.0,1.0
387,3069,425047.5,3813511.5,2022,142.0,183.0,215.0,228.0,243.0,271.0,314.0,1.0,1.0
360,3174,425362.5,3813592.5,2022,145.0,179.0,214.0,230.0,245.0,273.0,306.0,1.0,1.0
402,18,415894.5,3813466.5,2022,101.0,169.0,227.0,240.0,253.0,279.0,320.0,1.0,1.0
403,47,415981.5,3813463.5,2022,98.0,172.0,226.0,238.0,251.0,276.0,323.0,1.0,1.0
399,68,416044.5,3813475.5,2022,99.0,172.0,226.0,240.0,252.0,275.0,316.0,1.0,1.0
413,99,416137.5,3813433.5,2022,101.0,172.0,227.0,239.0,251.0,272.0,313.0,1.0,1.0
402,149,416287.5,3813466.5,2022,101.0,175.0,229.0,240.0,251.0,272.0,311.0,1.0,1.0
404,169,416347.5,3813460.5,2022,124.0,177.0,228.0,238.0,249.0,268.0,309.0,1.0,1.0
396,200,416440.5,3813484.5,2022,104.0,175.0,229.0,241.0,253.0,273.0,309.0,1.0,1.0
419,237,416551.5,3813415.5,2022,127.0,188.0,229.0,238.0,249.0,270.0,304.0,1.0,1.0
409,244,416572.5,3813445.5,2022,119.0,183.0,228.0,238.0,250.0,271.0,309.0,1.0,1.0
395,294,416722.5,3813487.5,2022,104.0,173.0,229.0,239.0,251.0,272.0,298.0,1.0,1.0
402,309,416767.5,3813466.5,2022,128.0,179.0,227.0,238.0,250.0,271.0,302.0,1.0,1.0
406,359,416917.5,3813454.5,2022,134.0,206.0,228.0,237.0,248.0,268.0,298.0,1.0,1.0
399,379,416977.5,3813475.5,2022,129.0,184.0,229.0,239.0,250.0,271.0,302.0,1.0,1.0
410,398,417034.5,3813442.5,2022,106.0,182.0,228.0,238.0,249.0,272.0,306.0,1.0,1.0
410,436,417148.5,3813442.5,2022,120.0,182.0,229.0,239.0,249.0,271.0,303.0,1.0,1.0
414,453,417199.5,3813430.5,2022,123.0,179.0,228.0,239.0,250.0,270.0,300.0,1.0,2.0
391,498,417334.5,3813499.5,2022,146.0,185.0,227.0,236.0,246.0,266.0,296.0,1.0,1.0
411,510,417370.5,3813439.5,2022,135.0,176.0,228.0,238.0,249.0,270.0,306.0,1.0,1.0
393,559,417517.5,3813493.5,2022,132.0,181.0,227.0,237.0,247.0,267.0,300.0,1.0,1.0
406,581,417583.5,3813454.5,2022,131.0,185.0,228.0,237.0,247.0,267.0,312.0,1.0,1.0
397,625,417715.5,3813481.5,2022,142.0,188.0,228.0,236.0,246.0,266.0,303.0,1.0,1.0
408,656,417808.5,3813448.5,2022,143.0,208.0,228.0,237.0,246.0,265.0,299.0,1.0,1.0
400,677,417871.5,3813472.5,2022,132.0,209.0,228.0,237.0,246.0,264.0,303.0,1.0,1.0
401,702,417946.5,3813469.5,2022,153.0,208.0,228.0,236.0,245.0,265.0,305.0,1.0,1.0
417,722,418006.5,3813421.5,2022,153.0,206.0,228.0,237.0,246.0,264.0,290.0,1.0,1.0
398,759,418117.5,3813478.5,2022,124.0,211.0,229.0,237.0,246.0,265.0,315.0,1.0,2.0
403,799,418237.5,3813463.5,2022,129.0,210.0,228.0,237.0,246.0,265.0,306.0,1.0,1.0
395,815,418285.5,3813487.5,2022,115.0,208.0,229.0,237.0,246.0,264.0,296.0,1.0,1.0
406,851,418393.5,3813454.5,2022,128.0,215.0,231.0,239.0,249.0,271.0,313.0,1.0,1.0
418,898,418534.5,3813418.5,2022,105.0,183.0,230.0,239.0,248.0,268.0,309.0,1.0,1.0
406,916,418588.5,3813454.5,2022,113.0,182.0,230.0,238.0,248.0,270.0,316.0,1.0,1.0
406,933,418639.5,3813454.5,2022,107.0,178.0,229.0,238.0,248.0,269.0,311.0,1.0,1.0
403,988,418804.5,3813463.5,2022,161.0,214.0,232.0,241.0,251.0,273.0,308.0,1.0,1.0
401,1008,418864.5,3813469.5,2022,151.0,210.0,230.0,239.0,250.0,278.0,328.0,1.0,2.0
393,1030,418930.5,3813493.5,2022,102.0,189.0,230.0,239.0,249.0,271.0,311.0,1.0,1.0
408,1078,419074.5,3813448.5,2022,127.0,185.0,230.0,240.0,251.0,274.0,316.0,1.0,2.0
417,1095,419125.5,3813421.5,2022,149.0,185.0,230.0,239.0,249.0,272.0,320.0,1.0,1.0
411,1134,419242.5,3813439.5,2022,150.0,207.0,229.0,238.0,248.0,268.0,316.0,1.0,1.0
405,1168,419344.5,3813457.5,2022,132.0,205.0,229.0,239.0,249.0,271.0,310.0,1.0,1.0
411,1174,419362.5,3813439.5,2022,136.0,208.0,229.0,238.0,248.0,269.0,307.0,1.0,1.0
417,1223,419509.5,3813421.5,2022,150.0,186.0,228.0,237.0,248.0,269.0,312.0,1.0,1.0
418,1252,419596.5,3813418.5,2022,121.0,183.0,228.0,238.0,249.0,269.0,308.0,1.0,1.0
395,1269,419647.5,3813487.5,2022,129.0,190.0,227.0,236.0,247.0,270.0,312.0,1.0,1.0
391,1318,419794.5,3813499.5,2022,145.0,189.0,228.0,238.0,249.0,273.0,312.0,1.0,1.0
401,1325,419815.5,3813469.5,2022,151.0,207.0,229.0,238.0,249.0,276.0,312.0,1.0,1.0
404,1365,419935.5,3813460.5,2022,160.0,210.0,228.0,237.0,247.0,270.0,309.0,1.0,2.0
407,1400,420040.5,3813451.5,2022,152.0,209.0,230.0,239.0,249.0,271.0,301.0,1.0,1.0
390,1438,420154.5,3813502.5,2022,158.0,213.0,229.0,237.0,247.0,266.0,294.0,1.0,1.0
399,1447,420181.5,3813475.5,2022,151.0,208.0,228.0,237.0,247.0,267.0,304.0,1.0,1.0
392,1499,420337.5,3813496.5,2022,140.0,183.0,230.0,239.0,250.0,271.0,295.0,1.0,1.0
418,1517,420391.5,3813418.5,2022,134.0,180.0,227.0,236.0,246.0,270.0,308.0,1.0,1.0
405,1559,420517.5,3813457.5,2022,145.0,180.0,228.0,237.0,248.0,270.0,300.0,1.0,1.0
400,1566,420538.5,3813472.5,2022,142.0,182.0,229.0,238.0,250.0,273.0,310.0,1.0,1.0
399,1613,420679.5,3813475.5,2022,123.0,179.0,229.0,237.0,246.0,264.0,304.0,1.0,2.0
390,1633,420739.5,3813502.5,2022,136.0,178.0,229.0,238.0,251.0,275.0,308.0,1.0,1.0
400,1653,420799.5,3813472.5,2022,144.0,184.0,228.0,237.0,249.0,273.0,308.0,1.0,1.0
418,1686,420898.5,3813418.5,2022,134.0,179.0,229.0,238.0,250.0,274.0,302.0,1.0,2.0
400,1727,421021.5,3813472.5,2022,128.0,174.0,228.0,238.0,250.0,276.0,319.0,1.0,1.0
415,1753,421099.5,3813427.5,2022,129.0,177.0,227.0,237.0,249.0,272.0,304.0,1.0,1.0
395,1789,421207.5,3813487.5,2022,113.0,173.0,227.0,238.0,249.0,273.0,308.0,1.0,1.0
392,1816,421288.5,3813496.5,2022,133.0,172.0,229.0,239.0,250.0,272.0,309.0,1.0,1.0
398,1832,421336.5,3813478.5,2022,129.0,174.0,226.0,237.0,250.0,274.0,300.0,1.0,1.0
403,1881,421483.5,3813463.5,2022,147.0,175.0,224.0,236.0,249.0,274.0,300.0,1.0,1.0
401,1906,421558.5,3813469.5,2022,153.0,180.0,225.0,236.0,248.0,273.0,300.0,1.0,1.0
401,1937,421651.5,3813469.5,2022,155.0,180.0,229.0,239.0,253.0,278.0,306.0,1.0,1.0
408,2001,421843.5,3813448.5,2022,155.0,180.0,227.0,238.0,250.0,274.0,301.0,1.0,1.0
391,2025,421915.5,3813499.5,2022,154.0,181.0,225.0,235.0,247.0,271.0,299.0,1.0,1.0
405,2050,421990.5,3813457.5,2022,155.0,181.0,222.0,233.0,245.0,271.0,299.0,1.0,1.0
408,2074,422062.5,3813448.5,2022,152.0,182.0,225.0,235.0,246.0,270.0,296.0,1.0,1.0
407,2115,422185.5,3813451.5,2022,149.0,178.0,223.0,234.0,246.0,271.0,307.0,1.0,1.0
397,2150,422290.5,3813481.5,2022,127.0,178.0,219.0,231.0,243.0,266.0,302.0,1.0,1.0
402,2164,422332.5,3813466.5,2022,151.0,182.0,221.0,232.0,243.0,266.0,295.0,1.0,1.0
391,2212,422476.5,3813499.5,2022,144.0,175.0,216.0,231.0,245.0,270.0,305.0,1.0,1.0
399,2221,422503.5,3813475.5,2022,141.0,178.0,216.0,230.0,244.0,271.0,306.0,1.0,1.0
391,2279,422677.5,3813499.5,2022,149.0,177.0,213.0,229.0,243.0,272.0,309.0,1.0,1.0
397,2287,422701.5,3813481.5,2022,114.0,176.0,212.0,229.0,244.0,270.0,311.0,1.0,1.0
398,2333,422839.5,3813478.5,2022,151.0,178.0,210.0,226.0,242.0,273.0,319.0,1.0,1.0
414,2343,422869.5,3813430.5,2022,139.0,175.0,212.0,230.0,246.0,276.0,310.0,1.0,1.0
413,2392,423016.5,3813433.5,2022,131.0,174.0,212.0,227.0,242.0,272.0,312.0,1.0,1.0
403,2407,423061.5,3813463.5,2022,135.0,174.0,203.0,223.0,240.0,272.0,316.0,1.0,1.0
402,2439,423157.5,3813466.5,2022,143.0,181.0,217.0,229.0,241.0,269.0,309.0,1.0,1.0
396,2485,423295.5,3813484.5,2022,131.0,176.0,213.0,227.0,241.0,269.0,307.0,1.0,1.0
405,2519,423397.5,3813457.5,2022,147.0,180.0,215.0,228.0,241.0,273.0,308.0,1.0,1.0
415,2534,423442.5,3813427.5,2022,147.0,186.0,221.0,232.0,244.0,271.0,306.0,1.0,1.0
414,2576,423568.5,3813430.5,2022,142.0,178.0,214.0,228.0,242.0,274.0,309.0,1.0,1.0
418,2589,423607.5,3813418.5,2022,152.0,178.0,213.0,226.0,240.0,271.0,306.0,1.0,1.0
404,2619,423697.5,3813460.5,2022,160.0,189.0,215.0,226.0,238.0,267.0,300.0,1.0,1.0
411,2663,423829.5,3813439.5,2022,119.0,178.0,214.0,227.0,240.0,272.0,309.0,1.0,1.0
406,2670,423850.5,3813454.5,2022,143.0,178.0,213.0,227.0,240.0,269.0,302.0,1.0,1.0
394,2718,423994.5,3813490.5,2022,154.0,184.0,215.0,228.0,240.0,267.0,302.0,1.0,1.0
394,2734,424042.5,3813490.5,2022,149.0,183.0,216.0,229.0,243.0,269.0,313.0,1.0,1.0
419,2776,424168.5,3813415.5,2022,165.0,197.0,219.0,229.0,241.0,268.0,301.0,1.0,1.0
410,2791,424213.5,3813442.5,2022,177.0,202.0,219.0,228.0,240.0,266.0,295.0,1.0,2.0
411,2840,424360.5,3813439.5,2022,165.0,203.0,221.0,231.0,242.0,265.0,298.0,1.0,1.0
408,2869,424447.5,3813448.5,2022,159.0,195.0,221.0,231.0,244.0,269.0,305.0,1.0,1.0
412,2880,424480.5,3813436.5,2022,161.0,201.0,221.0,231.0,242.0,267.0,306.0,1.0,1.0
391,2928,424624.5,3813499.5,2022,155.0,184.0,220.0,231.0,244.0,272.0,303.0,1.0,1.0
402,2958,424714.5,3813466.5,2022,146.0,186.0,222.0,234.0,246.0,270.0,312.0,1.0,1.0
413,2987,424801.5,3813433.5,2022,154.0,185.0,218.0,231.0,244.0,273.0,315.0,1.0,1.0
416,3012,424876.5,3813424.5,2022,161.0,196.0,218.0,230.0,242.0,270.0,314.0,1.0,1.0
416,3057,425011.5,3813424.5,2022,135.0,181.0,213.0,228.0,242.0,271.0,322.0,1.0,1.0
419,3067,425041.5,3813415.5,2022,151.0,185.0,212.0,226.0,242.0,269.0,307.0,1.0,1.0
390,3125,425215.5,3813502.5,2022,131.0,181.0,215.0,230.0,244.0,272.0,304.0,1.0,1.0
447,12,415876.5,3813331.5,2022,96.0,170.0,224.0,238.0,250.0,273.0,309.0,1.0,1.0
445,31,415933.5,3813337.5,2022,102.0,170.0,226.0,238.0,251.0,274.0,320.0,1.0,1.0
434,60,416020.5,3813370.5,2022,100.0,176.0,225.0,238.0,251.0,275.0,316.0,1.0,1.0
421,116,416188.5,3813409.5,2022,105.0,177.0,229.0,240.0,251.0,271.0,310.0,1.0,1.0
429,133,416239.5,3813385.5,2022,109.0,175.0,230.0,240.0,251.0,271.0,308.0,1.0,1.0
425,158,416314.5,3813397.5,2022,107.0,178.0,229.0,238.0,248.0,267.0,311.0,1.0,1.0
440,199,416437.5,3813352.5,2022,107.0,175.0,230.0,241.0,252.0,273.0,312.0,1.0,1.0
422,233,416539.5,3813406.5,2022,102.0,180.0,229.0,240.0,251.0,271.0,303.0,1.0,1.0
440,247,416581.5,3813352.5,2022,103.0,182.0,230.0,240.0,251.0,271.0,308.0,1.0,1.0
436,292,416716.5,3813364.5,2022,116.0,176.0,229.0,239.0,251.0,273.0,310.0,1.0,1.0
444,304,416752.5,3813340.5,2022,133.0,178.0,229.0,239.0,250.0,270.0,300.0,1.0,1.0
440,342,416866.5,3813352.5,2022,145.0,181.0,228.0,237.0,249.0,271.0,304.0,1.0,1.0
448,381,416983.5,3813328.5,2022,117.0,182.0,229.0,239.0,250.0,272.0,308.0,1.0,1.0
445,395,417025.5,3813337.5,2022,126.0,187.0,229.0,238.0,248.0,268.0,297.0,1.0,1.0
431,441,417163.5,3813379.5,2022,131.0,181.0,228.0,238.0,248.0,268.0,295.0,1.0,2.0
430,465,417235.5,3813382.5,2022,142.0,185.0,227.0,237.0,248.0,267.0,296.0,1.0,1.0
435,507,417361.5,3813367.5,2022,132.0,180.0,227.0,237.0,248.0,269.0,303.0,1.0,1.0
421,532,417436.5,3813409.5,2022,136.0,179.0,227.0,237.0,247.0,268.0,296.0,1.0,1.0
437,548,417484.5,3813361.5,2022,147.0,179.0,228.0,237.0,247.0,266.0,299.0,1.0,1.0
430,594,417622.5,3813382.5,2022,141.0,212.0,229.0,237.0,246.0,263.0,298.0,1.0,1.0
441,601,417643.5,3813349.5,2022,143.0,185.0,228.0,237.0,246.0,263.0,294.0,1.0,1.0
439,657,417811.5,3813355.5,2022,143.0,187.0,228.0,237.0,246.0,266.0,310.0,1.0,1.0
446,687,417901.5,3813334.5,2022,145.0,183.0,228.0,237.0,246.0,266.0,302.0,1.0,1.0
421,697,417931.5,3813409.5,2022,147.0,207.0,228.0,236.0,246.0,266.0,305.0,1.0,1.0
433,740,418060.5,3813373.5,2022,156.0,210.0,229.0,237.0,246.0,265.0,307.0,1.0,1.0
421,757,418111.5,3813409.5,2022,112.0,208.0,229.0,237.0,246.0,266.0,312.0,1.0,1.0
449,808,418264.5,3813325.5,2022,149.0,213.0,230.0,238.0,246.0,265.0,297.0,1.0,1.0
438,818,418294.5,3813358.5,2022,142.0,187.0,230.0,238.0,247.0,266.0,304.0,1.0,1.0
444,854,418402.5,3813340.5,2022,106.0,178.0,232.0,240.0,250.0,269.0,313.0,1.0,2.0
424,872,418456.5,3813400.5,2022,137.0,182.0,231.0,239.0,249.0,268.0,305.0,1.0,1.0
437,901,418543.5,3813361.5,2022,112.0,178.0,230.0,238.0,248.0,267.0,306.0,1.0,1.0
425,935,418645.5,3813397.5,2022,153.0,214.0,230.0,238.0,247.0,268.0,306.0,1.0,2.0
435,981,418783.5,3813367.5,2022,108.0,174.0,230.0,239.0,251.0,275.0,317.0,1.0,2.0
432,1001,418843.5,3813376.5,2022,131.0,186.0,230.0,239.0,249.0,270.0,321.0,1.0,2.0
437,1028,418924.5,3813361.5,2022,147.0,186.0,231.0,239.0,250.0,272.0,326.0,1.0,2.0
425,1055,419005.5,3813397.5,2022,135.0,212.0,230.0,238.0,248.0,270.0,316.0,1.0,1.0
423,1107,419161.5,3813403.5,2022,146.0,210.0,229.0,238.0,248.0,268.0,315.0,1.0,1.0
427,1126,419218.5,3813391.5,2022,151.0,208.0,229.0,238.0,248.0,268.0,304.0,1.0,1.0
434,1163,419329.5,3813370.5,2022,149.0,186.0,229.0,238.0,249.0,270.0,311.0,1.0,1.0
441,1171,419353.5,3813349.5,2022,153.0,207.0,229.0,238.0,248.0,270.0,303.0,1.0,1.0
427,1227,419521.5,3813391.5,2022,153.0,206.0,229.0,238.0,248.0,270.0,310.0,1.0,1.0
436,1237,419551.5,3813364.5,2022,124.0,184.0,228.0,238.0,248.0,269.0,304.0,1.0,1.0
449,1272,419656.5,3813325.5,2022,150.0,210.0,229.0,238.0,249.0,270.0,315.0,1.0,2.0
438,1300,419740.5,3813358.5,2022,148.0,210.0,228.0,237.0,247.0,271.0,314.0,1.0,2.0
432,1347,419881.5,3813376.5,2022,154.0,209.0,228.0,237.0,248.0,271.0,314.0,1.0,1.0
443,1377,419971.5,3813343.5,2022,143.0,210.0,229.0,238.0,249.0,272.0,307.0,1.0,1.0
424,1390,420010.5,3813400.5,2022,159.0,211.0,229.0,238.0,248.0,272.0,306.0,1.0,1.0
423,1416,420088.5,3813403.5,2022,136.0,184.0,230.0,238.0,249.0,271.0,305.0,1.0,1.0
422,1441,420163.5,3813406.5,2022,133.0,185.0,228.0,237.0,247.0,269.0,314.0,1.0,2.0
441,1499,420337.5,3813349.5,2022,150.0,186.0,229.0,238.0,248.0,270.0,301.0,1.0,1.0
440,1508,420364.5,3813352.5,2022,142.0,181.0,228.0,237.0,247.0,270.0,304.0,1.0,1.0
437,1555,420505.5,3813361.5,2022,153.0,185.0,229.0,238.0,249.0,271.0,304.0,1.0,1.0
423,1580,420580.5,3813403.5,2022,126.0,179.0,228.0,238.0,250.0,274.0,305.0,1.0,1.0
426,1609,420667.5,3813394.5,2022,133.0,179.0,229.0,238.0,250.0,273.0,308.0,1.0,1.0
428,1639,420757.5,3813388.5,2022,134.0,175.0,228.0,237.0,247.0,267.0,303.0,1.0,2.0
435,1660,420820.5,3813367.5,2022,138.0,179.0,226.0,235.0,245.0,267.0,305.0,1.0,2.0
431,1692,420916.5,3813379.5,2022,152.0,180.0,229.0,238.0,250.0,274.0,315.0,1.0,1.0
438,1725,421015.5,3813358.5,2022,116.0,173.0,227.0,237.0,248.0,270.0,308.0,1.0,1.0
430,1750,421090.5,3813382.5,2022,119.0,178.0,228.0,237.0,250.0,275.0,306.0,1.0,1.0
441,1771,421153.5,3813349.5,2022,108.0,174.0,228.0,238.0,250.0,273.0,298.0,1.0,1.0
433,1812,421276.5,3813373.5,2022,129.0,172.0,226.0,236.0,246.0,270.0,304.0,1.0,1.0
438,1850,421390.5,3813358.5,2022,147.0,182.0,226.0,236.0,249.0,275.0,302.0,1.0,1.0
443,1879,421477.5,3813343.5,2022,156.0,179.0,226.0,236.0,249.0,275.0,300.0,1.0,1.0
439,1910,421570.5,3813355.5,2022,156.0,179.0,225.0,235.0,247.0,273.0,298.0,1.0,1.0
432,1921,421603.5,3813376.5,2022,158.0,183.0,227.0,237.0,250.0,274.0,299.0,1.0,1.0
420,2001,421843.5,3813412.5,2022,152.0,182.0,223.0,235.0,248.0,274.0,299.0,1.0,1.0
449,2032,421936.5,3813325.5,2022,153.0,183.0,225.0,235.0,246.0,271.0,299.0,1.0,2.0
425,2068,422044.5,3813397.5,2022,150.0,182.0,226.0,236.0,248.0,272.0,297.0,1.0,2.0
431,2094,422122.5,3813379.5,2022,159.0,191.0,226.0,236.0,247.0,271.0,298.0,1.0,2.0
431,2100,422140.5,3813379.5,2022,143.0,185.0,225.0,235.0,247.0,271.0,300.0,1.0,2.0
421,2140,422260.5,3813409.5,2022,147.0,178.0,224.0,235.0,246.0,270.0,309.0,1.0,1.0
436,2162,422326.5,3813364.5,2022,147.0,177.0,225.0,235.0,247.0,273.0,312.0,1.0,1.0
445,2213,422479.5,3813337.5,2022,150.0,175.0,217.0,230.0,243.0,266.0,298.0,1.0,1.0
444,2224,422512.5,3813340.5,2022,146.0,175.0,215.0,230.0,243.0,267.0,300.0,1.0,1.0
449,2255,422605.5,3813325.5,2022,153.0,177.0,212.0,228.0,242.0,270.0,310.0,1.0,1.0
443,2295,422725.5,3813343.5,2022,152.0,177.0,216.0,230.0,244.0,272.0,313.0,1.0,1.0
432,2328,422824.5,3813376.5,2022,148.0,177.0,215.0,230.0,243.0,270.0,308.0,1.0,1.0
447,2344,422872.5,3813331.5,2022,151.0,177.0,217.0,232.0,245.0,271.0,306.0,1.0,1.0
422,2399,423037.5,3813406.5,2022,147.0,176.0,210.0,227.0,243.0,274.0,310.0,1.0,1.0
429,2409,423067.5,3813385.5,2022,142.0,175.0,210.0,226.0,240.0,269.0,306.0,1.0,1.0
422,2445,423175.5,3813406.5,2022,144.0,177.0,214.0,227.0,240.0,270.0,318.0,1.0,1.0
443,2475,423265.5,3813343.5,2022,145.0,187.0,220.0,231.0,244.0,274.0,322.0,1.0,1.0
429,2492,423316.5,3813385.5,2022,140.0,179.0,218.0,231.0,243.0,272.0,312.0,1.0,1.0
424,2548,423484.5,3813400.5,2022,139.0,179.0,217.0,229.0,241.0,271.0,309.0,1.0,1.0
427,2560,423520.5,3813391.5,2022,151.0,177.0,212.0,227.0,240.0,271.0,310.0,1.0,1.0
436,2591,423613.5,3813364.5,2022,152.0,182.0,215.0,228.0,241.0,272.0,308.0,1.0,1.0
432,2631,423733.5,3813376.5,2022,150.0,177.0,209.0,223.0,237.0,271.0,312.0,1.0,1.0
440,2644,423772.5,3813352.5,2022,152.0,184.0,216.0,226.0,238.0,269.0,306.0,1.0,1.0
433,2672,423856.5,3813373.5,2022,147.0,179.0,214.0,228.0,241.0,271.0,311.0,1.0,1.0
435,2705,423955.5,3813367.5,2022,136.0,181.0,217.0,229.0,242.0,272.0,317.0,1.0,1.0
440,2735,424045.5,3813352.5,2022,149.0,188.0,216.0,227.0,241.0,271.0,312.0,1.0,1.0
431,2778,424174.5,3813379.5,2022,156.0,196.0,219.0,230.0,243.0,272.0,309.0,1.0,1.0
446,2819,424297.5,3813334.5,2022,160.0,201.0,222.0,233.0,245.0,269.0,303.0,1.0,1.0
442,2846,424378.5,3813346.5,2022,166.0,204.0,222.0,231.0,243.0,265.0,295.0,1.0,1.0
421,2873,424459.5,3813409.5,2022,161.0,203.0,223.0,232.0,244.0,267.0,304.0,1.0,1.0
422,2885,424495.5,3813406.5,2022,159.0,198.0,220.0,231.0,243.0,267.0,307.0,1.0,1.0
422,2939,424657.5,3813406.5,2022,151.0,188.0,216.0,228.0,242.0,271.0,306.0,1.0,1.0
446,2941,424663.5,3813334.5,2022,162.0,194.0,216.0,227.0,240.0,268.0,312.0,1.0,1.0
431,2987,424801.5,3813379.5,2022,162.0,199.0,220.0,231.0,244.0,270.0,306.0,1.0,1.0
448,3001,424843.5,3813328.5,2022,154.0,185.0,219.0,232.0,245.0,271.0,307.0,1.0,1.0
421,3045,424975.5,3813409.5,2022,157.0,187.0,216.0,228.0,241.0,269.0,317.0,1.0,1.0
420,3064,425032.5,3813412.5,2022,146.0,181.0,210.0,225.0,240.0,270.0,308.0,1.0,1.0
448,3103,425149.5,3813328.5,2022,144.0,182.0,211.0,225.0,240.0,270.0,309.0,1.0,1.0
449,3124,425212.5,3813325.5,2022,154.0,183.0,211.0,224.0,239.0,270.0,304.0,1.0,1.0
470,8,415864.5,3813262.5,2022,123.0,175.0,227.0,239.0,250.0,269.0,299.0,1.0,1.0
479,54,416002.5,3813235.5,2022,131.0,190.0,229.0,238.0,250.0,270.0,299.0,1.0,1.0
453,77,416071.5,3813313.5,2022,102.0,171.0,228.0,239.0,252.0,275.0,323.0,1.0,1.0
478,109,416167.5,3813238.5,2022,97.0,173.0,230.0,240.0,251.0,271.0,311.0,1.0,1.0
475,147,416281.5,3813247.5,2022,109.0,173.0,231.0,241.0,253.0,274.0,320.0,1.0,1.0
473,169,416347.5,3813253.5,2022,97.0,171.0,229.0,240.0,252.0,273.0,309.0,1.0,1.0
465,204,416452.5,3813277.5,2022,101.0,176.0,229.0,240.0,251.0,272.0,309.0,1.0,1.0
467,226,416518.5,3813271.5,2022,140.0,183.0,229.0,239.0,250.0,269.0,302.0,1.0,1.0
474,248,416584.5,3813250.5,2022,123.0,180.0,228.0,239.0,250.0,270.0,309.0,1.0,1.0
460,299,416737.5,3813292.5,2022,107.0,176.0,229.0,239.0,251.0,271.0,303.0,1.0,1.0
459,323,416809.5,3813295.5,2022,120.0,186.0,229.0,238.0,250.0,270.0,301.0,1.0,1.0
468,352,416896.5,3813268.5,2022,109.0,173.0,227.0,238.0,249.0,271.0,310.0,1.0,1.0
463,379,416977.5,3813283.5,2022,115.0,174.0,228.0,238.0,250.0,273.0,311.0,1.0,1.0
459,390,417010.5,3813295.5,2022,114.0,183.0,228.0,238.0,249.0,271.0,306.0,1.0,1.0
476,432,417136.5,3813244.5,2022,127.0,178.0,228.0,238.0,249.0,269.0,299.0,1.0,1.0
474,463,417229.5,3813250.5,2022,115.0,174.0,228.0,239.0,250.0,271.0,305.0,1.0,1.0
468,483,417289.5,3813268.5,2022,112.0,177.0,228.0,238.0,249.0,268.0,303.0,1.0,1.0
459,534,417442.5,3813295.5,2022,142.0,177.0,227.0,237.0,248.0,268.0,298.0,1.0,1.0
459,553,417499.5,3813295.5,2022,135.0,190.0,226.0,235.0,245.0,263.0,297.0,1.0,2.0
474,590,417610.5,3813250.5,2022,138.0,185.0,228.0,237.0,247.0,267.0,308.0,1.0,1.0
457,627,417721.5,3813301.5,2022,146.0,208.0,228.0,237.0,246.0,265.0,299.0,1.0,1.0
462,641,417763.5,3813286.5,2022,144.0,206.0,228.0,237.0,246.0,265.0,302.0,1.0,1.0
470,673,417859.5,3813262.5,2022,146.0,184.0,228.0,237.0,246.0,265.0,302.0,1.0,1.0
469,705,417955.5,3813265.5,2022,159.0,211.0,228.0,236.0,245.0,263.0,293.0,1.0,1.0
479,733,418039.5,3813235.5,2022,151.0,210.0,228.0,237.0,246.0,264.0,298.0,1.0,1.0
477,760,418120.5,3813241.5,2022,146.0,207.0,229.0,238.0,248.0,268.0,305.0,1.0,1.0
466,804,418252.5,3813274.5,2022,154.0,215.0,230.0,239.0,248.0,266.0,302.0,1.0,1.0
466,814,418282.5,3813274.5,2022,144.0,211.0,229.0,238.0,247.0,267.0,301.0,1.0,1.0
456,844,418372.5,3813304.5,2022,121.0,183.0,230.0,238.0,248.0,267.0,297.0,1.0,1.0
452,893,418519.5,3813316.5,2022,108.0,179.0,229.0,238.0,248.0,268.0,302.0,1.0,1.0
464,929,418627.5,3813280.5,2022,123.0,180.0,231.0,239.0,249.0,270.0,305.0,1.0,2.0
458,951,418693.5,3813298.5,2022,124.0,182.0,230.0,239.0,249.0,270.0,315.0,1.0,2.0
469,965,418735.5,3813265.5,2022,122.0,182.0,229.0,239.0,249.0,273.0,318.0,1.0,1.0
473,1002,418846.5,3813253.5,2022,120.0,211.0,230.0,239.0,248.0,268.0,312.0,1.0,1.0
472,1039,418957.5,3813256.5,2022,119.0,210.0,229.0,238.0,248.0,269.0,313.0,1.0,1.0
463,1058,419014.5,3813283.5,2022,105.0,185.0,230.0,238.0,249.0,273.0,326.0,1.0,2.0
475,1092,419116.5,3813247.5,2022,110.0,182.0,228.0,238.0,248.0,268.0,303.0,1.0,1.0
469,1122,419206.5,3813265.5,2022,110.0,181.0,228.0,238.0,248.0,272.0,315.0,1.0,1.0
459,1152,419296.5,3813295.5,2022,144.0,185.0,228.0,237.0,248.0,269.0,309.0,1.0,1.0
452,1186,419398.5,3813316.5,2022,159.0,207.0,228.0,237.0,246.0,264.0,287.0,1.0,1.0
475,1207,419461.5,3813247.5,2022,159.0,208.0,228.0,237.0,248.0,269.0,299.0,1.0,1.0
456,1239,419557.5,3813304.5,2022,133.0,183.0,229.0,239.0,249.0,270.0,313.0,1.0,2.0
464,1262,419626.5,3813280.5,2022,100.0,202.0,228.0,237.0,248.0,270.0,315.0,1.0,1.0
457,1317,419791.5,3813301.5,2022,154.0,213.0,229.0,238.0,248.0,271.0,308.0,1.0,1.0
452,1331,419833.5,3813316.5,2022,158.0,211.0,228.0,237.0,248.0,271.0,305.0,1.0,1.0
457,1368,419944.5,3813301.5,2022,116.0,209.0,229.0,238.0,248.0,270.0,309.0,1.0,1.0
471,1380,419980.5,3813259.5,2022,150.0,213.0,230.0,238.0,248.0,273.0,302.0,1.0,2.0
465,1495,420325.5,3813277.5,2022,155.0,208.0,228.0,236.0,246.0,268.0,294.0,1.0,1.0
457,1505,420355.5,3813301.5,2022,155.0,184.0,228.0,237.0,247.0,268.0,299.0,1.0,1.0
457,1557,420511.5,3813301.5,2022,156.0,186.0,230.0,239.0,250.0,273.0,305.0,1.0,1.0
450,1571,420553.5,3813322.5,2022,155.0,181.0,229.0,239.0,251.0,273.0,306.0,1.0,2.0
452,1593,420619.5,3813316.5,2022,119.0,180.0,229.0,239.0,251.0,273.0,302.0,1.0,1.0
472,1646,420778.5,3813256.5,2022,130.0,184.0,228.0,238.0,251.0,275.0,310.0,1.0,1.0
454,1672,420856.5,3813310.5,2022,142.0,182.0,226.0,235.0,244.0,263.0,290.0,1.0,1.0
470,1691,420913.5,3813262.5,2022,136.0,172.0,226.0,236.0,245.0,266.0,305.0,1.0,1.0
465,1734,421042.5,3813277.5,2022,107.0,172.0,227.0,237.0,248.0,271.0,308.0,1.0,1.0
468,1757,421111.5,3813268.5,2022,111.0,173.0,228.0,237.0,249.0,276.0,303.0,1.0,1.0
452,1790,421210.5,3813316.5,2022,112.0,172.0,228.0,237.0,248.0,273.0,318.0,1.0,2.0
458,1801,421243.5,3813298.5,2022,117.0,179.0,228.0,237.0,248.0,274.0,305.0,1.0,1.0
464,1848,421384.5,3813280.5,2022,148.0,178.0,226.0,236.0,249.0,276.0,307.0,1.0,1.0
473,1869,421447.5,3813253.5,2022,155.0,178.0,228.0,238.0,251.0,274.0,302.0,1.0,1.0
468,1898,421534.5,3813268.5,2022,149.0,180.0,225.0,235.0,248.0,273.0,307.0,1.0,1.0
475,1922,421606.5,3813247.5,2022,152.0,180.0,226.0,237.0,248.0,273.0,302.0,1.0,1.0
462,2006,421858.5,3813286.5,2022,149.0,184.0,226.0,236.0,247.0,270.0,296.0,1.0,1.0
452,2034,421942.5,3813316.5,2022,155.0,185.0,226.0,236.0,246.0,270.0,304.0,1.0,2.0
475,2048,421984.5,3813247.5,2022,153.0,204.0,225.0,235.0,246.0,271.0,299.0,1.0,1.0
474,2094,422122.5,3813250.5,2022,157.0,207.0,227.0,236.0,247.0,273.0,305.0,1.0,2.0
453,2101,422143.5,3813313.5,2022,152.0,188.0,224.0,234.0,246.0,272.0,305.0,1.0,1.0
464,2154,422302.5,3813280.5,2022,151.0,180.0,225.0,235.0,245.0,268.0,307.0,1.0,2.0
454,2175,422365.5,3813310.5,2022,149.0,176.0,222.0,234.0,246.0,269.0,304.0,1.0,1.0
465,2212,422476.5,3813277.5,2022,114.0,176.0,220.0,233.0,248.0,272.0,309.0,1.0,1.0
459,2241,422563.5,3813295.5,2022,155.0,180.0,216.0,230.0,243.0,268.0,306.0,1.0,1.0
458,2255,422605.5,3813298.5,2022,151.0,178.0,214.0,229.0,243.0,270.0,305.0,1.0,1.0
458,2300,422740.5,3813298.5,2022,147.0,177.0,212.0,229.0,244.0,271.0,303.0,1.0,1.0
478,2310,422770.5,3813238.5,2022,142.0,178.0,215.0,229.0,243.0,271.0,311.0,1.0,1.0
472,2343,422869.5,3813256.5,2022,146.0,178.0,218.0,231.0,244.0,272.0,305.0,1.0,1.0
478,2375,422965.5,3813238.5,2022,155.0,183.0,218.0,228.0,239.0,267.0,301.0,1.0,1.0
475,2429,423127.5,3813247.5,2022,151.0,187.0,222.0,233.0,245.0,273.0,325.0,1.0,2.0
457,2459,423217.5,3813301.5,2022,138.0,191.0,220.0,231.0,243.0,271.0,311.0,1.0,1.0
479,2474,423262.5,3813235.5,2022,134.0,191.0,222.0,234.0,249.0,276.0,313.0,1.0,1.0
472,2515,423385.5,3813256.5,2022,161.0,198.0,220.0,230.0,240.0,267.0,303.0,1.0,1.0
471,2541,423463.5,3813259.5,2022,163.0,196.0,220.0,231.0,244.0,272.0,313.0,1.0,1.0
470,2557,423511.5,3813262.5,2022,148.0,194.0,220.0,232.0,246.0,275.0,313.0,1.0,1.0
463,2608,423664.5,3813283.5,2022,158.0,191.0,218.0,229.0,240.0,269.0,308.0,1.0,1.0
450,2625,423715.5,3813322.5,2022,151.0,189.0,216.0,229.0,241.0,271.0,304.0,1.0,1.0
463,2659,423817.5,3813283.5,2022,158.0,181.0,214.0,227.0,239.0,268.0,304.0,1.0,1.0
474,2698,423934.5,3813250.5,2022,151.0,181.0,217.0,229.0,241.0,270.0,307.0,1.0,1.0
466,2729,424027.5,3813274.5,2022,152.0,180.0,214.0,227.0,241.0,269.0,309.0,1.0,1.0
477,2751,424093.5,3813241.5,2022,146.0,182.0,216.0,228.0,242.0,271.0,312.0,1.0,1.0
478,2772,424156.5,3813238.5,2022,157.0,192.0,217.0,229.0,242.0,268.0,312.0,1.0,1.0
464,2810,424270.5,3813280.5,2022,158.0,201.0,220.0,230.0,240.0,263.0,295.0,1.0,1.0
452,2828,424324.5,3813316.5,2022,162.0,204.0,221.0,231.0,242.0,265.0,295.0,1.0,1.0
478,2864,424432.5,3813238.5,2022,163.0,198.0,219.0,229.0,241.0,265.0,299.0,1.0,1.0
460,2899,424537.5,3813292.5,2022,155.0,198.0,221.0,231.0,243.0,266.0,302.0,1.0,1.0
451,2939,424657.5,3813319.5,2022,165.0,195.0,217.0,227.0,240.0,270.0,309.0,1.0,1.0
460,2947,424681.5,3813292.5,2022,159.0,191.0,218.0,229.0,242.0,272.0,303.0,1.0,1.0
451,2979,424777.5,3813319.5,2022,160.0,189.0,219.0,231.0,244.0,270.0,302.0,1.0,1.0
463,3002,424846.5,3813283.5,2022,130.0,184.0,217.0,230.0,246.0,271.0,306.0,1.0,1.0
460,3032,424936.5,3813292.5,2022,157.0,186.0,215.0,229.0,243.0,271.0,307.0,1.0,1.0
467,3062,425026.5,3813271.5,2022,156.0,188.0,216.0,230.0,243.0,272.0,323.0,1.0,1.0
451,3107,425161.5,3813319.5,2022,153.0,181.0,211.0,226.0,240.0,267.0,303.0,1.0,1.0
477,3170,425350.5,3813241.5,2022,139.0,185.0,216.0,231.0,244.0,272.0,306.0,1.0,1.0
496,27,415921.5,3813184.5,2022,99.0,175.0,228.0,239.0,251.0,270.0,301.0,1.0,1.0
500,55,416005.5,3813172.5,2022,122.0,175.0,227.0,239.0,251.0,272.0,316.0,1.0,1.0
485,70,416050.5,3813217.5,2022,122.0,176.0,228.0,238.0,249.0,269.0,313.0,1.0,1.0
502,109,416167.5,3813166.5,2022,127.0,180.0,230.0,240.0,251.0,271.0,315.0,1.0,1.0
486,121,416203.5,3813214.5,2022,141.0,180.0,230.0,239.0,250.0,270.0,310.0,1.0,1.0
496,161,416323.5,3813184.5,2022,116.0,175.0,229.0,240.0,251.0,272.0,314.0,1.0,1.0
480,194,416422.5,3813232.5,2022,110.0,177.0,230.0,240.0,250.0,270.0,309.0,1.0,1.0
484,228,416524.5,3813220.5,2022,139.0,210.0,230.0,239.0,249.0,268.0,299.0,1.0,1.0
499,254,416602.5,3813175.5,2022,135.0,175.0,230.0,240.0,251.0,271.0,300.0,1.0,1.0
487,291,416713.5,3813211.5,2022,103.0,173.0,229.0,239.0,251.0,273.0,314.0,1.0,1.0
495,318,416794.5,3813187.5,2022,106.0,172.0,229.0,240.0,251.0,273.0,310.0,1.0,2.0
487,359,416917.5,3813211.5,2022,131.0,176.0,228.0,238.0,249.0,269.0,307.0,1.0,1.0
509,376,416968.5,3813145.5,2022,105.0,174.0,230.0,239.0,250.0,270.0,311.0,1.0,1.0
508,404,417052.5,3813148.5,2022,119.0,176.0,226.0,237.0,248.0,269.0,303.0,1.0,1.0
491,425,417115.5,3813199.5,2022,140.0,181.0,228.0,238.0,249.0,268.0,303.0,1.0,1.0
505,450,417190.5,3813157.5,2022,139.0,185.0,227.0,238.0,249.0,269.0,303.0,1.0,1.0
481,507,417361.5,3813229.5,2022,130.0,209.0,229.0,238.0,248.0,266.0,296.0,1.0,1.0
493,537,417451.5,3813193.5,2022,142.0,210.0,229.0,237.0,246.0,264.0,290.0,1.0,1.0
497,562,417526.5,3813181.5,2022,148.0,208.0,228.0,237.0,247.0,266.0,302.0,1.0,1.0
503,572,417556.5,3813163.5,2022,155.0,210.0,228.0,237.0,246.0,265.0,301.0,1.0,1.0
495,615,417685.5,3813187.5,2022,153.0,210.0,228.0,236.0,245.0,263.0,299.0,1.0,1.0
492,659,417817.5,3813196.5,2022,129.0,182.0,228.0,237.0,246.0,265.0,299.0,1.0,1.0
488,664,417832.5,3813208.5,2022,145.0,187.0,228.0,237.0,246.0,265.0,302.0,1.0,1.0
491,693,417919.5,3813199.5,2022,154.0,206.0,227.0,236.0,245.0,263.0,293.0,1.0,1.0
495,725,418015.5,3813187.5,2022,152.0,208.0,228.0,237.0,246.0,264.0,291.0,1.0,1.0
497,773,418159.5,3813181.5,2022,130.0,212.0,230.0,238.0,247.0,267.0,299.0,1.0,1.0
505,804,418252.5,3813157.5,2022,138.0,210.0,229.0,237.0,246.0,265.0,306.0,1.0,2.0
495,835,418345.5,3813187.5,2022,123.0,182.0,231.0,239.0,249.0,270.0,307.0,1.0,2.0
480,865,418435.5,3813232.5,2022,112.0,180.0,229.0,238.0,248.0,268.0,303.0,1.0,1.0
484,880,418480.5,3813220.5,2022,115.0,211.0,230.0,238.0,247.0,265.0,296.0,1.0,2.0
494,927,418621.5,3813190.5,2022,119.0,181.0,230.0,239.0,248.0,269.0,304.0,1.0,1.0
486,958,418714.5,3813214.5,2022,120.0,179.0,229.0,238.0,248.0,269.0,308.0,1.0,1.0
508,963,418729.5,3813148.5,2022,156.0,215.0,231.0,239.0,250.0,272.0,304.0,1.0,1.0
504,1009,418867.5,3813160.5,2022,111.0,186.0,229.0,239.0,249.0,271.0,312.0,1.0,2.0
506,1020,418900.5,3813154.5,2022,118.0,209.0,230.0,239.0,249.0,271.0,317.0,1.0,1.0
503,1072,419056.5,3813163.5,2022,101.0,207.0,228.0,237.0,247.0,268.0,315.0,1.0,1.0
495,1107,419161.5,3813187.5,2022,147.0,206.0,228.0,237.0,247.0,267.0,313.0,1.0,1.0
503,1118,419194.5,3813163.5,2022,106.0,207.0,228.0,237.0,247.0,268.0,306.0,1.0,2.0
509,1168,419344.5,3813145.5,2022,155.0,210.0,228.0,237.0,247.0,268.0,304.0,1.0,1.0
491,1177,419371.5,3813199.5,2022,151.0,206.0,228.0,238.0,249.0,269.0,310.0,1.0,1.0
493,1227,419521.5,3813193.5,2022,149.0,205.0,228.0,237.0,247.0,268.0,308.0,1.0,1.0
502,1251,419593.5,3813166.5,2022,147.0,208.0,228.0,237.0,248.0,268.0,307.0,1.0,1.0
498,1284,419692.5,3813178.5,2022,151.0,210.0,229.0,238.0,249.0,270.0,310.0,1.0,1.0
489,1308,419764.5,3813205.5,2022,156.0,211.0,229.0,238.0,248.0,271.0,307.0,1.0,1.0
506,1320,419800.5,3813154.5,2022,114.0,207.0,229.0,238.0,249.0,272.0,312.0,1.0,1.0
486,1366,419938.5,3813214.5,2022,145.0,208.0,229.0,238.0,249.0,273.0,310.0,1.0,2.0
483,1400,420040.5,3813223.5,2022,113.0,207.0,228.0,237.0,248.0,274.0,317.0,1.0,2.0
480,1517,420391.5,3813232.5,2022,141.0,183.0,228.0,237.0,248.0,270.0,306.0,1.0,1.0
488,1617,420691.5,3813208.5,2022,113.0,174.0,228.0,238.0,250.0,272.0,302.0,1.0,2.0
481,1669,420847.5,3813229.5,2022,112.0,179.0,228.0,238.0,250.0,272.0,303.0,1.0,1.0
495,1700,420940.5,3813187.5,2022,137.0,176.0,226.0,236.0,247.0,270.0,305.0,1.0,1.0
508,1723,421009.5,3813148.5,2022,115.0,168.0,225.0,236.0,246.0,270.0,304.0,1.0,1.0
480,1743,421069.5,3813232.5,2022,101.0,170.0,225.0,236.0,247.0,272.0,316.0,1.0,1.0
490,1771,421153.5,3813202.5,2022,120.0,176.0,227.0,237.0,249.0,273.0,300.0,1.0,1.0
484,1815,421285.5,3813220.5,2022,119.0,174.0,228.0,238.0,249.0,274.0,313.0,1.0,1.0
486,1859,421417.5,3813214.5,2022,111.0,175.0,226.0,236.0,248.0,271.0,298.0,1.0,1.0
480,1865,421435.5,3813232.5,2022,151.0,176.0,227.0,237.0,250.0,273.0,297.0,1.0,1.0
487,1898,421534.5,3813211.5,2022,142.0,172.0,221.0,233.0,246.0,268.0,292.0,1.0,1.0
493,1928,421624.5,3813193.5,2022,145.0,175.0,224.0,235.0,247.0,272.0,308.0,1.0,1.0
490,1952,421696.5,3813202.5,2022,137.0,181.0,226.0,236.0,249.0,274.0,308.0,1.0,1.0
486,2009,421867.5,3813214.5,2022,163.0,198.0,225.0,235.0,246.0,270.0,295.0,1.0,1.0
501,2039,421957.5,3813169.5,2022,152.0,188.0,226.0,236.0,247.0,272.0,296.0,1.0,2.0
482,2047,421981.5,3813226.5,2022,158.0,203.0,226.0,235.0,246.0,270.0,297.0,1.0,2.0
480,2079,422077.5,3813232.5,2022,159.0,203.0,226.0,236.0,246.0,270.0,302.0,1.0,2.0
508,2125,422215.5,3813148.5,2022,149.0,179.0,224.0,235.0,247.0,270.0,299.0,1.0,2.0
507,2159,422317.5,3813151.5,2022,148.0,178.0,222.0,234.0,246.0,270.0,302.0,1.0,2.0
497,2176,422368.5,3813181.5,2022,140.0,176.0,221.0,233.0,245.0,267.0,296.0,1.0,2.0
491,2213,422479.5,3813199.5,2022,142.0,175.0,220.0,232.0,245.0,269.0,300.0,1.0,2.0
490,2239,422557.5,3813202.5,2022,152.0,180.0,218.0,231.0,243.0,268.0,308.0,1.0,1.0
495,2257,422611.5,3813187.5,2022,151.0,182.0,217.0,231.0,244.0,272.0,308.0,1.0,1.0
501,2287,422701.5,3813169.5,2022,149.0,176.0,216.0,231.0,245.0,271.0,306.0,1.0,1.0
493,2311,422773.5,3813193.5,2022,145.0,176.0,214.0,229.0,243.0,270.0,302.0,1.0,1.0
489,2359,422917.5,3813205.5,2022,146.0,179.0,217.0,229.0,241.0,267.0,296.0,1.0,1.0
483,2380,422980.5,3813223.5,2022,153.0,181.0,217.0,229.0,241.0,269.0,302.0,1.0,2.0
508,2402,423046.5,3813148.5,2022,164.0,195.0,221.0,232.0,244.0,273.0,303.0,1.0,1.0
481,2430,423130.5,3813229.5,2022,152.0,190.0,220.0,231.0,245.0,274.0,314.0,1.0,1.0
508,2475,423265.5,3813148.5,2022,151.0,195.0,220.0,231.0,244.0,273.0,314.0,1.0,1.0
481,2513,423379.5,3813229.5,2022,134.0,189.0,221.0,233.0,247.0,276.0,312.0,1.0,1.0
495,2526,423418.5,3813187.5,2022,125.0,184.0,220.0,231.0,245.0,275.0,317.0,1.0,1.0
499,2571,423553.5,3813175.5,2022,146.0,187.0,218.0,231.0,246.0,274.0,319.0,1.0,1.0
498,2598,423634.5,3813178.5,2022,161.0,193.0,218.0,229.0,242.0,273.0,311.0,1.0,1.0
480,2613,423679.5,3813232.5,2022,162.0,196.0,218.0,230.0,243.0,271.0,307.0,1.0,1.0
495,2650,423790.5,3813187.5,2022,157.0,185.0,213.0,226.0,238.0,268.0,301.0,1.0,1.0
508,2673,423859.5,3813148.5,2022,149.0,186.0,218.0,229.0,241.0,270.0,308.0,1.0,1.0
490,2704,423952.5,3813202.5,2022,154.0,185.0,214.0,227.0,240.0,268.0,304.0,1.0,1.0
498,2747,424081.5,3813178.5,2022,140.0,192.0,217.0,231.0,249.0,276.0,312.0,1.0,1.0
480,2789,424207.5,3813232.5,2022,159.0,199.0,220.0,230.0,241.0,266.0,297.0,1.0,1.0
480,2810,424270.5,3813232.5,2022,157.0,188.0,218.0,229.0,241.0,264.0,300.0,1.0,1.0
501,2835,424345.5,3813169.5,2022,159.0,196.0,219.0,229.0,241.0,266.0,301.0,1.0,1.0
505,2874,424462.5,3813157.5,2022,166.0,200.0,219.0,228.0,239.0,263.0,299.0,1.0,1.0
501,2885,424495.5,3813169.5,2022,142.0,197.0,219.0,230.0,243.0,271.0,306.0,1.0,1.0
507,2912,424576.5,3813151.5,2022,170.0,198.0,218.0,228.0,241.0,268.0,297.0,1.0,1.0
491,2957,424711.5,3813199.5,2022,160.0,190.0,217.0,229.0,243.0,272.0,306.0,1.0,1.0
501,2989,424807.5,3813169.5,2022,162.0,195.0,218.0,230.0,242.0,269.0,301.0,1.0,1.0
491,3021,424903.5,3813199.5,2022,142.0,186.0,217.0,229.0,243.0,268.0,305.0,1.0,1.0
505,3053,424999.5,3813157.5,2022,142.0,182.0,219.0,232.0,245.0,271.0,306.0,1.0,1.0
504,3064,425032.5,3813160.5,2022,151.0,187.0,219.0,232.0,245.0,269.0,305.0,1.0,1.0
499,3113,425179.5,3813175.5,2022,110.0,182.0,211.0,227.0,243.0,269.0,304.0,1.0,1.0
498,3141,425263.5,3813178.5,2022,162.0,187.0,213.0,230.0,244.0,272.0,307.0,1.0,1.0
508,3168,425344.5,3813148.5,2022,164.0,189.0,212.0,225.0,239.0,267.0,309.0,1.0,1.0
500,3198,425434.5,3813172.5,2022,146.0,182.0,213.0,228.0,242.0,269.0,301.0,1.0,1.0
499,3212,425476.5,3813175.5,2022,161.0,185.0,210.0,225.0,240.0,268.0,301.0,1.0,1.0
507,3289,425707.5,3813151.5,2022,154.0,184.0,210.0,228.0,243.0,272.0,306.0,1.0,1.0
491,3328,425824.5,3813199.5,2022,149.0,174.0,195.0,217.0,246.0,277.0,308.0,1.0,1.0
493,3331,425833.5,3813193.5,2022,144.0,172.0,190.0,216.0,241.0,275.0,313.0,1.0,1.0
514,22,415906.5,3813130.5,2022,127.0,174.0,227.0,239.0,250.0,270.0,306.0,1.0,1.0
519,35,415945.5,3813115.5,2022,141.0,173.0,226.0,238.0,251.0,272.0,310.0,1.0,1.0
523,64,416032.5,3813103.5,2022,119.0,181.0,228.0,239.0,250.0,269.0,299.0,1.0,1.0
518,102,416146.5,3813118.5,2022,116.0,174.0,229.0,239.0,251.0,273.0,321.0,1.0,1.0
519,137,416251.5,3813115.5,2022,130.0,178.0,230.0,240.0,251.0,273.0,315.0,1.0,1.0
537,174,416362.5,3813061.5,2022,100.0,174.0,229.0,239.0,251.0,273.0,316.0,1.0,1.0
531,201,416443.5,3813079.5,2022,128.0,176.0,229.0,239.0,250.0,271.0,316.0,1.0,1.0
510,223,416509.5,3813142.5,2022,126.0,178.0,230.0,240.0,250.0,270.0,314.0,1.0,1.0
537,258,416614.5,3813061.5,2022,144.0,175.0,229.0,240.0,252.0,275.0,310.0,1.0,1.0
533,273,416659.5,3813073.5,2022,145.0,179.0,228.0,238.0,249.0,270.0,308.0,1.0,1.0
529,302,416746.5,3813085.5,2022,107.0,174.0,231.0,240.0,252.0,273.0,317.0,1.0,1.0
514,343,416869.5,3813130.5,2022,134.0,177.0,229.0,238.0,249.0,272.0,314.0,1.0,1.0
513,385,416995.5,3813133.5,2022,100.0,175.0,228.0,238.0,249.0,269.0,313.0,1.0,1.0
526,405,417055.5,3813094.5,2022,135.0,178.0,226.0,237.0,248.0,268.0,297.0,1.0,1.0
515,432,417136.5,3813127.5,2022,137.0,180.0,229.0,238.0,249.0,270.0,301.0,1.0,2.0
535,463,417229.5,3813067.5,2022,143.0,188.0,226.0,236.0,245.0,264.0,293.0,1.0,1.0
536,501,417343.5,3813064.5,2022,161.0,211.0,229.0,238.0,249.0,270.0,302.0,1.0,1.0
519,527,417421.5,3813115.5,2022,157.0,213.0,229.0,238.0,247.0,265.0,298.0,1.0,1.0
529,554,417502.5,3813085.5,2022,154.0,207.0,228.0,237.0,246.0,265.0,296.0,1.0,1.0
523,584,417592.5,3813103.5,2022,149.0,186.0,228.0,237.0,247.0,266.0,302.0,1.0,1.0
531,607,417661.5,3813079.5,2022,137.0,180.0,227.0,236.0,247.0,269.0,313.0,1.0,2.0
526,636,417748.5,3813094.5,2022,155.0,182.0,228.0,238.0,247.0,267.0,298.0,1.0,1.0
521,678,417874.5,3813109.5,2022,144.0,183.0,228.0,236.0,245.0,264.0,302.0,1.0,1.0
539,693,417919.5,3813055.5,2022,148.0,209.0,228.0,237.0,245.0,263.0,290.0,1.0,1.0
523,723,418009.5,3813103.5,2022,146.0,211.0,229.0,237.0,246.0,265.0,297.0,1.0,1.0
536,758,418114.5,3813064.5,2022,125.0,183.0,231.0,240.0,249.0,271.0,312.0,1.0,1.0
536,781,418183.5,3813064.5,2022,124.0,184.0,230.0,239.0,249.0,270.0,318.0,1.0,2.0
522,812,418276.5,3813106.5,2022,138.0,186.0,229.0,238.0,248.0,270.0,310.0,1.0,1.0
515,848,418384.5,3813127.5,2022,120.0,213.0,231.0,239.0,249.0,271.0,308.0,1.0,2.0
529,891,418513.5,3813085.5,2022,124.0,185.0,231.0,240.0,251.0,273.0,314.0,1.0,2.0
512,913,418579.5,3813136.5,2022,121.0,184.0,230.0,239.0,248.0,267.0,302.0,1.0,2.0
530,939,418657.5,3813082.5,2022,104.0,184.0,229.0,239.0,249.0,271.0,305.0,1.0,2.0
511,964,418732.5,3813139.5,2022,154.0,214.0,231.0,239.0,250.0,273.0,306.0,1.0,1.0
514,1009,418867.5,3813130.5,2022,132.0,213.0,230.0,238.0,248.0,270.0,317.0,1.0,2.0
514,1046,418978.5,3813130.5,2022,122.0,208.0,229.0,238.0,248.0,268.0,310.0,1.0,2.0
513,1079,419077.5,3813133.5,2022,114.0,201.0,228.0,238.0,248.0,269.0,314.0,1.0,1.0
519,1094,419122.5,3813115.5,2022,109.0,207.0,228.0,237.0,247.0,270.0,313.0,1.0,2.0
532,1138,419254.5,3813076.5,2022,154.0,203.0,227.0,236.0,247.0,268.0,310.0,1.0,1.0
536,1161,419323.5,3813064.5,2022,145.0,201.0,227.0,237.0,248.0,270.0,307.0,1.0,1.0
532,1186,419398.5,3813076.5,2022,151.0,204.0,228.0,237.0,248.0,270.0,310.0,1.0,1.0
528,1205,419455.5,3813088.5,2022,147.0,189.0,227.0,237.0,247.0,268.0,308.0,1.0,1.0
527,1255,419605.5,3813091.5,2022,149.0,212.0,229.0,238.0,248.0,269.0,317.0,1.0,1.0
520,1274,419662.5,3813112.5,2022,152.0,211.0,229.0,238.0,248.0,270.0,312.0,1.0,1.0
513,1301,419743.5,3813133.5,2022,151.0,209.0,229.0,238.0,249.0,269.0,307.0,1.0,1.0
510,1324,419812.5,3813142.5,2022,111.0,200.0,228.0,237.0,248.0,271.0,312.0,1.0,1.0
537,1367,419941.5,3813061.5,2022,124.0,208.0,229.0,238.0,249.0,272.0,314.0,1.0,2.0
539,1523,420409.5,3813055.5,2022,158.0,208.0,227.0,236.0,247.0,273.0,304.0,1.0,2.0
539,1538,420454.5,3813055.5,2022,135.0,181.0,228.0,237.0,248.0,271.0,303.0,1.0,1.0
535,1663,420829.5,3813067.5,2022,106.0,174.0,227.0,236.0,247.0,271.0,315.0,1.0,2.0
518,1681,420883.5,3813118.5,2022,121.0,175.0,227.0,236.0,246.0,269.0,298.0,1.0,1.0
528,1739,421057.5,3813088.5,2022,127.0,173.0,226.0,237.0,248.0,273.0,303.0,1.0,1.0
519,1741,421063.5,3813115.5,2022,119.0,173.0,227.0,237.0,248.0,272.0,306.0,1.0,1.0
522,1773,421159.5,3813106.5,2022,127.0,177.0,227.0,237.0,249.0,275.0,318.0,1.0,1.0
514,1802,421246.5,3813130.5,2022,116.0,175.0,229.0,239.0,253.0,277.0,308.0,1.0,1.0
513,1841,421363.5,3813133.5,2022,115.0,174.0,225.0,236.0,248.0,271.0,300.0,1.0,1.0
523,1880,421480.5,3813103.5,2022,142.0,175.0,225.0,236.0,249.0,272.0,304.0,1.0,1.0
520,1912,421576.5,3813112.5,2022,143.0,174.0,225.0,236.0,248.0,272.0,305.0,1.0,1.0
512,1938,421654.5,3813136.5,2022,139.0,174.0,225.0,236.0,247.0,272.0,313.0,1.0,2.0
511,2004,421852.5,3813139.5,2022,153.0,180.0,222.0,233.0,244.0,269.0,303.0,1.0,2.0
518,2015,421885.5,3813118.5,2022,156.0,185.0,224.0,234.0,246.0,269.0,295.0,1.0,1.0
516,2060,422020.5,3813124.5,2022,149.0,176.0,227.0,236.0,247.0,270.0,295.0,1.0,2.0
524,2085,422095.5,3813100.5,2022,149.0,179.0,225.0,235.0,247.0,271.0,301.0,1.0,1.0
515,2112,422176.5,3813127.5,2022,153.0,180.0,225.0,235.0,246.0,270.0,299.0,1.0,1.0
528,2136,422248.5,3813088.5,2022,153.0,179.0,224.0,235.0,246.0,268.0,303.0,1.0,1.0
519,2162,422326.5,3813115.5,2022,142.0,179.0,222.0,234.0,246.0,269.0,300.0,1.0,1.0
534,2199,422437.5,3813070.5,2022,118.0,175.0,221.0,233.0,246.0,270.0,304.0,1.0,1.0
523,2225,422515.5,3813103.5,2022,153.0,180.0,221.0,233.0,245.0,270.0,306.0,1.0,1.0
512,2268,422644.5,3813136.5,2022,147.0,180.0,218.0,231.0,244.0,270.0,308.0,1.0,1.0
537,2290,422710.5,3813061.5,2022,144.0,181.0,220.0,232.0,245.0,270.0,303.0,1.0,1.0
522,2319,422797.5,3813106.5,2022,151.0,178.0,216.0,229.0,242.0,270.0,312.0,1.0,1.0
521,2369,422947.5,3813109.5,2022,151.0,194.0,221.0,232.0,245.0,272.0,307.0,1.0,1.0
520,2377,422971.5,3813112.5,2022,157.0,187.0,221.0,231.0,243.0,268.0,305.0,1.0,1.0
514,2426,423118.5,3813130.5,2022,162.0,196.0,223.0,233.0,244.0,270.0,300.0,1.0,2.0
533,2433,423139.5,3813073.5,2022,160.0,195.0,221.0,230.0,242.0,269.0,302.0,1.0,1.0
514,2473,423259.5,3813130.5,2022,154.0,195.0,221.0,231.0,243.0,270.0,308.0,1.0,1.0
538,2495,423325.5,3813058.5,2022,161.0,203.0,222.0,231.0,242.0,266.0,303.0,1.0,1.0
539,2532,423436.5,3813055.5,2022,160.0,195.0,223.0,233.0,244.0,270.0,305.0,1.0,1.0
536,2559,423517.5,3813064.5,2022,158.0,193.0,220.0,230.0,241.0,269.0,309.0,1.0,1.0
532,2591,423613.5,3813076.5,2022,156.0,192.0,219.0,232.0,247.0,274.0,305.0,1.0,1.0
518,2638,423754.5,3813118.5,2022,128.0,180.0,213.0,226.0,240.0,271.0,304.0,1.0,1.0
523,2659,423817.5,3813103.5,2022,151.0,188.0,219.0,230.0,242.0,269.0,309.0,1.0,1.0
523,2673,423859.5,3813103.5,2022,135.0,190.0,219.0,230.0,243.0,272.0,313.0,1.0,1.0
514,2728,424024.5,3813130.5,2022,159.0,199.0,223.0,235.0,248.0,272.0,306.0,1.0,2.0
519,2746,424078.5,3813115.5,2022,162.0,198.0,223.0,234.0,247.0,271.0,308.0,1.0,1.0
534,2772,424156.5,3813070.5,2022,159.0,200.0,224.0,236.0,249.0,272.0,301.0,1.0,1.0
536,2809,424267.5,3813064.5,2022,165.0,192.0,220.0,230.0,243.0,271.0,304.0,1.0,1.0
530,2847,424381.5,3813082.5,2022,166.0,198.0,220.0,231.0,244.0,269.0,302.0,1.0,1.0
514,2857,424411.5,3813130.5,2022,156.0,198.0,219.0,231.0,244.0,271.0,307.0,1.0,1.0
528,2903,424549.5,3813088.5,2022,166.0,200.0,218.0,228.0,239.0,265.0,298.0,1.0,1.0
523,2934,424642.5,3813103.5,2022,167.0,196.0,217.0,228.0,240.0,265.0,303.0,1.0,1.0
527,2944,424672.5,3813091.5,2022,176.0,200.0,218.0,227.0,239.0,264.0,301.0,1.0,2.0
525,2992,424816.5,3813097.5,2022,158.0,196.0,218.0,229.0,241.0,268.0,305.0,1.0,1.0
530,3006,424858.5,3813082.5,2022,156.0,186.0,218.0,231.0,244.0,272.0,308.0,1.0,1.0
510,3046,424978.5,3813142.5,2022,155.0,195.0,219.0,230.0,242.0,270.0,305.0,1.0,1.0
531,3079,425077.5,3813079.5,2022,149.0,185.0,216.0,230.0,244.0,273.0,314.0,1.0,1.0
513,3101,425143.5,3813133.5,2022,155.0,186.0,217.0,231.0,244.0,270.0,303.0,1.0,1.0
539,3141,425263.5,3813055.5,2022,151.0,189.0,219.0,231.0,243.0,272.0,308.0,1.0,1.0
515,3166,425338.5,3813127.5,2022,162.0,187.0,210.0,224.0,238.0,269.0,309.0,1.0,1.0
538,3197,425431.5,3813058.5,2022,133.0,183.0,211.0,226.0,242.0,273.0,304.0,1.0,1.0
551,6,415858.5,3813019.5,2022,129.0,187.0,229.0,239.0,250.0,269.0,303.0,1.0,1.0
543,58,416014.5,3813043.5,2022,104.0,175.0,228.0,240.0,252.0,272.0,314.0,1.0,1.0
545,79,416077.5,3813037.5,2022,124.0,174.0,229.0,239.0,251.0,272.0,317.0,1.0,1.0
546,104,416152.5,3813034.5,2022,144.0,180.0,230.0,240.0,251.0,272.0,315.0,1.0,1.0
555,129,416227.5,3813007.5,2022,105.0,172.0,230.0,240.0,252.0,273.0,313.0,1.0,2.0
550,171,416353.5,3813022.5,2022,117.0,179.0,230.0,240.0,251.0,272.0,313.0,1.0,1.0
566,208,416464.5,3812974.5,2022,102.0,175.0,229.0,240.0,251.0,272.0,309.0,1.0,1.0
550,217,416491.5,3813022.5,2022,102.0,172.0,230.0,240.0,252.0,274.0,313.0,1.0,2.0
546,243,416569.5,3813034.5,2022,121.0,173.0,232.0,242.0,253.0,273.0,315.0,1.0,1.0
542,292,416716.5,3813046.5,2022,116.0,177.0,229.0,238.0,250.0,271.0,308.0,1.0,2.0
568,311,416773.5,3812968.5,2022,104.0,175.0,227.0,237.0,248.0,270.0,315.0,1.0,1.0
556,356,416908.5,3813004.5,2022,119.0,178.0,226.0,236.0,247.0,268.0,308.0,1.0,1.0
545,377,416971.5,3813037.5,2022,134.0,177.0,226.0,236.0,247.0,268.0,299.0,1.0,1.0
551,394,417022.5,3813019.5,2022,139.0,175.0,227.0,238.0,250.0,269.0,303.0,1.0,1.0
550,445,417175.5,3813022.5,2022,151.0,176.0,229.0,238.0,248.0,267.0,301.0,1.0,1.0
563,467,417241.5,3812983.5,2022,133.0,177.0,229.0,238.0,249.0,269.0,305.0,1.0,1.0
549,487,417301.5,3813025.5,2022,161.0,213.0,230.0,238.0,248.0,268.0,301.0,1.0,1.0
544,517,417391.5,3813040.5,2022,146.0,208.0,228.0,237.0,246.0,266.0,295.0,1.0,1.0
543,551,417493.5,3813043.5,2022,155.0,209.0,228.0,236.0,246.0,265.0,291.0,1.0,1.0
547,596,417628.5,3813031.5,2022,148.0,187.0,227.0,236.0,246.0,265.0,297.0,1.0,1.0
567,625,417715.5,3812971.5,2022,149.0,189.0,228.0,237.0,246.0,264.0,293.0,1.0,1.0
559,647,417781.5,3812995.5,2022,154.0,186.0,228.0,237.0,246.0,263.0,293.0,1.0,1.0
550,663,417829.5,3813022.5,2022,153.0,188.0,228.0,237.0,246.0,264.0,291.0,1.0,1.0
554,707,417961.5,3813010.5,2022,142.0,210.0,228.0,236.0,245.0,263.0,293.0,1.0,1.0
546,720,418000.5,3813034.5,2022,145.0,210.0,229.0,237.0,247.0,266.0,297.0,1.0,1.0
553,758,418114.5,3813013.5,2022,120.0,185.0,231.0,239.0,249.0,270.0,320.0,1.0,1.0
543,804,418252.5,3813043.5,2022,113.0,183.0,229.0,239.0,248.0,268.0,311.0,1.0,1.0
551,830,418330.5,3813019.5,2022,112.0,179.0,229.0,238.0,248.0,270.0,315.0,1.0,1.0
554,847,418381.5,3813010.5,2022,131.0,180.0,229.0,239.0,249.0,272.0,312.0,1.0,1.0
562,895,418525.5,3812986.5,2022,129.0,215.0,232.0,241.0,251.0,273.0,325.0,1.0,1.0
553,914,418582.5,3813013.5,2022,161.0,216.0,232.0,241.0,252.0,273.0,298.0,1.0,1.0
566,931,418633.5,3812974.5,2022,104.0,177.0,229.0,239.0,249.0,271.0,316.0,1.0,1.0
560,985,418795.5,3812992.5,2022,120.0,182.0,231.0,240.0,250.0,273.0,316.0,1.0,1.0
568,995,418825.5,3812968.5,2022,144.0,215.0,231.0,239.0,249.0,271.0,307.0,1.0,1.0
543,1042,418966.5,3813043.5,2022,129.0,211.0,230.0,238.0,249.0,271.0,317.0,1.0,2.0
560,1056,419008.5,3812992.5,2022,129.0,211.0,229.0,238.0,247.0,268.0,320.0,1.0,1.0
553,1107,419161.5,3813013.5,2022,145.0,208.0,227.0,236.0,246.0,266.0,307.0,1.0,1.0
543,1121,419203.5,3813043.5,2022,152.0,206.0,227.0,236.0,246.0,267.0,298.0,1.0,2.0
561,1141,419263.5,3812989.5,2022,153.0,206.0,227.0,236.0,246.0,266.0,298.0,1.0,1.0
548,1197,419431.5,3813028.5,2022,150.0,208.0,229.0,238.0,248.0,268.0,303.0,1.0,1.0
563,1220,419500.5,3812983.5,2022,140.0,205.0,229.0,238.0,248.0,268.0,294.0,1.0,1.0
562,1257,419611.5,3812986.5,2022,145.0,211.0,229.0,237.0,246.0,265.0,301.0,1.0,1.0
551,1279,419677.5,3813019.5,2022,155.0,210.0,229.0,238.0,248.0,268.0,302.0,1.0,1.0
545,1310,419770.5,3813037.5,2022,108.0,209.0,228.0,237.0,247.0,269.0,311.0,1.0,1.0
547,1335,419845.5,3813031.5,2022,132.0,209.0,228.0,237.0,247.0,268.0,294.0,1.0,2.0
547,1354,419902.5,3813031.5,2022,129.0,207.0,228.0,237.0,248.0,269.0,302.0,1.0,1.0
569,1380,419980.5,3812965.5,2022,106.0,179.0,227.0,237.0,248.0,270.0,302.0,1.0,1.0
559,1473,420259.5,3812995.5,2022,146.0,210.0,228.0,237.0,247.0,270.0,304.0,1.0,2.0
550,1525,420415.5,3813022.5,2022,153.0,208.0,227.0,236.0,247.0,269.0,307.0,1.0,1.0
543,1531,420433.5,3813043.5,2022,143.0,185.0,227.0,236.0,247.0,271.0,310.0,1.0,1.0
554,1648,420784.5,3813010.5,2022,141.0,181.0,227.0,237.0,248.0,273.0,324.0,1.0,2.0
544,1673,420859.5,3813040.5,2022,139.0,176.0,226.0,236.0,246.0,271.0,314.0,1.0,2.0
564,1705,420955.5,3812980.5,2022,119.0,177.0,227.0,237.0,248.0,271.0,301.0,1.0,1.0
542,1714,420982.5,3813046.5,2022,121.0,176.0,224.0,234.0,243.0,264.0,300.0,1.0,1.0
563,1749,421087.5,3812983.5,2022,133.0,177.0,227.0,237.0,249.0,275.0,310.0,1.0,1.0
562,1791,421213.5,3812986.5,2022,127.0,177.0,227.0,237.0,250.0,278.0,311.0,1.0,1.0
551,1829,421327.5,3813019.5,2022,127.0,172.0,224.0,236.0,248.0,271.0,304.0,1.0,1.0
565,1840,421360.5,3812977.5,2022,145.0,173.0,226.0,237.0,249.0,272.0,306.0,1.0,1.0
565,1866,421438.5,3812977.5,2022,153.0,184.0,227.0,237.0,250.0,274.0,304.0,1.0,1.0
549,1918,421594.5,3813025.5,2022,132.0,175.0,225.0,236.0,248.0,271.0,310.0,1.0,1.0
555,1978,421774.5,3813007.5,2022,146.0,178.0,225.0,236.0,248.0,271.0,299.0,1.0,1.0
559,1983,421789.5,3812995.5,2022,144.0,172.0,223.0,235.0,246.0,271.0,305.0,1.0,1.0
555,2033,421939.5,3813007.5,2022,135.0,180.0,222.0,234.0,246.0,271.0,301.0,1.0,1.0
562,2061,422023.5,3812986.5,2022,143.0,177.0,223.0,235.0,246.0,269.0,302.0,1.0,1.0
556,2099,422137.5,3813004.5,2022,132.0,179.0,218.0,232.0,245.0,271.0,302.0,1.0,1.0
563,2104,422152.5,3812983.5,2022,145.0,177.0,218.0,232.0,245.0,269.0,301.0,1.0,1.0
542,2147,422281.5,3813046.5,2022,119.0,176.0,222.0,233.0,245.0,270.0,301.0,1.0,1.0
549,2189,422407.5,3813025.5,2022,147.0,175.0,222.0,234.0,246.0,272.0,309.0,1.0,1.0
543,2192,422416.5,3813043.5,2022,113.0,174.0,221.0,234.0,247.0,271.0,301.0,1.0,1.0
561,2228,422524.5,3812989.5,2022,144.0,175.0,219.0,233.0,245.0,270.0,305.0,1.0,1.0
544,2250,422590.5,3813040.5,2022,143.0,175.0,217.0,232.0,246.0,273.0,314.0,1.0,1.0
540,2282,422686.5,3813052.5,2022,144.0,178.0,215.0,230.0,244.0,271.0,312.0,1.0,1.0
558,2314,422782.5,3812998.5,2022,150.0,178.0,222.0,234.0,246.0,272.0,316.0,1.0,2.0
558,2350,422890.5,3812998.5,2022,161.0,187.0,219.0,230.0,243.0,270.0,306.0,1.0,1.0
569,2380,422980.5,3812965.5,2022,155.0,189.0,219.0,230.0,241.0,267.0,298.0,1.0,1.0
561,2429,423127.5,3812989.5,2022,163.0,201.0,221.0,231.0,242.0,268.0,304.0,1.0,1.0
547,2453,423199.5,3813031.5,2022,153.0,202.0,224.0,235.0,248.0,273.0,309.0,1.0,1.0
543,2489,423307.5,3813043.5,2022,157.0,198.0,220.0,230.0,240.0,265.0,303.0,1.0,1.0
549,2518,423394.5,3813025.5,2022,151.0,198.0,221.0,232.0,244.0,276.0,311.0,1.0,1.0
559,2543,423469.5,3812995.5,2022,161.0,193.0,220.0,230.0,241.0,270.0,304.0,1.0,1.0
562,2561,423523.5,3812986.5,2022,168.0,197.0,221.0,232.0,243.0,271.0,309.0,1.0,1.0
547,2583,423589.5,3813031.5,2022,164.0,195.0,219.0,230.0,240.0,265.0,306.0,1.0,1.0
559,2638,423754.5,3812995.5,2022,160.0,196.0,219.0,229.0,241.0,269.0,302.0,1.0,1.0
565,2667,423841.5,3812977.5,2022,157.0,202.0,223.0,234.0,247.0,272.0,309.0,1.0,1.0
569,2689,423907.5,3812965.5,2022,169.0,205.0,225.0,235.0,246.0,272.0,316.0,1.0,1.0
567,2726,424018.5,3812971.5,2022,162.0,201.0,221.0,232.0,244.0,270.0,311.0,1.0,1.0
542,2740,424060.5,3813046.5,2022,170.0,204.0,224.0,234.0,245.0,270.0,303.0,1.0,2.0
565,2772,424156.5,3812977.5,2022,161.0,196.0,219.0,231.0,243.0,270.0,307.0,1.0,1.0
543,2794,424222.5,3813043.5,2022,164.0,196.0,220.0,231.0,244.0,269.0,299.0,1.0,1.0
563,2839,424357.5,3812983.5,2022,169.0,196.0,221.0,232.0,247.0,273.0,307.0,1.0,1.0
555,2863,424429.5,3813007.5,2022,167.0,196.0,219.0,231.0,246.0,272.0,306.0,1.0,1.0
548,2885,424495.5,3813028.5,2022,149.0,190.0,217.0,231.0,247.0,274.0,303.0,1.0,1.0
556,2933,424639.5,3813004.5,2022,161.0,190.0,218.0,229.0,241.0,267.0,304.0,1.0,1.0
563,2956,424708.5,3812983.5,2022,155.0,194.0,218.0,230.0,241.0,264.0,301.0,1.0,1.0
553,2972,424756.5,3813013.5,2022,159.0,193.0,218.0,230.0,242.0,266.0,299.0,1.0,1.0
564,3024,424912.5,3812980.5,2022,158.0,192.0,216.0,228.0,242.0,271.0,302.0,1.0,2.0
543,3033,424939.5,3813043.5,2022,160.0,191.0,218.0,231.0,245.0,274.0,306.0,1.0,1.0
545,3080,425080.5,3813037.5,2022,159.0,190.0,216.0,229.0,242.0,271.0,306.0,1.0,1.0
561,3094,425122.5,3812989.5,2022,149.0,185.0,214.0,228.0,243.0,274.0,304.0,1.0,1.0
569,3141,425263.5,3812965.5,2022,149.0,189.0,217.0,231.0,244.0,273.0,306.0,1.0,2.0
567,3155,425305.5,3812971.5,2022,159.0,193.0,218.0,230.0,243.0,271.0,310.0,1.0,1.0
541,3198,425434.5,3813049.5,2022,135.0,186.0,213.0,227.0,242.0,271.0,307.0,1.0,1.0
566,3230,425530.5,3812974.5,2022,164.0,191.0,215.0,230.0,244.0,274.0,310.0,1.0,2.0
549,3254,425602.5,3813025.5,2022,160.0,187.0,214.0,230.0,242.0,272.0,324.0,1.0,2.0
563,3310,425770.5,3812983.5,2022,129.0,182.0,211.0,225.0,241.0,274.0,310.0,1.0,1.0
586,13,415879.5,3812914.5,2022,146.0,204.0,228.0,238.0,249.0,270.0,313.0,1.0,1.0
575,55,416005.5,3812947.5,2022,136.0,178.0,229.0,239.0,251.0,272.0,320.0,1.0,1.0
579,88,416104.5,3812935.5,2022,135.0,179.0,230.0,240.0,250.0,269.0,310.0,1.0,1.0
591,112,416176.5,3812899.5,2022,113.0,171.0,231.0,241.0,253.0,275.0,315.0,1.0,2.0
597,123,416209.5,3812881.5,2022,106.0,172.0,229.0,240.0,251.0,272.0,313.0,1.0,1.0
570,154,416302.5,3812962.5,2022,137.0,209.0,229.0,239.0,250.0,272.0,315.0,1.0,1.0
581,187,416401.5,3812929.5,2022,123.0,175.0,230.0,240.0,251.0,271.0,304.0,1.0,1.0
587,233,416539.5,3812911.5,2022,92.0,176.0,228.0,238.0,250.0,272.0,325.0,1.0,1.0
597,267,416641.5,3812881.5,2022,117.0,171.0,230.0,239.0,251.0,272.0,310.0,1.0,2.0
590,296,416728.5,3812902.5,2022,102.0,173.0,229.0,239.0,250.0,273.0,313.0,1.0,1.0
598,302,416746.5,3812878.5,2022,136.0,174.0,229.0,239.0,250.0,271.0,317.0,1.0,1.0
574,336,416848.5,3812950.5,2022,100.0,179.0,226.0,237.0,249.0,271.0,304.0,1.0,1.0
593,376,416968.5,3812893.5,2022,117.0,179.0,229.0,239.0,251.0,275.0,324.0,1.0,1.0
594,398,417034.5,3812890.5,2022,99.0,178.0,225.0,236.0,248.0,270.0,314.0,1.0,1.0
597,438,417154.5,3812881.5,2022,148.0,182.0,229.0,239.0,249.0,269.0,301.0,1.0,1.0
596,463,417229.5,3812884.5,2022,129.0,180.0,226.0,236.0,246.0,265.0,295.0,1.0,1.0
597,481,417283.5,3812881.5,2022,147.0,203.0,227.0,236.0,247.0,267.0,293.0,1.0,1.0
582,517,417391.5,3812926.5,2022,148.0,189.0,229.0,238.0,247.0,266.0,293.0,1.0,1.0
599,568,417544.5,3812875.5,2022,151.0,209.0,228.0,237.0,246.0,264.0,290.0,1.0,1.0
580,580,417580.5,3812932.5,2022,148.0,188.0,228.0,237.0,246.0,265.0,292.0,1.0,1.0
581,619,417697.5,3812929.5,2022,152.0,211.0,228.0,237.0,245.0,262.0,289.0,1.0,1.0
581,656,417808.5,3812929.5,2022,150.0,212.0,229.0,238.0,247.0,265.0,296.0,1.0,1.0
590,689,417907.5,3812902.5,2022,148.0,214.0,229.0,237.0,245.0,262.0,289.0,1.0,1.0
575,693,417919.5,3812947.5,2022,132.0,207.0,229.0,237.0,246.0,265.0,298.0,1.0,1.0
588,745,418075.5,3812908.5,2022,128.0,209.0,229.0,237.0,247.0,267.0,304.0,1.0,2.0
577,759,418117.5,3812941.5,2022,121.0,185.0,229.0,238.0,248.0,270.0,317.0,1.0,1.0
591,782,418186.5,3812899.5,2022,105.0,178.0,230.0,239.0,248.0,269.0,333.0,1.0,2.0
596,839,418357.5,3812884.5,2022,117.0,185.0,230.0,239.0,249.0,269.0,319.0,1.0,1.0
589,854,418402.5,3812905.5,2022,110.0,212.0,230.0,239.0,249.0,270.0,319.0,1.0,2.0
579,879,418477.5,3812935.5,2022,124.0,212.0,231.0,240.0,250.0,272.0,321.0,1.0,1.0
583,908,418564.5,3812923.5,2022,103.0,211.0,230.0,238.0,248.0,270.0,314.0,1.0,1.0
591,934,418642.5,3812899.5,2022,101.0,183.0,230.0,239.0,249.0,271.0,313.0,1.0,2.0
570,986,418798.5,3812962.5,2022,142.0,214.0,231.0,239.0,249.0,270.0,314.0,1.0,1.0
580,997,418831.5,3812932.5,2022,129.0,182.0,230.0,239.0,250.0,272.0,324.0,1.0,1.0
573,1048,418984.5,3812953.5,2022,108.0,209.0,229.0,237.0,247.0,268.0,316.0,1.0,1.0
587,1074,419062.5,3812911.5,2022,144.0,209.0,228.0,236.0,246.0,265.0,299.0,1.0,1.0
580,1102,419146.5,3812932.5,2022,151.0,205.0,228.0,237.0,246.0,266.0,300.0,1.0,1.0
594,1120,419200.5,3812890.5,2022,155.0,205.0,228.0,237.0,247.0,267.0,309.0,1.0,1.0
585,1149,419287.5,3812917.5,2022,152.0,207.0,228.0,237.0,247.0,268.0,314.0,1.0,1.0
575,1172,419356.5,3812947.5,2022,154.0,203.0,226.0,236.0,246.0,267.0,300.0,1.0,1.0
578,1218,419494.5,3812938.5,2022,153.0,206.0,228.0,237.0,247.0,268.0,301.0,1.0,1.0
588,1249,419587.5,3812908.5,2022,150.0,211.0,228.0,237.0,247.0,267.0,298.0,1.0,2.0
575,1283,419689.5,3812947.5,2022,121.0,205.0,228.0,238.0,249.0,269.0,300.0,1.0,1.0
588,1310,419770.5,3812908.5,2022,141.0,208.0,230.0,239.0,250.0,271.0,304.0,1.0,1.0
592,1322,419806.5,3812896.5,2022,140.0,202.0,228.0,237.0,247.0,269.0,304.0,1.0,2.0
577,1367,419941.5,3812941.5,2022,109.0,206.0,228.0,237.0,248.0,268.0,299.0,1.0,2.0
595,1385,419995.5,3812887.5,2022,151.0,211.0,229.0,237.0,247.0,269.0,297.0,1.0,2.0
573,1469,420247.5,3812953.5,2022,147.0,208.0,227.0,237.0,249.0,275.0,317.0,1.0,1.0
598,1478,420274.5,3812878.5,2022,142.0,206.0,228.0,237.0,246.0,266.0,297.0,1.0,1.0
574,1505,420355.5,3812950.5,2022,148.0,188.0,227.0,237.0,248.0,271.0,305.0,1.0,1.0
596,1556,420508.5,3812884.5,2022,133.0,178.0,227.0,237.0,249.0,271.0,302.0,1.0,1.0
574,1616,420688.5,3812950.5,2022,102.0,173.0,226.0,237.0,248.0,270.0,310.0,1.0,1.0
583,1640,420760.5,3812923.5,2022,109.0,173.0,227.0,237.0,248.0,275.0,324.0,1.0,1.0
596,1663,420829.5,3812884.5,2022,147.0,181.0,226.0,236.0,248.0,272.0,307.0,1.0,2.0
574,1694,420922.5,3812950.5,2022,108.0,175.0,227.0,237.0,248.0,269.0,304.0,1.0,1.0
578,1739,421057.5,3812938.5,2022,130.0,171.0,227.0,237.0,247.0,270.0,311.0,1.0,1.0
570,1751,421093.5,3812962.5,2022,128.0,177.0,227.0,237.0,250.0,275.0,310.0,1.0,1.0
578,1793,421219.5,3812938.5,2022,113.0,170.0,226.0,237.0,248.0,273.0,307.0,1.0,1.0
597,1827,421321.5,3812881.5,2022,145.0,181.0,225.0,235.0,248.0,273.0,301.0,1.0,1.0
573,1830,421330.5,3812953.5,2022,134.0,174.0,223.0,235.0,247.0,271.0,299.0,1.0,2.0
588,1860,421420.5,3812908.5,2022,155.0,186.0,226.0,237.0,250.0,275.0,307.0,1.0,2.0
597,1891,421513.5,3812881.5,2022,149.0,183.0,226.0,237.0,250.0,277.0,304.0,1.0,2.0
572,1949,421687.5,3812956.5,2022,125.0,174.0,223.0,235.0,247.0,271.0,309.0,1.0,1.0
571,1967,421741.5,3812959.5,2022,120.0,177.0,224.0,236.0,249.0,274.0,303.0,1.0,1.0
570,1991,421813.5,3812962.5,2022,147.0,175.0,222.0,234.0,247.0,273.0,311.0,1.0,1.0
587,2011,421873.5,3812911.5,2022,118.0,173.0,223.0,235.0,247.0,272.0,304.0,1.0,1.0
593,2058,422014.5,3812893.5,2022,113.0,176.0,221.0,234.0,246.0,270.0,303.0,1.0,1.0
586,2088,422104.5,3812914.5,2022,142.0,175.0,219.0,233.0,247.0,272.0,312.0,1.0,2.0
577,2115,422185.5,3812941.5,2022,123.0,180.0,220.0,233.0,246.0,271.0,308.0,1.0,1.0
578,2130,422230.5,3812938.5,2022,146.0,178.0,221.0,234.0,247.0,271.0,305.0,1.0,2.0
592,2173,422359.5,3812896.5,2022,145.0,178.0,219.0,232.0,245.0,269.0,304.0,1.0,1.0
582,2197,422431.5,3812926.5,2022,140.0,174.0,219.0,232.0,246.0,272.0,315.0,1.0,1.0
580,2238,422554.5,3812932.5,2022,148.0,179.0,218.0,231.0,244.0,269.0,306.0,1.0,1.0
583,2274,422662.5,3812923.5,2022,154.0,180.0,217.0,230.0,243.0,272.0,308.0,1.0,1.0
596,2296,422728.5,3812884.5,2022,154.0,183.0,219.0,232.0,246.0,273.0,313.0,1.0,1.0
591,2329,422827.5,3812899.5,2022,153.0,180.0,217.0,230.0,244.0,273.0,310.0,1.0,1.0
593,2358,422914.5,3812893.5,2022,157.0,179.0,216.0,229.0,242.0,268.0,307.0,1.0,1.0
596,2372,422956.5,3812884.5,2022,154.0,179.0,216.0,229.0,243.0,273.0,314.0,1.0,1.0
571,2425,423115.5,3812959.5,2022,165.0,201.0,220.0,231.0,242.0,268.0,300.0,1.0,1.0
580,2442,423166.5,3812932.5,2022,164.0,203.0,222.0,232.0,243.0,268.0,299.0,1.0,1.0
578,2474,423262.5,3812938.5,2022,167.0,204.0,222.0,231.0,242.0,266.0,294.0,1.0,1.0
587,2502,423346.5,3812911.5,2022,165.0,201.0,222.0,231.0,242.0,266.0,291.0,1.0,1.0
599,2540,423460.5,3812875.5,2022,143.0,191.0,222.0,235.0,251.0,278.0,310.0,1.0,1.0
571,2562,423526.5,3812959.5,2022,166.0,196.0,221.0,231.0,243.0,268.0,304.0,1.0,1.0
589,2600,423640.5,3812905.5,2022,164.0,201.0,221.0,231.0,241.0,265.0,303.0,1.0,1.0
592,2633,423739.5,3812896.5,2022,163.0,201.0,221.0,231.0,242.0,266.0,297.0,1.0,1.0
574,2662,423826.5,3812950.5,2022,164.0,205.0,223.0,233.0,246.0,269.0,306.0,1.0,1.0
592,2688,423904.5,3812896.5,2022,181.0,208.0,224.0,234.0,244.0,267.0,310.0,1.0,2.0
577,2726,424018.5,3812941.5,2022,159.0,205.0,224.0,234.0,244.0,268.0,297.0,1.0,2.0
589,2754,424102.5,3812905.5,2022,166.0,194.0,221.0,232.0,244.0,269.0,300.0,1.0,1.0
598,2762,424126.5,3812878.5,2022,167.0,195.0,221.0,233.0,246.0,271.0,311.0,1.0,1.0
598,2794,424222.5,3812878.5,2022,169.0,201.0,222.0,232.0,243.0,267.0,299.0,1.0,1.0
591,2841,424363.5,3812899.5,2022,168.0,201.0,223.0,233.0,245.0,270.0,300.0,1.0,2.0
586,2857,424411.5,3812914.5,2022,170.0,203.0,226.0,236.0,248.0,272.0,302.0,1.0,2.0
589,2906,424558.5,3812905.5,2022,172.0,199.0,218.0,229.0,240.0,263.0,297.0,1.0,1.0
585,2926,424618.5,3812917.5,2022,164.0,196.0,220.0,232.0,243.0,268.0,304.0,1.0,1.0
578,2961,424723.5,3812938.5,2022,160.0,193.0,218.0,230.0,242.0,265.0,304.0,1.0,1.0
590,2971,424753.5,3812902.5,2022,169.0,196.0,218.0,229.0,241.0,266.0,299.0,1.0,1.0
581,3025,424915.5,3812929.5,2022,164.0,198.0,223.0,235.0,249.0,278.0,306.0,1.0,1.0
579,3036,424948.5,3812935.5,2022,159.0,200.0,222.0,233.0,245.0,274.0,306.0,1.0,1.0
579,3081,425083.5,3812935.5,2022,145.0,190.0,217.0,230.0,242.0,270.0,307.0,1.0,1.0
590,3101,425143.5,3812902.5,2022,153.0,188.0,216.0,228.0,240.0,270.0,302.0,1.0,1.0
596,3120,425200.5,3812884.5,2022,150.0,193.0,219.0,231.0,242.0,268.0,301.0,1.0,1.0
580,3165,425335.5,3812932.5,2022,151.0,182.0,214.0,229.0,245.0,274.0,307.0,1.0,1.0
580,3196,425428.5,3812932.5,2022,159.0,188.0,216.0,232.0,247.0,277.0,311.0,1.0,1.0
573,3224,425512.5,3812953.5,2022,124.0,188.0,214.0,229.0,244.0,273.0,310.0,1.0,1.0
600,5,415855.5,3812872.5,2022,126.0,176.0,228.0,239.0,251.0,275.0,320.0,1.0,1.0
610,53,415999.5,3812842.5,2022,147.0,172.0,230.0,240.0,250.0,269.0,324.0,1.0,2.0
623,75,416065.5,3812803.5,2022,127.0,173.0,230.0,241.0,252.0,274.0,308.0,1.0,1.0
612,98,416134.5,3812836.5,2022,112.0,174.0,230.0,241.0,252.0,273.0,311.0,1.0,1.0
616,144,416272.5,3812824.5,2022,98.0,173.0,228.0,238.0,250.0,272.0,315.0,1.0,1.0
629,173,416359.5,3812785.5,2022,99.0,170.0,231.0,241.0,253.0,277.0,319.0,1.0,1.0
605,200,416440.5,3812857.5,2022,103.0,173.0,230.0,240.0,251.0,272.0,310.0,1.0,2.0
619,218,416494.5,3812815.5,2022,95.0,172.0,230.0,240.0,252.0,273.0,308.0,1.0,2.0
622,261,416623.5,3812806.5,2022,149.0,178.0,229.0,238.0,249.0,271.0,320.0,1.0,1.0
628,292,416716.5,3812788.5,2022,136.0,174.0,230.0,240.0,251.0,273.0,314.0,1.0,1.0
603,307,416761.5,3812863.5,2022,111.0,174.0,229.0,239.0,250.0,270.0,315.0,1.0,1.0
620,348,416884.5,3812812.5,2022,131.0,178.0,228.0,239.0,251.0,273.0,319.0,1.0,1.0
629,386,416998.5,3812785.5,2022,104.0,180.0,229.0,239.0,250.0,270.0,298.0,1.0,1.0
624,396,417028.5,3812800.5,2022,121.0,178.0,226.0,237.0,248.0,270.0,308.0,1.0,1.0
610,446,417178.5,3812842.5,2022,124.0,181.0,226.0,236.0,247.0,267.0,296.0,1.0,1.0
606,474,417262.5,3812854.5,2022,137.0,185.0,227.0,237.0,247.0,267.0,295.0,1.0,1.0
612,493,417319.5,3812836.5,2022,145.0,188.0,227.0,236.0,246.0,266.0,297.0,1.0,1.0
619,527,417421.5,3812815.5,2022,142.0,206.0,227.0,235.0,245.0,263.0,293.0,1.0,1.0
628,543,417469.5,3812788.5,2022,151.0,209.0,228.0,237.0,245.0,263.0,293.0,1.0,1.0
628,594,417622.5,3812788.5,2022,151.0,211.0,228.0,237.0,245.0,262.0,285.0,1.0,1.0
613,617,417691.5,3812833.5,2022,135.0,206.0,228.0,237.0,246.0,265.0,294.0,1.0,1.0
620,646,417778.5,3812812.5,2022,143.0,211.0,229.0,237.0,246.0,264.0,296.0,1.0,1.0
603,669,417847.5,3812863.5,2022,146.0,210.0,229.0,237.0,246.0,264.0,294.0,1.0,1.0
620,690,417910.5,3812812.5,2022,155.0,210.0,228.0,236.0,245.0,262.0,288.0,1.0,1.0
611,721,418003.5,3812839.5,2022,147.0,210.0,229.0,237.0,246.0,264.0,303.0,1.0,1.0
626,757,418111.5,3812794.5,2022,154.0,212.0,229.0,237.0,246.0,267.0,309.0,1.0,1.0
615,791,418213.5,3812827.5,2022,148.0,178.0,230.0,239.0,248.0,269.0,320.0,1.0,1.0
616,810,418270.5,3812824.5,2022,125.0,210.0,230.0,238.0,247.0,267.0,306.0,1.0,1.0
613,864,418432.5,3812833.5,2022,155.0,217.0,231.0,239.0,249.0,270.0,300.0,1.0,1.0
604,875,418465.5,3812860.5,2022,152.0,215.0,231.0,240.0,250.0,271.0,305.0,1.0,1.0
625,918,418594.5,3812797.5,2022,97.0,178.0,229.0,239.0,249.0,271.0,314.0,1.0,1.0
628,937,418651.5,3812788.5,2022,108.0,186.0,229.0,238.0,248.0,270.0,320.0,1.0,2.0
627,979,418777.5,3812791.5,2022,159.0,214.0,230.0,238.0,247.0,267.0,300.0,1.0,1.0
603,1002,418846.5,3812863.5,2022,124.0,211.0,230.0,238.0,248.0,270.0,312.0,1.0,2.0
620,1038,418954.5,3812812.5,2022,131.0,209.0,228.0,237.0,246.0,265.0,308.0,1.0,1.0
629,1060,419020.5,3812785.5,2022,134.0,210.0,228.0,237.0,246.0,265.0,294.0,1.0,1.0
616,1102,419146.5,3812824.5,2022,147.0,206.0,227.0,236.0,246.0,267.0,302.0,1.0,1.0
622,1117,419191.5,3812806.5,2022,160.0,210.0,228.0,236.0,246.0,266.0,294.0,1.0,1.0
606,1150,419290.5,3812854.5,2022,150.0,210.0,228.0,237.0,247.0,268.0,304.0,1.0,1.0
624,1197,419431.5,3812800.5,2022,159.0,212.0,228.0,236.0,245.0,265.0,297.0,1.0,1.0
606,1223,419509.5,3812854.5,2022,151.0,212.0,229.0,237.0,247.0,267.0,298.0,1.0,1.0
600,1231,419533.5,3812872.5,2022,138.0,210.0,229.0,237.0,247.0,267.0,306.0,1.0,1.0
619,1266,419638.5,3812815.5,2022,153.0,207.0,228.0,237.0,246.0,265.0,299.0,1.0,1.0
622,1301,419743.5,3812806.5,2022,102.0,184.0,227.0,237.0,248.0,268.0,302.0,1.0,2.0
608,1346,419878.5,3812848.5,2022,125.0,205.0,227.0,237.0,247.0,266.0,299.0,1.0,1.0
604,1360,419920.5,3812860.5,2022,116.0,201.0,228.0,237.0,247.0,267.0,300.0,1.0,1.0
603,1396,420028.5,3812863.5,2022,115.0,208.0,228.0,237.0,247.0,271.0,312.0,1.0,2.0
621,1436,420148.5,3812809.5,2022,153.0,208.0,229.0,238.0,250.0,275.0,311.0,1.0,1.0
628,1452,420196.5,3812788.5,2022,141.0,182.0,228.0,238.0,249.0,271.0,313.0,1.0,1.0
602,1478,420274.5,3812866.5,2022,146.0,183.0,228.0,237.0,248.0,269.0,303.0,1.0,1.0
618,1513,420379.5,3812818.5,2022,117.0,199.0,228.0,237.0,248.0,271.0,308.0,1.0,2.0
616,1553,420499.5,3812824.5,2022,151.0,206.0,227.0,236.0,247.0,268.0,301.0,1.0,1.0
617,1577,420571.5,3812821.5,2022,126.0,179.0,226.0,236.0,249.0,272.0,312.0,1.0,2.0
626,1613,420679.5,3812794.5,2022,126.0,180.0,227.0,237.0,248.0,272.0,308.0,1.0,1.0
611,1636,420748.5,3812839.5,2022,141.0,208.0,227.0,236.0,248.0,273.0,305.0,1.0,2.0
600,1664,420832.5,3812872.5,2022,113.0,177.0,227.0,237.0,250.0,274.0,313.0,1.0,1.0
612,1691,420913.5,3812836.5,2022,124.0,179.0,228.0,238.0,250.0,272.0,328.0,1.0,1.0
620,1719,420997.5,3812812.5,2022,104.0,171.0,227.0,237.0,246.0,267.0,297.0,1.0,1.0
628,1763,421129.5,3812788.5,2022,110.0,175.0,226.0,236.0,246.0,270.0,313.0,1.0,1.0
612,1794,421222.5,3812836.5,2022,130.0,175.0,228.0,237.0,249.0,272.0,305.0,1.0,1.0
622,1811,421273.5,3812806.5,2022,135.0,176.0,227.0,237.0,249.0,273.0,306.0,1.0,1.0
610,1833,421339.5,3812842.5,2022,157.0,182.0,225.0,235.0,246.0,271.0,296.0,1.0,2.0
620,1864,421432.5,3812812.5,2022,156.0,187.0,226.0,237.0,250.0,275.0,307.0,1.0,1.0
618,1893,421519.5,3812818.5,2022,152.0,184.0,226.0,236.0,249.0,277.0,311.0,1.0,1.0
619,1944,421672.5,3812815.5,2022,144.0,175.0,228.0,239.0,252.0,280.0,317.0,1.0,1.0
618,1951,421693.5,3812818.5,2022,133.0,174.0,227.0,238.0,252.0,279.0,312.0,1.0,1.0
625,1989,421807.5,3812797.5,2022,117.0,173.0,228.0,239.0,251.0,275.0,312.0,1.0,1.0
607,2035,421945.5,3812851.5,2022,122.0,178.0,222.0,234.0,244.0,269.0,304.0,1.0,1.0
629,2066,422038.5,3812785.5,2022,125.0,179.0,221.0,233.0,245.0,270.0,312.0,1.0,1.0
610,2093,422119.5,3812842.5,2022,145.0,182.0,221.0,234.0,247.0,272.0,317.0,1.0,2.0
618,2102,422146.5,3812818.5,2022,148.0,181.0,221.0,232.0,245.0,273.0,320.0,1.0,1.0
610,2138,422254.5,3812842.5,2022,106.0,175.0,218.0,232.0,246.0,273.0,309.0,1.0,1.0
608,2176,422368.5,3812848.5,2022,110.0,174.0,219.0,232.0,246.0,269.0,310.0,1.0,1.0
614,2211,422473.5,3812830.5,2022,125.0,181.0,220.0,232.0,245.0,272.0,310.0,1.0,1.0
601,2237,422551.5,3812869.5,2022,105.0,177.0,219.0,231.0,245.0,272.0,313.0,1.0,1.0
605,2261,422623.5,3812857.5,2022,144.0,182.0,218.0,231.0,244.0,270.0,307.0,1.0,1.0
606,2293,422719.5,3812854.5,2022,148.0,179.0,218.0,232.0,245.0,272.0,314.0,1.0,1.0
619,2314,422782.5,3812815.5,2022,154.0,180.0,220.0,231.0,244.0,272.0,305.0,1.0,1.0
613,2359,422917.5,3812833.5,2022,153.0,179.0,216.0,229.0,242.0,268.0,308.0,1.0,1.0
601,2381,422983.5,3812869.5,2022,157.0,180.0,219.0,232.0,245.0,271.0,306.0,1.0,1.0
618,2424,423112.5,3812818.5,2022,155.0,185.0,220.0,232.0,247.0,273.0,307.0,1.0,1.0
604,2456,423208.5,3812860.5,2022,151.0,200.0,222.0,233.0,246.0,272.0,302.0,1.0,1.0
626,2474,423262.5,3812794.5,2022,159.0,201.0,221.0,231.0,242.0,267.0,297.0,1.0,1.0
610,2513,423379.5,3812842.5,2022,161.0,201.0,221.0,233.0,245.0,272.0,302.0,1.0,1.0
610,2544,423472.5,3812842.5,2022,162.0,199.0,222.0,232.0,245.0,272.0,307.0,1.0,1.0
618,2575,423565.5,3812818.5,2022,160.0,203.0,222.0,232.0,244.0,269.0,304.0,1.0,2.0
624,2586,423598.5,3812800.5,2022,148.0,193.0,221.0,233.0,245.0,268.0,303.0,1.0,1.0
623,2612,423676.5,3812803.5,2022,145.0,194.0,220.0,232.0,245.0,271.0,306.0,1.0,1.0
603,2656,423808.5,3812863.5,2022,178.0,207.0,225.0,235.0,245.0,269.0,306.0,1.0,1.0
622,2684,423892.5,3812806.5,2022,182.0,211.0,227.0,236.0,247.0,269.0,301.0,1.0,1.0
613,2716,423988.5,3812833.5,2022,173.0,208.0,226.0,237.0,250.0,273.0,302.0,1.0,1.0
624,2754,424102.5,3812800.5,2022,154.0,202.0,223.0,233.0,243.0,265.0,295.0,1.0,1.0
605,2768,424144.5,3812857.5,2022,167.0,202.0,223.0,234.0,245.0,269.0,303.0,1.0,1.0
614,2808,424264.5,3812830.5,2022,155.0,203.0,223.0,233.0,244.0,267.0,299.0,1.0,1.0
629,2849,424387.5,3812785.5,2022,150.0,204.0,223.0,233.0,243.0,267.0,301.0,1.0,1.0
620,2876,424468.5,3812812.5,2022,149.0,201.0,222.0,233.0,244.0,269.0,302.0,1.0,1.0
622,2887,424501.5,3812806.5,2022,163.0,200.0,222.0,233.0,244.0,267.0,296.0,1.0,1.0
622,2919,424597.5,3812806.5,2022,177.0,201.0,218.0,228.0,238.0,262.0,295.0,1.0,1.0
619,2960,424720.5,3812815.5,2022,165.0,203.0,223.0,233.0,244.0,270.0,311.0,1.0,1.0
602,2991,424813.5,3812866.5,2022,131.0,188.0,217.0,232.0,246.0,273.0,305.0,1.0,1.0
622,3001,424843.5,3812806.5,2022,158.0,194.0,220.0,231.0,242.0,268.0,314.0,1.0,1.0
620,3032,424936.5,3812812.5,2022,162.0,192.0,219.0,231.0,243.0,271.0,311.0,1.0,1.0
602,3080,425080.5,3812866.5,2022,158.0,193.0,217.0,228.0,240.0,265.0,304.0,1.0,1.0
605,3107,425161.5,3812857.5,2022,154.0,188.0,216.0,229.0,243.0,269.0,300.0,1.0,1.0
618,3122,425206.5,3812818.5,2022,162.0,192.0,218.0,230.0,243.0,269.0,299.0,1.0,1.0
607,3170,425350.5,3812851.5,2022,151.0,188.0,216.0,230.0,244.0,274.0,309.0,1.0,1.0
625,3198,425434.5,3812797.5,2022,131.0,185.0,213.0,228.0,242.0,274.0,309.0,1.0,1.0
619,3216,425488.5,3812815.5,2022,125.0,181.0,211.0,226.0,241.0,272.0,311.0,1.0,1.0
639,26,415918.5,3812755.5,2022,123.0,179.0,230.0,240.0,251.0,273.0,317.0,1.0,1.0
638,37,415951.5,3812758.5,2022,125.0,179.0,231.0,240.0,251.0,273.0,315.0,1.0,1.0
651,74,416062.5,3812719.5,2022,141.0,178.0,232.0,241.0,252.0,274.0,318.0,1.0,1.0
642,105,416155.5,3812746.5,2022,108.0,171.0,230.0,240.0,251.0,274.0,312.0,1.0,2.0
654,138,416254.5,3812710.5,2022,102.0,174.0,230.0,240.0,251.0,272.0,309.0,1.0,1.0
648,150,416290.5,3812728.5,2022,99.0,172.0,229.0,240.0,251.0,274.0,321.0,1.0,1.0
644,207,416461.5,3812740.5,2022,106.0,174.0,228.0,239.0,250.0,272.0,319.0,1.0,1.0
657,220,416500.5,3812701.5,2022,129.0,175.0,232.0,241.0,252.0,273.0,316.0,1.0,1.0
633,269,416647.5,3812773.5,2022,99.0,174.0,230.0,240.0,251.0,272.0,304.0,1.0,2.0
630,294,416722.5,3812782.5,2022,140.0,176.0,229.0,239.0,250.0,272.0,311.0,1.0,1.0
635,316,416788.5,3812767.5,2022,121.0,174.0,227.0,238.0,249.0,271.0,305.0,1.0,1.0
654,348,416884.5,3812710.5,2022,131.0,181.0,226.0,236.0,248.0,270.0,306.0,1.0,1.0
632,374,416962.5,3812776.5,2022,107.0,177.0,228.0,238.0,250.0,271.0,313.0,1.0,1.0
634,416,417088.5,3812770.5,2022,138.0,181.0,228.0,238.0,249.0,269.0,302.0,1.0,1.0
636,421,417103.5,3812764.5,2022,138.0,185.0,229.0,238.0,249.0,269.0,299.0,1.0,1.0
655,464,417232.5,3812707.5,2022,131.0,182.0,225.0,236.0,246.0,266.0,301.0,1.0,1.0
632,487,417301.5,3812776.5,2022,121.0,182.0,225.0,236.0,246.0,266.0,296.0,1.0,1.0
648,531,417433.5,3812728.5,2022,148.0,208.0,227.0,236.0,245.0,264.0,291.0,1.0,1.0
635,540,417460.5,3812767.5,2022,155.0,211.0,228.0,236.0,245.0,262.0,286.0,1.0,1.0
652,588,417604.5,3812716.5,2022,147.0,212.0,229.0,237.0,246.0,263.0,289.0,1.0,1.0
637,603,417649.5,3812761.5,2022,150.0,210.0,228.0,237.0,245.0,262.0,286.0,1.0,1.0
644,657,417811.5,3812740.5,2022,145.0,207.0,228.0,237.0,246.0,264.0,289.0,1.0,1.0
635,670,417850.5,3812767.5,2022,154.0,211.0,228.0,236.0,245.0,263.0,294.0,1.0,1.0
656,697,417931.5,3812704.5,2022,146.0,210.0,228.0,237.0,246.0,265.0,302.0,1.0,1.0
644,728,418024.5,3812740.5,2022,151.0,210.0,228.0,237.0,246.0,265.0,310.0,1.0,1.0
635,767,418141.5,3812767.5,2022,121.0,207.0,229.0,238.0,248.0,268.0,319.0,1.0,2.0
656,801,418243.5,3812704.5,2022,158.0,217.0,231.0,239.0,248.0,266.0,297.0,1.0,1.0
640,835,418345.5,3812752.5,2022,158.0,215.0,231.0,239.0,248.0,268.0,300.0,1.0,1.0
657,840,418360.5,3812701.5,2022,126.0,206.0,229.0,238.0,249.0,271.0,309.0,1.0,1.0
632,874,418462.5,3812776.5,2022,101.0,185.0,231.0,239.0,249.0,272.0,330.0,1.0,2.0
640,909,418567.5,3812752.5,2022,94.0,181.0,229.0,239.0,249.0,270.0,315.0,1.0,1.0
644,958,418714.5,3812740.5,2022,147.0,213.0,230.0,238.0,248.0,268.0,314.0,1.0,2.0
654,988,418804.5,3812710.5,2022,137.0,212.0,231.0,239.0,248.0,269.0,328.0,1.0,1.0
649,1002,418846.5,3812725.5,2022,132.0,213.0,229.0,237.0,246.0,263.0,309.0,1.0,2.0
639,1023,418909.5,3812755.5,2022,124.0,211.0,229.0,237.0,246.0,265.0,309.0,1.0,2.0
652,1063,419029.5,3812716.5,2022,156.0,212.0,229.0,237.0,246.0,266.0,301.0,1.0,2.0
631,1106,419158.5,3812779.5,2022,156.0,209.0,228.0,237.0,247.0,266.0,299.0,1.0,1.0
634,1131,419233.5,3812770.5,2022,157.0,212.0,229.0,238.0,247.0,266.0,293.0,1.0,1.0
648,1144,419272.5,3812728.5,2022,151.0,212.0,229.0,237.0,246.0,266.0,298.0,1.0,1.0
653,1176,419368.5,3812713.5,2022,163.0,213.0,228.0,236.0,244.0,263.0,292.0,1.0,1.0
640,1210,419470.5,3812752.5,2022,162.0,212.0,228.0,236.0,245.0,263.0,294.0,1.0,1.0
635,1253,419599.5,3812767.5,2022,143.0,210.0,229.0,237.0,247.0,267.0,302.0,1.0,1.0
649,1289,419707.5,3812725.5,2022,103.0,186.0,228.0,237.0,248.0,267.0,293.0,1.0,2.0
642,1299,419737.5,3812746.5,2022,150.0,204.0,229.0,238.0,248.0,267.0,295.0,1.0,2.0
657,1328,419824.5,3812701.5,2022,150.0,209.0,229.0,238.0,248.0,268.0,297.0,1.0,1.0
656,1363,419929.5,3812704.5,2022,152.0,212.0,229.0,238.0,248.0,271.0,309.0,1.0,1.0
642,1385,419995.5,3812746.5,2022,153.0,208.0,229.0,237.0,248.0,271.0,310.0,1.0,1.0
651,1421,420103.5,3812719.5,2022,149.0,205.0,228.0,237.0,247.0,267.0,306.0,1.0,2.0
646,1444,420172.5,3812734.5,2022,145.0,208.0,228.0,237.0,248.0,269.0,302.0,1.0,2.0
658,1491,420313.5,3812698.5,2022,143.0,209.0,229.0,238.0,249.0,271.0,313.0,1.0,1.0
637,1512,420376.5,3812761.5,2022,116.0,183.0,229.0,239.0,250.0,274.0,309.0,1.0,1.0
645,1550,420490.5,3812737.5,2022,113.0,178.0,228.0,238.0,251.0,275.0,319.0,1.0,1.0
643,1574,420562.5,3812743.5,2022,110.0,175.0,225.0,235.0,248.0,272.0,310.0,1.0,2.0
634,1601,420643.5,3812770.5,2022,115.0,176.0,227.0,237.0,247.0,271.0,303.0,1.0,1.0
643,1624,420712.5,3812743.5,2022,114.0,177.0,225.0,235.0,247.0,272.0,309.0,1.0,1.0
632,1667,420841.5,3812776.5,2022,114.0,180.0,227.0,237.0,251.0,276.0,313.0,1.0,1.0
651,1694,420922.5,3812719.5,2022,112.0,176.0,225.0,235.0,245.0,271.0,312.0,1.0,1.0
634,1737,421051.5,3812770.5,2022,129.0,175.0,226.0,236.0,246.0,267.0,304.0,1.0,1.0
640,1756,421108.5,3812752.5,2022,110.0,177.0,225.0,235.0,246.0,271.0,312.0,1.0,1.0
644,1789,421207.5,3812740.5,2022,139.0,185.0,228.0,238.0,249.0,273.0,299.0,1.0,1.0
647,1804,421252.5,3812731.5,2022,149.0,188.0,228.0,238.0,249.0,276.0,305.0,1.0,1.0
657,1859,421417.5,3812701.5,2022,125.0,178.0,226.0,237.0,250.0,276.0,309.0,1.0,1.0
632,1872,421456.5,3812776.5,2022,153.0,204.0,227.0,237.0,249.0,275.0,310.0,1.0,1.0
654,1911,421573.5,3812710.5,2022,150.0,212.0,230.0,240.0,254.0,281.0,308.0,1.0,2.0
659,1931,421633.5,3812695.5,2022,153.0,209.0,229.0,239.0,253.0,279.0,313.0,1.0,1.0
648,1956,421708.5,3812728.5,2022,152.0,180.0,229.0,238.0,251.0,278.0,312.0,1.0,1.0
656,1994,421822.5,3812704.5,2022,152.0,178.0,228.0,238.0,252.0,278.0,317.0,1.0,1.0
633,2018,421894.5,3812773.5,2022,118.0,171.0,225.0,236.0,248.0,274.0,316.0,1.0,1.0
653,2069,422047.5,3812713.5,2022,148.0,180.0,224.0,235.0,246.0,273.0,319.0,1.0,2.0
648,2073,422059.5,3812728.5,2022,112.0,179.0,222.0,234.0,246.0,272.0,306.0,1.0,1.0
659,2109,422167.5,3812695.5,2022,140.0,181.0,223.0,234.0,246.0,272.0,321.0,1.0,2.0
640,2158,422314.5,3812752.5,2022,113.0,175.0,221.0,233.0,246.0,272.0,319.0,1.0,1.0
634,2175,422365.5,3812770.5,2022,115.0,175.0,223.0,234.0,246.0,273.0,307.0,1.0,1.0
645,2201,422443.5,3812737.5,2022,147.0,178.0,220.0,233.0,246.0,275.0,320.0,1.0,1.0
657,2234,422542.5,3812701.5,2022,151.0,178.0,221.0,234.0,247.0,273.0,311.0,1.0,1.0
633,2279,422677.5,3812773.5,2022,146.0,180.0,220.0,233.0,247.0,273.0,312.0,1.0,1.0
632,2283,422689.5,3812776.5,2022,152.0,183.0,220.0,232.0,245.0,273.0,312.0,1.0,1.0
635,2311,422773.5,3812767.5,2022,159.0,182.0,221.0,234.0,247.0,273.0,309.0,1.0,1.0
642,2360,422920.5,3812746.5,2022,157.0,186.0,222.0,233.0,247.0,273.0,306.0,1.0,1.0
656,2375,422965.5,3812704.5,2022,155.0,182.0,221.0,234.0,248.0,273.0,312.0,1.0,1.0
646,2405,423055.5,3812734.5,2022,154.0,181.0,218.0,230.0,245.0,272.0,314.0,1.0,1.0
642,2456,423208.5,3812746.5,2022,140.0,176.0,216.0,230.0,244.0,271.0,301.0,1.0,1.0
635,2472,423256.5,3812767.5,2022,158.0,197.0,221.0,232.0,243.0,269.0,302.0,1.0,1.0
647,2490,423310.5,3812731.5,2022,158.0,191.0,220.0,231.0,243.0,270.0,308.0,1.0,1.0
648,2523,423409.5,3812728.5,2022,150.0,182.0,218.0,230.0,243.0,273.0,306.0,1.0,1.0
630,2578,423574.5,3812782.5,2022,157.0,201.0,222.0,233.0,246.0,270.0,303.0,1.0,1.0
658,2602,423646.5,3812698.5,2022,152.0,182.0,219.0,230.0,242.0,270.0,310.0,1.0,1.0
656,2618,423694.5,3812704.5,2022,152.0,184.0,219.0,232.0,246.0,273.0,308.0,1.0,1.0
633,2652,423796.5,3812773.5,2022,174.0,208.0,226.0,235.0,245.0,267.0,296.0,1.0,1.0
657,2671,423853.5,3812701.5,2022,156.0,204.0,225.0,235.0,246.0,268.0,305.0,1.0,1.0
647,2724,424012.5,3812731.5,2022,152.0,205.0,225.0,237.0,249.0,272.0,307.0,1.0,1.0
657,2744,424072.5,3812701.5,2022,152.0,201.0,222.0,233.0,244.0,267.0,297.0,1.0,1.0
642,2787,424201.5,3812746.5,2022,154.0,205.0,224.0,234.0,245.0,270.0,306.0,1.0,1.0
653,2816,424288.5,3812713.5,2022,157.0,206.0,225.0,235.0,247.0,272.0,300.0,1.0,1.0
631,2838,424354.5,3812779.5,2022,168.0,206.0,223.0,233.0,243.0,266.0,295.0,1.0,1.0
630,2854,424402.5,3812782.5,2022,164.0,203.0,222.0,231.0,242.0,268.0,301.0,1.0,1.0
645,2904,424552.5,3812737.5,2022,167.0,201.0,219.0,229.0,240.0,262.0,293.0,1.0,1.0
631,2936,424648.5,3812779.5,2022,160.0,191.0,220.0,232.0,243.0,269.0,307.0,1.0,1.0
631,2956,424708.5,3812779.5,2022,168.0,199.0,218.0,228.0,239.0,264.0,296.0,1.0,1.0
650,2981,424783.5,3812722.5,2022,158.0,194.0,217.0,228.0,239.0,264.0,297.0,1.0,1.0
632,3023,424909.5,3812776.5,2022,154.0,196.0,219.0,230.0,242.0,270.0,305.0,1.0,1.0
631,3043,424969.5,3812779.5,2022,158.0,193.0,220.0,231.0,242.0,268.0,314.0,1.0,1.0
658,3067,425041.5,3812698.5,2022,161.0,193.0,217.0,229.0,241.0,268.0,313.0,1.0,1.0
636,3112,425176.5,3812764.5,2022,152.0,189.0,218.0,231.0,243.0,268.0,305.0,1.0,1.0
633,3131,425233.5,3812773.5,2022,162.0,192.0,216.0,228.0,241.0,270.0,299.0,1.0,1.0
641,3174,425362.5,3812749.5,2022,171.0,198.0,218.0,228.0,240.0,270.0,317.0,1.0,1.0
658,3191,425413.5,3812698.5,2022,149.0,193.0,217.0,229.0,241.0,267.0,300.0,1.0,1.0
646,3215,425485.5,3812734.5,2022,153.0,190.0,218.0,230.0,243.0,269.0,306.0,1.0,2.0
647,3249,425587.5,3812731.5,2022,160.0,194.0,218.0,231.0,245.0,273.0,305.0,1.0,1.0
656,3297,425731.5,3812704.5,2022,158.0,195.0,217.0,229.0,242.0,269.0,297.0,1.0,2.0
659,3312,425776.5,3812695.5,2022,160.0,193.0,218.0,231.0,244.0,270.0,299.0,1.0,1.0
659,3333,425839.5,3812695.5,2022,166.0,195.0,216.0,228.0,241.0,269.0,302.0,1.0,1.0
662,6,415858.5,3812686.5,2022,130.0,185.0,231.0,241.0,252.0,272.0,318.0,1.0,1.0
664,50,415990.5,3812680.5,2022,108.0,174.0,231.0,241.0,252.0,273.0,316.0,1.0,1.0
677,75,416065.5,3812641.5,2022,135.0,182.0,230.0,240.0,251.0,272.0,314.0,1.0,1.0
686,110,416170.5,3812614.5,2022,121.0,209.0,231.0,241.0,252.0,273.0,313.0,1.0,1.0
677,148,416284.5,3812641.5,2022,101.0,174.0,231.0,242.0,253.0,275.0,311.0,1.0,2.0
668,167,416341.5,3812668.5,2022,102.0,177.0,230.0,241.0,252.0,272.0,313.0,1.0,2.0
687,182,416386.5,3812611.5,2022,101.0,171.0,231.0,240.0,251.0,272.0,317.0,1.0,2.0
673,216,416488.5,3812653.5,2022,101.0,173.0,231.0,240.0,251.0,274.0,314.0,1.0,2.0
682,266,416638.5,3812626.5,2022,94.0,170.0,227.0,238.0,250.0,273.0,311.0,1.0,1.0
671,286,416698.5,3812659.5,2022,105.0,173.0,227.0,237.0,248.0,269.0,308.0,1.0,1.0
684,317,416791.5,3812620.5,2022,105.0,176.0,228.0,238.0,249.0,270.0,303.0,1.0,1.0
661,349,416887.5,3812689.5,2022,135.0,182.0,228.0,238.0,249.0,270.0,314.0,1.0,1.0
676,370,416950.5,3812644.5,2022,128.0,178.0,230.0,240.0,252.0,271.0,305.0,1.0,1.0
683,398,417034.5,3812623.5,2022,103.0,176.0,226.0,237.0,249.0,271.0,307.0,1.0,1.0
676,447,417181.5,3812644.5,2022,124.0,184.0,225.0,236.0,247.0,270.0,312.0,1.0,1.0
683,454,417202.5,3812623.5,2022,122.0,177.0,227.0,237.0,248.0,270.0,304.0,1.0,1.0
664,498,417334.5,3812680.5,2022,146.0,207.0,227.0,236.0,246.0,266.0,295.0,1.0,1.0
668,512,417376.5,3812668.5,2022,126.0,204.0,227.0,237.0,247.0,268.0,303.0,1.0,1.0
681,544,417472.5,3812629.5,2022,126.0,206.0,228.0,237.0,247.0,265.0,291.0,1.0,1.0
689,573,417559.5,3812605.5,2022,158.0,208.0,228.0,236.0,246.0,264.0,290.0,1.0,1.0
673,620,417700.5,3812653.5,2022,136.0,203.0,228.0,237.0,247.0,265.0,295.0,1.0,1.0
669,643,417769.5,3812665.5,2022,154.0,210.0,228.0,236.0,246.0,264.0,290.0,1.0,2.0
670,669,417847.5,3812662.5,2022,144.0,208.0,229.0,237.0,246.0,265.0,299.0,1.0,1.0
660,719,417997.5,3812692.5,2022,150.0,212.0,228.0,237.0,245.0,264.0,302.0,1.0,1.0
661,725,418015.5,3812689.5,2022,148.0,213.0,229.0,237.0,246.0,267.0,307.0,1.0,1.0
668,754,418102.5,3812668.5,2022,154.0,211.0,228.0,237.0,246.0,267.0,307.0,1.0,1.0
673,786,418198.5,3812653.5,2022,148.0,215.0,230.0,238.0,248.0,268.0,303.0,1.0,1.0
680,830,418330.5,3812632.5,2022,100.0,206.0,229.0,238.0,248.0,271.0,314.0,1.0,1.0
687,856,418408.5,3812611.5,2022,118.0,200.0,228.0,237.0,248.0,271.0,322.0,1.0,1.0
684,892,418516.5,3812620.5,2022,102.0,179.0,229.0,238.0,248.0,270.0,318.0,1.0,2.0
664,913,418579.5,3812680.5,2022,101.0,187.0,229.0,239.0,248.0,268.0,306.0,1.0,1.0
676,954,418702.5,3812644.5,2022,149.0,214.0,229.0,238.0,247.0,266.0,309.0,1.0,1.0
687,964,418732.5,3812611.5,2022,146.0,210.0,228.0,237.0,247.0,267.0,321.0,1.0,1.0
678,995,418825.5,3812638.5,2022,138.0,213.0,229.0,238.0,247.0,267.0,307.0,1.0,1.0
684,1040,418960.5,3812620.5,2022,152.0,214.0,229.0,237.0,246.0,264.0,291.0,1.0,1.0
676,1068,419044.5,3812644.5,2022,151.0,211.0,228.0,237.0,246.0,264.0,297.0,1.0,1.0
674,1103,419149.5,3812650.5,2022,153.0,212.0,228.0,236.0,245.0,264.0,294.0,1.0,1.0
685,1113,419179.5,3812617.5,2022,163.0,213.0,229.0,237.0,247.0,267.0,293.0,1.0,1.0
665,1164,419332.5,3812677.5,2022,149.0,211.0,228.0,236.0,246.0,265.0,296.0,1.0,1.0
672,1178,419374.5,3812656.5,2022,147.0,212.0,229.0,237.0,246.0,266.0,301.0,1.0,1.0
662,1216,419488.5,3812686.5,2022,154.0,213.0,229.0,237.0,247.0,268.0,303.0,1.0,1.0
687,1245,419575.5,3812611.5,2022,154.0,213.0,228.0,236.0,245.0,264.0,293.0,1.0,2.0
689,1266,419638.5,3812605.5,2022,148.0,210.0,228.0,237.0,247.0,266.0,298.0,1.0,1.0
687,1302,419746.5,3812611.5,2022,111.0,203.0,227.0,236.0,246.0,268.0,305.0,1.0,2.0
680,1335,419845.5,3812632.5,2022,147.0,200.0,227.0,237.0,248.0,269.0,299.0,1.0,2.0
682,1370,419950.5,3812626.5,2022,150.0,210.0,229.0,238.0,249.0,273.0,314.0,1.0,1.0
689,1380,419980.5,3812605.5,2022,143.0,206.0,228.0,237.0,248.0,270.0,305.0,1.0,1.0
672,1433,420139.5,3812656.5,2022,137.0,182.0,228.0,237.0,249.0,272.0,302.0,1.0,2.0
667,1458,420214.5,3812671.5,2022,108.0,201.0,228.0,237.0,248.0,270.0,301.0,1.0,2.0
660,1491,420313.5,3812692.5,2022,145.0,208.0,229.0,237.0,248.0,271.0,309.0,1.0,1.0
662,1500,420340.5,3812686.5,2022,148.0,203.0,228.0,238.0,249.0,273.0,308.0,1.0,1.0
671,1533,420439.5,3812659.5,2022,148.0,179.0,226.0,236.0,248.0,273.0,311.0,1.0,2.0
686,1575,420565.5,3812614.5,2022,113.0,177.0,227.0,237.0,249.0,275.0,320.0,1.0,1.0
669,1611,420673.5,3812665.5,2022,132.0,185.0,228.0,237.0,248.0,271.0,309.0,1.0,1.0
684,1639,420757.5,3812620.5,2022,125.0,204.0,227.0,236.0,248.0,272.0,311.0,1.0,2.0
689,1664,420832.5,3812605.5,2022,127.0,205.0,227.0,237.0,249.0,275.0,305.0,1.0,2.0
681,1692,420916.5,3812629.5,2022,112.0,178.0,226.0,235.0,246.0,270.0,311.0,1.0,2.0
684,1720,421000.5,3812620.5,2022,108.0,178.0,225.0,235.0,249.0,273.0,310.0,1.0,1.0
664,1768,421144.5,3812680.5,2022,142.0,182.0,228.0,237.0,248.0,272.0,309.0,1.0,1.0
675,1798,421234.5,3812647.5,2022,131.0,187.0,227.0,237.0,249.0,277.0,308.0,1.0,2.0
676,1805,421255.5,3812644.5,2022,138.0,207.0,228.0,238.0,251.0,278.0,312.0,1.0,2.0
686,1841,421363.5,3812614.5,2022,157.0,210.0,228.0,237.0,247.0,271.0,299.0,1.0,1.0
685,1867,421441.5,3812617.5,2022,150.0,209.0,228.0,238.0,249.0,274.0,309.0,1.0,1.0
666,1894,421522.5,3812674.5,2022,152.0,214.0,230.0,238.0,249.0,275.0,304.0,1.0,2.0
685,1927,421621.5,3812617.5,2022,162.0,213.0,229.0,238.0,250.0,276.0,300.0,1.0,1.0
683,1979,421777.5,3812623.5,2022,154.0,211.0,230.0,239.0,253.0,279.0,304.0,1.0,1.0
683,1991,421813.5,3812623.5,2022,150.0,208.0,229.0,239.0,253.0,278.0,307.0,1.0,1.0
689,2025,421915.5,3812605.5,2022,150.0,180.0,229.0,239.0,251.0,279.0,317.0,1.0,1.0
677,2046,421978.5,3812641.5,2022,145.0,177.0,225.0,236.0,248.0,272.0,312.0,1.0,1.0
663,2091,422113.5,3812683.5,2022,152.0,181.0,223.0,234.0,246.0,271.0,318.0,1.0,2.0
681,2100,422140.5,3812629.5,2022,120.0,183.0,224.0,235.0,247.0,273.0,316.0,1.0,1.0
661,2150,422290.5,3812689.5,2022,119.0,178.0,220.0,233.0,247.0,275.0,310.0,1.0,1.0
678,2167,422341.5,3812638.5,2022,120.0,184.0,221.0,233.0,246.0,273.0,309.0,1.0,1.0
679,2216,422488.5,3812635.5,2022,130.0,177.0,221.0,234.0,247.0,274.0,323.0,1.0,1.0
684,2243,422569.5,3812620.5,2022,137.0,177.0,223.0,235.0,249.0,278.0,323.0,1.0,1.0
676,2267,422641.5,3812644.5,2022,138.0,180.0,223.0,235.0,248.0,273.0,310.0,1.0,1.0
660,2283,422689.5,3812692.5,2022,149.0,178.0,223.0,235.0,248.0,275.0,318.0,1.0,1.0
663,2339,422857.5,3812683.5,2022,151.0,186.0,222.0,234.0,247.0,273.0,308.0,1.0,1.0
666,2361,422923.5,3812674.5,2022,155.0,183.0,221.0,233.0,246.0,272.0,305.0,1.0,1.0
673,2392,423016.5,3812653.5,2022,151.0,184.0,221.0,234.0,250.0,276.0,311.0,1.0,1.0
683,2420,423100.5,3812623.5,2022,153.0,184.0,220.0,232.0,246.0,273.0,306.0,1.0,1.0
687,2437,423151.5,3812611.5,2022,151.0,184.0,223.0,237.0,252.0,278.0,313.0,1.0,1.0
680,2463,423229.5,3812632.5,2022,152.0,183.0,219.0,232.0,248.0,275.0,308.0,1.0,1.0
675,2492,423316.5,3812647.5,2022,149.0,187.0,222.0,234.0,249.0,274.0,307.0,1.0,1.0
664,2523,423409.5,3812680.5,2022,146.0,181.0,217.0,229.0,243.0,272.0,312.0,1.0,1.0
668,2568,423544.5,3812668.5,2022,147.0,177.0,217.0,230.0,245.0,272.0,309.0,1.0,1.0
686,2595,423625.5,3812614.5,2022,154.0,185.0,219.0,231.0,245.0,272.0,309.0,1.0,1.0
686,2639,423757.5,3812614.5,2022,175.0,207.0,224.0,233.0,243.0,264.0,295.0,1.0,1.0
673,2649,423787.5,3812653.5,2022,171.0,207.0,225.0,235.0,246.0,268.0,300.0,1.0,1.0
689,2670,423850.5,3812605.5,2022,155.0,202.0,224.0,235.0,246.0,267.0,297.0,1.0,1.0
679,2727,424021.5,3812635.5,2022,150.0,201.0,222.0,232.0,246.0,270.0,305.0,1.0,1.0
672,2750,424090.5,3812656.5,2022,158.0,202.0,223.0,235.0,247.0,271.0,299.0,1.0,1.0
667,2786,424198.5,3812671.5,2022,167.0,202.0,222.0,232.0,244.0,270.0,302.0,1.0,1.0
681,2792,424216.5,3812629.5,2022,172.0,206.0,224.0,234.0,245.0,269.0,302.0,1.0,1.0
675,2846,424378.5,3812647.5,2022,166.0,205.0,225.0,235.0,247.0,271.0,307.0,1.0,1.0
661,2859,424417.5,3812689.5,2022,154.0,202.0,222.0,233.0,244.0,270.0,309.0,1.0,1.0
686,2908,424564.5,3812614.5,2022,171.0,203.0,221.0,231.0,242.0,267.0,293.0,1.0,1.0
673,2913,424579.5,3812653.5,2022,170.0,201.0,223.0,234.0,245.0,270.0,296.0,1.0,1.0
678,2960,424720.5,3812638.5,2022,162.0,199.0,218.0,228.0,239.0,260.0,291.0,1.0,1.0
671,2987,424801.5,3812659.5,2022,152.0,192.0,217.0,228.0,240.0,265.0,296.0,1.0,1.0
688,3023,424909.5,3812608.5,2022,157.0,191.0,218.0,230.0,241.0,266.0,305.0,1.0,1.0
683,3049,424987.5,3812623.5,2022,160.0,195.0,216.0,227.0,240.0,266.0,299.0,1.0,1.0
665,3086,425098.5,3812677.5,2022,161.0,196.0,217.0,228.0,240.0,264.0,292.0,1.0,1.0
686,3090,425110.5,3812614.5,2022,153.0,187.0,217.0,230.0,243.0,269.0,311.0,1.0,1.0
676,3146,425278.5,3812644.5,2022,151.0,188.0,217.0,229.0,241.0,269.0,306.0,1.0,1.0
676,3172,425356.5,3812644.5,2022,141.0,183.0,216.0,229.0,243.0,271.0,312.0,1.0,1.0
685,3205,425455.5,3812617.5,2022,161.0,192.0,216.0,229.0,243.0,270.0,299.0,1.0,1.0
686,3217,425491.5,3812614.5,2022,161.0,193.0,217.0,229.0,242.0,269.0,300.0,1.0,1.0
682,3250,425590.5,3812626.5,2022,167.0,191.0,215.0,228.0,244.0,271.0,298.0,1.0,1.0
682,3277,425671.5,3812626.5,2022,161.0,191.0,215.0,227.0,243.0,270.0,297.0,1.0,1.0
687,3320,425800.5,3812611.5,2022,168.0,194.0,216.0,228.0,241.0,269.0,304.0,1.0,1.0
688,3333,425839.5,3812608.5,2022,169.0,195.0,215.0,227.0,241.0,269.0,298.0,1.0,1.0
708,24,415912.5,3812548.5,2022,124.0,172.0,231.0,241.0,252.0,274.0,319.0,1.0,1.0
697,56,416008.5,3812581.5,2022,133.0,179.0,232.0,241.0,252.0,272.0,317.0,1.0,1.0
693,71,416053.5,3812593.5,2022,126.0,175.0,230.0,241.0,252.0,272.0,314.0,1.0,1.0
715,106,416158.5,3812527.5,2022,128.0,178.0,229.0,239.0,251.0,274.0,318.0,1.0,1.0
696,149,416287.5,3812584.5,2022,98.0,171.0,230.0,241.0,252.0,273.0,314.0,1.0,1.0
690,152,416296.5,3812602.5,2022,97.0,172.0,231.0,241.0,252.0,273.0,313.0,1.0,2.0
710,206,416458.5,3812542.5,2022,98.0,173.0,231.0,241.0,252.0,272.0,309.0,1.0,1.0
716,222,416506.5,3812524.5,2022,97.0,174.0,230.0,240.0,251.0,273.0,309.0,1.0,1.0
713,254,416602.5,3812533.5,2022,106.0,176.0,231.0,240.0,251.0,271.0,315.0,1.0,1.0
710,292,416716.5,3812542.5,2022,98.0,171.0,228.0,238.0,250.0,271.0,314.0,1.0,1.0
694,313,416779.5,3812590.5,2022,99.0,178.0,227.0,237.0,248.0,269.0,302.0,1.0,1.0
719,346,416878.5,3812515.5,2022,107.0,175.0,228.0,238.0,250.0,271.0,313.0,1.0,1.0
719,385,416995.5,3812515.5,2022,122.0,175.0,229.0,239.0,251.0,273.0,309.0,1.0,1.0
697,413,417079.5,3812581.5,2022,99.0,175.0,227.0,238.0,249.0,270.0,307.0,1.0,1.0
693,425,417115.5,3812593.5,2022,129.0,179.0,226.0,237.0,248.0,270.0,309.0,1.0,1.0
693,473,417259.5,3812593.5,2022,108.0,179.0,227.0,237.0,249.0,271.0,303.0,1.0,1.0
691,488,417304.5,3812599.5,2022,138.0,185.0,227.0,237.0,247.0,267.0,296.0,1.0,1.0
699,530,417430.5,3812575.5,2022,132.0,201.0,226.0,236.0,246.0,267.0,292.0,1.0,1.0
692,553,417499.5,3812596.5,2022,149.0,209.0,227.0,236.0,245.0,264.0,291.0,1.0,1.0
703,588,417604.5,3812563.5,2022,139.0,201.0,227.0,236.0,247.0,266.0,291.0,1.0,1.0
698,611,417673.5,3812578.5,2022,150.0,208.0,228.0,237.0,247.0,266.0,292.0,1.0,1.0
714,630,417730.5,3812530.5,2022,147.0,209.0,228.0,236.0,246.0,265.0,294.0,1.0,1.0
697,664,417832.5,3812581.5,2022,152.0,206.0,227.0,236.0,246.0,266.0,302.0,1.0,1.0
700,699,417937.5,3812572.5,2022,134.0,211.0,229.0,238.0,247.0,268.0,306.0,1.0,1.0
713,742,418066.5,3812533.5,2022,104.0,179.0,226.0,237.0,248.0,272.0,312.0,1.0,1.0
717,779,418177.5,3812521.5,2022,125.0,210.0,229.0,238.0,247.0,267.0,311.0,1.0,1.0
703,783,418189.5,3812563.5,2022,120.0,209.0,229.0,237.0,247.0,266.0,304.0,1.0,1.0
695,839,418357.5,3812587.5,2022,110.0,208.0,229.0,238.0,249.0,270.0,314.0,1.0,1.0
697,852,418396.5,3812581.5,2022,107.0,203.0,229.0,238.0,248.0,268.0,312.0,1.0,1.0
702,888,418504.5,3812566.5,2022,106.0,187.0,229.0,238.0,248.0,269.0,320.0,1.0,1.0
707,904,418552.5,3812551.5,2022,109.0,181.0,230.0,239.0,249.0,270.0,321.0,1.0,2.0
719,939,418657.5,3812515.5,2022,152.0,214.0,230.0,239.0,248.0,268.0,308.0,1.0,1.0
711,964,418732.5,3812539.5,2022,139.0,209.0,229.0,237.0,247.0,267.0,319.0,1.0,1.0
700,1019,418897.5,3812572.5,2022,148.0,212.0,228.0,237.0,245.0,264.0,301.0,1.0,1.0
698,1025,418915.5,3812578.5,2022,149.0,210.0,228.0,237.0,246.0,264.0,294.0,1.0,1.0
709,1073,419059.5,3812545.5,2022,151.0,211.0,229.0,238.0,248.0,268.0,297.0,1.0,1.0
705,1094,419122.5,3812557.5,2022,150.0,210.0,228.0,237.0,247.0,267.0,291.0,1.0,1.0
712,1128,419224.5,3812536.5,2022,151.0,207.0,228.0,237.0,248.0,269.0,299.0,1.0,1.0
715,1158,419314.5,3812527.5,2022,147.0,205.0,228.0,237.0,248.0,269.0,294.0,1.0,1.0
699,1178,419374.5,3812575.5,2022,155.0,213.0,229.0,238.0,248.0,269.0,296.0,1.0,1.0
694,1200,419440.5,3812590.5,2022,156.0,212.0,229.0,237.0,247.0,267.0,293.0,1.0,1.0
719,1233,419539.5,3812515.5,2022,166.0,213.0,229.0,237.0,246.0,267.0,295.0,1.0,1.0
698,1264,419632.5,3812578.5,2022,148.0,209.0,228.0,237.0,247.0,267.0,302.0,1.0,1.0
710,1305,419755.5,3812542.5,2022,112.0,207.0,229.0,237.0,248.0,269.0,301.0,1.0,1.0
701,1345,419875.5,3812569.5,2022,149.0,210.0,229.0,237.0,248.0,270.0,302.0,1.0,2.0
708,1358,419914.5,3812548.5,2022,123.0,205.0,228.0,238.0,248.0,271.0,304.0,1.0,2.0
700,1392,420016.5,3812572.5,2022,145.0,207.0,229.0,237.0,248.0,270.0,301.0,1.0,2.0
704,1410,420070.5,3812560.5,2022,144.0,210.0,229.0,238.0,249.0,272.0,312.0,1.0,1.0
713,1459,420217.5,3812533.5,2022,147.0,188.0,229.0,239.0,251.0,275.0,318.0,1.0,1.0
714,1488,420304.5,3812530.5,2022,144.0,209.0,229.0,238.0,249.0,273.0,317.0,1.0,1.0
691,1514,420382.5,3812599.5,2022,104.0,177.0,227.0,237.0,248.0,272.0,322.0,1.0,2.0
709,1539,420457.5,3812545.5,2022,113.0,179.0,227.0,237.0,251.0,277.0,314.0,1.0,2.0
718,1579,420577.5,3812518.5,2022,149.0,210.0,227.0,236.0,248.0,273.0,310.0,1.0,2.0
692,1602,420646.5,3812596.5,2022,115.0,181.0,227.0,237.0,249.0,274.0,316.0,1.0,2.0
712,1668,420844.5,3812536.5,2022,126.0,188.0,225.0,235.0,246.0,268.0,306.0,1.0,2.0
713,1687,420901.5,3812533.5,2022,132.0,176.0,225.0,235.0,246.0,269.0,318.0,1.0,1.0
716,1723,421009.5,3812524.5,2022,128.0,183.0,225.0,235.0,249.0,276.0,307.0,1.0,2.0
707,1749,421087.5,3812551.5,2022,130.0,182.0,227.0,237.0,248.0,274.0,305.0,1.0,1.0
715,1790,421210.5,3812527.5,2022,147.0,200.0,228.0,237.0,249.0,274.0,303.0,1.0,1.0
698,1813,421279.5,3812578.5,2022,153.0,206.0,227.0,237.0,247.0,271.0,302.0,1.0,1.0
707,1859,421417.5,3812551.5,2022,165.0,205.0,223.0,232.0,242.0,264.0,293.0,1.0,2.0
701,1866,421438.5,3812569.5,2022,160.0,206.0,224.0,233.0,242.0,263.0,290.0,1.0,1.0
710,1907,421561.5,3812542.5,2022,161.0,212.0,229.0,238.0,252.0,278.0,302.0,1.0,1.0
713,1931,421633.5,3812533.5,2022,160.0,214.0,231.0,241.0,256.0,280.0,309.0,1.0,1.0
690,1957,421711.5,3812602.5,2022,127.0,212.0,230.0,240.0,253.0,279.0,307.0,1.0,1.0
719,1981,421783.5,3812515.5,2022,157.0,210.0,229.0,239.0,252.0,276.0,304.0,1.0,1.0
718,2029,421927.5,3812518.5,2022,140.0,180.0,227.0,238.0,252.0,275.0,325.0,1.0,1.0
705,2040,421960.5,3812557.5,2022,153.0,205.0,229.0,239.0,252.0,277.0,316.0,1.0,2.0
718,2081,422083.5,3812518.5,2022,155.0,184.0,226.0,237.0,248.0,274.0,312.0,1.0,1.0
719,2121,422203.5,3812515.5,2022,147.0,182.0,223.0,235.0,248.0,274.0,312.0,1.0,1.0
703,2155,422305.5,3812563.5,2022,149.0,181.0,221.0,233.0,246.0,272.0,308.0,1.0,1.0
690,2176,422368.5,3812602.5,2022,147.0,184.0,221.0,233.0,246.0,271.0,312.0,1.0,1.0
699,2211,422473.5,3812575.5,2022,124.0,180.0,222.0,234.0,247.0,273.0,312.0,1.0,1.0
707,2238,422554.5,3812551.5,2022,150.0,184.0,222.0,233.0,246.0,271.0,314.0,1.0,1.0
713,2255,422605.5,3812533.5,2022,145.0,181.0,223.0,234.0,247.0,273.0,312.0,1.0,1.0
719,2290,422710.5,3812515.5,2022,150.0,182.0,228.0,239.0,252.0,276.0,312.0,1.0,1.0
702,2311,422773.5,3812566.5,2022,148.0,177.0,224.0,236.0,249.0,272.0,317.0,1.0,1.0
707,2354,422902.5,3812551.5,2022,148.0,182.0,227.0,238.0,253.0,276.0,313.0,1.0,1.0
715,2398,423034.5,3812527.5,2022,148.0,182.0,221.0,235.0,251.0,275.0,306.0,1.0,1.0
710,2426,423118.5,3812542.5,2022,153.0,181.0,222.0,236.0,253.0,278.0,313.0,1.0,1.0
707,2451,423193.5,3812551.5,2022,144.0,177.0,219.0,233.0,249.0,274.0,306.0,1.0,1.0
710,2462,423226.5,3812542.5,2022,148.0,178.0,218.0,232.0,249.0,274.0,311.0,1.0,1.0
703,2517,423391.5,3812563.5,2022,155.0,185.0,221.0,234.0,249.0,274.0,313.0,1.0,1.0
711,2538,423454.5,3812539.5,2022,151.0,187.0,221.0,233.0,248.0,274.0,316.0,1.0,1.0
696,2564,423532.5,3812584.5,2022,160.0,190.0,220.0,232.0,245.0,272.0,314.0,1.0,1.0
718,2607,423661.5,3812518.5,2022,156.0,187.0,221.0,233.0,247.0,275.0,316.0,1.0,1.0
701,2629,423727.5,3812569.5,2022,149.0,184.0,219.0,231.0,244.0,270.0,309.0,1.0,1.0
692,2646,423778.5,3812596.5,2022,161.0,207.0,225.0,235.0,245.0,268.0,300.0,1.0,1.0
708,2682,423886.5,3812548.5,2022,156.0,201.0,223.0,234.0,245.0,268.0,316.0,1.0,1.0
691,2708,423964.5,3812599.5,2022,165.0,205.0,224.0,234.0,245.0,268.0,300.0,1.0,1.0
691,2735,424045.5,3812599.5,2022,154.0,203.0,224.0,235.0,247.0,272.0,306.0,1.0,1.0
697,2789,424207.5,3812581.5,2022,180.0,208.0,225.0,235.0,248.0,273.0,307.0,1.0,1.0
716,2798,424234.5,3812524.5,2022,174.0,206.0,223.0,232.0,244.0,270.0,301.0,1.0,1.0
702,2821,424303.5,3812566.5,2022,157.0,200.0,221.0,231.0,243.0,268.0,310.0,1.0,1.0
714,2863,424429.5,3812530.5,2022,163.0,206.0,223.0,233.0,244.0,268.0,303.0,1.0,1.0
719,2890,424510.5,3812515.5,2022,161.0,208.0,223.0,232.0,242.0,263.0,294.0,1.0,1.0
701,2935,424645.5,3812569.5,2022,169.0,203.0,222.0,231.0,242.0,264.0,294.0,1.0,1.0
690,2945,424675.5,3812602.5,2022,159.0,199.0,220.0,230.0,240.0,263.0,297.0,1.0,1.0
704,2978,424774.5,3812560.5,2022,165.0,197.0,220.0,231.0,242.0,265.0,295.0,1.0,1.0
712,3008,424864.5,3812536.5,2022,152.0,194.0,223.0,233.0,245.0,270.0,310.0,1.0,1.0
695,3040,424960.5,3812587.5,2022,164.0,200.0,219.0,230.0,240.0,263.0,295.0,1.0,1.0
697,3061,425023.5,3812581.5,2022,161.0,196.0,218.0,229.0,241.0,266.0,305.0,1.0,1.0
700,3096,425128.5,3812572.5,2022,157.0,192.0,218.0,229.0,241.0,267.0,302.0,1.0,1.0
704,3132,425236.5,3812560.5,2022,167.0,198.0,219.0,230.0,241.0,267.0,303.0,1.0,1.0
692,3172,425356.5,3812596.5,2022,166.0,196.0,217.0,229.0,241.0,265.0,300.0,1.0,1.0
707,3188,425404.5,3812551.5,2022,170.0,197.0,217.0,229.0,241.0,267.0,294.0,1.0,1.0
694,3223,425509.5,3812590.5,2022,170.0,194.0,216.0,228.0,241.0,271.0,296.0,1.0,1.0
717,3248,425584.5,3812521.5,2022,170.0,195.0,214.0,225.0,239.0,266.0,298.0,1.0,1.0
698,3286,425698.5,3812578.5,2022,171.0,199.0,217.0,228.0,240.0,266.0,291.0,1.0,1.0
690,3307,425761.5,3812602.5,2022,171.0,199.0,218.0,229.0,242.0,269.0,299.0,1.0,1.0
695,3331,425833.5,3812587.5,2022,173.0,197.0,216.0,228.0,241.0,268.0,293.0,1.0,1.0
741,11,415873.5,3812449.5,2022,132.0,182.0,229.0,239.0,250.0,272.0,317.0,1.0,1.0
748,30,415930.5,3812428.5,2022,131.0,186.0,232.0,241.0,252.0,271.0,291.0,1.0,2.0
742,81,416083.5,3812446.5,2022,153.0,217.0,233.0,241.0,252.0,273.0,318.0,1.0,1.0
722,101,416143.5,3812506.5,2022,125.0,176.0,231.0,241.0,252.0,272.0,318.0,1.0,1.0
722,128,416224.5,3812506.5,2022,106.0,173.0,229.0,240.0,253.0,275.0,327.0,1.0,1.0
720,163,416329.5,3812512.5,2022,102.0,174.0,231.0,241.0,253.0,274.0,314.0,1.0,1.0
726,202,416446.5,3812494.5,2022,112.0,185.0,232.0,242.0,253.0,273.0,298.0,1.0,2.0
749,227,416521.5,3812425.5,2022,113.0,180.0,228.0,239.0,251.0,272.0,305.0,1.0,1.0
747,257,416611.5,3812431.5,2022,122.0,176.0,227.0,237.0,249.0,269.0,308.0,1.0,1.0
722,299,416737.5,3812506.5,2022,105.0,178.0,229.0,239.0,250.0,272.0,310.0,1.0,1.0
722,309,416767.5,3812506.5,2022,105.0,175.0,227.0,238.0,250.0,271.0,313.0,1.0,1.0
723,350,416890.5,3812503.5,2022,100.0,175.0,228.0,238.0,249.0,270.0,312.0,1.0,1.0
747,362,416926.5,3812431.5,2022,124.0,177.0,224.0,236.0,248.0,273.0,322.0,1.0,1.0
720,396,417028.5,3812512.5,2022,110.0,181.0,230.0,240.0,252.0,273.0,312.0,1.0,1.0
721,421,417103.5,3812509.5,2022,121.0,181.0,229.0,238.0,250.0,273.0,315.0,1.0,1.0
748,452,417196.5,3812428.5,2022,101.0,173.0,223.0,236.0,248.0,269.0,329.0,1.0,1.0
744,488,417304.5,3812440.5,2022,140.0,205.0,228.0,238.0,249.0,270.0,304.0,1.0,1.0
740,523,417409.5,3812452.5,2022,162.0,207.0,226.0,235.0,245.0,265.0,290.0,1.0,1.0
727,563,417529.5,3812491.5,2022,130.0,199.0,226.0,237.0,247.0,268.0,303.0,1.0,1.0
739,592,417616.5,3812455.5,2022,156.0,208.0,227.0,236.0,246.0,266.0,298.0,1.0,1.0
723,600,417640.5,3812503.5,2022,147.0,207.0,227.0,236.0,246.0,266.0,295.0,1.0,1.0
720,657,417811.5,3812512.5,2022,130.0,202.0,228.0,238.0,248.0,268.0,306.0,1.0,1.0
725,666,417838.5,3812497.5,2022,123.0,203.0,228.0,237.0,248.0,268.0,307.0,1.0,1.0
724,705,417955.5,3812500.5,2022,163.0,216.0,231.0,239.0,248.0,267.0,298.0,1.0,1.0
733,743,418069.5,3812473.5,2022,116.0,207.0,229.0,238.0,248.0,271.0,314.0,1.0,1.0
737,778,418174.5,3812461.5,2022,114.0,207.0,228.0,236.0,246.0,266.0,312.0,1.0,1.0
742,797,418231.5,3812446.5,2022,105.0,180.0,225.0,236.0,247.0,270.0,315.0,1.0,1.0
727,816,418288.5,3812491.5,2022,131.0,184.0,228.0,238.0,248.0,268.0,304.0,1.0,1.0
728,868,418444.5,3812488.5,2022,104.0,180.0,228.0,237.0,248.0,268.0,304.0,1.0,1.0
728,886,418498.5,3812488.5,2022,115.0,184.0,227.0,237.0,248.0,268.0,309.0,1.0,1.0
732,927,418621.5,3812476.5,2022,148.0,208.0,229.0,238.0,249.0,270.0,306.0,1.0,1.0
724,938,418654.5,3812500.5,2022,156.0,211.0,229.0,238.0,249.0,269.0,294.0,1.0,1.0
746,975,418765.5,3812434.5,2022,132.0,196.0,227.0,237.0,248.0,270.0,313.0,1.0,1.0
723,1005,418855.5,3812503.5,2022,151.0,211.0,229.0,238.0,247.0,266.0,293.0,1.0,1.0
732,1048,418984.5,3812476.5,2022,137.0,203.0,228.0,238.0,249.0,269.0,303.0,1.0,1.0
740,1062,419026.5,3812452.5,2022,107.0,179.0,226.0,236.0,248.0,272.0,317.0,1.0,1.0
744,1097,419131.5,3812440.5,2022,106.0,186.0,228.0,239.0,251.0,271.0,310.0,1.0,1.0
720,1138,419254.5,3812512.5,2022,147.0,207.0,228.0,238.0,248.0,268.0,292.0,1.0,1.0
733,1158,419314.5,3812473.5,2022,147.0,206.0,228.0,237.0,247.0,267.0,291.0,1.0,1.0
739,1198,419434.5,3812455.5,2022,154.0,207.0,228.0,237.0,248.0,268.0,291.0,1.0,1.0
731,1224,419512.5,3812479.5,2022,153.0,209.0,228.0,237.0,247.0,267.0,296.0,1.0,1.0
737,1254,419602.5,3812461.5,2022,152.0,212.0,228.0,236.0,246.0,267.0,295.0,1.0,1.0
749,1273,419659.5,3812425.5,2022,146.0,211.0,229.0,237.0,248.0,269.0,295.0,1.0,1.0
720,1316,419788.5,3812512.5,2022,150.0,209.0,229.0,238.0,248.0,269.0,304.0,1.0,1.0
749,1322,419806.5,3812425.5,2022,148.0,211.0,230.0,238.0,248.0,270.0,306.0,1.0,2.0
729,1377,419971.5,3812485.5,2022,144.0,207.0,229.0,237.0,248.0,271.0,311.0,1.0,1.0
724,1403,420049.5,3812500.5,2022,157.0,212.0,229.0,237.0,247.0,270.0,314.0,1.0,2.0
726,1421,420103.5,3812494.5,2022,147.0,188.0,229.0,238.0,249.0,273.0,315.0,1.0,1.0
747,1442,420166.5,3812431.5,2022,113.0,187.0,227.0,236.0,248.0,273.0,312.0,1.0,2.0
732,1480,420280.5,3812476.5,2022,143.0,209.0,229.0,238.0,250.0,272.0,304.0,1.0,1.0
741,1529,420427.5,3812449.5,2022,123.0,184.0,227.0,237.0,250.0,276.0,320.0,1.0,2.0
730,1542,420466.5,3812482.5,2022,126.0,208.0,228.0,237.0,250.0,278.0,310.0,1.0,2.0
735,1560,420520.5,3812467.5,2022,154.0,208.0,227.0,237.0,249.0,273.0,307.0,1.0,1.0
746,1600,420640.5,3812434.5,2022,150.0,209.0,228.0,237.0,249.0,274.0,315.0,1.0,2.0
744,1631,420733.5,3812440.5,2022,127.0,184.0,224.0,234.0,244.0,269.0,313.0,1.0,2.0
721,1652,420796.5,3812509.5,2022,119.0,188.0,227.0,237.0,249.0,272.0,310.0,1.0,2.0
727,1686,420898.5,3812491.5,2022,114.0,178.0,226.0,236.0,248.0,273.0,315.0,1.0,1.0
747,1735,421045.5,3812431.5,2022,147.0,184.0,225.0,235.0,249.0,276.0,312.0,1.0,1.0
731,1768,421144.5,3812479.5,2022,132.0,187.0,227.0,237.0,249.0,273.0,304.0,1.0,1.0
745,1798,421234.5,3812437.5,2022,160.0,203.0,225.0,234.0,245.0,267.0,303.0,1.0,1.0
734,1816,421288.5,3812470.5,2022,159.0,208.0,226.0,235.0,245.0,270.0,301.0,1.0,2.0
738,1856,421408.5,3812458.5,2022,168.0,186.0,223.0,233.0,242.0,263.0,286.0,1.0,1.0
721,1866,421438.5,3812509.5,2022,165.0,202.0,224.0,233.0,243.0,262.0,288.0,1.0,2.0
743,1898,421534.5,3812443.5,2022,162.0,207.0,224.0,232.0,241.0,260.0,291.0,1.0,2.0
732,1939,421657.5,3812476.5,2022,156.0,210.0,229.0,238.0,251.0,277.0,304.0,1.0,1.0
722,1966,421738.5,3812506.5,2022,155.0,210.0,229.0,239.0,252.0,279.0,314.0,1.0,1.0
746,1998,421834.5,3812434.5,2022,130.0,178.0,229.0,240.0,252.0,276.0,321.0,1.0,1.0
727,2015,421885.5,3812491.5,2022,151.0,179.0,230.0,240.0,253.0,280.0,316.0,1.0,1.0
748,2062,422026.5,3812428.5,2022,143.0,192.0,226.0,237.0,249.0,275.0,313.0,1.0,1.0
729,2089,422107.5,3812485.5,2022,131.0,183.0,227.0,237.0,248.0,271.0,313.0,1.0,1.0
741,2128,422224.5,3812449.5,2022,147.0,183.0,223.0,236.0,249.0,273.0,314.0,1.0,1.0
730,2143,422269.5,3812482.5,2022,147.0,183.0,224.0,236.0,249.0,272.0,315.0,1.0,1.0
733,2169,422347.5,3812473.5,2022,149.0,193.0,223.0,234.0,248.0,273.0,315.0,1.0,1.0
748,2215,422485.5,3812428.5,2022,144.0,181.0,221.0,233.0,246.0,272.0,311.0,1.0,1.0
734,2223,422509.5,3812470.5,2022,139.0,182.0,221.0,233.0,246.0,270.0,313.0,1.0,1.0
738,2257,422611.5,3812458.5,2022,143.0,180.0,224.0,236.0,249.0,273.0,315.0,1.0,1.0
739,2287,422701.5,3812455.5,2022,139.0,182.0,224.0,235.0,248.0,270.0,312.0,1.0,1.0
728,2318,422794.5,3812488.5,2022,147.0,185.0,225.0,236.0,249.0,276.0,315.0,1.0,1.0
726,2353,422899.5,3812494.5,2022,152.0,189.0,223.0,235.0,250.0,275.0,317.0,1.0,1.0
722,2396,423028.5,3812506.5,2022,155.0,188.0,223.0,236.0,252.0,275.0,308.0,1.0,1.0
740,2403,423049.5,3812452.5,2022,156.0,186.0,224.0,237.0,252.0,276.0,310.0,1.0,1.0
735,2440,423160.5,3812467.5,2022,153.0,183.0,223.0,236.0,252.0,276.0,311.0,1.0,1.0
735,2477,423271.5,3812467.5,2022,152.0,185.0,222.0,235.0,250.0,274.0,308.0,1.0,1.0
743,2511,423373.5,3812443.5,2022,151.0,183.0,220.0,234.0,251.0,276.0,310.0,1.0,1.0
737,2536,423448.5,3812461.5,2022,154.0,187.0,224.0,237.0,251.0,275.0,316.0,1.0,1.0
748,2560,423520.5,3812428.5,2022,156.0,189.0,225.0,238.0,253.0,276.0,315.0,1.0,1.0
742,2584,423592.5,3812446.5,2022,162.0,202.0,224.0,235.0,248.0,271.0,303.0,1.0,1.0
739,2610,423670.5,3812455.5,2022,155.0,191.0,221.0,233.0,247.0,275.0,320.0,1.0,1.0
748,2645,423775.5,3812428.5,2022,160.0,208.0,225.0,235.0,246.0,269.0,299.0,1.0,1.0
739,2679,423877.5,3812455.5,2022,171.0,207.0,224.0,233.0,244.0,271.0,304.0,1.0,1.0
748,2717,423991.5,3812428.5,2022,174.0,209.0,224.0,233.0,245.0,270.0,304.0,1.0,2.0
748,2731,424033.5,3812428.5,2022,166.0,206.0,224.0,234.0,245.0,269.0,302.0,1.0,1.0
730,2784,424192.5,3812482.5,2022,179.0,205.0,222.0,232.0,244.0,270.0,295.0,1.0,1.0
740,2790,424210.5,3812452.5,2022,171.0,204.0,221.0,231.0,242.0,269.0,301.0,1.0,1.0
737,2829,424327.5,3812461.5,2022,173.0,207.0,224.0,233.0,245.0,269.0,300.0,1.0,1.0
743,2857,424411.5,3812443.5,2022,148.0,206.0,223.0,233.0,244.0,268.0,300.0,1.0,1.0
725,2894,424522.5,3812497.5,2022,178.0,207.0,223.0,232.0,243.0,265.0,295.0,1.0,1.0
745,2917,424591.5,3812437.5,2022,167.0,204.0,223.0,232.0,242.0,264.0,296.0,1.0,1.0
743,2966,424738.5,3812443.5,2022,154.0,184.0,218.0,230.0,242.0,268.0,303.0,1.0,1.0
744,2980,424780.5,3812440.5,2022,157.0,191.0,220.0,231.0,243.0,268.0,309.0,1.0,1.0
749,3000,424840.5,3812425.5,2022,155.0,188.0,220.0,231.0,243.0,268.0,301.0,1.0,1.0
731,3049,424987.5,3812479.5,2022,153.0,187.0,222.0,233.0,245.0,269.0,307.0,1.0,1.0
726,3061,425023.5,3812494.5,2022,154.0,197.0,223.0,234.0,245.0,269.0,304.0,1.0,1.0
722,3107,425161.5,3812506.5,2022,157.0,200.0,220.0,230.0,241.0,264.0,301.0,1.0,1.0
720,3121,425203.5,3812512.5,2022,158.0,198.0,219.0,230.0,241.0,266.0,306.0,1.0,1.0
726,3172,425356.5,3812494.5,2022,170.0,197.0,218.0,229.0,241.0,266.0,294.0,1.0,1.0
728,3187,425401.5,3812488.5,2022,175.0,200.0,218.0,229.0,242.0,268.0,291.0,1.0,1.0
749,3233,425539.5,3812425.5,2022,173.0,197.0,216.0,227.0,239.0,264.0,294.0,1.0,1.0
728,3245,425575.5,3812488.5,2022,172.0,195.0,215.0,226.0,238.0,265.0,292.0,1.0,1.0
726,3278,425674.5,3812494.5,2022,175.0,196.0,215.0,226.0,239.0,265.0,290.0,1.0,1.0
733,3312,425776.5,3812473.5,2022,175.0,195.0,212.0,222.0,236.0,265.0,291.0,1.0,1.0
737,3330,425830.5,3812461.5,2022,173.0,194.0,213.0,223.0,239.0,268.0,292.0,1.0,1.0
757,26,415918.5,3812401.5,2022,150.0,208.0,231.0,241.0,253.0,274.0,301.0,1.0,1.0
755,47,415981.5,3812407.5,2022,122.0,171.0,226.0,240.0,254.0,274.0,294.0,1.0,1.0
766,79,416077.5,3812374.5,2022,157.0,216.0,231.0,240.0,250.0,270.0,302.0,1.0,1.0
759,106,416158.5,3812395.5,2022,139.0,176.0,227.0,238.0,251.0,275.0,322.0,1.0,1.0
764,121,416203.5,3812380.5,2022,107.0,172.0,226.0,237.0,250.0,274.0,320.0,1.0,1.0
779,219,416497.5,3812335.5,2022,100.0,173.0,228.0,239.0,250.0,271.0,317.0,1.0,1.0
767,262,416626.5,3812371.5,2022,117.0,178.0,229.0,238.0,250.0,270.0,306.0,1.0,1.0
778,273,416659.5,3812338.5,2022,106.0,172.0,227.0,238.0,250.0,272.0,317.0,1.0,1.0
778,329,416827.5,3812338.5,2022,123.0,179.0,227.0,239.0,251.0,272.0,312.0,1.0,1.0
754,350,416890.5,3812410.5,2022,137.0,181.0,224.0,235.0,247.0,273.0,315.0,1.0,1.0
754,389,417007.5,3812410.5,2022,99.0,170.0,222.0,235.0,247.0,272.0,321.0,1.0,1.0
757,405,417055.5,3812401.5,2022,102.0,175.0,220.0,233.0,246.0,270.0,322.0,1.0,1.0
772,431,417133.5,3812356.5,2022,100.0,175.0,224.0,236.0,247.0,268.0,309.0,1.0,1.0
776,472,417256.5,3812344.5,2022,95.0,176.0,221.0,234.0,246.0,271.0,316.0,1.0,1.0
771,502,417346.5,3812359.5,2022,144.0,204.0,225.0,235.0,246.0,266.0,300.0,1.0,1.0
772,513,417379.5,3812356.5,2022,146.0,206.0,226.0,236.0,246.0,267.0,302.0,1.0,1.0
768,552,417496.5,3812368.5,2022,151.0,204.0,226.0,236.0,246.0,266.0,298.0,1.0,1.0
774,592,417616.5,3812350.5,2022,143.0,204.0,225.0,235.0,245.0,266.0,316.0,1.0,1.0
771,625,417715.5,3812359.5,2022,158.0,210.0,228.0,237.0,248.0,269.0,298.0,1.0,1.0
767,656,417808.5,3812371.5,2022,160.0,211.0,226.0,235.0,243.0,261.0,293.0,1.0,1.0
779,677,417871.5,3812335.5,2022,135.0,208.0,228.0,237.0,247.0,267.0,303.0,1.0,1.0
750,707,417961.5,3812422.5,2022,124.0,204.0,227.0,237.0,248.0,269.0,300.0,1.0,1.0
756,742,418066.5,3812404.5,2022,119.0,203.0,226.0,236.0,247.0,268.0,306.0,1.0,2.0
767,756,418108.5,3812371.5,2022,120.0,185.0,226.0,236.0,247.0,267.0,308.0,1.0,1.0
770,785,418195.5,3812362.5,2022,112.0,181.0,225.0,235.0,246.0,269.0,314.0,1.0,1.0
758,839,418357.5,3812398.5,2022,119.0,188.0,224.0,235.0,246.0,269.0,316.0,1.0,2.0
775,851,418393.5,3812347.5,2022,115.0,184.0,226.0,237.0,248.0,269.0,320.0,1.0,1.0
776,893,418519.5,3812344.5,2022,117.0,187.0,226.0,237.0,248.0,270.0,308.0,1.0,1.0
767,903,418549.5,3812371.5,2022,117.0,182.0,225.0,236.0,247.0,268.0,307.0,1.0,1.0
763,944,418672.5,3812383.5,2022,132.0,186.0,224.0,235.0,245.0,266.0,307.0,1.0,1.0
750,963,418729.5,3812422.5,2022,102.0,186.0,226.0,236.0,246.0,267.0,310.0,1.0,1.0
779,1031,418933.5,3812335.5,2022,102.0,187.0,226.0,237.0,249.0,273.0,320.0,1.0,1.0
750,1053,418999.5,3812422.5,2022,104.0,180.0,225.0,236.0,249.0,274.0,315.0,1.0,1.0
751,1082,419086.5,3812419.5,2022,104.0,182.0,226.0,238.0,251.0,273.0,312.0,1.0,1.0
752,1127,419221.5,3812416.5,2022,93.0,184.0,228.0,238.0,250.0,271.0,317.0,1.0,1.0
750,1154,419302.5,3812422.5,2022,124.0,186.0,227.0,237.0,249.0,271.0,313.0,1.0,1.0
750,1186,419398.5,3812422.5,2022,140.0,189.0,227.0,237.0,247.0,266.0,289.0,1.0,1.0
756,1224,419512.5,3812404.5,2022,152.0,211.0,229.0,238.0,248.0,269.0,297.0,1.0,1.0
757,1252,419596.5,3812401.5,2022,152.0,210.0,229.0,237.0,248.0,270.0,295.0,1.0,1.0
776,1277,419671.5,3812344.5,2022,151.0,211.0,230.0,238.0,249.0,269.0,299.0,1.0,1.0
762,1297,419731.5,3812386.5,2022,151.0,212.0,229.0,238.0,248.0,268.0,295.0,1.0,2.0
767,1347,419881.5,3812371.5,2022,153.0,210.0,227.0,236.0,246.0,267.0,302.0,1.0,2.0
776,1365,419935.5,3812344.5,2022,143.0,205.0,227.0,237.0,247.0,268.0,303.0,1.0,1.0
764,1400,420040.5,3812380.5,2022,143.0,206.0,227.0,236.0,247.0,269.0,316.0,1.0,2.0
772,1426,420118.5,3812356.5,2022,119.0,191.0,228.0,237.0,249.0,271.0,309.0,1.0,1.0
754,1444,420172.5,3812410.5,2022,127.0,184.0,228.0,238.0,250.0,272.0,308.0,1.0,1.0
778,1480,420280.5,3812338.5,2022,111.0,188.0,228.0,237.0,250.0,273.0,307.0,1.0,2.0
770,1504,420352.5,3812362.5,2022,123.0,185.0,230.0,239.0,252.0,275.0,319.0,1.0,2.0
756,1536,420448.5,3812404.5,2022,122.0,206.0,228.0,238.0,252.0,277.0,319.0,1.0,1.0
756,1586,420598.5,3812404.5,2022,160.0,210.0,227.0,236.0,247.0,270.0,301.0,1.0,1.0
773,1619,420697.5,3812353.5,2022,166.0,213.0,231.0,240.0,253.0,275.0,310.0,1.0,1.0
767,1640,420760.5,3812371.5,2022,157.0,205.0,229.0,238.0,251.0,274.0,313.0,1.0,1.0
768,1677,420871.5,3812368.5,2022,151.0,180.0,227.0,237.0,249.0,273.0,308.0,1.0,1.0
777,1687,420901.5,3812341.5,2022,116.0,174.0,228.0,238.0,252.0,275.0,312.0,1.0,1.0
757,1730,421030.5,3812401.5,2022,123.0,203.0,226.0,236.0,247.0,269.0,296.0,1.0,2.0
751,1752,421096.5,3812419.5,2022,126.0,206.0,227.0,236.0,247.0,270.0,307.0,1.0,1.0
778,1787,421201.5,3812338.5,2022,158.0,209.0,230.0,239.0,249.0,268.0,369.0,1.0,2.0
753,1806,421258.5,3812413.5,2022,161.0,206.0,228.0,237.0,247.0,267.0,296.0,1.0,2.0
779,1857,421411.5,3812335.5,2022,158.0,183.0,225.0,234.0,243.0,266.0,297.0,1.0,2.0
768,1872,421456.5,3812368.5,2022,161.0,200.0,223.0,232.0,241.0,264.0,296.0,1.0,2.0
768,1904,421552.5,3812368.5,2022,146.0,177.0,227.0,237.0,248.0,272.0,307.0,1.0,2.0
763,1941,421663.5,3812383.5,2022,127.0,175.0,228.0,239.0,251.0,274.0,316.0,1.0,1.0
777,1958,421714.5,3812341.5,2022,153.0,180.0,229.0,239.0,251.0,275.0,308.0,1.0,1.0
753,1997,421831.5,3812413.5,2022,134.0,176.0,229.0,239.0,252.0,277.0,319.0,1.0,1.0
762,2022,421906.5,3812386.5,2022,147.0,175.0,228.0,238.0,250.0,277.0,319.0,1.0,1.0
778,2061,422023.5,3812338.5,2022,131.0,177.0,228.0,240.0,252.0,278.0,318.0,1.0,1.0
767,2082,422086.5,3812371.5,2022,144.0,181.0,229.0,240.0,252.0,276.0,318.0,1.0,1.0
763,2112,422176.5,3812383.5,2022,135.0,182.0,227.0,238.0,251.0,273.0,318.0,1.0,1.0
774,2144,422272.5,3812350.5,2022,121.0,182.0,225.0,236.0,249.0,273.0,316.0,1.0,1.0
776,2189,422407.5,3812344.5,2022,136.0,181.0,225.0,237.0,250.0,276.0,323.0,1.0,1.0
758,2194,422422.5,3812398.5,2022,151.0,183.0,223.0,235.0,247.0,270.0,314.0,1.0,1.0
751,2229,422527.5,3812419.5,2022,143.0,183.0,223.0,235.0,249.0,274.0,315.0,1.0,1.0
757,2274,422662.5,3812401.5,2022,148.0,197.0,227.0,237.0,250.0,272.0,316.0,1.0,1.0
757,2306,422758.5,3812401.5,2022,145.0,189.0,222.0,234.0,247.0,273.0,311.0,1.0,1.0
779,2316,422788.5,3812335.5,2022,137.0,185.0,225.0,237.0,252.0,279.0,320.0,1.0,1.0
772,2354,422902.5,3812356.5,2022,155.0,211.0,230.0,239.0,250.0,271.0,305.0,1.0,1.0
772,2382,422986.5,3812356.5,2022,144.0,186.0,222.0,235.0,248.0,275.0,312.0,1.0,1.0
775,2410,423070.5,3812347.5,2022,136.0,183.0,220.0,233.0,251.0,277.0,310.0,1.0,1.0
764,2445,423175.5,3812380.5,2022,147.0,179.0,222.0,236.0,252.0,277.0,318.0,1.0,1.0
777,2463,423229.5,3812341.5,2022,142.0,180.0,218.0,233.0,249.0,275.0,310.0,1.0,1.0
760,2514,423382.5,3812392.5,2022,152.0,184.0,218.0,230.0,247.0,274.0,315.0,1.0,1.0
750,2541,423463.5,3812422.5,2022,156.0,187.0,226.0,240.0,256.0,281.0,316.0,1.0,1.0
758,2557,423511.5,3812398.5,2022,158.0,194.0,224.0,237.0,252.0,278.0,315.0,1.0,1.0
766,2601,423643.5,3812374.5,2022,150.0,185.0,222.0,234.0,248.0,274.0,313.0,1.0,1.0
764,2631,423733.5,3812380.5,2022,164.0,202.0,224.0,235.0,246.0,270.0,306.0,1.0,1.0
754,2643,423769.5,3812410.5,2022,156.0,204.0,223.0,234.0,245.0,268.0,304.0,1.0,1.0
777,2687,423901.5,3812341.5,2022,154.0,202.0,225.0,236.0,248.0,273.0,309.0,1.0,1.0
770,2703,423949.5,3812362.5,2022,158.0,201.0,225.0,236.0,249.0,273.0,312.0,1.0,1.0
765,2759,424117.5,3812377.5,2022,171.0,204.0,222.0,231.0,242.0,265.0,295.0,1.0,1.0
758,2782,424186.5,3812398.5,2022,175.0,204.0,221.0,230.0,242.0,268.0,297.0,1.0,1.0
775,2801,424243.5,3812347.5,2022,161.0,206.0,225.0,235.0,246.0,270.0,300.0,1.0,1.0
766,2841,424363.5,3812374.5,2022,187.0,209.0,223.0,232.0,243.0,266.0,291.0,1.0,1.0
750,2864,424432.5,3812422.5,2022,156.0,208.0,225.0,235.0,245.0,269.0,299.0,1.0,1.0
774,2908,424564.5,3812350.5,2022,168.0,205.0,222.0,231.0,241.0,263.0,294.0,1.0,1.0
773,2922,424606.5,3812353.5,2022,160.0,203.0,222.0,232.0,243.0,264.0,290.0,1.0,1.0
766,2953,424699.5,3812374.5,2022,159.0,199.0,220.0,230.0,241.0,267.0,306.0,1.0,1.0
757,2994,424822.5,3812401.5,2022,154.0,189.0,220.0,232.0,243.0,268.0,305.0,1.0,1.0
776,3017,424891.5,3812344.5,2022,157.0,198.0,222.0,232.0,244.0,267.0,308.0,1.0,1.0
752,3030,424930.5,3812416.5,2022,155.0,197.0,221.0,232.0,243.0,268.0,299.0,1.0,1.0
760,3062,425026.5,3812392.5,2022,152.0,190.0,219.0,230.0,242.0,267.0,309.0,1.0,1.0
765,3117,425191.5,3812377.5,2022,164.0,202.0,220.0,230.0,242.0,266.0,294.0,1.0,1.0
761,3127,425221.5,3812389.5,2022,155.0,199.0,220.0,231.0,242.0,265.0,300.0,1.0,1.0
760,3163,425329.5,3812392.5,2022,159.0,197.0,218.0,229.0,240.0,265.0,296.0,1.0,1.0
770,3181,425383.5,3812362.5,2022,165.0,197.0,218.0,230.0,243.0,268.0,294.0,1.0,1.0
750,3215,425485.5,3812422.5,2022,175.0,198.0,216.0,227.0,239.0,265.0,292.0,1.0,1.0
778,3269,425647.5,3812338.5,2022,160.0,191.0,214.0,226.0,240.0,268.0,301.0,1.0,1.0
762,3272,425656.5,3812386.5,2022,179.0,198.0,215.0,226.0,240.0,268.0,293.0,1.0,1.0
773,3314,425782.5,3812353.5,2022,163.0,192.0,212.0,223.0,236.0,263.0,291.0,1.0,1.0
759,3332,425836.5,3812395.5,2022,168.0,192.0,212.0,222.0,236.0,263.0,294.0,1.0,1.0
807,4,415852.5,3812251.5,2022,143.0,181.0,232.0,241.0,252.0,276.0,316.0,1.0,2.0
806,32,415936.5,3812254.5,2022,149.0,214.0,232.0,241.0,252.0,277.0,316.0,1.0,1.0
794,83,416089.5,3812290.5,2022,126.0,176.0,228.0,239.0,251.0,276.0,323.0,1.0,1.0
793,99,416137.5,3812293.5,2022,140.0,181.0,229.0,240.0,252.0,278.0,325.0,1.0,1.0
808,209,416467.5,3812248.5,2022,98.0,172.0,227.0,239.0,252.0,273.0,317.0,1.0,1.0
797,213,416479.5,3812281.5,2022,98.0,176.0,228.0,238.0,249.0,271.0,314.0,1.0,1.0
784,240,416560.5,3812320.5,2022,108.0,175.0,228.0,238.0,249.0,269.0,317.0,1.0,1.0
788,286,416698.5,3812308.5,2022,105.0,178.0,229.0,238.0,249.0,270.0,310.0,1.0,1.0
796,318,416794.5,3812284.5,2022,98.0,175.0,227.0,238.0,250.0,273.0,317.0,1.0,1.0
796,346,416878.5,3812284.5,2022,97.0,174.0,223.0,235.0,247.0,271.0,325.0,1.0,1.0
785,370,416950.5,3812317.5,2022,97.0,172.0,223.0,236.0,248.0,272.0,314.0,1.0,1.0
799,408,417064.5,3812275.5,2022,93.0,174.0,223.0,235.0,247.0,271.0,319.0,1.0,1.0
793,424,417112.5,3812293.5,2022,89.0,169.0,226.0,237.0,249.0,272.0,316.0,1.0,1.0
794,478,417274.5,3812290.5,2022,102.0,178.0,220.0,232.0,245.0,268.0,315.0,1.0,1.0
788,496,417328.5,3812308.5,2022,142.0,206.0,226.0,236.0,247.0,268.0,299.0,1.0,1.0
806,536,417448.5,3812254.5,2022,152.0,206.0,226.0,236.0,247.0,268.0,310.0,1.0,1.0
798,561,417523.5,3812278.5,2022,162.0,207.0,226.0,237.0,248.0,269.0,307.0,1.0,1.0
790,579,417577.5,3812302.5,2022,148.0,206.0,226.0,236.0,247.0,268.0,302.0,1.0,1.0
781,604,417652.5,3812329.5,2022,156.0,211.0,228.0,237.0,248.0,268.0,302.0,1.0,1.0
788,633,417739.5,3812308.5,2022,160.0,211.0,226.0,235.0,244.0,263.0,295.0,1.0,1.0
780,689,417907.5,3812332.5,2022,128.0,212.0,229.0,238.0,248.0,268.0,306.0,1.0,1.0
794,701,417943.5,3812290.5,2022,127.0,208.0,226.0,236.0,246.0,265.0,295.0,1.0,1.0
786,735,418045.5,3812314.5,2022,125.0,206.0,226.0,236.0,247.0,268.0,307.0,1.0,1.0
794,751,418093.5,3812290.5,2022,124.0,202.0,228.0,238.0,249.0,271.0,314.0,1.0,1.0
803,809,418267.5,3812263.5,2022,122.0,180.0,227.0,238.0,249.0,270.0,325.0,1.0,1.0
804,821,418303.5,3812260.5,2022,121.0,185.0,225.0,236.0,247.0,272.0,319.0,1.0,1.0
783,887,418501.5,3812323.5,2022,99.0,181.0,226.0,237.0,248.0,270.0,308.0,1.0,1.0
783,927,418621.5,3812323.5,2022,116.0,190.0,226.0,236.0,247.0,267.0,302.0,1.0,1.0
799,951,418693.5,3812275.5,2022,131.0,182.0,224.0,235.0,246.0,270.0,312.0,1.0,1.0
804,962,418726.5,3812260.5,2022,114.0,186.0,226.0,237.0,249.0,272.0,312.0,1.0,1.0
785,1016,418888.5,3812317.5,2022,100.0,178.0,221.0,233.0,245.0,270.0,319.0,1.0,1.0
788,1024,418912.5,3812308.5,2022,107.0,179.0,222.0,233.0,245.0,271.0,319.0,1.0,1.0
796,1057,419011.5,3812284.5,2022,109.0,179.0,224.0,236.0,248.0,271.0,314.0,1.0,1.0
799,1099,419137.5,3812275.5,2022,98.0,181.0,226.0,237.0,249.0,272.0,322.0,1.0,1.0
807,1111,419173.5,3812251.5,2022,105.0,183.0,226.0,236.0,248.0,270.0,313.0,1.0,1.0
803,1162,419326.5,3812263.5,2022,111.0,206.0,228.0,238.0,249.0,270.0,310.0,1.0,1.0
792,1170,419350.5,3812296.5,2022,117.0,191.0,229.0,239.0,249.0,269.0,297.0,1.0,1.0
796,1215,419485.5,3812284.5,2022,159.0,212.0,228.0,237.0,247.0,268.0,303.0,1.0,1.0
800,1251,419593.5,3812272.5,2022,115.0,211.0,229.0,238.0,249.0,269.0,293.0,1.0,1.0
793,1263,419629.5,3812293.5,2022,113.0,207.0,228.0,237.0,247.0,268.0,294.0,1.0,1.0
800,1305,419755.5,3812272.5,2022,154.0,212.0,229.0,237.0,248.0,271.0,303.0,1.0,1.0
797,1336,419848.5,3812281.5,2022,154.0,208.0,227.0,237.0,248.0,272.0,304.0,1.0,1.0
782,1354,419902.5,3812326.5,2022,140.0,206.0,228.0,237.0,248.0,270.0,307.0,1.0,1.0
808,1381,419983.5,3812248.5,2022,113.0,185.0,228.0,238.0,249.0,272.0,309.0,1.0,1.0
797,1416,420088.5,3812281.5,2022,125.0,189.0,228.0,237.0,248.0,270.0,312.0,1.0,2.0
792,1453,420199.5,3812296.5,2022,128.0,209.0,229.0,238.0,250.0,273.0,311.0,1.0,2.0
806,1494,420322.5,3812254.5,2022,107.0,182.0,228.0,238.0,250.0,273.0,309.0,1.0,2.0
797,1501,420343.5,3812281.5,2022,151.0,189.0,228.0,238.0,250.0,274.0,316.0,1.0,2.0
790,1531,420433.5,3812302.5,2022,155.0,209.0,229.0,238.0,251.0,279.0,328.0,1.0,2.0
798,1602,420646.5,3812278.5,2022,147.0,207.0,229.0,239.0,251.0,275.0,312.0,1.0,1.0
789,1628,420724.5,3812305.5,2022,164.0,215.0,231.0,241.0,253.0,277.0,319.0,1.0,1.0
791,1665,420835.5,3812299.5,2022,92.0,177.0,228.0,238.0,251.0,276.0,316.0,1.0,1.0
787,1686,420898.5,3812311.5,2022,118.0,182.0,226.0,236.0,248.0,271.0,306.0,1.0,1.0
788,1722,421006.5,3812308.5,2022,152.0,208.0,227.0,235.0,247.0,271.0,310.0,1.0,2.0
802,1763,421129.5,3812266.5,2022,157.0,207.0,227.0,236.0,247.0,271.0,301.0,1.0,1.0
800,1779,421177.5,3812272.5,2022,157.0,205.0,227.0,236.0,247.0,270.0,298.0,1.0,1.0
784,1807,421261.5,3812320.5,2022,161.0,184.0,226.0,237.0,248.0,267.0,288.0,1.0,1.0
792,1842,421366.5,3812296.5,2022,162.0,187.0,226.0,235.0,246.0,269.0,294.0,1.0,2.0
781,1883,421489.5,3812329.5,2022,152.0,182.0,226.0,235.0,245.0,268.0,301.0,1.0,2.0
791,1906,421558.5,3812299.5,2022,124.0,174.0,225.0,237.0,250.0,277.0,320.0,1.0,1.0
780,1945,421675.5,3812332.5,2022,110.0,174.0,229.0,240.0,253.0,278.0,309.0,1.0,1.0
807,2003,421849.5,3812251.5,2022,122.0,176.0,229.0,239.0,250.0,273.0,315.0,1.0,1.0
805,2033,421939.5,3812257.5,2022,111.0,176.0,228.0,239.0,251.0,278.0,321.0,1.0,1.0
793,2049,421987.5,3812293.5,2022,127.0,177.0,228.0,239.0,251.0,278.0,320.0,1.0,1.0
794,2074,422062.5,3812290.5,2022,138.0,183.0,228.0,240.0,253.0,277.0,321.0,1.0,1.0
805,2123,422209.5,3812257.5,2022,132.0,178.0,228.0,240.0,254.0,282.0,331.0,1.0,1.0
808,2133,422239.5,3812248.5,2022,136.0,181.0,226.0,238.0,251.0,277.0,331.0,1.0,1.0
789,2174,422362.5,3812305.5,2022,126.0,184.0,225.0,236.0,249.0,275.0,322.0,1.0,1.0
794,2216,422488.5,3812290.5,2022,137.0,186.0,226.0,237.0,251.0,275.0,327.0,1.0,1.0
795,2222,422506.5,3812287.5,2022,129.0,183.0,227.0,238.0,252.0,277.0,321.0,1.0,1.0
802,2267,422641.5,3812266.5,2022,143.0,184.0,229.0,240.0,253.0,277.0,325.0,1.0,1.0
799,2301,422743.5,3812275.5,2022,145.0,184.0,227.0,239.0,252.0,274.0,319.0,1.0,1.0
788,2319,422797.5,3812308.5,2022,143.0,187.0,226.0,237.0,251.0,277.0,323.0,1.0,1.0
786,2367,422941.5,3812314.5,2022,138.0,181.0,221.0,233.0,247.0,274.0,314.0,1.0,1.0
795,2383,422989.5,3812287.5,2022,135.0,181.0,221.0,233.0,248.0,274.0,315.0,1.0,1.0
784,2416,423088.5,3812320.5,2022,145.0,183.0,220.0,233.0,248.0,274.0,321.0,1.0,1.0
788,2456,423208.5,3812308.5,2022,145.0,183.0,221.0,234.0,249.0,274.0,318.0,1.0,1.0
807,2487,423301.5,3812251.5,2022,146.0,181.0,218.0,232.0,247.0,274.0,315.0,1.0,1.0
782,2517,423391.5,3812326.5,2022,135.0,177.0,219.0,234.0,251.0,277.0,318.0,1.0,1.0
795,2534,423442.5,3812287.5,2022,149.0,179.0,221.0,234.0,249.0,273.0,311.0,1.0,1.0
808,2557,423511.5,3812248.5,2022,149.0,182.0,219.0,233.0,249.0,275.0,343.0,1.0,1.0
782,2600,423640.5,3812326.5,2022,147.0,182.0,219.0,232.0,249.0,274.0,313.0,1.0,1.0
785,2623,423709.5,3812317.5,2022,152.0,184.0,222.0,235.0,250.0,276.0,312.0,1.0,1.0
797,2659,423817.5,3812281.5,2022,155.0,196.0,224.0,235.0,248.0,274.0,316.0,1.0,1.0
806,2672,423856.5,3812254.5,2022,157.0,196.0,223.0,235.0,247.0,273.0,316.0,1.0,1.0
783,2718,423994.5,3812323.5,2022,147.0,183.0,220.0,233.0,247.0,273.0,316.0,1.0,1.0
798,2739,424057.5,3812278.5,2022,152.0,186.0,223.0,234.0,247.0,273.0,316.0,1.0,1.0
799,2775,424165.5,3812275.5,2022,148.0,198.0,224.0,235.0,248.0,273.0,317.0,1.0,1.0
801,2800,424240.5,3812269.5,2022,150.0,203.0,225.0,236.0,248.0,273.0,306.0,1.0,1.0
805,2846,424378.5,3812257.5,2022,159.0,206.0,223.0,232.0,243.0,267.0,302.0,1.0,1.0
794,2875,424465.5,3812290.5,2022,164.0,208.0,225.0,234.0,245.0,269.0,298.0,1.0,1.0
793,2899,424537.5,3812293.5,2022,160.0,204.0,222.0,232.0,243.0,268.0,310.0,1.0,1.0
803,2918,424594.5,3812263.5,2022,158.0,203.0,223.0,233.0,244.0,267.0,300.0,1.0,1.0
808,2948,424684.5,3812248.5,2022,156.0,196.0,221.0,232.0,243.0,268.0,306.0,1.0,1.0
795,2981,424783.5,3812287.5,2022,151.0,200.0,221.0,232.0,243.0,267.0,304.0,1.0,1.0
797,3007,424861.5,3812281.5,2022,152.0,198.0,221.0,232.0,243.0,269.0,316.0,1.0,1.0
795,3055,425005.5,3812287.5,2022,152.0,196.0,221.0,232.0,244.0,270.0,306.0,1.0,1.0
783,3068,425044.5,3812323.5,2022,162.0,194.0,219.0,231.0,243.0,270.0,301.0,1.0,1.0
801,3100,425140.5,3812269.5,2022,164.0,202.0,219.0,229.0,240.0,264.0,299.0,1.0,1.0
787,3134,425242.5,3812311.5,2022,172.0,202.0,220.0,230.0,242.0,267.0,297.0,1.0,1.0
788,3158,425314.5,3812308.5,2022,161.0,202.0,220.0,231.0,243.0,268.0,296.0,1.0,1.0
801,3206,425458.5,3812269.5,2022,161.0,196.0,217.0,228.0,240.0,267.0,298.0,1.0,1.0
801,3216,425488.5,3812269.5,2022,156.0,192.0,216.0,228.0,241.0,268.0,302.0,1.0,1.0
797,3241,425563.5,3812281.5,2022,166.0,195.0,215.0,226.0,239.0,268.0,305.0,1.0,1.0
797,3279,425677.5,3812281.5,2022,164.0,192.0,214.0,224.0,237.0,264.0,296.0,1.0,1.0
796,3310,425770.5,3812284.5,2022,167.0,192.0,211.0,220.0,233.0,260.0,290.0,1.0,1.0
806,3331,425833.5,3812254.5,2022,166.0,191.0,211.0,220.0,233.0,263.0,298.0,1.0,1.0
839,10,415870.5,3812155.5,2022,140.0,211.0,231.0,240.0,251.0,275.0,322.0,1.0,1.0
813,32,415936.5,3812233.5,2022,123.0,179.0,230.0,239.0,251.0,277.0,315.0,1.0,1.0
839,64,416032.5,3812155.5,2022,133.0,174.0,229.0,240.0,252.0,278.0,327.0,1.0,1.0
820,126,416218.5,3812212.5,2022,119.0,172.0,226.0,238.0,251.0,279.0,319.0,1.0,1.0
835,178,416374.5,3812167.5,2022,99.0,155.0,223.0,237.0,251.0,278.0,313.0,1.0,1.0
826,209,416467.5,3812194.5,2022,96.0,169.0,228.0,239.0,251.0,273.0,322.0,1.0,1.0
819,236,416548.5,3812215.5,2022,102.0,171.0,225.0,236.0,247.0,269.0,312.0,1.0,1.0
811,266,416638.5,3812239.5,2022,136.0,180.0,228.0,238.0,250.0,271.0,307.0,1.0,1.0
832,293,416719.5,3812176.5,2022,102.0,172.0,228.0,239.0,251.0,272.0,308.0,1.0,1.0
827,300,416740.5,3812191.5,2022,117.0,179.0,226.0,237.0,248.0,272.0,311.0,1.0,1.0
828,353,416899.5,3812188.5,2022,97.0,174.0,223.0,236.0,248.0,271.0,310.0,1.0,1.0
833,389,417007.5,3812173.5,2022,93.0,173.0,222.0,234.0,246.0,269.0,312.0,1.0,1.0
817,415,417085.5,3812221.5,2022,101.0,179.0,222.0,235.0,246.0,267.0,321.0,1.0,1.0
823,426,417118.5,3812203.5,2022,112.0,180.0,224.0,235.0,247.0,269.0,316.0,1.0,1.0
823,454,417202.5,3812203.5,2022,98.0,182.0,223.0,235.0,247.0,270.0,317.0,1.0,1.0
830,501,417343.5,3812182.5,2022,151.0,203.0,226.0,236.0,247.0,269.0,310.0,1.0,1.0
833,539,417457.5,3812173.5,2022,159.0,206.0,226.0,236.0,247.0,268.0,300.0,1.0,1.0
829,552,417496.5,3812185.5,2022,173.0,210.0,226.0,235.0,245.0,264.0,290.0,1.0,1.0
833,595,417625.5,3812173.5,2022,147.0,207.0,226.0,236.0,246.0,265.0,295.0,1.0,1.0
814,629,417727.5,3812230.5,2022,151.0,209.0,228.0,237.0,247.0,266.0,304.0,1.0,1.0
830,643,417769.5,3812182.5,2022,143.0,206.0,226.0,236.0,246.0,268.0,310.0,1.0,1.0
834,663,417829.5,3812170.5,2022,121.0,206.0,227.0,237.0,247.0,268.0,303.0,1.0,1.0
834,716,417988.5,3812170.5,2022,126.0,204.0,225.0,235.0,245.0,266.0,299.0,1.0,1.0
820,742,418066.5,3812212.5,2022,111.0,199.0,224.0,235.0,245.0,266.0,310.0,1.0,1.0
833,768,418144.5,3812173.5,2022,126.0,208.0,228.0,237.0,248.0,269.0,315.0,1.0,1.0
813,804,418252.5,3812233.5,2022,116.0,187.0,227.0,237.0,249.0,270.0,312.0,1.0,1.0
833,835,418345.5,3812173.5,2022,122.0,190.0,226.0,237.0,247.0,267.0,309.0,1.0,1.0
839,848,418384.5,3812155.5,2022,119.0,201.0,227.0,236.0,247.0,267.0,302.0,1.0,1.0
810,885,418495.5,3812242.5,2022,132.0,189.0,227.0,237.0,247.0,268.0,306.0,1.0,1.0
819,900,418540.5,3812215.5,2022,103.0,183.0,227.0,237.0,248.0,271.0,308.0,1.0,1.0
837,930,418630.5,3812161.5,2022,119.0,200.0,227.0,238.0,249.0,271.0,307.0,1.0,1.0
835,983,418789.5,3812167.5,2022,105.0,186.0,224.0,235.0,247.0,271.0,314.0,1.0,1.0
827,1012,418876.5,3812191.5,2022,102.0,185.0,228.0,238.0,250.0,273.0,311.0,1.0,1.0
827,1021,418903.5,3812191.5,2022,111.0,185.0,226.0,237.0,249.0,270.0,307.0,1.0,1.0
838,1072,419056.5,3812158.5,2022,100.0,179.0,225.0,236.0,248.0,274.0,313.0,1.0,1.0
830,1086,419098.5,3812182.5,2022,93.0,182.0,224.0,235.0,247.0,269.0,308.0,1.0,1.0
811,1111,419173.5,3812239.5,2022,123.0,186.0,226.0,237.0,249.0,273.0,313.0,1.0,1.0
827,1167,419341.5,3812191.5,2022,109.0,183.0,228.0,238.0,249.0,269.0,298.0,1.0,1.0
832,1195,419425.5,3812176.5,2022,154.0,210.0,228.0,237.0,248.0,268.0,291.0,1.0,1.0
835,1226,419518.5,3812167.5,2022,150.0,213.0,229.0,238.0,248.0,268.0,292.0,1.0,1.0
822,1254,419602.5,3812206.5,2022,152.0,211.0,229.0,237.0,248.0,269.0,300.0,1.0,1.0
837,1260,419620.5,3812161.5,2022,132.0,212.0,230.0,239.0,250.0,271.0,303.0,1.0,1.0
839,1309,419767.5,3812155.5,2022,150.0,183.0,229.0,238.0,250.0,272.0,309.0,1.0,1.0
825,1348,419884.5,3812197.5,2022,129.0,209.0,229.0,238.0,249.0,274.0,318.0,1.0,1.0
820,1364,419932.5,3812212.5,2022,151.0,208.0,229.0,238.0,250.0,272.0,309.0,1.0,2.0
817,1390,420010.5,3812221.5,2022,111.0,203.0,229.0,239.0,251.0,273.0,317.0,1.0,1.0
823,1432,420136.5,3812203.5,2022,105.0,184.0,228.0,237.0,250.0,274.0,316.0,1.0,2.0
833,1445,420175.5,3812173.5,2022,113.0,185.0,230.0,240.0,252.0,273.0,312.0,1.0,2.0
810,1498,420334.5,3812242.5,2022,118.0,181.0,229.0,239.0,251.0,274.0,321.0,1.0,2.0
832,1583,420589.5,3812176.5,2022,152.0,214.0,231.0,241.0,254.0,277.0,309.0,1.0,2.0
823,1605,420655.5,3812203.5,2022,160.0,210.0,229.0,239.0,252.0,277.0,327.0,1.0,1.0
827,1629,420727.5,3812191.5,2022,109.0,210.0,230.0,239.0,251.0,275.0,316.0,1.0,1.0
831,1667,420841.5,3812179.5,2022,118.0,206.0,228.0,238.0,251.0,275.0,314.0,1.0,1.0
838,1701,420943.5,3812158.5,2022,153.0,205.0,227.0,236.0,248.0,271.0,312.0,1.0,2.0
814,1735,421045.5,3812230.5,2022,142.0,180.0,230.0,239.0,253.0,281.0,320.0,1.0,1.0
823,1743,421069.5,3812203.5,2022,150.0,206.0,229.0,238.0,250.0,274.0,313.0,1.0,1.0
823,1788,421204.5,3812203.5,2022,148.0,187.0,226.0,235.0,245.0,269.0,302.0,1.0,2.0
812,1826,421318.5,3812236.5,2022,156.0,187.0,227.0,236.0,247.0,271.0,302.0,1.0,2.0
813,1842,421366.5,3812233.5,2022,138.0,180.0,228.0,237.0,250.0,276.0,315.0,1.0,2.0
816,1870,421450.5,3812224.5,2022,103.0,173.0,226.0,237.0,249.0,276.0,328.0,1.0,2.0
833,1915,421585.5,3812173.5,2022,104.0,176.0,228.0,239.0,251.0,275.0,325.0,1.0,2.0
817,1969,421747.5,3812221.5,2022,107.0,172.0,231.0,242.0,254.0,278.0,328.0,1.0,1.0
823,2007,421861.5,3812203.5,2022,110.0,176.0,227.0,239.0,251.0,276.0,313.0,1.0,1.0
828,2032,421936.5,3812188.5,2022,120.0,177.0,228.0,239.0,252.0,278.0,323.0,1.0,1.0
821,2062,422026.5,3812209.5,2022,144.0,187.0,229.0,239.0,251.0,275.0,320.0,1.0,1.0
829,2091,422113.5,3812185.5,2022,117.0,179.0,230.0,242.0,255.0,282.0,324.0,1.0,1.0
811,2119,422197.5,3812239.5,2022,145.0,178.0,228.0,240.0,254.0,278.0,322.0,1.0,1.0
839,2148,422284.5,3812155.5,2022,125.0,177.0,227.0,239.0,253.0,282.0,328.0,1.0,1.0
810,2186,422398.5,3812242.5,2022,141.0,184.0,224.0,236.0,250.0,277.0,321.0,1.0,1.0
810,2210,422470.5,3812242.5,2022,133.0,179.0,225.0,237.0,251.0,279.0,328.0,1.0,1.0
819,2241,422563.5,3812215.5,2022,144.0,179.0,229.0,240.0,252.0,275.0,318.0,1.0,1.0
836,2270,422650.5,3812164.5,2022,127.0,181.0,228.0,239.0,252.0,276.0,323.0,1.0,1.0
826,2292,422716.5,3812194.5,2022,119.0,178.0,227.0,239.0,252.0,274.0,325.0,1.0,1.0
819,2339,422857.5,3812215.5,2022,146.0,177.0,231.0,242.0,255.0,280.0,328.0,1.0,1.0
827,2363,422929.5,3812191.5,2022,142.0,184.0,222.0,234.0,248.0,274.0,317.0,1.0,1.0
817,2387,423001.5,3812221.5,2022,137.0,180.0,220.0,233.0,247.0,273.0,314.0,1.0,1.0
819,2411,423073.5,3812215.5,2022,139.0,189.0,223.0,235.0,250.0,275.0,314.0,1.0,1.0
829,2442,423166.5,3812185.5,2022,142.0,179.0,220.0,233.0,249.0,276.0,309.0,1.0,1.0
816,2489,423307.5,3812224.5,2022,145.0,180.0,218.0,232.0,248.0,275.0,324.0,1.0,1.0
824,2505,423355.5,3812200.5,2022,140.0,183.0,218.0,232.0,248.0,276.0,321.0,1.0,1.0
825,2542,423466.5,3812197.5,2022,146.0,183.0,219.0,232.0,247.0,276.0,322.0,1.0,1.0
812,2566,423538.5,3812236.5,2022,137.0,178.0,217.0,231.0,247.0,274.0,328.0,1.0,1.0
832,2597,423631.5,3812176.5,2022,100.0,181.0,221.0,235.0,249.0,274.0,314.0,1.0,1.0
818,2632,423736.5,3812218.5,2022,141.0,177.0,219.0,233.0,249.0,276.0,315.0,1.0,1.0
810,2659,423817.5,3812242.5,2022,156.0,196.0,223.0,234.0,247.0,270.0,312.0,1.0,1.0
815,2674,423862.5,3812227.5,2022,152.0,188.0,224.0,235.0,248.0,273.0,313.0,1.0,1.0
820,2708,423964.5,3812212.5,2022,116.0,179.0,217.0,232.0,252.0,285.0,324.0,1.0,1.0
837,2758,424114.5,3812161.5,2022,138.0,191.0,221.0,233.0,246.0,273.0,318.0,1.0,1.0
822,2769,424147.5,3812206.5,2022,158.0,202.0,223.0,234.0,245.0,270.0,311.0,1.0,1.0
832,2791,424213.5,3812176.5,2022,154.0,199.0,223.0,234.0,247.0,272.0,316.0,1.0,1.0
817,2849,424387.5,3812221.5,2022,156.0,204.0,224.0,234.0,246.0,271.0,306.0,1.0,1.0
823,2863,424429.5,3812203.5,2022,154.0,207.0,226.0,236.0,248.0,274.0,304.0,1.0,1.0
814,2887,424501.5,3812230.5,2022,160.0,210.0,227.0,236.0,247.0,273.0,310.0,1.0,1.0
822,2910,424570.5,3812206.5,2022,166.0,203.0,222.0,232.0,243.0,266.0,298.0,1.0,1.0
834,2961,424723.5,3812170.5,2022,145.0,190.0,220.0,231.0,243.0,270.0,312.0,1.0,1.0
828,2977,424771.5,3812188.5,2022,159.0,200.0,222.0,233.0,244.0,269.0,314.0,1.0,1.0
818,3025,424915.5,3812218.5,2022,145.0,190.0,220.0,231.0,242.0,268.0,312.0,1.0,1.0
810,3038,424954.5,3812242.5,2022,155.0,201.0,223.0,234.0,244.0,267.0,306.0,1.0,1.0
834,3089,425107.5,3812170.5,2022,154.0,196.0,221.0,232.0,243.0,269.0,305.0,1.0,1.0
831,3114,425182.5,3812179.5,2022,162.0,201.0,220.0,230.0,241.0,268.0,305.0,1.0,1.0
837,3144,425272.5,3812161.5,2022,159.0,196.0,220.0,231.0,244.0,270.0,302.0,1.0,1.0
834,3157,425311.5,3812170.5,2022,160.0,201.0,220.0,231.0,242.0,268.0,305.0,1.0,1.0
827,3186,425398.5,3812191.5,2022,156.0,198.0,219.0,229.0,241.0,266.0,301.0,1.0,1.0
834,3236,425548.5,3812170.5,2022,153.0,192.0,215.0,227.0,240.0,268.0,304.0,1.0,1.0
834,3262,425626.5,3812170.5,2022,163.0,195.0,216.0,227.0,239.0,265.0,300.0,1.0,1.0
821,3274,425662.5,3812209.5,2022,156.0,193.0,214.0,224.0,237.0,265.0,303.0,1.0,1.0
821,3323,425809.5,3812209.5,2022,160.0,193.0,213.0,223.0,236.0,264.0,297.0,1.0,1.0
836,3332,425836.5,3812164.5,2022,161.0,194.0,213.0,223.0,236.0,264.0,306.0,1.0,1.0
857,3,415849.5,3812101.5,2022,149.0,215.0,232.0,241.0,252.0,273.0,316.0,1.0,2.0
863,33,415939.5,3812083.5,2022,122.0,178.0,232.0,241.0,252.0,275.0,324.0,1.0,1.0
864,86,416098.5,3812080.5,2022,142.0,180.0,228.0,239.0,252.0,281.0,323.0,1.0,1.0
862,96,416128.5,3812086.5,2022,146.0,185.0,232.0,242.0,254.0,279.0,325.0,1.0,2.0
862,208,416464.5,3812086.5,2022,109.0,176.0,227.0,238.0,251.0,275.0,316.0,1.0,1.0
842,226,416518.5,3812146.5,2022,146.0,186.0,228.0,238.0,249.0,269.0,296.0,1.0,1.0
864,262,416626.5,3812080.5,2022,132.0,180.0,228.0,238.0,250.0,270.0,304.0,1.0,1.0
852,292,416716.5,3812116.5,2022,117.0,193.0,228.0,238.0,249.0,270.0,306.0,1.0,1.0
853,387,417001.5,3812113.5,2022,96.0,176.0,221.0,234.0,246.0,268.0,312.0,1.0,1.0
849,410,417070.5,3812125.5,2022,118.0,182.0,224.0,236.0,247.0,269.0,322.0,1.0,1.0
852,428,417124.5,3812116.5,2022,124.0,180.0,223.0,235.0,246.0,267.0,314.0,1.0,1.0
868,456,417208.5,3812068.5,2022,96.0,180.0,223.0,235.0,247.0,268.0,308.0,1.0,1.0
869,503,417349.5,3812065.5,2022,162.0,206.0,226.0,236.0,247.0,268.0,298.0,1.0,1.0
851,523,417409.5,3812119.5,2022,165.0,205.0,225.0,235.0,246.0,267.0,293.0,1.0,1.0
847,552,417496.5,3812131.5,2022,165.0,208.0,226.0,236.0,246.0,265.0,293.0,1.0,1.0
840,587,417601.5,3812152.5,2022,150.0,208.0,226.0,236.0,246.0,266.0,300.0,1.0,1.0
865,609,417667.5,3812077.5,2022,128.0,204.0,225.0,235.0,246.0,266.0,304.0,1.0,1.0
840,642,417766.5,3812152.5,2022,125.0,206.0,227.0,236.0,247.0,267.0,307.0,1.0,1.0
862,676,417868.5,3812086.5,2022,122.0,204.0,224.0,235.0,245.0,265.0,300.0,1.0,1.0
854,713,417979.5,3812110.5,2022,149.0,208.0,226.0,235.0,245.0,264.0,294.0,1.0,2.0
841,729,418027.5,3812149.5,2022,133.0,205.0,225.0,235.0,245.0,265.0,304.0,1.0,1.0
846,753,418099.5,3812134.5,2022,108.0,199.0,225.0,236.0,247.0,271.0,315.0,1.0,1.0
861,803,418249.5,3812089.5,2022,147.0,211.0,229.0,238.0,248.0,268.0,315.0,1.0,1.0
851,814,418282.5,3812119.5,2022,139.0,205.0,227.0,237.0,248.0,268.0,311.0,1.0,1.0
858,842,418366.5,3812098.5,2022,154.0,214.0,230.0,238.0,248.0,267.0,293.0,1.0,1.0
868,888,418504.5,3812068.5,2022,144.0,211.0,229.0,238.0,248.0,268.0,295.0,1.0,1.0
861,917,418591.5,3812089.5,2022,152.0,213.0,229.0,237.0,246.0,265.0,295.0,1.0,1.0
854,930,418630.5,3812110.5,2022,122.0,211.0,228.0,236.0,245.0,265.0,299.0,1.0,1.0
850,984,418792.5,3812122.5,2022,146.0,211.0,228.0,236.0,246.0,264.0,292.0,1.0,1.0
843,993,418819.5,3812143.5,2022,98.0,201.0,225.0,235.0,247.0,268.0,300.0,1.0,1.0
844,1023,418909.5,3812140.5,2022,148.0,208.0,229.0,239.0,250.0,272.0,309.0,1.0,1.0
862,1067,419041.5,3812086.5,2022,104.0,184.0,226.0,236.0,248.0,269.0,309.0,1.0,1.0
850,1100,419140.5,3812122.5,2022,104.0,183.0,226.0,236.0,247.0,269.0,315.0,1.0,1.0
845,1118,419194.5,3812137.5,2022,99.0,184.0,226.0,236.0,247.0,268.0,311.0,1.0,1.0
840,1169,419347.5,3812152.5,2022,148.0,207.0,228.0,237.0,248.0,268.0,293.0,1.0,1.0
855,1181,419383.5,3812107.5,2022,158.0,210.0,229.0,238.0,249.0,270.0,292.0,1.0,1.0
847,1202,419446.5,3812131.5,2022,166.0,212.0,229.0,238.0,249.0,270.0,292.0,1.0,1.0
854,1255,419605.5,3812110.5,2022,151.0,212.0,230.0,239.0,250.0,270.0,296.0,1.0,1.0
840,1282,419686.5,3812152.5,2022,109.0,185.0,228.0,238.0,249.0,270.0,304.0,1.0,1.0
866,1319,419797.5,3812074.5,2022,120.0,209.0,229.0,238.0,250.0,272.0,313.0,1.0,1.0
847,1337,419851.5,3812131.5,2022,147.0,210.0,228.0,238.0,249.0,271.0,306.0,1.0,1.0
859,1377,419971.5,3812095.5,2022,146.0,207.0,229.0,239.0,251.0,272.0,316.0,1.0,2.0
844,1395,420025.5,3812140.5,2022,144.0,185.0,230.0,240.0,251.0,275.0,311.0,1.0,2.0
845,1422,420106.5,3812137.5,2022,124.0,208.0,228.0,237.0,249.0,273.0,310.0,1.0,1.0
868,1451,420193.5,3812068.5,2022,125.0,211.0,231.0,240.0,252.0,278.0,318.0,1.0,2.0
851,1470,420250.5,3812119.5,2022,128.0,213.0,230.0,238.0,250.0,275.0,321.0,1.0,1.0
869,1548,420484.5,3812065.5,2022,157.0,215.0,232.0,241.0,254.0,278.0,315.0,1.0,2.0
857,1583,420589.5,3812101.5,2022,146.0,207.0,229.0,239.0,252.0,274.0,322.0,1.0,2.0
863,1590,420610.5,3812083.5,2022,128.0,211.0,229.0,239.0,251.0,277.0,319.0,1.0,1.0
841,1637,420751.5,3812149.5,2022,145.0,184.0,230.0,239.0,252.0,277.0,313.0,1.0,1.0
868,1653,420799.5,3812068.5,2022,148.0,179.0,230.0,239.0,252.0,275.0,311.0,1.0,2.0
857,1683,420889.5,3812101.5,2022,116.0,213.0,229.0,238.0,249.0,273.0,312.0,1.0,2.0
864,1710,420970.5,3812080.5,2022,159.0,213.0,229.0,238.0,251.0,277.0,329.0,1.0,2.0
857,1749,421087.5,3812101.5,2022,156.0,212.0,229.0,238.0,248.0,271.0,309.0,1.0,1.0
851,1796,421228.5,3812119.5,2022,154.0,179.0,229.0,239.0,251.0,274.0,308.0,1.0,1.0
842,1819,421297.5,3812146.5,2022,161.0,206.0,228.0,238.0,250.0,274.0,317.0,1.0,2.0
846,1830,421330.5,3812134.5,2022,111.0,176.0,227.0,238.0,251.0,276.0,314.0,1.0,1.0
860,1877,421471.5,3812092.5,2022,105.0,174.0,229.0,239.0,252.0,278.0,315.0,1.0,1.0
844,1895,421525.5,3812140.5,2022,102.0,173.0,228.0,238.0,252.0,275.0,318.0,1.0,1.0
845,1954,421702.5,3812137.5,2022,151.0,177.0,228.0,237.0,248.0,270.0,314.0,1.0,2.0
857,2009,421867.5,3812101.5,2022,112.0,177.0,228.0,239.0,252.0,276.0,315.0,1.0,1.0
861,2039,421957.5,3812089.5,2022,125.0,181.0,228.0,238.0,250.0,273.0,312.0,1.0,1.0
842,2056,422008.5,3812146.5,2022,109.0,180.0,230.0,240.0,252.0,277.0,322.0,1.0,2.0
845,2072,422056.5,3812137.5,2022,109.0,175.0,228.0,239.0,252.0,278.0,334.0,1.0,1.0
859,2125,422215.5,3812095.5,2022,123.0,176.0,228.0,241.0,254.0,280.0,324.0,1.0,1.0
840,2140,422260.5,3812152.5,2022,128.0,179.0,227.0,239.0,253.0,278.0,316.0,1.0,1.0
845,2162,422326.5,3812137.5,2022,144.0,185.0,225.0,237.0,251.0,278.0,322.0,1.0,1.0
864,2190,422410.5,3812080.5,2022,130.0,177.0,229.0,241.0,255.0,284.0,331.0,1.0,1.0
851,2232,422536.5,3812119.5,2022,130.0,179.0,228.0,240.0,253.0,280.0,321.0,1.0,1.0
869,2250,422590.5,3812065.5,2022,117.0,178.0,226.0,238.0,252.0,277.0,322.0,1.0,1.0
854,2302,422746.5,3812110.5,2022,130.0,180.0,227.0,239.0,252.0,277.0,326.0,1.0,1.0
864,2313,422779.5,3812080.5,2022,143.0,183.0,229.0,241.0,254.0,279.0,331.0,1.0,1.0
865,2362,422926.5,3812077.5,2022,151.0,197.0,225.0,236.0,249.0,273.0,313.0,1.0,1.0
858,2390,423010.5,3812098.5,2022,126.0,180.0,220.0,234.0,248.0,273.0,315.0,1.0,1.0
853,2416,423088.5,3812113.5,2022,132.0,182.0,220.0,233.0,246.0,270.0,317.0,1.0,1.0
868,2439,423157.5,3812068.5,2022,129.0,184.0,220.0,234.0,249.0,274.0,318.0,1.0,1.0
844,2471,423253.5,3812140.5,2022,144.0,187.0,221.0,234.0,248.0,275.0,318.0,1.0,1.0
864,2496,423328.5,3812080.5,2022,127.0,179.0,217.0,232.0,248.0,275.0,312.0,1.0,1.0
843,2541,423463.5,3812143.5,2022,148.0,181.0,220.0,233.0,250.0,280.0,318.0,1.0,1.0
858,2570,423550.5,3812098.5,2022,149.0,183.0,220.0,233.0,248.0,275.0,312.0,1.0,1.0
842,2593,423619.5,3812146.5,2022,102.0,177.0,221.0,236.0,250.0,276.0,319.0,1.0,1.0
863,2634,423742.5,3812083.5,2022,149.0,198.0,225.0,236.0,247.0,271.0,310.0,1.0,1.0
848,2650,423790.5,3812128.5,2022,158.0,198.0,224.0,236.0,249.0,273.0,310.0,1.0,1.0
864,2690,423910.5,3812080.5,2022,153.0,191.0,224.0,236.0,249.0,275.0,315.0,1.0,1.0
848,2720,424000.5,3812128.5,2022,149.0,185.0,220.0,232.0,245.0,271.0,310.0,1.0,1.0
857,2736,424048.5,3812101.5,2022,152.0,187.0,220.0,232.0,245.0,271.0,312.0,1.0,1.0
843,2772,424156.5,3812143.5,2022,155.0,192.0,223.0,234.0,246.0,272.0,307.0,1.0,1.0
841,2818,424294.5,3812149.5,2022,160.0,202.0,226.0,237.0,248.0,273.0,319.0,1.0,1.0
845,2831,424333.5,3812137.5,2022,154.0,206.0,226.0,236.0,248.0,275.0,317.0,1.0,1.0
846,2857,424411.5,3812134.5,2022,155.0,208.0,227.0,237.0,249.0,274.0,310.0,1.0,1.0
851,2880,424480.5,3812119.5,2022,161.0,210.0,227.0,237.0,249.0,275.0,318.0,1.0,1.0
856,2915,424585.5,3812104.5,2022,158.0,201.0,223.0,233.0,244.0,270.0,310.0,1.0,1.0
851,2950,424690.5,3812119.5,2022,149.0,195.0,220.0,231.0,243.0,269.0,305.0,1.0,1.0
867,2995,424825.5,3812071.5,2022,150.0,197.0,220.0,231.0,243.0,271.0,320.0,1.0,1.0
840,3008,424864.5,3812152.5,2022,148.0,196.0,221.0,232.0,243.0,266.0,306.0,1.0,1.0
844,3033,424939.5,3812140.5,2022,149.0,198.0,223.0,234.0,246.0,270.0,310.0,1.0,1.0
851,3088,425104.5,3812119.5,2022,163.0,203.0,222.0,232.0,243.0,266.0,294.0,1.0,1.0
854,3108,425164.5,3812110.5,2022,164.0,201.0,220.0,231.0,242.0,268.0,302.0,1.0,1.0
858,3144,425272.5,3812098.5,2022,160.0,198.0,220.0,230.0,242.0,269.0,301.0,1.0,1.0
840,3178,425374.5,3812152.5,2022,163.0,197.0,218.0,229.0,241.0,270.0,307.0,1.0,1.0
847,3205,425455.5,3812131.5,2022,143.0,194.0,217.0,229.0,241.0,268.0,306.0,1.0,1.0
857,3214,425482.5,3812101.5,2022,157.0,195.0,217.0,228.0,240.0,267.0,316.0,1.0,1.0
853,3263,425629.5,3812113.5,2022,155.0,191.0,216.0,227.0,240.0,268.0,306.0,1.0,1.0
845,3270,425650.5,3812137.5,2022,169.0,196.0,216.0,227.0,240.0,267.0,301.0,1.0,1.0
850,3314,425782.5,3812122.5,2022,157.0,193.0,214.0,224.0,236.0,265.0,303.0,1.0,1.0
865,3332,425836.5,3812077.5,2022,160.0,197.0,216.0,226.0,239.0,267.0,308.0,1.0,1.0
879,0,415840.5,3812035.5,2022,138.0,184.0,231.0,241.0,253.0,277.0,323.0,1.0,1.0
874,54,416002.5,3812050.5,2022,125.0,185.0,231.0,241.0,252.0,276.0,318.0,1.0,1.0
872,75,416065.5,3812056.5,2022,132.0,182.0,231.0,241.0,253.0,276.0,316.0,1.0,2.0
870,90,416110.5,3812062.5,2022,131.0,176.0,227.0,238.0,251.0,279.0,324.0,1.0,1.0
894,204,416452.5,3811990.5,2022,113.0,178.0,227.0,238.0,250.0,272.0,319.0,1.0,1.0
884,210,416470.5,3812020.5,2022,136.0,190.0,228.0,238.0,249.0,271.0,309.0,1.0,1.0
884,269,416647.5,3812020.5,2022,131.0,187.0,227.0,237.0,248.0,269.0,299.0,1.0,1.0
899,279,416677.5,3811975.5,2022,122.0,201.0,226.0,236.0,247.0,267.0,302.0,1.0,1.0
876,301,416743.5,3812044.5,2022,109.0,182.0,225.0,237.0,248.0,270.0,314.0,1.0,1.0
888,378,416974.5,3812008.5,2022,104.0,184.0,223.0,235.0,247.0,269.0,319.0,1.0,1.0
895,402,417046.5,3811987.5,2022,98.0,182.0,223.0,235.0,247.0,270.0,324.0,1.0,1.0
872,431,417133.5,3812056.5,2022,111.0,182.0,223.0,235.0,246.0,268.0,312.0,1.0,1.0
887,471,417253.5,3812011.5,2022,132.0,187.0,223.0,235.0,246.0,268.0,319.0,1.0,1.0
887,483,417289.5,3812011.5,2022,128.0,203.0,226.0,237.0,248.0,270.0,311.0,1.0,1.0
880,521,417403.5,3812032.5,2022,165.0,206.0,224.0,234.0,243.0,261.0,291.0,1.0,1.0
870,545,417475.5,3812062.5,2022,154.0,208.0,227.0,236.0,247.0,267.0,299.0,1.0,1.0
885,580,417580.5,3812017.5,2022,146.0,208.0,227.0,236.0,246.0,265.0,291.0,1.0,1.0
898,602,417646.5,3811978.5,2022,149.0,208.0,226.0,236.0,246.0,266.0,307.0,1.0,1.0
871,647,417781.5,3812059.5,2022,126.0,204.0,226.0,236.0,246.0,267.0,305.0,1.0,1.0
887,674,417862.5,3812011.5,2022,137.0,206.0,226.0,235.0,245.0,266.0,301.0,1.0,1.0
898,704,417952.5,3811978.5,2022,126.0,203.0,225.0,235.0,246.0,269.0,320.0,1.0,2.0
882,740,418060.5,3812026.5,2022,146.0,207.0,226.0,236.0,246.0,266.0,301.0,1.0,1.0
877,760,418120.5,3812041.5,2022,126.0,208.0,228.0,237.0,246.0,266.0,309.0,1.0,1.0
875,800,418240.5,3812047.5,2022,149.0,211.0,230.0,238.0,248.0,266.0,299.0,1.0,1.0
895,814,418282.5,3811987.5,2022,160.0,215.0,230.0,238.0,248.0,269.0,293.0,1.0,1.0
884,854,418402.5,3812020.5,2022,122.0,209.0,230.0,239.0,249.0,270.0,304.0,1.0,1.0
887,871,418453.5,3812011.5,2022,150.0,214.0,229.0,238.0,248.0,268.0,304.0,1.0,1.0
880,923,418609.5,3812032.5,2022,146.0,213.0,229.0,237.0,246.0,265.0,292.0,1.0,1.0
878,944,418672.5,3812038.5,2022,137.0,210.0,228.0,237.0,247.0,269.0,307.0,1.0,1.0
886,961,418723.5,3812014.5,2022,150.0,213.0,229.0,237.0,246.0,266.0,299.0,1.0,1.0
889,1019,418897.5,3812005.5,2022,103.0,183.0,228.0,237.0,248.0,268.0,297.0,1.0,1.0
878,1023,418909.5,3812038.5,2022,104.0,199.0,226.0,236.0,247.0,268.0,308.0,1.0,1.0
871,1076,419068.5,3812059.5,2022,101.0,183.0,225.0,235.0,247.0,272.0,315.0,1.0,1.0
876,1167,419341.5,3812044.5,2022,138.0,197.0,227.0,236.0,248.0,269.0,308.0,1.0,1.0
899,1177,419371.5,3811975.5,2022,145.0,210.0,229.0,239.0,250.0,270.0,295.0,1.0,1.0
897,1208,419464.5,3811981.5,2022,155.0,212.0,230.0,239.0,250.0,270.0,296.0,1.0,1.0
879,1250,419590.5,3812035.5,2022,153.0,214.0,230.0,238.0,249.0,270.0,303.0,1.0,1.0
878,1266,419638.5,3812038.5,2022,110.0,210.0,229.0,238.0,248.0,270.0,301.0,1.0,1.0
890,1296,419728.5,3812002.5,2022,153.0,212.0,229.0,237.0,248.0,273.0,316.0,1.0,1.0
880,1332,419836.5,3812032.5,2022,147.0,212.0,229.0,238.0,248.0,271.0,312.0,1.0,1.0
873,1352,419896.5,3812053.5,2022,125.0,179.0,229.0,239.0,250.0,271.0,308.0,1.0,1.0
890,1399,420037.5,3812002.5,2022,148.0,213.0,230.0,239.0,251.0,275.0,313.0,1.0,2.0
878,1431,420133.5,3812038.5,2022,126.0,212.0,230.0,240.0,252.0,274.0,321.0,1.0,2.0
898,1441,420163.5,3811978.5,2022,152.0,214.0,230.0,239.0,251.0,277.0,309.0,1.0,2.0
898,1514,420382.5,3811978.5,2022,154.0,215.0,231.0,241.0,254.0,280.0,314.0,1.0,2.0
873,1547,420481.5,3812053.5,2022,157.0,211.0,230.0,240.0,253.0,276.0,315.0,1.0,2.0
899,1564,420532.5,3811975.5,2022,130.0,210.0,229.0,239.0,252.0,278.0,316.0,1.0,1.0
886,1614,420682.5,3812014.5,2022,147.0,213.0,231.0,240.0,252.0,274.0,313.0,1.0,1.0
879,1647,420781.5,3812035.5,2022,109.0,174.0,229.0,239.0,253.0,279.0,315.0,1.0,1.0
872,1677,420871.5,3812056.5,2022,119.0,186.0,230.0,239.0,253.0,279.0,317.0,1.0,2.0
886,1693,420919.5,3812014.5,2022,110.0,176.0,225.0,236.0,251.0,279.0,328.0,1.0,1.0
874,1738,421054.5,3812050.5,2022,152.0,211.0,229.0,238.0,248.0,271.0,310.0,1.0,1.0
891,1757,421111.5,3811999.5,2022,152.0,184.0,229.0,238.0,250.0,274.0,310.0,1.0,1.0
896,1793,421219.5,3811984.5,2022,153.0,180.0,229.0,238.0,250.0,272.0,304.0,1.0,1.0
874,1810,421270.5,3812050.5,2022,157.0,182.0,229.0,239.0,250.0,273.0,305.0,1.0,2.0
873,1831,421333.5,3812053.5,2022,115.0,178.0,227.0,238.0,251.0,277.0,318.0,1.0,1.0
874,1867,421441.5,3812050.5,2022,111.0,175.0,228.0,239.0,252.0,276.0,315.0,1.0,1.0
898,1895,421525.5,3811978.5,2022,107.0,179.0,228.0,239.0,251.0,275.0,317.0,1.0,2.0
898,1933,421639.5,3811978.5,2022,112.0,173.0,230.0,239.0,250.0,273.0,322.0,1.0,1.0
886,1974,421762.5,3812014.5,2022,116.0,178.0,227.0,237.0,248.0,276.0,316.0,1.0,1.0
896,2007,421861.5,3811984.5,2022,127.0,182.0,228.0,237.0,249.0,273.0,311.0,1.0,1.0
899,2030,421930.5,3811975.5,2022,139.0,185.0,230.0,239.0,251.0,272.0,310.0,1.0,1.0
897,2046,421978.5,3811981.5,2022,144.0,205.0,228.0,238.0,250.0,274.0,322.0,1.0,1.0
880,2077,422071.5,3812032.5,2022,111.0,175.0,232.0,243.0,256.0,279.0,325.0,1.0,1.0
872,2100,422140.5,3812056.5,2022,127.0,172.0,228.0,240.0,253.0,280.0,331.0,1.0,1.0
885,2141,422263.5,3812017.5,2022,123.0,183.0,228.0,238.0,251.0,275.0,315.0,1.0,1.0
890,2174,422362.5,3812002.5,2022,105.0,178.0,228.0,240.0,253.0,279.0,322.0,1.0,1.0
878,2218,422494.5,3812038.5,2022,135.0,174.0,231.0,243.0,255.0,282.0,322.0,1.0,2.0
874,2223,422509.5,3812050.5,2022,115.0,177.0,232.0,243.0,255.0,280.0,322.0,1.0,1.0
876,2253,422599.5,3812044.5,2022,139.0,179.0,226.0,238.0,250.0,275.0,326.0,1.0,1.0
886,2305,422755.5,3812014.5,2022,140.0,188.0,227.0,239.0,252.0,276.0,316.0,1.0,1.0
879,2331,422833.5,3812035.5,2022,141.0,197.0,229.0,241.0,254.0,281.0,327.0,1.0,1.0
871,2347,422881.5,3812059.5,2022,146.0,189.0,228.0,240.0,253.0,277.0,322.0,1.0,1.0
895,2393,423019.5,3811987.5,2022,152.0,193.0,225.0,237.0,249.0,273.0,317.0,1.0,1.0
898,2404,423052.5,3811978.5,2022,147.0,184.0,224.0,235.0,249.0,274.0,313.0,1.0,1.0
870,2444,423172.5,3812062.5,2022,136.0,179.0,221.0,235.0,252.0,278.0,315.0,1.0,1.0
892,2473,423259.5,3811996.5,2022,139.0,185.0,219.0,232.0,246.0,274.0,319.0,1.0,1.0
879,2516,423388.5,3812035.5,2022,147.0,184.0,219.0,232.0,247.0,275.0,315.0,1.0,1.0
872,2528,423424.5,3812056.5,2022,126.0,181.0,218.0,232.0,246.0,274.0,317.0,1.0,1.0
895,2565,423535.5,3811987.5,2022,107.0,179.0,218.0,231.0,245.0,274.0,318.0,1.0,1.0
892,2596,423628.5,3811996.5,2022,130.0,184.0,220.0,232.0,247.0,274.0,320.0,1.0,1.0
880,2638,423754.5,3812032.5,2022,167.0,205.0,224.0,234.0,245.0,268.0,310.0,1.0,1.0
889,2650,423790.5,3812005.5,2022,162.0,206.0,226.0,236.0,248.0,271.0,301.0,1.0,1.0
898,2678,423874.5,3811978.5,2022,149.0,191.0,223.0,235.0,249.0,275.0,317.0,1.0,1.0
870,2700,423940.5,3812062.5,2022,146.0,190.0,224.0,236.0,249.0,273.0,307.0,1.0,1.0
895,2756,424108.5,3811987.5,2022,158.0,202.0,225.0,236.0,248.0,274.0,314.0,1.0,1.0
896,2767,424141.5,3811984.5,2022,158.0,206.0,226.0,235.0,246.0,271.0,309.0,1.0,1.0
893,2792,424216.5,3811993.5,2022,165.0,210.0,227.0,237.0,250.0,275.0,309.0,1.0,1.0
874,2843,424369.5,3812050.5,2022,159.0,207.0,226.0,236.0,247.0,272.0,316.0,1.0,1.0
886,2879,424477.5,3812014.5,2022,164.0,205.0,224.0,234.0,245.0,270.0,314.0,1.0,1.0
887,2900,424540.5,3812011.5,2022,155.0,204.0,224.0,234.0,246.0,273.0,311.0,1.0,1.0
886,2937,424651.5,3812014.5,2022,146.0,197.0,221.0,232.0,244.0,272.0,313.0,1.0,1.0
894,2945,424675.5,3811990.5,2022,133.0,191.0,218.0,229.0,242.0,270.0,314.0,1.0,1.0
871,2984,424792.5,3812059.5,2022,153.0,193.0,220.0,232.0,244.0,272.0,312.0,1.0,1.0
879,3014,424882.5,3812035.5,2022,154.0,194.0,221.0,232.0,244.0,271.0,310.0,1.0,1.0
898,3036,424948.5,3811978.5,2022,148.0,184.0,220.0,231.0,244.0,272.0,319.0,1.0,1.0
889,3075,425065.5,3812005.5,2022,154.0,200.0,223.0,233.0,243.0,265.0,302.0,1.0,1.0
881,3096,425128.5,3812029.5,2022,151.0,197.0,221.0,232.0,244.0,271.0,308.0,1.0,1.0
896,3126,425218.5,3811984.5,2022,157.0,196.0,219.0,230.0,242.0,269.0,301.0,1.0,1.0
873,3151,425293.5,3812053.5,2022,159.0,201.0,221.0,231.0,243.0,269.0,303.0,1.0,1.0
880,3189,425407.5,3812032.5,2022,150.0,193.0,218.0,230.0,242.0,268.0,301.0,1.0,1.0
889,3223,425509.5,3812005.5,2022,159.0,199.0,218.0,228.0,240.0,267.0,299.0,1.0,1.0
878,3265,425635.5,3812038.5,2022,155.0,193.0,215.0,227.0,240.0,268.0,302.0,1.0,1.0
889,3280,425680.5,3812005.5,2022,168.0,200.0,217.0,228.0,241.0,268.0,298.0,1.0,1.0
875,3306,425758.5,3812047.5,2022,168.0,199.0,216.0,226.0,238.0,265.0,304.0,1.0,1.0
896,3333,425839.5,3811984.5,2022,160.0,197.0,216.0,226.0,237.0,262.0,304.0,1.0,1.0
901,2,415846.5,3811969.5,2022,137.0,184.0,232.0,241.0,252.0,275.0,325.0,1.0,2.0
918,36,415948.5,3811918.5,2022,143.0,216.0,233.0,242.0,253.0,278.0,330.0,1.0,2.0
918,79,416077.5,3811918.5,2022,142.0,180.0,232.0,241.0,251.0,273.0,310.0,1.0,2.0
929,172,416356.5,3811885.5,2022,133.0,177.0,228.0,239.0,252.0,275.0,313.0,1.0,1.0
913,204,416452.5,3811933.5,2022,112.0,180.0,227.0,238.0,251.0,276.0,317.0,1.0,1.0
909,220,416500.5,3811945.5,2022,104.0,195.0,228.0,238.0,249.0,269.0,306.0,1.0,1.0
914,255,416605.5,3811930.5,2022,122.0,181.0,225.0,236.0,247.0,269.0,308.0,1.0,1.0
903,281,416683.5,3811963.5,2022,131.0,202.0,227.0,237.0,248.0,269.0,309.0,1.0,1.0
920,320,416800.5,3811912.5,2022,107.0,178.0,222.0,235.0,247.0,270.0,314.0,1.0,1.0
918,334,416842.5,3811918.5,2022,104.0,181.0,222.0,235.0,246.0,271.0,318.0,1.0,1.0
921,362,416926.5,3811909.5,2022,105.0,182.0,224.0,235.0,247.0,268.0,315.0,1.0,1.0
928,411,417073.5,3811888.5,2022,111.0,182.0,225.0,236.0,248.0,270.0,314.0,1.0,1.0
904,421,417103.5,3811960.5,2022,100.0,183.0,224.0,236.0,247.0,269.0,305.0,1.0,1.0
925,474,417262.5,3811897.5,2022,125.0,196.0,224.0,235.0,246.0,269.0,316.0,1.0,1.0
925,505,417355.5,3811897.5,2022,147.0,207.0,227.0,236.0,247.0,268.0,304.0,1.0,1.0
908,510,417370.5,3811948.5,2022,152.0,208.0,227.0,236.0,247.0,268.0,303.0,1.0,1.0
902,554,417502.5,3811966.5,2022,149.0,207.0,226.0,236.0,246.0,267.0,299.0,1.0,1.0
912,595,417625.5,3811936.5,2022,109.0,205.0,226.0,236.0,247.0,267.0,302.0,1.0,1.0
917,615,417685.5,3811921.5,2022,101.0,205.0,227.0,237.0,247.0,268.0,309.0,1.0,1.0
915,643,417769.5,3811927.5,2022,138.0,204.0,224.0,234.0,245.0,265.0,301.0,1.0,1.0
915,680,417880.5,3811927.5,2022,127.0,204.0,225.0,235.0,246.0,267.0,315.0,1.0,1.0
920,700,417940.5,3811912.5,2022,127.0,202.0,224.0,234.0,245.0,267.0,301.0,1.0,1.0
924,738,418054.5,3811900.5,2022,122.0,203.0,225.0,235.0,245.0,266.0,309.0,1.0,1.0
910,770,418150.5,3811942.5,2022,110.0,205.0,227.0,237.0,247.0,267.0,300.0,1.0,1.0
923,791,418213.5,3811903.5,2022,156.0,212.0,228.0,237.0,246.0,266.0,291.0,1.0,1.0
904,816,418288.5,3811960.5,2022,153.0,213.0,229.0,237.0,247.0,265.0,294.0,1.0,1.0
917,844,418372.5,3811921.5,2022,122.0,210.0,229.0,238.0,249.0,271.0,310.0,1.0,1.0
920,872,418456.5,3811912.5,2022,146.0,212.0,229.0,238.0,248.0,270.0,313.0,1.0,1.0
902,900,418540.5,3811966.5,2022,146.0,214.0,229.0,237.0,246.0,265.0,298.0,1.0,1.0
910,944,418672.5,3811942.5,2022,151.0,213.0,229.0,238.0,248.0,271.0,302.0,1.0,1.0
928,971,418753.5,3811888.5,2022,143.0,214.0,229.0,237.0,248.0,270.0,308.0,1.0,1.0
909,995,418825.5,3811945.5,2022,120.0,212.0,229.0,238.0,249.0,271.0,308.0,1.0,1.0
907,1034,418942.5,3811951.5,2022,130.0,181.0,226.0,236.0,247.0,269.0,306.0,1.0,1.0
925,1167,419341.5,3811897.5,2022,136.0,202.0,227.0,237.0,248.0,269.0,300.0,1.0,1.0
902,1192,419416.5,3811966.5,2022,157.0,211.0,229.0,238.0,249.0,270.0,294.0,1.0,1.0
900,1209,419467.5,3811972.5,2022,153.0,210.0,229.0,239.0,251.0,272.0,296.0,1.0,1.0
910,1256,419608.5,3811942.5,2022,120.0,212.0,229.0,238.0,250.0,273.0,310.0,1.0,1.0
914,1280,419680.5,3811930.5,2022,138.0,206.0,229.0,238.0,250.0,272.0,311.0,1.0,1.0
928,1315,419785.5,3811888.5,2022,148.0,212.0,230.0,239.0,250.0,271.0,299.0,1.0,1.0
929,1331,419833.5,3811885.5,2022,149.0,213.0,229.0,238.0,250.0,272.0,303.0,1.0,1.0
928,1356,419908.5,3811888.5,2022,136.0,210.0,230.0,240.0,253.0,275.0,312.0,1.0,1.0
906,1399,420037.5,3811954.5,2022,152.0,211.0,230.0,239.0,252.0,278.0,313.0,1.0,1.0
908,1416,420088.5,3811948.5,2022,122.0,213.0,232.0,241.0,252.0,274.0,315.0,1.0,2.0
917,1441,420163.5,3811921.5,2022,138.0,214.0,231.0,240.0,251.0,272.0,301.0,1.0,2.0
927,1498,420334.5,3811891.5,2022,152.0,209.0,229.0,238.0,249.0,271.0,308.0,1.0,2.0
920,1501,420343.5,3811912.5,2022,157.0,214.0,230.0,239.0,250.0,273.0,310.0,1.0,2.0
923,1550,420490.5,3811903.5,2022,151.0,214.0,231.0,240.0,252.0,275.0,308.0,1.0,2.0
910,1576,420568.5,3811942.5,2022,149.0,216.0,232.0,241.0,253.0,274.0,306.0,1.0,2.0
903,1637,420751.5,3811963.5,2022,102.0,180.0,227.0,238.0,252.0,278.0,321.0,1.0,1.0
927,1703,420949.5,3811891.5,2022,105.0,182.0,229.0,240.0,254.0,278.0,318.0,1.0,1.0
904,1733,421039.5,3811960.5,2022,162.0,215.0,231.0,239.0,251.0,273.0,304.0,1.0,1.0
913,1765,421135.5,3811933.5,2022,159.0,214.0,231.0,239.0,251.0,274.0,312.0,1.0,2.0
922,1783,421189.5,3811906.5,2022,119.0,179.0,229.0,240.0,254.0,279.0,321.0,1.0,2.0
916,1816,421288.5,3811924.5,2022,157.0,212.0,230.0,239.0,250.0,274.0,315.0,1.0,1.0
910,1842,421366.5,3811942.5,2022,117.0,178.0,228.0,239.0,252.0,275.0,316.0,1.0,1.0
915,1864,421432.5,3811927.5,2022,127.0,181.0,228.0,239.0,252.0,275.0,320.0,1.0,1.0
907,1907,421561.5,3811951.5,2022,99.0,181.0,229.0,239.0,250.0,274.0,314.0,1.0,2.0
902,1949,421687.5,3811966.5,2022,143.0,177.0,230.0,240.0,252.0,276.0,326.0,1.0,1.0
903,1950,421690.5,3811963.5,2022,151.0,178.0,232.0,242.0,255.0,277.0,319.0,1.0,1.0
904,2005,421855.5,3811960.5,2022,113.0,184.0,230.0,240.0,251.0,273.0,312.0,1.0,1.0
927,2024,421912.5,3811891.5,2022,146.0,210.0,230.0,239.0,251.0,275.0,319.0,1.0,2.0
906,2060,422020.5,3811954.5,2022,144.0,181.0,228.0,238.0,250.0,276.0,319.0,1.0,1.0
917,2092,422116.5,3811921.5,2022,113.0,179.0,227.0,238.0,251.0,276.0,325.0,1.0,2.0
906,2115,422185.5,3811954.5,2022,128.0,192.0,228.0,239.0,252.0,277.0,328.0,1.0,1.0
916,2140,422260.5,3811924.5,2022,148.0,207.0,229.0,240.0,253.0,275.0,325.0,1.0,1.0
927,2186,422398.5,3811891.5,2022,114.0,179.0,228.0,239.0,253.0,280.0,324.0,1.0,1.0
902,2217,422491.5,3811966.5,2022,130.0,179.0,232.0,244.0,256.0,280.0,328.0,1.0,1.0
911,2224,422512.5,3811939.5,2022,145.0,179.0,230.0,241.0,253.0,279.0,326.0,1.0,1.0
918,2273,422659.5,3811918.5,2022,152.0,195.0,228.0,239.0,251.0,275.0,319.0,1.0,1.0
928,2280,422680.5,3811888.5,2022,153.0,206.0,231.0,241.0,254.0,281.0,329.0,1.0,1.0
911,2315,422785.5,3811939.5,2022,142.0,180.0,228.0,240.0,253.0,280.0,327.0,1.0,1.0
908,2366,422938.5,3811948.5,2022,146.0,201.0,227.0,238.0,250.0,275.0,318.0,1.0,1.0
903,2382,422986.5,3811963.5,2022,147.0,182.0,220.0,233.0,246.0,273.0,315.0,1.0,1.0
919,2427,423121.5,3811915.5,2022,141.0,180.0,221.0,233.0,247.0,273.0,313.0,1.0,1.0
922,2437,423151.5,3811906.5,2022,138.0,189.0,222.0,234.0,247.0,271.0,314.0,1.0,1.0
920,2487,423301.5,3811912.5,2022,120.0,180.0,216.0,229.0,244.0,277.0,320.0,1.0,1.0
908,2499,423337.5,3811948.5,2022,135.0,176.0,217.0,231.0,246.0,273.0,321.0,1.0,1.0
903,2549,423487.5,3811963.5,2022,145.0,181.0,219.0,232.0,245.0,271.0,313.0,1.0,1.0
906,2572,423556.5,3811954.5,2022,146.0,186.0,220.0,233.0,247.0,276.0,320.0,1.0,1.0
905,2589,423607.5,3811957.5,2022,98.0,177.0,219.0,233.0,248.0,277.0,314.0,1.0,1.0
925,2610,423670.5,3811897.5,2022,142.0,184.0,218.0,231.0,245.0,273.0,312.0,1.0,1.0
925,2652,423796.5,3811897.5,2022,156.0,202.0,225.0,236.0,248.0,271.0,311.0,1.0,1.0
926,2698,423934.5,3811894.5,2022,146.0,198.0,224.0,236.0,250.0,275.0,311.0,1.0,1.0
917,2728,424024.5,3811921.5,2022,153.0,206.0,227.0,237.0,250.0,275.0,314.0,1.0,1.0
927,2752,424096.5,3811891.5,2022,148.0,204.0,226.0,236.0,248.0,275.0,318.0,1.0,1.0
911,2789,424207.5,3811939.5,2022,158.0,203.0,225.0,236.0,248.0,274.0,318.0,1.0,1.0
928,2792,424216.5,3811888.5,2022,151.0,203.0,226.0,237.0,251.0,278.0,316.0,1.0,1.0
911,2830,424330.5,3811939.5,2022,150.0,200.0,221.0,232.0,244.0,269.0,296.0,1.0,1.0
910,2874,424462.5,3811942.5,2022,149.0,201.0,224.0,234.0,247.0,274.0,320.0,1.0,1.0
915,2902,424546.5,3811927.5,2022,147.0,196.0,222.0,233.0,244.0,269.0,313.0,1.0,1.0
910,2933,424639.5,3811942.5,2022,152.0,200.0,222.0,233.0,244.0,269.0,314.0,1.0,1.0
903,2945,424675.5,3811963.5,2022,139.0,196.0,219.0,230.0,242.0,268.0,308.0,1.0,1.0
912,2983,424789.5,3811936.5,2022,140.0,187.0,216.0,228.0,241.0,269.0,313.0,1.0,1.0
901,3016,424888.5,3811969.5,2022,143.0,183.0,217.0,229.0,242.0,271.0,316.0,1.0,1.0
907,3037,424951.5,3811951.5,2022,148.0,188.0,223.0,234.0,245.0,271.0,316.0,1.0,1.0
921,3068,425044.5,3811909.5,2022,146.0,184.0,218.0,230.0,243.0,272.0,308.0,1.0,1.0
902,3110,425170.5,3811966.5,2022,157.0,195.0,219.0,230.0,242.0,269.0,302.0,1.0,1.0
912,3136,425248.5,3811936.5,2022,130.0,187.0,218.0,230.0,243.0,270.0,304.0,1.0,1.0
920,3162,425326.5,3811912.5,2022,145.0,191.0,218.0,229.0,242.0,268.0,303.0,1.0,1.0
924,3201,425443.5,3811900.5,2022,151.0,198.0,217.0,228.0,239.0,267.0,300.0,1.0,1.0
919,3239,425557.5,3811915.5,2022,159.0,197.0,217.0,228.0,239.0,266.0,301.0,1.0,1.0
901,3267,425641.5,3811969.5,2022,163.0,197.0,218.0,229.0,241.0,268.0,304.0,1.0,1.0
913,3278,425674.5,3811933.5,2022,162.0,198.0,217.0,227.0,239.0,267.0,305.0,1.0,1.0
926,3329,425827.5,3811894.5,2022,156.0,198.0,216.0,226.0,238.0,265.0,304.0,1.0,1.0
902,3333,425839.5,3811966.5,2022,157.0,196.0,216.0,226.0,238.0,266.0,303.0,1.0,1.0
935,25,415915.5,3811867.5,2022,121.0,180.0,230.0,239.0,250.0,274.0,316.0,1.0,1.0
955,38,415954.5,3811807.5,2022,130.0,175.0,228.0,239.0,251.0,276.0,321.0,1.0,1.0
933,61,416023.5,3811873.5,2022,116.0,172.0,229.0,239.0,251.0,275.0,322.0,1.0,2.0
937,101,416143.5,3811861.5,2022,96.0,172.0,226.0,237.0,250.0,274.0,320.0,1.0,1.0
945,123,416209.5,3811837.5,2022,123.0,177.0,226.0,237.0,249.0,274.0,316.0,1.0,1.0
946,167,416341.5,3811834.5,2022,107.0,173.0,228.0,239.0,253.0,280.0,319.0,1.0,1.0
937,182,416386.5,3811861.5,2022,136.0,175.0,227.0,238.0,251.0,279.0,316.0,1.0,1.0
957,224,416512.5,3811801.5,2022,144.0,190.0,228.0,238.0,250.0,273.0,305.0,1.0,1.0
931,269,416647.5,3811879.5,2022,139.0,185.0,227.0,237.0,248.0,270.0,309.0,1.0,1.0
958,294,416722.5,3811798.5,2022,113.0,186.0,227.0,238.0,249.0,270.0,308.0,1.0,1.0
935,321,416803.5,3811867.5,2022,108.0,191.0,224.0,236.0,248.0,270.0,299.0,1.0,1.0
931,330,416830.5,3811879.5,2022,99.0,182.0,223.0,235.0,246.0,268.0,314.0,1.0,1.0
958,372,416956.5,3811798.5,2022,119.0,184.0,226.0,237.0,248.0,271.0,314.0,1.0,1.0
941,409,417067.5,3811849.5,2022,102.0,180.0,225.0,237.0,248.0,268.0,318.0,1.0,1.0
959,437,417151.5,3811795.5,2022,139.0,199.0,226.0,237.0,248.0,269.0,313.0,1.0,1.0
938,474,417262.5,3811858.5,2022,154.0,206.0,228.0,237.0,248.0,268.0,301.0,1.0,1.0
939,500,417340.5,3811855.5,2022,139.0,206.0,227.0,237.0,247.0,267.0,293.0,1.0,1.0
945,532,417436.5,3811837.5,2022,119.0,202.0,225.0,236.0,247.0,268.0,305.0,1.0,1.0
943,542,417466.5,3811843.5,2022,134.0,208.0,227.0,237.0,247.0,267.0,300.0,1.0,1.0
944,583,417589.5,3811840.5,2022,143.0,208.0,226.0,235.0,246.0,265.0,295.0,1.0,1.0
957,629,417727.5,3811801.5,2022,141.0,204.0,224.0,234.0,245.0,265.0,303.0,1.0,1.0
955,649,417787.5,3811807.5,2022,140.0,205.0,225.0,235.0,245.0,265.0,300.0,1.0,1.0
931,676,417868.5,3811879.5,2022,144.0,202.0,223.0,234.0,245.0,267.0,311.0,1.0,2.0
931,703,417949.5,3811879.5,2022,116.0,200.0,223.0,234.0,245.0,267.0,314.0,1.0,1.0
959,728,418024.5,3811795.5,2022,131.0,205.0,225.0,235.0,246.0,266.0,295.0,1.0,1.0
958,772,418156.5,3811798.5,2022,125.0,201.0,227.0,237.0,248.0,268.0,305.0,1.0,1.0
931,798,418234.5,3811879.5,2022,148.0,209.0,228.0,237.0,248.0,269.0,301.0,1.0,1.0
959,833,418339.5,3811795.5,2022,132.0,210.0,230.0,239.0,249.0,272.0,318.0,1.0,1.0
942,846,418378.5,3811846.5,2022,126.0,216.0,232.0,240.0,251.0,272.0,310.0,1.0,2.0
945,878,418474.5,3811837.5,2022,114.0,213.0,230.0,238.0,247.0,267.0,308.0,1.0,1.0
958,900,418540.5,3811798.5,2022,155.0,215.0,230.0,237.0,246.0,265.0,294.0,1.0,1.0
938,931,418633.5,3811858.5,2022,142.0,213.0,228.0,237.0,246.0,267.0,302.0,1.0,1.0
955,976,418768.5,3811807.5,2022,150.0,212.0,229.0,238.0,249.0,270.0,310.0,1.0,1.0
932,1009,418867.5,3811876.5,2022,127.0,212.0,230.0,239.0,250.0,269.0,309.0,1.0,1.0
939,1020,418900.5,3811855.5,2022,111.0,203.0,228.0,238.0,250.0,273.0,307.0,1.0,1.0
932,1089,419107.5,3811876.5,2022,105.0,180.0,227.0,237.0,249.0,272.0,319.0,1.0,1.0
930,1169,419347.5,3811882.5,2022,129.0,205.0,229.0,239.0,250.0,272.0,303.0,1.0,1.0
934,1193,419419.5,3811870.5,2022,152.0,212.0,230.0,239.0,250.0,270.0,301.0,1.0,1.0
940,1227,419521.5,3811852.5,2022,153.0,213.0,231.0,240.0,251.0,273.0,310.0,1.0,2.0
950,1237,419551.5,3811822.5,2022,151.0,213.0,231.0,241.0,253.0,274.0,302.0,1.0,2.0
937,1283,419689.5,3811861.5,2022,105.0,211.0,230.0,240.0,251.0,273.0,302.0,1.0,2.0
957,1305,419755.5,3811801.5,2022,146.0,214.0,230.0,239.0,250.0,272.0,308.0,1.0,1.0
946,1325,419815.5,3811834.5,2022,154.0,215.0,231.0,240.0,251.0,274.0,304.0,1.0,1.0
936,1350,419890.5,3811864.5,2022,120.0,212.0,231.0,240.0,252.0,275.0,310.0,1.0,1.0
931,1396,420028.5,3811879.5,2022,140.0,215.0,232.0,240.0,251.0,273.0,307.0,1.0,2.0
956,1434,420142.5,3811804.5,2022,150.0,215.0,232.0,241.0,252.0,275.0,312.0,1.0,2.0
941,1448,420184.5,3811849.5,2022,154.0,214.0,231.0,241.0,255.0,280.0,311.0,1.0,2.0
945,1496,420328.5,3811837.5,2022,145.0,214.0,231.0,240.0,251.0,273.0,314.0,1.0,2.0
930,1503,420349.5,3811882.5,2022,156.0,212.0,231.0,240.0,253.0,278.0,322.0,1.0,2.0
931,1540,420460.5,3811879.5,2022,156.0,215.0,231.0,240.0,251.0,275.0,315.0,1.0,2.0
956,1571,420553.5,3811804.5,2022,150.0,215.0,232.0,241.0,254.0,279.0,324.0,1.0,2.0
942,1598,420634.5,3811846.5,2022,116.0,200.0,228.0,238.0,250.0,274.0,314.0,1.0,1.0
954,1691,420913.5,3811810.5,2022,103.0,178.0,226.0,238.0,252.0,278.0,323.0,1.0,1.0
930,1723,421009.5,3811882.5,2022,124.0,176.0,227.0,237.0,249.0,275.0,324.0,1.0,2.0
933,1760,421120.5,3811873.5,2022,153.0,210.0,231.0,241.0,253.0,276.0,314.0,1.0,1.0
954,1771,421153.5,3811810.5,2022,117.0,216.0,232.0,241.0,253.0,275.0,316.0,1.0,2.0
957,1823,421309.5,3811801.5,2022,136.0,201.0,229.0,239.0,252.0,275.0,321.0,1.0,1.0
954,1853,421399.5,3811810.5,2022,122.0,183.0,229.0,239.0,251.0,273.0,314.0,1.0,2.0
955,1877,421471.5,3811807.5,2022,114.0,179.0,229.0,240.0,252.0,274.0,316.0,1.0,2.0
946,1893,421519.5,3811834.5,2022,120.0,183.0,230.0,240.0,252.0,276.0,318.0,1.0,1.0
932,1930,421630.5,3811876.5,2022,104.0,177.0,230.0,240.0,252.0,275.0,320.0,1.0,1.0
956,1977,421771.5,3811804.5,2022,131.0,176.0,229.0,240.0,251.0,273.0,318.0,1.0,1.0
959,1992,421816.5,3811795.5,2022,139.0,179.0,228.0,238.0,250.0,275.0,330.0,1.0,1.0
936,2037,421951.5,3811864.5,2022,141.0,211.0,230.0,239.0,251.0,274.0,320.0,1.0,2.0
953,2054,422002.5,3811813.5,2022,107.0,182.0,227.0,238.0,251.0,276.0,322.0,1.0,2.0
930,2089,422107.5,3811882.5,2022,108.0,181.0,229.0,240.0,253.0,278.0,318.0,1.0,1.0
933,2119,422197.5,3811873.5,2022,123.0,206.0,228.0,240.0,253.0,278.0,330.0,1.0,2.0
932,2134,422242.5,3811876.5,2022,149.0,209.0,229.0,239.0,252.0,274.0,324.0,1.0,1.0
948,2187,422401.5,3811828.5,2022,117.0,179.0,227.0,239.0,252.0,280.0,327.0,1.0,1.0
942,2208,422464.5,3811846.5,2022,133.0,180.0,230.0,241.0,254.0,279.0,331.0,1.0,1.0
949,2233,422539.5,3811825.5,2022,144.0,181.0,231.0,242.0,255.0,279.0,325.0,1.0,1.0
945,2263,422629.5,3811837.5,2022,148.0,185.0,230.0,241.0,254.0,282.0,318.0,1.0,1.0
934,2295,422725.5,3811870.5,2022,139.0,206.0,231.0,243.0,254.0,281.0,326.0,1.0,1.0
947,2338,422854.5,3811831.5,2022,131.0,177.0,229.0,240.0,253.0,280.0,331.0,1.0,1.0
953,2341,422863.5,3811813.5,2022,131.0,178.0,228.0,240.0,254.0,284.0,328.0,1.0,1.0
942,2395,423025.5,3811846.5,2022,148.0,199.0,228.0,239.0,252.0,274.0,321.0,1.0,1.0
958,2403,423049.5,3811798.5,2022,143.0,187.0,222.0,234.0,248.0,275.0,317.0,1.0,1.0
955,2430,423130.5,3811807.5,2022,146.0,189.0,221.0,233.0,247.0,274.0,319.0,1.0,1.0
938,2482,423286.5,3811858.5,2022,150.0,187.0,220.0,233.0,247.0,275.0,311.0,1.0,1.0
932,2503,423349.5,3811876.5,2022,147.0,186.0,222.0,235.0,249.0,275.0,316.0,1.0,1.0
939,2521,423403.5,3811855.5,2022,152.0,186.0,219.0,232.0,248.0,278.0,318.0,1.0,1.0
933,2575,423565.5,3811873.5,2022,117.0,176.0,215.0,229.0,246.0,280.0,323.0,1.0,1.0
955,2608,423664.5,3811807.5,2022,126.0,186.0,220.0,233.0,247.0,275.0,320.0,1.0,1.0
937,2631,423733.5,3811861.5,2022,151.0,192.0,222.0,234.0,246.0,272.0,317.0,1.0,1.0
932,2659,423817.5,3811876.5,2022,154.0,198.0,223.0,235.0,247.0,271.0,309.0,1.0,1.0
948,2694,423922.5,3811828.5,2022,146.0,189.0,224.0,237.0,251.0,276.0,314.0,1.0,1.0
933,2710,423970.5,3811873.5,2022,156.0,203.0,224.0,235.0,248.0,274.0,317.0,1.0,1.0
950,2732,424036.5,3811822.5,2022,166.0,210.0,228.0,239.0,251.0,277.0,312.0,1.0,1.0
947,2776,424168.5,3811831.5,2022,151.0,204.0,227.0,238.0,253.0,279.0,317.0,1.0,1.0
937,2818,424294.5,3811861.5,2022,153.0,204.0,224.0,236.0,249.0,276.0,316.0,1.0,1.0
957,2821,424303.5,3811801.5,2022,147.0,196.0,222.0,234.0,248.0,274.0,320.0,1.0,1.0
932,2855,424405.5,3811876.5,2022,151.0,197.0,220.0,231.0,244.0,272.0,313.0,1.0,1.0
935,2882,424486.5,3811867.5,2022,152.0,185.0,218.0,230.0,243.0,272.0,317.0,1.0,1.0
957,2914,424582.5,3811801.5,2022,152.0,195.0,218.0,229.0,241.0,268.0,312.0,1.0,1.0
948,2941,424663.5,3811828.5,2022,152.0,189.0,219.0,232.0,246.0,274.0,316.0,1.0,1.0
945,2992,424816.5,3811837.5,2022,152.0,187.0,216.0,229.0,242.0,272.0,314.0,1.0,1.0
939,3017,424891.5,3811855.5,2022,150.0,192.0,219.0,231.0,243.0,270.0,308.0,1.0,1.0
933,3040,424960.5,3811873.5,2022,145.0,195.0,219.0,230.0,242.0,269.0,312.0,1.0,1.0
947,3072,425056.5,3811831.5,2022,163.0,204.0,222.0,232.0,243.0,265.0,300.0,1.0,1.0
952,3110,425170.5,3811816.5,2022,159.0,198.0,219.0,230.0,241.0,265.0,298.0,1.0,1.0
936,3145,425275.5,3811864.5,2022,143.0,196.0,219.0,230.0,241.0,264.0,295.0,1.0,1.0
955,3173,425359.5,3811807.5,2022,148.0,199.0,218.0,229.0,240.0,266.0,296.0,1.0,1.0
953,3192,425416.5,3811813.5,2022,155.0,199.0,220.0,230.0,244.0,273.0,310.0,1.0,1.0
959,3234,425542.5,3811795.5,2022,146.0,198.0,220.0,231.0,243.0,270.0,303.0,1.0,1.0
959,3252,425596.5,3811795.5,2022,150.0,195.0,219.0,231.0,244.0,269.0,297.0,1.0,1.0
936,3272,425656.5,3811864.5,2022,151.0,197.0,217.0,228.0,239.0,264.0,304.0,1.0,1.0
956,3301,425743.5,3811804.5,2022,161.0,198.0,215.0,225.0,237.0,265.0,299.0,1.0,1.0
943,3330,425830.5,3811843.5,2022,156.0,196.0,216.0,227.0,239.0,269.0,302.0,1.0,1.0
968,19,415897.5,3811768.5,2022,144.0,180.0,231.0,241.0,253.0,278.0,336.0,1.0,1.0
980,50,415990.5,3811732.5,2022,154.0,214.0,231.0,239.0,249.0,273.0,316.0,1.0,2.0
989,77,416071.5,3811705.5,2022,120.0,204.0,229.0,239.0,250.0,276.0,321.0,1.0,1.0
970,135,416245.5,3811762.5,2022,101.0,176.0,224.0,236.0,248.0,274.0,331.0,1.0,1.0
981,178,416374.5,3811729.5,2022,105.0,177.0,229.0,240.0,254.0,279.0,317.0,1.0,1.0
967,189,416407.5,3811771.5,2022,123.0,184.0,230.0,242.0,255.0,284.0,326.0,1.0,1.0
962,234,416542.5,3811786.5,2022,116.0,186.0,227.0,237.0,248.0,269.0,305.0,1.0,1.0
974,262,416626.5,3811750.5,2022,130.0,186.0,225.0,236.0,247.0,269.0,320.0,1.0,1.0
977,289,416707.5,3811741.5,2022,127.0,181.0,226.0,236.0,247.0,270.0,312.0,1.0,1.0
979,316,416788.5,3811735.5,2022,101.0,192.0,225.0,236.0,249.0,273.0,325.0,1.0,2.0
985,359,416917.5,3811717.5,2022,116.0,191.0,224.0,236.0,248.0,272.0,309.0,1.0,1.0
987,376,416968.5,3811711.5,2022,117.0,192.0,226.0,237.0,249.0,271.0,322.0,1.0,1.0
974,405,417055.5,3811750.5,2022,128.0,197.0,225.0,236.0,247.0,268.0,307.0,1.0,1.0
971,430,417130.5,3811759.5,2022,127.0,201.0,226.0,236.0,247.0,267.0,309.0,1.0,1.0
983,455,417205.5,3811723.5,2022,111.0,184.0,223.0,235.0,247.0,270.0,314.0,1.0,1.0
969,488,417304.5,3811765.5,2022,170.0,208.0,227.0,236.0,247.0,266.0,292.0,1.0,1.0
976,516,417388.5,3811744.5,2022,140.0,200.0,224.0,235.0,247.0,268.0,311.0,1.0,1.0
979,558,417514.5,3811735.5,2022,120.0,202.0,225.0,236.0,247.0,270.0,312.0,1.0,1.0
969,572,417556.5,3811765.5,2022,147.0,207.0,226.0,236.0,246.0,266.0,296.0,1.0,1.0
989,629,417727.5,3811705.5,2022,122.0,203.0,224.0,235.0,246.0,266.0,298.0,1.0,1.0
971,653,417799.5,3811759.5,2022,137.0,207.0,225.0,235.0,245.0,264.0,303.0,1.0,1.0
975,686,417898.5,3811747.5,2022,128.0,203.0,224.0,234.0,245.0,264.0,299.0,1.0,1.0
978,713,417979.5,3811738.5,2022,126.0,203.0,225.0,235.0,246.0,265.0,293.0,1.0,1.0
986,746,418078.5,3811714.5,2022,153.0,208.0,227.0,237.0,247.0,267.0,292.0,1.0,1.0
976,759,418117.5,3811744.5,2022,139.0,205.0,226.0,236.0,247.0,267.0,291.0,1.0,1.0
973,806,418258.5,3811753.5,2022,129.0,208.0,228.0,237.0,248.0,270.0,315.0,1.0,1.0
987,816,418288.5,3811711.5,2022,143.0,211.0,228.0,237.0,247.0,268.0,305.0,1.0,1.0
983,852,418396.5,3811723.5,2022,131.0,209.0,228.0,237.0,247.0,269.0,311.0,1.0,2.0
973,899,418537.5,3811753.5,2022,150.0,213.0,229.0,237.0,247.0,268.0,306.0,1.0,1.0
972,917,418591.5,3811756.5,2022,148.0,215.0,231.0,240.0,251.0,272.0,307.0,1.0,2.0
975,937,418651.5,3811747.5,2022,145.0,216.0,231.0,240.0,251.0,276.0,312.0,1.0,1.0
969,979,418777.5,3811765.5,2022,151.0,213.0,229.0,238.0,249.0,271.0,311.0,1.0,1.0
984,1003,418849.5,3811720.5,2022,113.0,213.0,230.0,239.0,250.0,272.0,312.0,1.0,1.0
981,1025,418915.5,3811729.5,2022,117.0,200.0,225.0,236.0,249.0,273.0,310.0,1.0,2.0
989,1054,419002.5,3811705.5,2022,103.0,198.0,227.0,237.0,248.0,272.0,309.0,1.0,2.0
989,1100,419140.5,3811705.5,2022,100.0,183.0,224.0,235.0,248.0,270.0,314.0,1.0,2.0
978,1165,419335.5,3811738.5,2022,146.0,207.0,229.0,238.0,251.0,272.0,304.0,1.0,1.0
968,1178,419374.5,3811768.5,2022,102.0,206.0,230.0,240.0,251.0,271.0,305.0,1.0,1.0
982,1229,419527.5,3811726.5,2022,155.0,211.0,230.0,239.0,252.0,273.0,306.0,1.0,2.0
970,1244,419572.5,3811762.5,2022,156.0,215.0,231.0,240.0,253.0,274.0,309.0,1.0,1.0
970,1268,419644.5,3811762.5,2022,156.0,210.0,229.0,239.0,252.0,274.0,295.0,1.0,1.0
979,1306,419758.5,3811735.5,2022,154.0,215.0,230.0,239.0,252.0,276.0,311.0,1.0,2.0
984,1325,419815.5,3811720.5,2022,153.0,214.0,231.0,240.0,252.0,274.0,307.0,1.0,1.0
969,1365,419935.5,3811765.5,2022,115.0,210.0,230.0,240.0,254.0,277.0,313.0,1.0,2.0
986,1390,420010.5,3811714.5,2022,152.0,212.0,229.0,239.0,252.0,276.0,315.0,1.0,2.0
982,1430,420130.5,3811726.5,2022,123.0,215.0,231.0,240.0,253.0,276.0,318.0,1.0,2.0
972,1458,420214.5,3811756.5,2022,128.0,213.0,231.0,241.0,253.0,277.0,318.0,1.0,2.0
967,1478,420274.5,3811771.5,2022,131.0,215.0,231.0,241.0,252.0,275.0,319.0,1.0,2.0
970,1502,420346.5,3811762.5,2022,105.0,184.0,231.0,241.0,253.0,275.0,308.0,1.0,2.0
987,1544,420472.5,3811711.5,2022,145.0,218.0,233.0,242.0,255.0,278.0,317.0,1.0,2.0
973,1564,420532.5,3811753.5,2022,155.0,216.0,231.0,240.0,252.0,276.0,310.0,1.0,2.0
978,1592,420616.5,3811738.5,2022,114.0,213.0,230.0,240.0,252.0,276.0,315.0,1.0,2.0
983,1703,420949.5,3811723.5,2022,108.0,189.0,223.0,234.0,247.0,273.0,321.0,1.0,2.0
967,1734,421042.5,3811771.5,2022,157.0,207.0,230.0,240.0,253.0,276.0,314.0,1.0,1.0
979,1764,421132.5,3811735.5,2022,152.0,212.0,230.0,239.0,251.0,277.0,323.0,1.0,1.0
969,1773,421159.5,3811765.5,2022,115.0,211.0,229.0,239.0,251.0,276.0,321.0,1.0,2.0
984,1825,421315.5,3811720.5,2022,124.0,210.0,229.0,239.0,251.0,273.0,313.0,1.0,2.0
968,1830,421330.5,3811768.5,2022,121.0,181.0,230.0,240.0,252.0,276.0,316.0,1.0,2.0
978,1881,421483.5,3811738.5,2022,128.0,180.0,229.0,239.0,251.0,276.0,315.0,1.0,1.0
968,1894,421522.5,3811768.5,2022,113.0,180.0,228.0,238.0,251.0,274.0,321.0,1.0,1.0
966,1926,421618.5,3811774.5,2022,111.0,178.0,228.0,238.0,250.0,272.0,323.0,1.0,2.0
979,1972,421756.5,3811735.5,2022,149.0,176.0,231.0,241.0,252.0,275.0,319.0,1.0,1.0
980,2007,421861.5,3811732.5,2022,132.0,173.0,230.0,240.0,253.0,278.0,322.0,1.0,1.0
981,2015,421885.5,3811729.5,2022,143.0,182.0,229.0,240.0,253.0,275.0,314.0,1.0,1.0
988,2066,422038.5,3811708.5,2022,126.0,211.0,231.0,241.0,254.0,276.0,330.0,1.0,2.0
966,2076,422068.5,3811774.5,2022,133.0,187.0,230.0,241.0,253.0,275.0,312.0,1.0,2.0
970,2104,422152.5,3811762.5,2022,125.0,204.0,229.0,240.0,253.0,277.0,318.0,1.0,2.0
971,2151,422293.5,3811759.5,2022,134.0,184.0,228.0,238.0,251.0,278.0,327.0,1.0,1.0
960,2178,422374.5,3811792.5,2022,114.0,175.0,229.0,240.0,254.0,282.0,329.0,1.0,1.0
989,2217,422491.5,3811705.5,2022,140.0,179.0,234.0,245.0,256.0,282.0,330.0,1.0,1.0
981,2232,422536.5,3811729.5,2022,142.0,181.0,233.0,244.0,255.0,283.0,330.0,1.0,1.0
968,2253,422599.5,3811768.5,2022,147.0,180.0,233.0,244.0,255.0,278.0,327.0,1.0,1.0
974,2288,422704.5,3811750.5,2022,145.0,189.0,228.0,241.0,254.0,278.0,331.0,1.0,1.0
963,2312,422776.5,3811783.5,2022,148.0,203.0,230.0,241.0,254.0,277.0,323.0,1.0,1.0
979,2348,422884.5,3811735.5,2022,145.0,180.0,233.0,244.0,256.0,282.0,336.0,1.0,1.0
966,2372,422956.5,3811774.5,2022,146.0,208.0,231.0,242.0,254.0,280.0,327.0,1.0,1.0
961,2414,423082.5,3811789.5,2022,146.0,185.0,221.0,235.0,249.0,277.0,320.0,1.0,1.0
969,2448,423184.5,3811765.5,2022,148.0,187.0,221.0,234.0,248.0,277.0,321.0,1.0,1.0
971,2460,423220.5,3811759.5,2022,134.0,186.0,220.0,233.0,247.0,274.0,314.0,1.0,1.0
966,2493,423319.5,3811774.5,2022,136.0,184.0,218.0,232.0,247.0,275.0,322.0,1.0,1.0
973,2527,423421.5,3811753.5,2022,146.0,179.0,218.0,232.0,248.0,276.0,322.0,1.0,1.0
976,2569,423547.5,3811744.5,2022,116.0,179.0,219.0,232.0,247.0,276.0,324.0,1.0,1.0
975,2609,423667.5,3811747.5,2022,144.0,186.0,221.0,234.0,247.0,277.0,322.0,1.0,1.0
986,2635,423745.5,3811714.5,2022,155.0,201.0,225.0,236.0,249.0,273.0,317.0,1.0,1.0
982,2656,423808.5,3811726.5,2022,150.0,199.0,225.0,236.0,249.0,272.0,314.0,1.0,1.0
977,2698,423934.5,3811741.5,2022,145.0,190.0,219.0,232.0,247.0,274.0,316.0,1.0,1.0
975,2711,423973.5,3811747.5,2022,138.0,186.0,219.0,231.0,245.0,275.0,317.0,1.0,1.0
968,2735,424045.5,3811768.5,2022,158.0,206.0,226.0,236.0,248.0,274.0,312.0,1.0,1.0
989,2771,424153.5,3811705.5,2022,146.0,196.0,222.0,234.0,250.0,276.0,323.0,1.0,1.0
984,2806,424258.5,3811720.5,2022,152.0,206.0,226.0,236.0,248.0,271.0,321.0,1.0,1.0
979,2847,424381.5,3811735.5,2022,147.0,194.0,219.0,230.0,243.0,271.0,313.0,1.0,1.0
980,2862,424426.5,3811732.5,2022,154.0,190.0,219.0,230.0,243.0,274.0,322.0,1.0,1.0
973,2906,424558.5,3811753.5,2022,103.0,192.0,221.0,232.0,245.0,272.0,309.0,1.0,1.0
983,2911,424573.5,3811723.5,2022,157.0,200.0,221.0,231.0,242.0,268.0,316.0,1.0,1.0
984,2942,424666.5,3811720.5,2022,153.0,189.0,217.0,229.0,242.0,270.0,312.0,1.0,1.0
971,2992,424816.5,3811759.5,2022,111.0,180.0,212.0,227.0,243.0,273.0,319.0,1.0,1.0
984,3028,424924.5,3811720.5,2022,147.0,185.0,216.0,228.0,241.0,270.0,315.0,1.0,1.0
961,3057,425011.5,3811789.5,2022,145.0,190.0,217.0,229.0,242.0,269.0,313.0,1.0,1.0
979,3066,425038.5,3811735.5,2022,158.0,204.0,222.0,232.0,243.0,265.0,305.0,1.0,1.0
968,3100,425140.5,3811768.5,2022,153.0,198.0,219.0,230.0,242.0,266.0,302.0,1.0,1.0
966,3127,425221.5,3811774.5,2022,161.0,201.0,218.0,228.0,239.0,264.0,294.0,1.0,1.0
972,3168,425344.5,3811756.5,2022,159.0,199.0,218.0,228.0,238.0,262.0,292.0,1.0,1.0
972,3203,425449.5,3811756.5,2022,161.0,202.0,219.0,229.0,241.0,267.0,301.0,1.0,1.0
968,3229,425527.5,3811768.5,2022,161.0,202.0,221.0,231.0,243.0,269.0,301.0,1.0,1.0
961,3262,425626.5,3811789.5,2022,101.0,191.0,218.0,231.0,245.0,271.0,311.0,1.0,1.0
988,3299,425737.5,3811708.5,2022,161.0,200.0,217.0,227.0,239.0,267.0,305.0,1.0,1.0
985,3307,425761.5,3811717.5,2022,165.0,199.0,216.0,226.0,238.0,267.0,303.0,1.0,1.0
988,3331,425833.5,3811708.5,2022,151.0,196.0,216.0,227.0,240.0,273.0,319.0,1.0,1.0
999,11,415873.5,3811675.5,2022,121.0,182.0,230.0,239.0,250.0,273.0,318.0,1.0,1.0
1006,40,415960.5,3811654.5,2022,144.0,208.0,229.0,238.0,250.0,271.0,315.0,1.0,1.0
1016,64,416032.5,3811624.5,2022,130.0,189.0,230.0,239.0,251.0,277.0,320.0,1.0,1.0
1019,119,416197.5,3811615.5,2022,134.0,178.0,227.0,238.0,251.0,282.0,328.0,1.0,1.0
1019,131,416233.5,3811615.5,2022,138.0,182.0,226.0,237.0,251.0,280.0,323.0,1.0,1.0
995,171,416353.5,3811687.5,2022,125.0,175.0,228.0,239.0,253.0,280.0,332.0,1.0,1.0
990,185,416395.5,3811702.5,2022,137.0,182.0,228.0,239.0,251.0,279.0,320.0,1.0,1.0
1008,210,416470.5,3811648.5,2022,152.0,205.0,226.0,236.0,248.0,272.0,305.0,1.0,1.0
1002,255,416605.5,3811666.5,2022,123.0,189.0,225.0,236.0,247.0,270.0,313.0,1.0,1.0
990,271,416653.5,3811702.5,2022,153.0,196.0,224.0,235.0,246.0,267.0,303.0,1.0,1.0
993,310,416770.5,3811693.5,2022,130.0,185.0,223.0,235.0,247.0,271.0,316.0,1.0,2.0
1003,331,416833.5,3811663.5,2022,131.0,190.0,226.0,237.0,249.0,270.0,310.0,1.0,1.0
998,381,416983.5,3811678.5,2022,158.0,206.0,226.0,236.0,245.0,266.0,304.0,1.0,1.0
1000,397,417031.5,3811672.5,2022,147.0,202.0,227.0,237.0,248.0,270.0,315.0,1.0,1.0
1012,424,417112.5,3811636.5,2022,114.0,186.0,223.0,235.0,248.0,273.0,312.0,1.0,1.0
1005,462,417226.5,3811657.5,2022,115.0,182.0,225.0,236.0,248.0,273.0,318.0,1.0,1.0
1017,498,417334.5,3811621.5,2022,117.0,183.0,222.0,235.0,248.0,275.0,323.0,1.0,1.0
996,536,417448.5,3811684.5,2022,135.0,194.0,223.0,235.0,246.0,269.0,315.0,1.0,1.0
992,556,417508.5,3811696.5,2022,148.0,205.0,225.0,235.0,245.0,266.0,304.0,1.0,1.0
1019,587,417601.5,3811615.5,2022,124.0,194.0,224.0,235.0,247.0,271.0,322.0,1.0,1.0
990,604,417652.5,3811702.5,2022,123.0,207.0,226.0,236.0,247.0,267.0,300.0,1.0,1.0
1009,656,417808.5,3811645.5,2022,136.0,203.0,225.0,235.0,245.0,266.0,303.0,1.0,1.0
1016,661,417823.5,3811624.5,2022,155.0,206.0,225.0,234.0,244.0,264.0,294.0,1.0,1.0
1003,707,417961.5,3811663.5,2022,138.0,206.0,226.0,236.0,246.0,265.0,305.0,1.0,1.0
1012,735,418045.5,3811636.5,2022,121.0,205.0,225.0,235.0,245.0,266.0,306.0,1.0,1.0
1002,753,418099.5,3811666.5,2022,140.0,206.0,226.0,236.0,247.0,267.0,291.0,1.0,1.0
1014,781,418183.5,3811630.5,2022,145.0,201.0,225.0,235.0,245.0,266.0,304.0,1.0,1.0
990,815,418285.5,3811702.5,2022,133.0,211.0,228.0,237.0,246.0,268.0,304.0,1.0,1.0
1013,857,418411.5,3811633.5,2022,147.0,211.0,229.0,238.0,249.0,270.0,315.0,1.0,1.0
1005,894,418522.5,3811657.5,2022,129.0,212.0,229.0,237.0,248.0,270.0,311.0,1.0,1.0
1006,925,418615.5,3811654.5,2022,134.0,210.0,229.0,238.0,249.0,273.0,315.0,1.0,1.0
1018,941,418663.5,3811618.5,2022,116.0,208.0,230.0,239.0,251.0,276.0,319.0,1.0,2.0
1016,984,418792.5,3811624.5,2022,156.0,214.0,230.0,238.0,249.0,271.0,309.0,1.0,1.0
1007,990,418810.5,3811651.5,2022,149.0,214.0,230.0,238.0,249.0,272.0,305.0,1.0,1.0
996,1028,418924.5,3811684.5,2022,113.0,197.0,225.0,236.0,248.0,273.0,313.0,1.0,2.0
1000,1076,419068.5,3811672.5,2022,99.0,186.0,225.0,236.0,249.0,273.0,310.0,1.0,1.0
1011,1107,419161.5,3811639.5,2022,127.0,205.0,229.0,240.0,253.0,274.0,306.0,1.0,1.0
999,1131,419233.5,3811675.5,2022,107.0,202.0,227.0,237.0,249.0,272.0,309.0,1.0,1.0
1007,1157,419311.5,3811651.5,2022,118.0,188.0,226.0,236.0,248.0,271.0,308.0,1.0,1.0
1009,1183,419389.5,3811645.5,2022,144.0,212.0,230.0,239.0,250.0,272.0,313.0,1.0,1.0
999,1220,419500.5,3811675.5,2022,143.0,213.0,230.0,239.0,251.0,272.0,307.0,1.0,1.0
1013,1259,419617.5,3811633.5,2022,138.0,210.0,229.0,239.0,251.0,272.0,309.0,1.0,1.0
1011,1273,419659.5,3811639.5,2022,149.0,211.0,229.0,238.0,249.0,271.0,309.0,1.0,1.0
993,1291,419713.5,3811693.5,2022,155.0,211.0,228.0,237.0,248.0,271.0,299.0,1.0,1.0
991,1342,419866.5,3811699.5,2022,147.0,213.0,230.0,239.0,251.0,273.0,311.0,1.0,2.0
1009,1362,419926.5,3811645.5,2022,149.0,212.0,230.0,240.0,252.0,274.0,309.0,1.0,2.0
1007,1397,420031.5,3811651.5,2022,122.0,189.0,229.0,239.0,250.0,271.0,311.0,1.0,2.0
1003,1432,420136.5,3811663.5,2022,119.0,210.0,230.0,239.0,251.0,277.0,318.0,1.0,1.0
1018,1467,420241.5,3811618.5,2022,160.0,215.0,231.0,241.0,253.0,275.0,312.0,1.0,2.0
1004,1472,420256.5,3811660.5,2022,141.0,215.0,232.0,242.0,254.0,276.0,313.0,1.0,2.0
1000,1525,420415.5,3811672.5,2022,128.0,213.0,230.0,239.0,250.0,275.0,310.0,1.0,1.0
1012,1538,420454.5,3811636.5,2022,144.0,215.0,232.0,241.0,254.0,277.0,311.0,1.0,2.0
992,1579,420577.5,3811696.5,2022,118.0,210.0,230.0,239.0,253.0,281.0,323.0,1.0,1.0
996,1590,420610.5,3811684.5,2022,126.0,207.0,229.0,239.0,252.0,277.0,314.0,1.0,1.0
1006,1699,420937.5,3811654.5,2022,110.0,186.0,227.0,238.0,250.0,276.0,313.0,1.0,1.0
1018,1738,421054.5,3811618.5,2022,126.0,213.0,230.0,238.0,250.0,273.0,306.0,1.0,1.0
1012,1746,421078.5,3811636.5,2022,161.0,212.0,229.0,238.0,251.0,275.0,314.0,1.0,1.0
1009,1790,421210.5,3811645.5,2022,153.0,210.0,229.0,238.0,250.0,274.0,312.0,1.0,2.0
1002,1803,421249.5,3811666.5,2022,156.0,211.0,228.0,237.0,249.0,273.0,317.0,1.0,1.0
994,1831,421333.5,3811690.5,2022,109.0,177.0,228.0,238.0,250.0,272.0,312.0,1.0,2.0
990,1877,421471.5,3811702.5,2022,101.0,178.0,227.0,239.0,252.0,277.0,320.0,1.0,1.0
997,1890,421510.5,3811681.5,2022,106.0,180.0,229.0,240.0,252.0,275.0,313.0,1.0,1.0
996,1920,421600.5,3811684.5,2022,99.0,176.0,228.0,238.0,251.0,274.0,312.0,1.0,1.0
1009,1974,421762.5,3811645.5,2022,105.0,178.0,231.0,241.0,254.0,281.0,324.0,1.0,2.0
1001,1982,421786.5,3811669.5,2022,110.0,177.0,231.0,241.0,254.0,279.0,334.0,1.0,2.0
1005,2037,421951.5,3811657.5,2022,127.0,185.0,228.0,238.0,250.0,272.0,317.0,1.0,1.0
1019,2067,422041.5,3811615.5,2022,133.0,192.0,227.0,238.0,252.0,277.0,329.0,1.0,1.0
996,2080,422080.5,3811684.5,2022,119.0,208.0,229.0,240.0,252.0,275.0,321.0,1.0,2.0
997,2120,422200.5,3811681.5,2022,135.0,207.0,229.0,240.0,252.0,275.0,324.0,1.0,2.0
1017,2136,422248.5,3811621.5,2022,125.0,188.0,228.0,239.0,253.0,278.0,327.0,1.0,1.0
1007,2183,422389.5,3811651.5,2022,142.0,180.0,230.0,241.0,253.0,280.0,329.0,1.0,1.0
1012,2198,422434.5,3811636.5,2022,134.0,177.0,231.0,242.0,255.0,284.0,323.0,1.0,1.0
1003,2233,422539.5,3811663.5,2022,131.0,185.0,232.0,243.0,255.0,285.0,326.0,1.0,1.0
995,2257,422611.5,3811687.5,2022,140.0,184.0,228.0,240.0,253.0,280.0,321.0,1.0,1.0
1016,2298,422734.5,3811624.5,2022,129.0,192.0,225.0,238.0,253.0,281.0,330.0,1.0,1.0
994,2332,422836.5,3811690.5,2022,147.0,201.0,228.0,240.0,253.0,279.0,325.0,1.0,1.0
1009,2347,422881.5,3811645.5,2022,148.0,209.0,230.0,242.0,255.0,279.0,321.0,1.0,1.0
1009,2385,422995.5,3811645.5,2022,135.0,196.0,227.0,238.0,252.0,279.0,324.0,1.0,1.0
1018,2406,423058.5,3811618.5,2022,138.0,188.0,224.0,236.0,249.0,275.0,318.0,1.0,1.0
1014,2436,423148.5,3811630.5,2022,140.0,183.0,222.0,235.0,249.0,278.0,322.0,1.0,1.0
1008,2472,423256.5,3811648.5,2022,125.0,189.0,224.0,237.0,252.0,277.0,320.0,1.0,1.0
994,2506,423358.5,3811690.5,2022,132.0,184.0,219.0,234.0,252.0,283.0,323.0,1.0,1.0
1001,2521,423403.5,3811669.5,2022,139.0,187.0,218.0,230.0,243.0,272.0,308.0,1.0,1.0
992,2555,423505.5,3811696.5,2022,149.0,183.0,220.0,233.0,246.0,273.0,314.0,1.0,1.0
1005,2597,423631.5,3811657.5,2022,143.0,185.0,221.0,234.0,248.0,272.0,316.0,1.0,1.0
1017,2621,423703.5,3811621.5,2022,132.0,181.0,223.0,235.0,248.0,275.0,320.0,1.0,1.0
992,2665,423835.5,3811696.5,2022,139.0,199.0,224.0,235.0,247.0,271.0,304.0,1.0,1.0
993,2694,423922.5,3811693.5,2022,153.0,194.0,221.0,233.0,247.0,274.0,313.0,1.0,2.0
1013,2703,423949.5,3811633.5,2022,143.0,192.0,221.0,233.0,247.0,275.0,320.0,1.0,1.0
991,2749,424087.5,3811699.5,2022,150.0,201.0,224.0,236.0,250.0,277.0,317.0,1.0,1.0
1002,2769,424147.5,3811666.5,2022,153.0,202.0,224.0,235.0,248.0,273.0,312.0,1.0,1.0
999,2812,424276.5,3811675.5,2022,161.0,204.0,224.0,234.0,245.0,271.0,315.0,1.0,1.0
1019,2823,424309.5,3811615.5,2022,152.0,205.0,226.0,236.0,249.0,274.0,315.0,1.0,1.0
1016,2852,424396.5,3811624.5,2022,153.0,197.0,223.0,234.0,246.0,273.0,326.0,1.0,1.0
996,2882,424486.5,3811684.5,2022,148.0,189.0,218.0,230.0,243.0,270.0,318.0,1.0,1.0
1000,2911,424573.5,3811672.5,2022,155.0,198.0,220.0,231.0,243.0,268.0,317.0,1.0,1.0
1010,2964,424732.5,3811642.5,2022,128.0,188.0,216.0,228.0,241.0,267.0,306.0,1.0,1.0
1007,2991,424813.5,3811651.5,2022,157.0,190.0,216.0,228.0,242.0,272.0,321.0,1.0,1.0
1003,3011,424873.5,3811663.5,2022,160.0,189.0,215.0,227.0,240.0,269.0,316.0,1.0,1.0
995,3033,424939.5,3811687.5,2022,146.0,187.0,215.0,227.0,241.0,269.0,316.0,1.0,1.0
1018,3066,425038.5,3811618.5,2022,154.0,195.0,217.0,228.0,240.0,267.0,306.0,1.0,1.0
993,3103,425149.5,3811693.5,2022,164.0,197.0,217.0,228.0,240.0,265.0,299.0,1.0,1.0
1014,3129,425227.5,3811630.5,2022,165.0,200.0,218.0,228.0,239.0,265.0,299.0,1.0,1.0
1013,3158,425314.5,3811633.5,2022,179.0,199.0,213.0,222.0,230.0,246.0,271.0,1.0,1.0
1007,3194,425422.5,3811651.5,2022,179.0,203.0,218.0,227.0,236.0,257.0,300.0,1.0,1.0
1002,3220,425500.5,3811666.5,2022,157.0,200.0,218.0,228.0,239.0,264.0,296.0,1.0,1.0
1015,3259,425617.5,3811627.5,2022,158.0,197.0,217.0,228.0,241.0,270.0,312.0,1.0,1.0
994,3297,425731.5,3811690.5,2022,156.0,197.0,217.0,228.0,241.0,270.0,308.0,1.0,1.0
1007,3302,425746.5,3811651.5,2022,160.0,200.0,218.0,228.0,241.0,270.0,317.0,1.0,1.0
993,3332,425836.5,3811693.5,2022,159.0,196.0,217.0,228.0,240.0,273.0,313.0,1.0,1.0
1044,0,415840.5,3811540.5,2022,135.0,186.0,229.0,239.0,250.0,272.0,317.0,1.0,1.0
1041,57,416011.5,3811549.5,2022,128.0,185.0,227.0,238.0,249.0,272.0,320.0,1.0,1.0
1040,69,416047.5,3811552.5,2022,147.0,185.0,227.0,237.0,248.0,272.0,330.0,1.0,1.0
1031,118,416194.5,3811579.5,2022,148.0,182.0,228.0,238.0,251.0,278.0,323.0,1.0,1.0
1024,128,416224.5,3811600.5,2022,136.0,182.0,226.0,237.0,250.0,278.0,320.0,1.0,1.0
1025,155,416305.5,3811597.5,2022,95.0,173.0,223.0,238.0,253.0,279.0,333.0,1.0,1.0
1031,208,416464.5,3811579.5,2022,150.0,185.0,227.0,238.0,250.0,273.0,316.0,1.0,2.0
1039,217,416491.5,3811555.5,2022,140.0,188.0,228.0,238.0,248.0,270.0,318.0,1.0,1.0
1046,261,416623.5,3811534.5,2022,145.0,200.0,226.0,236.0,246.0,267.0,321.0,1.0,1.0
1048,283,416689.5,3811528.5,2022,153.0,209.0,227.0,237.0,247.0,270.0,305.0,1.0,1.0
1037,305,416755.5,3811561.5,2022,153.0,206.0,226.0,236.0,246.0,268.0,303.0,1.0,1.0
1032,339,416857.5,3811576.5,2022,145.0,205.0,226.0,236.0,247.0,268.0,310.0,1.0,1.0
1038,380,416980.5,3811558.5,2022,130.0,190.0,225.0,236.0,247.0,270.0,311.0,1.0,1.0
1037,390,417010.5,3811561.5,2022,118.0,186.0,224.0,235.0,247.0,270.0,308.0,1.0,1.0
1023,436,417148.5,3811603.5,2022,120.0,182.0,227.0,238.0,250.0,275.0,328.0,1.0,1.0
1045,473,417259.5,3811537.5,2022,130.0,180.0,218.0,232.0,245.0,271.0,320.0,1.0,1.0
1046,486,417298.5,3811534.5,2022,130.0,185.0,219.0,232.0,245.0,275.0,328.0,1.0,1.0
1040,536,417448.5,3811552.5,2022,110.0,183.0,224.0,236.0,249.0,272.0,314.0,1.0,1.0
1036,565,417535.5,3811564.5,2022,131.0,193.0,225.0,237.0,249.0,271.0,312.0,1.0,1.0
1042,579,417577.5,3811546.5,2022,128.0,195.0,226.0,237.0,249.0,273.0,317.0,1.0,2.0
1028,604,417652.5,3811588.5,2022,112.0,193.0,224.0,236.0,248.0,271.0,313.0,1.0,1.0
1040,652,417796.5,3811552.5,2022,137.0,204.0,225.0,236.0,246.0,265.0,296.0,1.0,1.0
1040,687,417901.5,3811552.5,2022,135.0,204.0,224.0,234.0,244.0,266.0,312.0,1.0,2.0
1034,709,417967.5,3811570.5,2022,141.0,204.0,224.0,234.0,244.0,264.0,313.0,1.0,1.0
1039,743,418069.5,3811555.5,2022,129.0,204.0,227.0,237.0,248.0,270.0,305.0,1.0,2.0
1048,773,418159.5,3811528.5,2022,126.0,204.0,227.0,237.0,247.0,268.0,308.0,1.0,1.0
1026,782,418186.5,3811594.5,2022,130.0,205.0,226.0,236.0,246.0,266.0,306.0,1.0,1.0
1029,821,418303.5,3811585.5,2022,146.0,203.0,226.0,236.0,247.0,269.0,312.0,1.0,1.0
1042,849,418387.5,3811546.5,2022,154.0,213.0,229.0,237.0,248.0,269.0,310.0,1.0,1.0
1044,899,418537.5,3811540.5,2022,130.0,209.0,228.0,238.0,249.0,272.0,313.0,1.0,1.0
1048,916,418588.5,3811528.5,2022,148.0,209.0,229.0,238.0,249.0,271.0,317.0,1.0,2.0
1035,948,418684.5,3811567.5,2022,129.0,209.0,227.0,236.0,247.0,269.0,312.0,1.0,1.0
1022,961,418723.5,3811606.5,2022,143.0,210.0,228.0,238.0,249.0,272.0,317.0,1.0,1.0
1039,1005,418855.5,3811555.5,2022,116.0,213.0,230.0,239.0,251.0,272.0,311.0,1.0,1.0
1040,1025,418915.5,3811552.5,2022,102.0,196.0,226.0,237.0,251.0,275.0,313.0,1.0,2.0
1048,1058,419014.5,3811528.5,2022,97.0,199.0,224.0,235.0,248.0,270.0,308.0,1.0,2.0
1025,1094,419122.5,3811597.5,2022,107.0,190.0,226.0,236.0,248.0,269.0,303.0,1.0,1.0
1027,1137,419251.5,3811591.5,2022,110.0,207.0,230.0,240.0,252.0,273.0,304.0,1.0,1.0
1047,1146,419278.5,3811531.5,2022,115.0,209.0,229.0,239.0,250.0,269.0,297.0,1.0,1.0
1023,1176,419368.5,3811603.5,2022,158.0,214.0,229.0,238.0,249.0,272.0,302.0,1.0,1.0
1041,1224,419512.5,3811549.5,2022,147.0,211.0,229.0,238.0,250.0,271.0,314.0,1.0,1.0
1032,1252,419596.5,3811576.5,2022,139.0,212.0,230.0,239.0,250.0,271.0,310.0,1.0,1.0
1023,1279,419677.5,3811603.5,2022,154.0,213.0,229.0,239.0,251.0,273.0,301.0,1.0,1.0
1028,1293,419719.5,3811588.5,2022,153.0,212.0,229.0,239.0,251.0,274.0,310.0,1.0,2.0
1027,1326,419818.5,3811591.5,2022,151.0,209.0,228.0,236.0,247.0,271.0,309.0,1.0,1.0
1030,1372,419956.5,3811582.5,2022,122.0,212.0,230.0,240.0,251.0,272.0,319.0,1.0,2.0
1024,1409,420067.5,3811600.5,2022,129.0,209.0,229.0,239.0,252.0,275.0,314.0,1.0,1.0
1024,1416,420088.5,3811600.5,2022,119.0,208.0,228.0,238.0,250.0,273.0,328.0,1.0,1.0
1036,1467,420241.5,3811564.5,2022,156.0,215.0,230.0,238.0,249.0,271.0,306.0,1.0,1.0
1048,1470,420250.5,3811528.5,2022,155.0,216.0,230.0,238.0,248.0,272.0,297.0,1.0,1.0
1020,1527,420421.5,3811612.5,2022,110.0,216.0,233.0,243.0,255.0,277.0,320.0,1.0,2.0
1042,1554,420502.5,3811546.5,2022,120.0,214.0,231.0,240.0,252.0,277.0,320.0,1.0,2.0
1035,1560,420520.5,3811567.5,2022,134.0,214.0,231.0,241.0,253.0,279.0,315.0,1.0,2.0
1021,1702,420946.5,3811609.5,2022,105.0,201.0,227.0,238.0,250.0,275.0,314.0,1.0,1.0
1024,1739,421057.5,3811600.5,2022,163.0,212.0,229.0,237.0,250.0,273.0,307.0,1.0,1.0
1029,1752,421096.5,3811585.5,2022,163.0,212.0,228.0,237.0,248.0,272.0,309.0,1.0,1.0
1024,1788,421204.5,3811600.5,2022,161.0,211.0,229.0,239.0,251.0,275.0,312.0,1.0,1.0
1026,1820,421300.5,3811594.5,2022,119.0,204.0,228.0,239.0,253.0,276.0,309.0,1.0,2.0
1047,1843,421369.5,3811531.5,2022,108.0,179.0,225.0,237.0,251.0,277.0,326.0,1.0,1.0
1036,1869,421447.5,3811564.5,2022,133.0,201.0,228.0,238.0,251.0,276.0,324.0,1.0,1.0
1023,1943,421669.5,3811603.5,2022,103.0,176.0,230.0,241.0,255.0,278.0,318.0,1.0,2.0
1040,1970,421750.5,3811552.5,2022,135.0,177.0,233.0,243.0,254.0,280.0,321.0,1.0,1.0
1025,1992,421816.5,3811597.5,2022,121.0,175.0,232.0,243.0,255.0,277.0,317.0,1.0,2.0
1023,2033,421939.5,3811603.5,2022,141.0,179.0,230.0,240.0,253.0,279.0,335.0,1.0,2.0
1040,2067,422041.5,3811552.5,2022,133.0,179.0,228.0,239.0,254.0,280.0,323.0,1.0,2.0
1044,2085,422095.5,3811540.5,2022,137.0,207.0,229.0,240.0,254.0,276.0,327.0,1.0,2.0
1027,2101,422143.5,3811591.5,2022,120.0,187.0,229.0,241.0,253.0,276.0,324.0,1.0,2.0
1026,2152,422296.5,3811594.5,2022,110.0,182.0,229.0,239.0,251.0,276.0,320.0,1.0,1.0
1031,2187,422401.5,3811579.5,2022,118.0,176.0,232.0,243.0,255.0,280.0,322.0,1.0,1.0
1031,2206,422458.5,3811579.5,2022,147.0,214.0,233.0,244.0,255.0,280.0,323.0,1.0,1.0
1038,2247,422581.5,3811558.5,2022,111.0,201.0,226.0,238.0,252.0,279.0,326.0,1.0,1.0
1025,2254,422602.5,3811597.5,2022,137.0,202.0,226.0,238.0,251.0,277.0,324.0,1.0,1.0
1025,2299,422737.5,3811597.5,2022,139.0,208.0,231.0,242.0,255.0,279.0,326.0,1.0,1.0
1031,2336,422848.5,3811579.5,2022,141.0,206.0,228.0,239.0,252.0,277.0,319.0,1.0,1.0
1042,2342,422866.5,3811546.5,2022,122.0,191.0,229.0,242.0,256.0,282.0,330.0,1.0,2.0
1029,2389,423007.5,3811585.5,2022,132.0,186.0,221.0,234.0,249.0,279.0,315.0,1.0,1.0
1030,2420,423100.5,3811582.5,2022,132.0,183.0,221.0,234.0,248.0,277.0,318.0,1.0,1.0
1034,2444,423172.5,3811570.5,2022,150.0,186.0,223.0,235.0,248.0,278.0,315.0,1.0,1.0
1021,2473,423259.5,3811609.5,2022,151.0,188.0,222.0,236.0,251.0,275.0,313.0,1.0,1.0
1033,2518,423394.5,3811573.5,2022,152.0,195.0,223.0,234.0,247.0,272.0,313.0,1.0,1.0
1046,2540,423460.5,3811534.5,2022,149.0,203.0,226.0,237.0,251.0,276.0,318.0,1.0,1.0
1026,2552,423496.5,3811594.5,2022,148.0,187.0,222.0,233.0,247.0,274.0,323.0,1.0,1.0
1027,2605,423655.5,3811591.5,2022,145.0,185.0,220.0,232.0,246.0,273.0,315.0,1.0,1.0
1047,2632,423736.5,3811531.5,2022,152.0,205.0,229.0,240.0,254.0,277.0,314.0,1.0,1.0
1032,2648,423784.5,3811576.5,2022,156.0,200.0,226.0,237.0,251.0,278.0,319.0,1.0,1.0
1047,2691,423913.5,3811531.5,2022,137.0,196.0,222.0,234.0,249.0,278.0,322.0,1.0,1.0
1040,2728,424024.5,3811552.5,2022,155.0,197.0,219.0,231.0,246.0,274.0,319.0,1.0,1.0
1026,2737,424051.5,3811594.5,2022,155.0,194.0,220.0,232.0,246.0,275.0,317.0,1.0,2.0
1027,2762,424126.5,3811591.5,2022,143.0,190.0,220.0,232.0,246.0,276.0,322.0,1.0,1.0
1034,2804,424252.5,3811570.5,2022,154.0,204.0,226.0,236.0,248.0,274.0,323.0,1.0,1.0
1039,2821,424303.5,3811555.5,2022,146.0,205.0,225.0,235.0,246.0,270.0,317.0,1.0,1.0
1032,2861,424423.5,3811576.5,2022,158.0,199.0,221.0,232.0,243.0,268.0,307.0,1.0,1.0
1021,2881,424483.5,3811609.5,2022,150.0,193.0,217.0,228.0,240.0,267.0,316.0,1.0,1.0
1042,2938,424654.5,3811546.5,2022,158.0,191.0,219.0,230.0,241.0,267.0,315.0,1.0,1.0
1047,2948,424684.5,3811531.5,2022,144.0,187.0,216.0,228.0,240.0,268.0,310.0,1.0,1.0
1043,2995,424825.5,3811543.5,2022,119.0,185.0,215.0,226.0,239.0,268.0,318.0,1.0,1.0
1036,3025,424915.5,3811564.5,2022,163.0,195.0,216.0,226.0,238.0,265.0,302.0,1.0,1.0
1025,3059,425017.5,3811597.5,2022,164.0,200.0,218.0,228.0,239.0,267.0,299.0,1.0,1.0
1049,3061,425023.5,3811525.5,2022,157.0,196.0,218.0,228.0,240.0,265.0,308.0,1.0,1.0
1037,3091,425113.5,3811561.5,2022,156.0,198.0,219.0,229.0,240.0,265.0,299.0,1.0,1.0
1035,3146,425278.5,3811567.5,2022,151.0,201.0,218.0,227.0,239.0,264.0,298.0,1.0,1.0
1033,3177,425371.5,3811573.5,2022,170.0,200.0,215.0,224.0,233.0,252.0,290.0,1.0,1.0
1041,3195,425425.5,3811549.5,2022,167.0,201.0,218.0,228.0,238.0,261.0,301.0,1.0,1.0
1038,3239,425557.5,3811558.5,2022,159.0,201.0,219.0,229.0,240.0,271.0,322.0,1.0,1.0
1028,3253,425599.5,3811588.5,2022,162.0,199.0,216.0,226.0,238.0,266.0,305.0,1.0,1.0
1034,3285,425695.5,3811570.5,2022,152.0,202.0,219.0,229.0,240.0,267.0,296.0,1.0,1.0
1020,3319,425797.5,3811612.5,2022,158.0,197.0,217.0,228.0,240.0,272.0,305.0,1.0,1.0
1078,10,415870.5,3811438.5,2022,150.0,183.0,227.0,237.0,249.0,273.0,318.0,1.0,1.0
1051,47,415981.5,3811519.5,2022,140.0,181.0,228.0,238.0,249.0,275.0,317.0,1.0,1.0
1066,86,416098.5,3811474.5,2022,146.0,211.0,229.0,238.0,249.0,272.0,310.0,1.0,1.0
1052,116,416188.5,3811516.5,2022,123.0,186.0,228.0,238.0,251.0,275.0,318.0,1.0,1.0
1054,127,416221.5,3811510.5,2022,143.0,188.0,226.0,237.0,249.0,273.0,329.0,1.0,1.0
1054,156,416308.5,3811510.5,2022,146.0,187.0,226.0,237.0,249.0,271.0,312.0,1.0,1.0
1061,196,416428.5,3811489.5,2022,146.0,186.0,227.0,237.0,249.0,272.0,327.0,1.0,1.0
1076,238,416554.5,3811444.5,2022,125.0,183.0,227.0,237.0,248.0,271.0,313.0,1.0,1.0
1053,247,416581.5,3811513.5,2022,155.0,204.0,226.0,236.0,246.0,266.0,300.0,1.0,1.0
1062,294,416722.5,3811486.5,2022,146.0,206.0,227.0,236.0,247.0,268.0,304.0,1.0,1.0
1052,325,416815.5,3811516.5,2022,128.0,203.0,226.0,236.0,247.0,270.0,312.0,1.0,1.0
1076,341,416863.5,3811444.5,2022,145.0,203.0,227.0,237.0,247.0,268.0,310.0,1.0,1.0
1065,367,416941.5,3811477.5,2022,134.0,206.0,227.0,237.0,247.0,268.0,321.0,1.0,1.0
1073,390,417010.5,3811453.5,2022,129.0,185.0,225.0,237.0,249.0,273.0,331.0,1.0,2.0
1068,449,417187.5,3811468.5,2022,133.0,177.0,222.0,235.0,247.0,272.0,321.0,1.0,1.0
1051,457,417211.5,3811519.5,2022,143.0,181.0,222.0,234.0,246.0,272.0,322.0,1.0,1.0
1054,498,417334.5,3811510.5,2022,101.0,183.0,226.0,238.0,251.0,273.0,319.0,1.0,1.0
1070,529,417427.5,3811462.5,2022,116.0,183.0,223.0,235.0,248.0,272.0,318.0,1.0,1.0
1055,568,417544.5,3811507.5,2022,113.0,192.0,223.0,235.0,247.0,272.0,312.0,1.0,1.0
1055,583,417589.5,3811507.5,2022,138.0,199.0,226.0,238.0,250.0,273.0,316.0,1.0,1.0
1067,609,417667.5,3811471.5,2022,111.0,188.0,225.0,237.0,249.0,272.0,313.0,1.0,1.0
1053,634,417742.5,3811513.5,2022,118.0,189.0,224.0,237.0,249.0,273.0,317.0,1.0,1.0
1075,680,417880.5,3811447.5,2022,131.0,204.0,225.0,236.0,246.0,266.0,305.0,1.0,1.0
1077,697,417931.5,3811441.5,2022,165.0,207.0,226.0,236.0,246.0,267.0,300.0,1.0,1.0
1054,722,418006.5,3811510.5,2022,140.0,205.0,225.0,235.0,245.0,265.0,310.0,1.0,2.0
1063,772,418156.5,3811483.5,2022,150.0,205.0,229.0,238.0,249.0,271.0,321.0,1.0,1.0
1054,788,418204.5,3811510.5,2022,135.0,205.0,227.0,236.0,247.0,269.0,313.0,1.0,1.0
1061,832,418336.5,3811489.5,2022,123.0,209.0,229.0,238.0,248.0,269.0,311.0,1.0,1.0
1059,840,418360.5,3811495.5,2022,148.0,208.0,227.0,237.0,247.0,269.0,308.0,1.0,1.0
1066,881,418483.5,3811474.5,2022,152.0,212.0,230.0,239.0,250.0,271.0,320.0,1.0,1.0
1076,919,418597.5,3811444.5,2022,121.0,210.0,229.0,239.0,250.0,272.0,315.0,1.0,1.0
1078,947,418681.5,3811438.5,2022,153.0,213.0,230.0,239.0,250.0,271.0,310.0,1.0,1.0
1066,988,418804.5,3811474.5,2022,132.0,212.0,229.0,239.0,250.0,273.0,322.0,1.0,1.0
1074,1016,418888.5,3811450.5,2022,111.0,207.0,228.0,238.0,250.0,272.0,311.0,1.0,1.0
1061,1037,418951.5,3811489.5,2022,99.0,186.0,225.0,236.0,249.0,272.0,310.0,1.0,1.0
1069,1055,419005.5,3811465.5,2022,138.0,203.0,225.0,235.0,246.0,270.0,307.0,1.0,2.0
1079,1100,419140.5,3811435.5,2022,96.0,180.0,226.0,236.0,248.0,269.0,308.0,1.0,1.0
1064,1118,419194.5,3811480.5,2022,105.0,205.0,227.0,237.0,249.0,271.0,314.0,1.0,1.0
1062,1150,419290.5,3811486.5,2022,120.0,213.0,230.0,239.0,250.0,270.0,302.0,1.0,1.0
1067,1193,419419.5,3811471.5,2022,149.0,213.0,231.0,240.0,251.0,272.0,314.0,1.0,1.0
1069,1227,419521.5,3811465.5,2022,151.0,215.0,231.0,240.0,251.0,274.0,307.0,1.0,2.0
1061,1230,419530.5,3811489.5,2022,111.0,181.0,230.0,240.0,253.0,277.0,317.0,1.0,2.0
1050,1278,419674.5,3811522.5,2022,151.0,211.0,229.0,239.0,250.0,272.0,313.0,1.0,1.0
1069,1300,419740.5,3811465.5,2022,150.0,214.0,230.0,239.0,251.0,275.0,312.0,1.0,1.0
1050,1329,419827.5,3811522.5,2022,123.0,211.0,229.0,239.0,250.0,273.0,317.0,1.0,2.0
1064,1355,419905.5,3811480.5,2022,122.0,212.0,229.0,238.0,249.0,269.0,314.0,1.0,2.0
1079,1407,420061.5,3811435.5,2022,158.0,216.0,231.0,240.0,252.0,273.0,304.0,1.0,2.0
1076,1433,420139.5,3811444.5,2022,166.0,216.0,230.0,238.0,247.0,268.0,298.0,1.0,1.0
1061,1445,420175.5,3811489.5,2022,163.0,216.0,231.0,239.0,250.0,272.0,301.0,1.0,1.0
1063,1497,420331.5,3811483.5,2022,124.0,214.0,232.0,242.0,254.0,275.0,308.0,1.0,1.0
1054,1507,420361.5,3811510.5,2022,133.0,216.0,232.0,241.0,254.0,277.0,316.0,1.0,2.0
1054,1530,420430.5,3811510.5,2022,115.0,215.0,231.0,239.0,250.0,276.0,317.0,1.0,2.0
1055,1577,420571.5,3811507.5,2022,110.0,191.0,228.0,239.0,253.0,277.0,317.0,1.0,1.0
1079,1737,421051.5,3811435.5,2022,113.0,207.0,228.0,237.0,251.0,276.0,325.0,1.0,2.0
1062,1751,421093.5,3811486.5,2022,155.0,207.0,227.0,237.0,250.0,275.0,315.0,1.0,2.0
1070,1771,421153.5,3811462.5,2022,154.0,185.0,229.0,240.0,254.0,279.0,320.0,1.0,2.0
1071,1817,421291.5,3811459.5,2022,119.0,207.0,228.0,238.0,252.0,276.0,314.0,1.0,2.0
1056,1832,421336.5,3811504.5,2022,116.0,179.0,225.0,236.0,249.0,273.0,320.0,1.0,1.0
1060,1874,421462.5,3811492.5,2022,135.0,184.0,226.0,237.0,250.0,275.0,320.0,1.0,1.0
1065,1946,421678.5,3811477.5,2022,118.0,172.0,232.0,242.0,255.0,281.0,326.0,1.0,1.0
1056,1969,421747.5,3811504.5,2022,128.0,180.0,232.0,243.0,255.0,282.0,321.0,1.0,1.0
1067,1987,421801.5,3811471.5,2022,122.0,179.0,232.0,242.0,254.0,278.0,324.0,1.0,1.0
1054,2032,421936.5,3811510.5,2022,115.0,181.0,231.0,242.0,254.0,277.0,321.0,1.0,2.0
1062,2065,422035.5,3811486.5,2022,110.0,183.0,229.0,239.0,252.0,277.0,325.0,1.0,2.0
1076,2085,422095.5,3811444.5,2022,105.0,198.0,228.0,238.0,251.0,276.0,316.0,1.0,2.0
1055,2106,422158.5,3811507.5,2022,133.0,210.0,231.0,242.0,254.0,279.0,320.0,1.0,2.0
1054,2151,422293.5,3811510.5,2022,124.0,206.0,231.0,242.0,255.0,280.0,321.0,1.0,2.0
1062,2163,422329.5,3811486.5,2022,112.0,182.0,233.0,244.0,256.0,282.0,329.0,1.0,2.0
1061,2204,422452.5,3811489.5,2022,135.0,208.0,231.0,242.0,254.0,279.0,325.0,1.0,1.0
1078,2220,422500.5,3811438.5,2022,146.0,214.0,232.0,242.0,253.0,277.0,321.0,1.0,1.0
1068,2257,422611.5,3811468.5,2022,120.0,205.0,228.0,239.0,252.0,280.0,324.0,1.0,1.0
1057,2309,422767.5,3811501.5,2022,143.0,199.0,227.0,239.0,253.0,279.0,329.0,1.0,2.0
1055,2324,422812.5,3811507.5,2022,139.0,202.0,226.0,238.0,252.0,278.0,320.0,1.0,1.0
1070,2347,422881.5,3811462.5,2022,135.0,206.0,232.0,243.0,256.0,282.0,326.0,1.0,1.0
1070,2392,423016.5,3811462.5,2022,137.0,203.0,229.0,240.0,253.0,280.0,323.0,1.0,1.0
1071,2401,423043.5,3811459.5,2022,135.0,187.0,227.0,238.0,251.0,276.0,320.0,1.0,1.0
1076,2456,423208.5,3811444.5,2022,133.0,184.0,228.0,239.0,253.0,284.0,331.0,1.0,1.0
1070,2469,423247.5,3811462.5,2022,157.0,199.0,227.0,238.0,252.0,279.0,317.0,1.0,1.0
1064,2492,423316.5,3811480.5,2022,150.0,187.0,228.0,240.0,253.0,283.0,317.0,1.0,2.0
1077,2547,423481.5,3811441.5,2022,153.0,182.0,227.0,238.0,253.0,279.0,323.0,1.0,1.0
1057,2567,423541.5,3811501.5,2022,148.0,192.0,225.0,236.0,250.0,278.0,319.0,1.0,1.0
1068,2599,423637.5,3811468.5,2022,140.0,183.0,226.0,238.0,254.0,285.0,326.0,1.0,1.0
1064,2626,423718.5,3811480.5,2022,158.0,212.0,230.0,240.0,252.0,277.0,313.0,1.0,1.0
1066,2657,423811.5,3811474.5,2022,143.0,199.0,226.0,237.0,252.0,278.0,317.0,1.0,1.0
1053,2692,423916.5,3811513.5,2022,143.0,195.0,221.0,233.0,247.0,275.0,319.0,1.0,1.0
1066,2707,423961.5,3811474.5,2022,144.0,187.0,218.0,230.0,244.0,274.0,319.0,1.0,1.0
1066,2734,424042.5,3811474.5,2022,151.0,195.0,219.0,230.0,243.0,271.0,315.0,1.0,1.0
1053,2786,424198.5,3811513.5,2022,149.0,195.0,223.0,236.0,250.0,278.0,316.0,1.0,1.0
1066,2790,424210.5,3811474.5,2022,139.0,186.0,217.0,229.0,243.0,272.0,322.0,1.0,1.0
1064,2831,424333.5,3811480.5,2022,147.0,183.0,216.0,228.0,241.0,268.0,312.0,1.0,1.0
1075,2874,424462.5,3811447.5,2022,153.0,194.0,220.0,232.0,244.0,270.0,315.0,1.0,1.0
1063,2895,424525.5,3811483.5,2022,154.0,188.0,216.0,229.0,242.0,273.0,321.0,1.0,1.0
1063,2916,424588.5,3811483.5,2022,144.0,184.0,217.0,229.0,242.0,270.0,320.0,1.0,1.0
1063,2953,424699.5,3811483.5,2022,152.0,186.0,215.0,227.0,240.0,268.0,314.0,1.0,1.0
1054,2997,424831.5,3811510.5,2022,153.0,185.0,214.0,226.0,239.0,269.0,314.0,1.0,1.0
1068,3005,424855.5,3811468.5,2022,155.0,190.0,215.0,226.0,238.0,269.0,327.0,1.0,1.0
1060,3056,425008.5,3811492.5,2022,166.0,198.0,217.0,227.0,239.0,264.0,306.0,1.0,1.0
1060,3062,425026.5,3811492.5,2022,162.0,200.0,218.0,227.0,238.0,263.0,307.0,1.0,1.0
1078,3113,425179.5,3811438.5,2022,163.0,200.0,218.0,228.0,238.0,257.0,291.0,1.0,2.0
1050,3142,425266.5,3811522.5,2022,154.0,189.0,217.0,228.0,240.0,267.0,306.0,1.0,1.0
1075,3175,425365.5,3811447.5,2022,154.0,191.0,216.0,227.0,239.0,265.0,303.0,1.0,1.0
1054,3207,425461.5,3811510.5,2022,153.0,199.0,217.0,228.0,240.0,270.0,315.0,1.0,1.0
1063,3217,425491.5,3811483.5,2022,155.0,196.0,217.0,228.0,239.0,268.0,310.0,1.0,1.0
1066,3254,425602.5,3811474.5,2022,159.0,200.0,218.0,229.0,241.0,270.0,310.0,1.0,1.0
1069,3279,425677.5,3811465.5,2022,157.0,194.0,217.0,227.0,240.0,271.0,323.0,1.0,2.0
1052,3315,425785.5,3811516.5,2022,152.0,194.0,216.0,227.0,239.0,268.0,312.0,1.0,1.0
1104,23,415909.5,3811360.5,2022,126.0,182.0,227.0,237.0,248.0,272.0,323.0,1.0,1.0
1081,58,416014.5,3811429.5,2022,151.0,206.0,228.0,237.0,248.0,271.0,319.0,1.0,1.0
1098,61,416023.5,3811378.5,2022,145.0,181.0,227.0,238.0,250.0,273.0,321.0,1.0,1.0
1083,115,416185.5,3811423.5,2022,133.0,185.0,227.0,237.0,250.0,274.0,314.0,1.0,1.0
1088,135,416245.5,3811408.5,2022,141.0,179.0,227.0,237.0,249.0,271.0,319.0,1.0,1.0
1109,168,416344.5,3811345.5,2022,146.0,199.0,227.0,237.0,248.0,270.0,318.0,1.0,2.0
1100,181,416383.5,3811372.5,2022,138.0,198.0,227.0,237.0,248.0,273.0,330.0,1.0,1.0
1097,224,416512.5,3811381.5,2022,153.0,211.0,230.0,239.0,250.0,272.0,306.0,1.0,1.0
1087,248,416584.5,3811411.5,2022,140.0,209.0,228.0,238.0,248.0,270.0,304.0,1.0,1.0
1105,287,416701.5,3811357.5,2022,129.0,185.0,225.0,236.0,247.0,269.0,316.0,1.0,1.0
1091,307,416761.5,3811399.5,2022,135.0,205.0,227.0,238.0,248.0,269.0,310.0,1.0,1.0
1092,333,416839.5,3811396.5,2022,126.0,184.0,223.0,235.0,247.0,271.0,313.0,1.0,1.0
1099,386,416998.5,3811375.5,2022,133.0,182.0,224.0,236.0,248.0,271.0,322.0,1.0,1.0
1103,390,417010.5,3811363.5,2022,134.0,183.0,221.0,235.0,248.0,273.0,324.0,1.0,1.0
1086,441,417163.5,3811414.5,2022,144.0,184.0,221.0,234.0,247.0,273.0,320.0,1.0,1.0
1101,464,417232.5,3811369.5,2022,114.0,189.0,226.0,238.0,250.0,275.0,310.0,1.0,1.0
1084,509,417367.5,3811420.5,2022,100.0,181.0,222.0,236.0,249.0,275.0,321.0,1.0,1.0
1101,527,417421.5,3811369.5,2022,105.0,183.0,224.0,237.0,249.0,272.0,320.0,1.0,1.0
1095,555,417505.5,3811387.5,2022,112.0,181.0,221.0,234.0,247.0,272.0,322.0,1.0,1.0
1105,576,417568.5,3811357.5,2022,125.0,188.0,224.0,236.0,247.0,271.0,312.0,1.0,1.0
1091,610,417670.5,3811399.5,2022,125.0,197.0,225.0,236.0,248.0,270.0,313.0,1.0,1.0
1094,651,417793.5,3811390.5,2022,144.0,206.0,226.0,236.0,247.0,269.0,313.0,1.0,1.0
1096,686,417898.5,3811384.5,2022,153.0,208.0,227.0,236.0,246.0,266.0,306.0,1.0,1.0
1098,701,417943.5,3811378.5,2022,161.0,207.0,226.0,236.0,246.0,266.0,313.0,1.0,1.0
1089,733,418039.5,3811405.5,2022,150.0,206.0,226.0,236.0,246.0,267.0,311.0,1.0,1.0
1084,758,418114.5,3811420.5,2022,148.0,205.0,227.0,237.0,248.0,269.0,312.0,1.0,1.0
1086,807,418261.5,3811414.5,2022,162.0,207.0,225.0,234.0,244.0,266.0,306.0,1.0,1.0
1091,830,418330.5,3811399.5,2022,153.0,210.0,228.0,237.0,248.0,268.0,313.0,1.0,1.0
1107,846,418378.5,3811351.5,2022,165.0,213.0,228.0,237.0,246.0,265.0,294.0,1.0,1.0
1097,872,418456.5,3811381.5,2022,123.0,205.0,227.0,237.0,248.0,270.0,317.0,1.0,1.0
1103,905,418555.5,3811363.5,2022,146.0,209.0,228.0,238.0,248.0,268.0,313.0,1.0,1.0
1093,935,418645.5,3811393.5,2022,149.0,212.0,230.0,239.0,250.0,272.0,320.0,1.0,1.0
1103,962,418726.5,3811363.5,2022,151.0,211.0,229.0,238.0,249.0,269.0,316.0,1.0,1.0
1106,1016,418888.5,3811354.5,2022,144.0,204.0,226.0,236.0,249.0,273.0,317.0,1.0,1.0
1091,1033,418939.5,3811399.5,2022,110.0,183.0,225.0,236.0,249.0,272.0,313.0,1.0,1.0
1092,1068,419044.5,3811396.5,2022,101.0,185.0,226.0,237.0,250.0,273.0,310.0,1.0,1.0
1102,1093,419119.5,3811366.5,2022,111.0,204.0,228.0,239.0,250.0,271.0,311.0,1.0,1.0
1080,1139,419257.5,3811432.5,2022,112.0,209.0,229.0,238.0,249.0,269.0,304.0,1.0,1.0
1099,1167,419341.5,3811375.5,2022,148.0,213.0,230.0,239.0,251.0,271.0,301.0,1.0,1.0
1091,1185,419395.5,3811399.5,2022,151.0,211.0,230.0,239.0,251.0,272.0,311.0,1.0,1.0
1101,1202,419446.5,3811369.5,2022,121.0,182.0,229.0,239.0,251.0,273.0,312.0,1.0,1.0
1097,1253,419599.5,3811381.5,2022,150.0,212.0,231.0,240.0,253.0,279.0,320.0,1.0,2.0
1094,1272,419656.5,3811390.5,2022,133.0,211.0,230.0,239.0,250.0,271.0,311.0,1.0,2.0
1106,1308,419764.5,3811354.5,2022,130.0,211.0,229.0,238.0,249.0,275.0,324.0,1.0,2.0
1106,1348,419884.5,3811354.5,2022,163.0,215.0,230.0,237.0,247.0,267.0,301.0,1.0,2.0
1107,1377,419971.5,3811351.5,2022,160.0,213.0,228.0,237.0,246.0,267.0,303.0,1.0,1.0
1090,1400,420040.5,3811402.5,2022,172.0,216.0,230.0,238.0,249.0,270.0,294.0,1.0,1.0
1092,1421,420103.5,3811396.5,2022,154.0,214.0,229.0,238.0,248.0,271.0,310.0,1.0,1.0
1108,1455,420205.5,3811348.5,2022,122.0,213.0,232.0,241.0,252.0,274.0,312.0,1.0,1.0
1101,1486,420298.5,3811369.5,2022,124.0,210.0,230.0,240.0,253.0,276.0,318.0,1.0,1.0
1092,1502,420346.5,3811396.5,2022,153.0,215.0,232.0,242.0,255.0,278.0,318.0,1.0,2.0
1085,1545,420475.5,3811417.5,2022,164.0,214.0,231.0,241.0,254.0,278.0,322.0,1.0,2.0
1082,1573,420559.5,3811426.5,2022,109.0,182.0,224.0,235.0,249.0,275.0,318.0,1.0,1.0
1104,1739,421057.5,3811360.5,2022,152.0,207.0,229.0,239.0,252.0,276.0,319.0,1.0,1.0
1098,1755,421105.5,3811378.5,2022,162.0,212.0,230.0,239.0,253.0,278.0,320.0,1.0,2.0
1092,1772,421156.5,3811396.5,2022,105.0,180.0,228.0,239.0,252.0,277.0,316.0,1.0,2.0
1082,1823,421309.5,3811426.5,2022,111.0,184.0,227.0,237.0,251.0,276.0,318.0,1.0,2.0
1109,1831,421333.5,3811345.5,2022,121.0,205.0,229.0,238.0,251.0,275.0,319.0,1.0,2.0
1102,1886,421498.5,3811366.5,2022,111.0,212.0,230.0,239.0,251.0,274.0,311.0,1.0,2.0
1082,1919,421597.5,3811426.5,2022,111.0,177.0,229.0,240.0,252.0,275.0,323.0,1.0,1.0
1096,1933,421639.5,3811384.5,2022,101.0,178.0,229.0,240.0,253.0,280.0,324.0,1.0,2.0
1086,1964,421732.5,3811414.5,2022,113.0,175.0,230.0,241.0,254.0,277.0,328.0,1.0,1.0
1082,1986,421798.5,3811426.5,2022,142.0,174.0,231.0,242.0,254.0,279.0,323.0,1.0,1.0
1081,2018,421894.5,3811429.5,2022,111.0,183.0,231.0,242.0,255.0,280.0,317.0,1.0,2.0
1101,2057,422011.5,3811369.5,2022,106.0,179.0,229.0,240.0,253.0,277.0,325.0,1.0,1.0
1081,2079,422077.5,3811429.5,2022,105.0,185.0,230.0,241.0,253.0,276.0,319.0,1.0,2.0
1080,2101,422143.5,3811432.5,2022,109.0,176.0,230.0,241.0,254.0,279.0,317.0,1.0,1.0
1080,2156,422308.5,3811432.5,2022,117.0,178.0,233.0,244.0,256.0,281.0,325.0,1.0,2.0
1103,2162,422326.5,3811363.5,2022,140.0,182.0,230.0,241.0,254.0,283.0,328.0,1.0,2.0
1095,2216,422488.5,3811387.5,2022,150.0,214.0,233.0,244.0,256.0,280.0,321.0,1.0,1.0
1085,2245,422575.5,3811417.5,2022,146.0,202.0,227.0,239.0,251.0,276.0,318.0,1.0,1.0
1109,2251,422593.5,3811345.5,2022,134.0,196.0,227.0,238.0,251.0,276.0,322.0,1.0,1.0
1088,2282,422686.5,3811408.5,2022,138.0,196.0,225.0,238.0,252.0,278.0,323.0,1.0,1.0
1087,2336,422848.5,3811411.5,2022,135.0,196.0,230.0,241.0,255.0,287.0,322.0,1.0,1.0
1108,2346,422878.5,3811348.5,2022,141.0,214.0,234.0,244.0,256.0,282.0,321.0,1.0,2.0
1085,2386,422998.5,3811417.5,2022,132.0,201.0,227.0,238.0,251.0,279.0,325.0,1.0,1.0
1101,2422,423106.5,3811369.5,2022,131.0,207.0,229.0,240.0,253.0,278.0,321.0,1.0,1.0
1103,2455,423205.5,3811363.5,2022,148.0,186.0,228.0,240.0,253.0,280.0,318.0,1.0,1.0
1082,2489,423307.5,3811426.5,2022,145.0,199.0,227.0,237.0,250.0,276.0,319.0,1.0,1.0
1107,2492,423316.5,3811351.5,2022,144.0,182.0,225.0,237.0,251.0,277.0,322.0,1.0,1.0
1086,2525,423415.5,3811414.5,2022,147.0,200.0,227.0,237.0,250.0,274.0,318.0,1.0,1.0
1086,2560,423520.5,3811414.5,2022,141.0,182.0,224.0,236.0,250.0,279.0,318.0,1.0,1.0
1091,2600,423640.5,3811399.5,2022,154.0,183.0,227.0,239.0,254.0,283.0,325.0,1.0,1.0
1086,2626,423718.5,3811414.5,2022,147.0,206.0,228.0,238.0,252.0,278.0,321.0,1.0,1.0
1089,2656,423808.5,3811405.5,2022,146.0,196.0,224.0,237.0,252.0,278.0,323.0,1.0,1.0
1086,2687,423901.5,3811414.5,2022,124.0,195.0,220.0,232.0,246.0,275.0,321.0,1.0,1.0
1097,2706,423958.5,3811381.5,2022,155.0,199.0,221.0,232.0,245.0,273.0,316.0,1.0,1.0
1094,2735,424045.5,3811390.5,2022,152.0,194.0,219.0,230.0,244.0,270.0,309.0,1.0,1.0
1086,2762,424126.5,3811414.5,2022,146.0,194.0,218.0,230.0,244.0,270.0,321.0,1.0,1.0
1095,2797,424231.5,3811387.5,2022,147.0,192.0,218.0,229.0,242.0,268.0,313.0,1.0,1.0
1095,2848,424384.5,3811387.5,2022,156.0,190.0,216.0,227.0,239.0,266.0,311.0,1.0,1.0
1094,2870,424450.5,3811390.5,2022,144.0,187.0,218.0,229.0,242.0,272.0,320.0,1.0,1.0
1099,2883,424489.5,3811375.5,2022,155.0,189.0,220.0,233.0,245.0,272.0,322.0,1.0,1.0
1105,2930,424630.5,3811357.5,2022,146.0,189.0,217.0,228.0,241.0,269.0,328.0,1.0,1.0
1081,2940,424660.5,3811429.5,2022,151.0,187.0,216.0,228.0,241.0,269.0,315.0,1.0,1.0
1094,2986,424798.5,3811390.5,2022,142.0,185.0,216.0,227.0,240.0,270.0,320.0,1.0,1.0
1091,3013,424879.5,3811399.5,2022,152.0,188.0,216.0,227.0,241.0,269.0,325.0,1.0,1.0
1099,3048,424984.5,3811375.5,2022,104.0,188.0,215.0,226.0,237.0,262.0,314.0,1.0,1.0
1088,3071,425053.5,3811408.5,2022,144.0,190.0,214.0,226.0,239.0,269.0,317.0,1.0,1.0
1092,3100,425140.5,3811396.5,2022,149.0,191.0,216.0,227.0,240.0,268.0,312.0,1.0,1.0
1090,3122,425206.5,3811402.5,2022,167.0,201.0,218.0,227.0,238.0,259.0,295.0,1.0,1.0
1083,3173,425359.5,3811423.5,2022,151.0,194.0,217.0,228.0,239.0,266.0,310.0,1.0,1.0
1083,3205,425455.5,3811423.5,2022,154.0,189.0,217.0,228.0,240.0,268.0,319.0,1.0,1.0
1088,3210,425470.5,3811408.5,2022,151.0,189.0,218.0,228.0,239.0,266.0,317.0,1.0,2.0
1100,3260,425620.5,3811372.5,2022,150.0,195.0,215.0,225.0,236.0,262.0,310.0,1.0,2.0
1082,3291,425713.5,3811426.5,2022,153.0,197.0,216.0,225.0,235.0,261.0,300.0,1.0,1.0
1123,15,415885.5,3811303.5,2022,146.0,181.0,226.0,237.0,249.0,273.0,324.0,1.0,1.0
1136,57,416011.5,3811264.5,2022,131.0,185.0,226.0,237.0,249.0,271.0,319.0,1.0,1.0
1137,66,416038.5,3811261.5,2022,131.0,186.0,225.0,236.0,248.0,270.0,312.0,1.0,1.0
1127,90,416110.5,3811291.5,2022,131.0,186.0,227.0,237.0,249.0,271.0,315.0,1.0,1.0
1114,149,416287.5,3811330.5,2022,146.0,199.0,226.0,236.0,248.0,269.0,315.0,1.0,1.0
1115,160,416320.5,3811327.5,2022,129.0,186.0,226.0,237.0,248.0,270.0,321.0,1.0,1.0
1124,200,416440.5,3811300.5,2022,160.0,209.0,228.0,238.0,249.0,271.0,304.0,1.0,1.0
1139,211,416473.5,3811255.5,2022,148.0,207.0,228.0,238.0,249.0,270.0,310.0,1.0,1.0
1124,265,416635.5,3811300.5,2022,134.0,200.0,227.0,238.0,249.0,271.0,313.0,1.0,1.0
1110,278,416674.5,3811342.5,2022,128.0,186.0,227.0,238.0,249.0,271.0,320.0,1.0,1.0
1129,320,416800.5,3811285.5,2022,135.0,185.0,224.0,236.0,247.0,271.0,312.0,1.0,1.0
1133,330,416830.5,3811273.5,2022,131.0,202.0,225.0,236.0,247.0,268.0,311.0,1.0,1.0
1130,381,416983.5,3811282.5,2022,135.0,183.0,226.0,237.0,249.0,272.0,313.0,1.0,1.0
1138,412,417076.5,3811258.5,2022,145.0,183.0,226.0,237.0,248.0,271.0,321.0,1.0,1.0
1139,425,417115.5,3811255.5,2022,128.0,178.0,222.0,234.0,248.0,275.0,317.0,1.0,1.0
1139,462,417226.5,3811255.5,2022,118.0,175.0,223.0,235.0,247.0,274.0,323.0,1.0,1.0
1133,482,417286.5,3811273.5,2022,140.0,190.0,227.0,238.0,249.0,270.0,312.0,1.0,1.0
1129,525,417415.5,3811285.5,2022,121.0,185.0,224.0,236.0,249.0,273.0,311.0,1.0,1.0
1134,568,417544.5,3811270.5,2022,117.0,184.0,221.0,234.0,247.0,271.0,310.0,1.0,1.0
1120,583,417589.5,3811312.5,2022,123.0,188.0,224.0,236.0,248.0,274.0,318.0,1.0,1.0
1131,629,417727.5,3811279.5,2022,137.0,204.0,226.0,237.0,248.0,271.0,310.0,1.0,1.0
1121,642,417766.5,3811309.5,2022,151.0,204.0,226.0,236.0,247.0,267.0,314.0,1.0,1.0
1115,683,417889.5,3811327.5,2022,165.0,208.0,226.0,236.0,246.0,267.0,309.0,1.0,1.0
1120,698,417934.5,3811312.5,2022,156.0,207.0,226.0,236.0,246.0,266.0,309.0,1.0,1.0
1130,722,418006.5,3811282.5,2022,148.0,206.0,227.0,236.0,247.0,269.0,307.0,1.0,1.0
1119,770,418150.5,3811315.5,2022,131.0,206.0,227.0,237.0,248.0,269.0,314.0,1.0,1.0
1120,782,418186.5,3811312.5,2022,120.0,205.0,226.0,236.0,247.0,268.0,311.0,1.0,1.0
1130,822,418306.5,3811282.5,2022,155.0,208.0,227.0,237.0,248.0,269.0,317.0,1.0,1.0
1136,843,418369.5,3811264.5,2022,148.0,208.0,226.0,236.0,247.0,270.0,313.0,1.0,1.0
1118,890,418510.5,3811318.5,2022,153.0,207.0,227.0,237.0,248.0,270.0,322.0,1.0,1.0
1110,914,418582.5,3811342.5,2022,151.0,208.0,227.0,237.0,248.0,270.0,312.0,1.0,1.0
1139,930,418630.5,3811255.5,2022,147.0,212.0,229.0,238.0,249.0,270.0,315.0,1.0,1.0
1125,963,418729.5,3811297.5,2022,155.0,213.0,231.0,240.0,252.0,274.0,318.0,1.0,1.0
1116,1017,418891.5,3811324.5,2022,115.0,180.0,226.0,236.0,249.0,271.0,301.0,1.0,2.0
1132,1047,418981.5,3811276.5,2022,120.0,180.0,225.0,236.0,249.0,274.0,316.0,1.0,1.0
1132,1072,419056.5,3811276.5,2022,101.0,179.0,226.0,237.0,249.0,271.0,305.0,1.0,1.0
1136,1086,419098.5,3811264.5,2022,106.0,190.0,227.0,237.0,249.0,271.0,302.0,1.0,1.0
1112,1133,419239.5,3811336.5,2022,140.0,208.0,229.0,239.0,251.0,271.0,299.0,1.0,1.0
1127,1169,419347.5,3811291.5,2022,148.0,211.0,230.0,239.0,250.0,270.0,306.0,1.0,1.0
1111,1180,419380.5,3811339.5,2022,104.0,179.0,229.0,239.0,251.0,272.0,312.0,1.0,1.0
1115,1207,419461.5,3811327.5,2022,116.0,182.0,229.0,239.0,250.0,273.0,314.0,1.0,2.0
1138,1250,419590.5,3811258.5,2022,137.0,186.0,230.0,241.0,253.0,274.0,313.0,1.0,2.0
1114,1261,419623.5,3811330.5,2022,108.0,177.0,230.0,240.0,253.0,276.0,316.0,1.0,1.0
1120,1307,419761.5,3811312.5,2022,154.0,212.0,230.0,239.0,251.0,275.0,321.0,1.0,2.0
1129,1332,419836.5,3811285.5,2022,161.0,214.0,229.0,237.0,246.0,266.0,300.0,1.0,2.0
1113,1351,419893.5,3811333.5,2022,155.0,213.0,229.0,237.0,246.0,267.0,311.0,1.0,1.0
1112,1385,419995.5,3811336.5,2022,107.0,211.0,231.0,240.0,252.0,272.0,316.0,1.0,2.0
1124,1420,420100.5,3811300.5,2022,116.0,188.0,230.0,240.0,253.0,274.0,323.0,1.0,1.0
1110,1467,420241.5,3811342.5,2022,122.0,184.0,233.0,243.0,254.0,278.0,326.0,1.0,2.0
1119,1499,420337.5,3811315.5,2022,161.0,216.0,231.0,241.0,253.0,275.0,310.0,1.0,2.0
1138,1527,420421.5,3811258.5,2022,155.0,216.0,232.0,241.0,253.0,276.0,312.0,1.0,2.0
1134,1532,420436.5,3811270.5,2022,158.0,218.0,233.0,242.0,254.0,277.0,316.0,1.0,2.0
1131,1627,420721.5,3811279.5,2022,150.0,212.0,231.0,240.0,252.0,276.0,311.0,1.0,2.0
1123,1659,420817.5,3811303.5,2022,118.0,191.0,230.0,241.0,255.0,278.0,317.0,1.0,2.0
1119,1698,420934.5,3811315.5,2022,118.0,186.0,227.0,237.0,249.0,275.0,311.0,1.0,2.0
1126,1725,421015.5,3811294.5,2022,156.0,213.0,232.0,242.0,253.0,275.0,318.0,1.0,1.0
1136,1745,421075.5,3811264.5,2022,149.0,211.0,231.0,242.0,255.0,277.0,314.0,1.0,1.0
1111,1774,421162.5,3811339.5,2022,111.0,183.0,231.0,242.0,254.0,278.0,321.0,1.0,2.0
1134,1802,421246.5,3811270.5,2022,144.0,210.0,229.0,239.0,252.0,279.0,328.0,1.0,1.0
1111,1831,421333.5,3811339.5,2022,132.0,186.0,227.0,237.0,249.0,276.0,318.0,1.0,1.0
1128,1948,421684.5,3811288.5,2022,139.0,181.0,230.0,240.0,251.0,276.0,318.0,1.0,2.0
1126,1957,421711.5,3811294.5,2022,123.0,175.0,230.0,240.0,253.0,283.0,334.0,1.0,1.0
1117,1980,421780.5,3811321.5,2022,106.0,179.0,232.0,243.0,255.0,282.0,322.0,1.0,2.0
1117,2082,422086.5,3811321.5,2022,119.0,211.0,229.0,239.0,252.0,275.0,317.0,1.0,2.0
1139,2123,422209.5,3811255.5,2022,117.0,192.0,228.0,238.0,252.0,277.0,324.0,1.0,2.0
1139,2154,422302.5,3811255.5,2022,111.0,185.0,230.0,241.0,255.0,283.0,325.0,1.0,2.0
1124,2180,422380.5,3811300.5,2022,128.0,186.0,232.0,243.0,255.0,286.0,325.0,1.0,2.0
1113,2217,422491.5,3811333.5,2022,132.0,202.0,228.0,240.0,253.0,284.0,329.0,1.0,1.0
1117,2249,422587.5,3811321.5,2022,126.0,194.0,226.0,237.0,250.0,278.0,323.0,1.0,1.0
1111,2259,422617.5,3811339.5,2022,110.0,194.0,227.0,239.0,253.0,279.0,323.0,1.0,1.0
1123,2299,422737.5,3811303.5,2022,119.0,179.0,228.0,239.0,252.0,278.0,329.0,1.0,1.0
1117,2319,422797.5,3811321.5,2022,134.0,186.0,231.0,242.0,254.0,280.0,332.0,1.0,1.0
1136,2346,422878.5,3811264.5,2022,144.0,184.0,230.0,240.0,253.0,281.0,323.0,1.0,1.0
1112,2379,422977.5,3811336.5,2022,136.0,201.0,228.0,240.0,253.0,278.0,321.0,1.0,1.0
1119,2411,423073.5,3811315.5,2022,153.0,207.0,228.0,238.0,251.0,276.0,317.0,1.0,1.0
1125,2459,423217.5,3811297.5,2022,137.0,181.0,226.0,238.0,252.0,277.0,320.0,1.0,1.0
1131,2486,423298.5,3811279.5,2022,130.0,189.0,226.0,237.0,249.0,277.0,322.0,1.0,1.0
1121,2510,423370.5,3811309.5,2022,142.0,176.0,229.0,241.0,254.0,278.0,326.0,1.0,2.0
1133,2539,423457.5,3811273.5,2022,149.0,191.0,223.0,235.0,250.0,277.0,320.0,1.0,1.0
1113,2561,423523.5,3811333.5,2022,143.0,186.0,222.0,235.0,250.0,276.0,321.0,1.0,1.0
1134,2593,423619.5,3811270.5,2022,147.0,188.0,225.0,236.0,250.0,277.0,325.0,1.0,1.0
1128,2637,423751.5,3811288.5,2022,149.0,202.0,226.0,237.0,252.0,279.0,323.0,1.0,1.0
1121,2646,423778.5,3811309.5,2022,153.0,189.0,223.0,235.0,250.0,278.0,318.0,1.0,1.0
1118,2697,423931.5,3811318.5,2022,149.0,200.0,223.0,233.0,248.0,277.0,319.0,1.0,1.0
1135,2723,424009.5,3811267.5,2022,149.0,190.0,218.0,230.0,243.0,274.0,321.0,1.0,1.0
1137,2739,424057.5,3811261.5,2022,147.0,187.0,217.0,230.0,245.0,273.0,316.0,1.0,1.0
1122,2762,424126.5,3811306.5,2022,149.0,187.0,218.0,231.0,245.0,271.0,321.0,1.0,1.0
1115,2818,424294.5,3811327.5,2022,146.0,185.0,214.0,226.0,240.0,271.0,320.0,1.0,1.0
1115,2823,424309.5,3811327.5,2022,151.0,184.0,215.0,227.0,240.0,268.0,321.0,1.0,1.0
1110,2869,424447.5,3811342.5,2022,158.0,199.0,221.0,231.0,243.0,269.0,312.0,1.0,1.0
1128,2884,424492.5,3811288.5,2022,141.0,187.0,217.0,229.0,242.0,270.0,311.0,1.0,1.0
1113,2927,424621.5,3811333.5,2022,137.0,183.0,212.0,225.0,239.0,271.0,324.0,1.0,1.0
1129,2959,424717.5,3811285.5,2022,153.0,186.0,217.0,228.0,241.0,267.0,317.0,1.0,1.0
1113,2972,424756.5,3811333.5,2022,151.0,186.0,215.0,227.0,239.0,270.0,315.0,1.0,1.0
1115,3018,424894.5,3811327.5,2022,109.0,191.0,216.0,227.0,239.0,264.0,322.0,1.0,1.0
1123,3032,424936.5,3811303.5,2022,147.0,188.0,217.0,227.0,239.0,266.0,311.0,1.0,1.0
1113,3104,425152.5,3811333.5,2022,167.0,196.0,217.0,228.0,240.0,267.0,303.0,1.0,1.0
1123,3136,425248.5,3811303.5,2022,160.0,189.0,214.0,226.0,239.0,271.0,316.0,1.0,1.0
1130,3154,425302.5,3811282.5,2022,147.0,188.0,215.0,226.0,239.0,270.0,304.0,1.0,1.0
1118,3190,425410.5,3811318.5,2022,149.0,193.0,217.0,228.0,240.0,270.0,314.0,1.0,1.0
1133,3319,425797.5,3811273.5,2022,154.0,193.0,216.0,226.0,239.0,271.0,316.0,1.0,2.0
1158,21,415903.5,3811198.5,2022,148.0,180.0,226.0,236.0,248.0,271.0,320.0,1.0,1.0
1154,41,415963.5,3811210.5,2022,151.0,186.0,228.0,238.0,249.0,273.0,323.0,1.0,1.0
1147,64,416032.5,3811231.5,2022,146.0,195.0,226.0,236.0,248.0,269.0,312.0,1.0,1.0
1159,106,416158.5,3811195.5,2022,142.0,188.0,225.0,236.0,247.0,270.0,304.0,1.0,1.0
1165,135,416245.5,3811177.5,2022,147.0,187.0,227.0,237.0,248.0,269.0,315.0,1.0,1.0
1169,157,416311.5,3811165.5,2022,143.0,205.0,228.0,237.0,248.0,268.0,311.0,1.0,1.0
1147,205,416455.5,3811231.5,2022,156.0,210.0,230.0,241.0,253.0,279.0,323.0,1.0,1.0
1145,233,416539.5,3811237.5,2022,147.0,191.0,226.0,237.0,248.0,270.0,322.0,1.0,1.0
1162,265,416635.5,3811186.5,2022,150.0,200.0,224.0,235.0,246.0,267.0,307.0,1.0,1.0
1151,295,416725.5,3811219.5,2022,113.0,179.0,225.0,236.0,248.0,270.0,320.0,1.0,1.0
1156,307,416761.5,3811204.5,2022,135.0,184.0,222.0,234.0,246.0,270.0,317.0,1.0,1.0
1146,347,416881.5,3811234.5,2022,138.0,188.0,224.0,235.0,247.0,270.0,316.0,1.0,1.0
1144,378,416974.5,3811240.5,2022,134.0,186.0,224.0,236.0,248.0,271.0,317.0,1.0,1.0
1161,394,417022.5,3811189.5,2022,149.0,182.0,223.0,236.0,249.0,273.0,319.0,1.0,2.0
1143,440,417160.5,3811243.5,2022,117.0,185.0,224.0,236.0,249.0,270.0,310.0,1.0,1.0
1144,476,417268.5,3811240.5,2022,125.0,181.0,222.0,235.0,248.0,274.0,325.0,1.0,1.0
1149,493,417319.5,3811225.5,2022,128.0,182.0,224.0,236.0,248.0,271.0,321.0,1.0,1.0
1160,515,417385.5,3811192.5,2022,124.0,191.0,223.0,235.0,247.0,272.0,317.0,1.0,1.0
1153,559,417517.5,3811213.5,2022,130.0,185.0,222.0,235.0,247.0,272.0,317.0,1.0,1.0
1150,575,417565.5,3811222.5,2022,144.0,185.0,222.0,234.0,247.0,273.0,316.0,1.0,1.0
1142,619,417697.5,3811246.5,2022,124.0,198.0,227.0,237.0,248.0,270.0,309.0,1.0,1.0
1148,638,417754.5,3811228.5,2022,156.0,207.0,227.0,237.0,248.0,268.0,306.0,1.0,1.0
1164,687,417901.5,3811180.5,2022,143.0,205.0,227.0,237.0,247.0,268.0,313.0,1.0,1.0
1146,713,417979.5,3811234.5,2022,153.0,207.0,226.0,236.0,246.0,266.0,301.0,1.0,1.0
1152,723,418009.5,3811216.5,2022,148.0,204.0,227.0,237.0,249.0,272.0,321.0,1.0,1.0
1142,753,418099.5,3811246.5,2022,156.0,203.0,226.0,237.0,249.0,271.0,313.0,1.0,1.0
1166,801,418243.5,3811174.5,2022,151.0,211.0,228.0,238.0,248.0,269.0,311.0,1.0,1.0
1151,810,418270.5,3811219.5,2022,145.0,209.0,229.0,238.0,249.0,270.0,316.0,1.0,1.0
1156,866,418438.5,3811204.5,2022,150.0,209.0,228.0,237.0,248.0,271.0,316.0,1.0,1.0
1146,892,418516.5,3811234.5,2022,141.0,210.0,229.0,238.0,250.0,273.0,317.0,1.0,1.0
1152,919,418597.5,3811216.5,2022,150.0,212.0,230.0,239.0,250.0,272.0,320.0,1.0,1.0
1140,940,418660.5,3811252.5,2022,151.0,212.0,230.0,239.0,250.0,271.0,318.0,1.0,1.0
1143,974,418762.5,3811243.5,2022,152.0,212.0,229.0,238.0,248.0,270.0,307.0,1.0,1.0
1158,994,418822.5,3811198.5,2022,153.0,214.0,229.0,237.0,247.0,267.0,308.0,1.0,1.0
1142,1027,418921.5,3811246.5,2022,117.0,187.0,225.0,236.0,248.0,274.0,317.0,1.0,1.0
1154,1073,419059.5,3811210.5,2022,104.0,187.0,226.0,237.0,249.0,272.0,313.0,1.0,1.0
1147,1108,419164.5,3811231.5,2022,127.0,185.0,226.0,237.0,250.0,273.0,314.0,1.0,1.0
1152,1135,419245.5,3811216.5,2022,155.0,213.0,230.0,239.0,249.0,269.0,306.0,1.0,1.0
1165,1162,419326.5,3811177.5,2022,155.0,215.0,231.0,240.0,251.0,272.0,309.0,1.0,1.0
1142,1184,419392.5,3811246.5,2022,115.0,187.0,230.0,240.0,252.0,271.0,300.0,1.0,1.0
1164,1201,419443.5,3811180.5,2022,104.0,201.0,228.0,238.0,250.0,272.0,312.0,1.0,1.0
1153,1230,419530.5,3811213.5,2022,145.0,184.0,230.0,240.0,252.0,274.0,315.0,1.0,1.0
1152,1284,419692.5,3811216.5,2022,120.0,212.0,230.0,240.0,251.0,273.0,309.0,1.0,2.0
1160,1305,419755.5,3811192.5,2022,159.0,214.0,228.0,236.0,245.0,265.0,302.0,1.0,1.0
1144,1322,419806.5,3811240.5,2022,147.0,212.0,229.0,237.0,246.0,267.0,302.0,1.0,2.0
1150,1365,419935.5,3811222.5,2022,129.0,181.0,230.0,240.0,251.0,274.0,323.0,1.0,2.0
1156,1380,419980.5,3811204.5,2022,116.0,181.0,229.0,239.0,251.0,274.0,318.0,1.0,1.0
1164,1420,420100.5,3811180.5,2022,117.0,212.0,230.0,240.0,253.0,275.0,312.0,1.0,2.0
1167,1441,420163.5,3811171.5,2022,129.0,181.0,231.0,241.0,253.0,275.0,321.0,1.0,2.0
1150,1495,420325.5,3811222.5,2022,116.0,213.0,231.0,240.0,251.0,273.0,311.0,1.0,1.0
1144,1529,420427.5,3811240.5,2022,161.0,217.0,232.0,242.0,254.0,277.0,316.0,1.0,2.0
1163,1532,420436.5,3811183.5,2022,144.0,211.0,230.0,240.0,253.0,274.0,310.0,1.0,2.0
1157,1578,420574.5,3811201.5,2022,158.0,215.0,232.0,241.0,252.0,277.0,316.0,1.0,2.0
1144,1604,420652.5,3811240.5,2022,147.0,209.0,229.0,239.0,251.0,274.0,315.0,1.0,2.0
1152,1635,420745.5,3811216.5,2022,116.0,212.0,231.0,241.0,253.0,279.0,327.0,1.0,2.0
1151,1668,420844.5,3811219.5,2022,121.0,201.0,228.0,238.0,249.0,270.0,355.0,1.0,1.0
1168,1685,420895.5,3811168.5,2022,149.0,215.0,232.0,242.0,254.0,277.0,321.0,1.0,2.0
1160,1715,420985.5,3811192.5,2022,161.0,214.0,231.0,241.0,253.0,275.0,306.0,1.0,1.0
1142,1744,421072.5,3811246.5,2022,148.0,214.0,232.0,242.0,254.0,276.0,309.0,1.0,1.0
1153,1778,421174.5,3811213.5,2022,114.0,210.0,228.0,238.0,250.0,276.0,321.0,1.0,2.0
1148,1820,421300.5,3811228.5,2022,135.0,209.0,229.0,239.0,251.0,274.0,313.0,1.0,1.0
1160,1847,421381.5,3811192.5,2022,114.0,208.0,229.0,239.0,250.0,274.0,328.0,1.0,2.0
1144,1973,421759.5,3811240.5,2022,108.0,179.0,230.0,241.0,255.0,283.0,330.0,1.0,1.0
1149,1982,421786.5,3811225.5,2022,103.0,176.0,231.0,242.0,255.0,281.0,326.0,1.0,2.0
1167,2020,421900.5,3811171.5,2022,102.0,179.0,231.0,241.0,253.0,277.0,325.0,1.0,2.0
1142,2128,422224.5,3811246.5,2022,112.0,201.0,228.0,240.0,253.0,279.0,322.0,1.0,1.0
1140,2130,422230.5,3811252.5,2022,126.0,185.0,229.0,240.0,253.0,281.0,318.0,1.0,2.0
1169,2177,422371.5,3811165.5,2022,106.0,185.0,230.0,240.0,253.0,278.0,322.0,1.0,2.0
1145,2190,422410.5,3811237.5,2022,105.0,183.0,230.0,241.0,254.0,278.0,323.0,1.0,1.0
1169,2244,422572.5,3811165.5,2022,150.0,203.0,229.0,239.0,251.0,277.0,316.0,1.0,1.0
1158,2308,422764.5,3811198.5,2022,127.0,186.0,228.0,238.0,251.0,278.0,326.0,1.0,1.0
1161,2323,422809.5,3811189.5,2022,136.0,183.0,226.0,238.0,251.0,280.0,322.0,1.0,1.0
1158,2343,422869.5,3811198.5,2022,136.0,180.0,230.0,241.0,254.0,280.0,324.0,1.0,1.0
1143,2376,422968.5,3811243.5,2022,138.0,187.0,227.0,238.0,252.0,279.0,320.0,1.0,1.0
1149,2425,423115.5,3811225.5,2022,146.0,208.0,227.0,237.0,250.0,276.0,317.0,1.0,2.0
1151,2442,423166.5,3811219.5,2022,138.0,180.0,227.0,238.0,252.0,277.0,319.0,1.0,1.0
1161,2485,423295.5,3811189.5,2022,146.0,178.0,227.0,237.0,250.0,277.0,329.0,1.0,1.0
1152,2512,423376.5,3811216.5,2022,146.0,190.0,226.0,237.0,251.0,278.0,324.0,1.0,1.0
1147,2534,423442.5,3811231.5,2022,146.0,179.0,221.0,234.0,249.0,277.0,319.0,1.0,1.0
1163,2571,423553.5,3811183.5,2022,154.0,189.0,224.0,236.0,251.0,278.0,317.0,1.0,1.0
1147,2584,423592.5,3811231.5,2022,154.0,196.0,224.0,235.0,247.0,272.0,315.0,1.0,1.0
1153,2636,423748.5,3811213.5,2022,149.0,182.0,230.0,241.0,254.0,279.0,327.0,1.0,1.0
1168,2664,423832.5,3811168.5,2022,142.0,191.0,220.0,232.0,246.0,275.0,319.0,1.0,1.0
1144,2690,423910.5,3811240.5,2022,140.0,188.0,219.0,232.0,245.0,273.0,317.0,1.0,1.0
1168,2726,424018.5,3811168.5,2022,150.0,187.0,221.0,232.0,245.0,272.0,316.0,1.0,1.0
1158,2752,424096.5,3811198.5,2022,145.0,186.0,217.0,229.0,244.0,270.0,317.0,1.0,1.0
1153,2783,424189.5,3811213.5,2022,128.0,186.0,216.0,229.0,243.0,272.0,322.0,1.0,1.0
1150,2795,424225.5,3811222.5,2022,137.0,186.0,216.0,229.0,243.0,272.0,316.0,1.0,1.0
1157,2828,424324.5,3811201.5,2022,139.0,187.0,217.0,230.0,242.0,268.0,322.0,1.0,1.0
1167,2861,424423.5,3811171.5,2022,141.0,187.0,216.0,227.0,240.0,266.0,320.0,1.0,1.0
1153,2892,424516.5,3811213.5,2022,148.0,185.0,219.0,231.0,243.0,269.0,316.0,1.0,1.0
1162,2936,424648.5,3811186.5,2022,153.0,182.0,219.0,231.0,244.0,269.0,326.0,1.0,1.0
1160,2949,424687.5,3811192.5,2022,145.0,184.0,215.0,228.0,241.0,271.0,326.0,1.0,1.0
1156,2991,424813.5,3811204.5,2022,152.0,188.0,216.0,227.0,239.0,265.0,311.0,1.0,1.0
1165,3017,424891.5,3811177.5,2022,150.0,183.0,216.0,228.0,242.0,271.0,320.0,1.0,1.0
1161,3035,424945.5,3811189.5,2022,150.0,197.0,218.0,229.0,242.0,273.0,319.0,1.0,1.0
1150,3067,425041.5,3811222.5,2022,144.0,192.0,218.0,229.0,240.0,268.0,312.0,1.0,1.0
1141,3119,425197.5,3811249.5,2022,154.0,197.0,217.0,227.0,238.0,263.0,301.0,1.0,1.0
1142,3144,425272.5,3811246.5,2022,156.0,192.0,216.0,227.0,239.0,268.0,308.0,1.0,1.0
1147,3174,425362.5,3811231.5,2022,153.0,184.0,214.0,226.0,240.0,272.0,316.0,1.0,1.0
1146,3184,425392.5,3811234.5,2022,155.0,195.0,216.0,226.0,237.0,264.0,317.0,1.0,1.0
1191,29,415927.5,3811099.5,2022,144.0,182.0,226.0,237.0,249.0,271.0,315.0,1.0,1.0
1179,56,416008.5,3811135.5,2022,135.0,183.0,226.0,237.0,249.0,273.0,307.0,1.0,1.0
1188,70,416050.5,3811108.5,2022,134.0,184.0,226.0,237.0,248.0,269.0,311.0,1.0,1.0
1193,111,416173.5,3811093.5,2022,146.0,186.0,227.0,237.0,247.0,269.0,319.0,1.0,1.0
1195,120,416200.5,3811087.5,2022,142.0,184.0,227.0,237.0,248.0,270.0,320.0,1.0,1.0
1184,163,416329.5,3811120.5,2022,147.0,186.0,227.0,237.0,247.0,269.0,310.0,1.0,1.0
1195,199,416437.5,3811087.5,2022,153.0,211.0,231.0,241.0,253.0,277.0,319.0,1.0,1.0
1175,235,416545.5,3811147.5,2022,138.0,182.0,225.0,236.0,248.0,271.0,316.0,1.0,1.0
1193,262,416626.5,3811093.5,2022,104.0,176.0,224.0,236.0,248.0,273.0,314.0,1.0,1.0
1192,284,416692.5,3811096.5,2022,129.0,182.0,226.0,237.0,248.0,271.0,324.0,1.0,1.0
1192,317,416791.5,3811096.5,2022,140.0,189.0,224.0,235.0,246.0,269.0,311.0,1.0,1.0
1189,353,416899.5,3811105.5,2022,147.0,195.0,225.0,236.0,247.0,270.0,309.0,1.0,1.0
1191,378,416974.5,3811099.5,2022,139.0,187.0,223.0,235.0,246.0,269.0,314.0,1.0,1.0
1192,412,417076.5,3811096.5,2022,126.0,181.0,225.0,237.0,250.0,275.0,320.0,1.0,1.0
1192,425,417115.5,3811096.5,2022,113.0,183.0,226.0,238.0,251.0,275.0,323.0,1.0,1.0
1197,465,417235.5,3811081.5,2022,123.0,181.0,222.0,236.0,248.0,272.0,329.0,1.0,1.0
1185,489,417307.5,3811117.5,2022,138.0,183.0,223.0,236.0,248.0,272.0,324.0,1.0,1.0
1172,510,417370.5,3811156.5,2022,125.0,195.0,227.0,239.0,251.0,273.0,323.0,1.0,1.0
1180,567,417541.5,3811132.5,2022,122.0,191.0,226.0,238.0,250.0,273.0,324.0,1.0,1.0
1185,592,417616.5,3811117.5,2022,121.0,192.0,224.0,236.0,247.0,271.0,322.0,1.0,1.0
1175,629,417727.5,3811147.5,2022,152.0,200.0,227.0,237.0,248.0,273.0,325.0,1.0,1.0
1186,636,417748.5,3811114.5,2022,149.0,197.0,227.0,238.0,249.0,271.0,314.0,1.0,1.0
1180,664,417832.5,3811132.5,2022,149.0,206.0,226.0,236.0,246.0,266.0,297.0,1.0,1.0
1178,694,417922.5,3811138.5,2022,148.0,208.0,227.0,237.0,248.0,268.0,303.0,1.0,1.0
1180,744,418072.5,3811132.5,2022,133.0,201.0,226.0,236.0,248.0,271.0,314.0,1.0,1.0
1197,762,418126.5,3811081.5,2022,152.0,207.0,227.0,237.0,248.0,269.0,313.0,1.0,1.0
1174,793,418219.5,3811150.5,2022,157.0,210.0,229.0,238.0,248.0,268.0,310.0,1.0,1.0
1189,833,418339.5,3811105.5,2022,158.0,212.0,229.0,239.0,249.0,270.0,311.0,1.0,1.0
1170,868,418444.5,3811162.5,2022,159.0,213.0,230.0,239.0,249.0,270.0,309.0,1.0,1.0
1188,899,418537.5,3811108.5,2022,152.0,213.0,229.0,238.0,249.0,271.0,311.0,1.0,2.0
1176,903,418549.5,3811144.5,2022,148.0,213.0,230.0,239.0,250.0,270.0,316.0,1.0,1.0
1186,934,418642.5,3811114.5,2022,146.0,209.0,230.0,240.0,252.0,274.0,315.0,1.0,1.0
1177,983,418789.5,3811141.5,2022,145.0,214.0,231.0,240.0,250.0,272.0,317.0,1.0,1.0
1170,1004,418852.5,3811162.5,2022,144.0,212.0,230.0,239.0,250.0,271.0,309.0,1.0,1.0
1185,1032,418936.5,3811117.5,2022,107.0,181.0,225.0,236.0,249.0,273.0,309.0,1.0,1.0
1170,1059,419017.5,3811162.5,2022,103.0,183.0,227.0,238.0,251.0,274.0,323.0,1.0,1.0
1194,1081,419083.5,3811090.5,2022,102.0,181.0,226.0,237.0,250.0,271.0,313.0,1.0,1.0
1173,1123,419209.5,3811153.5,2022,103.0,204.0,228.0,238.0,249.0,271.0,308.0,1.0,1.0
1173,1158,419314.5,3811153.5,2022,145.0,213.0,230.0,239.0,250.0,271.0,315.0,1.0,1.0
1185,1198,419434.5,3811117.5,2022,112.0,210.0,229.0,239.0,250.0,272.0,318.0,1.0,1.0
1183,1225,419515.5,3811123.5,2022,152.0,186.0,229.0,239.0,252.0,276.0,318.0,1.0,2.0
1190,1254,419602.5,3811102.5,2022,149.0,213.0,231.0,240.0,252.0,274.0,315.0,1.0,1.0
1182,1279,419677.5,3811126.5,2022,159.0,214.0,230.0,238.0,248.0,269.0,301.0,1.0,1.0
1170,1297,419731.5,3811162.5,2022,162.0,213.0,228.0,236.0,245.0,264.0,302.0,1.0,1.0
1174,1343,419869.5,3811150.5,2022,107.0,190.0,228.0,238.0,250.0,274.0,313.0,1.0,1.0
1197,1367,419941.5,3811081.5,2022,140.0,177.0,230.0,240.0,252.0,278.0,323.0,1.0,1.0
1176,1402,420046.5,3811144.5,2022,102.0,181.0,230.0,241.0,254.0,278.0,320.0,1.0,2.0
1198,1415,420085.5,3811078.5,2022,118.0,182.0,231.0,241.0,252.0,274.0,322.0,1.0,2.0
1174,1469,420247.5,3811150.5,2022,149.0,216.0,232.0,241.0,253.0,274.0,321.0,1.0,2.0
1183,1483,420289.5,3811123.5,2022,125.0,210.0,230.0,239.0,252.0,274.0,308.0,1.0,1.0
1173,1528,420424.5,3811153.5,2022,151.0,210.0,230.0,240.0,253.0,276.0,321.0,1.0,2.0
1176,1534,420442.5,3811144.5,2022,146.0,212.0,231.0,240.0,252.0,275.0,315.0,1.0,2.0
1171,1567,420541.5,3811159.5,2022,113.0,213.0,232.0,242.0,253.0,277.0,319.0,1.0,2.0
1196,1607,420661.5,3811084.5,2022,119.0,213.0,232.0,242.0,255.0,278.0,318.0,1.0,2.0
1179,1643,420769.5,3811135.5,2022,121.0,211.0,232.0,243.0,256.0,279.0,327.0,1.0,2.0
1186,1662,420826.5,3811114.5,2022,130.0,213.0,233.0,244.0,256.0,280.0,319.0,1.0,2.0
1170,1685,420895.5,3811162.5,2022,126.0,212.0,232.0,242.0,255.0,280.0,328.0,1.0,2.0
1184,1738,421054.5,3811120.5,2022,119.0,184.0,230.0,240.0,251.0,275.0,326.0,1.0,2.0
1190,1764,421132.5,3811102.5,2022,156.0,213.0,230.0,239.0,251.0,277.0,322.0,1.0,1.0
1189,1773,421159.5,3811105.5,2022,153.0,215.0,231.0,239.0,250.0,273.0,312.0,1.0,1.0
1177,1823,421309.5,3811141.5,2022,145.0,213.0,229.0,238.0,249.0,272.0,313.0,1.0,2.0
1179,1846,421378.5,3811135.5,2022,149.0,212.0,229.0,238.0,249.0,273.0,319.0,1.0,2.0
1195,1950,421690.5,3811087.5,2022,106.0,180.0,231.0,241.0,252.0,277.0,328.0,1.0,2.0
1172,2016,421888.5,3811156.5,2022,102.0,178.0,230.0,241.0,254.0,279.0,329.0,1.0,2.0
1195,2158,422314.5,3811087.5,2022,142.0,183.0,231.0,241.0,253.0,277.0,316.0,1.0,2.0
1180,2160,422320.5,3811132.5,2022,115.0,204.0,228.0,239.0,252.0,281.0,324.0,1.0,1.0
1177,2212,422476.5,3811141.5,2022,141.0,206.0,228.0,239.0,251.0,275.0,319.0,1.0,1.0
1192,2244,422572.5,3811096.5,2022,128.0,187.0,228.0,239.0,252.0,274.0,318.0,1.0,1.0
1188,2271,422653.5,3811108.5,2022,143.0,207.0,229.0,239.0,251.0,278.0,325.0,1.0,1.0
1187,2307,422761.5,3811111.5,2022,138.0,186.0,226.0,237.0,250.0,276.0,321.0,1.0,1.0
1178,2311,422773.5,3811138.5,2022,132.0,189.0,227.0,238.0,252.0,280.0,322.0,1.0,1.0
1192,2342,422866.5,3811096.5,2022,142.0,209.0,229.0,239.0,250.0,274.0,317.0,1.0,2.0
1190,2380,422980.5,3811102.5,2022,149.0,185.0,229.0,240.0,252.0,275.0,322.0,1.0,1.0
1171,2414,423082.5,3811159.5,2022,147.0,191.0,226.0,238.0,251.0,277.0,313.0,1.0,1.0
1170,2453,423199.5,3811162.5,2022,139.0,179.0,223.0,235.0,249.0,278.0,327.0,1.0,1.0
1176,2489,423307.5,3811144.5,2022,141.0,179.0,227.0,238.0,251.0,276.0,322.0,1.0,1.0
1171,2514,423382.5,3811159.5,2022,145.0,184.0,224.0,236.0,250.0,276.0,316.0,1.0,1.0
1170,2543,423469.5,3811162.5,2022,149.0,189.0,221.0,233.0,246.0,276.0,322.0,1.0,1.0
1196,2566,423538.5,3811084.5,2022,139.0,185.0,222.0,234.0,248.0,278.0,322.0,1.0,1.0
1182,2600,423640.5,3811126.5,2022,145.0,182.0,227.0,238.0,251.0,275.0,311.0,1.0,1.0
1179,2611,423673.5,3811135.5,2022,127.0,181.0,226.0,238.0,251.0,276.0,315.0,1.0,1.0
1189,2641,423763.5,3811105.5,2022,150.0,204.0,227.0,238.0,252.0,280.0,320.0,1.0,1.0
1170,2688,423904.5,3811162.5,2022,138.0,190.0,218.0,229.0,243.0,273.0,321.0,1.0,1.0
1196,2712,423976.5,3811084.5,2022,149.0,199.0,220.0,231.0,244.0,271.0,311.0,1.0,2.0
1190,2744,424072.5,3811102.5,2022,142.0,188.0,219.0,231.0,244.0,270.0,311.0,1.0,1.0
1181,2773,424159.5,3811129.5,2022,147.0,191.0,218.0,230.0,244.0,270.0,314.0,1.0,1.0
1182,2792,424216.5,3811126.5,2022,137.0,191.0,216.0,227.0,240.0,271.0,319.0,1.0,1.0
1187,2831,424333.5,3811111.5,2022,150.0,188.0,214.0,226.0,240.0,271.0,314.0,1.0,1.0
1186,2878,424474.5,3811114.5,2022,138.0,186.0,215.0,227.0,240.0,269.0,312.0,1.0,1.0
1172,2906,424558.5,3811156.5,2022,155.0,192.0,217.0,228.0,240.0,266.0,305.0,1.0,1.0
1171,2914,424582.5,3811159.5,2022,150.0,188.0,218.0,230.0,241.0,268.0,311.0,1.0,1.0
1173,2942,424666.5,3811153.5,2022,152.0,184.0,219.0,231.0,244.0,269.0,318.0,1.0,1.0
1182,2981,424783.5,3811126.5,2022,154.0,189.0,218.0,229.0,241.0,271.0,318.0,1.0,1.0
1170,3001,424843.5,3811162.5,2022,157.0,190.0,216.0,228.0,240.0,269.0,324.0,1.0,1.0
1173,3039,424957.5,3811153.5,2022,152.0,197.0,218.0,230.0,242.0,271.0,322.0,1.0,1.0
1171,3203,425449.5,3811159.5,2022,149.0,183.0,214.0,227.0,241.0,275.0,316.0,1.0,1.0
1229,22,415906.5,3810985.5,2022,154.0,208.0,229.0,239.0,250.0,273.0,316.0,1.0,1.0
1225,45,415975.5,3810997.5,2022,138.0,186.0,228.0,238.0,250.0,272.0,317.0,1.0,1.0
1212,73,416059.5,3811036.5,2022,132.0,187.0,227.0,237.0,248.0,271.0,314.0,1.0,1.0
1203,99,416137.5,3811063.5,2022,139.0,182.0,227.0,237.0,248.0,271.0,313.0,1.0,1.0
1215,148,416284.5,3811027.5,2022,132.0,179.0,225.0,236.0,247.0,271.0,313.0,1.0,1.0
1215,179,416377.5,3811027.5,2022,146.0,183.0,226.0,236.0,247.0,269.0,315.0,1.0,1.0
1201,202,416446.5,3811069.5,2022,152.0,211.0,232.0,242.0,254.0,279.0,316.0,1.0,1.0
1212,234,416542.5,3811036.5,2022,124.0,185.0,224.0,235.0,247.0,269.0,325.0,1.0,1.0
1224,268,416644.5,3811000.5,2022,153.0,192.0,225.0,235.0,246.0,267.0,307.0,1.0,1.0
1224,282,416686.5,3811000.5,2022,131.0,180.0,224.0,235.0,247.0,274.0,317.0,1.0,1.0
1220,307,416761.5,3811012.5,2022,139.0,185.0,223.0,234.0,247.0,270.0,325.0,1.0,1.0
1216,345,416875.5,3811024.5,2022,152.0,196.0,225.0,236.0,248.0,272.0,318.0,1.0,1.0
1228,364,416932.5,3810988.5,2022,140.0,198.0,224.0,235.0,246.0,268.0,317.0,1.0,1.0
1218,392,417016.5,3811018.5,2022,129.0,181.0,222.0,235.0,247.0,270.0,313.0,1.0,1.0
1225,447,417181.5,3810997.5,2022,129.0,186.0,225.0,237.0,249.0,272.0,316.0,1.0,1.0
1212,472,417256.5,3811036.5,2022,130.0,182.0,221.0,234.0,247.0,271.0,328.0,1.0,1.0
1217,505,417355.5,3811021.5,2022,128.0,198.0,227.0,238.0,250.0,272.0,316.0,1.0,1.0
1227,510,417370.5,3810991.5,2022,145.0,184.0,226.0,237.0,249.0,273.0,321.0,1.0,1.0
1212,550,417490.5,3811036.5,2022,139.0,190.0,225.0,236.0,248.0,270.0,314.0,1.0,1.0
1217,589,417607.5,3811021.5,2022,147.0,190.0,225.0,236.0,249.0,275.0,325.0,1.0,1.0
1215,606,417658.5,3811027.5,2022,114.0,192.0,227.0,238.0,250.0,274.0,317.0,1.0,1.0
1224,636,417748.5,3811000.5,2022,148.0,202.0,228.0,239.0,250.0,273.0,316.0,1.0,1.0
1219,678,417874.5,3811015.5,2022,156.0,209.0,227.0,237.0,247.0,267.0,305.0,1.0,1.0
1220,716,417988.5,3811012.5,2022,159.0,208.0,227.0,237.0,247.0,268.0,309.0,1.0,1.0
1205,736,418048.5,3811057.5,2022,114.0,202.0,226.0,236.0,247.0,271.0,313.0,1.0,2.0
1208,764,418132.5,3811048.5,2022,158.0,207.0,227.0,237.0,248.0,269.0,314.0,1.0,1.0
1202,784,418192.5,3811066.5,2022,155.0,209.0,228.0,238.0,248.0,270.0,312.0,1.0,1.0
1213,825,418315.5,3811033.5,2022,162.0,213.0,230.0,238.0,248.0,269.0,311.0,1.0,1.0
1211,842,418366.5,3811039.5,2022,159.0,212.0,228.0,237.0,247.0,269.0,307.0,1.0,1.0
1210,877,418471.5,3811042.5,2022,130.0,213.0,229.0,238.0,249.0,273.0,314.0,1.0,2.0
1216,918,418594.5,3811024.5,2022,159.0,215.0,231.0,239.0,250.0,271.0,307.0,1.0,1.0
1203,943,418669.5,3811063.5,2022,159.0,213.0,229.0,238.0,248.0,269.0,309.0,1.0,1.0
1214,976,418768.5,3811030.5,2022,158.0,214.0,230.0,239.0,250.0,272.0,311.0,1.0,1.0
1218,994,418822.5,3811018.5,2022,150.0,209.0,229.0,238.0,249.0,272.0,314.0,1.0,1.0
1229,1031,418933.5,3810985.5,2022,117.0,205.0,227.0,237.0,249.0,271.0,321.0,1.0,2.0
1226,1070,419050.5,3810994.5,2022,96.0,173.0,226.0,237.0,249.0,273.0,331.0,1.0,1.0
1207,1088,419104.5,3811051.5,2022,112.0,186.0,227.0,237.0,250.0,272.0,314.0,1.0,1.0
1227,1114,419182.5,3810991.5,2022,125.0,189.0,227.0,237.0,249.0,272.0,322.0,1.0,1.0
1202,1144,419272.5,3811066.5,2022,153.0,209.0,229.0,239.0,251.0,274.0,322.0,1.0,1.0
1206,1171,419353.5,3811054.5,2022,125.0,209.0,229.0,238.0,249.0,271.0,313.0,1.0,1.0
1218,1225,419515.5,3811018.5,2022,152.0,212.0,229.0,238.0,248.0,269.0,312.0,1.0,1.0
1228,1238,419554.5,3810988.5,2022,114.0,188.0,228.0,238.0,249.0,271.0,312.0,1.0,1.0
1202,1276,419668.5,3811066.5,2022,121.0,212.0,231.0,240.0,252.0,275.0,311.0,1.0,2.0
1228,1300,419740.5,3810988.5,2022,112.0,178.0,230.0,240.0,253.0,276.0,308.0,1.0,2.0
1215,1328,419824.5,3811027.5,2022,124.0,207.0,229.0,239.0,251.0,275.0,317.0,1.0,2.0
1224,1368,419944.5,3811000.5,2022,154.0,183.0,232.0,242.0,254.0,276.0,321.0,1.0,2.0
1210,1396,420028.5,3811042.5,2022,121.0,184.0,230.0,240.0,252.0,274.0,316.0,1.0,2.0
1225,1416,420088.5,3810997.5,2022,164.0,218.0,233.0,241.0,252.0,271.0,297.0,1.0,2.0
1227,1468,420244.5,3810991.5,2022,128.0,210.0,230.0,241.0,253.0,276.0,318.0,1.0,1.0
1206,1479,420277.5,3811054.5,2022,153.0,211.0,230.0,240.0,252.0,275.0,312.0,1.0,1.0
1202,1529,420427.5,3811066.5,2022,119.0,210.0,230.0,240.0,252.0,274.0,319.0,1.0,1.0
1216,1532,420436.5,3811024.5,2022,123.0,215.0,233.0,243.0,255.0,280.0,323.0,1.0,1.0
1224,1564,420532.5,3811000.5,2022,124.0,186.0,232.0,241.0,253.0,277.0,334.0,1.0,1.0
1210,1619,420697.5,3811042.5,2022,128.0,211.0,231.0,240.0,252.0,274.0,330.0,1.0,2.0
1208,1642,420766.5,3811048.5,2022,113.0,181.0,231.0,242.0,253.0,277.0,320.0,1.0,2.0
1204,1656,420808.5,3811060.5,2022,154.0,214.0,232.0,242.0,255.0,277.0,318.0,1.0,2.0
1205,1685,420895.5,3811057.5,2022,124.0,181.0,233.0,243.0,254.0,277.0,317.0,1.0,2.0
1208,1731,421033.5,3811048.5,2022,139.0,214.0,232.0,242.0,254.0,278.0,326.0,1.0,2.0
1215,1766,421138.5,3811027.5,2022,147.0,208.0,230.0,240.0,252.0,276.0,320.0,1.0,1.0
1227,1799,421237.5,3810991.5,2022,146.0,182.0,232.0,241.0,253.0,278.0,323.0,1.0,1.0
1222,1807,421261.5,3811006.5,2022,147.0,209.0,230.0,239.0,251.0,277.0,317.0,1.0,1.0
1215,1978,421774.5,3811027.5,2022,98.0,177.0,228.0,239.0,251.0,275.0,319.0,1.0,2.0
1218,1980,421780.5,3811018.5,2022,98.0,178.0,227.0,237.0,250.0,276.0,324.0,1.0,2.0
1229,2157,422311.5,3810985.5,2022,124.0,179.0,231.0,241.0,254.0,280.0,328.0,1.0,2.0
1223,2169,422347.5,3811003.5,2022,121.0,209.0,232.0,243.0,255.0,281.0,325.0,1.0,2.0
1210,2214,422482.5,3811042.5,2022,138.0,208.0,226.0,236.0,249.0,274.0,327.0,1.0,2.0
1225,2221,422503.5,3810997.5,2022,130.0,185.0,228.0,239.0,251.0,276.0,328.0,1.0,2.0
1222,2255,422605.5,3811006.5,2022,129.0,181.0,231.0,241.0,253.0,278.0,324.0,1.0,1.0
1219,2307,422761.5,3811015.5,2022,141.0,177.0,231.0,242.0,254.0,280.0,329.0,1.0,2.0
1217,2327,422821.5,3811021.5,2022,139.0,177.0,231.0,242.0,254.0,280.0,322.0,1.0,2.0
1205,2341,422863.5,3811057.5,2022,127.0,175.0,230.0,241.0,253.0,279.0,323.0,1.0,2.0
1203,2380,422980.5,3811063.5,2022,134.0,181.0,225.0,238.0,251.0,277.0,316.0,1.0,1.0
1213,2451,423193.5,3811033.5,2022,133.0,182.0,224.0,236.0,249.0,275.0,318.0,1.0,1.0
1215,2500,423340.5,3811027.5,2022,114.0,183.0,221.0,233.0,246.0,275.0,322.0,1.0,1.0
1223,2535,423445.5,3811003.5,2022,142.0,184.0,221.0,234.0,247.0,275.0,316.0,1.0,1.0
1220,2561,423523.5,3811012.5,2022,139.0,184.0,222.0,233.0,246.0,272.0,321.0,1.0,1.0
1222,2580,423580.5,3811006.5,2022,136.0,176.0,220.0,234.0,248.0,276.0,324.0,1.0,1.0
1206,2623,423709.5,3811054.5,2022,149.0,184.0,223.0,234.0,247.0,275.0,323.0,1.0,2.0
1200,2643,423769.5,3811072.5,2022,150.0,202.0,225.0,236.0,249.0,277.0,324.0,1.0,2.0
1209,2684,423892.5,3811045.5,2022,145.0,197.0,222.0,232.0,245.0,272.0,308.0,1.0,1.0
1226,2716,423988.5,3810994.5,2022,151.0,201.0,221.0,232.0,244.0,273.0,313.0,1.0,1.0
1218,2756,424108.5,3811018.5,2022,148.0,184.0,217.0,229.0,243.0,273.0,326.0,1.0,1.0
1227,2786,424198.5,3810991.5,2022,130.0,185.0,216.0,229.0,243.0,272.0,323.0,1.0,1.0
1209,2809,424267.5,3811045.5,2022,150.0,184.0,217.0,229.0,243.0,274.0,325.0,1.0,1.0
1200,2827,424321.5,3811072.5,2022,153.0,188.0,216.0,228.0,241.0,269.0,313.0,1.0,1.0
1208,2865,424435.5,3811048.5,2022,141.0,180.0,215.0,228.0,240.0,266.0,326.0,1.0,1.0
1218,2891,424513.5,3811018.5,2022,149.0,182.0,218.0,230.0,241.0,264.0,310.0,1.0,1.0
1221,2936,424648.5,3811009.5,2022,153.0,193.0,218.0,230.0,242.0,271.0,315.0,1.0,1.0
1215,2943,424669.5,3811027.5,2022,150.0,195.0,218.0,230.0,243.0,273.0,316.0,1.0,1.0
1213,2993,424819.5,3811033.5,2022,137.0,188.0,216.0,230.0,243.0,274.0,319.0,1.0,1.0
1205,3036,424948.5,3811057.5,2022,162.0,197.0,218.0,228.0,240.0,270.0,311.0,1.0,1.0
1220,3065,425035.5,3811012.5,2022,149.0,178.0,217.0,230.0,243.0,276.0,319.0,1.0,1.0
1223,3268,425644.5,3811003.5,2022,109.0,181.0,215.0,228.0,244.0,278.0,320.0,1.0,1.0
1246,10,415870.5,3810934.5,2022,150.0,201.0,228.0,239.0,251.0,276.0,322.0,1.0,1.0
1243,45,415975.5,3810943.5,2022,151.0,186.0,228.0,238.0,250.0,273.0,317.0,1.0,1.0
1232,84,416092.5,3810976.5,2022,146.0,180.0,226.0,237.0,249.0,272.0,322.0,1.0,1.0
1246,117,416191.5,3810934.5,2022,135.0,186.0,227.0,238.0,250.0,272.0,315.0,1.0,1.0
1235,136,416248.5,3810967.5,2022,133.0,184.0,225.0,236.0,247.0,271.0,314.0,1.0,1.0
1234,168,416344.5,3810970.5,2022,145.0,192.0,225.0,236.0,247.0,269.0,306.0,1.0,1.0
1251,183,416389.5,3810919.5,2022,149.0,199.0,226.0,236.0,247.0,269.0,314.0,1.0,1.0
1237,227,416521.5,3810961.5,2022,146.0,202.0,226.0,237.0,248.0,269.0,319.0,1.0,1.0
1253,258,416614.5,3810913.5,2022,158.0,197.0,226.0,236.0,247.0,268.0,321.0,1.0,1.0
1230,297,416731.5,3810982.5,2022,136.0,196.0,226.0,236.0,247.0,269.0,313.0,1.0,1.0
1232,325,416815.5,3810976.5,2022,143.0,185.0,224.0,234.0,246.0,268.0,316.0,1.0,1.0
1258,348,416884.5,3810898.5,2022,156.0,203.0,226.0,236.0,247.0,270.0,301.0,1.0,1.0
1243,388,417004.5,3810943.5,2022,150.0,185.0,224.0,235.0,246.0,269.0,315.0,1.0,1.0
1244,417,417091.5,3810940.5,2022,129.0,185.0,225.0,235.0,247.0,271.0,314.0,1.0,1.0
1252,430,417130.5,3810916.5,2022,135.0,181.0,224.0,235.0,247.0,272.0,314.0,1.0,1.0
1257,458,417214.5,3810901.5,2022,129.0,179.0,223.0,236.0,248.0,274.0,328.0,1.0,1.0
1230,480,417280.5,3810982.5,2022,142.0,184.0,222.0,235.0,248.0,273.0,315.0,1.0,1.0
1230,531,417433.5,3810982.5,2022,140.0,185.0,225.0,237.0,249.0,272.0,317.0,1.0,1.0
1240,568,417544.5,3810952.5,2022,144.0,191.0,226.0,238.0,250.0,274.0,326.0,1.0,1.0
1247,582,417586.5,3810931.5,2022,122.0,190.0,224.0,236.0,248.0,272.0,322.0,1.0,1.0
1252,610,417670.5,3810916.5,2022,149.0,198.0,227.0,238.0,250.0,273.0,314.0,1.0,1.0
1256,643,417769.5,3810904.5,2022,160.0,208.0,227.0,236.0,247.0,268.0,299.0,1.0,1.0
1232,683,417889.5,3810976.5,2022,147.0,207.0,229.0,238.0,249.0,271.0,318.0,1.0,1.0
1240,696,417928.5,3810952.5,2022,147.0,209.0,229.0,238.0,249.0,269.0,314.0,1.0,1.0
1231,722,418006.5,3810979.5,2022,152.0,209.0,228.0,238.0,248.0,270.0,308.0,1.0,1.0
1252,757,418111.5,3810916.5,2022,155.0,212.0,230.0,239.0,251.0,273.0,312.0,1.0,2.0
1246,793,418219.5,3810934.5,2022,162.0,212.0,229.0,239.0,250.0,270.0,316.0,1.0,1.0
1242,834,418342.5,3810946.5,2022,157.0,211.0,228.0,237.0,248.0,273.0,316.0,1.0,1.0
1245,854,418402.5,3810937.5,2022,157.0,210.0,228.0,238.0,249.0,271.0,310.0,1.0,1.0
1232,876,418468.5,3810976.5,2022,162.0,217.0,231.0,239.0,249.0,271.0,307.0,1.0,1.0
1230,925,418615.5,3810982.5,2022,149.0,212.0,229.0,238.0,249.0,270.0,322.0,1.0,1.0
1231,944,418672.5,3810979.5,2022,153.0,211.0,229.0,238.0,249.0,272.0,317.0,1.0,1.0
1230,984,418792.5,3810982.5,2022,141.0,211.0,230.0,239.0,250.0,271.0,311.0,1.0,2.0
1259,1003,418849.5,3810895.5,2022,155.0,218.0,232.0,240.0,250.0,270.0,302.0,1.0,2.0
1257,1023,418909.5,3810901.5,2022,156.0,214.0,230.0,239.0,250.0,269.0,304.0,1.0,1.0
1233,1054,419002.5,3810973.5,2022,117.0,208.0,229.0,239.0,250.0,270.0,317.0,1.0,2.0
1250,1103,419149.5,3810922.5,2022,115.0,211.0,231.0,240.0,251.0,272.0,314.0,1.0,1.0
1251,1131,419233.5,3810919.5,2022,150.0,211.0,229.0,239.0,249.0,269.0,311.0,1.0,1.0
1239,1158,419314.5,3810955.5,2022,155.0,214.0,230.0,238.0,249.0,268.0,297.0,1.0,2.0
1258,1177,419371.5,3810898.5,2022,171.0,217.0,231.0,239.0,249.0,270.0,300.0,1.0,1.0
1251,1211,419473.5,3810919.5,2022,115.0,208.0,227.0,237.0,249.0,272.0,309.0,1.0,1.0
1257,1236,419548.5,3810901.5,2022,103.0,183.0,230.0,240.0,252.0,271.0,308.0,1.0,1.0
1257,1266,419638.5,3810901.5,2022,101.0,182.0,229.0,239.0,251.0,271.0,317.0,1.0,2.0
1255,1300,419740.5,3810907.5,2022,146.0,209.0,230.0,240.0,252.0,274.0,316.0,1.0,1.0
1234,1330,419830.5,3810970.5,2022,151.0,214.0,231.0,240.0,252.0,272.0,312.0,1.0,2.0
1231,1357,419911.5,3810979.5,2022,149.0,180.0,231.0,241.0,252.0,274.0,314.0,1.0,2.0
1259,1399,420037.5,3810895.5,2022,155.0,218.0,234.0,243.0,254.0,276.0,302.0,1.0,2.0
1251,1430,420130.5,3810919.5,2022,118.0,212.0,231.0,241.0,254.0,278.0,316.0,1.0,2.0
1239,1446,420178.5,3810955.5,2022,154.0,217.0,233.0,242.0,253.0,275.0,320.0,1.0,2.0
1233,1472,420256.5,3810973.5,2022,127.0,210.0,230.0,241.0,254.0,277.0,311.0,1.0,1.0
1239,1516,420388.5,3810955.5,2022,128.0,212.0,230.0,240.0,252.0,276.0,321.0,1.0,1.0
1255,1541,420463.5,3810907.5,2022,135.0,215.0,233.0,243.0,254.0,275.0,319.0,1.0,1.0
1257,1586,420598.5,3810901.5,2022,114.0,211.0,231.0,241.0,254.0,279.0,327.0,1.0,1.0
1237,1620,420700.5,3810961.5,2022,155.0,216.0,232.0,242.0,254.0,277.0,322.0,1.0,2.0
1240,1678,420874.5,3810952.5,2022,123.0,212.0,231.0,241.0,253.0,276.0,336.0,1.0,2.0
1257,1693,420919.5,3810901.5,2022,113.0,180.0,231.0,242.0,253.0,275.0,324.0,1.0,2.0
1241,1719,420997.5,3810949.5,2022,124.0,180.0,229.0,240.0,252.0,276.0,326.0,1.0,2.0
1253,1740,421060.5,3810913.5,2022,119.0,211.0,232.0,243.0,255.0,277.0,331.0,1.0,2.0
1234,1786,421198.5,3810970.5,2022,112.0,179.0,230.0,241.0,253.0,277.0,326.0,1.0,2.0
1255,1806,421258.5,3810907.5,2022,123.0,212.0,230.0,239.0,251.0,276.0,312.0,1.0,2.0
1244,1830,421330.5,3810940.5,2022,112.0,209.0,228.0,238.0,250.0,274.0,305.0,1.0,2.0
1256,2123,422209.5,3810904.5,2022,103.0,177.0,231.0,241.0,253.0,278.0,320.0,1.0,2.0
1253,2132,422236.5,3810913.5,2022,141.0,181.0,231.0,242.0,253.0,278.0,327.0,1.0,2.0
1230,2168,422344.5,3810982.5,2022,113.0,181.0,230.0,240.0,253.0,280.0,325.0,1.0,2.0
1258,2218,422494.5,3810898.5,2022,129.0,182.0,228.0,239.0,251.0,276.0,320.0,1.0,1.0
1232,2229,422527.5,3810976.5,2022,143.0,204.0,227.0,237.0,250.0,276.0,326.0,1.0,1.0
1235,2261,422623.5,3810967.5,2022,139.0,181.0,230.0,240.0,252.0,277.0,322.0,1.0,1.0
1241,2292,422716.5,3810949.5,2022,132.0,178.0,228.0,238.0,251.0,277.0,320.0,1.0,1.0
1234,2313,422779.5,3810970.5,2022,131.0,174.0,226.0,238.0,251.0,281.0,327.0,1.0,1.0
1250,2340,422860.5,3810922.5,2022,125.0,174.0,229.0,239.0,253.0,283.0,324.0,1.0,1.0
1259,2427,423121.5,3810895.5,2022,147.0,179.0,229.0,240.0,252.0,278.0,326.0,1.0,2.0
1256,2435,423145.5,3810904.5,2022,149.0,178.0,230.0,240.0,251.0,274.0,321.0,1.0,2.0
1247,2499,423337.5,3810931.5,2022,118.0,179.0,218.0,232.0,246.0,274.0,318.0,1.0,1.0
1233,2549,423487.5,3810973.5,2022,132.0,178.0,219.0,233.0,248.0,278.0,320.0,1.0,1.0
1233,2571,423553.5,3810973.5,2022,108.0,175.0,218.0,233.0,248.0,276.0,322.0,1.0,1.0
1230,2597,423631.5,3810982.5,2022,139.0,179.0,218.0,233.0,248.0,276.0,316.0,1.0,1.0
1254,2632,423736.5,3810910.5,2022,150.0,183.0,221.0,232.0,244.0,272.0,321.0,1.0,2.0
1255,2669,423847.5,3810907.5,2022,164.0,199.0,221.0,231.0,243.0,272.0,313.0,1.0,2.0
1256,2689,423907.5,3810904.5,2022,130.0,187.0,218.0,230.0,244.0,274.0,314.0,1.0,1.0
1256,2708,423964.5,3810904.5,2022,148.0,188.0,218.0,231.0,244.0,273.0,319.0,1.0,1.0
1244,2748,424084.5,3810940.5,2022,146.0,191.0,220.0,231.0,244.0,271.0,317.0,1.0,1.0
1251,2786,424198.5,3810919.5,2022,143.0,179.0,218.0,231.0,244.0,270.0,310.0,1.0,1.0
1250,2805,424255.5,3810922.5,2022,152.0,181.0,218.0,231.0,243.0,275.0,320.0,1.0,1.0
1251,2822,424306.5,3810919.5,2022,144.0,179.0,218.0,231.0,245.0,273.0,312.0,1.0,1.0
1236,2878,424474.5,3810964.5,2022,154.0,183.0,217.0,229.0,241.0,269.0,315.0,1.0,1.0
1249,2906,424558.5,3810925.5,2022,159.0,195.0,218.0,228.0,240.0,267.0,310.0,1.0,1.0
1230,2936,424648.5,3810982.5,2022,154.0,195.0,217.0,229.0,244.0,274.0,319.0,1.0,1.0
1259,2948,424684.5,3810895.5,2022,150.0,182.0,216.0,228.0,241.0,271.0,318.0,1.0,1.0
1241,2999,424837.5,3810949.5,2022,170.0,199.0,217.0,228.0,238.0,263.0,308.0,1.0,1.0
1236,3005,424855.5,3810964.5,2022,163.0,199.0,218.0,229.0,240.0,269.0,312.0,1.0,1.0
1240,3059,425017.5,3810952.5,2022,158.0,199.0,219.0,229.0,241.0,267.0,303.0,1.0,1.0
1234,3063,425029.5,3810970.5,2022,166.0,202.0,218.0,228.0,238.0,262.0,302.0,1.0,2.0
1234,3299,425737.5,3810970.5,2022,119.0,186.0,216.0,227.0,239.0,266.0,308.0,1.0,1.0
1252,3310,425770.5,3810916.5,2022,147.0,192.0,217.0,229.0,242.0,275.0,316.0,1.0,1.0
1275,8,415864.5,3810847.5,2022,139.0,186.0,230.0,239.0,251.0,274.0,310.0,1.0,1.0
1260,37,415951.5,3810892.5,2022,139.0,182.0,229.0,239.0,251.0,274.0,314.0,1.0,1.0
1280,84,416092.5,3810832.5,2022,116.0,180.0,230.0,240.0,252.0,278.0,320.0,1.0,1.0
1284,112,416176.5,3810820.5,2022,117.0,180.0,228.0,238.0,249.0,270.0,318.0,1.0,1.0
1274,125,416215.5,3810850.5,2022,139.0,201.0,227.0,237.0,248.0,269.0,309.0,1.0,1.0
1283,151,416293.5,3810823.5,2022,116.0,208.0,230.0,241.0,253.0,276.0,320.0,1.0,1.0
1273,181,416383.5,3810853.5,2022,168.0,216.0,231.0,240.0,250.0,268.0,301.0,1.0,1.0
1264,219,416497.5,3810880.5,2022,131.0,185.0,227.0,237.0,249.0,272.0,311.0,1.0,1.0
1273,259,416617.5,3810853.5,2022,114.0,186.0,229.0,242.0,255.0,283.0,320.0,1.0,1.0
1280,280,416680.5,3810832.5,2022,132.0,181.0,223.0,235.0,249.0,274.0,324.0,1.0,1.0
1268,305,416755.5,3810868.5,2022,128.0,187.0,226.0,238.0,249.0,271.0,308.0,1.0,1.0
1273,353,416899.5,3810853.5,2022,148.0,204.0,229.0,241.0,253.0,276.0,315.0,1.0,1.0
1264,377,416971.5,3810880.5,2022,147.0,206.0,227.0,237.0,248.0,270.0,306.0,1.0,1.0
1266,393,417019.5,3810874.5,2022,130.0,199.0,229.0,239.0,250.0,272.0,303.0,1.0,1.0
1266,431,417133.5,3810874.5,2022,141.0,204.0,229.0,239.0,249.0,270.0,314.0,1.0,2.0
1275,467,417241.5,3810847.5,2022,127.0,182.0,229.0,239.0,251.0,276.0,318.0,1.0,1.0
1265,497,417331.5,3810877.5,2022,120.0,195.0,226.0,237.0,249.0,273.0,311.0,1.0,1.0
1266,534,417442.5,3810874.5,2022,134.0,194.0,224.0,236.0,247.0,269.0,321.0,1.0,1.0
1280,553,417499.5,3810832.5,2022,96.0,191.0,227.0,237.0,248.0,270.0,319.0,1.0,1.0
1271,575,417565.5,3810859.5,2022,169.0,212.0,229.0,238.0,248.0,267.0,296.0,1.0,1.0
1276,600,417640.5,3810844.5,2022,162.0,213.0,230.0,240.0,250.0,270.0,303.0,1.0,1.0
1287,651,417793.5,3810811.5,2022,155.0,215.0,231.0,240.0,250.0,268.0,311.0,1.0,1.0
1269,660,417820.5,3810865.5,2022,159.0,215.0,231.0,240.0,250.0,269.0,306.0,1.0,1.0
1265,702,417946.5,3810877.5,2022,132.0,206.0,228.0,238.0,248.0,268.0,310.0,1.0,1.0
1287,727,418021.5,3810811.5,2022,153.0,211.0,229.0,238.0,248.0,267.0,304.0,1.0,1.0
1265,772,418156.5,3810877.5,2022,158.0,211.0,230.0,240.0,251.0,275.0,316.0,1.0,1.0
1274,793,418219.5,3810850.5,2022,147.0,212.0,230.0,240.0,252.0,273.0,313.0,1.0,1.0
1262,817,418291.5,3810886.5,2022,158.0,210.0,229.0,238.0,250.0,270.0,317.0,1.0,1.0
1274,849,418387.5,3810850.5,2022,154.0,212.0,229.0,238.0,251.0,273.0,307.0,1.0,1.0
1260,892,418516.5,3810892.5,2022,146.0,209.0,229.0,239.0,251.0,272.0,313.0,1.0,1.0
1270,916,418588.5,3810862.5,2022,127.0,211.0,229.0,239.0,250.0,273.0,311.0,1.0,1.0
1284,948,418684.5,3810820.5,2022,164.0,216.0,231.0,240.0,250.0,268.0,306.0,1.0,2.0
1274,989,418807.5,3810850.5,2022,136.0,214.0,231.0,240.0,251.0,271.0,309.0,1.0,2.0
1286,1006,418858.5,3810814.5,2022,159.0,216.0,231.0,239.0,249.0,269.0,307.0,1.0,1.0
1285,1020,418900.5,3810817.5,2022,162.0,218.0,232.0,240.0,250.0,271.0,314.0,1.0,1.0
1269,1063,419029.5,3810865.5,2022,161.0,214.0,231.0,239.0,249.0,267.0,291.0,1.0,1.0
1271,1088,419104.5,3810859.5,2022,153.0,214.0,231.0,240.0,251.0,271.0,312.0,1.0,1.0
1277,1120,419200.5,3810841.5,2022,138.0,212.0,230.0,240.0,251.0,273.0,323.0,1.0,1.0
1289,1152,419296.5,3810805.5,2022,174.0,220.0,233.0,242.0,253.0,272.0,295.0,1.0,1.0
1283,1183,419389.5,3810823.5,2022,122.0,206.0,231.0,242.0,254.0,274.0,310.0,1.0,1.0
1283,1207,419461.5,3810823.5,2022,110.0,178.0,226.0,237.0,250.0,273.0,317.0,1.0,1.0
1280,1247,419581.5,3810832.5,2022,108.0,181.0,231.0,241.0,251.0,272.0,313.0,1.0,1.0
1275,1268,419644.5,3810847.5,2022,150.0,216.0,233.0,242.0,252.0,272.0,311.0,1.0,1.0
1281,1318,419794.5,3810829.5,2022,132.0,211.0,230.0,240.0,251.0,273.0,320.0,1.0,1.0
1274,1328,419824.5,3810850.5,2022,163.0,216.0,232.0,242.0,253.0,272.0,312.0,1.0,2.0
1287,1376,419968.5,3810811.5,2022,150.0,218.0,233.0,243.0,255.0,276.0,307.0,1.0,2.0
1265,1402,420046.5,3810877.5,2022,161.0,217.0,232.0,241.0,253.0,272.0,297.0,1.0,2.0
1278,1414,420082.5,3810838.5,2022,151.0,214.0,231.0,240.0,251.0,272.0,311.0,1.0,1.0
1264,1448,420184.5,3810880.5,2022,152.0,183.0,230.0,239.0,252.0,280.0,324.0,1.0,1.0
1284,1478,420274.5,3810820.5,2022,151.0,212.0,230.0,240.0,253.0,276.0,327.0,1.0,2.0
1274,1524,420412.5,3810850.5,2022,150.0,215.0,232.0,242.0,255.0,277.0,317.0,1.0,1.0
1284,1538,420454.5,3810820.5,2022,130.0,211.0,232.0,243.0,255.0,277.0,321.0,1.0,2.0
1278,1567,420541.5,3810838.5,2022,143.0,182.0,232.0,242.0,255.0,281.0,329.0,1.0,2.0
1260,1590,420610.5,3810892.5,2022,104.0,182.0,232.0,243.0,255.0,280.0,330.0,1.0,2.0
1285,1631,420733.5,3810817.5,2022,128.0,214.0,232.0,243.0,255.0,276.0,324.0,1.0,2.0
1285,1655,420805.5,3810817.5,2022,149.0,214.0,232.0,242.0,254.0,277.0,325.0,1.0,1.0
1278,1706,420958.5,3810838.5,2022,132.0,181.0,231.0,241.0,253.0,276.0,327.0,1.0,2.0
1276,1726,421018.5,3810844.5,2022,117.0,185.0,230.0,240.0,253.0,278.0,324.0,1.0,2.0
1288,1769,421147.5,3810808.5,2022,113.0,179.0,229.0,239.0,252.0,279.0,317.0,1.0,2.0
1289,1775,421165.5,3810805.5,2022,148.0,183.0,230.0,239.0,250.0,271.0,318.0,1.0,1.0
1272,1800,421240.5,3810856.5,2022,125.0,186.0,229.0,239.0,251.0,275.0,318.0,1.0,2.0
1263,1837,421351.5,3810883.5,2022,153.0,213.0,229.0,238.0,250.0,275.0,303.0,1.0,2.0
1286,2154,422302.5,3810814.5,2022,117.0,184.0,228.0,239.0,251.0,277.0,331.0,1.0,2.0
1262,2183,422389.5,3810886.5,2022,132.0,181.0,230.0,240.0,252.0,277.0,327.0,1.0,2.0
1288,2205,422455.5,3810808.5,2022,123.0,185.0,230.0,240.0,253.0,277.0,326.0,1.0,2.0
1284,2220,422500.5,3810820.5,2022,116.0,182.0,230.0,240.0,253.0,277.0,329.0,1.0,1.0
1270,2279,422677.5,3810862.5,2022,132.0,180.0,227.0,238.0,251.0,277.0,323.0,1.0,1.0
1269,2290,422710.5,3810865.5,2022,135.0,183.0,225.0,235.0,248.0,277.0,326.0,1.0,2.0
1270,2315,422785.5,3810862.5,2022,141.0,177.0,227.0,237.0,250.0,281.0,327.0,1.0,1.0
1271,2345,422875.5,3810859.5,2022,115.0,170.0,229.0,239.0,252.0,281.0,337.0,1.0,2.0
1275,2378,422974.5,3810847.5,2022,130.0,179.0,231.0,241.0,254.0,280.0,319.0,1.0,2.0
1285,2415,423085.5,3810817.5,2022,141.0,180.0,228.0,239.0,251.0,274.0,320.0,1.0,2.0
1270,2443,423169.5,3810862.5,2022,148.0,181.0,228.0,238.0,250.0,275.0,312.0,1.0,2.0
1268,2481,423283.5,3810868.5,2022,138.0,181.0,225.0,237.0,250.0,275.0,318.0,1.0,1.0
1289,2515,423385.5,3810805.5,2022,146.0,179.0,223.0,234.0,246.0,272.0,317.0,1.0,1.0
1287,2520,423400.5,3810811.5,2022,140.0,178.0,222.0,234.0,247.0,274.0,332.0,1.0,1.0
1268,2575,423565.5,3810868.5,2022,143.0,182.0,221.0,233.0,246.0,275.0,324.0,1.0,1.0
1260,2594,423622.5,3810892.5,2022,140.0,181.0,223.0,234.0,246.0,273.0,312.0,1.0,1.0
1286,2619,423697.5,3810814.5,2022,145.0,177.0,227.0,237.0,250.0,279.0,317.0,1.0,2.0
1289,2646,423778.5,3810805.5,2022,154.0,186.0,222.0,233.0,247.0,277.0,320.0,1.0,2.0
1271,2672,423856.5,3810859.5,2022,148.0,194.0,219.0,231.0,244.0,275.0,316.0,1.0,1.0
1260,2706,423958.5,3810892.5,2022,142.0,190.0,218.0,230.0,243.0,272.0,315.0,1.0,1.0
1283,2737,424051.5,3810823.5,2022,145.0,182.0,218.0,229.0,242.0,270.0,315.0,1.0,1.0
1262,2789,424207.5,3810886.5,2022,150.0,184.0,219.0,230.0,241.0,268.0,311.0,1.0,1.0
1261,2802,424246.5,3810889.5,2022,147.0,179.0,218.0,230.0,244.0,272.0,319.0,1.0,1.0
1280,2836,424348.5,3810832.5,2022,158.0,194.0,221.0,232.0,244.0,272.0,319.0,1.0,1.0
1281,2855,424405.5,3810829.5,2022,147.0,187.0,221.0,233.0,245.0,274.0,313.0,1.0,1.0
1289,2904,424552.5,3810805.5,2022,162.0,204.0,222.0,232.0,243.0,272.0,308.0,1.0,1.0
1282,2911,424573.5,3810826.5,2022,151.0,203.0,222.0,233.0,245.0,274.0,321.0,1.0,2.0
1262,2941,424663.5,3810886.5,2022,150.0,189.0,216.0,229.0,242.0,271.0,310.0,1.0,1.0
1277,2990,424810.5,3810841.5,2022,144.0,184.0,217.0,228.0,240.0,265.0,314.0,1.0,1.0
1283,3295,425725.5,3810823.5,2022,126.0,189.0,217.0,229.0,241.0,269.0,306.0,1.0,1.0
1265,3329,425827.5,3810877.5,2022,154.0,187.0,215.0,227.0,240.0,279.0,320.0,1.0,1.0
1266,3330,425830.5,3810874.5,2022,146.0,187.0,216.0,229.0,242.0,278.0,324.0,1.0,1.0
1309,15,415885.5,3810745.5,2022,139.0,182.0,231.0,241.0,252.0,277.0,335.0,1.0,1.0
1294,54,416002.5,3810790.5,2022,150.0,183.0,227.0,238.0,250.0,275.0,322.0,1.0,1.0
1312,61,416023.5,3810736.5,2022,150.0,207.0,230.0,240.0,252.0,276.0,330.0,1.0,1.0
1304,115,416185.5,3810760.5,2022,117.0,196.0,231.0,242.0,255.0,278.0,316.0,1.0,1.0
1303,125,416215.5,3810763.5,2022,116.0,180.0,230.0,241.0,254.0,279.0,320.0,1.0,1.0
1300,178,416374.5,3810772.5,2022,147.0,201.0,226.0,237.0,248.0,269.0,310.0,1.0,1.0
1309,180,416380.5,3810745.5,2022,141.0,199.0,226.0,236.0,247.0,268.0,307.0,1.0,1.0
1311,234,416542.5,3810739.5,2022,120.0,184.0,223.0,235.0,248.0,272.0,318.0,1.0,1.0
1302,258,416614.5,3810766.5,2022,119.0,184.0,225.0,237.0,250.0,275.0,320.0,1.0,1.0
1312,284,416692.5,3810736.5,2022,127.0,195.0,228.0,239.0,251.0,273.0,310.0,1.0,1.0
1318,322,416806.5,3810718.5,2022,131.0,191.0,228.0,240.0,252.0,274.0,313.0,1.0,1.0
1306,337,416851.5,3810754.5,2022,118.0,188.0,230.0,242.0,255.0,278.0,314.0,1.0,1.0
1292,384,416992.5,3810796.5,2022,102.0,180.0,224.0,236.0,250.0,277.0,319.0,1.0,1.0
1308,419,417097.5,3810748.5,2022,110.0,184.0,225.0,237.0,250.0,274.0,311.0,1.0,1.0
1310,424,417112.5,3810742.5,2022,109.0,179.0,221.0,235.0,250.0,275.0,314.0,1.0,1.0
1303,458,417214.5,3810763.5,2022,111.0,179.0,226.0,239.0,252.0,278.0,317.0,1.0,1.0
1295,506,417358.5,3810787.5,2022,122.0,196.0,226.0,237.0,248.0,271.0,308.0,1.0,2.0
1314,514,417382.5,3810730.5,2022,143.0,209.0,229.0,238.0,249.0,270.0,306.0,1.0,1.0
1298,548,417484.5,3810778.5,2022,137.0,209.0,231.0,242.0,253.0,276.0,321.0,1.0,1.0
1316,599,417637.5,3810724.5,2022,153.0,216.0,231.0,240.0,249.0,269.0,313.0,1.0,1.0
1306,607,417661.5,3810754.5,2022,155.0,217.0,232.0,241.0,250.0,269.0,303.0,1.0,1.0
1297,640,417760.5,3810781.5,2022,160.0,216.0,230.0,239.0,248.0,267.0,307.0,1.0,1.0
1291,674,417862.5,3810799.5,2022,124.0,213.0,229.0,239.0,249.0,269.0,302.0,1.0,1.0
1312,711,417973.5,3810736.5,2022,157.0,213.0,229.0,238.0,248.0,266.0,309.0,1.0,1.0
1314,731,418033.5,3810730.5,2022,145.0,212.0,230.0,239.0,250.0,270.0,312.0,1.0,1.0
1312,763,418129.5,3810736.5,2022,155.0,216.0,231.0,241.0,252.0,273.0,322.0,1.0,2.0
1307,808,418264.5,3810751.5,2022,157.0,213.0,230.0,239.0,251.0,274.0,317.0,1.0,1.0
1304,812,418276.5,3810760.5,2022,158.0,215.0,231.0,240.0,251.0,272.0,308.0,1.0,1.0
1313,868,418444.5,3810733.5,2022,163.0,218.0,233.0,241.0,251.0,269.0,306.0,1.0,1.0
1304,872,418456.5,3810760.5,2022,161.0,217.0,232.0,240.0,251.0,270.0,303.0,1.0,1.0
1319,928,418624.5,3810715.5,2022,155.0,217.0,232.0,241.0,252.0,272.0,314.0,1.0,2.0
1314,953,418699.5,3810730.5,2022,163.0,217.0,231.0,240.0,249.0,269.0,303.0,1.0,1.0
1314,989,418807.5,3810730.5,2022,160.0,217.0,232.0,240.0,250.0,270.0,307.0,1.0,1.0
1299,1011,418873.5,3810775.5,2022,132.0,216.0,231.0,239.0,249.0,269.0,307.0,1.0,1.0
1316,1032,418936.5,3810724.5,2022,161.0,216.0,232.0,240.0,251.0,270.0,300.0,1.0,1.0
1304,1068,419044.5,3810760.5,2022,169.0,217.0,231.0,238.0,248.0,267.0,294.0,1.0,1.0
1296,1085,419095.5,3810784.5,2022,155.0,215.0,231.0,240.0,251.0,272.0,307.0,1.0,1.0
1304,1114,419182.5,3810760.5,2022,166.0,217.0,232.0,241.0,252.0,274.0,310.0,1.0,1.0
1295,1143,419269.5,3810787.5,2022,165.0,218.0,232.0,240.0,251.0,271.0,303.0,1.0,1.0
1318,1185,419395.5,3810718.5,2022,114.0,211.0,231.0,241.0,251.0,272.0,311.0,1.0,1.0
1317,1215,419485.5,3810721.5,2022,110.0,191.0,226.0,237.0,251.0,275.0,318.0,1.0,2.0
1290,1231,419533.5,3810802.5,2022,105.0,179.0,229.0,240.0,252.0,277.0,315.0,1.0,1.0
1318,1279,419677.5,3810718.5,2022,104.0,178.0,229.0,239.0,251.0,277.0,317.0,1.0,2.0
1309,1302,419746.5,3810745.5,2022,106.0,175.0,229.0,240.0,252.0,273.0,307.0,1.0,1.0
1319,1322,419806.5,3810715.5,2022,108.0,183.0,229.0,241.0,253.0,275.0,320.0,1.0,1.0
1297,1362,419926.5,3810781.5,2022,105.0,180.0,229.0,239.0,251.0,273.0,319.0,1.0,2.0
1296,1409,420067.5,3810784.5,2022,156.0,216.0,231.0,240.0,250.0,271.0,309.0,1.0,1.0
1290,1424,420112.5,3810802.5,2022,157.0,216.0,231.0,240.0,252.0,273.0,306.0,1.0,1.0
1296,1451,420193.5,3810784.5,2022,134.0,216.0,232.0,242.0,253.0,274.0,302.0,1.0,1.0
1299,1482,420286.5,3810775.5,2022,151.0,216.0,233.0,242.0,254.0,276.0,330.0,1.0,1.0
1306,1509,420367.5,3810754.5,2022,142.0,216.0,233.0,243.0,255.0,277.0,317.0,1.0,1.0
1295,1556,420508.5,3810787.5,2022,139.0,216.0,235.0,246.0,258.0,280.0,324.0,1.0,1.0
1291,1564,420532.5,3810799.5,2022,155.0,215.0,234.0,244.0,255.0,278.0,318.0,1.0,2.0
1290,1708,420964.5,3810802.5,2022,151.0,213.0,231.0,240.0,252.0,274.0,318.0,1.0,2.0
1290,1725,421015.5,3810802.5,2022,105.0,185.0,229.0,240.0,253.0,278.0,333.0,1.0,2.0
1290,1774,421162.5,3810802.5,2022,112.0,180.0,230.0,239.0,251.0,274.0,330.0,1.0,2.0
1293,1808,421264.5,3810793.5,2022,156.0,188.0,229.0,238.0,250.0,273.0,304.0,1.0,2.0
1297,2100,422140.5,3810781.5,2022,118.0,214.0,231.0,240.0,252.0,275.0,311.0,1.0,2.0
1292,2156,422308.5,3810796.5,2022,122.0,206.0,229.0,239.0,251.0,275.0,324.0,1.0,2.0
1295,2165,422335.5,3810787.5,2022,130.0,207.0,229.0,239.0,252.0,275.0,317.0,1.0,1.0
1291,2209,422467.5,3810799.5,2022,110.0,183.0,230.0,240.0,252.0,277.0,323.0,1.0,1.0
1292,2222,422506.5,3810796.5,2022,130.0,182.0,229.0,239.0,252.0,279.0,330.0,1.0,2.0
1291,2279,422677.5,3810799.5,2022,137.0,184.0,229.0,239.0,251.0,276.0,322.0,1.0,2.0
1295,2298,422734.5,3810787.5,2022,128.0,179.0,226.0,237.0,249.0,274.0,328.0,1.0,2.0
1295,2311,422773.5,3810787.5,2022,145.0,182.0,227.0,237.0,249.0,275.0,323.0,1.0,1.0
1295,2341,422863.5,3810787.5,2022,140.0,176.0,231.0,239.0,249.0,271.0,322.0,1.0,2.0
1291,2374,422962.5,3810799.5,2022,140.0,178.0,229.0,240.0,251.0,276.0,319.0,1.0,2.0
1291,2409,423067.5,3810799.5,2022,145.0,178.0,229.0,239.0,251.0,274.0,318.0,1.0,2.0
1293,2454,423202.5,3810793.5,2022,149.0,179.0,224.0,236.0,248.0,271.0,318.0,1.0,1.0
1302,2472,423256.5,3810766.5,2022,155.0,191.0,227.0,237.0,248.0,272.0,310.0,1.0,2.0
1291,2494,423322.5,3810799.5,2022,136.0,179.0,226.0,236.0,247.0,274.0,318.0,1.0,2.0
1297,2541,423463.5,3810781.5,2022,137.0,181.0,223.0,235.0,248.0,275.0,325.0,1.0,1.0
1294,2550,423490.5,3810790.5,2022,142.0,182.0,227.0,237.0,250.0,275.0,324.0,1.0,1.0
1313,2600,423640.5,3810733.5,2022,149.0,176.0,224.0,235.0,250.0,280.0,317.0,1.0,1.0
1297,2632,423736.5,3810781.5,2022,145.0,182.0,222.0,234.0,249.0,276.0,311.0,1.0,1.0
1297,2640,423760.5,3810781.5,2022,155.0,182.0,225.0,236.0,248.0,275.0,316.0,1.0,2.0
1318,2683,423889.5,3810718.5,2022,159.0,191.0,220.0,232.0,246.0,274.0,309.0,1.0,1.0
1315,2714,423982.5,3810727.5,2022,150.0,195.0,220.0,232.0,244.0,274.0,315.0,1.0,1.0
1313,2753,424099.5,3810733.5,2022,149.0,182.0,220.0,232.0,246.0,275.0,319.0,1.0,1.0
1301,2789,424207.5,3810769.5,2022,146.0,190.0,217.0,229.0,241.0,272.0,319.0,1.0,2.0
1301,2819,424297.5,3810769.5,2022,153.0,195.0,219.0,230.0,242.0,266.0,313.0,1.0,1.0
1301,2821,424303.5,3810769.5,2022,153.0,197.0,219.0,230.0,242.0,268.0,309.0,1.0,2.0
1304,2874,424462.5,3810760.5,2022,154.0,192.0,217.0,229.0,243.0,272.0,320.0,1.0,1.0
1298,2890,424510.5,3810778.5,2022,170.0,199.0,216.0,226.0,238.0,264.0,299.0,1.0,1.0
1293,2937,424651.5,3810793.5,2022,144.0,183.0,220.0,231.0,244.0,275.0,315.0,1.0,1.0
1303,2940,424660.5,3810763.5,2022,148.0,185.0,220.0,231.0,244.0,274.0,311.0,1.0,1.0
1342,10,415870.5,3810646.5,2022,147.0,183.0,230.0,240.0,252.0,276.0,315.0,1.0,1.0
1348,41,415963.5,3810628.5,2022,148.0,183.0,229.0,240.0,252.0,276.0,316.0,1.0,1.0
1323,61,416023.5,3810703.5,2022,145.0,187.0,228.0,238.0,250.0,274.0,322.0,1.0,1.0
1342,101,416143.5,3810646.5,2022,117.0,178.0,225.0,238.0,251.0,277.0,324.0,1.0,1.0
1349,144,416272.5,3810625.5,2022,109.0,186.0,230.0,243.0,256.0,280.0,329.0,1.0,1.0
1329,178,416374.5,3810685.5,2022,149.0,202.0,225.0,236.0,246.0,267.0,302.0,1.0,1.0
1335,207,416461.5,3810667.5,2022,117.0,192.0,227.0,240.0,253.0,278.0,317.0,1.0,2.0
1327,214,416482.5,3810691.5,2022,139.0,209.0,233.0,244.0,255.0,279.0,317.0,1.0,1.0
1340,254,416602.5,3810652.5,2022,140.0,186.0,226.0,242.0,255.0,280.0,324.0,1.0,1.0
1325,293,416719.5,3810697.5,2022,128.0,191.0,227.0,239.0,252.0,278.0,319.0,1.0,1.0
1348,321,416803.5,3810628.5,2022,130.0,186.0,227.0,239.0,251.0,274.0,313.0,1.0,1.0
1325,339,416857.5,3810697.5,2022,132.0,192.0,227.0,238.0,250.0,273.0,317.0,1.0,1.0
1320,364,416932.5,3810712.5,2022,108.0,185.0,226.0,238.0,250.0,276.0,318.0,1.0,1.0
1320,404,417052.5,3810712.5,2022,100.0,177.0,223.0,238.0,251.0,277.0,316.0,1.0,1.0
1327,447,417181.5,3810691.5,2022,114.0,200.0,230.0,241.0,252.0,275.0,305.0,1.0,1.0
1346,454,417202.5,3810634.5,2022,117.0,184.0,227.0,238.0,250.0,276.0,322.0,1.0,1.0
1339,482,417286.5,3810655.5,2022,121.0,207.0,230.0,240.0,252.0,273.0,308.0,1.0,1.0
1324,520,417400.5,3810700.5,2022,136.0,200.0,229.0,240.0,251.0,275.0,317.0,1.0,1.0
1348,547,417481.5,3810628.5,2022,117.0,187.0,230.0,240.0,251.0,272.0,314.0,1.0,1.0
1334,575,417565.5,3810670.5,2022,154.0,212.0,230.0,239.0,249.0,268.0,307.0,1.0,1.0
1339,629,417727.5,3810655.5,2022,161.0,214.0,229.0,238.0,248.0,267.0,305.0,1.0,1.0
1329,651,417793.5,3810685.5,2022,144.0,213.0,231.0,240.0,251.0,270.0,313.0,1.0,1.0
1334,675,417865.5,3810670.5,2022,136.0,184.0,230.0,239.0,251.0,276.0,331.0,1.0,2.0
1334,692,417916.5,3810670.5,2022,151.0,213.0,229.0,238.0,248.0,267.0,301.0,1.0,1.0
1327,731,418033.5,3810691.5,2022,154.0,210.0,228.0,238.0,249.0,271.0,313.0,1.0,2.0
1344,752,418096.5,3810640.5,2022,144.0,215.0,231.0,241.0,251.0,276.0,324.0,1.0,1.0
1323,804,418252.5,3810703.5,2022,131.0,213.0,231.0,241.0,252.0,275.0,320.0,1.0,2.0
1327,815,418285.5,3810691.5,2022,131.0,212.0,231.0,241.0,253.0,275.0,307.0,1.0,2.0
1345,859,418417.5,3810637.5,2022,171.0,218.0,232.0,241.0,250.0,267.0,291.0,1.0,1.0
1347,878,418474.5,3810631.5,2022,142.0,214.0,231.0,242.0,253.0,272.0,302.0,1.0,2.0
1348,912,418576.5,3810628.5,2022,146.0,216.0,232.0,241.0,251.0,270.0,300.0,1.0,1.0
1338,937,418651.5,3810658.5,2022,156.0,216.0,231.0,239.0,249.0,267.0,302.0,1.0,1.0
1347,963,418729.5,3810631.5,2022,111.0,216.0,233.0,242.0,253.0,275.0,313.0,1.0,1.0
1337,1007,418861.5,3810661.5,2022,169.0,218.0,232.0,240.0,250.0,272.0,310.0,1.0,1.0
1324,1038,418954.5,3810700.5,2022,163.0,218.0,232.0,241.0,251.0,271.0,305.0,1.0,2.0
1343,1067,419041.5,3810643.5,2022,159.0,217.0,232.0,240.0,251.0,272.0,302.0,1.0,1.0
1333,1086,419098.5,3810673.5,2022,154.0,215.0,232.0,241.0,251.0,272.0,304.0,1.0,1.0
1333,1123,419209.5,3810673.5,2022,121.0,214.0,233.0,243.0,254.0,276.0,315.0,1.0,2.0
1324,1144,419272.5,3810700.5,2022,108.0,204.0,230.0,241.0,253.0,275.0,315.0,1.0,2.0
1339,1173,419359.5,3810655.5,2022,100.0,189.0,229.0,240.0,253.0,275.0,309.0,1.0,1.0
1321,1223,419509.5,3810709.5,2022,106.0,204.0,226.0,236.0,248.0,271.0,322.0,1.0,2.0
1345,1250,419590.5,3810637.5,2022,101.0,180.0,229.0,240.0,252.0,273.0,312.0,1.0,1.0
1349,1280,419680.5,3810625.5,2022,109.0,176.0,228.0,239.0,252.0,275.0,326.0,1.0,1.0
1349,1318,419794.5,3810625.5,2022,104.0,182.0,231.0,242.0,253.0,274.0,316.0,1.0,1.0
1344,1347,419881.5,3810640.5,2022,100.0,172.0,228.0,239.0,251.0,275.0,316.0,1.0,1.0
1339,1350,419890.5,3810655.5,2022,100.0,171.0,229.0,239.0,251.0,274.0,317.0,1.0,1.0
1320,1408,420064.5,3810712.5,2022,110.0,179.0,232.0,242.0,253.0,277.0,313.0,1.0,1.0
1326,1426,420118.5,3810694.5,2022,130.0,181.0,231.0,241.0,253.0,274.0,333.0,1.0,2.0
1325,1449,420187.5,3810697.5,2022,147.0,216.0,231.0,240.0,251.0,270.0,297.0,1.0,1.0
1328,1478,420274.5,3810688.5,2022,160.0,217.0,232.0,241.0,252.0,273.0,307.0,1.0,1.0
1322,1511,420373.5,3810706.5,2022,137.0,217.0,234.0,244.0,255.0,278.0,311.0,1.0,1.0
1332,1533,420439.5,3810676.5,2022,139.0,217.0,234.0,243.0,254.0,275.0,312.0,1.0,2.0
1345,2359,422917.5,3810637.5,2022,147.0,206.0,227.0,236.0,247.0,269.0,302.0,1.0,2.0
1342,2399,423037.5,3810646.5,2022,147.0,178.0,225.0,236.0,249.0,274.0,322.0,1.0,2.0
1345,2417,423091.5,3810637.5,2022,143.0,178.0,226.0,237.0,250.0,272.0,318.0,1.0,1.0
1340,2433,423139.5,3810652.5,2022,145.0,179.0,224.0,236.0,248.0,273.0,315.0,1.0,2.0
1348,2467,423241.5,3810628.5,2022,141.0,173.0,226.0,237.0,249.0,274.0,315.0,1.0,1.0
1334,2527,423421.5,3810670.5,2022,143.0,174.0,226.0,236.0,248.0,274.0,315.0,1.0,1.0
1326,2579,423577.5,3810694.5,2022,134.0,177.0,224.0,236.0,251.0,279.0,322.0,1.0,1.0
1322,2593,423619.5,3810706.5,2022,143.0,179.0,220.0,232.0,245.0,274.0,318.0,1.0,1.0
1336,2629,423727.5,3810664.5,2022,156.0,188.0,218.0,231.0,245.0,273.0,302.0,1.0,2.0
1336,2667,423841.5,3810664.5,2022,155.0,199.0,222.0,232.0,244.0,268.0,307.0,1.0,1.0
1323,2688,423904.5,3810703.5,2022,156.0,194.0,221.0,233.0,246.0,273.0,314.0,1.0,1.0
1338,2706,423958.5,3810658.5,2022,150.0,183.0,218.0,231.0,245.0,274.0,318.0,1.0,1.0
1321,2756,424108.5,3810709.5,2022,150.0,179.0,219.0,232.0,245.0,276.0,319.0,1.0,1.0
1340,2760,424120.5,3810652.5,2022,157.0,191.0,221.0,232.0,245.0,276.0,320.0,1.0,1.0
1344,2909,424567.5,3810640.5,2022,166.0,203.0,219.0,229.0,239.0,260.0,284.0,1.0,2.0
1341,2920,424600.5,3810649.5,2022,155.0,204.0,221.0,231.0,242.0,268.0,301.0,1.0,2.0
1376,15,415885.5,3810544.5,2022,149.0,183.0,228.0,240.0,252.0,277.0,324.0,1.0,1.0
1352,45,415975.5,3810616.5,2022,144.0,174.0,230.0,242.0,255.0,280.0,314.0,1.0,1.0
1368,70,416050.5,3810568.5,2022,122.0,190.0,230.0,242.0,254.0,278.0,318.0,1.0,1.0
1376,108,416164.5,3810544.5,2022,120.0,197.0,229.0,241.0,253.0,280.0,318.0,1.0,1.0
1379,146,416278.5,3810535.5,2022,111.0,177.0,222.0,236.0,249.0,276.0,318.0,1.0,1.0
1354,162,416326.5,3810610.5,2022,120.0,189.0,226.0,237.0,250.0,272.0,312.0,1.0,1.0
1372,195,416425.5,3810556.5,2022,156.0,207.0,230.0,240.0,252.0,273.0,313.0,1.0,1.0
1357,214,416482.5,3810601.5,2022,122.0,189.0,227.0,239.0,253.0,277.0,320.0,1.0,1.0
1365,241,416563.5,3810577.5,2022,108.0,180.0,223.0,237.0,251.0,278.0,328.0,1.0,1.0
1373,273,416659.5,3810553.5,2022,115.0,185.0,231.0,243.0,256.0,279.0,317.0,1.0,1.0
1350,320,416800.5,3810622.5,2022,121.0,182.0,226.0,239.0,252.0,276.0,311.0,1.0,1.0
1379,339,416857.5,3810535.5,2022,117.0,206.0,233.0,244.0,255.0,276.0,306.0,1.0,1.0
1361,380,416980.5,3810589.5,2022,116.0,187.0,225.0,237.0,250.0,275.0,312.0,1.0,1.0
1371,399,417037.5,3810559.5,2022,116.0,190.0,228.0,240.0,252.0,276.0,323.0,1.0,1.0
1351,441,417163.5,3810619.5,2022,117.0,190.0,228.0,240.0,252.0,274.0,315.0,1.0,1.0
1361,453,417199.5,3810589.5,2022,119.0,204.0,230.0,242.0,254.0,277.0,310.0,1.0,1.0
1363,504,417352.5,3810583.5,2022,151.0,209.0,229.0,239.0,250.0,271.0,314.0,1.0,1.0
1367,529,417427.5,3810571.5,2022,124.0,208.0,229.0,238.0,249.0,269.0,310.0,1.0,1.0
1376,556,417508.5,3810544.5,2022,132.0,210.0,230.0,239.0,250.0,270.0,314.0,1.0,2.0
1354,575,417565.5,3810610.5,2022,158.0,214.0,230.0,239.0,249.0,265.0,294.0,1.0,2.0
1366,600,417640.5,3810574.5,2022,157.0,214.0,231.0,240.0,250.0,269.0,304.0,1.0,1.0
1376,639,417757.5,3810544.5,2022,155.0,214.0,230.0,240.0,251.0,273.0,319.0,1.0,2.0
1373,687,417901.5,3810553.5,2022,125.0,182.0,231.0,241.0,252.0,275.0,316.0,1.0,2.0
1363,712,417976.5,3810583.5,2022,146.0,213.0,230.0,240.0,251.0,272.0,315.0,1.0,2.0
1365,741,418063.5,3810577.5,2022,148.0,216.0,232.0,241.0,252.0,273.0,324.0,1.0,1.0
1355,754,418102.5,3810607.5,2022,146.0,214.0,230.0,239.0,249.0,271.0,310.0,1.0,1.0
1371,805,418255.5,3810559.5,2022,133.0,219.0,234.0,242.0,253.0,272.0,303.0,1.0,2.0
1377,832,418336.5,3810541.5,2022,159.0,217.0,232.0,241.0,251.0,271.0,309.0,1.0,1.0
1367,841,418363.5,3810571.5,2022,163.0,215.0,230.0,239.0,249.0,268.0,299.0,1.0,1.0
1379,890,418510.5,3810535.5,2022,156.0,218.0,233.0,242.0,251.0,270.0,307.0,1.0,1.0
1357,927,418621.5,3810601.5,2022,152.0,216.0,232.0,241.0,252.0,273.0,310.0,1.0,1.0
1378,939,418657.5,3810538.5,2022,138.0,209.0,231.0,240.0,252.0,277.0,327.0,1.0,1.0
1370,979,418777.5,3810562.5,2022,155.0,216.0,233.0,242.0,253.0,276.0,318.0,1.0,1.0
1372,1003,418849.5,3810556.5,2022,155.0,216.0,231.0,240.0,251.0,272.0,311.0,1.0,1.0
1357,1039,418957.5,3810601.5,2022,160.0,216.0,230.0,238.0,247.0,268.0,306.0,1.0,1.0
1356,1075,419065.5,3810604.5,2022,148.0,213.0,230.0,239.0,250.0,272.0,310.0,1.0,2.0
1353,1101,419143.5,3810613.5,2022,152.0,216.0,232.0,241.0,252.0,273.0,313.0,1.0,2.0
1378,1118,419194.5,3810538.5,2022,150.0,213.0,231.0,240.0,252.0,274.0,313.0,1.0,1.0
1360,1144,419272.5,3810592.5,2022,106.0,203.0,230.0,240.0,252.0,272.0,304.0,1.0,1.0
1372,1179,419377.5,3810556.5,2022,104.0,181.0,228.0,239.0,251.0,274.0,308.0,1.0,1.0
1350,1206,419458.5,3810622.5,2022,109.0,209.0,229.0,239.0,249.0,269.0,306.0,1.0,2.0
1363,1280,419680.5,3810583.5,2022,114.0,182.0,230.0,240.0,251.0,274.0,319.0,1.0,1.0
1350,1318,419794.5,3810622.5,2022,103.0,182.0,232.0,242.0,254.0,276.0,316.0,1.0,1.0
1360,1328,419824.5,3810592.5,2022,104.0,174.0,230.0,242.0,255.0,279.0,319.0,1.0,1.0
1350,1350,419890.5,3810622.5,2022,98.0,173.0,226.0,237.0,250.0,277.0,322.0,1.0,1.0
1379,1409,420067.5,3810535.5,2022,114.0,182.0,230.0,240.0,252.0,275.0,314.0,1.0,1.0
1365,1430,420130.5,3810577.5,2022,103.0,178.0,229.0,240.0,252.0,276.0,319.0,1.0,1.0
1368,1455,420205.5,3810568.5,2022,123.0,214.0,231.0,241.0,252.0,275.0,330.0,1.0,1.0
1361,1491,420313.5,3810589.5,2022,117.0,216.0,233.0,243.0,254.0,274.0,313.0,1.0,1.0
1363,1503,420349.5,3810583.5,2022,130.0,214.0,232.0,242.0,253.0,274.0,307.0,1.0,1.0
1366,1541,420463.5,3810574.5,2022,145.0,214.0,231.0,240.0,252.0,276.0,318.0,1.0,1.0
1365,2069,422047.5,3810577.5,2022,113.0,214.0,232.0,241.0,251.0,271.0,308.0,1.0,2.0
1365,2074,422062.5,3810577.5,2022,106.0,216.0,232.0,241.0,250.0,269.0,314.0,1.0,2.0
1354,2353,422899.5,3810610.5,2022,148.0,196.0,226.0,236.0,248.0,268.0,312.0,1.0,1.0
1354,2394,423022.5,3810610.5,2022,146.0,185.0,228.0,237.0,250.0,272.0,310.0,1.0,1.0
1350,2425,423115.5,3810622.5,2022,143.0,179.0,222.0,234.0,246.0,273.0,320.0,1.0,2.0
1350,2447,423181.5,3810622.5,2022,152.0,177.0,225.0,236.0,249.0,274.0,324.0,1.0,2.0
1364,2485,423295.5,3810580.5,2022,143.0,174.0,226.0,237.0,249.0,273.0,313.0,1.0,1.0
1354,2507,423361.5,3810610.5,2022,143.0,177.0,225.0,235.0,247.0,271.0,315.0,1.0,1.0
1369,2572,423556.5,3810565.5,2022,107.0,173.0,217.0,230.0,242.0,271.0,325.0,1.0,1.0
1353,2609,423667.5,3810613.5,2022,110.0,177.0,216.0,231.0,245.0,275.0,316.0,1.0,1.0
1367,2613,423679.5,3810571.5,2022,159.0,202.0,221.0,231.0,242.0,266.0,299.0,1.0,2.0
1376,2665,423835.5,3810544.5,2022,149.0,191.0,221.0,233.0,246.0,273.0,315.0,1.0,1.0
1368,2687,423901.5,3810568.5,2022,156.0,199.0,221.0,232.0,243.0,269.0,311.0,1.0,1.0
1361,2726,424018.5,3810589.5,2022,156.0,190.0,220.0,232.0,246.0,274.0,322.0,1.0,1.0
1379,2746,424078.5,3810535.5,2022,148.0,199.0,224.0,235.0,248.0,273.0,316.0,1.0,1.0
1355,2766,424138.5,3810607.5,2022,159.0,202.0,222.0,234.0,248.0,278.0,315.0,1.0,1.0
1351,2922,424606.5,3810619.5,2022,154.0,205.0,223.0,234.0,245.0,271.0,301.0,1.0,2.0
1388,2,415846.5,3810508.5,2022,145.0,209.0,231.0,241.0,253.0,276.0,317.0,1.0,1.0
1392,58,416014.5,3810496.5,2022,155.0,209.0,230.0,240.0,250.0,271.0,311.0,1.0,1.0
1394,72,416056.5,3810490.5,2022,106.0,190.0,229.0,240.0,252.0,276.0,318.0,1.0,1.0
1380,99,416137.5,3810532.5,2022,118.0,198.0,227.0,240.0,253.0,276.0,313.0,1.0,1.0
1395,149,416287.5,3810487.5,2022,117.0,192.0,228.0,239.0,250.0,272.0,314.0,1.0,1.0
1402,159,416317.5,3810466.5,2022,123.0,186.0,227.0,238.0,249.0,274.0,320.0,1.0,1.0
1406,192,416416.5,3810454.5,2022,147.0,206.0,229.0,240.0,251.0,273.0,317.0,1.0,1.0
1402,226,416518.5,3810466.5,2022,152.0,209.0,227.0,237.0,247.0,267.0,302.0,1.0,1.0
1392,262,416626.5,3810496.5,2022,110.0,187.0,227.0,239.0,251.0,273.0,308.0,1.0,1.0
1404,273,416659.5,3810460.5,2022,115.0,196.0,226.0,238.0,250.0,271.0,316.0,1.0,1.0
1396,320,416800.5,3810484.5,2022,117.0,206.0,229.0,240.0,252.0,274.0,304.0,1.0,1.0
1407,351,416893.5,3810451.5,2022,126.0,196.0,226.0,238.0,249.0,271.0,306.0,1.0,1.0
1400,361,416923.5,3810472.5,2022,105.0,187.0,226.0,239.0,251.0,275.0,309.0,1.0,1.0
1397,395,417025.5,3810481.5,2022,135.0,182.0,227.0,239.0,251.0,274.0,312.0,1.0,1.0
1393,441,417163.5,3810493.5,2022,115.0,184.0,228.0,240.0,252.0,276.0,316.0,1.0,1.0
1409,454,417202.5,3810445.5,2022,115.0,184.0,228.0,239.0,251.0,276.0,312.0,1.0,1.0
1382,495,417325.5,3810526.5,2022,143.0,214.0,234.0,244.0,256.0,280.0,315.0,1.0,1.0
1381,524,417412.5,3810529.5,2022,140.0,210.0,229.0,239.0,250.0,270.0,315.0,1.0,1.0
1392,551,417493.5,3810496.5,2022,141.0,214.0,232.0,241.0,251.0,269.0,297.0,1.0,1.0
1388,591,417613.5,3810508.5,2022,160.0,215.0,231.0,240.0,250.0,269.0,303.0,1.0,1.0
1392,625,417715.5,3810496.5,2022,140.0,213.0,231.0,241.0,252.0,272.0,316.0,1.0,1.0
1400,649,417787.5,3810472.5,2022,153.0,215.0,231.0,240.0,250.0,270.0,306.0,1.0,2.0
1402,681,417883.5,3810466.5,2022,133.0,210.0,230.0,240.0,250.0,272.0,311.0,1.0,1.0
1384,698,417934.5,3810520.5,2022,155.0,210.0,230.0,240.0,251.0,272.0,316.0,1.0,1.0
1406,740,418060.5,3810454.5,2022,142.0,215.0,232.0,242.0,253.0,275.0,315.0,1.0,2.0
1392,770,418150.5,3810496.5,2022,163.0,217.0,232.0,241.0,252.0,271.0,300.0,1.0,1.0
1384,806,418258.5,3810520.5,2022,200.0,220.0,234.0,243.0,253.0,271.0,298.0,1.0,1.0
1395,811,418273.5,3810487.5,2022,147.0,215.0,231.0,241.0,251.0,273.0,307.0,1.0,1.0
1407,854,418402.5,3810451.5,2022,136.0,219.0,234.0,243.0,253.0,274.0,319.0,1.0,2.0
1406,892,418516.5,3810454.5,2022,149.0,218.0,234.0,243.0,253.0,272.0,303.0,1.0,2.0
1382,907,418561.5,3810526.5,2022,150.0,218.0,233.0,242.0,252.0,272.0,309.0,1.0,2.0
1404,959,418717.5,3810460.5,2022,138.0,214.0,231.0,241.0,252.0,275.0,315.0,1.0,1.0
1392,962,418726.5,3810496.5,2022,134.0,215.0,231.0,240.0,250.0,272.0,314.0,1.0,2.0
1393,1018,418894.5,3810493.5,2022,158.0,216.0,230.0,238.0,247.0,266.0,309.0,1.0,1.0
1408,1036,418948.5,3810448.5,2022,144.0,214.0,232.0,241.0,252.0,274.0,316.0,1.0,1.0
1393,1066,419038.5,3810493.5,2022,121.0,215.0,231.0,240.0,251.0,273.0,307.0,1.0,1.0
1388,1089,419107.5,3810508.5,2022,155.0,215.0,231.0,240.0,250.0,272.0,309.0,1.0,1.0
1406,1132,419236.5,3810454.5,2022,151.0,212.0,230.0,239.0,250.0,273.0,316.0,1.0,1.0
1403,1163,419329.5,3810463.5,2022,108.0,179.0,227.0,239.0,252.0,276.0,320.0,1.0,1.0
1404,1170,419350.5,3810460.5,2022,109.0,188.0,227.0,238.0,251.0,275.0,315.0,1.0,1.0
1402,1228,419524.5,3810466.5,2022,102.0,177.0,228.0,239.0,252.0,276.0,317.0,1.0,1.0
1409,1289,419707.5,3810445.5,2022,109.0,182.0,228.0,238.0,250.0,274.0,316.0,1.0,1.0
1393,1293,419719.5,3810493.5,2022,103.0,177.0,226.0,237.0,249.0,272.0,315.0,1.0,1.0
1384,1342,419866.5,3810520.5,2022,112.0,173.0,227.0,237.0,249.0,275.0,319.0,1.0,1.0
1380,1408,420064.5,3810532.5,2022,110.0,182.0,231.0,241.0,253.0,275.0,316.0,1.0,2.0
1390,1434,420142.5,3810502.5,2022,116.0,210.0,230.0,240.0,252.0,274.0,318.0,1.0,1.0
1405,1443,420169.5,3810457.5,2022,172.0,219.0,233.0,241.0,253.0,274.0,297.0,1.0,1.0
1406,1478,420274.5,3810454.5,2022,153.0,215.0,232.0,242.0,254.0,274.0,307.0,1.0,2.0
1407,1503,420349.5,3810451.5,2022,162.0,218.0,233.0,242.0,254.0,274.0,303.0,1.0,1.0
1408,1548,420484.5,3810448.5,2022,119.0,211.0,231.0,241.0,253.0,278.0,318.0,1.0,2.0
1401,2070,422050.5,3810469.5,2022,157.0,210.0,227.0,237.0,248.0,270.0,310.0,1.0,1.0
1391,2369,422947.5,3810499.5,2022,143.0,188.0,222.0,233.0,244.0,269.0,315.0,1.0,2.0
1393,2394,423022.5,3810493.5,2022,108.0,183.0,228.0,237.0,249.0,271.0,307.0,1.0,1.0
1388,2412,423076.5,3810508.5,2022,109.0,179.0,227.0,237.0,249.0,272.0,308.0,1.0,1.0
1381,2443,423169.5,3810529.5,2022,139.0,176.0,223.0,235.0,248.0,274.0,319.0,1.0,1.0
1403,2479,423277.5,3810463.5,2022,122.0,177.0,222.0,234.0,245.0,273.0,317.0,1.0,2.0
1392,2606,423658.5,3810496.5,2022,147.0,189.0,220.0,233.0,246.0,274.0,307.0,1.0,1.0
1388,2623,423709.5,3810508.5,2022,145.0,176.0,220.0,232.0,245.0,273.0,317.0,1.0,2.0
1381,2649,423787.5,3810529.5,2022,150.0,180.0,222.0,233.0,246.0,275.0,322.0,1.0,1.0
1392,2671,423853.5,3810496.5,2022,149.0,186.0,219.0,231.0,245.0,274.0,315.0,1.0,1.0
1382,2707,423961.5,3810526.5,2022,149.0,190.0,221.0,233.0,245.0,273.0,320.0,1.0,1.0
1386,2734,424042.5,3810514.5,2022,148.0,190.0,219.0,230.0,244.0,275.0,316.0,1.0,1.0
1401,2761,424123.5,3810469.5,2022,151.0,195.0,222.0,233.0,246.0,274.0,317.0,1.0,1.0
1399,2814,424282.5,3810475.5,2022,134.0,188.0,221.0,234.0,248.0,275.0,310.0,1.0,1.0
1403,2836,424348.5,3810463.5,2022,141.0,197.0,221.0,233.0,246.0,275.0,313.0,1.0,1.0
1409,3021,424903.5,3810445.5,2022,156.0,198.0,216.0,227.0,238.0,266.0,308.0,1.0,1.0
1427,25,415915.5,3810391.5,2022,151.0,209.0,230.0,240.0,251.0,276.0,323.0,1.0,1.0
1427,55,416005.5,3810391.5,2022,148.0,188.0,229.0,239.0,250.0,274.0,315.0,1.0,1.0
1427,80,416080.5,3810391.5,2022,131.0,204.0,229.0,240.0,251.0,273.0,322.0,1.0,1.0
1422,114,416182.5,3810406.5,2022,114.0,187.0,230.0,242.0,254.0,279.0,316.0,1.0,1.0
1423,149,416287.5,3810403.5,2022,105.0,181.0,225.0,237.0,250.0,274.0,319.0,1.0,1.0
1434,155,416305.5,3810370.5,2022,114.0,182.0,228.0,240.0,253.0,275.0,318.0,1.0,1.0
1431,189,416407.5,3810379.5,2022,154.0,211.0,231.0,241.0,251.0,271.0,311.0,1.0,1.0
1422,224,416512.5,3810406.5,2022,155.0,205.0,227.0,237.0,248.0,269.0,306.0,1.0,1.0
1413,251,416593.5,3810433.5,2022,136.0,197.0,227.0,238.0,249.0,270.0,309.0,1.0,1.0
1411,280,416680.5,3810439.5,2022,135.0,190.0,227.0,238.0,250.0,273.0,310.0,1.0,1.0
1413,323,416809.5,3810433.5,2022,116.0,200.0,228.0,238.0,250.0,273.0,306.0,1.0,1.0
1412,358,416914.5,3810436.5,2022,108.0,191.0,227.0,239.0,252.0,276.0,318.0,1.0,1.0
1433,363,416929.5,3810373.5,2022,145.0,205.0,231.0,241.0,253.0,275.0,315.0,1.0,1.0
1434,407,417061.5,3810370.5,2022,139.0,209.0,230.0,239.0,250.0,272.0,312.0,1.0,1.0
1411,433,417139.5,3810439.5,2022,112.0,191.0,229.0,240.0,252.0,274.0,312.0,1.0,1.0
1415,471,417253.5,3810427.5,2022,138.0,190.0,229.0,239.0,250.0,272.0,307.0,1.0,1.0
1438,495,417325.5,3810358.5,2022,130.0,207.0,228.0,238.0,248.0,267.0,303.0,1.0,1.0
1427,538,417454.5,3810391.5,2022,139.0,209.0,230.0,240.0,250.0,271.0,311.0,1.0,1.0
1415,559,417517.5,3810427.5,2022,149.0,214.0,230.0,239.0,249.0,268.0,299.0,1.0,1.0
1427,572,417556.5,3810391.5,2022,127.0,216.0,231.0,240.0,250.0,270.0,303.0,1.0,2.0
1437,622,417706.5,3810361.5,2022,152.0,213.0,231.0,240.0,250.0,272.0,323.0,1.0,1.0
1414,639,417757.5,3810430.5,2022,156.0,213.0,231.0,240.0,250.0,269.0,307.0,1.0,1.0
1419,684,417892.5,3810415.5,2022,149.0,210.0,231.0,241.0,252.0,272.0,310.0,1.0,2.0
1423,696,417928.5,3810403.5,2022,123.0,210.0,230.0,239.0,250.0,271.0,363.0,1.0,2.0
1417,731,418033.5,3810421.5,2022,150.0,211.0,230.0,240.0,250.0,271.0,316.0,1.0,1.0
1433,751,418093.5,3810373.5,2022,173.0,218.0,232.0,241.0,252.0,272.0,296.0,1.0,1.0
1436,791,418213.5,3810364.5,2022,126.0,215.0,233.0,243.0,253.0,276.0,311.0,1.0,2.0
1418,826,418318.5,3810418.5,2022,119.0,213.0,231.0,240.0,252.0,273.0,308.0,1.0,2.0
1439,868,418444.5,3810355.5,2022,133.0,216.0,233.0,242.0,253.0,274.0,310.0,1.0,1.0
1422,886,418498.5,3810406.5,2022,153.0,214.0,233.0,243.0,254.0,277.0,322.0,1.0,2.0
1438,929,418627.5,3810358.5,2022,173.0,218.0,232.0,240.0,249.0,269.0,304.0,1.0,1.0
1416,944,418672.5,3810424.5,2022,149.0,216.0,231.0,240.0,251.0,271.0,318.0,1.0,1.0
1429,984,418792.5,3810385.5,2022,159.0,216.0,230.0,238.0,247.0,267.0,300.0,1.0,1.0
1439,997,418831.5,3810355.5,2022,147.0,215.0,232.0,241.0,252.0,273.0,311.0,1.0,1.0
1427,1029,418927.5,3810391.5,2022,112.0,184.0,232.0,243.0,254.0,278.0,320.0,1.0,2.0
1432,1068,419044.5,3810376.5,2022,148.0,217.0,232.0,241.0,251.0,273.0,316.0,1.0,1.0
1430,1101,419143.5,3810382.5,2022,117.0,214.0,231.0,241.0,252.0,274.0,312.0,1.0,1.0
1434,1110,419170.5,3810370.5,2022,144.0,215.0,232.0,241.0,252.0,275.0,316.0,1.0,1.0
1417,1140,419260.5,3810421.5,2022,157.0,215.0,232.0,241.0,252.0,273.0,310.0,1.0,1.0
1439,1170,419350.5,3810355.5,2022,108.0,207.0,230.0,241.0,253.0,273.0,309.0,1.0,1.0
1427,1201,419443.5,3810391.5,2022,103.0,181.0,229.0,240.0,251.0,272.0,306.0,1.0,1.0
1421,1286,419698.5,3810409.5,2022,103.0,180.0,228.0,239.0,250.0,275.0,324.0,1.0,1.0
1426,1293,419719.5,3810394.5,2022,106.0,178.0,225.0,237.0,249.0,273.0,320.0,1.0,1.0
1435,1349,419887.5,3810367.5,2022,103.0,177.0,227.0,238.0,250.0,275.0,317.0,1.0,1.0
1414,1361,419923.5,3810430.5,2022,115.0,179.0,227.0,238.0,251.0,276.0,319.0,1.0,1.0
1413,1437,420151.5,3810433.5,2022,164.0,216.0,231.0,239.0,249.0,270.0,301.0,1.0,1.0
1411,1455,420205.5,3810439.5,2022,157.0,215.0,230.0,239.0,251.0,274.0,311.0,1.0,1.0
1421,1482,420286.5,3810409.5,2022,148.0,217.0,233.0,243.0,254.0,274.0,308.0,1.0,2.0
1421,1506,420358.5,3810409.5,2022,154.0,218.0,233.0,242.0,253.0,273.0,305.0,1.0,1.0
1413,1543,420469.5,3810433.5,2022,133.0,211.0,231.0,241.0,253.0,275.0,316.0,1.0,1.0
1425,2357,422911.5,3810397.5,2022,146.0,190.0,225.0,235.0,246.0,269.0,304.0,1.0,2.0
1429,2391,423013.5,3810385.5,2022,140.0,187.0,226.0,236.0,249.0,271.0,309.0,1.0,2.0
1426,2416,423088.5,3810394.5,2022,138.0,187.0,227.0,237.0,249.0,272.0,312.0,1.0,1.0
1418,2430,423130.5,3810418.5,2022,147.0,184.0,225.0,235.0,247.0,270.0,315.0,1.0,1.0
1437,2495,423325.5,3810361.5,2022,146.0,176.0,220.0,232.0,243.0,268.0,309.0,1.0,2.0
1426,2527,423421.5,3810394.5,2022,133.0,180.0,219.0,232.0,244.0,270.0,306.0,1.0,1.0
1436,2554,423502.5,3810364.5,2022,145.0,181.0,216.0,228.0,240.0,271.0,321.0,1.0,1.0
1424,2607,423661.5,3810400.5,2022,149.0,182.0,218.0,229.0,242.0,273.0,316.0,1.0,1.0
1425,2628,423724.5,3810397.5,2022,156.0,195.0,221.0,233.0,245.0,273.0,318.0,1.0,1.0
1422,2640,423760.5,3810406.5,2022,149.0,183.0,221.0,232.0,245.0,273.0,323.0,1.0,1.0
1418,2924,424612.5,3810418.5,2022,155.0,211.0,227.0,237.0,247.0,272.0,297.0,1.0,1.0
1419,3013,424879.5,3810415.5,2022,118.0,193.0,216.0,227.0,239.0,263.0,299.0,1.0,1.0
1420,3032,424936.5,3810412.5,2022,158.0,202.0,220.0,230.0,241.0,265.0,299.0,1.0,2.0
1466,16,415888.5,3810274.5,2022,138.0,180.0,228.0,239.0,251.0,277.0,321.0,1.0,1.0
1462,46,415978.5,3810286.5,2022,151.0,210.0,230.0,240.0,251.0,273.0,316.0,1.0,1.0
1459,88,416104.5,3810295.5,2022,110.0,187.0,229.0,241.0,253.0,279.0,326.0,1.0,2.0
1466,99,416137.5,3810274.5,2022,138.0,207.0,230.0,240.0,252.0,276.0,316.0,1.0,1.0
1443,136,416248.5,3810343.5,2022,127.0,202.0,230.0,241.0,254.0,280.0,318.0,1.0,1.0
1453,154,416302.5,3810313.5,2022,102.0,183.0,228.0,239.0,251.0,274.0,308.0,1.0,1.0
1448,193,416419.5,3810328.5,2022,152.0,203.0,227.0,237.0,248.0,269.0,305.0,1.0,1.0
1448,221,416503.5,3810328.5,2022,161.0,207.0,227.0,237.0,247.0,267.0,303.0,1.0,1.0
1459,266,416638.5,3810295.5,2022,153.0,211.0,230.0,239.0,249.0,270.0,315.0,1.0,1.0
1442,273,416659.5,3810346.5,2022,160.0,208.0,228.0,238.0,248.0,269.0,312.0,1.0,1.0
1469,318,416794.5,3810265.5,2022,159.0,208.0,227.0,237.0,247.0,267.0,302.0,1.0,1.0
1460,348,416884.5,3810292.5,2022,156.0,209.0,228.0,237.0,247.0,267.0,301.0,1.0,1.0
1448,385,416995.5,3810328.5,2022,152.0,207.0,228.0,238.0,248.0,270.0,316.0,1.0,1.0
1452,403,417049.5,3810316.5,2022,142.0,206.0,227.0,237.0,247.0,266.0,304.0,1.0,1.0
1462,438,417154.5,3810286.5,2022,144.0,207.0,228.0,238.0,248.0,269.0,311.0,1.0,1.0
1469,450,417190.5,3810265.5,2022,153.0,209.0,228.0,238.0,248.0,269.0,303.0,1.0,1.0
1469,496,417328.5,3810265.5,2022,149.0,213.0,229.0,238.0,247.0,265.0,293.0,1.0,1.0
1457,521,417403.5,3810301.5,2022,160.0,215.0,231.0,239.0,248.0,266.0,298.0,1.0,1.0
1466,556,417508.5,3810274.5,2022,149.0,215.0,231.0,239.0,249.0,268.0,298.0,1.0,1.0
1450,590,417610.5,3810322.5,2022,156.0,214.0,231.0,240.0,250.0,269.0,315.0,1.0,1.0
1445,614,417682.5,3810337.5,2022,150.0,186.0,231.0,240.0,251.0,274.0,326.0,1.0,1.0
1468,651,417793.5,3810268.5,2022,165.0,214.0,229.0,237.0,247.0,265.0,291.0,1.0,1.0
1446,666,417838.5,3810334.5,2022,157.0,211.0,230.0,240.0,250.0,269.0,298.0,1.0,1.0
1465,708,417964.5,3810277.5,2022,165.0,213.0,229.0,238.0,247.0,263.0,284.0,1.0,1.0
1447,739,418057.5,3810331.5,2022,140.0,216.0,233.0,243.0,253.0,275.0,315.0,1.0,1.0
1447,752,418096.5,3810331.5,2022,145.0,214.0,231.0,242.0,253.0,274.0,317.0,1.0,2.0
1444,807,418261.5,3810340.5,2022,135.0,214.0,231.0,240.0,251.0,272.0,314.0,1.0,1.0
1442,822,418306.5,3810346.5,2022,157.0,216.0,232.0,241.0,251.0,272.0,304.0,1.0,2.0
1442,850,418390.5,3810346.5,2022,147.0,217.0,234.0,243.0,254.0,273.0,314.0,1.0,2.0
1465,877,418471.5,3810277.5,2022,130.0,211.0,234.0,245.0,257.0,279.0,320.0,1.0,1.0
1442,900,418540.5,3810346.5,2022,148.0,217.0,232.0,241.0,252.0,272.0,311.0,1.0,1.0
1465,944,418672.5,3810277.5,2022,156.0,216.0,232.0,242.0,253.0,273.0,311.0,1.0,1.0
1449,981,418783.5,3810325.5,2022,161.0,218.0,233.0,241.0,251.0,270.0,302.0,1.0,1.0
1462,994,418822.5,3810286.5,2022,158.0,217.0,232.0,241.0,251.0,269.0,301.0,1.0,1.0
1466,1032,418936.5,3810274.5,2022,147.0,215.0,232.0,241.0,251.0,272.0,312.0,1.0,1.0
1447,1072,419056.5,3810331.5,2022,143.0,215.0,232.0,240.0,251.0,271.0,308.0,1.0,1.0
1454,1091,419113.5,3810310.5,2022,152.0,212.0,231.0,242.0,253.0,275.0,320.0,1.0,2.0
1441,1124,419212.5,3810349.5,2022,154.0,217.0,233.0,241.0,252.0,272.0,307.0,1.0,1.0
1461,1146,419278.5,3810289.5,2022,132.0,212.0,231.0,240.0,252.0,274.0,303.0,1.0,1.0
1462,1176,419368.5,3810286.5,2022,125.0,205.0,229.0,240.0,252.0,274.0,319.0,1.0,1.0
1459,1216,419488.5,3810295.5,2022,115.0,188.0,229.0,239.0,251.0,273.0,312.0,1.0,1.0
1461,1233,419539.5,3810289.5,2022,109.0,188.0,229.0,240.0,252.0,273.0,309.0,1.0,2.0
1447,1277,419671.5,3810331.5,2022,112.0,187.0,231.0,242.0,253.0,273.0,312.0,1.0,1.0
1465,1303,419749.5,3810277.5,2022,103.0,175.0,227.0,238.0,251.0,277.0,323.0,1.0,1.0
1445,1330,419830.5,3810337.5,2022,106.0,175.0,226.0,238.0,250.0,274.0,319.0,1.0,1.0
1467,1370,419950.5,3810271.5,2022,117.0,178.0,229.0,239.0,251.0,274.0,319.0,1.0,1.0
1458,1381,419983.5,3810298.5,2022,140.0,211.0,230.0,240.0,252.0,276.0,310.0,1.0,2.0
1462,1431,420133.5,3810286.5,2022,111.0,186.0,229.0,239.0,251.0,274.0,316.0,1.0,2.0
1463,1466,420238.5,3810283.5,2022,146.0,216.0,231.0,240.0,251.0,273.0,311.0,1.0,1.0
1440,1480,420280.5,3810352.5,2022,146.0,216.0,232.0,242.0,254.0,276.0,313.0,1.0,1.0
1461,1523,420409.5,3810289.5,2022,153.0,215.0,232.0,242.0,254.0,280.0,323.0,1.0,2.0
1455,1541,420463.5,3810307.5,2022,163.0,216.0,232.0,242.0,253.0,276.0,322.0,1.0,2.0
1466,1865,421435.5,3810274.5,2022,137.0,182.0,227.0,237.0,248.0,271.0,326.0,1.0,1.0
1444,2360,422920.5,3810340.5,2022,151.0,200.0,225.0,235.0,247.0,271.0,305.0,1.0,2.0
1450,2392,423016.5,3810322.5,2022,158.0,207.0,227.0,237.0,250.0,273.0,312.0,1.0,2.0
1461,2408,423064.5,3810289.5,2022,147.0,182.0,224.0,235.0,247.0,269.0,316.0,1.0,2.0
1440,2445,423175.5,3810352.5,2022,133.0,178.0,221.0,233.0,245.0,272.0,316.0,1.0,2.0
1455,2492,423316.5,3810307.5,2022,148.0,180.0,220.0,232.0,243.0,267.0,306.0,1.0,1.0
1459,2549,423487.5,3810295.5,2022,134.0,174.0,213.0,228.0,242.0,274.0,328.0,1.0,1.0
1466,2550,423490.5,3810274.5,2022,113.0,180.0,215.0,229.0,242.0,270.0,311.0,1.0,1.0
1460,2621,423703.5,3810292.5,2022,146.0,190.0,221.0,232.0,244.0,272.0,313.0,1.0,1.0
1491,27,415921.5,3810199.5,2022,156.0,206.0,231.0,241.0,254.0,276.0,315.0,1.0,2.0
1492,50,415990.5,3810196.5,2022,156.0,206.0,228.0,238.0,249.0,271.0,309.0,1.0,1.0
1487,82,416086.5,3810211.5,2022,149.0,209.0,227.0,237.0,249.0,271.0,302.0,1.0,1.0
1475,104,416152.5,3810247.5,2022,148.0,196.0,229.0,240.0,252.0,276.0,319.0,1.0,1.0
1478,149,416287.5,3810238.5,2022,101.0,185.0,226.0,237.0,249.0,275.0,313.0,1.0,1.0
1480,168,416344.5,3810232.5,2022,156.0,206.0,226.0,236.0,246.0,266.0,297.0,1.0,1.0
1471,198,416434.5,3810259.5,2022,153.0,207.0,228.0,238.0,249.0,269.0,302.0,1.0,1.0
1499,233,416539.5,3810175.5,2022,160.0,208.0,227.0,237.0,247.0,269.0,308.0,1.0,1.0
1497,252,416596.5,3810181.5,2022,159.0,211.0,229.0,237.0,247.0,267.0,304.0,1.0,1.0
1476,293,416719.5,3810244.5,2022,153.0,209.0,229.0,238.0,249.0,269.0,306.0,1.0,1.0
1496,312,416776.5,3810184.5,2022,156.0,210.0,228.0,237.0,247.0,266.0,294.0,1.0,1.0
1475,353,416899.5,3810247.5,2022,154.0,209.0,227.0,237.0,247.0,267.0,305.0,1.0,1.0
1476,367,416941.5,3810244.5,2022,157.0,210.0,229.0,239.0,249.0,270.0,311.0,1.0,1.0
1486,419,417097.5,3810214.5,2022,153.0,209.0,228.0,237.0,247.0,267.0,297.0,1.0,1.0
1495,448,417184.5,3810187.5,2022,148.0,210.0,229.0,238.0,248.0,267.0,304.0,1.0,1.0
1488,467,417241.5,3810208.5,2022,150.0,212.0,229.0,238.0,248.0,268.0,308.0,1.0,1.0
1494,481,417283.5,3810190.5,2022,155.0,214.0,231.0,239.0,249.0,269.0,305.0,1.0,1.0
1473,517,417391.5,3810253.5,2022,157.0,215.0,231.0,239.0,249.0,267.0,301.0,1.0,1.0
1494,552,417496.5,3810190.5,2022,158.0,214.0,230.0,238.0,247.0,265.0,289.0,1.0,1.0
1479,595,417625.5,3810235.5,2022,156.0,215.0,230.0,239.0,248.0,267.0,292.0,1.0,1.0
1487,627,417721.5,3810211.5,2022,160.0,217.0,232.0,241.0,250.0,268.0,295.0,1.0,1.0
1472,645,417775.5,3810256.5,2022,153.0,215.0,231.0,241.0,251.0,272.0,308.0,1.0,1.0
1481,664,417832.5,3810229.5,2022,141.0,212.0,229.0,238.0,248.0,268.0,300.0,1.0,1.0
1484,694,417922.5,3810220.5,2022,149.0,210.0,227.0,236.0,246.0,264.0,289.0,1.0,1.0
1497,725,418015.5,3810181.5,2022,154.0,213.0,229.0,238.0,249.0,268.0,299.0,1.0,1.0
1488,768,418144.5,3810208.5,2022,149.0,216.0,233.0,242.0,253.0,273.0,305.0,1.0,2.0
1471,785,418195.5,3810259.5,2022,155.0,217.0,232.0,241.0,252.0,274.0,314.0,1.0,2.0
1497,810,418270.5,3810181.5,2022,141.0,210.0,231.0,243.0,254.0,280.0,324.0,1.0,2.0
1496,847,418381.5,3810184.5,2022,133.0,197.0,229.0,241.0,255.0,281.0,326.0,1.0,1.0
1489,887,418501.5,3810205.5,2022,138.0,213.0,235.0,246.0,258.0,282.0,310.0,1.0,1.0
1488,920,418600.5,3810208.5,2022,110.0,212.0,232.0,242.0,254.0,279.0,328.0,1.0,1.0
1474,959,418717.5,3810250.5,2022,139.0,211.0,233.0,245.0,256.0,282.0,315.0,1.0,1.0
1477,971,418753.5,3810241.5,2022,153.0,214.0,234.0,244.0,256.0,281.0,312.0,1.0,1.0
1478,1001,418843.5,3810238.5,2022,124.0,211.0,233.0,243.0,254.0,276.0,313.0,1.0,1.0
1495,1036,418948.5,3810187.5,2022,158.0,216.0,232.0,241.0,252.0,273.0,310.0,1.0,1.0
1476,1057,419011.5,3810244.5,2022,153.0,215.0,232.0,241.0,253.0,277.0,317.0,1.0,1.0
1476,1086,419098.5,3810244.5,2022,139.0,215.0,233.0,242.0,253.0,275.0,319.0,1.0,1.0
1487,1124,419212.5,3810211.5,2022,140.0,211.0,231.0,241.0,252.0,272.0,311.0,1.0,1.0
1476,1164,419332.5,3810244.5,2022,113.0,206.0,230.0,241.0,253.0,276.0,308.0,1.0,1.0
1481,1187,419401.5,3810229.5,2022,104.0,178.0,227.0,239.0,252.0,275.0,312.0,1.0,2.0
1490,1208,419464.5,3810202.5,2022,112.0,186.0,229.0,242.0,255.0,279.0,315.0,1.0,1.0
1482,1235,419545.5,3810226.5,2022,104.0,178.0,228.0,240.0,253.0,276.0,311.0,1.0,1.0
1489,1282,419686.5,3810205.5,2022,101.0,180.0,227.0,239.0,252.0,279.0,323.0,1.0,1.0
1499,1319,419797.5,3810175.5,2022,124.0,210.0,232.0,243.0,255.0,278.0,319.0,1.0,2.0
1491,1336,419848.5,3810199.5,2022,109.0,181.0,230.0,240.0,253.0,277.0,319.0,1.0,1.0
1484,1356,419908.5,3810220.5,2022,128.0,211.0,232.0,242.0,253.0,276.0,311.0,1.0,1.0
1499,1393,420019.5,3810175.5,2022,99.0,183.0,228.0,239.0,252.0,275.0,311.0,1.0,1.0
1489,1435,420145.5,3810205.5,2022,122.0,210.0,230.0,239.0,251.0,274.0,311.0,1.0,2.0
1480,1454,420202.5,3810232.5,2022,158.0,216.0,231.0,239.0,249.0,272.0,306.0,1.0,1.0
1496,1484,420292.5,3810184.5,2022,156.0,215.0,232.0,241.0,252.0,275.0,308.0,1.0,1.0
1495,1525,420415.5,3810187.5,2022,152.0,217.0,233.0,243.0,254.0,275.0,315.0,1.0,1.0
1472,1546,420478.5,3810256.5,2022,155.0,219.0,234.0,243.0,254.0,276.0,307.0,1.0,1.0
1497,1573,420559.5,3810181.5,2022,106.0,194.0,228.0,238.0,249.0,270.0,309.0,1.0,2.0
1499,1845,421375.5,3810175.5,2022,136.0,182.0,229.0,239.0,251.0,272.0,316.0,1.0,1.0
1478,1863,421429.5,3810238.5,2022,135.0,182.0,225.0,235.0,246.0,270.0,309.0,1.0,2.0
1487,2392,423016.5,3810211.5,2022,150.0,203.0,224.0,234.0,245.0,267.0,305.0,1.0,2.0
1471,2503,423349.5,3810259.5,2022,106.0,174.0,213.0,227.0,242.0,273.0,329.0,1.0,1.0
1499,2529,423427.5,3810175.5,2022,115.0,173.0,214.0,228.0,243.0,273.0,317.0,1.0,1.0
1494,2571,423553.5,3810190.5,2022,134.0,179.0,214.0,227.0,242.0,275.0,323.0,1.0,1.0
1479,2632,423736.5,3810235.5,2022,142.0,187.0,223.0,233.0,245.0,272.0,319.0,1.0,1.0
1498,2668,423844.5,3810178.5,2022,149.0,202.0,224.0,234.0,245.0,270.0,309.0,1.0,1.0
1497,2670,423850.5,3810181.5,2022,149.0,198.0,222.0,233.0,244.0,271.0,310.0,1.0,1.0
1497,3204,425452.5,3810181.5,2022,160.0,191.0,212.0,222.0,233.0,264.0,301.0,1.0,1.0
1493,3210,425470.5,3810193.5,2022,150.0,184.0,213.0,224.0,237.0,270.0,308.0,1.0,1.0
1527,21,415903.5,3810091.5,2022,154.0,209.0,230.0,241.0,252.0,273.0,306.0,1.0,1.0
1525,55,416005.5,3810097.5,2022,149.0,191.0,229.0,240.0,252.0,275.0,312.0,1.0,1.0
1509,69,416047.5,3810145.5,2022,158.0,206.0,228.0,239.0,250.0,272.0,317.0,1.0,1.0
1501,91,416113.5,3810169.5,2022,140.0,209.0,231.0,241.0,252.0,275.0,313.0,1.0,1.0
1517,137,416251.5,3810121.5,2022,127.0,194.0,227.0,238.0,250.0,274.0,308.0,1.0,1.0
1526,153,416299.5,3810094.5,2022,122.0,183.0,226.0,237.0,249.0,274.0,313.0,1.0,1.0
1529,204,416452.5,3810085.5,2022,149.0,203.0,228.0,238.0,249.0,270.0,316.0,1.0,1.0
1521,224,416512.5,3810109.5,2022,149.0,207.0,228.0,238.0,249.0,270.0,310.0,1.0,1.0
1511,243,416569.5,3810139.5,2022,153.0,210.0,229.0,238.0,248.0,268.0,303.0,1.0,1.0
1503,286,416698.5,3810163.5,2022,151.0,209.0,229.0,238.0,248.0,269.0,312.0,1.0,1.0
1503,300,416740.5,3810163.5,2022,155.0,209.0,229.0,238.0,247.0,266.0,299.0,1.0,1.0
1512,349,416887.5,3810136.5,2022,151.0,211.0,229.0,238.0,248.0,268.0,308.0,1.0,1.0
1517,365,416935.5,3810121.5,2022,156.0,210.0,228.0,237.0,247.0,265.0,293.0,1.0,1.0
1525,395,417025.5,3810097.5,2022,157.0,213.0,230.0,239.0,249.0,268.0,293.0,1.0,1.0
1503,424,417112.5,3810163.5,2022,154.0,213.0,229.0,237.0,246.0,262.0,282.0,1.0,1.0
1526,466,417238.5,3810094.5,2022,159.0,214.0,230.0,239.0,248.0,265.0,289.0,1.0,1.0
1518,498,417334.5,3810118.5,2022,153.0,213.0,231.0,240.0,250.0,268.0,306.0,1.0,1.0
1510,515,417385.5,3810142.5,2022,151.0,215.0,231.0,240.0,250.0,268.0,295.0,1.0,1.0
1518,567,417541.5,3810118.5,2022,136.0,213.0,231.0,240.0,249.0,269.0,302.0,1.0,1.0
1502,583,417589.5,3810166.5,2022,151.0,216.0,232.0,241.0,250.0,269.0,301.0,1.0,1.0
1516,606,417658.5,3810124.5,2022,117.0,187.0,232.0,241.0,252.0,272.0,311.0,1.0,1.0
1500,655,417805.5,3810172.5,2022,142.0,209.0,229.0,239.0,249.0,269.0,305.0,1.0,1.0
1519,678,417874.5,3810115.5,2022,150.0,211.0,229.0,239.0,250.0,270.0,307.0,1.0,1.0
1521,695,417925.5,3810109.5,2022,153.0,213.0,229.0,239.0,250.0,270.0,309.0,1.0,1.0
1514,736,418048.5,3810130.5,2022,145.0,218.0,233.0,243.0,254.0,274.0,303.0,1.0,2.0
1513,776,418168.5,3810133.5,2022,154.0,218.0,233.0,241.0,251.0,271.0,306.0,1.0,2.0
1523,807,418261.5,3810103.5,2022,126.0,185.0,229.0,240.0,252.0,277.0,311.0,1.0,2.0
1517,822,418306.5,3810121.5,2022,121.0,204.0,230.0,242.0,254.0,279.0,315.0,1.0,1.0
1501,847,418381.5,3810169.5,2022,151.0,210.0,233.0,244.0,256.0,282.0,315.0,1.0,2.0
1517,890,418510.5,3810121.5,2022,130.0,214.0,234.0,244.0,257.0,284.0,315.0,1.0,2.0
1504,902,418546.5,3810160.5,2022,135.0,214.0,232.0,243.0,255.0,277.0,318.0,1.0,1.0
1501,957,418711.5,3810169.5,2022,114.0,213.0,233.0,244.0,255.0,278.0,314.0,1.0,1.0
1524,965,418735.5,3810100.5,2022,144.0,211.0,232.0,244.0,255.0,278.0,316.0,1.0,1.0
1517,1005,418855.5,3810121.5,2022,122.0,215.0,234.0,244.0,255.0,276.0,315.0,1.0,1.0
1509,1038,418954.5,3810145.5,2022,152.0,216.0,232.0,240.0,250.0,270.0,312.0,1.0,1.0
1524,1062,419026.5,3810100.5,2022,160.0,216.0,232.0,241.0,251.0,274.0,316.0,1.0,1.0
1505,1105,419155.5,3810157.5,2022,151.0,216.0,232.0,241.0,251.0,272.0,312.0,1.0,1.0
1503,1126,419218.5,3810163.5,2022,147.0,214.0,231.0,241.0,252.0,273.0,318.0,1.0,1.0
1515,1147,419281.5,3810127.5,2022,114.0,186.0,229.0,241.0,253.0,275.0,316.0,1.0,1.0
1510,1170,419350.5,3810142.5,2022,114.0,207.0,231.0,242.0,254.0,277.0,311.0,1.0,1.0
1507,1216,419488.5,3810151.5,2022,115.0,192.0,231.0,243.0,256.0,278.0,314.0,1.0,1.0
1505,1235,419545.5,3810157.5,2022,146.0,208.0,231.0,243.0,255.0,280.0,316.0,1.0,1.0
1515,1268,419644.5,3810127.5,2022,117.0,205.0,232.0,243.0,255.0,278.0,322.0,1.0,2.0
1501,1310,419770.5,3810169.5,2022,114.0,186.0,231.0,242.0,254.0,277.0,314.0,1.0,2.0
1512,1327,419821.5,3810136.5,2022,125.0,184.0,233.0,243.0,255.0,281.0,315.0,1.0,2.0
1501,1392,420016.5,3810169.5,2022,109.0,180.0,226.0,238.0,250.0,276.0,313.0,1.0,1.0
1502,1438,420154.5,3810166.5,2022,127.0,212.0,230.0,239.0,250.0,271.0,311.0,1.0,1.0
1518,1455,420205.5,3810118.5,2022,156.0,214.0,230.0,239.0,248.0,267.0,296.0,1.0,1.0
1521,1480,420280.5,3810109.5,2022,156.0,214.0,230.0,238.0,248.0,270.0,309.0,1.0,1.0
1520,1515,420385.5,3810112.5,2022,149.0,216.0,232.0,241.0,252.0,273.0,307.0,1.0,1.0
1505,1548,420484.5,3810157.5,2022,155.0,215.0,232.0,241.0,251.0,273.0,314.0,1.0,1.0
1526,1581,420583.5,3810094.5,2022,131.0,182.0,228.0,238.0,249.0,271.0,315.0,1.0,1.0
1527,1593,420619.5,3810091.5,2022,114.0,182.0,227.0,238.0,248.0,268.0,315.0,1.0,1.0
1529,1644,420772.5,3810085.5,2022,101.0,180.0,225.0,235.0,246.0,267.0,318.0,1.0,2.0
1529,1814,421282.5,3810085.5,2022,103.0,189.0,227.0,238.0,249.0,271.0,333.0,1.0,2.0
1501,1845,421375.5,3810169.5,2022,112.0,202.0,228.0,239.0,250.0,271.0,327.0,1.0,1.0
1523,2042,421966.5,3810103.5,2022,99.0,186.0,228.0,238.0,250.0,272.0,320.0,1.0,2.0
1509,2353,422899.5,3810145.5,2022,142.0,194.0,220.0,230.0,243.0,268.0,311.0,1.0,2.0
1527,2495,423325.5,3810091.5,2022,113.0,175.0,215.0,228.0,242.0,269.0,312.0,1.0,1.0
1518,2547,423481.5,3810118.5,2022,120.0,178.0,215.0,228.0,242.0,270.0,319.0,1.0,1.0
1505,2559,423517.5,3810157.5,2022,153.0,182.0,217.0,230.0,243.0,272.0,320.0,1.0,1.0
1514,2609,423667.5,3810130.5,2022,154.0,189.0,224.0,234.0,244.0,270.0,306.0,1.0,2.0
1503,2617,423691.5,3810163.5,2022,137.0,183.0,221.0,232.0,245.0,273.0,322.0,1.0,1.0
1522,2660,423820.5,3810106.5,2022,144.0,195.0,222.0,233.0,246.0,276.0,323.0,1.0,2.0
1506,2672,423856.5,3810154.5,2022,151.0,203.0,224.0,234.0,245.0,270.0,308.0,1.0,1.0
1503,3200,425440.5,3810163.5,2022,154.0,188.0,213.0,224.0,236.0,270.0,308.0,1.0,1.0
1509,3217,425491.5,3810145.5,2022,150.0,187.0,214.0,225.0,238.0,272.0,315.0,1.0,1.0
1528,3301,425743.5,3810088.5,2022,139.0,188.0,220.0,233.0,247.0,281.0,314.0,1.0,1.0
1538,7,415861.5,3810058.5,2022,161.0,208.0,228.0,238.0,249.0,270.0,312.0,1.0,1.0
1554,45,415975.5,3810010.5,2022,157.0,187.0,231.0,241.0,254.0,279.0,326.0,1.0,1.0
1557,63,416029.5,3810001.5,2022,134.0,187.0,228.0,240.0,252.0,276.0,316.0,1.0,1.0
1553,111,416173.5,3810013.5,2022,148.0,210.0,231.0,241.0,253.0,277.0,324.0,1.0,1.0
1549,149,416287.5,3810025.5,2022,152.0,188.0,228.0,239.0,251.0,276.0,318.0,1.0,1.0
1546,165,416335.5,3810034.5,2022,153.0,207.0,230.0,240.0,251.0,274.0,322.0,1.0,1.0
1543,184,416392.5,3810043.5,2022,150.0,211.0,229.0,238.0,249.0,273.0,315.0,1.0,1.0
1533,222,416506.5,3810073.5,2022,151.0,207.0,229.0,239.0,250.0,270.0,303.0,1.0,1.0
1551,243,416569.5,3810019.5,2022,147.0,210.0,230.0,240.0,251.0,273.0,310.0,1.0,1.0
1541,287,416701.5,3810049.5,2022,131.0,206.0,228.0,239.0,251.0,276.0,313.0,1.0,1.0
1551,318,416794.5,3810019.5,2022,134.0,196.0,227.0,239.0,251.0,273.0,312.0,1.0,1.0
1537,346,416878.5,3810061.5,2022,146.0,210.0,231.0,241.0,251.0,271.0,303.0,1.0,1.0
1558,370,416950.5,3809998.5,2022,140.0,210.0,232.0,243.0,254.0,275.0,311.0,1.0,1.0
1548,413,417079.5,3810028.5,2022,133.0,211.0,231.0,241.0,252.0,275.0,312.0,1.0,1.0
1532,429,417127.5,3810076.5,2022,166.0,215.0,232.0,240.0,250.0,267.0,301.0,1.0,2.0
1555,467,417241.5,3810007.5,2022,130.0,215.0,233.0,243.0,255.0,277.0,318.0,1.0,1.0
1556,499,417337.5,3810004.5,2022,141.0,210.0,230.0,240.0,251.0,271.0,301.0,1.0,1.0
1536,518,417394.5,3810064.5,2022,160.0,215.0,231.0,241.0,251.0,269.0,296.0,1.0,1.0
1542,543,417469.5,3810046.5,2022,152.0,213.0,230.0,239.0,248.0,265.0,289.0,1.0,1.0
1559,577,417571.5,3809995.5,2022,131.0,214.0,232.0,241.0,250.0,270.0,304.0,1.0,1.0
1544,622,417706.5,3810040.5,2022,141.0,181.0,232.0,241.0,251.0,270.0,312.0,1.0,1.0
1541,658,417814.5,3810049.5,2022,131.0,213.0,230.0,239.0,249.0,268.0,300.0,1.0,1.0
1546,683,417889.5,3810034.5,2022,145.0,181.0,230.0,240.0,251.0,271.0,321.0,1.0,1.0
1552,711,417973.5,3810016.5,2022,153.0,214.0,231.0,240.0,252.0,275.0,311.0,1.0,2.0
1533,746,418078.5,3810073.5,2022,158.0,220.0,234.0,243.0,254.0,274.0,311.0,1.0,2.0
1546,752,418096.5,3810034.5,2022,129.0,216.0,233.0,242.0,254.0,274.0,317.0,1.0,2.0
1535,799,418237.5,3810067.5,2022,125.0,216.0,232.0,241.0,252.0,274.0,311.0,1.0,2.0
1548,837,418351.5,3810028.5,2022,125.0,209.0,231.0,242.0,254.0,280.0,317.0,1.0,2.0
1557,869,418447.5,3810001.5,2022,121.0,212.0,233.0,245.0,256.0,279.0,315.0,1.0,1.0
1552,880,418480.5,3810016.5,2022,116.0,210.0,232.0,244.0,257.0,283.0,318.0,1.0,2.0
1555,926,418618.5,3810007.5,2022,143.0,209.0,232.0,243.0,255.0,279.0,312.0,1.0,1.0
1549,958,418714.5,3810025.5,2022,112.0,212.0,233.0,243.0,255.0,277.0,312.0,1.0,2.0
1545,976,418768.5,3810037.5,2022,131.0,204.0,230.0,242.0,254.0,277.0,317.0,1.0,1.0
1559,1017,418891.5,3809995.5,2022,152.0,214.0,230.0,239.0,249.0,268.0,311.0,1.0,1.0
1533,1033,418939.5,3810073.5,2022,154.0,215.0,231.0,240.0,250.0,269.0,311.0,1.0,1.0
1544,1058,419014.5,3810040.5,2022,123.0,212.0,231.0,240.0,251.0,271.0,315.0,1.0,1.0
1552,1107,419161.5,3810016.5,2022,145.0,213.0,232.0,241.0,252.0,273.0,316.0,1.0,2.0
1532,1120,419200.5,3810076.5,2022,152.0,215.0,231.0,240.0,250.0,271.0,309.0,1.0,1.0
1545,1143,419269.5,3810037.5,2022,100.0,184.0,229.0,240.0,252.0,273.0,311.0,1.0,1.0
1536,1174,419362.5,3810064.5,2022,150.0,213.0,231.0,241.0,253.0,275.0,307.0,1.0,1.0
1553,1212,419476.5,3810013.5,2022,129.0,206.0,229.0,240.0,252.0,275.0,307.0,1.0,1.0
1558,1248,419584.5,3809998.5,2022,157.0,217.0,232.0,241.0,252.0,273.0,303.0,1.0,1.0
1553,1280,419680.5,3810013.5,2022,165.0,218.0,232.0,241.0,252.0,271.0,294.0,1.0,1.0
1541,1316,419788.5,3810049.5,2022,110.0,177.0,229.0,240.0,251.0,275.0,327.0,1.0,1.0
1559,1349,419887.5,3809995.5,2022,109.0,205.0,229.0,239.0,250.0,272.0,318.0,1.0,1.0
1553,1377,419971.5,3810013.5,2022,121.0,187.0,229.0,239.0,251.0,275.0,321.0,1.0,2.0
1557,1386,419998.5,3810001.5,2022,109.0,209.0,231.0,242.0,253.0,276.0,322.0,1.0,2.0
1539,1436,420148.5,3810055.5,2022,150.0,210.0,230.0,239.0,251.0,273.0,323.0,1.0,2.0
1557,1442,420166.5,3810001.5,2022,148.0,215.0,230.0,238.0,247.0,268.0,315.0,1.0,1.0
1532,1474,420262.5,3810076.5,2022,160.0,215.0,229.0,237.0,247.0,267.0,302.0,1.0,1.0
1531,1518,420394.5,3810079.5,2022,122.0,214.0,232.0,242.0,252.0,274.0,317.0,1.0,1.0
1552,1551,420493.5,3810016.5,2022,134.0,192.0,227.0,237.0,247.0,267.0,309.0,1.0,1.0
1538,1581,420583.5,3810058.5,2022,148.0,205.0,229.0,239.0,249.0,269.0,311.0,1.0,1.0
1554,1601,420643.5,3810010.5,2022,118.0,181.0,227.0,237.0,248.0,270.0,321.0,1.0,2.0
1536,1624,420712.5,3810064.5,2022,143.0,203.0,226.0,236.0,246.0,266.0,318.0,1.0,2.0
1554,1743,421069.5,3810010.5,2022,135.0,180.0,228.0,238.0,250.0,272.0,312.0,1.0,2.0
1531,1813,421279.5,3810079.5,2022,107.0,193.0,227.0,238.0,249.0,271.0,328.0,1.0,2.0
1553,2004,421852.5,3810013.5,2022,115.0,211.0,232.0,244.0,255.0,276.0,314.0,1.0,1.0
1552,2010,421870.5,3810016.5,2022,108.0,178.0,229.0,240.0,252.0,273.0,326.0,1.0,2.0
1535,2069,422047.5,3810067.5,2022,114.0,206.0,227.0,237.0,248.0,269.0,318.0,1.0,2.0
1537,2070,422050.5,3810061.5,2022,122.0,204.0,228.0,238.0,250.0,270.0,326.0,1.0,2.0
1537,2357,422911.5,3810061.5,2022,152.0,207.0,224.0,234.0,246.0,270.0,300.0,1.0,2.0
1545,2509,423367.5,3810037.5,2022,116.0,175.0,213.0,227.0,240.0,268.0,311.0,1.0,1.0
1553,2540,423460.5,3810013.5,2022,129.0,178.0,216.0,229.0,243.0,273.0,319.0,1.0,1.0
1531,2557,423511.5,3810079.5,2022,145.0,181.0,217.0,229.0,243.0,272.0,320.0,1.0,1.0
1555,2604,423652.5,3810007.5,2022,148.0,195.0,222.0,232.0,244.0,271.0,321.0,1.0,1.0
1558,2614,423682.5,3809998.5,2022,148.0,186.0,223.0,234.0,245.0,271.0,310.0,1.0,1.0
1535,2664,423832.5,3810067.5,2022,147.0,197.0,222.0,233.0,245.0,271.0,313.0,1.0,1.0
1530,2670,423850.5,3810082.5,2022,151.0,205.0,224.0,234.0,244.0,270.0,312.0,1.0,1.0
1558,3299,425737.5,3809998.5,2022,135.0,194.0,219.0,232.0,245.0,276.0,312.0,1.0,1.0
1559,3300,425740.5,3809995.5,2022,141.0,193.0,221.0,234.0,247.0,278.0,311.0,1.0,1.0
1581,8,415864.5,3809929.5,2022,149.0,189.0,230.0,241.0,253.0,275.0,304.0,1.0,1.0
1570,35,415945.5,3809962.5,2022,156.0,195.0,230.0,242.0,255.0,279.0,315.0,1.0,1.0
1587,73,416059.5,3809911.5,2022,147.0,212.0,233.0,243.0,254.0,276.0,315.0,1.0,1.0
1581,92,416116.5,3809929.5,2022,157.0,208.0,230.0,240.0,252.0,278.0,331.0,1.0,1.0
1575,143,416269.5,3809947.5,2022,152.0,210.0,232.0,242.0,254.0,278.0,329.0,1.0,1.0
1574,160,416320.5,3809950.5,2022,156.0,211.0,230.0,239.0,250.0,271.0,308.0,1.0,1.0
1576,191,416413.5,3809944.5,2022,154.0,211.0,230.0,240.0,252.0,276.0,319.0,1.0,1.0
1573,236,416548.5,3809953.5,2022,148.0,209.0,229.0,239.0,249.0,269.0,304.0,1.0,1.0
1567,268,416644.5,3809971.5,2022,121.0,193.0,227.0,238.0,250.0,274.0,312.0,1.0,1.0
1579,293,416719.5,3809935.5,2022,138.0,198.0,229.0,240.0,251.0,273.0,314.0,1.0,1.0
1574,319,416797.5,3809950.5,2022,139.0,184.0,229.0,240.0,252.0,275.0,316.0,1.0,1.0
1583,336,416848.5,3809923.5,2022,132.0,184.0,231.0,242.0,254.0,276.0,314.0,1.0,1.0
1575,360,416920.5,3809947.5,2022,144.0,188.0,230.0,241.0,253.0,275.0,313.0,1.0,1.0
1587,397,417031.5,3809911.5,2022,144.0,215.0,235.0,246.0,258.0,280.0,312.0,1.0,1.0
1566,444,417172.5,3809974.5,2022,123.0,187.0,231.0,242.0,254.0,277.0,315.0,1.0,2.0
1584,473,417259.5,3809920.5,2022,118.0,207.0,231.0,242.0,253.0,275.0,309.0,1.0,1.0
1574,495,417325.5,3809950.5,2022,123.0,181.0,230.0,241.0,253.0,275.0,314.0,1.0,1.0
1567,513,417379.5,3809971.5,2022,104.0,181.0,231.0,241.0,253.0,275.0,317.0,1.0,1.0
1560,540,417460.5,3809992.5,2022,148.0,211.0,230.0,240.0,251.0,270.0,304.0,1.0,1.0
1564,578,417574.5,3809980.5,2022,129.0,180.0,233.0,242.0,251.0,269.0,301.0,1.0,1.0
1575,608,417664.5,3809947.5,2022,142.0,176.0,233.0,242.0,252.0,272.0,308.0,1.0,1.0
1581,652,417796.5,3809929.5,2022,136.0,181.0,232.0,242.0,252.0,271.0,304.0,1.0,2.0
1560,686,417898.5,3809992.5,2022,139.0,210.0,230.0,240.0,252.0,273.0,310.0,1.0,1.0
1581,708,417964.5,3809929.5,2022,123.0,209.0,230.0,239.0,251.0,272.0,301.0,1.0,1.0
1582,723,418009.5,3809926.5,2022,128.0,215.0,231.0,240.0,252.0,272.0,303.0,1.0,2.0
1589,768,418144.5,3809905.5,2022,147.0,216.0,232.0,241.0,251.0,271.0,309.0,1.0,1.0
1588,797,418231.5,3809908.5,2022,154.0,217.0,231.0,240.0,250.0,269.0,310.0,1.0,2.0
1570,832,418336.5,3809962.5,2022,134.0,211.0,233.0,244.0,255.0,280.0,315.0,1.0,1.0
1565,855,418405.5,3809977.5,2022,124.0,213.0,233.0,245.0,257.0,282.0,316.0,1.0,1.0
1567,899,418537.5,3809971.5,2022,115.0,211.0,234.0,245.0,256.0,283.0,327.0,1.0,1.0
1565,909,418567.5,3809977.5,2022,113.0,209.0,232.0,242.0,254.0,279.0,315.0,1.0,2.0
1563,943,418669.5,3809983.5,2022,117.0,206.0,235.0,246.0,257.0,284.0,313.0,1.0,2.0
1588,962,418726.5,3809908.5,2022,119.0,198.0,231.0,242.0,253.0,276.0,317.0,1.0,1.0
1584,1010,418870.5,3809920.5,2022,157.0,217.0,232.0,241.0,251.0,271.0,317.0,1.0,1.0
1572,1037,418951.5,3809956.5,2022,152.0,216.0,232.0,240.0,250.0,271.0,315.0,1.0,1.0
1568,1072,419056.5,3809968.5,2022,129.0,214.0,232.0,242.0,253.0,274.0,324.0,1.0,2.0
1568,1093,419119.5,3809968.5,2022,114.0,211.0,230.0,239.0,250.0,271.0,318.0,1.0,2.0
1576,1121,419203.5,3809944.5,2022,127.0,215.0,232.0,242.0,253.0,275.0,311.0,1.0,2.0
1576,1148,419284.5,3809944.5,2022,156.0,217.0,232.0,241.0,252.0,276.0,313.0,1.0,1.0
1578,1192,419416.5,3809938.5,2022,155.0,219.0,234.0,243.0,254.0,277.0,310.0,1.0,1.0
1584,1212,419476.5,3809920.5,2022,122.0,217.0,233.0,243.0,253.0,272.0,305.0,1.0,1.0
1586,1251,419593.5,3809914.5,2022,124.0,214.0,232.0,242.0,252.0,273.0,309.0,1.0,2.0
1586,1268,419644.5,3809914.5,2022,156.0,215.0,230.0,239.0,250.0,271.0,303.0,1.0,1.0
1576,1309,419767.5,3809944.5,2022,115.0,190.0,230.0,240.0,253.0,276.0,317.0,1.0,1.0
1563,1324,419812.5,3809983.5,2022,110.0,189.0,230.0,240.0,252.0,273.0,326.0,1.0,1.0
1589,1373,419959.5,3809905.5,2022,120.0,189.0,229.0,240.0,252.0,275.0,315.0,1.0,1.0
1582,1406,420058.5,3809926.5,2022,126.0,209.0,231.0,242.0,253.0,275.0,316.0,1.0,2.0
1570,1412,420076.5,3809962.5,2022,123.0,186.0,229.0,240.0,251.0,272.0,312.0,1.0,1.0
1582,1455,420205.5,3809926.5,2022,97.0,178.0,231.0,242.0,253.0,279.0,321.0,1.0,2.0
1579,1488,420304.5,3809935.5,2022,114.0,181.0,228.0,240.0,252.0,275.0,315.0,1.0,1.0
1571,1515,420385.5,3809959.5,2022,114.0,183.0,228.0,239.0,251.0,274.0,318.0,1.0,1.0
1572,1534,420442.5,3809956.5,2022,110.0,178.0,226.0,239.0,251.0,273.0,316.0,1.0,1.0
1562,1577,420571.5,3809986.5,2022,148.0,204.0,229.0,238.0,249.0,267.0,298.0,1.0,1.0
1567,1607,420661.5,3809971.5,2022,142.0,190.0,226.0,237.0,247.0,268.0,316.0,1.0,2.0
1572,1822,421306.5,3809956.5,2022,143.0,184.0,224.0,235.0,247.0,268.0,319.0,1.0,2.0
1583,1835,421345.5,3809923.5,2022,137.0,197.0,225.0,236.0,247.0,270.0,325.0,1.0,2.0
1571,1868,421444.5,3809959.5,2022,122.0,185.0,226.0,237.0,249.0,272.0,322.0,1.0,1.0
1589,1900,421540.5,3809905.5,2022,139.0,188.0,228.0,239.0,251.0,273.0,319.0,1.0,1.0
1567,1997,421831.5,3809971.5,2022,139.0,208.0,230.0,242.0,254.0,275.0,319.0,1.0,1.0
1560,2010,421870.5,3809992.5,2022,109.0,188.0,223.0,235.0,248.0,271.0,318.0,1.0,1.0
1566,2049,421987.5,3809974.5,2022,112.0,191.0,224.0,235.0,247.0,270.0,316.0,1.0,2.0
1579,2070,422050.5,3809935.5,2022,122.0,182.0,222.0,234.0,245.0,267.0,317.0,1.0,1.0
1579,2500,423340.5,3809935.5,2022,135.0,181.0,216.0,229.0,241.0,269.0,312.0,1.0,1.0
1569,2541,423463.5,3809965.5,2022,129.0,178.0,217.0,231.0,244.0,274.0,314.0,1.0,1.0
1567,2565,423535.5,3809971.5,2022,129.0,183.0,217.0,229.0,242.0,271.0,313.0,1.0,1.0
1561,2609,423667.5,3809989.5,2022,155.0,202.0,224.0,234.0,245.0,269.0,312.0,1.0,2.0
1561,2610,423670.5,3809989.5,2022,157.0,201.0,225.0,235.0,246.0,270.0,320.0,1.0,1.0
1586,2654,423802.5,3809914.5,2022,151.0,202.0,224.0,234.0,245.0,267.0,309.0,1.0,1.0
1565,3295,425725.5,3809977.5,2022,152.0,194.0,219.0,231.0,244.0,274.0,306.0,1.0,1.0
1564,3301,425743.5,3809980.5,2022,143.0,192.0,215.0,227.0,242.0,275.0,310.0,1.0,1.0
1611,13,415879.5,3809839.5,2022,158.0,212.0,232.0,242.0,254.0,275.0,331.0,1.0,1.0
1595,53,415999.5,3809887.5,2022,133.0,180.0,231.0,243.0,255.0,281.0,322.0,1.0,1.0
1593,69,416047.5,3809893.5,2022,128.0,200.0,231.0,242.0,256.0,281.0,333.0,1.0,2.0
1611,92,416116.5,3809839.5,2022,144.0,186.0,232.0,243.0,255.0,279.0,330.0,1.0,2.0
1615,148,416284.5,3809827.5,2022,152.0,212.0,232.0,243.0,254.0,278.0,314.0,1.0,1.0
1613,171,416353.5,3809833.5,2022,157.0,214.0,233.0,242.0,254.0,277.0,322.0,1.0,1.0
1604,187,416401.5,3809860.5,2022,148.0,210.0,232.0,242.0,254.0,279.0,331.0,1.0,1.0
1604,233,416539.5,3809860.5,2022,145.0,210.0,231.0,240.0,251.0,272.0,307.0,1.0,1.0
1607,266,416638.5,3809851.5,2022,136.0,207.0,232.0,242.0,253.0,277.0,322.0,1.0,1.0
1611,299,416737.5,3809839.5,2022,129.0,209.0,231.0,241.0,252.0,274.0,312.0,1.0,1.0
1600,325,416815.5,3809872.5,2022,138.0,190.0,229.0,240.0,252.0,275.0,314.0,1.0,1.0
1591,352,416896.5,3809899.5,2022,125.0,187.0,231.0,242.0,253.0,275.0,311.0,1.0,1.0
1600,382,416986.5,3809872.5,2022,137.0,189.0,231.0,242.0,254.0,275.0,314.0,1.0,1.0
1601,397,417031.5,3809869.5,2022,143.0,214.0,233.0,242.0,253.0,273.0,310.0,1.0,1.0
1604,447,417181.5,3809860.5,2022,134.0,213.0,233.0,243.0,255.0,278.0,316.0,1.0,1.0
1617,462,417226.5,3809821.5,2022,143.0,213.0,233.0,243.0,255.0,276.0,315.0,1.0,1.0
1605,507,417361.5,3809857.5,2022,139.0,187.0,231.0,240.0,251.0,271.0,306.0,1.0,1.0
1619,514,417382.5,3809815.5,2022,108.0,179.0,230.0,241.0,252.0,273.0,317.0,1.0,1.0
1596,540,417460.5,3809884.5,2022,118.0,181.0,231.0,241.0,252.0,272.0,315.0,1.0,1.0
1594,594,417622.5,3809890.5,2022,152.0,179.0,232.0,241.0,251.0,269.0,301.0,1.0,2.0
1603,625,417715.5,3809863.5,2022,121.0,176.0,233.0,242.0,253.0,273.0,309.0,1.0,2.0
1599,656,417808.5,3809875.5,2022,128.0,177.0,229.0,239.0,251.0,273.0,306.0,1.0,1.0
1603,676,417868.5,3809863.5,2022,126.0,213.0,231.0,240.0,251.0,272.0,310.0,1.0,1.0
1601,706,417958.5,3809869.5,2022,125.0,182.0,231.0,242.0,253.0,274.0,313.0,1.0,1.0
1600,724,418012.5,3809872.5,2022,121.0,211.0,230.0,240.0,252.0,273.0,316.0,1.0,1.0
1592,776,418168.5,3809896.5,2022,147.0,215.0,231.0,240.0,251.0,272.0,316.0,1.0,2.0
1603,796,418228.5,3809863.5,2022,142.0,212.0,230.0,239.0,250.0,271.0,312.0,1.0,2.0
1608,833,418339.5,3809848.5,2022,134.0,216.0,232.0,242.0,252.0,274.0,321.0,1.0,2.0
1605,868,418444.5,3809857.5,2022,121.0,213.0,231.0,241.0,251.0,271.0,313.0,1.0,1.0
1594,886,418498.5,3809890.5,2022,148.0,212.0,231.0,241.0,253.0,275.0,311.0,1.0,1.0
1603,908,418564.5,3809863.5,2022,142.0,216.0,233.0,242.0,253.0,276.0,313.0,1.0,1.0
1602,955,418705.5,3809866.5,2022,130.0,209.0,232.0,243.0,254.0,275.0,313.0,1.0,1.0
1603,967,418741.5,3809863.5,2022,136.0,209.0,230.0,240.0,252.0,275.0,317.0,1.0,1.0
1609,1017,418891.5,3809845.5,2022,160.0,215.0,231.0,240.0,250.0,269.0,315.0,1.0,1.0
1608,1026,418918.5,3809848.5,2022,157.0,214.0,231.0,239.0,249.0,267.0,315.0,1.0,1.0
1606,1059,419017.5,3809854.5,2022,147.0,213.0,231.0,241.0,251.0,272.0,315.0,1.0,1.0
1608,1096,419128.5,3809848.5,2022,127.0,214.0,232.0,242.0,253.0,275.0,323.0,1.0,2.0
1608,1121,419203.5,3809848.5,2022,143.0,212.0,232.0,242.0,253.0,277.0,316.0,1.0,1.0
1595,1160,419320.5,3809887.5,2022,160.0,215.0,230.0,239.0,250.0,271.0,301.0,1.0,1.0
1604,1176,419368.5,3809860.5,2022,160.0,214.0,230.0,239.0,249.0,270.0,306.0,1.0,2.0
1595,1206,419458.5,3809887.5,2022,146.0,217.0,232.0,241.0,251.0,271.0,306.0,1.0,2.0
1613,1232,419536.5,3809833.5,2022,166.0,216.0,230.0,238.0,248.0,267.0,294.0,1.0,1.0
1614,1274,419662.5,3809830.5,2022,132.0,207.0,231.0,241.0,253.0,275.0,315.0,1.0,2.0
1590,1293,419719.5,3809902.5,2022,113.0,205.0,230.0,241.0,253.0,277.0,313.0,1.0,2.0
1615,1347,419881.5,3809827.5,2022,125.0,182.0,230.0,240.0,252.0,274.0,319.0,1.0,1.0
1593,1372,419956.5,3809893.5,2022,116.0,183.0,230.0,240.0,252.0,275.0,323.0,1.0,2.0
1593,1408,420064.5,3809893.5,2022,103.0,184.0,231.0,241.0,253.0,278.0,320.0,1.0,2.0
1598,1411,420073.5,3809878.5,2022,114.0,186.0,231.0,241.0,253.0,277.0,320.0,1.0,2.0
1597,1445,420175.5,3809881.5,2022,110.0,200.0,232.0,242.0,253.0,277.0,313.0,1.0,2.0
1603,1489,420307.5,3809863.5,2022,102.0,177.0,227.0,239.0,250.0,273.0,314.0,1.0,1.0
1615,1505,420355.5,3809827.5,2022,128.0,177.0,227.0,238.0,250.0,275.0,319.0,1.0,1.0
1619,1540,420460.5,3809815.5,2022,102.0,180.0,227.0,239.0,251.0,273.0,314.0,1.0,1.0
1598,1572,420556.5,3809878.5,2022,139.0,206.0,229.0,238.0,249.0,268.0,301.0,1.0,1.0
1600,1820,421300.5,3809872.5,2022,113.0,192.0,227.0,237.0,249.0,272.0,314.0,1.0,2.0
1612,1831,421333.5,3809836.5,2022,141.0,182.0,224.0,236.0,248.0,271.0,333.0,1.0,1.0
1590,1900,421540.5,3809902.5,2022,139.0,206.0,228.0,238.0,250.0,273.0,316.0,1.0,1.0
1608,2025,421915.5,3809848.5,2022,103.0,197.0,227.0,238.0,251.0,274.0,322.0,1.0,2.0
1603,2065,422035.5,3809863.5,2022,101.0,186.0,224.0,236.0,249.0,271.0,320.0,1.0,1.0
1617,2094,422122.5,3809821.5,2022,140.0,210.0,230.0,239.0,251.0,272.0,310.0,1.0,2.0
1616,2102,422146.5,3809824.5,2022,106.0,207.0,229.0,240.0,251.0,274.0,316.0,1.0,2.0
1619,2513,423379.5,3809815.5,2022,124.0,177.0,215.0,229.0,243.0,275.0,316.0,1.0,1.0
1617,2534,423442.5,3809821.5,2022,120.0,181.0,219.0,233.0,246.0,274.0,312.0,1.0,1.0
1596,2559,423517.5,3809884.5,2022,142.0,184.0,219.0,231.0,244.0,271.0,320.0,1.0,1.0
1607,2613,423679.5,3809851.5,2022,156.0,204.0,224.0,234.0,244.0,268.0,308.0,1.0,2.0
1613,2659,423817.5,3809833.5,2022,147.0,190.0,224.0,234.0,245.0,269.0,305.0,1.0,2.0
1637,11,415873.5,3809761.5,2022,158.0,211.0,231.0,241.0,252.0,275.0,311.0,1.0,2.0
1621,42,415966.5,3809809.5,2022,153.0,212.0,233.0,243.0,255.0,278.0,315.0,1.0,1.0
1640,84,416092.5,3809752.5,2022,155.0,212.0,232.0,242.0,254.0,278.0,327.0,1.0,2.0
1627,119,416197.5,3809791.5,2022,158.0,217.0,234.0,244.0,254.0,276.0,314.0,1.0,1.0
1625,148,416284.5,3809797.5,2022,153.0,217.0,234.0,243.0,255.0,277.0,315.0,1.0,2.0
1620,154,416302.5,3809812.5,2022,158.0,214.0,233.0,243.0,254.0,276.0,322.0,1.0,1.0
1629,200,416440.5,3809785.5,2022,150.0,207.0,230.0,241.0,252.0,275.0,314.0,1.0,1.0
1630,227,416521.5,3809782.5,2022,128.0,211.0,232.0,242.0,254.0,277.0,317.0,1.0,2.0
1624,247,416581.5,3809800.5,2022,112.0,186.0,230.0,241.0,254.0,280.0,322.0,1.0,1.0
1633,284,416692.5,3809773.5,2022,122.0,208.0,232.0,242.0,255.0,280.0,321.0,1.0,1.0
1641,320,416800.5,3809749.5,2022,114.0,204.0,232.0,244.0,255.0,276.0,312.0,1.0,1.0
1632,351,416893.5,3809776.5,2022,107.0,188.0,229.0,242.0,254.0,276.0,314.0,1.0,1.0
1645,379,416977.5,3809737.5,2022,115.0,186.0,231.0,242.0,253.0,274.0,321.0,1.0,1.0
1636,419,417097.5,3809764.5,2022,139.0,214.0,233.0,243.0,254.0,277.0,313.0,1.0,1.0
1630,443,417169.5,3809782.5,2022,127.0,211.0,234.0,246.0,257.0,280.0,324.0,1.0,1.0
1643,468,417244.5,3809743.5,2022,132.0,213.0,236.0,247.0,259.0,285.0,316.0,1.0,1.0
1631,502,417346.5,3809779.5,2022,112.0,186.0,231.0,241.0,254.0,275.0,309.0,1.0,1.0
1643,538,417454.5,3809743.5,2022,153.0,217.0,233.0,242.0,253.0,273.0,306.0,1.0,1.0
1640,569,417547.5,3809752.5,2022,145.0,178.0,233.0,242.0,253.0,273.0,310.0,1.0,1.0
1626,593,417619.5,3809794.5,2022,147.0,176.0,234.0,243.0,254.0,274.0,325.0,1.0,2.0
1638,629,417727.5,3809758.5,2022,136.0,178.0,231.0,241.0,253.0,274.0,316.0,1.0,1.0
1621,635,417745.5,3809809.5,2022,149.0,176.0,232.0,241.0,252.0,275.0,316.0,1.0,1.0
1624,686,417898.5,3809800.5,2022,118.0,179.0,231.0,242.0,254.0,275.0,314.0,1.0,2.0
1649,695,417925.5,3809725.5,2022,136.0,211.0,230.0,240.0,250.0,270.0,308.0,1.0,1.0
1636,727,418021.5,3809764.5,2022,120.0,205.0,229.0,239.0,251.0,274.0,307.0,1.0,2.0
1630,774,418162.5,3809782.5,2022,135.0,215.0,233.0,243.0,254.0,276.0,310.0,1.0,2.0
1642,809,418267.5,3809746.5,2022,141.0,215.0,232.0,242.0,254.0,277.0,318.0,1.0,2.0
1639,839,418357.5,3809755.5,2022,157.0,216.0,230.0,239.0,248.0,268.0,306.0,1.0,1.0
1643,840,418360.5,3809743.5,2022,163.0,216.0,230.0,238.0,248.0,269.0,311.0,1.0,1.0
1639,891,418513.5,3809755.5,2022,156.0,215.0,229.0,238.0,248.0,269.0,307.0,1.0,1.0
1627,929,418627.5,3809791.5,2022,152.0,216.0,231.0,240.0,250.0,270.0,312.0,1.0,1.0
1629,958,418714.5,3809785.5,2022,156.0,214.0,231.0,240.0,250.0,269.0,316.0,1.0,1.0
1629,966,418738.5,3809785.5,2022,147.0,214.0,231.0,239.0,249.0,268.0,315.0,1.0,1.0
1632,1001,418843.5,3809776.5,2022,152.0,215.0,230.0,239.0,249.0,268.0,315.0,1.0,1.0
1635,1021,418903.5,3809767.5,2022,150.0,215.0,231.0,239.0,249.0,268.0,313.0,1.0,1.0
1624,1072,419056.5,3809800.5,2022,154.0,215.0,233.0,242.0,253.0,275.0,314.0,1.0,1.0
1621,1101,419143.5,3809809.5,2022,151.0,216.0,233.0,242.0,253.0,275.0,317.0,1.0,1.0
1628,1124,419212.5,3809788.5,2022,151.0,217.0,232.0,241.0,252.0,276.0,313.0,1.0,2.0
1644,1157,419311.5,3809740.5,2022,127.0,211.0,231.0,241.0,253.0,276.0,313.0,1.0,2.0
1649,1194,419422.5,3809725.5,2022,151.0,214.0,231.0,240.0,251.0,271.0,316.0,1.0,1.0
1636,1229,419527.5,3809764.5,2022,159.0,214.0,229.0,237.0,247.0,266.0,293.0,1.0,2.0
1629,1255,419605.5,3809785.5,2022,165.0,217.0,232.0,241.0,252.0,272.0,310.0,1.0,1.0
1628,1266,419638.5,3809788.5,2022,145.0,215.0,231.0,240.0,251.0,270.0,307.0,1.0,1.0
1638,1295,419725.5,3809758.5,2022,118.0,185.0,229.0,241.0,254.0,281.0,318.0,1.0,1.0
1640,1323,419809.5,3809752.5,2022,111.0,186.0,230.0,242.0,254.0,279.0,320.0,1.0,2.0
1642,1407,420061.5,3809746.5,2022,111.0,196.0,230.0,241.0,253.0,274.0,309.0,1.0,2.0
1628,1412,420076.5,3809788.5,2022,110.0,182.0,227.0,239.0,251.0,274.0,316.0,1.0,1.0
1631,1454,420202.5,3809779.5,2022,122.0,184.0,231.0,241.0,253.0,278.0,320.0,1.0,1.0
1622,1481,420283.5,3809806.5,2022,111.0,182.0,227.0,240.0,252.0,279.0,315.0,1.0,1.0
1641,1521,420403.5,3809749.5,2022,114.0,179.0,228.0,240.0,252.0,275.0,315.0,1.0,1.0
1628,1530,420430.5,3809788.5,2022,112.0,183.0,227.0,239.0,251.0,277.0,315.0,1.0,1.0
1625,1560,420520.5,3809797.5,2022,114.0,181.0,227.0,237.0,249.0,268.0,312.0,1.0,1.0
1626,1816,421288.5,3809794.5,2022,145.0,183.0,224.0,236.0,247.0,269.0,314.0,1.0,2.0
1623,1846,421378.5,3809803.5,2022,143.0,181.0,225.0,236.0,248.0,273.0,320.0,1.0,1.0
1631,1879,421477.5,3809779.5,2022,111.0,182.0,224.0,236.0,248.0,271.0,324.0,1.0,1.0
1634,1974,421762.5,3809770.5,2022,108.0,181.0,227.0,239.0,252.0,276.0,323.0,1.0,1.0
1628,2002,421846.5,3809788.5,2022,111.0,185.0,227.0,237.0,250.0,273.0,322.0,1.0,2.0
1641,2025,421915.5,3809749.5,2022,107.0,183.0,226.0,238.0,251.0,275.0,314.0,1.0,1.0
1644,2049,421987.5,3809740.5,2022,109.0,190.0,224.0,235.0,248.0,271.0,319.0,1.0,1.0
1631,2082,422086.5,3809779.5,2022,131.0,186.0,225.0,236.0,248.0,272.0,318.0,1.0,2.0
1635,2102,422146.5,3809767.5,2022,147.0,211.0,229.0,239.0,251.0,274.0,311.0,1.0,2.0
1639,2501,423343.5,3809755.5,2022,143.0,182.0,221.0,234.0,247.0,277.0,322.0,1.0,1.0
1622,2520,423400.5,3809806.5,2022,146.0,186.0,219.0,232.0,245.0,271.0,315.0,1.0,1.0
1620,2550,423490.5,3809812.5,2022,125.0,176.0,214.0,229.0,244.0,275.0,314.0,1.0,1.0
1620,2609,423667.5,3809812.5,2022,142.0,184.0,224.0,235.0,245.0,269.0,306.0,1.0,2.0
1625,2612,423676.5,3809797.5,2022,151.0,180.0,224.0,234.0,244.0,270.0,302.0,1.0,2.0
1645,3297,425731.5,3809737.5,2022,94.0,182.0,213.0,226.0,241.0,274.0,309.0,1.0,2.0
1653,23,415909.5,3809713.5,2022,152.0,213.0,231.0,241.0,252.0,274.0,314.0,1.0,1.0
1654,40,415960.5,3809710.5,2022,152.0,213.0,232.0,242.0,254.0,277.0,327.0,1.0,1.0
1668,79,416077.5,3809668.5,2022,162.0,214.0,231.0,240.0,252.0,274.0,316.0,1.0,1.0
1660,113,416179.5,3809692.5,2022,147.0,213.0,234.0,245.0,257.0,283.0,324.0,1.0,1.0
1667,128,416224.5,3809671.5,2022,154.0,214.0,233.0,244.0,256.0,281.0,326.0,1.0,2.0
1661,157,416311.5,3809689.5,2022,154.0,215.0,233.0,243.0,254.0,278.0,325.0,1.0,1.0
1661,194,416422.5,3809689.5,2022,154.0,215.0,232.0,242.0,254.0,277.0,322.0,1.0,1.0
1660,238,416554.5,3809692.5,2022,144.0,209.0,232.0,243.0,255.0,279.0,322.0,1.0,1.0
1657,240,416560.5,3809701.5,2022,138.0,210.0,232.0,243.0,255.0,278.0,315.0,1.0,1.0
1679,279,416677.5,3809635.5,2022,118.0,183.0,231.0,242.0,254.0,279.0,323.0,1.0,1.0
1655,326,416818.5,3809707.5,2022,115.0,210.0,233.0,244.0,256.0,279.0,318.0,1.0,1.0
1656,335,416845.5,3809704.5,2022,118.0,208.0,233.0,243.0,256.0,280.0,330.0,1.0,1.0
1668,369,416947.5,3809668.5,2022,103.0,185.0,230.0,241.0,253.0,275.0,314.0,1.0,1.0
1668,392,417016.5,3809668.5,2022,129.0,189.0,230.0,241.0,254.0,278.0,327.0,1.0,1.0
1651,438,417154.5,3809719.5,2022,133.0,207.0,231.0,242.0,254.0,276.0,322.0,1.0,1.0
1672,474,417262.5,3809656.5,2022,148.0,208.0,232.0,242.0,254.0,274.0,317.0,1.0,1.0
1664,506,417358.5,3809680.5,2022,119.0,179.0,231.0,242.0,255.0,277.0,319.0,1.0,1.0
1654,531,417433.5,3809710.5,2022,151.0,216.0,233.0,242.0,252.0,270.0,301.0,1.0,1.0
1665,548,417484.5,3809677.5,2022,138.0,180.0,233.0,243.0,254.0,275.0,315.0,1.0,2.0
1656,571,417553.5,3809704.5,2022,149.0,178.0,233.0,243.0,254.0,275.0,311.0,1.0,2.0
1657,620,417700.5,3809701.5,2022,148.0,181.0,232.0,242.0,252.0,272.0,310.0,1.0,1.0
1663,646,417778.5,3809683.5,2022,127.0,175.0,232.0,241.0,250.0,269.0,303.0,1.0,2.0
1672,681,417883.5,3809656.5,2022,147.0,184.0,231.0,241.0,252.0,271.0,303.0,1.0,1.0
1653,715,417985.5,3809713.5,2022,129.0,213.0,230.0,239.0,249.0,268.0,303.0,1.0,1.0
1671,735,418045.5,3809659.5,2022,152.0,218.0,235.0,246.0,259.0,288.0,348.0,1.0,2.0
1678,758,418114.5,3809638.5,2022,149.0,218.0,234.0,243.0,255.0,280.0,331.0,1.0,2.0
1677,791,418213.5,3809641.5,2022,140.0,179.0,233.0,243.0,254.0,277.0,327.0,1.0,2.0
1675,828,418324.5,3809647.5,2022,142.0,214.0,230.0,238.0,248.0,269.0,301.0,1.0,1.0
1674,865,418435.5,3809650.5,2022,146.0,217.0,233.0,242.0,254.0,281.0,323.0,1.0,2.0
1673,871,418453.5,3809653.5,2022,149.0,217.0,231.0,240.0,251.0,276.0,322.0,1.0,2.0
1672,912,418576.5,3809656.5,2022,152.0,216.0,230.0,238.0,248.0,269.0,309.0,1.0,1.0
1666,934,418642.5,3809674.5,2022,153.0,215.0,231.0,239.0,249.0,270.0,316.0,1.0,1.0
1660,960,418720.5,3809692.5,2022,144.0,214.0,230.0,239.0,249.0,270.0,317.0,1.0,1.0
1676,992,418816.5,3809644.5,2022,133.0,211.0,230.0,240.0,251.0,274.0,314.0,1.0,1.0
1663,1028,418924.5,3809683.5,2022,153.0,214.0,232.0,241.0,252.0,273.0,322.0,1.0,1.0
1677,1075,419065.5,3809641.5,2022,154.0,215.0,231.0,240.0,250.0,270.0,318.0,1.0,1.0
1678,1089,419107.5,3809638.5,2022,146.0,216.0,232.0,242.0,252.0,275.0,310.0,1.0,1.0
1667,1113,419179.5,3809671.5,2022,123.0,215.0,233.0,243.0,255.0,277.0,318.0,1.0,2.0
1652,1144,419272.5,3809716.5,2022,147.0,214.0,231.0,241.0,253.0,275.0,316.0,1.0,2.0
1672,1199,419437.5,3809656.5,2022,116.0,211.0,230.0,239.0,250.0,271.0,313.0,1.0,2.0
1650,1203,419449.5,3809722.5,2022,151.0,214.0,230.0,239.0,249.0,269.0,308.0,1.0,2.0
1655,1251,419593.5,3809707.5,2022,141.0,213.0,231.0,241.0,252.0,275.0,317.0,1.0,1.0
1652,1260,419620.5,3809716.5,2022,146.0,213.0,231.0,241.0,252.0,272.0,315.0,1.0,1.0
1650,1292,419716.5,3809722.5,2022,126.0,186.0,230.0,241.0,253.0,277.0,317.0,1.0,1.0
1650,1326,419818.5,3809722.5,2022,109.0,184.0,229.0,240.0,252.0,276.0,320.0,1.0,1.0
1667,1364,419932.5,3809671.5,2022,122.0,186.0,230.0,242.0,254.0,278.0,315.0,1.0,1.0
1668,1403,420049.5,3809668.5,2022,107.0,180.0,225.0,238.0,250.0,275.0,319.0,1.0,1.0
1667,1413,420079.5,3809671.5,2022,113.0,183.0,227.0,239.0,251.0,275.0,317.0,1.0,1.0
1670,1458,420214.5,3809662.5,2022,134.0,205.0,231.0,241.0,252.0,274.0,313.0,1.0,1.0
1673,1480,420280.5,3809653.5,2022,117.0,183.0,231.0,242.0,254.0,276.0,317.0,1.0,1.0
1660,1513,420379.5,3809692.5,2022,120.0,203.0,230.0,240.0,252.0,276.0,318.0,1.0,1.0
1672,1547,420481.5,3809656.5,2022,144.0,183.0,228.0,239.0,250.0,270.0,309.0,1.0,2.0
1679,1566,420538.5,3809635.5,2022,140.0,208.0,228.0,238.0,249.0,270.0,306.0,1.0,2.0
1675,1821,421303.5,3809647.5,2022,131.0,192.0,225.0,236.0,248.0,269.0,323.0,1.0,1.0
1679,1832,421336.5,3809635.5,2022,109.0,191.0,226.0,237.0,249.0,270.0,313.0,1.0,1.0
1670,1866,421438.5,3809662.5,2022,112.0,205.0,228.0,239.0,251.0,273.0,326.0,1.0,1.0
1677,1916,421588.5,3809641.5,2022,124.0,199.0,226.0,237.0,249.0,273.0,316.0,1.0,1.0
1672,1944,421672.5,3809656.5,2022,99.0,193.0,223.0,235.0,247.0,273.0,321.0,1.0,1.0
1666,1960,421720.5,3809674.5,2022,134.0,196.0,224.0,235.0,247.0,271.0,313.0,1.0,1.0
1657,2003,421849.5,3809701.5,2022,143.0,200.0,226.0,237.0,249.0,272.0,319.0,1.0,1.0
1666,2019,421897.5,3809674.5,2022,108.0,205.0,229.0,240.0,252.0,276.0,315.0,1.0,2.0
1678,2047,421981.5,3809638.5,2022,139.0,207.0,228.0,239.0,251.0,273.0,313.0,1.0,1.0
1657,2091,422113.5,3809701.5,2022,144.0,211.0,228.0,238.0,249.0,272.0,311.0,1.0,1.0
1652,2104,422152.5,3809716.5,2022,116.0,200.0,226.0,238.0,251.0,276.0,313.0,1.0,1.0
1669,2501,423343.5,3809665.5,2022,125.0,182.0,219.0,232.0,246.0,277.0,321.0,1.0,1.0
1656,2531,423433.5,3809704.5,2022,146.0,182.0,219.0,233.0,247.0,275.0,321.0,1.0,1.0
1678,2553,423499.5,3809638.5,2022,152.0,185.0,225.0,235.0,245.0,269.0,302.0,1.0,1.0
1707,17,415891.5,3809551.5,2022,156.0,215.0,233.0,243.0,253.0,275.0,300.0,1.0,2.0
1704,59,416017.5,3809560.5,2022,155.0,213.0,231.0,241.0,251.0,273.0,306.0,1.0,1.0
1700,70,416050.5,3809572.5,2022,165.0,213.0,228.0,237.0,246.0,263.0,287.0,1.0,1.0
1685,100,416140.5,3809617.5,2022,149.0,216.0,233.0,243.0,255.0,280.0,326.0,1.0,1.0
1687,126,416218.5,3809611.5,2022,148.0,211.0,231.0,241.0,253.0,282.0,335.0,1.0,2.0
1682,153,416299.5,3809626.5,2022,129.0,211.0,232.0,241.0,253.0,277.0,315.0,1.0,1.0
1699,209,416467.5,3809575.5,2022,147.0,206.0,230.0,241.0,254.0,280.0,321.0,1.0,1.0
1691,213,416479.5,3809599.5,2022,148.0,209.0,231.0,242.0,255.0,280.0,318.0,1.0,1.0
1689,260,416620.5,3809605.5,2022,132.0,185.0,228.0,240.0,253.0,280.0,320.0,1.0,1.0
1685,276,416668.5,3809617.5,2022,141.0,186.0,230.0,241.0,253.0,277.0,313.0,1.0,1.0
1689,304,416752.5,3809605.5,2022,140.0,207.0,232.0,243.0,255.0,282.0,319.0,1.0,1.0
1705,334,416842.5,3809557.5,2022,140.0,212.0,233.0,244.0,256.0,280.0,319.0,1.0,2.0
1680,384,416992.5,3809632.5,2022,114.0,185.0,230.0,241.0,253.0,275.0,317.0,1.0,1.0
1709,414,417082.5,3809545.5,2022,131.0,186.0,230.0,242.0,254.0,278.0,315.0,1.0,1.0
1700,445,417175.5,3809572.5,2022,147.0,215.0,235.0,247.0,258.0,281.0,321.0,1.0,1.0
1682,468,417244.5,3809626.5,2022,146.0,212.0,233.0,243.0,255.0,278.0,327.0,1.0,2.0
1688,502,417346.5,3809608.5,2022,107.0,182.0,231.0,242.0,254.0,278.0,312.0,1.0,1.0
1709,523,417409.5,3809545.5,2022,153.0,216.0,233.0,242.0,253.0,273.0,302.0,1.0,1.0
1683,565,417535.5,3809623.5,2022,145.0,179.0,233.0,242.0,253.0,275.0,313.0,1.0,1.0
1703,591,417613.5,3809563.5,2022,138.0,182.0,230.0,240.0,250.0,271.0,306.0,1.0,1.0
1696,605,417655.5,3809584.5,2022,125.0,176.0,230.0,241.0,253.0,275.0,312.0,1.0,1.0
1687,659,417817.5,3809611.5,2022,127.0,182.0,232.0,241.0,251.0,270.0,301.0,1.0,2.0
1696,687,417901.5,3809584.5,2022,117.0,209.0,230.0,240.0,251.0,271.0,301.0,1.0,1.0
1694,717,417991.5,3809590.5,2022,123.0,210.0,231.0,240.0,251.0,272.0,308.0,1.0,1.0
1687,724,418012.5,3809611.5,2022,152.0,207.0,230.0,240.0,252.0,272.0,308.0,1.0,1.0
1707,764,418132.5,3809551.5,2022,144.0,187.0,232.0,243.0,255.0,280.0,320.0,1.0,2.0
1705,783,418189.5,3809557.5,2022,155.0,216.0,232.0,240.0,251.0,274.0,315.0,1.0,1.0
1703,812,418276.5,3809563.5,2022,154.0,217.0,232.0,240.0,251.0,273.0,312.0,1.0,1.0
1688,856,418408.5,3809608.5,2022,120.0,211.0,231.0,241.0,253.0,282.0,326.0,1.0,2.0
1680,874,418462.5,3809632.5,2022,149.0,216.0,231.0,239.0,249.0,271.0,309.0,1.0,1.0
1686,913,418579.5,3809614.5,2022,153.0,216.0,232.0,240.0,250.0,272.0,317.0,1.0,1.0
1695,930,418630.5,3809587.5,2022,144.0,214.0,230.0,239.0,249.0,271.0,317.0,1.0,1.0
1686,985,418795.5,3809614.5,2022,135.0,210.0,230.0,240.0,252.0,276.0,318.0,1.0,1.0
1682,1015,418885.5,3809626.5,2022,148.0,213.0,231.0,240.0,251.0,273.0,325.0,1.0,2.0
1693,1046,418978.5,3809593.5,2022,157.0,216.0,231.0,239.0,248.0,268.0,308.0,1.0,1.0
1702,1073,419059.5,3809566.5,2022,145.0,215.0,232.0,242.0,253.0,275.0,323.0,1.0,2.0
1699,1090,419110.5,3809575.5,2022,143.0,179.0,232.0,242.0,252.0,275.0,315.0,1.0,2.0
1700,1133,419239.5,3809572.5,2022,151.0,207.0,230.0,241.0,253.0,275.0,316.0,1.0,2.0
1684,1146,419278.5,3809620.5,2022,122.0,210.0,231.0,241.0,252.0,274.0,315.0,1.0,2.0
1686,1184,419392.5,3809614.5,2022,125.0,214.0,233.0,244.0,255.0,275.0,318.0,1.0,2.0
1685,1224,419512.5,3809617.5,2022,147.0,216.0,232.0,242.0,252.0,274.0,323.0,1.0,1.0
1704,1259,419617.5,3809560.5,2022,137.0,216.0,234.0,244.0,255.0,280.0,317.0,1.0,2.0
1705,1286,419698.5,3809557.5,2022,111.0,183.0,232.0,242.0,254.0,278.0,318.0,1.0,2.0
1709,1304,419752.5,3809545.5,2022,108.0,186.0,229.0,240.0,253.0,278.0,324.0,1.0,1.0
1704,1326,419818.5,3809560.5,2022,121.0,197.0,231.0,242.0,254.0,279.0,319.0,1.0,1.0
1705,1378,419974.5,3809557.5,2022,115.0,190.0,229.0,240.0,251.0,273.0,319.0,1.0,1.0
1682,1406,420058.5,3809626.5,2022,119.0,184.0,227.0,238.0,250.0,275.0,316.0,1.0,1.0
1708,1417,420091.5,3809548.5,2022,110.0,182.0,230.0,241.0,252.0,272.0,318.0,1.0,1.0
1708,1451,420193.5,3809548.5,2022,130.0,213.0,232.0,242.0,253.0,273.0,318.0,1.0,1.0
1695,1477,420271.5,3809587.5,2022,115.0,170.0,227.0,238.0,250.0,272.0,313.0,1.0,1.0
1694,1507,420361.5,3809590.5,2022,119.0,173.0,227.0,238.0,250.0,273.0,317.0,1.0,1.0
1685,1547,420481.5,3809617.5,2022,127.0,212.0,230.0,239.0,250.0,269.0,301.0,1.0,2.0
1697,1564,420532.5,3809581.5,2022,132.0,204.0,228.0,239.0,250.0,269.0,299.0,1.0,2.0
1684,1811,421273.5,3809620.5,2022,112.0,193.0,226.0,237.0,248.0,270.0,325.0,1.0,1.0
1687,1858,421414.5,3809611.5,2022,137.0,203.0,228.0,238.0,250.0,272.0,321.0,1.0,1.0
1690,1888,421504.5,3809602.5,2022,104.0,200.0,227.0,237.0,250.0,274.0,327.0,1.0,2.0
1693,1891,421513.5,3809593.5,2022,144.0,207.0,228.0,239.0,251.0,275.0,321.0,1.0,1.0
1699,1944,421672.5,3809575.5,2022,107.0,180.0,228.0,239.0,251.0,275.0,315.0,1.0,2.0
1680,1952,421696.5,3809632.5,2022,126.0,205.0,228.0,238.0,250.0,272.0,311.0,1.0,2.0
1700,1995,421825.5,3809572.5,2022,110.0,203.0,227.0,239.0,252.0,275.0,313.0,1.0,2.0
1684,2037,421951.5,3809620.5,2022,111.0,205.0,227.0,239.0,251.0,273.0,306.0,1.0,1.0
1693,2068,422044.5,3809593.5,2022,132.0,199.0,225.0,237.0,250.0,274.0,313.0,1.0,1.0
1684,2071,422053.5,3809620.5,2022,126.0,203.0,226.0,237.0,250.0,274.0,312.0,1.0,1.0
1680,2500,423340.5,3809632.5,2022,132.0,180.0,219.0,233.0,249.0,279.0,325.0,1.0,1.0
1682,2542,423466.5,3809626.5,2022,154.0,201.0,223.0,232.0,242.0,266.0,302.0,1.0,1.0
1684,2554,423502.5,3809620.5,2022,145.0,174.0,224.0,235.0,247.0,274.0,309.0,1.0,1.0
1716,1,415843.5,3809524.5,2022,150.0,214.0,233.0,244.0,256.0,281.0,324.0,1.0,1.0
1718,50,415990.5,3809518.5,2022,168.0,218.0,232.0,241.0,250.0,268.0,303.0,1.0,1.0
1711,80,416080.5,3809539.5,2022,164.0,209.0,226.0,236.0,246.0,266.0,290.0,1.0,1.0
1726,90,416110.5,3809494.5,2022,167.0,214.0,231.0,240.0,251.0,274.0,308.0,1.0,1.0
1715,128,416224.5,3809527.5,2022,156.0,211.0,231.0,241.0,252.0,277.0,329.0,1.0,1.0
1715,174,416362.5,3809527.5,2022,162.0,218.0,234.0,243.0,253.0,274.0,307.0,1.0,2.0
1716,194,416422.5,3809524.5,2022,156.0,215.0,232.0,241.0,251.0,272.0,312.0,1.0,1.0
1727,227,416521.5,3809491.5,2022,129.0,186.0,231.0,243.0,256.0,283.0,326.0,1.0,1.0
1732,251,416593.5,3809476.5,2022,134.0,187.0,230.0,242.0,254.0,280.0,325.0,1.0,1.0
1716,296,416728.5,3809524.5,2022,120.0,184.0,230.0,242.0,256.0,281.0,328.0,1.0,1.0
1713,323,416809.5,3809533.5,2022,134.0,194.0,230.0,242.0,255.0,281.0,329.0,1.0,1.0
1713,333,416839.5,3809533.5,2022,136.0,206.0,232.0,244.0,256.0,282.0,319.0,1.0,1.0
1720,386,416998.5,3809512.5,2022,123.0,185.0,230.0,241.0,253.0,275.0,309.0,1.0,2.0
1738,408,417064.5,3809458.5,2022,146.0,210.0,234.0,245.0,257.0,279.0,317.0,1.0,1.0
1728,421,417103.5,3809488.5,2022,139.0,210.0,233.0,244.0,258.0,282.0,322.0,1.0,1.0
1710,462,417226.5,3809542.5,2022,109.0,182.0,228.0,241.0,254.0,278.0,311.0,1.0,1.0
1737,494,417322.5,3809461.5,2022,137.0,213.0,232.0,242.0,254.0,278.0,316.0,1.0,2.0
1731,529,417427.5,3809479.5,2022,142.0,185.0,232.0,243.0,255.0,277.0,317.0,1.0,1.0
1730,564,417532.5,3809482.5,2022,154.0,217.0,235.0,246.0,257.0,280.0,325.0,1.0,1.0
1739,594,417622.5,3809455.5,2022,151.0,186.0,231.0,241.0,253.0,276.0,314.0,1.0,1.0
1717,610,417670.5,3809521.5,2022,149.0,178.0,234.0,243.0,253.0,272.0,303.0,1.0,2.0
1739,642,417766.5,3809455.5,2022,142.0,180.0,231.0,241.0,253.0,274.0,310.0,1.0,1.0
1737,674,417862.5,3809461.5,2022,144.0,184.0,231.0,240.0,251.0,270.0,302.0,1.0,1.0
1717,717,417991.5,3809521.5,2022,144.0,213.0,233.0,243.0,254.0,274.0,305.0,1.0,1.0
1718,736,418048.5,3809518.5,2022,158.0,218.0,234.0,243.0,253.0,272.0,298.0,1.0,1.0
1722,756,418108.5,3809506.5,2022,155.0,217.0,235.0,245.0,256.0,280.0,320.0,1.0,1.0
1728,781,418183.5,3809488.5,2022,159.0,217.0,232.0,240.0,250.0,270.0,311.0,1.0,1.0
1728,825,418315.5,3809488.5,2022,148.0,183.0,233.0,242.0,253.0,276.0,325.0,1.0,2.0
1710,841,418363.5,3809542.5,2022,144.0,213.0,231.0,241.0,253.0,276.0,313.0,1.0,1.0
1733,871,418453.5,3809473.5,2022,152.0,214.0,231.0,241.0,251.0,272.0,319.0,1.0,1.0
1710,901,418543.5,3809542.5,2022,114.0,215.0,231.0,240.0,250.0,273.0,316.0,1.0,2.0
1726,938,418654.5,3809494.5,2022,121.0,214.0,231.0,240.0,250.0,271.0,310.0,1.0,2.0
1739,979,418777.5,3809455.5,2022,157.0,214.0,231.0,240.0,250.0,270.0,313.0,1.0,1.0
1715,1017,418891.5,3809527.5,2022,150.0,214.0,230.0,239.0,250.0,272.0,322.0,1.0,1.0
1739,1023,418909.5,3809455.5,2022,156.0,218.0,232.0,240.0,249.0,268.0,303.0,1.0,1.0
1720,1073,419059.5,3809512.5,2022,142.0,213.0,232.0,242.0,253.0,274.0,319.0,1.0,1.0
1734,1080,419080.5,3809470.5,2022,126.0,213.0,232.0,242.0,252.0,274.0,316.0,1.0,1.0
1737,1138,419254.5,3809461.5,2022,134.0,214.0,232.0,242.0,252.0,272.0,318.0,1.0,1.0
1737,1146,419278.5,3809461.5,2022,145.0,213.0,231.0,241.0,251.0,271.0,312.0,1.0,1.0
1730,1192,419416.5,3809482.5,2022,122.0,211.0,231.0,241.0,252.0,276.0,318.0,1.0,2.0
1714,1220,419500.5,3809530.5,2022,145.0,215.0,232.0,241.0,252.0,272.0,316.0,1.0,1.0
1726,1248,419584.5,3809494.5,2022,145.0,214.0,233.0,243.0,253.0,274.0,318.0,1.0,1.0
1720,1269,419647.5,3809512.5,2022,122.0,209.0,230.0,239.0,250.0,270.0,310.0,1.0,1.0
1728,1291,419713.5,3809488.5,2022,126.0,182.0,228.0,239.0,252.0,275.0,322.0,1.0,1.0
1739,1322,419806.5,3809455.5,2022,114.0,186.0,230.0,241.0,253.0,276.0,317.0,1.0,1.0
1739,1362,419926.5,3809455.5,2022,122.0,194.0,229.0,240.0,252.0,274.0,322.0,1.0,1.0
1734,1406,420058.5,3809470.5,2022,124.0,188.0,229.0,240.0,251.0,273.0,317.0,1.0,1.0
1724,1437,420151.5,3809500.5,2022,157.0,214.0,234.0,244.0,255.0,278.0,315.0,1.0,2.0
1718,1460,420220.5,3809518.5,2022,105.0,187.0,229.0,240.0,252.0,274.0,315.0,1.0,1.0
1718,1495,420325.5,3809518.5,2022,116.0,204.0,231.0,241.0,253.0,275.0,316.0,1.0,1.0
1731,1513,420379.5,3809479.5,2022,118.0,183.0,226.0,237.0,249.0,273.0,318.0,1.0,1.0
1737,1536,420448.5,3809461.5,2022,121.0,176.0,227.0,239.0,251.0,275.0,322.0,1.0,1.0
1718,1853,421399.5,3809518.5,2022,108.0,207.0,229.0,239.0,251.0,272.0,323.0,1.0,1.0
1737,1876,421468.5,3809461.5,2022,111.0,210.0,230.0,239.0,251.0,274.0,320.0,1.0,2.0
1739,1903,421549.5,3809455.5,2022,135.0,186.0,230.0,241.0,254.0,278.0,327.0,1.0,2.0
1729,1934,421642.5,3809485.5,2022,118.0,204.0,229.0,240.0,251.0,272.0,318.0,1.0,2.0
1733,1963,421729.5,3809473.5,2022,108.0,180.0,228.0,240.0,252.0,276.0,312.0,1.0,2.0
1722,2003,421849.5,3809506.5,2022,112.0,184.0,226.0,239.0,252.0,273.0,316.0,1.0,2.0
1725,2039,421957.5,3809497.5,2022,122.0,180.0,226.0,238.0,250.0,273.0,307.0,1.0,1.0
1730,2041,421963.5,3809482.5,2022,133.0,178.0,225.0,237.0,251.0,276.0,315.0,1.0,1.0
1728,2071,422053.5,3809488.5,2022,122.0,178.0,226.0,237.0,250.0,274.0,315.0,1.0,2.0
1729,2205,422455.5,3809485.5,2022,128.0,198.0,225.0,236.0,249.0,277.0,321.0,1.0,1.0
1715,2528,423424.5,3809527.5,2022,142.0,178.0,224.0,235.0,246.0,270.0,303.0,1.0,1.0
1742,9,415867.5,3809446.5,2022,150.0,217.0,235.0,245.0,256.0,280.0,318.0,1.0,1.0
1752,47,415981.5,3809416.5,2022,152.0,212.0,230.0,240.0,251.0,274.0,317.0,1.0,1.0
1754,76,416068.5,3809410.5,2022,166.0,216.0,232.0,241.0,252.0,272.0,305.0,1.0,1.0
1762,104,416152.5,3809386.5,2022,151.0,214.0,232.0,242.0,254.0,279.0,317.0,1.0,1.0
1754,121,416203.5,3809410.5,2022,150.0,212.0,232.0,242.0,254.0,279.0,328.0,1.0,2.0
1769,150,416290.5,3809365.5,2022,152.0,214.0,232.0,242.0,254.0,281.0,323.0,1.0,2.0
1764,193,416419.5,3809380.5,2022,156.0,213.0,232.0,243.0,255.0,278.0,327.0,1.0,1.0
1740,217,416491.5,3809452.5,2022,156.0,215.0,234.0,245.0,259.0,286.0,320.0,1.0,1.0
1747,240,416560.5,3809431.5,2022,125.0,185.0,231.0,243.0,255.0,281.0,319.0,1.0,1.0
1763,290,416710.5,3809383.5,2022,108.0,181.0,233.0,245.0,259.0,284.0,319.0,1.0,1.0
1752,308,416764.5,3809416.5,2022,149.0,192.0,231.0,243.0,256.0,280.0,321.0,1.0,2.0
1746,341,416863.5,3809434.5,2022,136.0,189.0,234.0,246.0,258.0,283.0,317.0,1.0,1.0
1746,377,416971.5,3809434.5,2022,105.0,185.0,232.0,245.0,257.0,280.0,312.0,1.0,1.0
1744,402,417046.5,3809440.5,2022,114.0,183.0,231.0,244.0,256.0,279.0,320.0,1.0,1.0
1761,432,417136.5,3809389.5,2022,125.0,203.0,230.0,241.0,254.0,280.0,313.0,1.0,1.0
1754,463,417229.5,3809410.5,2022,150.0,214.0,233.0,243.0,255.0,279.0,315.0,1.0,1.0
1744,499,417337.5,3809440.5,2022,118.0,190.0,232.0,243.0,255.0,278.0,306.0,1.0,2.0
1759,528,417424.5,3809395.5,2022,127.0,205.0,231.0,242.0,253.0,274.0,308.0,1.0,1.0
1769,553,417499.5,3809365.5,2022,120.0,191.0,230.0,240.0,252.0,275.0,306.0,1.0,2.0
1740,598,417634.5,3809452.5,2022,146.0,211.0,231.0,240.0,251.0,272.0,322.0,1.0,1.0
1759,612,417676.5,3809395.5,2022,118.0,183.0,229.0,240.0,251.0,273.0,317.0,1.0,1.0
1762,646,417778.5,3809386.5,2022,118.0,178.0,231.0,241.0,252.0,273.0,314.0,1.0,1.0
1750,668,417844.5,3809422.5,2022,140.0,177.0,230.0,240.0,252.0,272.0,305.0,1.0,1.0
1764,710,417970.5,3809380.5,2022,140.0,207.0,230.0,240.0,251.0,271.0,303.0,1.0,1.0
1745,734,418042.5,3809437.5,2022,153.0,218.0,233.0,242.0,252.0,271.0,298.0,1.0,1.0
1763,750,418090.5,3809383.5,2022,152.0,215.0,233.0,242.0,254.0,276.0,302.0,1.0,2.0
1769,790,418210.5,3809365.5,2022,142.0,213.0,231.0,240.0,251.0,276.0,312.0,1.0,2.0
1763,823,418309.5,3809383.5,2022,157.0,215.0,233.0,242.0,254.0,280.0,314.0,1.0,2.0
1759,864,418432.5,3809395.5,2022,150.0,217.0,233.0,242.0,253.0,275.0,326.0,1.0,2.0
1762,875,418465.5,3809386.5,2022,142.0,215.0,232.0,242.0,252.0,273.0,315.0,1.0,2.0
1767,920,418600.5,3809371.5,2022,129.0,217.0,232.0,241.0,251.0,272.0,318.0,1.0,2.0
1743,949,418687.5,3809443.5,2022,136.0,216.0,232.0,242.0,253.0,275.0,320.0,1.0,2.0
1751,981,418783.5,3809419.5,2022,147.0,217.0,232.0,240.0,250.0,271.0,313.0,1.0,2.0
1745,1013,418879.5,3809437.5,2022,167.0,219.0,232.0,240.0,250.0,269.0,308.0,1.0,1.0
1757,1048,418984.5,3809401.5,2022,156.0,216.0,232.0,241.0,251.0,272.0,310.0,1.0,2.0
1752,1057,419011.5,3809416.5,2022,128.0,215.0,232.0,241.0,252.0,272.0,318.0,1.0,1.0
1759,1095,419125.5,3809395.5,2022,136.0,213.0,231.0,241.0,251.0,271.0,316.0,1.0,2.0
1763,1135,419245.5,3809383.5,2022,130.0,185.0,232.0,241.0,252.0,273.0,321.0,1.0,2.0
1751,1169,419347.5,3809419.5,2022,155.0,213.0,231.0,241.0,251.0,272.0,313.0,1.0,1.0
1742,1193,419419.5,3809446.5,2022,124.0,216.0,233.0,242.0,252.0,272.0,315.0,1.0,2.0
1742,1220,419500.5,3809446.5,2022,121.0,211.0,231.0,241.0,253.0,275.0,314.0,1.0,1.0
1763,1246,419578.5,3809383.5,2022,131.0,209.0,232.0,243.0,255.0,279.0,318.0,1.0,1.0
1762,1282,419686.5,3809386.5,2022,116.0,193.0,228.0,239.0,252.0,275.0,316.0,1.0,1.0
1756,1296,419728.5,3809404.5,2022,126.0,187.0,228.0,239.0,251.0,274.0,309.0,1.0,1.0
1752,1338,419854.5,3809416.5,2022,115.0,203.0,229.0,240.0,252.0,277.0,320.0,1.0,1.0
1742,1352,419896.5,3809446.5,2022,120.0,190.0,227.0,239.0,251.0,275.0,318.0,1.0,1.0
1750,1392,420016.5,3809422.5,2022,129.0,194.0,229.0,240.0,252.0,274.0,318.0,1.0,1.0
1758,1410,420070.5,3809398.5,2022,148.0,209.0,230.0,241.0,251.0,273.0,320.0,1.0,1.0
1767,1447,420181.5,3809371.5,2022,102.0,182.0,229.0,240.0,252.0,273.0,321.0,1.0,1.0
1749,1489,420307.5,3809425.5,2022,122.0,185.0,230.0,240.0,252.0,274.0,319.0,1.0,1.0
1748,1514,420382.5,3809428.5,2022,116.0,178.0,228.0,240.0,251.0,273.0,321.0,1.0,1.0
1761,1532,420436.5,3809389.5,2022,105.0,177.0,228.0,239.0,251.0,275.0,315.0,1.0,1.0
1752,1812,421276.5,3809416.5,2022,112.0,203.0,227.0,237.0,250.0,275.0,328.0,1.0,1.0
1769,1847,421381.5,3809365.5,2022,129.0,202.0,228.0,239.0,251.0,274.0,323.0,1.0,1.0
1768,1864,421432.5,3809368.5,2022,116.0,204.0,229.0,240.0,252.0,274.0,314.0,1.0,2.0
1768,1911,421573.5,3809368.5,2022,132.0,207.0,228.0,239.0,252.0,274.0,317.0,1.0,2.0
1769,1931,421633.5,3809365.5,2022,130.0,191.0,227.0,239.0,252.0,276.0,316.0,1.0,2.0
1743,1959,421717.5,3809443.5,2022,120.0,202.0,226.0,238.0,251.0,274.0,311.0,1.0,1.0
1765,2006,421858.5,3809377.5,2022,117.0,202.0,226.0,238.0,252.0,275.0,312.0,1.0,2.0
1752,2016,421888.5,3809416.5,2022,117.0,200.0,224.0,236.0,249.0,272.0,312.0,1.0,1.0
1757,2067,422041.5,3809401.5,2022,135.0,180.0,226.0,237.0,251.0,277.0,313.0,1.0,1.0
1768,2074,422062.5,3809368.5,2022,139.0,182.0,226.0,237.0,249.0,275.0,307.0,1.0,2.0
1750,2127,422221.5,3809422.5,2022,151.0,209.0,227.0,237.0,249.0,271.0,299.0,1.0,2.0
1760,2130,422230.5,3809392.5,2022,152.0,209.0,225.0,235.0,246.0,270.0,308.0,1.0,2.0
1767,2160,422320.5,3809371.5,2022,132.0,182.0,226.0,237.0,250.0,275.0,324.0,1.0,1.0
1758,2366,422938.5,3809398.5,2022,148.0,192.0,221.0,232.0,246.0,276.0,316.0,1.0,1.0
1757,2377,422971.5,3809401.5,2022,138.0,181.0,222.0,235.0,248.0,276.0,315.0,1.0,1.0
1766,2429,423127.5,3809374.5,2022,142.0,198.0,224.0,234.0,246.0,270.0,307.0,1.0,2.0
1779,19,415897.5,3809335.5,2022,149.0,214.0,233.0,242.0,254.0,280.0,320.0,1.0,2.0
1799,57,416011.5,3809275.5,2022,151.0,216.0,232.0,241.0,251.0,274.0,306.0,1.0,1.0
1783,65,416035.5,3809323.5,2022,154.0,213.0,230.0,239.0,250.0,272.0,310.0,1.0,1.0
1773,96,416128.5,3809353.5,2022,144.0,212.0,232.0,243.0,256.0,283.0,324.0,1.0,1.0
1770,129,416227.5,3809362.5,2022,156.0,212.0,231.0,242.0,254.0,279.0,323.0,1.0,1.0
1786,165,416335.5,3809314.5,2022,149.0,210.0,231.0,241.0,253.0,278.0,318.0,1.0,2.0
1773,182,416386.5,3809353.5,2022,160.0,217.0,234.0,244.0,255.0,280.0,312.0,1.0,2.0
1798,220,416500.5,3809278.5,2022,130.0,181.0,230.0,242.0,256.0,283.0,319.0,1.0,1.0
1779,248,416584.5,3809335.5,2022,148.0,209.0,232.0,242.0,254.0,281.0,325.0,1.0,1.0
1778,284,416692.5,3809338.5,2022,130.0,183.0,230.0,242.0,255.0,280.0,315.0,1.0,1.0
1777,308,416764.5,3809341.5,2022,119.0,187.0,231.0,243.0,256.0,281.0,317.0,1.0,1.0
1772,347,416881.5,3809356.5,2022,136.0,190.0,230.0,241.0,254.0,276.0,316.0,1.0,1.0
1770,373,416959.5,3809362.5,2022,131.0,205.0,233.0,244.0,257.0,281.0,317.0,1.0,1.0
1786,399,417037.5,3809314.5,2022,120.0,194.0,228.0,240.0,252.0,277.0,316.0,1.0,1.0
1776,443,417169.5,3809344.5,2022,151.0,207.0,231.0,243.0,256.0,281.0,315.0,1.0,1.0
1779,457,417211.5,3809335.5,2022,148.0,190.0,229.0,240.0,252.0,276.0,319.0,1.0,1.0
1798,505,417355.5,3809278.5,2022,147.0,208.0,232.0,243.0,255.0,276.0,309.0,1.0,2.0
1790,522,417406.5,3809302.5,2022,125.0,210.0,231.0,242.0,254.0,276.0,306.0,1.0,2.0
1789,543,417469.5,3809305.5,2022,119.0,206.0,231.0,241.0,253.0,276.0,305.0,1.0,1.0
1791,586,417598.5,3809299.5,2022,142.0,213.0,231.0,242.0,253.0,274.0,303.0,1.0,2.0
1789,618,417694.5,3809305.5,2022,127.0,191.0,229.0,240.0,254.0,279.0,327.0,1.0,1.0
1772,658,417814.5,3809356.5,2022,124.0,183.0,227.0,238.0,250.0,272.0,314.0,1.0,1.0
1776,687,417901.5,3809344.5,2022,140.0,182.0,230.0,241.0,252.0,272.0,317.0,1.0,1.0
1771,703,417949.5,3809359.5,2022,115.0,189.0,229.0,240.0,252.0,272.0,303.0,1.0,1.0
1781,740,418060.5,3809329.5,2022,156.0,216.0,232.0,242.0,252.0,271.0,296.0,1.0,1.0
1788,750,418090.5,3809308.5,2022,152.0,219.0,234.0,244.0,254.0,273.0,296.0,1.0,1.0
1790,809,418267.5,3809302.5,2022,151.0,215.0,232.0,241.0,252.0,274.0,306.0,1.0,1.0
1773,824,418312.5,3809353.5,2022,141.0,215.0,232.0,241.0,252.0,276.0,314.0,1.0,1.0
1784,843,418369.5,3809320.5,2022,155.0,217.0,233.0,242.0,254.0,282.0,317.0,1.0,2.0
1782,873,418459.5,3809326.5,2022,158.0,215.0,231.0,240.0,250.0,272.0,312.0,1.0,1.0
1798,914,418582.5,3809278.5,2022,159.0,218.0,233.0,242.0,253.0,272.0,309.0,1.0,1.0
1794,938,418654.5,3809290.5,2022,156.0,218.0,232.0,241.0,251.0,271.0,313.0,1.0,1.0
1783,980,418780.5,3809323.5,2022,162.0,218.0,233.0,243.0,253.0,273.0,314.0,1.0,1.0
1782,1011,418873.5,3809326.5,2022,156.0,216.0,232.0,240.0,251.0,271.0,317.0,1.0,1.0
1773,1035,418945.5,3809353.5,2022,151.0,215.0,232.0,240.0,251.0,273.0,318.0,1.0,1.0
1770,1072,419056.5,3809362.5,2022,113.0,206.0,231.0,240.0,252.0,274.0,328.0,1.0,2.0
1784,1087,419101.5,3809320.5,2022,138.0,211.0,231.0,240.0,251.0,273.0,317.0,1.0,2.0
1774,1132,419236.5,3809350.5,2022,139.0,210.0,231.0,241.0,252.0,274.0,314.0,1.0,2.0
1778,1156,419308.5,3809338.5,2022,146.0,213.0,232.0,241.0,252.0,273.0,323.0,1.0,1.0
1786,1171,419353.5,3809314.5,2022,150.0,214.0,233.0,243.0,253.0,273.0,317.0,1.0,1.0
1779,1223,419509.5,3809335.5,2022,142.0,212.0,232.0,242.0,254.0,280.0,325.0,1.0,1.0
1771,1240,419560.5,3809359.5,2022,133.0,212.0,232.0,242.0,253.0,278.0,314.0,1.0,2.0
1795,1273,419659.5,3809287.5,2022,122.0,208.0,231.0,241.0,252.0,275.0,318.0,1.0,1.0
1774,1307,419761.5,3809350.5,2022,127.0,185.0,227.0,240.0,252.0,278.0,316.0,1.0,1.0
1772,1323,419809.5,3809356.5,2022,109.0,187.0,230.0,242.0,254.0,277.0,320.0,1.0,1.0
1771,1353,419899.5,3809359.5,2022,128.0,187.0,229.0,240.0,251.0,274.0,325.0,1.0,2.0
1793,1404,420052.5,3809293.5,2022,109.0,188.0,231.0,243.0,255.0,279.0,319.0,1.0,1.0
1773,1437,420151.5,3809353.5,2022,105.0,182.0,229.0,241.0,252.0,274.0,324.0,1.0,2.0
1770,1444,420172.5,3809362.5,2022,126.0,186.0,229.0,240.0,251.0,274.0,321.0,1.0,1.0
1797,1497,420331.5,3809281.5,2022,124.0,182.0,229.0,240.0,252.0,277.0,323.0,1.0,1.0
1786,1515,420385.5,3809314.5,2022,107.0,183.0,230.0,241.0,253.0,275.0,315.0,1.0,1.0
1780,1537,420451.5,3809332.5,2022,112.0,182.0,228.0,239.0,250.0,272.0,315.0,1.0,1.0
1785,1744,421072.5,3809317.5,2022,129.0,205.0,227.0,237.0,248.0,269.0,315.0,1.0,2.0
1770,1809,421267.5,3809362.5,2022,116.0,184.0,227.0,239.0,253.0,276.0,316.0,1.0,2.0
1789,1854,421402.5,3809305.5,2022,118.0,185.0,229.0,241.0,253.0,275.0,312.0,1.0,2.0
1791,1862,421426.5,3809299.5,2022,114.0,185.0,229.0,240.0,252.0,273.0,310.0,1.0,1.0
1799,1908,421564.5,3809275.5,2022,131.0,207.0,229.0,240.0,253.0,276.0,309.0,1.0,2.0
1786,1943,421669.5,3809314.5,2022,110.0,202.0,226.0,238.0,251.0,276.0,312.0,1.0,2.0
1792,1957,421711.5,3809296.5,2022,140.0,203.0,225.0,237.0,250.0,272.0,308.0,1.0,1.0
1772,2005,421855.5,3809356.5,2022,128.0,182.0,225.0,237.0,249.0,271.0,302.0,1.0,2.0
1795,2010,421870.5,3809287.5,2022,132.0,202.0,228.0,239.0,252.0,276.0,306.0,1.0,1.0
1785,2052,421996.5,3809317.5,2022,138.0,198.0,226.0,238.0,252.0,274.0,305.0,1.0,1.0
1793,2089,422107.5,3809293.5,2022,142.0,212.0,228.0,238.0,250.0,273.0,299.0,1.0,2.0
1781,2104,422152.5,3809329.5,2022,180.0,208.0,222.0,232.0,242.0,267.0,293.0,1.0,1.0
1781,2136,422248.5,3809329.5,2022,142.0,209.0,225.0,234.0,244.0,269.0,311.0,1.0,2.0
1770,2165,422335.5,3809362.5,2022,131.0,204.0,227.0,237.0,249.0,272.0,308.0,1.0,2.0
1799,2226,422518.5,3809275.5,2022,145.0,207.0,226.0,237.0,248.0,270.0,297.0,1.0,2.0
1792,2369,422947.5,3809296.5,2022,150.0,193.0,220.0,232.0,244.0,273.0,314.0,1.0,1.0
1782,2371,422953.5,3809326.5,2022,139.0,190.0,222.0,234.0,247.0,276.0,310.0,1.0,2.0
1792,2400,423040.5,3809296.5,2022,156.0,200.0,222.0,233.0,246.0,275.0,315.0,1.0,1.0
1795,2450,423190.5,3809287.5,2022,139.0,186.0,220.0,232.0,245.0,275.0,316.0,1.0,1.0
1799,3272,425656.5,3809275.5,2022,121.0,190.0,215.0,226.0,238.0,265.0,319.0,1.0,1.0
1795,3333,425839.5,3809287.5,2022,138.0,184.0,215.0,226.0,238.0,262.0,297.0,1.0,1.0
1807,18,415894.5,3809251.5,2022,154.0,217.0,233.0,242.0,254.0,277.0,326.0,1.0,1.0
1801,40,415960.5,3809269.5,2022,152.0,214.0,232.0,241.0,252.0,275.0,310.0,1.0,1.0
1821,89,416107.5,3809209.5,2022,158.0,213.0,231.0,240.0,251.0,275.0,323.0,1.0,2.0
1800,97,416131.5,3809272.5,2022,155.0,209.0,230.0,240.0,252.0,281.0,332.0,1.0,1.0
1822,147,416281.5,3809206.5,2022,141.0,183.0,230.0,241.0,254.0,282.0,317.0,1.0,1.0
1821,164,416332.5,3809209.5,2022,151.0,213.0,233.0,243.0,254.0,278.0,321.0,1.0,1.0
1804,181,416383.5,3809260.5,2022,149.0,216.0,234.0,244.0,255.0,278.0,316.0,1.0,1.0
1818,218,416494.5,3809218.5,2022,144.0,187.0,231.0,242.0,255.0,285.0,325.0,1.0,1.0
1803,261,416623.5,3809263.5,2022,140.0,205.0,232.0,243.0,256.0,282.0,321.0,1.0,1.0
1805,287,416701.5,3809257.5,2022,149.0,210.0,233.0,244.0,257.0,281.0,332.0,1.0,1.0
1803,303,416749.5,3809263.5,2022,128.0,184.0,231.0,243.0,256.0,279.0,316.0,1.0,1.0
1805,348,416884.5,3809257.5,2022,134.0,206.0,233.0,244.0,257.0,281.0,316.0,1.0,1.0
1815,374,416962.5,3809227.5,2022,151.0,211.0,233.0,243.0,255.0,279.0,320.0,1.0,1.0
1806,395,417025.5,3809254.5,2022,128.0,186.0,233.0,245.0,258.0,283.0,320.0,1.0,1.0
1804,425,417115.5,3809260.5,2022,147.0,210.0,231.0,242.0,254.0,276.0,311.0,1.0,1.0
1821,461,417223.5,3809209.5,2022,142.0,177.0,232.0,244.0,256.0,281.0,325.0,1.0,2.0
1820,489,417307.5,3809212.5,2022,147.0,185.0,230.0,241.0,253.0,276.0,309.0,1.0,2.0
1818,532,417436.5,3809218.5,2022,136.0,187.0,230.0,240.0,251.0,274.0,302.0,1.0,2.0
1800,542,417466.5,3809272.5,2022,135.0,208.0,230.0,241.0,253.0,276.0,312.0,1.0,2.0
1803,596,417628.5,3809263.5,2022,118.0,203.0,230.0,241.0,252.0,275.0,317.0,1.0,1.0
1804,616,417688.5,3809260.5,2022,150.0,204.0,227.0,238.0,250.0,271.0,302.0,1.0,1.0
1803,641,417763.5,3809263.5,2022,129.0,187.0,228.0,239.0,251.0,274.0,310.0,1.0,1.0
1802,665,417835.5,3809266.5,2022,116.0,190.0,227.0,237.0,248.0,268.0,297.0,1.0,2.0
1813,716,417988.5,3809233.5,2022,146.0,187.0,229.0,239.0,250.0,271.0,304.0,1.0,1.0
1803,725,418015.5,3809263.5,2022,130.0,185.0,229.0,239.0,250.0,271.0,308.0,1.0,1.0
1801,751,418093.5,3809269.5,2022,161.0,217.0,233.0,242.0,252.0,271.0,296.0,1.0,1.0
1804,807,418261.5,3809260.5,2022,153.0,217.0,233.0,243.0,255.0,278.0,306.0,1.0,2.0
1818,819,418297.5,3809218.5,2022,157.0,203.0,229.0,239.0,251.0,274.0,318.0,1.0,2.0
1813,863,418429.5,3809233.5,2022,120.0,212.0,232.0,242.0,252.0,273.0,299.0,1.0,2.0
1828,894,418522.5,3809188.5,2022,150.0,213.0,233.0,243.0,254.0,276.0,311.0,1.0,1.0
1823,916,418588.5,3809203.5,2022,152.0,207.0,230.0,241.0,252.0,274.0,309.0,1.0,1.0
1829,956,418708.5,3809185.5,2022,160.0,216.0,234.0,246.0,258.0,283.0,322.0,1.0,1.0
1807,984,418792.5,3809251.5,2022,160.0,220.0,235.0,244.0,254.0,273.0,303.0,1.0,1.0
1809,1011,418873.5,3809245.5,2022,149.0,214.0,232.0,242.0,253.0,275.0,315.0,1.0,1.0
1810,1033,418939.5,3809242.5,2022,157.0,219.0,235.0,244.0,255.0,276.0,328.0,1.0,2.0
1814,1071,419053.5,3809230.5,2022,128.0,216.0,233.0,242.0,253.0,277.0,322.0,1.0,2.0
1802,1102,419146.5,3809266.5,2022,145.0,212.0,231.0,240.0,250.0,271.0,324.0,1.0,1.0
1808,1110,419170.5,3809248.5,2022,154.0,215.0,231.0,241.0,251.0,273.0,322.0,1.0,1.0
1801,1164,419332.5,3809269.5,2022,147.0,217.0,234.0,244.0,254.0,273.0,313.0,1.0,1.0
1805,1188,419404.5,3809257.5,2022,164.0,218.0,234.0,243.0,254.0,276.0,318.0,1.0,1.0
1802,1200,419440.5,3809266.5,2022,158.0,215.0,233.0,242.0,252.0,274.0,315.0,1.0,1.0
1820,1249,419587.5,3809212.5,2022,151.0,213.0,232.0,242.0,252.0,272.0,298.0,1.0,1.0
1821,1286,419698.5,3809209.5,2022,115.0,211.0,232.0,242.0,253.0,273.0,309.0,1.0,1.0
1808,1302,419746.5,3809248.5,2022,122.0,191.0,230.0,241.0,253.0,276.0,318.0,1.0,1.0
1818,1344,419872.5,3809218.5,2022,113.0,213.0,232.0,242.0,252.0,272.0,312.0,1.0,1.0
1805,1366,419938.5,3809257.5,2022,121.0,187.0,230.0,241.0,252.0,274.0,323.0,1.0,1.0
1823,1385,419995.5,3809203.5,2022,124.0,210.0,231.0,241.0,253.0,274.0,305.0,1.0,1.0
1818,1429,420127.5,3809218.5,2022,110.0,189.0,230.0,240.0,251.0,271.0,312.0,1.0,1.0
1816,1441,420163.5,3809224.5,2022,105.0,182.0,231.0,242.0,253.0,274.0,312.0,1.0,1.0
1815,1491,420313.5,3809227.5,2022,124.0,205.0,230.0,240.0,251.0,274.0,321.0,1.0,1.0
1822,1512,420376.5,3809206.5,2022,157.0,215.0,232.0,241.0,251.0,271.0,309.0,1.0,1.0
1805,1533,420439.5,3809257.5,2022,132.0,182.0,229.0,241.0,252.0,274.0,313.0,1.0,2.0
1808,1562,420526.5,3809248.5,2022,146.0,209.0,230.0,239.0,251.0,273.0,316.0,1.0,2.0
1826,1614,420682.5,3809194.5,2022,120.0,189.0,225.0,237.0,249.0,270.0,305.0,1.0,2.0
1825,1693,420919.5,3809197.5,2022,120.0,202.0,227.0,237.0,250.0,272.0,310.0,1.0,2.0
1829,1729,421027.5,3809185.5,2022,109.0,187.0,227.0,239.0,251.0,272.0,305.0,1.0,2.0
1828,1766,421138.5,3809188.5,2022,96.0,199.0,228.0,241.0,254.0,275.0,320.0,1.0,2.0
1829,1783,421189.5,3809185.5,2022,117.0,183.0,226.0,237.0,250.0,274.0,317.0,1.0,2.0
1828,1818,421294.5,3809188.5,2022,109.0,200.0,228.0,240.0,253.0,274.0,311.0,1.0,2.0
1807,1833,421339.5,3809251.5,2022,146.0,208.0,228.0,239.0,251.0,272.0,305.0,1.0,1.0
1825,1880,421480.5,3809197.5,2022,146.0,209.0,229.0,240.0,252.0,274.0,309.0,1.0,2.0
1809,1893,421519.5,3809245.5,2022,113.0,199.0,226.0,238.0,251.0,275.0,313.0,1.0,1.0
1803,1942,421666.5,3809263.5,2022,141.0,206.0,226.0,237.0,250.0,272.0,303.0,1.0,2.0
1814,1962,421726.5,3809230.5,2022,143.0,204.0,228.0,239.0,252.0,274.0,302.0,1.0,2.0
1816,2008,421864.5,3809224.5,2022,151.0,207.0,227.0,238.0,252.0,277.0,309.0,1.0,2.0
1810,2031,421933.5,3809242.5,2022,137.0,199.0,225.0,237.0,250.0,275.0,306.0,1.0,1.0
1801,2065,422035.5,3809269.5,2022,143.0,201.0,226.0,237.0,251.0,276.0,312.0,1.0,1.0
1808,2092,422116.5,3809248.5,2022,152.0,210.0,226.0,236.0,247.0,271.0,291.0,1.0,2.0
1818,2116,422188.5,3809218.5,2022,159.0,214.0,229.0,238.0,251.0,275.0,306.0,1.0,2.0
1827,2135,422245.5,3809191.5,2022,153.0,208.0,226.0,237.0,249.0,275.0,303.0,1.0,2.0
1823,2184,422392.5,3809203.5,2022,126.0,200.0,222.0,233.0,244.0,266.0,289.0,1.0,2.0
1824,2212,422476.5,3809200.5,2022,108.0,185.0,221.0,232.0,243.0,267.0,298.0,1.0,1.0
1819,2230,422530.5,3809215.5,2022,130.0,191.0,223.0,235.0,247.0,272.0,311.0,1.0,1.0
1809,2259,422617.5,3809245.5,2022,122.0,194.0,225.0,237.0,250.0,274.0,309.0,1.0,2.0
1805,2364,422932.5,3809257.5,2022,163.0,205.0,223.0,233.0,244.0,271.0,300.0,1.0,1.0
1825,2375,422965.5,3809197.5,2022,147.0,185.0,222.0,233.0,245.0,275.0,316.0,1.0,2.0
1819,2408,423064.5,3809215.5,2022,145.0,198.0,223.0,234.0,247.0,273.0,308.0,1.0,1.0
1802,2452,423196.5,3809266.5,2022,145.0,193.0,224.0,235.0,247.0,275.0,311.0,1.0,1.0
1810,2466,423238.5,3809242.5,2022,146.0,204.0,225.0,235.0,246.0,270.0,309.0,1.0,1.0
1829,3290,425710.5,3809185.5,2022,131.0,193.0,215.0,226.0,238.0,263.0,294.0,1.0,1.0
1811,3320,425800.5,3809239.5,2022,80.0,191.0,214.0,225.0,237.0,262.0,299.0,1.0,2.0
1800,3332,425836.5,3809272.5,2022,164.0,199.0,218.0,227.0,238.0,259.0,287.0,1.0,1.0
1849,3,415849.5,3809125.5,2022,147.0,210.0,231.0,241.0,253.0,278.0,311.0,1.0,1.0
1831,51,415993.5,3809179.5,2022,160.0,217.0,233.0,242.0,253.0,273.0,304.0,1.0,2.0
1844,74,416062.5,3809140.5,2022,155.0,216.0,233.0,242.0,253.0,274.0,310.0,1.0,2.0
1835,95,416125.5,3809167.5,2022,111.0,208.0,230.0,240.0,252.0,276.0,315.0,1.0,2.0
1844,123,416209.5,3809140.5,2022,154.0,214.0,233.0,243.0,255.0,282.0,324.0,1.0,2.0
1847,174,416362.5,3809131.5,2022,143.0,208.0,232.0,242.0,254.0,280.0,320.0,1.0,1.0
1849,200,416440.5,3809125.5,2022,152.0,216.0,234.0,245.0,256.0,281.0,318.0,1.0,1.0
1831,212,416476.5,3809179.5,2022,152.0,212.0,233.0,244.0,257.0,281.0,321.0,1.0,2.0
1848,248,416584.5,3809128.5,2022,143.0,180.0,234.0,246.0,257.0,279.0,311.0,1.0,1.0
1830,273,416659.5,3809182.5,2022,135.0,176.0,231.0,242.0,254.0,277.0,316.0,1.0,1.0
1859,355,416905.5,3809095.5,2022,148.0,213.0,232.0,242.0,254.0,274.0,310.0,1.0,2.0
1856,369,416947.5,3809104.5,2022,150.0,184.0,233.0,243.0,255.0,278.0,310.0,1.0,1.0
1831,413,417079.5,3809179.5,2022,128.0,175.0,230.0,241.0,253.0,274.0,311.0,1.0,2.0
1846,437,417151.5,3809134.5,2022,146.0,178.0,230.0,241.0,253.0,276.0,323.0,1.0,2.0
1833,478,417274.5,3809173.5,2022,146.0,181.0,230.0,240.0,251.0,273.0,299.0,1.0,2.0
1838,489,417307.5,3809158.5,2022,153.0,209.0,229.0,238.0,248.0,269.0,297.0,1.0,2.0
1844,539,417457.5,3809140.5,2022,151.0,209.0,229.0,238.0,249.0,269.0,299.0,1.0,2.0
1854,545,417475.5,3809110.5,2022,167.0,212.0,230.0,239.0,249.0,268.0,294.0,1.0,2.0
1853,593,417619.5,3809113.5,2022,158.0,211.0,228.0,237.0,247.0,265.0,291.0,1.0,2.0
1854,619,417697.5,3809110.5,2022,156.0,208.0,227.0,236.0,246.0,265.0,293.0,1.0,2.0
1846,637,417751.5,3809134.5,2022,146.0,215.0,231.0,240.0,251.0,272.0,301.0,1.0,2.0
1839,669,417847.5,3809155.5,2022,151.0,215.0,232.0,242.0,252.0,269.0,290.0,1.0,2.0
1840,718,417994.5,3809152.5,2022,126.0,183.0,229.0,239.0,250.0,272.0,311.0,1.0,2.0
1856,746,418078.5,3809104.5,2022,164.0,213.0,231.0,242.0,254.0,274.0,292.0,1.0,1.0
1848,753,418099.5,3809128.5,2022,163.0,210.0,230.0,240.0,251.0,270.0,288.0,1.0,1.0
1859,802,418246.5,3809095.5,2022,143.0,181.0,229.0,240.0,251.0,274.0,310.0,1.0,1.0
1833,832,418336.5,3809173.5,2022,114.0,177.0,230.0,243.0,255.0,277.0,308.0,1.0,1.0
1843,857,418411.5,3809143.5,2022,151.0,189.0,230.0,241.0,252.0,274.0,320.0,1.0,1.0
1855,880,418480.5,3809107.5,2022,144.0,184.0,229.0,239.0,251.0,275.0,314.0,1.0,1.0
1843,912,418576.5,3809143.5,2022,149.0,211.0,231.0,240.0,251.0,271.0,308.0,1.0,1.0
1836,945,418675.5,3809164.5,2022,145.0,204.0,231.0,242.0,253.0,274.0,314.0,1.0,1.0
1854,961,418723.5,3809110.5,2022,149.0,209.0,230.0,240.0,251.0,272.0,316.0,1.0,1.0
1855,993,418819.5,3809107.5,2022,102.0,187.0,227.0,239.0,252.0,273.0,305.0,1.0,2.0
1835,1048,418984.5,3809167.5,2022,154.0,213.0,230.0,239.0,249.0,269.0,303.0,1.0,2.0
1839,1051,418993.5,3809155.5,2022,164.0,214.0,229.0,238.0,248.0,267.0,323.0,1.0,1.0
1856,1404,420052.5,3809104.5,2022,118.0,204.0,230.0,241.0,252.0,272.0,313.0,1.0,2.0
1839,1439,420157.5,3809155.5,2022,104.0,209.0,228.0,237.0,248.0,269.0,292.0,1.0,2.0
1846,1453,420199.5,3809134.5,2022,163.0,213.0,231.0,240.0,251.0,270.0,321.0,1.0,1.0
1845,1474,420262.5,3809137.5,2022,163.0,214.0,230.0,239.0,248.0,268.0,307.0,1.0,1.0
1837,1518,420394.5,3809161.5,2022,159.0,217.0,234.0,243.0,253.0,273.0,306.0,1.0,1.0
1850,1559,420517.5,3809122.5,2022,164.0,216.0,232.0,242.0,252.0,273.0,315.0,1.0,1.0
1859,1574,420562.5,3809095.5,2022,107.0,209.0,230.0,241.0,253.0,278.0,317.0,1.0,2.0
1830,1734,421042.5,3809182.5,2022,116.0,203.0,227.0,238.0,251.0,273.0,312.0,1.0,1.0
1830,1766,421138.5,3809182.5,2022,100.0,201.0,228.0,240.0,253.0,276.0,317.0,1.0,2.0
1830,1780,421180.5,3809182.5,2022,102.0,186.0,225.0,236.0,250.0,275.0,317.0,1.0,2.0
1851,1818,421294.5,3809119.5,2022,158.0,200.0,223.0,234.0,248.0,273.0,317.0,1.0,1.0
1855,1834,421342.5,3809107.5,2022,145.0,203.0,224.0,236.0,250.0,275.0,320.0,1.0,1.0
1840,1888,421504.5,3809152.5,2022,149.0,206.0,226.0,238.0,251.0,276.0,312.0,1.0,1.0
1833,1907,421561.5,3809173.5,2022,133.0,211.0,230.0,241.0,254.0,276.0,305.0,1.0,2.0
1830,1921,421603.5,3809182.5,2022,124.0,207.0,228.0,239.0,252.0,276.0,307.0,1.0,1.0
1859,1977,421771.5,3809095.5,2022,121.0,198.0,223.0,235.0,248.0,276.0,313.0,1.0,1.0
1830,1998,421834.5,3809182.5,2022,108.0,202.0,227.0,238.0,253.0,278.0,312.0,1.0,2.0
1838,2019,421897.5,3809158.5,2022,161.0,212.0,228.0,239.0,252.0,279.0,307.0,1.0,2.0
1848,2052,421996.5,3809128.5,2022,140.0,203.0,224.0,235.0,249.0,277.0,314.0,1.0,1.0
1849,2080,422080.5,3809125.5,2022,156.0,205.0,224.0,234.0,246.0,271.0,311.0,1.0,1.0
1845,2108,422164.5,3809137.5,2022,140.0,201.0,222.0,233.0,247.0,275.0,315.0,1.0,1.0
1842,2130,422230.5,3809146.5,2022,135.0,197.0,222.0,234.0,248.0,277.0,318.0,1.0,1.0
1830,2182,422386.5,3809182.5,2022,120.0,197.0,222.0,234.0,246.0,273.0,306.0,1.0,2.0
1853,2212,422476.5,3809113.5,2022,110.0,187.0,221.0,233.0,246.0,274.0,309.0,1.0,1.0
1858,2225,422515.5,3809098.5,2022,155.0,207.0,225.0,236.0,248.0,272.0,306.0,1.0,1.0
1850,2267,422641.5,3809122.5,2022,155.0,208.0,227.0,236.0,248.0,274.0,309.0,1.0,1.0
1849,2305,422755.5,3809125.5,2022,141.0,201.0,223.0,234.0,247.0,274.0,308.0,1.0,1.0
1852,2315,422785.5,3809116.5,2022,146.0,202.0,224.0,234.0,247.0,274.0,312.0,1.0,1.0
1853,2340,422860.5,3809113.5,2022,165.0,204.0,224.0,235.0,247.0,277.0,320.0,1.0,1.0
1830,2399,423037.5,3809182.5,2022,148.0,204.0,225.0,235.0,247.0,273.0,307.0,1.0,1.0
1831,2402,423046.5,3809179.5,2022,151.0,196.0,224.0,234.0,246.0,274.0,307.0,1.0,2.0
1831,2452,423196.5,3809179.5,2022,150.0,195.0,223.0,234.0,247.0,276.0,316.0,1.0,1.0
1832,2470,423250.5,3809176.5,2022,141.0,196.0,224.0,235.0,247.0,276.0,315.0,1.0,1.0
1836,2756,424108.5,3809164.5,2022,159.0,210.0,227.0,236.0,247.0,272.0,296.0,1.0,2.0
1858,2900,424540.5,3809098.5,2022,158.0,200.0,221.0,233.0,248.0,281.0,322.0,1.0,1.0
1859,2922,424606.5,3809095.5,2022,144.0,198.0,219.0,231.0,247.0,278.0,316.0,1.0,1.0
1848,2959,424717.5,3809128.5,2022,150.0,198.0,221.0,234.0,248.0,281.0,310.0,1.0,1.0
1857,2991,424813.5,3809101.5,2022,128.0,190.0,219.0,232.0,248.0,283.0,324.0,1.0,1.0
1850,3000,424840.5,3809122.5,2022,143.0,198.0,222.0,234.0,247.0,277.0,310.0,1.0,2.0
1850,3032,424936.5,3809122.5,2022,149.0,199.0,219.0,230.0,245.0,279.0,318.0,1.0,1.0
1852,3076,425068.5,3809116.5,2022,141.0,184.0,215.0,227.0,242.0,281.0,317.0,1.0,1.0
1848,3103,425149.5,3809128.5,2022,151.0,187.0,217.0,228.0,242.0,279.0,315.0,1.0,1.0
1853,3141,425263.5,3809113.5,2022,134.0,192.0,217.0,229.0,242.0,275.0,319.0,1.0,1.0
1858,3162,425326.5,3809098.5,2022,151.0,194.0,217.0,229.0,241.0,275.0,315.0,1.0,1.0
1848,3197,425431.5,3809128.5,2022,148.0,191.0,217.0,229.0,241.0,275.0,323.0,1.0,1.0
1852,3219,425497.5,3809116.5,2022,139.0,189.0,214.0,226.0,240.0,276.0,315.0,1.0,1.0
1852,3240,425560.5,3809116.5,2022,153.0,190.0,216.0,227.0,240.0,274.0,310.0,1.0,1.0
1836,3291,425713.5,3809164.5,2022,156.0,198.0,217.0,226.0,237.0,260.0,291.0,1.0,1.0
1853,3328,425824.5,3809113.5,2022,145.0,191.0,217.0,229.0,241.0,275.0,310.0,1.0,1.0
1856,3332,425836.5,3809104.5,2022,139.0,192.0,217.0,229.0,243.0,277.0,316.0,1.0,1.0
1873,3,415849.5,3809053.5,2022,149.0,215.0,232.0,242.0,253.0,274.0,314.0,1.0,2.0
1865,43,415969.5,3809077.5,2022,126.0,207.0,229.0,240.0,252.0,278.0,322.0,1.0,1.0
1886,76,416068.5,3809014.5,2022,159.0,216.0,233.0,242.0,254.0,277.0,318.0,1.0,2.0
1860,109,416167.5,3809092.5,2022,156.0,216.0,232.0,241.0,252.0,276.0,314.0,1.0,1.0
1871,131,416233.5,3809059.5,2022,143.0,214.0,231.0,240.0,251.0,273.0,318.0,1.0,1.0
1863,169,416347.5,3809083.5,2022,151.0,216.0,233.0,243.0,254.0,278.0,320.0,1.0,2.0
1871,194,416422.5,3809059.5,2022,148.0,220.0,235.0,245.0,257.0,280.0,331.0,1.0,2.0
1867,213,416479.5,3809071.5,2022,147.0,214.0,233.0,244.0,256.0,280.0,322.0,1.0,2.0
1866,252,416596.5,3809074.5,2022,136.0,184.0,233.0,244.0,256.0,278.0,309.0,1.0,2.0
1879,292,416716.5,3809035.5,2022,118.0,178.0,232.0,244.0,256.0,279.0,310.0,1.0,2.0
1885,324,416812.5,3809017.5,2022,148.0,215.0,236.0,247.0,258.0,281.0,316.0,1.0,1.0
1861,356,416908.5,3809089.5,2022,154.0,215.0,233.0,243.0,254.0,274.0,304.0,1.0,2.0
1870,384,416992.5,3809062.5,2022,142.0,183.0,232.0,242.0,254.0,277.0,311.0,1.0,1.0
1860,393,417019.5,3809092.5,2022,133.0,175.0,232.0,244.0,257.0,280.0,315.0,1.0,1.0
1870,445,417175.5,3809062.5,2022,148.0,218.0,235.0,245.0,256.0,276.0,363.0,1.0,2.0
1880,457,417211.5,3809032.5,2022,150.0,216.0,231.0,239.0,248.0,266.0,289.0,1.0,2.0
1861,499,417337.5,3809089.5,2022,145.0,207.0,228.0,238.0,248.0,268.0,290.0,1.0,2.0
1876,536,417448.5,3809044.5,2022,147.0,210.0,230.0,240.0,252.0,274.0,298.0,1.0,2.0
1868,567,417541.5,3809068.5,2022,110.0,206.0,229.0,238.0,249.0,269.0,297.0,1.0,2.0
1864,598,417634.5,3809080.5,2022,129.0,203.0,226.0,236.0,246.0,268.0,295.0,1.0,2.0
1876,608,417664.5,3809044.5,2022,154.0,207.0,226.0,236.0,246.0,264.0,285.0,1.0,2.0
1880,633,417739.5,3809032.5,2022,151.0,208.0,228.0,237.0,247.0,266.0,292.0,1.0,2.0
1865,665,417835.5,3809077.5,2022,143.0,180.0,229.0,239.0,249.0,269.0,294.0,1.0,2.0
1879,716,417988.5,3809035.5,2022,141.0,179.0,229.0,239.0,249.0,271.0,317.0,1.0,1.0
1879,745,418075.5,3809035.5,2022,146.0,184.0,229.0,239.0,251.0,273.0,315.0,1.0,1.0
1881,774,418162.5,3809029.5,2022,146.0,180.0,229.0,240.0,252.0,275.0,314.0,1.0,1.0
1876,809,418267.5,3809044.5,2022,108.0,177.0,227.0,239.0,251.0,273.0,316.0,1.0,1.0
1872,810,418270.5,3809056.5,2022,118.0,175.0,227.0,238.0,250.0,274.0,313.0,1.0,1.0
1876,855,418405.5,3809044.5,2022,107.0,178.0,226.0,238.0,251.0,273.0,307.0,1.0,1.0
1863,887,418501.5,3809083.5,2022,154.0,196.0,228.0,238.0,249.0,269.0,305.0,1.0,1.0
1878,909,418567.5,3809038.5,2022,151.0,187.0,226.0,237.0,248.0,271.0,309.0,1.0,1.0
1883,941,418663.5,3809023.5,2022,110.0,189.0,227.0,238.0,250.0,271.0,313.0,1.0,1.0
1866,964,418732.5,3809074.5,2022,146.0,197.0,227.0,238.0,250.0,270.0,312.0,1.0,1.0
1880,994,418822.5,3809032.5,2022,89.0,188.0,228.0,238.0,250.0,271.0,313.0,1.0,2.0
1884,1031,418933.5,3809020.5,2022,149.0,213.0,231.0,240.0,250.0,269.0,303.0,1.0,2.0
1886,1051,418993.5,3809014.5,2022,148.0,212.0,230.0,240.0,252.0,273.0,312.0,1.0,2.0
1876,1408,420064.5,3809044.5,2022,148.0,206.0,230.0,241.0,252.0,270.0,300.0,1.0,2.0
1866,1432,420136.5,3809074.5,2022,157.0,214.0,231.0,239.0,249.0,269.0,303.0,1.0,2.0
1882,1444,420172.5,3809026.5,2022,141.0,208.0,230.0,240.0,251.0,272.0,300.0,1.0,2.0
1869,1482,420286.5,3809065.5,2022,126.0,214.0,231.0,240.0,250.0,270.0,309.0,1.0,1.0
1864,1505,420355.5,3809080.5,2022,148.0,214.0,231.0,240.0,251.0,272.0,313.0,1.0,2.0
1865,1547,420481.5,3809077.5,2022,136.0,214.0,232.0,242.0,253.0,274.0,314.0,1.0,1.0
1887,1560,420520.5,3809011.5,2022,129.0,179.0,229.0,240.0,253.0,277.0,314.0,1.0,1.0
1862,1684,420892.5,3809086.5,2022,150.0,213.0,231.0,241.0,252.0,273.0,303.0,1.0,2.0
1862,1822,421306.5,3809086.5,2022,142.0,199.0,224.0,237.0,252.0,276.0,313.0,1.0,1.0
1876,1830,421330.5,3809044.5,2022,137.0,199.0,222.0,235.0,249.0,274.0,322.0,1.0,1.0
1867,1881,421483.5,3809071.5,2022,149.0,206.0,227.0,238.0,252.0,276.0,316.0,1.0,1.0
1860,1913,421579.5,3809092.5,2022,154.0,203.0,225.0,236.0,251.0,278.0,325.0,1.0,1.0
1873,1938,421654.5,3809053.5,2022,138.0,202.0,225.0,237.0,252.0,279.0,318.0,1.0,1.0
1876,1951,421693.5,3809044.5,2022,143.0,201.0,222.0,235.0,249.0,275.0,315.0,1.0,1.0
1864,2002,421846.5,3809080.5,2022,145.0,203.0,224.0,236.0,251.0,278.0,323.0,1.0,2.0
1887,2022,421906.5,3809011.5,2022,156.0,203.0,224.0,236.0,249.0,276.0,313.0,1.0,2.0
1860,2056,422008.5,3809092.5,2022,139.0,201.0,224.0,236.0,249.0,275.0,313.0,1.0,1.0
1873,2097,422131.5,3809053.5,2022,166.0,203.0,220.0,230.0,242.0,267.0,300.0,1.0,1.0
1888,2122,422206.5,3809008.5,2022,115.0,201.0,227.0,241.0,258.0,284.0,314.0,1.0,2.0
1863,2146,422278.5,3809083.5,2022,115.0,198.0,225.0,239.0,254.0,284.0,325.0,1.0,1.0
1860,2162,422326.5,3809092.5,2022,115.0,186.0,225.0,241.0,257.0,284.0,323.0,1.0,1.0
1878,2200,422440.5,3809038.5,2022,119.0,192.0,224.0,237.0,252.0,280.0,312.0,1.0,1.0
1868,2235,422545.5,3809068.5,2022,150.0,207.0,225.0,234.0,246.0,270.0,305.0,1.0,1.0
1888,2273,422659.5,3809008.5,2022,130.0,196.0,222.0,233.0,247.0,277.0,319.0,1.0,1.0
1867,2291,422713.5,3809071.5,2022,154.0,208.0,225.0,235.0,247.0,271.0,305.0,1.0,1.0
1889,2310,422770.5,3809005.5,2022,144.0,205.0,225.0,235.0,247.0,273.0,306.0,1.0,1.0
1862,2898,424534.5,3809086.5,2022,153.0,201.0,221.0,232.0,249.0,279.0,311.0,1.0,1.0
1874,2931,424633.5,3809050.5,2022,142.0,198.0,218.0,230.0,244.0,276.0,312.0,1.0,1.0
1884,2950,424690.5,3809020.5,2022,145.0,193.0,218.0,230.0,248.0,281.0,316.0,1.0,1.0
1885,2984,424792.5,3809017.5,2022,141.0,190.0,217.0,228.0,244.0,280.0,315.0,1.0,1.0
1863,3008,424864.5,3809083.5,2022,157.0,199.0,220.0,231.0,245.0,276.0,311.0,1.0,1.0
1868,3032,424936.5,3809068.5,2022,140.0,189.0,217.0,230.0,246.0,278.0,310.0,1.0,1.0
1872,3064,425032.5,3809056.5,2022,116.0,186.0,217.0,230.0,245.0,280.0,327.0,1.0,1.0
1869,3109,425167.5,3809065.5,2022,147.0,191.0,216.0,227.0,241.0,278.0,328.0,1.0,1.0
1874,3130,425230.5,3809050.5,2022,152.0,193.0,216.0,228.0,242.0,278.0,319.0,1.0,1.0
1885,3163,425329.5,3809017.5,2022,146.0,192.0,216.0,227.0,240.0,272.0,307.0,1.0,1.0
1876,3181,425383.5,3809044.5,2022,151.0,190.0,216.0,227.0,239.0,273.0,309.0,1.0,1.0
1863,3225,425515.5,3809083.5,2022,153.0,184.0,215.0,226.0,240.0,279.0,318.0,1.0,1.0
1889,3266,425638.5,3809005.5,2022,147.0,191.0,215.0,226.0,239.0,268.0,307.0,1.0,1.0
1882,3278,425674.5,3809026.5,2022,157.0,193.0,216.0,227.0,240.0,270.0,304.0,1.0,1.0
1879,3329,425827.5,3809035.5,2022,152.0,195.0,216.0,228.0,241.0,273.0,319.0,1.0,1.0
1876,3333,425839.5,3809044.5,2022,154.0,194.0,216.0,228.0,240.0,273.0,314.0,1.0,1.0
1900,10,415870.5,3808972.5,2022,161.0,218.0,234.0,243.0,254.0,274.0,303.0,1.0,2.0
1902,50,415990.5,3808966.5,2022,148.0,214.0,232.0,242.0,254.0,279.0,317.0,1.0,1.0
1912,63,416029.5,3808936.5,2022,154.0,217.0,233.0,243.0,254.0,276.0,319.0,1.0,1.0
1894,103,416149.5,3808990.5,2022,153.0,216.0,232.0,241.0,251.0,271.0,299.0,1.0,1.0
1896,120,416200.5,3808984.5,2022,151.0,215.0,233.0,243.0,254.0,277.0,317.0,1.0,1.0
1918,175,416365.5,3808918.5,2022,129.0,183.0,233.0,242.0,253.0,278.0,321.0,1.0,2.0
1899,183,416389.5,3808975.5,2022,146.0,213.0,233.0,243.0,255.0,279.0,324.0,1.0,2.0
1915,225,416515.5,3808927.5,2022,150.0,184.0,231.0,241.0,253.0,278.0,315.0,1.0,1.0
1913,275,416665.5,3808933.5,2022,131.0,183.0,232.0,241.0,253.0,277.0,309.0,1.0,1.0
1892,324,416812.5,3808996.5,2022,126.0,216.0,235.0,245.0,257.0,279.0,304.0,1.0,2.0
1904,336,416848.5,3808960.5,2022,145.0,180.0,234.0,245.0,258.0,281.0,314.0,1.0,1.0
1893,361,416923.5,3808993.5,2022,134.0,180.0,232.0,244.0,258.0,282.0,313.0,1.0,2.0
1919,393,417019.5,3808915.5,2022,136.0,182.0,232.0,241.0,252.0,273.0,299.0,1.0,2.0
1911,475,417265.5,3808939.5,2022,126.0,215.0,232.0,241.0,252.0,270.0,295.0,1.0,2.0
1908,500,417340.5,3808948.5,2022,152.0,214.0,230.0,239.0,249.0,266.0,285.0,1.0,2.0
1911,512,417376.5,3808939.5,2022,133.0,214.0,232.0,241.0,252.0,271.0,295.0,1.0,2.0
1906,587,417601.5,3808954.5,2022,129.0,209.0,228.0,237.0,247.0,264.0,284.0,1.0,2.0
1911,618,417694.5,3808939.5,2022,143.0,202.0,226.0,236.0,246.0,267.0,300.0,1.0,2.0
1907,631,417733.5,3808951.5,2022,139.0,202.0,228.0,237.0,248.0,268.0,293.0,1.0,2.0
1914,670,417850.5,3808930.5,2022,147.0,177.0,230.0,240.0,251.0,273.0,311.0,1.0,2.0
1902,715,417985.5,3808966.5,2022,136.0,174.0,228.0,238.0,250.0,273.0,312.0,1.0,2.0
1900,741,418063.5,3808972.5,2022,133.0,179.0,228.0,240.0,252.0,273.0,309.0,1.0,1.0
1914,750,418090.5,3808930.5,2022,147.0,184.0,228.0,239.0,251.0,272.0,307.0,1.0,1.0
1904,801,418243.5,3808960.5,2022,146.0,181.0,227.0,238.0,250.0,273.0,311.0,1.0,1.0
1903,827,418321.5,3808963.5,2022,151.0,183.0,228.0,239.0,250.0,274.0,312.0,1.0,1.0
1918,856,418408.5,3808918.5,2022,145.0,188.0,227.0,238.0,250.0,271.0,312.0,1.0,1.0
1904,872,418456.5,3808960.5,2022,104.0,182.0,226.0,238.0,250.0,274.0,313.0,1.0,1.0
1915,927,418621.5,3808927.5,2022,152.0,186.0,228.0,238.0,249.0,271.0,311.0,1.0,1.0
1912,933,418639.5,3808936.5,2022,148.0,185.0,228.0,239.0,250.0,273.0,312.0,1.0,1.0
1903,974,418762.5,3808963.5,2022,109.0,184.0,227.0,238.0,250.0,273.0,310.0,1.0,1.0
1907,996,418828.5,3808951.5,2022,154.0,207.0,227.0,238.0,249.0,270.0,307.0,1.0,1.0
1897,1020,418900.5,3808981.5,2022,155.0,209.0,228.0,237.0,248.0,268.0,314.0,1.0,2.0
1900,1050,418990.5,3808972.5,2022,158.0,212.0,229.0,239.0,249.0,268.0,314.0,1.0,2.0
1915,1407,420061.5,3808927.5,2022,122.0,186.0,230.0,240.0,252.0,272.0,314.0,1.0,1.0
1892,1427,420121.5,3808996.5,2022,126.0,209.0,231.0,241.0,252.0,272.0,309.0,1.0,1.0
1919,1444,420172.5,3808915.5,2022,129.0,204.0,229.0,239.0,251.0,275.0,323.0,1.0,1.0
1893,1487,420301.5,3808993.5,2022,120.0,184.0,230.0,241.0,252.0,273.0,311.0,1.0,1.0
1893,1555,420505.5,3808993.5,2022,136.0,175.0,232.0,242.0,254.0,275.0,313.0,1.0,1.0
1896,1562,420526.5,3808984.5,2022,112.0,179.0,229.0,241.0,254.0,279.0,319.0,1.0,2.0
1913,1759,421117.5,3808933.5,2022,144.0,209.0,229.0,239.0,251.0,273.0,309.0,1.0,2.0
1916,1791,421213.5,3808924.5,2022,154.0,207.0,228.0,239.0,253.0,275.0,308.0,1.0,2.0
1910,1818,421294.5,3808942.5,2022,150.0,203.0,225.0,237.0,250.0,274.0,313.0,1.0,1.0
1898,1838,421354.5,3808978.5,2022,144.0,200.0,224.0,237.0,252.0,277.0,317.0,1.0,1.0
1902,1875,421465.5,3808966.5,2022,147.0,204.0,225.0,236.0,249.0,275.0,322.0,1.0,1.0
1896,1909,421567.5,3808984.5,2022,154.0,206.0,226.0,237.0,250.0,275.0,314.0,1.0,1.0
1898,1938,421654.5,3808978.5,2022,147.0,204.0,226.0,237.0,249.0,275.0,315.0,1.0,1.0
1904,1973,421759.5,3808960.5,2022,148.0,202.0,224.0,236.0,250.0,275.0,315.0,1.0,1.0
1904,1993,421819.5,3808960.5,2022,140.0,202.0,225.0,236.0,250.0,275.0,316.0,1.0,1.0
1896,2011,421873.5,3808984.5,2022,118.0,201.0,224.0,236.0,249.0,275.0,312.0,1.0,1.0
1902,2049,421987.5,3808966.5,2022,142.0,201.0,224.0,238.0,253.0,278.0,318.0,1.0,1.0
1904,2097,422131.5,3808960.5,2022,105.0,199.0,226.0,240.0,256.0,281.0,320.0,1.0,1.0
1890,2106,422158.5,3809002.5,2022,113.0,198.0,223.0,236.0,254.0,283.0,321.0,1.0,1.0
1895,2158,422314.5,3808987.5,2022,110.0,197.0,226.0,239.0,256.0,285.0,320.0,1.0,1.0
1910,2165,422335.5,3808942.5,2022,111.0,198.0,226.0,240.0,257.0,286.0,320.0,1.0,1.0
1892,2219,422497.5,3808996.5,2022,163.0,207.0,225.0,235.0,248.0,274.0,314.0,1.0,2.0
1898,2248,422584.5,3808978.5,2022,152.0,204.0,223.0,234.0,248.0,276.0,311.0,1.0,1.0
1914,2254,422602.5,3808930.5,2022,148.0,203.0,224.0,235.0,249.0,279.0,326.0,1.0,1.0
1894,2280,422680.5,3808990.5,2022,142.0,202.0,224.0,234.0,247.0,274.0,313.0,1.0,1.0
1908,2317,422791.5,3808948.5,2022,148.0,207.0,226.0,236.0,249.0,275.0,309.0,1.0,2.0
1891,2908,424564.5,3808999.5,2022,144.0,200.0,220.0,232.0,247.0,278.0,316.0,1.0,1.0
1894,2918,424594.5,3808990.5,2022,136.0,197.0,218.0,230.0,245.0,279.0,314.0,1.0,1.0
1905,2965,424735.5,3808957.5,2022,143.0,190.0,217.0,230.0,245.0,278.0,324.0,1.0,1.0
1914,2984,424792.5,3808930.5,2022,142.0,197.0,220.0,232.0,246.0,280.0,320.0,1.0,1.0
1899,3025,424915.5,3808975.5,2022,150.0,197.0,220.0,232.0,245.0,280.0,316.0,1.0,1.0
1900,3051,424993.5,3808972.5,2022,153.0,196.0,218.0,229.0,241.0,278.0,311.0,1.0,1.0
1905,3072,425056.5,3808957.5,2022,140.0,199.0,217.0,228.0,240.0,273.0,309.0,1.0,1.0
1918,3118,425194.5,3808918.5,2022,152.0,195.0,217.0,228.0,240.0,274.0,310.0,1.0,1.0
1915,3120,425200.5,3808927.5,2022,151.0,192.0,217.0,228.0,241.0,277.0,315.0,1.0,1.0
1912,3171,425353.5,3808936.5,2022,149.0,190.0,216.0,227.0,240.0,274.0,311.0,1.0,1.0
1913,3204,425452.5,3808933.5,2022,144.0,190.0,216.0,228.0,240.0,274.0,314.0,1.0,1.0
1904,3239,425557.5,3808960.5,2022,150.0,190.0,214.0,225.0,238.0,272.0,313.0,1.0,1.0
1905,3259,425617.5,3808957.5,2022,155.0,194.0,215.0,226.0,238.0,267.0,316.0,1.0,1.0
1918,3275,425665.5,3808918.5,2022,162.0,196.0,216.0,227.0,239.0,271.0,308.0,1.0,1.0
1892,3321,425803.5,3808996.5,2022,151.0,192.0,217.0,229.0,242.0,277.0,324.0,1.0,1.0
1897,3332,425836.5,3808981.5,2022,151.0,196.0,217.0,228.0,240.0,272.0,310.0,1.0,1.0
1940,21,415903.5,3808852.5,2022,114.0,205.0,229.0,240.0,252.0,277.0,320.0,1.0,2.0
1921,59,416017.5,3808909.5,2022,144.0,213.0,233.0,243.0,255.0,278.0,317.0,1.0,2.0
1941,83,416089.5,3808849.5,2022,155.0,210.0,230.0,241.0,252.0,274.0,315.0,1.0,1.0
1939,100,416140.5,3808855.5,2022,155.0,216.0,232.0,241.0,252.0,274.0,356.0,1.0,2.0
1933,126,416218.5,3808873.5,2022,152.0,213.0,231.0,240.0,251.0,272.0,298.0,1.0,2.0
1940,165,416335.5,3808852.5,2022,143.0,217.0,233.0,242.0,253.0,277.0,311.0,1.0,2.0
1932,202,416446.5,3808876.5,2022,150.0,186.0,231.0,240.0,252.0,277.0,327.0,1.0,2.0
1935,216,416488.5,3808867.5,2022,152.0,215.0,232.0,241.0,252.0,274.0,312.0,1.0,2.0
1933,268,416644.5,3808873.5,2022,150.0,211.0,231.0,240.0,251.0,273.0,305.0,1.0,2.0
1937,291,416713.5,3808861.5,2022,160.0,213.0,232.0,241.0,251.0,272.0,299.0,1.0,2.0
1921,319,416797.5,3808909.5,2022,144.0,213.0,233.0,243.0,256.0,277.0,350.0,1.0,2.0
1940,369,416947.5,3808852.5,2022,153.0,217.0,234.0,244.0,255.0,276.0,366.0,1.0,2.0
1949,416,417088.5,3808825.5,2022,149.0,214.0,231.0,239.0,251.0,272.0,326.0,1.0,2.0
1946,420,417100.5,3808834.5,2022,155.0,214.0,231.0,240.0,250.0,271.0,299.0,1.0,2.0
1942,507,417361.5,3808846.5,2022,158.0,213.0,229.0,238.0,247.0,263.0,284.0,1.0,2.0
1944,518,417394.5,3808840.5,2022,152.0,209.0,228.0,237.0,247.0,267.0,292.0,1.0,2.0
1943,580,417580.5,3808843.5,2022,157.0,207.0,228.0,237.0,247.0,266.0,290.0,1.0,2.0
1949,610,417670.5,3808825.5,2022,126.0,185.0,229.0,239.0,250.0,270.0,307.0,1.0,2.0
1920,654,417802.5,3808912.5,2022,140.0,178.0,230.0,240.0,251.0,273.0,309.0,1.0,2.0
1948,688,417904.5,3808828.5,2022,152.0,178.0,229.0,239.0,251.0,276.0,324.0,1.0,2.0
1947,697,417931.5,3808831.5,2022,140.0,181.0,227.0,238.0,250.0,274.0,320.0,1.0,2.0
1924,746,418078.5,3808900.5,2022,142.0,183.0,230.0,240.0,252.0,272.0,307.0,1.0,1.0
1929,772,418156.5,3808885.5,2022,127.0,178.0,226.0,239.0,251.0,273.0,314.0,1.0,1.0
1949,782,418186.5,3808825.5,2022,148.0,181.0,228.0,239.0,250.0,273.0,306.0,1.0,1.0
1941,824,418312.5,3808849.5,2022,104.0,180.0,227.0,238.0,251.0,274.0,312.0,1.0,1.0
1947,855,418405.5,3808831.5,2022,111.0,180.0,225.0,237.0,249.0,274.0,308.0,1.0,1.0
1947,889,418507.5,3808831.5,2022,151.0,185.0,227.0,237.0,248.0,270.0,312.0,1.0,1.0
1942,928,418624.5,3808846.5,2022,110.0,184.0,227.0,238.0,250.0,273.0,311.0,1.0,1.0
1921,930,418630.5,3808909.5,2022,140.0,184.0,227.0,238.0,249.0,271.0,304.0,1.0,1.0
1928,974,418762.5,3808888.5,2022,108.0,180.0,226.0,239.0,251.0,276.0,314.0,1.0,1.0
1944,990,418810.5,3808840.5,2022,145.0,181.0,227.0,238.0,250.0,271.0,311.0,1.0,1.0
1929,1021,418903.5,3808885.5,2022,152.0,212.0,228.0,237.0,246.0,266.0,293.0,1.0,2.0
1924,1052,418996.5,3808900.5,2022,118.0,186.0,228.0,238.0,251.0,272.0,308.0,1.0,2.0
1948,1404,420052.5,3808828.5,2022,156.0,210.0,229.0,239.0,250.0,271.0,314.0,1.0,2.0
1920,1419,420097.5,3808912.5,2022,148.0,209.0,231.0,241.0,252.0,271.0,315.0,1.0,1.0
1920,1444,420172.5,3808912.5,2022,115.0,186.0,230.0,240.0,251.0,272.0,304.0,1.0,1.0
1926,1506,420358.5,3808894.5,2022,113.0,211.0,231.0,241.0,252.0,274.0,321.0,1.0,2.0
1939,1682,420886.5,3808855.5,2022,148.0,209.0,230.0,240.0,252.0,275.0,310.0,1.0,2.0
1942,1748,421084.5,3808846.5,2022,124.0,206.0,227.0,237.0,248.0,273.0,316.0,1.0,2.0
1921,1774,421162.5,3808909.5,2022,123.0,210.0,229.0,239.0,252.0,273.0,301.0,1.0,1.0
1937,1823,421309.5,3808861.5,2022,149.0,206.0,225.0,236.0,250.0,275.0,311.0,1.0,1.0
1925,1837,421351.5,3808897.5,2022,144.0,202.0,225.0,236.0,250.0,274.0,314.0,1.0,1.0
1921,1889,421507.5,3808909.5,2022,147.0,205.0,227.0,238.0,252.0,278.0,318.0,1.0,1.0
1946,1900,421540.5,3808834.5,2022,160.0,207.0,228.0,239.0,253.0,278.0,320.0,1.0,1.0
1922,1940,421660.5,3808906.5,2022,152.0,208.0,228.0,239.0,252.0,277.0,319.0,1.0,1.0
1937,1973,421759.5,3808861.5,2022,122.0,204.0,226.0,238.0,254.0,281.0,313.0,1.0,1.0
1925,1986,421798.5,3808897.5,2022,142.0,204.0,223.0,235.0,248.0,273.0,303.0,1.0,1.0
1921,2037,421951.5,3808909.5,2022,139.0,202.0,226.0,239.0,255.0,279.0,325.0,1.0,1.0
1939,2049,421987.5,3808855.5,2022,116.0,204.0,226.0,238.0,251.0,278.0,314.0,1.0,1.0
1928,2089,422107.5,3808888.5,2022,151.0,205.0,224.0,235.0,248.0,272.0,304.0,1.0,1.0
1933,2105,422155.5,3808873.5,2022,120.0,204.0,227.0,242.0,258.0,284.0,314.0,1.0,1.0
1929,2135,422245.5,3808885.5,2022,119.0,202.0,228.0,242.0,258.0,285.0,317.0,1.0,1.0
1924,2165,422335.5,3808900.5,2022,116.0,202.0,227.0,240.0,256.0,282.0,317.0,1.0,1.0
1943,2214,422482.5,3808843.5,2022,149.0,204.0,224.0,235.0,248.0,276.0,312.0,1.0,1.0
1940,2243,422569.5,3808852.5,2022,134.0,206.0,225.0,237.0,253.0,280.0,310.0,1.0,2.0
1934,2250,422590.5,3808870.5,2022,141.0,207.0,225.0,235.0,249.0,278.0,310.0,1.0,2.0
1943,2304,422752.5,3808843.5,2022,143.0,203.0,224.0,236.0,252.0,280.0,317.0,1.0,2.0
1934,2316,422788.5,3808870.5,2022,150.0,206.0,227.0,238.0,251.0,278.0,318.0,1.0,1.0
1927,2907,424561.5,3808891.5,2022,146.0,191.0,221.0,234.0,255.0,284.0,323.0,1.0,1.0
1934,2921,424603.5,3808870.5,2022,148.0,200.0,220.0,231.0,245.0,278.0,317.0,1.0,1.0
1922,2951,424693.5,3808906.5,2022,138.0,196.0,218.0,230.0,244.0,278.0,314.0,1.0,1.0
1932,2992,424816.5,3808876.5,2022,134.0,193.0,218.0,230.0,244.0,275.0,315.0,1.0,1.0
1928,3028,424924.5,3808888.5,2022,152.0,193.0,220.0,231.0,244.0,277.0,311.0,1.0,1.0
1948,3034,424942.5,3808828.5,2022,149.0,191.0,219.0,231.0,244.0,277.0,323.0,1.0,1.0
1942,3063,425029.5,3808846.5,2022,155.0,196.0,219.0,231.0,245.0,281.0,315.0,1.0,1.0
1928,3096,425128.5,3808888.5,2022,154.0,191.0,217.0,229.0,243.0,278.0,317.0,1.0,1.0
1936,3131,425233.5,3808864.5,2022,137.0,196.0,217.0,228.0,241.0,278.0,314.0,1.0,1.0
1929,3168,425344.5,3808885.5,2022,149.0,195.0,218.0,229.0,242.0,278.0,320.0,1.0,1.0
1928,3200,425440.5,3808888.5,2022,147.0,195.0,217.0,227.0,239.0,272.0,308.0,1.0,1.0
1929,3235,425545.5,3808885.5,2022,151.0,195.0,216.0,227.0,239.0,269.0,305.0,1.0,1.0
1948,3267,425641.5,3808828.5,2022,154.0,196.0,218.0,229.0,241.0,272.0,311.0,1.0,1.0
1922,3285,425695.5,3808906.5,2022,144.0,196.0,218.0,230.0,242.0,273.0,320.0,1.0,1.0
1922,3315,425785.5,3808906.5,2022,150.0,195.0,216.0,228.0,242.0,276.0,313.0,1.0,1.0
1939,3332,425836.5,3808855.5,2022,157.0,197.0,219.0,231.0,242.0,272.0,310.0,1.0,1.0
1968,18,415894.5,3808768.5,2022,127.0,187.0,229.0,241.0,256.0,282.0,318.0,1.0,2.0
1979,35,415945.5,3808735.5,2022,68.0,171.0,222.0,237.0,253.0,281.0,321.0,1.0,2.0
1965,89,416107.5,3808777.5,2022,123.0,206.0,229.0,240.0,253.0,277.0,320.0,1.0,2.0
1957,99,416137.5,3808801.5,2022,150.0,212.0,231.0,240.0,251.0,274.0,309.0,1.0,2.0
1958,141,416263.5,3808798.5,2022,120.0,215.0,232.0,242.0,252.0,271.0,298.0,1.0,2.0
1979,171,416353.5,3808735.5,2022,174.0,220.0,233.0,242.0,252.0,270.0,293.0,1.0,2.0
1971,180,416380.5,3808759.5,2022,157.0,217.0,233.0,242.0,252.0,273.0,303.0,1.0,2.0
1954,212,416476.5,3808810.5,2022,149.0,215.0,232.0,240.0,251.0,274.0,305.0,1.0,2.0
1976,264,416632.5,3808744.5,2022,148.0,214.0,233.0,242.0,253.0,276.0,303.0,1.0,2.0
1952,290,416710.5,3808816.5,2022,153.0,213.0,232.0,241.0,252.0,275.0,305.0,1.0,2.0
1952,377,416971.5,3808816.5,2022,145.0,215.0,232.0,242.0,253.0,273.0,300.0,1.0,2.0
1969,419,417097.5,3808765.5,2022,154.0,214.0,231.0,239.0,250.0,270.0,299.0,1.0,2.0
1975,422,417106.5,3808747.5,2022,145.0,212.0,230.0,239.0,250.0,270.0,319.0,1.0,2.0
1970,506,417358.5,3808762.5,2022,159.0,207.0,230.0,239.0,249.0,267.0,290.0,1.0,2.0
1979,536,417448.5,3808735.5,2022,150.0,189.0,228.0,237.0,248.0,269.0,298.0,1.0,2.0
1977,564,417532.5,3808741.5,2022,144.0,194.0,228.0,238.0,249.0,270.0,299.0,1.0,2.0
1975,584,417592.5,3808747.5,2022,144.0,181.0,232.0,241.0,251.0,273.0,315.0,1.0,1.0
1952,606,417658.5,3808816.5,2022,145.0,184.0,230.0,240.0,252.0,273.0,309.0,1.0,2.0
1950,651,417793.5,3808822.5,2022,134.0,175.0,228.0,238.0,250.0,272.0,306.0,1.0,1.0
1971,687,417901.5,3808759.5,2022,141.0,175.0,229.0,239.0,249.0,273.0,307.0,1.0,2.0
1971,699,417937.5,3808759.5,2022,153.0,183.0,227.0,238.0,249.0,272.0,309.0,1.0,2.0
1973,742,418066.5,3808753.5,2022,149.0,202.0,230.0,240.0,252.0,273.0,312.0,1.0,2.0
1962,777,418171.5,3808786.5,2022,125.0,181.0,225.0,238.0,251.0,274.0,313.0,1.0,1.0
1963,794,418222.5,3808783.5,2022,145.0,182.0,226.0,238.0,251.0,276.0,315.0,1.0,1.0
1953,826,418318.5,3808813.5,2022,148.0,179.0,226.0,238.0,251.0,276.0,313.0,1.0,1.0
1979,854,418402.5,3808735.5,2022,153.0,184.0,227.0,238.0,250.0,275.0,312.0,1.0,1.0
1968,886,418498.5,3808768.5,2022,108.0,183.0,227.0,239.0,251.0,273.0,316.0,1.0,1.0
1955,915,418585.5,3808807.5,2022,157.0,201.0,228.0,238.0,249.0,270.0,312.0,1.0,1.0
1976,947,418681.5,3808744.5,2022,109.0,182.0,227.0,239.0,251.0,274.0,307.0,1.0,1.0
1968,975,418765.5,3808768.5,2022,147.0,182.0,227.0,239.0,251.0,273.0,311.0,1.0,1.0
1974,1017,418891.5,3808750.5,2022,142.0,183.0,229.0,238.0,250.0,271.0,318.0,1.0,1.0
1959,1025,418915.5,3808795.5,2022,157.0,208.0,228.0,237.0,248.0,268.0,308.0,1.0,2.0
1952,1053,418999.5,3808816.5,2022,136.0,183.0,230.0,240.0,252.0,276.0,329.0,1.0,2.0
1964,1404,420052.5,3808780.5,2022,110.0,187.0,230.0,241.0,253.0,273.0,318.0,1.0,2.0
1953,1413,420079.5,3808813.5,2022,149.0,204.0,228.0,239.0,251.0,273.0,328.0,1.0,1.0
1962,1440,420160.5,3808786.5,2022,143.0,203.0,229.0,239.0,251.0,276.0,320.0,1.0,2.0
1960,1480,420280.5,3808792.5,2022,137.0,213.0,233.0,243.0,254.0,275.0,323.0,1.0,1.0
1978,1685,420895.5,3808738.5,2022,104.0,209.0,230.0,240.0,252.0,276.0,309.0,1.0,2.0
1955,1737,421051.5,3808807.5,2022,125.0,210.0,228.0,237.0,248.0,272.0,303.0,1.0,2.0
1955,1742,421066.5,3808807.5,2022,156.0,213.0,230.0,239.0,251.0,272.0,296.0,1.0,2.0
1964,1783,421189.5,3808780.5,2022,143.0,210.0,230.0,241.0,253.0,274.0,298.0,1.0,2.0
1969,1809,421267.5,3808765.5,2022,140.0,205.0,226.0,237.0,250.0,273.0,307.0,1.0,1.0
1962,1850,421390.5,3808786.5,2022,154.0,206.0,228.0,240.0,254.0,278.0,326.0,1.0,2.0
1959,1879,421477.5,3808795.5,2022,152.0,202.0,225.0,236.0,250.0,277.0,323.0,1.0,1.0
1956,1893,421519.5,3808804.5,2022,157.0,207.0,227.0,238.0,252.0,279.0,320.0,1.0,1.0
1954,1931,421633.5,3808810.5,2022,151.0,205.0,226.0,238.0,251.0,278.0,322.0,1.0,1.0
1972,1970,421750.5,3808756.5,2022,151.0,204.0,226.0,237.0,250.0,275.0,308.0,1.0,1.0
1977,1995,421825.5,3808741.5,2022,143.0,205.0,225.0,238.0,253.0,278.0,316.0,1.0,1.0
1967,2037,421951.5,3808771.5,2022,137.0,203.0,225.0,239.0,254.0,280.0,328.0,1.0,1.0
1965,2040,421960.5,3808777.5,2022,146.0,198.0,223.0,237.0,255.0,281.0,319.0,1.0,1.0
1978,2085,422095.5,3808738.5,2022,149.0,205.0,225.0,236.0,250.0,276.0,309.0,1.0,1.0
1966,2112,422176.5,3808774.5,2022,115.0,202.0,227.0,241.0,257.0,283.0,313.0,1.0,1.0
1977,2136,422248.5,3808741.5,2022,125.0,198.0,226.0,239.0,256.0,285.0,322.0,1.0,1.0
1957,2167,422341.5,3808801.5,2022,114.0,203.0,225.0,238.0,255.0,283.0,316.0,1.0,1.0
1953,2212,422476.5,3808813.5,2022,161.0,206.0,224.0,235.0,248.0,275.0,306.0,1.0,1.0
1969,2229,422527.5,3808765.5,2022,147.0,202.0,223.0,234.0,249.0,277.0,314.0,1.0,1.0
1959,2278,422674.5,3808795.5,2022,146.0,203.0,224.0,236.0,251.0,280.0,311.0,1.0,1.0
1968,2292,422716.5,3808768.5,2022,151.0,204.0,224.0,236.0,250.0,277.0,308.0,1.0,1.0
1951,2317,422791.5,3808819.5,2022,145.0,199.0,223.0,234.0,249.0,281.0,319.0,1.0,1.0
1978,2506,423358.5,3808738.5,2022,162.0,207.0,223.0,233.0,244.0,269.0,292.0,1.0,1.0
1964,2520,423400.5,3808780.5,2022,157.0,207.0,224.0,234.0,243.0,268.0,294.0,1.0,2.0
1977,2897,424531.5,3808741.5,2022,149.0,197.0,221.0,233.0,249.0,281.0,316.0,1.0,1.0
1957,2920,424600.5,3808801.5,2022,148.0,196.0,219.0,231.0,245.0,278.0,314.0,1.0,1.0
1953,2968,424744.5,3808813.5,2022,133.0,193.0,218.0,231.0,245.0,279.0,320.0,1.0,1.0
1958,2984,424792.5,3808798.5,2022,136.0,188.0,218.0,231.0,245.0,279.0,322.0,1.0,2.0
1965,3017,424891.5,3808777.5,2022,123.0,195.0,221.0,232.0,245.0,280.0,321.0,1.0,1.0
1969,3032,424936.5,3808765.5,2022,132.0,192.0,219.0,231.0,244.0,279.0,314.0,1.0,1.0
1963,3066,425038.5,3808783.5,2022,155.0,195.0,218.0,230.0,243.0,278.0,318.0,1.0,1.0
1958,3094,425122.5,3808798.5,2022,132.0,191.0,216.0,227.0,241.0,278.0,318.0,1.0,1.0
1964,3144,425272.5,3808780.5,2022,150.0,194.0,217.0,228.0,242.0,278.0,312.0,1.0,1.0
1962,3167,425341.5,3808786.5,2022,148.0,195.0,216.0,227.0,241.0,273.0,312.0,1.0,1.0
1965,3195,425425.5,3808777.5,2022,157.0,197.0,216.0,227.0,240.0,273.0,312.0,1.0,1.0
1979,3219,425497.5,3808735.5,2022,151.0,195.0,218.0,230.0,243.0,277.0,314.0,1.0,1.0
1962,3244,425572.5,3808786.5,2022,162.0,199.0,219.0,230.0,242.0,276.0,313.0,1.0,1.0
1976,3280,425680.5,3808744.5,2022,152.0,195.0,219.0,230.0,243.0,276.0,316.0,1.0,1.0
1969,3316,425788.5,3808765.5,2022,164.0,196.0,217.0,229.0,242.0,274.0,314.0,1.0,1.0
1966,3332,425836.5,3808774.5,2022,151.0,195.0,218.0,229.0,242.0,274.0,310.0,1.0,1.0
1980,20,415900.5,3808732.5,2022,76.0,175.0,226.0,241.0,260.0,289.0,329.0,1.0,2.0
1995,50,415990.5,3808687.5,2022,70.0,172.0,226.0,239.0,255.0,288.0,323.0,1.0,2.0
1996,65,416035.5,3808684.5,2022,70.0,171.0,225.0,239.0,255.0,284.0,323.0,1.0,2.0
1980,91,416113.5,3808732.5,2022,123.0,208.0,230.0,240.0,251.0,274.0,302.0,1.0,2.0
1984,137,416251.5,3808720.5,2022,161.0,216.0,232.0,242.0,253.0,275.0,307.0,1.0,2.0
1984,157,416311.5,3808720.5,2022,149.0,217.0,233.0,241.0,252.0,271.0,300.0,1.0,2.0
2007,183,416389.5,3808651.5,2022,160.0,218.0,233.0,242.0,253.0,273.0,300.0,1.0,2.0
2009,231,416533.5,3808645.5,2022,158.0,214.0,230.0,239.0,249.0,271.0,356.0,1.0,2.0
1984,264,416632.5,3808720.5,2022,160.0,214.0,231.0,240.0,251.0,272.0,298.0,1.0,2.0
1993,271,416653.5,3808693.5,2022,145.0,212.0,232.0,241.0,252.0,275.0,302.0,1.0,2.0
1982,304,416752.5,3808726.5,2022,147.0,204.0,231.0,241.0,251.0,273.0,301.0,1.0,2.0
2003,358,416914.5,3808663.5,2022,149.0,215.0,231.0,239.0,250.0,271.0,293.0,1.0,2.0
1994,379,416977.5,3808690.5,2022,148.0,178.0,231.0,240.0,250.0,272.0,306.0,1.0,2.0
1981,409,417067.5,3808729.5,2022,155.0,215.0,232.0,241.0,251.0,270.0,296.0,1.0,2.0
1988,421,417103.5,3808708.5,2022,149.0,212.0,230.0,238.0,248.0,267.0,292.0,1.0,2.0
1991,537,417451.5,3808699.5,2022,156.0,193.0,229.0,238.0,249.0,271.0,324.0,1.0,1.0
1986,541,417463.5,3808714.5,2022,124.0,184.0,226.0,237.0,249.0,273.0,321.0,1.0,2.0
1995,597,417631.5,3808687.5,2022,147.0,180.0,229.0,238.0,249.0,268.0,307.0,1.0,1.0
1995,600,417640.5,3808687.5,2022,150.0,204.0,228.0,237.0,247.0,267.0,301.0,1.0,1.0
2006,651,417793.5,3808654.5,2022,146.0,208.0,230.0,238.0,249.0,271.0,302.0,1.0,1.0
2000,681,417883.5,3808672.5,2022,152.0,183.0,227.0,237.0,247.0,270.0,303.0,1.0,2.0
1985,710,417970.5,3808717.5,2022,159.0,203.0,229.0,239.0,249.0,270.0,308.0,1.0,2.0
1995,729,418027.5,3808687.5,2022,149.0,193.0,228.0,238.0,250.0,273.0,311.0,1.0,1.0
1987,751,418093.5,3808711.5,2022,153.0,209.0,230.0,239.0,251.0,273.0,307.0,1.0,1.0
1983,780,418180.5,3808723.5,2022,147.0,185.0,226.0,237.0,249.0,272.0,305.0,1.0,1.0
1984,827,418321.5,3808720.5,2022,140.0,184.0,226.0,237.0,249.0,273.0,312.0,1.0,1.0
1992,861,418423.5,3808696.5,2022,157.0,190.0,227.0,237.0,249.0,271.0,314.0,1.0,2.0
1981,896,418528.5,3808729.5,2022,109.0,181.0,227.0,239.0,252.0,278.0,319.0,1.0,1.0
1982,916,418588.5,3808726.5,2022,105.0,184.0,228.0,239.0,251.0,273.0,308.0,1.0,1.0
1994,930,418630.5,3808690.5,2022,117.0,187.0,229.0,239.0,250.0,273.0,312.0,1.0,1.0
2001,981,418783.5,3808669.5,2022,145.0,196.0,229.0,239.0,250.0,273.0,317.0,1.0,1.0
1984,1011,418873.5,3808720.5,2022,130.0,190.0,226.0,236.0,249.0,271.0,303.0,1.0,2.0
1988,1026,418918.5,3808708.5,2022,145.0,181.0,227.0,239.0,251.0,273.0,319.0,1.0,1.0
2009,1050,418990.5,3808645.5,2022,154.0,185.0,230.0,241.0,251.0,271.0,329.0,1.0,2.0
1981,1408,420064.5,3808729.5,2022,152.0,210.0,230.0,240.0,252.0,272.0,311.0,1.0,2.0
1997,1422,420106.5,3808681.5,2022,154.0,214.0,232.0,242.0,253.0,273.0,306.0,1.0,1.0
1990,1441,420163.5,3808702.5,2022,132.0,212.0,232.0,242.0,255.0,276.0,308.0,1.0,2.0
1983,1688,420904.5,3808723.5,2022,114.0,204.0,229.0,240.0,253.0,277.0,317.0,1.0,2.0
1989,1738,421054.5,3808705.5,2022,153.0,213.0,230.0,239.0,251.0,274.0,303.0,1.0,2.0
1992,1761,421123.5,3808696.5,2022,164.0,213.0,229.0,238.0,249.0,270.0,295.0,1.0,2.0
1982,1793,421219.5,3808726.5,2022,156.0,212.0,230.0,239.0,251.0,271.0,292.0,1.0,1.0
2009,1829,421327.5,3808645.5,2022,154.0,204.0,226.0,236.0,250.0,277.0,311.0,1.0,1.0
1996,1830,421330.5,3808684.5,2022,157.0,206.0,226.0,237.0,250.0,276.0,319.0,1.0,1.0
1998,1871,421453.5,3808678.5,2022,153.0,206.0,227.0,238.0,252.0,276.0,313.0,1.0,1.0
1997,1909,421567.5,3808681.5,2022,149.0,207.0,226.0,237.0,250.0,276.0,316.0,1.0,1.0
1981,1935,421645.5,3808729.5,2022,156.0,207.0,227.0,238.0,251.0,275.0,311.0,1.0,1.0
1990,1978,421774.5,3808702.5,2022,150.0,204.0,226.0,238.0,253.0,280.0,321.0,1.0,1.0
1990,1999,421837.5,3808702.5,2022,169.0,210.0,228.0,238.0,252.0,276.0,306.0,1.0,1.0
2008,2022,421906.5,3808648.5,2022,153.0,206.0,226.0,237.0,251.0,277.0,316.0,1.0,1.0
1992,2056,422008.5,3808696.5,2022,147.0,204.0,225.0,237.0,252.0,276.0,311.0,1.0,1.0
1988,2076,422068.5,3808708.5,2022,138.0,204.0,224.0,235.0,248.0,274.0,304.0,1.0,1.0
1999,2109,422167.5,3808675.5,2022,121.0,194.0,222.0,236.0,252.0,280.0,317.0,1.0,1.0
1997,2131,422233.5,3808681.5,2022,123.0,200.0,224.0,238.0,254.0,283.0,320.0,1.0,1.0
1995,2178,422374.5,3808687.5,2022,118.0,196.0,222.0,236.0,253.0,283.0,319.0,1.0,1.0
2002,2211,422473.5,3808666.5,2022,143.0,206.0,225.0,236.0,250.0,277.0,315.0,1.0,1.0
1987,2220,422500.5,3808711.5,2022,151.0,207.0,225.0,236.0,250.0,276.0,308.0,1.0,1.0
1993,2263,422629.5,3808693.5,2022,125.0,200.0,222.0,234.0,248.0,277.0,312.0,1.0,2.0
1990,2295,422725.5,3808702.5,2022,144.0,202.0,224.0,235.0,251.0,278.0,311.0,1.0,1.0
1991,2329,422827.5,3808699.5,2022,141.0,188.0,222.0,234.0,248.0,279.0,314.0,1.0,1.0
1991,2515,423385.5,3808699.5,2022,147.0,208.0,226.0,236.0,247.0,273.0,305.0,1.0,1.0
1987,2521,423403.5,3808711.5,2022,151.0,206.0,224.0,234.0,243.0,270.0,293.0,1.0,1.0
2006,2896,424528.5,3808654.5,2022,170.0,205.0,222.0,232.0,245.0,277.0,311.0,1.0,1.0
1996,2929,424627.5,3808684.5,2022,144.0,194.0,219.0,231.0,244.0,279.0,313.0,1.0,1.0
1985,2942,424666.5,3808717.5,2022,150.0,196.0,219.0,231.0,244.0,280.0,316.0,1.0,1.0
1999,2986,424798.5,3808675.5,2022,140.0,193.0,218.0,231.0,245.0,278.0,317.0,1.0,1.0
1993,3019,424897.5,3808693.5,2022,128.0,190.0,220.0,231.0,244.0,279.0,318.0,1.0,1.0
1999,3051,424993.5,3808675.5,2022,140.0,197.0,220.0,232.0,244.0,278.0,312.0,1.0,1.0
1990,3085,425095.5,3808702.5,2022,147.0,193.0,218.0,229.0,242.0,276.0,314.0,1.0,1.0
2005,3097,425131.5,3808657.5,2022,152.0,197.0,219.0,230.0,242.0,279.0,311.0,1.0,1.0
2009,3126,425218.5,3808645.5,2022,143.0,192.0,216.0,228.0,241.0,279.0,318.0,1.0,1.0
2003,3160,425320.5,3808663.5,2022,138.0,196.0,218.0,230.0,242.0,274.0,310.0,1.0,1.0
1980,3186,425398.5,3808732.5,2022,158.0,198.0,219.0,230.0,243.0,276.0,313.0,1.0,1.0
2005,3214,425482.5,3808657.5,2022,156.0,197.0,217.0,229.0,242.0,276.0,315.0,1.0,1.0
2006,3266,425638.5,3808654.5,2022,155.0,199.0,219.0,229.0,241.0,273.0,307.0,1.0,1.0
2008,3292,425716.5,3808648.5,2022,159.0,198.0,218.0,229.0,241.0,275.0,319.0,1.0,1.0
1983,3313,425779.5,3808723.5,2022,139.0,195.0,218.0,230.0,242.0,272.0,308.0,1.0,1.0
2009,3331,425833.5,3808645.5,2022,164.0,199.0,219.0,231.0,244.0,276.0,314.0,1.0,1.0
2036,5,415855.5,3808564.5,2022,164.0,213.0,231.0,240.0,251.0,269.0,297.0,1.0,1.0
2027,50,415990.5,3808591.5,2022,71.0,170.0,227.0,240.0,256.0,282.0,318.0,1.0,2.0
2026,70,416050.5,3808594.5,2022,80.0,178.0,228.0,240.0,255.0,285.0,319.0,1.0,2.0
2035,95,416125.5,3808567.5,2022,72.0,173.0,228.0,239.0,256.0,285.0,325.0,1.0,2.0
2016,171,416353.5,3808624.5,2022,167.0,217.0,232.0,241.0,251.0,268.0,293.0,1.0,2.0
2010,180,416380.5,3808642.5,2022,157.0,217.0,233.0,242.0,252.0,270.0,296.0,1.0,2.0
2028,239,416557.5,3808588.5,2022,147.0,214.0,231.0,240.0,250.0,271.0,352.0,1.0,2.0
2014,243,416569.5,3808630.5,2022,156.0,212.0,230.0,240.0,251.0,275.0,314.0,1.0,1.0
2011,287,416701.5,3808639.5,2022,158.0,216.0,232.0,242.0,252.0,273.0,302.0,1.0,2.0
2035,315,416785.5,3808567.5,2022,147.0,210.0,230.0,239.0,250.0,271.0,300.0,1.0,2.0
2033,342,416866.5,3808573.5,2022,152.0,188.0,230.0,239.0,250.0,269.0,294.0,1.0,2.0
2029,361,416923.5,3808585.5,2022,160.0,215.0,233.0,242.0,252.0,273.0,298.0,1.0,2.0
2011,392,417016.5,3808639.5,2022,156.0,213.0,230.0,239.0,249.0,268.0,291.0,1.0,2.0
2027,428,417124.5,3808591.5,2022,146.0,219.0,235.0,244.0,254.0,272.0,292.0,1.0,2.0
2027,468,417244.5,3808591.5,2022,149.0,190.0,226.0,236.0,246.0,266.0,290.0,1.0,2.0
2028,489,417307.5,3808588.5,2022,136.0,206.0,227.0,237.0,247.0,267.0,302.0,1.0,2.0
2013,526,417418.5,3808633.5,2022,159.0,181.0,229.0,238.0,249.0,269.0,305.0,1.0,1.0
2011,547,417481.5,3808639.5,2022,126.0,181.0,227.0,237.0,248.0,269.0,305.0,1.0,1.0
2023,598,417634.5,3808603.5,2022,112.0,180.0,226.0,237.0,248.0,272.0,309.0,1.0,2.0
2029,611,417673.5,3808585.5,2022,140.0,199.0,226.0,236.0,246.0,266.0,295.0,1.0,2.0
2016,639,417757.5,3808624.5,2022,153.0,202.0,228.0,237.0,248.0,270.0,306.0,1.0,2.0
2010,676,417868.5,3808642.5,2022,139.0,170.0,228.0,238.0,249.0,271.0,304.0,1.0,1.0
2010,710,417970.5,3808642.5,2022,162.0,205.0,228.0,237.0,247.0,267.0,300.0,1.0,2.0
2015,732,418036.5,3808627.5,2022,155.0,202.0,228.0,238.0,250.0,272.0,306.0,1.0,1.0
2031,778,418174.5,3808579.5,2022,142.0,183.0,228.0,241.0,254.0,277.0,314.0,1.0,1.0
2031,780,418180.5,3808579.5,2022,141.0,182.0,227.0,240.0,252.0,277.0,320.0,1.0,1.0
2023,821,418303.5,3808603.5,2022,156.0,191.0,226.0,236.0,248.0,271.0,321.0,1.0,2.0
2029,854,418402.5,3808585.5,2022,158.0,191.0,228.0,238.0,249.0,272.0,319.0,1.0,1.0
2015,897,418531.5,3808627.5,2022,105.0,181.0,225.0,237.0,250.0,276.0,321.0,1.0,1.0
2038,920,418600.5,3808558.5,2022,154.0,196.0,230.0,241.0,252.0,274.0,312.0,1.0,1.0
2033,947,418681.5,3808573.5,2022,145.0,185.0,228.0,238.0,249.0,271.0,311.0,1.0,1.0
2016,977,418771.5,3808624.5,2022,149.0,188.0,228.0,239.0,251.0,272.0,313.0,1.0,1.0
2039,1016,418888.5,3808555.5,2022,147.0,181.0,228.0,238.0,249.0,271.0,319.0,1.0,1.0
2026,1020,418900.5,3808594.5,2022,154.0,188.0,229.0,238.0,249.0,269.0,319.0,1.0,2.0
2019,1076,419068.5,3808615.5,2022,153.0,184.0,228.0,239.0,250.0,271.0,317.0,1.0,1.0
2028,1084,419092.5,3808588.5,2022,146.0,180.0,229.0,239.0,251.0,274.0,329.0,1.0,1.0
2028,1112,419176.5,3808588.5,2022,160.0,213.0,231.0,240.0,250.0,269.0,314.0,1.0,2.0
2023,1407,420061.5,3808603.5,2022,142.0,207.0,230.0,240.0,252.0,273.0,307.0,1.0,1.0
2030,1410,420070.5,3808582.5,2022,154.0,210.0,230.0,241.0,253.0,274.0,314.0,1.0,2.0
2015,1682,420886.5,3808627.5,2022,110.0,204.0,228.0,239.0,253.0,281.0,311.0,1.0,2.0
2025,1738,421054.5,3808597.5,2022,155.0,208.0,229.0,239.0,251.0,274.0,316.0,1.0,1.0
2018,1762,421126.5,3808618.5,2022,161.0,209.0,229.0,238.0,250.0,273.0,312.0,1.0,2.0
2015,1782,421186.5,3808627.5,2022,153.0,210.0,229.0,238.0,250.0,272.0,311.0,1.0,1.0
2010,1826,421318.5,3808642.5,2022,160.0,207.0,226.0,236.0,250.0,276.0,313.0,1.0,1.0
2019,1852,421396.5,3808615.5,2022,138.0,208.0,228.0,239.0,252.0,275.0,310.0,1.0,1.0
2027,1882,421486.5,3808591.5,2022,140.0,203.0,226.0,238.0,253.0,280.0,316.0,1.0,1.0
2031,1910,421570.5,3808579.5,2022,129.0,206.0,226.0,237.0,251.0,279.0,323.0,1.0,1.0
2020,1944,421672.5,3808612.5,2022,149.0,206.0,225.0,236.0,248.0,274.0,318.0,1.0,1.0
2031,1953,421699.5,3808579.5,2022,158.0,208.0,228.0,240.0,255.0,280.0,323.0,1.0,2.0
2033,1983,421789.5,3808573.5,2022,149.0,206.0,225.0,236.0,250.0,277.0,311.0,1.0,1.0
2028,2034,421942.5,3808588.5,2022,160.0,211.0,229.0,240.0,254.0,278.0,315.0,1.0,1.0
2017,2055,422005.5,3808621.5,2022,111.0,208.0,228.0,239.0,254.0,280.0,315.0,1.0,2.0
2025,2095,422125.5,3808597.5,2022,159.0,208.0,225.0,236.0,248.0,275.0,305.0,1.0,1.0
2028,2126,422218.5,3808588.5,2022,151.0,207.0,226.0,237.0,249.0,276.0,311.0,1.0,1.0
2022,2137,422251.5,3808606.5,2022,155.0,205.0,225.0,236.0,249.0,276.0,308.0,1.0,1.0
2013,2184,422392.5,3808633.5,2022,156.0,209.0,227.0,238.0,252.0,278.0,310.0,1.0,2.0
2025,2204,422452.5,3808597.5,2022,145.0,205.0,225.0,237.0,250.0,277.0,321.0,1.0,2.0
2018,2226,422518.5,3808618.5,2022,142.0,206.0,226.0,239.0,255.0,281.0,314.0,1.0,1.0
2036,2251,422593.5,3808564.5,2022,147.0,198.0,219.0,231.0,247.0,282.0,321.0,1.0,2.0
2010,2293,422719.5,3808642.5,2022,146.0,203.0,224.0,235.0,252.0,280.0,310.0,1.0,1.0
2028,2320,422800.5,3808588.5,2022,150.0,202.0,223.0,235.0,250.0,281.0,320.0,1.0,2.0
2034,2545,423475.5,3808570.5,2022,134.0,208.0,231.0,246.0,262.0,285.0,324.0,1.0,1.0
2033,2552,423496.5,3808573.5,2022,121.0,190.0,227.0,241.0,259.0,291.0,324.0,1.0,1.0
2018,2897,424531.5,3808618.5,2022,152.0,201.0,221.0,232.0,245.0,282.0,315.0,1.0,1.0
2016,2925,424615.5,3808624.5,2022,146.0,199.0,219.0,230.0,243.0,280.0,311.0,1.0,1.0
2034,2945,424675.5,3808570.5,2022,142.0,198.0,221.0,233.0,246.0,278.0,318.0,1.0,1.0
2021,2979,424777.5,3808609.5,2022,148.0,196.0,220.0,232.0,244.0,278.0,314.0,1.0,1.0
2038,3015,424885.5,3808558.5,2022,142.0,191.0,218.0,230.0,244.0,283.0,324.0,1.0,1.0
2031,3055,425005.5,3808579.5,2022,138.0,190.0,215.0,228.0,242.0,280.0,320.0,1.0,1.0
2017,3060,425020.5,3808621.5,2022,126.0,194.0,217.0,229.0,241.0,277.0,312.0,1.0,1.0
2031,3110,425170.5,3808579.5,2022,142.0,193.0,217.0,229.0,243.0,279.0,316.0,1.0,1.0
2020,3133,425239.5,3808612.5,2022,136.0,193.0,218.0,230.0,243.0,280.0,310.0,1.0,1.0
2014,3157,425311.5,3808630.5,2022,147.0,195.0,217.0,229.0,241.0,278.0,315.0,1.0,1.0
2025,3208,425464.5,3808597.5,2022,154.0,199.0,217.0,229.0,242.0,275.0,310.0,1.0,1.0
2028,3216,425488.5,3808588.5,2022,165.0,200.0,218.0,229.0,242.0,275.0,314.0,1.0,1.0
2037,3247,425581.5,3808561.5,2022,160.0,199.0,217.0,228.0,240.0,271.0,310.0,1.0,1.0
2019,3280,425680.5,3808615.5,2022,149.0,195.0,217.0,229.0,241.0,275.0,310.0,1.0,1.0
2031,3317,425791.5,3808579.5,2022,148.0,197.0,218.0,230.0,243.0,277.0,312.0,1.0,1.0
2031,3333,425839.5,3808579.5,2022,153.0,200.0,219.0,230.0,242.0,275.0,309.0,1.0,1.0
2067,16,415888.5,3808471.5,2022,161.0,214.0,230.0,239.0,249.0,267.0,300.0,1.0,1.0
2045,42,415966.5,3808537.5,2022,162.0,208.0,231.0,241.0,253.0,276.0,308.0,1.0,1.0
2068,67,416041.5,3808468.5,2022,160.0,214.0,233.0,243.0,254.0,276.0,322.0,1.0,2.0
2040,103,416149.5,3808552.5,2022,75.0,165.0,227.0,240.0,256.0,285.0,319.0,1.0,2.0
2043,122,416206.5,3808543.5,2022,76.0,187.0,229.0,241.0,255.0,281.0,320.0,1.0,2.0
2051,208,416464.5,3808519.5,2022,159.0,213.0,231.0,241.0,252.0,273.0,301.0,1.0,2.0
2050,227,416521.5,3808522.5,2022,151.0,211.0,229.0,238.0,249.0,270.0,300.0,1.0,2.0
2045,245,416575.5,3808537.5,2022,154.0,214.0,232.0,241.0,252.0,272.0,301.0,1.0,2.0
2043,270,416650.5,3808543.5,2022,151.0,212.0,230.0,239.0,250.0,273.0,300.0,1.0,2.0
2059,309,416767.5,3808495.5,2022,160.0,215.0,232.0,241.0,251.0,272.0,298.0,1.0,2.0
2049,337,416851.5,3808525.5,2022,152.0,209.0,230.0,239.0,248.0,267.0,292.0,1.0,1.0
2053,369,416947.5,3808513.5,2022,153.0,216.0,231.0,239.0,249.0,266.0,292.0,1.0,2.0
2063,415,417085.5,3808483.5,2022,159.0,211.0,229.0,237.0,248.0,267.0,295.0,1.0,2.0
2067,425,417115.5,3808471.5,2022,157.0,211.0,229.0,238.0,248.0,267.0,296.0,1.0,1.0
2055,466,417238.5,3808507.5,2022,137.0,180.0,225.0,236.0,247.0,271.0,308.0,1.0,2.0
2066,484,417292.5,3808474.5,2022,139.0,186.0,227.0,238.0,248.0,268.0,306.0,1.0,1.0
2069,536,417448.5,3808465.5,2022,153.0,206.0,227.0,236.0,245.0,266.0,296.0,1.0,2.0
2044,554,417502.5,3808540.5,2022,157.0,209.0,228.0,237.0,247.0,266.0,295.0,1.0,2.0
2063,575,417565.5,3808483.5,2022,140.0,205.0,228.0,238.0,248.0,269.0,301.0,1.0,1.0
2059,616,417688.5,3808495.5,2022,139.0,186.0,227.0,237.0,248.0,271.0,301.0,1.0,2.0
2068,634,417742.5,3808468.5,2022,140.0,183.0,230.0,239.0,250.0,273.0,318.0,1.0,2.0
2066,672,417856.5,3808474.5,2022,149.0,212.0,230.0,239.0,249.0,269.0,300.0,1.0,2.0
2061,703,417949.5,3808489.5,2022,135.0,182.0,228.0,239.0,252.0,276.0,315.0,1.0,1.0
2051,737,418051.5,3808519.5,2022,141.0,183.0,228.0,239.0,252.0,275.0,316.0,1.0,1.0
2056,754,418102.5,3808504.5,2022,156.0,196.0,228.0,238.0,249.0,273.0,309.0,1.0,1.0
2064,781,418183.5,3808480.5,2022,149.0,199.0,230.0,240.0,252.0,277.0,315.0,1.0,2.0
2045,827,418321.5,3808537.5,2022,156.0,190.0,231.0,241.0,252.0,273.0,313.0,1.0,1.0
2041,851,418393.5,3808549.5,2022,152.0,183.0,228.0,238.0,249.0,271.0,307.0,1.0,2.0
2058,889,418507.5,3808498.5,2022,144.0,181.0,226.0,237.0,250.0,277.0,314.0,1.0,1.0
2049,919,418597.5,3808525.5,2022,144.0,184.0,225.0,237.0,249.0,272.0,309.0,1.0,1.0
2064,945,418675.5,3808480.5,2022,134.0,185.0,226.0,237.0,248.0,271.0,312.0,1.0,1.0
2043,978,418774.5,3808543.5,2022,102.0,180.0,227.0,238.0,250.0,274.0,314.0,1.0,1.0
2066,1015,418885.5,3808474.5,2022,153.0,183.0,228.0,239.0,250.0,269.0,313.0,1.0,2.0
2051,1028,418924.5,3808519.5,2022,124.0,183.0,226.0,237.0,248.0,268.0,299.0,1.0,2.0
2050,1051,418993.5,3808522.5,2022,148.0,182.0,227.0,238.0,248.0,270.0,312.0,1.0,1.0
2041,1083,419089.5,3808549.5,2022,157.0,208.0,229.0,239.0,250.0,272.0,311.0,1.0,1.0
2066,1126,419218.5,3808474.5,2022,150.0,207.0,230.0,240.0,252.0,273.0,316.0,1.0,1.0
2069,1244,419572.5,3808465.5,2022,146.0,214.0,231.0,240.0,251.0,269.0,297.0,1.0,2.0
2062,1260,419620.5,3808486.5,2022,116.0,200.0,228.0,239.0,251.0,272.0,320.0,1.0,2.0
2050,1408,420064.5,3808522.5,2022,151.0,209.0,230.0,241.0,252.0,272.0,303.0,1.0,1.0
2046,1435,420145.5,3808534.5,2022,156.0,219.0,234.0,243.0,254.0,272.0,295.0,1.0,2.0
2069,1682,420886.5,3808465.5,2022,151.0,213.0,233.0,244.0,258.0,281.0,312.0,1.0,1.0
2060,1737,421051.5,3808492.5,2022,146.0,211.0,230.0,239.0,251.0,273.0,297.0,1.0,1.0
2062,1746,421078.5,3808486.5,2022,149.0,211.0,230.0,240.0,253.0,275.0,330.0,1.0,1.0
2045,1785,421195.5,3808537.5,2022,169.0,213.0,230.0,240.0,252.0,271.0,291.0,1.0,2.0
2050,1827,421321.5,3808522.5,2022,158.0,205.0,227.0,240.0,256.0,282.0,323.0,1.0,2.0
2040,1851,421393.5,3808552.5,2022,149.0,209.0,229.0,240.0,254.0,278.0,316.0,1.0,1.0
2052,1883,421489.5,3808516.5,2022,159.0,209.0,230.0,241.0,256.0,280.0,327.0,1.0,2.0
2048,1911,421573.5,3808528.5,2022,149.0,201.0,225.0,238.0,253.0,279.0,317.0,1.0,1.0
2063,1938,421654.5,3808483.5,2022,159.0,209.0,227.0,237.0,251.0,277.0,311.0,1.0,1.0
2050,1950,421690.5,3808522.5,2022,146.0,205.0,226.0,238.0,252.0,278.0,318.0,1.0,1.0
2067,2007,421861.5,3808471.5,2022,161.0,209.0,227.0,238.0,252.0,278.0,315.0,1.0,1.0
2049,2031,421933.5,3808525.5,2022,157.0,209.0,227.0,237.0,251.0,276.0,309.0,1.0,1.0
2068,2063,422029.5,3808468.5,2022,152.0,206.0,225.0,237.0,253.0,278.0,315.0,1.0,1.0
2062,2085,422095.5,3808486.5,2022,150.0,204.0,225.0,236.0,251.0,279.0,316.0,1.0,1.0
2063,2123,422209.5,3808483.5,2022,141.0,204.0,224.0,236.0,252.0,279.0,317.0,1.0,1.0
2052,2144,422272.5,3808516.5,2022,161.0,208.0,226.0,238.0,253.0,278.0,312.0,1.0,1.0
2043,2185,422395.5,3808543.5,2022,137.0,203.0,223.0,234.0,247.0,275.0,308.0,1.0,2.0
2049,2201,422443.5,3808525.5,2022,144.0,203.0,223.0,234.0,249.0,282.0,320.0,1.0,2.0
2059,2223,422509.5,3808495.5,2022,146.0,203.0,222.0,234.0,249.0,279.0,315.0,1.0,2.0
2051,2255,422605.5,3808519.5,2022,145.0,199.0,221.0,233.0,249.0,282.0,319.0,1.0,2.0
2048,2291,422713.5,3808528.5,2022,138.0,197.0,221.0,233.0,248.0,282.0,313.0,1.0,2.0
2043,2321,422803.5,3808543.5,2022,155.0,198.0,222.0,234.0,249.0,280.0,316.0,1.0,2.0
2060,2479,423277.5,3808492.5,2022,130.0,207.0,224.0,233.0,243.0,267.0,307.0,1.0,2.0
2049,2500,423340.5,3808525.5,2022,167.0,211.0,228.0,239.0,252.0,278.0,309.0,1.0,2.0
2045,2545,423475.5,3808537.5,2022,120.0,203.0,226.0,239.0,256.0,283.0,316.0,1.0,2.0
2043,2550,423490.5,3808543.5,2022,102.0,183.0,225.0,240.0,257.0,288.0,319.0,1.0,1.0
2047,2902,424546.5,3808531.5,2022,142.0,200.0,221.0,233.0,245.0,283.0,323.0,1.0,1.0
2058,2936,424648.5,3808498.5,2022,150.0,199.0,219.0,231.0,243.0,276.0,313.0,1.0,1.0
2065,2960,424720.5,3808477.5,2022,150.0,196.0,218.0,229.0,242.0,278.0,313.0,1.0,1.0
2042,2979,424777.5,3808546.5,2022,138.0,194.0,219.0,231.0,244.0,279.0,314.0,1.0,1.0
2064,3019,424897.5,3808480.5,2022,147.0,191.0,217.0,229.0,242.0,280.0,318.0,1.0,1.0
2064,3035,424945.5,3808480.5,2022,147.0,193.0,218.0,229.0,243.0,280.0,323.0,1.0,1.0
2058,3079,425077.5,3808498.5,2022,123.0,186.0,217.0,230.0,245.0,282.0,328.0,1.0,1.0
2041,3090,425110.5,3808549.5,2022,149.0,199.0,217.0,228.0,241.0,274.0,307.0,1.0,2.0
2048,3137,425251.5,3808528.5,2022,164.0,198.0,218.0,229.0,242.0,278.0,317.0,1.0,1.0
2060,3168,425344.5,3808492.5,2022,148.0,197.0,219.0,231.0,243.0,278.0,315.0,1.0,1.0
2050,3196,425428.5,3808522.5,2022,152.0,198.0,217.0,229.0,241.0,273.0,308.0,1.0,1.0
2067,3211,425473.5,3808471.5,2022,162.0,198.0,218.0,229.0,241.0,274.0,318.0,1.0,1.0
2041,3252,425596.5,3808549.5,2022,149.0,199.0,217.0,228.0,241.0,273.0,310.0,1.0,1.0
2048,3271,425653.5,3808528.5,2022,150.0,197.0,218.0,229.0,242.0,272.0,309.0,1.0,1.0
2056,3303,425749.5,3808504.5,2022,135.0,201.0,219.0,230.0,242.0,274.0,312.0,1.0,1.0
2066,3330,425830.5,3808474.5,2022,144.0,200.0,220.0,231.0,243.0,276.0,320.0,1.0,1.0
2092,17,415891.5,3808396.5,2022,173.0,218.0,234.0,243.0,253.0,271.0,296.0,1.0,1.0
2097,31,415933.5,3808381.5,2022,160.0,215.0,231.0,240.0,250.0,269.0,342.0,1.0,1.0
2092,60,416020.5,3808396.5,2022,172.0,216.0,232.0,242.0,251.0,270.0,293.0,1.0,1.0
2099,95,416125.5,3808375.5,2022,162.0,214.0,233.0,244.0,256.0,279.0,319.0,1.0,1.0
2083,134,416242.5,3808423.5,2022,77.0,175.0,223.0,236.0,253.0,288.0,331.0,1.0,2.0
2081,153,416299.5,3808429.5,2022,70.0,159.0,223.0,237.0,256.0,289.0,322.0,1.0,2.0
2070,248,416584.5,3808462.5,2022,136.0,199.0,227.0,237.0,247.0,270.0,304.0,1.0,1.0
2083,281,416683.5,3808423.5,2022,149.0,206.0,229.0,239.0,250.0,271.0,312.0,1.0,2.0
2071,329,416827.5,3808459.5,2022,157.0,212.0,230.0,238.0,248.0,268.0,374.0,1.0,2.0
2099,358,416914.5,3808375.5,2022,161.0,211.0,229.0,238.0,248.0,267.0,295.0,1.0,2.0
2095,386,416998.5,3808387.5,2022,166.0,209.0,229.0,238.0,248.0,267.0,291.0,1.0,2.0
2083,403,417049.5,3808423.5,2022,160.0,211.0,229.0,237.0,247.0,267.0,297.0,1.0,2.0
2086,420,417100.5,3808414.5,2022,151.0,184.0,231.0,240.0,249.0,268.0,296.0,1.0,2.0
2079,463,417229.5,3808435.5,2022,157.0,187.0,228.0,237.0,248.0,268.0,303.0,1.0,2.0
2093,508,417364.5,3808393.5,2022,150.0,199.0,229.0,239.0,249.0,269.0,313.0,1.0,1.0
2087,539,417457.5,3808411.5,2022,151.0,203.0,227.0,236.0,247.0,268.0,300.0,1.0,2.0
2072,557,417511.5,3808456.5,2022,157.0,210.0,229.0,238.0,248.0,268.0,305.0,1.0,2.0
2091,575,417565.5,3808399.5,2022,128.0,185.0,229.0,238.0,250.0,271.0,320.0,1.0,2.0
2072,622,417706.5,3808456.5,2022,142.0,184.0,228.0,238.0,249.0,273.0,308.0,1.0,1.0
2070,659,417817.5,3808462.5,2022,149.0,179.0,229.0,238.0,249.0,273.0,312.0,1.0,1.0
2089,685,417895.5,3808405.5,2022,95.0,179.0,229.0,239.0,250.0,272.0,324.0,1.0,2.0
2074,719,417997.5,3808450.5,2022,129.0,183.0,228.0,240.0,251.0,275.0,305.0,1.0,1.0
2087,732,418036.5,3808411.5,2022,151.0,186.0,229.0,240.0,252.0,275.0,313.0,1.0,1.0
2093,768,418144.5,3808393.5,2022,154.0,186.0,228.0,239.0,251.0,274.0,315.0,1.0,1.0
2089,785,418195.5,3808405.5,2022,152.0,191.0,230.0,239.0,251.0,275.0,315.0,1.0,1.0
2077,820,418300.5,3808441.5,2022,152.0,183.0,228.0,238.0,249.0,270.0,302.0,1.0,2.0
2084,866,418438.5,3808420.5,2022,153.0,202.0,228.0,237.0,248.0,270.0,302.0,1.0,2.0
2075,896,418528.5,3808447.5,2022,104.0,177.0,226.0,237.0,250.0,274.0,310.0,1.0,1.0
2091,929,418627.5,3808399.5,2022,152.0,182.0,226.0,237.0,248.0,270.0,313.0,1.0,1.0
2082,943,418669.5,3808426.5,2022,148.0,183.0,225.0,236.0,247.0,268.0,311.0,1.0,1.0
2094,970,418750.5,3808390.5,2022,145.0,182.0,225.0,237.0,249.0,270.0,305.0,1.0,1.0
2085,1004,418852.5,3808417.5,2022,148.0,186.0,230.0,240.0,251.0,272.0,315.0,1.0,1.0
2086,1042,418966.5,3808414.5,2022,151.0,186.0,229.0,240.0,252.0,272.0,319.0,1.0,2.0
2090,1071,419053.5,3808402.5,2022,156.0,189.0,228.0,238.0,250.0,271.0,312.0,1.0,1.0
2089,1108,419164.5,3808405.5,2022,160.0,211.0,229.0,238.0,249.0,267.0,297.0,1.0,1.0
2081,1113,419179.5,3808429.5,2022,156.0,209.0,230.0,240.0,251.0,272.0,321.0,1.0,1.0
2097,1147,419281.5,3808381.5,2022,126.0,206.0,228.0,238.0,250.0,268.0,309.0,1.0,2.0
2072,1251,419593.5,3808456.5,2022,158.0,215.0,231.0,240.0,250.0,265.0,283.0,1.0,2.0
2084,1286,419698.5,3808420.5,2022,121.0,177.0,228.0,239.0,252.0,274.0,316.0,1.0,2.0
2082,1306,419758.5,3808426.5,2022,153.0,210.0,229.0,239.0,249.0,268.0,304.0,1.0,2.0
2082,1401,420043.5,3808426.5,2022,106.0,193.0,228.0,239.0,252.0,275.0,322.0,1.0,1.0
2095,1416,420088.5,3808387.5,2022,143.0,215.0,233.0,243.0,254.0,273.0,305.0,1.0,2.0
2097,1678,420874.5,3808381.5,2022,154.0,213.0,232.0,242.0,255.0,279.0,311.0,1.0,2.0
2092,1681,420883.5,3808396.5,2022,155.0,217.0,234.0,244.0,257.0,281.0,315.0,1.0,1.0
2099,1719,420997.5,3808375.5,2022,154.0,211.0,229.0,238.0,250.0,273.0,306.0,1.0,2.0
2071,1767,421141.5,3808459.5,2022,146.0,209.0,230.0,240.0,253.0,276.0,307.0,1.0,2.0
2081,1779,421177.5,3808429.5,2022,155.0,210.0,231.0,241.0,254.0,276.0,312.0,1.0,2.0
2090,1828,421324.5,3808402.5,2022,157.0,210.0,230.0,242.0,257.0,281.0,317.0,1.0,1.0
2097,1849,421387.5,3808381.5,2022,158.0,210.0,229.0,239.0,253.0,277.0,311.0,1.0,1.0
2095,1878,421474.5,3808387.5,2022,148.0,205.0,227.0,238.0,255.0,281.0,319.0,1.0,2.0
2070,1897,421531.5,3808462.5,2022,163.0,205.0,225.0,236.0,251.0,280.0,317.0,1.0,2.0
2077,1941,421663.5,3808441.5,2022,156.0,208.0,226.0,237.0,251.0,278.0,313.0,1.0,1.0
2076,1957,421711.5,3808444.5,2022,157.0,209.0,226.0,237.0,251.0,278.0,320.0,1.0,1.0
2098,2006,421858.5,3808378.5,2022,140.0,206.0,226.0,238.0,252.0,278.0,318.0,1.0,1.0
2073,2010,421870.5,3808453.5,2022,150.0,209.0,227.0,238.0,252.0,278.0,314.0,1.0,1.0
2074,2051,421993.5,3808450.5,2022,149.0,202.0,223.0,236.0,253.0,281.0,317.0,1.0,1.0
2072,2085,422095.5,3808456.5,2022,145.0,208.0,227.0,239.0,254.0,279.0,312.0,1.0,1.0
2098,2120,422200.5,3808378.5,2022,151.0,205.0,224.0,235.0,247.0,277.0,312.0,1.0,1.0
2071,2140,422260.5,3808459.5,2022,176.0,210.0,228.0,240.0,254.0,278.0,309.0,1.0,2.0
2087,2176,422368.5,3808411.5,2022,136.0,198.0,220.0,232.0,247.0,279.0,313.0,1.0,1.0
2082,2196,422428.5,3808426.5,2022,147.0,208.0,226.0,238.0,252.0,281.0,323.0,1.0,1.0
2083,2226,422518.5,3808423.5,2022,137.0,202.0,223.0,234.0,248.0,282.0,325.0,1.0,2.0
2090,2279,422677.5,3808402.5,2022,163.0,202.0,223.0,235.0,252.0,281.0,314.0,1.0,1.0
2081,2283,422689.5,3808429.5,2022,138.0,201.0,222.0,235.0,254.0,281.0,316.0,1.0,1.0
2095,2314,422782.5,3808387.5,2022,119.0,198.0,221.0,233.0,250.0,282.0,323.0,1.0,1.0
2073,2901,424543.5,3808453.5,2022,138.0,199.0,220.0,231.0,244.0,280.0,320.0,1.0,1.0
2071,2933,424639.5,3808459.5,2022,153.0,200.0,220.0,231.0,243.0,279.0,313.0,1.0,1.0
2084,2969,424747.5,3808420.5,2022,151.0,194.0,217.0,228.0,241.0,277.0,314.0,1.0,1.0
2070,2983,424789.5,3808462.5,2022,137.0,192.0,216.0,228.0,241.0,277.0,314.0,1.0,1.0
2095,3001,424843.5,3808387.5,2022,146.0,189.0,217.0,229.0,243.0,282.0,323.0,1.0,1.0
2096,3032,424936.5,3808384.5,2022,141.0,189.0,215.0,227.0,241.0,279.0,320.0,1.0,1.0
2084,3074,425062.5,3808420.5,2022,121.0,193.0,217.0,228.0,242.0,280.0,313.0,1.0,1.0
2075,3110,425170.5,3808447.5,2022,134.0,194.0,219.0,231.0,244.0,281.0,318.0,1.0,1.0
2082,3124,425212.5,3808426.5,2022,142.0,190.0,216.0,228.0,242.0,280.0,318.0,1.0,1.0
2099,3169,425347.5,3808375.5,2022,140.0,193.0,217.0,228.0,242.0,278.0,315.0,1.0,1.0
2077,3208,425464.5,3808441.5,2022,134.0,198.0,218.0,229.0,242.0,275.0,317.0,1.0,1.0
2099,3233,425539.5,3808375.5,2022,147.0,196.0,217.0,229.0,242.0,276.0,327.0,1.0,1.0
2083,3245,425575.5,3808423.5,2022,159.0,199.0,218.0,229.0,242.0,275.0,318.0,1.0,1.0
2085,3274,425662.5,3808417.5,2022,149.0,197.0,218.0,230.0,243.0,277.0,317.0,1.0,1.0
2096,3325,425815.5,3808384.5,2022,146.0,198.0,220.0,231.0,244.0,280.0,320.0,1.0,1.0
2097,3330,425830.5,3808381.5,2022,136.0,196.0,221.0,232.0,246.0,279.0,313.0,1.0,1.0
2119,2,415846.5,3808315.5,2022,157.0,210.0,229.0,238.0,248.0,266.0,294.0,1.0,1.0
2121,45,415975.5,3808309.5,2022,158.0,215.0,231.0,240.0,250.0,269.0,346.0,1.0,1.0
2127,80,416080.5,3808291.5,2022,160.0,218.0,234.0,244.0,254.0,274.0,305.0,1.0,2.0
2100,96,416128.5,3808372.5,2022,158.0,214.0,233.0,243.0,254.0,276.0,312.0,1.0,1.0
2129,145,416275.5,3808285.5,2022,159.0,215.0,231.0,241.0,251.0,270.0,306.0,1.0,1.0
2126,177,416371.5,3808294.5,2022,101.0,188.0,226.0,239.0,254.0,281.0,317.0,1.0,2.0
2123,190,416410.5,3808303.5,2022,158.0,191.0,231.0,243.0,257.0,281.0,314.0,1.0,2.0
2129,223,416509.5,3808285.5,2022,71.0,177.0,226.0,238.0,254.0,281.0,321.0,1.0,2.0
2107,245,416575.5,3808351.5,2022,147.0,188.0,229.0,239.0,250.0,273.0,314.0,1.0,1.0
2102,325,416815.5,3808366.5,2022,150.0,209.0,229.0,238.0,248.0,268.0,294.0,1.0,2.0
2107,358,416914.5,3808351.5,2022,162.0,213.0,230.0,239.0,249.0,270.0,293.0,1.0,2.0
2116,371,416953.5,3808324.5,2022,158.0,212.0,230.0,240.0,250.0,269.0,288.0,1.0,1.0
2117,401,417043.5,3808321.5,2022,167.0,216.0,231.0,240.0,250.0,268.0,292.0,1.0,2.0
2107,436,417148.5,3808351.5,2022,153.0,211.0,230.0,239.0,249.0,270.0,302.0,1.0,2.0
2124,457,417211.5,3808300.5,2022,143.0,203.0,228.0,237.0,248.0,269.0,293.0,1.0,1.0
2122,505,417355.5,3808306.5,2022,149.0,207.0,228.0,237.0,248.0,269.0,297.0,1.0,2.0
2107,533,417439.5,3808351.5,2022,144.0,188.0,226.0,236.0,247.0,268.0,301.0,1.0,2.0
2100,552,417496.5,3808372.5,2022,153.0,206.0,229.0,239.0,249.0,269.0,300.0,1.0,1.0
2109,572,417556.5,3808345.5,2022,157.0,207.0,227.0,236.0,246.0,267.0,304.0,1.0,2.0
2119,629,417727.5,3808315.5,2022,150.0,197.0,227.0,238.0,249.0,271.0,314.0,1.0,2.0
2102,633,417739.5,3808366.5,2022,149.0,182.0,228.0,238.0,248.0,272.0,305.0,1.0,2.0
2100,676,417868.5,3808372.5,2022,149.0,183.0,228.0,238.0,248.0,268.0,301.0,1.0,2.0
2107,703,417949.5,3808351.5,2022,146.0,175.0,226.0,238.0,250.0,276.0,310.0,1.0,1.0
2116,740,418060.5,3808324.5,2022,151.0,188.0,228.0,239.0,250.0,270.0,303.0,1.0,1.0
2113,756,418108.5,3808333.5,2022,157.0,210.0,230.0,239.0,250.0,272.0,312.0,1.0,1.0
2106,802,418246.5,3808354.5,2022,141.0,182.0,226.0,238.0,251.0,273.0,321.0,1.0,1.0
2118,835,418345.5,3808318.5,2022,153.0,187.0,228.0,239.0,250.0,270.0,298.0,1.0,1.0
2118,868,418444.5,3808318.5,2022,152.0,187.0,226.0,236.0,247.0,267.0,302.0,1.0,2.0
2107,890,418510.5,3808351.5,2022,107.0,182.0,225.0,236.0,248.0,272.0,316.0,1.0,1.0
2120,914,418582.5,3808312.5,2022,159.0,194.0,224.0,235.0,246.0,267.0,306.0,1.0,2.0
2103,932,418636.5,3808363.5,2022,155.0,186.0,225.0,236.0,247.0,269.0,313.0,1.0,1.0
2120,982,418786.5,3808312.5,2022,123.0,179.0,226.0,237.0,249.0,270.0,317.0,1.0,1.0
2118,1007,418861.5,3808318.5,2022,159.0,210.0,230.0,239.0,250.0,268.0,300.0,1.0,2.0
2118,1048,418984.5,3808318.5,2022,150.0,184.0,226.0,237.0,249.0,271.0,321.0,1.0,1.0
2117,1074,419062.5,3808321.5,2022,160.0,202.0,226.0,236.0,246.0,266.0,308.0,1.0,1.0
2104,1095,419125.5,3808360.5,2022,157.0,208.0,228.0,239.0,249.0,269.0,314.0,1.0,1.0
2105,1116,419188.5,3808357.5,2022,152.0,209.0,230.0,239.0,250.0,270.0,306.0,1.0,1.0
2100,1141,419263.5,3808372.5,2022,149.0,198.0,227.0,238.0,249.0,270.0,318.0,1.0,2.0
2125,1205,419455.5,3808297.5,2022,151.0,204.0,227.0,237.0,248.0,268.0,304.0,1.0,2.0
2113,1674,420862.5,3808333.5,2022,165.0,211.0,229.0,239.0,251.0,273.0,302.0,1.0,2.0
2100,1708,420964.5,3808372.5,2022,121.0,209.0,229.0,238.0,251.0,273.0,306.0,1.0,2.0
2112,1722,421006.5,3808336.5,2022,156.0,212.0,229.0,239.0,250.0,273.0,302.0,1.0,1.0
2109,1743,421069.5,3808345.5,2022,156.0,208.0,229.0,240.0,252.0,275.0,305.0,1.0,1.0
2126,1823,421309.5,3808294.5,2022,154.0,209.0,229.0,240.0,254.0,278.0,321.0,1.0,1.0
2121,1847,421381.5,3808309.5,2022,141.0,208.0,230.0,241.0,255.0,279.0,308.0,1.0,2.0
2125,1877,421471.5,3808297.5,2022,141.0,209.0,228.0,239.0,253.0,278.0,317.0,1.0,1.0
2122,1919,421597.5,3808306.5,2022,160.0,210.0,228.0,239.0,253.0,280.0,313.0,1.0,1.0
2125,1943,421669.5,3808297.5,2022,127.0,209.0,230.0,241.0,257.0,282.0,330.0,1.0,1.0
2126,1969,421747.5,3808294.5,2022,145.0,206.0,227.0,238.0,253.0,280.0,320.0,1.0,1.0
2108,2004,421852.5,3808348.5,2022,146.0,206.0,225.0,236.0,249.0,277.0,318.0,1.0,1.0
2122,2031,421933.5,3808306.5,2022,142.0,206.0,225.0,237.0,252.0,278.0,312.0,1.0,1.0
2101,2051,421993.5,3808369.5,2022,161.0,207.0,226.0,239.0,255.0,281.0,320.0,1.0,1.0
2109,2077,422071.5,3808345.5,2022,150.0,204.0,224.0,236.0,250.0,277.0,317.0,1.0,1.0
2103,2117,422191.5,3808363.5,2022,151.0,207.0,225.0,236.0,250.0,277.0,314.0,1.0,1.0
2128,2133,422239.5,3808288.5,2022,131.0,202.0,224.0,236.0,253.0,280.0,310.0,1.0,1.0
2118,2177,422371.5,3808318.5,2022,142.0,201.0,223.0,235.0,249.0,280.0,324.0,1.0,2.0
2114,2193,422419.5,3808330.5,2022,146.0,202.0,222.0,234.0,248.0,279.0,315.0,1.0,2.0
2112,2241,422563.5,3808336.5,2022,119.0,200.0,222.0,234.0,248.0,282.0,317.0,1.0,2.0
2127,2267,422641.5,3808291.5,2022,140.0,202.0,222.0,234.0,248.0,279.0,312.0,1.0,2.0
2103,2306,422758.5,3808363.5,2022,142.0,193.0,220.0,232.0,248.0,280.0,322.0,1.0,1.0
2109,2313,422779.5,3808345.5,2022,152.0,201.0,222.0,234.0,249.0,279.0,316.0,1.0,1.0
2112,2341,422863.5,3808336.5,2022,169.0,214.0,232.0,244.0,260.0,287.0,319.0,1.0,1.0
2128,2896,424528.5,3808288.5,2022,147.0,199.0,224.0,235.0,251.0,285.0,320.0,1.0,1.0
2111,2911,424573.5,3808339.5,2022,136.0,196.0,221.0,233.0,247.0,283.0,319.0,1.0,1.0
2118,2956,424708.5,3808318.5,2022,148.0,198.0,220.0,231.0,245.0,281.0,316.0,1.0,1.0
2113,2991,424813.5,3808333.5,2022,156.0,194.0,216.0,228.0,242.0,280.0,322.0,1.0,1.0
2109,3023,424909.5,3808345.5,2022,139.0,194.0,218.0,230.0,244.0,281.0,313.0,1.0,1.0
2107,3041,424963.5,3808351.5,2022,118.0,196.0,218.0,229.0,244.0,280.0,320.0,1.0,2.0
2129,3089,425107.5,3808285.5,2022,116.0,190.0,217.0,229.0,244.0,282.0,323.0,1.0,1.0
2128,3099,425137.5,3808288.5,2022,133.0,191.0,217.0,229.0,244.0,283.0,324.0,1.0,1.0
2122,3120,425200.5,3808306.5,2022,128.0,189.0,217.0,229.0,242.0,279.0,320.0,1.0,1.0
2100,3174,425362.5,3808372.5,2022,146.0,194.0,218.0,229.0,241.0,275.0,309.0,1.0,1.0
2118,3200,425440.5,3808318.5,2022,149.0,195.0,217.0,228.0,241.0,275.0,313.0,1.0,1.0
2101,3233,425539.5,3808369.5,2022,150.0,197.0,217.0,229.0,241.0,273.0,319.0,1.0,1.0
2114,3264,425632.5,3808330.5,2022,148.0,200.0,219.0,230.0,243.0,276.0,321.0,1.0,1.0
2122,3293,425719.5,3808306.5,2022,145.0,200.0,220.0,231.0,244.0,276.0,313.0,1.0,1.0
2111,3301,425743.5,3808339.5,2022,137.0,201.0,221.0,231.0,244.0,276.0,317.0,1.0,1.0
2117,3331,425833.5,3808321.5,2022,155.0,199.0,221.0,233.0,247.0,282.0,320.0,1.0,1.0
2145,22,415906.5,3808237.5,2022,162.0,214.0,230.0,239.0,249.0,267.0,314.0,1.0,2.0
2157,39,415957.5,3808201.5,2022,170.0,219.0,233.0,242.0,252.0,270.0,298.0,1.0,2.0
2147,60,416020.5,3808231.5,2022,164.0,217.0,233.0,242.0,253.0,272.0,299.0,1.0,2.0
2149,107,416161.5,3808225.5,2022,156.0,216.0,233.0,243.0,253.0,273.0,304.0,1.0,2.0
2144,134,416242.5,3808240.5,2022,148.0,214.0,231.0,241.0,251.0,268.0,295.0,1.0,2.0
2154,168,416344.5,3808210.5,2022,162.0,213.0,230.0,239.0,250.0,271.0,300.0,1.0,1.0
2132,198,416434.5,3808276.5,2022,149.0,188.0,227.0,240.0,255.0,281.0,312.0,1.0,2.0
2149,222,416506.5,3808225.5,2022,85.0,177.0,227.0,240.0,257.0,282.0,315.0,1.0,1.0
2159,249,416587.5,3808195.5,2022,69.0,174.0,223.0,237.0,253.0,281.0,311.0,1.0,2.0
2159,356,416908.5,3808195.5,2022,136.0,207.0,229.0,238.0,249.0,271.0,303.0,1.0,2.0
2157,363,416929.5,3808201.5,2022,150.0,208.0,230.0,239.0,249.0,269.0,290.0,1.0,2.0
2147,390,417010.5,3808231.5,2022,164.0,215.0,231.0,239.0,248.0,266.0,290.0,1.0,1.0
2158,434,417142.5,3808198.5,2022,152.0,210.0,229.0,238.0,248.0,268.0,296.0,1.0,1.0
2148,456,417208.5,3808228.5,2022,148.0,206.0,227.0,237.0,247.0,268.0,305.0,1.0,2.0
2140,488,417304.5,3808252.5,2022,149.0,203.0,229.0,238.0,249.0,272.0,318.0,1.0,1.0
2130,532,417436.5,3808282.5,2022,150.0,180.0,230.0,241.0,253.0,274.0,310.0,1.0,1.0
2134,554,417502.5,3808270.5,2022,145.0,181.0,227.0,237.0,248.0,269.0,312.0,1.0,1.0
2135,587,417601.5,3808267.5,2022,142.0,183.0,226.0,236.0,247.0,268.0,296.0,1.0,2.0
2145,626,417718.5,3808237.5,2022,156.0,204.0,228.0,238.0,249.0,269.0,302.0,1.0,2.0
2144,643,417769.5,3808240.5,2022,127.0,180.0,227.0,238.0,250.0,273.0,309.0,1.0,2.0
2157,687,417901.5,3808201.5,2022,154.0,185.0,229.0,241.0,253.0,274.0,304.0,1.0,1.0
2146,700,417940.5,3808234.5,2022,150.0,180.0,230.0,241.0,253.0,276.0,311.0,1.0,1.0
2147,729,418027.5,3808231.5,2022,152.0,190.0,227.0,237.0,249.0,271.0,310.0,1.0,1.0
2156,751,418093.5,3808204.5,2022,150.0,188.0,229.0,239.0,251.0,274.0,317.0,1.0,1.0
2133,797,418231.5,3808273.5,2022,149.0,189.0,228.0,239.0,251.0,273.0,314.0,1.0,1.0
2146,815,418285.5,3808234.5,2022,155.0,189.0,230.0,241.0,253.0,274.0,313.0,1.0,2.0
2155,859,418417.5,3808207.5,2022,158.0,207.0,229.0,238.0,248.0,268.0,294.0,1.0,1.0
2156,874,418462.5,3808204.5,2022,158.0,182.0,228.0,237.0,248.0,267.0,301.0,1.0,1.0
2150,911,418573.5,3808222.5,2022,155.0,188.0,224.0,234.0,246.0,270.0,306.0,1.0,2.0
2140,942,418666.5,3808252.5,2022,153.0,189.0,227.0,237.0,248.0,269.0,305.0,1.0,1.0
2130,966,418738.5,3808282.5,2022,109.0,184.0,226.0,236.0,247.0,267.0,305.0,1.0,2.0
2136,990,418810.5,3808264.5,2022,161.0,205.0,228.0,238.0,248.0,267.0,306.0,1.0,1.0
2132,1049,418987.5,3808276.5,2022,158.0,187.0,230.0,240.0,251.0,270.0,319.0,1.0,1.0
2136,1050,418990.5,3808264.5,2022,153.0,208.0,229.0,239.0,250.0,269.0,317.0,1.0,1.0
2130,1098,419134.5,3808282.5,2022,157.0,209.0,227.0,236.0,247.0,266.0,289.0,1.0,2.0
2150,1125,419215.5,3808222.5,2022,121.0,194.0,226.0,237.0,249.0,269.0,305.0,1.0,2.0
2135,1200,419440.5,3808267.5,2022,149.0,181.0,224.0,235.0,246.0,267.0,314.0,1.0,2.0
2139,1540,420460.5,3808255.5,2022,151.0,208.0,228.0,238.0,249.0,270.0,304.0,1.0,1.0
2157,1814,421282.5,3808201.5,2022,155.0,207.0,228.0,239.0,254.0,279.0,318.0,1.0,1.0
2137,1832,421336.5,3808261.5,2022,149.0,205.0,227.0,238.0,252.0,279.0,320.0,1.0,1.0
2145,1882,421486.5,3808237.5,2022,155.0,209.0,228.0,238.0,252.0,277.0,328.0,1.0,2.0
2157,1912,421576.5,3808201.5,2022,157.0,209.0,229.0,240.0,256.0,281.0,321.0,1.0,2.0
2151,1938,421654.5,3808219.5,2022,141.0,206.0,228.0,239.0,256.0,281.0,316.0,1.0,1.0
2134,1959,421717.5,3808270.5,2022,128.0,203.0,228.0,240.0,258.0,284.0,330.0,1.0,2.0
2145,2007,421861.5,3808237.5,2022,147.0,206.0,226.0,239.0,254.0,280.0,322.0,1.0,2.0
2158,2025,421915.5,3808198.5,2022,142.0,204.0,226.0,239.0,256.0,284.0,324.0,1.0,1.0
2142,2045,421975.5,3808246.5,2022,156.0,205.0,226.0,239.0,254.0,280.0,318.0,1.0,1.0
2138,2077,422071.5,3808258.5,2022,149.0,206.0,225.0,237.0,253.0,280.0,321.0,1.0,1.0
2146,2110,422170.5,3808234.5,2022,130.0,204.0,224.0,237.0,255.0,283.0,324.0,1.0,1.0
2157,2149,422287.5,3808201.5,2022,148.0,205.0,226.0,237.0,255.0,282.0,314.0,1.0,1.0
2139,2178,422374.5,3808255.5,2022,144.0,205.0,224.0,236.0,252.0,282.0,320.0,1.0,1.0
2131,2198,422434.5,3808279.5,2022,121.0,203.0,225.0,236.0,253.0,282.0,316.0,1.0,2.0
2135,2234,422542.5,3808267.5,2022,119.0,202.0,222.0,234.0,249.0,278.0,310.0,1.0,2.0
2154,2267,422641.5,3808210.5,2022,162.0,206.0,224.0,235.0,247.0,277.0,310.0,1.0,2.0
2157,2302,422746.5,3808201.5,2022,108.0,201.0,228.0,240.0,256.0,284.0,319.0,1.0,1.0
2158,2326,422818.5,3808198.5,2022,122.0,194.0,222.0,234.0,249.0,279.0,315.0,1.0,1.0
2134,2340,422860.5,3808270.5,2022,108.0,190.0,221.0,235.0,251.0,284.0,315.0,1.0,2.0
2152,2617,423691.5,3808216.5,2022,127.0,203.0,224.0,236.0,249.0,283.0,310.0,1.0,2.0
2135,2900,424540.5,3808267.5,2022,144.0,199.0,223.0,234.0,250.0,284.0,326.0,1.0,1.0
2140,2929,424627.5,3808252.5,2022,155.0,198.0,219.0,231.0,244.0,279.0,317.0,1.0,1.0
2140,2953,424699.5,3808252.5,2022,145.0,195.0,219.0,231.0,244.0,283.0,323.0,1.0,1.0
2143,2998,424834.5,3808243.5,2022,143.0,192.0,217.0,230.0,243.0,278.0,318.0,1.0,1.0
2159,3009,424867.5,3808195.5,2022,135.0,189.0,216.0,228.0,242.0,279.0,319.0,1.0,1.0
2148,3047,424981.5,3808228.5,2022,147.0,195.0,217.0,228.0,242.0,280.0,318.0,1.0,1.0
2132,3078,425074.5,3808276.5,2022,129.0,193.0,216.0,228.0,242.0,283.0,321.0,1.0,1.0
2130,3114,425182.5,3808282.5,2022,151.0,193.0,217.0,228.0,242.0,280.0,321.0,1.0,1.0
2156,3140,425260.5,3808204.5,2022,140.0,194.0,218.0,229.0,241.0,279.0,315.0,1.0,1.0
2147,3177,425371.5,3808231.5,2022,131.0,194.0,217.0,228.0,241.0,277.0,315.0,1.0,1.0
2156,3183,425389.5,3808204.5,2022,143.0,193.0,216.0,227.0,241.0,276.0,315.0,1.0,1.0
2135,3225,425515.5,3808267.5,2022,140.0,194.0,217.0,229.0,242.0,279.0,317.0,1.0,1.0
2140,3244,425572.5,3808252.5,2022,140.0,196.0,218.0,230.0,242.0,276.0,316.0,1.0,1.0
2148,3290,425710.5,3808228.5,2022,134.0,199.0,220.0,231.0,244.0,278.0,320.0,1.0,1.0
2132,3308,425764.5,3808276.5,2022,140.0,198.0,220.0,231.0,244.0,278.0,317.0,1.0,1.0
2142,3330,425830.5,3808246.5,2022,161.0,201.0,219.0,229.0,241.0,274.0,310.0,1.0,2.0
2180,19,415897.5,3808132.5,2022,157.0,214.0,231.0,240.0,251.0,269.0,316.0,1.0,2.0
2168,59,416017.5,3808168.5,2022,157.0,214.0,230.0,239.0,249.0,268.0,300.0,1.0,1.0
2179,83,416089.5,3808135.5,2022,163.0,214.0,232.0,241.0,252.0,272.0,311.0,1.0,1.0
2171,98,416134.5,3808159.5,2022,155.0,214.0,231.0,240.0,251.0,271.0,326.0,1.0,1.0
2180,128,416224.5,3808132.5,2022,157.0,215.0,232.0,241.0,252.0,272.0,308.0,1.0,2.0
2175,170,416350.5,3808147.5,2022,166.0,214.0,233.0,244.0,255.0,274.0,304.0,1.0,2.0
2173,181,416383.5,3808153.5,2022,160.0,216.0,233.0,243.0,255.0,276.0,309.0,1.0,2.0
2166,232,416536.5,3808174.5,2022,70.0,178.0,225.0,239.0,254.0,281.0,318.0,1.0,2.0
2168,244,416572.5,3808168.5,2022,136.0,186.0,228.0,240.0,255.0,284.0,315.0,1.0,1.0
2161,357,416911.5,3808189.5,2022,119.0,203.0,229.0,239.0,250.0,273.0,296.0,1.0,2.0
2187,389,417007.5,3808111.5,2022,160.0,210.0,227.0,236.0,245.0,263.0,287.0,1.0,2.0
2187,417,417091.5,3808111.5,2022,127.0,211.0,230.0,239.0,250.0,270.0,298.0,1.0,2.0
2170,445,417175.5,3808162.5,2022,151.0,204.0,226.0,236.0,247.0,271.0,302.0,1.0,2.0
2162,461,417223.5,3808186.5,2022,157.0,203.0,227.0,236.0,246.0,267.0,320.0,1.0,2.0
2167,498,417334.5,3808171.5,2022,153.0,207.0,227.0,237.0,247.0,266.0,312.0,1.0,2.0
2160,537,417451.5,3808192.5,2022,145.0,182.0,228.0,238.0,250.0,270.0,306.0,1.0,1.0
2168,566,417538.5,3808168.5,2022,146.0,192.0,225.0,236.0,246.0,268.0,298.0,1.0,2.0
2177,598,417634.5,3808141.5,2022,140.0,194.0,227.0,238.0,249.0,271.0,321.0,1.0,2.0
2183,603,417649.5,3808123.5,2022,159.0,210.0,229.0,238.0,248.0,268.0,296.0,1.0,2.0
2160,689,417907.5,3808192.5,2022,131.0,175.0,229.0,241.0,253.0,277.0,317.0,1.0,1.0
2189,718,417994.5,3808105.5,2022,152.0,196.0,229.0,240.0,252.0,274.0,311.0,1.0,1.0
2172,747,418081.5,3808156.5,2022,138.0,187.0,223.0,236.0,249.0,272.0,313.0,1.0,1.0
2163,763,418129.5,3808183.5,2022,123.0,190.0,230.0,242.0,255.0,275.0,312.0,1.0,2.0
2174,808,418264.5,3808150.5,2022,147.0,184.0,228.0,238.0,249.0,269.0,299.0,1.0,2.0
2161,822,418306.5,3808189.5,2022,147.0,185.0,228.0,238.0,250.0,272.0,302.0,1.0,2.0
2187,864,418432.5,3808111.5,2022,148.0,190.0,229.0,239.0,251.0,272.0,299.0,1.0,1.0
2170,886,418498.5,3808162.5,2022,157.0,183.0,225.0,236.0,246.0,266.0,304.0,1.0,1.0
2168,915,418585.5,3808168.5,2022,157.0,183.0,228.0,239.0,251.0,272.0,313.0,1.0,2.0
2174,942,418666.5,3808150.5,2022,113.0,181.0,228.0,239.0,250.0,272.0,313.0,1.0,1.0
2185,977,418771.5,3808117.5,2022,159.0,208.0,227.0,236.0,247.0,267.0,306.0,1.0,2.0
2170,996,418828.5,3808162.5,2022,157.0,207.0,227.0,236.0,247.0,266.0,290.0,1.0,2.0
2162,1038,418954.5,3808186.5,2022,154.0,191.0,227.0,238.0,249.0,269.0,309.0,1.0,1.0
2181,1072,419056.5,3808129.5,2022,152.0,203.0,229.0,240.0,251.0,270.0,297.0,1.0,2.0
2161,1089,419107.5,3808189.5,2022,172.0,214.0,231.0,241.0,253.0,270.0,295.0,1.0,2.0
2188,1119,419197.5,3808108.5,2022,153.0,201.0,228.0,237.0,248.0,267.0,304.0,1.0,2.0
2169,1237,419551.5,3808165.5,2022,168.0,212.0,231.0,241.0,251.0,269.0,295.0,1.0,2.0
2170,1827,421321.5,3808162.5,2022,164.0,207.0,228.0,239.0,253.0,279.0,312.0,1.0,1.0
2173,1840,421360.5,3808153.5,2022,155.0,208.0,228.0,238.0,254.0,281.0,319.0,1.0,1.0
2189,1888,421504.5,3808105.5,2022,150.0,209.0,228.0,239.0,253.0,281.0,317.0,1.0,1.0
2189,1900,421540.5,3808105.5,2022,159.0,209.0,227.0,239.0,254.0,281.0,312.0,1.0,1.0
2172,1930,421630.5,3808156.5,2022,149.0,198.0,224.0,237.0,253.0,282.0,324.0,1.0,1.0
2182,1951,421693.5,3808126.5,2022,159.0,207.0,227.0,239.0,254.0,281.0,314.0,1.0,1.0
2173,1982,421786.5,3808153.5,2022,151.0,205.0,226.0,237.0,253.0,282.0,324.0,1.0,2.0
2180,2011,421873.5,3808132.5,2022,146.0,204.0,226.0,238.0,255.0,283.0,321.0,1.0,1.0
2185,2049,421987.5,3808117.5,2022,155.0,213.0,232.0,244.0,261.0,285.0,317.0,1.0,1.0
2187,2097,422131.5,3808111.5,2022,149.0,204.0,223.0,235.0,251.0,282.0,322.0,1.0,2.0
2166,2128,422224.5,3808174.5,2022,152.0,207.0,226.0,238.0,253.0,280.0,316.0,1.0,1.0
2175,2136,422248.5,3808147.5,2022,134.0,205.0,226.0,238.0,255.0,282.0,332.0,1.0,1.0
2163,2184,422392.5,3808183.5,2022,138.0,202.0,222.0,234.0,248.0,280.0,321.0,1.0,2.0
2174,2200,422440.5,3808150.5,2022,145.0,203.0,223.0,235.0,250.0,280.0,313.0,1.0,2.0
2173,2245,422575.5,3808153.5,2022,159.0,208.0,225.0,236.0,248.0,278.0,310.0,1.0,1.0
2176,2255,422605.5,3808144.5,2022,119.0,207.0,227.0,239.0,256.0,285.0,311.0,1.0,1.0
2187,2292,422716.5,3808111.5,2022,120.0,197.0,220.0,232.0,246.0,279.0,310.0,1.0,1.0
2177,2313,422779.5,3808141.5,2022,122.0,202.0,223.0,235.0,249.0,280.0,312.0,1.0,1.0
2183,2340,422860.5,3808123.5,2022,108.0,185.0,220.0,234.0,255.0,286.0,320.0,1.0,1.0
2176,2904,424552.5,3808144.5,2022,148.0,198.0,222.0,234.0,250.0,282.0,319.0,1.0,1.0
2183,2913,424579.5,3808123.5,2022,149.0,197.0,220.0,231.0,246.0,280.0,318.0,1.0,1.0
2167,2956,424708.5,3808171.5,2022,141.0,197.0,220.0,231.0,245.0,286.0,324.0,1.0,1.0
2177,2991,424813.5,3808141.5,2022,134.0,193.0,219.0,231.0,246.0,281.0,323.0,1.0,1.0
2185,3015,424885.5,3808117.5,2022,155.0,197.0,217.0,229.0,244.0,279.0,319.0,1.0,1.0
2182,3033,424939.5,3808126.5,2022,157.0,196.0,218.0,230.0,245.0,281.0,320.0,1.0,1.0
2180,3068,425044.5,3808132.5,2022,135.0,191.0,216.0,229.0,244.0,282.0,325.0,1.0,1.0
2168,3113,425179.5,3808168.5,2022,145.0,193.0,218.0,230.0,243.0,277.0,317.0,1.0,1.0
2164,3139,425257.5,3808180.5,2022,140.0,197.0,218.0,229.0,243.0,280.0,318.0,1.0,2.0
2170,3169,425347.5,3808162.5,2022,128.0,192.0,216.0,227.0,240.0,278.0,315.0,1.0,1.0
2172,3207,425461.5,3808156.5,2022,155.0,197.0,217.0,227.0,239.0,276.0,312.0,1.0,1.0
2173,3227,425521.5,3808153.5,2022,146.0,197.0,218.0,229.0,242.0,281.0,313.0,1.0,1.0
2170,3248,425584.5,3808162.5,2022,133.0,199.0,219.0,230.0,243.0,277.0,318.0,1.0,1.0
2161,3298,425734.5,3808189.5,2022,141.0,199.0,219.0,230.0,243.0,276.0,321.0,1.0,1.0
2161,3316,425788.5,3808189.5,2022,138.0,195.0,216.0,228.0,242.0,278.0,316.0,1.0,1.0
2177,3330,425830.5,3808141.5,2022,111.0,196.0,218.0,230.0,243.0,279.0,317.0,1.0,1.0
2214,26,415918.5,3808030.5,2022,170.0,214.0,232.0,242.0,253.0,272.0,306.0,1.0,1.0
2205,40,415960.5,3808057.5,2022,159.0,213.0,230.0,239.0,250.0,269.0,291.0,1.0,1.0
2216,60,416020.5,3808024.5,2022,167.0,214.0,230.0,239.0,250.0,270.0,302.0,1.0,2.0
2191,110,416170.5,3808099.5,2022,161.0,215.0,232.0,241.0,252.0,271.0,300.0,1.0,2.0
2200,120,416200.5,3808072.5,2022,156.0,208.0,228.0,238.0,249.0,270.0,324.0,1.0,1.0
2208,157,416311.5,3808048.5,2022,171.0,215.0,233.0,244.0,256.0,276.0,305.0,1.0,2.0
2195,193,416419.5,3808087.5,2022,169.0,214.0,234.0,245.0,258.0,280.0,341.0,1.0,1.0
2215,233,416539.5,3808027.5,2022,159.0,208.0,230.0,242.0,255.0,282.0,325.0,1.0,1.0
2219,245,416575.5,3808015.5,2022,167.0,209.0,230.0,241.0,254.0,278.0,338.0,1.0,1.0
2212,281,416683.5,3808036.5,2022,97.0,189.0,227.0,240.0,254.0,280.0,326.0,1.0,2.0
2200,371,416953.5,3808072.5,2022,160.0,208.0,227.0,237.0,248.0,268.0,296.0,1.0,2.0
2197,391,417013.5,3808081.5,2022,143.0,208.0,227.0,236.0,246.0,266.0,289.0,1.0,2.0
2201,444,417172.5,3808069.5,2022,149.0,211.0,229.0,237.0,247.0,266.0,296.0,1.0,2.0
2216,454,417202.5,3808024.5,2022,158.0,209.0,227.0,237.0,247.0,266.0,290.0,1.0,1.0
2197,497,417331.5,3808081.5,2022,168.0,212.0,230.0,239.0,249.0,268.0,315.0,1.0,2.0
2205,523,417409.5,3808057.5,2022,140.0,202.0,226.0,236.0,246.0,267.0,326.0,1.0,2.0
2199,540,417460.5,3808075.5,2022,163.0,210.0,229.0,238.0,249.0,267.0,289.0,1.0,2.0
2212,581,417583.5,3808036.5,2022,139.0,184.0,227.0,238.0,250.0,272.0,312.0,1.0,1.0
2219,606,417658.5,3808015.5,2022,149.0,190.0,226.0,237.0,249.0,270.0,306.0,1.0,2.0
2208,718,417994.5,3808048.5,2022,137.0,187.0,224.0,236.0,248.0,271.0,309.0,1.0,1.0
2207,743,418069.5,3808051.5,2022,151.0,192.0,227.0,237.0,249.0,270.0,297.0,1.0,1.0
2214,779,418177.5,3808030.5,2022,157.0,210.0,229.0,238.0,249.0,269.0,292.0,1.0,1.0
2208,809,418267.5,3808048.5,2022,155.0,206.0,230.0,239.0,251.0,271.0,297.0,1.0,1.0
2218,829,418327.5,3808018.5,2022,150.0,192.0,228.0,238.0,250.0,270.0,303.0,1.0,1.0
2202,841,418363.5,3808066.5,2022,152.0,195.0,227.0,237.0,248.0,270.0,296.0,1.0,1.0
2198,892,418516.5,3808078.5,2022,157.0,185.0,230.0,240.0,251.0,272.0,302.0,1.0,1.0
2199,951,418693.5,3808075.5,2022,122.0,183.0,226.0,238.0,251.0,277.0,318.0,1.0,1.0
2214,967,418741.5,3808030.5,2022,153.0,182.0,228.0,238.0,250.0,277.0,317.0,1.0,1.0
2211,1012,418876.5,3808039.5,2022,152.0,205.0,228.0,237.0,248.0,269.0,294.0,1.0,2.0
2216,1037,418951.5,3808024.5,2022,159.0,208.0,229.0,239.0,250.0,268.0,290.0,1.0,2.0
2190,1078,419074.5,3808102.5,2022,159.0,199.0,229.0,239.0,251.0,270.0,312.0,1.0,2.0
2217,1088,419104.5,3808021.5,2022,154.0,191.0,226.0,237.0,249.0,271.0,321.0,1.0,2.0
2194,1127,419221.5,3808090.5,2022,156.0,197.0,225.0,236.0,247.0,269.0,303.0,1.0,2.0
2206,1146,419278.5,3808054.5,2022,152.0,203.0,226.0,236.0,247.0,269.0,300.0,1.0,2.0
2213,1198,419434.5,3808033.5,2022,125.0,192.0,226.0,237.0,249.0,271.0,306.0,1.0,2.0
2210,1223,419509.5,3808042.5,2022,139.0,206.0,225.0,235.0,246.0,267.0,306.0,1.0,2.0
2207,1242,419566.5,3808051.5,2022,114.0,186.0,226.0,236.0,249.0,273.0,316.0,1.0,2.0
2212,1267,419641.5,3808036.5,2022,118.0,201.0,225.0,236.0,248.0,269.0,295.0,1.0,2.0
2211,1426,420118.5,3808039.5,2022,151.0,210.0,232.0,244.0,257.0,279.0,326.0,1.0,2.0
2219,1501,420343.5,3808015.5,2022,146.0,205.0,228.0,240.0,256.0,286.0,320.0,1.0,1.0
2204,1711,420973.5,3808060.5,2022,150.0,204.0,224.0,235.0,247.0,272.0,300.0,1.0,2.0
2198,1811,421273.5,3808078.5,2022,156.0,205.0,226.0,237.0,251.0,277.0,317.0,1.0,1.0
2191,1848,421384.5,3808099.5,2022,150.0,209.0,228.0,239.0,254.0,281.0,316.0,1.0,1.0
2201,1867,421441.5,3808069.5,2022,138.0,206.0,227.0,238.0,255.0,284.0,315.0,1.0,1.0
2208,1896,421528.5,3808048.5,2022,147.0,207.0,227.0,238.0,253.0,282.0,322.0,1.0,1.0
2196,1921,421603.5,3808084.5,2022,148.0,204.0,226.0,238.0,255.0,282.0,319.0,1.0,1.0
2207,1972,421756.5,3808051.5,2022,136.0,205.0,228.0,241.0,258.0,284.0,323.0,1.0,2.0
2215,1993,421819.5,3808027.5,2022,147.0,207.0,228.0,241.0,261.0,284.0,312.0,1.0,1.0
2215,2023,421909.5,3808027.5,2022,159.0,210.0,229.0,241.0,257.0,283.0,316.0,1.0,1.0
2205,2057,422011.5,3808057.5,2022,156.0,207.0,226.0,239.0,257.0,284.0,327.0,1.0,2.0
2204,2096,422128.5,3808060.5,2022,146.0,200.0,221.0,234.0,248.0,278.0,317.0,1.0,1.0
2207,2127,422221.5,3808051.5,2022,139.0,206.0,227.0,239.0,258.0,284.0,319.0,1.0,2.0
2190,2149,422287.5,3808102.5,2022,138.0,201.0,222.0,234.0,249.0,281.0,317.0,1.0,2.0
2215,2166,422338.5,3808027.5,2022,158.0,204.0,224.0,237.0,252.0,280.0,321.0,1.0,1.0
2207,2207,422461.5,3808051.5,2022,148.0,204.0,224.0,236.0,250.0,279.0,312.0,1.0,1.0
2219,2221,422503.5,3808015.5,2022,141.0,203.0,226.0,238.0,253.0,281.0,317.0,1.0,1.0
2196,2258,422614.5,3808084.5,2022,132.0,202.0,223.0,234.0,247.0,279.0,311.0,1.0,1.0
2192,2294,422722.5,3808096.5,2022,112.0,200.0,222.0,233.0,246.0,276.0,312.0,1.0,1.0
2201,2310,422770.5,3808069.5,2022,150.0,204.0,225.0,236.0,251.0,282.0,316.0,1.0,1.0
2194,2340,422860.5,3808090.5,2022,131.0,199.0,221.0,233.0,249.0,283.0,320.0,1.0,2.0
2195,2905,424555.5,3808087.5,2022,150.0,194.0,221.0,232.0,246.0,285.0,324.0,1.0,1.0
2191,2929,424627.5,3808099.5,2022,149.0,197.0,221.0,232.0,245.0,283.0,319.0,1.0,1.0
2204,2959,424717.5,3808060.5,2022,145.0,200.0,221.0,232.0,245.0,283.0,322.0,1.0,1.0
2192,2970,424750.5,3808096.5,2022,125.0,193.0,221.0,232.0,247.0,282.0,325.0,1.0,1.0
2207,3012,424876.5,3808051.5,2022,143.0,190.0,218.0,231.0,246.0,282.0,317.0,1.0,1.0
2213,3039,424957.5,3808033.5,2022,118.0,193.0,216.0,228.0,242.0,280.0,317.0,1.0,1.0
2215,3072,425056.5,3808027.5,2022,117.0,194.0,217.0,228.0,242.0,276.0,318.0,1.0,1.0
2202,3106,425158.5,3808066.5,2022,137.0,192.0,216.0,228.0,243.0,282.0,324.0,1.0,1.0
2205,3142,425266.5,3808057.5,2022,142.0,191.0,216.0,228.0,242.0,279.0,315.0,1.0,1.0
2207,3155,425305.5,3808051.5,2022,151.0,195.0,216.0,227.0,240.0,279.0,318.0,1.0,1.0
2191,3186,425398.5,3808099.5,2022,144.0,196.0,218.0,229.0,242.0,278.0,322.0,1.0,1.0
2215,3228,425524.5,3808027.5,2022,140.0,196.0,217.0,228.0,241.0,282.0,323.0,1.0,1.0
2217,3255,425605.5,3808021.5,2022,145.0,198.0,219.0,229.0,242.0,283.0,319.0,1.0,2.0
2216,3271,425653.5,3808024.5,2022,121.0,198.0,218.0,228.0,241.0,278.0,313.0,1.0,1.0
2191,3304,425752.5,3808099.5,2022,145.0,197.0,218.0,230.0,243.0,277.0,313.0,1.0,1.0
2192,3331,425833.5,3808096.5,2022,138.0,192.0,219.0,230.0,245.0,282.0,318.0,1.0,1.0
2228,4,415852.5,3807988.5,2022,166.0,214.0,231.0,241.0,253.0,274.0,300.0,1.0,2.0
2243,37,415951.5,3807943.5,2022,155.0,209.0,229.0,239.0,251.0,273.0,313.0,1.0,1.0
2237,64,416032.5,3807961.5,2022,155.0,212.0,230.0,240.0,251.0,273.0,305.0,1.0,1.0
2242,106,416158.5,3807946.5,2022,157.0,214.0,232.0,242.0,254.0,275.0,311.0,1.0,2.0
2223,134,416242.5,3808003.5,2022,157.0,211.0,230.0,240.0,252.0,276.0,309.0,1.0,1.0
2224,154,416302.5,3808000.5,2022,160.0,210.0,231.0,243.0,255.0,276.0,296.0,1.0,1.0
2247,209,416467.5,3807931.5,2022,159.0,211.0,230.0,241.0,254.0,277.0,316.0,1.0,1.0
2238,213,416479.5,3807958.5,2022,155.0,200.0,231.0,244.0,258.0,288.0,357.0,1.0,2.0
2236,253,416599.5,3807964.5,2022,163.0,212.0,231.0,242.0,253.0,276.0,339.0,1.0,1.0
2249,270,416650.5,3807925.5,2022,157.0,210.0,231.0,241.0,254.0,284.0,333.0,1.0,1.0
2228,354,416902.5,3807988.5,2022,148.0,207.0,227.0,237.0,247.0,267.0,295.0,1.0,2.0
2245,386,416998.5,3807937.5,2022,167.0,215.0,230.0,238.0,248.0,265.0,283.0,1.0,1.0
2240,394,417022.5,3807952.5,2022,156.0,214.0,229.0,238.0,247.0,267.0,290.0,1.0,1.0
2238,430,417130.5,3807958.5,2022,169.0,213.0,229.0,238.0,247.0,265.0,284.0,1.0,2.0
2223,462,417226.5,3808003.5,2022,155.0,209.0,228.0,237.0,247.0,268.0,296.0,1.0,2.0
2229,500,417340.5,3807985.5,2022,149.0,198.0,227.0,237.0,248.0,271.0,314.0,1.0,1.0
2249,519,417397.5,3807925.5,2022,147.0,202.0,228.0,238.0,249.0,271.0,318.0,1.0,1.0
2223,553,417499.5,3808003.5,2022,150.0,206.0,229.0,239.0,251.0,273.0,320.0,1.0,1.0
2237,573,417559.5,3807961.5,2022,156.0,203.0,228.0,237.0,249.0,269.0,311.0,1.0,2.0
2220,605,417655.5,3808012.5,2022,145.0,184.0,227.0,238.0,248.0,269.0,300.0,1.0,2.0
2220,640,417760.5,3808012.5,2022,132.0,186.0,225.0,236.0,247.0,270.0,300.0,1.0,2.0
2223,714,417982.5,3808003.5,2022,160.0,201.0,227.0,237.0,249.0,271.0,305.0,1.0,1.0
2243,742,418066.5,3807943.5,2022,155.0,200.0,229.0,239.0,250.0,272.0,299.0,1.0,1.0
2236,750,418090.5,3807964.5,2022,154.0,210.0,230.0,240.0,251.0,272.0,299.0,1.0,1.0
2220,803,418249.5,3808012.5,2022,157.0,207.0,228.0,237.0,247.0,268.0,293.0,1.0,1.0
2227,815,418285.5,3807991.5,2022,146.0,190.0,228.0,238.0,250.0,271.0,298.0,1.0,1.0
2235,846,418378.5,3807967.5,2022,151.0,198.0,228.0,238.0,250.0,270.0,302.0,1.0,1.0
2245,877,418471.5,3807937.5,2022,150.0,187.0,228.0,238.0,248.0,268.0,294.0,1.0,1.0
2239,900,418540.5,3807955.5,2022,151.0,181.0,228.0,239.0,252.0,276.0,323.0,1.0,2.0
2225,940,418660.5,3807997.5,2022,150.0,180.0,228.0,238.0,249.0,270.0,318.0,1.0,2.0
2242,978,418774.5,3807946.5,2022,151.0,180.0,227.0,238.0,249.0,271.0,306.0,1.0,1.0
2236,1012,418876.5,3807964.5,2022,149.0,198.0,226.0,237.0,248.0,270.0,299.0,1.0,2.0
2242,1022,418906.5,3807946.5,2022,145.0,195.0,228.0,239.0,250.0,270.0,300.0,1.0,1.0
2220,1066,419038.5,3808012.5,2022,151.0,197.0,225.0,236.0,248.0,270.0,313.0,1.0,2.0
2230,1080,419080.5,3807982.5,2022,150.0,193.0,226.0,238.0,250.0,269.0,307.0,1.0,1.0
2232,1139,419257.5,3807976.5,2022,124.0,201.0,227.0,237.0,248.0,267.0,326.0,1.0,2.0
2221,1150,419290.5,3808009.5,2022,146.0,200.0,226.0,237.0,248.0,268.0,300.0,1.0,2.0
2234,1176,419368.5,3807970.5,2022,146.0,202.0,227.0,236.0,247.0,268.0,294.0,1.0,2.0
2236,1214,419482.5,3807964.5,2022,127.0,202.0,226.0,236.0,247.0,267.0,301.0,1.0,2.0
2242,1231,419533.5,3807946.5,2022,124.0,204.0,226.0,236.0,247.0,269.0,308.0,1.0,2.0
2220,1267,419641.5,3808012.5,2022,149.0,202.0,227.0,238.0,249.0,270.0,313.0,1.0,1.0
2247,1299,419737.5,3807931.5,2022,152.0,204.0,227.0,237.0,248.0,271.0,303.0,1.0,1.0
2236,1335,419845.5,3807964.5,2022,131.0,216.0,235.0,246.0,257.0,275.0,301.0,1.0,1.0
2224,1409,420067.5,3808000.5,2022,147.0,205.0,229.0,240.0,256.0,285.0,323.0,1.0,1.0
2222,1413,420079.5,3808006.5,2022,158.0,209.0,231.0,243.0,257.0,281.0,325.0,1.0,1.0
2223,1497,420331.5,3808003.5,2022,147.0,202.0,229.0,242.0,259.0,288.0,326.0,1.0,1.0
2224,1500,420340.5,3808000.5,2022,147.0,186.0,227.0,241.0,257.0,288.0,321.0,1.0,1.0
2241,1822,421306.5,3807949.5,2022,148.0,210.0,228.0,239.0,256.0,282.0,313.0,1.0,1.0
2221,1836,421348.5,3808009.5,2022,165.0,210.0,229.0,241.0,258.0,284.0,318.0,1.0,1.0
2235,1882,421486.5,3807967.5,2022,157.0,212.0,231.0,244.0,261.0,285.0,312.0,1.0,1.0
2228,1911,421573.5,3807988.5,2022,144.0,208.0,227.0,238.0,254.0,283.0,313.0,1.0,1.0
2220,1924,421612.5,3808012.5,2022,146.0,207.0,226.0,238.0,254.0,285.0,323.0,1.0,1.0
2246,1961,421723.5,3807934.5,2022,143.0,207.0,228.0,239.0,257.0,284.0,317.0,1.0,1.0
2236,1984,421792.5,3807964.5,2022,135.0,203.0,225.0,238.0,255.0,284.0,315.0,1.0,1.0
2232,2032,421936.5,3807976.5,2022,154.0,208.0,228.0,240.0,260.0,284.0,310.0,1.0,2.0
2221,2057,422011.5,3808009.5,2022,140.0,203.0,224.0,237.0,255.0,284.0,313.0,1.0,1.0
2231,2096,422128.5,3807979.5,2022,153.0,209.0,227.0,239.0,256.0,283.0,314.0,1.0,1.0
2225,2121,422203.5,3807997.5,2022,148.0,206.0,227.0,239.0,255.0,284.0,332.0,1.0,2.0
2244,2147,422281.5,3807940.5,2022,162.0,212.0,230.0,241.0,254.0,278.0,313.0,1.0,1.0
2235,2188,422404.5,3807967.5,2022,111.0,203.0,228.0,240.0,255.0,283.0,314.0,1.0,1.0
2238,2214,422482.5,3807958.5,2022,154.0,204.0,226.0,239.0,253.0,279.0,330.0,1.0,2.0
2244,2223,422509.5,3807940.5,2022,127.0,201.0,223.0,237.0,251.0,281.0,312.0,1.0,1.0
2236,2273,422659.5,3807964.5,2022,151.0,203.0,224.0,235.0,252.0,282.0,316.0,1.0,2.0
2236,2288,422704.5,3807964.5,2022,163.0,206.0,225.0,236.0,251.0,280.0,316.0,1.0,1.0
2228,2334,422842.5,3807988.5,2022,123.0,201.0,226.0,238.0,254.0,284.0,323.0,1.0,2.0
2231,2340,422860.5,3807979.5,2022,119.0,196.0,223.0,235.0,249.0,282.0,313.0,1.0,1.0
2245,2899,424537.5,3807937.5,2022,143.0,198.0,221.0,233.0,249.0,287.0,325.0,1.0,1.0
2222,2928,424624.5,3808006.5,2022,135.0,198.0,223.0,234.0,250.0,286.0,322.0,1.0,2.0
2222,2964,424732.5,3808006.5,2022,128.0,190.0,221.0,232.0,247.0,288.0,324.0,1.0,2.0
2227,2984,424792.5,3807991.5,2022,138.0,195.0,218.0,230.0,244.0,283.0,315.0,1.0,2.0
2222,3010,424870.5,3808006.5,2022,139.0,192.0,220.0,233.0,249.0,284.0,323.0,1.0,2.0
2222,3034,424942.5,3808006.5,2022,137.0,192.0,216.0,228.0,242.0,280.0,318.0,1.0,1.0
2222,3078,425074.5,3808006.5,2022,130.0,193.0,216.0,228.0,242.0,280.0,321.0,1.0,1.0
2244,3103,425149.5,3807940.5,2022,142.0,193.0,215.0,227.0,241.0,282.0,323.0,1.0,1.0
2240,3122,425206.5,3807952.5,2022,146.0,191.0,217.0,228.0,241.0,283.0,324.0,1.0,1.0
2233,3151,425293.5,3807973.5,2022,143.0,192.0,215.0,226.0,239.0,283.0,319.0,1.0,1.0
2240,3203,425449.5,3807952.5,2022,137.0,191.0,216.0,227.0,241.0,283.0,320.0,1.0,1.0
2242,3224,425512.5,3807946.5,2022,121.0,191.0,216.0,227.0,240.0,280.0,316.0,1.0,1.0
2238,3251,425593.5,3807958.5,2022,150.0,198.0,218.0,229.0,242.0,279.0,328.0,1.0,1.0
2236,3290,425710.5,3807964.5,2022,130.0,197.0,219.0,230.0,242.0,279.0,322.0,1.0,1.0
2230,3316,425788.5,3807982.5,2022,119.0,199.0,219.0,230.0,242.0,277.0,321.0,1.0,1.0
2221,3331,425833.5,3808009.5,2022,117.0,200.0,219.0,229.0,242.0,278.0,320.0,1.0,2.0
2266,27,415921.5,3807874.5,2022,171.0,215.0,232.0,242.0,253.0,276.0,327.0,1.0,2.0
2252,36,415948.5,3807916.5,2022,169.0,216.0,232.0,241.0,251.0,272.0,302.0,1.0,2.0
2269,66,416038.5,3807865.5,2022,164.0,209.0,229.0,239.0,251.0,271.0,296.0,1.0,1.0
2259,90,416110.5,3807895.5,2022,164.0,210.0,230.0,241.0,253.0,276.0,329.0,1.0,1.0
2275,136,416248.5,3807847.5,2022,148.0,210.0,231.0,242.0,254.0,276.0,367.0,1.0,2.0
2250,151,416293.5,3807922.5,2022,170.0,213.0,232.0,242.0,254.0,273.0,304.0,1.0,2.0
2277,183,416389.5,3807841.5,2022,159.0,211.0,233.0,245.0,258.0,282.0,334.0,1.0,1.0
2273,218,416494.5,3807853.5,2022,151.0,200.0,228.0,238.0,251.0,276.0,322.0,1.0,1.0
2259,263,416629.5,3807895.5,2022,156.0,205.0,228.0,240.0,252.0,279.0,344.0,1.0,1.0
2275,281,416683.5,3807847.5,2022,170.0,202.0,230.0,244.0,257.0,284.0,366.0,1.0,1.0
2261,384,416992.5,3807889.5,2022,133.0,214.0,230.0,239.0,249.0,268.0,291.0,1.0,2.0
2267,398,417034.5,3807871.5,2022,181.0,214.0,229.0,237.0,247.0,266.0,287.0,1.0,2.0
2250,438,417154.5,3807922.5,2022,155.0,209.0,228.0,237.0,247.0,266.0,292.0,1.0,2.0
2262,475,417265.5,3807886.5,2022,155.0,212.0,228.0,237.0,247.0,264.0,289.0,1.0,2.0
2265,509,417367.5,3807877.5,2022,161.0,214.0,230.0,239.0,249.0,269.0,300.0,1.0,2.0
2260,538,417454.5,3807892.5,2022,166.0,212.0,228.0,237.0,248.0,268.0,296.0,1.0,2.0
2251,542,417466.5,3807919.5,2022,158.0,212.0,229.0,238.0,248.0,268.0,298.0,1.0,1.0
2278,592,417616.5,3807838.5,2022,154.0,206.0,226.0,236.0,247.0,266.0,292.0,1.0,2.0
2279,624,417712.5,3807835.5,2022,150.0,207.0,225.0,235.0,246.0,265.0,288.0,1.0,2.0
2279,645,417775.5,3807835.5,2022,154.0,203.0,224.0,234.0,245.0,268.0,297.0,1.0,2.0
2269,665,417835.5,3807865.5,2022,153.0,195.0,223.0,234.0,245.0,267.0,297.0,1.0,2.0
2272,714,417982.5,3807856.5,2022,161.0,209.0,229.0,240.0,252.0,272.0,296.0,1.0,1.0
2258,730,418030.5,3807898.5,2022,161.0,211.0,229.0,239.0,250.0,271.0,297.0,1.0,1.0
2271,761,418123.5,3807859.5,2022,145.0,202.0,230.0,240.0,252.0,275.0,313.0,1.0,1.0
2257,805,418255.5,3807901.5,2022,143.0,188.0,228.0,238.0,249.0,271.0,297.0,1.0,1.0
2279,831,418333.5,3807835.5,2022,154.0,191.0,228.0,238.0,249.0,270.0,301.0,1.0,1.0
2262,856,418408.5,3807886.5,2022,156.0,198.0,228.0,238.0,249.0,271.0,303.0,1.0,1.0
2269,873,418459.5,3807865.5,2022,149.0,185.0,227.0,237.0,248.0,269.0,298.0,1.0,1.0
2253,906,418558.5,3807913.5,2022,133.0,194.0,231.0,241.0,253.0,274.0,302.0,1.0,2.0
2276,1044,418972.5,3807844.5,2022,150.0,183.0,225.0,236.0,248.0,270.0,314.0,1.0,2.0
2279,1064,419032.5,3807835.5,2022,152.0,180.0,225.0,238.0,250.0,272.0,314.0,1.0,1.0
2279,1107,419161.5,3807835.5,2022,123.0,189.0,226.0,237.0,248.0,271.0,311.0,1.0,2.0
2259,1116,419188.5,3807895.5,2022,153.0,192.0,226.0,237.0,248.0,271.0,317.0,1.0,2.0
2266,1195,419425.5,3807874.5,2022,151.0,200.0,224.0,236.0,247.0,268.0,295.0,1.0,2.0
2259,1218,419494.5,3807895.5,2022,135.0,202.0,226.0,237.0,247.0,266.0,289.0,1.0,2.0
2256,1257,419611.5,3807904.5,2022,131.0,202.0,225.0,236.0,248.0,270.0,300.0,1.0,2.0
2279,1288,419704.5,3807835.5,2022,118.0,208.0,227.0,237.0,248.0,268.0,301.0,1.0,2.0
2269,1310,419770.5,3807865.5,2022,126.0,202.0,226.0,236.0,248.0,273.0,308.0,1.0,2.0
2250,1332,419836.5,3807922.5,2022,150.0,181.0,228.0,239.0,253.0,280.0,315.0,1.0,1.0
2266,1643,420769.5,3807874.5,2022,154.0,206.0,226.0,237.0,249.0,274.0,304.0,1.0,1.0
2278,1760,421120.5,3807838.5,2022,134.0,210.0,231.0,243.0,259.0,286.0,321.0,1.0,2.0
2275,1775,421165.5,3807847.5,2022,134.0,181.0,233.0,245.0,263.0,287.0,319.0,1.0,2.0
2277,1809,421267.5,3807841.5,2022,139.0,203.0,226.0,237.0,253.0,283.0,322.0,1.0,1.0
2257,1831,421333.5,3807901.5,2022,137.0,200.0,223.0,235.0,252.0,282.0,326.0,1.0,1.0
2251,1883,421489.5,3807919.5,2022,138.0,208.0,229.0,241.0,258.0,283.0,320.0,1.0,2.0
2263,1893,421519.5,3807883.5,2022,157.0,209.0,228.0,239.0,254.0,283.0,314.0,1.0,1.0
2253,1949,421687.5,3807913.5,2022,153.0,207.0,227.0,238.0,256.0,284.0,312.0,1.0,1.0
2270,1956,421708.5,3807862.5,2022,152.0,208.0,226.0,237.0,255.0,285.0,315.0,1.0,1.0
2262,1991,421813.5,3807886.5,2022,142.0,210.0,229.0,241.0,258.0,283.0,315.0,1.0,1.0
2255,2033,421939.5,3807907.5,2022,158.0,210.0,229.0,242.0,261.0,284.0,318.0,1.0,1.0
2268,2046,421978.5,3807868.5,2022,140.0,208.0,228.0,241.0,258.0,284.0,310.0,1.0,1.0
2279,2089,422107.5,3807835.5,2022,151.0,210.0,228.0,240.0,261.0,285.0,323.0,1.0,2.0
2263,2109,422167.5,3807883.5,2022,148.0,210.0,229.0,240.0,257.0,283.0,313.0,1.0,1.0
2252,2132,422236.5,3807916.5,2022,158.0,208.0,227.0,240.0,255.0,278.0,310.0,1.0,1.0
2274,2189,422407.5,3807850.5,2022,144.0,197.0,220.0,233.0,248.0,283.0,321.0,1.0,1.0
2250,2217,422491.5,3807922.5,2022,129.0,200.0,225.0,239.0,257.0,285.0,317.0,1.0,2.0
2268,2237,422551.5,3807868.5,2022,135.0,201.0,222.0,234.0,250.0,283.0,318.0,1.0,2.0
2264,2272,422656.5,3807880.5,2022,154.0,205.0,224.0,236.0,252.0,280.0,317.0,1.0,2.0
2251,2291,422713.5,3807919.5,2022,144.0,205.0,224.0,235.0,248.0,282.0,316.0,1.0,1.0
2265,2323,422809.5,3807877.5,2022,151.0,203.0,223.0,233.0,247.0,280.0,316.0,1.0,1.0
2252,2340,422860.5,3807916.5,2022,127.0,187.0,223.0,235.0,252.0,283.0,318.0,1.0,2.0
2267,2893,424519.5,3807871.5,2022,140.0,196.0,221.0,233.0,246.0,282.0,318.0,1.0,2.0
2252,2931,424633.5,3807916.5,2022,137.0,200.0,221.0,232.0,248.0,289.0,319.0,1.0,2.0
2261,2959,424717.5,3807889.5,2022,138.0,189.0,221.0,232.0,247.0,291.0,323.0,1.0,2.0
2275,2993,424819.5,3807847.5,2022,125.0,191.0,219.0,230.0,246.0,280.0,316.0,1.0,1.0
2270,3029,424927.5,3807862.5,2022,134.0,195.0,219.0,230.0,245.0,279.0,308.0,1.0,1.0
2277,3039,424957.5,3807841.5,2022,150.0,192.0,217.0,229.0,243.0,285.0,322.0,1.0,1.0
2279,3088,425104.5,3807835.5,2022,140.0,196.0,217.0,228.0,241.0,282.0,327.0,1.0,1.0
2253,3107,425161.5,3807913.5,2022,139.0,192.0,217.0,228.0,243.0,284.0,319.0,1.0,1.0
2254,3126,425218.5,3807910.5,2022,148.0,197.0,216.0,227.0,240.0,282.0,324.0,1.0,1.0
2271,3150,425290.5,3807859.5,2022,129.0,190.0,216.0,228.0,242.0,281.0,321.0,1.0,1.0
2282,17,415891.5,3807826.5,2022,166.0,212.0,230.0,241.0,251.0,271.0,298.0,1.0,1.0
2301,44,415972.5,3807769.5,2022,174.0,212.0,231.0,242.0,256.0,283.0,364.0,1.0,2.0
2286,71,416053.5,3807814.5,2022,165.0,211.0,231.0,241.0,252.0,275.0,336.0,1.0,1.0
2307,104,416152.5,3807751.5,2022,169.0,208.0,232.0,244.0,256.0,275.0,303.0,1.0,1.0
2281,127,416221.5,3807829.5,2022,165.0,214.0,231.0,241.0,252.0,274.0,332.0,1.0,1.0
2282,165,416335.5,3807826.5,2022,156.0,209.0,230.0,242.0,254.0,278.0,325.0,1.0,2.0
2289,193,416419.5,3807805.5,2022,153.0,204.0,228.0,240.0,254.0,281.0,324.0,1.0,1.0
2308,233,416539.5,3807748.5,2022,162.0,207.0,228.0,238.0,250.0,273.0,307.0,1.0,1.0
2305,242,416566.5,3807757.5,2022,163.0,207.0,230.0,242.0,253.0,274.0,325.0,1.0,1.0
2286,388,417004.5,3807814.5,2022,163.0,212.0,228.0,237.0,247.0,264.0,285.0,1.0,2.0
2281,396,417028.5,3807829.5,2022,157.0,212.0,229.0,238.0,247.0,266.0,291.0,1.0,1.0
2291,434,417142.5,3807799.5,2022,164.0,212.0,228.0,237.0,247.0,266.0,289.0,1.0,2.0
2281,507,417361.5,3807829.5,2022,163.0,212.0,229.0,239.0,250.0,269.0,296.0,1.0,2.0
2298,533,417439.5,3807778.5,2022,165.0,218.0,233.0,243.0,253.0,270.0,291.0,1.0,2.0
2284,544,417472.5,3807820.5,2022,152.0,192.0,230.0,242.0,254.0,274.0,297.0,1.0,1.0
2300,594,417622.5,3807772.5,2022,154.0,211.0,228.0,238.0,249.0,267.0,292.0,1.0,2.0
2293,627,417721.5,3807793.5,2022,160.0,208.0,225.0,235.0,244.0,261.0,281.0,1.0,2.0
2291,632,417736.5,3807799.5,2022,170.0,208.0,226.0,235.0,244.0,262.0,282.0,1.0,2.0
2286,669,417847.5,3807814.5,2022,149.0,205.0,225.0,236.0,247.0,268.0,296.0,1.0,2.0
2285,718,417994.5,3807817.5,2022,162.0,214.0,230.0,239.0,250.0,272.0,300.0,1.0,1.0
2308,744,418072.5,3807748.5,2022,153.0,209.0,229.0,238.0,249.0,271.0,304.0,1.0,1.0
2300,766,418138.5,3807772.5,2022,145.0,189.0,228.0,239.0,251.0,272.0,305.0,1.0,1.0
2301,798,418234.5,3807769.5,2022,155.0,197.0,227.0,237.0,249.0,269.0,296.0,1.0,1.0
2286,836,418348.5,3807814.5,2022,152.0,191.0,228.0,238.0,249.0,271.0,300.0,1.0,1.0
2284,841,418363.5,3807820.5,2022,134.0,186.0,228.0,238.0,249.0,270.0,301.0,1.0,1.0
2305,892,418516.5,3807757.5,2022,150.0,190.0,229.0,240.0,252.0,272.0,301.0,1.0,1.0
2294,907,418561.5,3807790.5,2022,144.0,186.0,229.0,240.0,251.0,271.0,300.0,1.0,1.0
2291,944,418672.5,3807799.5,2022,148.0,182.0,227.0,238.0,250.0,273.0,317.0,1.0,1.0
2303,1045,418975.5,3807763.5,2022,123.0,184.0,226.0,238.0,249.0,270.0,312.0,1.0,2.0
2281,1069,419047.5,3807829.5,2022,156.0,187.0,228.0,238.0,249.0,270.0,314.0,1.0,1.0
2291,1081,419083.5,3807799.5,2022,145.0,188.0,225.0,236.0,248.0,270.0,308.0,1.0,2.0
2287,1133,419239.5,3807811.5,2022,148.0,190.0,226.0,236.0,248.0,271.0,307.0,1.0,2.0
2292,1153,419299.5,3807796.5,2022,153.0,202.0,227.0,237.0,248.0,270.0,322.0,1.0,2.0
2307,1227,419521.5,3807751.5,2022,122.0,190.0,226.0,237.0,248.0,271.0,314.0,1.0,1.0
2306,1239,419557.5,3807754.5,2022,114.0,196.0,227.0,237.0,249.0,271.0,312.0,1.0,2.0
2294,1288,419704.5,3807790.5,2022,153.0,202.0,226.0,236.0,247.0,268.0,294.0,1.0,2.0
2300,1291,419713.5,3807772.5,2022,126.0,205.0,226.0,236.0,247.0,270.0,299.0,1.0,2.0
2296,1352,419896.5,3807784.5,2022,148.0,187.0,226.0,237.0,250.0,277.0,332.0,1.0,2.0
2307,1686,420898.5,3807751.5,2022,156.0,207.0,231.0,242.0,259.0,287.0,322.0,1.0,1.0
2282,1763,421129.5,3807826.5,2022,141.0,206.0,230.0,241.0,257.0,285.0,329.0,1.0,2.0
2281,1770,421150.5,3807829.5,2022,143.0,208.0,229.0,240.0,254.0,281.0,310.0,1.0,2.0
2280,1818,421294.5,3807832.5,2022,121.0,206.0,227.0,238.0,253.0,281.0,320.0,1.0,1.0
2305,1836,421348.5,3807757.5,2022,120.0,204.0,227.0,239.0,256.0,283.0,315.0,1.0,2.0
2280,1876,421468.5,3807832.5,2022,154.0,211.0,229.0,239.0,254.0,279.0,308.0,1.0,1.0
2305,1894,421522.5,3807757.5,2022,148.0,207.0,226.0,237.0,252.0,281.0,314.0,1.0,1.0
2305,1939,421657.5,3807757.5,2022,160.0,211.0,229.0,240.0,254.0,280.0,312.0,1.0,1.0
2299,1978,421774.5,3807775.5,2022,158.0,208.0,226.0,237.0,253.0,284.0,319.0,1.0,1.0
2285,2003,421849.5,3807817.5,2022,161.0,208.0,227.0,238.0,254.0,282.0,331.0,1.0,1.0
2298,2016,421888.5,3807778.5,2022,147.0,209.0,228.0,239.0,254.0,282.0,311.0,1.0,1.0
2305,2061,422023.5,3807757.5,2022,156.0,209.0,229.0,242.0,258.0,283.0,310.0,1.0,1.0
2303,2079,422077.5,3807763.5,2022,131.0,205.0,226.0,239.0,255.0,284.0,316.0,1.0,1.0
2289,2106,422158.5,3807805.5,2022,146.0,205.0,226.0,238.0,253.0,283.0,319.0,1.0,1.0
2284,2158,422314.5,3807820.5,2022,148.0,209.0,230.0,243.0,259.0,290.0,326.0,1.0,1.0
2293,2183,422389.5,3807793.5,2022,126.0,194.0,221.0,235.0,251.0,284.0,319.0,1.0,1.0
2292,2208,422464.5,3807796.5,2022,144.0,199.0,222.0,234.0,251.0,282.0,323.0,1.0,2.0
2294,2243,422569.5,3807790.5,2022,122.0,203.0,223.0,235.0,250.0,282.0,317.0,1.0,1.0
2296,2279,422677.5,3807784.5,2022,169.0,209.0,226.0,236.0,250.0,278.0,309.0,1.0,1.0
2292,2280,422680.5,3807796.5,2022,162.0,207.0,226.0,236.0,251.0,281.0,315.0,1.0,1.0
2290,2332,422836.5,3807802.5,2022,133.0,204.0,222.0,233.0,249.0,283.0,319.0,1.0,2.0
2284,2341,422863.5,3807820.5,2022,129.0,200.0,221.0,232.0,246.0,276.0,307.0,1.0,2.0
2283,2897,424531.5,3807823.5,2022,146.0,198.0,221.0,234.0,253.0,290.0,330.0,1.0,1.0
2303,2931,424633.5,3807763.5,2022,146.0,200.0,222.0,233.0,248.0,287.0,320.0,1.0,1.0
2309,2954,424702.5,3807745.5,2022,134.0,197.0,219.0,230.0,243.0,283.0,316.0,1.0,1.0
2301,2992,424816.5,3807769.5,2022,134.0,191.0,218.0,229.0,246.0,288.0,323.0,1.0,1.0
2282,3001,424843.5,3807826.5,2022,135.0,196.0,218.0,229.0,243.0,283.0,314.0,1.0,1.0
2298,3032,424936.5,3807778.5,2022,151.0,191.0,217.0,229.0,244.0,286.0,328.0,1.0,1.0
2295,3070,425050.5,3807787.5,2022,143.0,188.0,215.0,227.0,240.0,280.0,326.0,1.0,1.0
2281,3091,425113.5,3807829.5,2022,133.0,194.0,218.0,229.0,243.0,283.0,325.0,1.0,1.0
2298,3124,425212.5,3807778.5,2022,138.0,198.0,218.0,230.0,243.0,283.0,326.0,1.0,1.0
2308,3150,425290.5,3807748.5,2022,144.0,196.0,217.0,228.0,241.0,280.0,321.0,1.0,2.0
2318,26,415918.5,3807718.5,2022,169.0,207.0,230.0,242.0,256.0,283.0,380.0,1.0,1.0
2327,40,415960.5,3807691.5,2022,147.0,202.0,228.0,240.0,252.0,275.0,306.0,1.0,2.0
2321,88,416104.5,3807709.5,2022,146.0,196.0,230.0,243.0,256.0,279.0,319.0,1.0,2.0
2316,107,416161.5,3807724.5,2022,157.0,207.0,230.0,242.0,255.0,278.0,312.0,1.0,1.0
2315,136,416248.5,3807727.5,2022,154.0,210.0,230.0,241.0,252.0,272.0,301.0,1.0,2.0
2333,170,416350.5,3807673.5,2022,162.0,203.0,231.0,244.0,257.0,282.0,331.0,1.0,1.0
2338,196,416428.5,3807658.5,2022,168.0,214.0,233.0,244.0,256.0,276.0,303.0,1.0,1.0
2321,235,416545.5,3807709.5,2022,143.0,205.0,228.0,238.0,250.0,275.0,306.0,1.0,1.0
2325,245,416575.5,3807697.5,2022,157.0,208.0,228.0,239.0,250.0,272.0,364.0,1.0,1.0
2314,273,416659.5,3807730.5,2022,149.0,213.0,231.0,240.0,251.0,271.0,325.0,1.0,2.0
2317,305,416755.5,3807721.5,2022,89.0,180.0,226.0,239.0,253.0,280.0,323.0,1.0,2.0
2315,440,417160.5,3807727.5,2022,154.0,212.0,230.0,239.0,249.0,269.0,293.0,1.0,2.0
2315,517,417391.5,3807727.5,2022,157.0,211.0,229.0,238.0,249.0,268.0,296.0,1.0,2.0
2335,556,417508.5,3807667.5,2022,149.0,210.0,227.0,237.0,248.0,269.0,293.0,1.0,2.0
2334,582,417586.5,3807670.5,2022,160.0,209.0,226.0,235.0,245.0,264.0,290.0,1.0,2.0
2336,711,417973.5,3807664.5,2022,143.0,186.0,228.0,238.0,251.0,275.0,310.0,1.0,1.0
2330,748,418084.5,3807682.5,2022,153.0,206.0,229.0,239.0,250.0,273.0,305.0,1.0,1.0
2333,751,418093.5,3807673.5,2022,157.0,207.0,228.0,237.0,248.0,270.0,302.0,1.0,1.0
2318,786,418198.5,3807718.5,2022,144.0,203.0,228.0,238.0,251.0,273.0,303.0,1.0,1.0
2318,817,418291.5,3807718.5,2022,139.0,183.0,227.0,238.0,251.0,273.0,302.0,1.0,1.0
2310,856,418408.5,3807742.5,2022,137.0,188.0,227.0,237.0,248.0,270.0,300.0,1.0,1.0
2325,893,418519.5,3807697.5,2022,156.0,204.0,230.0,240.0,252.0,274.0,305.0,1.0,1.0
2328,911,418573.5,3807688.5,2022,151.0,192.0,230.0,240.0,251.0,273.0,303.0,1.0,1.0
2332,942,418666.5,3807676.5,2022,151.0,193.0,227.0,238.0,251.0,274.0,309.0,1.0,1.0
2325,996,418828.5,3807697.5,2022,150.0,186.0,225.0,237.0,248.0,270.0,306.0,1.0,2.0
2333,1021,418903.5,3807673.5,2022,159.0,198.0,227.0,237.0,248.0,269.0,311.0,1.0,1.0
2319,1215,419485.5,3807715.5,2022,154.0,184.0,228.0,239.0,252.0,277.0,312.0,1.0,2.0
2322,1230,419530.5,3807706.5,2022,153.0,198.0,226.0,236.0,248.0,271.0,303.0,1.0,2.0
2320,1338,419854.5,3807712.5,2022,148.0,200.0,224.0,235.0,247.0,274.0,305.0,1.0,2.0
2328,1359,419917.5,3807688.5,2022,151.0,205.0,229.0,240.0,254.0,278.0,307.0,1.0,1.0
2316,1476,420268.5,3807724.5,2022,160.0,207.0,231.0,241.0,253.0,275.0,306.0,1.0,2.0
2339,1649,420787.5,3807655.5,2022,136.0,200.0,226.0,238.0,253.0,278.0,324.0,1.0,2.0
2323,1664,420832.5,3807703.5,2022,146.0,207.0,231.0,242.0,256.0,282.0,324.0,1.0,1.0
2316,1684,420892.5,3807724.5,2022,153.0,213.0,233.0,244.0,259.0,284.0,322.0,1.0,2.0
2336,1824,421312.5,3807664.5,2022,127.0,203.0,226.0,239.0,254.0,283.0,322.0,1.0,1.0
2319,1833,421339.5,3807715.5,2022,138.0,202.0,224.0,236.0,251.0,281.0,320.0,1.0,1.0
2334,1887,421501.5,3807670.5,2022,149.0,204.0,225.0,237.0,252.0,281.0,320.0,1.0,1.0
2319,1894,421522.5,3807715.5,2022,151.0,206.0,226.0,237.0,252.0,281.0,321.0,1.0,1.0
2322,1941,421663.5,3807706.5,2022,131.0,207.0,229.0,241.0,258.0,284.0,321.0,1.0,2.0
2325,1979,421777.5,3807697.5,2022,165.0,210.0,227.0,237.0,249.0,278.0,308.0,1.0,1.0
2323,1984,421792.5,3807703.5,2022,151.0,209.0,228.0,239.0,253.0,280.0,310.0,1.0,1.0
2333,2028,421924.5,3807673.5,2022,151.0,209.0,229.0,241.0,256.0,282.0,307.0,1.0,1.0
2319,2056,422008.5,3807715.5,2022,131.0,207.0,226.0,238.0,253.0,282.0,314.0,1.0,1.0
2325,2098,422134.5,3807697.5,2022,171.0,210.0,230.0,242.0,257.0,283.0,313.0,1.0,2.0
2319,2112,422176.5,3807715.5,2022,142.0,209.0,231.0,244.0,261.0,286.0,320.0,1.0,1.0
2323,2155,422305.5,3807703.5,2022,153.0,203.0,225.0,237.0,252.0,283.0,319.0,1.0,1.0
2326,2175,422365.5,3807694.5,2022,158.0,204.0,226.0,238.0,254.0,283.0,318.0,1.0,1.0
2325,2213,422479.5,3807697.5,2022,159.0,204.0,225.0,237.0,251.0,280.0,319.0,1.0,1.0
2329,2237,422551.5,3807685.5,2022,153.0,205.0,224.0,235.0,248.0,279.0,312.0,1.0,1.0
2327,2253,422599.5,3807691.5,2022,168.0,205.0,223.0,234.0,247.0,279.0,317.0,1.0,1.0
2311,2284,422692.5,3807739.5,2022,149.0,207.0,224.0,235.0,247.0,277.0,309.0,1.0,1.0
2320,2326,422818.5,3807712.5,2022,154.0,208.0,225.0,235.0,248.0,280.0,313.0,1.0,1.0
2339,2341,422863.5,3807655.5,2022,134.0,204.0,224.0,235.0,248.0,280.0,314.0,1.0,2.0
2328,2908,424564.5,3807688.5,2022,134.0,200.0,221.0,233.0,248.0,282.0,319.0,1.0,2.0
2336,2921,424603.5,3807664.5,2022,131.0,196.0,222.0,235.0,253.0,285.0,325.0,1.0,2.0
2321,2959,424717.5,3807709.5,2022,147.0,198.0,220.0,231.0,246.0,283.0,322.0,1.0,1.0
2325,2996,424828.5,3807697.5,2022,147.0,193.0,219.0,230.0,244.0,286.0,319.0,1.0,1.0
2337,3014,424882.5,3807661.5,2022,150.0,199.0,221.0,233.0,250.0,288.0,326.0,1.0,1.0
2320,3048,424984.5,3807712.5,2022,148.0,197.0,219.0,231.0,246.0,284.0,328.0,1.0,1.0
2313,3084,425092.5,3807733.5,2022,142.0,196.0,219.0,231.0,246.0,284.0,323.0,1.0,1.0
2329,3116,425188.5,3807685.5,2022,145.0,187.0,217.0,229.0,245.0,286.0,321.0,1.0,1.0
2327,3149,425287.5,3807691.5,2022,135.0,194.0,217.0,229.0,243.0,282.0,318.0,1.0,1.0
2335,3150,425290.5,3807667.5,2022,144.0,190.0,215.0,227.0,242.0,285.0,328.0,1.0,1.0
2353,22,415906.5,3807613.5,2022,161.0,207.0,231.0,242.0,253.0,274.0,308.0,1.0,1.0
2351,40,415960.5,3807619.5,2022,132.0,188.0,226.0,239.0,253.0,280.0,317.0,1.0,1.0
2347,74,416062.5,3807631.5,2022,156.0,199.0,228.0,240.0,254.0,283.0,329.0,1.0,2.0
2365,109,416167.5,3807577.5,2022,154.0,194.0,227.0,239.0,251.0,275.0,322.0,1.0,1.0
2353,143,416269.5,3807613.5,2022,162.0,206.0,228.0,240.0,252.0,273.0,312.0,1.0,1.0
2359,150,416290.5,3807595.5,2022,163.0,210.0,232.0,244.0,256.0,278.0,316.0,1.0,2.0
2347,190,416410.5,3807631.5,2022,171.0,212.0,232.0,244.0,257.0,283.0,351.0,1.0,2.0
2362,239,416557.5,3807586.5,2022,159.0,214.0,231.0,240.0,251.0,271.0,344.0,1.0,2.0
2356,246,416578.5,3807604.5,2022,151.0,191.0,227.0,237.0,249.0,272.0,393.0,1.0,1.0
2343,292,416716.5,3807643.5,2022,112.0,186.0,230.0,242.0,257.0,282.0,333.0,1.0,2.0
2365,325,416815.5,3807577.5,2022,160.0,211.0,229.0,238.0,249.0,274.0,332.0,1.0,2.0
2354,506,417358.5,3807610.5,2022,152.0,210.0,228.0,237.0,248.0,268.0,303.0,1.0,2.0
2354,556,417508.5,3807610.5,2022,149.0,211.0,229.0,238.0,249.0,269.0,293.0,1.0,2.0
2350,573,417559.5,3807622.5,2022,144.0,208.0,225.0,235.0,244.0,264.0,291.0,1.0,2.0
2357,655,417805.5,3807601.5,2022,162.0,205.0,225.0,236.0,246.0,266.0,294.0,1.0,1.0
2349,672,417856.5,3807625.5,2022,104.0,189.0,228.0,240.0,252.0,272.0,299.0,1.0,2.0
2354,709,417967.5,3807610.5,2022,156.0,210.0,228.0,238.0,249.0,269.0,290.0,1.0,1.0
2340,745,418075.5,3807652.5,2022,152.0,210.0,229.0,237.0,248.0,270.0,302.0,1.0,1.0
2346,761,418123.5,3807634.5,2022,154.0,208.0,228.0,237.0,248.0,271.0,301.0,1.0,1.0
2346,799,418237.5,3807634.5,2022,149.0,205.0,227.0,237.0,248.0,270.0,305.0,1.0,1.0
2341,829,418327.5,3807649.5,2022,136.0,185.0,228.0,239.0,251.0,273.0,308.0,1.0,1.0
2350,854,418402.5,3807622.5,2022,121.0,184.0,227.0,237.0,249.0,271.0,310.0,1.0,1.0
2351,879,418477.5,3807619.5,2022,122.0,183.0,228.0,239.0,252.0,275.0,313.0,1.0,1.0
2352,910,418570.5,3807616.5,2022,148.0,187.0,229.0,239.0,250.0,271.0,304.0,1.0,1.0
2342,953,418699.5,3807646.5,2022,161.0,204.0,228.0,239.0,250.0,271.0,310.0,1.0,2.0
2352,984,418792.5,3807616.5,2022,157.0,188.0,228.0,238.0,249.0,269.0,298.0,1.0,2.0
2347,1016,418888.5,3807631.5,2022,153.0,194.0,226.0,236.0,247.0,269.0,299.0,1.0,2.0
2357,1034,418942.5,3807601.5,2022,154.0,195.0,227.0,238.0,249.0,269.0,299.0,1.0,2.0
2366,1186,419398.5,3807574.5,2022,152.0,206.0,228.0,238.0,250.0,272.0,304.0,1.0,1.0
2344,1220,419500.5,3807640.5,2022,114.0,201.0,228.0,240.0,252.0,273.0,309.0,1.0,2.0
2367,1312,419776.5,3807571.5,2022,155.0,208.0,229.0,240.0,253.0,277.0,320.0,1.0,1.0
2366,1320,419800.5,3807574.5,2022,159.0,211.0,232.0,243.0,257.0,285.0,318.0,1.0,1.0
2368,1372,419956.5,3807568.5,2022,120.0,208.0,230.0,241.0,255.0,279.0,313.0,1.0,1.0
2365,1393,420019.5,3807577.5,2022,152.0,211.0,231.0,242.0,255.0,279.0,309.0,1.0,1.0
2369,1418,420094.5,3807565.5,2022,137.0,205.0,229.0,240.0,253.0,276.0,303.0,1.0,2.0
2368,1452,420196.5,3807568.5,2022,137.0,206.0,231.0,243.0,256.0,279.0,306.0,1.0,2.0
2368,1488,420304.5,3807568.5,2022,131.0,202.0,228.0,239.0,252.0,278.0,306.0,1.0,2.0
2368,1618,420694.5,3807568.5,2022,151.0,205.0,228.0,239.0,253.0,278.0,322.0,1.0,1.0
2366,1639,420757.5,3807574.5,2022,144.0,210.0,231.0,242.0,257.0,283.0,323.0,1.0,1.0
2343,1659,420817.5,3807643.5,2022,147.0,209.0,230.0,242.0,258.0,286.0,327.0,1.0,1.0
2343,1690,420910.5,3807643.5,2022,155.0,214.0,233.0,246.0,263.0,289.0,333.0,1.0,1.0
2369,1729,421027.5,3807565.5,2022,150.0,208.0,229.0,239.0,251.0,275.0,305.0,1.0,1.0
2346,1805,421255.5,3807634.5,2022,137.0,199.0,225.0,238.0,256.0,285.0,330.0,1.0,1.0
2358,1848,421384.5,3807598.5,2022,147.0,209.0,229.0,240.0,255.0,283.0,320.0,1.0,1.0
2348,1888,421504.5,3807628.5,2022,143.0,208.0,228.0,238.0,254.0,283.0,323.0,1.0,1.0
2353,1910,421570.5,3807613.5,2022,142.0,207.0,227.0,238.0,252.0,283.0,316.0,1.0,1.0
2355,1932,421636.5,3807607.5,2022,165.0,210.0,228.0,238.0,252.0,277.0,316.0,1.0,1.0
2364,1953,421699.5,3807580.5,2022,148.0,209.0,227.0,238.0,251.0,278.0,310.0,1.0,1.0
2344,1998,421834.5,3807640.5,2022,170.0,210.0,228.0,238.0,254.0,281.0,310.0,1.0,1.0
2347,2034,421942.5,3807631.5,2022,143.0,207.0,227.0,239.0,254.0,283.0,314.0,1.0,2.0
2365,2064,422032.5,3807577.5,2022,134.0,209.0,229.0,241.0,256.0,283.0,314.0,1.0,1.0
2351,2079,422077.5,3807619.5,2022,111.0,206.0,229.0,241.0,258.0,286.0,315.0,1.0,2.0
2353,2110,422170.5,3807613.5,2022,156.0,209.0,227.0,238.0,253.0,279.0,309.0,1.0,1.0
2350,2140,422260.5,3807622.5,2022,135.0,197.0,223.0,235.0,252.0,285.0,319.0,1.0,2.0
2349,2173,422359.5,3807625.5,2022,144.0,208.0,227.0,238.0,256.0,285.0,319.0,1.0,2.0
2356,2219,422497.5,3807604.5,2022,118.0,204.0,223.0,234.0,249.0,279.0,307.0,1.0,2.0
2340,2249,422587.5,3807652.5,2022,140.0,205.0,224.0,235.0,251.0,280.0,312.0,1.0,1.0
2352,2273,422659.5,3807616.5,2022,156.0,205.0,224.0,235.0,249.0,281.0,314.0,1.0,1.0
2341,2304,422752.5,3807649.5,2022,157.0,208.0,224.0,234.0,248.0,281.0,317.0,1.0,1.0
2344,2331,422833.5,3807640.5,2022,149.0,205.0,224.0,235.0,251.0,283.0,329.0,1.0,2.0
2359,2341,422863.5,3807595.5,2022,141.0,205.0,223.0,234.0,246.0,282.0,309.0,1.0,1.0
2356,2438,423154.5,3807604.5,2022,125.0,206.0,222.0,231.0,241.0,269.0,304.0,1.0,2.0
2354,2872,424456.5,3807610.5,2022,123.0,206.0,223.0,234.0,247.0,282.0,310.0,1.0,2.0
2346,2892,424516.5,3807634.5,2022,105.0,188.0,220.0,233.0,250.0,287.0,323.0,1.0,2.0
2342,2916,424588.5,3807646.5,2022,142.0,198.0,222.0,233.0,252.0,286.0,322.0,1.0,1.0
2340,2964,424732.5,3807652.5,2022,146.0,200.0,221.0,232.0,247.0,287.0,326.0,1.0,1.0
2344,2981,424783.5,3807640.5,2022,136.0,194.0,218.0,230.0,246.0,288.0,321.0,1.0,1.0
2352,3016,424888.5,3807616.5,2022,147.0,202.0,222.0,234.0,248.0,286.0,315.0,1.0,1.0
2356,3045,424975.5,3807604.5,2022,132.0,198.0,220.0,231.0,246.0,286.0,321.0,1.0,1.0
2345,3064,425032.5,3807637.5,2022,132.0,189.0,217.0,230.0,247.0,284.0,318.0,1.0,1.0
2346,3106,425158.5,3807634.5,2022,146.0,198.0,221.0,233.0,248.0,285.0,320.0,1.0,2.0
2357,3148,425284.5,3807601.5,2022,147.0,197.0,217.0,228.0,241.0,278.0,320.0,1.0,2.0
2345,3150,425290.5,3807637.5,2022,145.0,194.0,218.0,229.0,242.0,286.0,329.0,1.0,1.0
2390,14,415882.5,3807502.5,2022,149.0,204.0,228.0,238.0,250.0,273.0,319.0,1.0,1.0
2395,32,415936.5,3807487.5,2022,172.0,207.0,229.0,239.0,251.0,273.0,297.0,1.0,2.0
2378,76,416068.5,3807538.5,2022,168.0,205.0,233.0,245.0,257.0,283.0,328.0,1.0,1.0
2376,105,416155.5,3807544.5,2022,155.0,205.0,229.0,242.0,254.0,275.0,304.0,1.0,2.0
2383,135,416245.5,3807523.5,2022,167.0,206.0,227.0,239.0,251.0,274.0,312.0,1.0,2.0
2386,164,416332.5,3807514.5,2022,168.0,205.0,230.0,244.0,257.0,281.0,378.0,1.0,1.0
2370,183,416389.5,3807562.5,2022,168.0,208.0,234.0,247.0,259.0,283.0,368.0,1.0,1.0
2373,228,416524.5,3807553.5,2022,156.0,207.0,230.0,242.0,253.0,274.0,338.0,1.0,1.0
2381,326,416818.5,3807529.5,2022,165.0,210.0,229.0,240.0,251.0,274.0,356.0,1.0,1.0
2379,336,416848.5,3807535.5,2022,162.0,206.0,228.0,239.0,251.0,278.0,341.0,1.0,1.0
2396,492,417316.5,3807484.5,2022,150.0,211.0,228.0,238.0,249.0,268.0,294.0,1.0,1.0
2399,514,417382.5,3807475.5,2022,166.0,211.0,228.0,238.0,249.0,268.0,296.0,1.0,2.0
2373,566,417538.5,3807553.5,2022,160.0,210.0,228.0,237.0,248.0,267.0,301.0,1.0,1.0
2381,611,417673.5,3807529.5,2022,155.0,209.0,227.0,236.0,246.0,267.0,295.0,1.0,2.0
2380,681,417883.5,3807532.5,2022,121.0,198.0,227.0,239.0,251.0,273.0,303.0,1.0,1.0
2370,998,418834.5,3807562.5,2022,151.0,204.0,228.0,237.0,248.0,267.0,294.0,1.0,2.0
2386,1048,418984.5,3807514.5,2022,161.0,207.0,229.0,239.0,250.0,269.0,295.0,1.0,2.0
2389,1050,418990.5,3807505.5,2022,161.0,204.0,229.0,239.0,250.0,270.0,295.0,1.0,2.0
2374,1186,419398.5,3807550.5,2022,146.0,202.0,227.0,238.0,250.0,272.0,309.0,1.0,2.0
2387,1205,419455.5,3807511.5,2022,116.0,201.0,226.0,237.0,249.0,272.0,303.0,1.0,2.0
2397,1268,419644.5,3807481.5,2022,141.0,209.0,229.0,239.0,252.0,275.0,302.0,1.0,2.0
2373,1315,419785.5,3807553.5,2022,157.0,204.0,227.0,240.0,253.0,278.0,316.0,1.0,1.0
2390,1344,419872.5,3807502.5,2022,147.0,204.0,225.0,236.0,249.0,276.0,306.0,1.0,2.0
2371,1368,419944.5,3807559.5,2022,147.0,207.0,228.0,238.0,252.0,276.0,310.0,1.0,2.0
2391,1394,420022.5,3807499.5,2022,151.0,210.0,230.0,241.0,255.0,281.0,315.0,1.0,2.0
2398,1420,420100.5,3807478.5,2022,145.0,210.0,231.0,242.0,254.0,279.0,372.0,1.0,2.0
2376,1469,420247.5,3807544.5,2022,135.0,189.0,227.0,238.0,250.0,274.0,316.0,1.0,2.0
2373,1492,420316.5,3807553.5,2022,125.0,202.0,229.0,239.0,253.0,280.0,315.0,1.0,1.0
2375,1524,420412.5,3807547.5,2022,155.0,211.0,230.0,240.0,253.0,279.0,312.0,1.0,1.0
2379,1532,420436.5,3807535.5,2022,138.0,184.0,227.0,239.0,254.0,283.0,313.0,1.0,1.0
2380,1574,420562.5,3807532.5,2022,160.0,206.0,227.0,238.0,251.0,280.0,321.0,1.0,1.0
2379,1602,420646.5,3807535.5,2022,154.0,208.0,228.0,238.0,252.0,281.0,322.0,1.0,1.0
2398,1645,420775.5,3807478.5,2022,154.0,208.0,228.0,239.0,253.0,282.0,320.0,1.0,1.0
2390,1661,420823.5,3807502.5,2022,151.0,211.0,230.0,240.0,254.0,282.0,314.0,1.0,1.0
2396,1688,420904.5,3807484.5,2022,122.0,180.0,226.0,238.0,253.0,281.0,319.0,1.0,1.0
2395,1713,420979.5,3807487.5,2022,154.0,209.0,229.0,239.0,254.0,279.0,319.0,1.0,1.0
2383,1758,421114.5,3807523.5,2022,153.0,211.0,230.0,241.0,256.0,280.0,321.0,1.0,2.0
2394,1771,421153.5,3807490.5,2022,167.0,214.0,231.0,243.0,257.0,283.0,326.0,1.0,1.0
2399,1804,421252.5,3807475.5,2022,145.0,210.0,230.0,242.0,259.0,284.0,313.0,1.0,2.0
2377,1859,421417.5,3807541.5,2022,152.0,214.0,231.0,242.0,254.0,279.0,308.0,1.0,2.0
2370,1877,421471.5,3807562.5,2022,157.0,209.0,228.0,239.0,253.0,279.0,321.0,1.0,1.0
2371,1913,421579.5,3807559.5,2022,165.0,210.0,230.0,241.0,256.0,282.0,319.0,1.0,1.0
2387,1924,421612.5,3807511.5,2022,155.0,210.0,230.0,241.0,257.0,282.0,314.0,1.0,1.0
2394,1979,421777.5,3807490.5,2022,134.0,204.0,226.0,238.0,253.0,282.0,313.0,1.0,1.0
2383,1987,421801.5,3807523.5,2022,145.0,210.0,229.0,240.0,256.0,280.0,310.0,1.0,1.0
2373,2031,421933.5,3807553.5,2022,140.0,207.0,225.0,237.0,252.0,283.0,322.0,1.0,2.0
2392,2040,421960.5,3807496.5,2022,138.0,208.0,227.0,238.0,251.0,281.0,314.0,1.0,1.0
2375,2072,422056.5,3807547.5,2022,127.0,209.0,230.0,241.0,258.0,287.0,332.0,1.0,1.0
2388,2105,422155.5,3807508.5,2022,135.0,208.0,227.0,239.0,255.0,284.0,316.0,1.0,1.0
2397,2154,422302.5,3807481.5,2022,143.0,202.0,224.0,236.0,252.0,283.0,317.0,1.0,1.0
2385,2187,422401.5,3807517.5,2022,159.0,205.0,225.0,236.0,251.0,282.0,315.0,1.0,2.0
2392,2198,422434.5,3807496.5,2022,143.0,205.0,224.0,235.0,249.0,286.0,329.0,1.0,1.0
2370,2234,422542.5,3807562.5,2022,136.0,205.0,224.0,235.0,249.0,282.0,318.0,1.0,2.0
2399,2261,422623.5,3807475.5,2022,119.0,205.0,224.0,235.0,249.0,285.0,319.0,1.0,1.0
2398,2283,422689.5,3807478.5,2022,142.0,205.0,225.0,236.0,250.0,286.0,318.0,1.0,1.0
2393,2326,422818.5,3807493.5,2022,138.0,203.0,224.0,234.0,250.0,284.0,316.0,1.0,1.0
2387,2368,422944.5,3807511.5,2022,132.0,207.0,222.0,231.0,242.0,272.0,314.0,1.0,2.0
2371,2404,423052.5,3807559.5,2022,150.0,208.0,224.0,233.0,244.0,271.0,301.0,1.0,2.0
2398,2817,424291.5,3807478.5,2022,151.0,217.0,244.0,262.0,274.0,295.0,323.0,1.0,1.0
2395,2826,424318.5,3807487.5,2022,149.0,211.0,234.0,259.0,273.0,294.0,323.0,1.0,1.0
2388,2875,424465.5,3807508.5,2022,144.0,200.0,221.0,232.0,248.0,284.0,313.0,1.0,1.0
2381,2882,424486.5,3807529.5,2022,147.0,200.0,220.0,232.0,248.0,285.0,317.0,1.0,1.0
2375,2915,424585.5,3807547.5,2022,133.0,204.0,224.0,235.0,251.0,285.0,319.0,1.0,2.0
2380,2945,424675.5,3807532.5,2022,114.0,203.0,222.0,233.0,248.0,283.0,314.0,1.0,2.0
2399,2988,424804.5,3807475.5,2022,126.0,183.0,220.0,232.0,248.0,285.0,320.0,1.0,2.0
2381,3330,425830.5,3807529.5,2022,90.0,187.0,221.0,231.0,242.0,271.0,309.0,1.0,2.0
2412,16,415888.5,3807436.5,2022,146.0,191.0,229.0,241.0,252.0,273.0,299.0,1.0,2.0
2422,33,415939.5,3807406.5,2022,173.0,213.0,232.0,242.0,253.0,274.0,324.0,1.0,1.0
2427,74,416062.5,3807391.5,2022,179.0,210.0,232.0,243.0,255.0,279.0,312.0,1.0,1.0
2404,112,416176.5,3807460.5,2022,165.0,198.0,231.0,243.0,255.0,281.0,371.0,1.0,1.0
2419,132,416236.5,3807415.5,2022,171.0,209.0,235.0,247.0,258.0,282.0,365.0,1.0,1.0
2422,150,416290.5,3807406.5,2022,166.0,193.0,230.0,243.0,255.0,282.0,343.0,1.0,1.0
2406,289,416707.5,3807454.5,2022,157.0,197.0,229.0,242.0,255.0,288.0,383.0,1.0,2.0
2404,345,416875.5,3807460.5,2022,163.0,206.0,227.0,238.0,250.0,275.0,381.0,1.0,1.0
2420,464,417232.5,3807412.5,2022,155.0,208.0,227.0,237.0,248.0,270.0,301.0,1.0,2.0
2404,501,417343.5,3807460.5,2022,161.0,213.0,228.0,237.0,248.0,268.0,375.0,1.0,2.0
2420,523,417409.5,3807412.5,2022,155.0,208.0,227.0,237.0,248.0,270.0,307.0,1.0,2.0
2428,562,417526.5,3807388.5,2022,177.0,212.0,228.0,237.0,248.0,268.0,373.0,1.0,2.0
2417,584,417592.5,3807421.5,2022,170.0,210.0,228.0,237.0,247.0,266.0,373.0,1.0,1.0
2404,613,417679.5,3807460.5,2022,166.0,213.0,231.0,240.0,252.0,271.0,373.0,1.0,2.0
2407,642,417766.5,3807451.5,2022,156.0,207.0,225.0,236.0,246.0,268.0,298.0,1.0,2.0
2412,929,418627.5,3807436.5,2022,152.0,188.0,226.0,237.0,248.0,271.0,310.0,1.0,2.0
2414,931,418633.5,3807430.5,2022,148.0,187.0,227.0,238.0,250.0,271.0,311.0,1.0,2.0
2402,1126,419218.5,3807466.5,2022,156.0,200.0,225.0,236.0,247.0,268.0,297.0,1.0,2.0
2409,1189,419407.5,3807445.5,2022,138.0,208.0,228.0,238.0,250.0,272.0,304.0,1.0,2.0
2425,1206,419458.5,3807397.5,2022,170.0,208.0,226.0,236.0,247.0,270.0,307.0,1.0,2.0
2428,1243,419569.5,3807388.5,2022,156.0,206.0,226.0,237.0,248.0,271.0,300.0,1.0,2.0
2407,1273,419659.5,3807451.5,2022,105.0,203.0,228.0,239.0,250.0,273.0,298.0,1.0,2.0
2422,1300,419740.5,3807406.5,2022,132.0,204.0,226.0,238.0,252.0,280.0,376.0,1.0,2.0
2408,1343,419869.5,3807448.5,2022,152.0,211.0,230.0,241.0,255.0,280.0,311.0,1.0,2.0
2400,1353,419899.5,3807472.5,2022,157.0,203.0,228.0,239.0,252.0,277.0,310.0,1.0,1.0
2407,1401,420043.5,3807451.5,2022,121.0,189.0,231.0,242.0,256.0,280.0,305.0,1.0,2.0
2401,1416,420088.5,3807469.5,2022,139.0,187.0,230.0,241.0,254.0,280.0,311.0,1.0,1.0
2404,1507,420361.5,3807460.5,2022,142.0,201.0,224.0,234.0,246.0,272.0,313.0,1.0,2.0
2427,1558,420514.5,3807391.5,2022,161.0,212.0,232.0,242.0,257.0,283.0,327.0,1.0,1.0
2407,1587,420601.5,3807451.5,2022,163.0,214.0,232.0,243.0,256.0,283.0,317.0,1.0,1.0
2404,1594,420622.5,3807460.5,2022,128.0,209.0,229.0,239.0,251.0,279.0,322.0,1.0,1.0
2415,1640,420760.5,3807427.5,2022,151.0,206.0,228.0,238.0,251.0,278.0,322.0,1.0,2.0
2419,1675,420865.5,3807415.5,2022,148.0,206.0,227.0,238.0,252.0,279.0,310.0,1.0,1.0
2429,1696,420928.5,3807385.5,2022,156.0,211.0,229.0,239.0,252.0,279.0,326.0,1.0,1.0
2409,1736,421048.5,3807445.5,2022,128.0,202.0,227.0,239.0,254.0,283.0,324.0,1.0,1.0
2426,1743,421069.5,3807394.5,2022,142.0,208.0,227.0,239.0,254.0,283.0,328.0,1.0,1.0
2429,1775,421165.5,3807385.5,2022,136.0,208.0,228.0,239.0,252.0,280.0,314.0,1.0,1.0
2428,1818,421294.5,3807388.5,2022,114.0,206.0,227.0,238.0,254.0,282.0,319.0,1.0,2.0
2423,1844,421372.5,3807403.5,2022,148.0,209.0,228.0,239.0,254.0,280.0,313.0,1.0,2.0
2426,1866,421438.5,3807394.5,2022,152.0,214.0,232.0,243.0,257.0,282.0,308.0,1.0,2.0
2410,1904,421552.5,3807442.5,2022,161.0,211.0,230.0,240.0,254.0,277.0,309.0,1.0,1.0
2409,1942,421666.5,3807445.5,2022,168.0,208.0,228.0,240.0,256.0,281.0,313.0,1.0,1.0
2424,1952,421696.5,3807400.5,2022,146.0,211.0,228.0,240.0,254.0,282.0,317.0,1.0,2.0
2405,1990,421810.5,3807457.5,2022,143.0,207.0,228.0,240.0,254.0,282.0,318.0,1.0,1.0
2425,2010,421870.5,3807397.5,2022,140.0,208.0,227.0,238.0,251.0,278.0,310.0,1.0,1.0
2415,2051,421993.5,3807427.5,2022,119.0,208.0,229.0,240.0,255.0,284.0,318.0,1.0,1.0
2424,2073,422059.5,3807400.5,2022,141.0,209.0,228.0,238.0,252.0,282.0,313.0,1.0,1.0
2417,2116,422188.5,3807421.5,2022,132.0,203.0,226.0,238.0,253.0,282.0,311.0,1.0,1.0
2420,2137,422251.5,3807412.5,2022,140.0,208.0,228.0,238.0,253.0,284.0,318.0,1.0,2.0
2402,2166,422338.5,3807466.5,2022,149.0,207.0,226.0,236.0,250.0,282.0,311.0,1.0,2.0
2421,2190,422410.5,3807409.5,2022,134.0,206.0,224.0,235.0,247.0,284.0,320.0,1.0,1.0
2417,2247,422581.5,3807421.5,2022,122.0,202.0,223.0,234.0,249.0,285.0,319.0,1.0,2.0
2400,2257,422611.5,3807472.5,2022,118.0,204.0,224.0,235.0,248.0,282.0,312.0,1.0,1.0
2406,2288,422704.5,3807454.5,2022,128.0,203.0,224.0,235.0,250.0,285.0,317.0,1.0,1.0
2407,2322,422806.5,3807451.5,2022,134.0,206.0,226.0,236.0,250.0,286.0,318.0,1.0,1.0
2423,2789,424207.5,3807403.5,2022,144.0,200.0,220.0,232.0,247.0,289.0,321.0,1.0,1.0
2418,2796,424228.5,3807418.5,2022,149.0,207.0,224.0,235.0,251.0,288.0,326.0,1.0,2.0
2412,2833,424339.5,3807436.5,2022,113.0,190.0,218.0,230.0,247.0,286.0,323.0,1.0,1.0
2403,2868,424444.5,3807463.5,2022,133.0,193.0,219.0,232.0,249.0,286.0,320.0,1.0,1.0
2400,2883,424489.5,3807472.5,2022,97.0,194.0,221.0,234.0,258.0,288.0,322.0,1.0,2.0
2401,2993,424819.5,3807469.5,2022,122.0,195.0,221.0,233.0,249.0,282.0,318.0,1.0,2.0
2425,3021,424903.5,3807397.5,2022,124.0,203.0,223.0,235.0,249.0,281.0,308.0,1.0,1.0
2440,12,415876.5,3807352.5,2022,152.0,204.0,229.0,240.0,251.0,274.0,312.0,1.0,1.0
2454,39,415957.5,3807310.5,2022,152.0,190.0,227.0,238.0,251.0,274.0,319.0,1.0,1.0
2456,66,416038.5,3807304.5,2022,160.0,207.0,229.0,240.0,251.0,272.0,302.0,1.0,1.0
2430,93,416119.5,3807382.5,2022,174.0,208.0,231.0,242.0,254.0,278.0,321.0,1.0,1.0
2443,318,416794.5,3807343.5,2022,173.0,201.0,228.0,239.0,252.0,284.0,372.0,1.0,1.0
2434,498,417334.5,3807370.5,2022,155.0,208.0,228.0,237.0,248.0,270.0,301.0,1.0,2.0
2453,519,417397.5,3807313.5,2022,181.0,214.0,231.0,241.0,251.0,269.0,295.0,1.0,1.0
2430,565,417535.5,3807382.5,2022,126.0,209.0,228.0,238.0,250.0,270.0,297.0,1.0,2.0
2452,586,417598.5,3807316.5,2022,165.0,212.0,229.0,239.0,251.0,270.0,293.0,1.0,2.0
2458,600,417640.5,3807298.5,2022,134.0,206.0,227.0,238.0,250.0,269.0,298.0,1.0,2.0
2451,1112,419176.5,3807319.5,2022,145.0,183.0,228.0,239.0,251.0,273.0,317.0,1.0,1.0
2452,1148,419284.5,3807316.5,2022,134.0,206.0,226.0,237.0,248.0,270.0,297.0,1.0,2.0
2430,1179,419377.5,3807382.5,2022,130.0,205.0,226.0,237.0,249.0,273.0,297.0,1.0,2.0
2445,1216,419488.5,3807337.5,2022,155.0,204.0,226.0,237.0,250.0,275.0,312.0,1.0,2.0
2433,1244,419572.5,3807373.5,2022,149.0,206.0,228.0,240.0,253.0,277.0,312.0,1.0,1.0
2432,1289,419707.5,3807376.5,2022,146.0,206.0,228.0,239.0,253.0,280.0,314.0,1.0,1.0
2432,1290,419710.5,3807376.5,2022,151.0,205.0,227.0,238.0,252.0,280.0,313.0,1.0,1.0
2447,1436,420148.5,3807331.5,2022,156.0,206.0,229.0,239.0,253.0,280.0,314.0,1.0,2.0
2459,1513,420379.5,3807295.5,2022,143.0,203.0,228.0,238.0,252.0,278.0,305.0,1.0,1.0
2450,1542,420466.5,3807322.5,2022,154.0,210.0,231.0,241.0,254.0,278.0,317.0,1.0,1.0
2454,1583,420589.5,3807310.5,2022,144.0,209.0,229.0,238.0,252.0,281.0,328.0,1.0,1.0
2434,1617,420691.5,3807370.5,2022,163.0,208.0,228.0,238.0,251.0,276.0,312.0,1.0,1.0
2435,1621,420703.5,3807367.5,2022,163.0,207.0,227.0,237.0,250.0,278.0,326.0,1.0,1.0
2445,1660,420820.5,3807337.5,2022,152.0,210.0,229.0,239.0,252.0,278.0,319.0,1.0,1.0
2450,1682,420886.5,3807322.5,2022,125.0,204.0,227.0,238.0,252.0,282.0,329.0,1.0,2.0
2430,1719,420997.5,3807382.5,2022,123.0,205.0,228.0,239.0,255.0,284.0,331.0,1.0,1.0
2437,1755,421105.5,3807361.5,2022,125.0,207.0,228.0,239.0,254.0,282.0,321.0,1.0,2.0
2443,1784,421192.5,3807343.5,2022,137.0,210.0,228.0,239.0,253.0,279.0,316.0,1.0,1.0
2453,1809,421267.5,3807313.5,2022,147.0,208.0,229.0,239.0,253.0,278.0,315.0,1.0,2.0
2432,1844,421372.5,3807376.5,2022,143.0,209.0,229.0,240.0,255.0,280.0,319.0,1.0,2.0
2440,1879,421477.5,3807352.5,2022,145.0,213.0,232.0,243.0,258.0,282.0,317.0,1.0,1.0
2431,1912,421576.5,3807379.5,2022,168.0,213.0,231.0,241.0,254.0,279.0,308.0,1.0,1.0
2454,1942,421666.5,3807310.5,2022,159.0,209.0,229.0,240.0,254.0,280.0,318.0,1.0,2.0
2453,1960,421720.5,3807313.5,2022,147.0,206.0,228.0,240.0,256.0,285.0,343.0,1.0,2.0
2442,2008,421864.5,3807346.5,2022,135.0,206.0,227.0,239.0,253.0,282.0,312.0,1.0,1.0
2459,2038,421954.5,3807295.5,2022,133.0,209.0,228.0,239.0,253.0,280.0,310.0,1.0,1.0
2434,2045,421975.5,3807370.5,2022,142.0,209.0,227.0,239.0,252.0,279.0,304.0,1.0,1.0
2443,2084,422092.5,3807343.5,2022,137.0,207.0,227.0,238.0,251.0,278.0,306.0,1.0,1.0
2433,2102,422146.5,3807373.5,2022,141.0,208.0,227.0,239.0,255.0,281.0,313.0,1.0,2.0
2459,2159,422317.5,3807295.5,2022,135.0,205.0,226.0,237.0,253.0,281.0,313.0,1.0,2.0
2458,2184,422392.5,3807298.5,2022,113.0,205.0,224.0,235.0,250.0,282.0,314.0,1.0,2.0
2452,2195,422425.5,3807316.5,2022,124.0,204.0,224.0,235.0,250.0,283.0,313.0,1.0,2.0
2440,2240,422560.5,3807352.5,2022,149.0,204.0,223.0,234.0,253.0,285.0,317.0,1.0,2.0
2440,2260,422620.5,3807352.5,2022,144.0,205.0,224.0,235.0,250.0,285.0,318.0,1.0,1.0
2441,2293,422719.5,3807349.5,2022,133.0,205.0,224.0,236.0,251.0,285.0,325.0,1.0,1.0
2440,2315,422785.5,3807352.5,2022,142.0,205.0,224.0,235.0,249.0,283.0,314.0,1.0,1.0
2436,2342,422866.5,3807364.5,2022,139.0,202.0,224.0,236.0,251.0,283.0,312.0,1.0,1.0
2439,2673,423859.5,3807355.5,2022,133.0,208.0,227.0,237.0,253.0,282.0,319.0,1.0,2.0
2454,2721,424003.5,3807310.5,2022,142.0,209.0,226.0,236.0,250.0,281.0,312.0,1.0,2.0
2453,2739,424057.5,3807313.5,2022,141.0,209.0,225.0,235.0,247.0,282.0,311.0,1.0,1.0
2456,2770,424150.5,3807304.5,2022,153.0,202.0,221.0,232.0,249.0,286.0,313.0,1.0,1.0
2446,2792,424216.5,3807334.5,2022,125.0,196.0,219.0,231.0,247.0,285.0,316.0,1.0,1.0
2431,3026,424918.5,3807379.5,2022,109.0,195.0,222.0,234.0,249.0,281.0,315.0,1.0,1.0
2452,3051,424993.5,3807316.5,2022,138.0,201.0,218.0,230.0,243.0,277.0,302.0,1.0,2.0
2458,3060,425020.5,3807298.5,2022,129.0,204.0,222.0,234.0,247.0,278.0,305.0,1.0,2.0
2458,3314,425782.5,3807298.5,2022,140.0,200.0,219.0,230.0,242.0,272.0,310.0,1.0,2.0
2442,3333,425839.5,3807346.5,2022,119.0,200.0,218.0,229.0,241.0,275.0,315.0,1.0,2.0
2482,16,415888.5,3807226.5,2022,121.0,196.0,225.0,238.0,253.0,278.0,309.0,1.0,2.0
2489,32,415936.5,3807205.5,2022,87.0,183.0,224.0,238.0,254.0,283.0,322.0,1.0,1.0
2462,65,416035.5,3807286.5,2022,149.0,210.0,232.0,242.0,253.0,272.0,302.0,1.0,1.0
2470,96,416128.5,3807262.5,2022,139.0,195.0,225.0,237.0,249.0,270.0,313.0,1.0,2.0
2478,148,416284.5,3807238.5,2022,168.0,206.0,230.0,241.0,253.0,276.0,337.0,1.0,1.0
2485,164,416332.5,3807217.5,2022,174.0,208.0,231.0,242.0,253.0,276.0,364.0,1.0,1.0
2489,328,416824.5,3807205.5,2022,165.0,206.0,227.0,238.0,249.0,271.0,314.0,1.0,1.0
2489,332,416836.5,3807205.5,2022,163.0,204.0,228.0,239.0,251.0,278.0,345.0,1.0,1.0
2460,508,417364.5,3807292.5,2022,165.0,212.0,229.0,237.0,248.0,269.0,313.0,1.0,2.0
2463,516,417388.5,3807283.5,2022,160.0,211.0,228.0,238.0,249.0,268.0,296.0,1.0,2.0
2486,568,417544.5,3807214.5,2022,174.0,211.0,232.0,243.0,254.0,272.0,294.0,1.0,2.0
2470,586,417598.5,3807262.5,2022,174.0,213.0,229.0,239.0,250.0,268.0,292.0,1.0,2.0
2463,600,417640.5,3807283.5,2022,126.0,205.0,227.0,239.0,251.0,272.0,299.0,1.0,2.0
2488,677,417871.5,3807208.5,2022,150.0,188.0,226.0,239.0,253.0,277.0,316.0,1.0,1.0
2476,713,417979.5,3807244.5,2022,136.0,183.0,227.0,239.0,251.0,274.0,316.0,1.0,1.0
2475,1030,418930.5,3807247.5,2022,147.0,205.0,227.0,237.0,248.0,269.0,300.0,1.0,2.0
2484,1105,419155.5,3807220.5,2022,159.0,205.0,227.0,238.0,249.0,270.0,300.0,1.0,1.0
2464,1138,419254.5,3807280.5,2022,154.0,206.0,228.0,239.0,251.0,274.0,319.0,1.0,2.0
2464,1148,419284.5,3807280.5,2022,154.0,208.0,226.0,236.0,247.0,269.0,295.0,1.0,2.0
2460,1183,419389.5,3807292.5,2022,165.0,209.0,229.0,239.0,250.0,273.0,304.0,1.0,1.0
2460,1200,419440.5,3807292.5,2022,153.0,205.0,228.0,239.0,253.0,279.0,324.0,1.0,2.0
2479,1277,419671.5,3807235.5,2022,147.0,202.0,224.0,236.0,249.0,274.0,305.0,1.0,2.0
2474,1294,419722.5,3807250.5,2022,117.0,203.0,226.0,237.0,249.0,276.0,313.0,1.0,2.0
2481,1373,419959.5,3807229.5,2022,159.0,212.0,231.0,241.0,254.0,279.0,310.0,1.0,2.0
2464,1385,419995.5,3807280.5,2022,141.0,209.0,231.0,242.0,255.0,283.0,317.0,1.0,1.0
2484,1477,420271.5,3807220.5,2022,151.0,209.0,230.0,241.0,254.0,277.0,298.0,1.0,2.0
2468,1521,420403.5,3807268.5,2022,156.0,209.0,228.0,238.0,250.0,276.0,310.0,1.0,1.0
2482,1555,420505.5,3807226.5,2022,162.0,209.0,228.0,238.0,251.0,279.0,319.0,1.0,1.0
2468,1589,420607.5,3807268.5,2022,154.0,209.0,228.0,239.0,253.0,281.0,316.0,1.0,1.0
2487,1604,420652.5,3807211.5,2022,157.0,210.0,229.0,239.0,253.0,278.0,311.0,1.0,1.0
2474,1630,420730.5,3807250.5,2022,159.0,211.0,231.0,243.0,256.0,279.0,321.0,1.0,1.0
2487,1660,420820.5,3807211.5,2022,160.0,207.0,227.0,237.0,250.0,276.0,309.0,1.0,1.0
2461,1696,420928.5,3807289.5,2022,152.0,211.0,229.0,239.0,252.0,277.0,316.0,1.0,1.0
2467,1719,420997.5,3807271.5,2022,155.0,211.0,228.0,240.0,253.0,280.0,311.0,1.0,1.0
2461,1769,421147.5,3807289.5,2022,137.0,209.0,229.0,240.0,254.0,278.0,312.0,1.0,1.0
2462,1784,421192.5,3807286.5,2022,131.0,208.0,229.0,240.0,254.0,280.0,316.0,1.0,1.0
2479,1810,421270.5,3807235.5,2022,128.0,199.0,225.0,237.0,252.0,282.0,328.0,1.0,1.0
2483,1841,421363.5,3807223.5,2022,125.0,203.0,227.0,240.0,257.0,284.0,324.0,1.0,1.0
2476,1886,421498.5,3807244.5,2022,140.0,211.0,230.0,241.0,254.0,280.0,314.0,1.0,2.0
2475,1898,421534.5,3807247.5,2022,156.0,211.0,230.0,241.0,256.0,282.0,315.0,1.0,1.0
2482,1941,421663.5,3807226.5,2022,139.0,210.0,229.0,241.0,255.0,281.0,316.0,1.0,2.0
2469,1961,421723.5,3807265.5,2022,129.0,211.0,229.0,240.0,254.0,280.0,311.0,1.0,2.0
2481,1998,421834.5,3807229.5,2022,139.0,208.0,232.0,245.0,263.0,290.0,336.0,1.0,1.0
2462,2036,421948.5,3807286.5,2022,119.0,206.0,226.0,237.0,251.0,278.0,323.0,1.0,1.0
2477,2067,422041.5,3807241.5,2022,117.0,207.0,229.0,240.0,254.0,281.0,307.0,1.0,1.0
2468,2095,422125.5,3807268.5,2022,145.0,206.0,224.0,236.0,249.0,280.0,320.0,1.0,1.0
2464,2110,422170.5,3807280.5,2022,145.0,208.0,228.0,239.0,253.0,282.0,313.0,1.0,1.0
2482,2145,422275.5,3807226.5,2022,152.0,208.0,227.0,237.0,251.0,284.0,324.0,1.0,2.0
2478,2189,422407.5,3807238.5,2022,128.0,204.0,224.0,235.0,250.0,282.0,309.0,1.0,2.0
2485,2205,422455.5,3807217.5,2022,138.0,205.0,222.0,233.0,246.0,281.0,310.0,1.0,2.0
2460,2230,422530.5,3807292.5,2022,147.0,206.0,225.0,236.0,252.0,286.0,318.0,1.0,2.0
2482,2264,422632.5,3807226.5,2022,132.0,205.0,224.0,234.0,247.0,281.0,315.0,1.0,2.0
2463,2285,422695.5,3807283.5,2022,134.0,201.0,224.0,236.0,252.0,284.0,322.0,1.0,1.0
2464,2330,422830.5,3807280.5,2022,136.0,202.0,225.0,237.0,252.0,282.0,309.0,1.0,2.0
2481,2343,422869.5,3807229.5,2022,130.0,207.0,227.0,237.0,251.0,277.0,303.0,1.0,1.0
2463,2685,423895.5,3807283.5,2022,125.0,207.0,225.0,235.0,248.0,280.0,305.0,1.0,2.0
2463,2729,424027.5,3807283.5,2022,143.0,209.0,225.0,235.0,248.0,281.0,309.0,1.0,2.0
2460,2737,424051.5,3807292.5,2022,142.0,208.0,225.0,235.0,247.0,283.0,312.0,1.0,2.0
2477,2787,424201.5,3807241.5,2022,137.0,202.0,221.0,232.0,248.0,286.0,316.0,1.0,1.0
2463,2795,424225.5,3807283.5,2022,134.0,195.0,220.0,234.0,267.0,293.0,320.0,1.0,2.0
2482,2864,424432.5,3807226.5,2022,129.0,199.0,221.0,234.0,252.0,286.0,326.0,1.0,1.0
2461,3053,424999.5,3807289.5,2022,110.0,203.0,222.0,234.0,249.0,279.0,308.0,1.0,2.0
2464,3063,425029.5,3807280.5,2022,117.0,201.0,221.0,232.0,246.0,278.0,307.0,1.0,1.0
2460,3317,425791.5,3807292.5,2022,144.0,201.0,219.0,229.0,242.0,275.0,308.0,1.0,1.0
2497,21,415903.5,3807181.5,2022,133.0,207.0,229.0,240.0,252.0,277.0,321.0,1.0,2.0
2501,57,416011.5,3807169.5,2022,150.0,194.0,224.0,237.0,250.0,273.0,310.0,1.0,1.0
2515,63,416029.5,3807127.5,2022,124.0,198.0,227.0,239.0,254.0,282.0,318.0,1.0,1.0
2492,94,416122.5,3807196.5,2022,161.0,199.0,225.0,236.0,248.0,269.0,304.0,1.0,2.0
2492,138,416254.5,3807196.5,2022,169.0,208.0,230.0,242.0,253.0,275.0,334.0,1.0,2.0
2496,161,416323.5,3807184.5,2022,174.0,206.0,230.0,242.0,254.0,278.0,344.0,1.0,1.0
2505,198,416434.5,3807157.5,2022,162.0,190.0,225.0,238.0,250.0,277.0,375.0,1.0,1.0
2497,317,416791.5,3807181.5,2022,156.0,206.0,230.0,242.0,253.0,276.0,320.0,1.0,1.0
2516,333,416839.5,3807124.5,2022,84.0,191.0,226.0,238.0,250.0,278.0,325.0,1.0,2.0
2512,477,417271.5,3807136.5,2022,156.0,209.0,229.0,239.0,251.0,272.0,300.0,1.0,1.0
2513,484,417292.5,3807133.5,2022,158.0,204.0,227.0,237.0,248.0,269.0,314.0,1.0,2.0
2501,513,417379.5,3807169.5,2022,171.0,212.0,229.0,238.0,248.0,268.0,295.0,1.0,1.0
2517,675,417865.5,3807121.5,2022,150.0,183.0,224.0,237.0,253.0,276.0,315.0,1.0,1.0
2508,695,417925.5,3807148.5,2022,144.0,179.0,227.0,239.0,251.0,277.0,317.0,1.0,2.0
2492,1123,419209.5,3807196.5,2022,144.0,206.0,228.0,239.0,252.0,274.0,308.0,1.0,2.0
2497,1177,419371.5,3807181.5,2022,128.0,204.0,226.0,237.0,251.0,277.0,317.0,1.0,2.0
2509,1270,419650.5,3807145.5,2022,135.0,207.0,227.0,237.0,250.0,274.0,307.0,1.0,1.0
2498,1308,419764.5,3807178.5,2022,157.0,207.0,230.0,241.0,256.0,285.0,326.0,1.0,1.0
2519,1329,419827.5,3807115.5,2022,155.0,196.0,225.0,236.0,248.0,273.0,309.0,1.0,1.0
2493,1355,419905.5,3807193.5,2022,137.0,205.0,227.0,238.0,251.0,277.0,310.0,1.0,2.0
2519,1400,420040.5,3807115.5,2022,162.0,213.0,231.0,241.0,253.0,277.0,309.0,1.0,2.0
2508,1431,420133.5,3807148.5,2022,162.0,212.0,230.0,240.0,252.0,275.0,308.0,1.0,1.0
2502,1443,420169.5,3807166.5,2022,156.0,212.0,231.0,242.0,256.0,280.0,313.0,1.0,2.0
2513,1490,420310.5,3807133.5,2022,153.0,206.0,229.0,240.0,252.0,275.0,305.0,1.0,1.0
2507,1525,420415.5,3807151.5,2022,133.0,205.0,227.0,238.0,251.0,278.0,312.0,1.0,2.0
2515,1552,420496.5,3807127.5,2022,164.0,213.0,231.0,242.0,255.0,277.0,309.0,1.0,1.0
2498,1580,420580.5,3807178.5,2022,161.0,210.0,229.0,239.0,253.0,278.0,317.0,1.0,1.0
2505,1610,420670.5,3807157.5,2022,152.0,209.0,227.0,238.0,250.0,277.0,308.0,1.0,1.0
2512,1641,420763.5,3807136.5,2022,149.0,208.0,227.0,238.0,251.0,278.0,321.0,1.0,1.0
2516,1656,420808.5,3807124.5,2022,149.0,208.0,227.0,237.0,250.0,279.0,324.0,1.0,1.0
2498,1699,420937.5,3807178.5,2022,146.0,204.0,228.0,239.0,254.0,281.0,319.0,1.0,2.0
2494,1718,420994.5,3807190.5,2022,141.0,209.0,228.0,240.0,256.0,283.0,314.0,1.0,2.0
2514,1755,421105.5,3807130.5,2022,157.0,213.0,232.0,243.0,256.0,277.0,306.0,1.0,2.0
2502,1770,421150.5,3807166.5,2022,147.0,209.0,229.0,240.0,253.0,278.0,308.0,1.0,2.0
2496,1817,421291.5,3807184.5,2022,109.0,198.0,225.0,240.0,257.0,285.0,316.0,1.0,1.0
2502,1838,421354.5,3807166.5,2022,111.0,191.0,229.0,243.0,263.0,287.0,322.0,1.0,2.0
2493,1872,421456.5,3807193.5,2022,112.0,199.0,227.0,241.0,258.0,286.0,320.0,1.0,1.0
2492,1894,421522.5,3807196.5,2022,119.0,205.0,232.0,245.0,260.0,285.0,326.0,1.0,2.0
2514,1948,421684.5,3807130.5,2022,123.0,201.0,227.0,239.0,254.0,281.0,314.0,1.0,1.0
2507,1973,421759.5,3807151.5,2022,142.0,207.0,229.0,240.0,255.0,280.0,308.0,1.0,1.0
2501,2002,421846.5,3807169.5,2022,122.0,205.0,226.0,238.0,252.0,282.0,323.0,1.0,1.0
2500,2012,421876.5,3807172.5,2022,114.0,200.0,225.0,238.0,253.0,283.0,319.0,1.0,1.0
2511,2067,422041.5,3807139.5,2022,135.0,207.0,228.0,239.0,254.0,281.0,319.0,1.0,2.0
2513,2093,422119.5,3807133.5,2022,160.0,207.0,226.0,236.0,249.0,278.0,322.0,1.0,2.0
2518,2128,422224.5,3807118.5,2022,125.0,207.0,228.0,238.0,253.0,282.0,320.0,1.0,2.0
2495,2152,422296.5,3807187.5,2022,125.0,204.0,225.0,236.0,249.0,283.0,322.0,1.0,2.0
2509,2174,422362.5,3807145.5,2022,131.0,201.0,224.0,236.0,252.0,284.0,319.0,1.0,2.0
2493,2210,422470.5,3807193.5,2022,158.0,208.0,224.0,234.0,247.0,281.0,322.0,1.0,2.0
2505,2224,422512.5,3807157.5,2022,126.0,204.0,223.0,234.0,247.0,280.0,314.0,1.0,1.0
2493,2260,422620.5,3807193.5,2022,145.0,200.0,222.0,234.0,248.0,283.0,315.0,1.0,1.0
2506,2295,422725.5,3807154.5,2022,144.0,204.0,224.0,235.0,250.0,284.0,317.0,1.0,2.0
2495,2322,422806.5,3807187.5,2022,153.0,208.0,226.0,236.0,252.0,285.0,314.0,1.0,2.0
2517,2663,423829.5,3807121.5,2022,165.0,206.0,224.0,235.0,250.0,282.0,306.0,1.0,1.0
2505,2670,423850.5,3807157.5,2022,114.0,200.0,222.0,234.0,249.0,282.0,312.0,1.0,2.0
2499,2785,424195.5,3807175.5,2022,147.0,203.0,222.0,233.0,249.0,287.0,317.0,1.0,1.0
2519,3116,425188.5,3807115.5,2022,133.0,201.0,219.0,230.0,243.0,278.0,308.0,1.0,2.0
2497,3127,425221.5,3807181.5,2022,99.0,187.0,218.0,231.0,247.0,282.0,306.0,1.0,2.0
2514,3165,425335.5,3807130.5,2022,104.0,185.0,218.0,230.0,245.0,283.0,320.0,1.0,2.0
2542,13,415879.5,3807046.5,2022,169.0,207.0,227.0,237.0,248.0,270.0,304.0,1.0,2.0
2528,57,416011.5,3807088.5,2022,165.0,203.0,229.0,240.0,255.0,281.0,328.0,1.0,1.0
2546,69,416047.5,3807034.5,2022,178.0,209.0,229.0,241.0,253.0,279.0,349.0,1.0,1.0
2521,293,416719.5,3807109.5,2022,168.0,196.0,227.0,238.0,250.0,275.0,323.0,1.0,1.0
2536,307,416761.5,3807064.5,2022,179.0,204.0,228.0,240.0,252.0,279.0,337.0,1.0,1.0
2521,333,416839.5,3807109.5,2022,151.0,201.0,227.0,238.0,250.0,276.0,324.0,1.0,2.0
2531,407,417061.5,3807079.5,2022,165.0,208.0,228.0,238.0,249.0,270.0,300.0,1.0,1.0
2525,446,417178.5,3807097.5,2022,170.0,210.0,229.0,238.0,249.0,269.0,297.0,1.0,1.0
2526,464,417232.5,3807094.5,2022,164.0,213.0,229.0,239.0,250.0,272.0,300.0,1.0,2.0
2520,482,417286.5,3807112.5,2022,168.0,201.0,227.0,237.0,249.0,271.0,318.0,1.0,1.0
2536,658,417814.5,3807064.5,2022,157.0,187.0,226.0,237.0,251.0,275.0,310.0,1.0,1.0
2541,661,417823.5,3807049.5,2022,129.0,194.0,228.0,239.0,252.0,276.0,313.0,1.0,2.0
2536,709,417967.5,3807064.5,2022,144.0,188.0,228.0,239.0,252.0,275.0,319.0,1.0,2.0
2542,1248,419584.5,3807046.5,2022,114.0,205.0,228.0,239.0,251.0,275.0,310.0,1.0,2.0
2546,1278,419674.5,3807034.5,2022,156.0,188.0,228.0,238.0,251.0,277.0,312.0,1.0,1.0
2520,1327,419821.5,3807112.5,2022,159.0,201.0,226.0,237.0,249.0,274.0,305.0,1.0,1.0
2549,1379,419977.5,3807025.5,2022,164.0,211.0,231.0,242.0,256.0,283.0,315.0,1.0,2.0
2532,1397,420031.5,3807076.5,2022,152.0,210.0,230.0,241.0,254.0,281.0,318.0,1.0,1.0
2520,1417,420091.5,3807112.5,2022,155.0,212.0,230.0,240.0,251.0,276.0,304.0,1.0,1.0
2546,1463,420229.5,3807034.5,2022,148.0,209.0,229.0,239.0,252.0,276.0,308.0,1.0,1.0
2543,1474,420262.5,3807043.5,2022,144.0,203.0,226.0,237.0,249.0,274.0,308.0,1.0,2.0
2525,1525,420415.5,3807097.5,2022,147.0,206.0,226.0,236.0,248.0,275.0,308.0,1.0,2.0
2530,1556,420508.5,3807082.5,2022,138.0,208.0,229.0,240.0,255.0,281.0,327.0,1.0,1.0
2549,1571,420553.5,3807025.5,2022,152.0,209.0,228.0,238.0,251.0,277.0,314.0,1.0,1.0
2525,1600,420640.5,3807097.5,2022,154.0,209.0,228.0,239.0,251.0,276.0,309.0,1.0,1.0
2526,1646,420778.5,3807094.5,2022,147.0,208.0,227.0,237.0,250.0,280.0,324.0,1.0,1.0
2530,1662,420826.5,3807082.5,2022,142.0,202.0,224.0,235.0,247.0,276.0,312.0,1.0,2.0
2549,1708,420964.5,3807025.5,2022,131.0,206.0,229.0,242.0,262.0,286.0,321.0,1.0,2.0
2543,1734,421042.5,3807043.5,2022,150.0,211.0,232.0,243.0,259.0,281.0,321.0,1.0,2.0
2538,1740,421060.5,3807058.5,2022,136.0,213.0,232.0,243.0,258.0,279.0,309.0,1.0,2.0
2542,1781,421183.5,3807046.5,2022,144.0,206.0,229.0,241.0,257.0,281.0,311.0,1.0,1.0
2536,1821,421303.5,3807064.5,2022,121.0,196.0,226.0,240.0,260.0,286.0,332.0,1.0,1.0
2520,1854,421402.5,3807112.5,2022,112.0,200.0,229.0,243.0,260.0,286.0,314.0,1.0,1.0
2539,1876,421468.5,3807055.5,2022,114.0,197.0,228.0,243.0,263.0,288.0,314.0,1.0,1.0
2541,1893,421519.5,3807049.5,2022,128.0,200.0,227.0,241.0,259.0,287.0,326.0,1.0,1.0
2541,1939,421657.5,3807049.5,2022,117.0,202.0,226.0,239.0,256.0,285.0,313.0,1.0,1.0
2548,1964,421732.5,3807028.5,2022,115.0,204.0,229.0,241.0,257.0,287.0,323.0,1.0,1.0
2543,1983,421789.5,3807043.5,2022,108.0,192.0,223.0,237.0,252.0,284.0,325.0,1.0,1.0
2529,2022,421906.5,3807085.5,2022,122.0,190.0,225.0,237.0,251.0,287.0,326.0,1.0,1.0
2548,2054,422002.5,3807028.5,2022,139.0,208.0,227.0,239.0,253.0,280.0,305.0,1.0,2.0
2543,2072,422056.5,3807043.5,2022,125.0,208.0,228.0,238.0,252.0,280.0,311.0,1.0,2.0
2547,2121,422203.5,3807031.5,2022,135.0,202.0,226.0,237.0,251.0,285.0,323.0,1.0,2.0
2544,2152,422296.5,3807040.5,2022,143.0,202.0,224.0,235.0,248.0,283.0,323.0,1.0,2.0
2537,2173,422359.5,3807061.5,2022,120.0,195.0,225.0,236.0,253.0,285.0,321.0,1.0,2.0
2526,2202,422446.5,3807094.5,2022,134.0,200.0,224.0,235.0,249.0,283.0,319.0,1.0,2.0
2532,2228,422524.5,3807076.5,2022,144.0,204.0,225.0,236.0,250.0,283.0,323.0,1.0,2.0
2523,2255,422605.5,3807103.5,2022,135.0,206.0,225.0,236.0,253.0,284.0,334.0,1.0,1.0
2523,2280,422680.5,3807103.5,2022,140.0,204.0,224.0,235.0,249.0,283.0,315.0,1.0,1.0
2549,2320,422800.5,3807025.5,2022,158.0,205.0,224.0,235.0,249.0,279.0,312.0,1.0,2.0
2527,2666,423838.5,3807091.5,2022,164.0,214.0,232.0,246.0,266.0,286.0,306.0,1.0,1.0
2520,2670,423850.5,3807112.5,2022,152.0,211.0,228.0,239.0,259.0,284.0,309.0,1.0,2.0
2525,2762,424126.5,3807097.5,2022,151.0,208.0,227.0,237.0,252.0,284.0,310.0,1.0,2.0
2542,2829,424327.5,3807046.5,2022,108.0,190.0,216.0,229.0,246.0,287.0,326.0,1.0,1.0
2520,3118,425194.5,3807112.5,2022,161.0,201.0,218.0,229.0,242.0,278.0,307.0,1.0,2.0
2525,3132,425236.5,3807097.5,2022,120.0,197.0,219.0,229.0,241.0,274.0,301.0,1.0,2.0
2521,3172,425356.5,3807109.5,2022,105.0,195.0,218.0,229.0,243.0,279.0,312.0,1.0,1.0
2536,3180,425380.5,3807064.5,2022,127.0,200.0,220.0,231.0,245.0,281.0,311.0,1.0,2.0
2578,26,415918.5,3806938.5,2022,165.0,201.0,224.0,235.0,247.0,273.0,331.0,1.0,1.0
2573,43,415969.5,3806953.5,2022,166.0,205.0,226.0,238.0,249.0,271.0,304.0,1.0,1.0
2551,81,416083.5,3807019.5,2022,163.0,194.0,227.0,240.0,254.0,281.0,328.0,1.0,1.0
2573,111,416173.5,3806953.5,2022,172.0,203.0,224.0,234.0,245.0,267.0,321.0,1.0,2.0
2570,136,416248.5,3806962.5,2022,142.0,190.0,222.0,234.0,245.0,269.0,303.0,1.0,2.0
2576,164,416332.5,3806944.5,2022,140.0,181.0,225.0,237.0,250.0,274.0,323.0,1.0,1.0
2568,204,416452.5,3806968.5,2022,136.0,199.0,226.0,236.0,245.0,263.0,292.0,1.0,2.0
2567,225,416515.5,3806971.5,2022,158.0,194.0,224.0,234.0,245.0,266.0,292.0,1.0,2.0
2579,371,416953.5,3806935.5,2022,165.0,206.0,227.0,236.0,247.0,270.0,338.0,1.0,1.0
2564,447,417181.5,3806980.5,2022,163.0,208.0,228.0,238.0,249.0,270.0,310.0,1.0,2.0
2552,466,417238.5,3807016.5,2022,176.0,211.0,229.0,240.0,250.0,270.0,300.0,1.0,1.0
2556,676,417868.5,3807004.5,2022,156.0,185.0,229.0,240.0,252.0,275.0,316.0,1.0,1.0
2557,708,417964.5,3807001.5,2022,150.0,185.0,225.0,236.0,248.0,273.0,323.0,1.0,1.0
2570,1043,418969.5,3806962.5,2022,150.0,207.0,227.0,237.0,248.0,268.0,294.0,1.0,2.0
2565,1053,418999.5,3806977.5,2022,151.0,210.0,227.0,237.0,247.0,267.0,296.0,1.0,2.0
2563,1209,419467.5,3806983.5,2022,158.0,209.0,229.0,239.0,252.0,277.0,312.0,1.0,2.0
2551,1242,419566.5,3807019.5,2022,129.0,207.0,227.0,237.0,249.0,275.0,304.0,1.0,1.0
2552,1282,419686.5,3807016.5,2022,147.0,206.0,226.0,237.0,250.0,278.0,320.0,1.0,2.0
2559,1301,419743.5,3806995.5,2022,161.0,205.0,225.0,235.0,246.0,272.0,312.0,1.0,2.0
2559,1344,419872.5,3806995.5,2022,146.0,208.0,230.0,240.0,253.0,278.0,322.0,1.0,2.0
2555,1373,419959.5,3807007.5,2022,143.0,207.0,230.0,241.0,255.0,284.0,314.0,1.0,1.0
2551,1381,419983.5,3807019.5,2022,159.0,210.0,229.0,240.0,254.0,279.0,312.0,1.0,1.0
2579,1411,420073.5,3806935.5,2022,151.0,205.0,228.0,239.0,250.0,274.0,306.0,1.0,1.0
2551,1468,420244.5,3807019.5,2022,155.0,210.0,231.0,242.0,256.0,281.0,312.0,1.0,1.0
2551,1475,420265.5,3807019.5,2022,157.0,212.0,232.0,243.0,257.0,282.0,317.0,1.0,1.0
2558,1516,420388.5,3806998.5,2022,161.0,210.0,229.0,239.0,251.0,272.0,307.0,1.0,2.0
2553,1558,420514.5,3807013.5,2022,152.0,208.0,227.0,238.0,251.0,278.0,320.0,1.0,2.0
2565,1570,420550.5,3806977.5,2022,129.0,208.0,229.0,240.0,253.0,277.0,309.0,1.0,1.0
2554,1602,420646.5,3807010.5,2022,147.0,206.0,227.0,237.0,250.0,278.0,315.0,1.0,1.0
2564,1624,420712.5,3806980.5,2022,145.0,207.0,227.0,237.0,249.0,279.0,325.0,1.0,1.0
2561,1666,420838.5,3806989.5,2022,150.0,207.0,228.0,238.0,251.0,278.0,302.0,1.0,1.0
2573,1706,420958.5,3806953.5,2022,136.0,207.0,228.0,239.0,253.0,279.0,307.0,1.0,2.0
2571,1739,421057.5,3806959.5,2022,156.0,207.0,227.0,239.0,254.0,278.0,307.0,1.0,2.0
2563,1757,421111.5,3806983.5,2022,146.0,207.0,227.0,238.0,251.0,274.0,305.0,1.0,1.0
2576,1775,421165.5,3806944.5,2022,131.0,206.0,228.0,240.0,254.0,279.0,305.0,1.0,2.0
2561,1804,421252.5,3806989.5,2022,111.0,191.0,228.0,243.0,261.0,287.0,319.0,1.0,2.0
2562,1846,421378.5,3806986.5,2022,109.0,198.0,230.0,245.0,262.0,288.0,320.0,1.0,1.0
2562,1861,421423.5,3806986.5,2022,118.0,200.0,226.0,240.0,257.0,285.0,316.0,1.0,1.0
2551,1894,421522.5,3807019.5,2022,118.0,198.0,226.0,240.0,259.0,287.0,323.0,1.0,1.0
2577,1921,421603.5,3806941.5,2022,117.0,196.0,227.0,241.0,257.0,286.0,322.0,1.0,1.0
2554,1972,421756.5,3807010.5,2022,110.0,186.0,223.0,237.0,255.0,286.0,317.0,1.0,1.0
2567,1984,421792.5,3806971.5,2022,111.0,195.0,226.0,238.0,254.0,286.0,318.0,1.0,1.0
2553,2022,421906.5,3807013.5,2022,103.0,188.0,222.0,236.0,251.0,285.0,320.0,1.0,1.0
2562,2044,421972.5,3806986.5,2022,138.0,204.0,227.0,239.0,254.0,285.0,322.0,1.0,2.0
2552,2083,422089.5,3807016.5,2022,145.0,211.0,229.0,239.0,253.0,280.0,309.0,1.0,2.0
2574,2111,422173.5,3806950.5,2022,147.0,211.0,230.0,240.0,254.0,281.0,324.0,1.0,2.0
2568,2151,422293.5,3806968.5,2022,126.0,203.0,225.0,236.0,251.0,282.0,324.0,1.0,2.0
2568,2170,422350.5,3806968.5,2022,141.0,202.0,225.0,236.0,249.0,283.0,328.0,1.0,2.0
2573,2202,422446.5,3806953.5,2022,131.0,199.0,223.0,234.0,249.0,283.0,312.0,1.0,2.0
2553,2241,422563.5,3807013.5,2022,155.0,209.0,228.0,238.0,251.0,281.0,310.0,1.0,2.0
2569,2255,422605.5,3806965.5,2022,155.0,209.0,226.0,236.0,248.0,281.0,315.0,1.0,2.0
2569,2289,422707.5,3806965.5,2022,148.0,204.0,224.0,235.0,249.0,279.0,309.0,1.0,1.0
2555,2327,422821.5,3807007.5,2022,155.0,200.0,222.0,234.0,248.0,284.0,322.0,1.0,2.0
2575,3009,424867.5,3806947.5,2022,125.0,205.0,224.0,234.0,247.0,283.0,318.0,1.0,2.0
2563,3157,425311.5,3806983.5,2022,120.0,198.0,219.0,230.0,243.0,274.0,374.0,1.0,2.0
2582,28,415924.5,3806926.5,2022,173.0,206.0,225.0,236.0,247.0,269.0,312.0,1.0,1.0
2598,56,416008.5,3806878.5,2022,166.0,195.0,226.0,239.0,253.0,278.0,307.0,1.0,1.0
2605,81,416083.5,3806857.5,2022,172.0,202.0,228.0,240.0,254.0,281.0,312.0,1.0,1.0
2597,110,416170.5,3806881.5,2022,171.0,202.0,226.0,237.0,249.0,270.0,304.0,1.0,2.0
2599,136,416248.5,3806875.5,2022,113.0,194.0,222.0,234.0,246.0,270.0,322.0,1.0,2.0
2590,175,416365.5,3806902.5,2022,73.0,185.0,221.0,234.0,248.0,276.0,321.0,1.0,2.0
2605,226,416518.5,3806857.5,2022,127.0,198.0,223.0,233.0,244.0,266.0,307.0,1.0,2.0
2603,246,416578.5,3806863.5,2022,158.0,207.0,226.0,236.0,245.0,264.0,289.0,1.0,2.0
2605,284,416692.5,3806857.5,2022,167.0,203.0,224.0,234.0,245.0,264.0,293.0,1.0,2.0
2582,329,416827.5,3806926.5,2022,167.0,205.0,227.0,237.0,248.0,270.0,302.0,1.0,1.0
2580,370,416950.5,3806932.5,2022,165.0,205.0,226.0,236.0,247.0,269.0,320.0,1.0,1.0
2599,448,417184.5,3806875.5,2022,170.0,209.0,227.0,237.0,248.0,268.0,296.0,1.0,2.0
2595,458,417214.5,3806887.5,2022,173.0,210.0,229.0,238.0,249.0,269.0,299.0,1.0,2.0
2605,506,417358.5,3806857.5,2022,161.0,205.0,225.0,235.0,246.0,268.0,301.0,1.0,2.0
2602,515,417385.5,3806866.5,2022,162.0,202.0,226.0,236.0,247.0,269.0,320.0,1.0,2.0
2601,640,417760.5,3806869.5,2022,152.0,188.0,234.0,246.0,258.0,278.0,317.0,1.0,2.0
2607,665,417835.5,3806851.5,2022,153.0,182.0,229.0,239.0,252.0,276.0,310.0,1.0,1.0
2581,707,417961.5,3806929.5,2022,157.0,185.0,231.0,243.0,256.0,279.0,311.0,1.0,2.0
2608,1082,419086.5,3806848.5,2022,153.0,201.0,224.0,235.0,246.0,268.0,306.0,1.0,2.0
2603,1110,419170.5,3806863.5,2022,151.0,202.0,221.0,232.0,243.0,268.0,319.0,1.0,2.0
2591,1285,419695.5,3806899.5,2022,166.0,211.0,231.0,241.0,253.0,275.0,306.0,1.0,2.0
2587,1297,419731.5,3806911.5,2022,153.0,207.0,228.0,238.0,251.0,276.0,326.0,1.0,1.0
2583,1328,419824.5,3806923.5,2022,87.0,190.0,221.0,234.0,246.0,272.0,315.0,1.0,2.0
2602,1370,419950.5,3806866.5,2022,151.0,184.0,229.0,240.0,254.0,281.0,310.0,1.0,1.0
2585,1398,420034.5,3806917.5,2022,162.0,204.0,226.0,237.0,248.0,275.0,309.0,1.0,2.0
2580,1410,420070.5,3806932.5,2022,154.0,202.0,228.0,238.0,251.0,277.0,314.0,1.0,1.0
2599,1469,420247.5,3806875.5,2022,167.0,205.0,226.0,237.0,248.0,272.0,298.0,1.0,2.0
2604,1486,420298.5,3806860.5,2022,150.0,204.0,225.0,236.0,247.0,271.0,295.0,1.0,2.0
2590,1503,420349.5,3806902.5,2022,143.0,207.0,226.0,236.0,247.0,271.0,295.0,1.0,2.0
2596,1552,420496.5,3806884.5,2022,131.0,207.0,228.0,238.0,251.0,277.0,307.0,1.0,1.0
2600,1572,420556.5,3806872.5,2022,157.0,206.0,226.0,236.0,248.0,277.0,317.0,1.0,1.0
2592,1614,420682.5,3806896.5,2022,150.0,210.0,229.0,239.0,251.0,275.0,319.0,1.0,1.0
2605,1625,420715.5,3806857.5,2022,139.0,208.0,228.0,238.0,251.0,276.0,314.0,1.0,1.0
2582,1678,420874.5,3806926.5,2022,143.0,210.0,230.0,241.0,255.0,276.0,301.0,1.0,1.0
2589,1680,420880.5,3806905.5,2022,129.0,206.0,227.0,237.0,251.0,277.0,301.0,1.0,1.0
2609,1730,421030.5,3806845.5,2022,145.0,212.0,230.0,241.0,254.0,278.0,307.0,1.0,2.0
2589,1741,421063.5,3806905.5,2022,149.0,210.0,229.0,239.0,253.0,277.0,304.0,1.0,1.0
2609,1774,421162.5,3806845.5,2022,160.0,210.0,229.0,240.0,252.0,275.0,304.0,1.0,1.0
2594,1817,421291.5,3806890.5,2022,111.0,194.0,227.0,240.0,257.0,284.0,319.0,1.0,1.0
2603,1841,421363.5,3806863.5,2022,122.0,199.0,227.0,239.0,254.0,282.0,315.0,1.0,1.0
2606,1871,421453.5,3806854.5,2022,113.0,198.0,229.0,243.0,259.0,286.0,325.0,1.0,1.0
2582,1896,421528.5,3806926.5,2022,124.0,199.0,227.0,241.0,257.0,286.0,324.0,1.0,1.0
2601,1926,421618.5,3806869.5,2022,112.0,202.0,231.0,244.0,260.0,286.0,322.0,1.0,1.0
2602,1961,421723.5,3806866.5,2022,111.0,193.0,225.0,239.0,256.0,286.0,317.0,1.0,1.0
2599,1990,421810.5,3806875.5,2022,109.0,195.0,223.0,235.0,250.0,279.0,319.0,1.0,1.0
2589,2010,421870.5,3806905.5,2022,107.0,192.0,223.0,236.0,251.0,281.0,321.0,1.0,1.0
2592,2043,421969.5,3806896.5,2022,134.0,208.0,229.0,241.0,255.0,280.0,314.0,1.0,2.0
2606,2084,422092.5,3806854.5,2022,129.0,199.0,228.0,238.0,253.0,283.0,323.0,1.0,2.0
2608,2112,422176.5,3806848.5,2022,152.0,204.0,226.0,237.0,251.0,280.0,312.0,1.0,1.0
2600,2132,422236.5,3806872.5,2022,141.0,207.0,228.0,239.0,254.0,281.0,312.0,1.0,2.0
2584,2168,422344.5,3806920.5,2022,146.0,203.0,225.0,236.0,249.0,283.0,320.0,1.0,1.0
2581,2212,422476.5,3806929.5,2022,159.0,207.0,226.0,236.0,248.0,279.0,310.0,1.0,2.0
2587,2226,422518.5,3806911.5,2022,152.0,203.0,226.0,237.0,251.0,281.0,314.0,1.0,2.0
2589,2270,422650.5,3806905.5,2022,148.0,205.0,224.0,235.0,248.0,279.0,310.0,1.0,2.0
2580,2306,422758.5,3806932.5,2022,134.0,199.0,223.0,235.0,249.0,284.0,314.0,1.0,2.0
2604,2332,422836.5,3806860.5,2022,146.0,205.0,226.0,237.0,252.0,280.0,313.0,1.0,2.0
2609,2788,424204.5,3806845.5,2022,124.0,203.0,222.0,233.0,247.0,279.0,307.0,1.0,2.0
2602,2808,424264.5,3806866.5,2022,145.0,202.0,221.0,232.0,245.0,280.0,315.0,1.0,2.0
2594,3164,425332.5,3806890.5,2022,133.0,199.0,219.0,230.0,243.0,278.0,312.0,1.0,1.0
2601,3184,425392.5,3806869.5,2022,107.0,195.0,221.0,233.0,249.0,278.0,311.0,1.0,2.0
2613,26,415918.5,3806833.5,2022,158.0,205.0,227.0,238.0,251.0,275.0,317.0,1.0,2.0
2620,42,415966.5,3806812.5,2022,172.0,205.0,226.0,237.0,248.0,270.0,332.0,1.0,1.0
2620,86,416098.5,3806812.5,2022,171.0,200.0,225.0,237.0,250.0,273.0,360.0,1.0,1.0
2618,111,416173.5,3806818.5,2022,128.0,195.0,221.0,233.0,248.0,274.0,320.0,1.0,2.0
2639,130,416230.5,3806755.5,2022,155.0,199.0,227.0,239.0,253.0,277.0,322.0,1.0,1.0
2621,161,416323.5,3806809.5,2022,127.0,194.0,224.0,237.0,253.0,280.0,325.0,1.0,1.0
2616,234,416542.5,3806824.5,2022,163.0,201.0,224.0,234.0,245.0,266.0,296.0,1.0,2.0
2621,256,416608.5,3806809.5,2022,173.0,205.0,225.0,236.0,246.0,265.0,298.0,1.0,2.0
2614,282,416686.5,3806830.5,2022,150.0,188.0,226.0,236.0,247.0,270.0,322.0,1.0,2.0
2634,303,416749.5,3806770.5,2022,159.0,201.0,227.0,236.0,247.0,270.0,332.0,1.0,2.0
2626,339,416857.5,3806794.5,2022,172.0,204.0,226.0,235.0,245.0,266.0,307.0,1.0,2.0
2633,369,416947.5,3806773.5,2022,156.0,198.0,227.0,237.0,248.0,269.0,299.0,1.0,2.0
2633,390,417010.5,3806773.5,2022,133.0,202.0,226.0,236.0,247.0,268.0,295.0,1.0,2.0
2610,448,417184.5,3806842.5,2022,153.0,201.0,224.0,234.0,246.0,270.0,307.0,1.0,2.0
2610,463,417229.5,3806842.5,2022,166.0,209.0,227.0,237.0,247.0,268.0,300.0,1.0,1.0
2616,655,417805.5,3806824.5,2022,166.0,210.0,230.0,240.0,251.0,274.0,323.0,1.0,1.0
2613,662,417826.5,3806833.5,2022,112.0,188.0,229.0,239.0,252.0,274.0,322.0,1.0,2.0
2624,712,417976.5,3806800.5,2022,159.0,196.0,222.0,233.0,245.0,271.0,312.0,1.0,2.0
2614,1106,419158.5,3806830.5,2022,134.0,202.0,222.0,232.0,244.0,270.0,308.0,1.0,2.0
2638,1167,419341.5,3806758.5,2022,130.0,202.0,224.0,235.0,245.0,271.0,306.0,1.0,2.0
2634,1225,419515.5,3806770.5,2022,158.0,210.0,227.0,237.0,248.0,272.0,307.0,1.0,2.0
2613,1257,419611.5,3806833.5,2022,157.0,210.0,228.0,238.0,250.0,271.0,295.0,1.0,2.0
2639,1276,419668.5,3806755.5,2022,155.0,207.0,227.0,237.0,249.0,273.0,318.0,1.0,1.0
2623,1295,419725.5,3806803.5,2022,159.0,206.0,228.0,238.0,251.0,277.0,308.0,1.0,1.0
2637,1333,419839.5,3806761.5,2022,158.0,207.0,230.0,240.0,254.0,282.0,312.0,1.0,1.0
2619,1350,419890.5,3806815.5,2022,148.0,207.0,229.0,241.0,254.0,280.0,314.0,1.0,1.0
2626,1393,420019.5,3806794.5,2022,162.0,202.0,224.0,235.0,246.0,271.0,302.0,1.0,2.0
2639,1413,420079.5,3806755.5,2022,149.0,205.0,225.0,235.0,246.0,268.0,292.0,1.0,2.0
2626,1468,420244.5,3806794.5,2022,153.0,202.0,223.0,234.0,245.0,269.0,294.0,1.0,2.0
2613,1477,420271.5,3806833.5,2022,154.0,208.0,228.0,238.0,249.0,271.0,301.0,1.0,2.0
2630,1548,420484.5,3806782.5,2022,150.0,195.0,227.0,239.0,252.0,278.0,308.0,1.0,1.0
2628,1588,420604.5,3806788.5,2022,165.0,207.0,227.0,238.0,250.0,275.0,302.0,1.0,1.0
2634,1609,420667.5,3806770.5,2022,163.0,208.0,228.0,239.0,252.0,277.0,315.0,1.0,1.0
2621,1644,420772.5,3806809.5,2022,132.0,206.0,227.0,237.0,250.0,276.0,313.0,1.0,2.0
2636,1660,420820.5,3806764.5,2022,158.0,212.0,229.0,239.0,251.0,275.0,303.0,1.0,1.0
2623,1691,420913.5,3806803.5,2022,142.0,208.0,228.0,239.0,255.0,279.0,305.0,1.0,2.0
2613,1739,421057.5,3806833.5,2022,151.0,212.0,230.0,240.0,254.0,278.0,306.0,1.0,1.0
2612,1741,421063.5,3806836.5,2022,143.0,209.0,228.0,240.0,253.0,276.0,303.0,1.0,1.0
2628,1793,421219.5,3806788.5,2022,159.0,205.0,225.0,236.0,249.0,277.0,311.0,1.0,1.0
2630,1816,421288.5,3806782.5,2022,117.0,194.0,225.0,238.0,254.0,282.0,321.0,1.0,1.0
2639,1855,421405.5,3806755.5,2022,116.0,195.0,228.0,242.0,260.0,287.0,321.0,1.0,1.0
2629,1880,421480.5,3806785.5,2022,117.0,203.0,229.0,241.0,257.0,284.0,319.0,1.0,1.0
2627,1895,421525.5,3806791.5,2022,121.0,204.0,230.0,243.0,258.0,284.0,318.0,1.0,1.0
2639,1946,421678.5,3806755.5,2022,107.0,188.0,228.0,242.0,258.0,286.0,319.0,1.0,1.0
2617,1955,421705.5,3806821.5,2022,113.0,187.0,226.0,239.0,256.0,286.0,322.0,1.0,1.0
2627,1993,421819.5,3806791.5,2022,111.0,188.0,228.0,240.0,256.0,285.0,313.0,1.0,1.0
2615,2025,421915.5,3806827.5,2022,150.0,211.0,230.0,241.0,255.0,279.0,308.0,1.0,1.0
2634,2059,422017.5,3806770.5,2022,151.0,208.0,228.0,238.0,251.0,278.0,312.0,1.0,1.0
2629,2076,422068.5,3806785.5,2022,147.0,207.0,227.0,237.0,250.0,279.0,321.0,1.0,1.0
2615,2118,422194.5,3806827.5,2022,157.0,206.0,227.0,237.0,249.0,277.0,315.0,1.0,2.0
2621,2142,422266.5,3806809.5,2022,146.0,197.0,223.0,234.0,249.0,283.0,319.0,1.0,2.0
2624,2161,422323.5,3806800.5,2022,132.0,199.0,223.0,236.0,251.0,282.0,323.0,1.0,1.0
2638,2246,422578.5,3806758.5,2022,118.0,194.0,223.0,237.0,253.0,286.0,322.0,1.0,1.0
2629,2254,422602.5,3806785.5,2022,112.0,192.0,223.0,238.0,255.0,285.0,322.0,1.0,1.0
2636,2284,422692.5,3806764.5,2022,149.0,202.0,222.0,234.0,247.0,276.0,306.0,1.0,2.0
2633,2332,422836.5,3806773.5,2022,147.0,205.0,225.0,236.0,251.0,279.0,319.0,1.0,2.0
2639,2784,424192.5,3806755.5,2022,162.0,207.0,223.0,232.0,243.0,276.0,311.0,1.0,2.0
2611,2802,424246.5,3806839.5,2022,142.0,203.0,221.0,232.0,244.0,280.0,311.0,1.0,2.0
2611,3178,425374.5,3806839.5,2022,133.0,196.0,217.0,229.0,243.0,279.0,313.0,1.0,1.0
2645,10,415870.5,3806737.5,2022,175.0,202.0,224.0,235.0,247.0,269.0,321.0,1.0,1.0
2649,41,415963.5,3806725.5,2022,167.0,200.0,223.0,234.0,245.0,271.0,316.0,1.0,1.0
2647,81,416083.5,3806731.5,2022,91.0,194.0,224.0,236.0,250.0,274.0,316.0,1.0,1.0
2650,115,416185.5,3806722.5,2022,158.0,198.0,225.0,237.0,250.0,275.0,318.0,1.0,1.0
2663,133,416239.5,3806683.5,2022,173.0,202.0,224.0,234.0,246.0,268.0,319.0,1.0,2.0
2657,154,416302.5,3806701.5,2022,178.0,208.0,228.0,238.0,250.0,273.0,334.0,1.0,1.0
2668,294,416722.5,3806668.5,2022,172.0,209.0,227.0,236.0,246.0,264.0,286.0,1.0,2.0
2648,319,416797.5,3806728.5,2022,170.0,208.0,227.0,237.0,248.0,267.0,291.0,1.0,2.0
2640,344,416872.5,3806752.5,2022,172.0,205.0,226.0,236.0,246.0,265.0,298.0,1.0,2.0
2642,361,416923.5,3806746.5,2022,164.0,202.0,225.0,235.0,246.0,267.0,299.0,1.0,2.0
2665,392,417016.5,3806677.5,2022,157.0,207.0,229.0,239.0,249.0,270.0,301.0,1.0,2.0
2656,654,417802.5,3806704.5,2022,115.0,183.0,228.0,240.0,254.0,279.0,324.0,1.0,1.0
2640,1133,419239.5,3806752.5,2022,154.0,200.0,222.0,233.0,243.0,268.0,299.0,1.0,2.0
2667,1167,419341.5,3806671.5,2022,144.0,205.0,225.0,235.0,247.0,276.0,315.0,1.0,2.0
2661,1199,419437.5,3806689.5,2022,169.0,204.0,226.0,236.0,247.0,269.0,299.0,1.0,2.0
2656,1212,419476.5,3806704.5,2022,142.0,206.0,227.0,237.0,250.0,278.0,310.0,1.0,2.0
2642,1258,419614.5,3806746.5,2022,155.0,204.0,228.0,238.0,250.0,278.0,314.0,1.0,1.0
2645,1277,419671.5,3806737.5,2022,155.0,208.0,228.0,237.0,249.0,276.0,316.0,1.0,1.0
2642,1314,419782.5,3806746.5,2022,149.0,208.0,229.0,239.0,252.0,279.0,309.0,1.0,1.0
2659,1331,419833.5,3806695.5,2022,157.0,207.0,229.0,239.0,252.0,277.0,310.0,1.0,1.0
2666,1375,419965.5,3806674.5,2022,156.0,200.0,228.0,239.0,252.0,278.0,309.0,1.0,1.0
2654,1392,420016.5,3806710.5,2022,163.0,203.0,224.0,235.0,247.0,271.0,299.0,1.0,2.0
2668,1461,420223.5,3806668.5,2022,163.0,207.0,229.0,241.0,254.0,277.0,309.0,1.0,1.0
2647,1476,420268.5,3806731.5,2022,156.0,204.0,226.0,237.0,248.0,273.0,297.0,1.0,2.0
2646,1521,420403.5,3806734.5,2022,153.0,203.0,224.0,235.0,246.0,271.0,304.0,1.0,2.0
2642,1536,420448.5,3806746.5,2022,164.0,208.0,226.0,236.0,248.0,273.0,304.0,1.0,2.0
2653,1563,420529.5,3806713.5,2022,154.0,209.0,231.0,242.0,256.0,280.0,322.0,1.0,1.0
2656,1593,420619.5,3806704.5,2022,138.0,207.0,226.0,236.0,247.0,273.0,308.0,1.0,2.0
2655,1633,420739.5,3806707.5,2022,143.0,209.0,228.0,238.0,250.0,275.0,329.0,1.0,1.0
2650,1674,420862.5,3806722.5,2022,141.0,211.0,231.0,241.0,255.0,277.0,304.0,1.0,1.0
2640,1687,420901.5,3806752.5,2022,145.0,205.0,226.0,238.0,251.0,275.0,301.0,1.0,1.0
2643,1735,421045.5,3806743.5,2022,144.0,208.0,227.0,238.0,252.0,276.0,302.0,1.0,1.0
2640,1742,421066.5,3806752.5,2022,155.0,210.0,229.0,239.0,251.0,277.0,310.0,1.0,1.0
2663,1780,421180.5,3806683.5,2022,146.0,208.0,227.0,238.0,251.0,277.0,316.0,1.0,1.0
2650,1805,421255.5,3806722.5,2022,119.0,190.0,225.0,237.0,254.0,284.0,324.0,1.0,1.0
2660,1841,421363.5,3806692.5,2022,109.0,184.0,226.0,241.0,260.0,288.0,327.0,1.0,1.0
2653,1884,421492.5,3806713.5,2022,115.0,203.0,232.0,244.0,260.0,288.0,321.0,1.0,2.0
2642,1894,421522.5,3806746.5,2022,118.0,200.0,229.0,243.0,259.0,288.0,314.0,1.0,1.0
2650,1947,421681.5,3806722.5,2022,119.0,196.0,226.0,238.0,253.0,284.0,311.0,1.0,1.0
2662,1955,421705.5,3806686.5,2022,112.0,188.0,226.0,239.0,255.0,285.0,326.0,1.0,1.0
2654,1987,421801.5,3806710.5,2022,109.0,190.0,227.0,240.0,256.0,285.0,315.0,1.0,1.0
2658,2022,421906.5,3806698.5,2022,135.0,204.0,227.0,239.0,253.0,281.0,316.0,1.0,2.0
2657,2058,422014.5,3806701.5,2022,147.0,206.0,227.0,237.0,250.0,278.0,311.0,1.0,1.0
2661,2095,422125.5,3806689.5,2022,141.0,204.0,224.0,235.0,249.0,280.0,320.0,1.0,2.0
2660,2113,422179.5,3806692.5,2022,145.0,206.0,225.0,235.0,246.0,276.0,317.0,1.0,1.0
2667,2159,422317.5,3806671.5,2022,143.0,205.0,224.0,234.0,246.0,277.0,315.0,1.0,1.0
2668,2182,422386.5,3806668.5,2022,121.0,197.0,222.0,235.0,252.0,287.0,323.0,1.0,1.0
2668,2211,422473.5,3806668.5,2022,115.0,190.0,226.0,241.0,258.0,289.0,334.0,1.0,1.0
2658,2240,422560.5,3806698.5,2022,111.0,195.0,222.0,235.0,251.0,287.0,323.0,1.0,1.0
2649,2253,422599.5,3806725.5,2022,120.0,197.0,224.0,237.0,254.0,286.0,330.0,1.0,1.0
2649,2286,422698.5,3806725.5,2022,148.0,203.0,223.0,235.0,250.0,278.0,313.0,1.0,1.0
2669,2323,422809.5,3806665.5,2022,136.0,189.0,221.0,234.0,251.0,284.0,325.0,1.0,1.0
2666,2369,422947.5,3806674.5,2022,125.0,193.0,220.0,232.0,247.0,278.0,329.0,1.0,2.0
2667,2383,422989.5,3806671.5,2022,143.0,197.0,222.0,234.0,247.0,279.0,322.0,1.0,2.0
2669,2404,423052.5,3806665.5,2022,144.0,203.0,224.0,236.0,251.0,282.0,330.0,1.0,1.0
2640,2784,424192.5,3806752.5,2022,165.0,207.0,223.0,232.0,243.0,275.0,309.0,1.0,2.0
2649,2813,424279.5,3806725.5,2022,135.0,192.0,219.0,232.0,247.0,283.0,310.0,1.0,1.0
2663,3206,425458.5,3806683.5,2022,119.0,188.0,214.0,227.0,241.0,280.0,312.0,1.0,2.0
2679,19,415897.5,3806635.5,2022,164.0,191.0,223.0,235.0,247.0,273.0,312.0,1.0,1.0
2675,53,415999.5,3806647.5,2022,174.0,205.0,224.0,234.0,245.0,266.0,297.0,1.0,2.0
2679,65,416035.5,3806635.5,2022,175.0,204.0,224.0,235.0,246.0,270.0,311.0,1.0,2.0
2674,107,416161.5,3806650.5,2022,175.0,203.0,224.0,234.0,246.0,269.0,315.0,1.0,2.0
2672,135,416245.5,3806656.5,2022,162.0,191.0,225.0,237.0,249.0,272.0,316.0,1.0,1.0
2679,157,416311.5,3806635.5,2022,177.0,206.0,228.0,238.0,250.0,273.0,336.0,1.0,1.0
2697,209,416467.5,3806581.5,2022,165.0,201.0,223.0,234.0,244.0,266.0,319.0,1.0,2.0
2683,291,416713.5,3806623.5,2022,159.0,201.0,225.0,235.0,245.0,266.0,296.0,1.0,2.0
2674,300,416740.5,3806650.5,2022,162.0,204.0,228.0,238.0,248.0,267.0,293.0,1.0,1.0
2698,444,417172.5,3806578.5,2022,169.0,198.0,227.0,238.0,251.0,274.0,343.0,1.0,1.0
2699,466,417238.5,3806575.5,2022,161.0,203.0,228.0,239.0,251.0,280.0,359.0,1.0,2.0
2693,627,417721.5,3806593.5,2022,158.0,188.0,231.0,241.0,254.0,276.0,315.0,1.0,1.0
2695,652,417796.5,3806587.5,2022,142.0,184.0,232.0,243.0,258.0,278.0,309.0,1.0,2.0
2670,1017,418891.5,3806662.5,2022,131.0,204.0,220.0,230.0,241.0,264.0,298.0,1.0,2.0
2677,1020,418900.5,3806641.5,2022,134.0,206.0,224.0,234.0,245.0,269.0,305.0,1.0,2.0
2675,1160,419320.5,3806647.5,2022,166.0,209.0,229.0,240.0,253.0,279.0,309.0,1.0,2.0
2674,1180,419380.5,3806650.5,2022,113.0,206.0,227.0,237.0,249.0,273.0,304.0,1.0,2.0
2673,1224,419512.5,3806653.5,2022,131.0,199.0,224.0,235.0,246.0,271.0,305.0,1.0,2.0
2675,1230,419530.5,3806647.5,2022,129.0,198.0,225.0,235.0,247.0,273.0,306.0,1.0,2.0
2695,1280,419680.5,3806587.5,2022,129.0,203.0,223.0,234.0,245.0,269.0,296.0,1.0,2.0
2682,1313,419779.5,3806626.5,2022,170.0,202.0,223.0,234.0,244.0,266.0,288.0,1.0,2.0
2671,1344,419872.5,3806659.5,2022,158.0,202.0,223.0,234.0,246.0,271.0,302.0,1.0,2.0
2676,1377,419971.5,3806644.5,2022,153.0,202.0,222.0,233.0,243.0,267.0,300.0,1.0,2.0
2671,1383,419989.5,3806659.5,2022,159.0,201.0,221.0,233.0,244.0,270.0,302.0,1.0,2.0
2682,1446,420178.5,3806626.5,2022,157.0,196.0,227.0,238.0,250.0,278.0,312.0,1.0,2.0
2673,1545,420475.5,3806653.5,2022,152.0,205.0,228.0,239.0,251.0,274.0,306.0,1.0,1.0
2696,1570,420550.5,3806584.5,2022,161.0,204.0,224.0,234.0,245.0,273.0,304.0,1.0,2.0
2676,1619,420697.5,3806644.5,2022,143.0,204.0,226.0,237.0,250.0,276.0,316.0,1.0,1.0
2674,1628,420724.5,3806650.5,2022,140.0,204.0,226.0,237.0,250.0,275.0,309.0,1.0,2.0
2699,1663,420829.5,3806575.5,2022,134.0,206.0,225.0,236.0,248.0,273.0,304.0,1.0,2.0
2684,1680,420880.5,3806620.5,2022,137.0,207.0,227.0,237.0,250.0,275.0,306.0,1.0,1.0
2684,1737,421051.5,3806620.5,2022,151.0,208.0,227.0,238.0,251.0,277.0,309.0,1.0,2.0
2678,1748,421084.5,3806638.5,2022,144.0,209.0,227.0,237.0,249.0,275.0,305.0,1.0,1.0
2687,1773,421159.5,3806611.5,2022,150.0,210.0,228.0,238.0,251.0,278.0,323.0,1.0,1.0
2693,1820,421300.5,3806593.5,2022,112.0,193.0,230.0,244.0,258.0,284.0,324.0,1.0,1.0
2685,1849,421387.5,3806617.5,2022,113.0,200.0,230.0,244.0,261.0,288.0,315.0,1.0,1.0
2674,1888,421504.5,3806650.5,2022,110.0,196.0,230.0,243.0,260.0,287.0,323.0,1.0,1.0
2697,1893,421519.5,3806581.5,2022,118.0,206.0,232.0,245.0,260.0,285.0,318.0,1.0,1.0
2699,1949,421687.5,3806575.5,2022,112.0,190.0,226.0,240.0,255.0,284.0,317.0,1.0,1.0
2673,1978,421774.5,3806653.5,2022,111.0,193.0,223.0,236.0,253.0,283.0,322.0,1.0,1.0
2678,2002,421846.5,3806638.5,2022,157.0,207.0,227.0,238.0,251.0,280.0,310.0,1.0,1.0
2692,2013,421879.5,3806596.5,2022,136.0,205.0,228.0,241.0,256.0,285.0,315.0,1.0,1.0
2686,2063,422029.5,3806614.5,2022,150.0,207.0,226.0,237.0,250.0,278.0,330.0,1.0,1.0
2677,2078,422074.5,3806641.5,2022,144.0,204.0,225.0,237.0,250.0,278.0,317.0,1.0,1.0
2689,2110,422170.5,3806605.5,2022,152.0,202.0,224.0,235.0,250.0,280.0,321.0,1.0,1.0
2683,2145,422275.5,3806623.5,2022,132.0,204.0,224.0,235.0,249.0,280.0,315.0,1.0,2.0
2670,2185,422395.5,3806662.5,2022,121.0,199.0,223.0,235.0,250.0,286.0,320.0,1.0,1.0
2686,2219,422497.5,3806614.5,2022,115.0,185.0,228.0,244.0,261.0,289.0,329.0,1.0,1.0
2670,2242,422566.5,3806662.5,2022,112.0,189.0,224.0,238.0,256.0,289.0,323.0,1.0,1.0
2687,2258,422614.5,3806611.5,2022,118.0,191.0,222.0,236.0,252.0,284.0,330.0,1.0,1.0
2676,2308,422764.5,3806644.5,2022,141.0,203.0,225.0,237.0,252.0,283.0,320.0,1.0,1.0
2674,2331,422833.5,3806650.5,2022,136.0,197.0,224.0,236.0,252.0,282.0,324.0,1.0,1.0
2671,2363,422929.5,3806659.5,2022,131.0,202.0,222.0,234.0,247.0,279.0,318.0,1.0,2.0
2673,2382,422986.5,3806653.5,2022,125.0,201.0,222.0,234.0,248.0,281.0,325.0,1.0,2.0
2671,2405,423055.5,3806659.5,2022,137.0,203.0,224.0,235.0,250.0,280.0,319.0,1.0,2.0
2678,2507,423361.5,3806638.5,2022,146.0,197.0,222.0,233.0,247.0,280.0,322.0,1.0,2.0
2723,29,415927.5,3806503.5,2022,169.0,201.0,226.0,238.0,249.0,273.0,331.0,1.0,1.0
2708,50,415990.5,3806548.5,2022,176.0,203.0,224.0,235.0,246.0,269.0,306.0,1.0,2.0
2713,78,416074.5,3806533.5,2022,176.0,205.0,225.0,236.0,247.0,270.0,307.0,1.0,1.0
2703,91,416113.5,3806563.5,2022,178.0,206.0,226.0,236.0,247.0,269.0,319.0,1.0,1.0
2725,131,416233.5,3806497.5,2022,180.0,203.0,226.0,238.0,251.0,276.0,357.0,1.0,1.0
2710,157,416311.5,3806542.5,2022,179.0,203.0,226.0,237.0,251.0,274.0,345.0,1.0,1.0
2726,290,416710.5,3806494.5,2022,178.0,204.0,224.0,235.0,245.0,263.0,287.0,1.0,1.0
2726,310,416770.5,3806494.5,2022,171.0,206.0,226.0,236.0,246.0,265.0,291.0,1.0,2.0
2721,359,416917.5,3806509.5,2022,167.0,207.0,228.0,239.0,250.0,268.0,288.0,1.0,2.0
2723,367,416941.5,3806503.5,2022,172.0,205.0,228.0,238.0,249.0,268.0,289.0,1.0,1.0
2722,398,417034.5,3806506.5,2022,168.0,206.0,226.0,237.0,248.0,269.0,296.0,1.0,2.0
2707,445,417175.5,3806551.5,2022,134.0,185.0,226.0,237.0,250.0,278.0,311.0,1.0,1.0
2708,457,417211.5,3806548.5,2022,155.0,186.0,228.0,239.0,253.0,279.0,319.0,1.0,1.0
2718,488,417304.5,3806518.5,2022,149.0,186.0,228.0,240.0,254.0,279.0,325.0,1.0,1.0
2713,511,417373.5,3806533.5,2022,156.0,184.0,229.0,241.0,253.0,278.0,321.0,1.0,1.0
2716,624,417712.5,3806524.5,2022,147.0,214.0,231.0,241.0,252.0,273.0,300.0,1.0,2.0
2714,633,417739.5,3806530.5,2022,153.0,208.0,232.0,243.0,256.0,279.0,319.0,1.0,1.0
2720,677,417871.5,3806512.5,2022,166.0,210.0,228.0,238.0,250.0,270.0,302.0,1.0,2.0
2720,699,417937.5,3806512.5,2022,158.0,205.0,229.0,239.0,251.0,278.0,317.0,1.0,2.0
2725,1193,419419.5,3806497.5,2022,164.0,205.0,224.0,234.0,245.0,268.0,299.0,1.0,2.0
2706,1287,419701.5,3806554.5,2022,145.0,201.0,224.0,235.0,247.0,274.0,305.0,1.0,1.0
2729,1315,419785.5,3806485.5,2022,162.0,194.0,225.0,235.0,245.0,269.0,303.0,1.0,2.0
2713,1326,419818.5,3806533.5,2022,133.0,188.0,229.0,240.0,256.0,286.0,324.0,1.0,2.0
2717,1360,419920.5,3806521.5,2022,170.0,199.0,220.0,231.0,241.0,263.0,295.0,1.0,2.0
2726,1409,420067.5,3806494.5,2022,170.0,203.0,220.0,231.0,241.0,265.0,300.0,1.0,2.0
2725,1410,420070.5,3806497.5,2022,170.0,201.0,220.0,231.0,242.0,266.0,303.0,1.0,2.0
2727,1482,420286.5,3806491.5,2022,167.0,204.0,224.0,235.0,247.0,270.0,299.0,1.0,2.0
2711,1512,420376.5,3806539.5,2022,156.0,201.0,225.0,236.0,248.0,272.0,305.0,1.0,2.0
2722,1557,420511.5,3806506.5,2022,133.0,202.0,225.0,236.0,248.0,273.0,306.0,1.0,2.0
2704,1584,420592.5,3806560.5,2022,137.0,202.0,225.0,236.0,247.0,272.0,305.0,1.0,2.0
2710,1602,420646.5,3806542.5,2022,150.0,204.0,225.0,236.0,249.0,276.0,315.0,1.0,2.0
2728,1638,420754.5,3806488.5,2022,155.0,208.0,226.0,237.0,249.0,273.0,302.0,1.0,2.0
2728,1673,420859.5,3806488.5,2022,159.0,209.0,228.0,239.0,252.0,276.0,302.0,1.0,2.0
2726,1700,420940.5,3806494.5,2022,140.0,211.0,230.0,240.0,252.0,277.0,306.0,1.0,2.0
2715,1716,420988.5,3806527.5,2022,143.0,211.0,229.0,240.0,253.0,275.0,309.0,1.0,2.0
2710,1750,421090.5,3806542.5,2022,141.0,211.0,229.0,239.0,253.0,279.0,312.0,1.0,2.0
2705,1774,421162.5,3806557.5,2022,135.0,206.0,227.0,238.0,251.0,277.0,313.0,1.0,1.0
2721,1822,421306.5,3806509.5,2022,110.0,188.0,225.0,239.0,256.0,285.0,319.0,1.0,1.0
2718,1831,421333.5,3806518.5,2022,112.0,190.0,226.0,241.0,258.0,287.0,323.0,1.0,1.0
2702,1864,421432.5,3806566.5,2022,118.0,202.0,229.0,243.0,259.0,286.0,316.0,1.0,1.0
2727,1903,421549.5,3806491.5,2022,115.0,197.0,228.0,242.0,257.0,286.0,319.0,1.0,1.0
2728,1943,421669.5,3806488.5,2022,105.0,182.0,224.0,241.0,260.0,288.0,317.0,1.0,1.0
2721,1961,421723.5,3806509.5,2022,112.0,185.0,226.0,241.0,260.0,286.0,318.0,1.0,1.0
2712,2006,421858.5,3806536.5,2022,142.0,205.0,227.0,239.0,255.0,283.0,333.0,1.0,1.0
2727,2032,421936.5,3806491.5,2022,127.0,202.0,227.0,239.0,254.0,282.0,321.0,1.0,2.0
2729,2064,422032.5,3806485.5,2022,126.0,202.0,225.0,237.0,251.0,280.0,315.0,1.0,1.0
2715,2099,422137.5,3806527.5,2022,155.0,205.0,225.0,237.0,251.0,280.0,316.0,1.0,1.0
2705,2115,422185.5,3806557.5,2022,145.0,203.0,225.0,238.0,253.0,281.0,314.0,1.0,2.0
2705,2136,422248.5,3806557.5,2022,150.0,206.0,227.0,239.0,253.0,282.0,313.0,1.0,1.0
2728,2181,422383.5,3806488.5,2022,114.0,192.0,224.0,237.0,253.0,286.0,325.0,1.0,1.0
2718,2197,422431.5,3806518.5,2022,113.0,189.0,224.0,238.0,254.0,287.0,327.0,1.0,1.0
2713,2241,422563.5,3806533.5,2022,110.0,186.0,226.0,242.0,260.0,291.0,328.0,1.0,1.0
2709,2272,422656.5,3806545.5,2022,117.0,202.0,225.0,237.0,252.0,277.0,306.0,1.0,1.0
2718,2304,422752.5,3806518.5,2022,152.0,205.0,224.0,235.0,249.0,278.0,320.0,1.0,2.0
2716,2325,422815.5,3806524.5,2022,147.0,204.0,226.0,237.0,252.0,279.0,322.0,1.0,2.0
2726,2344,422872.5,3806494.5,2022,146.0,195.0,223.0,235.0,248.0,281.0,324.0,1.0,2.0
2705,2777,424171.5,3806557.5,2022,117.0,180.0,218.0,231.0,246.0,278.0,308.0,1.0,2.0
2706,3209,425467.5,3806554.5,2022,107.0,194.0,215.0,226.0,239.0,271.0,312.0,1.0,1.0
2705,3210,425470.5,3806557.5,2022,108.0,195.0,217.0,228.0,241.0,273.0,307.0,1.0,1.0
2757,8,415864.5,3806401.5,2022,181.0,208.0,229.0,240.0,252.0,276.0,356.0,1.0,2.0
2746,42,415966.5,3806434.5,2022,171.0,199.0,226.0,239.0,252.0,278.0,353.0,1.0,1.0
2730,70,416050.5,3806482.5,2022,180.0,208.0,227.0,237.0,248.0,272.0,349.0,1.0,1.0
2755,106,416158.5,3806407.5,2022,174.0,206.0,228.0,239.0,253.0,283.0,394.0,1.0,2.0
2730,122,416206.5,3806482.5,2022,177.0,199.0,228.0,241.0,255.0,285.0,355.0,1.0,1.0
2730,315,416785.5,3806482.5,2022,163.0,202.0,225.0,235.0,246.0,266.0,297.0,1.0,2.0
2753,375,416965.5,3806413.5,2022,153.0,197.0,228.0,238.0,251.0,274.0,303.0,1.0,2.0
2732,398,417034.5,3806476.5,2022,171.0,204.0,226.0,238.0,250.0,269.0,294.0,1.0,2.0
2737,423,417109.5,3806461.5,2022,167.0,206.0,228.0,238.0,250.0,271.0,304.0,1.0,2.0
2730,450,417190.5,3806482.5,2022,166.0,199.0,226.0,238.0,250.0,275.0,314.0,1.0,1.0
2752,508,417364.5,3806416.5,2022,160.0,191.0,230.0,241.0,253.0,277.0,318.0,1.0,2.0
2748,520,417400.5,3806428.5,2022,135.0,192.0,226.0,238.0,252.0,278.0,346.0,1.0,1.0
2745,565,417535.5,3806437.5,2022,126.0,182.0,228.0,239.0,252.0,279.0,328.0,1.0,1.0
2739,575,417565.5,3806455.5,2022,137.0,188.0,228.0,239.0,251.0,277.0,319.0,1.0,1.0
2754,623,417709.5,3806410.5,2022,167.0,210.0,231.0,242.0,254.0,276.0,313.0,1.0,2.0
2758,648,417784.5,3806398.5,2022,162.0,187.0,232.0,243.0,255.0,276.0,307.0,1.0,1.0
2740,671,417853.5,3806452.5,2022,153.0,189.0,234.0,244.0,256.0,277.0,309.0,1.0,1.0
2739,706,417958.5,3806455.5,2022,154.0,187.0,232.0,242.0,254.0,277.0,319.0,1.0,1.0
2740,1280,419680.5,3806452.5,2022,168.0,203.0,221.0,231.0,241.0,264.0,295.0,1.0,2.0
2731,1316,419788.5,3806479.5,2022,155.0,192.0,225.0,235.0,245.0,273.0,304.0,1.0,2.0
2730,1339,419857.5,3806482.5,2022,169.0,199.0,221.0,232.0,243.0,267.0,301.0,1.0,2.0
2738,1358,419914.5,3806458.5,2022,157.0,201.0,221.0,232.0,242.0,270.0,308.0,1.0,2.0
2748,1384,419992.5,3806428.5,2022,172.0,202.0,220.0,231.0,242.0,266.0,299.0,1.0,2.0
2740,1417,420091.5,3806452.5,2022,150.0,203.0,222.0,234.0,245.0,270.0,302.0,1.0,2.0
2752,1462,420226.5,3806416.5,2022,125.0,202.0,222.0,234.0,246.0,271.0,302.0,1.0,2.0
2753,1491,420313.5,3806413.5,2022,169.0,205.0,223.0,233.0,245.0,271.0,304.0,1.0,2.0
2758,1523,420409.5,3806398.5,2022,151.0,203.0,224.0,235.0,247.0,272.0,304.0,1.0,2.0
2751,1547,420481.5,3806419.5,2022,142.0,201.0,223.0,234.0,245.0,271.0,305.0,1.0,2.0
2757,1587,420601.5,3806401.5,2022,153.0,202.0,226.0,238.0,252.0,279.0,329.0,1.0,1.0
2742,1608,420664.5,3806446.5,2022,167.0,202.0,223.0,234.0,248.0,275.0,313.0,1.0,2.0
2747,1633,420739.5,3806431.5,2022,145.0,202.0,223.0,234.0,247.0,272.0,302.0,1.0,2.0
2734,1677,420871.5,3806470.5,2022,131.0,199.0,227.0,240.0,254.0,281.0,310.0,1.0,2.0
2756,1691,420913.5,3806404.5,2022,135.0,202.0,224.0,237.0,251.0,275.0,313.0,1.0,2.0
2742,1712,420976.5,3806446.5,2022,138.0,208.0,227.0,236.0,248.0,272.0,303.0,1.0,2.0
2753,1758,421114.5,3806413.5,2022,135.0,208.0,227.0,237.0,249.0,277.0,307.0,1.0,2.0
2746,1774,421162.5,3806434.5,2022,162.0,205.0,226.0,237.0,250.0,277.0,310.0,1.0,1.0
2735,1815,421285.5,3806467.5,2022,106.0,196.0,227.0,241.0,257.0,285.0,325.0,1.0,1.0
2744,1859,421417.5,3806440.5,2022,110.0,183.0,227.0,241.0,260.0,289.0,331.0,1.0,1.0
2748,1868,421444.5,3806428.5,2022,109.0,183.0,223.0,239.0,256.0,287.0,321.0,1.0,1.0
2751,1914,421582.5,3806419.5,2022,111.0,189.0,225.0,241.0,263.0,288.0,316.0,1.0,1.0
2735,1922,421606.5,3806467.5,2022,106.0,188.0,227.0,243.0,262.0,289.0,327.0,1.0,1.0
2752,1974,421762.5,3806416.5,2022,150.0,200.0,225.0,238.0,254.0,281.0,320.0,1.0,1.0
2739,1993,421819.5,3806455.5,2022,134.0,202.0,227.0,239.0,255.0,284.0,320.0,1.0,1.0
2753,2030,421930.5,3806413.5,2022,140.0,202.0,225.0,238.0,252.0,283.0,323.0,1.0,1.0
2749,2048,421984.5,3806425.5,2022,141.0,202.0,227.0,238.0,252.0,280.0,315.0,1.0,1.0
2750,2077,422071.5,3806422.5,2022,133.0,203.0,224.0,236.0,251.0,281.0,316.0,1.0,1.0
2736,2102,422146.5,3806464.5,2022,148.0,199.0,222.0,235.0,251.0,283.0,328.0,1.0,1.0
2730,2155,422305.5,3806482.5,2022,131.0,200.0,223.0,235.0,249.0,282.0,311.0,1.0,2.0
2752,2185,422395.5,3806416.5,2022,124.0,199.0,225.0,237.0,252.0,285.0,321.0,1.0,1.0
2736,2210,422470.5,3806464.5,2022,113.0,185.0,226.0,239.0,257.0,286.0,322.0,1.0,1.0
2749,2249,422587.5,3806425.5,2022,114.0,184.0,220.0,235.0,254.0,290.0,319.0,1.0,1.0
2754,2277,422671.5,3806410.5,2022,129.0,201.0,224.0,236.0,251.0,280.0,314.0,1.0,1.0
2743,2300,422740.5,3806443.5,2022,150.0,203.0,224.0,236.0,250.0,279.0,321.0,1.0,1.0
2750,2325,422815.5,3806422.5,2022,140.0,201.0,224.0,236.0,250.0,279.0,318.0,1.0,1.0
2743,2344,422872.5,3806443.5,2022,125.0,195.0,222.0,234.0,248.0,277.0,310.0,1.0,2.0
2736,2470,423250.5,3806464.5,2022,154.0,199.0,219.0,230.0,243.0,274.0,315.0,1.0,2.0
2755,3223,425509.5,3806407.5,2022,146.0,194.0,212.0,222.0,234.0,263.0,293.0,1.0,2.0
2762,5,415855.5,3806386.5,2022,180.0,210.0,230.0,241.0,253.0,276.0,338.0,1.0,1.0
2778,37,415951.5,3806338.5,2022,171.0,193.0,225.0,239.0,253.0,283.0,393.0,1.0,1.0
2789,61,416023.5,3806305.5,2022,164.0,198.0,221.0,232.0,243.0,267.0,308.0,1.0,1.0
2788,320,416800.5,3806308.5,2022,178.0,209.0,227.0,237.0,248.0,267.0,291.0,1.0,2.0
2784,331,416833.5,3806320.5,2022,177.0,207.0,225.0,236.0,247.0,266.0,289.0,1.0,2.0
2772,414,417082.5,3806356.5,2022,142.0,200.0,229.0,240.0,252.0,273.0,303.0,1.0,2.0
2784,424,417112.5,3806320.5,2022,166.0,210.0,230.0,240.0,251.0,271.0,294.0,1.0,1.0
2789,530,417430.5,3806305.5,2022,142.0,190.0,227.0,238.0,251.0,277.0,350.0,1.0,1.0
2783,564,417532.5,3806323.5,2022,162.0,184.0,227.0,240.0,255.0,282.0,319.0,1.0,1.0
2764,599,417637.5,3806380.5,2022,163.0,185.0,228.0,239.0,253.0,280.0,341.0,1.0,2.0
2761,602,417646.5,3806389.5,2022,169.0,202.0,230.0,240.0,253.0,276.0,313.0,1.0,1.0
2767,652,417796.5,3806371.5,2022,168.0,205.0,230.0,241.0,252.0,275.0,303.0,1.0,1.0
2779,671,417853.5,3806335.5,2022,167.0,208.0,230.0,240.0,251.0,274.0,303.0,1.0,1.0
2772,692,417916.5,3806356.5,2022,172.0,214.0,232.0,241.0,252.0,275.0,307.0,1.0,2.0
2783,728,418024.5,3806323.5,2022,152.0,206.0,227.0,236.0,247.0,271.0,303.0,1.0,2.0
2789,750,418090.5,3806305.5,2022,179.0,216.0,232.0,242.0,253.0,275.0,347.0,1.0,2.0
2787,941,418663.5,3806311.5,2022,169.0,205.0,225.0,235.0,246.0,268.0,296.0,1.0,1.0
2762,1238,419554.5,3806386.5,2022,147.0,199.0,220.0,231.0,242.0,266.0,297.0,1.0,1.0
2780,1272,419656.5,3806332.5,2022,127.0,202.0,220.0,231.0,241.0,265.0,300.0,1.0,2.0
2788,1296,419728.5,3806308.5,2022,163.0,201.0,223.0,233.0,245.0,274.0,314.0,1.0,2.0
2769,1320,419800.5,3806365.5,2022,133.0,200.0,219.0,230.0,242.0,267.0,295.0,1.0,2.0
2762,1377,419971.5,3806386.5,2022,166.0,197.0,219.0,230.0,241.0,263.0,355.0,1.0,1.0
2779,1390,420010.5,3806335.5,2022,137.0,201.0,220.0,231.0,241.0,267.0,301.0,1.0,2.0
2760,1410,420070.5,3806392.5,2022,132.0,197.0,221.0,233.0,245.0,275.0,311.0,1.0,2.0
2789,1452,420196.5,3806305.5,2022,130.0,201.0,222.0,233.0,245.0,269.0,297.0,1.0,2.0
2770,1481,420283.5,3806362.5,2022,158.0,202.0,221.0,232.0,242.0,264.0,288.0,1.0,1.0
2767,1508,420364.5,3806371.5,2022,153.0,202.0,223.0,234.0,246.0,270.0,297.0,1.0,1.0
2761,1558,420514.5,3806389.5,2022,128.0,197.0,224.0,236.0,248.0,273.0,307.0,1.0,2.0
2773,1564,420532.5,3806353.5,2022,157.0,196.0,223.0,235.0,249.0,278.0,316.0,1.0,1.0
2783,1615,420685.5,3806323.5,2022,127.0,197.0,222.0,233.0,245.0,271.0,297.0,1.0,2.0
2770,1622,420706.5,3806362.5,2022,138.0,202.0,223.0,235.0,247.0,273.0,311.0,1.0,2.0
2788,1667,420841.5,3806308.5,2022,133.0,205.0,225.0,236.0,248.0,272.0,304.0,1.0,2.0
2766,1694,420922.5,3806374.5,2022,142.0,207.0,226.0,238.0,250.0,274.0,302.0,1.0,1.0
2782,1714,420982.5,3806326.5,2022,150.0,206.0,226.0,236.0,248.0,275.0,308.0,1.0,2.0
2776,1762,421126.5,3806344.5,2022,135.0,207.0,226.0,236.0,248.0,273.0,308.0,1.0,2.0
2762,1779,421177.5,3806386.5,2022,147.0,205.0,226.0,237.0,251.0,278.0,312.0,1.0,2.0
2768,1829,421327.5,3806368.5,2022,127.0,200.0,227.0,240.0,255.0,281.0,316.0,1.0,1.0
2760,1859,421417.5,3806392.5,2022,112.0,186.0,227.0,241.0,258.0,287.0,324.0,1.0,2.0
2760,1869,421447.5,3806392.5,2022,107.0,195.0,228.0,240.0,255.0,284.0,315.0,1.0,1.0
2765,1914,421582.5,3806377.5,2022,105.0,184.0,223.0,238.0,256.0,286.0,318.0,1.0,1.0
2765,1931,421633.5,3806377.5,2022,108.0,185.0,225.0,241.0,261.0,289.0,329.0,1.0,1.0
2783,1974,421762.5,3806323.5,2022,136.0,202.0,228.0,240.0,256.0,284.0,314.0,1.0,1.0
2780,1986,421798.5,3806332.5,2022,137.0,198.0,228.0,241.0,256.0,283.0,321.0,1.0,1.0
2779,2026,421918.5,3806335.5,2022,130.0,204.0,227.0,239.0,253.0,280.0,312.0,1.0,1.0
2766,2049,421987.5,3806374.5,2022,147.0,209.0,227.0,237.0,249.0,274.0,304.0,1.0,1.0
2781,2097,422131.5,3806329.5,2022,151.0,203.0,224.0,236.0,252.0,283.0,313.0,1.0,1.0
2785,2106,422158.5,3806317.5,2022,148.0,205.0,226.0,239.0,257.0,282.0,314.0,1.0,1.0
2777,2132,422236.5,3806341.5,2022,147.0,205.0,227.0,239.0,256.0,284.0,316.0,1.0,1.0
2764,2165,422335.5,3806380.5,2022,141.0,206.0,225.0,236.0,248.0,279.0,313.0,1.0,1.0
2788,2196,422428.5,3806308.5,2022,133.0,203.0,225.0,238.0,256.0,285.0,328.0,1.0,2.0
2776,2234,422542.5,3806344.5,2022,124.0,203.0,223.0,235.0,249.0,281.0,314.0,1.0,2.0
2783,2272,422656.5,3806323.5,2022,131.0,206.0,226.0,236.0,249.0,280.0,308.0,1.0,1.0
2764,2293,422719.5,3806380.5,2022,139.0,201.0,224.0,236.0,251.0,281.0,322.0,1.0,1.0
2772,2338,422854.5,3806356.5,2022,142.0,203.0,223.0,235.0,250.0,282.0,318.0,1.0,2.0
2775,2340,422860.5,3806347.5,2022,143.0,199.0,224.0,235.0,250.0,283.0,314.0,1.0,1.0
2769,3222,425506.5,3806365.5,2022,103.0,186.0,210.0,220.0,234.0,272.0,311.0,1.0,1.0
2785,3246,425578.5,3806317.5,2022,119.0,185.0,211.0,222.0,236.0,270.0,316.0,1.0,2.0
2785,3329,425827.5,3806317.5,2022,149.0,187.0,212.0,223.0,237.0,268.0,317.0,1.0,1.0
2785,3330,425830.5,3806317.5,2022,137.0,185.0,212.0,223.0,236.0,268.0,323.0,1.0,1.0
2795,1,415843.5,3806287.5,2022,177.0,207.0,228.0,239.0,251.0,272.0,328.0,1.0,1.0
2792,57,416011.5,3806296.5,2022,165.0,197.0,222.0,233.0,244.0,268.0,325.0,1.0,1.0
2790,62,416026.5,3806302.5,2022,158.0,196.0,221.0,232.0,243.0,266.0,303.0,1.0,1.0
2802,98,416134.5,3806266.5,2022,166.0,192.0,219.0,231.0,242.0,265.0,315.0,1.0,2.0
2819,137,416251.5,3806215.5,2022,172.0,200.0,222.0,232.0,243.0,267.0,358.0,1.0,1.0
2819,191,416413.5,3806215.5,2022,169.0,194.0,220.0,231.0,242.0,262.0,285.0,1.0,2.0
2805,238,416554.5,3806257.5,2022,174.0,204.0,224.0,235.0,245.0,265.0,288.0,1.0,2.0
2818,249,416587.5,3806218.5,2022,171.0,197.0,223.0,234.0,245.0,266.0,292.0,1.0,2.0
2819,293,416719.5,3806215.5,2022,170.0,199.0,222.0,234.0,246.0,268.0,362.0,1.0,2.0
2819,303,416749.5,3806215.5,2022,168.0,193.0,226.0,238.0,250.0,270.0,296.0,1.0,2.0
2819,334,416842.5,3806215.5,2022,154.0,193.0,225.0,236.0,248.0,268.0,299.0,1.0,2.0
2818,360,416920.5,3806218.5,2022,169.0,200.0,226.0,238.0,250.0,271.0,297.0,1.0,1.0
2804,441,417163.5,3806260.5,2022,170.0,210.0,229.0,238.0,249.0,270.0,296.0,1.0,1.0
2818,469,417247.5,3806218.5,2022,160.0,189.0,224.0,235.0,248.0,274.0,306.0,1.0,2.0
2816,486,417298.5,3806224.5,2022,164.0,185.0,231.0,241.0,252.0,274.0,306.0,1.0,2.0
2797,535,417445.5,3806281.5,2022,154.0,182.0,225.0,237.0,249.0,278.0,317.0,1.0,1.0
2798,554,417502.5,3806278.5,2022,159.0,191.0,224.0,235.0,247.0,273.0,314.0,1.0,2.0
2802,574,417562.5,3806266.5,2022,155.0,189.0,225.0,236.0,248.0,275.0,329.0,1.0,2.0
2791,603,417649.5,3806299.5,2022,168.0,213.0,233.0,242.0,253.0,276.0,324.0,1.0,2.0
2809,658,417814.5,3806245.5,2022,176.0,210.0,231.0,241.0,252.0,276.0,323.0,1.0,1.0
2816,678,417874.5,3806224.5,2022,175.0,214.0,231.0,240.0,251.0,274.0,308.0,1.0,2.0
2809,700,417940.5,3806245.5,2022,165.0,210.0,232.0,242.0,255.0,278.0,319.0,1.0,1.0
2794,726,418018.5,3806290.5,2022,169.0,215.0,232.0,241.0,253.0,274.0,310.0,1.0,2.0
2802,760,418120.5,3806266.5,2022,170.0,219.0,234.0,243.0,255.0,278.0,309.0,1.0,1.0
2806,799,418237.5,3806254.5,2022,161.0,212.0,230.0,240.0,252.0,278.0,312.0,1.0,2.0
2804,810,418270.5,3806260.5,2022,157.0,211.0,230.0,240.0,251.0,274.0,313.0,1.0,2.0
2791,944,418672.5,3806299.5,2022,169.0,205.0,224.0,234.0,246.0,271.0,315.0,1.0,2.0
2816,980,418780.5,3806224.5,2022,163.0,200.0,226.0,237.0,250.0,275.0,306.0,1.0,1.0
2812,1197,419431.5,3806236.5,2022,127.0,203.0,226.0,236.0,248.0,275.0,303.0,1.0,2.0
2815,1200,419440.5,3806227.5,2022,171.0,201.0,221.0,232.0,242.0,267.0,293.0,1.0,2.0
2790,1296,419728.5,3806302.5,2022,158.0,200.0,223.0,233.0,244.0,272.0,313.0,1.0,2.0
2795,1342,419866.5,3806287.5,2022,118.0,201.0,221.0,232.0,243.0,267.0,302.0,1.0,2.0
2803,1356,419908.5,3806263.5,2022,160.0,201.0,221.0,232.0,242.0,267.0,299.0,1.0,2.0
2805,1426,420118.5,3806257.5,2022,160.0,199.0,219.0,231.0,243.0,270.0,310.0,1.0,2.0
2797,1460,420220.5,3806281.5,2022,169.0,203.0,222.0,233.0,244.0,270.0,304.0,1.0,2.0
2812,1486,420298.5,3806236.5,2022,159.0,200.0,221.0,232.0,244.0,270.0,300.0,1.0,1.0
2802,1503,420349.5,3806266.5,2022,136.0,200.0,219.0,229.0,241.0,264.0,293.0,1.0,2.0
2794,1539,420457.5,3806290.5,2022,139.0,202.0,223.0,235.0,248.0,274.0,312.0,1.0,2.0
2802,1564,420532.5,3806266.5,2022,129.0,203.0,223.0,234.0,245.0,270.0,302.0,1.0,2.0
2793,1615,420685.5,3806293.5,2022,117.0,197.0,223.0,235.0,249.0,275.0,299.0,1.0,2.0
2800,1626,420718.5,3806272.5,2022,136.0,201.0,224.0,235.0,247.0,272.0,300.0,1.0,2.0
2792,1670,420850.5,3806296.5,2022,138.0,204.0,225.0,236.0,247.0,272.0,299.0,1.0,1.0
2795,1692,420916.5,3806287.5,2022,129.0,200.0,223.0,235.0,247.0,272.0,302.0,1.0,2.0
2813,1735,421045.5,3806233.5,2022,157.0,204.0,222.0,233.0,244.0,271.0,303.0,1.0,2.0
2802,1744,421072.5,3806266.5,2022,150.0,202.0,225.0,236.0,249.0,273.0,311.0,1.0,1.0
2798,1777,421171.5,3806278.5,2022,155.0,204.0,225.0,236.0,249.0,274.0,310.0,1.0,1.0
2816,1818,421294.5,3806224.5,2022,121.0,202.0,226.0,238.0,252.0,279.0,310.0,1.0,1.0
2792,1839,421357.5,3806296.5,2022,141.0,209.0,232.0,244.0,261.0,286.0,322.0,1.0,1.0
2790,1882,421486.5,3806302.5,2022,141.0,199.0,224.0,237.0,253.0,282.0,336.0,1.0,1.0
2791,1919,421597.5,3806299.5,2022,146.0,198.0,226.0,240.0,256.0,284.0,313.0,1.0,1.0
2801,1921,421603.5,3806269.5,2022,134.0,197.0,226.0,239.0,255.0,284.0,327.0,1.0,1.0
2796,1974,421762.5,3806284.5,2022,135.0,199.0,226.0,239.0,257.0,287.0,326.0,1.0,1.0
2819,1987,421801.5,3806215.5,2022,108.0,198.0,229.0,241.0,256.0,279.0,315.0,1.0,2.0
2799,2025,421915.5,3806275.5,2022,145.0,204.0,226.0,238.0,252.0,280.0,313.0,1.0,1.0
2799,2060,422020.5,3806275.5,2022,153.0,205.0,226.0,237.0,250.0,278.0,318.0,1.0,1.0
2816,2097,422131.5,3806224.5,2022,150.0,205.0,224.0,235.0,248.0,279.0,307.0,1.0,1.0
2814,2105,422155.5,3806230.5,2022,148.0,204.0,223.0,235.0,249.0,279.0,307.0,1.0,1.0
2809,2157,422311.5,3806245.5,2022,131.0,203.0,224.0,235.0,248.0,278.0,317.0,1.0,1.0
2794,2165,422335.5,3806290.5,2022,154.0,206.0,226.0,237.0,250.0,280.0,317.0,1.0,1.0
2801,2215,422485.5,3806269.5,2022,147.0,210.0,229.0,239.0,256.0,281.0,324.0,1.0,2.0
2816,2220,422500.5,3806224.5,2022,148.0,207.0,226.0,238.0,253.0,284.0,320.0,1.0,1.0
2800,2268,422644.5,3806272.5,2022,122.0,204.0,225.0,236.0,250.0,282.0,313.0,1.0,1.0
2814,2293,422719.5,3806230.5,2022,126.0,201.0,224.0,236.0,252.0,286.0,333.0,1.0,1.0
2812,2325,422815.5,3806236.5,2022,124.0,203.0,225.0,236.0,250.0,280.0,315.0,1.0,1.0
2800,2348,422884.5,3806272.5,2022,130.0,202.0,222.0,234.0,247.0,278.0,324.0,1.0,2.0
2816,2639,423757.5,3806224.5,2022,135.0,190.0,218.0,230.0,244.0,277.0,314.0,1.0,1.0
2819,2640,423760.5,3806215.5,2022,129.0,188.0,218.0,231.0,244.0,277.0,327.0,1.0,2.0
2818,3235,425545.5,3806218.5,2022,117.0,186.0,211.0,222.0,235.0,266.0,299.0,1.0,1.0
2819,3240,425560.5,3806215.5,2022,106.0,183.0,212.0,224.0,238.0,270.0,312.0,1.0,2.0
2819,3299,425737.5,3806215.5,2022,140.0,192.0,213.0,223.0,235.0,259.0,301.0,1.0,1.0
2800,3318,425794.5,3806272.5,2022,113.0,186.0,210.0,220.0,233.0,271.0,314.0,1.0,2.0
2812,3331,425833.5,3806236.5,2022,132.0,193.0,212.0,222.0,234.0,260.0,295.0,1.0,1.0
2820,2,415846.5,3806212.5,2022,145.0,200.0,224.0,236.0,249.0,270.0,319.0,1.0,2.0
2844,33,415939.5,3806140.5,2022,172.0,197.0,223.0,234.0,245.0,267.0,300.0,1.0,2.0
2828,83,416089.5,3806188.5,2022,163.0,191.0,220.0,233.0,245.0,269.0,312.0,1.0,1.0
2827,149,416287.5,3806191.5,2022,167.0,192.0,219.0,230.0,242.0,265.0,305.0,1.0,1.0
2828,152,416296.5,3806188.5,2022,165.0,193.0,219.0,230.0,242.0,268.0,362.0,1.0,2.0
2820,194,416422.5,3806212.5,2022,166.0,199.0,222.0,232.0,243.0,264.0,289.0,1.0,2.0
2832,233,416539.5,3806176.5,2022,170.0,198.0,220.0,231.0,242.0,263.0,289.0,1.0,1.0
2835,268,416644.5,3806167.5,2022,170.0,198.0,225.0,237.0,249.0,269.0,293.0,1.0,2.0
2826,297,416731.5,3806194.5,2022,166.0,201.0,223.0,233.0,245.0,266.0,297.0,1.0,2.0
2842,317,416791.5,3806146.5,2022,169.0,206.0,230.0,241.0,252.0,272.0,297.0,1.0,2.0
2834,358,416914.5,3806170.5,2022,159.0,178.0,231.0,241.0,252.0,270.0,288.0,1.0,2.0
2828,362,416926.5,3806188.5,2022,163.0,186.0,230.0,241.0,252.0,272.0,369.0,1.0,2.0
2842,417,417091.5,3806146.5,2022,177.0,209.0,228.0,238.0,249.0,270.0,298.0,1.0,1.0
2845,440,417160.5,3806137.5,2022,178.0,208.0,227.0,237.0,248.0,269.0,295.0,1.0,2.0
2849,458,417214.5,3806125.5,2022,162.0,189.0,224.0,235.0,246.0,268.0,306.0,1.0,2.0
2846,480,417280.5,3806134.5,2022,166.0,195.0,221.0,232.0,244.0,272.0,311.0,1.0,1.0
2835,533,417439.5,3806167.5,2022,160.0,197.0,225.0,235.0,246.0,270.0,315.0,1.0,2.0
2846,545,417475.5,3806134.5,2022,167.0,199.0,225.0,236.0,246.0,267.0,294.0,1.0,1.0
2842,570,417550.5,3806146.5,2022,167.0,197.0,223.0,234.0,246.0,270.0,300.0,1.0,1.0
2825,656,417808.5,3806197.5,2022,171.0,210.0,229.0,239.0,249.0,272.0,301.0,1.0,2.0
2825,688,417904.5,3806197.5,2022,174.0,214.0,233.0,243.0,254.0,275.0,299.0,1.0,2.0
2833,711,417973.5,3806173.5,2022,174.0,214.0,234.0,245.0,258.0,276.0,296.0,1.0,2.0
2847,740,418060.5,3806131.5,2022,169.0,211.0,230.0,241.0,255.0,278.0,308.0,1.0,2.0
2823,771,418153.5,3806203.5,2022,160.0,210.0,229.0,238.0,249.0,272.0,302.0,1.0,2.0
2849,925,418615.5,3806125.5,2022,142.0,210.0,228.0,237.0,247.0,271.0,298.0,1.0,2.0
2845,938,418654.5,3806137.5,2022,162.0,212.0,229.0,239.0,250.0,275.0,320.0,1.0,1.0
2821,960,418720.5,3806209.5,2022,130.0,203.0,227.0,237.0,250.0,276.0,322.0,1.0,1.0
2840,1009,418867.5,3806152.5,2022,154.0,208.0,228.0,238.0,250.0,273.0,304.0,1.0,2.0
2844,1020,418900.5,3806140.5,2022,124.0,202.0,223.0,234.0,245.0,267.0,299.0,1.0,2.0
2823,1212,419476.5,3806203.5,2022,161.0,202.0,221.0,231.0,242.0,266.0,295.0,1.0,2.0
2828,1236,419548.5,3806188.5,2022,145.0,199.0,218.0,229.0,240.0,263.0,292.0,1.0,2.0
2849,1344,419872.5,3806125.5,2022,120.0,201.0,221.0,232.0,243.0,271.0,304.0,1.0,2.0
2843,1352,419896.5,3806143.5,2022,157.0,203.0,221.0,232.0,243.0,268.0,303.0,1.0,2.0
2835,1404,420052.5,3806167.5,2022,161.0,193.0,219.0,230.0,241.0,266.0,299.0,1.0,1.0
2838,1421,420103.5,3806158.5,2022,169.0,200.0,219.0,230.0,241.0,265.0,301.0,1.0,2.0
2820,1443,420169.5,3806212.5,2022,158.0,201.0,222.0,233.0,244.0,271.0,305.0,1.0,2.0
2843,1480,420280.5,3806143.5,2022,169.0,201.0,219.0,231.0,243.0,268.0,305.0,1.0,1.0
2823,1502,420346.5,3806203.5,2022,143.0,198.0,219.0,230.0,242.0,267.0,296.0,1.0,2.0
2829,1553,420499.5,3806185.5,2022,128.0,195.0,222.0,234.0,245.0,271.0,310.0,1.0,2.0
2820,1565,420535.5,3806212.5,2022,134.0,200.0,222.0,234.0,246.0,272.0,306.0,1.0,2.0
2849,1610,420670.5,3806125.5,2022,155.0,202.0,222.0,233.0,244.0,267.0,295.0,1.0,2.0
2820,1630,420730.5,3806212.5,2022,135.0,202.0,222.0,233.0,245.0,270.0,303.0,1.0,2.0
2847,1701,420943.5,3806131.5,2022,157.0,203.0,221.0,232.0,243.0,266.0,296.0,1.0,2.0
2822,1737,421051.5,3806206.5,2022,133.0,202.0,223.0,234.0,246.0,273.0,304.0,1.0,2.0
2824,1768,421144.5,3806200.5,2022,155.0,204.0,226.0,238.0,251.0,277.0,309.0,1.0,1.0
2829,1774,421162.5,3806185.5,2022,146.0,203.0,226.0,238.0,251.0,276.0,313.0,1.0,1.0
2822,1815,421285.5,3806206.5,2022,148.0,208.0,232.0,245.0,260.0,285.0,343.0,1.0,1.0
2848,1830,421330.5,3806128.5,2022,127.0,194.0,225.0,238.0,254.0,282.0,315.0,1.0,1.0
2843,1884,421492.5,3806143.5,2022,117.0,203.0,225.0,239.0,254.0,282.0,322.0,1.0,1.0
2829,1892,421516.5,3806185.5,2022,124.0,201.0,226.0,239.0,256.0,283.0,318.0,1.0,1.0
2844,1938,421654.5,3806140.5,2022,117.0,194.0,227.0,241.0,257.0,284.0,322.0,1.0,1.0
2829,1976,421768.5,3806185.5,2022,127.0,205.0,229.0,240.0,254.0,280.0,322.0,1.0,2.0
2830,1997,421831.5,3806182.5,2022,116.0,195.0,228.0,239.0,254.0,280.0,309.0,1.0,2.0
2840,2025,421915.5,3806152.5,2022,155.0,208.0,226.0,237.0,249.0,276.0,315.0,1.0,1.0
2844,2046,421978.5,3806140.5,2022,156.0,205.0,226.0,237.0,251.0,279.0,310.0,1.0,1.0
2831,2099,422137.5,3806179.5,2022,143.0,203.0,223.0,235.0,249.0,280.0,314.0,1.0,1.0
2839,2104,422152.5,3806155.5,2022,137.0,203.0,223.0,234.0,247.0,277.0,313.0,1.0,1.0
2828,2152,422296.5,3806188.5,2022,119.0,203.0,225.0,236.0,250.0,281.0,318.0,1.0,1.0
2823,2164,422332.5,3806203.5,2022,155.0,206.0,225.0,236.0,249.0,279.0,317.0,1.0,2.0
2827,2192,422416.5,3806191.5,2022,127.0,206.0,225.0,236.0,250.0,283.0,321.0,1.0,1.0
2831,2242,422566.5,3806179.5,2022,113.0,205.0,225.0,237.0,254.0,282.0,326.0,1.0,1.0
2828,2279,422677.5,3806188.5,2022,138.0,205.0,225.0,236.0,249.0,281.0,321.0,1.0,2.0
2838,2302,422746.5,3806158.5,2022,147.0,204.0,226.0,237.0,256.0,286.0,335.0,1.0,1.0
2825,2315,422785.5,3806197.5,2022,126.0,205.0,226.0,237.0,253.0,283.0,317.0,1.0,1.0
2820,2348,422884.5,3806212.5,2022,130.0,202.0,222.0,234.0,247.0,278.0,303.0,1.0,2.0
2832,2636,423748.5,3806176.5,2022,132.0,191.0,218.0,231.0,244.0,276.0,311.0,1.0,2.0
2831,2644,423772.5,3806179.5,2022,125.0,192.0,218.0,230.0,243.0,273.0,314.0,1.0,2.0
2820,3231,425533.5,3806212.5,2022,104.0,184.0,212.0,224.0,238.0,272.0,304.0,1.0,1.0
2848,3259,425617.5,3806128.5,2022,154.0,190.0,213.0,223.0,235.0,262.0,298.0,1.0,1.0
2838,3279,425677.5,3806158.5,2022,141.0,195.0,214.0,224.0,236.0,264.0,299.0,1.0,1.0
2827,3303,425749.5,3806191.5,2022,132.0,192.0,212.0,222.0,234.0,262.0,294.0,1.0,1.0
2834,3332,425836.5,3806170.5,2022,95.0,183.0,210.0,222.0,236.0,270.0,310.0,1.0,1.0
2868,77,416071.5,3806068.5,2022,177.0,198.0,220.0,231.0,244.0,266.0,318.0,1.0,1.0
2875,145,416275.5,3806047.5,2022,167.0,195.0,221.0,233.0,244.0,266.0,293.0,1.0,2.0
2866,167,416341.5,3806074.5,2022,165.0,190.0,221.0,232.0,242.0,263.0,287.0,1.0,2.0
2868,183,416389.5,3806068.5,2022,169.0,195.0,220.0,232.0,243.0,269.0,365.0,1.0,1.0
2854,235,416545.5,3806110.5,2022,179.0,199.0,217.0,228.0,240.0,261.0,286.0,1.0,1.0
2851,257,416611.5,3806119.5,2022,170.0,194.0,221.0,233.0,245.0,266.0,341.0,1.0,2.0
2869,276,416668.5,3806065.5,2022,169.0,198.0,225.0,237.0,249.0,270.0,323.0,1.0,2.0
2858,318,416794.5,3806098.5,2022,178.0,202.0,225.0,236.0,248.0,269.0,301.0,1.0,2.0
2858,340,416860.5,3806098.5,2022,156.0,198.0,225.0,236.0,248.0,267.0,287.0,1.0,2.0
2861,382,416986.5,3806089.5,2022,177.0,207.0,229.0,241.0,252.0,273.0,300.0,1.0,1.0
2869,403,417049.5,3806065.5,2022,176.0,206.0,227.0,237.0,249.0,272.0,301.0,1.0,1.0
2861,449,417187.5,3806089.5,2022,169.0,208.0,228.0,239.0,250.0,270.0,291.0,1.0,1.0
2864,460,417220.5,3806080.5,2022,169.0,200.0,225.0,236.0,249.0,273.0,303.0,1.0,2.0
2851,485,417295.5,3806119.5,2022,149.0,188.0,223.0,235.0,247.0,275.0,314.0,1.0,1.0
2876,535,417445.5,3806044.5,2022,172.0,209.0,229.0,238.0,248.0,269.0,296.0,1.0,2.0
2856,540,417460.5,3806104.5,2022,164.0,199.0,224.0,235.0,246.0,272.0,299.0,1.0,2.0
2867,689,417907.5,3806071.5,2022,174.0,213.0,231.0,240.0,251.0,272.0,299.0,1.0,2.0
2869,714,417982.5,3806065.5,2022,174.0,219.0,235.0,245.0,258.0,279.0,310.0,1.0,1.0
2878,736,418048.5,3806038.5,2022,182.0,222.0,238.0,248.0,259.0,279.0,304.0,1.0,1.0
2872,923,418609.5,3806056.5,2022,157.0,213.0,231.0,240.0,253.0,275.0,299.0,1.0,2.0
2868,953,418699.5,3806068.5,2022,144.0,208.0,227.0,238.0,250.0,274.0,300.0,1.0,2.0
2855,1016,418888.5,3806107.5,2022,134.0,197.0,223.0,235.0,248.0,274.0,310.0,1.0,2.0
2855,1020,418900.5,3806107.5,2022,154.0,198.0,223.0,235.0,246.0,272.0,308.0,1.0,2.0
2874,1257,419611.5,3806050.5,2022,116.0,200.0,220.0,230.0,241.0,264.0,291.0,1.0,2.0
2863,1314,419782.5,3806083.5,2022,160.0,196.0,220.0,231.0,242.0,266.0,297.0,1.0,2.0
2850,1343,419869.5,3806122.5,2022,122.0,196.0,220.0,232.0,243.0,271.0,305.0,1.0,2.0
2855,1360,419920.5,3806107.5,2022,127.0,195.0,219.0,231.0,243.0,274.0,311.0,1.0,2.0
2865,1405,420055.5,3806077.5,2022,120.0,200.0,219.0,230.0,241.0,266.0,314.0,1.0,2.0
2860,1435,420145.5,3806092.5,2022,148.0,193.0,217.0,228.0,240.0,264.0,296.0,1.0,2.0
2852,1456,420208.5,3806116.5,2022,135.0,198.0,219.0,231.0,242.0,268.0,309.0,1.0,2.0
2871,1495,420325.5,3806059.5,2022,145.0,200.0,222.0,234.0,246.0,273.0,311.0,1.0,2.0
2874,1619,420697.5,3806050.5,2022,159.0,203.0,224.0,235.0,247.0,277.0,316.0,1.0,1.0
2850,1626,420718.5,3806122.5,2022,150.0,201.0,222.0,233.0,245.0,268.0,303.0,1.0,2.0
2870,1656,420808.5,3806062.5,2022,154.0,201.0,221.0,232.0,243.0,267.0,305.0,1.0,1.0
2856,1798,421234.5,3806104.5,2022,124.0,188.0,234.0,249.0,264.0,287.0,370.0,1.0,1.0
2864,1804,421252.5,3806080.5,2022,121.0,190.0,226.0,239.0,255.0,282.0,316.0,1.0,1.0
2858,1846,421378.5,3806098.5,2022,156.0,205.0,229.0,240.0,256.0,288.0,346.0,1.0,2.0
2872,1886,421498.5,3806056.5,2022,118.0,203.0,226.0,239.0,253.0,280.0,316.0,1.0,1.0
2851,1902,421546.5,3806119.5,2022,117.0,201.0,227.0,240.0,256.0,281.0,307.0,1.0,1.0
2863,1920,421600.5,3806083.5,2022,113.0,203.0,227.0,240.0,256.0,284.0,330.0,1.0,1.0
2854,1950,421690.5,3806110.5,2022,114.0,184.0,226.0,241.0,261.0,292.0,335.0,1.0,1.0
2855,1992,421816.5,3806107.5,2022,118.0,182.0,226.0,241.0,258.0,285.0,323.0,1.0,1.0
2868,2020,421900.5,3806068.5,2022,155.0,201.0,224.0,236.0,249.0,277.0,309.0,1.0,1.0
2869,2049,421987.5,3806065.5,2022,121.0,193.0,224.0,237.0,252.0,284.0,326.0,1.0,1.0
2871,2075,422065.5,3806059.5,2022,155.0,206.0,226.0,237.0,250.0,278.0,306.0,1.0,1.0
2853,2104,422152.5,3806113.5,2022,145.0,205.0,224.0,235.0,248.0,279.0,313.0,1.0,1.0
2877,2134,422242.5,3806041.5,2022,107.0,197.0,226.0,238.0,253.0,281.0,320.0,1.0,1.0
2874,2161,422323.5,3806050.5,2022,140.0,202.0,225.0,236.0,250.0,280.0,321.0,1.0,1.0
2879,2215,422485.5,3806035.5,2022,126.0,201.0,223.0,235.0,250.0,283.0,325.0,1.0,1.0
2853,2245,422575.5,3806113.5,2022,114.0,204.0,225.0,237.0,258.0,285.0,332.0,1.0,2.0
2876,2250,422590.5,3806044.5,2022,151.0,205.0,225.0,237.0,251.0,282.0,315.0,1.0,1.0
2862,2291,422713.5,3806086.5,2022,128.0,205.0,225.0,236.0,250.0,283.0,317.0,1.0,1.0
2870,2328,422824.5,3806062.5,2022,123.0,203.0,224.0,234.0,248.0,280.0,316.0,1.0,1.0
2855,2343,422869.5,3806107.5,2022,146.0,202.0,221.0,233.0,245.0,278.0,307.0,1.0,1.0
2870,2632,423736.5,3806062.5,2022,133.0,188.0,220.0,232.0,245.0,275.0,311.0,1.0,2.0
2877,2747,424081.5,3806041.5,2022,120.0,184.0,218.0,231.0,245.0,276.0,311.0,1.0,1.0
2868,2775,424165.5,3806068.5,2022,136.0,185.0,222.0,234.0,249.0,282.0,313.0,1.0,2.0
2857,3265,425635.5,3806101.5,2022,154.0,190.0,211.0,221.0,233.0,261.0,290.0,1.0,1.0
2875,3276,425668.5,3806047.5,2022,139.0,186.0,210.0,222.0,235.0,263.0,295.0,1.0,1.0
2856,3318,425794.5,3806104.5,2022,134.0,184.0,209.0,223.0,238.0,273.0,313.0,1.0,1.0
2878,3330,425830.5,3806038.5,2022,131.0,186.0,211.0,222.0,236.0,269.0,307.0,1.0,1.0
2894,74,416062.5,3805990.5,2022,172.0,195.0,218.0,229.0,241.0,264.0,331.0,1.0,1.0
2885,101,416143.5,3806017.5,2022,175.0,196.0,218.0,230.0,242.0,264.0,293.0,1.0,1.0
2901,136,416248.5,3805969.5,2022,169.0,200.0,220.0,230.0,241.0,263.0,287.0,1.0,1.0
2884,175,416365.5,3806020.5,2022,157.0,182.0,221.0,234.0,245.0,268.0,295.0,1.0,2.0
2889,183,416389.5,3806005.5,2022,153.0,186.0,221.0,234.0,246.0,268.0,294.0,1.0,2.0
2906,225,416515.5,3805954.5,2022,171.0,198.0,221.0,234.0,248.0,273.0,340.0,1.0,1.0
2888,256,416608.5,3806008.5,2022,179.0,208.0,228.0,239.0,249.0,267.0,288.0,1.0,1.0
2902,297,416731.5,3805966.5,2022,169.0,200.0,222.0,232.0,244.0,268.0,299.0,1.0,2.0
2896,322,416806.5,3805984.5,2022,134.0,198.0,224.0,235.0,246.0,268.0,291.0,1.0,2.0
2907,354,416902.5,3805951.5,2022,174.0,207.0,228.0,238.0,249.0,267.0,289.0,1.0,2.0
2888,367,416941.5,3806008.5,2022,112.0,198.0,223.0,235.0,247.0,269.0,295.0,1.0,2.0
2907,394,417022.5,3805951.5,2022,126.0,201.0,221.0,231.0,242.0,264.0,297.0,1.0,2.0
2880,427,417121.5,3806032.5,2022,173.0,206.0,226.0,237.0,248.0,269.0,323.0,1.0,1.0
2881,478,417274.5,3806029.5,2022,166.0,193.0,223.0,234.0,245.0,271.0,312.0,1.0,1.0
2886,485,417295.5,3806014.5,2022,152.0,193.0,224.0,235.0,245.0,268.0,301.0,1.0,1.0
2888,516,417388.5,3806008.5,2022,153.0,193.0,224.0,235.0,245.0,268.0,302.0,1.0,1.0
2902,563,417529.5,3805966.5,2022,175.0,208.0,228.0,238.0,249.0,270.0,292.0,1.0,2.0
2883,707,417961.5,3806023.5,2022,163.0,219.0,235.0,244.0,256.0,277.0,307.0,1.0,1.0
2892,743,418069.5,3805996.5,2022,182.0,219.0,236.0,246.0,258.0,280.0,310.0,1.0,1.0
2889,754,418102.5,3806005.5,2022,180.0,214.0,233.0,244.0,257.0,281.0,308.0,1.0,2.0
2897,1079,419077.5,3805981.5,2022,110.0,206.0,226.0,236.0,248.0,271.0,304.0,1.0,2.0
2891,1097,419131.5,3805999.5,2022,167.0,204.0,223.0,234.0,243.0,263.0,284.0,1.0,2.0
2908,1280,419680.5,3805948.5,2022,175.0,200.0,218.0,229.0,239.0,262.0,295.0,1.0,2.0
2897,1302,419746.5,3805981.5,2022,174.0,200.0,218.0,228.0,239.0,263.0,295.0,1.0,2.0
2908,1344,419872.5,3805948.5,2022,129.0,199.0,221.0,232.0,244.0,272.0,311.0,1.0,2.0
2882,1375,419965.5,3806026.5,2022,123.0,195.0,219.0,230.0,241.0,266.0,299.0,1.0,2.0
2899,1398,420034.5,3805975.5,2022,137.0,199.0,219.0,229.0,240.0,269.0,316.0,1.0,1.0
2880,1609,420667.5,3806032.5,2022,142.0,201.0,224.0,235.0,247.0,273.0,344.0,1.0,2.0
2907,1628,420724.5,3805951.5,2022,128.0,201.0,223.0,235.0,247.0,274.0,311.0,1.0,2.0
2889,1799,421237.5,3806005.5,2022,137.0,201.0,226.0,238.0,252.0,280.0,312.0,1.0,2.0
2898,1819,421297.5,3805978.5,2022,121.0,201.0,225.0,237.0,251.0,282.0,314.0,1.0,2.0
2890,1849,421387.5,3806002.5,2022,140.0,203.0,226.0,237.0,251.0,278.0,310.0,1.0,2.0
2898,1868,421444.5,3805978.5,2022,120.0,198.0,225.0,238.0,252.0,280.0,320.0,1.0,1.0
2904,1903,421549.5,3805960.5,2022,111.0,201.0,228.0,240.0,254.0,281.0,311.0,1.0,1.0
2880,1938,421654.5,3806032.5,2022,115.0,190.0,228.0,242.0,258.0,286.0,326.0,1.0,1.0
2892,1955,421705.5,3805996.5,2022,121.0,187.0,225.0,240.0,259.0,289.0,333.0,1.0,1.0
2896,1983,421789.5,3805984.5,2022,116.0,183.0,227.0,241.0,258.0,287.0,328.0,1.0,2.0
2890,2020,421900.5,3806002.5,2022,129.0,195.0,221.0,234.0,249.0,280.0,316.0,1.0,2.0
2899,2053,421999.5,3805975.5,2022,152.0,207.0,227.0,239.0,252.0,279.0,307.0,1.0,2.0
2905,2086,422098.5,3805957.5,2022,139.0,204.0,226.0,238.0,251.0,280.0,319.0,1.0,1.0
2890,2118,422194.5,3806002.5,2022,155.0,205.0,226.0,237.0,250.0,280.0,318.0,1.0,1.0
2901,2132,422236.5,3805969.5,2022,150.0,204.0,225.0,236.0,250.0,282.0,323.0,1.0,1.0
2898,2185,422395.5,3805978.5,2022,139.0,204.0,225.0,236.0,251.0,281.0,318.0,1.0,1.0
2904,2193,422419.5,3805960.5,2022,140.0,201.0,224.0,236.0,250.0,279.0,318.0,1.0,1.0
2897,2221,422503.5,3805981.5,2022,141.0,202.0,223.0,234.0,248.0,282.0,329.0,1.0,1.0
2886,2271,422653.5,3806014.5,2022,135.0,202.0,222.0,234.0,248.0,281.0,319.0,1.0,2.0
2901,2307,422761.5,3805969.5,2022,138.0,202.0,224.0,236.0,249.0,281.0,321.0,1.0,1.0
2889,2314,422782.5,3806005.5,2022,148.0,203.0,224.0,236.0,250.0,281.0,320.0,1.0,1.0
2895,2343,422869.5,3805987.5,2022,140.0,200.0,225.0,237.0,251.0,280.0,322.0,1.0,1.0
2908,2447,423181.5,3805948.5,2022,143.0,201.0,226.0,238.0,252.0,277.0,311.0,1.0,2.0
2887,2674,423862.5,3806011.5,2022,128.0,187.0,216.0,228.0,243.0,278.0,316.0,1.0,2.0
2905,2772,424156.5,3805957.5,2022,112.0,185.0,217.0,231.0,246.0,279.0,317.0,1.0,2.0
2902,3223,425509.5,3805966.5,2022,145.0,184.0,210.0,221.0,234.0,268.0,304.0,1.0,1.0
2908,3265,425635.5,3805948.5,2022,157.0,190.0,212.0,223.0,236.0,264.0,298.0,1.0,1.0
2880,3299,425737.5,3806032.5,2022,146.0,193.0,213.0,225.0,240.0,272.0,313.0,1.0,1.0
2887,3311,425773.5,3806011.5,2022,172.0,196.0,214.0,226.0,239.0,269.0,308.0,1.0,1.0
2881,3331,425833.5,3806029.5,2022,112.0,186.0,211.0,223.0,238.0,272.0,313.0,1.0,1.0
2926,5,415855.5,3805894.5,2022,174.0,203.0,225.0,236.0,247.0,269.0,387.0,1.0,1.0
2937,83,416089.5,3805861.5,2022,180.0,202.0,221.0,232.0,245.0,272.0,310.0,1.0,1.0
2937,109,416167.5,3805861.5,2022,178.0,199.0,220.0,231.0,243.0,265.0,313.0,1.0,1.0
2918,144,416272.5,3805918.5,2022,175.0,199.0,221.0,231.0,243.0,265.0,296.0,1.0,2.0
2932,179,416377.5,3805876.5,2022,177.0,200.0,223.0,234.0,246.0,266.0,320.0,1.0,1.0
2925,181,416383.5,3805897.5,2022,172.0,200.0,223.0,234.0,246.0,266.0,311.0,1.0,1.0
2931,211,416473.5,3805879.5,2022,174.0,200.0,224.0,236.0,249.0,273.0,340.0,1.0,1.0
2938,244,416572.5,3805858.5,2022,174.0,201.0,222.0,233.0,245.0,266.0,288.0,1.0,1.0
2937,287,416701.5,3805861.5,2022,166.0,202.0,222.0,233.0,245.0,268.0,293.0,1.0,2.0
2934,301,416743.5,3805870.5,2022,166.0,198.0,223.0,235.0,247.0,270.0,299.0,1.0,2.0
2938,336,416848.5,3805858.5,2022,172.0,201.0,224.0,234.0,246.0,270.0,303.0,1.0,2.0
2937,371,416953.5,3805861.5,2022,164.0,197.0,223.0,235.0,248.0,270.0,373.0,1.0,2.0
2937,410,417070.5,3805861.5,2022,173.0,203.0,223.0,234.0,244.0,264.0,286.0,1.0,2.0
2935,449,417187.5,3805867.5,2022,165.0,198.0,225.0,236.0,246.0,270.0,300.0,1.0,2.0
2938,467,417241.5,3805858.5,2022,170.0,203.0,225.0,236.0,246.0,269.0,302.0,1.0,2.0
2939,480,417280.5,3805855.5,2022,168.0,204.0,226.0,236.0,246.0,268.0,317.0,1.0,2.0
2922,564,417532.5,3805906.5,2022,170.0,201.0,227.0,237.0,248.0,268.0,291.0,1.0,2.0
2930,576,417568.5,3805882.5,2022,176.0,209.0,227.0,237.0,248.0,268.0,291.0,1.0,2.0
2921,616,417688.5,3805909.5,2022,172.0,204.0,226.0,237.0,247.0,268.0,296.0,1.0,1.0
2929,685,417895.5,3805885.5,2022,136.0,196.0,223.0,234.0,246.0,272.0,337.0,1.0,2.0
2928,719,417997.5,3805888.5,2022,175.0,218.0,233.0,242.0,252.0,273.0,300.0,1.0,1.0
2923,727,418021.5,3805903.5,2022,169.0,219.0,235.0,245.0,259.0,281.0,307.0,1.0,2.0
2918,773,418159.5,3805918.5,2022,176.0,206.0,228.0,239.0,251.0,273.0,299.0,1.0,1.0
2916,780,418180.5,3805924.5,2022,164.0,202.0,226.0,236.0,248.0,272.0,304.0,1.0,1.0
2933,1041,418963.5,3805873.5,2022,166.0,208.0,227.0,236.0,248.0,272.0,326.0,1.0,2.0
2925,1104,419152.5,3805897.5,2022,151.0,208.0,226.0,235.0,246.0,274.0,306.0,1.0,2.0
2921,1138,419254.5,3805909.5,2022,137.0,199.0,218.0,229.0,239.0,260.0,289.0,1.0,2.0
2927,1195,419425.5,3805891.5,2022,117.0,197.0,219.0,230.0,241.0,267.0,297.0,1.0,2.0
2930,1205,419455.5,3805882.5,2022,125.0,200.0,220.0,232.0,243.0,271.0,307.0,1.0,2.0
2929,1257,419611.5,3805885.5,2022,132.0,197.0,219.0,230.0,241.0,266.0,305.0,1.0,2.0
2928,1281,419683.5,3805888.5,2022,163.0,196.0,219.0,229.0,240.0,263.0,294.0,1.0,2.0
2938,1316,419788.5,3805858.5,2022,154.0,191.0,224.0,234.0,245.0,273.0,308.0,1.0,2.0
2932,1334,419842.5,3805876.5,2022,178.0,205.0,222.0,232.0,242.0,266.0,307.0,1.0,2.0
2938,1351,419893.5,3805858.5,2022,177.0,206.0,223.0,233.0,243.0,267.0,299.0,1.0,2.0
2916,1390,420010.5,3805924.5,2022,146.0,204.0,222.0,233.0,244.0,272.0,302.0,1.0,2.0
2931,1410,420070.5,3805879.5,2022,131.0,200.0,224.0,234.0,246.0,275.0,313.0,1.0,2.0
2939,1469,420247.5,3805855.5,2022,160.0,205.0,225.0,236.0,248.0,272.0,294.0,1.0,2.0
2939,1487,420301.5,3805855.5,2022,173.0,207.0,225.0,235.0,246.0,269.0,300.0,1.0,2.0
2938,1548,420484.5,3805858.5,2022,156.0,207.0,226.0,236.0,248.0,274.0,308.0,1.0,2.0
2911,1619,420697.5,3805939.5,2022,135.0,203.0,225.0,236.0,248.0,277.0,322.0,1.0,2.0
2912,1620,420700.5,3805936.5,2022,130.0,202.0,226.0,237.0,251.0,278.0,324.0,1.0,1.0
2932,1650,420790.5,3805876.5,2022,141.0,203.0,223.0,234.0,247.0,274.0,313.0,1.0,2.0
2938,1681,420883.5,3805858.5,2022,162.0,214.0,234.0,244.0,255.0,274.0,294.0,1.0,2.0
2936,1797,421231.5,3805864.5,2022,130.0,201.0,221.0,234.0,249.0,277.0,313.0,1.0,2.0
2939,1801,421243.5,3805855.5,2022,128.0,202.0,224.0,236.0,249.0,278.0,312.0,1.0,1.0
2925,1853,421399.5,3805897.5,2022,129.0,205.0,228.0,240.0,254.0,281.0,316.0,1.0,2.0
2914,1865,421435.5,3805930.5,2022,127.0,202.0,226.0,239.0,254.0,281.0,312.0,1.0,1.0
2922,1919,421597.5,3805906.5,2022,128.0,207.0,228.0,240.0,253.0,276.0,307.0,1.0,1.0
2932,1948,421684.5,3805876.5,2022,136.0,207.0,226.0,238.0,253.0,281.0,319.0,1.0,1.0
2930,1976,421768.5,3805882.5,2022,138.0,210.0,230.0,241.0,255.0,282.0,322.0,1.0,2.0
2932,2006,421858.5,3805876.5,2022,126.0,197.0,228.0,240.0,254.0,281.0,316.0,1.0,2.0
2939,2027,421921.5,3805855.5,2022,122.0,198.0,223.0,235.0,249.0,277.0,309.0,1.0,2.0
2931,2058,422014.5,3805879.5,2022,135.0,203.0,225.0,237.0,251.0,280.0,310.0,1.0,1.0
2932,2092,422116.5,3805876.5,2022,144.0,204.0,224.0,236.0,249.0,280.0,323.0,1.0,2.0
2936,2121,422203.5,3805864.5,2022,140.0,203.0,224.0,236.0,248.0,275.0,305.0,1.0,2.0
2918,2140,422260.5,3805918.5,2022,141.0,209.0,228.0,239.0,252.0,280.0,317.0,1.0,2.0
2910,2182,422386.5,3805942.5,2022,79.0,189.0,223.0,236.0,253.0,284.0,337.0,1.0,2.0
2939,2192,422416.5,3805855.5,2022,144.0,203.0,224.0,235.0,247.0,277.0,311.0,1.0,2.0
2911,2234,422542.5,3805939.5,2022,143.0,200.0,224.0,235.0,249.0,280.0,317.0,1.0,1.0
2911,2271,422653.5,3805939.5,2022,141.0,198.0,221.0,233.0,248.0,280.0,320.0,1.0,1.0
2910,2291,422713.5,3805942.5,2022,147.0,199.0,220.0,232.0,248.0,281.0,330.0,1.0,1.0
2920,2330,422830.5,3805912.5,2022,164.0,210.0,227.0,237.0,252.0,279.0,311.0,1.0,1.0
2933,2349,422887.5,3805873.5,2022,146.0,204.0,224.0,236.0,250.0,281.0,323.0,1.0,1.0
2936,2375,422965.5,3805864.5,2022,167.0,208.0,227.0,238.0,253.0,279.0,318.0,1.0,2.0
2929,2410,423070.5,3805885.5,2022,160.0,205.0,224.0,236.0,250.0,281.0,328.0,1.0,1.0
2926,2434,423142.5,3805894.5,2022,125.0,199.0,221.0,233.0,247.0,279.0,317.0,1.0,1.0
2936,2474,423262.5,3805864.5,2022,151.0,200.0,223.0,236.0,252.0,280.0,317.0,1.0,1.0
2933,2499,423337.5,3805873.5,2022,153.0,200.0,221.0,233.0,247.0,276.0,314.0,1.0,1.0
2929,2547,423481.5,3805885.5,2022,132.0,199.0,220.0,232.0,246.0,279.0,318.0,1.0,2.0
2934,2565,423535.5,3805870.5,2022,141.0,193.0,219.0,232.0,248.0,279.0,334.0,1.0,1.0
2936,2593,423619.5,3805864.5,2022,147.0,204.0,223.0,234.0,246.0,279.0,319.0,1.0,2.0
2932,2621,423703.5,3805876.5,2022,132.0,195.0,222.0,236.0,252.0,282.0,327.0,1.0,2.0
2936,2647,423781.5,3805864.5,2022,150.0,193.0,219.0,231.0,245.0,279.0,323.0,1.0,1.0
2936,2686,423898.5,3805864.5,2022,124.0,197.0,223.0,235.0,249.0,281.0,324.0,1.0,2.0
2928,2700,423940.5,3805888.5,2022,122.0,194.0,222.0,234.0,248.0,280.0,322.0,1.0,2.0
2939,2756,424108.5,3805855.5,2022,120.0,185.0,217.0,232.0,249.0,281.0,322.0,1.0,2.0
2935,2777,424171.5,3805867.5,2022,133.0,186.0,218.0,233.0,250.0,283.0,322.0,1.0,2.0
2930,2806,424258.5,3805882.5,2022,134.0,191.0,219.0,231.0,247.0,283.0,321.0,1.0,2.0
2930,2889,424507.5,3805882.5,2022,129.0,187.0,215.0,228.0,243.0,280.0,313.0,1.0,2.0
2934,2934,424642.5,3805870.5,2022,128.0,180.0,210.0,222.0,238.0,285.0,332.0,1.0,1.0
2939,2942,424666.5,3805855.5,2022,140.0,187.0,212.0,223.0,238.0,277.0,318.0,1.0,1.0
2932,2992,424816.5,3805876.5,2022,89.0,180.0,211.0,223.0,238.0,280.0,318.0,1.0,1.0
2938,3076,425068.5,3805858.5,2022,108.0,183.0,210.0,221.0,236.0,273.0,302.0,1.0,1.0
2933,3177,425371.5,3805873.5,2022,166.0,191.0,210.0,219.0,230.0,258.0,294.0,1.0,1.0
2936,3194,425422.5,3805864.5,2022,115.0,181.0,208.0,222.0,239.0,277.0,321.0,1.0,1.0
2916,3222,425506.5,3805924.5,2022,154.0,187.0,212.0,222.0,235.0,268.0,301.0,1.0,1.0
2934,3240,425560.5,3805870.5,2022,103.0,179.0,207.0,221.0,238.0,275.0,312.0,1.0,1.0
2920,3281,425683.5,3805912.5,2022,140.0,191.0,213.0,225.0,240.0,271.0,303.0,1.0,1.0
2916,3305,425755.5,3805924.5,2022,95.0,183.0,211.0,224.0,239.0,274.0,321.0,1.0,1.0
2934,3330,425830.5,3805870.5,2022,137.0,177.0,207.0,220.0,237.0,275.0,326.0,1.0,1.0
2966,2,415846.5,3805774.5,2022,174.0,201.0,221.0,232.0,243.0,263.0,293.0,1.0,2.0
2964,58,416014.5,3805780.5,2022,174.0,199.0,219.0,231.0,243.0,271.0,315.0,1.0,1.0
2969,74,416062.5,3805765.5,2022,181.0,204.0,222.0,233.0,244.0,267.0,363.0,1.0,2.0
2957,110,416170.5,3805801.5,2022,174.0,201.0,221.0,232.0,244.0,266.0,297.0,1.0,1.0
2960,145,416275.5,3805792.5,2022,179.0,205.0,224.0,235.0,246.0,268.0,299.0,1.0,2.0
2969,179,416377.5,3805765.5,2022,131.0,201.0,223.0,235.0,246.0,266.0,296.0,1.0,1.0
2950,189,416407.5,3805822.5,2022,168.0,202.0,223.0,235.0,247.0,267.0,291.0,1.0,2.0
2962,236,416548.5,3805786.5,2022,170.0,197.0,221.0,233.0,245.0,265.0,291.0,1.0,1.0
2944,250,416590.5,3805840.5,2022,177.0,203.0,225.0,237.0,249.0,270.0,289.0,1.0,1.0
2961,281,416683.5,3805789.5,2022,176.0,205.0,225.0,236.0,246.0,265.0,298.0,1.0,1.0
2968,304,416752.5,3805768.5,2022,173.0,204.0,223.0,234.0,245.0,268.0,302.0,1.0,2.0
2954,352,416896.5,3805810.5,2022,159.0,202.0,223.0,234.0,247.0,271.0,298.0,1.0,2.0
2961,372,416956.5,3805789.5,2022,168.0,200.0,222.0,233.0,245.0,269.0,304.0,1.0,2.0
2945,409,417067.5,3805837.5,2022,170.0,200.0,223.0,234.0,246.0,267.0,295.0,1.0,2.0
2961,436,417148.5,3805789.5,2022,165.0,191.0,222.0,233.0,243.0,266.0,304.0,1.0,1.0
2960,451,417193.5,3805792.5,2022,163.0,194.0,223.0,234.0,245.0,269.0,306.0,1.0,1.0
2959,483,417289.5,3805795.5,2022,163.0,193.0,222.0,234.0,245.0,268.0,307.0,1.0,2.0
2954,534,417442.5,3805810.5,2022,164.0,194.0,224.0,235.0,246.0,267.0,294.0,1.0,1.0
2962,543,417469.5,3805786.5,2022,167.0,202.0,225.0,236.0,247.0,267.0,308.0,1.0,2.0
2940,572,417556.5,3805852.5,2022,160.0,187.0,225.0,236.0,247.0,269.0,299.0,1.0,2.0
2967,601,417643.5,3805771.5,2022,169.0,205.0,225.0,235.0,246.0,266.0,290.0,1.0,2.0
2962,640,417760.5,3805786.5,2022,177.0,205.0,224.0,234.0,245.0,268.0,296.0,1.0,2.0
2955,735,418045.5,3805807.5,2022,169.0,214.0,232.0,241.0,252.0,274.0,301.0,1.0,2.0
2940,772,418156.5,3805852.5,2022,170.0,194.0,219.0,230.0,242.0,264.0,296.0,1.0,2.0
2941,1039,418957.5,3805849.5,2022,158.0,202.0,225.0,235.0,246.0,270.0,308.0,1.0,2.0
2966,1050,418990.5,3805774.5,2022,141.0,195.0,222.0,233.0,246.0,275.0,321.0,1.0,2.0
2942,1107,419161.5,3805846.5,2022,132.0,190.0,220.0,232.0,243.0,267.0,302.0,1.0,2.0
2968,1224,419512.5,3805768.5,2022,146.0,200.0,222.0,233.0,244.0,270.0,295.0,1.0,2.0
2963,1232,419536.5,3805783.5,2022,129.0,196.0,220.0,231.0,242.0,266.0,299.0,1.0,2.0
2967,1268,419644.5,3805771.5,2022,152.0,188.0,224.0,234.0,245.0,274.0,313.0,1.0,2.0
2946,1313,419779.5,3805834.5,2022,120.0,184.0,223.0,234.0,246.0,280.0,317.0,1.0,2.0
2953,1344,419872.5,3805813.5,2022,138.0,197.0,225.0,235.0,247.0,281.0,316.0,1.0,2.0
2957,1363,419929.5,3805801.5,2022,116.0,182.0,224.0,236.0,249.0,279.0,314.0,1.0,2.0
2948,1386,419998.5,3805828.5,2022,119.0,186.0,225.0,237.0,252.0,283.0,327.0,1.0,2.0
2959,1413,420079.5,3805795.5,2022,132.0,204.0,227.0,237.0,250.0,273.0,304.0,1.0,2.0
2942,1468,420244.5,3805846.5,2022,153.0,203.0,225.0,236.0,248.0,273.0,300.0,1.0,2.0
2941,1471,420253.5,3805849.5,2022,154.0,207.0,227.0,237.0,248.0,273.0,339.0,1.0,2.0
2959,1507,420361.5,3805795.5,2022,126.0,197.0,223.0,234.0,246.0,271.0,302.0,1.0,2.0
2969,1572,420556.5,3805765.5,2022,121.0,186.0,229.0,240.0,255.0,283.0,320.0,1.0,2.0
2960,1609,420667.5,3805792.5,2022,133.0,209.0,227.0,238.0,253.0,279.0,308.0,1.0,2.0
2966,1620,420700.5,3805774.5,2022,122.0,202.0,226.0,237.0,250.0,276.0,314.0,1.0,2.0
2948,1675,420865.5,3805828.5,2022,153.0,205.0,226.0,237.0,250.0,276.0,308.0,1.0,1.0
2940,1682,420886.5,3805852.5,2022,148.0,213.0,235.0,246.0,258.0,278.0,302.0,1.0,2.0
2953,1719,420997.5,3805813.5,2022,128.0,193.0,223.0,236.0,250.0,277.0,308.0,1.0,2.0
2943,1787,421201.5,3805843.5,2022,116.0,200.0,225.0,238.0,252.0,277.0,310.0,1.0,2.0
2942,1800,421240.5,3805846.5,2022,126.0,202.0,226.0,238.0,253.0,281.0,307.0,1.0,1.0
2940,1833,421339.5,3805852.5,2022,130.0,200.0,224.0,236.0,250.0,278.0,306.0,1.0,2.0
2957,1915,421585.5,3805801.5,2022,114.0,200.0,226.0,239.0,253.0,279.0,311.0,1.0,2.0
2956,1920,421600.5,3805804.5,2022,124.0,202.0,226.0,238.0,251.0,277.0,308.0,1.0,2.0
2942,1965,421735.5,3805846.5,2022,123.0,197.0,228.0,241.0,257.0,283.0,325.0,1.0,2.0
2954,1993,421819.5,3805810.5,2022,112.0,189.0,226.0,239.0,253.0,279.0,311.0,1.0,2.0
2968,2021,421903.5,3805768.5,2022,135.0,201.0,224.0,237.0,251.0,281.0,317.0,1.0,2.0
2969,2050,421990.5,3805765.5,2022,165.0,203.0,223.0,234.0,245.0,272.0,306.0,1.0,2.0
2941,2094,422122.5,3805849.5,2022,160.0,206.0,225.0,237.0,250.0,280.0,316.0,1.0,1.0
2950,2101,422143.5,3805822.5,2022,135.0,205.0,224.0,236.0,248.0,275.0,301.0,1.0,1.0
2968,2143,422269.5,3805768.5,2022,139.0,206.0,224.0,234.0,247.0,275.0,308.0,1.0,2.0
2944,2170,422350.5,3805840.5,2022,142.0,204.0,224.0,235.0,248.0,277.0,306.0,1.0,2.0
2954,2194,422422.5,3805810.5,2022,128.0,203.0,222.0,233.0,245.0,275.0,302.0,1.0,2.0
2950,2245,422575.5,3805822.5,2022,148.0,200.0,223.0,235.0,247.0,277.0,316.0,1.0,2.0
2958,2254,422602.5,3805798.5,2022,146.0,207.0,227.0,237.0,249.0,279.0,315.0,1.0,1.0
2940,2285,422695.5,3805852.5,2022,158.0,207.0,225.0,235.0,248.0,277.0,315.0,1.0,2.0
2944,2310,422770.5,3805840.5,2022,136.0,205.0,225.0,236.0,250.0,280.0,324.0,1.0,2.0
2954,2359,422917.5,3805810.5,2022,162.0,208.0,226.0,236.0,249.0,279.0,316.0,1.0,1.0
2954,2373,422959.5,3805810.5,2022,162.0,208.0,225.0,236.0,250.0,281.0,327.0,1.0,2.0
2953,2412,423076.5,3805813.5,2022,161.0,204.0,222.0,233.0,245.0,276.0,314.0,1.0,1.0
2953,2441,423163.5,3805813.5,2022,142.0,203.0,222.0,234.0,246.0,278.0,318.0,1.0,1.0
2947,2473,423259.5,3805831.5,2022,141.0,201.0,227.0,237.0,253.0,283.0,319.0,1.0,2.0
2953,2516,423388.5,3805813.5,2022,160.0,202.0,224.0,235.0,249.0,280.0,329.0,1.0,2.0
2954,2529,423427.5,3805810.5,2022,138.0,198.0,225.0,237.0,252.0,282.0,328.0,1.0,2.0
2954,2576,423568.5,3805810.5,2022,151.0,202.0,221.0,232.0,245.0,276.0,316.0,1.0,2.0
2950,2608,423664.5,3805822.5,2022,148.0,199.0,222.0,234.0,248.0,282.0,332.0,1.0,2.0
2944,2628,423724.5,3805840.5,2022,150.0,197.0,220.0,232.0,247.0,278.0,329.0,1.0,1.0
2954,2668,423844.5,3805810.5,2022,144.0,183.0,219.0,233.0,249.0,280.0,325.0,1.0,2.0
2960,2670,423850.5,3805792.5,2022,122.0,180.0,222.0,235.0,252.0,285.0,325.0,1.0,2.0
2949,2707,423961.5,3805825.5,2022,111.0,184.0,218.0,232.0,247.0,283.0,315.0,1.0,2.0
2968,2748,424084.5,3805768.5,2022,110.0,190.0,214.0,227.0,244.0,281.0,320.0,1.0,2.0
2961,2778,424174.5,3805789.5,2022,121.0,194.0,219.0,232.0,246.0,283.0,319.0,1.0,2.0
2954,2826,424318.5,3805810.5,2022,124.0,184.0,220.0,232.0,248.0,285.0,321.0,1.0,2.0
2947,2892,424516.5,3805831.5,2022,138.0,188.0,213.0,224.0,239.0,281.0,319.0,1.0,1.0
2942,2918,424594.5,3805846.5,2022,148.0,185.0,211.0,223.0,238.0,280.0,322.0,1.0,1.0
2940,2947,424681.5,3805852.5,2022,109.0,187.0,212.0,223.0,238.0,275.0,321.0,1.0,1.0
2953,3075,425065.5,3805813.5,2022,140.0,184.0,211.0,222.0,235.0,269.0,306.0,1.0,1.0
2965,3151,425293.5,3805777.5,2022,78.0,185.0,210.0,220.0,233.0,260.0,312.0,1.0,2.0
2942,3187,425401.5,3805846.5,2022,115.0,184.0,208.0,220.0,235.0,276.0,326.0,1.0,1.0
2947,3227,425521.5,3805831.5,2022,101.0,177.0,209.0,222.0,238.0,276.0,321.0,1.0,1.0
2949,3265,425635.5,3805825.5,2022,105.0,182.0,209.0,221.0,236.0,273.0,311.0,1.0,1.0
2964,3296,425728.5,3805780.5,2022,97.0,181.0,208.0,220.0,236.0,272.0,323.0,1.0,1.0
2958,3300,425740.5,3805798.5,2022,100.0,183.0,208.0,221.0,238.0,272.0,324.0,1.0,1.0
2966,3333,425839.5,3805774.5,2022,136.0,182.0,209.0,222.0,237.0,270.0,315.0,1.0,1.0
2999,18,415894.5,3805675.5,2022,179.0,204.0,222.0,233.0,244.0,264.0,286.0,1.0,2.0
2971,50,415990.5,3805759.5,2022,174.0,199.0,220.0,232.0,244.0,265.0,298.0,1.0,1.0
2982,82,416086.5,3805726.5,2022,180.0,199.0,217.0,228.0,241.0,265.0,292.0,1.0,1.0
2988,99,416137.5,3805708.5,2022,172.0,200.0,220.0,231.0,243.0,270.0,305.0,1.0,1.0
2982,148,416284.5,3805726.5,2022,162.0,201.0,221.0,232.0,244.0,270.0,301.0,1.0,2.0
2979,170,416350.5,3805735.5,2022,171.0,200.0,223.0,234.0,245.0,267.0,294.0,1.0,1.0
2975,198,416434.5,3805747.5,2022,178.0,201.0,222.0,233.0,245.0,266.0,291.0,1.0,1.0
2972,217,416491.5,3805756.5,2022,158.0,198.0,224.0,235.0,247.0,268.0,301.0,1.0,1.0
2983,242,416566.5,3805723.5,2022,163.0,197.0,223.0,234.0,245.0,267.0,295.0,1.0,1.0
2977,289,416707.5,3805741.5,2022,173.0,203.0,223.0,233.0,243.0,263.0,287.0,1.0,1.0
2997,302,416746.5,3805681.5,2022,175.0,202.0,221.0,232.0,242.0,262.0,288.0,1.0,2.0
2997,346,416878.5,3805681.5,2022,121.0,203.0,223.0,235.0,246.0,265.0,293.0,1.0,2.0
2987,368,416944.5,3805711.5,2022,171.0,205.0,224.0,235.0,246.0,265.0,286.0,1.0,2.0
2978,399,417037.5,3805738.5,2022,170.0,203.0,225.0,235.0,246.0,267.0,289.0,1.0,2.0
2972,438,417154.5,3805756.5,2022,119.0,197.0,223.0,234.0,245.0,270.0,322.0,1.0,2.0
2984,462,417226.5,3805720.5,2022,175.0,202.0,222.0,233.0,243.0,265.0,300.0,1.0,2.0
2976,496,417328.5,3805744.5,2022,169.0,193.0,225.0,236.0,246.0,269.0,311.0,1.0,1.0
2997,513,417379.5,3805681.5,2022,176.0,200.0,222.0,233.0,243.0,265.0,295.0,1.0,1.0
2991,540,417460.5,3805699.5,2022,163.0,197.0,221.0,232.0,243.0,262.0,289.0,1.0,1.0
2982,586,417598.5,3805726.5,2022,166.0,191.0,232.0,243.0,254.0,275.0,308.0,1.0,1.0
2984,600,417640.5,3805720.5,2022,110.0,190.0,234.0,244.0,256.0,278.0,323.0,1.0,2.0
2983,643,417769.5,3805723.5,2022,132.0,199.0,222.0,233.0,244.0,270.0,296.0,1.0,2.0
2997,1058,419014.5,3805681.5,2022,162.0,193.0,219.0,231.0,242.0,266.0,313.0,1.0,2.0
2998,1080,419080.5,3805678.5,2022,167.0,191.0,219.0,231.0,242.0,266.0,308.0,1.0,2.0
2999,1120,419200.5,3805675.5,2022,127.0,191.0,217.0,229.0,241.0,265.0,293.0,1.0,1.0
2990,1191,419413.5,3805702.5,2022,152.0,192.0,222.0,233.0,244.0,270.0,303.0,1.0,2.0
2997,1229,419527.5,3805681.5,2022,129.0,194.0,219.0,230.0,242.0,267.0,298.0,1.0,2.0
2984,1258,419614.5,3805720.5,2022,153.0,179.0,224.0,235.0,246.0,282.0,327.0,1.0,1.0
2978,1273,419659.5,3805738.5,2022,154.0,183.0,225.0,236.0,248.0,282.0,328.0,1.0,2.0
2999,1292,419716.5,3805675.5,2022,117.0,184.0,221.0,233.0,245.0,274.0,316.0,1.0,2.0
2975,1347,419881.5,3805747.5,2022,122.0,180.0,223.0,234.0,247.0,281.0,317.0,1.0,2.0
2970,1355,419905.5,3805762.5,2022,128.0,181.0,226.0,237.0,251.0,285.0,316.0,1.0,1.0
2980,1526,420418.5,3805732.5,2022,146.0,187.0,228.0,239.0,255.0,285.0,313.0,1.0,1.0
2977,1545,420475.5,3805741.5,2022,143.0,185.0,227.0,241.0,258.0,289.0,320.0,1.0,1.0
2981,1573,420559.5,3805729.5,2022,124.0,201.0,227.0,238.0,254.0,288.0,326.0,1.0,1.0
2987,1592,420616.5,3805711.5,2022,154.0,206.0,228.0,240.0,257.0,284.0,324.0,1.0,1.0
2996,1627,420721.5,3805684.5,2022,125.0,207.0,230.0,244.0,260.0,286.0,321.0,1.0,1.0
2987,1653,420799.5,3805711.5,2022,124.0,207.0,230.0,242.0,258.0,283.0,313.0,1.0,2.0
2991,1684,420892.5,3805699.5,2022,144.0,205.0,228.0,240.0,254.0,281.0,316.0,1.0,2.0
2986,1711,420973.5,3805714.5,2022,138.0,218.0,236.0,248.0,261.0,283.0,309.0,1.0,2.0
2977,1769,421147.5,3805741.5,2022,123.0,200.0,225.0,237.0,252.0,279.0,338.0,1.0,2.0
2996,1781,421183.5,3805684.5,2022,130.0,199.0,226.0,239.0,253.0,280.0,310.0,1.0,1.0
2999,1866,421438.5,3805675.5,2022,121.0,198.0,223.0,236.0,252.0,278.0,306.0,1.0,2.0
2991,1913,421579.5,3805699.5,2022,114.0,205.0,229.0,241.0,254.0,279.0,313.0,1.0,1.0
2977,1947,421681.5,3805741.5,2022,138.0,208.0,229.0,240.0,254.0,277.0,301.0,1.0,2.0
2987,1951,421693.5,3805711.5,2022,169.0,206.0,226.0,238.0,252.0,280.0,311.0,1.0,2.0
2994,1989,421807.5,3805690.5,2022,135.0,204.0,227.0,239.0,252.0,281.0,306.0,1.0,2.0
2998,2039,421957.5,3805678.5,2022,132.0,205.0,228.0,238.0,251.0,278.0,308.0,1.0,2.0
2972,2050,421990.5,3805756.5,2022,154.0,204.0,222.0,233.0,245.0,271.0,303.0,1.0,2.0
2978,2119,422197.5,3805738.5,2022,157.0,206.0,224.0,235.0,246.0,271.0,299.0,1.0,2.0
2999,2202,422446.5,3805675.5,2022,140.0,206.0,224.0,234.0,246.0,275.0,306.0,1.0,2.0
2989,2239,422557.5,3805705.5,2022,141.0,205.0,222.0,233.0,244.0,270.0,303.0,1.0,2.0
2978,2279,422677.5,3805738.5,2022,158.0,204.0,223.0,234.0,246.0,275.0,310.0,1.0,2.0
2977,2309,422767.5,3805741.5,2022,157.0,209.0,227.0,237.0,250.0,275.0,305.0,1.0,2.0
2993,2335,422845.5,3805693.5,2022,157.0,207.0,227.0,238.0,251.0,280.0,321.0,1.0,1.0
2990,2341,422863.5,3805702.5,2022,149.0,206.0,226.0,237.0,251.0,282.0,323.0,1.0,1.0
2995,2380,422980.5,3805687.5,2022,126.0,193.0,222.0,234.0,249.0,286.0,322.0,1.0,1.0
2991,2406,423058.5,3805699.5,2022,156.0,202.0,226.0,237.0,252.0,282.0,318.0,1.0,2.0
2982,2436,423148.5,3805726.5,2022,155.0,204.0,226.0,237.0,250.0,279.0,332.0,1.0,2.0
2985,2476,423268.5,3805717.5,2022,157.0,200.0,220.0,232.0,246.0,276.0,321.0,1.0,1.0
2999,2494,423322.5,3805675.5,2022,137.0,199.0,222.0,234.0,248.0,278.0,319.0,1.0,1.0
2984,2522,423406.5,3805720.5,2022,150.0,200.0,221.0,232.0,245.0,279.0,331.0,1.0,1.0
2981,2570,423550.5,3805729.5,2022,144.0,198.0,219.0,231.0,245.0,277.0,322.0,1.0,2.0
2970,2609,423667.5,3805762.5,2022,151.0,199.0,223.0,233.0,247.0,277.0,325.0,1.0,2.0
2998,2616,423688.5,3805678.5,2022,145.0,196.0,220.0,232.0,245.0,280.0,323.0,1.0,2.0
2993,2653,423799.5,3805693.5,2022,144.0,192.0,223.0,234.0,247.0,278.0,317.0,1.0,2.0
2973,2677,423871.5,3805753.5,2022,111.0,187.0,219.0,233.0,250.0,281.0,318.0,1.0,2.0
2989,2723,424009.5,3805705.5,2022,143.0,190.0,220.0,232.0,248.0,285.0,323.0,1.0,2.0
2983,2759,424117.5,3805723.5,2022,119.0,189.0,216.0,229.0,244.0,280.0,319.0,1.0,2.0
2986,2776,424168.5,3805714.5,2022,138.0,192.0,217.0,230.0,244.0,278.0,319.0,1.0,1.0
2987,2795,424225.5,3805711.5,2022,142.0,190.0,221.0,233.0,247.0,283.0,323.0,1.0,2.0
2972,2838,424354.5,3805756.5,2022,143.0,186.0,220.0,232.0,247.0,281.0,322.0,1.0,2.0
2987,2869,424447.5,3805711.5,2022,131.0,180.0,219.0,232.0,249.0,283.0,320.0,1.0,2.0
2990,2935,424645.5,3805702.5,2022,124.0,185.0,213.0,225.0,240.0,279.0,315.0,1.0,1.0
2993,2943,424669.5,3805693.5,2022,122.0,182.0,212.0,225.0,241.0,280.0,322.0,1.0,1.0
2987,3074,425062.5,3805711.5,2022,103.0,171.0,210.0,222.0,238.0,284.0,330.0,1.0,1.0
2996,3119,425197.5,3805684.5,2022,142.0,187.0,211.0,219.0,231.0,260.0,297.0,1.0,2.0
2983,3149,425287.5,3805723.5,2022,129.0,189.0,209.0,218.0,229.0,254.0,291.0,1.0,2.0
2983,3161,425323.5,3805723.5,2022,154.0,192.0,212.0,221.0,235.0,266.0,295.0,1.0,2.0
2988,3181,425383.5,3805708.5,2022,160.0,193.0,211.0,220.0,232.0,260.0,302.0,1.0,2.0
2986,3215,425485.5,3805714.5,2022,93.0,177.0,206.0,219.0,235.0,274.0,323.0,1.0,1.0
2974,3256,425608.5,3805750.5,2022,102.0,182.0,208.0,222.0,238.0,271.0,313.0,1.0,1.0
2981,3296,425728.5,3805729.5,2022,113.0,180.0,208.0,221.0,236.0,271.0,322.0,1.0,1.0
2993,3307,425761.5,3805693.5,2022,101.0,178.0,208.0,222.0,239.0,275.0,317.0,1.0,1.0
2981,3333,425839.5,3805729.5,2022,105.0,181.0,208.0,221.0,236.0,269.0,310.0,1.0,1.0
3019,10,415870.5,3805615.5,2022,167.0,197.0,220.0,231.0,243.0,265.0,374.0,1.0,2.0
3016,149,416287.5,3805624.5,2022,180.0,202.0,221.0,232.0,244.0,268.0,310.0,1.0,2.0
3029,177,416371.5,3805585.5,2022,172.0,201.0,222.0,232.0,243.0,264.0,290.0,1.0,1.0
3022,195,416425.5,3805606.5,2022,171.0,202.0,224.0,235.0,246.0,265.0,367.0,1.0,1.0
3013,215,416485.5,3805633.5,2022,181.0,201.0,221.0,231.0,242.0,263.0,288.0,1.0,1.0
3008,253,416599.5,3805648.5,2022,174.0,197.0,218.0,229.0,241.0,263.0,292.0,1.0,1.0
3022,281,416683.5,3805606.5,2022,172.0,198.0,222.0,235.0,247.0,272.0,368.0,1.0,2.0
3008,321,416803.5,3805648.5,2022,173.0,199.0,220.0,232.0,243.0,264.0,288.0,1.0,2.0
3000,348,416884.5,3805672.5,2022,176.0,204.0,224.0,235.0,246.0,266.0,290.0,1.0,1.0
3006,378,416974.5,3805654.5,2022,123.0,199.0,222.0,233.0,245.0,267.0,292.0,1.0,2.0
3017,392,417016.5,3805621.5,2022,170.0,196.0,220.0,232.0,244.0,265.0,292.0,1.0,1.0
3004,423,417109.5,3805660.5,2022,173.0,198.0,218.0,229.0,241.0,262.0,291.0,1.0,1.0
3016,455,417205.5,3805624.5,2022,167.0,193.0,215.0,227.0,240.0,264.0,295.0,1.0,1.0
3003,490,417310.5,3805663.5,2022,161.0,196.0,220.0,232.0,242.0,262.0,285.0,1.0,2.0
3011,534,417442.5,3805639.5,2022,174.0,198.0,220.0,231.0,242.0,262.0,296.0,1.0,1.0
3016,556,417508.5,3805624.5,2022,168.0,195.0,217.0,229.0,240.0,261.0,291.0,1.0,1.0
3008,570,417550.5,3805648.5,2022,121.0,189.0,219.0,231.0,245.0,270.0,305.0,1.0,1.0
3012,777,418171.5,3805636.5,2022,164.0,215.0,235.0,246.0,258.0,279.0,305.0,1.0,1.0
3009,791,418213.5,3805645.5,2022,162.0,194.0,229.0,241.0,255.0,282.0,312.0,1.0,1.0
3027,820,418300.5,3805591.5,2022,172.0,210.0,232.0,243.0,255.0,278.0,309.0,1.0,2.0
3026,975,418765.5,3805594.5,2022,170.0,196.0,219.0,231.0,242.0,267.0,302.0,1.0,1.0
3027,1070,419050.5,3805591.5,2022,164.0,195.0,221.0,232.0,243.0,267.0,297.0,1.0,2.0
3012,1089,419107.5,3805636.5,2022,166.0,188.0,223.0,233.0,243.0,267.0,296.0,1.0,2.0
3005,1122,419206.5,3805657.5,2022,110.0,191.0,217.0,229.0,241.0,266.0,300.0,1.0,1.0
3029,1152,419296.5,3805585.5,2022,133.0,190.0,223.0,233.0,243.0,263.0,293.0,1.0,2.0
3025,1180,419380.5,3805597.5,2022,122.0,182.0,219.0,231.0,242.0,269.0,312.0,1.0,1.0
3017,1213,419479.5,3805621.5,2022,118.0,182.0,220.0,232.0,243.0,272.0,315.0,1.0,2.0
3002,1257,419611.5,3805666.5,2022,124.0,178.0,224.0,236.0,250.0,292.0,328.0,1.0,1.0
3013,1265,419635.5,3805633.5,2022,123.0,179.0,226.0,237.0,250.0,287.0,324.0,1.0,1.0
3004,1300,419740.5,3805660.5,2022,153.0,189.0,221.0,232.0,243.0,269.0,323.0,1.0,2.0
3015,1396,420028.5,3805627.5,2022,161.0,202.0,223.0,235.0,247.0,272.0,297.0,1.0,2.0
3011,1526,420418.5,3805639.5,2022,122.0,188.0,227.0,240.0,255.0,283.0,321.0,1.0,1.0
3023,1530,420430.5,3805603.5,2022,115.0,206.0,229.0,240.0,257.0,289.0,326.0,1.0,1.0
3006,1562,420526.5,3805654.5,2022,125.0,205.0,226.0,237.0,251.0,283.0,319.0,1.0,1.0
3014,1593,420619.5,3805630.5,2022,162.0,213.0,235.0,249.0,264.0,287.0,319.0,1.0,1.0
3019,1639,420757.5,3805615.5,2022,118.0,202.0,228.0,240.0,256.0,284.0,315.0,1.0,1.0
3024,1658,420814.5,3805600.5,2022,105.0,181.0,234.0,251.0,269.0,292.0,338.0,1.0,2.0
3010,1726,421018.5,3805642.5,2022,129.0,199.0,223.0,235.0,251.0,280.0,315.0,1.0,2.0
3003,1791,421213.5,3805663.5,2022,130.0,200.0,226.0,239.0,254.0,280.0,314.0,1.0,2.0
3010,1841,421363.5,3805642.5,2022,134.0,210.0,231.0,242.0,254.0,277.0,314.0,1.0,2.0
3012,1866,421438.5,3805636.5,2022,114.0,202.0,227.0,239.0,253.0,277.0,301.0,1.0,2.0
3027,1904,421552.5,3805591.5,2022,111.0,204.0,228.0,240.0,253.0,278.0,322.0,1.0,2.0
3023,1948,421684.5,3805603.5,2022,133.0,206.0,226.0,237.0,249.0,274.0,305.0,1.0,1.0
3003,1959,421717.5,3805663.5,2022,131.0,205.0,226.0,238.0,253.0,278.0,308.0,1.0,1.0
3018,1981,421783.5,3805618.5,2022,130.0,205.0,228.0,241.0,256.0,281.0,317.0,1.0,1.0
3027,2036,421948.5,3805591.5,2022,132.0,206.0,228.0,240.0,254.0,282.0,328.0,1.0,2.0
3019,2040,421960.5,3805615.5,2022,132.0,205.0,226.0,238.0,251.0,280.0,319.0,1.0,1.0
3002,2197,422431.5,3805666.5,2022,153.0,206.0,223.0,234.0,244.0,272.0,302.0,1.0,2.0
3000,2226,422518.5,3805672.5,2022,144.0,207.0,224.0,235.0,247.0,274.0,304.0,1.0,2.0
3017,2308,422764.5,3805621.5,2022,170.0,211.0,229.0,239.0,251.0,273.0,310.0,1.0,2.0
3002,2327,422821.5,3805666.5,2022,156.0,209.0,227.0,238.0,251.0,281.0,319.0,1.0,2.0
3028,2343,422869.5,3805588.5,2022,165.0,210.0,228.0,238.0,250.0,280.0,318.0,1.0,2.0
3007,2399,423037.5,3805651.5,2022,127.0,185.0,220.0,234.0,250.0,285.0,324.0,1.0,1.0
3022,2400,423040.5,3805606.5,2022,147.0,197.0,222.0,236.0,252.0,283.0,335.0,1.0,1.0
3029,2435,423145.5,3805585.5,2022,144.0,204.0,224.0,234.0,247.0,277.0,312.0,1.0,2.0
3021,2488,423304.5,3805609.5,2022,134.0,202.0,221.0,232.0,246.0,277.0,314.0,1.0,2.0
3015,2504,423352.5,3805627.5,2022,149.0,202.0,220.0,231.0,243.0,275.0,310.0,1.0,2.0
3028,2547,423481.5,3805588.5,2022,145.0,198.0,220.0,232.0,246.0,279.0,323.0,1.0,1.0
3020,2574,423562.5,3805612.5,2022,146.0,193.0,217.0,229.0,243.0,277.0,321.0,1.0,2.0
3003,2601,423643.5,3805663.5,2022,146.0,195.0,222.0,234.0,248.0,280.0,320.0,1.0,2.0
3019,2627,423721.5,3805615.5,2022,145.0,193.0,220.0,232.0,245.0,280.0,329.0,1.0,2.0
3015,2648,423784.5,3805627.5,2022,131.0,196.0,218.0,230.0,242.0,274.0,315.0,1.0,2.0
3008,2677,423871.5,3805648.5,2022,133.0,194.0,218.0,231.0,244.0,275.0,317.0,1.0,1.0
3022,2703,423949.5,3805606.5,2022,130.0,191.0,216.0,229.0,244.0,282.0,322.0,1.0,2.0
3017,2758,424114.5,3805621.5,2022,149.0,196.0,218.0,229.0,242.0,277.0,310.0,1.0,2.0
3013,2763,424129.5,3805633.5,2022,152.0,194.0,218.0,230.0,242.0,278.0,316.0,1.0,1.0
3021,2794,424222.5,3805609.5,2022,111.0,188.0,218.0,230.0,245.0,279.0,317.0,1.0,2.0
3012,2849,424387.5,3805636.5,2022,113.0,181.0,218.0,231.0,246.0,280.0,318.0,1.0,2.0
3023,2872,424456.5,3805603.5,2022,113.0,185.0,218.0,231.0,246.0,282.0,325.0,1.0,2.0
3028,2893,424519.5,3805588.5,2022,132.0,186.0,216.0,229.0,244.0,281.0,322.0,1.0,1.0
3015,2937,424651.5,3805627.5,2022,131.0,183.0,213.0,224.0,239.0,277.0,317.0,1.0,1.0
3003,2941,424663.5,3805663.5,2022,118.0,182.0,212.0,224.0,239.0,279.0,321.0,1.0,1.0
3029,3087,425101.5,3805585.5,2022,158.0,191.0,213.0,223.0,236.0,270.0,300.0,1.0,2.0
3020,3112,425176.5,3805612.5,2022,166.0,193.0,210.0,219.0,230.0,256.0,283.0,1.0,1.0
3003,3138,425254.5,3805663.5,2022,123.0,192.0,209.0,218.0,227.0,247.0,279.0,1.0,2.0
3009,3169,425347.5,3805645.5,2022,170.0,195.0,211.0,220.0,231.0,257.0,295.0,1.0,1.0
3016,3207,425461.5,3805624.5,2022,102.0,179.0,207.0,219.0,233.0,272.0,320.0,1.0,1.0
3015,3211,425473.5,3805627.5,2022,97.0,179.0,207.0,218.0,232.0,270.0,321.0,1.0,1.0
3022,3240,425560.5,3805606.5,2022,106.0,176.0,209.0,223.0,238.0,272.0,318.0,1.0,1.0
3010,3297,425731.5,3805642.5,2022,93.0,180.0,208.0,221.0,238.0,273.0,319.0,1.0,1.0
3017,3316,425788.5,3805621.5,2022,125.0,179.0,209.0,221.0,236.0,273.0,313.0,1.0,1.0
3053,19,415897.5,3805513.5,2022,182.0,201.0,224.0,238.0,252.0,275.0,298.0,1.0,1.0
3045,43,415969.5,3805537.5,2022,151.0,194.0,218.0,230.0,242.0,265.0,296.0,1.0,1.0
3052,119,416197.5,3805516.5,2022,183.0,201.0,217.0,227.0,239.0,263.0,286.0,1.0,1.0
3049,146,416278.5,3805525.5,2022,183.0,202.0,222.0,232.0,243.0,265.0,292.0,1.0,2.0
3040,159,416317.5,3805552.5,2022,176.0,204.0,223.0,234.0,245.0,264.0,289.0,1.0,2.0
3032,195,416425.5,3805576.5,2022,164.0,194.0,223.0,234.0,246.0,266.0,291.0,1.0,2.0
3034,224,416512.5,3805570.5,2022,177.0,198.0,219.0,231.0,243.0,268.0,297.0,1.0,2.0
3031,252,416596.5,3805579.5,2022,172.0,199.0,219.0,230.0,241.0,264.0,287.0,1.0,1.0
3030,286,416698.5,3805582.5,2022,177.0,202.0,223.0,234.0,246.0,270.0,305.0,1.0,2.0
3036,301,416743.5,3805564.5,2022,142.0,193.0,219.0,231.0,243.0,271.0,356.0,1.0,2.0
3050,342,416866.5,3805522.5,2022,160.0,194.0,221.0,232.0,243.0,264.0,294.0,1.0,1.0
3052,364,416932.5,3805516.5,2022,176.0,200.0,220.0,231.0,244.0,266.0,290.0,1.0,2.0
3045,407,417061.5,3805537.5,2022,176.0,198.0,218.0,230.0,241.0,261.0,349.0,1.0,1.0
3055,433,417139.5,3805507.5,2022,177.0,201.0,221.0,232.0,242.0,260.0,281.0,1.0,1.0
3051,456,417208.5,3805519.5,2022,162.0,199.0,218.0,228.0,239.0,260.0,287.0,1.0,2.0
3056,495,417325.5,3805504.5,2022,177.0,198.0,216.0,228.0,240.0,262.0,291.0,1.0,1.0
3033,531,417433.5,3805573.5,2022,174.0,193.0,217.0,229.0,240.0,261.0,287.0,1.0,1.0
3031,550,417490.5,3805579.5,2022,156.0,190.0,219.0,231.0,243.0,267.0,302.0,1.0,2.0
3058,661,417823.5,3805498.5,2022,171.0,201.0,222.0,233.0,243.0,267.0,299.0,1.0,2.0
3032,806,418258.5,3805576.5,2022,122.0,204.0,231.0,242.0,254.0,275.0,305.0,1.0,2.0
3034,820,418300.5,3805570.5,2022,165.0,210.0,231.0,241.0,253.0,276.0,302.0,1.0,2.0
3059,869,418447.5,3805495.5,2022,169.0,207.0,229.0,239.0,251.0,276.0,305.0,1.0,1.0
3057,875,418465.5,3805501.5,2022,167.0,194.0,232.0,244.0,257.0,280.0,312.0,1.0,2.0
3055,911,418573.5,3805507.5,2022,148.0,207.0,228.0,238.0,249.0,271.0,296.0,1.0,2.0
3043,986,418798.5,3805543.5,2022,170.0,195.0,218.0,231.0,243.0,270.0,301.0,1.0,1.0
3048,992,418816.5,3805528.5,2022,129.0,192.0,220.0,233.0,245.0,273.0,306.0,1.0,1.0
3037,1046,418978.5,3805561.5,2022,122.0,189.0,221.0,234.0,246.0,275.0,312.0,1.0,2.0
3034,1072,419056.5,3805570.5,2022,127.0,189.0,221.0,233.0,244.0,272.0,318.0,1.0,1.0
3031,1096,419128.5,3805579.5,2022,158.0,193.0,221.0,231.0,242.0,263.0,295.0,1.0,2.0
3058,1115,419185.5,3805498.5,2022,146.0,185.0,221.0,233.0,243.0,268.0,305.0,1.0,2.0
3054,1141,419263.5,3805510.5,2022,161.0,187.0,222.0,232.0,242.0,265.0,315.0,1.0,2.0
3052,1171,419353.5,3805516.5,2022,143.0,190.0,219.0,230.0,241.0,267.0,305.0,1.0,1.0
3035,1212,419476.5,3805567.5,2022,159.0,207.0,226.0,236.0,246.0,270.0,310.0,1.0,1.0
3048,1241,419563.5,3805528.5,2022,125.0,191.0,225.0,235.0,246.0,273.0,312.0,1.0,2.0
3046,1286,419698.5,3805534.5,2022,119.0,201.0,224.0,236.0,247.0,275.0,319.0,1.0,2.0
3042,1292,419716.5,3805546.5,2022,164.0,200.0,222.0,233.0,246.0,276.0,317.0,1.0,2.0
3046,1343,419869.5,3805534.5,2022,125.0,197.0,223.0,235.0,249.0,278.0,325.0,1.0,1.0
3041,1379,419977.5,3805549.5,2022,148.0,205.0,226.0,237.0,248.0,271.0,311.0,1.0,2.0
3043,1382,419986.5,3805543.5,2022,162.0,207.0,227.0,238.0,251.0,279.0,308.0,1.0,2.0
3034,1410,420070.5,3805570.5,2022,130.0,200.0,226.0,238.0,251.0,277.0,327.0,1.0,1.0
3037,1444,420172.5,3805561.5,2022,122.0,204.0,227.0,237.0,250.0,274.0,309.0,1.0,2.0
3050,1499,420337.5,3805522.5,2022,148.0,201.0,227.0,237.0,249.0,275.0,332.0,1.0,2.0
3053,1522,420406.5,3805513.5,2022,152.0,188.0,229.0,241.0,259.0,285.0,316.0,1.0,1.0
3034,1535,420445.5,3805570.5,2022,129.0,199.0,225.0,238.0,254.0,286.0,321.0,1.0,1.0
3044,1580,420580.5,3805540.5,2022,114.0,207.0,228.0,240.0,258.0,290.0,338.0,1.0,1.0
3058,1613,420679.5,3805498.5,2022,169.0,218.0,237.0,248.0,261.0,282.0,310.0,1.0,1.0
3038,1627,420721.5,3805558.5,2022,133.0,214.0,237.0,251.0,266.0,288.0,320.0,1.0,1.0
3044,1662,420826.5,3805540.5,2022,118.0,189.0,232.0,245.0,264.0,286.0,316.0,1.0,2.0
3039,1780,421180.5,3805555.5,2022,132.0,195.0,223.0,236.0,250.0,278.0,320.0,1.0,1.0
3059,1828,421324.5,3805495.5,2022,126.0,202.0,226.0,239.0,253.0,278.0,302.0,1.0,2.0
3034,1885,421495.5,3805570.5,2022,123.0,204.0,225.0,237.0,250.0,274.0,302.0,1.0,2.0
3032,1900,421540.5,3805576.5,2022,111.0,199.0,227.0,239.0,253.0,278.0,303.0,1.0,2.0
3054,1926,421618.5,3805510.5,2022,134.0,206.0,227.0,238.0,252.0,277.0,310.0,1.0,1.0
3044,1952,421696.5,3805540.5,2022,113.0,204.0,225.0,238.0,251.0,278.0,308.0,1.0,2.0
3051,1990,421810.5,3805519.5,2022,127.0,204.0,228.0,240.0,254.0,280.0,317.0,1.0,2.0
3045,2021,421903.5,3805537.5,2022,143.0,205.0,227.0,238.0,251.0,277.0,324.0,1.0,1.0
3059,2044,421972.5,3805495.5,2022,116.0,205.0,227.0,238.0,251.0,278.0,321.0,1.0,2.0
3033,2289,422707.5,3805573.5,2022,144.0,205.0,226.0,237.0,249.0,277.0,311.0,1.0,1.0
3055,2332,422836.5,3805507.5,2022,131.0,206.0,227.0,239.0,254.0,285.0,320.0,1.0,1.0
3047,2350,422890.5,3805531.5,2022,149.0,206.0,227.0,238.0,252.0,283.0,320.0,1.0,1.0
3040,2395,423025.5,3805552.5,2022,146.0,196.0,221.0,234.0,250.0,286.0,329.0,1.0,2.0
3039,2407,423061.5,3805555.5,2022,131.0,193.0,225.0,237.0,253.0,283.0,330.0,1.0,1.0
3056,2449,423187.5,3805504.5,2022,155.0,203.0,223.0,234.0,248.0,281.0,324.0,1.0,2.0
3037,2483,423289.5,3805561.5,2022,151.0,204.0,221.0,232.0,245.0,278.0,312.0,1.0,2.0
3045,2502,423346.5,3805537.5,2022,149.0,201.0,220.0,232.0,244.0,275.0,314.0,1.0,1.0
3058,2538,423454.5,3805498.5,2022,150.0,198.0,219.0,230.0,243.0,276.0,317.0,1.0,1.0
3033,2568,423544.5,3805573.5,2022,152.0,198.0,219.0,230.0,243.0,277.0,319.0,1.0,2.0
3035,2604,423652.5,3805567.5,2022,148.0,201.0,219.0,230.0,242.0,276.0,315.0,1.0,1.0
3055,2627,423721.5,3805507.5,2022,138.0,189.0,217.0,229.0,244.0,283.0,328.0,1.0,1.0
3051,2645,423775.5,3805519.5,2022,152.0,198.0,221.0,232.0,244.0,274.0,326.0,1.0,2.0
3033,2685,423895.5,3805573.5,2022,141.0,194.0,219.0,231.0,243.0,276.0,325.0,1.0,2.0
3039,2703,423949.5,3805555.5,2022,131.0,186.0,218.0,231.0,246.0,278.0,321.0,1.0,2.0
3038,2746,424078.5,3805558.5,2022,137.0,190.0,217.0,229.0,244.0,278.0,317.0,1.0,1.0
3030,2780,424180.5,3805582.5,2022,110.0,186.0,216.0,229.0,244.0,281.0,327.0,1.0,1.0
3053,2819,424297.5,3805513.5,2022,122.0,193.0,220.0,231.0,244.0,278.0,334.0,1.0,2.0
3050,2822,424306.5,3805522.5,2022,125.0,192.0,220.0,231.0,245.0,279.0,322.0,1.0,2.0
3039,2854,424402.5,3805555.5,2022,120.0,186.0,214.0,228.0,246.0,280.0,327.0,1.0,1.0
3044,2891,424513.5,3805540.5,2022,103.0,182.0,214.0,226.0,242.0,280.0,315.0,1.0,2.0
3040,2934,424642.5,3805552.5,2022,112.0,185.0,213.0,225.0,240.0,278.0,325.0,1.0,1.0
3035,2950,424690.5,3805567.5,2022,121.0,179.0,210.0,222.0,237.0,279.0,329.0,1.0,1.0
3030,3086,425098.5,3805582.5,2022,158.0,192.0,213.0,224.0,236.0,269.0,300.0,1.0,2.0
3032,3115,425185.5,3805576.5,2022,166.0,194.0,212.0,223.0,237.0,268.0,295.0,1.0,1.0
3043,3132,425236.5,3805543.5,2022,113.0,191.0,213.0,224.0,238.0,268.0,308.0,1.0,2.0
3035,3154,425302.5,3805567.5,2022,170.0,192.0,210.0,219.0,231.0,261.0,298.0,1.0,1.0
3039,3182,425386.5,3805555.5,2022,146.0,184.0,212.0,223.0,236.0,270.0,314.0,1.0,1.0
3030,3219,425497.5,3805582.5,2022,125.0,187.0,210.0,220.0,233.0,268.0,302.0,1.0,2.0
3036,3258,425614.5,3805564.5,2022,153.0,178.0,214.0,227.0,240.0,267.0,314.0,1.0,2.0
3046,3271,425653.5,3805534.5,2022,100.0,181.0,210.0,222.0,235.0,269.0,316.0,1.0,1.0
3031,3304,425752.5,3805579.5,2022,139.0,179.0,207.0,220.0,236.0,271.0,321.0,1.0,1.0
3058,3332,425836.5,3805498.5,2022,92.0,178.0,207.0,220.0,236.0,275.0,316.0,1.0,1.0
3060,13,415879.5,3805492.5,2022,171.0,200.0,224.0,236.0,249.0,272.0,302.0,1.0,1.0
3073,36,415948.5,3805453.5,2022,168.0,191.0,215.0,227.0,240.0,264.0,297.0,1.0,1.0
3087,61,416023.5,3805411.5,2022,172.0,199.0,221.0,232.0,243.0,265.0,373.0,1.0,1.0
3064,119,416197.5,3805480.5,2022,180.0,200.0,218.0,229.0,241.0,261.0,288.0,1.0,1.0
3063,123,416209.5,3805483.5,2022,172.0,197.0,216.0,227.0,238.0,258.0,286.0,1.0,1.0
3067,155,416305.5,3805471.5,2022,181.0,202.0,223.0,234.0,246.0,266.0,292.0,1.0,1.0
3060,203,416449.5,3805492.5,2022,183.0,202.0,218.0,229.0,241.0,262.0,288.0,1.0,1.0
3066,223,416509.5,3805474.5,2022,161.0,185.0,220.0,233.0,244.0,266.0,295.0,1.0,1.0
3060,255,416605.5,3805492.5,2022,172.0,199.0,219.0,230.0,241.0,262.0,291.0,1.0,1.0
3089,273,416659.5,3805405.5,2022,172.0,195.0,221.0,232.0,241.0,259.0,281.0,1.0,1.0
3061,328,416824.5,3805489.5,2022,166.0,185.0,223.0,235.0,246.0,268.0,295.0,1.0,1.0
3070,351,416893.5,3805462.5,2022,165.0,185.0,227.0,237.0,248.0,268.0,294.0,1.0,1.0
3080,368,416944.5,3805432.5,2022,175.0,198.0,218.0,229.0,240.0,259.0,291.0,1.0,2.0
3072,396,417028.5,3805456.5,2022,177.0,198.0,218.0,230.0,242.0,261.0,286.0,1.0,1.0
3061,420,417100.5,3805489.5,2022,175.0,199.0,220.0,231.0,242.0,262.0,287.0,1.0,2.0
3066,469,417247.5,3805474.5,2022,167.0,200.0,219.0,230.0,242.0,264.0,292.0,1.0,2.0
3077,597,417631.5,3805441.5,2022,161.0,197.0,219.0,230.0,241.0,263.0,296.0,1.0,2.0
3068,622,417706.5,3805468.5,2022,168.0,198.0,219.0,231.0,243.0,269.0,301.0,1.0,1.0
3069,647,417781.5,3805465.5,2022,171.0,198.0,220.0,231.0,244.0,272.0,308.0,1.0,1.0
3064,669,417847.5,3805480.5,2022,161.0,189.0,223.0,235.0,248.0,275.0,308.0,1.0,1.0
3086,779,418177.5,3805414.5,2022,175.0,197.0,217.0,228.0,241.0,263.0,297.0,1.0,1.0
3088,784,418192.5,3805408.5,2022,81.0,193.0,218.0,230.0,243.0,269.0,306.0,1.0,2.0
3062,853,418399.5,3805486.5,2022,114.0,203.0,230.0,242.0,254.0,277.0,318.0,1.0,1.0
3060,879,418477.5,3805492.5,2022,160.0,182.0,232.0,244.0,260.0,283.0,309.0,1.0,2.0
3063,912,418576.5,3805483.5,2022,157.0,201.0,227.0,238.0,249.0,271.0,314.0,1.0,2.0
3075,937,418651.5,3805447.5,2022,117.0,194.0,221.0,233.0,244.0,267.0,297.0,1.0,2.0
3063,963,418729.5,3805483.5,2022,159.0,196.0,218.0,230.0,242.0,269.0,299.0,1.0,1.0
3086,1016,418888.5,3805414.5,2022,126.0,189.0,222.0,235.0,248.0,275.0,310.0,1.0,1.0
3089,1020,418900.5,3805405.5,2022,154.0,192.0,220.0,232.0,244.0,272.0,321.0,1.0,1.0
3089,1069,419047.5,3805405.5,2022,123.0,194.0,222.0,234.0,245.0,270.0,302.0,1.0,2.0
3077,1103,419149.5,3805441.5,2022,165.0,202.0,227.0,236.0,247.0,269.0,309.0,1.0,1.0
3083,1130,419230.5,3805423.5,2022,128.0,190.0,219.0,231.0,243.0,267.0,305.0,1.0,1.0
3088,1141,419263.5,3805408.5,2022,130.0,185.0,221.0,233.0,243.0,267.0,304.0,1.0,2.0
3068,1180,419380.5,3805468.5,2022,128.0,182.0,219.0,231.0,242.0,269.0,305.0,1.0,1.0
3061,1212,419476.5,3805489.5,2022,162.0,203.0,224.0,234.0,244.0,272.0,316.0,1.0,2.0
3064,1230,419530.5,3805480.5,2022,164.0,201.0,225.0,235.0,246.0,274.0,309.0,1.0,2.0
3089,1279,419677.5,3805405.5,2022,107.0,188.0,223.0,234.0,245.0,270.0,325.0,1.0,2.0
3082,1290,419710.5,3805426.5,2022,118.0,201.0,226.0,237.0,248.0,277.0,311.0,1.0,2.0
3082,1329,419827.5,3805426.5,2022,128.0,201.0,221.0,232.0,245.0,273.0,298.0,1.0,2.0
3074,1523,420409.5,3805450.5,2022,121.0,218.0,240.0,255.0,269.0,290.0,327.0,1.0,1.0
3078,1538,420454.5,3805438.5,2022,120.0,205.0,230.0,245.0,265.0,286.0,314.0,1.0,2.0
3061,1577,420571.5,3805489.5,2022,126.0,204.0,227.0,240.0,256.0,285.0,327.0,1.0,1.0
3088,1603,420649.5,3805408.5,2022,120.0,230.0,250.0,263.0,276.0,296.0,320.0,1.0,1.0
3071,1630,420730.5,3805459.5,2022,166.0,216.0,235.0,247.0,260.0,282.0,307.0,1.0,1.0
3068,1651,420793.5,3805468.5,2022,119.0,211.0,231.0,244.0,261.0,285.0,315.0,1.0,1.0
3060,1827,421321.5,3805492.5,2022,133.0,200.0,227.0,240.0,253.0,277.0,305.0,1.0,2.0
3082,1889,421507.5,3805426.5,2022,130.0,203.0,228.0,240.0,254.0,279.0,304.0,1.0,2.0
3088,1892,421516.5,3805408.5,2022,129.0,205.0,229.0,241.0,255.0,277.0,299.0,1.0,1.0
3066,1941,421663.5,3805474.5,2022,118.0,199.0,226.0,238.0,253.0,280.0,310.0,1.0,2.0
3076,1977,421771.5,3805444.5,2022,140.0,210.0,229.0,240.0,254.0,278.0,317.0,1.0,2.0
3086,1998,421834.5,3805414.5,2022,151.0,207.0,227.0,240.0,253.0,278.0,321.0,1.0,1.0
3085,2039,421957.5,3805417.5,2022,141.0,207.0,227.0,239.0,252.0,278.0,318.0,1.0,2.0
3064,2044,421972.5,3805480.5,2022,123.0,206.0,227.0,239.0,252.0,276.0,308.0,1.0,2.0
3088,2081,422083.5,3805408.5,2022,140.0,209.0,228.0,238.0,250.0,274.0,305.0,1.0,2.0
3076,2218,422494.5,3805444.5,2022,136.0,202.0,222.0,234.0,247.0,275.0,305.0,1.0,2.0
3072,2225,422515.5,3805456.5,2022,152.0,203.0,221.0,232.0,244.0,270.0,298.0,1.0,2.0
3086,2308,422764.5,3805414.5,2022,158.0,210.0,229.0,239.0,253.0,279.0,322.0,1.0,1.0
3080,2330,422830.5,3805432.5,2022,157.0,209.0,228.0,238.0,251.0,277.0,306.0,1.0,1.0
3061,2347,422881.5,3805489.5,2022,117.0,199.0,227.0,238.0,253.0,282.0,322.0,1.0,1.0
3064,2370,422950.5,3805480.5,2022,142.0,189.0,223.0,236.0,253.0,288.0,327.0,1.0,1.0
3061,2403,423049.5,3805489.5,2022,111.0,187.0,222.0,236.0,252.0,284.0,324.0,1.0,1.0
3067,2438,423154.5,3805471.5,2022,161.0,206.0,222.0,232.0,242.0,271.0,313.0,1.0,2.0
3072,2468,423244.5,3805456.5,2022,163.0,204.0,223.0,233.0,246.0,277.0,314.0,1.0,2.0
3088,2514,423382.5,3805408.5,2022,134.0,197.0,221.0,233.0,246.0,278.0,319.0,1.0,2.0
3082,2530,423430.5,3805426.5,2022,156.0,199.0,222.0,233.0,245.0,275.0,324.0,1.0,2.0
3076,2571,423553.5,3805444.5,2022,152.0,198.0,219.0,231.0,244.0,277.0,320.0,1.0,2.0
3066,2607,423661.5,3805474.5,2022,133.0,193.0,219.0,231.0,246.0,280.0,320.0,1.0,1.0
3061,2634,423742.5,3805489.5,2022,137.0,196.0,221.0,233.0,245.0,279.0,334.0,1.0,2.0
3061,2643,423769.5,3805489.5,2022,139.0,198.0,222.0,233.0,246.0,282.0,334.0,1.0,2.0
3086,2674,423862.5,3805414.5,2022,145.0,192.0,223.0,236.0,252.0,283.0,325.0,1.0,2.0
3081,2702,423946.5,3805429.5,2022,131.0,186.0,219.0,232.0,246.0,283.0,319.0,1.0,1.0
3081,2748,424084.5,3805429.5,2022,101.0,184.0,217.0,230.0,245.0,281.0,319.0,1.0,1.0
3062,2760,424120.5,3805486.5,2022,134.0,189.0,218.0,231.0,246.0,280.0,324.0,1.0,2.0
3081,2801,424243.5,3805429.5,2022,133.0,184.0,216.0,229.0,245.0,282.0,321.0,1.0,1.0
3088,2834,424342.5,3805408.5,2022,116.0,188.0,220.0,233.0,247.0,278.0,330.0,1.0,2.0
3067,2861,424423.5,3805471.5,2022,138.0,186.0,219.0,231.0,246.0,280.0,332.0,1.0,1.0
3088,2885,424495.5,3805408.5,2022,105.0,180.0,214.0,228.0,245.0,281.0,330.0,1.0,1.0
3088,2928,424624.5,3805408.5,2022,137.0,179.0,212.0,224.0,241.0,280.0,322.0,1.0,1.0
3079,2945,424675.5,3805435.5,2022,116.0,177.0,210.0,222.0,240.0,280.0,314.0,1.0,1.0
3071,3185,425395.5,3805459.5,2022,143.0,186.0,212.0,223.0,236.0,269.0,317.0,1.0,1.0
3089,3227,425521.5,3805405.5,2022,106.0,175.0,206.0,219.0,235.0,276.0,322.0,1.0,1.0
3089,3268,425644.5,3805405.5,2022,100.0,176.0,207.0,222.0,238.0,270.0,315.0,1.0,1.0
3070,3274,425662.5,3805462.5,2022,109.0,176.0,209.0,222.0,237.0,271.0,329.0,1.0,1.0
3073,3310,425770.5,3805453.5,2022,102.0,180.0,208.0,220.0,236.0,273.0,320.0,1.0,1.0
3076,3331,425833.5,3805444.5,2022,97.0,178.0,208.0,222.0,239.0,272.0,318.0,1.0,1.0
3093,17,415891.5,3805393.5,2022,185.0,203.0,223.0,236.0,249.0,273.0,367.0,1.0,1.0
3104,45,415975.5,3805360.5,2022,154.0,198.0,219.0,230.0,242.0,264.0,288.0,1.0,1.0
3100,80,416080.5,3805372.5,2022,145.0,196.0,219.0,231.0,243.0,267.0,294.0,1.0,1.0
3112,95,416125.5,3805336.5,2022,169.0,197.0,217.0,229.0,241.0,264.0,285.0,1.0,1.0
3095,149,416287.5,3805387.5,2022,177.0,200.0,219.0,230.0,241.0,263.0,291.0,1.0,1.0
3091,168,416344.5,3805399.5,2022,183.0,202.0,220.0,230.0,242.0,264.0,293.0,1.0,1.0
3108,198,416434.5,3805348.5,2022,176.0,197.0,217.0,228.0,240.0,262.0,299.0,1.0,1.0
3118,230,416530.5,3805318.5,2022,175.0,196.0,216.0,227.0,239.0,261.0,286.0,1.0,1.0
3100,250,416590.5,3805372.5,2022,173.0,195.0,224.0,235.0,246.0,266.0,292.0,1.0,2.0
3118,294,416722.5,3805318.5,2022,152.0,181.0,218.0,231.0,242.0,267.0,301.0,1.0,2.0
3095,315,416785.5,3805387.5,2022,176.0,198.0,218.0,228.0,240.0,262.0,286.0,1.0,2.0
3104,351,416893.5,3805360.5,2022,169.0,192.0,221.0,233.0,244.0,265.0,301.0,1.0,1.0
3090,384,416992.5,3805402.5,2022,175.0,194.0,216.0,227.0,238.0,257.0,280.0,1.0,1.0
3119,403,417049.5,3805315.5,2022,172.0,199.0,220.0,231.0,243.0,264.0,295.0,1.0,2.0
3111,449,417187.5,3805339.5,2022,172.0,191.0,215.0,227.0,239.0,260.0,286.0,1.0,1.0
3112,461,417223.5,3805336.5,2022,165.0,189.0,214.0,226.0,238.0,259.0,284.0,1.0,1.0
3115,480,417280.5,3805327.5,2022,156.0,194.0,215.0,226.0,239.0,263.0,292.0,1.0,1.0
3118,577,417571.5,3805318.5,2022,166.0,194.0,222.0,234.0,246.0,270.0,297.0,1.0,1.0
3105,686,417898.5,3805357.5,2022,160.0,191.0,217.0,229.0,242.0,273.0,317.0,1.0,2.0
3108,708,417964.5,3805348.5,2022,131.0,200.0,221.0,233.0,246.0,273.0,299.0,1.0,2.0
3104,823,418309.5,3805360.5,2022,168.0,191.0,222.0,234.0,246.0,273.0,302.0,1.0,1.0
3106,844,418372.5,3805354.5,2022,124.0,192.0,218.0,231.0,244.0,270.0,308.0,1.0,1.0
3106,890,418510.5,3805354.5,2022,157.0,194.0,222.0,234.0,246.0,270.0,306.0,1.0,1.0
3116,967,418741.5,3805324.5,2022,171.0,212.0,231.0,241.0,252.0,272.0,300.0,1.0,1.0
3094,1019,418897.5,3805390.5,2022,116.0,194.0,219.0,232.0,245.0,272.0,308.0,1.0,1.0
3095,1048,418984.5,3805387.5,2022,175.0,195.0,219.0,231.0,243.0,267.0,301.0,1.0,1.0
3108,1063,419029.5,3805348.5,2022,159.0,188.0,217.0,229.0,241.0,265.0,305.0,1.0,1.0
3108,1108,419164.5,3805348.5,2022,150.0,186.0,223.0,234.0,245.0,268.0,307.0,1.0,2.0
3119,1132,419236.5,3805315.5,2022,162.0,188.0,220.0,232.0,243.0,268.0,304.0,1.0,1.0
3111,1157,419311.5,3805339.5,2022,119.0,193.0,217.0,229.0,242.0,268.0,309.0,1.0,1.0
3094,1171,419353.5,3805390.5,2022,175.0,197.0,218.0,229.0,240.0,262.0,296.0,1.0,2.0
3094,1226,419518.5,3805390.5,2022,130.0,191.0,219.0,230.0,242.0,269.0,301.0,1.0,2.0
3110,1247,419581.5,3805342.5,2022,124.0,192.0,222.0,232.0,244.0,273.0,310.0,1.0,2.0
3119,1261,419623.5,3805315.5,2022,117.0,196.0,220.0,231.0,242.0,266.0,298.0,1.0,2.0
3102,1293,419719.5,3805366.5,2022,166.0,201.0,224.0,235.0,247.0,275.0,306.0,1.0,2.0
3093,1320,419800.5,3805393.5,2022,125.0,198.0,223.0,235.0,246.0,273.0,296.0,1.0,2.0
3091,1528,420424.5,3805399.5,2022,123.0,202.0,228.0,243.0,264.0,289.0,327.0,1.0,1.0
3104,1547,420481.5,3805360.5,2022,130.0,206.0,227.0,239.0,256.0,288.0,315.0,1.0,1.0
3108,1578,420574.5,3805348.5,2022,117.0,212.0,235.0,251.0,271.0,296.0,327.0,1.0,1.0
3108,1603,420649.5,3805348.5,2022,114.0,203.0,232.0,249.0,267.0,286.0,319.0,1.0,2.0
3110,1624,420712.5,3805342.5,2022,167.0,209.0,234.0,253.0,269.0,289.0,315.0,1.0,1.0
3110,1657,420811.5,3805342.5,2022,112.0,184.0,225.0,238.0,257.0,286.0,321.0,1.0,2.0
3117,1847,421381.5,3805321.5,2022,135.0,207.0,230.0,242.0,255.0,280.0,307.0,1.0,2.0
3099,1862,421426.5,3805375.5,2022,134.0,210.0,230.0,241.0,254.0,278.0,300.0,1.0,2.0
3090,1892,421516.5,3805402.5,2022,88.0,203.0,230.0,243.0,257.0,280.0,303.0,1.0,2.0
3101,2009,421867.5,3805369.5,2022,140.0,205.0,226.0,237.0,250.0,277.0,303.0,1.0,1.0
3096,2037,421951.5,3805384.5,2022,151.0,207.0,227.0,238.0,250.0,272.0,306.0,1.0,2.0
3100,2053,421999.5,3805372.5,2022,141.0,207.0,227.0,238.0,250.0,273.0,297.0,1.0,1.0
3107,2073,422059.5,3805351.5,2022,159.0,209.0,227.0,238.0,250.0,275.0,304.0,1.0,2.0
3117,2109,422167.5,3805321.5,2022,161.0,207.0,226.0,237.0,249.0,272.0,296.0,1.0,2.0
3113,2152,422296.5,3805333.5,2022,130.0,204.0,225.0,237.0,249.0,273.0,302.0,1.0,1.0
3105,2307,422761.5,3805357.5,2022,134.0,204.0,224.0,236.0,250.0,278.0,315.0,1.0,2.0
3091,2334,422842.5,3805399.5,2022,137.0,202.0,225.0,237.0,252.0,282.0,325.0,1.0,1.0
3104,2357,422911.5,3805360.5,2022,137.0,197.0,222.0,234.0,249.0,281.0,331.0,1.0,2.0
3115,2412,423076.5,3805327.5,2022,115.0,183.0,220.0,235.0,252.0,283.0,322.0,1.0,1.0
3114,2445,423175.5,3805330.5,2022,156.0,201.0,222.0,233.0,246.0,278.0,317.0,1.0,1.0
3097,2471,423253.5,3805381.5,2022,146.0,200.0,220.0,232.0,245.0,276.0,317.0,1.0,1.0
3103,2499,423337.5,3805363.5,2022,155.0,202.0,221.0,232.0,245.0,276.0,316.0,1.0,2.0
3111,2525,423415.5,3805339.5,2022,149.0,196.0,221.0,233.0,246.0,277.0,320.0,1.0,2.0
3119,2553,423499.5,3805315.5,2022,109.0,192.0,220.0,232.0,245.0,276.0,319.0,1.0,1.0
3102,2599,423637.5,3805366.5,2022,144.0,194.0,221.0,233.0,246.0,281.0,316.0,1.0,2.0
3096,2617,423691.5,3805384.5,2022,152.0,198.0,218.0,230.0,242.0,275.0,318.0,1.0,2.0
3103,2664,423832.5,3805363.5,2022,149.0,200.0,223.0,234.0,246.0,277.0,318.0,1.0,2.0
3117,2679,423877.5,3805321.5,2022,129.0,189.0,220.0,233.0,246.0,280.0,323.0,1.0,1.0
3113,2716,423988.5,3805333.5,2022,112.0,187.0,219.0,232.0,247.0,278.0,321.0,1.0,1.0
3110,2756,424108.5,3805342.5,2022,123.0,186.0,219.0,232.0,246.0,282.0,320.0,1.0,2.0
3106,2768,424144.5,3805354.5,2022,112.0,191.0,219.0,231.0,244.0,276.0,314.0,1.0,1.0
3101,2799,424237.5,3805369.5,2022,119.0,190.0,219.0,232.0,245.0,280.0,325.0,1.0,2.0
3090,2840,424360.5,3805402.5,2022,123.0,189.0,220.0,232.0,246.0,278.0,312.0,1.0,2.0
3117,2855,424405.5,3805321.5,2022,106.0,192.0,216.0,228.0,241.0,275.0,323.0,1.0,1.0
3114,2893,424519.5,3805330.5,2022,103.0,184.0,212.0,223.0,239.0,278.0,332.0,1.0,1.0
3111,2923,424609.5,3805339.5,2022,115.0,179.0,211.0,223.0,240.0,279.0,315.0,1.0,1.0
3097,2940,424660.5,3805381.5,2022,131.0,180.0,211.0,222.0,238.0,280.0,324.0,1.0,1.0
3102,3234,425542.5,3805366.5,2022,100.0,173.0,204.0,218.0,233.0,270.0,315.0,1.0,1.0
3111,3265,425635.5,3805339.5,2022,101.0,174.0,205.0,220.0,237.0,269.0,315.0,1.0,1.0
3110,3271,425653.5,3805342.5,2022,104.0,177.0,206.0,222.0,239.0,270.0,314.0,1.0,1.0
3097,3328,425824.5,3805381.5,2022,99.0,175.0,204.0,218.0,236.0,275.0,324.0,1.0,1.0
3107,3332,425836.5,3805351.5,2022,96.0,174.0,204.0,219.0,237.0,274.0,326.0,1.0,1.0
3145,16,415888.5,3805237.5,2022,177.0,195.0,214.0,226.0,239.0,266.0,293.0,1.0,1.0
3128,49,415987.5,3805288.5,2022,172.0,196.0,217.0,229.0,243.0,267.0,297.0,1.0,1.0
3148,76,416068.5,3805228.5,2022,174.0,195.0,216.0,227.0,240.0,266.0,294.0,1.0,1.0
3148,112,416176.5,3805228.5,2022,176.0,197.0,215.0,226.0,240.0,266.0,292.0,1.0,2.0
3126,122,416206.5,3805294.5,2022,182.0,198.0,215.0,226.0,239.0,263.0,290.0,1.0,1.0
3143,170,416350.5,3805243.5,2022,174.0,195.0,216.0,227.0,238.0,259.0,290.0,1.0,1.0
3120,205,416455.5,3805312.5,2022,171.0,192.0,214.0,226.0,238.0,261.0,286.0,1.0,1.0
3134,235,416545.5,3805270.5,2022,163.0,188.0,217.0,229.0,241.0,264.0,295.0,1.0,1.0
3133,265,416635.5,3805273.5,2022,165.0,193.0,217.0,228.0,238.0,258.0,284.0,1.0,1.0
3138,279,416677.5,3805258.5,2022,170.0,193.0,217.0,228.0,239.0,261.0,291.0,1.0,1.0
3137,303,416749.5,3805261.5,2022,171.0,190.0,217.0,229.0,240.0,263.0,323.0,1.0,2.0
3132,344,416872.5,3805276.5,2022,170.0,194.0,220.0,232.0,243.0,262.0,289.0,1.0,2.0
3131,369,416947.5,3805279.5,2022,165.0,189.0,214.0,227.0,241.0,265.0,298.0,1.0,1.0
3143,414,417082.5,3805243.5,2022,157.0,187.0,217.0,229.0,241.0,263.0,300.0,1.0,1.0
3140,424,417112.5,3805252.5,2022,156.0,192.0,219.0,230.0,242.0,263.0,294.0,1.0,2.0
3128,455,417205.5,3805288.5,2022,118.0,190.0,215.0,228.0,242.0,267.0,306.0,1.0,2.0
3132,833,418339.5,3805276.5,2022,172.0,195.0,217.0,228.0,239.0,262.0,294.0,1.0,1.0
3125,865,418435.5,3805297.5,2022,170.0,216.0,232.0,241.0,252.0,274.0,311.0,1.0,1.0
3135,873,418459.5,3805267.5,2022,173.0,217.0,232.0,241.0,251.0,271.0,304.0,1.0,1.0
3129,923,418609.5,3805285.5,2022,175.0,216.0,233.0,242.0,254.0,278.0,321.0,1.0,1.0
3126,943,418669.5,3805294.5,2022,170.0,208.0,229.0,239.0,250.0,273.0,309.0,1.0,2.0
3122,963,418729.5,3805306.5,2022,172.0,210.0,231.0,240.0,251.0,272.0,296.0,1.0,2.0
3145,1000,418840.5,3805237.5,2022,161.0,202.0,226.0,237.0,248.0,269.0,333.0,1.0,2.0
3149,1049,418987.5,3805225.5,2022,155.0,200.0,228.0,239.0,250.0,273.0,313.0,1.0,2.0
3122,1065,419035.5,3805306.5,2022,159.0,187.0,221.0,233.0,244.0,269.0,307.0,1.0,1.0
3143,1099,419137.5,3805243.5,2022,135.0,193.0,219.0,230.0,242.0,267.0,300.0,1.0,1.0
3139,1113,419179.5,3805255.5,2022,161.0,190.0,220.0,231.0,242.0,268.0,308.0,1.0,1.0
3132,1142,419266.5,3805276.5,2022,135.0,192.0,220.0,231.0,242.0,267.0,304.0,1.0,1.0
3133,1194,419422.5,3805273.5,2022,125.0,187.0,222.0,233.0,244.0,269.0,298.0,1.0,2.0
3127,1229,419527.5,3805291.5,2022,161.0,198.0,222.0,233.0,245.0,277.0,316.0,1.0,1.0
3129,1245,419575.5,3805285.5,2022,142.0,196.0,221.0,232.0,244.0,272.0,308.0,1.0,1.0
3120,1261,419623.5,3805312.5,2022,122.0,197.0,222.0,232.0,243.0,267.0,300.0,1.0,2.0
3128,1326,419818.5,3805288.5,2022,118.0,195.0,225.0,237.0,250.0,277.0,305.0,1.0,2.0
3145,1527,420421.5,3805237.5,2022,112.0,193.0,232.0,248.0,265.0,286.0,314.0,1.0,1.0
3140,1531,420433.5,3805252.5,2022,115.0,188.0,226.0,239.0,264.0,287.0,329.0,1.0,1.0
3126,1571,420553.5,3805294.5,2022,117.0,211.0,232.0,247.0,265.0,292.0,329.0,1.0,1.0
3136,1592,420616.5,3805264.5,2022,116.0,205.0,229.0,242.0,258.0,283.0,325.0,1.0,1.0
3129,1634,420742.5,3805285.5,2022,133.0,205.0,228.0,241.0,257.0,285.0,320.0,1.0,1.0
3144,1652,420796.5,3805240.5,2022,120.0,182.0,229.0,242.0,260.0,287.0,322.0,1.0,2.0
3120,1843,421369.5,3805312.5,2022,137.0,209.0,231.0,242.0,255.0,280.0,311.0,1.0,2.0
3124,1927,421621.5,3805300.5,2022,133.0,204.0,228.0,239.0,252.0,279.0,309.0,1.0,2.0
3134,1959,421717.5,3805270.5,2022,139.0,206.0,227.0,238.0,251.0,275.0,312.0,1.0,2.0
3122,2039,421957.5,3805306.5,2022,124.0,209.0,227.0,237.0,249.0,272.0,295.0,1.0,2.0
3126,2047,421981.5,3805294.5,2022,127.0,202.0,226.0,238.0,251.0,278.0,307.0,1.0,2.0
3121,2086,422098.5,3805309.5,2022,122.0,204.0,224.0,236.0,248.0,273.0,303.0,1.0,2.0
3133,2111,422173.5,3805273.5,2022,134.0,205.0,224.0,235.0,246.0,270.0,303.0,1.0,2.0
3123,2178,422374.5,3805303.5,2022,152.0,208.0,227.0,238.0,251.0,277.0,314.0,1.0,2.0
3147,2332,422836.5,3805231.5,2022,155.0,206.0,226.0,237.0,250.0,280.0,312.0,1.0,1.0
3135,2346,422878.5,3805267.5,2022,140.0,203.0,225.0,237.0,251.0,281.0,315.0,1.0,1.0
3122,2372,422956.5,3805306.5,2022,132.0,189.0,224.0,236.0,250.0,280.0,326.0,1.0,1.0
3149,2425,423115.5,3805225.5,2022,153.0,193.0,221.0,234.0,247.0,277.0,320.0,1.0,1.0
3128,2448,423184.5,3805288.5,2022,149.0,196.0,219.0,231.0,245.0,276.0,319.0,1.0,1.0
3140,2468,423244.5,3805252.5,2022,155.0,199.0,221.0,232.0,244.0,270.0,316.0,1.0,1.0
3142,2503,423349.5,3805246.5,2022,147.0,198.0,221.0,233.0,245.0,276.0,314.0,1.0,2.0
3130,2543,423469.5,3805282.5,2022,132.0,194.0,219.0,232.0,245.0,279.0,319.0,1.0,1.0
3120,2576,423568.5,3805312.5,2022,147.0,196.0,220.0,232.0,245.0,279.0,317.0,1.0,1.0
3146,2609,423667.5,3805234.5,2022,131.0,192.0,221.0,233.0,247.0,281.0,316.0,1.0,1.0
3132,2616,423688.5,3805276.5,2022,132.0,188.0,219.0,233.0,249.0,281.0,324.0,1.0,1.0
3137,2667,423841.5,3805261.5,2022,147.0,194.0,220.0,233.0,249.0,285.0,325.0,1.0,2.0
3148,2691,423913.5,3805228.5,2022,145.0,188.0,218.0,232.0,246.0,279.0,318.0,1.0,2.0
3134,2716,423988.5,3805270.5,2022,100.0,184.0,218.0,231.0,245.0,277.0,311.0,1.0,1.0
3139,2739,424057.5,3805255.5,2022,108.0,188.0,220.0,233.0,248.0,280.0,317.0,1.0,2.0
3136,2771,424153.5,3805264.5,2022,104.0,181.0,219.0,233.0,248.0,282.0,315.0,1.0,1.0
3130,2802,424246.5,3805282.5,2022,106.0,179.0,216.0,231.0,248.0,282.0,326.0,1.0,1.0
3129,2847,424381.5,3805285.5,2022,137.0,187.0,220.0,232.0,246.0,279.0,320.0,1.0,2.0
3135,2852,424396.5,3805267.5,2022,108.0,182.0,213.0,227.0,243.0,279.0,314.0,1.0,1.0
3136,2894,424522.5,3805264.5,2022,127.0,189.0,215.0,227.0,244.0,279.0,326.0,1.0,1.0
3134,2928,424624.5,3805270.5,2022,119.0,177.0,212.0,227.0,246.0,283.0,327.0,1.0,1.0
3147,2941,424663.5,3805231.5,2022,117.0,182.0,211.0,222.0,238.0,279.0,317.0,1.0,1.0
3140,3153,425299.5,3805252.5,2022,135.0,173.0,215.0,227.0,240.0,268.0,302.0,1.0,1.0
3145,3237,425551.5,3805237.5,2022,95.0,174.0,205.0,218.0,233.0,270.0,313.0,1.0,1.0
3140,3252,425596.5,3805252.5,2022,103.0,175.0,205.0,219.0,238.0,271.0,314.0,1.0,1.0
3129,3294,425722.5,3805285.5,2022,100.0,174.0,205.0,220.0,236.0,269.0,321.0,1.0,1.0
3140,3320,425800.5,3805252.5,2022,95.0,174.0,203.0,217.0,234.0,272.0,318.0,1.0,1.0
3141,3331,425833.5,3805249.5,2022,96.0,177.0,205.0,219.0,236.0,271.0,320.0,1.0,1.0
3154,13,415879.5,3805210.5,2022,175.0,194.0,212.0,224.0,236.0,263.0,299.0,1.0,1.0
3165,36,415948.5,3805177.5,2022,168.0,193.0,216.0,229.0,243.0,267.0,298.0,1.0,1.0
3151,77,416071.5,3805219.5,2022,171.0,198.0,218.0,230.0,243.0,270.0,302.0,1.0,1.0
3153,103,416149.5,3805213.5,2022,176.0,197.0,215.0,226.0,239.0,263.0,285.0,1.0,1.0
3161,129,416227.5,3805189.5,2022,184.0,200.0,218.0,229.0,241.0,263.0,289.0,1.0,1.0
3173,178,416374.5,3805153.5,2022,174.0,197.0,216.0,227.0,238.0,259.0,290.0,1.0,1.0
3151,186,416398.5,3805219.5,2022,168.0,193.0,217.0,228.0,239.0,262.0,290.0,1.0,1.0
3170,211,416473.5,3805162.5,2022,175.0,195.0,215.0,226.0,237.0,258.0,284.0,1.0,1.0
3176,260,416620.5,3805144.5,2022,173.0,196.0,218.0,229.0,241.0,264.0,297.0,1.0,1.0
3158,272,416656.5,3805198.5,2022,170.0,193.0,215.0,227.0,238.0,260.0,290.0,1.0,1.0
3155,328,416824.5,3805207.5,2022,172.0,196.0,216.0,228.0,240.0,264.0,292.0,1.0,1.0
3173,354,416902.5,3805153.5,2022,167.0,191.0,216.0,228.0,239.0,261.0,291.0,1.0,1.0
3171,388,417004.5,3805159.5,2022,124.0,191.0,214.0,226.0,239.0,262.0,293.0,1.0,1.0
3168,402,417046.5,3805168.5,2022,164.0,191.0,216.0,228.0,241.0,265.0,296.0,1.0,1.0
3169,420,417100.5,3805165.5,2022,168.0,193.0,217.0,229.0,240.0,262.0,292.0,1.0,1.0
3177,451,417193.5,3805141.5,2022,158.0,202.0,221.0,232.0,244.0,268.0,345.0,1.0,2.0
3171,547,417481.5,3805159.5,2022,182.0,201.0,219.0,230.0,243.0,269.0,296.0,1.0,1.0
3164,642,417766.5,3805180.5,2022,165.0,195.0,219.0,230.0,241.0,262.0,293.0,1.0,1.0
3174,685,417895.5,3805150.5,2022,170.0,194.0,219.0,231.0,243.0,273.0,305.0,1.0,1.0
3167,706,417958.5,3805171.5,2022,152.0,196.0,222.0,234.0,247.0,273.0,303.0,1.0,2.0
3165,836,418348.5,3805177.5,2022,138.0,191.0,219.0,231.0,244.0,272.0,304.0,1.0,2.0
3157,848,418384.5,3805201.5,2022,160.0,186.0,217.0,230.0,242.0,270.0,308.0,1.0,1.0
3179,873,418459.5,3805135.5,2022,152.0,188.0,217.0,229.0,242.0,268.0,299.0,1.0,1.0
3165,910,418570.5,3805177.5,2022,157.0,193.0,217.0,229.0,242.0,270.0,305.0,1.0,1.0
3167,949,418687.5,3805171.5,2022,155.0,188.0,222.0,234.0,247.0,277.0,316.0,1.0,2.0
3159,983,418789.5,3805195.5,2022,164.0,206.0,229.0,239.0,250.0,275.0,310.0,1.0,1.0
3168,1017,418891.5,3805168.5,2022,159.0,195.0,221.0,232.0,244.0,269.0,305.0,1.0,1.0
3165,1024,418912.5,3805177.5,2022,135.0,198.0,226.0,237.0,249.0,274.0,309.0,1.0,1.0
3157,1062,419026.5,3805201.5,2022,127.0,192.0,224.0,235.0,246.0,270.0,297.0,1.0,2.0
3150,1084,419092.5,3805222.5,2022,165.0,191.0,220.0,231.0,242.0,266.0,304.0,1.0,1.0
3158,1120,419200.5,3805198.5,2022,130.0,195.0,220.0,232.0,246.0,274.0,298.0,1.0,2.0
3150,1170,419350.5,3805222.5,2022,128.0,191.0,221.0,233.0,244.0,269.0,298.0,1.0,2.0
3164,1224,419512.5,3805180.5,2022,165.0,193.0,220.0,231.0,242.0,267.0,303.0,1.0,2.0
3163,1232,419536.5,3805183.5,2022,118.0,193.0,219.0,231.0,242.0,267.0,297.0,1.0,2.0
3162,1392,420016.5,3805186.5,2022,155.0,200.0,224.0,235.0,247.0,273.0,299.0,1.0,2.0
3157,1521,420403.5,3805201.5,2022,118.0,206.0,233.0,251.0,266.0,287.0,316.0,1.0,1.0
3158,1544,420472.5,3805198.5,2022,118.0,214.0,237.0,250.0,264.0,286.0,320.0,1.0,1.0
3156,1578,420574.5,3805204.5,2022,122.0,216.0,238.0,252.0,268.0,291.0,330.0,1.0,1.0
3153,1617,420691.5,3805213.5,2022,120.0,209.0,230.0,242.0,258.0,285.0,321.0,1.0,1.0
3150,1647,420781.5,3805222.5,2022,126.0,193.0,226.0,238.0,252.0,282.0,320.0,1.0,2.0
3155,1650,420790.5,3805207.5,2022,126.0,197.0,227.0,241.0,261.0,286.0,326.0,1.0,2.0
3162,2129,422227.5,3805186.5,2022,159.0,204.0,223.0,234.0,246.0,269.0,292.0,1.0,2.0
3151,2130,422230.5,3805219.5,2022,139.0,207.0,228.0,239.0,251.0,276.0,304.0,1.0,2.0
3174,2179,422377.5,3805150.5,2022,125.0,204.0,224.0,236.0,250.0,277.0,309.0,1.0,2.0
3159,2205,422455.5,3805195.5,2022,129.0,200.0,222.0,235.0,248.0,277.0,318.0,1.0,2.0
3176,2247,422581.5,3805144.5,2022,136.0,200.0,227.0,239.0,254.0,281.0,309.0,1.0,1.0
3167,2272,422656.5,3805171.5,2022,129.0,204.0,226.0,239.0,255.0,280.0,314.0,1.0,2.0
3171,2306,422758.5,3805159.5,2022,149.0,208.0,228.0,240.0,252.0,279.0,306.0,1.0,2.0
3158,2337,422851.5,3805198.5,2022,154.0,207.0,226.0,237.0,250.0,280.0,320.0,1.0,1.0
3163,2349,422887.5,3805183.5,2022,146.0,206.0,225.0,236.0,249.0,277.0,307.0,1.0,1.0
3170,2373,422959.5,3805162.5,2022,138.0,206.0,224.0,235.0,247.0,276.0,316.0,1.0,1.0
3155,2411,423073.5,3805207.5,2022,160.0,200.0,221.0,232.0,244.0,274.0,313.0,1.0,1.0
3168,2458,423214.5,3805168.5,2022,150.0,195.0,220.0,233.0,247.0,277.0,314.0,1.0,1.0
3166,2489,423307.5,3805174.5,2022,131.0,188.0,220.0,233.0,247.0,279.0,322.0,1.0,1.0
3158,2510,423370.5,3805198.5,2022,132.0,188.0,222.0,234.0,246.0,275.0,328.0,1.0,2.0
3159,2533,423439.5,3805195.5,2022,141.0,197.0,222.0,234.0,246.0,276.0,316.0,1.0,1.0
3162,2573,423559.5,3805186.5,2022,135.0,195.0,222.0,234.0,247.0,280.0,325.0,1.0,1.0
3169,2600,423640.5,3805165.5,2022,146.0,191.0,220.0,233.0,246.0,282.0,311.0,1.0,1.0
3154,2628,423724.5,3805210.5,2022,136.0,193.0,220.0,234.0,249.0,282.0,316.0,1.0,1.0
3163,2647,423781.5,3805183.5,2022,140.0,193.0,221.0,233.0,247.0,278.0,311.0,1.0,1.0
3179,2699,423937.5,3805135.5,2022,106.0,192.0,222.0,234.0,247.0,278.0,319.0,1.0,2.0
3168,2705,423955.5,3805168.5,2022,102.0,190.0,218.0,230.0,244.0,275.0,313.0,1.0,1.0
3162,2756,424108.5,3805186.5,2022,143.0,182.0,220.0,233.0,248.0,282.0,321.0,1.0,1.0
3151,2772,424156.5,3805219.5,2022,139.0,184.0,220.0,234.0,249.0,280.0,324.0,1.0,1.0
3150,2817,424291.5,3805222.5,2022,138.0,187.0,219.0,232.0,247.0,283.0,328.0,1.0,2.0
3170,2837,424351.5,3805162.5,2022,108.0,187.0,218.0,231.0,246.0,281.0,317.0,1.0,2.0
3150,2854,424402.5,3805222.5,2022,107.0,187.0,217.0,230.0,244.0,279.0,311.0,1.0,2.0
3164,2905,424555.5,3805180.5,2022,129.0,179.0,215.0,229.0,248.0,285.0,326.0,1.0,1.0
3159,2910,424570.5,3805195.5,2022,109.0,180.0,215.0,228.0,246.0,280.0,325.0,1.0,1.0
3166,3219,425497.5,3805174.5,2022,92.0,172.0,200.0,217.0,234.0,270.0,314.0,1.0,1.0
3157,3259,425617.5,3805201.5,2022,94.0,173.0,200.0,216.0,231.0,271.0,317.0,1.0,1.0
3179,3285,425695.5,3805135.5,2022,95.0,171.0,199.0,216.0,233.0,270.0,311.0,1.0,1.0
3159,3326,425818.5,3805195.5,2022,96.0,175.0,204.0,217.0,233.0,268.0,318.0,1.0,1.0
3168,3332,425836.5,3805168.5,2022,96.0,173.0,202.0,217.0,237.0,270.0,320.0,1.0,1.0
3187,10,415870.5,3805111.5,2022,160.0,194.0,214.0,226.0,238.0,263.0,290.0,1.0,1.0
3199,31,415933.5,3805075.5,2022,172.0,193.0,217.0,229.0,240.0,260.0,287.0,1.0,1.0
3196,65,416035.5,3805084.5,2022,169.0,190.0,214.0,227.0,240.0,269.0,305.0,1.0,1.0
3199,103,416149.5,3805075.5,2022,175.0,196.0,218.0,229.0,241.0,264.0,300.0,1.0,1.0
3209,142,416266.5,3805045.5,2022,173.0,195.0,218.0,230.0,242.0,267.0,305.0,1.0,1.0
3204,154,416302.5,3805060.5,2022,165.0,194.0,218.0,228.0,240.0,264.0,295.0,1.0,1.0
3205,189,416407.5,3805057.5,2022,169.0,195.0,217.0,228.0,240.0,262.0,291.0,1.0,2.0
3186,228,416524.5,3805114.5,2022,173.0,195.0,215.0,226.0,238.0,258.0,286.0,1.0,1.0
3198,248,416584.5,3805078.5,2022,166.0,197.0,217.0,228.0,240.0,262.0,289.0,1.0,1.0
3181,286,416698.5,3805129.5,2022,172.0,196.0,215.0,226.0,237.0,257.0,280.0,1.0,1.0
3180,311,416773.5,3805132.5,2022,181.0,201.0,218.0,230.0,241.0,264.0,290.0,1.0,2.0
3188,332,416836.5,3805108.5,2022,169.0,192.0,218.0,230.0,242.0,265.0,300.0,1.0,1.0
3181,386,416998.5,3805129.5,2022,170.0,194.0,218.0,229.0,240.0,262.0,290.0,1.0,1.0
3180,402,417046.5,3805132.5,2022,155.0,196.0,217.0,230.0,244.0,270.0,296.0,1.0,1.0
3209,432,417136.5,3805045.5,2022,169.0,193.0,218.0,231.0,246.0,275.0,307.0,1.0,1.0
3208,476,417268.5,3805048.5,2022,181.0,200.0,219.0,231.0,243.0,266.0,346.0,1.0,1.0
3209,487,417301.5,3805045.5,2022,172.0,197.0,218.0,228.0,240.0,266.0,299.0,1.0,1.0
3200,511,417373.5,3805072.5,2022,174.0,195.0,216.0,228.0,240.0,265.0,299.0,1.0,1.0
3187,562,417526.5,3805111.5,2022,162.0,192.0,219.0,231.0,243.0,268.0,301.0,1.0,1.0
3182,571,417553.5,3805126.5,2022,152.0,195.0,218.0,230.0,242.0,266.0,290.0,1.0,2.0
3193,628,417724.5,3805093.5,2022,174.0,199.0,219.0,230.0,243.0,269.0,306.0,1.0,1.0
3209,638,417754.5,3805045.5,2022,167.0,189.0,220.0,232.0,244.0,270.0,314.0,1.0,1.0
3195,681,417883.5,3805087.5,2022,157.0,195.0,221.0,233.0,246.0,275.0,304.0,1.0,2.0
3195,702,417946.5,3805087.5,2022,169.0,190.0,217.0,228.0,241.0,266.0,304.0,1.0,1.0
3207,748,418084.5,3805051.5,2022,166.0,201.0,228.0,240.0,254.0,280.0,321.0,1.0,1.0
3207,752,418096.5,3805051.5,2022,129.0,194.0,223.0,235.0,248.0,274.0,307.0,1.0,1.0
3198,794,418222.5,3805078.5,2022,154.0,189.0,220.0,232.0,245.0,276.0,315.0,1.0,1.0
3182,867,418441.5,3805126.5,2022,169.0,189.0,216.0,229.0,243.0,271.0,303.0,1.0,1.0
3180,872,418456.5,3805132.5,2022,159.0,189.0,219.0,231.0,242.0,268.0,301.0,1.0,1.0
3209,912,418576.5,3805045.5,2022,157.0,185.0,217.0,231.0,243.0,266.0,304.0,1.0,1.0
3198,969,418747.5,3805078.5,2022,115.0,191.0,218.0,230.0,242.0,268.0,308.0,1.0,2.0
3192,1013,418879.5,3805096.5,2022,116.0,192.0,218.0,231.0,244.0,270.0,298.0,1.0,1.0
3199,1027,418921.5,3805075.5,2022,169.0,191.0,220.0,233.0,244.0,268.0,296.0,1.0,1.0
3204,1125,419215.5,3805060.5,2022,97.0,189.0,221.0,235.0,249.0,275.0,293.0,1.0,2.0
3185,1179,419377.5,3805117.5,2022,121.0,197.0,228.0,238.0,250.0,273.0,295.0,1.0,2.0
3198,1201,419443.5,3805078.5,2022,125.0,197.0,223.0,235.0,248.0,274.0,308.0,1.0,2.0
3191,1305,419755.5,3805099.5,2022,117.0,202.0,222.0,234.0,246.0,267.0,289.0,1.0,2.0
3191,1486,420298.5,3805099.5,2022,126.0,196.0,228.0,241.0,254.0,277.0,309.0,1.0,1.0
3184,1501,420343.5,3805120.5,2022,159.0,205.0,226.0,238.0,250.0,273.0,329.0,1.0,2.0
3209,1531,420433.5,3805045.5,2022,129.0,207.0,229.0,240.0,254.0,279.0,314.0,1.0,1.0
3195,1569,420547.5,3805087.5,2022,158.0,215.0,237.0,250.0,265.0,286.0,325.0,1.0,1.0
3180,1639,420757.5,3805132.5,2022,120.0,195.0,225.0,237.0,252.0,279.0,308.0,1.0,2.0
3191,1986,421798.5,3805099.5,2022,167.0,210.0,228.0,238.0,250.0,275.0,312.0,1.0,2.0
3187,2157,422311.5,3805111.5,2022,142.0,204.0,224.0,235.0,247.0,274.0,305.0,1.0,2.0
3206,2237,422551.5,3805054.5,2022,134.0,204.0,229.0,242.0,259.0,288.0,324.0,1.0,2.0
3203,2256,422608.5,3805063.5,2022,157.0,206.0,227.0,238.0,251.0,276.0,302.0,1.0,2.0
3198,2305,422755.5,3805078.5,2022,142.0,204.0,226.0,238.0,252.0,277.0,308.0,1.0,1.0
3203,2317,422791.5,3805063.5,2022,155.0,204.0,226.0,238.0,253.0,278.0,314.0,1.0,1.0
3201,2354,422902.5,3805069.5,2022,164.0,191.0,218.0,230.0,246.0,267.0,291.0,1.0,2.0
3188,2371,422953.5,3805108.5,2022,98.0,186.0,216.0,228.0,253.0,286.0,321.0,1.0,2.0
3207,2426,423118.5,3805051.5,2022,146.0,193.0,219.0,231.0,245.0,275.0,303.0,1.0,1.0
3190,2430,423130.5,3805102.5,2022,160.0,196.0,220.0,232.0,244.0,272.0,300.0,1.0,1.0
3189,2477,423271.5,3805105.5,2022,112.0,194.0,220.0,233.0,247.0,274.0,310.0,1.0,2.0
3201,2513,423379.5,3805069.5,2022,133.0,193.0,222.0,234.0,248.0,278.0,311.0,1.0,1.0
3206,2525,423415.5,3805054.5,2022,135.0,191.0,225.0,237.0,252.0,279.0,321.0,1.0,1.0
3198,2559,423517.5,3805078.5,2022,134.0,196.0,223.0,234.0,245.0,275.0,303.0,1.0,1.0
3190,2588,423604.5,3805102.5,2022,124.0,192.0,221.0,234.0,247.0,277.0,307.0,1.0,1.0
3199,2621,423703.5,3805075.5,2022,114.0,188.0,220.0,233.0,248.0,279.0,313.0,1.0,1.0
3186,2654,423802.5,3805114.5,2022,106.0,186.0,221.0,234.0,249.0,281.0,323.0,1.0,1.0
3203,2684,423892.5,3805063.5,2022,129.0,190.0,223.0,235.0,248.0,278.0,306.0,1.0,1.0
3195,2714,423982.5,3805087.5,2022,134.0,195.0,221.0,233.0,247.0,277.0,310.0,1.0,1.0
3209,2753,424099.5,3805045.5,2022,99.0,188.0,224.0,236.0,250.0,277.0,303.0,1.0,2.0
3203,2782,424186.5,3805063.5,2022,106.0,182.0,214.0,228.0,243.0,279.0,312.0,1.0,1.0
3200,2819,424297.5,3805072.5,2022,97.0,178.0,218.0,234.0,254.0,283.0,313.0,1.0,1.0
3204,2836,424348.5,3805060.5,2022,106.0,179.0,216.0,230.0,248.0,282.0,310.0,1.0,1.0
3186,2851,424393.5,3805114.5,2022,131.0,178.0,215.0,231.0,249.0,282.0,329.0,1.0,1.0
3183,2908,424564.5,3805123.5,2022,104.0,175.0,212.0,227.0,249.0,285.0,325.0,1.0,1.0
3190,2917,424591.5,3805102.5,2022,102.0,174.0,212.0,228.0,244.0,282.0,319.0,1.0,1.0
3186,2943,424669.5,3805114.5,2022,101.0,175.0,214.0,227.0,244.0,276.0,322.0,1.0,1.0
3183,3058,425014.5,3805123.5,2022,140.0,177.0,214.0,228.0,243.0,277.0,332.0,1.0,1.0
3189,3063,425029.5,3805105.5,2022,129.0,176.0,215.0,228.0,243.0,275.0,317.0,1.0,2.0
3181,3209,425467.5,3805129.5,2022,96.0,173.0,203.0,217.0,233.0,274.0,315.0,1.0,1.0
3180,3211,425473.5,3805132.5,2022,99.0,171.0,201.0,216.0,233.0,274.0,315.0,1.0,1.0
3189,3242,425566.5,3805105.5,2022,102.0,178.0,204.0,217.0,232.0,270.0,325.0,1.0,1.0
3208,3296,425728.5,3805048.5,2022,95.0,171.0,203.0,224.0,240.0,269.0,323.0,1.0,1.0
3188,3329,425827.5,3805108.5,2022,94.0,172.0,200.0,216.0,234.0,272.0,321.0,1.0,1.0
3185,3333,425839.5,3805117.5,2022,99.0,175.0,204.0,218.0,234.0,268.0,320.0,1.0,1.0
3223,23,415909.5,3805003.5,2022,165.0,193.0,213.0,223.0,236.0,259.0,288.0,1.0,1.0
3235,44,415972.5,3804967.5,2022,168.0,196.0,219.0,231.0,243.0,266.0,305.0,1.0,1.0
3210,75,416065.5,3805042.5,2022,178.0,197.0,219.0,232.0,246.0,271.0,307.0,1.0,1.0
3235,98,416134.5,3804967.5,2022,181.0,198.0,218.0,230.0,242.0,264.0,297.0,1.0,1.0
3212,134,416242.5,3805036.5,2022,177.0,198.0,219.0,230.0,242.0,265.0,300.0,1.0,1.0
3232,153,416299.5,3804976.5,2022,135.0,195.0,218.0,229.0,242.0,268.0,301.0,1.0,1.0
3223,209,416467.5,3805003.5,2022,170.0,197.0,218.0,229.0,241.0,263.0,289.0,1.0,1.0
3235,232,416536.5,3804967.5,2022,170.0,197.0,217.0,229.0,242.0,264.0,292.0,1.0,2.0
3228,267,416641.5,3804988.5,2022,163.0,196.0,217.0,230.0,244.0,267.0,293.0,1.0,1.0
3227,277,416671.5,3804991.5,2022,128.0,195.0,216.0,227.0,239.0,264.0,289.0,1.0,1.0
3227,328,416824.5,3804991.5,2022,169.0,193.0,217.0,229.0,242.0,265.0,303.0,1.0,1.0
3220,354,416902.5,3805012.5,2022,169.0,191.0,214.0,226.0,239.0,263.0,299.0,1.0,1.0
3215,385,416995.5,3805027.5,2022,127.0,190.0,216.0,230.0,244.0,270.0,306.0,1.0,1.0
3224,406,417058.5,3805000.5,2022,174.0,200.0,223.0,235.0,248.0,274.0,301.0,1.0,2.0
3223,449,417187.5,3805003.5,2022,168.0,190.0,222.0,234.0,246.0,271.0,312.0,1.0,1.0
3219,462,417226.5,3805015.5,2022,168.0,188.0,216.0,229.0,243.0,268.0,314.0,1.0,1.0
3229,495,417325.5,3804985.5,2022,161.0,193.0,216.0,229.0,242.0,267.0,302.0,1.0,2.0
3230,513,417379.5,3804982.5,2022,174.0,194.0,214.0,225.0,237.0,260.0,290.0,1.0,1.0
3227,541,417463.5,3804991.5,2022,175.0,196.0,216.0,228.0,240.0,264.0,294.0,1.0,1.0
3237,576,417568.5,3804961.5,2022,181.0,202.0,220.0,232.0,245.0,269.0,292.0,1.0,1.0
3239,624,417712.5,3804955.5,2022,121.0,193.0,222.0,235.0,250.0,277.0,316.0,1.0,1.0
3211,641,417763.5,3805039.5,2022,161.0,190.0,223.0,235.0,247.0,272.0,310.0,1.0,1.0
3221,676,417868.5,3805009.5,2022,176.0,204.0,225.0,236.0,248.0,274.0,310.0,1.0,1.0
3213,696,417928.5,3805033.5,2022,170.0,199.0,226.0,238.0,252.0,277.0,306.0,1.0,1.0
3226,729,418027.5,3804994.5,2022,165.0,191.0,227.0,239.0,252.0,277.0,312.0,1.0,2.0
3212,753,418099.5,3805036.5,2022,169.0,193.0,222.0,235.0,248.0,277.0,310.0,1.0,1.0
3233,801,418243.5,3804973.5,2022,159.0,197.0,227.0,240.0,254.0,279.0,310.0,1.0,1.0
3227,813,418279.5,3804991.5,2022,166.0,192.0,220.0,233.0,246.0,276.0,307.0,1.0,1.0
3235,850,418390.5,3804967.5,2022,125.0,192.0,228.0,240.0,254.0,279.0,310.0,1.0,2.0
3229,898,418534.5,3804985.5,2022,164.0,198.0,226.0,239.0,253.0,280.0,310.0,1.0,1.0
3212,915,418585.5,3805036.5,2022,151.0,185.0,220.0,232.0,245.0,270.0,311.0,1.0,2.0
3217,940,418660.5,3805021.5,2022,124.0,202.0,229.0,241.0,254.0,278.0,305.0,1.0,1.0
3210,1016,418888.5,3805042.5,2022,139.0,191.0,221.0,235.0,248.0,274.0,300.0,1.0,1.0
3220,1025,418915.5,3805012.5,2022,106.0,187.0,217.0,231.0,245.0,275.0,314.0,1.0,2.0
3239,1141,419263.5,3804955.5,2022,117.0,197.0,218.0,231.0,244.0,270.0,296.0,1.0,1.0
3220,1194,419422.5,3805012.5,2022,162.0,197.0,216.0,227.0,239.0,261.0,284.0,1.0,2.0
3217,1458,420214.5,3805021.5,2022,128.0,206.0,227.0,237.0,250.0,273.0,298.0,1.0,2.0
3214,1480,420280.5,3805030.5,2022,125.0,209.0,232.0,244.0,258.0,280.0,301.0,1.0,2.0
3228,1525,420415.5,3804988.5,2022,127.0,209.0,231.0,244.0,261.0,288.0,335.0,1.0,2.0
3233,1538,420454.5,3804973.5,2022,167.0,211.0,231.0,243.0,258.0,284.0,336.0,1.0,1.0
3210,1569,420547.5,3805042.5,2022,127.0,211.0,230.0,241.0,255.0,279.0,310.0,1.0,2.0
3228,2094,422122.5,3804988.5,2022,153.0,209.0,228.0,238.0,251.0,275.0,304.0,1.0,1.0
3223,2145,422275.5,3805003.5,2022,158.0,208.0,227.0,237.0,249.0,273.0,298.0,1.0,2.0
3237,2175,422365.5,3804961.5,2022,150.0,207.0,226.0,237.0,249.0,273.0,296.0,1.0,2.0
3217,2246,422578.5,3805021.5,2022,123.0,188.0,224.0,240.0,260.0,289.0,324.0,1.0,2.0
3230,2253,422599.5,3804982.5,2022,146.0,201.0,228.0,241.0,258.0,286.0,327.0,1.0,1.0
3220,2305,422755.5,3805012.5,2022,152.0,204.0,225.0,237.0,251.0,277.0,302.0,1.0,2.0
3211,2325,422815.5,3805039.5,2022,159.0,199.0,220.0,232.0,247.0,276.0,304.0,1.0,1.0
3214,2343,422869.5,3805030.5,2022,150.0,180.0,210.0,224.0,242.0,275.0,296.0,1.0,1.0
3228,2377,422971.5,3804988.5,2022,174.0,202.0,219.0,229.0,240.0,259.0,282.0,1.0,1.0
3235,2409,423067.5,3804967.5,2022,155.0,200.0,221.0,233.0,246.0,272.0,301.0,1.0,1.0
3214,2437,423151.5,3805030.5,2022,109.0,190.0,219.0,233.0,247.0,276.0,306.0,1.0,1.0
3229,2467,423241.5,3804985.5,2022,140.0,196.0,223.0,236.0,249.0,277.0,311.0,1.0,1.0
3228,2509,423367.5,3804988.5,2022,124.0,193.0,222.0,235.0,248.0,277.0,311.0,1.0,1.0
3224,2536,423448.5,3805000.5,2022,126.0,189.0,221.0,234.0,249.0,279.0,316.0,1.0,1.0
3235,2550,423490.5,3804967.5,2022,107.0,184.0,221.0,234.0,248.0,278.0,322.0,1.0,1.0
3231,2588,423604.5,3804979.5,2022,126.0,185.0,219.0,233.0,248.0,278.0,309.0,1.0,1.0
3231,2638,423754.5,3804979.5,2022,115.0,187.0,219.0,233.0,248.0,277.0,306.0,1.0,1.0
3232,2644,423772.5,3804976.5,2022,122.0,191.0,220.0,233.0,248.0,277.0,305.0,1.0,1.0
3231,2671,423853.5,3804979.5,2022,136.0,191.0,221.0,234.0,248.0,277.0,309.0,1.0,2.0
3210,2702,423946.5,3805042.5,2022,134.0,187.0,220.0,233.0,246.0,279.0,310.0,1.0,1.0
3237,2759,424117.5,3804961.5,2022,113.0,189.0,220.0,233.0,249.0,279.0,305.0,1.0,2.0
3232,2783,424189.5,3804976.5,2022,102.0,191.0,217.0,230.0,247.0,281.0,316.0,1.0,1.0
3214,2805,424255.5,3805030.5,2022,102.0,180.0,218.0,234.0,254.0,283.0,313.0,1.0,2.0
3212,2844,424372.5,3805036.5,2022,112.0,186.0,215.0,231.0,247.0,280.0,310.0,1.0,1.0
3227,2870,424450.5,3804991.5,2022,105.0,180.0,212.0,227.0,246.0,281.0,306.0,1.0,1.0
3228,3197,425431.5,3804988.5,2022,95.0,171.0,201.0,220.0,237.0,271.0,323.0,1.0,1.0
3222,3267,425641.5,3805006.5,2022,99.0,171.0,203.0,219.0,235.0,271.0,321.0,1.0,1.0
3219,3297,425731.5,3805015.5,2022,92.0,172.0,199.0,217.0,237.0,273.0,325.0,1.0,1.0
3232,3312,425776.5,3804976.5,2022,96.0,170.0,201.0,220.0,238.0,270.0,314.0,1.0,1.0
3265,2,415846.5,3804877.5,2022,175.0,195.0,221.0,234.0,246.0,268.0,290.0,1.0,1.0
3254,52,415996.5,3804910.5,2022,169.0,193.0,217.0,230.0,242.0,267.0,304.0,1.0,1.0
3243,76,416068.5,3804943.5,2022,180.0,199.0,219.0,230.0,243.0,267.0,297.0,1.0,1.0
3246,101,416143.5,3804934.5,2022,177.0,197.0,218.0,229.0,241.0,264.0,301.0,1.0,1.0
3247,136,416248.5,3804931.5,2022,175.0,196.0,216.0,227.0,239.0,265.0,302.0,1.0,1.0
3244,172,416356.5,3804940.5,2022,172.0,193.0,213.0,225.0,236.0,259.0,289.0,1.0,1.0
3262,185,416395.5,3804886.5,2022,164.0,193.0,216.0,228.0,241.0,264.0,295.0,1.0,1.0
3257,221,416503.5,3804901.5,2022,170.0,194.0,219.0,232.0,244.0,266.0,289.0,1.0,1.0
3256,264,416632.5,3804904.5,2022,164.0,192.0,216.0,228.0,240.0,263.0,292.0,1.0,1.0
3242,299,416737.5,3804946.5,2022,172.0,193.0,218.0,230.0,242.0,264.0,295.0,1.0,1.0
3249,302,416746.5,3804925.5,2022,171.0,192.0,219.0,231.0,244.0,266.0,300.0,1.0,1.0
3263,350,416890.5,3804883.5,2022,169.0,194.0,216.0,229.0,242.0,268.0,298.0,1.0,1.0
3264,360,416920.5,3804880.5,2022,174.0,197.0,219.0,231.0,242.0,265.0,290.0,1.0,1.0
3260,408,417064.5,3804892.5,2022,177.0,197.0,219.0,231.0,244.0,269.0,304.0,1.0,1.0
3242,443,417169.5,3804946.5,2022,179.0,199.0,219.0,230.0,243.0,269.0,305.0,1.0,2.0
3243,478,417274.5,3804943.5,2022,114.0,191.0,217.0,230.0,244.0,268.0,310.0,1.0,1.0
3252,481,417283.5,3804916.5,2022,171.0,192.0,216.0,228.0,240.0,264.0,299.0,1.0,1.0
3242,512,417376.5,3804946.5,2022,164.0,195.0,216.0,227.0,241.0,267.0,296.0,1.0,1.0
3253,562,417526.5,3804913.5,2022,173.0,197.0,217.0,228.0,240.0,265.0,292.0,1.0,1.0
3251,591,417613.5,3804919.5,2022,169.0,196.0,219.0,231.0,242.0,269.0,297.0,1.0,1.0
3244,600,417640.5,3804940.5,2022,165.0,194.0,219.0,231.0,243.0,272.0,300.0,1.0,1.0
3259,645,417775.5,3804895.5,2022,162.0,191.0,224.0,236.0,249.0,274.0,315.0,1.0,1.0
3268,687,417901.5,3804868.5,2022,164.0,190.0,217.0,229.0,241.0,265.0,298.0,1.0,1.0
3246,717,417991.5,3804934.5,2022,161.0,186.0,228.0,240.0,253.0,281.0,319.0,1.0,1.0
3248,721,418003.5,3804928.5,2022,161.0,185.0,226.0,238.0,250.0,277.0,316.0,1.0,2.0
3243,767,418141.5,3804943.5,2022,161.0,190.0,221.0,234.0,246.0,274.0,304.0,1.0,1.0
3241,836,418348.5,3804949.5,2022,119.0,187.0,228.0,240.0,255.0,282.0,327.0,1.0,2.0
3240,854,418402.5,3804952.5,2022,114.0,193.0,226.0,240.0,254.0,280.0,307.0,1.0,2.0
3260,870,418450.5,3804892.5,2022,129.0,189.0,216.0,228.0,241.0,271.0,306.0,1.0,1.0
3268,904,418552.5,3804868.5,2022,165.0,189.0,215.0,227.0,241.0,269.0,308.0,1.0,1.0
3245,934,418642.5,3804937.5,2022,126.0,188.0,223.0,236.0,250.0,274.0,303.0,1.0,1.0
3240,1142,419266.5,3804952.5,2022,122.0,200.0,219.0,231.0,243.0,267.0,290.0,1.0,2.0
3254,1222,419506.5,3804910.5,2022,135.0,198.0,223.0,234.0,245.0,267.0,294.0,1.0,2.0
3263,1437,420151.5,3804883.5,2022,141.0,214.0,235.0,246.0,258.0,279.0,306.0,1.0,2.0
3262,1448,420184.5,3804886.5,2022,162.0,213.0,231.0,242.0,254.0,276.0,300.0,1.0,2.0
3267,1496,420328.5,3804871.5,2022,133.0,208.0,228.0,239.0,251.0,277.0,307.0,1.0,1.0
3242,1526,420418.5,3804946.5,2022,130.0,212.0,235.0,248.0,262.0,284.0,318.0,1.0,1.0
3267,1553,420499.5,3804871.5,2022,125.0,212.0,232.0,243.0,257.0,281.0,311.0,1.0,2.0
3268,1562,420526.5,3804868.5,2022,138.0,211.0,230.0,241.0,254.0,277.0,307.0,1.0,2.0
3247,2120,422200.5,3804931.5,2022,162.0,209.0,226.0,236.0,247.0,271.0,293.0,1.0,1.0
3260,2158,422314.5,3804892.5,2022,151.0,204.0,224.0,236.0,249.0,275.0,310.0,1.0,2.0
3251,2178,422374.5,3804919.5,2022,124.0,200.0,223.0,236.0,249.0,277.0,315.0,1.0,2.0
3251,2218,422494.5,3804919.5,2022,134.0,205.0,228.0,241.0,256.0,282.0,311.0,1.0,1.0
3262,2239,422557.5,3804886.5,2022,143.0,193.0,227.0,241.0,259.0,290.0,344.0,1.0,1.0
3248,2256,422608.5,3804928.5,2022,133.0,200.0,226.0,240.0,257.0,287.0,325.0,1.0,1.0
3252,2292,422716.5,3804916.5,2022,132.0,202.0,225.0,238.0,253.0,278.0,307.0,1.0,2.0
3248,2320,422800.5,3804928.5,2022,151.0,206.0,225.0,237.0,251.0,278.0,304.0,1.0,1.0
3240,2351,422893.5,3804952.5,2022,169.0,199.0,219.0,231.0,242.0,265.0,289.0,1.0,1.0
3258,2370,422950.5,3804898.5,2022,169.0,199.0,218.0,229.0,241.0,266.0,292.0,1.0,1.0
3241,2405,423055.5,3804949.5,2022,148.0,198.0,222.0,234.0,247.0,274.0,301.0,1.0,2.0
3252,2444,423172.5,3804916.5,2022,125.0,192.0,221.0,234.0,248.0,278.0,309.0,1.0,1.0
3245,2483,423289.5,3804937.5,2022,120.0,187.0,220.0,233.0,247.0,278.0,308.0,1.0,1.0
3262,2508,423364.5,3804886.5,2022,125.0,190.0,221.0,234.0,248.0,278.0,307.0,1.0,1.0
3257,2532,423436.5,3804901.5,2022,135.0,196.0,222.0,235.0,248.0,278.0,312.0,1.0,1.0
3258,2576,423568.5,3804898.5,2022,111.0,194.0,223.0,234.0,247.0,276.0,306.0,1.0,1.0
3255,2603,423649.5,3804907.5,2022,141.0,194.0,222.0,235.0,248.0,279.0,316.0,1.0,1.0
3268,2627,423721.5,3804868.5,2022,111.0,188.0,221.0,234.0,247.0,277.0,306.0,1.0,1.0
3261,2654,423802.5,3804889.5,2022,115.0,189.0,221.0,234.0,248.0,278.0,307.0,1.0,1.0
3257,2673,423859.5,3804901.5,2022,115.0,191.0,222.0,235.0,249.0,281.0,309.0,1.0,1.0
3268,2719,423997.5,3804868.5,2022,102.0,193.0,221.0,233.0,247.0,279.0,308.0,1.0,1.0
3246,2745,424075.5,3804934.5,2022,124.0,190.0,221.0,234.0,248.0,277.0,302.0,1.0,2.0
3265,2783,424189.5,3804877.5,2022,122.0,182.0,218.0,233.0,249.0,283.0,313.0,1.0,2.0
3258,2817,424291.5,3804898.5,2022,104.0,181.0,219.0,233.0,248.0,277.0,304.0,1.0,1.0
3240,2822,424306.5,3804952.5,2022,105.0,177.0,217.0,231.0,246.0,282.0,314.0,1.0,1.0
3245,2852,424396.5,3804937.5,2022,109.0,176.0,210.0,225.0,244.0,284.0,317.0,1.0,1.0
3268,3238,425554.5,3804868.5,2022,92.0,172.0,198.0,217.0,236.0,271.0,326.0,1.0,1.0
3266,3242,425566.5,3804874.5,2022,89.0,169.0,192.0,218.0,237.0,273.0,318.0,1.0,1.0
3259,3298,425734.5,3804895.5,2022,88.0,172.0,204.0,220.0,237.0,271.0,318.0,1.0,1.0
3255,3301,425743.5,3804907.5,2022,94.0,170.0,198.0,219.0,236.0,274.0,316.0,1.0,1.0
3289,21,415903.5,3804805.5,2022,134.0,196.0,217.0,228.0,242.0,265.0,291.0,1.0,1.0
3274,59,416017.5,3804850.5,2022,172.0,192.0,212.0,224.0,236.0,260.0,290.0,1.0,1.0
3276,64,416032.5,3804844.5,2022,177.0,193.0,213.0,224.0,237.0,262.0,292.0,1.0,1.0
3271,97,416131.5,3804859.5,2022,167.0,192.0,216.0,227.0,240.0,264.0,303.0,1.0,1.0
3270,120,416200.5,3804862.5,2022,126.0,193.0,215.0,226.0,239.0,265.0,301.0,1.0,1.0
3275,162,416326.5,3804847.5,2022,178.0,199.0,216.0,227.0,239.0,260.0,285.0,1.0,1.0
3296,199,416437.5,3804784.5,2022,168.0,192.0,226.0,238.0,251.0,273.0,304.0,1.0,1.0
3293,221,416503.5,3804793.5,2022,167.0,188.0,226.0,239.0,251.0,273.0,304.0,1.0,1.0
3270,267,416641.5,3804862.5,2022,172.0,194.0,220.0,232.0,245.0,266.0,302.0,1.0,1.0
3283,275,416665.5,3804823.5,2022,181.0,198.0,217.0,229.0,242.0,265.0,295.0,1.0,1.0
3294,316,416788.5,3804790.5,2022,173.0,194.0,216.0,229.0,243.0,267.0,296.0,1.0,1.0
3273,351,416893.5,3804853.5,2022,174.0,195.0,217.0,229.0,241.0,264.0,295.0,1.0,1.0
3284,366,416938.5,3804820.5,2022,172.0,195.0,218.0,230.0,242.0,265.0,293.0,1.0,1.0
3273,414,417082.5,3804853.5,2022,168.0,195.0,218.0,231.0,244.0,269.0,304.0,1.0,1.0
3292,441,417163.5,3804796.5,2022,157.0,194.0,228.0,239.0,250.0,272.0,300.0,1.0,1.0
3270,455,417205.5,3804862.5,2022,165.0,188.0,223.0,235.0,248.0,270.0,307.0,1.0,1.0
3271,499,417337.5,3804859.5,2022,163.0,189.0,224.0,237.0,250.0,277.0,309.0,1.0,1.0
3299,534,417442.5,3804775.5,2022,173.0,197.0,224.0,235.0,246.0,265.0,297.0,1.0,1.0
3285,545,417475.5,3804817.5,2022,169.0,204.0,227.0,239.0,251.0,272.0,302.0,1.0,1.0
3285,574,417562.5,3804817.5,2022,158.0,183.0,225.0,238.0,251.0,275.0,311.0,1.0,1.0
3298,602,417646.5,3804778.5,2022,169.0,192.0,213.0,225.0,238.0,263.0,306.0,1.0,1.0
3291,635,417745.5,3804799.5,2022,141.0,188.0,216.0,228.0,241.0,269.0,298.0,1.0,2.0
3281,687,417901.5,3804829.5,2022,161.0,183.0,222.0,234.0,248.0,278.0,316.0,1.0,1.0
3277,713,417979.5,3804841.5,2022,135.0,189.0,219.0,232.0,244.0,269.0,302.0,1.0,1.0
3277,725,418015.5,3804841.5,2022,156.0,187.0,217.0,230.0,242.0,266.0,302.0,1.0,1.0
3291,754,418102.5,3804799.5,2022,162.0,186.0,225.0,237.0,251.0,278.0,318.0,1.0,1.0
3298,814,418282.5,3804778.5,2022,160.0,188.0,227.0,240.0,253.0,275.0,306.0,1.0,1.0
3272,853,418399.5,3804856.5,2022,132.0,183.0,227.0,239.0,252.0,280.0,321.0,1.0,2.0
3280,895,418525.5,3804832.5,2022,165.0,189.0,227.0,239.0,251.0,276.0,320.0,1.0,1.0
3272,906,418558.5,3804856.5,2022,140.0,188.0,217.0,229.0,241.0,267.0,303.0,1.0,2.0
3290,1443,420169.5,3804802.5,2022,125.0,203.0,226.0,237.0,251.0,275.0,301.0,1.0,2.0
3296,1482,420286.5,3804784.5,2022,123.0,212.0,231.0,242.0,255.0,279.0,321.0,1.0,2.0
3286,1522,420406.5,3804814.5,2022,130.0,209.0,230.0,241.0,255.0,281.0,315.0,1.0,1.0
3297,1546,420478.5,3804781.5,2022,145.0,215.0,233.0,244.0,257.0,282.0,329.0,1.0,1.0
3299,1560,420520.5,3804775.5,2022,159.0,213.0,232.0,242.0,255.0,280.0,336.0,1.0,2.0
3273,2130,422230.5,3804853.5,2022,155.0,210.0,229.0,241.0,253.0,277.0,311.0,1.0,2.0
3270,2219,422497.5,3804862.5,2022,113.0,202.0,225.0,239.0,254.0,283.0,314.0,1.0,2.0
3270,2221,422503.5,3804862.5,2022,150.0,203.0,227.0,241.0,256.0,281.0,319.0,1.0,2.0
3290,2265,422635.5,3804802.5,2022,130.0,203.0,226.0,239.0,253.0,276.0,303.0,1.0,2.0
3287,2309,422767.5,3804811.5,2022,136.0,201.0,223.0,235.0,249.0,277.0,306.0,1.0,2.0
3282,2332,422836.5,3804826.5,2022,154.0,198.0,222.0,235.0,251.0,281.0,323.0,1.0,1.0
3289,2350,422890.5,3804805.5,2022,148.0,200.0,223.0,236.0,249.0,278.0,312.0,1.0,1.0
3296,2399,423037.5,3804784.5,2022,119.0,187.0,223.0,237.0,255.0,286.0,322.0,1.0,1.0
3298,2406,423058.5,3804778.5,2022,121.0,185.0,223.0,239.0,256.0,285.0,317.0,1.0,1.0
3274,2432,423136.5,3804850.5,2022,132.0,192.0,220.0,235.0,251.0,283.0,321.0,1.0,2.0
3282,2468,423244.5,3804826.5,2022,151.0,200.0,222.0,234.0,246.0,275.0,307.0,1.0,1.0
3290,2508,423364.5,3804802.5,2022,117.0,187.0,220.0,233.0,247.0,277.0,310.0,1.0,1.0
3287,2540,423460.5,3804811.5,2022,113.0,185.0,220.0,234.0,249.0,280.0,309.0,1.0,1.0
3290,2555,423505.5,3804802.5,2022,124.0,191.0,221.0,234.0,247.0,278.0,313.0,1.0,1.0
3293,2600,423640.5,3804793.5,2022,155.0,196.0,223.0,235.0,249.0,277.0,303.0,1.0,1.0
3285,2629,423727.5,3804817.5,2022,112.0,193.0,224.0,236.0,250.0,279.0,305.0,1.0,1.0
3278,2660,423820.5,3804838.5,2022,138.0,192.0,221.0,233.0,248.0,279.0,306.0,1.0,1.0
3289,2677,423871.5,3804805.5,2022,138.0,197.0,220.0,232.0,247.0,279.0,306.0,1.0,1.0
3295,2703,423949.5,3804787.5,2022,131.0,186.0,220.0,232.0,244.0,279.0,313.0,1.0,1.0
3297,2730,424030.5,3804781.5,2022,102.0,189.0,222.0,235.0,252.0,282.0,311.0,1.0,1.0
3290,2788,424204.5,3804802.5,2022,122.0,181.0,219.0,234.0,252.0,284.0,314.0,1.0,1.0
3270,2813,424279.5,3804862.5,2022,122.0,182.0,219.0,233.0,252.0,281.0,308.0,1.0,2.0
3284,2839,424357.5,3804820.5,2022,101.0,172.0,213.0,231.0,254.0,291.0,317.0,1.0,1.0
3283,2855,424405.5,3804823.5,2022,102.0,176.0,214.0,230.0,256.0,287.0,321.0,1.0,1.0
3277,3196,425428.5,3804841.5,2022,92.0,172.0,196.0,217.0,236.0,276.0,327.0,1.0,1.0
3280,3228,425524.5,3804832.5,2022,94.0,168.0,201.0,222.0,240.0,274.0,325.0,1.0,1.0
3276,3240,425560.5,3804844.5,2022,94.0,174.0,207.0,223.0,238.0,272.0,325.0,1.0,1.0
3297,3328,425824.5,3804781.5,2022,99.0,172.0,198.0,218.0,235.0,274.0,330.0,1.0,1.0
3317,6,415858.5,3804721.5,2022,162.0,186.0,221.0,233.0,246.0,271.0,310.0,1.0,1.0
3328,49,415987.5,3804688.5,2022,112.0,187.0,220.0,233.0,248.0,276.0,313.0,1.0,1.0
3309,84,416092.5,3804745.5,2022,170.0,192.0,213.0,225.0,238.0,265.0,294.0,1.0,1.0
3311,113,416179.5,3804739.5,2022,177.0,193.0,212.0,223.0,235.0,261.0,296.0,1.0,1.0
3316,139,416257.5,3804724.5,2022,172.0,191.0,213.0,224.0,238.0,267.0,296.0,1.0,1.0
3311,160,416320.5,3804739.5,2022,171.0,191.0,217.0,228.0,241.0,265.0,293.0,1.0,1.0
3318,192,416416.5,3804718.5,2022,164.0,187.0,224.0,235.0,246.0,267.0,296.0,1.0,1.0
3329,224,416512.5,3804685.5,2022,169.0,194.0,226.0,238.0,250.0,270.0,296.0,1.0,1.0
3306,250,416590.5,3804754.5,2022,165.0,188.0,222.0,235.0,249.0,273.0,301.0,1.0,1.0
3300,294,416722.5,3804772.5,2022,169.0,197.0,217.0,230.0,243.0,267.0,292.0,1.0,1.0
3302,304,416752.5,3804766.5,2022,160.0,193.0,219.0,233.0,247.0,272.0,302.0,1.0,2.0
3323,330,416830.5,3804703.5,2022,171.0,196.0,219.0,231.0,243.0,265.0,295.0,1.0,1.0
3300,386,416998.5,3804772.5,2022,123.0,185.0,229.0,244.0,258.0,284.0,315.0,1.0,2.0
3311,414,417082.5,3804739.5,2022,171.0,202.0,229.0,240.0,252.0,276.0,301.0,1.0,1.0
3301,420,417100.5,3804769.5,2022,123.0,210.0,240.0,253.0,268.0,291.0,314.0,1.0,1.0
3309,477,417271.5,3804745.5,2022,163.0,194.0,219.0,231.0,244.0,265.0,296.0,1.0,1.0
3312,489,417307.5,3804736.5,2022,165.0,191.0,223.0,236.0,248.0,270.0,309.0,1.0,1.0
3311,511,417373.5,3804739.5,2022,166.0,200.0,227.0,239.0,251.0,275.0,315.0,1.0,1.0
3308,540,417460.5,3804748.5,2022,174.0,200.0,225.0,237.0,249.0,269.0,306.0,1.0,1.0
3305,574,417562.5,3804757.5,2022,122.0,192.0,219.0,233.0,248.0,277.0,306.0,1.0,2.0
3301,622,417706.5,3804769.5,2022,127.0,189.0,217.0,229.0,243.0,271.0,301.0,1.0,1.0
3329,630,417730.5,3804685.5,2022,167.0,193.0,223.0,234.0,246.0,269.0,306.0,1.0,2.0
3311,688,417904.5,3804739.5,2022,166.0,185.0,219.0,231.0,244.0,272.0,304.0,1.0,1.0
3324,694,417922.5,3804700.5,2022,155.0,184.0,222.0,235.0,249.0,276.0,314.0,1.0,1.0
3317,744,418072.5,3804721.5,2022,145.0,183.0,226.0,238.0,251.0,280.0,316.0,1.0,1.0
3325,757,418111.5,3804697.5,2022,156.0,180.0,224.0,239.0,254.0,280.0,316.0,1.0,2.0
3320,796,418228.5,3804712.5,2022,161.0,184.0,216.0,230.0,244.0,282.0,317.0,1.0,1.0
3300,814,418282.5,3804772.5,2022,160.0,190.0,230.0,242.0,256.0,280.0,315.0,1.0,2.0
3315,898,418534.5,3804727.5,2022,115.0,185.0,215.0,230.0,245.0,270.0,302.0,1.0,1.0
3317,900,418540.5,3804721.5,2022,133.0,190.0,217.0,230.0,244.0,268.0,301.0,1.0,1.0
3320,1375,419965.5,3804712.5,2022,133.0,204.0,227.0,237.0,248.0,272.0,295.0,1.0,2.0
3319,1398,420034.5,3804715.5,2022,124.0,215.0,234.0,243.0,254.0,273.0,294.0,1.0,2.0
3321,1467,420241.5,3804709.5,2022,129.0,206.0,228.0,239.0,253.0,278.0,306.0,1.0,2.0
3319,1471,420253.5,3804715.5,2022,169.0,212.0,229.0,239.0,250.0,274.0,301.0,1.0,2.0
3303,1527,420421.5,3804763.5,2022,120.0,205.0,230.0,241.0,259.0,285.0,336.0,1.0,2.0
3309,1542,420466.5,3804745.5,2022,165.0,213.0,231.0,242.0,254.0,277.0,308.0,1.0,1.0
3312,1564,420532.5,3804736.5,2022,163.0,212.0,230.0,241.0,252.0,276.0,312.0,1.0,1.0
3329,1813,421279.5,3804685.5,2022,142.0,212.0,232.0,243.0,256.0,281.0,305.0,1.0,1.0
3322,2058,422014.5,3804706.5,2022,129.0,208.0,229.0,240.0,253.0,276.0,312.0,1.0,2.0
3319,2086,422098.5,3804715.5,2022,138.0,209.0,228.0,239.0,252.0,279.0,318.0,1.0,2.0
3323,2229,422527.5,3804703.5,2022,131.0,197.0,223.0,236.0,250.0,280.0,314.0,1.0,1.0
3323,2254,422602.5,3804703.5,2022,150.0,203.0,224.0,236.0,251.0,277.0,304.0,1.0,2.0
3302,2288,422704.5,3804766.5,2022,148.0,204.0,226.0,237.0,251.0,276.0,305.0,1.0,2.0
3327,2329,422827.5,3804691.5,2022,153.0,200.0,225.0,240.0,257.0,283.0,317.0,1.0,1.0
3310,2350,422890.5,3804742.5,2022,148.0,197.0,223.0,235.0,249.0,279.0,315.0,1.0,1.0
3315,2392,423016.5,3804727.5,2022,114.0,189.0,223.0,238.0,254.0,283.0,320.0,1.0,1.0
3323,2416,423088.5,3804703.5,2022,113.0,184.0,221.0,238.0,257.0,286.0,315.0,1.0,1.0
3302,2459,423217.5,3804766.5,2022,118.0,191.0,219.0,232.0,246.0,277.0,313.0,1.0,1.0
3312,2484,423292.5,3804736.5,2022,137.0,196.0,221.0,233.0,247.0,278.0,309.0,1.0,1.0
3324,2499,423337.5,3804700.5,2022,132.0,195.0,221.0,234.0,248.0,278.0,309.0,1.0,1.0
3311,2541,423463.5,3804739.5,2022,126.0,191.0,220.0,233.0,247.0,279.0,310.0,1.0,1.0
3309,2562,423526.5,3804745.5,2022,150.0,187.0,219.0,233.0,247.0,279.0,314.0,1.0,1.0
3317,2580,423580.5,3804721.5,2022,139.0,192.0,221.0,234.0,248.0,280.0,310.0,1.0,1.0
3321,2610,423670.5,3804709.5,2022,138.0,192.0,220.0,233.0,247.0,276.0,303.0,1.0,1.0
3317,2666,423838.5,3804721.5,2022,144.0,196.0,220.0,232.0,244.0,279.0,310.0,1.0,1.0
3306,2685,423895.5,3804754.5,2022,133.0,193.0,222.0,234.0,249.0,279.0,303.0,1.0,1.0
3307,2725,424015.5,3804751.5,2022,108.0,189.0,221.0,235.0,252.0,283.0,314.0,1.0,1.0
3328,2741,424063.5,3804688.5,2022,121.0,184.0,223.0,236.0,254.0,284.0,315.0,1.0,2.0
3315,2764,424132.5,3804727.5,2022,106.0,185.0,220.0,232.0,247.0,282.0,306.0,1.0,2.0
3305,2802,424246.5,3804757.5,2022,102.0,174.0,218.0,234.0,257.0,291.0,316.0,1.0,2.0
3324,2825,424315.5,3804700.5,2022,103.0,179.0,218.0,233.0,250.0,286.0,316.0,1.0,2.0
3310,2862,424426.5,3804742.5,2022,99.0,174.0,216.0,232.0,252.0,291.0,320.0,1.0,1.0
3323,2956,424708.5,3804703.5,2022,130.0,180.0,211.0,226.0,242.0,282.0,324.0,1.0,1.0
3318,3234,425542.5,3804718.5,2022,89.0,170.0,199.0,218.0,237.0,276.0,328.0,1.0,1.0
3313,3263,425629.5,3804733.5,2022,94.0,174.0,199.0,218.0,237.0,271.0,321.0,1.0,1.0
3309,3282,425686.5,3804745.5,2022,108.0,173.0,196.0,219.0,238.0,272.0,325.0,1.0,1.0
3306,3320,425800.5,3804754.5,2022,95.0,174.0,201.0,219.0,237.0,272.0,324.0,1.0,1.0
3333,3,415849.5,3804673.5,2022,106.0,186.0,217.0,231.0,245.0,274.0,315.0,1.0,1.0
3331,49,415987.5,3804679.5,2022,114.0,186.0,221.0,234.0,249.0,276.0,313.0,1.0,1.0
3330,64,416032.5,3804682.5,2022,111.0,185.0,220.0,235.0,249.0,278.0,315.0,1.0,1.0
3331,96,416128.5,3804679.5,2022,168.0,190.0,216.0,229.0,243.0,270.0,307.0,1.0,1.0
3331,146,416278.5,3804679.5,2022,172.0,191.0,214.0,226.0,241.0,269.0,302.0,1.0,1.0
3331,176,416368.5,3804679.5,2022,165.0,184.0,226.0,236.0,246.0,265.0,290.0,1.0,1.0
3330,205,416455.5,3804682.5,2022,166.0,188.0,225.0,237.0,248.0,270.0,300.0,1.0,1.0
3333,210,416470.5,3804673.5,2022,166.0,188.0,226.0,238.0,249.0,269.0,295.0,1.0,1.0
3330,261,416623.5,3804682.5,2022,164.0,184.0,224.0,237.0,249.0,271.0,303.0,1.0,1.0
3332,280,416680.5,3804676.5,2022,165.0,186.0,224.0,235.0,246.0,269.0,299.0,1.0,1.0
3330,305,416755.5,3804682.5,2022,163.0,194.0,220.0,233.0,245.0,268.0,297.0,1.0,1.0
3331,357,416911.5,3804679.5,2022,159.0,188.0,214.0,227.0,239.0,261.0,298.0,1.0,1.0
3331,384,416992.5,3804679.5,2022,156.0,187.0,219.0,231.0,243.0,265.0,300.0,1.0,1.0
3330,396,417028.5,3804682.5,2022,170.0,198.0,226.0,236.0,245.0,265.0,298.0,1.0,1.0
3333,436,417148.5,3804673.5,2022,167.0,190.0,225.0,235.0,245.0,266.0,306.0,1.0,1.0
3331,456,417208.5,3804679.5,2022,167.0,193.0,224.0,235.0,245.0,265.0,305.0,1.0,1.0
3333,495,417325.5,3804673.5,2022,166.0,193.0,219.0,232.0,245.0,267.0,293.0,1.0,1.0
3333,529,417427.5,3804673.5,2022,168.0,189.0,219.0,231.0,243.0,266.0,299.0,1.0,1.0
3333,550,417490.5,3804673.5,2022,115.0,184.0,217.0,231.0,244.0,272.0,310.0,1.0,1.0
3332,574,417562.5,3804676.5,2022,164.0,189.0,221.0,234.0,247.0,274.0,311.0,1.0,1.0
3331,629,417727.5,3804679.5,2022,160.0,192.0,224.0,236.0,249.0,273.0,303.0,1.0,1.0
3330,630,417730.5,3804682.5,2022,164.0,194.0,222.0,234.0,246.0,270.0,304.0,1.0,2.0
3330,679,417877.5,3804682.5,2022,122.0,180.0,219.0,232.0,245.0,274.0,315.0,1.0,1.0
3330,698,417934.5,3804682.5,2022,156.0,187.0,224.0,236.0,250.0,275.0,314.0,1.0,1.0
3330,798,418234.5,3804682.5,2022,161.0,188.0,215.0,227.0,240.0,268.0,306.0,1.0,1.0
3333,1407,420061.5,3804673.5,2022,118.0,210.0,229.0,239.0,250.0,273.0,294.0,1.0,2.0
3331,1551,420493.5,3804679.5,2022,154.0,207.0,229.0,240.0,254.0,279.0,337.0,1.0,2.0
3331,1566,420538.5,3804679.5,2022,141.0,211.0,228.0,239.0,251.0,278.0,330.0,1.0,2.0
3332,2060,422020.5,3804676.5,2022,147.0,207.0,227.0,238.0,252.0,277.0,318.0,1.0,2.0
3333,2075,422065.5,3804673.5,2022,142.0,209.0,228.0,239.0,252.0,276.0,321.0,1.0,2.0
3332,2105,422155.5,3804676.5,2022,136.0,206.0,226.0,237.0,251.0,279.0,324.0,1.0,2.0
3330,2323,422809.5,3804682.5,2022,148.0,199.0,223.0,237.0,254.0,285.0,324.0,1.0,1.0
3332,2349,422887.5,3804676.5,2022,161.0,198.0,221.0,234.0,249.0,280.0,314.0,1.0,1.0
3333,2389,423007.5,3804673.5,2022,121.0,186.0,226.0,241.0,257.0,286.0,324.0,1.0,1.0
3330,2400,423040.5,3804682.5,2022,118.0,193.0,223.0,235.0,250.0,283.0,321.0,1.0,1.0
3332,2454,423202.5,3804676.5,2022,103.0,193.0,219.0,232.0,246.0,276.0,304.0,1.0,1.0
3333,2479,423277.5,3804673.5,2022,127.0,197.0,222.0,234.0,249.0,279.0,317.0,1.0,1.0
3332,2513,423379.5,3804676.5,2022,127.0,192.0,220.0,233.0,246.0,278.0,309.0,1.0,1.0
3330,2539,423457.5,3804682.5,2022,113.0,189.0,218.0,231.0,246.0,279.0,313.0,1.0,1.0
3332,2563,423529.5,3804676.5,2022,123.0,187.0,217.0,230.0,246.0,277.0,308.0,1.0,1.0
3332,2595,423625.5,3804676.5,2022,129.0,189.0,220.0,233.0,248.0,277.0,312.0,1.0,1.0
3330,2617,423691.5,3804682.5,2022,111.0,193.0,223.0,235.0,248.0,278.0,306.0,1.0,1.0
3333,2654,423802.5,3804673.5,2022,143.0,190.0,220.0,232.0,244.0,275.0,309.0,1.0,1.0
3330,2683,423889.5,3804682.5,2022,97.0,188.0,222.0,234.0,248.0,277.0,309.0,1.0,1.0
3331,2724,424012.5,3804679.5,2022,132.0,187.0,223.0,235.0,252.0,284.0,307.0,1.0,2.0
3333,2752,424096.5,3804673.5,2022,115.0,183.0,224.0,236.0,253.0,282.0,310.0,1.0,2.0
3331,2784,424192.5,3804679.5,2022,110.0,180.0,220.0,234.0,251.0,281.0,311.0,1.0,1.0
3330,2791,424213.5,3804682.5,2022,104.0,176.0,218.0,234.0,253.0,285.0,314.0,1.0,1.0
3332,2831,424333.5,3804676.5,2022,111.0,176.0,217.0,232.0,249.0,290.0,323.0,1.0,1.0
3333,2857,424411.5,3804673.5,2022,104.0,172.0,218.0,235.0,262.0,293.0,322.0,1.0,1.0
3332,3237,425551.5,3804676.5,2022,86.0,169.0,196.0,218.0,236.0,281.0,326.0,1.0,1.0
3333,3259,425617.5,3804673.5,2022,96.0,170.0,195.0,218.0,237.0,274.0,322.0,1.0,1.0
3332,3282,425686.5,3804676.5,2022,93.0,170.0,196.0,220.0,237.0,273.0,324.0,1.0,1.0
3333,3311,425773.5,3804673.5,2022,89.0,168.0,197.0,219.0,237.0,274.0,325.0,1.0,1.0
