row,col,x,y,year,kmeans_k3,kmeans_k4,kmeans_k5,kmeans_k6,kmeans_k7,kmeans_k8,kmeans_k9,kmeans_k10,kmeans_k11,kmeans_k12,kmeans_k13,kmeans_k14,kmeans_k15,kmeans_k16,kmeans_k17,kmeans_k18,kmeans_k19,kmeans_k20
16,28,415924.5,3814624.5,2022,0,3,4,3,3,4,3,7,10,10,11,9,7,12,7,11,14,16
11,48,415984.5,3814639.5,2022,0,0,4,3,3,4,3,9,10,10,11,9,7,12,7,11,14,16
10,81,416083.5,3814642.5,2022,0,0,4,3,3,4,5,9,4,10,0,9,7,3,9,10,4,1
17,113,416179.5,3814621.5,2022,0,0,4,3,3,2,5,9,4,10,0,9,7,3,9,10,4,1
7,121,416203.5,3814651.5,2022,0,0,4,3,3,4,5,9,4,10,0,9,7,3,9,10,4,1
22,153,416299.5,3814606.5,2022,0,0,4,3,3,2,5,9,4,10,0,9,7,3,9,11,4,16
10,181,416383.5,3814642.5,2022,0,0,4,1,5,4,2,0,1,5,9,13,10,1,0,8,2,2
29,226,416518.5,3814585.5,2022,0,0,4,1,5,2,2,0,1,5,9,13,11,1,0,8,2,2
28,266,416638.5,3814588.5,2022,0,3,4,3,3,4,3,7,10,10,0,9,7,3,9,10,4,1
25,278,416674.5,3814597.5,2022,0,3,4,3,3,4,3,7,10,10,6,9,7,3,9,10,4,1
9,308,416764.5,3814645.5,2022,0,3,4,3,3,4,3,7,10,10,0,9,7,3,9,11,4,1
11,359,416917.5,3814639.5,2022,0,3,4,3,3,4,3,7,10,2,6,5,2,5,11,11,10,5
12,376,416968.5,3814636.5,2022,0,3,4,3,3,4,3,7,10,10,11,9,7,12,5,11,14,16
24,416,417088.5,3814600.5,2022,0,3,4,3,3,4,3,7,10,2,6,5,2,5,11,2,10,5
19,430,417130.5,3814615.5,2022,0,3,4,3,3,4,3,7,10,2,6,5,2,5,11,2,10,5
14,460,417220.5,3814630.5,2022,0,3,4,3,3,4,3,7,10,2,6,5,2,5,11,2,10,5
28,495,417325.5,3814588.5,2022,0,3,4,3,3,4,3,7,10,2,6,5,2,5,11,2,10,5
11,531,417433.5,3814639.5,2022,0,3,4,3,3,4,3,7,10,2,6,5,2,5,11,2,10,5
6,564,417532.5,3814654.5,2022,0,3,4,3,3,4,3,7,10,2,6,5,2,5,11,2,10,5
2,576,417568.5,3814666.5,2022,0,3,4,3,3,4,3,7,10,2,6,5,2,5,11,2,10,5
10,611,417673.5,3814642.5,2022,0,3,4,3,3,4,3,7,10,2,6,5,2,5,11,2,10,5
0,642,417766.5,3814672.5,2022,0,3,4,3,3,4,3,7,10,2,6,5,2,5,11,2,10,5
20,680,417880.5,3814612.5,2022,0,0,4,3,3,4,3,0,9,1,12,9,7,10,5,5,13,19
8,694,417922.5,3814648.5,2022,0,3,4,3,3,4,3,7,10,2,6,5,2,5,11,2,10,5
2,731,418033.5,3814666.5,2022,0,0,4,3,3,4,3,9,10,10,0,9,7,3,9,10,4,1
26,778,418174.5,3814594.5,2022,0,0,1,4,4,2,5,9,4,9,0,9,12,3,9,0,3,15
24,789,418207.5,3814600.5,2022,0,0,1,4,4,2,5,9,4,9,0,4,12,9,1,0,3,15
17,835,418345.5,3814621.5,2022,1,0,1,4,4,2,5,9,4,9,0,4,12,9,1,0,3,15
21,856,418408.5,3814609.5,2022,1,0,1,4,4,6,8,3,5,9,5,0,4,10,16,5,1,11
19,877,418471.5,3814615.5,2022,1,2,2,0,0,1,4,3,9,1,12,0,4,10,16,5,1,11
24,918,418594.5,3814600.5,2022,0,0,4,3,4,2,5,9,4,10,0,9,7,3,9,10,4,1
1,942,418666.5,3814669.5,2022,0,0,4,3,3,4,3,9,10,10,0,9,7,3,9,10,4,1
11,985,418795.5,3814639.5,2022,1,0,1,4,4,2,5,9,4,9,0,0,12,10,16,0,1,15
9,990,418810.5,3814645.5,2022,0,0,1,4,4,2,5,9,4,9,0,4,12,9,1,0,3,15
29,1028,418924.5,3814585.5,2022,1,0,1,1,5,2,2,0,1,5,9,13,11,4,12,12,6,17
5,1057,419011.5,3814657.5,2022,0,0,4,3,4,2,5,9,4,10,0,9,7,3,9,11,4,16
11,1105,419155.5,3814639.5,2022,0,0,1,4,4,2,5,9,4,10,0,9,7,9,7,11,14,16
6,1138,419254.5,3814654.5,2022,1,0,1,1,5,2,2,8,1,5,9,13,11,4,12,12,6,17
21,1166,419338.5,3814609.5,2022,0,3,4,3,3,4,3,7,10,10,6,9,7,12,5,11,13,19
28,1198,419434.5,3814588.5,2022,0,3,4,3,3,4,3,7,10,2,6,5,2,5,11,2,10,5
26,1216,419488.5,3814594.5,2022,0,3,4,3,3,4,3,7,10,2,6,5,2,5,9,10,4,1
6,1251,419593.5,3814654.5,2022,0,3,4,3,3,4,3,7,10,2,6,5,2,5,11,2,10,5
7,1278,419674.5,3814651.5,2022,0,3,4,1,5,4,2,0,1,5,9,11,13,1,0,8,2,2
8,1293,419719.5,3814648.5,2022,0,0,4,3,3,4,5,9,4,10,0,9,7,3,9,10,4,1
25,1338,419854.5,3814597.5,2022,0,3,4,3,3,4,3,7,10,10,11,9,7,12,7,11,14,16
12,1352,419896.5,3814636.5,2022,0,0,4,1,5,1,2,0,9,5,9,11,13,7,5,15,13,19
29,1408,420064.5,3814585.5,2022,0,3,4,1,5,4,2,0,1,5,9,7,10,1,0,8,2,2
6,1438,420154.5,3814654.5,2022,0,3,4,1,5,4,2,0,1,5,11,11,13,12,5,11,13,19
24,1458,420214.5,3814600.5,2022,0,3,4,3,3,4,3,7,10,10,11,7,7,12,7,11,14,16
7,1492,420316.5,3814651.5,2022,0,3,4,1,5,4,2,0,1,5,9,7,10,1,0,8,2,2
20,1518,420394.5,3814612.5,2022,0,3,4,1,5,4,2,0,1,5,9,7,10,1,0,8,2,2
2,1533,420439.5,3814666.5,2022,0,3,4,1,5,4,2,9,1,10,11,7,10,1,0,8,2,2
14,1570,420550.5,3814630.5,2022,0,3,4,3,3,4,3,7,10,2,6,5,2,5,11,10,10,1
27,1618,420694.5,3814591.5,2022,0,3,4,1,5,4,2,0,1,5,9,7,10,1,0,8,2,2
11,1630,420730.5,3814639.5,2022,2,1,3,1,5,5,6,8,1,5,9,7,10,1,0,6,17,3
8,1671,420853.5,3814648.5,2022,0,3,4,3,3,4,3,7,10,2,6,5,2,5,11,2,10,5
3,1690,420910.5,3814663.5,2022,0,3,4,3,3,4,3,7,10,2,6,5,2,5,11,2,10,5
13,1727,421021.5,3814633.5,2022,0,3,4,3,3,4,3,7,10,2,6,5,2,5,11,2,10,5
13,1760,421120.5,3814633.5,2022,0,3,4,3,3,4,3,7,10,2,6,5,2,5,11,2,10,5
17,1794,421222.5,3814621.5,2022,0,3,4,3,3,4,3,7,1,5,9,9,10,1,0,8,2,2
5,1801,421243.5,3814657.5,2022,0,3,4,1,5,4,2,0,1,5,9,7,10,1,0,8,2,2
3,1848,421384.5,3814663.5,2022,1,2,2,1,5,1,2,0,1,5,9,11,13,7,6,8,2,2
3,1887,421501.5,3814663.5,2022,1,2,2,0,0,1,4,2,7,6,8,6,8,7,6,15,11,0
20,1902,421546.5,3814612.5,2022,1,2,2,1,5,5,2,8,1,5,9,13,11,4,12,12,6,17
16,1922,421606.5,3814624.5,2022,1,2,2,1,5,1,2,0,1,5,9,11,13,7,6,15,11,0
10,1959,421717.5,3814642.5,2022,1,2,2,0,0,1,4,2,7,6,8,13,11,4,6,12,11,0
13,1983,421789.5,3814633.5,2022,1,0,1,1,5,2,2,0,1,5,9,13,11,1,0,8,2,2
29,2017,421891.5,3814585.5,2022,0,3,4,1,5,1,2,0,1,5,9,11,13,1,0,8,2,2
0,2062,422026.5,3814672.5,2022,0,0,4,1,5,5,2,0,1,5,9,7,10,1,0,8,2,2
0,2085,422095.5,3814672.5,2022,0,0,1,4,4,2,5,9,4,9,0,9,12,3,9,10,3,15
15,2104,422152.5,3814627.5,2022,1,2,2,1,5,1,2,0,1,5,9,11,13,7,6,15,11,0
11,2138,422254.5,3814639.5,2022,0,3,4,1,5,4,2,0,1,5,9,7,10,1,0,8,2,2
15,2167,422341.5,3814627.5,2022,2,1,0,1,5,5,6,6,6,0,2,7,10,1,0,6,17,3
23,2193,422419.5,3814603.5,2022,1,2,2,1,5,1,2,0,1,5,9,11,13,7,6,15,11,0
4,2226,422518.5,3814660.5,2022,0,3,4,1,5,5,2,0,1,5,9,7,10,1,0,8,2,2
14,2271,422653.5,3814630.5,2022,2,1,3,1,5,5,6,6,6,0,2,7,10,1,0,6,17,3
18,2309,422767.5,3814618.5,2022,2,3,0,1,5,5,2,6,1,0,9,7,10,1,0,4,17,3
5,2329,422827.5,3814657.5,2022,2,1,3,1,5,5,6,6,6,0,2,12,6,11,3,6,17,3
10,2369,422947.5,3814642.5,2022,2,1,0,2,1,0,1,4,6,0,2,12,6,11,3,4,15,6
20,2383,422989.5,3814612.5,2022,2,1,3,5,6,5,6,6,6,0,2,12,6,11,3,13,0,6
19,2400,423040.5,3814615.5,2022,2,1,3,1,5,5,6,6,6,0,2,12,6,11,3,6,17,3
0,2452,423196.5,3814672.5,2022,2,1,3,5,6,5,6,6,6,0,2,12,6,11,3,13,0,6
7,2471,423253.5,3814651.5,2022,2,1,3,5,6,5,6,6,6,0,2,12,6,11,3,13,0,6
12,2504,423352.5,3814636.5,2022,2,1,3,5,6,5,6,6,6,0,2,12,6,11,3,13,17,6
10,2544,423472.5,3814642.5,2022,2,1,3,5,6,5,6,6,3,11,2,2,1,0,4,6,17,3
7,2557,423511.5,3814651.5,2022,2,1,3,1,5,5,6,6,1,5,9,7,10,1,0,6,17,3
19,2609,423667.5,3814615.5,2022,2,1,3,1,5,5,6,6,6,0,2,12,6,11,3,6,17,3
21,2614,423682.5,3814609.5,2022,2,1,0,1,5,5,6,6,6,0,2,7,10,11,3,6,17,3
23,2644,423772.5,3814603.5,2022,2,3,4,1,5,5,2,0,1,5,11,7,10,1,0,4,17,3
23,2684,423892.5,3814603.5,2022,2,1,3,5,6,5,6,6,6,0,2,12,6,11,3,13,0,12
27,2719,423997.5,3814591.5,2022,2,1,3,5,6,5,6,6,6,0,2,12,6,11,3,6,17,3
10,2730,424030.5,3814642.5,2022,2,1,3,1,5,5,6,6,6,0,2,7,10,11,3,6,17,3
9,2775,424165.5,3814645.5,2022,2,1,0,2,1,5,1,6,6,0,2,7,10,11,3,4,15,14
26,2813,424279.5,3814594.5,2022,2,1,3,2,1,5,6,6,6,0,2,12,6,11,3,13,0,6
9,2820,424300.5,3814645.5,2022,2,1,3,1,5,5,6,6,1,5,2,7,10,0,4,6,17,3
23,2863,424429.5,3814603.5,2022,1,0,1,4,4,2,5,8,4,9,3,13,11,4,12,7,6,17
33,23,415909.5,3814573.5,2022,1,0,1,1,5,1,2,0,1,5,9,13,11,1,0,8,2,2
59,35,415945.5,3814495.5,2022,0,3,4,1,5,4,2,0,1,5,9,11,13,1,0,8,2,2
30,69,416047.5,3814582.5,2022,0,0,4,3,3,4,3,9,10,10,0,9,7,3,9,11,4,16
54,116,416188.5,3814510.5,2022,0,0,4,3,3,4,5,9,4,10,0,9,7,3,9,11,4,1
50,135,416245.5,3814522.5,2022,0,0,1,4,4,2,5,9,4,10,0,9,7,9,1,11,14,16
37,169,416347.5,3814561.5,2022,0,0,1,1,5,2,2,0,1,5,9,13,11,1,0,8,2,2
42,206,416458.5,3814546.5,2022,0,0,4,1,5,2,2,0,1,5,9,13,11,1,0,8,2,2
46,234,416542.5,3814534.5,2022,0,3,4,3,3,4,3,7,10,2,6,9,7,3,9,10,4,1
55,257,416611.5,3814507.5,2022,0,0,4,3,3,2,5,9,4,10,0,9,7,12,7,11,14,16
32,289,416707.5,3814576.5,2022,0,0,4,3,3,4,3,9,10,10,11,9,7,3,9,11,14,16
59,308,416764.5,3814495.5,2022,0,3,4,3,3,4,3,7,10,2,6,5,2,5,11,2,10,5
51,332,416836.5,3814519.5,2022,0,3,4,3,3,4,3,7,10,2,6,5,2,5,11,2,10,5
44,379,416977.5,3814540.5,2022,0,3,4,3,3,4,3,7,10,2,6,5,2,5,11,2,10,5
57,407,417061.5,3814501.5,2022,0,3,4,3,3,4,3,7,10,2,6,5,2,5,11,2,10,5
40,448,417184.5,3814552.5,2022,0,3,4,3,3,4,3,7,10,2,6,5,2,5,11,2,10,5
45,468,417244.5,3814537.5,2022,0,3,4,3,3,4,3,7,10,2,6,5,2,5,11,2,10,5
47,489,417307.5,3814531.5,2022,0,3,4,3,3,4,3,7,10,2,6,5,2,5,11,2,10,5
55,525,417415.5,3814507.5,2022,0,3,4,3,3,4,3,7,10,2,6,5,2,5,11,2,10,5
38,555,417505.5,3814558.5,2022,0,3,4,3,3,4,3,7,10,2,6,5,2,5,11,2,10,5
51,594,417622.5,3814519.5,2022,0,0,4,3,3,4,3,9,10,10,0,9,7,3,9,10,4,1
53,617,417691.5,3814513.5,2022,1,0,1,4,4,2,8,3,9,1,12,0,4,10,16,5,1,11
46,651,417793.5,3814534.5,2022,0,3,4,3,3,4,3,7,10,2,6,9,2,3,9,10,4,1
54,662,417826.5,3814510.5,2022,0,0,4,3,4,2,5,9,4,10,0,9,7,3,9,10,4,1
54,704,417952.5,3814510.5,2022,0,3,4,3,3,4,3,7,10,2,6,5,2,5,11,2,10,5
37,732,418036.5,3814561.5,2022,0,3,4,3,3,4,3,9,10,10,0,9,7,3,9,10,4,1
34,773,418159.5,3814570.5,2022,1,0,1,4,4,2,8,3,5,9,5,0,12,10,16,5,1,11
39,797,418231.5,3814555.5,2022,0,0,1,4,4,2,5,9,4,9,0,0,12,10,1,0,3,15
37,833,418339.5,3814561.5,2022,0,0,1,4,4,2,5,9,4,10,0,9,7,3,9,0,4,15
59,848,418384.5,3814495.5,2022,1,0,1,4,4,6,8,3,5,4,5,0,4,10,16,5,1,11
39,870,418450.5,3814555.5,2022,1,0,1,4,4,2,8,3,5,1,12,0,4,10,16,5,1,11
56,921,418603.5,3814504.5,2022,0,0,4,3,4,2,5,9,4,10,0,9,7,3,9,10,4,1
40,959,418717.5,3814552.5,2022,0,0,1,4,4,2,5,9,4,10,0,9,7,3,9,10,4,1
36,968,418744.5,3814564.5,2022,0,0,1,4,4,2,5,9,4,9,0,13,12,3,9,0,3,15
36,996,418828.5,3814564.5,2022,0,0,1,4,4,2,5,9,4,9,0,4,12,9,1,0,3,15
30,1039,418957.5,3814582.5,2022,0,0,1,4,4,2,5,9,1,5,9,13,11,4,12,8,2,2
58,1058,419014.5,3814498.5,2022,1,2,2,4,4,1,8,3,9,1,12,0,4,10,16,5,1,11
32,1080,419080.5,3814576.5,2022,1,0,1,4,4,2,5,9,4,1,12,0,4,10,16,5,1,11
43,1133,419239.5,3814543.5,2022,1,2,2,0,0,6,8,2,5,4,5,10,3,4,12,12,6,17
58,1161,419323.5,3814498.5,2022,0,3,4,3,3,4,3,7,10,10,6,9,7,3,9,11,4,1
45,1195,419425.5,3814537.5,2022,0,3,4,3,3,4,3,7,10,2,6,5,2,5,5,2,13,19
43,1204,419452.5,3814543.5,2022,0,3,4,3,3,4,3,7,10,2,6,5,2,5,11,2,10,5
37,1236,419548.5,3814561.5,2022,0,3,4,3,3,4,3,7,10,10,11,5,7,12,7,11,14,16
59,1276,419668.5,3814495.5,2022,1,2,2,0,0,1,4,3,9,1,12,0,4,10,16,5,1,11
44,1297,419731.5,3814540.5,2022,0,3,4,3,3,4,3,7,10,2,6,5,2,5,11,2,10,5
31,1340,419860.5,3814579.5,2022,1,0,4,1,5,1,2,0,9,1,12,11,13,10,5,5,13,19
30,1360,419920.5,3814582.5,2022,0,3,4,3,3,4,3,7,10,2,11,7,10,12,0,4,15,14
58,1385,419995.5,3814498.5,2022,1,2,2,0,0,1,4,2,7,6,1,13,11,4,12,12,6,17
32,1432,420136.5,3814576.5,2022,0,0,4,1,5,2,2,0,1,5,11,7,10,12,7,11,14,16
49,1469,420247.5,3814525.5,2022,0,3,4,3,3,4,3,7,10,10,0,9,7,3,9,10,4,1
54,1485,420295.5,3814510.5,2022,0,3,4,1,5,5,2,0,1,5,9,7,10,1,0,8,2,2
32,1528,420424.5,3814576.5,2022,0,3,4,3,3,4,3,7,10,10,11,7,10,1,0,4,15,14
50,1537,420451.5,3814522.5,2022,0,3,4,3,3,4,3,7,10,2,6,5,2,5,11,2,10,5
56,1570,420550.5,3814504.5,2022,0,3,4,1,5,4,2,0,1,5,9,7,10,1,0,8,2,2
53,1612,420676.5,3814513.5,2022,0,0,4,3,3,2,5,9,4,10,0,9,7,3,9,10,4,1
52,1626,420718.5,3814516.5,2022,0,3,4,3,3,4,3,7,10,10,6,9,7,3,9,10,4,1
36,1654,420802.5,3814564.5,2022,0,3,4,3,3,4,3,7,10,10,6,9,7,3,9,10,4,1
37,1709,420967.5,3814561.5,2022,0,0,4,3,3,2,5,9,4,10,11,9,7,12,7,11,14,16
34,1715,420985.5,3814570.5,2022,0,3,4,3,3,4,3,7,10,2,6,5,2,5,11,10,4,1
54,1764,421132.5,3814510.5,2022,0,3,4,3,3,4,3,7,10,2,6,5,2,5,11,2,10,5
41,1794,421222.5,3814549.5,2022,0,0,4,1,5,4,2,0,1,5,9,7,10,1,0,8,2,2
57,1817,421291.5,3814501.5,2022,0,0,4,1,5,1,2,0,1,5,9,7,10,1,0,8,2,2
40,1831,421333.5,3814552.5,2022,0,3,4,3,3,4,3,7,10,2,6,5,2,1,0,8,2,2
50,1862,421426.5,3814522.5,2022,0,0,4,1,5,4,2,0,1,5,9,7,10,1,0,8,2,2
31,1907,421561.5,3814579.5,2022,1,0,1,1,5,1,2,0,1,5,9,13,11,1,0,8,6,17
52,1931,421633.5,3814516.5,2022,0,3,4,1,5,1,2,0,1,5,9,11,13,1,0,8,2,2
37,1973,421759.5,3814561.5,2022,1,2,2,0,0,1,4,2,7,6,8,6,8,8,6,3,11,0
36,2001,421843.5,3814564.5,2022,1,2,2,1,5,1,2,0,1,5,9,11,13,7,6,15,11,0
46,2038,421954.5,3814534.5,2022,1,2,2,1,5,1,2,0,1,5,9,11,13,7,6,15,11,0
47,2048,421984.5,3814531.5,2022,0,3,4,1,5,4,2,0,1,5,9,7,10,1,0,8,2,2
32,2076,422068.5,3814576.5,2022,0,0,1,1,5,2,2,0,1,5,9,13,11,1,0,8,2,2
30,2122,422206.5,3814582.5,2022,0,0,4,1,5,4,2,0,1,5,9,7,10,1,0,8,2,2
33,2132,422236.5,3814573.5,2022,0,0,4,3,3,4,5,9,4,10,0,9,7,3,9,10,4,1
56,2182,422386.5,3814504.5,2022,0,0,4,1,5,5,5,8,4,10,11,7,10,12,7,11,14,16
59,2211,422473.5,3814495.5,2022,0,3,4,1,5,4,2,0,1,5,11,7,10,1,0,8,14,14
54,2226,422518.5,3814510.5,2022,0,3,4,1,5,4,2,0,1,5,11,7,10,1,0,8,2,2
51,2265,422635.5,3814519.5,2022,0,3,4,3,3,4,3,7,10,10,11,7,10,1,0,8,2,2
40,2291,422713.5,3814552.5,2022,0,3,0,1,5,5,2,0,1,5,11,7,10,1,0,4,15,14
59,2319,422797.5,3814495.5,2022,0,0,3,1,5,5,2,0,1,5,9,7,10,1,0,8,17,3
41,2354,422902.5,3814549.5,2022,2,1,3,1,6,5,6,6,6,0,2,12,6,11,3,6,17,3
36,2374,422962.5,3814564.5,2022,2,1,3,5,6,5,6,6,6,11,2,12,6,0,4,6,17,12
32,2403,423049.5,3814576.5,2022,2,1,3,2,6,5,6,6,6,0,2,12,6,11,3,13,0,6
43,2433,423139.5,3814543.5,2022,2,1,3,5,6,5,6,6,6,0,2,12,6,11,3,6,17,3
58,2482,423286.5,3814498.5,2022,2,1,3,5,6,5,6,6,6,0,2,12,6,11,3,13,0,3
31,2509,423367.5,3814579.5,2022,2,1,0,2,1,5,6,6,6,0,2,12,6,11,3,13,0,6
38,2549,423487.5,3814558.5,2022,2,1,3,5,6,5,6,6,3,11,1,2,1,6,2,1,7,18
32,2572,423556.5,3814576.5,2022,2,1,3,5,6,5,6,8,3,11,1,2,1,0,4,1,17,12
37,2585,423595.5,3814561.5,2022,2,1,3,5,6,5,6,6,3,11,2,2,1,0,4,6,17,12
43,2631,423733.5,3814543.5,2022,2,1,3,5,6,5,6,6,6,0,2,12,6,11,3,6,17,3
40,2653,423799.5,3814552.5,2022,2,1,3,1,5,5,6,6,6,0,2,7,10,1,0,6,17,3
31,2670,423850.5,3814579.5,2022,2,3,0,2,1,5,1,6,6,0,2,7,10,1,0,4,15,14
33,2714,423982.5,3814573.5,2022,2,1,3,5,6,5,6,6,6,0,2,12,6,11,3,6,17,3
38,2751,424093.5,3814558.5,2022,2,1,0,1,5,5,6,6,6,0,2,7,10,11,3,6,17,3
43,2788,424204.5,3814543.5,2022,2,1,3,1,5,5,6,6,6,0,2,7,10,11,3,6,17,3
44,2799,424237.5,3814540.5,2022,2,1,3,1,5,5,6,6,1,5,9,7,10,1,0,6,17,3
35,2830,424330.5,3814567.5,2022,1,0,1,1,5,5,6,8,3,11,3,2,14,0,4,7,18,7
37,2861,424423.5,3814561.5,2022,1,0,1,4,5,5,6,8,3,11,3,13,14,0,4,7,18,7
30,2881,424483.5,3814582.5,2022,1,0,1,1,5,2,2,8,1,5,9,13,11,1,0,6,17,3
75,26,415918.5,3814447.5,2022,0,3,4,1,5,4,2,0,1,5,9,11,10,1,0,8,2,2
62,49,415987.5,3814486.5,2022,0,3,4,1,5,4,2,0,1,5,9,11,10,1,0,8,2,2
80,83,416089.5,3814432.5,2022,0,3,4,1,5,4,2,0,1,5,9,7,10,1,0,8,2,2
66,90,416110.5,3814474.5,2022,0,3,4,3,3,4,3,7,10,10,11,9,7,12,9,11,14,16
84,147,416281.5,3814420.5,2022,0,0,1,1,5,2,2,0,1,5,9,13,11,1,0,8,2,2
80,167,416341.5,3814432.5,2022,0,0,4,1,5,2,2,0,1,5,9,13,11,1,0,8,2,2
72,180,416380.5,3814456.5,2022,0,0,1,1,5,2,2,0,1,5,9,13,11,1,0,8,2,2
80,232,416536.5,3814432.5,2022,0,0,4,1,5,4,2,0,1,5,9,7,10,1,0,8,2,2
74,249,416587.5,3814450.5,2022,0,0,4,1,5,2,2,0,1,5,9,13,11,1,0,8,2,2
63,288,416704.5,3814483.5,2022,0,3,4,3,3,4,3,7,10,2,6,5,2,5,11,2,10,5
77,306,416758.5,3814441.5,2022,0,3,4,3,3,4,3,7,10,2,6,5,2,5,11,2,10,5
60,336,416848.5,3814492.5,2022,0,3,4,3,3,4,3,7,10,2,6,5,2,5,11,2,10,5
89,368,416944.5,3814405.5,2022,0,3,4,3,3,4,3,7,10,2,6,5,2,5,11,2,10,5
81,399,417037.5,3814429.5,2022,0,3,4,3,3,4,3,7,10,2,6,5,2,5,11,2,10,5
77,449,417187.5,3814441.5,2022,0,3,4,3,3,4,3,7,10,2,6,5,2,5,11,2,10,5
82,460,417220.5,3814426.5,2022,0,3,4,3,3,4,3,7,10,2,6,5,2,5,11,2,10,5
88,490,417310.5,3814408.5,2022,0,3,4,3,3,4,3,7,10,2,6,5,2,5,11,2,10,5
83,527,417421.5,3814423.5,2022,0,3,4,3,3,4,3,7,10,2,6,5,2,5,11,2,10,5
71,567,417541.5,3814459.5,2022,0,0,4,3,4,2,5,9,4,10,0,9,7,3,9,10,4,1
60,594,417622.5,3814492.5,2022,0,0,1,4,4,2,5,9,4,9,0,4,12,9,1,0,3,15
61,626,417718.5,3814489.5,2022,0,0,4,3,3,4,3,9,4,10,0,9,7,3,9,10,4,1
70,639,417757.5,3814462.5,2022,0,3,4,3,3,4,3,7,10,2,6,5,2,5,11,2,10,5
85,670,417850.5,3814417.5,2022,0,3,4,3,3,4,3,7,10,2,6,5,2,5,11,2,10,5
75,694,417922.5,3814447.5,2022,0,3,4,3,3,4,3,7,10,2,6,5,2,5,11,2,10,5
60,724,418012.5,3814492.5,2022,1,0,2,4,4,1,2,3,9,1,12,0,4,10,16,5,1,11
75,767,418141.5,3814447.5,2022,1,2,2,0,4,1,8,3,9,1,12,0,4,10,16,5,1,11
61,786,418198.5,3814489.5,2022,0,0,1,4,4,2,5,9,9,1,12,0,4,10,16,5,1,11
89,834,418342.5,3814405.5,2022,1,2,1,4,0,6,8,3,5,4,5,10,3,4,12,12,6,17
61,840,418360.5,3814489.5,2022,1,2,2,0,0,6,8,3,9,1,12,0,4,10,16,5,1,11
69,879,418477.5,3814465.5,2022,1,0,1,4,4,2,8,3,9,1,12,0,4,10,16,5,1,11
77,922,418606.5,3814441.5,2022,0,0,4,3,4,2,5,9,9,10,0,9,7,3,9,10,4,1
64,958,418714.5,3814480.5,2022,1,0,2,4,4,2,8,3,9,1,12,0,4,10,16,5,1,11
80,977,418771.5,3814432.5,2022,0,0,1,4,4,2,5,9,4,10,0,9,7,3,9,11,14,16
87,1013,418879.5,3814411.5,2022,1,0,1,4,4,2,5,3,9,1,12,0,4,10,16,5,1,11
62,1035,418945.5,3814486.5,2022,1,0,1,4,4,2,8,3,9,1,12,0,4,10,16,5,1,11
82,1079,419077.5,3814426.5,2022,0,0,1,4,4,2,5,9,4,9,3,4,12,9,1,0,3,15
79,1088,419104.5,3814435.5,2022,0,0,1,4,4,2,5,9,4,9,0,4,7,9,1,0,14,16
77,1116,419188.5,3814441.5,2022,0,0,1,4,4,2,5,9,4,10,0,4,7,9,1,0,14,16
80,1147,419281.5,3814432.5,2022,1,0,1,4,4,2,5,9,9,1,12,0,4,10,16,5,1,11
76,1187,419401.5,3814444.5,2022,0,3,4,3,3,4,3,7,10,2,6,5,2,5,11,2,10,5
86,1206,419458.5,3814414.5,2022,0,2,4,1,5,1,2,0,9,1,12,0,13,10,5,5,13,19
60,1245,419575.5,3814492.5,2022,0,3,4,3,3,4,3,7,10,2,6,5,2,5,11,2,10,5
66,1273,419659.5,3814474.5,2022,1,2,2,0,0,1,4,3,9,1,12,0,4,10,16,5,1,11
79,1295,419725.5,3814435.5,2022,0,3,4,3,3,4,3,7,10,2,6,5,2,5,11,2,10,5
60,1344,419872.5,3814492.5,2022,0,3,4,1,5,4,2,0,1,5,9,11,13,1,0,8,2,2
89,1363,419929.5,3814405.5,2022,0,0,4,1,5,1,2,0,1,5,9,11,13,1,0,8,2,2
81,1406,420058.5,3814429.5,2022,1,0,1,1,5,2,2,8,1,5,3,13,11,4,12,12,6,17
65,1432,420136.5,3814477.5,2022,1,0,1,1,4,2,2,0,9,1,12,0,4,10,16,5,1,11
64,1444,420172.5,3814480.5,2022,0,0,1,4,4,2,5,9,4,9,0,4,7,9,1,0,3,15
65,1479,420277.5,3814477.5,2022,1,2,2,1,5,1,2,0,1,5,9,11,13,7,6,15,11,0
76,1504,420352.5,3814444.5,2022,0,0,4,1,5,2,2,0,1,5,11,7,10,1,0,8,14,2
78,1537,420451.5,3814438.5,2022,0,3,4,3,3,4,3,7,10,2,11,5,2,5,11,2,10,5
75,1582,420586.5,3814447.5,2022,0,0,4,3,3,4,5,9,10,10,11,9,7,12,7,11,14,16
89,1602,420646.5,3814405.5,2022,0,0,4,3,3,4,3,9,10,10,0,9,7,3,9,10,4,1
80,1631,420733.5,3814432.5,2022,0,0,4,3,3,4,5,9,4,10,0,9,7,3,9,10,4,1
70,1674,420862.5,3814462.5,2022,0,3,4,3,3,4,3,7,10,2,6,5,2,3,9,10,4,1
67,1694,420922.5,3814471.5,2022,0,3,4,3,3,4,3,7,10,10,11,9,7,12,7,11,15,14
63,1718,420994.5,3814483.5,2022,0,3,4,3,3,4,3,7,10,2,6,5,2,5,11,10,4,1
82,1763,421129.5,3814426.5,2022,0,3,4,1,5,4,2,0,1,5,9,7,10,1,0,8,2,2
62,1773,421159.5,3814486.5,2022,0,3,4,3,3,4,3,7,10,2,6,5,2,1,0,8,2,2
82,1815,421285.5,3814426.5,2022,0,0,4,3,3,4,5,9,4,10,11,9,7,12,7,11,14,16
79,1833,421339.5,3814435.5,2022,0,3,4,1,5,4,2,0,1,5,9,7,10,1,0,8,2,2
83,1869,421447.5,3814423.5,2022,1,2,2,1,5,1,2,0,1,5,9,11,13,7,6,15,2,2
85,1916,421588.5,3814417.5,2022,1,2,2,0,0,1,4,2,7,6,8,11,13,7,6,15,11,0
84,1929,421627.5,3814420.5,2022,1,2,2,1,5,1,2,0,1,5,9,11,13,7,6,15,11,0
76,1956,421708.5,3814444.5,2022,1,0,1,1,5,5,2,8,1,5,9,13,11,4,12,12,6,17
73,1980,421780.5,3814453.5,2022,1,2,2,0,0,1,4,2,7,6,8,6,8,8,10,3,8,8
87,2031,421933.5,3814411.5,2022,1,2,2,0,0,1,4,2,7,6,8,6,8,8,10,3,8,8
68,2059,422017.5,3814468.5,2022,1,2,2,1,5,1,2,0,1,5,9,11,13,7,6,15,11,2
68,2071,422053.5,3814468.5,2022,0,0,4,1,5,4,2,0,1,5,9,7,10,1,0,8,2,2
80,2105,422155.5,3814432.5,2022,0,0,4,3,3,2,5,9,4,10,0,9,7,3,9,10,4,1
86,2130,422230.5,3814414.5,2022,0,0,4,1,5,2,2,0,1,5,9,7,10,1,0,8,2,2
84,2187,422401.5,3814420.5,2022,0,3,4,1,5,4,2,0,1,5,9,7,10,1,0,8,2,2
82,2212,422476.5,3814426.5,2022,1,2,2,0,0,1,4,2,7,6,8,11,13,7,6,15,11,0
78,2238,422554.5,3814438.5,2022,1,2,2,0,0,1,4,2,7,6,8,11,13,7,6,15,11,0
83,2251,422593.5,3814423.5,2022,1,2,2,1,5,1,4,0,7,6,1,11,13,7,6,15,11,18
79,2284,422692.5,3814435.5,2022,0,0,4,1,5,2,2,0,1,5,9,7,10,1,0,8,2,2
89,2330,422830.5,3814405.5,2022,2,1,3,1,5,5,6,6,1,5,11,7,10,1,0,6,17,3
65,2347,422881.5,3814477.5,2022,2,1,3,1,5,5,6,6,6,0,2,7,10,11,3,6,17,3
68,2386,422998.5,3814468.5,2022,2,1,3,1,5,5,6,6,6,0,2,12,6,11,3,6,17,3
89,2401,423043.5,3814405.5,2022,2,3,0,2,1,5,1,6,6,0,11,7,10,1,0,4,15,14
87,2433,423139.5,3814411.5,2022,2,1,3,1,5,5,6,6,1,5,9,7,10,1,0,6,17,3
76,2470,423250.5,3814444.5,2022,2,1,3,2,1,5,6,6,6,0,2,12,6,11,3,6,17,3
84,2513,423379.5,3814420.5,2022,2,1,3,5,6,5,6,6,3,11,1,2,1,6,2,6,17,3
77,2530,423430.5,3814441.5,2022,2,1,3,5,6,5,6,6,6,0,2,12,6,11,3,13,0,3
82,2563,423529.5,3814426.5,2022,2,1,3,5,6,5,6,6,6,0,2,12,1,11,3,6,17,3
81,2584,423592.5,3814429.5,2022,2,1,3,5,6,5,6,6,6,0,2,12,6,11,3,6,17,3
88,2616,423688.5,3814408.5,2022,2,1,3,1,5,5,6,6,6,0,2,7,6,0,3,6,17,3
89,2650,423790.5,3814405.5,2022,2,1,3,5,6,5,6,6,6,0,2,12,6,11,3,13,0,6
73,2687,423901.5,3814453.5,2022,2,1,3,2,1,5,6,6,6,0,2,12,6,11,3,13,0,6
70,2708,423964.5,3814462.5,2022,2,1,0,2,1,5,1,6,6,0,2,12,6,11,3,13,15,6
62,2758,424114.5,3814486.5,2022,2,1,3,5,6,5,6,6,6,0,2,12,6,11,3,6,17,3
62,2787,424201.5,3814486.5,2022,2,1,3,5,6,5,6,6,6,0,2,12,6,11,3,6,17,3
65,2798,424234.5,3814477.5,2022,2,1,3,1,5,5,6,8,1,5,9,7,10,1,0,6,17,3
88,2823,424309.5,3814408.5,2022,2,1,3,1,5,5,6,8,1,5,9,7,10,1,0,6,17,3
86,2924,424612.5,3814414.5,2022,1,2,2,0,0,6,8,8,3,11,1,2,1,6,2,1,7,18
89,2988,424804.5,3814405.5,2022,2,1,3,5,6,5,6,8,3,11,1,2,1,0,4,6,17,3
103,6,415858.5,3814363.5,2022,0,0,4,1,5,2,2,0,1,5,9,13,11,1,0,8,2,2
105,34,415942.5,3814357.5,2022,0,0,4,1,5,1,2,0,1,5,9,13,11,1,0,8,2,2
100,68,416044.5,3814372.5,2022,0,0,4,1,5,2,2,0,1,5,9,13,11,1,0,8,2,2
95,95,416125.5,3814387.5,2022,0,0,4,1,5,2,2,0,1,5,9,13,11,1,0,8,2,2
115,145,416275.5,3814327.5,2022,0,3,4,1,5,4,2,0,1,5,9,7,10,1,0,8,2,2
112,157,416311.5,3814336.5,2022,0,3,4,1,5,4,2,0,1,5,9,7,10,1,0,8,2,2
114,181,416383.5,3814330.5,2022,1,0,1,1,5,1,2,0,1,5,9,13,11,4,12,12,6,17
92,228,416524.5,3814396.5,2022,0,3,4,3,3,4,2,0,1,5,9,5,10,1,0,8,2,2
117,247,416581.5,3814321.5,2022,0,3,4,1,5,4,2,0,1,5,9,7,10,1,0,8,2,2
110,295,416725.5,3814342.5,2022,0,3,4,3,3,4,3,7,10,2,6,5,2,5,11,2,10,5
90,327,416821.5,3814402.5,2022,0,3,4,3,3,4,3,7,10,2,6,5,2,5,11,2,10,5
106,346,416878.5,3814354.5,2022,0,3,4,3,3,4,3,7,10,2,6,5,2,5,11,2,10,5
98,388,417004.5,3814378.5,2022,0,3,4,3,3,4,3,7,10,2,6,5,2,5,11,2,10,5
113,394,417022.5,3814333.5,2022,0,3,4,3,3,4,3,7,10,2,6,5,2,5,11,2,10,5
95,430,417130.5,3814387.5,2022,0,3,4,3,3,4,3,7,10,2,6,5,2,5,11,2,10,5
113,450,417190.5,3814333.5,2022,0,3,4,3,3,4,3,7,10,2,6,5,2,5,11,2,10,5
107,482,417286.5,3814351.5,2022,0,3,4,3,3,4,3,7,10,2,6,5,2,5,11,2,10,5
111,536,417448.5,3814339.5,2022,0,0,4,3,4,2,5,9,4,10,0,9,7,3,9,10,4,1
92,547,417481.5,3814396.5,2022,0,0,1,4,4,2,5,9,4,10,0,9,7,3,9,0,3,15
110,584,417592.5,3814342.5,2022,0,3,4,3,3,4,3,7,10,2,6,5,2,5,11,2,10,5
107,605,417655.5,3814351.5,2022,0,3,4,3,3,4,3,7,10,2,6,5,2,5,11,2,10,5
106,653,417799.5,3814354.5,2022,0,3,4,3,3,4,3,7,10,2,6,5,2,5,11,2,10,5
115,677,417871.5,3814327.5,2022,0,3,4,3,3,4,3,7,10,2,6,5,2,5,11,2,10,5
119,716,417988.5,3814315.5,2022,0,3,4,3,3,4,3,7,10,2,6,5,2,5,11,2,10,5
112,724,418012.5,3814336.5,2022,0,3,4,3,3,4,3,7,10,2,6,5,2,5,11,2,10,5
115,776,418168.5,3814327.5,2022,0,0,1,4,4,2,5,9,4,10,0,9,7,3,9,11,14,16
100,805,418255.5,3814372.5,2022,1,0,1,4,4,6,8,3,5,1,5,0,4,10,16,5,1,11
97,838,418354.5,3814381.5,2022,1,0,1,4,4,6,8,3,5,4,5,13,11,4,12,12,6,17
94,863,418429.5,3814390.5,2022,0,0,1,4,4,2,5,9,4,9,0,9,12,9,1,0,3,15
93,893,418519.5,3814393.5,2022,0,0,1,4,4,2,5,9,4,10,0,9,7,3,9,10,4,1
96,908,418564.5,3814384.5,2022,0,0,4,3,4,2,5,9,9,1,0,0,4,10,9,5,1,11
109,933,418639.5,3814345.5,2022,1,0,1,4,4,2,5,3,9,1,12,0,4,10,16,5,1,11
119,974,418762.5,3814315.5,2022,0,0,1,4,4,2,5,9,9,1,12,0,4,10,16,5,1,11
93,1017,418891.5,3814393.5,2022,0,3,4,3,3,4,3,9,10,10,0,9,7,3,9,11,4,16
93,1049,418987.5,3814393.5,2022,0,0,4,3,3,4,5,9,4,10,0,9,7,3,9,11,4,16
97,1052,418996.5,3814381.5,2022,1,0,1,4,4,2,5,9,4,9,3,4,14,9,1,0,3,15
96,1101,419143.5,3814384.5,2022,0,0,1,4,4,2,5,9,4,10,0,9,7,3,9,11,14,16
109,1135,419245.5,3814345.5,2022,1,0,4,4,4,1,2,0,9,1,12,0,4,10,16,5,1,11
102,1161,419323.5,3814366.5,2022,0,3,4,3,3,4,3,7,10,2,6,5,2,5,11,2,10,5
97,1197,419431.5,3814381.5,2022,0,3,4,3,3,4,3,7,10,2,6,5,2,5,11,2,10,5
110,1229,419527.5,3814342.5,2022,0,3,4,3,3,4,3,7,10,2,6,5,2,5,11,2,10,5
102,1253,419599.5,3814366.5,2022,0,0,1,4,4,2,5,9,4,10,0,9,7,3,9,11,14,16
108,1285,419695.5,3814348.5,2022,0,3,4,3,3,4,3,7,10,2,6,5,2,5,11,2,10,5
97,1303,419749.5,3814381.5,2022,0,3,4,3,3,4,3,7,10,2,6,5,2,5,11,2,10,5
91,1329,419827.5,3814399.5,2022,0,3,4,3,3,4,3,7,10,2,6,5,2,5,11,2,10,5
94,1360,419920.5,3814390.5,2022,0,3,4,1,5,4,2,0,1,5,9,7,10,1,0,8,2,2
119,1381,419983.5,3814315.5,2022,0,3,4,3,3,4,3,7,10,10,11,9,7,12,7,11,14,16
104,1433,420139.5,3814360.5,2022,0,0,4,3,4,2,5,9,4,10,11,9,7,12,7,11,14,16
118,1468,420244.5,3814318.5,2022,0,3,4,3,3,4,3,9,10,10,0,9,7,3,9,10,4,1
102,1477,420271.5,3814366.5,2022,0,0,1,4,4,2,5,9,4,10,0,9,12,3,9,10,4,1
115,1512,420376.5,3814327.5,2022,0,0,4,1,5,2,2,0,1,5,9,7,10,1,0,8,2,2
94,1555,420505.5,3814390.5,2022,0,0,1,4,4,2,5,9,4,9,0,4,12,9,1,0,3,15
113,1565,420535.5,3814333.5,2022,1,2,2,1,5,1,2,0,1,5,9,11,13,7,6,15,11,0
101,1601,420643.5,3814369.5,2022,0,0,4,1,5,2,5,9,4,10,11,7,7,12,7,11,14,16
91,1626,420718.5,3814399.5,2022,0,0,4,3,3,4,5,9,4,10,0,9,7,3,9,10,4,1
112,1650,420790.5,3814336.5,2022,0,0,4,3,3,4,5,9,4,10,0,9,7,3,9,10,4,1
109,1706,420958.5,3814345.5,2022,0,0,1,4,4,2,5,9,4,10,0,9,7,3,9,10,4,16
114,1711,420973.5,3814330.5,2022,0,0,4,3,4,2,5,9,4,10,0,9,7,3,9,11,4,1
94,1760,421120.5,3814390.5,2022,0,0,4,1,5,2,2,0,1,5,9,7,10,1,0,8,2,2
111,1778,421174.5,3814339.5,2022,0,0,1,1,5,2,2,8,1,5,9,13,11,1,0,8,2,2
90,1804,421252.5,3814402.5,2022,0,3,4,3,3,4,3,9,10,10,11,9,7,12,7,11,14,16
112,1836,421348.5,3814336.5,2022,0,3,4,1,5,4,2,0,1,5,9,7,10,1,0,8,2,2
115,1864,421432.5,3814327.5,2022,1,2,2,1,5,1,2,2,1,5,9,13,11,4,6,15,11,0
93,1913,421579.5,3814393.5,2022,0,3,4,1,5,5,2,0,1,5,9,7,10,1,0,8,2,2
102,1921,421603.5,3814366.5,2022,1,1,3,1,5,5,2,0,1,5,9,7,10,1,0,8,2,2
119,1961,421723.5,3814315.5,2022,1,2,2,0,0,1,4,2,7,6,8,6,8,8,10,3,8,8
96,1987,421801.5,3814384.5,2022,0,3,4,1,5,5,2,0,1,5,9,7,10,1,0,8,2,2
112,2011,421873.5,3814336.5,2022,1,2,2,0,0,1,4,2,7,6,8,6,8,8,6,3,11,0
109,2044,421972.5,3814345.5,2022,1,2,2,0,0,1,4,2,7,6,8,6,8,6,2,12,7,18
90,2098,422134.5,3814402.5,2022,1,2,2,1,5,1,2,0,1,5,9,11,11,7,6,15,11,0
110,2110,422170.5,3814342.5,2022,0,0,4,1,5,2,2,0,1,5,11,7,10,1,0,8,2,2
91,2145,422275.5,3814399.5,2022,0,3,4,1,5,4,2,0,1,5,9,7,10,1,0,8,2,2
100,2178,422374.5,3814372.5,2022,1,2,2,1,5,1,2,0,1,5,9,11,13,7,6,15,11,0
104,2212,422476.5,3814360.5,2022,1,2,2,1,5,1,2,0,1,5,9,11,13,7,0,15,2,2
115,2220,422500.5,3814327.5,2022,0,3,4,1,5,4,2,0,1,5,11,7,10,1,0,8,2,2
98,2279,422677.5,3814378.5,2022,2,1,3,1,5,5,6,6,6,0,2,7,10,1,0,6,17,3
106,2295,422725.5,3814354.5,2022,2,0,3,1,5,5,6,8,1,5,9,7,10,1,0,6,17,3
90,2327,422821.5,3814402.5,2022,2,1,3,1,5,5,6,8,1,5,9,7,10,1,0,6,17,3
110,2345,422875.5,3814342.5,2022,2,1,3,1,5,5,6,6,6,0,2,7,10,0,4,6,17,3
107,2380,422980.5,3814351.5,2022,2,1,3,1,5,5,6,8,1,5,2,7,10,0,4,6,17,3
104,2418,423094.5,3814360.5,2022,1,2,2,0,0,1,4,2,7,6,8,6,8,6,2,3,7,18
98,2442,423166.5,3814378.5,2022,2,1,3,5,6,5,6,6,6,0,2,12,6,0,3,6,17,3
112,2481,423283.5,3814336.5,2022,2,1,3,1,5,5,6,6,1,5,9,7,10,1,0,6,17,3
103,2507,423361.5,3814363.5,2022,2,1,3,1,5,5,6,6,6,0,2,7,10,11,3,6,17,3
101,2538,423454.5,3814369.5,2022,2,1,3,5,6,5,6,6,6,0,2,12,6,11,3,13,0,6
102,2559,423517.5,3814366.5,2022,2,1,3,5,6,5,6,8,3,11,1,2,1,0,4,6,17,3
102,2589,423607.5,3814366.5,2022,1,2,3,5,6,1,4,2,3,11,1,2,1,6,2,1,7,18
102,2636,423748.5,3814366.5,2022,2,1,3,5,6,5,6,6,6,0,2,12,6,11,3,13,0,6
92,2660,423820.5,3814396.5,2022,2,1,3,1,5,5,6,6,6,0,2,7,10,1,0,6,17,3
90,2691,423913.5,3814402.5,2022,2,1,3,5,6,5,6,6,6,0,2,12,6,11,3,13,0,6
118,2703,423949.5,3814318.5,2022,2,1,3,5,6,5,6,6,6,0,2,12,6,11,3,6,17,3
110,2742,424066.5,3814342.5,2022,2,1,3,5,6,5,6,6,6,0,2,12,6,11,3,6,17,3
95,2760,424120.5,3814387.5,2022,2,1,3,5,6,5,6,6,6,0,2,12,1,11,3,1,0,12
90,2816,424288.5,3814402.5,2022,1,0,1,1,5,2,2,8,1,5,9,13,11,4,12,6,6,17
118,2848,424384.5,3814318.5,2022,2,1,3,5,6,5,6,6,6,0,2,12,6,11,3,6,17,3
118,2855,424405.5,3814318.5,2022,2,1,3,5,6,5,6,6,6,0,2,12,6,11,3,6,17,3
93,2915,424585.5,3814393.5,2022,1,2,2,0,0,1,4,2,3,11,1,2,1,6,2,1,7,18
112,2948,424684.5,3814336.5,2022,1,1,3,1,6,5,6,8,3,11,1,2,1,0,4,6,17,3
118,2976,424768.5,3814318.5,2022,2,1,3,5,6,5,6,6,3,11,1,2,1,0,4,1,18,12
126,9,415867.5,3814294.5,2022,1,2,2,0,0,1,4,2,7,6,8,6,8,7,6,15,11,0
122,37,415951.5,3814306.5,2022,1,2,2,1,5,1,2,0,1,5,9,13,11,4,6,12,11,0
125,72,416056.5,3814297.5,2022,1,2,2,1,5,1,2,0,1,5,9,13,11,1,6,8,2,2
125,119,416197.5,3814297.5,2022,1,2,2,1,5,1,2,0,1,5,9,11,13,7,6,8,11,0
132,142,416266.5,3814276.5,2022,0,0,4,1,5,2,2,0,1,5,9,13,11,1,0,8,2,2
128,156,416308.5,3814288.5,2022,0,3,4,1,5,4,2,0,1,5,9,7,10,1,0,8,2,2
127,190,416410.5,3814291.5,2022,0,0,4,1,5,2,2,0,1,5,9,13,11,1,0,8,2,2
127,211,416473.5,3814291.5,2022,1,2,2,0,0,1,4,2,7,6,8,11,13,7,6,15,11,0
123,262,416626.5,3814303.5,2022,0,3,4,3,3,4,3,7,10,2,6,5,2,5,11,2,10,5
128,282,416686.5,3814288.5,2022,0,3,4,3,3,4,3,7,10,2,6,5,2,5,11,2,10,5
144,302,416746.5,3814240.5,2022,0,3,4,3,3,4,3,7,10,2,6,5,2,5,11,2,10,5
141,330,416830.5,3814249.5,2022,0,3,4,3,3,4,3,7,10,2,6,5,2,5,11,2,10,5
138,374,416962.5,3814258.5,2022,0,3,4,3,3,4,3,7,10,2,6,5,2,5,11,2,10,5
134,407,417061.5,3814270.5,2022,0,3,4,3,3,4,3,7,10,2,6,5,2,5,11,2,10,5
133,437,417151.5,3814273.5,2022,0,3,4,3,3,4,3,7,10,2,6,5,2,5,11,2,10,5
143,460,417220.5,3814243.5,2022,0,3,4,3,3,4,3,7,10,2,6,5,2,5,11,2,10,5
124,490,417310.5,3814300.5,2022,0,3,4,3,3,4,3,7,10,2,6,5,2,5,5,2,13,19
132,537,417451.5,3814276.5,2022,0,0,1,4,4,2,5,9,4,9,3,4,14,9,1,0,3,16
122,542,417466.5,3814306.5,2022,0,0,4,3,3,4,5,9,4,10,0,9,7,3,9,10,4,1
147,580,417580.5,3814231.5,2022,0,0,4,3,4,2,5,9,4,10,0,9,7,3,9,10,4,1
140,618,417694.5,3814252.5,2022,0,3,4,3,3,4,3,7,10,2,6,5,2,5,11,2,10,5
127,644,417772.5,3814291.5,2022,0,3,4,3,3,4,3,7,10,2,6,5,2,5,11,2,10,5
126,671,417853.5,3814294.5,2022,0,3,4,3,3,4,3,7,10,2,6,5,2,5,11,2,10,5
126,691,417913.5,3814294.5,2022,0,3,4,3,3,4,3,7,10,2,6,5,2,5,11,2,10,5
140,742,418066.5,3814252.5,2022,0,3,4,3,3,4,3,7,10,2,6,5,2,5,11,2,10,5
145,760,418120.5,3814237.5,2022,0,3,4,3,3,4,3,7,10,10,0,9,7,3,9,10,4,1
127,784,418192.5,3814291.5,2022,1,0,1,4,4,2,8,3,5,9,3,4,12,9,1,0,3,15
139,825,418315.5,3814255.5,2022,1,0,1,4,4,2,8,3,4,9,12,0,4,10,16,5,1,11
121,868,418444.5,3814309.5,2022,0,0,4,3,4,2,5,9,4,10,0,9,7,3,9,11,14,16
122,872,418456.5,3814306.5,2022,0,0,4,3,3,4,5,9,4,10,0,9,7,3,9,10,4,1
145,907,418561.5,3814237.5,2022,0,0,1,4,4,2,5,9,4,9,0,4,12,9,1,0,3,15
125,944,418672.5,3814297.5,2022,0,0,4,3,3,4,5,9,4,10,0,9,7,3,9,10,4,1
123,965,418735.5,3814303.5,2022,0,0,1,4,4,2,5,9,9,1,12,0,4,10,16,5,1,11
144,1011,418873.5,3814240.5,2022,0,3,4,3,3,4,3,7,10,10,6,9,7,3,9,11,4,1
131,1046,418978.5,3814279.5,2022,0,0,1,4,4,2,5,9,4,9,0,4,12,9,1,0,3,15
139,1063,419029.5,3814255.5,2022,0,0,1,4,4,2,5,9,4,9,0,9,12,9,1,0,3,15
142,1102,419146.5,3814246.5,2022,1,0,1,4,4,2,5,9,4,9,3,4,14,9,1,0,3,16
134,1118,419194.5,3814270.5,2022,1,2,2,0,0,6,8,3,9,1,12,0,4,10,16,5,1,11
126,1159,419317.5,3814294.5,2022,0,3,4,3,3,4,3,7,10,2,6,5,2,5,11,11,10,5
143,1177,419371.5,3814243.5,2022,0,3,4,3,3,4,3,9,10,10,11,9,7,12,7,11,14,16
133,1217,419491.5,3814273.5,2022,0,3,4,3,3,4,3,7,10,2,6,5,2,5,11,2,10,5
141,1237,419551.5,3814249.5,2022,0,3,4,3,3,4,3,7,10,2,6,5,2,5,11,2,10,5
130,1273,419659.5,3814282.5,2022,0,3,4,3,3,4,3,7,10,2,6,5,2,5,11,2,10,5
134,1304,419752.5,3814270.5,2022,0,3,4,3,3,4,3,7,10,2,6,5,2,5,11,2,10,5
140,1326,419818.5,3814252.5,2022,0,3,4,3,3,4,3,7,10,2,6,5,2,5,11,2,10,5
126,1352,419896.5,3814294.5,2022,0,3,4,3,3,4,3,7,10,2,6,5,2,5,11,2,10,5
130,1396,420028.5,3814282.5,2022,0,3,4,3,3,4,3,7,10,2,6,5,2,5,11,2,10,5
135,1431,420133.5,3814267.5,2022,0,0,1,4,4,2,5,9,4,9,0,9,7,9,1,0,3,15
130,1448,420184.5,3814282.5,2022,0,0,1,4,4,2,5,9,4,9,0,4,7,9,1,0,14,16
122,1479,420277.5,3814306.5,2022,0,3,4,3,3,4,3,7,10,10,0,9,7,3,9,10,4,1
149,1522,420406.5,3814225.5,2022,0,0,4,1,5,2,2,0,9,10,11,9,7,12,7,11,14,16
120,1537,420451.5,3814312.5,2022,0,0,4,3,3,4,2,0,10,10,11,9,7,12,7,11,14,16
144,1588,420604.5,3814240.5,2022,1,2,2,0,0,6,4,2,7,4,8,6,8,8,10,3,8,8
137,1605,420655.5,3814261.5,2022,1,2,2,0,0,6,4,2,7,6,8,6,8,8,10,3,8,8
120,1634,420742.5,3814312.5,2022,0,0,1,4,4,2,5,9,4,10,0,4,7,9,7,11,14,16
132,1674,420862.5,3814276.5,2022,0,0,4,4,4,2,5,9,4,10,0,9,7,3,9,10,4,1
149,1682,420886.5,3814225.5,2022,1,2,2,1,5,1,2,0,1,5,9,13,11,1,6,8,2,2
143,1731,421033.5,3814243.5,2022,1,2,2,1,5,1,2,8,1,5,9,13,11,4,12,12,6,17
149,1762,421126.5,3814225.5,2022,0,0,1,4,4,2,5,9,4,10,0,9,7,3,9,10,4,1
124,1788,421204.5,3814300.5,2022,0,3,4,3,3,4,3,7,10,2,6,5,2,3,9,10,4,1
127,1829,421327.5,3814291.5,2022,0,3,4,1,5,4,2,0,1,5,9,7,10,1,0,8,2,2
128,1857,421411.5,3814288.5,2022,0,3,4,1,5,1,2,0,1,5,9,11,10,1,0,8,2,2
132,1870,421450.5,3814276.5,2022,2,3,4,1,5,5,2,0,1,5,9,7,10,1,0,8,2,2
133,1919,421597.5,3814273.5,2022,1,2,2,1,5,1,2,0,1,5,9,11,11,7,6,15,11,0
136,1930,421630.5,3814264.5,2022,1,2,2,1,5,1,2,0,1,5,9,11,13,7,6,15,11,0
136,1967,421741.5,3814264.5,2022,1,2,2,1,5,1,2,0,1,5,9,11,13,7,6,15,11,0
133,1983,421789.5,3814273.5,2022,2,3,4,1,5,5,2,0,1,5,9,7,10,1,0,8,2,2
135,2031,421933.5,3814267.5,2022,1,2,2,0,0,1,4,2,7,6,8,6,8,8,6,3,11,0
133,2064,422032.5,3814273.5,2022,0,3,4,1,5,4,2,0,1,5,9,7,10,1,0,8,2,2
127,2088,422104.5,3814291.5,2022,1,2,2,1,5,1,2,0,1,5,9,11,11,1,0,8,2,2
136,2117,422191.5,3814264.5,2022,0,3,4,1,5,5,2,0,1,5,9,7,10,1,0,8,2,2
137,2153,422299.5,3814261.5,2022,2,1,3,5,6,5,6,6,6,0,2,12,6,11,3,6,17,3
132,2172,422356.5,3814276.5,2022,1,2,2,0,0,1,4,2,7,6,8,11,13,7,6,15,11,0
125,2210,422470.5,3814297.5,2022,0,3,4,3,3,4,3,7,10,2,6,5,2,5,11,2,10,5
132,2234,422542.5,3814276.5,2022,0,3,4,3,3,4,3,7,10,2,6,7,10,5,0,4,15,14
136,2267,422641.5,3814264.5,2022,2,1,3,1,5,5,2,0,1,5,9,7,10,1,0,8,17,3
129,2281,422683.5,3814285.5,2022,2,1,3,1,5,1,2,0,1,5,9,11,13,7,6,15,11,0
121,2328,422824.5,3814309.5,2022,0,0,4,1,5,5,2,8,1,5,9,7,10,1,0,6,17,3
137,2357,422911.5,3814261.5,2022,1,2,2,0,0,1,4,2,7,6,8,6,8,7,6,15,11,0
124,2381,422983.5,3814300.5,2022,2,1,0,2,1,5,6,6,6,0,2,12,6,11,3,4,15,14
143,2401,423043.5,3814243.5,2022,0,3,4,3,3,4,3,7,10,2,6,5,2,5,11,2,10,5
140,2452,423196.5,3814252.5,2022,2,1,3,5,6,5,6,6,3,11,2,2,1,0,4,6,17,3
142,2479,423277.5,3814246.5,2022,2,1,3,5,6,5,6,6,3,11,2,2,1,0,4,6,17,12
120,2509,423367.5,3814312.5,2022,2,1,3,5,6,5,6,6,6,0,2,12,6,11,3,13,0,6
141,2535,423445.5,3814249.5,2022,2,1,3,5,6,5,6,6,6,0,2,12,6,11,3,13,0,6
134,2575,423565.5,3814270.5,2022,2,1,3,5,6,5,6,6,6,0,2,12,6,11,3,13,0,12
147,2585,423595.5,3814231.5,2022,2,1,3,5,6,5,6,6,6,0,2,12,6,11,3,13,0,6
143,2615,423685.5,3814243.5,2022,2,1,3,1,5,5,6,6,6,11,2,7,10,0,4,6,17,3
131,2645,423775.5,3814279.5,2022,2,1,3,5,6,5,6,6,3,11,2,2,1,0,4,6,17,12
130,2690,423910.5,3814282.5,2022,2,1,3,5,6,5,6,6,6,11,2,2,1,0,4,6,17,3
135,2716,423988.5,3814267.5,2022,2,1,3,5,6,5,6,8,3,11,1,2,1,0,4,6,18,12
124,2745,424075.5,3814300.5,2022,2,1,3,5,6,5,6,8,3,11,2,2,1,0,4,6,17,3
122,2767,424141.5,3814306.5,2022,2,1,3,5,6,5,6,6,6,0,2,12,6,11,3,6,17,3
124,2792,424216.5,3814300.5,2022,2,1,3,1,5,5,6,6,6,0,2,12,10,11,3,6,17,3
146,2833,424339.5,3814234.5,2022,0,0,1,1,5,2,5,8,1,5,9,13,11,1,0,8,2,2
120,2851,424393.5,3814312.5,2022,2,1,3,5,6,5,6,6,6,0,2,12,6,11,3,6,17,3
136,2932,424636.5,3814264.5,2022,2,1,3,5,6,5,6,6,6,11,1,2,1,6,2,6,17,3
149,2959,424717.5,3814225.5,2022,2,1,3,1,5,5,6,6,6,0,2,12,6,11,3,6,17,3
131,2996,424828.5,3814279.5,2022,1,2,3,5,6,5,6,8,3,11,1,2,1,6,2,1,7,18
137,3010,424870.5,3814261.5,2022,2,1,3,5,6,5,6,6,6,0,2,12,6,11,3,6,17,3
149,3058,425014.5,3814225.5,2022,2,1,3,1,5,5,6,6,6,0,2,7,10,0,4,6,17,3
143,3061,425023.5,3814243.5,2022,2,1,3,5,6,5,6,6,6,0,2,12,6,11,3,6,17,3
163,9,415867.5,3814183.5,2022,1,2,2,1,5,1,2,0,1,5,9,11,13,7,6,15,11,0
165,31,415933.5,3814177.5,2022,1,2,2,1,5,1,2,0,1,5,9,11,13,7,6,15,11,0
178,74,416062.5,3814138.5,2022,1,2,2,1,5,1,2,0,1,5,9,11,13,7,6,15,11,0
158,119,416197.5,3814198.5,2022,1,2,2,0,0,1,2,2,1,6,9,13,11,4,6,12,11,0
156,130,416230.5,3814204.5,2022,1,2,2,0,0,1,4,2,7,6,8,11,13,7,6,15,11,0
165,169,416347.5,3814177.5,2022,1,2,2,0,0,1,4,2,7,6,8,11,13,7,6,15,11,0
169,186,416398.5,3814165.5,2022,1,2,2,1,5,1,2,0,7,6,9,11,13,7,6,15,11,0
169,219,416497.5,3814165.5,2022,1,2,2,1,5,1,2,0,1,5,9,11,13,7,6,8,11,0
176,259,416617.5,3814144.5,2022,0,0,4,1,5,1,2,0,1,5,9,11,13,1,0,8,2,2
154,290,416710.5,3814210.5,2022,0,3,4,3,3,4,3,7,10,2,6,5,2,5,11,2,10,5
164,329,416827.5,3814180.5,2022,0,3,4,3,3,4,3,7,10,2,6,5,2,5,11,2,10,5
155,344,416872.5,3814207.5,2022,0,3,4,3,3,4,3,7,10,2,6,5,2,5,11,2,10,5
175,381,416983.5,3814147.5,2022,0,3,4,3,3,4,3,7,10,2,6,5,2,5,11,2,10,5
177,401,417043.5,3814141.5,2022,0,3,4,3,3,4,3,7,10,2,6,5,2,5,11,2,10,5
167,446,417178.5,3814171.5,2022,0,3,4,3,3,4,3,7,10,2,6,5,2,5,11,2,10,5
155,456,417208.5,3814207.5,2022,0,3,4,3,3,4,3,7,10,2,6,5,2,5,11,2,10,5
159,490,417310.5,3814195.5,2022,0,3,4,3,3,4,3,7,10,10,0,9,7,3,9,10,4,1
177,517,417391.5,3814141.5,2022,0,3,4,3,3,4,2,0,9,1,12,11,13,7,5,15,13,19
156,547,417481.5,3814204.5,2022,0,0,4,3,3,2,5,9,4,10,0,9,7,3,9,11,4,16
151,590,417610.5,3814219.5,2022,0,3,4,3,3,4,3,7,10,2,6,5,2,5,11,2,10,5
158,620,417700.5,3814198.5,2022,0,3,4,3,3,4,3,7,10,2,6,5,2,5,11,2,10,5
164,636,417748.5,3814180.5,2022,0,3,4,3,3,4,3,7,10,2,6,5,2,5,11,2,10,5
179,672,417856.5,3814135.5,2022,0,3,4,3,3,4,3,7,10,2,6,5,2,5,11,2,10,5
169,713,417979.5,3814165.5,2022,0,3,4,3,3,4,3,7,10,2,6,5,2,5,11,2,10,5
150,736,418048.5,3814222.5,2022,0,0,4,1,5,1,2,0,9,1,12,11,13,7,5,15,13,19
163,759,418117.5,3814183.5,2022,0,3,4,3,3,4,3,9,10,10,0,9,7,3,9,10,4,1
167,802,418246.5,3814171.5,2022,0,0,1,4,4,2,5,9,4,10,0,4,7,12,7,11,14,16
163,832,418336.5,3814183.5,2022,0,0,4,3,3,4,5,9,9,1,12,9,7,3,5,11,13,19
152,855,418405.5,3814216.5,2022,0,0,4,3,3,4,5,9,4,10,11,9,7,12,7,11,14,16
165,882,418486.5,3814177.5,2022,0,3,4,3,3,4,3,7,10,2,6,5,2,5,11,2,10,5
151,929,418627.5,3814219.5,2022,1,0,1,4,4,2,5,9,9,1,12,0,4,10,16,5,1,11
178,954,418702.5,3814138.5,2022,0,0,4,3,3,4,3,9,10,10,0,9,7,3,9,11,4,16
176,967,418741.5,3814144.5,2022,0,3,4,3,3,4,3,7,10,2,6,5,2,5,11,2,10,5
162,1017,418891.5,3814186.5,2022,0,0,1,4,4,2,5,9,4,9,0,9,12,9,1,0,3,15
168,1023,418909.5,3814168.5,2022,1,0,1,4,4,6,8,3,5,4,5,10,4,14,15,14,16,13
174,1062,419026.5,3814150.5,2022,1,0,1,4,4,2,5,3,4,9,12,0,4,10,16,5,1,11
164,1103,419149.5,3814180.5,2022,0,0,4,3,3,4,5,9,4,10,11,9,7,12,7,11,14,16
152,1129,419227.5,3814216.5,2022,0,3,4,3,3,4,3,7,10,10,11,9,7,12,7,11,14,16
171,1164,419332.5,3814159.5,2022,0,3,4,3,3,4,3,7,10,2,6,5,2,5,11,2,10,5
159,1170,419350.5,3814195.5,2022,0,3,4,3,3,4,3,7,10,2,6,5,2,5,11,2,10,5
165,1213,419479.5,3814177.5,2022,1,0,1,4,4,2,5,8,4,9,3,4,14,9,1,7,3,7
167,1251,419593.5,3814171.5,2022,0,3,4,3,3,4,3,7,10,2,6,5,2,5,11,2,10,5
164,1281,419683.5,3814180.5,2022,0,3,4,3,3,4,3,7,10,2,6,5,2,5,11,2,10,5
177,1292,419716.5,3814141.5,2022,0,3,4,3,3,4,3,7,10,2,6,5,2,5,11,2,10,5
177,1341,419863.5,3814141.5,2022,0,3,4,3,3,4,3,7,10,2,6,5,2,5,11,11,10,5
168,1368,419944.5,3814168.5,2022,0,3,4,1,5,4,2,0,1,5,9,7,10,1,0,8,2,2
164,1382,419986.5,3814180.5,2022,1,2,2,1,5,1,2,0,9,5,9,11,13,7,6,15,11,0
173,1419,420097.5,3814153.5,2022,0,3,4,3,3,4,3,7,10,2,6,5,2,5,11,2,10,5
179,1454,420202.5,3814135.5,2022,0,0,1,4,4,2,5,9,4,10,0,9,7,9,9,11,14,16
155,1476,420268.5,3814207.5,2022,0,0,1,4,4,2,5,9,9,1,12,0,4,12,7,11,14,16
152,1529,420427.5,3814216.5,2022,0,0,1,4,4,2,5,9,4,9,3,4,14,12,7,7,14,16
174,1546,420478.5,3814150.5,2022,1,2,2,1,5,1,2,0,1,5,9,13,11,4,6,8,2,2
177,1574,420562.5,3814141.5,2022,1,2,2,0,0,6,4,2,7,6,8,6,8,8,10,3,8,8
175,1612,420676.5,3814147.5,2022,0,0,1,4,4,2,5,9,4,10,0,9,7,3,9,10,4,1
157,1626,420718.5,3814201.5,2022,1,2,2,0,0,6,8,8,3,11,1,13,11,4,12,12,6,17
155,1674,420862.5,3814207.5,2022,1,2,2,1,5,1,2,0,1,5,9,11,13,7,6,15,11,0
157,1682,420886.5,3814201.5,2022,0,0,1,1,5,2,2,0,1,5,9,13,11,1,0,8,2,2
170,1711,420973.5,3814162.5,2022,0,0,1,4,4,2,5,9,4,10,0,9,12,3,9,10,4,1
154,1756,421108.5,3814210.5,2022,0,0,1,4,4,2,5,9,4,10,0,9,7,10,9,11,14,16
165,1774,421162.5,3814177.5,2022,0,0,1,1,5,2,2,0,1,5,9,13,11,1,0,8,2,2
174,1812,421276.5,3814150.5,2022,1,2,2,1,5,1,2,0,1,5,9,11,13,7,6,15,11,0
167,1844,421372.5,3814171.5,2022,0,3,4,1,5,1,2,0,1,5,9,7,10,1,0,8,2,2
150,1878,421474.5,3814222.5,2022,0,3,4,1,5,1,2,0,1,5,9,11,13,7,6,8,2,2
151,1915,421585.5,3814219.5,2022,1,2,2,1,5,1,2,0,1,5,9,11,13,7,6,15,11,0
157,1947,421681.5,3814201.5,2022,2,1,3,1,5,5,2,0,1,5,9,7,10,1,0,8,17,3
177,1973,421759.5,3814141.5,2022,0,3,4,1,5,4,2,0,1,5,9,11,10,1,0,8,2,2
164,1982,421786.5,3814180.5,2022,0,0,4,1,5,5,2,0,1,5,9,7,10,1,0,8,2,2
167,2026,421918.5,3814171.5,2022,1,2,2,0,0,1,4,2,7,6,8,11,13,7,6,15,11,0
153,2062,422026.5,3814213.5,2022,2,2,3,1,5,1,2,0,1,5,9,11,13,7,6,15,2,2
169,2083,422089.5,3814165.5,2022,2,1,3,1,5,5,2,0,1,5,9,7,10,1,0,8,17,3
153,2124,422212.5,3814213.5,2022,1,2,2,0,0,1,4,2,7,6,8,6,8,6,6,15,11,0
168,2155,422305.5,3814168.5,2022,2,3,0,2,1,0,1,4,0,7,4,7,10,1,0,4,15,14
179,2189,422407.5,3814135.5,2022,2,1,3,1,5,1,2,0,1,5,9,11,13,7,6,15,11,0
158,2219,422497.5,3814198.5,2022,0,3,4,3,3,4,3,7,10,2,6,5,2,5,11,4,15,14
162,2235,422545.5,3814186.5,2022,0,3,4,3,3,4,3,7,10,2,6,7,10,5,0,4,15,14
170,2270,422650.5,3814162.5,2022,2,3,0,2,1,0,1,4,0,0,4,7,10,1,0,4,15,14
155,2284,422692.5,3814207.5,2022,2,3,4,1,5,5,2,0,1,5,9,11,13,7,5,15,13,19
171,2315,422785.5,3814159.5,2022,0,3,4,1,5,5,2,0,1,5,9,7,10,1,0,8,2,2
172,2346,422878.5,3814156.5,2022,0,0,1,1,5,2,5,8,1,5,9,13,11,1,0,8,2,2
153,2377,422971.5,3814213.5,2022,2,3,0,1,5,5,6,6,1,5,11,7,10,1,0,4,17,3
179,2419,423097.5,3814135.5,2022,2,1,3,1,5,5,6,6,6,0,2,12,6,11,3,6,17,3
154,2437,423151.5,3814210.5,2022,0,0,4,1,5,2,2,0,1,5,9,7,10,1,0,8,2,2
151,2461,423223.5,3814219.5,2022,2,1,3,5,6,5,6,6,6,0,2,12,6,11,3,13,0,6
154,2506,423358.5,3814210.5,2022,2,1,3,5,6,5,6,6,6,11,2,2,1,11,3,6,17,3
168,2548,423484.5,3814168.5,2022,2,1,3,5,6,5,6,6,6,0,2,12,6,11,3,13,0,6
155,2572,423556.5,3814207.5,2022,2,1,3,5,6,3,6,6,6,0,2,12,6,11,3,13,0,6
174,2582,423586.5,3814150.5,2022,2,1,3,5,6,3,7,1,8,3,7,8,1,6,2,1,7,18
155,2633,423739.5,3814207.5,2022,2,1,3,5,6,5,6,6,6,0,2,12,1,11,3,6,17,3
156,2656,423808.5,3814204.5,2022,2,1,3,2,1,5,6,6,6,0,2,12,6,11,3,13,0,6
177,2697,423931.5,3814141.5,2022,2,1,3,5,6,5,6,6,6,0,2,12,6,11,3,6,17,3
174,2717,423991.5,3814150.5,2022,0,0,1,1,5,5,2,8,1,5,9,7,10,1,0,6,17,3
177,2742,424066.5,3814141.5,2022,2,1,3,1,5,5,6,8,3,11,2,7,10,0,4,6,17,3
163,2788,424204.5,3814183.5,2022,0,0,1,1,5,5,2,8,1,5,9,7,10,1,0,6,17,3
170,2814,424282.5,3814162.5,2022,2,1,3,1,5,5,6,6,1,5,9,7,10,1,0,6,17,3
159,2837,424351.5,3814195.5,2022,1,0,1,1,5,2,8,8,1,5,3,13,11,4,12,7,6,17
179,2854,424402.5,3814135.5,2022,1,0,1,4,4,6,8,8,5,4,3,13,11,4,12,12,6,17
165,2880,424480.5,3814177.5,2022,1,0,1,1,5,5,6,8,1,11,9,13,11,0,4,6,17,3
163,2929,424627.5,3814183.5,2022,2,1,3,5,6,5,6,6,6,11,2,2,1,0,4,6,17,3
170,2965,424735.5,3814162.5,2022,2,1,3,5,6,5,6,6,6,0,2,12,6,11,3,6,17,3
170,2976,424768.5,3814162.5,2022,1,0,3,1,5,5,2,8,1,5,9,13,10,1,0,6,17,3
154,3008,424864.5,3814210.5,2022,1,2,3,1,5,1,2,0,3,11,1,2,1,6,2,1,7,18
179,3033,424939.5,3814135.5,2022,1,1,3,1,5,5,2,0,1,5,9,7,10,1,0,6,17,3
150,3060,425020.5,3814222.5,2022,2,1,3,5,6,5,6,6,3,11,2,2,1,0,4,6,17,3
198,29,415927.5,3814078.5,2022,1,2,2,0,0,1,4,2,7,6,8,6,8,8,6,3,11,0
204,34,415942.5,3814060.5,2022,1,2,2,0,0,1,4,2,7,6,8,6,8,7,6,15,11,0
186,75,416065.5,3814114.5,2022,0,2,2,1,5,1,2,0,9,5,9,11,13,7,6,15,11,0
186,112,416176.5,3814114.5,2022,1,2,2,0,0,1,4,2,7,6,8,11,8,7,6,15,11,0
198,148,416284.5,3814078.5,2022,1,2,2,0,0,1,4,2,7,6,8,6,8,7,6,15,11,0
206,174,416362.5,3814054.5,2022,1,0,2,1,5,1,2,0,1,5,9,13,11,1,0,8,2,2
190,192,416416.5,3814102.5,2022,1,2,2,0,0,1,4,2,7,6,8,6,8,7,6,15,11,0
195,224,416512.5,3814087.5,2022,0,3,4,1,5,4,2,0,1,5,9,11,10,1,0,8,2,2
207,243,416569.5,3814051.5,2022,1,2,2,0,0,1,4,2,7,6,8,11,13,7,6,15,11,0
194,290,416710.5,3814090.5,2022,0,3,4,3,3,4,3,7,10,2,6,5,2,5,5,2,13,19
187,302,416746.5,3814111.5,2022,0,3,4,3,3,4,3,7,10,2,6,5,2,5,11,2,10,5
192,345,416875.5,3814096.5,2022,0,3,4,3,3,4,3,7,10,2,6,5,2,5,11,2,10,5
200,367,416941.5,3814072.5,2022,0,3,4,1,5,4,2,0,1,5,9,11,13,1,0,8,2,2
192,416,417088.5,3814096.5,2022,0,0,4,3,4,2,5,9,4,10,0,9,7,3,9,10,4,1
196,434,417142.5,3814084.5,2022,1,2,2,1,5,1,2,0,1,5,9,13,11,4,6,12,6,17
200,462,417226.5,3814072.5,2022,0,3,4,1,5,1,2,0,1,5,9,11,13,7,6,15,2,2
201,508,417364.5,3814069.5,2022,1,2,2,0,4,1,2,0,9,1,12,0,4,10,16,5,1,11
189,526,417418.5,3814105.5,2022,1,2,2,4,4,6,8,3,9,1,12,0,4,10,16,5,1,11
189,540,417460.5,3814105.5,2022,1,2,2,0,0,6,8,3,9,1,12,0,4,10,16,5,1,11
189,584,417592.5,3814105.5,2022,0,3,4,3,3,4,3,7,10,2,6,5,2,5,11,2,10,5
193,613,417679.5,3814093.5,2022,0,3,4,3,3,4,3,7,10,2,6,5,2,5,11,2,10,5
196,652,417796.5,3814084.5,2022,0,3,4,3,3,4,3,7,10,2,6,5,2,5,11,2,10,5
180,666,417838.5,3814132.5,2022,0,3,4,3,3,4,3,7,10,2,6,5,2,5,11,2,10,5
197,707,417961.5,3814081.5,2022,0,3,4,3,3,4,3,7,10,2,6,5,2,5,11,2,10,5
204,737,418051.5,3814060.5,2022,0,3,4,3,3,4,3,7,10,2,6,5,2,5,11,2,10,5
207,773,418159.5,3814051.5,2022,0,3,4,3,3,4,2,0,9,1,11,11,13,12,5,11,13,19
194,801,418243.5,3814090.5,2022,0,0,4,1,4,2,2,0,9,1,12,0,4,10,5,5,13,19
203,838,418354.5,3814063.5,2022,0,3,4,3,3,4,3,7,10,2,6,5,2,5,11,2,10,5
199,862,418426.5,3814075.5,2022,0,3,4,3,3,4,3,7,10,2,6,5,7,5,11,11,10,5
189,892,418516.5,3814105.5,2022,0,3,4,3,3,4,3,7,10,2,6,5,2,5,11,2,10,5
197,923,418609.5,3814081.5,2022,0,0,4,3,3,4,2,0,9,1,12,0,4,10,5,11,13,19
201,951,418693.5,3814069.5,2022,0,3,4,3,3,4,3,7,10,2,6,5,2,5,11,2,10,5
186,972,418756.5,3814114.5,2022,0,3,4,3,3,4,3,7,10,2,6,5,2,5,11,2,10,5
185,1005,418855.5,3814117.5,2022,0,0,1,4,4,2,5,9,4,10,0,9,7,9,1,11,14,16
207,1030,418930.5,3814051.5,2022,0,3,4,3,3,4,3,7,10,2,6,5,2,5,11,2,10,5
209,1077,419071.5,3814045.5,2022,0,3,4,3,3,4,3,7,10,2,6,5,2,5,11,2,10,5
189,1087,419101.5,3814105.5,2022,0,3,4,3,3,4,3,7,10,2,6,5,2,5,11,2,10,5
193,1133,419239.5,3814093.5,2022,0,0,4,3,3,4,5,9,4,10,11,9,7,12,7,11,14,16
206,1144,419272.5,3814054.5,2022,0,3,4,3,3,4,3,7,10,2,6,5,2,5,11,2,10,5
189,1192,419416.5,3814105.5,2022,0,0,1,4,4,2,5,9,4,9,0,4,7,9,1,0,3,16
199,1229,419527.5,3814075.5,2022,1,2,2,0,0,6,8,3,9,1,12,0,4,10,16,5,1,11
194,1241,419563.5,3814090.5,2022,0,3,4,3,3,4,3,7,10,2,6,5,2,5,11,2,10,5
204,1268,419644.5,3814060.5,2022,0,3,4,3,3,4,3,7,10,2,6,5,2,5,11,2,10,5
209,1299,419737.5,3814045.5,2022,0,3,4,3,3,4,3,7,10,2,6,5,2,5,11,2,10,5
180,1324,419812.5,3814132.5,2022,0,3,4,3,3,4,3,7,10,2,6,5,2,5,11,2,10,5
191,1360,419920.5,3814099.5,2022,0,3,4,3,3,4,3,7,10,2,6,5,2,5,11,2,10,5
180,1398,420034.5,3814132.5,2022,0,3,4,3,3,4,3,7,10,2,6,5,2,5,11,2,10,5
186,1413,420079.5,3814114.5,2022,1,2,2,0,0,1,4,2,7,6,8,11,13,7,6,15,11,0
187,1467,420241.5,3814111.5,2022,0,3,4,3,3,4,3,9,10,10,0,9,7,3,9,10,4,1
194,1489,420307.5,3814090.5,2022,0,0,1,4,4,2,5,9,4,9,0,4,12,9,1,0,3,15
187,1500,420340.5,3814111.5,2022,0,0,1,4,4,2,5,9,4,9,3,4,14,9,1,7,14,16
202,1559,420517.5,3814066.5,2022,0,0,1,4,4,2,5,9,4,10,0,9,7,3,9,10,4,1
197,1575,420565.5,3814081.5,2022,0,0,4,3,4,2,5,9,4,10,0,9,7,3,9,10,4,1
192,1593,420619.5,3814096.5,2022,0,0,4,3,3,2,5,9,4,10,0,9,7,3,9,10,4,1
196,1644,420772.5,3814084.5,2022,0,0,1,4,4,2,5,9,4,10,0,9,12,3,9,10,4,15
190,1679,420877.5,3814102.5,2022,1,2,2,0,0,1,4,2,7,6,8,11,13,7,6,15,11,0
180,1696,420928.5,3814132.5,2022,0,0,1,4,4,2,5,9,4,9,0,4,12,9,1,0,3,15
182,1711,420973.5,3814126.5,2022,0,3,4,3,3,4,3,7,10,10,0,9,7,3,9,10,4,1
190,1767,421141.5,3814102.5,2022,0,0,4,3,3,2,5,9,4,10,0,9,7,3,9,10,4,1
203,1793,421219.5,3814063.5,2022,0,3,4,3,3,4,3,7,10,10,0,9,7,3,9,10,4,1
191,1822,421306.5,3814099.5,2022,1,2,2,0,0,1,4,2,7,6,8,6,11,4,6,12,11,0
206,1840,421360.5,3814054.5,2022,1,2,2,1,5,1,2,0,1,5,9,13,11,1,0,8,2,2
188,1861,421423.5,3814108.5,2022,0,3,4,1,5,4,2,0,1,5,9,7,10,1,0,8,2,2
202,1913,421579.5,3814066.5,2022,1,2,2,1,5,1,2,0,1,5,9,11,13,7,6,8,11,2
208,1928,421624.5,3814048.5,2022,1,2,2,1,5,1,2,0,1,5,9,11,13,7,6,15,11,0
180,1952,421696.5,3814132.5,2022,1,1,3,1,5,5,2,0,1,5,9,13,11,1,0,8,17,3
196,1997,421831.5,3814084.5,2022,0,3,4,1,5,4,2,0,1,5,9,7,10,1,0,8,2,2
206,2020,421900.5,3814054.5,2022,2,3,0,2,1,0,1,4,1,5,11,7,10,1,0,4,15,14
199,2060,422020.5,3814075.5,2022,2,1,3,1,5,5,6,8,1,5,9,7,10,1,0,6,17,3
197,2074,422062.5,3814081.5,2022,2,3,0,1,5,5,2,0,1,5,9,7,10,1,0,4,2,2
181,2127,422221.5,3814129.5,2022,0,3,4,1,5,5,2,0,1,5,9,7,10,1,0,8,2,2
183,2155,422305.5,3814123.5,2022,2,1,3,1,5,5,6,6,3,11,1,2,1,6,2,6,7,18
192,2184,422392.5,3814096.5,2022,0,3,0,2,1,0,1,4,0,7,4,3,10,2,8,4,15,14
182,2201,422443.5,3814126.5,2022,2,1,0,2,1,0,1,6,6,0,2,12,6,11,3,4,15,6
196,2238,422554.5,3814084.5,2022,0,3,4,1,5,5,2,0,1,5,9,7,10,1,0,8,17,3
203,2277,422671.5,3814063.5,2022,2,1,3,5,6,5,6,6,3,11,1,2,1,6,2,1,7,18
187,2280,422680.5,3814111.5,2022,2,3,4,1,5,5,2,0,1,5,11,7,10,1,0,6,17,3
204,2322,422806.5,3814060.5,2022,2,1,3,1,5,5,2,6,6,0,2,7,10,1,0,6,17,3
203,2349,422887.5,3814063.5,2022,2,1,3,5,6,5,6,6,6,0,2,12,6,11,3,13,17,6
202,2380,422980.5,3814066.5,2022,1,2,2,0,0,1,4,2,7,6,8,6,8,8,10,3,11,18
190,2413,423079.5,3814102.5,2022,1,2,2,0,0,1,4,2,7,6,8,6,8,6,2,15,7,18
181,2440,423160.5,3814129.5,2022,2,3,0,1,5,5,2,0,1,5,9,7,10,1,0,8,17,3
186,2469,423247.5,3814114.5,2022,1,2,2,1,5,1,2,0,1,5,9,11,11,1,0,8,2,2
188,2508,423364.5,3814108.5,2022,1,2,2,0,0,1,4,2,3,11,1,2,1,6,2,1,7,18
201,2522,423406.5,3814069.5,2022,2,1,3,5,6,5,6,6,6,0,2,12,6,11,3,6,17,3
184,2554,423502.5,3814120.5,2022,2,1,3,5,6,5,6,6,6,0,2,12,6,11,3,13,0,6
183,2608,423664.5,3814123.5,2022,2,1,3,5,6,5,6,6,6,0,1,12,1,6,2,1,7,18
182,2621,423703.5,3814126.5,2022,2,1,3,5,6,3,7,1,8,3,1,12,1,6,2,1,7,18
180,2657,423811.5,3814132.5,2022,2,1,3,5,6,5,6,6,6,0,2,12,6,11,3,6,17,3
207,2671,423853.5,3814051.5,2022,2,1,3,5,6,5,6,6,6,0,2,12,6,11,3,13,0,12
195,2719,423997.5,3814087.5,2022,2,1,3,5,6,3,6,6,3,11,1,2,1,6,2,1,7,18
194,2731,424033.5,3814090.5,2022,2,1,3,5,6,5,6,6,6,0,2,12,6,11,3,6,17,3
209,2776,424168.5,3814045.5,2022,2,0,3,1,5,5,6,8,3,11,3,2,14,0,4,6,17,3
202,2793,424219.5,3814066.5,2022,1,0,1,1,5,5,2,8,1,5,9,13,11,1,0,6,17,3
198,2838,424354.5,3814078.5,2022,1,0,1,1,5,2,2,8,1,5,9,13,11,1,0,6,17,3
201,2858,424414.5,3814069.5,2022,2,1,3,1,5,5,6,6,6,11,2,2,10,0,4,6,17,3
186,2892,424516.5,3814114.5,2022,1,0,1,4,4,2,2,8,1,5,9,13,11,4,12,12,6,17
197,2912,424576.5,3814081.5,2022,1,0,1,4,4,2,8,8,3,5,3,13,11,4,12,12,6,17
180,2953,424699.5,3814132.5,2022,2,1,3,5,6,5,6,6,6,0,2,12,6,11,3,13,0,6
203,2977,424771.5,3814063.5,2022,2,1,3,5,6,5,6,6,6,0,1,2,1,6,2,1,7,18
201,3027,424921.5,3814069.5,2022,2,1,3,1,5,5,6,6,1,5,9,7,10,1,0,6,17,3
189,3038,424954.5,3814105.5,2022,2,1,3,1,5,5,6,6,6,0,2,7,10,0,4,6,17,3
192,3075,425065.5,3814096.5,2022,2,1,3,5,6,5,6,6,6,0,2,12,6,11,3,13,0,6
182,3132,425236.5,3814126.5,2022,2,1,3,5,6,3,6,6,6,0,2,12,1,11,3,1,0,12
201,3175,425365.5,3814069.5,2022,2,1,3,5,6,5,6,6,6,0,2,12,6,11,3,13,0,12
206,3260,425620.5,3814054.5,2022,2,1,3,5,6,3,7,1,8,3,7,8,5,13,13,17,9,10
220,1,415843.5,3814012.5,2022,1,2,2,1,5,1,2,0,1,5,9,13,11,1,0,8,2,2
227,42,415966.5,3813991.5,2022,1,2,2,1,5,1,2,0,9,5,9,11,13,7,6,15,11,0
238,62,416026.5,3813958.5,2022,1,2,2,0,0,1,4,2,7,6,8,6,8,8,6,3,11,0
232,114,416182.5,3813976.5,2022,1,2,2,0,0,1,4,2,7,6,8,6,8,8,10,3,11,0
224,137,416251.5,3814000.5,2022,1,2,2,0,0,1,4,2,7,6,8,6,8,8,10,3,8,8
232,171,416353.5,3813976.5,2022,1,2,2,0,0,1,4,2,7,6,8,6,8,8,10,3,8,8
235,186,416398.5,3813967.5,2022,1,2,2,0,0,1,4,2,7,6,8,6,8,7,6,15,11,0
231,222,416506.5,3813979.5,2022,1,2,2,0,0,1,4,2,7,6,8,11,8,7,6,15,11,0
223,257,416611.5,3814003.5,2022,0,2,4,1,5,1,2,0,1,5,9,11,13,7,6,8,2,2
235,296,416728.5,3813967.5,2022,0,2,4,1,5,1,2,0,1,5,9,11,13,7,6,15,11,0
229,324,416812.5,3813985.5,2022,0,3,4,3,3,4,3,7,10,2,6,5,2,5,11,2,10,5
234,349,416887.5,3813970.5,2022,0,0,4,3,3,4,2,0,9,1,12,0,7,10,5,11,13,19
227,368,416944.5,3813991.5,2022,0,0,4,3,3,4,5,9,4,10,0,9,7,3,9,10,4,1
239,410,417070.5,3813955.5,2022,1,2,2,0,0,6,8,3,5,4,5,0,4,14,16,5,1,11
213,438,417154.5,3814033.5,2022,0,3,4,3,3,4,3,7,10,2,6,5,2,5,11,2,10,5
220,464,417232.5,3814012.5,2022,0,3,4,3,3,1,2,0,9,1,12,11,13,7,5,15,13,19
216,507,417361.5,3814024.5,2022,1,2,2,0,0,6,8,3,9,1,12,0,4,10,16,5,1,11
218,520,417400.5,3814018.5,2022,0,0,4,3,4,2,5,9,9,10,12,9,7,3,9,11,14,16
225,554,417502.5,3813997.5,2022,0,3,4,3,3,4,3,7,10,2,6,5,2,5,11,2,10,5
220,583,417589.5,3814012.5,2022,0,3,4,3,3,4,3,7,10,2,6,5,2,5,11,2,10,5
231,624,417712.5,3813979.5,2022,0,3,4,3,3,4,3,7,10,2,6,5,2,5,11,2,10,5
237,642,417766.5,3813961.5,2022,0,3,4,3,3,4,3,7,10,2,6,5,2,5,11,2,10,5
220,669,417847.5,3814012.5,2022,0,3,4,3,3,4,3,7,10,2,6,5,2,5,11,2,10,5
211,719,417997.5,3814039.5,2022,0,3,4,3,3,4,3,7,10,2,6,5,2,5,11,2,10,5
210,739,418057.5,3814042.5,2022,0,0,4,3,3,4,5,9,4,10,0,9,7,3,9,10,4,1
219,766,418138.5,3814015.5,2022,1,2,2,0,0,1,2,0,9,1,12,0,4,10,5,5,13,19
228,807,418261.5,3813988.5,2022,0,3,4,3,3,4,3,7,10,2,6,5,2,5,11,2,10,5
226,810,418270.5,3813994.5,2022,0,3,4,3,3,4,3,7,10,2,6,5,2,5,11,2,10,5
235,868,418444.5,3813967.5,2022,0,3,4,3,3,4,3,9,10,10,11,9,7,12,9,11,14,16
221,878,418474.5,3814009.5,2022,0,3,4,3,3,4,3,7,10,2,6,5,2,5,11,2,10,5
229,919,418597.5,3813985.5,2022,0,3,4,3,3,4,3,7,10,2,6,5,2,5,11,2,10,5
232,940,418660.5,3813976.5,2022,0,3,4,3,3,4,3,7,10,2,6,5,2,5,11,2,10,5
219,984,418792.5,3814015.5,2022,0,0,4,4,4,1,2,0,9,1,12,0,4,10,16,5,1,11
224,1014,418882.5,3814000.5,2022,1,2,2,0,0,6,8,3,5,4,5,10,3,14,15,14,16,13
228,1023,418909.5,3813988.5,2022,1,2,1,4,4,6,8,3,9,1,12,0,4,10,16,5,1,11
219,1079,419077.5,3814015.5,2022,0,3,4,3,3,4,3,7,10,2,6,5,2,5,11,2,10,5
234,1087,419101.5,3813970.5,2022,0,3,4,3,3,4,3,7,10,2,6,5,2,5,11,2,10,5
233,1123,419209.5,3813973.5,2022,0,3,4,3,3,4,3,7,10,2,6,5,2,5,11,2,10,5
230,1169,419347.5,3813982.5,2022,0,3,4,3,3,4,3,7,10,2,6,5,2,5,11,2,10,5
218,1198,419434.5,3814018.5,2022,0,3,4,3,3,4,3,7,10,2,6,5,2,5,11,2,10,5
212,1205,419455.5,3814036.5,2022,0,3,4,3,3,4,3,7,10,2,6,5,2,5,11,2,10,5
228,1256,419608.5,3813988.5,2022,0,3,4,3,3,1,2,0,9,1,12,11,13,7,5,15,13,19
238,1263,419629.5,3813958.5,2022,0,3,4,3,3,4,3,7,10,2,6,5,2,5,11,2,10,5
214,1304,419752.5,3814030.5,2022,0,3,4,3,3,4,3,7,10,2,6,5,2,5,11,2,10,5
224,1330,419830.5,3814000.5,2022,0,3,4,3,3,4,3,7,10,2,6,5,2,5,11,2,10,5
221,1371,419953.5,3814009.5,2022,0,3,4,3,3,4,3,7,10,2,6,5,2,5,5,11,13,19
226,1380,419980.5,3813994.5,2022,1,2,2,1,5,1,2,0,1,5,9,11,13,7,6,15,11,0
223,1424,420112.5,3814003.5,2022,0,3,4,1,5,4,2,0,1,5,9,7,10,1,0,8,2,2
210,1468,420244.5,3814042.5,2022,0,0,4,1,5,4,2,0,1,5,9,7,10,1,0,8,2,2
226,1485,420295.5,3813994.5,2022,1,0,2,1,5,1,2,0,1,5,9,13,11,4,6,8,2,2
215,1521,420403.5,3814027.5,2022,0,3,4,3,3,4,3,9,10,10,0,9,7,3,9,10,4,1
222,1535,420445.5,3814006.5,2022,0,3,4,3,3,4,3,7,10,10,11,9,7,3,9,10,4,1
214,1571,420553.5,3814030.5,2022,0,0,1,4,4,2,5,9,4,10,0,9,7,3,9,0,3,1
219,1619,420697.5,3814015.5,2022,1,0,2,1,5,1,2,0,1,5,9,11,13,1,0,8,2,2
226,1634,420742.5,3813994.5,2022,0,0,1,1,5,2,5,9,1,5,9,13,11,1,0,8,2,2
232,1667,420841.5,3813976.5,2022,1,2,2,0,0,1,4,2,7,6,8,6,8,8,6,3,11,0
239,1706,420958.5,3813955.5,2022,1,2,2,0,0,1,2,0,1,5,9,13,11,4,12,12,6,17
228,1764,421132.5,3813988.5,2022,0,0,1,1,5,2,2,0,1,5,9,13,11,1,0,8,2,2
219,1799,421237.5,3814015.5,2022,0,0,1,4,4,2,5,9,4,10,0,9,7,10,9,5,3,16
227,1810,421270.5,3813991.5,2022,0,0,4,1,5,1,2,0,9,1,12,0,4,10,5,5,13,19
218,1856,421408.5,3814018.5,2022,0,2,4,1,5,1,2,0,1,5,9,11,13,1,6,8,2,2
221,1865,421435.5,3814009.5,2022,0,3,4,1,5,4,2,0,1,5,9,7,10,1,0,8,2,2
211,1918,421594.5,3814039.5,2022,1,2,2,0,0,1,4,2,7,6,8,11,13,7,6,15,11,0
238,1940,421660.5,3813958.5,2022,2,1,3,1,5,5,2,0,1,5,9,7,10,1,0,8,17,3
236,1956,421708.5,3813964.5,2022,1,2,2,1,5,1,4,2,3,11,1,2,1,6,2,1,7,18
229,1985,421795.5,3813985.5,2022,1,2,2,0,0,1,4,2,7,6,8,11,13,7,6,15,11,0
232,2029,421927.5,3813976.5,2022,1,2,2,1,5,1,2,0,7,6,9,11,13,7,6,15,11,0
231,2063,422029.5,3813979.5,2022,1,2,2,1,5,1,2,0,1,5,9,11,13,7,6,15,11,0
219,2088,422104.5,3814015.5,2022,1,2,2,1,5,1,2,0,1,5,9,11,13,7,6,15,17,3
229,2115,422185.5,3813985.5,2022,2,1,3,1,5,5,6,6,6,0,2,7,10,1,0,6,17,3
237,2142,422266.5,3813961.5,2022,2,1,3,1,5,5,2,0,1,5,9,11,13,7,5,15,17,3
233,2160,422320.5,3813973.5,2022,2,1,3,1,5,5,6,6,6,0,2,7,10,11,3,6,17,3
211,2190,422410.5,3814039.5,2022,2,1,0,1,5,5,6,6,6,0,2,7,10,11,3,4,17,3
239,2240,422560.5,3813955.5,2022,2,1,3,1,5,5,6,6,6,0,2,7,10,11,3,6,17,3
227,2268,422644.5,3813991.5,2022,2,1,3,1,5,5,6,6,6,0,2,7,10,1,0,6,17,3
234,2283,422689.5,3813970.5,2022,2,1,3,5,6,5,6,6,6,0,2,12,6,11,3,6,17,3
230,2336,422848.5,3813982.5,2022,1,1,3,1,5,1,2,2,3,11,1,11,1,6,2,15,7,18
237,2351,422893.5,3813961.5,2022,2,1,3,5,6,5,6,6,6,0,2,12,6,11,3,13,0,6
238,2383,422989.5,3813958.5,2022,2,1,3,1,6,5,6,6,6,0,2,12,6,11,3,6,17,3
222,2408,423064.5,3814006.5,2022,2,1,3,1,5,5,6,6,6,0,2,12,6,11,3,6,17,3
232,2440,423160.5,3813976.5,2022,2,1,3,1,5,5,2,0,1,5,9,7,10,1,0,6,17,3
221,2477,423271.5,3814009.5,2022,1,2,3,1,5,1,2,0,1,5,1,11,13,7,2,15,7,18
213,2509,423367.5,3814033.5,2022,2,1,3,1,5,5,2,0,1,5,9,11,13,7,0,6,17,3
222,2524,423412.5,3814006.5,2022,2,3,4,1,5,5,2,0,1,5,9,7,10,1,0,6,17,3
223,2569,423547.5,3814003.5,2022,2,1,3,5,6,5,6,6,6,0,2,12,6,11,3,13,0,6
223,2586,423598.5,3814003.5,2022,2,1,3,5,6,5,6,6,6,11,1,2,1,6,2,1,7,18
210,2639,423757.5,3814042.5,2022,2,1,3,5,6,5,6,6,6,0,2,12,6,11,3,13,0,6
217,2663,423829.5,3814021.5,2022,2,1,3,5,6,5,6,6,6,0,2,12,6,11,3,13,0,6
225,2681,423883.5,3813997.5,2022,2,1,3,5,6,5,6,6,6,11,1,2,1,6,2,1,7,18
210,2729,424027.5,3814042.5,2022,2,1,3,5,6,5,6,6,6,0,2,12,6,11,3,13,0,6
210,2731,424033.5,3814042.5,2022,2,1,3,5,6,5,6,6,6,0,2,12,6,11,3,13,0,6
225,2786,424198.5,3813997.5,2022,2,1,3,1,5,5,6,6,1,11,2,7,10,0,4,6,17,3
229,2816,424288.5,3813985.5,2022,2,1,3,1,5,5,6,6,6,0,2,7,10,0,4,6,17,3
218,2833,424339.5,3814018.5,2022,2,1,3,5,6,5,6,8,3,11,1,2,14,0,4,6,18,3
234,2856,424408.5,3813970.5,2022,2,1,3,5,6,5,6,6,6,0,2,12,6,11,3,6,17,3
226,2898,424534.5,3813994.5,2022,1,0,1,4,4,2,8,8,3,11,3,13,14,0,4,7,18,7
226,2926,424618.5,3813994.5,2022,2,1,3,1,5,5,6,8,3,11,2,7,10,0,4,6,17,3
226,2941,424663.5,3813994.5,2022,2,0,3,1,5,5,6,8,1,5,9,7,10,1,0,6,17,3
228,2987,424801.5,3813988.5,2022,2,1,3,1,5,5,6,6,6,0,2,7,10,1,0,6,17,3
224,3016,424888.5,3814000.5,2022,2,1,3,1,5,5,6,8,1,5,9,7,10,0,4,6,17,3
237,3030,424930.5,3813961.5,2022,2,1,3,1,5,5,6,6,6,0,2,12,6,11,3,6,17,3
226,3173,425359.5,3813994.5,2022,2,1,3,5,6,3,7,1,8,3,2,12,6,11,3,13,0,6
228,3192,425416.5,3813988.5,2022,2,1,3,5,6,3,7,1,8,3,7,8,5,13,13,17,9,10
219,3229,425527.5,3814015.5,2022,2,1,3,5,6,3,7,1,8,3,7,8,5,13,13,17,9,10
228,3260,425620.5,3813988.5,2022,2,1,3,5,6,3,7,1,8,3,7,8,5,13,13,17,9,10
228,3290,425710.5,3813988.5,2022,2,1,3,5,6,3,7,1,8,3,7,8,5,13,13,17,9,10
259,22,415906.5,3813895.5,2022,1,2,2,1,5,1,2,0,9,6,9,11,13,7,6,15,11,0
242,31,415933.5,3813946.5,2022,1,2,2,0,0,1,4,2,7,6,8,11,13,7,6,15,11,0
266,87,416101.5,3813874.5,2022,1,2,2,0,0,1,4,2,7,6,8,6,8,8,6,3,11,0
261,95,416125.5,3813889.5,2022,1,2,2,0,0,1,4,2,7,6,8,6,8,8,10,3,8,8
245,138,416254.5,3813937.5,2022,1,2,2,0,0,1,4,2,7,6,8,11,13,7,6,15,11,0
241,171,416353.5,3813949.5,2022,1,2,2,0,0,1,4,2,7,6,8,11,13,7,6,15,11,0
260,209,416467.5,3813892.5,2022,1,2,2,0,0,1,4,2,7,6,8,6,8,8,6,3,11,0
267,210,416470.5,3813871.5,2022,1,2,2,0,0,1,4,2,7,6,8,6,8,7,6,15,11,0
256,248,416584.5,3813904.5,2022,1,2,2,0,0,1,4,2,7,6,8,11,13,7,6,15,11,0
256,297,416731.5,3813904.5,2022,0,3,4,1,5,4,2,0,1,5,9,11,13,1,0,8,2,2
263,328,416824.5,3813883.5,2022,0,0,4,3,3,4,3,9,9,1,12,9,7,3,5,11,13,19
241,330,416830.5,3813949.5,2022,1,2,2,1,5,1,2,0,9,1,12,11,13,7,6,15,11,0
249,377,416971.5,3813925.5,2022,0,3,4,3,3,4,3,7,10,2,6,5,2,5,11,2,10,5
241,402,417046.5,3813949.5,2022,0,0,4,3,4,2,5,9,4,10,0,9,7,3,9,11,4,1
266,431,417133.5,3813874.5,2022,0,3,4,3,3,4,2,0,9,1,12,11,13,7,5,11,13,19
256,478,417274.5,3813904.5,2022,0,3,4,3,3,4,3,0,10,2,6,5,2,5,11,2,2,2
256,493,417319.5,3813904.5,2022,0,3,4,3,3,4,3,7,10,2,6,5,2,5,11,2,10,5
265,519,417397.5,3813877.5,2022,0,3,4,3,3,4,3,7,10,2,6,5,2,5,11,2,10,5
252,563,417529.5,3813916.5,2022,0,3,4,3,3,4,3,7,10,2,6,5,2,5,11,2,10,5
265,595,417625.5,3813877.5,2022,0,3,4,3,3,4,3,7,10,2,6,5,2,5,11,2,10,5
240,615,417685.5,3813952.5,2022,0,3,4,3,3,4,3,7,10,2,6,5,2,5,11,2,10,5
257,637,417751.5,3813901.5,2022,0,3,4,3,3,4,3,7,10,2,6,5,2,5,11,2,10,5
264,684,417892.5,3813880.5,2022,0,3,4,3,3,4,3,7,10,2,6,5,2,5,11,2,10,5
261,707,417961.5,3813889.5,2022,0,3,4,3,3,4,3,7,10,2,6,5,2,5,11,2,10,5
250,725,418015.5,3813922.5,2022,0,3,4,3,3,4,3,7,10,2,6,5,2,5,11,2,10,5
246,779,418177.5,3813934.5,2022,0,3,4,3,3,4,3,7,10,2,6,5,2,5,5,2,13,19
266,792,418216.5,3813874.5,2022,0,3,4,3,3,4,3,7,10,2,6,5,2,5,11,2,10,5
261,835,418345.5,3813889.5,2022,0,3,4,3,3,4,3,7,10,2,6,5,2,5,11,2,10,5
245,851,418393.5,3813937.5,2022,0,0,4,3,3,4,3,9,10,10,11,9,7,12,7,11,14,16
258,885,418495.5,3813898.5,2022,0,3,4,3,3,4,3,7,10,2,6,5,2,5,11,2,10,5
246,901,418543.5,3813934.5,2022,0,3,4,3,3,4,3,7,10,2,6,5,2,5,11,2,10,5
259,931,418633.5,3813895.5,2022,0,3,4,3,3,4,3,7,10,10,11,9,7,12,7,11,14,16
247,960,418720.5,3813931.5,2022,0,3,4,3,3,4,3,7,10,2,6,5,2,5,11,2,10,5
252,994,418822.5,3813916.5,2022,0,3,4,3,3,4,3,7,10,10,6,9,7,5,5,11,13,19
262,1049,418987.5,3813886.5,2022,0,3,4,3,3,4,3,7,10,10,6,9,7,3,9,10,4,1
265,1062,419026.5,3813877.5,2022,0,0,4,3,4,2,5,9,4,10,0,9,7,3,9,10,4,1
254,1082,419086.5,3813910.5,2022,0,0,4,3,3,2,5,9,4,10,0,9,7,3,9,11,4,16
245,1117,419191.5,3813937.5,2022,0,3,4,3,3,4,3,7,10,2,6,5,2,5,11,2,10,5
260,1160,419320.5,3813892.5,2022,0,3,4,3,3,4,3,7,10,2,6,5,2,5,11,2,10,5
253,1179,419377.5,3813913.5,2022,0,3,4,3,3,4,3,7,10,2,6,5,2,5,11,2,10,5
266,1202,419446.5,3813874.5,2022,0,3,4,3,3,4,3,7,10,2,6,5,2,5,11,2,10,5
246,1230,419530.5,3813934.5,2022,0,3,4,3,3,4,3,7,10,2,11,5,2,12,11,11,10,5
246,1271,419653.5,3813934.5,2022,0,3,4,3,3,4,3,0,9,1,12,11,13,7,5,11,13,19
265,1304,419752.5,3813877.5,2022,0,3,4,3,3,4,3,7,10,2,6,5,2,5,11,2,10,5
255,1320,419800.5,3813907.5,2022,0,3,4,3,3,4,3,7,10,2,6,5,2,5,11,2,10,5
246,1352,419896.5,3813934.5,2022,0,3,4,3,3,4,3,7,10,10,11,9,7,12,9,11,4,16
260,1384,419992.5,3813892.5,2022,1,2,2,0,0,1,4,0,7,6,8,11,13,7,6,15,11,0
269,1434,420142.5,3813865.5,2022,0,3,4,1,5,4,2,0,1,5,9,11,13,1,0,8,2,2
264,1452,420196.5,3813880.5,2022,0,0,4,1,5,2,2,0,1,5,9,7,10,1,0,8,2,2
250,1495,420325.5,3813922.5,2022,1,2,2,0,0,1,4,2,7,6,8,6,8,8,10,3,8,8
245,1516,420388.5,3813937.5,2022,0,0,4,3,3,2,5,9,4,10,0,9,7,3,9,11,14,16
266,1545,420475.5,3813874.5,2022,0,3,4,3,3,4,3,7,10,2,6,5,2,5,11,2,10,5
241,1571,420553.5,3813949.5,2022,0,0,4,3,3,2,5,9,4,10,0,9,7,3,9,10,4,1
252,1609,420667.5,3813916.5,2022,0,0,1,4,4,2,5,9,9,1,12,0,4,10,16,5,1,11
243,1625,420715.5,3813943.5,2022,0,3,4,3,3,4,3,7,10,10,11,9,7,12,5,11,13,19
259,1650,420790.5,3813895.5,2022,1,0,1,4,4,2,5,9,9,1,12,0,4,10,16,5,1,11
255,1700,420940.5,3813907.5,2022,1,0,1,4,4,2,5,8,1,9,3,13,11,4,12,12,6,17
269,1711,420973.5,3813865.5,2022,1,2,2,1,5,1,2,0,1,5,9,13,11,1,6,8,2,2
256,1865,421435.5,3813904.5,2022,0,0,4,1,5,2,2,0,1,5,11,7,10,1,0,8,14,3
247,1904,421552.5,3813931.5,2022,1,2,2,1,5,1,2,0,1,5,9,11,13,7,6,15,11,0
263,1934,421642.5,3813883.5,2022,1,2,2,0,0,1,4,2,7,6,8,11,13,7,6,15,11,0
241,1972,421756.5,3813949.5,2022,2,1,3,1,5,1,2,0,1,5,9,11,13,7,6,15,11,0
243,2006,421858.5,3813943.5,2022,0,3,4,1,5,4,2,0,1,5,9,11,10,1,0,8,2,2
242,2025,421915.5,3813946.5,2022,1,2,2,0,0,1,4,2,7,6,8,11,13,7,6,15,11,0
258,2067,422041.5,3813898.5,2022,0,3,4,1,5,4,2,0,1,5,9,7,10,1,0,4,15,14
248,2091,422113.5,3813928.5,2022,2,1,3,5,6,5,6,6,3,11,1,2,1,0,4,6,17,12
266,2106,422158.5,3813874.5,2022,2,1,3,1,5,5,2,0,1,5,9,7,10,1,0,6,17,3
268,2153,422299.5,3813868.5,2022,2,1,3,1,5,5,6,6,6,0,2,12,6,11,3,13,17,6
240,2161,422323.5,3813952.5,2022,2,1,0,2,1,5,6,6,6,0,2,12,6,11,3,13,15,6
248,2198,422434.5,3813928.5,2022,2,1,3,1,5,5,2,0,1,5,9,7,10,1,0,6,17,3
262,2245,422575.5,3813886.5,2022,2,1,3,1,5,5,6,6,6,0,2,12,6,11,3,6,17,3
244,2252,422596.5,3813940.5,2022,2,1,3,1,5,5,6,6,6,0,2,12,6,11,3,6,17,3
254,2280,422680.5,3813910.5,2022,2,3,4,1,5,5,2,0,1,5,9,7,10,1,0,6,17,3
250,2325,422815.5,3813922.5,2022,2,1,3,1,5,5,6,6,6,0,2,12,10,11,3,6,17,3
243,2351,422893.5,3813943.5,2022,2,1,3,5,6,5,6,6,6,0,2,12,6,11,3,13,0,6
246,2378,422974.5,3813934.5,2022,2,1,3,1,5,5,6,6,6,0,2,7,10,11,3,6,17,3
261,2414,423082.5,3813889.5,2022,2,1,3,5,6,5,6,6,6,11,1,2,1,6,2,1,7,18
258,2441,423163.5,3813898.5,2022,2,1,3,5,6,5,6,6,6,0,2,12,6,11,3,13,0,6
242,2463,423229.5,3813946.5,2022,2,1,3,5,6,5,6,6,3,11,1,2,1,6,2,1,7,18
257,2496,423328.5,3813901.5,2022,2,1,3,1,5,5,6,6,6,0,2,11,13,11,5,15,17,3
264,2546,423478.5,3813880.5,2022,2,1,3,5,6,5,6,6,6,0,2,12,6,11,3,6,0,12
262,2566,423538.5,3813886.5,2022,2,1,3,5,6,5,6,6,6,0,2,12,6,11,3,13,0,6
262,2586,423598.5,3813886.5,2022,2,1,3,1,5,5,6,6,6,0,2,7,10,0,4,6,17,3
254,2636,423748.5,3813910.5,2022,2,1,3,1,5,5,6,6,1,5,9,7,10,1,0,6,17,3
256,2643,423769.5,3813904.5,2022,2,1,3,1,5,5,6,6,6,0,2,7,10,11,3,6,17,3
241,2678,423874.5,3813949.5,2022,2,1,3,5,6,5,6,6,3,11,1,2,1,6,2,1,7,18
265,2719,423997.5,3813877.5,2022,2,1,3,5,6,5,6,6,6,0,1,12,1,6,2,1,7,18
248,2758,424114.5,3813928.5,2022,2,1,3,5,6,5,6,6,6,0,2,12,6,11,3,13,0,6
243,2770,424150.5,3813943.5,2022,2,1,3,5,6,5,6,6,6,0,2,12,6,11,3,13,0,6
261,2810,424270.5,3813889.5,2022,2,1,3,2,1,5,6,6,6,0,2,12,6,11,3,6,17,3
260,2843,424369.5,3813892.5,2022,2,1,0,2,1,5,6,6,6,0,2,7,10,11,3,4,17,3
241,2858,424414.5,3813949.5,2022,2,1,3,5,6,5,6,6,6,0,2,12,6,11,3,6,17,3
266,2908,424564.5,3813874.5,2022,2,1,3,5,6,5,6,6,6,0,2,12,6,11,3,13,0,12
260,2924,424612.5,3813892.5,2022,2,1,3,1,5,5,6,8,3,11,1,2,1,0,4,6,17,3
244,2956,424708.5,3813940.5,2022,2,1,3,5,6,5,6,6,6,0,2,12,6,11,3,13,17,6
246,2995,424825.5,3813934.5,2022,2,1,3,5,6,5,6,6,6,0,2,12,6,11,3,6,17,3
267,3006,424858.5,3813871.5,2022,2,1,3,5,6,5,6,6,6,0,1,12,1,6,2,1,7,18
259,3053,424999.5,3813895.5,2022,2,1,3,5,6,5,6,6,6,0,2,12,6,11,3,13,0,12
252,3074,425062.5,3813916.5,2022,1,2,3,5,6,1,4,2,3,11,1,2,1,6,2,1,7,18
240,3207,425461.5,3813952.5,2022,2,1,3,5,6,3,7,1,8,3,7,8,5,13,13,17,9,10
240,3217,425491.5,3813952.5,2022,2,1,3,5,6,3,7,1,8,3,7,8,5,13,13,17,9,10
261,3280,425680.5,3813889.5,2022,2,1,3,5,6,3,7,1,8,3,7,8,5,13,13,17,9,10
272,14,415882.5,3813856.5,2022,0,3,4,1,5,4,2,0,1,5,9,5,10,1,0,8,2,2
274,35,415945.5,3813850.5,2022,1,2,2,1,5,1,2,0,9,6,9,11,13,7,6,15,11,0
289,63,416029.5,3813805.5,2022,1,2,2,0,0,1,4,2,7,6,8,11,13,7,6,15,11,0
280,94,416122.5,3813832.5,2022,1,2,2,0,0,1,4,2,7,6,8,6,8,8,6,3,11,0
297,137,416251.5,3813781.5,2022,1,2,2,0,0,1,4,2,7,6,8,6,8,8,6,15,11,0
278,174,416362.5,3813838.5,2022,1,2,2,0,0,1,4,2,7,6,8,6,8,8,10,3,8,8
279,205,416455.5,3813835.5,2022,1,2,2,0,0,1,4,2,7,6,8,6,8,8,10,3,8,8
275,232,416536.5,3813847.5,2022,1,2,2,0,0,1,4,2,7,6,8,6,8,8,6,3,11,0
283,246,416578.5,3813823.5,2022,1,2,2,0,0,1,4,2,7,6,8,6,8,8,10,3,8,8
279,274,416662.5,3813835.5,2022,1,2,2,1,5,1,2,0,1,5,9,11,13,7,6,8,11,0
289,325,416815.5,3813805.5,2022,0,3,4,3,3,4,3,7,10,2,6,5,2,3,9,10,4,1
271,354,416902.5,3813859.5,2022,0,3,4,3,3,4,3,7,10,2,6,5,2,5,11,2,10,5
285,385,416995.5,3813817.5,2022,1,2,2,0,0,1,4,2,9,1,12,0,4,10,16,5,1,11
270,412,417076.5,3813862.5,2022,0,0,4,3,5,1,2,0,9,1,12,0,4,10,5,5,13,19
280,447,417181.5,3813832.5,2022,0,3,4,3,3,4,3,7,10,2,6,5,2,5,11,2,10,5
298,454,417202.5,3813778.5,2022,0,3,4,3,3,4,3,7,10,10,6,9,7,3,9,10,4,1
287,499,417337.5,3813811.5,2022,0,3,4,3,3,4,3,0,10,2,6,5,2,5,0,8,2,2
286,518,417394.5,3813814.5,2022,0,3,4,3,3,4,3,7,10,2,6,5,2,5,11,2,10,5
295,559,417517.5,3813787.5,2022,0,3,4,3,3,4,3,7,10,2,6,5,2,5,11,2,10,5
272,596,417628.5,3813856.5,2022,0,3,4,3,3,4,3,7,10,2,6,5,2,5,11,2,10,5
287,605,417655.5,3813811.5,2022,0,3,4,3,3,4,3,7,10,2,6,5,2,5,11,2,10,5
284,630,417730.5,3813820.5,2022,0,3,4,1,5,1,2,0,1,5,9,11,13,7,5,15,2,2
299,663,417829.5,3813775.5,2022,0,3,4,3,3,4,3,7,10,2,6,5,2,5,11,2,10,5
284,711,417973.5,3813820.5,2022,0,3,4,3,3,4,3,7,10,2,6,5,2,5,11,2,10,5
272,729,418027.5,3813856.5,2022,0,3,4,3,3,4,3,7,10,2,6,5,2,5,11,2,10,5
293,778,418174.5,3813793.5,2022,0,3,4,3,3,4,3,7,10,2,6,5,2,5,11,2,10,5
279,782,418186.5,3813835.5,2022,0,3,4,3,3,4,3,7,10,2,6,5,2,5,11,2,10,5
276,820,418300.5,3813844.5,2022,0,3,4,3,3,4,3,7,10,2,6,5,2,5,11,2,10,5
274,842,418366.5,3813850.5,2022,0,3,4,3,3,4,3,7,10,2,6,5,2,5,11,2,10,5
282,879,418477.5,3813826.5,2022,0,3,4,3,3,4,3,7,10,2,6,5,2,5,11,2,10,5
280,920,418600.5,3813832.5,2022,0,3,4,3,3,4,3,7,10,2,6,5,2,5,11,2,10,5
299,942,418666.5,3813775.5,2022,0,3,4,3,3,4,3,7,10,2,6,5,2,5,11,2,10,5
283,961,418723.5,3813823.5,2022,0,3,4,3,3,4,3,7,10,2,6,5,2,5,11,2,10,5
286,1009,418867.5,3813814.5,2022,0,0,4,3,4,2,5,9,4,10,0,9,7,3,9,10,4,1
283,1031,418933.5,3813823.5,2022,1,2,1,4,4,6,8,3,5,4,5,10,3,14,15,14,16,13
299,1067,419041.5,3813775.5,2022,0,0,4,3,3,2,5,9,4,10,0,9,7,3,9,11,14,16
286,1103,419149.5,3813814.5,2022,0,3,4,3,3,4,3,7,10,2,6,9,7,5,11,11,10,5
294,1130,419230.5,3813790.5,2022,0,3,4,3,3,4,3,7,10,2,6,5,2,5,11,2,10,5
292,1165,419335.5,3813796.5,2022,0,3,4,3,3,4,3,7,10,2,11,5,2,12,11,11,10,5
293,1173,419359.5,3813793.5,2022,0,3,4,3,3,4,3,7,10,2,6,5,2,5,11,2,10,5
279,1219,419497.5,3813835.5,2022,0,3,4,3,3,4,3,7,9,1,12,5,7,12,5,11,13,19
286,1238,419554.5,3813814.5,2022,0,3,4,3,3,4,3,7,10,2,6,5,2,5,11,2,10,5
294,1275,419665.5,3813790.5,2022,0,3,4,3,3,4,3,7,10,10,11,9,7,12,7,11,14,16
278,1295,419725.5,3813838.5,2022,1,2,2,1,5,1,2,0,9,1,12,0,4,10,5,5,13,19
279,1338,419854.5,3813835.5,2022,0,3,4,3,3,4,3,7,10,2,6,5,2,5,11,2,10,5
278,1352,419896.5,3813838.5,2022,0,3,4,3,3,4,3,7,10,2,6,5,2,5,11,2,10,5
294,1439,420157.5,3813790.5,2022,0,3,4,3,3,4,3,7,10,10,11,9,7,12,7,11,14,16
293,1441,420163.5,3813793.5,2022,0,3,4,1,5,4,2,0,1,5,9,7,10,1,0,8,2,2
278,1519,420397.5,3813838.5,2022,0,0,4,3,3,2,5,9,4,10,0,9,7,3,9,11,14,16
299,1535,420445.5,3813775.5,2022,1,2,2,0,0,1,2,0,9,1,12,0,4,10,16,5,1,11
272,1572,420556.5,3813856.5,2022,0,3,4,3,3,4,3,7,10,10,0,9,7,3,9,10,4,1
294,1592,420616.5,3813790.5,2022,0,3,4,3,3,4,3,7,10,10,11,5,7,12,7,11,14,16
298,1624,420712.5,3813778.5,2022,1,2,2,1,5,1,2,0,1,5,9,13,11,4,12,12,6,17
291,1667,420841.5,3813799.5,2022,1,2,2,1,5,1,2,0,1,5,9,11,13,7,6,15,11,0
270,1689,420907.5,3813862.5,2022,1,0,1,4,4,2,8,8,1,5,9,13,11,4,12,12,6,17
286,1723,421009.5,3813814.5,2022,1,0,1,1,5,2,2,8,1,5,9,13,11,4,12,12,6,17
297,1746,421078.5,3813781.5,2022,1,2,2,0,0,1,4,2,7,6,8,13,11,4,6,12,11,0
287,1858,421414.5,3813811.5,2022,0,3,4,3,3,4,3,7,10,2,6,5,2,5,11,2,10,5
297,1872,421456.5,3813781.5,2022,0,3,4,3,3,4,2,0,1,5,9,7,10,1,0,8,2,2
297,1891,421513.5,3813781.5,2022,0,3,4,1,5,4,2,0,1,5,9,7,10,1,0,8,2,2
273,1939,421657.5,3813853.5,2022,1,2,2,1,5,1,2,0,1,5,9,11,13,1,0,8,2,2
290,1962,421726.5,3813802.5,2022,0,3,4,1,5,4,2,0,1,5,9,7,10,1,0,8,2,2
292,1980,421780.5,3813796.5,2022,2,3,4,1,5,5,2,0,1,5,9,7,10,1,0,8,17,3
287,2038,421954.5,3813811.5,2022,0,3,4,1,5,4,2,0,1,5,11,7,10,1,0,8,2,2
279,2067,422041.5,3813835.5,2022,2,1,3,1,5,5,2,0,1,5,9,7,10,1,0,6,17,3
278,2095,422125.5,3813838.5,2022,2,1,3,1,5,5,6,6,6,0,2,7,10,1,0,6,17,3
277,2108,422164.5,3813841.5,2022,2,1,3,1,5,5,2,0,1,5,9,7,10,1,0,6,17,3
292,2149,422287.5,3813796.5,2022,0,3,4,1,5,5,2,0,1,5,9,7,10,1,0,8,2,2
297,2187,422401.5,3813781.5,2022,2,1,3,1,5,5,6,6,1,5,9,7,10,1,0,6,17,3
284,2212,422476.5,3813820.5,2022,2,1,3,1,5,5,6,6,6,0,2,7,10,1,0,6,17,3
297,2228,422524.5,3813781.5,2022,2,1,3,1,5,5,6,6,6,0,2,7,10,11,3,6,17,3
276,2250,422590.5,3813844.5,2022,2,1,3,5,6,5,6,6,6,0,2,12,6,11,3,13,0,6
274,2309,422767.5,3813850.5,2022,2,1,3,1,5,5,6,6,6,0,2,7,10,11,3,6,17,3
298,2333,422839.5,3813778.5,2022,2,1,3,5,6,5,6,6,6,0,2,12,6,11,3,13,0,6
280,2346,422878.5,3813832.5,2022,2,1,3,5,6,5,6,6,3,11,1,2,1,0,3,1,0,12
272,2372,422956.5,3813856.5,2022,2,1,0,2,1,0,1,6,6,0,2,12,6,11,3,13,0,6
282,2420,423100.5,3813826.5,2022,2,1,3,5,6,5,6,6,6,0,2,12,6,11,3,13,0,6
271,2441,423163.5,3813859.5,2022,2,1,3,2,1,5,6,6,6,0,2,12,6,11,3,13,0,6
286,2487,423301.5,3813814.5,2022,2,1,3,5,6,5,6,6,6,0,2,12,6,11,3,6,17,3
280,2496,423328.5,3813832.5,2022,2,1,3,1,5,5,6,6,6,0,2,12,6,11,3,6,17,3
293,2539,423457.5,3813793.5,2022,2,1,0,2,1,0,1,4,0,0,4,12,6,11,3,13,5,6
293,2552,423496.5,3813793.5,2022,2,1,3,5,6,5,6,6,6,0,2,12,1,11,3,6,17,12
274,2591,423613.5,3813850.5,2022,2,1,3,5,6,5,6,6,6,0,2,12,6,11,3,13,0,6
298,2617,423691.5,3813778.5,2022,2,1,3,5,6,5,6,6,6,0,2,12,6,11,3,13,0,6
290,2661,423823.5,3813802.5,2022,2,1,3,5,6,5,6,6,6,0,2,12,6,11,3,13,0,6
279,2684,423892.5,3813835.5,2022,2,1,3,5,6,5,6,6,6,0,2,12,6,11,3,13,0,6
271,2705,423955.5,3813859.5,2022,2,1,3,5,6,5,6,6,6,0,2,12,6,11,3,13,0,6
289,2743,424069.5,3813805.5,2022,2,1,3,5,6,5,6,6,6,0,2,12,6,11,3,13,0,6
276,2771,424153.5,3813844.5,2022,2,1,3,2,1,5,6,6,6,0,2,12,6,11,3,13,0,6
299,2806,424258.5,3813775.5,2022,2,1,3,5,6,5,6,6,6,0,2,12,6,11,3,13,0,6
288,2836,424348.5,3813808.5,2022,2,1,3,5,6,5,6,6,6,0,2,12,6,11,3,13,0,6
299,2853,424399.5,3813775.5,2022,2,1,3,5,6,5,6,6,6,0,2,12,6,11,3,13,0,6
270,2889,424507.5,3813862.5,2022,2,1,3,5,6,5,6,6,6,0,2,12,6,11,3,6,17,3
296,2918,424594.5,3813784.5,2022,2,1,3,5,6,5,6,6,6,0,2,12,6,11,3,13,0,6
272,2943,424669.5,3813856.5,2022,2,1,3,5,6,5,6,6,6,0,2,12,6,11,3,6,17,3
296,2975,424765.5,3813784.5,2022,1,2,3,1,5,1,4,2,7,6,1,11,13,6,2,15,7,18
270,3016,424888.5,3813862.5,2022,2,1,3,5,6,5,6,6,6,0,2,12,6,11,3,13,0,6
278,3057,425011.5,3813838.5,2022,2,1,3,1,5,1,2,0,1,5,1,11,13,6,2,15,7,18
298,3061,425023.5,3813778.5,2022,2,1,3,1,5,5,6,6,6,0,2,7,10,11,3,6,17,3
282,3141,425263.5,3813826.5,2022,2,1,3,1,5,5,6,6,6,0,2,7,10,11,3,6,17,3
293,3325,425815.5,3813793.5,2022,2,1,3,5,6,3,7,1,8,3,7,8,5,13,13,17,9,10
306,9,415867.5,3813754.5,2022,1,2,2,0,0,1,4,2,7,6,8,6,8,8,6,3,11,0
304,31,415933.5,3813760.5,2022,1,2,2,0,0,1,4,2,7,6,8,6,8,8,10,3,8,8
309,87,416101.5,3813745.5,2022,1,2,2,0,0,6,4,2,7,6,8,6,8,8,10,3,8,8
318,105,416155.5,3813718.5,2022,1,2,2,0,0,1,4,2,7,6,8,6,8,8,6,3,11,0
308,135,416245.5,3813748.5,2022,1,2,2,0,0,1,4,2,7,6,8,6,8,8,10,3,8,0
314,177,416371.5,3813730.5,2022,1,2,2,0,0,1,4,2,7,6,8,6,8,8,10,3,8,8
315,186,416398.5,3813727.5,2022,1,2,2,0,0,1,4,2,7,6,8,6,8,8,6,3,11,0
303,225,416515.5,3813763.5,2022,1,2,2,0,0,1,4,2,7,6,8,6,8,8,10,3,8,8
326,260,416620.5,3813694.5,2022,1,2,2,0,0,1,4,2,7,6,8,6,8,8,6,3,11,0
324,273,416659.5,3813700.5,2022,1,0,1,1,5,2,2,8,1,5,9,13,11,4,12,12,6,17
321,324,416812.5,3813709.5,2022,1,2,2,0,0,1,4,2,7,6,8,6,8,8,10,3,8,8
329,357,416911.5,3813685.5,2022,0,2,4,1,5,1,2,0,9,1,12,11,13,7,5,15,13,19
304,379,416977.5,3813760.5,2022,1,2,2,0,0,1,4,2,7,6,8,6,8,8,10,3,8,8
306,407,417061.5,3813754.5,2022,1,2,2,0,0,1,2,0,9,1,12,0,4,10,5,5,13,19
302,433,417139.5,3813766.5,2022,0,3,4,3,3,4,2,0,9,1,12,11,13,7,5,15,13,19
303,469,417247.5,3813763.5,2022,0,3,4,3,3,4,2,0,1,5,9,11,13,7,0,8,2,2
316,501,417343.5,3813724.5,2022,0,3,4,1,5,4,2,0,1,5,9,7,10,1,0,8,2,2
305,529,417427.5,3813757.5,2022,0,3,4,3,3,4,3,7,10,2,6,5,2,5,11,2,10,5
320,542,417466.5,3813712.5,2022,0,3,4,3,3,4,3,7,10,2,6,5,2,5,11,2,10,5
303,581,417583.5,3813763.5,2022,0,3,4,3,3,4,3,7,10,2,6,5,2,5,11,2,2,2
301,619,417697.5,3813769.5,2022,0,3,4,3,3,4,3,0,10,2,6,5,2,5,11,2,2,2
313,637,417751.5,3813733.5,2022,0,3,4,3,3,4,3,7,10,2,6,5,2,5,11,2,10,5
307,687,417901.5,3813751.5,2022,0,3,4,3,3,4,3,7,10,2,6,5,2,5,11,2,10,5
320,702,417946.5,3813712.5,2022,0,3,4,3,3,4,3,7,10,2,6,5,2,5,11,2,10,5
313,729,418027.5,3813733.5,2022,0,3,4,3,3,4,2,0,9,1,12,11,13,7,5,15,13,19
319,774,418162.5,3813715.5,2022,0,3,4,3,3,4,3,7,10,2,6,5,2,5,11,2,10,5
316,797,418231.5,3813724.5,2022,0,3,4,3,3,4,3,7,10,2,6,5,2,5,11,2,10,5
324,833,418339.5,3813700.5,2022,0,3,4,3,3,4,3,7,10,2,6,5,2,5,11,2,10,5
327,861,418423.5,3813691.5,2022,0,3,4,3,3,4,3,7,10,2,6,5,2,5,11,2,10,5
312,897,418531.5,3813736.5,2022,0,3,4,3,3,4,3,7,10,2,6,5,2,5,11,2,10,5
301,920,418600.5,3813769.5,2022,0,3,4,3,3,4,3,7,10,10,6,9,7,3,9,11,4,1
327,938,418654.5,3813691.5,2022,0,0,4,3,3,4,3,9,10,10,11,9,7,12,7,11,14,16
309,979,418777.5,3813745.5,2022,0,0,4,3,3,4,5,9,4,10,0,9,7,3,9,11,4,16
313,1010,418870.5,3813733.5,2022,0,0,4,3,3,2,5,9,4,10,0,9,7,12,7,11,14,16
306,1038,418954.5,3813754.5,2022,0,0,4,3,4,2,5,9,4,10,0,9,7,3,9,10,4,16
315,1051,418993.5,3813727.5,2022,0,0,1,4,4,2,5,9,4,10,0,9,7,3,7,11,14,16
318,1108,419164.5,3813718.5,2022,0,3,4,3,3,4,3,7,10,2,6,5,2,5,11,2,10,5
311,1117,419191.5,3813739.5,2022,0,3,4,3,3,4,3,7,10,2,6,5,2,5,11,11,10,5
324,1141,419263.5,3813700.5,2022,0,3,4,3,3,4,3,7,10,2,6,5,2,5,11,2,10,5
304,1199,419437.5,3813760.5,2022,0,3,4,3,3,4,3,7,10,2,6,5,2,5,11,2,10,5
311,1218,419494.5,3813739.5,2022,0,3,4,3,3,4,3,7,10,10,11,9,7,12,7,11,14,16
326,1239,419557.5,3813694.5,2022,0,3,4,3,3,4,3,7,10,2,6,5,2,5,11,2,10,5
305,1273,419659.5,3813757.5,2022,0,0,4,1,5,2,2,0,9,1,12,0,4,10,5,11,13,19
312,1311,419773.5,3813736.5,2022,0,3,4,3,3,4,3,7,10,2,6,5,2,5,11,2,10,5
306,1325,419815.5,3813754.5,2022,0,3,4,3,3,4,3,7,10,2,6,5,2,5,11,2,10,5
324,1355,419905.5,3813700.5,2022,0,3,4,1,5,1,2,0,9,1,12,11,13,7,5,15,13,19
325,1399,420037.5,3813697.5,2022,0,3,4,1,5,4,2,0,1,5,9,11,13,1,0,8,2,2
311,1435,420145.5,3813739.5,2022,0,0,4,1,5,1,2,0,1,5,9,13,11,1,0,8,2,2
319,1447,420181.5,3813715.5,2022,1,2,2,0,0,1,4,2,7,6,8,13,11,4,6,12,11,0
326,1484,420292.5,3813694.5,2022,0,0,1,4,4,2,5,9,4,10,0,9,7,3,9,10,4,1
302,1504,420352.5,3813766.5,2022,0,0,4,3,3,2,5,9,4,10,0,9,7,3,9,10,4,1
328,1549,420487.5,3813688.5,2022,0,0,4,3,4,2,5,9,9,10,12,9,7,3,9,11,14,16
302,1578,420574.5,3813766.5,2022,0,3,4,3,3,4,3,7,10,2,6,9,7,5,11,10,4,1
313,1592,420616.5,3813733.5,2022,0,3,4,3,3,4,3,7,10,2,6,5,2,5,11,2,10,5
318,1623,420709.5,3813718.5,2022,0,0,4,4,4,2,5,9,9,10,12,9,7,12,5,11,14,16
304,1663,420829.5,3813760.5,2022,0,3,4,1,5,1,2,0,1,5,9,11,13,7,0,15,2,2
326,1688,420904.5,3813694.5,2022,0,3,4,3,3,4,3,7,10,2,6,5,2,5,5,2,13,19
326,1720,421000.5,3813694.5,2022,1,2,2,1,5,1,2,0,1,5,9,11,11,7,6,15,11,0
328,1760,421120.5,3813688.5,2022,1,0,2,1,5,5,2,0,1,5,9,13,11,1,0,8,2,3
314,1829,421327.5,3813730.5,2022,0,3,4,1,5,1,2,0,1,5,9,11,13,7,6,8,2,2
319,1855,421405.5,3813715.5,2022,0,3,4,1,5,4,2,0,1,5,9,7,10,1,0,8,2,2
320,1868,421444.5,3813712.5,2022,0,3,4,1,5,4,2,0,1,5,9,7,10,1,0,8,2,2
323,1916,421588.5,3813703.5,2022,0,3,4,1,5,4,2,0,1,5,9,7,10,1,0,8,2,2
322,1921,421603.5,3813706.5,2022,0,3,4,1,5,5,2,0,1,5,9,7,10,1,0,4,15,14
305,1971,421753.5,3813757.5,2022,0,3,4,1,5,4,2,0,1,5,9,7,10,1,0,8,2,2
313,2003,421849.5,3813733.5,2022,1,2,2,0,0,1,4,2,7,6,8,11,13,7,6,15,11,0
300,2025,421915.5,3813772.5,2022,2,1,3,1,5,5,2,0,1,5,9,7,10,1,0,8,17,3
305,2067,422041.5,3813757.5,2022,2,1,3,1,5,5,2,0,1,5,9,7,10,1,0,6,17,3
326,2094,422122.5,3813694.5,2022,2,3,4,1,5,5,2,6,6,0,11,7,10,1,0,4,15,14
329,2124,422212.5,3813685.5,2022,2,1,3,1,5,5,6,6,6,0,2,7,10,11,3,6,17,3
304,2158,422314.5,3813760.5,2022,0,0,1,1,5,2,5,9,4,10,11,7,7,12,7,11,14,16
310,2174,422362.5,3813742.5,2022,2,1,0,1,5,5,6,6,6,0,2,7,10,11,3,4,15,14
305,2206,422458.5,3813757.5,2022,2,1,3,1,5,5,6,6,6,0,2,7,10,11,3,6,17,3
307,2224,422512.5,3813751.5,2022,2,1,3,5,6,5,6,6,6,0,2,12,6,11,3,13,0,12
321,2250,422590.5,3813709.5,2022,2,1,3,5,6,5,6,6,6,0,2,12,6,6,2,13,7,18
311,2305,422755.5,3813739.5,2022,2,1,3,5,6,5,6,6,3,11,1,2,1,6,2,1,7,18
300,2321,422803.5,3813772.5,2022,1,2,3,5,6,1,4,2,7,6,1,6,1,6,2,15,7,18
316,2362,422926.5,3813724.5,2022,2,1,3,5,6,5,6,6,6,0,2,12,6,11,3,13,0,6
329,2381,422983.5,3813685.5,2022,2,1,3,5,6,3,7,1,8,3,7,8,5,13,13,13,0,10
328,2417,423091.5,3813688.5,2022,2,1,3,5,6,3,7,1,8,3,1,2,1,6,2,1,7,18
325,2449,423187.5,3813697.5,2022,2,1,3,5,6,5,6,6,6,0,2,12,6,11,3,13,0,6
307,2480,423280.5,3813751.5,2022,2,1,3,5,6,5,6,6,6,0,2,12,6,11,3,13,0,6
318,2492,423316.5,3813718.5,2022,2,1,3,1,5,5,2,6,6,0,2,7,10,11,3,6,17,3
301,2520,423400.5,3813769.5,2022,2,1,0,2,6,0,1,6,6,0,2,12,6,11,3,13,0,6
323,2574,423562.5,3813703.5,2022,2,1,0,2,1,0,1,4,0,7,4,3,9,2,8,9,15,6
320,2582,423586.5,3813712.5,2022,2,1,3,5,6,5,6,6,6,0,2,12,6,11,3,13,17,6
301,2614,423682.5,3813769.5,2022,2,1,3,5,6,5,6,6,6,0,2,12,6,11,3,13,17,3
314,2655,423805.5,3813730.5,2022,2,1,3,5,6,5,6,6,6,0,2,12,6,11,3,13,0,6
327,2673,423859.5,3813691.5,2022,2,1,3,5,6,5,6,6,6,0,2,12,6,11,3,6,17,3
302,2721,424003.5,3813766.5,2022,2,1,3,5,6,3,7,1,3,11,1,2,1,6,2,1,7,12
303,2731,424033.5,3813763.5,2022,2,1,3,5,6,5,6,6,6,0,2,12,6,11,3,13,0,12
325,2783,424189.5,3813697.5,2022,2,1,3,5,6,5,6,6,6,0,2,12,6,11,3,13,0,6
328,2818,424294.5,3813688.5,2022,2,1,3,5,6,5,6,6,6,0,2,12,6,11,3,6,17,3
305,2845,424375.5,3813757.5,2022,2,1,3,5,6,5,6,6,6,0,2,12,6,11,3,13,0,6
306,2853,424399.5,3813754.5,2022,2,1,0,2,1,0,1,6,6,0,2,12,6,11,3,13,0,6
324,2892,424516.5,3813700.5,2022,2,1,0,2,1,0,1,6,6,0,2,12,6,11,3,4,15,6
300,2925,424615.5,3813772.5,2022,2,1,3,5,6,5,6,6,6,0,2,12,6,11,3,13,0,6
303,2953,424699.5,3813763.5,2022,2,1,3,5,6,5,6,6,6,0,2,12,6,11,3,13,0,12
322,2990,424810.5,3813706.5,2022,2,1,3,5,6,5,6,6,6,0,2,12,6,11,3,6,17,3
315,3004,424852.5,3813727.5,2022,0,3,4,1,5,5,2,0,1,5,9,7,10,1,0,8,17,3
325,3039,424957.5,3813697.5,2022,2,1,3,5,6,5,6,6,6,0,2,12,1,11,3,6,17,12
329,3060,425020.5,3813685.5,2022,2,1,3,1,5,5,6,6,6,0,2,12,6,11,3,6,17,3
307,3091,425113.5,3813751.5,2022,2,1,3,5,6,5,6,6,6,0,2,12,6,11,3,13,0,6
305,3281,425683.5,3813757.5,2022,2,1,3,5,6,3,7,1,8,3,7,8,5,13,13,17,9,10
337,26,415918.5,3813661.5,2022,1,2,2,0,0,1,4,2,7,6,8,6,8,8,10,3,8,8
341,54,416002.5,3813649.5,2022,1,2,2,0,0,6,4,2,7,6,8,6,8,8,10,3,8,8
357,75,416065.5,3813601.5,2022,1,2,2,0,0,1,4,2,7,6,8,6,8,8,10,3,8,8
348,112,416176.5,3813628.5,2022,1,2,2,0,0,1,4,2,7,6,8,6,8,8,10,3,8,8
357,130,416230.5,3813601.5,2022,1,2,2,0,0,1,4,2,7,6,8,6,8,8,10,3,8,8
349,159,416317.5,3813625.5,2022,1,2,2,0,0,1,4,2,7,6,8,6,8,8,10,3,8,8
341,206,416458.5,3813649.5,2022,1,2,2,0,0,1,4,2,7,6,8,6,8,8,6,3,11,0
330,213,416479.5,3813682.5,2022,1,2,2,0,0,1,4,2,7,6,8,6,8,8,10,3,8,8
335,241,416563.5,3813667.5,2022,1,2,2,1,5,1,2,0,1,5,9,11,13,7,6,8,11,0
344,299,416737.5,3813640.5,2022,1,2,2,0,0,1,2,0,1,5,9,11,13,7,6,15,11,0
359,321,416803.5,3813595.5,2022,0,0,4,3,3,4,3,9,9,10,0,9,7,3,9,10,4,1
339,341,416863.5,3813655.5,2022,1,0,1,4,4,2,5,9,9,1,12,0,4,10,16,5,1,11
357,366,416938.5,3813601.5,2022,0,0,4,3,3,1,2,0,9,1,12,0,4,10,5,5,13,19
346,406,417058.5,3813634.5,2022,0,2,4,1,5,1,2,0,1,5,9,11,13,7,6,15,11,0
353,446,417178.5,3813613.5,2022,0,2,4,1,5,1,2,0,9,5,9,11,13,7,6,15,2,2
346,469,417247.5,3813634.5,2022,0,3,4,1,5,1,2,0,1,5,9,11,13,7,0,8,2,2
355,507,417361.5,3813607.5,2022,0,3,4,1,5,4,2,0,1,5,9,11,10,1,0,8,2,2
359,520,417400.5,3813595.5,2022,0,2,4,1,5,1,2,0,1,5,9,11,13,7,6,15,11,0
333,541,417463.5,3813673.5,2022,0,3,4,1,5,1,2,0,1,5,9,11,13,7,5,15,13,19
333,579,417577.5,3813673.5,2022,0,3,4,3,3,4,3,7,10,2,6,5,2,5,11,2,10,5
342,612,417676.5,3813646.5,2022,0,3,4,3,3,4,3,7,10,2,6,5,2,5,11,2,10,5
351,641,417763.5,3813619.5,2022,0,3,4,3,3,4,3,7,10,2,6,5,2,5,11,2,10,5
337,686,417898.5,3813661.5,2022,0,3,4,3,3,4,3,7,9,2,6,11,13,5,5,2,13,19
351,717,417991.5,3813619.5,2022,0,3,4,3,3,4,3,7,10,2,6,5,2,5,5,2,13,19
344,723,418009.5,3813640.5,2022,0,3,4,3,3,4,3,7,10,2,11,5,2,12,5,11,13,19
336,777,418171.5,3813664.5,2022,0,3,4,3,3,4,3,7,10,2,6,5,2,5,11,2,10,5
335,805,418255.5,3813667.5,2022,0,3,4,3,3,4,3,7,10,2,6,5,2,5,11,2,10,5
331,819,418297.5,3813679.5,2022,0,3,4,3,3,4,3,7,10,2,6,5,2,5,11,2,10,5
342,847,418381.5,3813646.5,2022,0,3,4,3,3,4,3,7,10,2,6,5,2,5,11,2,10,5
352,871,418453.5,3813616.5,2022,0,2,4,3,3,1,2,0,9,1,12,11,13,7,5,15,13,19
344,906,418558.5,3813640.5,2022,0,3,4,3,3,4,3,7,10,2,6,5,2,5,11,2,10,5
359,957,418711.5,3813595.5,2022,0,3,4,1,5,4,2,0,1,5,9,7,10,1,0,8,2,2
350,976,418768.5,3813622.5,2022,0,0,4,1,5,2,2,0,1,5,9,13,11,1,0,8,2,2
357,996,418828.5,3813601.5,2022,1,0,1,4,4,2,5,8,1,5,9,13,11,4,12,12,6,17
353,1047,418981.5,3813613.5,2022,0,0,1,4,4,2,5,9,9,1,12,0,7,10,16,11,14,16
343,1052,418996.5,3813643.5,2022,0,3,4,3,3,4,3,7,9,10,11,9,7,12,5,11,13,19
345,1089,419107.5,3813637.5,2022,0,0,4,3,3,4,3,9,10,10,0,9,7,3,9,11,4,16
357,1115,419185.5,3813601.5,2022,1,2,2,0,0,6,8,2,9,1,12,0,4,10,16,5,1,11
331,1151,419293.5,3813679.5,2022,0,3,4,3,3,4,3,7,10,2,6,5,2,5,11,2,10,5
340,1199,419437.5,3813652.5,2022,0,3,4,3,3,4,3,7,10,2,6,5,2,5,11,2,10,5
340,1227,419521.5,3813652.5,2022,0,3,4,3,3,4,3,7,10,2,6,5,2,5,11,2,10,5
350,1233,419539.5,3813622.5,2022,0,0,4,3,3,4,3,9,10,10,11,9,7,12,7,11,14,16
352,1271,419653.5,3813616.5,2022,0,3,4,3,3,4,3,7,10,10,11,5,7,12,7,11,14,16
337,1306,419758.5,3813661.5,2022,0,3,4,3,3,4,3,7,9,10,11,9,7,12,5,11,13,19
340,1336,419848.5,3813652.5,2022,0,3,4,3,3,4,3,7,10,2,6,5,2,5,11,2,10,5
354,1368,419944.5,3813610.5,2022,0,3,4,3,3,4,3,7,10,2,6,5,2,5,11,2,10,5
333,1382,419986.5,3813673.5,2022,0,3,4,3,3,4,3,7,10,2,6,5,2,5,11,2,10,5
349,1424,420112.5,3813625.5,2022,0,3,4,3,3,4,3,7,10,2,6,5,2,5,11,2,10,5
354,1442,420166.5,3813610.5,2022,0,3,4,3,3,4,3,7,10,2,6,5,2,5,11,2,10,5
351,1471,420253.5,3813619.5,2022,0,3,4,1,5,4,2,0,1,5,9,7,10,1,0,8,2,2
340,1521,420403.5,3813652.5,2022,0,3,4,3,3,4,3,7,10,10,6,9,7,3,9,10,4,1
344,1547,420481.5,3813640.5,2022,0,3,4,3,3,4,3,7,10,10,11,9,7,12,9,11,4,1
337,1575,420565.5,3813661.5,2022,0,3,4,3,3,4,3,7,10,2,6,5,2,5,11,2,10,5
347,1590,420610.5,3813631.5,2022,0,3,4,3,3,4,3,7,10,2,6,5,2,5,11,2,10,5
330,1640,420760.5,3813682.5,2022,0,0,1,4,4,2,5,9,4,10,11,4,14,12,7,11,14,16
331,1670,420850.5,3813679.5,2022,0,3,4,3,3,4,3,7,9,2,6,5,2,5,5,2,13,19
333,1709,420967.5,3813673.5,2022,0,3,4,3,3,4,3,7,10,2,6,5,2,5,11,2,10,5
353,1728,421024.5,3813613.5,2022,1,0,2,1,5,1,2,0,1,5,9,13,11,1,0,8,2,2
335,1742,421066.5,3813667.5,2022,1,2,2,1,5,1,2,0,1,5,9,13,11,4,12,12,6,17
357,1795,421225.5,3813601.5,2022,1,2,2,0,0,1,4,2,7,6,8,11,8,7,6,15,11,0
358,1824,421312.5,3813598.5,2022,0,3,4,3,3,4,3,0,10,2,6,11,13,1,0,8,2,2
359,1845,421375.5,3813595.5,2022,0,3,4,3,3,4,2,0,1,5,9,7,10,1,0,8,2,2
339,1879,421477.5,3813655.5,2022,0,3,4,1,5,4,2,0,1,5,9,7,10,1,0,8,2,2
356,1904,421552.5,3813604.5,2022,0,3,4,1,5,4,2,0,1,5,9,7,10,1,0,8,2,2
332,1923,421609.5,3813676.5,2022,0,3,4,1,5,4,2,0,1,5,9,7,10,1,0,8,2,2
345,2007,421861.5,3813637.5,2022,0,3,4,1,5,1,2,0,1,5,9,11,13,1,0,8,2,2
355,2025,421915.5,3813607.5,2022,0,3,4,3,3,4,3,7,10,2,6,7,10,1,0,4,15,14
355,2066,422038.5,3813607.5,2022,2,1,3,1,5,5,6,6,1,5,9,7,10,1,0,6,17,3
350,2079,422077.5,3813622.5,2022,2,3,4,1,5,5,2,6,6,0,11,7,10,1,0,4,15,14
335,2103,422149.5,3813667.5,2022,2,1,3,1,5,5,2,0,1,5,9,7,10,1,0,6,17,3
334,2155,422305.5,3813670.5,2022,2,1,0,1,5,5,6,6,6,0,2,7,10,1,0,4,15,3
354,2177,422371.5,3813610.5,2022,2,1,3,1,5,5,2,6,1,0,11,7,10,1,0,6,17,3
359,2196,422428.5,3813595.5,2022,2,3,0,1,5,5,6,6,6,0,11,7,10,1,0,4,15,14
335,2245,422575.5,3813667.5,2022,2,1,3,5,6,3,7,1,8,3,1,8,1,6,2,1,7,18
342,2274,422662.5,3813646.5,2022,2,1,3,5,6,5,6,6,6,0,2,12,6,11,3,13,0,6
339,2288,422704.5,3813655.5,2022,2,1,3,5,6,5,6,6,6,0,2,12,6,11,3,13,0,6
357,2327,422821.5,3813601.5,2022,2,1,3,5,6,5,6,6,6,0,2,12,6,11,3,13,0,6
345,2346,422878.5,3813637.5,2022,2,1,3,5,6,5,6,6,6,0,2,12,6,11,3,13,0,6
336,2384,422992.5,3813664.5,2022,2,1,3,5,6,3,7,6,6,0,2,12,6,11,3,13,0,6
352,2424,423112.5,3813616.5,2022,1,1,3,5,6,3,7,1,8,3,7,8,1,6,2,1,7,18
342,2447,423181.5,3813646.5,2022,2,1,3,5,6,5,6,6,6,0,2,12,6,11,3,13,0,6
350,2478,423274.5,3813622.5,2022,2,1,3,2,1,5,6,6,6,0,2,12,6,11,3,13,0,6
352,2518,423394.5,3813616.5,2022,2,1,3,5,6,5,6,6,6,0,2,12,6,11,3,13,0,6
357,2540,423460.5,3813601.5,2022,2,1,3,5,6,5,6,6,6,0,2,12,6,11,3,13,0,12
354,2553,423499.5,3813610.5,2022,2,1,3,1,5,5,6,6,6,0,2,12,6,11,3,13,17,6
330,2601,423643.5,3813682.5,2022,2,3,0,2,1,0,1,4,0,7,4,3,9,2,8,4,15,14
359,2628,423724.5,3813595.5,2022,2,1,0,2,1,0,1,4,6,0,2,12,6,11,3,13,0,6
359,2643,423769.5,3813595.5,2022,2,1,0,2,1,0,1,4,0,7,4,3,9,2,8,4,15,14
330,2689,423907.5,3813682.5,2022,2,1,3,5,6,5,6,6,6,0,2,12,6,11,3,13,0,14
357,2704,423952.5,3813601.5,2022,2,3,0,2,1,0,1,4,0,7,4,3,9,2,8,4,15,14
339,2735,424045.5,3813655.5,2022,2,1,3,5,6,5,6,6,6,0,2,12,1,6,2,13,7,18
346,2772,424156.5,3813634.5,2022,2,1,3,5,6,5,6,6,6,0,2,12,6,11,3,13,0,6
336,2814,424282.5,3813664.5,2022,2,1,3,5,6,5,6,6,6,0,2,12,6,11,3,13,0,6
337,2830,424330.5,3813661.5,2022,2,1,3,5,6,5,6,6,6,0,2,12,6,11,3,13,0,6
332,2877,424471.5,3813676.5,2022,2,1,0,2,1,0,1,6,6,0,2,12,6,11,3,4,15,6
335,2901,424543.5,3813667.5,2022,2,1,0,2,1,0,1,6,6,0,2,12,6,11,3,13,15,6
342,2932,424636.5,3813646.5,2022,2,0,3,1,5,5,6,8,3,11,11,7,10,0,4,6,17,3
340,2954,424702.5,3813652.5,2022,0,3,4,1,5,5,5,9,1,10,11,7,10,12,7,4,15,14
341,2994,424822.5,3813649.5,2022,2,1,3,5,6,5,6,6,6,0,2,12,6,11,3,6,17,3
354,3003,424849.5,3813610.5,2022,2,1,3,1,5,5,6,6,3,11,1,2,1,6,2,6,7,18
333,3044,424972.5,3813673.5,2022,2,1,3,1,5,5,6,6,6,0,2,12,6,11,3,6,17,3
331,3065,425035.5,3813679.5,2022,2,1,3,1,6,5,6,6,6,0,2,12,6,11,3,6,17,3
352,3095,425125.5,3813616.5,2022,2,1,3,5,6,5,6,6,6,0,2,12,6,11,3,13,0,6
358,3174,425362.5,3813598.5,2022,2,1,3,5,6,5,6,6,6,0,2,12,6,11,3,13,17,6
349,3181,425383.5,3813625.5,2022,2,1,3,5,6,3,7,1,8,3,7,8,5,13,13,17,9,10
343,3279,425677.5,3813643.5,2022,2,1,3,5,6,3,7,1,8,3,7,8,5,13,13,17,9,10
371,16,415888.5,3813559.5,2022,1,2,2,0,0,1,4,2,7,6,8,6,8,8,10,3,8,8
369,40,415960.5,3813565.5,2022,1,2,2,0,0,6,4,2,7,6,8,6,8,8,10,3,8,8
375,70,416050.5,3813547.5,2022,1,2,2,0,0,1,4,2,7,6,8,6,8,8,10,3,8,8
378,107,416161.5,3813538.5,2022,1,2,2,0,0,1,4,2,7,6,8,6,8,8,10,3,8,8
364,135,416245.5,3813580.5,2022,1,2,2,0,0,1,4,2,7,6,8,6,8,8,6,3,11,0
372,166,416338.5,3813556.5,2022,1,2,2,0,0,6,4,2,7,6,8,6,8,8,10,3,8,8
386,209,416467.5,3813514.5,2022,1,2,2,0,0,1,4,2,7,6,8,6,8,8,10,3,8,8
362,218,416494.5,3813586.5,2022,1,2,2,0,0,1,4,2,7,6,8,6,8,8,6,3,11,0
364,263,416629.5,3813580.5,2022,1,2,2,0,0,1,4,2,7,6,8,6,8,8,10,3,8,8
363,289,416707.5,3813583.5,2022,1,2,2,0,0,1,4,2,7,6,8,11,13,7,6,15,11,0
377,320,416800.5,3813541.5,2022,1,2,2,0,0,1,4,2,7,6,8,11,13,7,6,15,11,0
372,336,416848.5,3813556.5,2022,0,0,4,3,3,2,5,9,9,10,0,9,7,3,9,11,4,16
377,360,416920.5,3813541.5,2022,0,3,4,3,3,4,2,0,9,1,12,11,13,7,5,11,13,19
361,417,417091.5,3813589.5,2022,1,2,2,0,0,1,2,0,7,6,9,11,13,7,6,15,11,0
362,439,417157.5,3813586.5,2022,0,2,4,1,5,1,2,0,9,5,9,11,13,7,6,15,11,0
371,478,417274.5,3813559.5,2022,0,2,4,1,5,1,2,0,9,5,9,11,13,7,6,15,11,19
365,494,417322.5,3813577.5,2022,0,3,4,1,5,1,2,0,9,5,9,11,13,7,5,15,13,19
383,530,417430.5,3813523.5,2022,0,3,4,1,5,4,2,0,1,5,9,11,13,1,0,8,2,2
386,565,417535.5,3813514.5,2022,0,3,4,1,5,4,2,0,1,5,9,11,13,7,0,8,2,2
369,592,417616.5,3813565.5,2022,0,3,4,3,3,4,3,7,10,2,6,5,2,5,11,2,10,5
366,629,417727.5,3813574.5,2022,0,3,4,3,3,4,3,7,10,2,6,5,2,5,11,2,10,5
370,634,417742.5,3813562.5,2022,0,3,4,3,3,4,3,7,10,2,6,5,2,5,11,2,10,5
382,683,417889.5,3813526.5,2022,0,3,4,3,3,4,3,0,9,1,12,11,13,7,5,15,13,19
360,708,417964.5,3813592.5,2022,0,3,4,3,3,4,3,7,10,2,11,5,2,12,7,11,10,5
363,728,418024.5,3813583.5,2022,0,3,4,3,3,4,3,7,10,2,6,5,2,5,11,2,10,5
360,758,418114.5,3813592.5,2022,0,2,4,1,5,1,2,0,9,1,12,11,13,7,5,15,13,19
364,806,418258.5,3813580.5,2022,0,3,4,1,5,1,2,0,9,1,12,11,13,7,5,15,13,19
367,823,418309.5,3813571.5,2022,0,3,4,3,3,4,3,7,10,2,6,5,2,5,11,2,10,5
371,846,418378.5,3813559.5,2022,0,0,4,1,5,1,2,0,9,1,12,11,13,7,5,15,13,19
361,881,418483.5,3813589.5,2022,0,0,4,3,3,4,3,0,9,10,11,9,7,12,5,11,13,19
363,928,418624.5,3813583.5,2022,0,0,4,4,4,2,5,9,4,10,0,9,7,3,9,11,14,16
380,939,418657.5,3813532.5,2022,0,3,4,1,5,4,2,0,1,5,9,11,13,1,0,8,2,2
378,968,418744.5,3813538.5,2022,0,3,4,1,5,4,2,0,1,5,9,7,10,1,0,8,2,2
371,992,418816.5,3813559.5,2022,1,0,1,4,4,6,8,8,5,4,3,13,11,4,12,12,6,17
370,1032,418936.5,3813562.5,2022,1,2,2,0,0,6,8,3,5,4,5,13,11,4,12,12,6,17
363,1052,418996.5,3813583.5,2022,0,0,1,1,5,2,2,0,1,5,9,13,11,1,0,8,2,2
378,1091,419113.5,3813538.5,2022,1,0,1,4,4,2,5,9,4,9,3,4,14,9,1,0,14,16
369,1124,419212.5,3813565.5,2022,0,3,4,3,3,4,3,7,10,10,11,9,7,12,7,11,14,16
370,1168,419344.5,3813562.5,2022,0,3,4,3,3,4,3,7,10,2,6,5,2,5,11,2,10,5
373,1175,419365.5,3813553.5,2022,0,3,4,3,3,4,3,7,10,10,6,9,7,3,9,11,4,1
376,1203,419449.5,3813544.5,2022,0,3,4,3,3,4,2,0,1,5,9,5,10,1,0,8,2,2
376,1257,419611.5,3813544.5,2022,1,0,1,4,4,2,5,0,9,1,12,0,4,10,16,5,1,11
364,1273,419659.5,3813580.5,2022,0,0,4,1,5,1,2,0,9,1,12,11,13,7,5,11,13,19
386,1309,419767.5,3813514.5,2022,1,2,2,1,5,1,2,0,9,6,12,11,13,7,6,15,11,0
366,1330,419830.5,3813574.5,2022,1,2,2,0,0,1,4,2,9,1,12,0,4,10,16,5,1,11
365,1356,419908.5,3813577.5,2022,1,2,2,1,5,1,2,0,9,5,9,11,13,7,6,15,11,0
365,1395,420025.5,3813577.5,2022,1,2,2,0,0,1,4,0,7,6,8,11,13,7,6,15,11,0
361,1432,420136.5,3813589.5,2022,0,3,4,3,3,4,2,0,1,5,9,5,10,1,0,8,2,2
380,1454,420202.5,3813532.5,2022,0,3,4,3,3,4,2,0,1,5,9,5,10,1,0,8,2,2
376,1493,420319.5,3813544.5,2022,0,0,4,1,5,1,2,0,1,5,9,11,13,1,0,8,2,2
388,1521,420403.5,3813508.5,2022,0,3,4,1,5,4,2,0,1,5,9,11,13,1,0,8,2,2
370,1547,420481.5,3813562.5,2022,0,3,4,3,3,4,3,7,10,2,6,5,2,5,11,2,10,5
380,1569,420547.5,3813532.5,2022,0,3,4,1,5,4,2,0,1,5,9,7,10,1,0,8,2,2
388,1597,420631.5,3813508.5,2022,1,2,2,0,0,1,4,2,7,6,8,11,13,7,6,15,11,0
384,1632,420736.5,3813520.5,2022,1,2,2,1,5,1,2,0,1,5,9,11,13,7,6,15,11,0
360,1665,420835.5,3813592.5,2022,1,2,2,0,0,6,4,2,7,6,8,6,8,8,10,3,8,8
377,1698,420934.5,3813541.5,2022,1,2,2,0,0,1,4,2,7,6,8,13,11,4,12,12,6,17
381,1735,421045.5,3813529.5,2022,1,2,2,1,5,1,2,0,1,5,9,13,11,7,6,8,2,2
370,1752,421096.5,3813562.5,2022,1,2,2,0,0,1,4,2,7,6,8,6,8,8,6,3,11,0
380,1777,421171.5,3813532.5,2022,1,2,2,0,0,1,4,2,7,6,8,6,8,8,10,3,8,0
360,1824,421312.5,3813592.5,2022,0,3,4,3,3,4,2,0,10,2,9,11,13,7,0,8,2,2
386,1832,421336.5,3813514.5,2022,1,2,2,1,5,1,2,0,1,5,9,11,13,1,6,8,2,2
375,1882,421486.5,3813547.5,2022,0,0,4,1,5,2,2,0,1,5,9,7,10,1,0,8,2,2
388,1890,421510.5,3813508.5,2022,0,2,4,1,5,1,2,0,1,5,9,11,13,1,0,8,2,2
386,1937,421651.5,3813514.5,2022,0,3,4,3,3,4,3,7,1,5,9,7,10,1,0,8,2,2
366,1952,421696.5,3813574.5,2022,1,0,1,1,5,2,2,8,1,5,9,13,11,4,12,12,6,17
388,2006,421858.5,3813508.5,2022,0,3,4,1,5,4,2,0,1,5,9,7,10,1,0,8,2,2
360,2032,421936.5,3813592.5,2022,0,3,4,1,5,4,2,0,1,5,9,7,10,1,0,8,2,2
368,2052,421996.5,3813568.5,2022,0,3,4,2,3,4,3,7,10,2,6,7,10,1,0,4,15,14
388,2088,422104.5,3813508.5,2022,2,1,3,1,5,5,2,0,1,5,9,7,10,1,0,6,17,3
374,2126,422218.5,3813550.5,2022,2,1,3,1,5,5,6,6,6,0,2,7,10,11,3,6,17,3
364,2134,422242.5,3813580.5,2022,2,1,3,1,5,5,6,6,1,5,11,7,10,1,0,6,17,3
364,2176,422368.5,3813580.5,2022,0,3,0,1,5,4,1,7,1,0,11,7,10,1,0,4,15,14
372,2200,422440.5,3813556.5,2022,2,1,0,1,5,5,6,6,6,0,2,7,10,11,3,4,15,14
376,2230,422530.5,3813544.5,2022,2,1,3,2,6,5,6,6,6,0,2,12,6,11,3,13,0,6
383,2262,422626.5,3813523.5,2022,2,1,3,1,5,5,6,6,6,0,2,12,6,11,3,6,17,3
367,2290,422710.5,3813571.5,2022,2,1,3,5,6,5,6,6,6,0,2,12,6,11,3,13,0,6
372,2330,422830.5,3813556.5,2022,2,1,3,5,6,5,6,6,6,0,2,12,6,11,3,13,0,6
384,2347,422881.5,3813520.5,2022,2,1,3,5,6,5,6,6,6,0,2,12,6,11,3,13,0,6
367,2398,423034.5,3813571.5,2022,2,1,0,2,1,0,1,6,6,0,2,12,6,11,3,13,0,6
385,2400,423040.5,3813517.5,2022,2,1,3,5,6,5,6,6,6,0,2,12,6,11,3,13,0,6
387,2458,423214.5,3813511.5,2022,2,1,3,5,6,5,6,6,6,0,2,12,6,11,3,13,0,6
375,2466,423238.5,3813547.5,2022,2,1,3,5,6,5,6,6,6,0,2,12,6,11,3,13,0,12
389,2503,423349.5,3813505.5,2022,2,1,3,5,6,5,6,6,6,0,2,12,6,11,3,13,0,6
386,2542,423466.5,3813514.5,2022,2,1,3,5,6,3,6,6,6,0,2,12,6,11,3,13,0,6
373,2552,423496.5,3813553.5,2022,2,1,3,5,6,5,6,6,6,0,2,12,6,11,3,13,0,6
383,2599,423637.5,3813523.5,2022,2,1,0,2,1,0,1,4,0,7,4,3,9,2,8,9,5,6
369,2639,423757.5,3813565.5,2022,2,1,0,2,1,0,1,4,6,0,2,12,6,11,3,13,0,6
380,2668,423844.5,3813532.5,2022,2,3,0,2,1,0,1,4,0,7,4,3,9,2,8,9,5,4
362,2692,423916.5,3813586.5,2022,2,1,0,2,1,0,1,4,0,7,4,3,9,2,8,9,5,6
360,2719,423997.5,3813592.5,2022,2,1,0,2,1,0,1,6,6,0,2,12,6,11,3,13,0,6
368,2744,424072.5,3813568.5,2022,2,1,0,2,1,0,1,6,6,0,2,12,6,11,3,13,0,6
368,2786,424198.5,3813568.5,2022,2,3,0,2,1,0,1,4,6,0,2,7,10,11,3,4,15,14
387,2796,424228.5,3813511.5,2022,2,3,0,2,1,0,1,4,0,7,4,3,9,2,8,4,15,14
378,2830,424330.5,3813538.5,2022,2,1,3,1,5,1,2,0,9,5,9,11,13,7,5,15,13,19
379,2869,424447.5,3813535.5,2022,2,3,0,2,1,0,1,4,0,7,4,3,9,2,8,9,5,4
361,2883,424489.5,3813589.5,2022,2,3,0,2,1,0,1,4,0,7,4,3,9,2,8,9,5,4
363,2926,424618.5,3813583.5,2022,2,3,0,2,1,0,1,4,0,0,4,7,10,1,0,4,15,14
380,2965,424735.5,3813532.5,2022,2,1,0,2,1,5,6,6,6,0,2,12,6,11,3,4,17,3
380,2984,424792.5,3813532.5,2022,2,3,0,2,1,0,1,4,0,7,4,3,9,2,8,9,5,4
378,3008,424864.5,3813538.5,2022,2,1,0,2,1,0,1,6,6,0,2,12,6,11,3,13,0,6
360,3033,424939.5,3813592.5,2022,2,1,3,1,5,5,6,6,6,0,2,12,6,11,3,6,17,3
387,3069,425047.5,3813511.5,2022,2,1,3,5,6,5,6,6,6,0,2,12,6,11,3,13,0,6
360,3174,425362.5,3813592.5,2022,2,1,3,5,6,5,6,6,6,0,2,12,6,11,3,13,0,6
402,18,415894.5,3813466.5,2022,1,2,2,0,0,6,4,2,7,6,8,6,8,8,10,3,8,8
403,47,415981.5,3813463.5,2022,1,2,2,0,0,6,4,2,7,6,8,6,8,8,10,3,8,8
399,68,416044.5,3813475.5,2022,1,2,2,0,0,1,4,2,7,6,8,6,8,8,10,3,8,8
413,99,416137.5,3813433.5,2022,1,2,2,0,0,1,4,2,7,6,8,6,8,8,10,3,8,8
402,149,416287.5,3813466.5,2022,1,2,2,0,0,1,4,2,7,6,8,6,8,8,10,3,8,8
404,169,416347.5,3813460.5,2022,1,2,2,1,5,1,2,0,7,6,8,11,13,7,6,15,11,0
396,200,416440.5,3813484.5,2022,1,2,2,0,0,1,4,2,7,6,8,6,8,8,10,3,8,8
419,237,416551.5,3813415.5,2022,1,2,2,1,5,1,2,0,9,5,9,11,13,7,6,15,11,0
409,244,416572.5,3813445.5,2022,1,2,2,0,0,1,4,2,7,6,8,11,13,7,6,15,11,0
395,294,416722.5,3813487.5,2022,1,2,2,0,0,1,4,2,7,6,8,6,8,7,6,15,11,0
402,309,416767.5,3813466.5,2022,1,2,2,1,5,1,2,0,1,5,9,11,13,7,6,15,11,0
406,359,416917.5,3813454.5,2022,0,3,4,3,3,4,3,0,9,2,6,11,13,7,5,2,13,19
399,379,416977.5,3813475.5,2022,1,2,2,1,5,1,2,0,1,5,9,11,13,7,6,15,11,0
410,398,417034.5,3813442.5,2022,1,2,2,0,0,1,4,2,7,6,8,6,8,8,6,3,11,0
410,436,417148.5,3813442.5,2022,1,2,2,0,0,1,2,0,7,6,8,11,13,7,6,15,11,0
414,453,417199.5,3813430.5,2022,1,2,2,1,5,1,2,0,1,5,9,11,13,7,6,15,11,0
391,498,417334.5,3813499.5,2022,0,3,4,3,3,4,3,0,10,2,6,5,2,1,0,8,2,2
411,510,417370.5,3813439.5,2022,1,2,2,1,5,1,2,0,1,5,9,11,13,1,6,8,2,2
393,559,417517.5,3813493.5,2022,0,3,4,1,5,1,2,0,1,5,9,11,13,7,6,15,2,2
406,581,417583.5,3813454.5,2022,1,2,2,1,5,1,2,0,1,5,9,11,13,7,6,15,11,0
397,625,417715.5,3813481.5,2022,0,3,4,1,5,4,2,0,1,5,9,11,13,1,0,8,2,2
408,656,417808.5,3813448.5,2022,0,3,4,3,3,4,3,7,10,2,6,5,2,5,11,2,10,5
400,677,417871.5,3813472.5,2022,0,3,4,3,3,4,2,0,9,1,12,11,13,7,5,11,13,19
401,702,417946.5,3813469.5,2022,0,3,4,3,3,4,3,7,10,2,11,5,2,12,11,11,10,5
417,722,418006.5,3813421.5,2022,0,3,4,3,3,4,3,7,10,2,6,5,2,5,11,2,10,5
398,759,418117.5,3813478.5,2022,1,2,2,0,0,1,2,0,9,1,12,0,4,10,5,5,13,19
403,799,418237.5,3813463.5,2022,0,3,4,1,5,1,2,0,9,1,12,11,13,7,5,11,13,19
395,815,418285.5,3813487.5,2022,0,3,4,3,3,1,2,0,9,1,12,11,13,7,5,15,13,19
406,851,418393.5,3813454.5,2022,1,0,1,4,4,2,5,9,9,1,12,0,4,10,16,5,1,11
418,898,418534.5,3813418.5,2022,1,2,2,0,0,1,4,2,7,6,8,6,8,8,10,3,11,0
406,916,418588.5,3813454.5,2022,1,2,2,0,0,1,4,2,7,6,8,6,8,8,10,3,8,8
406,933,418639.5,3813454.5,2022,1,2,2,0,0,1,4,2,7,6,8,6,8,8,10,3,8,8
403,988,418804.5,3813463.5,2022,0,0,4,3,3,2,5,9,4,10,0,9,7,3,9,10,4,1
401,1008,418864.5,3813469.5,2022,1,0,1,4,4,2,5,8,4,9,3,4,14,9,1,7,3,7
393,1030,418930.5,3813493.5,2022,1,2,2,0,0,1,4,2,7,6,8,6,8,8,10,3,8,8
408,1078,419074.5,3813448.5,2022,1,2,2,0,0,1,4,2,7,6,8,13,11,4,12,12,6,17
417,1095,419125.5,3813421.5,2022,1,0,1,1,5,2,2,8,1,5,9,13,11,4,12,12,6,17
411,1134,419242.5,3813439.5,2022,0,0,4,1,5,2,5,9,4,10,11,9,7,12,7,11,14,16
405,1168,419344.5,3813457.5,2022,1,0,1,1,5,1,2,0,9,1,12,0,4,10,5,5,13,19
411,1174,419362.5,3813439.5,2022,0,0,4,3,3,4,2,0,9,1,12,11,7,12,5,11,13,19
417,1223,419509.5,3813421.5,2022,0,0,4,1,5,5,2,0,1,5,9,7,10,1,0,8,2,2
418,1252,419596.5,3813418.5,2022,1,2,2,0,0,1,4,0,7,6,8,11,13,7,6,15,11,0
395,1269,419647.5,3813487.5,2022,1,2,2,1,5,1,2,0,9,5,9,11,13,7,6,15,11,0
391,1318,419794.5,3813499.5,2022,0,0,1,1,5,2,2,0,1,5,9,13,11,1,0,8,2,2
401,1325,419815.5,3813469.5,2022,0,0,1,4,4,2,5,9,4,10,11,9,7,12,7,11,14,16
404,1365,419935.5,3813460.5,2022,0,3,4,3,3,4,3,7,10,10,11,9,7,12,7,11,14,16
407,1400,420040.5,3813451.5,2022,0,3,4,3,3,4,3,7,10,2,6,9,7,3,9,10,4,1
390,1438,420154.5,3813502.5,2022,0,3,4,3,3,4,3,7,10,2,6,5,2,5,11,2,10,5
399,1447,420181.5,3813475.5,2022,0,3,4,3,3,4,3,7,10,2,11,5,2,12,11,11,10,5
392,1499,420337.5,3813496.5,2022,0,3,4,1,3,4,2,0,1,5,9,11,13,1,0,8,2,2
418,1517,420391.5,3813418.5,2022,1,2,2,1,5,1,2,0,1,5,9,11,13,7,6,15,2,2
405,1559,420517.5,3813457.5,2022,0,3,4,1,5,4,2,0,1,5,9,11,10,1,0,8,2,2
400,1566,420538.5,3813472.5,2022,1,0,1,1,5,1,2,0,1,5,9,13,11,1,0,8,2,2
399,1613,420679.5,3813475.5,2022,1,2,2,1,5,1,2,0,1,5,9,11,13,7,6,15,11,0
390,1633,420739.5,3813502.5,2022,1,2,2,1,5,1,2,0,1,5,9,13,11,1,6,8,2,2
400,1653,420799.5,3813472.5,2022,0,0,4,1,5,2,2,0,1,5,9,7,10,1,0,8,2,2
418,1686,420898.5,3813418.5,2022,0,2,2,1,5,1,2,0,1,5,9,11,13,7,6,8,2,2
400,1727,421021.5,3813472.5,2022,1,2,2,0,0,1,4,2,7,6,8,13,11,4,12,12,6,17
415,1753,421099.5,3813427.5,2022,1,2,2,1,5,1,2,0,1,5,9,11,13,7,6,15,11,0
395,1789,421207.5,3813487.5,2022,1,2,2,0,0,1,4,2,7,6,8,6,8,8,6,3,11,0
392,1816,421288.5,3813496.5,2022,1,2,2,1,5,1,2,0,1,5,9,13,11,4,6,8,11,0
398,1832,421336.5,3813478.5,2022,1,2,2,1,5,1,2,0,1,5,9,11,13,7,6,8,11,0
403,1881,421483.5,3813463.5,2022,0,3,4,1,5,4,2,0,1,5,9,7,10,1,0,8,2,2
401,1906,421558.5,3813469.5,2022,0,3,4,1,5,4,2,0,1,5,9,7,10,1,0,8,2,2
401,1937,421651.5,3813469.5,2022,0,0,4,1,5,2,2,0,1,5,9,13,10,1,0,8,2,2
408,2001,421843.5,3813448.5,2022,0,3,4,1,5,4,2,0,1,5,9,7,10,1,0,8,2,2
391,2025,421915.5,3813499.5,2022,0,3,4,1,5,4,2,0,1,5,9,7,10,1,0,8,2,2
405,2050,421990.5,3813457.5,2022,2,3,0,2,1,0,1,4,0,0,4,7,10,1,0,4,15,14
408,2074,422062.5,3813448.5,2022,0,3,4,1,5,4,3,0,1,5,9,7,10,1,0,8,2,2
407,2115,422185.5,3813451.5,2022,2,1,3,1,5,5,2,0,1,5,9,7,10,1,0,6,17,3
397,2150,422290.5,3813481.5,2022,2,1,3,1,5,5,2,0,6,0,2,11,13,7,3,15,17,6
402,2164,422332.5,3813466.5,2022,2,3,0,2,1,0,1,4,0,7,4,3,9,2,8,4,15,14
391,2212,422476.5,3813499.5,2022,2,1,3,2,6,5,6,6,6,0,2,12,6,11,3,13,17,6
399,2221,422503.5,3813475.5,2022,2,1,3,5,6,5,6,6,6,0,2,12,6,11,3,13,0,6
391,2279,422677.5,3813499.5,2022,2,1,3,5,6,5,6,6,6,0,2,12,6,11,3,13,0,6
397,2287,422701.5,3813481.5,2022,2,1,3,5,6,3,7,1,8,3,1,8,1,6,2,1,7,18
398,2333,422839.5,3813478.5,2022,2,1,3,5,6,5,6,6,6,0,2,12,6,11,3,13,0,6
414,2343,422869.5,3813430.5,2022,2,1,3,5,6,5,6,6,6,0,2,12,6,11,3,13,17,3
413,2392,423016.5,3813433.5,2022,2,1,3,5,6,3,6,6,6,0,2,12,6,11,3,13,0,6
403,2407,423061.5,3813463.5,2022,2,1,3,5,6,3,7,1,8,3,7,8,5,13,13,17,9,10
402,2439,423157.5,3813466.5,2022,2,1,3,5,6,5,6,6,6,0,2,12,6,11,3,13,0,6
396,2485,423295.5,3813484.5,2022,2,1,3,5,6,5,6,6,6,0,2,12,6,11,3,13,0,6
405,2519,423397.5,3813457.5,2022,2,1,3,5,6,5,6,6,6,0,2,12,6,11,3,13,0,6
415,2534,423442.5,3813427.5,2022,2,1,3,1,5,5,6,6,6,0,2,7,10,11,3,6,17,3
414,2576,423568.5,3813430.5,2022,2,1,3,5,6,5,6,6,6,0,2,12,6,11,3,13,0,6
418,2589,423607.5,3813418.5,2022,2,1,0,2,1,0,1,6,6,0,2,12,6,11,3,13,0,6
404,2619,423697.5,3813460.5,2022,2,1,0,2,1,0,1,4,0,7,4,3,9,2,8,9,5,4
411,2663,423829.5,3813439.5,2022,2,1,3,5,6,3,7,1,8,3,7,8,1,6,2,1,7,18
406,2670,423850.5,3813454.5,2022,2,1,0,2,1,0,1,6,6,0,2,12,6,11,3,13,0,6
394,2718,423994.5,3813490.5,2022,2,1,0,2,1,0,1,4,0,7,4,3,9,2,8,13,5,6
394,2734,424042.5,3813490.5,2022,2,1,3,5,6,5,6,6,6,0,2,12,6,11,3,13,0,6
419,2776,424168.5,3813415.5,2022,2,3,0,2,1,0,1,4,0,7,4,3,9,2,8,9,5,4
410,2791,424213.5,3813442.5,2022,2,3,0,2,1,0,1,4,0,7,4,3,9,2,8,9,5,4
411,2840,424360.5,3813439.5,2022,2,3,0,2,1,0,1,4,0,7,4,3,9,2,8,9,5,4
408,2869,424447.5,3813448.5,2022,2,3,0,2,1,0,1,4,0,0,4,3,9,2,8,4,15,14
412,2880,424480.5,3813436.5,2022,2,3,0,2,1,0,1,4,0,7,4,3,9,2,8,4,15,14
391,2928,424624.5,3813499.5,2022,2,1,0,2,1,0,1,6,6,0,2,12,10,11,3,4,15,14
402,2958,424714.5,3813466.5,2022,2,1,3,1,5,5,6,6,6,0,2,7,10,1,0,6,17,3
413,2987,424801.5,3813433.5,2022,2,1,3,5,6,5,6,6,6,0,2,12,6,11,3,13,0,6
416,3012,424876.5,3813424.5,2022,2,1,0,2,1,5,6,6,6,0,2,12,6,11,3,13,0,6
416,3057,425011.5,3813424.5,2022,2,1,3,5,6,3,6,6,6,0,2,12,6,11,3,13,0,12
419,3067,425041.5,3813415.5,2022,2,1,0,2,1,0,1,6,6,0,2,12,6,11,3,13,0,6
390,3125,425215.5,3813502.5,2022,2,1,3,5,6,5,6,6,6,0,2,12,6,11,3,13,17,6
447,12,415876.5,3813331.5,2022,1,2,2,0,0,1,4,2,7,6,8,6,8,8,10,3,8,8
445,31,415933.5,3813337.5,2022,1,2,2,0,0,1,4,2,7,6,8,6,8,8,10,3,8,8
434,60,416020.5,3813370.5,2022,1,2,2,0,0,1,4,2,7,6,8,6,8,8,10,3,8,8
421,116,416188.5,3813409.5,2022,1,2,2,0,0,1,4,2,7,6,8,6,8,8,10,3,8,8
429,133,416239.5,3813385.5,2022,1,2,2,0,0,1,4,2,7,6,8,6,8,8,6,3,11,0
425,158,416314.5,3813397.5,2022,1,2,2,0,0,1,4,2,7,6,8,6,8,8,10,3,11,0
440,199,416437.5,3813352.5,2022,1,2,2,0,0,1,4,2,7,6,8,6,8,8,10,3,8,8
422,233,416539.5,3813406.5,2022,1,2,2,0,0,1,4,2,7,6,8,6,8,8,6,3,11,0
440,247,416581.5,3813352.5,2022,1,2,2,0,0,1,4,2,7,6,8,6,8,8,10,3,8,8
436,292,416716.5,3813364.5,2022,1,2,2,0,0,1,4,2,7,6,8,6,8,8,6,3,11,0
444,304,416752.5,3813340.5,2022,0,2,4,1,5,1,2,0,1,5,9,11,13,7,6,8,2,2
440,342,416866.5,3813352.5,2022,0,3,4,1,5,4,2,0,1,5,9,7,10,1,0,8,2,2
448,381,416983.5,3813328.5,2022,1,2,2,0,0,1,4,2,7,6,8,6,8,7,6,15,11,0
445,395,417025.5,3813337.5,2022,0,3,4,1,5,1,2,0,9,5,9,11,13,7,6,15,11,0
431,441,417163.5,3813379.5,2022,0,3,4,1,5,1,2,0,1,5,9,11,13,7,6,15,2,2
430,465,417235.5,3813382.5,2022,0,3,4,1,3,4,2,0,1,5,9,11,13,1,0,8,2,2
435,507,417361.5,3813367.5,2022,0,2,4,1,5,1,2,0,1,5,9,11,13,7,6,15,2,2
421,532,417436.5,3813409.5,2022,0,3,4,1,5,4,2,0,1,5,9,11,13,7,0,8,2,2
437,548,417484.5,3813361.5,2022,0,3,4,1,5,4,2,0,1,5,9,7,10,1,0,8,2,2
430,594,417622.5,3813382.5,2022,0,3,4,3,3,4,3,7,10,2,6,5,2,5,11,2,10,5
441,601,417643.5,3813349.5,2022,0,3,4,3,3,4,3,7,10,2,6,5,2,5,11,2,2,2
439,657,417811.5,3813355.5,2022,0,3,4,1,5,1,2,0,1,5,9,7,10,1,0,8,2,2
446,687,417901.5,3813334.5,2022,0,3,4,1,5,4,2,0,1,5,9,11,10,1,0,8,2,2
421,697,417931.5,3813409.5,2022,0,3,4,3,3,4,3,7,10,2,11,5,2,12,7,11,13,19
433,740,418060.5,3813373.5,2022,0,3,4,3,3,4,3,7,10,2,11,5,2,12,7,11,10,16
421,757,418111.5,3813409.5,2022,1,2,2,0,0,1,4,2,9,1,12,0,4,10,5,5,1,11
449,808,418264.5,3813325.5,2022,0,3,4,3,3,4,3,7,10,2,6,5,2,5,11,2,10,5
438,818,418294.5,3813358.5,2022,0,3,4,1,5,4,2,0,1,5,9,11,13,1,0,8,2,2
444,854,418402.5,3813340.5,2022,1,2,2,0,0,1,4,2,7,6,8,6,8,8,10,3,8,8
424,872,418456.5,3813400.5,2022,0,2,4,1,5,1,2,0,1,5,9,11,13,7,6,8,2,2
437,901,418543.5,3813361.5,2022,1,2,2,0,0,1,4,2,7,6,8,6,8,7,6,15,11,0
425,935,418645.5,3813397.5,2022,0,3,4,3,3,4,3,7,10,10,11,9,7,12,7,11,14,16
435,981,418783.5,3813367.5,2022,1,2,2,0,0,1,4,2,7,6,8,6,8,8,10,3,8,8
432,1001,418843.5,3813376.5,2022,1,2,2,0,0,1,4,2,7,6,8,13,11,4,12,12,6,17
437,1028,418924.5,3813361.5,2022,1,0,1,4,4,2,2,8,1,5,3,13,11,4,12,12,6,17
425,1055,419005.5,3813397.5,2022,1,0,1,4,4,2,5,9,9,1,12,0,4,10,16,5,14,16
423,1107,419161.5,3813403.5,2022,0,0,4,1,4,2,5,9,4,10,11,9,7,12,7,11,14,16
427,1126,419218.5,3813391.5,2022,0,3,4,3,3,4,3,7,10,2,6,5,7,5,11,11,10,5
434,1163,419329.5,3813370.5,2022,0,0,4,1,5,2,2,0,1,5,9,7,10,1,0,8,2,2
441,1171,419353.5,3813349.5,2022,0,3,4,3,3,4,3,7,10,10,6,9,7,5,11,11,10,5
427,1227,419521.5,3813391.5,2022,0,0,4,3,3,4,5,9,4,10,11,9,7,12,7,11,14,16
436,1237,419551.5,3813364.5,2022,1,2,2,1,5,1,2,0,9,5,9,11,13,7,6,15,11,0
449,1272,419656.5,3813325.5,2022,0,0,1,4,4,2,5,9,4,10,11,9,7,12,7,11,14,16
438,1300,419740.5,3813358.5,2022,0,0,1,1,4,2,5,9,4,10,11,9,7,12,7,11,14,16
432,1347,419881.5,3813376.5,2022,0,0,4,3,4,2,5,9,4,10,11,9,7,12,7,11,14,16
443,1377,419971.5,3813343.5,2022,0,0,4,3,3,2,5,9,9,10,11,9,7,12,7,11,14,16
424,1390,420010.5,3813400.5,2022,0,3,4,3,3,4,3,7,10,10,11,9,7,12,7,11,4,16
423,1416,420088.5,3813403.5,2022,0,2,4,1,5,1,2,0,1,5,9,11,13,7,6,8,2,2
422,1441,420163.5,3813406.5,2022,1,2,2,1,5,1,2,0,1,5,9,11,11,7,6,15,11,0
441,1499,420337.5,3813349.5,2022,0,3,4,1,5,4,2,0,1,5,9,7,10,1,0,8,2,2
440,1508,420364.5,3813352.5,2022,0,3,4,1,5,4,2,0,1,5,9,11,10,1,0,8,2,2
437,1555,420505.5,3813361.5,2022,0,3,4,1,5,4,2,0,1,5,9,7,10,1,0,8,2,2
423,1580,420580.5,3813403.5,2022,1,2,2,1,5,1,2,0,1,5,9,11,13,7,6,15,11,0
426,1609,420667.5,3813394.5,2022,1,2,2,1,5,1,2,0,1,5,9,11,11,7,6,8,11,0
428,1639,420757.5,3813388.5,2022,0,3,4,1,5,1,2,0,1,5,9,11,13,7,6,8,2,2
435,1660,420820.5,3813367.5,2022,2,3,4,1,5,1,2,0,1,5,9,11,13,1,0,8,2,2
431,1692,420916.5,3813379.5,2022,0,0,1,1,5,2,2,8,1,5,9,13,11,1,0,8,2,2
438,1725,421015.5,3813358.5,2022,1,2,2,0,0,1,4,2,7,6,8,6,8,7,6,15,11,0
430,1750,421090.5,3813382.5,2022,1,2,2,0,0,1,4,2,7,6,8,11,13,7,6,15,11,0
441,1771,421153.5,3813349.5,2022,1,2,2,0,0,1,4,2,7,6,8,11,13,7,6,15,11,0
433,1812,421276.5,3813373.5,2022,1,2,2,1,5,1,2,0,1,5,9,11,13,7,6,15,11,0
438,1850,421390.5,3813358.5,2022,0,3,4,1,5,4,2,0,1,5,9,7,10,1,0,8,2,2
443,1879,421477.5,3813343.5,2022,0,3,4,1,5,4,2,0,1,5,9,7,10,1,0,8,2,2
439,1910,421570.5,3813355.5,2022,0,3,4,1,5,4,2,0,1,5,9,7,10,1,0,8,2,2
432,1921,421603.5,3813376.5,2022,0,3,4,3,3,4,3,7,1,5,9,7,10,1,0,8,2,2
420,2001,421843.5,3813412.5,2022,0,3,4,1,5,4,2,0,1,5,9,7,10,1,0,8,2,2
449,2032,421936.5,3813325.5,2022,0,3,4,1,5,4,2,0,1,5,9,7,10,1,0,8,2,2
425,2068,422044.5,3813397.5,2022,0,3,4,1,5,4,2,0,1,5,9,7,10,1,0,8,2,2
431,2094,422122.5,3813379.5,2022,0,3,4,3,3,4,3,7,10,2,6,5,10,5,11,4,15,14
431,2100,422140.5,3813379.5,2022,0,3,4,1,5,4,2,0,1,5,9,7,10,1,0,8,2,2
421,2140,422260.5,3813409.5,2022,2,1,3,1,5,5,2,0,1,5,9,7,10,1,0,6,17,3
436,2162,422326.5,3813364.5,2022,2,1,3,1,5,5,2,0,1,5,9,7,10,1,0,6,17,3
445,2213,422479.5,3813337.5,2022,2,1,0,2,1,0,1,4,0,7,4,3,9,2,8,9,5,6
444,2224,422512.5,3813340.5,2022,2,1,0,2,1,0,1,4,6,0,2,12,6,11,3,13,0,6
449,2255,422605.5,3813325.5,2022,2,1,3,5,6,5,6,6,6,0,2,12,6,11,3,13,0,6
443,2295,422725.5,3813343.5,2022,2,1,3,5,6,5,6,6,6,0,2,12,6,11,3,13,0,6
432,2328,422824.5,3813376.5,2022,2,1,3,5,6,5,6,6,6,0,2,12,6,11,3,13,0,6
447,2344,422872.5,3813331.5,2022,2,1,3,2,1,5,6,6,6,0,2,12,6,11,3,13,17,6
422,2399,423037.5,3813406.5,2022,2,1,3,5,6,5,6,6,6,0,2,12,6,11,3,13,0,6
429,2409,423067.5,3813385.5,2022,2,1,3,5,6,5,6,6,6,0,2,12,6,11,3,13,0,6
422,2445,423175.5,3813406.5,2022,2,1,3,5,6,5,6,6,6,0,2,12,6,11,3,13,0,6
443,2475,423265.5,3813343.5,2022,2,1,3,5,6,5,6,6,3,11,2,2,1,0,3,6,0,12
429,2492,423316.5,3813385.5,2022,2,1,3,5,6,5,6,6,6,0,2,12,6,11,3,13,0,6
424,2548,423484.5,3813400.5,2022,2,1,3,5,6,5,6,6,6,0,2,12,6,11,3,13,0,6
427,2560,423520.5,3813391.5,2022,2,1,3,5,6,5,6,6,6,0,2,12,6,11,3,13,0,6
436,2591,423613.5,3813364.5,2022,2,1,3,5,6,5,6,6,6,0,2,12,6,11,3,13,0,6
432,2631,423733.5,3813376.5,2022,2,1,3,5,6,3,6,6,6,0,2,12,6,11,3,13,0,6
440,2644,423772.5,3813352.5,2022,2,1,0,2,1,0,1,6,6,0,2,12,6,11,3,13,0,6
433,2672,423856.5,3813373.5,2022,2,1,3,5,6,5,6,6,6,0,2,12,6,11,3,13,0,6
435,2705,423955.5,3813367.5,2022,2,1,3,5,6,5,6,6,6,0,2,12,6,11,3,13,0,12
440,2735,424045.5,3813352.5,2022,2,1,3,5,6,5,6,6,6,0,2,12,6,11,3,13,0,6
431,2778,424174.5,3813379.5,2022,2,1,0,2,1,5,6,6,6,0,2,12,6,11,3,13,0,6
446,2819,424297.5,3813334.5,2022,2,3,0,2,1,0,1,4,0,7,11,7,10,2,8,4,15,14
442,2846,424378.5,3813346.5,2022,2,3,0,2,1,0,1,4,0,7,4,3,9,2,8,9,5,4
421,2873,424459.5,3813409.5,2022,2,3,0,2,1,0,1,4,0,7,4,3,9,2,8,4,15,14
422,2885,424495.5,3813406.5,2022,2,3,0,2,1,0,1,4,0,7,4,3,9,2,8,4,15,14
422,2939,424657.5,3813406.5,2022,2,1,0,2,1,0,1,6,6,0,2,12,6,11,3,13,0,6
446,2941,424663.5,3813334.5,2022,2,1,0,2,1,0,1,6,6,0,2,12,6,11,3,13,0,6
431,2987,424801.5,3813379.5,2022,2,3,0,2,1,0,1,4,0,7,4,3,9,2,8,4,15,14
448,3001,424843.5,3813328.5,2022,2,1,0,2,1,5,6,6,6,0,2,12,6,11,3,4,17,3
421,3045,424975.5,3813409.5,2022,2,1,3,5,6,5,6,6,6,0,2,12,6,11,3,13,0,6
420,3064,425032.5,3813412.5,2022,2,1,3,5,6,5,6,6,6,0,2,12,6,11,3,13,0,6
448,3103,425149.5,3813328.5,2022,2,1,3,5,6,5,6,6,6,0,2,12,6,11,3,13,0,6
449,3124,425212.5,3813325.5,2022,2,1,0,2,1,0,1,4,6,0,2,12,6,11,3,13,0,6
470,8,415864.5,3813262.5,2022,1,2,2,1,5,1,2,0,1,5,9,11,13,7,6,15,11,0
479,54,416002.5,3813235.5,2022,0,3,4,1,5,1,2,0,9,5,9,11,13,7,5,15,2,2
453,77,416071.5,3813313.5,2022,1,2,2,0,0,6,4,2,7,6,8,6,8,8,10,3,8,8
478,109,416167.5,3813238.5,2022,1,2,2,0,0,1,4,2,7,6,8,6,8,8,10,3,8,8
475,147,416281.5,3813247.5,2022,1,2,2,0,0,6,4,2,7,6,8,6,8,8,10,3,8,8
473,169,416347.5,3813253.5,2022,1,2,2,0,0,1,4,2,7,6,8,6,8,8,10,3,8,8
465,204,416452.5,3813277.5,2022,1,2,2,0,0,1,4,2,7,6,8,6,8,8,10,3,8,8
467,226,416518.5,3813271.5,2022,0,3,4,1,5,4,2,0,1,5,9,11,13,1,0,8,2,2
474,248,416584.5,3813250.5,2022,1,2,2,0,0,1,4,2,7,6,8,11,13,7,6,15,11,0
460,299,416737.5,3813292.5,2022,1,2,2,0,0,1,4,2,7,6,8,6,8,8,6,3,11,0
459,323,416809.5,3813295.5,2022,1,2,2,1,5,1,2,0,9,1,12,11,13,7,6,15,11,0
468,352,416896.5,3813268.5,2022,1,2,2,0,0,1,4,2,7,6,8,6,8,8,10,3,11,0
463,379,416977.5,3813283.5,2022,1,2,2,0,0,1,4,2,7,6,8,6,8,8,6,3,11,0
459,390,417010.5,3813295.5,2022,1,2,2,0,0,1,4,2,7,6,8,11,13,7,6,15,11,0
476,432,417136.5,3813244.5,2022,0,2,2,1,5,1,2,0,1,5,9,11,13,7,6,15,11,0
474,463,417229.5,3813250.5,2022,1,2,2,0,0,1,4,2,7,6,8,11,8,7,6,15,11,0
468,483,417289.5,3813268.5,2022,1,2,2,0,0,1,4,2,7,6,8,11,13,7,6,15,11,0
459,534,417442.5,3813295.5,2022,0,3,4,1,5,4,2,0,1,5,9,11,13,1,0,8,2,2
459,553,417499.5,3813295.5,2022,0,3,4,1,5,4,2,0,10,2,9,11,13,7,5,15,13,19
474,590,417610.5,3813250.5,2022,0,3,4,1,5,1,2,0,1,5,9,11,13,7,0,8,2,2
457,627,417721.5,3813301.5,2022,0,3,4,3,3,4,3,7,10,2,6,5,2,5,11,2,10,5
462,641,417763.5,3813286.5,2022,0,3,4,3,3,4,3,7,10,2,6,5,2,5,5,2,13,19
470,673,417859.5,3813262.5,2022,0,3,4,1,5,4,2,0,1,5,9,7,10,1,0,8,2,2
469,705,417955.5,3813265.5,2022,0,3,4,3,3,4,3,7,10,2,6,5,2,5,11,2,10,5
479,733,418039.5,3813235.5,2022,0,3,4,3,3,4,3,7,10,2,6,5,2,5,11,2,10,5
477,760,418120.5,3813241.5,2022,0,3,4,3,3,4,3,7,10,10,11,9,7,12,7,11,14,16
466,804,418252.5,3813274.5,2022,0,3,4,3,3,4,3,7,10,2,6,5,2,5,11,2,10,5
466,814,418282.5,3813274.5,2022,0,3,4,3,3,4,3,7,10,2,6,5,2,5,11,2,10,5
456,844,418372.5,3813304.5,2022,0,2,2,1,5,1,2,0,9,5,9,11,13,7,6,15,11,0
452,893,418519.5,3813316.5,2022,1,2,2,0,0,1,4,2,7,6,8,11,13,7,6,15,11,0
464,929,418627.5,3813280.5,2022,1,2,2,0,0,1,2,0,7,6,9,11,13,7,6,15,11,0
458,951,418693.5,3813298.5,2022,1,2,2,0,0,1,4,2,7,6,8,6,8,8,6,12,11,0
469,965,418735.5,3813265.5,2022,1,2,2,0,0,1,4,2,7,6,8,6,8,8,10,3,8,8
473,1002,418846.5,3813253.5,2022,1,2,2,0,0,1,4,0,9,1,12,0,4,10,16,5,1,11
472,1039,418957.5,3813256.5,2022,1,2,2,0,0,1,4,2,9,1,12,0,4,10,16,5,1,11
463,1058,419014.5,3813283.5,2022,1,2,2,0,0,6,4,2,7,6,8,6,8,8,10,3,8,8
475,1092,419116.5,3813247.5,2022,1,2,2,0,0,1,4,2,7,6,8,11,13,7,6,15,11,0
469,1122,419206.5,3813265.5,2022,1,2,2,0,0,1,4,2,7,6,8,6,8,8,10,3,8,8
459,1152,419296.5,3813295.5,2022,0,3,4,1,5,1,2,0,1,5,9,7,10,1,0,8,2,2
452,1186,419398.5,3813316.5,2022,0,3,4,3,3,4,3,7,10,2,6,5,2,5,11,2,10,5
475,1207,419461.5,3813247.5,2022,0,3,4,3,3,4,3,7,10,2,6,5,2,5,11,2,10,5
456,1239,419557.5,3813304.5,2022,1,2,2,1,5,1,2,0,1,5,9,13,11,4,6,12,11,0
464,1262,419626.5,3813280.5,2022,1,2,2,0,0,1,4,2,7,6,8,6,8,8,10,3,8,8
457,1317,419791.5,3813301.5,2022,0,3,4,3,3,4,3,9,10,10,11,9,7,12,7,11,14,16
452,1331,419833.5,3813316.5,2022,0,3,4,3,3,4,3,7,10,10,11,9,7,12,7,11,4,16
457,1368,419944.5,3813301.5,2022,1,2,2,0,0,1,4,2,9,1,12,0,4,10,16,5,1,11
471,1380,419980.5,3813259.5,2022,0,3,4,3,3,4,3,7,10,10,6,9,7,3,9,10,4,1
465,1495,420325.5,3813277.5,2022,0,3,4,3,3,4,3,7,10,2,6,5,2,5,11,2,10,5
457,1505,420355.5,3813301.5,2022,0,3,4,3,3,4,3,7,10,2,6,5,10,1,0,8,2,2
457,1557,420511.5,3813301.5,2022,0,3,4,1,5,4,2,0,1,5,9,7,10,1,0,8,2,2
450,1571,420553.5,3813322.5,2022,0,0,4,1,5,4,2,0,1,5,9,7,10,1,0,8,2,2
452,1593,420619.5,3813316.5,2022,1,2,2,0,0,1,4,0,7,6,8,11,13,7,6,15,11,0
472,1646,420778.5,3813256.5,2022,1,2,2,1,5,1,2,0,1,5,9,13,11,4,6,12,11,0
454,1672,420856.5,3813310.5,2022,0,3,4,3,3,4,3,7,10,2,6,5,2,5,11,2,10,5
470,1691,420913.5,3813262.5,2022,2,3,4,1,5,1,2,0,1,5,9,11,13,1,0,8,2,2
465,1734,421042.5,3813277.5,2022,1,2,2,0,0,1,4,2,7,6,8,6,8,8,6,3,11,0
468,1757,421111.5,3813268.5,2022,1,2,2,0,0,1,4,2,7,6,8,6,8,8,6,15,11,0
452,1790,421210.5,3813316.5,2022,1,2,2,0,0,1,4,2,7,6,8,6,8,8,10,3,8,8
458,1801,421243.5,3813298.5,2022,1,2,2,0,0,1,4,2,7,6,8,11,13,7,6,15,11,0
464,1848,421384.5,3813280.5,2022,0,0,4,1,5,5,2,0,1,5,9,7,10,1,0,8,2,2
473,1869,421447.5,3813253.5,2022,0,3,4,1,5,4,2,0,1,5,9,7,10,1,0,8,2,2
468,1898,421534.5,3813268.5,2022,0,3,4,1,5,5,2,0,1,5,9,7,10,1,0,8,2,2
475,1922,421606.5,3813247.5,2022,0,3,4,1,5,4,2,0,1,5,9,7,10,1,0,8,2,2
462,2006,421858.5,3813286.5,2022,0,3,4,1,5,4,2,0,1,5,9,7,10,1,0,8,2,2
452,2034,421942.5,3813316.5,2022,0,3,4,1,5,4,2,0,1,5,9,7,10,1,0,8,2,2
475,2048,421984.5,3813247.5,2022,0,3,4,3,3,4,3,7,10,2,6,5,2,5,11,2,10,5
474,2094,422122.5,3813250.5,2022,0,3,4,3,3,4,3,7,10,10,11,9,7,12,7,11,14,16
453,2101,422143.5,3813313.5,2022,2,3,4,1,5,5,2,0,1,5,11,7,10,1,0,4,15,14
464,2154,422302.5,3813280.5,2022,2,3,4,1,5,5,2,0,1,5,9,7,10,1,0,8,2,2
454,2175,422365.5,3813310.5,2022,2,3,0,1,5,5,2,0,1,5,9,7,10,1,0,8,17,3
465,2212,422476.5,3813277.5,2022,1,2,2,0,0,1,4,2,7,6,8,11,8,6,2,15,7,18
459,2241,422563.5,3813295.5,2022,2,1,0,2,1,0,1,6,6,0,2,12,6,11,3,13,0,6
458,2255,422605.5,3813298.5,2022,2,1,0,2,1,0,1,6,6,0,2,12,6,11,3,13,0,6
458,2300,422740.5,3813298.5,2022,2,1,0,2,1,5,1,6,6,0,2,12,6,11,3,13,0,6
478,2310,422770.5,3813238.5,2022,2,1,3,5,6,5,6,6,6,0,2,12,6,11,3,13,0,6
472,2343,422869.5,3813256.5,2022,2,1,3,1,6,5,6,6,6,0,2,12,6,11,3,13,17,6
478,2375,422965.5,3813238.5,2022,2,1,0,2,1,0,1,4,0,7,4,3,9,2,8,9,5,6
475,2429,423127.5,3813247.5,2022,2,1,3,5,6,5,6,6,3,11,2,2,1,0,4,6,17,12
457,2459,423217.5,3813301.5,2022,2,1,3,5,6,5,6,6,6,0,2,12,6,11,3,13,0,3
479,2474,423262.5,3813235.5,2022,1,1,3,1,5,5,2,8,3,11,1,2,1,0,4,6,17,3
472,2515,423385.5,3813256.5,2022,2,3,0,2,1,0,1,4,0,7,4,3,9,2,8,4,15,14
471,2541,423463.5,3813259.5,2022,2,1,0,2,1,5,6,6,6,0,2,12,6,11,3,4,15,14
470,2557,423511.5,3813262.5,2022,2,1,3,5,6,5,6,6,6,0,2,12,6,11,3,6,17,3
463,2608,423664.5,3813283.5,2022,2,1,0,2,1,0,1,6,6,0,2,12,6,11,3,13,0,6
450,2625,423715.5,3813322.5,2022,2,1,0,2,1,0,1,6,6,0,2,12,6,11,3,13,0,6
463,2659,423817.5,3813283.5,2022,2,1,0,2,1,0,1,4,0,0,4,12,6,11,3,13,0,6
474,2698,423934.5,3813250.5,2022,2,1,0,2,1,5,6,6,6,0,2,12,6,11,3,13,0,6
466,2729,424027.5,3813274.5,2022,2,1,3,2,6,5,6,6,6,0,2,12,6,11,3,13,0,6
477,2751,424093.5,3813241.5,2022,2,1,3,5,6,5,6,6,6,0,2,12,6,11,3,13,0,6
478,2772,424156.5,3813238.5,2022,2,1,0,2,1,5,1,6,6,0,2,12,6,11,3,13,0,6
464,2810,424270.5,3813280.5,2022,2,3,0,2,1,0,1,4,0,7,4,3,9,2,8,9,5,4
452,2828,424324.5,3813316.5,2022,2,3,0,2,1,0,1,4,0,7,4,3,9,2,8,9,5,4
478,2864,424432.5,3813238.5,2022,2,3,0,2,1,0,1,4,0,7,4,3,9,2,8,9,5,4
460,2899,424537.5,3813292.5,2022,2,3,0,2,1,0,1,4,0,7,4,3,9,2,8,4,15,14
451,2939,424657.5,3813319.5,2022,2,1,0,2,1,0,1,4,6,0,2,12,6,11,3,13,0,6
460,2947,424681.5,3813292.5,2022,2,1,0,2,1,0,1,4,6,0,4,12,6,11,3,4,15,6
451,2979,424777.5,3813319.5,2022,2,3,0,2,1,0,1,4,0,7,4,3,9,2,8,4,15,14
463,3002,424846.5,3813283.5,2022,2,1,3,5,6,5,6,6,6,0,2,12,6,11,3,6,17,3
460,3032,424936.5,3813292.5,2022,2,1,0,2,1,0,1,6,6,0,2,12,6,11,3,13,0,6
467,3062,425026.5,3813271.5,2022,2,1,3,5,6,5,6,6,6,0,2,12,6,11,3,13,0,12
451,3107,425161.5,3813319.5,2022,2,1,0,2,1,0,1,4,6,0,2,12,6,11,3,13,0,6
477,3170,425350.5,3813241.5,2022,2,1,3,5,6,5,6,6,6,0,2,12,6,11,3,13,17,6
496,27,415921.5,3813184.5,2022,1,2,2,0,0,1,4,2,7,6,8,6,8,8,6,3,11,0
500,55,416005.5,3813172.5,2022,1,2,2,0,0,1,4,2,7,6,8,6,8,8,6,3,11,0
485,70,416050.5,3813217.5,2022,1,2,2,0,0,1,4,2,7,6,8,6,8,8,6,15,11,0
502,109,416167.5,3813166.5,2022,1,2,2,0,0,1,4,2,7,6,8,13,11,4,6,12,11,0
486,121,416203.5,3813214.5,2022,0,0,4,1,5,1,2,0,1,5,9,13,11,1,0,8,2,2
496,161,416323.5,3813184.5,2022,1,2,2,0,0,1,4,2,7,6,8,6,8,8,10,3,8,8
480,194,416422.5,3813232.5,2022,1,2,2,0,0,1,4,2,7,6,8,6,8,8,6,3,11,0
484,228,416524.5,3813220.5,2022,0,3,4,3,3,4,3,7,10,2,6,5,2,5,5,2,13,19
499,254,416602.5,3813175.5,2022,0,2,4,1,5,1,2,0,1,5,9,11,13,7,6,8,2,2
487,291,416713.5,3813211.5,2022,1,2,2,0,0,1,4,2,7,6,8,6,8,8,10,3,8,8
495,318,416794.5,3813187.5,2022,1,2,2,0,0,1,4,2,7,6,8,6,8,8,10,3,8,8
487,359,416917.5,3813211.5,2022,1,2,2,1,5,1,2,0,1,5,9,11,13,7,6,15,11,0
509,376,416968.5,3813145.5,2022,1,2,2,0,0,1,4,2,7,6,8,6,8,8,10,3,8,8
508,404,417052.5,3813148.5,2022,1,2,2,1,5,1,2,0,7,6,8,11,13,7,6,15,11,0
491,425,417115.5,3813199.5,2022,0,3,4,1,5,4,2,0,1,5,9,11,13,1,0,8,2,2
505,450,417190.5,3813157.5,2022,0,3,4,1,5,4,2,0,1,5,9,11,13,1,0,8,2,2
481,507,417361.5,3813229.5,2022,0,3,4,3,3,4,3,7,9,2,6,11,13,7,5,2,13,19
493,537,417451.5,3813193.5,2022,0,3,4,3,3,4,3,7,10,2,6,5,2,5,11,2,10,5
497,562,417526.5,3813181.5,2022,0,3,4,3,3,4,3,7,10,2,6,5,2,5,11,2,10,5
503,572,417556.5,3813163.5,2022,0,3,4,3,3,4,3,7,10,2,6,5,2,5,11,2,10,5
495,615,417685.5,3813187.5,2022,0,3,4,3,3,4,3,7,10,2,6,5,2,5,11,2,10,5
492,659,417817.5,3813196.5,2022,0,3,4,1,5,1,2,0,1,5,9,11,13,7,6,15,11,0
488,664,417832.5,3813208.5,2022,0,3,4,1,5,4,2,0,1,5,9,11,10,1,0,8,2,2
491,693,417919.5,3813199.5,2022,0,3,4,3,3,4,3,7,10,2,6,5,2,5,11,2,10,5
495,725,418015.5,3813187.5,2022,0,3,4,3,3,4,3,7,10,2,6,5,2,5,11,2,10,5
497,773,418159.5,3813181.5,2022,0,3,4,3,3,4,3,0,9,1,12,11,13,7,5,11,13,19
505,804,418252.5,3813157.5,2022,0,3,4,3,3,4,3,0,9,1,11,11,7,12,5,11,13,19
495,835,418345.5,3813187.5,2022,1,2,2,0,0,1,2,0,7,6,8,11,13,7,6,15,11,0
480,865,418435.5,3813232.5,2022,1,2,2,0,0,1,4,2,7,6,8,11,13,7,6,15,11,0
484,880,418480.5,3813220.5,2022,0,2,4,3,3,1,2,0,9,1,12,11,13,7,5,15,13,19
494,927,418621.5,3813190.5,2022,1,2,2,0,0,1,4,0,7,6,8,11,13,7,6,15,11,0
486,958,418714.5,3813214.5,2022,1,2,2,0,0,1,4,2,7,6,8,11,13,7,6,15,11,0
508,963,418729.5,3813148.5,2022,0,3,4,3,3,4,3,7,10,10,0,9,7,3,9,10,4,1
504,1009,418867.5,3813160.5,2022,1,2,2,0,0,1,4,2,7,6,8,6,8,8,10,3,8,0
506,1020,418900.5,3813154.5,2022,1,2,2,0,0,1,4,3,9,1,12,0,4,10,16,5,1,11
503,1072,419056.5,3813163.5,2022,1,2,2,0,0,1,4,2,7,6,8,6,8,8,10,3,8,11
495,1107,419161.5,3813187.5,2022,0,0,4,1,5,4,2,0,4,10,11,7,7,12,7,11,14,16
503,1118,419194.5,3813163.5,2022,1,2,2,0,0,1,4,2,9,1,12,0,4,7,5,15,13,19
509,1168,419344.5,3813145.5,2022,0,3,4,3,3,4,3,7,10,2,6,5,2,5,11,11,10,5
491,1177,419371.5,3813199.5,2022,0,0,4,3,3,4,5,9,4,10,11,9,7,12,7,11,14,16
493,1227,419521.5,3813193.5,2022,0,3,4,3,3,4,3,7,10,10,11,7,7,12,7,11,14,16
502,1251,419593.5,3813166.5,2022,0,3,4,3,3,4,3,7,10,10,11,9,7,12,7,11,14,16
498,1284,419692.5,3813178.5,2022,0,0,4,3,3,4,5,9,4,10,11,9,7,12,7,11,14,16
489,1308,419764.5,3813205.5,2022,0,3,4,3,3,4,3,7,10,10,11,9,7,12,7,11,14,16
506,1320,419800.5,3813154.5,2022,1,2,2,0,0,1,4,2,9,1,12,0,4,10,16,5,1,11
486,1366,419938.5,3813214.5,2022,0,0,4,4,4,2,5,9,4,10,11,9,7,12,7,11,14,16
483,1400,420040.5,3813223.5,2022,1,2,2,0,0,1,4,2,9,1,12,0,4,10,16,5,1,11
480,1517,420391.5,3813232.5,2022,0,3,4,1,5,1,2,0,1,5,9,11,13,1,0,8,2,2
488,1617,420691.5,3813208.5,2022,1,2,2,0,0,1,4,2,7,6,8,11,13,7,6,15,11,0
481,1669,420847.5,3813229.5,2022,1,2,2,0,0,1,4,2,7,6,8,11,13,7,6,15,11,0
495,1700,420940.5,3813187.5,2022,0,3,4,1,5,1,2,0,1,5,9,11,13,1,0,8,2,2
508,1723,421009.5,3813148.5,2022,1,2,2,0,0,1,4,2,7,6,8,11,13,7,6,15,11,0
480,1743,421069.5,3813232.5,2022,1,2,2,0,0,1,4,2,7,6,8,6,8,8,10,3,8,8
490,1771,421153.5,3813202.5,2022,1,2,2,1,5,1,2,0,7,6,9,11,13,7,6,15,11,0
484,1815,421285.5,3813220.5,2022,1,2,2,0,0,1,4,2,7,6,8,6,8,8,6,3,11,0
486,1859,421417.5,3813214.5,2022,1,2,2,0,0,1,4,2,7,6,8,11,13,7,6,15,11,0
480,1865,421435.5,3813232.5,2022,0,3,4,1,5,4,2,0,1,5,9,7,10,1,0,8,2,2
487,1898,421534.5,3813211.5,2022,2,3,0,1,5,0,2,0,1,5,9,11,10,1,0,8,2,2
493,1928,421624.5,3813193.5,2022,2,1,3,1,5,5,2,0,1,5,9,7,10,1,0,8,17,3
490,1952,421696.5,3813202.5,2022,1,2,2,1,5,1,2,0,1,5,9,11,11,1,0,8,2,2
486,2009,421867.5,3813214.5,2022,0,3,4,3,3,4,3,7,10,2,6,5,2,5,11,2,10,5
501,2039,421957.5,3813169.5,2022,0,3,4,3,3,4,3,7,10,2,6,5,10,1,0,8,2,2
482,2047,421981.5,3813226.5,2022,0,3,4,3,3,4,3,7,10,2,6,5,2,5,11,2,10,5
480,2079,422077.5,3813232.5,2022,0,3,4,3,3,4,3,7,10,2,11,5,2,5,11,4,15,14
508,2125,422215.5,3813148.5,2022,0,3,4,1,5,4,2,0,1,5,9,7,10,1,0,8,2,2
507,2159,422317.5,3813151.5,2022,2,3,0,1,5,5,2,0,1,5,9,7,10,1,0,8,2,2
497,2176,422368.5,3813181.5,2022,2,3,0,1,5,0,2,0,1,5,9,11,10,1,0,8,2,2
491,2213,422479.5,3813199.5,2022,2,1,0,1,5,5,2,0,6,0,2,7,10,1,0,8,17,3
490,2239,422557.5,3813202.5,2022,2,1,0,2,1,5,6,6,6,0,2,12,6,11,3,13,0,6
495,2257,422611.5,3813187.5,2022,2,1,3,2,6,5,6,6,6,0,2,12,6,11,3,13,0,6
501,2287,422701.5,3813169.5,2022,2,1,3,2,1,5,6,6,6,0,2,12,6,11,3,13,17,6
493,2311,422773.5,3813193.5,2022,2,1,0,2,1,0,1,6,6,0,2,12,6,11,3,13,0,6
489,2359,422917.5,3813205.5,2022,2,1,0,2,1,0,1,4,0,7,4,3,9,2,8,9,5,6
483,2380,422980.5,3813223.5,2022,2,1,0,2,1,0,1,4,6,0,2,12,6,11,3,13,0,6
508,2402,423046.5,3813148.5,2022,2,3,0,2,1,0,1,4,0,7,4,3,10,2,8,4,15,14
481,2430,423130.5,3813229.5,2022,2,1,3,5,6,5,6,6,6,0,2,12,6,11,3,6,17,3
508,2475,423265.5,3813148.5,2022,2,1,3,5,6,5,6,6,6,0,2,12,6,11,3,13,0,3
481,2513,423379.5,3813229.5,2022,2,1,3,1,5,5,6,8,3,11,1,2,1,0,4,6,17,3
495,2526,423418.5,3813187.5,2022,2,1,3,5,6,5,6,6,3,11,1,2,1,6,2,1,7,18
499,2571,423553.5,3813175.5,2022,2,1,3,5,6,5,6,6,6,0,2,12,6,11,3,6,17,12
498,2598,423634.5,3813178.5,2022,2,1,0,2,1,5,6,6,6,0,2,12,6,11,3,13,0,6
480,2613,423679.5,3813232.5,2022,2,1,0,2,1,0,1,4,6,0,2,12,6,11,3,4,15,14
495,2650,423790.5,3813187.5,2022,2,1,0,2,1,0,1,4,0,7,4,3,9,2,8,9,5,6
508,2673,423859.5,3813148.5,2022,2,1,3,2,6,5,6,6,6,0,2,12,6,11,3,13,0,6
490,2704,423952.5,3813202.5,2022,2,1,0,2,1,0,1,4,6,0,2,12,6,11,3,13,0,6
498,2747,424081.5,3813178.5,2022,2,1,3,5,6,5,6,6,3,11,1,2,1,0,4,6,17,3
480,2789,424207.5,3813232.5,2022,2,3,0,2,1,0,1,4,0,7,4,3,9,2,8,9,5,4
480,2810,424270.5,3813232.5,2022,2,3,0,2,1,0,1,4,0,7,4,3,9,2,8,9,5,4
501,2835,424345.5,3813169.5,2022,2,3,0,2,1,0,1,4,0,7,4,3,9,2,8,9,5,4
505,2874,424462.5,3813157.5,2022,2,3,0,2,1,0,1,4,0,7,4,3,9,2,8,9,5,4
501,2885,424495.5,3813169.5,2022,2,1,3,5,6,5,6,6,6,0,2,12,6,11,3,13,0,6
507,2912,424576.5,3813151.5,2022,2,3,0,2,1,0,1,4,0,7,4,3,9,2,8,9,5,4
491,2957,424711.5,3813199.5,2022,2,1,0,2,1,0,1,6,6,0,2,12,6,11,3,13,15,6
501,2989,424807.5,3813169.5,2022,2,3,0,2,1,0,1,4,0,7,4,3,9,2,8,4,15,14
491,3021,424903.5,3813199.5,2022,2,1,3,2,1,5,6,6,6,0,2,12,6,11,3,13,0,6
505,3053,424999.5,3813157.5,2022,2,1,3,1,5,5,6,6,6,0,2,12,6,11,3,6,17,3
504,3064,425032.5,3813160.5,2022,2,1,0,2,1,5,1,6,6,0,2,7,10,11,3,4,15,14
499,3113,425179.5,3813175.5,2022,2,1,3,5,6,3,7,1,8,3,7,8,1,6,2,1,7,18
498,3141,425263.5,3813178.5,2022,2,1,0,2,1,0,1,6,6,0,2,12,6,11,3,13,0,6
508,3168,425344.5,3813148.5,2022,2,1,0,2,1,0,1,4,0,7,4,12,6,11,3,13,0,6
500,3198,425434.5,3813172.5,2022,2,1,0,2,1,0,1,6,6,0,2,12,6,11,3,13,0,6
499,3212,425476.5,3813175.5,2022,2,1,0,2,1,0,1,4,0,7,4,3,9,2,8,9,5,6
507,3289,425707.5,3813151.5,2022,2,1,0,2,1,0,1,6,6,0,2,12,6,11,3,13,0,6
491,3328,425824.5,3813199.5,2022,2,1,3,5,6,3,7,1,8,3,2,12,6,11,3,13,0,6
493,3331,425833.5,3813193.5,2022,2,1,3,5,6,3,7,1,8,3,7,8,5,13,13,17,9,10
514,22,415906.5,3813130.5,2022,1,2,2,1,5,1,2,0,1,5,9,11,13,7,6,15,11,0
519,35,415945.5,3813115.5,2022,1,2,2,1,5,1,2,0,1,5,9,13,11,1,0,8,2,2
523,64,416032.5,3813103.5,2022,1,2,2,1,5,1,2,0,9,6,9,11,13,7,6,15,11,0
518,102,416146.5,3813118.5,2022,1,2,2,0,0,1,4,2,7,6,8,6,8,8,10,3,8,8
519,137,416251.5,3813115.5,2022,1,2,2,0,0,1,4,2,7,6,8,13,11,4,12,12,6,17
537,174,416362.5,3813061.5,2022,1,2,2,0,0,1,4,2,7,6,8,6,8,8,10,3,8,8
531,201,416443.5,3813079.5,2022,1,2,2,0,0,1,4,2,7,6,8,13,11,4,12,12,6,17
510,223,416509.5,3813142.5,2022,1,2,2,0,0,1,4,2,7,6,8,13,11,4,6,12,11,0
537,258,416614.5,3813061.5,2022,1,0,1,1,5,2,2,0,1,5,9,13,11,1,0,8,2,2
533,273,416659.5,3813073.5,2022,0,0,4,1,5,1,2,0,1,5,9,7,10,1,0,8,2,2
529,302,416746.5,3813085.5,2022,1,2,2,0,0,1,4,2,7,6,8,6,8,8,10,3,8,8
514,343,416869.5,3813130.5,2022,1,2,2,1,5,1,2,0,1,5,9,13,11,4,12,12,6,17
513,385,416995.5,3813133.5,2022,1,2,2,0,0,1,4,2,7,6,8,6,8,8,10,3,8,8
526,405,417055.5,3813094.5,2022,0,3,4,1,5,1,2,0,1,5,9,11,13,7,0,8,2,2
515,432,417136.5,3813127.5,2022,0,3,4,1,5,1,2,0,1,5,9,11,13,1,0,8,2,2
535,463,417229.5,3813067.5,2022,0,3,4,3,3,4,3,7,10,2,6,5,2,5,11,2,10,5
536,501,417343.5,3813064.5,2022,0,3,4,3,3,4,3,7,10,2,6,5,2,5,11,2,10,5
519,527,417421.5,3813115.5,2022,0,3,4,3,3,4,3,7,10,2,6,5,2,5,11,2,10,5
529,554,417502.5,3813085.5,2022,0,3,4,3,3,4,3,7,10,2,6,5,2,5,11,2,10,5
523,584,417592.5,3813103.5,2022,0,3,4,1,5,4,2,0,1,5,9,7,10,1,0,8,2,2
531,607,417661.5,3813079.5,2022,1,2,2,1,5,1,2,0,1,5,9,13,11,1,0,8,2,2
526,636,417748.5,3813094.5,2022,0,3,4,3,3,4,3,7,10,2,6,5,10,1,0,8,2,2
521,678,417874.5,3813109.5,2022,0,3,4,1,5,4,2,0,1,5,9,11,10,1,0,8,2,2
539,693,417919.5,3813055.5,2022,0,3,4,3,3,4,3,7,10,2,6,5,2,5,11,2,10,5
523,723,418009.5,3813103.5,2022,0,3,4,3,3,4,3,7,10,2,6,5,2,5,11,2,10,5
536,758,418114.5,3813064.5,2022,1,2,2,0,0,1,4,2,7,6,8,13,11,7,6,15,11,0
536,781,418183.5,3813064.5,2022,1,2,2,0,0,1,4,2,7,6,8,6,8,4,12,12,11,0
522,812,418276.5,3813106.5,2022,1,0,4,1,5,1,2,0,1,5,9,11,13,1,0,8,2,2
515,848,418384.5,3813127.5,2022,1,2,2,0,0,1,2,3,9,1,12,0,4,10,16,5,1,11
529,891,418513.5,3813085.5,2022,1,2,2,0,0,1,4,2,7,6,8,6,8,4,6,12,11,0
512,913,418579.5,3813136.5,2022,1,2,2,1,5,1,2,0,9,1,9,11,13,7,6,15,11,0
530,939,418657.5,3813082.5,2022,1,2,2,0,0,1,4,2,7,6,8,6,8,8,6,3,11,0
511,964,418732.5,3813139.5,2022,0,0,4,3,3,4,5,9,4,10,0,9,7,3,9,10,4,1
514,1009,418867.5,3813130.5,2022,1,0,1,4,4,2,5,9,9,1,12,0,4,10,16,5,1,11
514,1046,418978.5,3813130.5,2022,1,2,2,0,0,1,2,0,9,1,12,0,4,10,5,5,13,19
513,1079,419077.5,3813133.5,2022,1,2,2,0,0,1,4,2,9,1,12,0,4,10,16,5,1,11
519,1094,419122.5,3813115.5,2022,1,2,2,0,0,1,4,2,9,1,12,0,4,10,16,5,1,11
532,1138,419254.5,3813076.5,2022,0,3,4,3,3,4,3,7,10,10,11,7,10,12,7,11,14,16
536,1161,419323.5,3813064.5,2022,0,3,4,1,5,4,2,0,1,10,11,7,10,12,7,11,14,16
532,1186,419398.5,3813076.5,2022,0,0,4,3,3,4,5,9,4,10,11,7,7,12,7,11,14,16
528,1205,419455.5,3813088.5,2022,0,3,4,1,5,4,2,0,1,5,9,7,10,1,0,8,2,2
527,1255,419605.5,3813091.5,2022,0,0,1,4,4,2,5,9,4,10,11,9,7,12,7,11,14,16
520,1274,419662.5,3813112.5,2022,0,0,4,3,3,2,5,9,4,10,11,9,7,12,7,11,14,16
513,1301,419743.5,3813133.5,2022,0,3,4,3,3,4,3,7,10,10,11,9,7,12,7,11,14,16
510,1324,419812.5,3813142.5,2022,1,2,2,0,0,1,4,2,7,1,12,0,4,10,16,5,1,11
537,1367,419941.5,3813061.5,2022,1,2,2,0,0,1,8,3,9,1,12,0,4,10,16,5,1,11
539,1523,420409.5,3813055.5,2022,0,3,4,3,3,4,3,7,10,10,11,9,7,12,7,11,14,16
539,1538,420454.5,3813055.5,2022,0,2,4,1,5,1,2,0,1,5,9,11,13,7,0,8,2,2
535,1663,420829.5,3813067.5,2022,1,2,2,0,0,1,4,2,7,6,8,6,8,8,10,3,8,8
518,1681,420883.5,3813118.5,2022,1,2,2,1,5,1,2,0,1,5,9,11,13,7,6,15,11,0
528,1739,421057.5,3813088.5,2022,1,2,2,1,5,1,2,0,1,5,9,11,13,7,6,15,11,0
519,1741,421063.5,3813115.5,2022,1,2,2,0,0,1,4,2,7,6,8,11,13,7,6,15,11,0
522,1773,421159.5,3813106.5,2022,1,2,2,0,0,1,4,2,7,6,8,13,11,4,12,12,6,17
514,1802,421246.5,3813130.5,2022,1,2,2,0,0,1,4,2,7,6,8,6,8,8,6,3,11,0
513,1841,421363.5,3813133.5,2022,1,2,2,0,0,1,4,0,7,6,8,11,13,7,6,15,11,0
523,1880,421480.5,3813103.5,2022,0,3,4,1,5,1,2,0,1,5,9,7,10,1,0,8,2,2
520,1912,421576.5,3813112.5,2022,0,3,4,1,5,5,2,0,1,5,9,7,10,1,0,8,2,2
512,1938,421654.5,3813136.5,2022,1,1,3,1,5,5,2,0,1,5,9,13,11,1,0,6,17,3
511,2004,421852.5,3813139.5,2022,2,3,0,2,1,0,1,6,6,0,2,7,10,1,0,4,15,14
518,2015,421885.5,3813118.5,2022,0,3,0,2,1,4,3,7,10,2,6,5,10,1,0,4,15,14
516,2060,422020.5,3813124.5,2022,0,3,4,1,5,4,2,0,1,5,9,7,10,1,0,8,2,2
524,2085,422095.5,3813100.5,2022,0,3,4,1,5,4,2,0,1,5,9,7,10,1,0,8,2,2
515,2112,422176.5,3813127.5,2022,0,3,4,1,5,4,2,0,1,5,9,7,10,1,0,8,2,2
528,2136,422248.5,3813088.5,2022,2,3,0,1,5,4,2,0,1,5,9,7,10,1,0,8,2,2
519,2162,422326.5,3813115.5,2022,2,3,4,1,5,5,2,0,1,5,9,7,10,1,0,8,2,2
534,2199,422437.5,3813070.5,2022,1,2,2,1,5,1,2,0,7,6,9,11,13,7,6,15,11,0
523,2225,422515.5,3813103.5,2022,2,1,0,1,5,5,6,6,6,0,2,7,10,11,3,4,17,3
512,2268,422644.5,3813136.5,2022,2,1,3,5,6,5,6,6,6,0,2,12,6,11,3,13,17,6
537,2290,422710.5,3813061.5,2022,2,1,0,1,5,5,6,6,6,0,2,7,10,11,3,6,17,3
522,2319,422797.5,3813106.5,2022,2,1,3,5,6,5,6,6,6,0,2,12,6,11,3,13,0,6
521,2369,422947.5,3813109.5,2022,2,1,0,1,5,5,6,6,6,0,2,7,10,11,3,4,15,14
520,2377,422971.5,3813112.5,2022,2,1,0,2,1,0,1,4,6,0,2,12,6,11,3,4,15,14
514,2426,423118.5,3813130.5,2022,2,3,0,2,1,0,1,4,0,7,4,3,9,2,8,4,15,14
533,2433,423139.5,3813073.5,2022,2,3,0,2,1,0,1,4,0,7,4,3,9,2,8,4,15,14
514,2473,423259.5,3813130.5,2022,2,1,0,2,1,5,6,6,6,0,2,12,6,11,3,4,15,14
538,2495,423325.5,3813058.5,2022,2,3,0,2,1,0,1,4,0,7,4,3,9,2,8,4,15,14
539,2532,423436.5,3813055.5,2022,2,3,0,2,1,0,1,4,6,0,11,7,10,2,8,4,15,14
536,2559,423517.5,3813064.5,2022,2,1,0,2,1,0,1,6,6,0,2,12,6,11,3,13,0,6
532,2591,423613.5,3813076.5,2022,2,3,0,2,1,5,6,6,6,0,2,7,10,11,3,4,15,14
518,2638,423754.5,3813118.5,2022,2,1,3,5,6,3,6,6,6,0,2,12,6,11,3,13,0,6
523,2659,423817.5,3813103.5,2022,2,1,3,2,1,5,6,6,6,0,2,12,6,11,3,13,0,6
523,2673,423859.5,3813103.5,2022,2,1,3,5,6,5,6,6,6,0,2,12,6,11,3,13,0,12
514,2728,424024.5,3813130.5,2022,0,3,4,3,3,4,3,7,10,10,11,7,10,12,7,4,15,14
519,2746,424078.5,3813115.5,2022,0,3,0,2,1,4,1,7,6,0,11,7,10,12,7,4,15,14
534,2772,424156.5,3813070.5,2022,0,3,4,3,3,4,3,7,10,2,6,5,10,5,11,4,15,14
536,2809,424267.5,3813064.5,2022,2,3,0,2,1,0,1,4,0,7,4,3,9,2,8,4,15,14
530,2847,424381.5,3813082.5,2022,2,3,0,2,1,0,1,4,0,7,4,3,9,2,8,4,15,14
514,2857,424411.5,3813130.5,2022,2,1,0,2,1,0,1,6,6,0,2,12,6,11,3,4,15,14
528,2903,424549.5,3813088.5,2022,2,3,0,2,1,0,1,4,0,7,4,3,9,2,8,9,5,4
523,2934,424642.5,3813103.5,2022,2,1,0,2,1,0,1,4,0,7,4,3,9,2,8,9,5,4
527,2944,424672.5,3813091.5,2022,2,3,0,2,1,0,1,4,0,7,4,3,9,2,8,9,5,4
525,2992,424816.5,3813097.5,2022,2,1,0,2,1,0,1,4,0,7,4,3,9,2,8,4,15,6
530,3006,424858.5,3813082.5,2022,2,1,0,2,1,5,6,6,6,0,2,12,6,11,3,13,0,6
510,3046,424978.5,3813142.5,2022,2,1,0,2,1,0,1,4,6,0,2,12,6,11,3,4,15,6
531,3079,425077.5,3813079.5,2022,2,1,3,5,6,5,6,6,6,0,2,12,6,11,3,13,0,6
513,3101,425143.5,3813133.5,2022,2,1,0,2,1,0,1,4,6,0,2,12,6,11,3,4,15,6
539,3141,425263.5,3813055.5,2022,2,1,3,2,1,5,6,6,6,0,2,12,6,11,3,13,0,6
515,3166,425338.5,3813127.5,2022,2,1,0,2,1,0,1,4,6,0,2,12,6,11,3,13,0,6
538,3197,425431.5,3813058.5,2022,2,1,3,5,6,5,6,6,6,0,2,12,6,11,3,13,0,6
551,6,415858.5,3813019.5,2022,0,2,2,1,5,1,2,0,9,5,9,11,13,7,6,15,11,0
543,58,416014.5,3813043.5,2022,1,2,2,0,0,1,4,2,7,6,8,6,8,8,10,3,8,8
545,79,416077.5,3813037.5,2022,1,2,2,0,0,1,4,2,7,6,8,6,8,4,12,12,11,0
546,104,416152.5,3813034.5,2022,1,0,1,1,5,2,2,0,1,5,9,13,11,4,12,12,6,17
555,129,416227.5,3813007.5,2022,1,2,2,0,0,1,4,2,7,6,8,6,8,8,10,3,8,8
550,171,416353.5,3813022.5,2022,1,2,2,0,0,1,4,2,7,6,8,6,8,8,10,3,11,0
566,208,416464.5,3812974.5,2022,1,2,2,0,0,1,4,2,7,6,8,6,8,8,10,3,8,8
550,217,416491.5,3813022.5,2022,1,2,2,0,0,1,4,2,7,6,8,6,8,8,10,3,8,8
546,243,416569.5,3813034.5,2022,1,2,2,0,0,1,4,2,7,6,8,6,8,8,10,3,8,8
542,292,416716.5,3813046.5,2022,1,2,2,0,0,1,4,2,7,6,8,6,8,8,6,15,11,0
568,311,416773.5,3812968.5,2022,1,2,2,0,0,1,4,2,7,6,8,6,8,8,10,3,8,8
556,356,416908.5,3813004.5,2022,1,2,2,0,0,1,4,2,7,6,8,11,13,7,6,15,11,0
545,377,416971.5,3813037.5,2022,0,3,4,1,5,1,2,0,1,5,9,11,13,7,0,8,2,2
551,394,417022.5,3813019.5,2022,0,3,4,1,5,1,2,0,1,5,9,11,13,1,0,8,2,2
550,445,417175.5,3813022.5,2022,0,3,4,1,5,4,2,0,1,5,9,7,10,1,0,8,2,2
563,467,417241.5,3812983.5,2022,1,2,2,1,5,1,2,0,1,5,9,11,13,7,6,8,2,2
549,487,417301.5,3813025.5,2022,0,3,4,3,3,4,3,7,10,2,6,5,2,5,11,2,10,5
544,517,417391.5,3813040.5,2022,0,3,4,3,3,4,3,7,10,2,6,5,2,5,11,2,10,5
543,551,417493.5,3813043.5,2022,0,3,4,3,3,4,3,7,10,2,6,5,2,5,11,2,10,5
547,596,417628.5,3813031.5,2022,0,3,4,3,3,4,3,7,10,2,6,5,2,5,0,8,2,2
567,625,417715.5,3812971.5,2022,0,3,4,3,3,4,3,7,10,2,6,5,2,5,11,2,10,5
559,647,417781.5,3812995.5,2022,0,3,4,3,3,4,3,7,10,2,6,5,2,5,11,2,10,5
550,663,417829.5,3813022.5,2022,0,3,4,3,3,4,3,7,10,2,6,5,2,5,11,2,10,5
554,707,417961.5,3813010.5,2022,0,3,4,3,3,4,3,7,10,2,6,5,2,5,11,2,10,5
546,720,418000.5,3813034.5,2022,0,3,4,3,3,4,3,7,10,2,6,5,2,5,11,2,10,5
553,758,418114.5,3813013.5,2022,1,2,2,0,0,1,4,2,7,6,8,6,8,8,10,3,8,8
543,804,418252.5,3813043.5,2022,1,2,2,0,0,1,4,2,7,6,8,6,8,8,6,3,11,0
551,830,418330.5,3813019.5,2022,1,2,2,0,0,1,4,2,7,6,8,6,8,8,10,3,8,8
554,847,418381.5,3813010.5,2022,1,2,2,1,5,1,2,0,1,5,9,13,11,4,6,12,11,0
562,895,418525.5,3812986.5,2022,1,0,1,4,4,6,8,3,5,1,12,0,4,10,16,5,1,11
553,914,418582.5,3813013.5,2022,0,3,4,3,3,4,3,7,10,2,6,9,7,3,9,10,4,1
566,931,418633.5,3812974.5,2022,1,2,2,0,0,1,4,2,7,6,8,6,8,8,10,3,8,8
560,985,418795.5,3812992.5,2022,1,2,2,0,0,1,4,2,7,6,8,6,8,8,10,3,8,8
568,995,418825.5,3812968.5,2022,0,0,4,3,3,4,5,9,4,10,0,9,7,3,9,11,14,16
543,1042,418966.5,3813043.5,2022,1,0,1,4,4,2,8,3,9,1,12,0,4,10,16,5,1,11
560,1056,419008.5,3812992.5,2022,1,2,1,4,4,1,2,8,9,1,12,0,4,10,16,5,1,11
553,1107,419161.5,3813013.5,2022,0,3,4,3,3,4,3,7,10,10,11,7,7,12,7,11,13,19
543,1121,419203.5,3813043.5,2022,0,3,4,3,3,4,3,7,10,2,6,5,2,5,11,2,10,5
561,1141,419263.5,3812989.5,2022,0,3,4,3,3,4,3,7,10,2,6,5,2,5,11,2,10,5
548,1197,419431.5,3813028.5,2022,0,3,4,3,3,4,3,7,10,2,6,5,2,5,11,11,10,5
563,1220,419500.5,3812983.5,2022,0,3,4,3,3,4,3,7,10,2,6,5,2,5,11,2,10,5
562,1257,419611.5,3812986.5,2022,0,3,4,3,3,4,3,7,10,2,6,5,2,5,11,2,10,5
551,1279,419677.5,3813019.5,2022,0,3,4,3,3,4,3,7,10,2,6,5,2,5,11,2,10,5
545,1310,419770.5,3813037.5,2022,1,2,2,0,0,1,4,2,9,1,12,0,4,10,16,5,1,11
547,1335,419845.5,3813031.5,2022,0,3,4,3,3,4,3,7,10,2,6,5,2,5,5,2,13,19
547,1354,419902.5,3813031.5,2022,0,3,4,3,3,4,2,0,9,1,12,11,13,7,5,15,13,19
569,1380,419980.5,3812965.5,2022,1,2,2,0,0,1,4,2,7,6,8,11,8,7,6,15,11,0
559,1473,420259.5,3812995.5,2022,0,3,4,3,3,4,3,7,10,10,11,9,7,12,7,11,14,16
550,1525,420415.5,3813022.5,2022,0,3,4,3,3,4,3,7,10,10,11,7,7,12,7,11,14,16
543,1531,420433.5,3813043.5,2022,0,0,4,1,5,5,2,0,1,5,9,7,10,1,0,8,2,2
554,1648,420784.5,3813010.5,2022,1,2,1,1,5,5,2,8,3,11,1,13,11,4,12,12,6,17
544,1673,420859.5,3813040.5,2022,1,1,3,1,5,5,2,0,1,5,9,13,11,1,0,6,17,3
564,1705,420955.5,3812980.5,2022,1,2,2,1,5,1,2,0,7,6,9,11,13,7,6,15,11,0
542,1714,420982.5,3813046.5,2022,2,2,2,1,5,1,2,0,1,5,9,11,13,7,6,15,11,0
563,1749,421087.5,3812983.5,2022,1,2,2,1,5,1,2,0,1,5,9,13,11,4,6,12,11,0
562,1791,421213.5,3812986.5,2022,1,2,2,0,0,1,4,2,7,6,9,13,11,4,6,12,11,0
551,1829,421327.5,3813019.5,2022,1,2,2,1,5,1,2,0,1,5,9,11,13,7,6,15,11,0
565,1840,421360.5,3812977.5,2022,0,3,4,1,5,1,2,0,1,5,9,7,10,1,0,8,2,2
565,1866,421438.5,3812977.5,2022,0,3,4,1,5,4,2,0,1,5,9,7,10,1,0,8,2,2
549,1918,421594.5,3813025.5,2022,1,2,2,1,5,1,2,0,1,5,9,11,13,7,6,15,11,0
555,1978,421774.5,3813007.5,2022,0,3,4,1,5,4,2,0,1,5,9,7,10,1,0,8,2,2
559,1983,421789.5,3812995.5,2022,2,1,3,1,5,5,2,0,1,5,9,7,10,1,0,8,2,2
555,2033,421939.5,3813007.5,2022,2,3,3,1,5,5,2,0,1,5,9,11,13,1,0,8,2,2
562,2061,422023.5,3812986.5,2022,2,3,4,1,5,5,2,0,1,5,9,7,10,1,0,8,2,2
556,2099,422137.5,3813004.5,2022,2,1,3,1,5,5,2,6,6,0,2,11,13,11,3,6,17,3
563,2104,422152.5,3812983.5,2022,2,1,0,2,1,5,1,6,6,0,2,12,10,11,3,4,17,6
542,2147,422281.5,3813046.5,2022,2,2,2,1,5,1,2,0,1,5,9,11,13,7,6,15,11,0
549,2189,422407.5,3813025.5,2022,2,1,3,1,5,5,6,6,1,5,9,7,10,1,0,6,17,3
543,2192,422416.5,3813043.5,2022,1,2,2,1,5,1,4,2,7,6,8,11,13,7,6,15,11,0
561,2228,422524.5,3812989.5,2022,2,1,3,1,5,5,6,6,6,0,2,12,10,11,3,6,17,3
544,2250,422590.5,3813040.5,2022,2,1,3,5,6,5,6,6,6,0,2,12,6,11,3,6,17,3
540,2282,422686.5,3813052.5,2022,2,1,3,5,6,5,6,6,6,0,2,12,6,11,3,13,0,6
558,2314,422782.5,3812998.5,2022,2,1,3,1,5,5,6,6,6,0,2,7,10,11,3,6,17,3
558,2350,422890.5,3812998.5,2022,2,1,0,2,1,0,1,4,6,0,2,12,6,11,3,4,15,6
569,2380,422980.5,3812965.5,2022,2,3,0,2,1,0,1,4,0,7,4,3,9,2,8,9,5,4
561,2429,423127.5,3812989.5,2022,2,3,0,2,1,0,1,4,0,7,4,3,9,2,8,4,15,14
547,2453,423199.5,3813031.5,2022,0,3,4,1,5,4,2,0,1,10,11,7,10,12,7,11,14,16
543,2489,423307.5,3813043.5,2022,2,3,0,2,1,0,1,4,0,7,4,3,9,2,8,9,15,14
549,2518,423394.5,3813025.5,2022,2,1,3,5,6,5,6,6,6,0,2,12,6,11,3,6,17,3
559,2543,423469.5,3812995.5,2022,2,1,0,2,1,0,1,4,0,7,4,3,9,2,8,4,15,14
562,2561,423523.5,3812986.5,2022,2,3,0,2,1,0,1,4,6,0,2,3,6,11,3,4,15,14
547,2583,423589.5,3813031.5,2022,2,1,0,2,1,0,1,4,0,7,4,3,9,2,8,9,5,4
559,2638,423754.5,3812995.5,2022,2,3,0,2,1,0,1,4,0,7,4,3,9,2,8,4,15,14
565,2667,423841.5,3812977.5,2022,0,3,4,1,5,5,6,6,6,10,11,7,10,12,7,4,15,14
569,2689,423907.5,3812965.5,2022,0,3,4,1,5,5,5,6,6,10,11,7,10,12,7,4,15,14
567,2726,424018.5,3812971.5,2022,2,1,0,2,1,0,1,6,6,0,2,7,6,11,3,4,15,14
542,2740,424060.5,3813046.5,2022,0,3,0,2,1,0,1,4,0,7,4,3,9,2,8,4,15,14
565,2772,424156.5,3812977.5,2022,2,1,0,2,1,0,1,4,6,0,2,12,6,11,3,4,15,14
543,2794,424222.5,3813043.5,2022,2,3,0,2,1,0,1,4,0,7,4,3,9,2,8,4,15,14
563,2839,424357.5,3812983.5,2022,2,3,0,2,1,0,1,4,0,0,11,7,10,2,8,4,15,14
555,2863,424429.5,3813007.5,2022,2,3,0,2,1,0,1,4,0,7,4,3,9,2,8,4,15,14
548,2885,424495.5,3813028.5,2022,2,1,0,2,1,5,6,6,6,0,2,7,10,11,3,4,17,3
556,2933,424639.5,3813004.5,2022,2,1,0,2,1,0,1,4,0,7,4,3,9,2,8,9,5,6
563,2956,424708.5,3812983.5,2022,2,3,0,2,1,0,1,4,0,7,4,3,9,2,8,9,5,4
553,2972,424756.5,3813013.5,2022,2,3,0,2,1,0,1,4,0,7,4,3,9,2,8,9,5,4
564,3024,424912.5,3812980.5,2022,2,1,0,2,1,0,1,4,0,7,4,3,9,2,8,4,15,6
543,3033,424939.5,3813043.5,2022,2,1,0,2,1,5,1,6,6,0,2,12,6,11,3,4,15,14
545,3080,425080.5,3813037.5,2022,2,1,0,2,1,0,1,4,6,0,2,12,6,11,3,13,0,6
561,3094,425122.5,3812989.5,2022,2,1,3,2,1,5,6,6,6,0,2,12,6,11,3,13,0,6
569,3141,425263.5,3812965.5,2022,2,1,3,2,1,5,6,6,6,0,2,12,6,11,3,13,0,6
567,3155,425305.5,3812971.5,2022,2,1,0,2,1,5,6,6,6,0,2,12,6,11,3,13,0,6
541,3198,425434.5,3813049.5,2022,2,1,3,5,6,5,6,6,6,0,2,12,6,11,3,13,0,6
566,3230,425530.5,3812974.5,2022,2,1,0,2,1,5,6,6,6,0,2,12,6,11,3,13,0,6
549,3254,425602.5,3813025.5,2022,2,1,3,5,6,5,6,6,6,0,2,12,6,11,3,13,0,12
563,3310,425770.5,3812983.5,2022,2,1,3,5,6,3,7,6,6,0,2,12,6,11,3,13,0,6
586,13,415879.5,3812914.5,2022,0,0,4,1,5,2,5,9,4,10,11,9,7,12,7,11,14,16
575,55,416005.5,3812947.5,2022,1,2,2,1,5,1,2,8,1,5,9,13,11,4,12,12,6,17
579,88,416104.5,3812935.5,2022,1,2,2,1,5,1,2,0,1,5,9,13,11,7,6,8,11,2
591,112,416176.5,3812899.5,2022,1,2,2,0,0,1,4,2,7,6,8,6,8,8,10,3,8,8
597,123,416209.5,3812881.5,2022,1,2,2,0,0,1,4,2,7,6,8,6,8,8,10,3,8,8
570,154,416302.5,3812962.5,2022,1,0,1,4,4,2,5,9,9,1,12,0,4,10,16,5,14,16
581,187,416401.5,3812929.5,2022,1,2,2,0,0,1,2,0,7,6,9,11,13,7,6,15,11,0
587,233,416539.5,3812911.5,2022,1,2,2,0,0,6,4,2,7,6,8,6,8,8,10,3,8,8
597,267,416641.5,3812881.5,2022,1,2,2,0,0,1,4,2,7,6,8,6,8,8,6,3,11,0
590,296,416728.5,3812902.5,2022,1,2,2,0,0,1,4,2,7,6,8,6,8,8,10,3,8,8
598,302,416746.5,3812878.5,2022,1,2,2,1,5,1,2,0,1,5,9,13,11,4,12,12,6,17
574,336,416848.5,3812950.5,2022,1,2,2,0,0,1,4,2,7,6,8,6,8,8,6,3,11,0
593,376,416968.5,3812893.5,2022,1,2,2,0,0,6,4,2,7,6,8,6,8,8,10,3,8,8
594,398,417034.5,3812890.5,2022,1,2,2,0,0,1,4,2,7,6,8,6,8,8,10,3,8,8
597,438,417154.5,3812881.5,2022,0,3,4,1,5,4,2,0,1,5,9,7,10,1,0,8,2,2
596,463,417229.5,3812884.5,2022,0,3,4,1,5,1,2,0,1,5,9,11,13,7,6,15,2,2
597,481,417283.5,3812881.5,2022,0,3,4,3,3,4,3,7,10,2,6,5,2,5,11,2,10,5
582,517,417391.5,3812926.5,2022,0,3,4,3,3,4,3,7,10,2,6,5,2,5,11,2,10,5
599,568,417544.5,3812875.5,2022,0,3,4,3,3,4,3,7,10,2,6,5,2,5,11,2,10,5
580,580,417580.5,3812932.5,2022,0,3,4,3,3,4,3,7,10,2,6,5,2,5,11,2,10,5
581,619,417697.5,3812929.5,2022,0,3,4,3,3,4,3,7,10,2,6,5,2,5,11,2,10,5
581,656,417808.5,3812929.5,2022,0,3,4,3,3,4,3,7,10,2,6,5,2,5,11,2,10,5
590,689,417907.5,3812902.5,2022,0,3,4,3,3,4,3,7,10,2,6,5,2,5,11,2,10,5
575,693,417919.5,3812947.5,2022,0,3,4,3,3,4,3,0,9,2,6,11,13,7,5,2,13,19
588,745,418075.5,3812908.5,2022,0,3,4,3,3,1,2,0,9,1,12,11,13,7,5,15,13,19
577,759,418117.5,3812941.5,2022,1,2,2,0,0,1,4,2,7,6,8,6,8,8,10,3,11,0
591,782,418186.5,3812899.5,2022,1,2,2,0,0,6,4,2,7,6,8,6,8,8,10,3,8,8
596,839,418357.5,3812884.5,2022,1,2,2,0,0,1,4,2,7,6,8,6,8,8,10,3,8,8
589,854,418402.5,3812905.5,2022,1,2,2,0,0,1,4,2,9,1,12,0,4,10,16,5,1,11
579,879,418477.5,3812935.5,2022,1,2,2,0,0,6,8,3,9,1,12,0,4,10,16,5,1,11
583,908,418564.5,3812923.5,2022,1,2,2,0,0,1,4,2,9,1,12,0,4,10,16,5,1,11
591,934,418642.5,3812899.5,2022,1,2,2,0,0,1,4,2,7,6,8,6,8,8,10,3,8,8
570,986,418798.5,3812962.5,2022,0,0,1,4,4,2,5,9,4,10,12,9,7,12,7,11,14,16
580,997,418831.5,3812932.5,2022,1,2,2,0,0,6,4,2,7,6,8,13,11,4,12,12,6,17
573,1048,418984.5,3812953.5,2022,1,2,2,0,0,1,4,2,9,1,12,0,4,10,16,5,1,11
587,1074,419062.5,3812911.5,2022,0,3,4,3,3,4,3,7,10,2,6,5,2,5,11,2,10,5
580,1102,419146.5,3812932.5,2022,0,3,4,3,3,4,3,7,10,2,6,5,2,5,11,2,10,5
594,1120,419200.5,3812890.5,2022,0,3,4,3,3,4,3,7,10,10,11,7,7,12,7,11,14,16
585,1149,419287.5,3812917.5,2022,0,0,4,1,5,2,5,9,4,10,11,7,7,12,7,11,14,16
575,1172,419356.5,3812947.5,2022,0,3,4,3,3,4,3,7,10,2,6,5,2,5,11,2,10,5
578,1218,419494.5,3812938.5,2022,0,3,4,3,3,4,3,7,10,2,6,5,2,5,11,2,10,5
588,1249,419587.5,3812908.5,2022,0,3,4,3,3,4,3,7,10,2,6,5,2,5,11,2,10,5
575,1283,419689.5,3812947.5,2022,0,2,4,1,5,1,2,0,9,1,12,11,13,7,5,15,13,19
588,1310,419770.5,3812908.5,2022,0,0,4,3,3,4,3,9,9,10,0,9,7,3,9,11,4,1
592,1322,419806.5,3812896.5,2022,0,3,4,3,3,4,2,0,9,10,11,11,13,12,5,11,13,19
577,1367,419941.5,3812941.5,2022,1,2,2,0,0,1,4,0,9,1,12,11,13,7,5,15,13,19
595,1385,419995.5,3812887.5,2022,0,3,4,3,3,4,3,7,10,2,6,5,2,5,11,2,10,5
573,1469,420247.5,3812953.5,2022,0,0,1,4,4,2,5,9,4,9,3,4,14,12,7,7,14,16
598,1478,420274.5,3812878.5,2022,0,3,4,3,3,4,3,7,10,2,6,5,2,5,11,2,10,5
574,1505,420355.5,3812950.5,2022,0,3,4,1,5,4,2,0,1,5,9,7,10,1,0,8,2,2
596,1556,420508.5,3812884.5,2022,0,2,4,1,5,1,2,0,1,5,9,11,13,7,6,8,2,2
574,1616,420688.5,3812950.5,2022,1,2,2,0,0,1,4,2,7,6,8,6,8,8,10,3,8,8
583,1640,420760.5,3812923.5,2022,1,2,2,0,0,6,4,2,7,6,8,6,8,8,10,3,8,8
596,1663,420829.5,3812884.5,2022,0,3,4,1,5,5,2,0,1,5,9,7,10,1,0,8,2,2
574,1694,420922.5,3812950.5,2022,1,2,2,0,0,1,4,2,7,6,8,6,8,7,6,15,11,0
578,1739,421057.5,3812938.5,2022,1,2,2,1,5,1,2,0,1,5,9,11,11,7,6,15,11,0
570,1751,421093.5,3812962.5,2022,1,2,2,1,5,1,2,0,1,5,9,13,11,4,6,15,11,0
578,1793,421219.5,3812938.5,2022,1,2,2,0,0,1,4,2,7,6,8,6,8,8,6,3,11,0
597,1827,421321.5,3812881.5,2022,0,3,4,1,5,4,2,0,1,5,9,7,10,1,0,8,2,2
573,1830,421330.5,3812953.5,2022,2,3,4,1,5,1,2,0,1,5,9,11,13,1,0,8,2,2
588,1860,421420.5,3812908.5,2022,0,0,4,1,5,4,2,0,1,5,9,7,10,1,0,8,2,2
597,1891,421513.5,3812881.5,2022,0,0,4,1,5,4,2,0,1,5,9,7,10,1,0,8,2,2
572,1949,421687.5,3812956.5,2022,1,2,2,1,5,1,2,0,1,5,9,11,13,7,6,15,11,0
571,1967,421741.5,3812959.5,2022,1,2,2,1,5,1,2,0,7,6,9,11,13,7,6,15,11,0
570,1991,421813.5,3812962.5,2022,2,1,3,1,5,5,6,6,1,5,9,7,10,1,0,6,17,3
587,2011,421873.5,3812911.5,2022,1,2,2,1,5,1,4,2,7,6,8,11,13,7,6,15,11,0
593,2058,422014.5,3812893.5,2022,1,2,2,1,5,1,4,2,7,6,8,11,13,7,6,15,11,0
586,2088,422104.5,3812914.5,2022,2,1,3,1,5,5,6,6,6,0,2,12,6,11,3,6,17,3
577,2115,422185.5,3812941.5,2022,2,1,3,1,5,1,2,0,1,5,1,11,13,6,2,15,7,18
578,2130,422230.5,3812938.5,2022,2,1,3,1,5,5,2,0,1,5,9,7,10,1,0,6,17,3
592,2173,422359.5,3812896.5,2022,2,1,0,1,5,5,6,6,6,0,2,12,10,11,3,6,17,3
582,2197,422431.5,3812926.5,2022,2,1,3,5,6,5,6,6,6,0,2,12,6,11,3,6,17,3
580,2238,422554.5,3812932.5,2022,2,1,3,2,1,5,6,6,6,0,2,12,6,11,3,13,17,6
583,2274,422662.5,3812923.5,2022,2,1,3,2,1,5,6,6,6,0,2,12,6,11,3,13,0,6
596,2296,422728.5,3812884.5,2022,2,1,3,5,6,5,6,6,6,0,2,12,6,11,3,6,17,3
591,2329,422827.5,3812899.5,2022,2,1,3,5,6,5,6,6,6,0,2,12,6,11,3,13,0,6
593,2358,422914.5,3812893.5,2022,2,1,0,2,1,0,1,6,6,0,2,12,6,11,3,13,0,6
596,2372,422956.5,3812884.5,2022,2,1,3,5,6,5,6,6,6,0,2,12,6,11,3,13,0,6
571,2425,423115.5,3812959.5,2022,2,3,0,2,1,0,1,4,0,7,4,3,9,2,8,4,15,14
580,2442,423166.5,3812932.5,2022,2,3,0,2,1,0,1,4,0,7,4,3,9,2,8,4,15,14
578,2474,423262.5,3812938.5,2022,2,3,0,2,1,0,1,4,0,7,4,3,9,2,8,9,5,4
587,2502,423346.5,3812911.5,2022,2,3,0,2,1,0,1,4,0,7,4,3,9,2,8,9,5,4
599,2540,423460.5,3812875.5,2022,0,0,1,1,5,5,2,8,1,5,9,7,10,1,0,6,17,3
571,2562,423526.5,3812959.5,2022,2,3,0,2,1,0,1,4,0,7,4,3,9,2,8,4,15,14
589,2600,423640.5,3812905.5,2022,2,3,0,2,1,0,1,4,0,7,4,3,9,2,8,4,15,14
592,2633,423739.5,3812896.5,2022,2,3,0,2,1,0,1,4,0,7,4,3,9,2,8,9,5,4
574,2662,423826.5,3812950.5,2022,0,3,0,2,1,0,1,4,0,7,11,7,10,12,7,4,15,14
592,2688,423904.5,3812896.5,2022,0,3,0,2,1,0,1,4,0,7,4,3,9,2,8,4,15,14
577,2726,424018.5,3812941.5,2022,0,3,0,2,3,4,3,7,10,2,6,5,2,5,11,4,15,14
589,2754,424102.5,3812905.5,2022,2,3,0,2,1,0,1,4,0,7,4,3,9,2,8,4,15,14
598,2762,424126.5,3812878.5,2022,2,3,0,2,1,5,1,6,6,0,2,7,10,11,3,4,15,14
598,2794,424222.5,3812878.5,2022,2,3,0,2,1,0,1,4,0,7,4,3,9,2,8,4,15,14
591,2841,424363.5,3812899.5,2022,0,3,0,2,1,0,1,4,0,7,4,3,9,2,8,4,15,14
586,2857,424411.5,3812914.5,2022,0,3,4,3,3,4,3,7,10,2,6,5,2,5,11,4,15,14
589,2906,424558.5,3812905.5,2022,2,3,0,2,1,0,1,4,0,7,4,3,9,2,8,9,5,4
585,2926,424618.5,3812917.5,2022,2,3,0,2,1,0,1,4,0,7,4,3,9,2,8,4,15,14
578,2961,424723.5,3812938.5,2022,2,3,0,2,1,0,1,4,0,7,4,3,9,2,8,9,5,4
590,2971,424753.5,3812902.5,2022,2,3,0,2,1,0,1,4,0,7,4,3,9,2,8,9,5,4
581,3025,424915.5,3812929.5,2022,0,3,4,3,5,4,5,9,4,10,11,7,10,12,7,4,15,14
579,3036,424948.5,3812935.5,2022,2,3,0,2,1,5,1,6,6,0,11,7,10,12,7,4,15,14
579,3081,425083.5,3812935.5,2022,2,1,3,5,6,5,6,6,6,0,2,12,6,11,3,13,0,6
590,3101,425143.5,3812902.5,2022,2,1,0,2,1,0,1,4,6,0,2,12,6,11,3,13,0,6
596,3120,425200.5,3812884.5,2022,2,3,0,2,1,0,1,4,0,7,4,3,9,2,8,4,15,14
580,3165,425335.5,3812932.5,2022,2,1,3,5,6,5,6,6,6,0,2,12,6,11,3,13,0,6
580,3196,425428.5,3812932.5,2022,2,1,3,5,6,5,6,6,6,0,2,12,6,11,3,6,17,3
573,3224,425512.5,3812953.5,2022,2,1,3,5,6,5,6,6,6,0,1,12,1,6,2,1,7,18
600,5,415855.5,3812872.5,2022,1,2,2,0,0,6,4,2,7,6,8,13,11,4,12,12,6,17
610,53,415999.5,3812842.5,2022,1,0,1,1,5,1,2,8,1,5,9,13,11,4,12,12,6,17
623,75,416065.5,3812803.5,2022,1,2,2,0,0,1,2,2,1,6,9,13,11,4,6,12,11,0
612,98,416134.5,3812836.5,2022,1,2,2,0,0,1,4,2,7,6,8,6,8,8,10,3,8,8
616,144,416272.5,3812824.5,2022,1,2,2,0,0,1,4,2,7,6,8,6,8,8,10,3,8,8
629,173,416359.5,3812785.5,2022,1,2,2,0,0,6,4,2,7,6,8,6,8,8,10,3,8,8
605,200,416440.5,3812857.5,2022,1,2,2,0,0,1,4,2,7,6,8,6,8,8,10,3,8,8
619,218,416494.5,3812815.5,2022,1,2,2,0,0,1,4,2,7,6,8,6,8,8,10,3,8,8
622,261,416623.5,3812806.5,2022,1,0,1,1,5,5,2,8,1,5,9,13,11,4,12,12,6,17
628,292,416716.5,3812788.5,2022,1,2,2,1,5,1,2,0,1,5,9,13,11,4,12,12,6,17
603,307,416761.5,3812863.5,2022,1,2,2,0,0,1,4,2,7,6,8,6,8,8,10,3,8,8
620,348,416884.5,3812812.5,2022,1,2,2,0,0,1,4,2,7,6,8,13,11,4,12,12,6,17
629,386,416998.5,3812785.5,2022,1,2,2,0,0,1,4,2,7,6,8,11,13,7,6,15,11,0
624,396,417028.5,3812800.5,2022,1,2,2,0,0,1,4,2,7,6,8,11,13,7,6,15,11,0
610,446,417178.5,3812842.5,2022,0,3,4,1,5,1,2,0,1,5,9,11,13,7,6,15,11,0
606,474,417262.5,3812854.5,2022,0,3,4,1,5,4,2,0,1,5,9,11,13,7,0,8,2,2
612,493,417319.5,3812836.5,2022,0,3,4,3,3,4,3,0,10,2,6,5,2,1,0,8,2,2
619,527,417421.5,3812815.5,2022,0,3,4,3,3,4,3,7,10,2,6,5,2,5,11,2,10,5
628,543,417469.5,3812788.5,2022,0,3,4,3,3,4,3,7,10,2,6,5,2,5,11,2,10,5
628,594,417622.5,3812788.5,2022,0,3,4,3,3,4,3,7,10,2,6,5,2,5,11,2,10,5
613,617,417691.5,3812833.5,2022,0,3,4,3,3,4,3,7,10,2,6,5,2,5,5,2,13,19
620,646,417778.5,3812812.5,2022,0,3,4,3,3,4,3,7,10,2,6,5,2,5,11,2,10,5
603,669,417847.5,3812863.5,2022,0,3,4,3,3,4,3,7,10,2,6,5,2,5,11,2,10,5
620,690,417910.5,3812812.5,2022,0,3,4,3,3,4,3,7,10,2,6,5,2,5,11,2,10,5
611,721,418003.5,3812839.5,2022,0,3,4,3,3,4,3,7,10,2,6,5,2,5,11,2,10,5
626,757,418111.5,3812794.5,2022,0,3,4,3,3,4,3,7,10,10,11,9,7,12,7,11,14,16
615,791,418213.5,3812827.5,2022,1,0,1,1,5,5,2,8,1,5,9,13,11,4,12,12,6,17
616,810,418270.5,3812824.5,2022,0,2,4,1,5,1,2,0,9,1,12,0,13,10,5,5,13,19
613,864,418432.5,3812833.5,2022,0,3,4,3,3,4,3,7,10,2,6,5,2,5,11,10,4,1
604,875,418465.5,3812860.5,2022,0,0,4,3,3,4,3,9,10,10,0,9,7,3,9,10,4,1
625,918,418594.5,3812797.5,2022,1,2,2,0,0,1,4,2,7,6,8,6,8,8,10,3,8,8
628,937,418651.5,3812788.5,2022,1,2,2,0,0,1,4,2,7,6,8,6,8,8,10,3,8,8
627,979,418777.5,3812791.5,2022,0,3,4,3,3,4,3,7,10,2,6,5,2,5,11,2,10,5
603,1002,418846.5,3812863.5,2022,1,2,2,0,0,1,2,0,9,1,12,0,4,10,16,5,1,11
620,1038,418954.5,3812812.5,2022,0,3,4,1,5,1,2,0,9,1,12,11,13,7,5,11,13,19
629,1060,419020.5,3812785.5,2022,0,3,4,3,3,4,3,7,10,2,6,5,2,5,5,2,13,19
616,1102,419146.5,3812824.5,2022,0,3,4,3,3,4,3,7,10,2,6,5,2,5,11,2,10,5
622,1117,419191.5,3812806.5,2022,0,3,4,3,3,4,3,7,10,2,6,5,2,5,11,2,10,5
606,1150,419290.5,3812854.5,2022,0,3,4,3,3,4,3,7,10,2,11,5,2,12,11,11,10,5
624,1197,419431.5,3812800.5,2022,0,3,4,3,3,4,3,7,10,2,6,5,2,5,11,2,10,5
606,1223,419509.5,3812854.5,2022,0,3,4,3,3,4,3,7,10,2,6,5,2,5,11,2,10,5
600,1231,419533.5,3812872.5,2022,0,3,4,3,3,4,2,0,9,1,11,9,7,12,5,11,13,19
619,1266,419638.5,3812815.5,2022,0,3,4,3,3,4,3,7,10,2,6,5,2,5,11,2,10,5
622,1301,419743.5,3812806.5,2022,1,2,2,0,0,1,4,2,7,6,8,6,8,7,6,15,11,0
608,1346,419878.5,3812848.5,2022,0,3,4,3,3,1,2,0,9,1,12,11,13,7,5,15,13,19
604,1360,419920.5,3812860.5,2022,1,2,2,1,5,1,2,0,9,1,12,11,13,7,5,15,13,19
603,1396,420028.5,3812863.5,2022,1,2,2,0,0,1,4,2,9,1,12,0,4,10,16,5,1,11
621,1436,420148.5,3812809.5,2022,0,0,1,4,4,2,5,9,4,10,0,9,7,12,7,11,14,16
628,1452,420196.5,3812788.5,2022,1,0,1,1,5,1,2,0,1,5,9,13,11,1,0,8,2,2
602,1478,420274.5,3812866.5,2022,0,3,4,1,5,4,2,0,1,5,9,7,10,1,0,8,2,2
618,1513,420379.5,3812818.5,2022,1,2,2,0,0,1,4,2,9,1,12,11,13,7,6,15,11,0
616,1553,420499.5,3812824.5,2022,0,3,4,3,3,4,3,7,10,2,6,5,2,5,11,2,10,5
617,1577,420571.5,3812821.5,2022,1,2,2,1,5,1,2,2,7,6,9,11,13,7,6,15,11,0
626,1613,420679.5,3812794.5,2022,1,2,2,1,5,1,2,0,1,5,9,11,13,7,6,15,11,0
611,1636,420748.5,3812839.5,2022,0,0,4,3,3,4,2,0,9,10,11,9,7,12,5,11,13,19
600,1664,420832.5,3812872.5,2022,1,2,2,0,0,1,4,2,7,6,8,6,8,8,10,3,8,8
612,1691,420913.5,3812836.5,2022,1,2,2,0,0,6,4,2,7,6,8,6,8,4,12,12,6,17
620,1719,420997.5,3812812.5,2022,1,2,2,0,0,1,4,2,7,6,8,11,13,7,6,15,11,0
628,1763,421129.5,3812788.5,2022,1,2,2,0,0,1,4,2,7,6,8,6,8,8,10,3,8,8
612,1794,421222.5,3812836.5,2022,1,2,2,1,5,1,2,0,1,5,9,11,13,7,6,15,11,0
622,1811,421273.5,3812806.5,2022,1,2,2,1,5,1,2,0,1,5,9,11,13,1,6,8,2,2
610,1833,421339.5,3812842.5,2022,0,3,4,1,3,4,3,7,10,2,6,7,10,1,0,4,2,2
620,1864,421432.5,3812812.5,2022,0,3,4,1,5,4,2,0,1,5,9,7,10,1,0,8,2,2
618,1893,421519.5,3812818.5,2022,0,0,1,1,5,5,2,8,1,5,9,7,10,1,0,8,17,3
619,1944,421672.5,3812815.5,2022,1,0,1,1,5,2,2,8,1,5,9,13,11,4,12,12,6,17
618,1951,421693.5,3812818.5,2022,1,2,2,1,5,1,2,8,1,5,9,13,11,4,12,12,6,17
625,1989,421807.5,3812797.5,2022,1,2,2,0,0,1,4,2,7,6,8,6,8,8,6,3,11,0
607,2035,421945.5,3812851.5,2022,2,1,3,1,5,1,2,0,1,5,9,11,13,7,6,15,11,0
629,2066,422038.5,3812785.5,2022,2,1,3,1,5,1,6,0,3,11,1,11,1,6,2,15,7,18
610,2093,422119.5,3812842.5,2022,2,1,3,1,5,5,6,6,6,0,2,7,10,0,3,6,17,3
618,2102,422146.5,3812818.5,2022,2,1,3,5,6,5,6,6,6,0,2,12,6,11,3,6,17,12
610,2138,422254.5,3812842.5,2022,1,2,2,0,0,1,4,2,7,6,8,6,8,6,2,15,7,18
608,2176,422368.5,3812848.5,2022,1,2,2,0,0,1,4,2,7,6,8,6,8,6,2,15,7,18
614,2211,422473.5,3812830.5,2022,2,1,3,5,6,5,6,6,3,11,1,2,1,6,2,1,7,18
601,2237,422551.5,3812869.5,2022,1,2,2,0,0,1,4,2,7,6,8,6,8,6,2,1,7,18
605,2261,422623.5,3812857.5,2022,2,1,3,5,6,5,6,6,6,0,2,12,6,11,3,13,17,6
606,2293,422719.5,3812854.5,2022,2,1,3,5,6,5,6,6,6,0,2,12,6,11,3,6,17,3
619,2314,422782.5,3812815.5,2022,2,1,0,2,1,5,6,6,6,0,2,12,6,11,3,4,17,6
613,2359,422917.5,3812833.5,2022,2,1,0,2,1,0,1,6,6,0,2,12,6,11,3,13,0,6
601,2381,422983.5,3812869.5,2022,2,1,0,2,1,5,1,6,6,0,2,12,6,11,3,4,15,14
618,2424,423112.5,3812818.5,2022,2,1,0,1,5,5,6,6,6,0,2,7,10,11,3,6,17,3
604,2456,423208.5,3812860.5,2022,0,3,4,1,5,4,3,7,10,2,11,7,10,12,7,4,15,14
626,2474,423262.5,3812794.5,2022,2,3,0,2,1,0,1,4,0,7,4,3,9,2,8,4,15,14
610,2513,423379.5,3812842.5,2022,2,3,0,2,1,0,1,4,0,7,4,7,10,2,8,4,15,14
610,2544,423472.5,3812842.5,2022,2,3,0,2,1,0,1,4,6,0,11,7,10,12,7,4,15,14
618,2575,423565.5,3812818.5,2022,2,3,0,2,1,0,1,4,0,7,4,3,9,2,8,4,15,14
624,2586,423598.5,3812800.5,2022,2,3,0,2,1,0,1,6,6,0,11,7,10,1,0,4,15,14
623,2612,423676.5,3812803.5,2022,2,1,3,1,5,5,6,6,6,0,2,7,10,11,3,4,17,3
603,2656,423808.5,3812863.5,2022,0,3,0,2,1,0,1,4,0,7,11,3,9,2,8,4,15,14
622,2684,423892.5,3812806.5,2022,0,3,4,3,3,4,3,7,10,2,6,5,2,5,11,4,10,14
613,2716,423988.5,3812833.5,2022,0,3,4,3,3,4,3,7,10,2,6,5,2,5,11,10,4,1
624,2754,424102.5,3812800.5,2022,0,3,0,2,1,0,1,4,0,7,4,3,9,2,8,4,15,14
605,2768,424144.5,3812857.5,2022,0,3,0,2,1,0,1,4,0,7,4,3,9,2,8,4,15,14
614,2808,424264.5,3812830.5,2022,0,3,0,2,1,0,1,4,0,2,4,5,2,5,11,4,15,14
629,2849,424387.5,3812785.5,2022,0,3,0,2,1,0,1,4,10,2,11,7,10,5,11,4,15,14
620,2876,424468.5,3812812.5,2022,2,3,0,2,1,4,1,4,6,0,11,7,10,12,7,4,15,14
622,2887,424501.5,3812806.5,2022,0,3,0,2,1,0,1,4,0,7,4,3,9,2,8,4,15,14
622,2919,424597.5,3812806.5,2022,2,3,0,2,1,0,1,4,0,7,4,3,9,2,8,9,5,4
619,2960,424720.5,3812815.5,2022,2,3,0,2,1,0,1,6,6,0,11,7,10,12,7,4,15,14
602,2991,424813.5,3812866.5,2022,2,1,3,1,5,5,6,6,6,0,2,12,6,11,3,6,17,3
622,3001,424843.5,3812806.5,2022,2,1,0,2,1,5,6,6,6,0,2,12,6,11,3,13,0,6
620,3032,424936.5,3812812.5,2022,2,1,0,2,1,5,6,6,6,0,2,12,6,11,3,13,15,6
602,3080,425080.5,3812866.5,2022,2,1,0,2,1,0,1,4,0,7,4,3,9,2,8,9,5,6
605,3107,425161.5,3812857.5,2022,2,1,0,2,1,0,1,4,0,7,4,3,9,2,8,4,15,6
618,3122,425206.5,3812818.5,2022,2,3,0,2,1,0,1,4,0,7,4,3,9,2,8,9,5,4
607,3170,425350.5,3812851.5,2022,2,1,3,5,6,5,6,6,6,0,2,12,6,11,3,13,0,6
625,3198,425434.5,3812797.5,2022,2,1,3,5,6,5,6,6,6,0,2,12,6,11,3,13,0,6
619,3216,425488.5,3812815.5,2022,2,1,3,5,6,3,7,1,8,3,2,12,6,11,3,13,0,6
639,26,415918.5,3812755.5,2022,1,2,2,0,0,1,4,2,7,6,8,6,8,8,10,12,8,8
638,37,415951.5,3812758.5,2022,1,2,2,0,0,1,4,2,7,6,8,13,11,4,6,12,11,0
651,74,416062.5,3812719.5,2022,1,2,1,1,5,1,2,8,1,5,9,13,11,4,12,12,6,17
642,105,416155.5,3812746.5,2022,1,2,2,0,0,1,4,2,7,6,8,6,8,8,10,3,8,8
654,138,416254.5,3812710.5,2022,1,2,2,0,0,1,4,2,7,6,8,6,8,8,10,3,8,8
648,150,416290.5,3812728.5,2022,1,2,2,0,0,6,4,2,7,6,8,6,8,8,10,3,8,8
644,207,416461.5,3812740.5,2022,1,2,2,0,0,1,4,2,7,6,8,6,8,8,10,3,8,8
657,220,416500.5,3812701.5,2022,1,2,2,0,0,1,4,2,7,6,8,13,11,4,12,12,6,17
633,269,416647.5,3812773.5,2022,1,2,2,0,0,1,4,2,7,6,8,6,8,8,10,3,11,0
630,294,416722.5,3812782.5,2022,1,2,2,1,5,1,2,0,1,5,9,13,11,1,0,8,2,2
635,316,416788.5,3812767.5,2022,1,2,2,0,0,1,4,0,7,6,8,11,13,7,6,15,11,0
654,348,416884.5,3812710.5,2022,1,2,2,1,5,1,2,0,1,5,9,11,13,7,6,15,11,0
632,374,416962.5,3812776.5,2022,1,2,2,0,0,1,4,2,7,6,8,6,8,8,10,3,8,8
634,416,417088.5,3812770.5,2022,0,3,4,1,5,1,2,0,1,5,9,11,13,1,0,8,2,2
636,421,417103.5,3812764.5,2022,0,3,4,1,5,4,2,0,1,5,9,11,13,7,0,8,2,2
655,464,417232.5,3812707.5,2022,0,3,4,1,5,1,2,0,1,5,9,11,13,7,6,15,2,2
632,487,417301.5,3812776.5,2022,0,2,4,1,5,1,2,0,9,5,9,11,13,7,6,15,11,0
648,531,417433.5,3812728.5,2022,0,3,4,3,3,4,3,7,10,2,6,5,2,5,11,2,10,5
635,540,417460.5,3812767.5,2022,0,3,4,3,3,4,3,7,10,2,6,5,2,5,11,2,10,5
652,588,417604.5,3812716.5,2022,0,3,4,3,3,4,3,7,10,2,6,5,2,5,11,2,10,5
637,603,417649.5,3812761.5,2022,0,3,4,3,3,4,3,7,10,2,6,5,2,5,11,2,10,5
644,657,417811.5,3812740.5,2022,0,3,4,3,3,4,3,7,10,2,6,5,2,5,11,2,10,5
635,670,417850.5,3812767.5,2022,0,3,4,3,3,4,3,7,10,2,6,5,2,5,11,2,10,5
656,697,417931.5,3812704.5,2022,0,3,4,3,3,4,3,7,10,2,6,5,2,5,11,2,10,5
644,728,418024.5,3812740.5,2022,0,3,4,3,3,4,3,7,10,10,11,9,7,12,7,11,14,16
635,767,418141.5,3812767.5,2022,1,2,2,0,0,1,4,2,9,1,12,0,4,10,16,5,1,11
656,801,418243.5,3812704.5,2022,0,3,4,3,3,4,3,7,10,2,6,5,2,5,11,2,10,5
640,835,418345.5,3812752.5,2022,0,3,4,3,3,4,3,7,10,2,6,5,2,5,11,2,10,5
657,840,418360.5,3812701.5,2022,1,2,2,1,5,1,2,0,9,1,12,0,4,10,16,5,1,11
632,874,418462.5,3812776.5,2022,1,2,2,0,0,6,4,2,7,6,8,6,8,8,10,3,8,8
640,909,418567.5,3812752.5,2022,1,2,2,0,0,1,4,2,7,6,8,6,8,8,10,3,8,8
644,958,418714.5,3812740.5,2022,0,0,4,3,4,2,5,9,4,10,11,9,7,12,7,11,14,16
654,988,418804.5,3812710.5,2022,1,0,1,4,4,2,5,8,4,1,3,0,14,10,16,5,1,11
649,1002,418846.5,3812725.5,2022,0,3,4,3,3,4,2,0,9,1,12,11,13,12,5,11,13,19
639,1023,418909.5,3812755.5,2022,0,2,4,1,5,1,2,0,9,1,12,11,13,7,5,5,13,19
652,1063,419029.5,3812716.5,2022,0,3,4,3,3,4,3,7,10,2,6,5,2,5,11,2,10,5
631,1106,419158.5,3812779.5,2022,0,3,4,3,3,4,3,7,10,2,6,5,2,5,11,2,10,5
634,1131,419233.5,3812770.5,2022,0,3,4,3,3,4,3,7,10,2,6,5,2,5,11,2,10,5
648,1144,419272.5,3812728.5,2022,0,3,4,3,3,4,3,7,10,2,6,5,2,5,11,2,10,5
653,1176,419368.5,3812713.5,2022,0,3,4,3,3,4,3,7,10,2,6,5,2,5,11,2,10,5
640,1210,419470.5,3812752.5,2022,0,3,4,3,3,4,3,7,10,2,6,5,2,5,11,2,10,5
635,1253,419599.5,3812767.5,2022,0,3,4,3,3,4,3,7,10,2,6,5,2,5,5,11,13,19
649,1289,419707.5,3812725.5,2022,1,2,2,0,0,1,4,2,9,6,8,11,13,7,6,15,11,0
642,1299,419737.5,3812746.5,2022,0,3,4,3,3,4,3,7,10,2,6,5,2,5,11,2,10,5
657,1328,419824.5,3812701.5,2022,0,3,4,3,3,4,3,7,10,2,6,5,2,5,11,2,10,5
656,1363,419929.5,3812704.5,2022,0,0,4,3,3,4,5,9,4,10,11,9,7,12,7,11,14,16
642,1385,419995.5,3812746.5,2022,0,0,4,3,3,4,5,9,4,10,11,9,7,12,7,11,14,16
651,1421,420103.5,3812719.5,2022,0,3,4,3,3,4,3,7,10,10,11,5,7,12,7,11,14,16
646,1444,420172.5,3812734.5,2022,0,3,4,3,3,4,3,7,10,2,6,5,2,5,11,11,10,5
658,1491,420313.5,3812698.5,2022,0,0,1,4,4,2,5,9,4,10,11,9,7,12,7,11,14,16
637,1512,420376.5,3812761.5,2022,1,2,2,0,0,1,4,2,7,6,8,6,8,8,6,3,11,0
645,1550,420490.5,3812737.5,2022,1,2,2,0,0,6,4,2,7,6,8,6,8,8,10,3,8,8
643,1574,420562.5,3812743.5,2022,1,2,2,0,0,1,4,2,7,6,8,6,8,8,6,3,11,0
634,1601,420643.5,3812770.5,2022,1,2,2,0,0,1,4,2,7,6,8,11,13,7,6,15,11,0
643,1624,420712.5,3812743.5,2022,1,2,2,0,0,1,4,2,7,6,8,6,8,8,6,15,11,0
632,1667,420841.5,3812776.5,2022,1,2,2,0,0,1,4,2,7,6,8,6,8,8,10,3,8,8
651,1694,420922.5,3812719.5,2022,1,2,2,0,0,1,4,2,7,6,8,6,8,8,6,3,11,0
634,1737,421051.5,3812770.5,2022,1,2,2,1,5,1,2,0,1,5,9,11,13,7,6,15,11,0
640,1756,421108.5,3812752.5,2022,1,2,2,0,0,1,4,2,7,6,8,6,8,8,10,3,11,0
644,1789,421207.5,3812740.5,2022,0,3,4,1,5,4,2,0,1,5,9,11,13,1,0,8,2,2
647,1804,421252.5,3812731.5,2022,0,0,4,1,5,2,2,0,1,5,9,7,10,1,0,8,2,2
657,1859,421417.5,3812701.5,2022,1,2,2,0,0,1,2,2,7,6,9,11,11,7,6,15,11,0
632,1872,421456.5,3812776.5,2022,0,0,4,1,4,2,5,9,4,10,11,9,7,12,7,11,14,16
654,1911,421573.5,3812710.5,2022,0,0,1,4,4,2,5,9,4,9,0,9,12,3,9,10,4,15
659,1931,421633.5,3812695.5,2022,0,0,1,4,4,2,5,9,4,9,0,4,12,9,1,0,3,15
648,1956,421708.5,3812728.5,2022,0,0,1,1,5,2,2,8,1,5,9,13,11,1,0,8,2,2
656,1994,421822.5,3812704.5,2022,1,0,1,1,5,2,2,8,1,5,9,13,11,4,12,12,6,17
633,2018,421894.5,3812773.5,2022,1,2,2,0,0,1,4,2,7,6,8,6,8,8,10,3,8,8
653,2069,422047.5,3812713.5,2022,2,1,3,1,5,5,6,8,3,11,2,7,11,0,4,6,17,3
648,2073,422059.5,3812728.5,2022,1,2,2,0,0,1,4,2,7,6,8,11,13,7,6,15,11,0
659,2109,422167.5,3812695.5,2022,2,1,3,5,6,5,6,8,3,11,1,2,1,0,4,6,17,3
640,2158,422314.5,3812752.5,2022,1,2,2,0,0,1,4,2,7,6,8,6,8,6,2,1,7,18
634,2175,422365.5,3812770.5,2022,1,2,2,0,0,1,4,2,7,6,8,11,13,7,6,15,11,0
645,2201,422443.5,3812737.5,2022,2,1,3,5,6,5,6,6,3,11,2,2,1,0,4,6,17,3
657,2234,422542.5,3812701.5,2022,2,1,3,1,5,5,6,6,6,0,2,7,10,1,0,6,17,3
633,2279,422677.5,3812773.5,2022,2,1,3,1,5,5,6,6,6,0,2,7,10,11,3,6,17,3
632,2283,422689.5,3812776.5,2022,2,1,3,5,6,5,6,6,6,0,2,12,6,11,3,6,17,3
635,2311,422773.5,3812767.5,2022,2,1,0,1,5,5,6,6,6,0,2,7,10,1,0,6,17,3
642,2360,422920.5,3812746.5,2022,2,3,0,1,5,5,6,6,6,0,2,7,10,1,0,4,15,14
656,2375,422965.5,3812704.5,2022,2,1,3,1,5,5,6,6,6,0,2,7,10,1,0,6,17,3
646,2405,423055.5,3812734.5,2022,2,1,3,5,6,5,6,6,6,0,2,12,6,11,3,13,0,6
642,2456,423208.5,3812746.5,2022,2,1,3,2,6,5,6,6,6,0,2,12,6,11,3,13,17,6
635,2472,423256.5,3812767.5,2022,2,3,0,2,1,0,1,4,0,7,4,3,9,2,8,4,15,14
647,2490,423310.5,3812731.5,2022,2,1,0,2,1,0,1,6,6,0,2,12,6,11,3,4,15,14
648,2523,423409.5,3812728.5,2022,2,1,3,2,6,5,6,6,6,0,2,12,6,11,3,13,0,6
630,2578,423574.5,3812782.5,2022,0,3,0,2,1,4,1,4,10,2,11,7,10,12,7,4,15,14
658,2602,423646.5,3812698.5,2022,2,1,3,5,6,5,6,6,6,0,2,12,6,11,3,13,0,6
656,2618,423694.5,3812704.5,2022,2,1,3,1,5,5,6,6,6,0,2,12,6,11,3,6,17,3
633,2652,423796.5,3812773.5,2022,0,3,0,3,3,4,3,7,10,2,6,5,2,5,11,2,10,5
657,2671,423853.5,3812701.5,2022,0,3,4,3,3,4,3,7,10,2,11,7,10,12,7,4,15,14
647,2724,424012.5,3812731.5,2022,0,3,4,3,3,4,3,7,10,10,11,7,7,12,7,11,14,16
657,2744,424072.5,3812701.5,2022,0,3,0,2,1,0,1,4,0,2,4,5,2,5,11,4,15,14
642,2787,424201.5,3812746.5,2022,0,3,4,3,3,4,3,7,10,2,11,7,10,12,7,4,15,14
653,2816,424288.5,3812713.5,2022,0,3,4,3,3,4,3,7,10,2,6,5,2,5,11,4,10,14
631,2838,424354.5,3812779.5,2022,0,3,0,2,1,0,1,4,0,7,4,3,9,2,8,9,15,4
630,2854,424402.5,3812782.5,2022,2,3,0,2,1,0,1,4,0,7,4,3,9,2,8,4,15,14
645,2904,424552.5,3812737.5,2022,2,3,0,2,1,0,1,4,0,7,4,3,9,2,8,9,5,4
631,2936,424648.5,3812779.5,2022,2,1,0,2,1,0,1,4,6,0,2,12,6,11,3,4,15,14
631,2956,424708.5,3812779.5,2022,2,3,0,2,1,0,1,4,0,7,4,3,9,2,8,9,5,4
650,2981,424783.5,3812722.5,2022,2,3,0,2,1,0,1,4,0,7,4,3,9,2,8,9,5,4
632,3023,424909.5,3812776.5,2022,2,1,0,2,1,0,1,4,6,0,2,12,6,11,3,4,15,6
631,3043,424969.5,3812779.5,2022,2,1,0,2,1,5,6,6,6,0,2,12,6,11,3,13,0,6
658,3067,425041.5,3812698.5,2022,2,1,0,2,1,0,1,6,6,0,2,12,6,11,3,13,0,6
636,3112,425176.5,3812764.5,2022,2,1,0,2,1,0,1,6,6,0,2,12,6,11,3,4,15,6
633,3131,425233.5,3812773.5,2022,2,1,0,2,1,0,1,4,0,7,4,3,9,2,8,9,5,4
641,3174,425362.5,3812749.5,2022,2,1,0,2,1,0,1,6,6,0,2,12,6,11,3,13,0,6
658,3191,425413.5,3812698.5,2022,2,1,0,2,1,0,1,4,0,7,4,3,9,2,8,9,5,6
646,3215,425485.5,3812734.5,2022,2,1,0,2,1,0,1,6,6,0,2,12,6,11,3,13,15,6
647,3249,425587.5,3812731.5,2022,2,1,0,2,1,0,1,4,6,0,2,12,6,11,3,4,15,14
656,3297,425731.5,3812704.5,2022,2,3,0,2,1,0,1,4,0,7,4,3,9,2,8,9,5,4
659,3312,425776.5,3812695.5,2022,2,3,0,2,1,0,1,4,0,7,4,3,9,2,8,4,15,14
659,3333,425839.5,3812695.5,2022,2,1,0,2,1,0,1,4,0,7,4,3,9,2,8,9,5,4
662,6,415858.5,3812686.5,2022,1,2,2,0,0,1,4,2,7,6,8,13,11,4,12,12,6,17
664,50,415990.5,3812680.5,2022,1,2,2,0,0,1,4,2,7,6,8,6,8,8,10,3,8,8
677,75,416065.5,3812641.5,2022,1,2,2,1,5,1,2,0,1,5,9,13,11,4,12,12,6,17
686,110,416170.5,3812614.5,2022,1,2,2,0,0,1,8,3,9,1,12,0,4,10,16,5,1,11
677,148,416284.5,3812641.5,2022,1,2,2,0,0,1,4,2,7,6,8,6,8,8,10,3,8,8
668,167,416341.5,3812668.5,2022,1,2,2,0,0,1,4,2,7,6,8,6,8,8,10,3,8,8
687,182,416386.5,3812611.5,2022,1,2,2,0,0,1,4,2,7,6,8,6,8,8,10,3,8,8
673,216,416488.5,3812653.5,2022,1,2,2,0,0,1,4,2,7,6,8,6,8,8,10,3,8,8
682,266,416638.5,3812626.5,2022,1,2,2,0,0,1,4,2,7,6,8,6,8,8,10,3,8,8
671,286,416698.5,3812659.5,2022,1,2,2,0,0,1,4,2,7,6,8,6,8,8,6,3,11,0
684,317,416791.5,3812620.5,2022,1,2,2,0,0,1,4,2,7,6,8,6,8,8,6,3,11,0
661,349,416887.5,3812689.5,2022,1,2,2,1,5,1,2,0,1,5,9,13,11,4,12,12,6,17
676,370,416950.5,3812644.5,2022,1,2,2,1,5,1,2,0,1,5,9,11,13,7,6,15,11,0
683,398,417034.5,3812623.5,2022,1,2,2,0,0,1,4,2,7,6,8,6,8,8,10,3,11,0
676,447,417181.5,3812644.5,2022,1,2,2,1,5,1,2,0,7,6,8,11,13,7,6,15,11,0
683,454,417202.5,3812623.5,2022,1,2,2,1,5,1,2,0,1,6,9,11,13,7,6,15,11,0
664,498,417334.5,3812680.5,2022,0,3,4,3,3,4,3,7,10,2,6,5,2,5,11,2,10,5
668,512,417376.5,3812668.5,2022,0,2,4,1,5,1,2,0,9,1,12,11,13,7,5,15,13,19
681,544,417472.5,3812629.5,2022,0,3,4,3,3,4,3,7,9,2,6,11,13,7,5,2,13,19
689,573,417559.5,3812605.5,2022,0,3,4,3,3,4,3,7,10,2,6,5,2,5,11,2,10,5
673,620,417700.5,3812653.5,2022,0,3,4,3,3,4,3,7,10,2,6,5,2,5,5,2,13,19
669,643,417769.5,3812665.5,2022,0,3,4,3,3,4,3,7,10,2,6,5,2,5,11,2,10,5
670,669,417847.5,3812662.5,2022,0,3,4,3,3,4,3,7,10,2,6,5,2,5,11,2,10,5
660,719,417997.5,3812692.5,2022,0,3,4,3,3,4,3,7,10,2,6,5,2,5,11,2,10,5
661,725,418015.5,3812689.5,2022,0,3,4,3,3,4,3,7,10,10,11,9,7,12,7,11,14,16
668,754,418102.5,3812668.5,2022,0,3,4,3,3,4,3,7,10,10,11,5,7,12,7,11,14,16
673,786,418198.5,3812653.5,2022,0,3,4,3,3,4,3,7,10,2,6,9,7,5,11,11,10,5
680,830,418330.5,3812632.5,2022,1,2,2,0,0,1,4,2,7,6,8,6,8,8,10,3,8,11
687,856,418408.5,3812611.5,2022,1,2,2,0,0,1,4,2,7,6,8,6,4,10,16,5,1,11
684,892,418516.5,3812620.5,2022,1,2,2,0,0,1,4,2,7,6,8,6,8,8,10,3,8,8
664,913,418579.5,3812680.5,2022,1,2,2,0,0,1,4,2,7,6,8,6,8,8,6,3,11,0
676,954,418702.5,3812644.5,2022,0,3,4,3,3,4,3,7,10,10,11,9,7,12,7,11,14,16
687,964,418732.5,3812611.5,2022,0,0,1,4,4,2,5,9,4,10,11,7,14,12,7,11,14,16
678,995,418825.5,3812638.5,2022,0,3,4,3,3,4,3,0,9,1,12,9,7,12,5,11,13,19
684,1040,418960.5,3812620.5,2022,0,3,4,3,3,4,3,7,10,2,6,5,2,5,11,2,10,5
676,1068,419044.5,3812644.5,2022,0,3,4,3,3,4,3,7,10,2,6,5,2,5,11,2,10,5
674,1103,419149.5,3812650.5,2022,0,3,4,3,3,4,3,7,10,2,6,5,2,5,11,2,10,5
685,1113,419179.5,3812617.5,2022,0,3,4,3,3,4,3,7,10,2,6,5,2,5,11,2,10,5
665,1164,419332.5,3812677.5,2022,0,3,4,3,3,4,3,7,10,2,6,5,2,5,11,2,10,5
672,1178,419374.5,3812656.5,2022,0,3,4,3,3,4,3,7,10,2,6,5,2,5,11,2,10,5
662,1216,419488.5,3812686.5,2022,0,3,4,3,3,4,3,7,10,2,6,5,2,5,11,2,10,5
687,1245,419575.5,3812611.5,2022,0,3,4,3,3,4,3,7,10,2,6,5,2,5,11,2,10,5
689,1266,419638.5,3812605.5,2022,0,3,4,3,3,4,3,7,10,2,6,5,2,5,11,2,10,5
687,1302,419746.5,3812611.5,2022,1,2,2,0,0,1,4,2,9,1,12,11,13,7,5,15,13,19
680,1335,419845.5,3812632.5,2022,0,3,4,3,3,4,3,7,10,2,6,5,2,5,11,2,10,5
682,1370,419950.5,3812626.5,2022,0,0,1,4,4,2,5,9,4,10,11,9,7,12,7,11,14,16
689,1380,419980.5,3812605.5,2022,0,3,4,3,3,4,3,0,10,10,11,9,7,12,5,11,13,19
672,1433,420139.5,3812656.5,2022,0,3,4,1,5,1,2,0,1,5,9,11,13,1,0,8,2,2
667,1458,420214.5,3812671.5,2022,1,2,2,0,0,1,4,2,9,1,12,11,13,7,5,15,11,0
660,1491,420313.5,3812692.5,2022,0,0,4,3,3,4,5,9,4,10,11,9,7,12,7,11,14,16
662,1500,420340.5,3812686.5,2022,0,0,4,3,5,2,5,9,4,10,11,9,7,12,7,11,14,16
671,1533,420439.5,3812659.5,2022,0,0,4,1,5,5,2,0,1,5,9,7,10,1,0,8,2,2
686,1575,420565.5,3812614.5,2022,1,2,2,0,0,1,4,2,7,6,8,6,8,8,10,3,8,8
669,1611,420673.5,3812665.5,2022,1,2,2,1,5,1,2,0,1,5,9,11,13,7,6,15,11,0
684,1639,420757.5,3812620.5,2022,1,2,2,1,5,1,2,0,9,1,12,0,4,10,5,5,13,19
689,1664,420832.5,3812605.5,2022,1,2,2,1,5,1,2,0,9,1,12,0,4,10,5,5,13,19
681,1692,420916.5,3812629.5,2022,1,2,2,0,0,1,4,2,7,6,8,6,8,8,6,3,11,0
684,1720,421000.5,3812620.5,2022,1,2,2,0,0,1,4,2,7,6,8,6,8,8,10,3,11,0
664,1768,421144.5,3812680.5,2022,0,0,4,1,5,1,2,0,1,5,9,7,11,1,0,8,2,2
675,1798,421234.5,3812647.5,2022,1,2,2,1,5,1,2,0,1,5,9,11,13,7,6,15,11,0
676,1805,421255.5,3812644.5,2022,1,0,1,4,4,2,5,9,4,9,3,4,14,9,1,7,3,7
686,1841,421363.5,3812614.5,2022,0,3,4,3,3,4,3,7,10,2,6,5,2,5,11,2,10,5
685,1867,421441.5,3812617.5,2022,0,0,4,3,4,2,5,9,4,10,11,9,7,12,7,11,14,16
666,1894,421522.5,3812674.5,2022,0,0,4,3,3,4,3,9,10,10,0,9,7,3,9,10,4,1
685,1927,421621.5,3812617.5,2022,0,3,4,3,3,4,3,7,10,10,6,9,7,3,9,10,4,1
683,1979,421777.5,3812623.5,2022,0,0,4,3,4,2,5,9,4,10,0,9,7,3,9,10,4,1
683,1991,421813.5,3812623.5,2022,0,0,1,4,4,2,5,9,4,10,0,9,7,3,9,10,4,1
689,2025,421915.5,3812605.5,2022,1,0,1,1,5,2,2,8,1,5,3,13,11,4,12,12,6,17
677,2046,421978.5,3812641.5,2022,2,1,3,1,5,5,2,0,1,5,9,7,10,1,0,8,17,3
663,2091,422113.5,3812683.5,2022,2,1,3,1,5,5,6,6,6,0,2,7,10,11,3,6,17,3
681,2100,422140.5,3812629.5,2022,1,2,2,0,0,1,4,2,7,6,8,6,8,6,2,3,7,18
661,2150,422290.5,3812689.5,2022,1,2,2,1,5,1,4,2,7,6,1,2,1,6,2,15,7,18
678,2167,422341.5,3812638.5,2022,1,2,2,1,5,1,4,2,3,6,1,11,13,6,2,15,7,18
679,2216,422488.5,3812635.5,2022,1,1,3,5,6,5,6,8,3,11,1,2,1,6,2,1,7,18
684,2243,422569.5,3812620.5,2022,1,2,3,1,5,5,6,8,3,11,1,2,1,0,12,12,6,17
676,2267,422641.5,3812644.5,2022,2,1,3,1,5,5,2,0,1,5,9,7,10,1,0,6,17,3
660,2283,422689.5,3812692.5,2022,2,1,3,1,5,5,6,8,3,11,9,7,11,0,4,6,17,3
663,2339,422857.5,3812683.5,2022,2,1,3,1,5,5,6,6,1,5,9,7,10,1,0,6,17,3
666,2361,422923.5,3812674.5,2022,2,3,0,1,5,5,6,6,6,0,2,7,10,1,0,4,15,14
673,2392,423016.5,3812653.5,2022,2,1,3,1,5,5,6,6,1,5,9,7,10,1,0,6,17,3
683,2420,423100.5,3812623.5,2022,2,1,0,1,5,5,6,6,6,0,2,7,10,11,3,6,17,3
687,2437,423151.5,3812611.5,2022,0,0,1,1,5,2,2,8,1,5,9,7,10,1,0,6,17,3
680,2463,423229.5,3812632.5,2022,2,1,3,1,5,5,6,6,6,0,2,7,10,11,3,6,17,3
675,2492,423316.5,3812647.5,2022,2,3,4,1,5,5,2,0,1,5,9,7,10,1,0,6,17,3
664,2523,423409.5,3812680.5,2022,2,1,3,5,6,5,6,6,6,0,2,12,6,11,3,13,0,6
668,2568,423544.5,3812668.5,2022,2,1,3,5,6,5,6,6,6,0,2,12,6,11,3,13,17,6
686,2595,423625.5,3812614.5,2022,2,1,3,2,1,5,6,6,6,0,2,12,6,11,3,6,17,3
686,2639,423757.5,3812614.5,2022,0,3,0,2,1,0,1,4,0,7,4,3,9,2,8,9,5,4
673,2649,423787.5,3812653.5,2022,0,3,0,3,3,4,3,7,10,2,6,5,2,5,11,4,15,14
689,2670,423850.5,3812605.5,2022,0,3,4,3,3,4,3,7,10,2,6,5,2,5,11,2,10,5
679,2727,424021.5,3812635.5,2022,2,3,0,1,5,5,1,6,6,0,11,7,10,12,7,4,15,14
672,2750,424090.5,3812656.5,2022,0,3,4,3,3,4,3,7,10,2,6,5,2,5,11,4,15,14
667,2786,424198.5,3812671.5,2022,2,3,0,2,1,0,1,4,0,7,4,3,9,2,8,4,15,14
681,2792,424216.5,3812629.5,2022,0,3,0,2,1,0,1,4,0,7,4,3,9,2,8,4,15,14
675,2846,424378.5,3812647.5,2022,0,3,4,3,3,4,3,7,10,10,11,7,10,12,7,4,15,14
661,2859,424417.5,3812689.5,2022,2,3,0,2,1,5,6,6,6,0,11,7,10,12,7,4,15,14
686,2908,424564.5,3812614.5,2022,2,3,0,2,1,0,1,4,0,7,4,3,9,2,8,9,5,4
673,2913,424579.5,3812653.5,2022,0,3,0,2,1,0,1,4,0,7,4,3,9,2,8,4,15,14
678,2960,424720.5,3812638.5,2022,2,3,0,2,1,0,1,4,0,7,4,3,9,2,8,9,5,4
671,2987,424801.5,3812659.5,2022,2,3,0,2,1,0,1,4,0,7,4,3,9,2,8,9,5,4
688,3023,424909.5,3812608.5,2022,2,1,0,2,1,0,1,4,0,7,4,3,9,2,8,4,15,6
683,3049,424987.5,3812623.5,2022,2,1,0,2,1,0,1,4,0,7,4,3,9,2,8,9,5,4
665,3086,425098.5,3812677.5,2022,2,3,0,2,1,0,1,4,0,7,4,3,9,2,8,9,5,4
686,3090,425110.5,3812614.5,2022,2,1,3,2,1,5,6,6,6,0,2,12,6,11,3,13,0,6
676,3146,425278.5,3812644.5,2022,2,1,0,2,1,0,1,6,6,0,2,12,6,11,3,13,0,6
676,3172,425356.5,3812644.5,2022,2,1,3,5,6,5,6,6,6,0,2,12,6,11,3,13,0,6
685,3205,425455.5,3812617.5,2022,2,3,0,2,1,0,1,4,0,7,4,3,9,2,8,9,5,4
686,3217,425491.5,3812614.5,2022,2,3,0,2,1,0,1,4,0,7,4,3,9,2,8,9,5,4
682,3250,425590.5,3812626.5,2022,2,3,0,2,1,0,1,4,0,7,4,3,9,2,8,9,5,4
682,3277,425671.5,3812626.5,2022,2,3,0,2,1,0,1,4,0,7,4,3,9,2,8,9,5,4
687,3320,425800.5,3812611.5,2022,2,1,0,2,1,0,1,4,0,7,4,3,9,2,8,9,5,4
688,3333,425839.5,3812608.5,2022,2,3,0,2,1,0,1,4,0,7,4,3,9,2,8,9,5,4
708,24,415912.5,3812548.5,2022,1,2,2,0,0,6,4,2,7,6,8,6,8,4,12,12,6,17
697,56,416008.5,3812581.5,2022,1,2,2,0,0,1,2,2,1,5,9,13,11,4,12,12,6,17
693,71,416053.5,3812593.5,2022,1,2,2,0,0,1,4,2,7,6,8,13,11,4,6,12,11,0
715,106,416158.5,3812527.5,2022,1,2,2,0,0,1,4,2,7,6,8,13,11,4,12,12,6,17
696,149,416287.5,3812584.5,2022,1,2,2,0,0,1,4,2,7,6,8,6,8,8,10,3,8,8
690,152,416296.5,3812602.5,2022,1,2,2,0,0,1,4,2,7,6,8,6,8,8,10,3,8,8
710,206,416458.5,3812542.5,2022,1,2,2,0,0,1,4,2,7,6,8,6,8,8,10,3,8,8
716,222,416506.5,3812524.5,2022,1,2,2,0,0,1,4,2,7,6,8,6,8,8,10,3,8,8
713,254,416602.5,3812533.5,2022,1,2,2,0,0,1,4,2,7,6,8,6,8,8,10,3,8,8
710,292,416716.5,3812542.5,2022,1,2,2,0,0,1,4,2,7,6,8,6,8,8,10,3,8,8
694,313,416779.5,3812590.5,2022,1,2,2,0,0,1,4,2,7,6,8,6,8,8,6,3,11,0
719,346,416878.5,3812515.5,2022,1,2,2,0,0,1,4,2,7,6,8,6,8,8,10,3,8,8
719,385,416995.5,3812515.5,2022,1,2,2,0,0,1,4,2,7,6,8,6,8,7,6,15,11,0
697,413,417079.5,3812581.5,2022,1,2,2,0,0,1,4,2,7,6,8,6,8,8,10,3,8,8
693,425,417115.5,3812593.5,2022,1,2,2,1,5,1,2,0,1,5,9,11,13,7,6,15,11,0
693,473,417259.5,3812593.5,2022,1,2,2,0,0,1,4,2,7,6,8,6,8,7,6,15,11,0
691,488,417304.5,3812599.5,2022,0,3,4,1,5,4,2,0,1,5,9,11,13,7,0,8,2,2
699,530,417430.5,3812575.5,2022,0,3,4,3,3,4,3,7,10,2,6,11,13,5,5,2,13,19
692,553,417499.5,3812596.5,2022,0,3,4,3,3,4,3,7,10,2,6,5,2,5,11,2,10,5
703,588,417604.5,3812563.5,2022,0,3,4,3,3,4,3,7,10,2,6,5,2,5,11,2,10,5
698,611,417673.5,3812578.5,2022,0,3,4,3,3,4,3,7,10,2,6,5,2,5,11,2,10,5
714,630,417730.5,3812530.5,2022,0,3,4,3,3,4,3,7,10,2,6,5,2,5,11,2,10,5
697,664,417832.5,3812581.5,2022,0,3,4,3,3,4,3,7,10,2,6,5,2,5,11,2,10,5
700,699,417937.5,3812572.5,2022,0,0,4,3,3,4,2,0,9,1,12,11,13,12,5,11,13,19
713,742,418066.5,3812533.5,2022,1,2,2,0,0,1,4,2,7,6,8,6,8,8,10,3,8,8
717,779,418177.5,3812521.5,2022,1,2,2,1,5,1,2,0,9,1,12,0,4,10,5,5,13,19
703,783,418189.5,3812563.5,2022,0,2,4,1,5,1,2,0,9,1,12,11,13,7,5,15,13,19
695,839,418357.5,3812587.5,2022,1,2,2,0,0,1,4,2,9,1,12,0,4,10,16,5,1,11
697,852,418396.5,3812581.5,2022,1,2,2,0,0,1,4,2,9,1,12,0,4,10,16,5,1,11
702,888,418504.5,3812566.5,2022,1,2,2,0,0,1,4,2,7,6,8,6,8,8,10,3,8,8
707,904,418552.5,3812551.5,2022,1,2,2,0,0,1,4,2,7,6,8,6,8,8,10,3,8,8
719,939,418657.5,3812515.5,2022,0,3,4,3,3,4,3,7,10,10,11,9,7,12,7,11,14,16
711,964,418732.5,3812539.5,2022,1,0,1,1,5,2,2,0,9,1,11,0,14,12,7,11,14,16
700,1019,418897.5,3812572.5,2022,0,3,4,3,3,4,3,7,10,2,6,5,2,5,11,2,10,5
698,1025,418915.5,3812578.5,2022,0,3,4,3,3,4,3,7,10,2,6,5,2,5,11,2,10,5
709,1073,419059.5,3812545.5,2022,0,3,4,3,3,4,3,7,10,2,6,5,2,5,11,2,10,5
705,1094,419122.5,3812557.5,2022,0,3,4,3,3,4,3,7,10,2,6,5,2,5,11,2,10,5
712,1128,419224.5,3812536.5,2022,0,3,4,3,3,4,3,7,10,2,6,5,2,5,11,2,10,5
715,1158,419314.5,3812527.5,2022,0,3,4,3,3,4,3,7,10,2,6,5,2,5,11,2,10,5
699,1178,419374.5,3812575.5,2022,0,3,4,3,3,4,3,7,10,2,6,5,2,5,11,2,10,5
694,1200,419440.5,3812590.5,2022,0,3,4,3,3,4,3,7,10,2,6,5,2,5,11,2,10,5
719,1233,419539.5,3812515.5,2022,0,3,4,3,3,4,3,7,10,2,6,5,2,5,11,2,10,5
698,1264,419632.5,3812578.5,2022,0,3,4,3,3,4,3,7,10,2,6,5,2,5,11,2,10,5
710,1305,419755.5,3812542.5,2022,1,2,2,0,0,1,4,0,9,1,12,11,13,7,5,15,13,19
701,1345,419875.5,3812569.5,2022,0,3,4,3,3,4,3,7,10,2,6,5,7,5,11,11,10,5
708,1358,419914.5,3812548.5,2022,1,2,2,1,5,1,2,0,9,1,12,11,13,7,5,15,13,19
700,1392,420016.5,3812572.5,2022,0,3,4,3,3,4,3,7,10,2,6,5,2,5,11,11,10,5
704,1410,420070.5,3812560.5,2022,0,0,1,4,4,2,5,9,4,10,11,9,7,12,7,11,14,16
713,1459,420217.5,3812533.5,2022,1,0,1,4,5,2,2,8,1,5,3,13,11,4,12,12,6,17
714,1488,420304.5,3812530.5,2022,0,0,1,4,4,2,5,9,4,10,3,4,14,12,7,11,14,16
691,1514,420382.5,3812599.5,2022,1,2,2,0,0,1,4,2,7,6,8,6,8,8,10,3,8,8
709,1539,420457.5,3812545.5,2022,1,2,2,0,0,1,4,2,7,6,8,6,8,8,10,3,8,8
718,1579,420577.5,3812518.5,2022,0,0,4,3,3,2,5,9,4,10,11,9,7,12,7,11,14,16
692,1602,420646.5,3812596.5,2022,1,2,2,0,0,1,4,2,7,6,8,6,8,8,10,3,8,8
712,1668,420844.5,3812536.5,2022,1,2,2,1,5,1,2,0,9,5,9,11,13,7,6,15,13,19
713,1687,420901.5,3812533.5,2022,1,2,3,1,5,1,2,0,1,5,9,13,11,4,12,12,6,17
716,1723,421009.5,3812524.5,2022,1,2,2,1,5,1,2,0,1,5,9,11,13,7,6,15,11,0
707,1749,421087.5,3812551.5,2022,1,2,2,1,5,1,2,0,1,5,9,11,13,7,6,15,11,0
715,1790,421210.5,3812527.5,2022,0,3,4,3,3,4,2,0,10,10,11,9,7,12,0,11,2,2
698,1813,421279.5,3812578.5,2022,0,3,4,3,3,4,3,7,10,2,11,5,2,5,11,11,10,5
707,1859,421417.5,3812551.5,2022,0,3,0,2,1,0,1,4,0,7,4,3,9,2,8,9,5,4
701,1866,421438.5,3812569.5,2022,0,3,0,2,1,0,1,4,0,7,4,3,9,2,8,2,10,4
710,1907,421561.5,3812542.5,2022,0,3,4,3,3,4,3,9,10,10,0,9,7,3,9,10,4,1
713,1931,421633.5,3812533.5,2022,0,0,1,4,4,2,5,9,4,10,0,9,12,3,9,10,4,1
690,1957,421711.5,3812602.5,2022,1,0,1,4,4,2,8,3,9,1,12,0,4,10,16,5,1,11
719,1981,421783.5,3812515.5,2022,0,0,4,3,3,4,5,9,4,10,0,9,7,3,9,10,4,1
718,2029,421927.5,3812518.5,2022,1,2,1,4,5,6,8,8,3,11,3,13,11,4,12,12,6,17
705,2040,421960.5,3812557.5,2022,0,0,1,4,4,2,5,9,4,9,3,4,14,9,1,0,3,15
718,2081,422083.5,3812518.5,2022,0,0,4,1,5,5,2,0,1,5,9,7,10,1,0,8,17,3
719,2121,422203.5,3812515.5,2022,2,1,3,1,5,5,2,0,1,5,9,7,10,1,0,6,17,3
703,2155,422305.5,3812563.5,2022,2,1,3,1,5,5,6,6,6,0,2,7,10,1,0,6,17,3
690,2176,422368.5,3812602.5,2022,2,1,3,1,5,5,6,6,6,0,2,7,10,11,3,6,17,3
699,2211,422473.5,3812575.5,2022,1,2,2,1,5,1,2,2,3,11,1,11,13,6,2,15,7,18
707,2238,422554.5,3812551.5,2022,2,1,3,1,5,5,6,6,6,0,2,7,10,11,3,6,17,3
713,2255,422605.5,3812533.5,2022,2,1,3,1,5,5,6,6,1,5,9,7,10,1,0,6,17,3
719,2290,422710.5,3812515.5,2022,0,0,1,1,5,2,2,0,1,5,9,13,11,1,0,8,2,2
702,2311,422773.5,3812566.5,2022,2,1,3,1,5,5,2,8,1,5,9,13,11,1,0,6,17,3
707,2354,422902.5,3812551.5,2022,1,0,1,1,5,2,2,8,1,5,9,13,11,1,0,8,2,2
715,2398,423034.5,3812527.5,2022,0,3,4,1,5,5,2,0,1,5,9,7,10,1,0,8,17,3
710,2426,423118.5,3812542.5,2022,0,0,1,1,5,5,2,8,1,5,9,7,10,1,0,6,17,3
707,2451,423193.5,3812551.5,2022,2,1,3,1,5,5,2,6,1,5,9,7,10,1,0,6,17,3
710,2462,423226.5,3812542.5,2022,2,1,3,1,5,5,6,6,6,0,2,7,10,11,3,6,17,3
703,2517,423391.5,3812563.5,2022,2,1,3,1,5,5,6,6,6,0,2,7,10,1,0,6,17,3
711,2538,423454.5,3812539.5,2022,2,1,3,1,5,5,6,6,6,0,2,7,10,0,4,6,17,3
696,2564,423532.5,3812584.5,2022,2,1,3,2,1,5,6,6,6,0,2,12,6,11,3,6,17,3
718,2607,423661.5,3812518.5,2022,2,1,3,1,5,5,6,6,6,0,2,7,6,11,3,6,17,3
701,2629,423727.5,3812569.5,2022,2,1,3,2,6,5,6,6,6,0,2,12,6,11,3,13,17,6
692,2646,423778.5,3812596.5,2022,0,3,4,3,3,4,3,7,10,2,6,5,2,5,11,4,15,14
708,2682,423886.5,3812548.5,2022,2,1,3,1,5,5,6,6,6,0,11,7,10,12,7,4,15,14
691,2708,423964.5,3812599.5,2022,0,3,0,2,1,4,3,7,10,2,6,5,2,5,11,4,15,14
691,2735,424045.5,3812599.5,2022,0,3,4,3,3,4,3,7,10,10,11,7,10,12,7,4,15,14
697,2789,424207.5,3812581.5,2022,0,3,4,3,3,4,3,7,10,10,11,7,10,12,7,4,15,14
716,2798,424234.5,3812524.5,2022,0,3,0,2,1,0,1,4,0,7,4,3,9,2,8,4,15,14
702,2821,424303.5,3812566.5,2022,2,1,0,2,1,0,1,6,6,0,2,12,6,11,3,4,15,14
714,2863,424429.5,3812530.5,2022,0,3,0,2,1,0,1,4,0,7,4,3,9,2,8,4,15,14
719,2890,424510.5,3812515.5,2022,0,3,0,2,1,0,1,4,0,7,4,3,9,2,8,9,5,4
701,2935,424645.5,3812569.5,2022,2,3,0,2,1,0,1,4,0,7,4,3,9,2,8,9,5,4
690,2945,424675.5,3812602.5,2022,2,3,0,2,1,0,1,4,0,7,4,3,9,2,8,9,5,4
704,2978,424774.5,3812560.5,2022,2,3,0,2,1,0,1,4,0,7,4,3,9,2,8,9,5,4
712,3008,424864.5,3812536.5,2022,2,1,3,1,5,5,6,6,6,0,11,7,10,12,3,4,15,14
695,3040,424960.5,3812587.5,2022,2,3,0,2,1,0,1,4,0,7,4,3,9,2,8,9,5,4
697,3061,425023.5,3812581.5,2022,2,1,0,2,1,0,1,4,0,7,4,3,9,2,8,9,5,6
700,3096,425128.5,3812572.5,2022,2,1,0,2,1,0,1,4,0,7,4,3,9,2,8,9,5,6
704,3132,425236.5,3812560.5,2022,2,3,0,2,1,0,1,4,0,7,4,3,9,2,8,9,5,4
692,3172,425356.5,3812596.5,2022,2,3,0,2,1,0,1,4,0,7,4,3,9,2,8,9,5,4
707,3188,425404.5,3812551.5,2022,2,3,0,2,1,0,1,4,0,7,4,3,9,2,8,9,5,4
694,3223,425509.5,3812590.5,2022,2,3,0,2,1,0,1,4,0,7,4,3,9,2,8,9,5,4
717,3248,425584.5,3812521.5,2022,2,1,0,2,1,0,1,4,0,7,4,3,9,2,8,9,5,4
698,3286,425698.5,3812578.5,2022,2,3,0,2,1,0,1,4,0,7,4,3,9,2,8,9,5,4
690,3307,425761.5,3812602.5,2022,2,3,0,2,1,0,1,4,0,7,4,3,9,2,8,9,5,4
695,3331,425833.5,3812587.5,2022,2,3,0,2,1,0,1,4,0,7,4,3,9,2,8,9,5,4
741,11,415873.5,3812449.5,2022,1,2,2,0,0,1,2,2,1,5,9,13,11,4,12,12,6,17
748,30,415930.5,3812428.5,2022,0,3,4,3,3,4,2,0,9,5,9,11,13,7,6,8,2,2
742,81,416083.5,3812446.5,2022,0,0,1,4,4,2,5,9,4,9,0,4,7,9,1,0,3,16
722,101,416143.5,3812506.5,2022,1,2,2,0,0,1,4,2,7,6,8,13,11,4,12,12,6,17
722,128,416224.5,3812506.5,2022,1,2,2,0,0,6,4,2,7,6,8,6,8,8,10,3,8,8
720,163,416329.5,3812512.5,2022,1,2,2,0,0,1,4,2,7,6,8,6,8,8,10,3,8,8
726,202,416446.5,3812494.5,2022,1,2,2,0,0,1,4,2,9,6,12,11,13,7,6,15,11,0
749,227,416521.5,3812425.5,2022,1,2,2,0,0,1,4,2,7,6,8,6,8,7,6,15,11,0
747,257,416611.5,3812431.5,2022,1,2,2,0,0,1,4,2,7,6,8,11,13,7,6,15,11,0
722,299,416737.5,3812506.5,2022,1,2,2,0,0,1,4,2,7,6,8,6,8,8,10,3,8,8
722,309,416767.5,3812506.5,2022,1,2,2,0,0,1,4,2,7,6,8,6,8,8,10,3,8,8
723,350,416890.5,3812503.5,2022,1,2,2,0,0,1,4,2,7,6,8,6,8,8,10,3,8,8
747,362,416926.5,3812431.5,2022,1,2,2,0,0,1,4,2,7,6,8,6,8,4,12,12,6,18
720,396,417028.5,3812512.5,2022,1,2,2,0,0,1,4,2,7,6,8,6,8,8,10,3,8,8
721,421,417103.5,3812509.5,2022,1,2,2,0,0,1,4,2,7,6,8,6,8,8,6,3,11,0
748,452,417196.5,3812428.5,2022,1,2,2,0,0,1,4,2,7,6,8,6,8,8,10,3,8,8
744,488,417304.5,3812440.5,2022,0,3,4,3,3,4,2,0,9,10,11,9,7,12,5,11,13,19
740,523,417409.5,3812452.5,2022,0,3,4,3,3,4,3,7,10,2,6,5,2,5,11,2,10,5
727,563,417529.5,3812491.5,2022,0,3,4,1,5,1,2,0,9,1,12,11,13,7,5,15,13,19
739,592,417616.5,3812455.5,2022,0,3,4,3,3,4,3,7,10,2,6,5,2,5,11,2,10,5
723,600,417640.5,3812503.5,2022,0,3,4,3,3,4,3,7,10,2,6,5,2,5,11,2,10,5
720,657,417811.5,3812512.5,2022,0,0,4,1,5,1,2,0,9,1,12,11,13,7,5,15,13,19
725,666,417838.5,3812497.5,2022,1,2,2,1,5,1,2,0,9,1,12,11,13,7,5,15,13,19
724,705,417955.5,3812500.5,2022,0,3,4,3,3,4,3,7,10,2,6,5,2,5,11,2,10,5
733,743,418069.5,3812473.5,2022,1,2,2,0,0,1,4,2,9,1,12,0,4,10,16,5,1,11
737,778,418174.5,3812461.5,2022,1,2,2,0,0,1,4,2,9,1,12,0,4,10,5,15,13,19
742,797,418231.5,3812446.5,2022,1,2,2,0,0,1,4,2,7,6,8,6,8,8,10,3,8,8
727,816,418288.5,3812491.5,2022,0,2,4,1,5,1,2,0,1,5,9,11,13,7,6,15,11,0
728,868,418444.5,3812488.5,2022,1,2,2,0,0,1,4,2,7,6,8,6,8,8,6,15,11,0
728,886,418498.5,3812488.5,2022,1,2,2,0,0,1,4,2,7,6,8,11,13,7,6,15,11,0
732,927,418621.5,3812476.5,2022,0,3,4,3,3,4,3,7,10,10,11,9,7,12,7,11,14,16
724,938,418654.5,3812500.5,2022,0,3,4,3,3,4,3,7,10,2,6,5,2,5,11,2,10,5
746,975,418765.5,3812434.5,2022,1,2,2,1,5,1,2,0,9,1,12,11,13,7,5,15,13,19
723,1005,418855.5,3812503.5,2022,0,3,4,3,3,4,3,7,10,2,6,5,2,5,11,2,10,5
732,1048,418984.5,3812476.5,2022,0,3,4,3,3,4,2,0,9,1,12,11,13,7,5,11,13,19
740,1062,419026.5,3812452.5,2022,1,2,2,0,0,1,4,2,7,6,8,6,8,8,10,3,8,8
744,1097,419131.5,3812440.5,2022,1,2,2,0,0,1,4,2,7,6,8,6,8,8,10,3,8,8
720,1138,419254.5,3812512.5,2022,0,3,4,3,3,4,3,7,10,2,6,5,2,5,11,2,10,5
733,1158,419314.5,3812473.5,2022,0,3,4,3,3,4,3,7,10,2,6,5,2,5,11,2,10,5
739,1198,419434.5,3812455.5,2022,0,3,4,3,3,4,3,7,10,2,6,5,2,5,11,2,10,5
731,1224,419512.5,3812479.5,2022,0,3,4,3,3,4,3,7,10,2,6,5,2,5,11,2,10,5
737,1254,419602.5,3812461.5,2022,0,3,4,3,3,4,3,7,10,2,6,5,2,5,11,2,10,5
749,1273,419659.5,3812425.5,2022,0,3,4,3,3,4,3,7,10,2,6,5,2,5,11,2,10,5
720,1316,419788.5,3812512.5,2022,0,3,4,3,3,4,3,7,10,10,11,9,7,12,11,11,10,16
749,1322,419806.5,3812425.5,2022,0,3,4,3,3,4,3,7,10,10,11,9,7,12,7,11,14,16
729,1377,419971.5,3812485.5,2022,0,0,4,1,5,2,5,9,4,10,11,9,7,12,7,11,14,16
724,1403,420049.5,3812500.5,2022,0,0,4,3,3,2,5,9,4,10,11,9,7,12,7,11,14,16
726,1421,420103.5,3812494.5,2022,0,0,1,1,5,2,2,0,1,5,9,13,11,1,12,8,6,17
747,1442,420166.5,3812431.5,2022,1,2,2,0,0,1,4,2,7,6,8,6,8,8,10,3,11,0
732,1480,420280.5,3812476.5,2022,0,0,4,3,3,4,3,9,10,10,0,9,7,3,9,11,4,1
741,1529,420427.5,3812449.5,2022,1,2,2,0,0,6,4,2,7,6,8,6,8,4,12,12,6,17
730,1542,420466.5,3812482.5,2022,1,2,2,4,4,2,8,3,9,1,12,0,4,10,16,5,1,11
735,1560,420520.5,3812467.5,2022,0,3,4,3,3,4,3,9,10,10,11,9,7,12,7,11,14,16
746,1600,420640.5,3812434.5,2022,0,0,1,4,4,2,5,9,4,10,11,4,14,12,7,11,14,16
744,1631,420733.5,3812440.5,2022,1,1,3,1,5,1,2,0,3,11,1,11,13,6,2,15,7,18
721,1652,420796.5,3812509.5,2022,1,2,2,0,0,1,4,2,7,6,8,11,13,7,6,15,11,0
727,1686,420898.5,3812491.5,2022,1,2,2,0,0,1,4,2,7,6,8,6,8,8,10,3,8,8
747,1735,421045.5,3812431.5,2022,0,0,1,1,5,5,2,8,1,5,9,7,10,1,0,6,17,3
731,1768,421144.5,3812479.5,2022,1,2,2,1,5,1,2,0,1,5,9,11,13,7,6,15,2,2
745,1798,421234.5,3812437.5,2022,0,3,4,3,3,4,3,7,10,2,11,5,2,5,11,4,15,14
734,1816,421288.5,3812470.5,2022,0,3,4,3,3,4,3,7,10,2,6,5,2,5,11,4,15,14
738,1856,421408.5,3812458.5,2022,0,3,0,2,1,0,1,4,0,7,4,3,9,2,8,9,5,4
721,1866,421438.5,3812509.5,2022,0,3,0,2,1,0,1,4,0,7,4,3,9,2,8,9,5,4
743,1898,421534.5,3812443.5,2022,0,3,0,2,1,0,1,4,0,7,4,3,9,2,8,9,5,4
732,1939,421657.5,3812476.5,2022,0,0,4,3,3,4,5,9,4,10,0,9,7,3,9,10,4,1
722,1966,421738.5,3812506.5,2022,0,0,1,4,4,2,5,9,4,9,0,4,12,9,1,0,3,15
746,1998,421834.5,3812434.5,2022,1,2,2,0,0,6,8,2,5,4,8,13,11,4,12,12,6,17
727,2015,421885.5,3812491.5,2022,1,0,1,4,4,2,5,8,1,5,3,13,11,4,12,12,6,17
748,2062,422026.5,3812428.5,2022,1,0,1,1,5,2,2,8,1,5,9,13,11,1,0,7,14,3
729,2089,422107.5,3812485.5,2022,1,2,2,1,5,1,2,0,1,5,9,13,11,7,6,15,11,0
741,2128,422224.5,3812449.5,2022,2,1,3,1,5,5,2,8,1,5,9,7,10,1,0,6,17,3
730,2143,422269.5,3812482.5,2022,2,0,3,1,5,5,2,8,1,5,9,7,10,1,0,6,17,3
733,2169,422347.5,3812473.5,2022,2,1,3,1,5,5,6,8,1,5,11,7,10,12,7,6,17,3
748,2215,422485.5,3812428.5,2022,2,1,3,1,5,5,6,6,6,0,2,7,10,11,3,6,17,3
734,2223,422509.5,3812470.5,2022,2,1,3,1,5,5,6,6,6,0,2,12,6,11,3,6,17,3
738,2257,422611.5,3812458.5,2022,1,1,3,1,5,5,2,8,1,5,9,13,11,1,0,6,17,3
739,2287,422701.5,3812455.5,2022,2,1,3,1,5,5,2,0,1,5,9,7,10,1,0,6,17,3
728,2318,422794.5,3812488.5,2022,1,0,1,1,5,5,2,8,1,5,9,13,11,1,0,6,17,3
726,2353,422899.5,3812494.5,2022,2,0,1,1,5,5,6,8,1,5,11,7,10,0,4,6,17,3
722,2396,423028.5,3812506.5,2022,0,0,4,1,5,2,2,0,1,5,9,7,10,1,0,8,2,2
740,2403,423049.5,3812452.5,2022,0,0,4,1,5,2,2,0,1,5,9,7,10,1,0,8,2,2
735,2440,423160.5,3812467.5,2022,0,0,1,1,5,5,2,8,1,5,9,7,10,1,0,8,17,3
735,2477,423271.5,3812467.5,2022,0,3,4,1,5,5,2,0,1,5,9,7,10,1,0,6,17,3
743,2511,423373.5,3812443.5,2022,2,1,3,1,5,5,6,6,1,5,9,7,10,1,0,6,17,3
737,2536,423448.5,3812461.5,2022,0,0,1,1,5,5,2,8,1,5,9,7,10,1,0,6,17,3
748,2560,423520.5,3812428.5,2022,0,0,1,1,5,2,5,8,1,5,3,7,10,1,0,7,14,3
742,2584,423592.5,3812446.5,2022,0,3,4,3,3,4,3,7,10,2,11,7,10,5,11,4,15,14
739,2610,423670.5,3812455.5,2022,2,1,3,5,6,5,6,6,6,0,2,12,6,0,4,6,17,3
748,2645,423775.5,3812428.5,2022,0,3,4,3,3,4,3,7,10,2,6,5,2,5,11,2,10,5
739,2679,423877.5,3812455.5,2022,0,3,0,2,1,0,1,4,0,7,4,3,9,2,8,4,15,14
748,2717,423991.5,3812428.5,2022,0,3,0,2,1,0,1,4,0,7,4,3,9,2,8,4,15,14
748,2731,424033.5,3812428.5,2022,0,3,0,2,1,4,3,7,10,2,11,5,2,5,11,4,15,14
730,2784,424192.5,3812482.5,2022,0,3,0,2,1,0,1,4,0,7,4,3,9,2,8,9,5,4
740,2790,424210.5,3812452.5,2022,2,3,0,2,1,0,1,4,0,7,4,3,9,2,8,4,15,14
737,2829,424327.5,3812461.5,2022,0,3,0,2,1,0,1,4,0,7,4,3,9,2,8,4,15,14
743,2857,424411.5,3812443.5,2022,0,3,4,3,3,4,3,7,10,2,11,5,2,5,11,4,15,14
725,2894,424522.5,3812497.5,2022,0,3,0,2,1,0,1,4,0,7,4,3,9,2,8,9,5,4
745,2917,424591.5,3812437.5,2022,0,3,0,2,1,0,1,4,0,7,4,3,9,2,8,9,5,4
743,2966,424738.5,3812443.5,2022,2,1,0,2,1,0,1,4,6,0,2,12,6,11,3,13,15,6
744,2980,424780.5,3812440.5,2022,2,1,0,2,1,0,1,6,6,0,2,12,6,11,3,4,15,6
749,3000,424840.5,3812425.5,2022,2,3,0,2,1,0,1,4,0,7,4,3,9,2,8,4,15,14
731,3049,424987.5,3812479.5,2022,2,3,0,1,5,5,6,6,6,0,2,7,10,11,3,4,15,14
726,3061,425023.5,3812494.5,2022,0,3,0,2,1,4,1,7,10,0,11,7,10,12,7,4,15,14
722,3107,425161.5,3812506.5,2022,2,3,0,2,1,0,1,4,0,7,4,3,9,2,8,9,5,4
720,3121,425203.5,3812512.5,2022,2,1,0,2,1,0,1,4,0,7,4,3,9,2,8,4,15,6
726,3172,425356.5,3812494.5,2022,2,3,0,2,1,0,1,4,0,7,4,3,9,2,8,9,5,4
728,3187,425401.5,3812488.5,2022,2,3,0,2,1,0,1,4,0,7,4,3,9,2,8,9,5,4
749,3233,425539.5,3812425.5,2022,2,3,0,2,1,0,1,4,0,7,4,3,9,2,8,9,5,4
728,3245,425575.5,3812488.5,2022,2,3,0,2,1,0,1,4,0,7,4,3,9,2,8,9,5,4
726,3278,425674.5,3812494.5,2022,2,3,0,2,1,0,1,4,0,7,4,3,9,2,8,9,5,4
733,3312,425776.5,3812473.5,2022,2,3,0,2,1,0,1,4,0,7,4,3,9,2,8,9,5,4
737,3330,425830.5,3812461.5,2022,2,3,0,2,1,0,1,4,0,7,4,3,9,2,8,9,5,4
757,26,415918.5,3812401.5,2022,0,0,4,3,3,4,3,9,10,10,0,9,7,3,9,10,4,1
755,47,415981.5,3812407.5,2022,1,2,2,1,5,1,2,0,1,5,9,11,13,7,6,15,11,0
766,79,416077.5,3812374.5,2022,0,3,4,3,3,4,3,7,10,10,6,9,7,3,9,10,4,1
759,106,416158.5,3812395.5,2022,1,2,2,1,5,6,2,8,1,5,9,13,11,4,12,12,6,17
764,121,416203.5,3812380.5,2022,1,2,2,0,0,1,4,2,7,6,8,6,8,8,10,3,8,8
779,219,416497.5,3812335.5,2022,1,2,2,0,0,1,4,2,7,6,8,6,8,8,10,3,8,8
767,262,416626.5,3812371.5,2022,1,2,2,0,0,1,4,2,7,6,8,11,13,7,6,15,11,0
778,273,416659.5,3812338.5,2022,1,2,2,0,0,1,4,2,7,6,8,6,8,8,10,3,8,8
778,329,416827.5,3812338.5,2022,1,2,2,0,0,1,4,2,7,6,8,6,8,8,6,15,11,0
754,350,416890.5,3812410.5,2022,1,1,3,1,5,5,2,8,1,5,9,13,11,4,12,6,17,3
754,389,417007.5,3812410.5,2022,1,2,2,0,0,1,4,2,7,6,8,6,8,8,10,3,8,8
757,405,417055.5,3812401.5,2022,1,2,2,0,0,1,4,2,7,6,8,6,8,6,2,3,7,18
772,431,417133.5,3812356.5,2022,1,2,2,0,0,1,4,2,7,6,8,6,8,8,10,3,8,0
776,472,417256.5,3812344.5,2022,1,2,2,0,0,1,4,2,7,6,8,6,8,8,10,3,8,8
771,502,417346.5,3812359.5,2022,0,3,4,3,3,4,3,7,10,2,6,5,2,5,11,2,10,5
772,513,417379.5,3812356.5,2022,0,3,4,3,3,4,3,7,10,2,11,5,2,5,11,2,10,5
768,552,417496.5,3812368.5,2022,0,3,4,3,3,4,3,7,10,2,6,5,2,5,11,2,10,5
774,592,417616.5,3812350.5,2022,2,1,3,1,5,5,2,0,6,0,11,7,10,12,7,11,14,16
771,625,417715.5,3812359.5,2022,0,3,4,3,3,4,3,7,10,2,6,5,2,5,11,2,10,5
767,656,417808.5,3812371.5,2022,0,3,0,3,3,4,3,7,10,2,6,5,2,5,11,2,10,5
779,677,417871.5,3812335.5,2022,0,3,4,3,3,4,2,0,9,1,12,11,13,7,5,11,13,19
750,707,417961.5,3812422.5,2022,0,3,4,1,5,1,2,0,9,1,12,11,13,7,5,15,13,19
756,742,418066.5,3812404.5,2022,1,2,2,1,5,1,2,0,9,1,12,11,13,7,5,15,13,19
767,756,418108.5,3812371.5,2022,1,2,2,1,5,1,2,0,7,6,8,11,13,7,6,15,11,0
770,785,418195.5,3812362.5,2022,1,2,2,0,0,1,4,2,7,6,8,6,8,8,10,3,11,0
758,839,418357.5,3812398.5,2022,1,2,2,0,0,1,4,2,7,6,8,6,8,6,2,15,7,18
775,851,418393.5,3812347.5,2022,1,2,2,0,0,1,4,2,7,6,8,6,8,8,10,3,8,8
776,893,418519.5,3812344.5,2022,1,2,2,0,0,1,4,2,7,6,8,11,13,7,6,15,11,0
767,903,418549.5,3812371.5,2022,1,2,2,0,0,1,4,2,7,6,8,11,13,7,6,15,11,0
763,944,418672.5,3812383.5,2022,2,1,3,1,5,1,2,0,1,5,9,11,13,7,5,15,13,19
750,963,418729.5,3812422.5,2022,1,2,2,0,0,1,4,2,7,6,8,6,8,8,10,3,11,0
779,1031,418933.5,3812335.5,2022,1,2,2,0,0,1,4,2,7,6,8,6,8,8,10,3,8,8
750,1053,418999.5,3812422.5,2022,1,2,2,0,0,1,4,2,7,6,8,6,8,8,10,3,8,8
751,1082,419086.5,3812419.5,2022,1,2,2,0,0,1,4,2,7,6,8,6,8,8,10,3,8,8
752,1127,419221.5,3812416.5,2022,1,2,2,0,0,1,4,2,7,6,8,6,8,8,10,3,8,8
750,1154,419302.5,3812422.5,2022,1,2,2,0,0,1,4,2,7,6,8,11,13,7,6,15,11,0
750,1186,419398.5,3812422.5,2022,0,3,4,3,3,4,3,7,10,2,6,5,2,5,11,2,10,5
756,1224,419512.5,3812404.5,2022,0,3,4,3,3,4,3,7,10,2,6,5,2,5,11,2,10,5
757,1252,419596.5,3812401.5,2022,0,3,4,3,3,4,3,7,10,2,6,5,2,5,11,2,10,5
776,1277,419671.5,3812344.5,2022,0,3,4,3,3,4,3,7,10,2,6,5,2,5,11,2,10,5
762,1297,419731.5,3812386.5,2022,0,3,4,3,3,4,3,7,10,2,6,5,2,5,11,2,10,5
767,1347,419881.5,3812371.5,2022,0,3,4,3,3,4,3,7,10,2,6,5,2,5,11,2,10,5
776,1365,419935.5,3812344.5,2022,0,3,4,3,3,4,3,7,10,2,11,5,2,12,5,11,13,19
764,1400,420040.5,3812380.5,2022,0,0,1,1,5,2,2,0,9,10,11,7,14,12,7,11,14,16
772,1426,420118.5,3812356.5,2022,1,2,2,0,0,1,4,2,9,1,12,11,13,7,6,15,11,0
754,1444,420172.5,3812410.5,2022,1,2,2,1,5,1,2,0,1,5,9,11,13,7,6,15,11,0
778,1480,420280.5,3812338.5,2022,1,2,2,0,0,1,4,2,7,6,8,6,8,8,6,15,11,0
770,1504,420352.5,3812362.5,2022,1,2,2,0,0,6,4,2,7,6,8,6,8,4,12,12,6,17
756,1536,420448.5,3812404.5,2022,1,2,2,0,0,6,8,3,5,1,5,0,4,10,16,5,1,11
756,1586,420598.5,3812404.5,2022,0,3,4,3,3,4,3,7,10,2,6,5,2,5,11,2,10,5
773,1619,420697.5,3812353.5,2022,0,0,4,3,3,2,5,9,4,10,0,9,7,3,9,10,4,1
767,1640,420760.5,3812371.5,2022,0,0,1,4,4,2,5,9,4,10,0,9,7,12,7,11,14,16
768,1677,420871.5,3812368.5,2022,0,0,4,1,5,5,2,0,1,5,9,7,10,1,0,8,2,2
777,1687,420901.5,3812341.5,2022,1,2,2,0,0,1,4,2,7,6,8,6,8,8,10,3,11,0
757,1730,421030.5,3812401.5,2022,0,3,4,1,3,1,2,0,9,1,12,11,13,7,5,15,13,19
751,1752,421096.5,3812419.5,2022,1,2,2,1,5,1,2,0,9,1,12,11,13,7,5,15,13,19
778,1787,421201.5,3812338.5,2022,1,0,1,4,2,7,0,5,2,8,10,1,0,15,14,16,12,9
753,1806,421258.5,3812413.5,2022,0,3,4,3,3,4,3,7,10,2,6,5,2,5,11,2,10,5
779,1857,421411.5,3812335.5,2022,2,3,0,2,1,0,1,4,0,7,4,3,10,2,8,4,15,14
768,1872,421456.5,3812368.5,2022,2,3,0,2,1,0,1,4,0,7,4,3,9,2,8,9,5,4
768,1904,421552.5,3812368.5,2022,0,3,4,1,5,5,2,0,1,5,9,7,10,1,0,8,2,2
763,1941,421663.5,3812383.5,2022,1,2,2,0,0,1,4,2,7,6,8,13,11,4,12,12,6,17
777,1958,421714.5,3812341.5,2022,0,0,4,1,5,2,2,0,1,5,9,7,10,1,0,8,2,2
753,1997,421831.5,3812413.5,2022,1,2,2,0,0,6,8,8,5,4,9,13,11,4,12,12,6,17
762,2022,421906.5,3812386.5,2022,1,0,1,1,5,5,2,8,1,5,9,13,11,4,12,12,6,17
778,2061,422023.5,3812338.5,2022,1,2,2,0,0,6,8,2,5,4,5,13,11,4,12,12,6,17
767,2082,422086.5,3812371.5,2022,1,0,1,1,5,2,2,8,1,5,9,13,11,4,12,12,6,17
763,2112,422176.5,3812383.5,2022,1,2,2,1,5,1,2,8,1,5,9,13,11,4,12,12,6,17
774,2144,422272.5,3812350.5,2022,1,2,2,0,0,1,4,2,7,6,8,6,8,8,6,3,11,0
776,2189,422407.5,3812344.5,2022,1,2,2,1,5,6,8,8,3,11,1,13,11,4,12,12,6,17
758,2194,422422.5,3812398.5,2022,2,1,3,1,5,5,6,6,1,5,9,7,10,1,0,6,17,3
751,2229,422527.5,3812419.5,2022,1,1,3,1,5,5,2,8,1,5,9,7,11,1,0,6,17,3
757,2274,422662.5,3812401.5,2022,0,0,1,1,5,2,5,8,1,5,11,7,14,12,7,11,14,16
757,2306,422758.5,3812401.5,2022,2,1,3,1,5,5,6,6,1,5,9,7,10,1,0,6,17,3
779,2316,422788.5,3812335.5,2022,1,2,1,4,5,6,8,8,3,11,3,13,11,4,12,12,6,17
772,2354,422902.5,3812356.5,2022,0,3,4,3,3,4,3,7,10,10,0,9,7,3,9,10,4,1
772,2382,422986.5,3812356.5,2022,2,1,3,1,5,5,6,8,1,5,9,7,10,1,0,6,17,3
775,2410,423070.5,3812347.5,2022,1,1,3,1,5,5,2,8,1,5,9,2,10,1,0,6,17,3
764,2445,423175.5,3812380.5,2022,1,0,1,1,5,5,6,8,1,5,9,13,11,4,12,6,17,3
777,2463,423229.5,3812341.5,2022,2,1,3,1,5,5,6,6,6,0,2,7,10,1,0,6,17,3
760,2514,423382.5,3812392.5,2022,2,1,3,5,6,5,6,6,6,0,2,12,6,11,3,6,17,3
750,2541,423463.5,3812422.5,2022,0,0,1,4,4,2,5,8,4,9,3,4,12,9,1,0,3,15
758,2557,423511.5,3812398.5,2022,0,0,1,4,4,2,5,8,4,9,3,7,14,9,7,7,14,7
766,2601,423643.5,3812374.5,2022,2,1,3,1,5,5,6,6,1,5,2,7,10,1,0,6,17,3
764,2631,423733.5,3812380.5,2022,0,3,4,3,3,4,3,7,10,2,11,7,10,12,7,4,15,14
754,2643,423769.5,3812410.5,2022,0,3,0,2,1,4,3,7,10,2,11,7,10,12,7,4,15,14
777,2687,423901.5,3812341.5,2022,0,3,4,1,5,4,5,9,4,10,11,7,10,12,7,11,14,16
770,2703,423949.5,3812362.5,2022,0,0,4,1,5,2,5,9,4,10,11,7,10,12,7,11,14,16
765,2759,424117.5,3812377.5,2022,2,3,0,2,1,0,1,4,0,7,4,3,9,2,8,9,5,4
758,2782,424186.5,3812398.5,2022,2,3,0,2,1,0,1,4,0,7,4,3,9,2,8,9,5,4
775,2801,424243.5,3812347.5,2022,0,3,4,3,3,4,3,7,10,2,6,5,2,5,11,4,15,14
766,2841,424363.5,3812374.5,2022,0,3,0,2,1,0,1,4,0,7,4,3,9,2,8,9,5,4
750,2864,424432.5,3812422.5,2022,0,3,4,3,3,4,3,7,10,2,6,5,2,5,11,2,10,5
774,2908,424564.5,3812350.5,2022,2,3,0,2,1,0,1,4,0,7,4,3,9,2,8,9,5,4
773,2922,424606.5,3812353.5,2022,0,3,0,2,1,0,1,4,0,7,4,3,9,2,8,9,5,4
766,2953,424699.5,3812374.5,2022,2,1,0,2,1,0,1,4,0,7,4,3,9,2,8,4,15,14
757,2994,424822.5,3812401.5,2022,2,1,0,2,1,0,1,4,6,0,2,12,6,11,3,4,15,14
776,3017,424891.5,3812344.5,2022,2,3,0,2,1,0,1,4,6,0,11,7,10,11,3,4,15,14
752,3030,424930.5,3812416.5,2022,2,3,0,2,1,0,1,4,0,7,4,3,9,2,8,4,15,14
760,3062,425026.5,3812392.5,2022,2,1,0,2,1,0,1,6,6,0,2,12,6,11,3,13,0,6
765,3117,425191.5,3812377.5,2022,2,3,0,2,1,0,1,4,0,7,4,3,9,2,8,9,5,4
761,3127,425221.5,3812389.5,2022,2,3,0,2,1,0,1,4,0,7,4,3,9,2,8,4,15,14
760,3163,425329.5,3812392.5,2022,2,3,0,2,1,0,1,4,0,7,4,3,9,2,8,9,5,4
770,3181,425383.5,3812362.5,2022,2,3,0,2,1,0,1,4,0,7,4,3,9,2,8,9,5,4
750,3215,425485.5,3812422.5,2022,2,3,0,2,1,0,1,4,0,7,4,3,9,2,8,9,5,4
778,3269,425647.5,3812338.5,2022,2,1,0,2,1,0,1,4,0,7,4,3,9,2,8,9,5,6
762,3272,425656.5,3812386.5,2022,2,3,0,2,1,0,1,4,0,7,4,3,9,2,8,9,5,4
773,3314,425782.5,3812353.5,2022,2,1,0,2,1,0,1,4,0,7,4,3,9,2,8,9,5,4
759,3332,425836.5,3812395.5,2022,2,1,0,2,1,0,1,4,0,7,4,3,9,2,8,9,5,4
807,4,415852.5,3812251.5,2022,1,0,1,4,4,2,2,8,1,5,9,13,11,4,12,12,6,17
806,32,415936.5,3812254.5,2022,0,0,1,4,4,2,5,9,4,9,0,4,12,9,1,0,3,15
794,83,416089.5,3812290.5,2022,1,2,2,0,0,6,4,2,7,6,8,13,11,4,12,12,6,17
793,99,416137.5,3812293.5,2022,1,2,1,4,4,6,8,8,5,4,3,13,11,4,12,12,6,17
808,209,416467.5,3812248.5,2022,1,2,2,0,0,1,4,2,7,6,8,6,8,8,10,3,8,8
797,213,416479.5,3812281.5,2022,1,2,2,0,0,1,4,2,7,6,8,6,8,8,10,3,8,8
784,240,416560.5,3812320.5,2022,1,2,2,0,0,1,4,2,7,6,8,6,8,8,10,3,8,8
788,286,416698.5,3812308.5,2022,1,2,2,0,0,1,4,2,7,6,8,6,8,8,10,3,8,8
796,318,416794.5,3812284.5,2022,1,2,2,0,0,1,4,2,7,6,8,6,8,8,10,3,8,8
796,346,416878.5,3812284.5,2022,1,2,2,0,0,1,4,2,7,6,8,6,8,8,10,3,8,8
785,370,416950.5,3812317.5,2022,1,2,2,0,0,1,4,2,7,6,8,6,8,8,10,3,8,8
799,408,417064.5,3812275.5,2022,1,2,2,0,0,1,4,2,7,6,8,6,8,8,10,3,8,8
793,424,417112.5,3812293.5,2022,1,2,2,0,0,1,4,2,7,6,8,6,8,8,10,3,8,8
794,478,417274.5,3812290.5,2022,1,2,2,0,0,1,4,2,7,6,8,6,8,6,2,3,7,18
788,496,417328.5,3812308.5,2022,0,3,4,3,3,4,3,7,10,2,6,5,2,5,5,2,13,19
806,536,417448.5,3812254.5,2022,0,3,4,3,3,4,3,7,10,10,11,7,10,12,7,11,14,16
798,561,417523.5,3812278.5,2022,0,3,4,3,3,4,3,7,10,10,11,5,7,12,7,11,14,14
790,579,417577.5,3812302.5,2022,0,3,4,3,3,4,3,7,10,2,6,5,2,5,11,2,10,5
781,604,417652.5,3812329.5,2022,0,3,4,3,3,4,3,7,10,2,6,5,2,5,11,2,10,5
788,633,417739.5,3812308.5,2022,0,3,4,3,3,4,3,7,10,2,6,5,2,5,11,2,10,5
780,689,417907.5,3812332.5,2022,0,0,4,3,3,1,2,0,9,1,12,0,4,10,5,5,13,19
794,701,417943.5,3812290.5,2022,0,3,4,3,3,4,3,0,9,2,6,11,13,7,5,15,13,19
786,735,418045.5,3812314.5,2022,0,2,4,1,5,1,2,0,9,1,12,11,13,7,5,15,13,19
794,751,418093.5,3812290.5,2022,1,2,2,0,0,1,4,0,9,1,12,0,4,10,16,5,1,11
803,809,418267.5,3812263.5,2022,1,2,2,0,0,1,4,2,7,6,8,6,8,8,10,12,8,8
804,821,418303.5,3812260.5,2022,1,2,2,0,0,1,4,2,7,6,8,6,8,6,2,3,7,18
783,887,418501.5,3812323.5,2022,1,2,2,0,0,1,4,2,7,6,8,6,8,8,10,3,8,8
783,927,418621.5,3812323.5,2022,1,2,2,1,5,1,2,0,9,1,12,11,13,7,6,15,11,0
799,951,418693.5,3812275.5,2022,1,2,3,1,5,1,2,0,1,5,9,11,13,7,6,15,11,3
804,962,418726.5,3812260.5,2022,1,2,2,0,0,1,4,2,7,6,8,6,8,8,6,3,11,0
785,1016,418888.5,3812317.5,2022,1,2,2,0,0,1,4,2,7,6,8,6,8,6,2,3,7,18
788,1024,418912.5,3812308.5,2022,1,2,2,0,0,1,4,2,7,6,8,6,8,6,2,3,7,18
796,1057,419011.5,3812284.5,2022,1,2,2,0,0,1,4,2,7,6,8,6,8,8,10,3,8,8
799,1099,419137.5,3812275.5,2022,1,2,2,0,0,1,4,2,7,6,8,6,8,8,10,3,8,8
807,1111,419173.5,3812251.5,2022,1,2,2,0,0,1,4,2,7,6,8,6,8,8,10,3,8,8
803,1162,419326.5,3812263.5,2022,1,2,2,0,0,1,4,2,9,1,12,0,4,10,16,5,1,11
792,1170,419350.5,3812296.5,2022,1,2,2,1,5,1,2,0,9,1,12,11,13,7,6,15,11,0
796,1215,419485.5,3812284.5,2022,0,3,4,3,3,4,3,7,10,2,6,5,2,5,11,2,10,5
800,1251,419593.5,3812272.5,2022,0,2,4,3,3,1,2,0,9,1,12,11,13,7,5,15,13,19
793,1263,419629.5,3812293.5,2022,0,2,4,3,3,1,2,0,9,1,12,11,13,7,5,15,13,19
800,1305,419755.5,3812272.5,2022,0,3,4,3,3,4,3,7,10,10,6,9,7,5,11,11,4,1
797,1336,419848.5,3812281.5,2022,0,3,4,3,3,4,3,7,10,10,11,9,7,12,7,11,14,16
782,1354,419902.5,3812326.5,2022,0,0,4,1,5,4,2,0,9,10,11,9,7,12,5,11,13,19
808,1381,419983.5,3812248.5,2022,1,2,2,0,0,1,4,2,7,6,8,6,8,8,6,3,11,0
797,1416,420088.5,3812281.5,2022,1,2,2,0,0,1,2,0,9,6,12,11,13,7,6,15,11,0
792,1453,420199.5,3812296.5,2022,1,0,1,4,4,1,2,0,9,1,12,0,4,10,16,5,1,11
806,1494,420322.5,3812254.5,2022,1,2,2,0,0,1,4,2,7,6,8,6,8,8,10,3,11,0
797,1501,420343.5,3812281.5,2022,0,0,1,1,5,2,2,8,1,5,9,13,11,1,0,8,14,17
790,1531,420433.5,3812302.5,2022,1,0,1,4,4,2,5,8,4,9,3,4,14,9,1,7,3,7
798,1602,420646.5,3812278.5,2022,0,0,1,4,4,2,5,9,4,10,0,9,7,9,9,11,14,16
789,1628,420724.5,3812305.5,2022,0,0,1,4,4,2,5,9,4,9,0,4,12,9,1,0,3,15
791,1665,420835.5,3812299.5,2022,1,2,2,0,0,6,4,2,7,6,8,6,8,8,10,3,8,8
787,1686,420898.5,3812311.5,2022,1,2,2,0,0,1,4,2,7,6,8,11,13,7,6,15,11,0
788,1722,421006.5,3812308.5,2022,0,3,4,3,3,4,5,9,4,10,11,7,7,12,7,11,14,16
802,1763,421129.5,3812266.5,2022,0,3,4,3,3,4,3,7,10,2,6,5,2,5,11,2,10,5
800,1779,421177.5,3812272.5,2022,0,3,4,3,3,4,3,7,10,2,6,5,2,5,11,2,10,5
784,1807,421261.5,3812320.5,2022,0,3,4,3,3,4,3,7,10,2,6,5,2,5,11,2,10,5
792,1842,421366.5,3812296.5,2022,0,3,4,3,3,4,3,7,10,2,6,5,2,5,11,4,15,14
781,1883,421489.5,3812329.5,2022,0,3,4,1,5,4,2,0,1,5,9,7,10,1,0,8,2,2
791,1906,421558.5,3812299.5,2022,1,2,2,0,0,6,4,2,7,6,8,6,11,4,12,12,6,17
780,1945,421675.5,3812332.5,2022,1,2,2,0,0,1,4,2,7,6,8,6,8,8,10,3,8,8
807,2003,421849.5,3812251.5,2022,1,2,2,0,0,1,4,2,7,6,8,6,8,8,6,3,11,0
805,2033,421939.5,3812257.5,2022,1,2,2,0,0,6,4,2,7,6,8,6,8,8,10,3,8,8
793,2049,421987.5,3812293.5,2022,1,2,2,0,0,6,4,2,7,4,8,13,11,4,12,12,6,17
794,2074,422062.5,3812290.5,2022,1,2,1,4,4,6,8,8,5,4,3,13,11,4,12,12,6,17
805,2123,422209.5,3812257.5,2022,1,2,2,0,0,6,8,8,5,4,5,10,3,4,12,12,6,17
808,2133,422239.5,3812248.5,2022,1,2,1,0,0,6,8,8,3,11,3,13,11,4,12,12,6,17
789,2174,422362.5,3812305.5,2022,1,2,2,0,0,6,4,2,3,11,1,13,11,4,12,12,6,17
794,2216,422488.5,3812290.5,2022,1,2,1,4,0,6,8,8,3,11,3,13,11,4,12,12,6,17
795,2222,422506.5,3812287.5,2022,1,2,2,0,0,6,8,8,5,4,5,13,11,4,12,12,6,17
802,2267,422641.5,3812266.5,2022,1,0,1,4,4,6,8,8,5,9,3,13,11,4,12,12,6,17
799,2301,422743.5,3812275.5,2022,1,0,1,1,5,2,2,8,1,5,9,13,11,4,12,12,6,17
788,2319,422797.5,3812308.5,2022,1,0,1,4,5,2,8,8,3,11,3,13,11,4,12,12,6,17
786,2367,422941.5,3812314.5,2022,2,1,3,1,5,5,6,6,3,11,1,2,1,0,4,6,17,3
795,2383,422989.5,3812287.5,2022,2,1,3,1,5,5,6,8,3,11,1,2,1,0,2,6,17,3
784,2416,423088.5,3812320.5,2022,2,1,3,5,6,5,6,6,3,11,1,2,1,0,4,6,17,3
788,2456,423208.5,3812308.5,2022,2,1,3,1,5,5,6,8,3,11,1,2,1,0,4,6,17,3
807,2487,423301.5,3812251.5,2022,2,1,3,5,6,5,6,6,6,0,2,12,6,11,3,6,17,3
782,2517,423391.5,3812326.5,2022,1,1,3,1,5,5,6,8,3,11,1,2,1,0,4,6,17,3
795,2534,423442.5,3812287.5,2022,2,1,3,1,5,5,6,6,1,5,9,7,10,1,0,6,17,3
808,2557,423511.5,3812248.5,2022,2,1,3,5,2,7,0,5,2,8,10,1,0,15,14,16,12,12
782,2600,423640.5,3812326.5,2022,2,1,3,1,5,5,6,6,6,0,2,7,10,11,3,6,17,3
785,2623,423709.5,3812317.5,2022,2,0,3,1,5,5,6,8,1,5,9,7,10,1,0,6,17,3
797,2659,423817.5,3812281.5,2022,0,0,1,1,5,5,6,8,1,5,11,7,10,12,7,6,17,3
806,2672,423856.5,3812254.5,2022,2,1,3,1,5,5,6,6,6,0,11,7,10,12,7,6,17,3
783,2718,423994.5,3812323.5,2022,2,1,3,1,5,5,6,6,6,0,2,12,6,11,3,6,17,3
798,2739,424057.5,3812278.5,2022,2,1,3,1,5,5,6,6,6,0,2,7,10,0,4,6,17,3
799,2775,424165.5,3812275.5,2022,0,0,1,1,5,5,6,8,3,11,11,7,14,12,7,6,14,3
801,2800,424240.5,3812269.5,2022,0,3,4,3,3,4,3,0,10,10,11,7,10,12,7,11,14,16
805,2846,424378.5,3812257.5,2022,2,3,0,2,1,0,1,4,0,7,4,3,9,2,8,4,15,14
794,2875,424465.5,3812290.5,2022,0,3,4,3,3,4,3,7,10,2,6,5,2,5,11,4,15,14
793,2899,424537.5,3812293.5,2022,2,3,0,2,1,0,1,4,6,0,11,7,6,11,3,4,15,14
803,2918,424594.5,3812263.5,2022,0,3,0,2,1,0,1,4,0,7,4,3,9,2,8,4,15,14
808,2948,424684.5,3812248.5,2022,2,3,0,2,1,0,1,4,6,0,2,7,6,11,3,4,15,14
795,2981,424783.5,3812287.5,2022,2,3,0,2,1,0,1,4,6,0,4,7,10,2,8,4,15,14
797,3007,424861.5,3812281.5,2022,2,1,3,5,6,5,6,6,6,0,2,12,6,11,3,13,0,6
795,3055,425005.5,3812287.5,2022,2,3,0,2,1,5,1,6,6,0,2,7,10,11,3,4,15,14
783,3068,425044.5,3812323.5,2022,2,3,0,2,1,0,1,4,0,7,4,3,9,2,8,4,15,14
801,3100,425140.5,3812269.5,2022,2,3,0,2,1,0,1,4,0,7,4,3,9,2,8,9,5,4
787,3134,425242.5,3812311.5,2022,2,3,0,2,1,0,1,4,0,7,4,3,9,2,8,9,5,4
788,3158,425314.5,3812308.5,2022,2,3,0,2,1,0,1,4,0,7,4,3,9,2,8,9,15,4
801,3206,425458.5,3812269.5,2022,2,3,0,2,1,0,1,4,0,7,4,3,9,2,8,9,5,4
801,3216,425488.5,3812269.5,2022,2,1,0,2,1,0,1,4,0,7,4,3,9,2,8,9,5,6
797,3241,425563.5,3812281.5,2022,2,1,0,2,1,0,1,4,0,7,4,3,9,2,8,9,5,6
797,3279,425677.5,3812281.5,2022,2,1,0,2,1,0,1,4,0,7,4,3,9,2,8,9,5,4
796,3310,425770.5,3812284.5,2022,2,1,0,2,1,0,1,4,0,7,4,3,9,2,8,9,5,4
806,3331,425833.5,3812254.5,2022,2,1,0,2,1,0,1,4,0,7,4,3,9,2,8,9,5,4
839,10,415870.5,3812155.5,2022,1,0,1,4,4,2,5,9,4,9,3,4,14,9,1,0,3,15
813,32,415936.5,3812233.5,2022,1,2,2,0,0,1,4,2,7,6,8,6,8,4,12,12,6,17
839,64,416032.5,3812155.5,2022,1,2,2,0,0,6,8,8,5,4,5,13,11,4,12,12,6,17
820,126,416218.5,3812212.5,2022,1,2,2,0,0,6,4,2,7,6,8,6,8,8,10,3,8,8
835,178,416374.5,3812167.5,2022,1,2,2,0,0,1,4,2,7,6,8,6,8,8,10,3,8,8
826,209,416467.5,3812194.5,2022,1,2,2,0,0,6,4,2,7,6,8,6,8,8,10,3,8,8
819,236,416548.5,3812215.5,2022,1,2,2,0,0,1,4,2,7,6,8,6,8,8,10,3,8,8
811,266,416638.5,3812239.5,2022,1,2,2,1,5,1,2,0,1,5,9,11,13,1,6,8,2,2
832,293,416719.5,3812176.5,2022,1,2,2,0,0,1,4,2,7,6,8,6,8,8,10,3,8,8
827,300,416740.5,3812191.5,2022,1,2,2,0,0,1,4,2,7,6,8,6,8,8,6,15,11,0
828,353,416899.5,3812188.5,2022,1,2,2,0,0,1,4,2,7,6,8,6,8,8,10,3,8,8
833,389,417007.5,3812173.5,2022,1,2,2,0,0,1,4,2,7,6,8,6,8,8,10,3,8,8
817,415,417085.5,3812221.5,2022,1,2,2,0,0,1,4,2,7,6,8,6,8,8,10,3,8,8
823,426,417118.5,3812203.5,2022,1,2,2,0,0,1,4,2,7,6,8,6,8,8,10,3,8,8
823,454,417202.5,3812203.5,2022,1,2,2,0,0,1,4,2,7,6,8,6,8,8,10,3,8,8
830,501,417343.5,3812182.5,2022,0,3,4,1,5,4,2,0,10,10,11,7,10,12,7,11,14,16
833,539,417457.5,3812173.5,2022,0,3,4,3,3,4,3,7,10,2,6,5,2,5,11,2,10,5
829,552,417496.5,3812185.5,2022,0,3,0,3,3,4,3,7,10,2,6,5,2,5,11,2,10,5
833,595,417625.5,3812173.5,2022,0,3,4,3,3,4,3,7,10,2,6,5,2,5,11,2,10,5
814,629,417727.5,3812230.5,2022,0,3,4,3,3,4,3,7,10,2,6,5,2,5,11,11,10,5
830,643,417769.5,3812182.5,2022,0,3,4,1,5,4,2,0,9,10,11,7,10,12,7,11,14,16
834,663,417829.5,3812170.5,2022,0,2,4,1,5,1,2,0,9,1,12,11,13,7,5,15,13,19
834,716,417988.5,3812170.5,2022,0,3,4,1,5,4,2,0,9,1,12,11,13,7,5,15,13,19
820,742,418066.5,3812212.5,2022,1,2,2,0,0,1,4,2,9,1,12,11,13,7,5,15,13,19
833,768,418144.5,3812173.5,2022,1,2,2,0,0,1,2,0,9,1,12,0,4,10,16,5,1,11
813,804,418252.5,3812233.5,2022,1,2,2,0,0,1,4,2,7,6,8,6,8,8,6,15,11,0
833,835,418345.5,3812173.5,2022,1,2,2,1,5,1,2,0,9,1,12,11,13,7,6,15,11,0
839,848,418384.5,3812155.5,2022,1,2,2,1,5,1,2,0,9,1,12,11,13,7,5,15,13,19
810,885,418495.5,3812242.5,2022,0,2,4,1,5,1,2,0,1,5,9,11,13,7,5,15,13,19
819,900,418540.5,3812215.5,2022,1,2,2,0,0,1,4,2,7,6,8,6,8,8,10,3,11,0
837,930,418630.5,3812161.5,2022,1,2,2,0,0,1,2,0,9,1,12,11,13,7,5,15,13,19
835,983,418789.5,3812167.5,2022,1,2,2,0,0,1,4,2,7,6,8,6,8,8,10,3,8,8
827,1012,418876.5,3812191.5,2022,1,2,2,0,0,1,4,2,7,6,8,6,8,8,10,3,8,8
827,1021,418903.5,3812191.5,2022,1,2,2,0,0,1,4,2,7,6,8,6,8,7,6,15,11,0
838,1072,419056.5,3812158.5,2022,1,2,2,0,0,1,4,2,7,6,8,6,8,8,10,3,8,8
830,1086,419098.5,3812182.5,2022,1,2,2,0,0,1,4,2,7,6,8,6,8,8,10,3,8,8
811,1111,419173.5,3812239.5,2022,1,2,2,0,0,1,4,2,7,6,8,11,8,7,6,15,11,0
827,1167,419341.5,3812191.5,2022,1,2,2,0,0,1,4,2,7,6,8,11,13,7,6,15,11,0
832,1195,419425.5,3812176.5,2022,0,3,4,3,3,4,3,7,10,2,6,5,2,5,11,2,10,5
835,1226,419518.5,3812167.5,2022,0,3,4,3,3,4,3,7,10,2,6,5,2,5,11,2,10,5
822,1254,419602.5,3812206.5,2022,0,3,4,3,3,4,3,7,10,2,6,5,2,5,11,2,10,5
837,1260,419620.5,3812161.5,2022,0,0,4,3,3,4,2,0,9,1,12,0,4,10,5,5,13,19
839,1309,419767.5,3812155.5,2022,0,0,4,1,5,2,2,0,1,5,9,7,10,1,0,8,2,2
825,1348,419884.5,3812197.5,2022,1,0,1,4,4,2,8,3,9,1,12,0,4,10,16,5,1,11
820,1364,419932.5,3812212.5,2022,0,0,4,3,3,2,5,9,4,10,11,9,7,12,7,11,14,16
817,1390,420010.5,3812221.5,2022,1,2,2,0,0,6,4,2,7,1,12,0,4,10,16,5,1,11
823,1432,420136.5,3812203.5,2022,1,2,2,0,0,1,4,2,7,6,8,6,8,8,10,3,8,8
833,1445,420175.5,3812173.5,2022,1,2,2,0,0,1,4,2,7,6,8,6,8,8,10,3,8,8
810,1498,420334.5,3812242.5,2022,1,2,2,0,0,6,4,2,7,6,8,6,8,8,10,3,8,8
832,1583,420589.5,3812176.5,2022,0,0,1,4,4,2,5,9,4,10,0,9,7,3,9,10,4,1
823,1605,420655.5,3812203.5,2022,0,0,1,4,4,2,5,9,4,9,3,4,14,9,1,0,3,15
827,1629,420727.5,3812191.5,2022,1,2,2,0,0,6,8,3,9,1,12,0,4,10,16,5,1,11
831,1667,420841.5,3812179.5,2022,1,2,2,0,0,1,8,3,9,1,12,0,4,10,16,5,1,11
838,1701,420943.5,3812158.5,2022,0,0,4,1,5,2,5,9,4,10,11,7,7,12,7,11,14,16
814,1735,421045.5,3812230.5,2022,1,0,1,4,4,6,8,8,5,4,3,13,11,4,12,12,6,17
823,1743,421069.5,3812203.5,2022,0,0,1,4,4,2,5,9,4,10,11,9,7,12,7,11,14,16
823,1788,421204.5,3812203.5,2022,0,3,4,1,5,4,2,0,1,5,9,7,10,1,0,8,2,2
812,1826,421318.5,3812236.5,2022,0,3,4,1,5,4,2,0,1,5,9,7,10,1,0,8,2,2
813,1842,421366.5,3812233.5,2022,1,2,2,1,5,1,2,8,1,5,9,13,11,4,12,12,6,17
816,1870,421450.5,3812224.5,2022,1,2,2,0,0,6,4,2,7,6,8,6,8,8,10,3,8,8
833,1915,421585.5,3812173.5,2022,1,2,2,0,0,6,4,2,7,6,8,6,8,8,10,3,8,8
817,1969,421747.5,3812221.5,2022,1,2,2,0,0,6,4,2,7,4,8,6,8,8,10,3,8,8
823,2007,421861.5,3812203.5,2022,1,2,2,0,0,1,4,2,7,6,8,6,8,8,10,3,8,8
828,2032,421936.5,3812188.5,2022,1,2,2,0,0,6,4,2,7,4,8,6,8,8,10,12,8,8
821,2062,422026.5,3812209.5,2022,1,0,1,4,4,2,2,8,1,5,3,13,11,4,12,12,6,17
829,2091,422113.5,3812185.5,2022,1,2,2,0,0,6,8,3,5,4,5,10,3,14,15,14,16,13
811,2119,422197.5,3812239.5,2022,1,0,1,4,4,2,8,8,1,5,3,13,11,4,12,12,6,17
839,2148,422284.5,3812155.5,2022,1,2,2,0,0,6,8,2,5,4,5,10,3,4,12,12,6,17
810,2186,422398.5,3812242.5,2022,1,0,1,1,5,5,6,8,3,11,1,13,11,4,12,12,6,17
810,2210,422470.5,3812242.5,2022,1,2,2,0,0,6,8,8,3,11,1,13,11,4,12,12,6,17
819,2241,422563.5,3812215.5,2022,1,0,1,1,5,2,2,8,1,5,9,13,11,4,12,12,6,17
836,2270,422650.5,3812164.5,2022,1,2,2,0,0,6,8,2,5,4,8,13,11,4,12,12,6,17
826,2292,422716.5,3812194.5,2022,1,2,2,0,0,6,4,2,7,6,8,6,8,8,10,3,8,8
819,2339,422857.5,3812215.5,2022,1,0,1,4,4,6,8,8,5,4,3,13,11,4,12,12,6,17
827,2363,422929.5,3812191.5,2022,2,1,3,1,5,5,6,8,3,11,1,2,1,0,4,6,17,3
817,2387,423001.5,3812221.5,2022,2,1,3,1,5,5,6,6,3,11,1,2,1,0,3,6,17,3
819,2411,423073.5,3812215.5,2022,1,0,1,1,5,5,2,8,1,5,9,13,11,0,4,6,17,3
829,2442,423166.5,3812185.5,2022,2,1,3,1,5,5,6,6,1,5,9,7,10,1,0,6,17,3
816,2489,423307.5,3812224.5,2022,2,1,3,5,6,5,6,6,3,11,1,2,1,0,4,6,17,12
824,2505,423355.5,3812200.5,2022,2,1,3,5,6,5,6,6,3,11,1,2,1,0,4,6,17,12
825,2542,423466.5,3812197.5,2022,2,1,3,5,6,5,6,6,3,11,1,2,1,0,4,6,17,12
812,2566,423538.5,3812236.5,2022,2,1,3,5,6,5,6,6,3,11,1,2,1,0,4,1,7,12
832,2597,423631.5,3812176.5,2022,1,2,2,0,0,1,4,2,7,6,8,6,8,8,10,3,8,8
818,2632,423736.5,3812218.5,2022,2,1,3,1,5,5,6,6,3,11,1,2,1,0,4,6,17,3
810,2659,423817.5,3812242.5,2022,2,3,4,1,5,5,6,6,6,0,11,7,10,12,7,4,15,14
815,2674,423862.5,3812227.5,2022,2,1,3,1,5,5,2,8,1,5,11,7,10,1,0,6,17,3
820,2708,423964.5,3812212.5,2022,1,2,2,0,0,6,4,8,3,11,1,2,1,6,2,1,7,18
837,2758,424114.5,3812161.5,2022,2,1,3,5,6,5,6,6,3,11,1,2,1,0,4,6,17,3
822,2769,424147.5,3812206.5,2022,2,3,0,2,5,5,6,6,6,0,11,7,10,12,7,4,15,14
832,2791,424213.5,3812176.5,2022,2,1,3,1,5,5,6,6,6,0,11,7,10,12,7,6,17,3
817,2849,424387.5,3812221.5,2022,0,3,4,3,3,4,3,7,10,10,11,7,10,12,7,4,15,14
823,2863,424429.5,3812203.5,2022,0,3,4,3,3,4,3,7,10,10,11,9,7,12,7,11,14,16
814,2887,424501.5,3812230.5,2022,0,3,4,3,3,4,5,9,4,10,11,9,7,12,7,11,14,16
822,2910,424570.5,3812206.5,2022,2,3,0,2,1,0,1,4,0,7,4,3,9,2,8,4,15,4
834,2961,424723.5,3812170.5,2022,2,1,3,5,6,5,6,6,6,0,2,12,6,11,3,13,0,6
828,2977,424771.5,3812188.5,2022,2,1,0,2,1,5,6,6,6,0,2,7,6,11,3,4,15,14
818,3025,424915.5,3812218.5,2022,2,1,3,5,6,5,6,6,6,0,2,12,6,11,3,13,0,6
810,3038,424954.5,3812242.5,2022,2,3,0,2,1,0,1,4,6,0,11,7,10,12,7,4,15,14
834,3089,425107.5,3812170.5,2022,2,3,0,2,1,0,1,4,6,0,2,7,10,11,3,4,15,14
831,3114,425182.5,3812179.5,2022,2,3,0,2,1,0,1,4,0,7,4,3,9,2,8,4,15,14
837,3144,425272.5,3812161.5,2022,2,3,0,2,1,0,1,4,0,7,4,3,9,2,8,4,15,14
834,3157,425311.5,3812170.5,2022,2,3,0,2,1,0,1,4,0,7,4,3,9,2,8,4,15,14
827,3186,425398.5,3812191.5,2022,2,3,0,2,1,0,1,4,0,7,4,3,9,2,8,9,5,4
834,3236,425548.5,3812170.5,2022,2,1,0,2,1,0,1,4,6,0,2,12,6,11,3,13,0,6
834,3262,425626.5,3812170.5,2022,2,1,0,2,1,0,1,4,0,7,4,3,9,2,8,9,5,4
821,3274,425662.5,3812209.5,2022,2,1,0,2,1,0,1,4,0,7,4,3,9,2,8,9,5,6
821,3323,425809.5,3812209.5,2022,2,1,0,2,1,0,1,4,0,7,4,3,9,2,8,9,5,4
836,3332,425836.5,3812164.5,2022,2,1,0,2,1,0,1,4,0,7,4,3,9,2,8,9,5,6
857,3,415849.5,3812101.5,2022,0,0,1,4,4,2,5,9,4,10,0,9,7,9,1,0,3,16
863,33,415939.5,3812083.5,2022,1,2,2,0,0,6,4,2,7,6,8,6,8,8,10,12,8,8
864,86,416098.5,3812080.5,2022,1,0,1,4,4,6,8,8,5,4,3,13,11,4,12,12,6,17
862,96,416128.5,3812086.5,2022,1,0,1,4,4,2,8,8,5,9,3,13,11,4,12,12,6,17
862,208,416464.5,3812086.5,2022,1,2,2,0,0,1,4,2,7,6,8,6,8,8,10,3,8,8
842,226,416518.5,3812146.5,2022,0,3,4,3,3,4,3,0,10,2,9,5,2,1,0,8,2,2
864,262,416626.5,3812080.5,2022,1,2,2,1,5,1,2,0,1,5,9,11,13,7,6,8,2,2
852,292,416716.5,3812116.5,2022,1,2,2,0,0,1,4,2,9,1,12,11,13,7,6,15,11,0
853,387,417001.5,3812113.5,2022,1,2,2,0,0,1,4,2,7,6,8,6,8,8,10,3,8,8
849,410,417070.5,3812125.5,2022,1,2,2,0,0,1,4,2,7,6,8,6,8,8,10,3,8,18
852,428,417124.5,3812116.5,2022,1,2,2,1,5,1,2,2,7,6,8,11,13,7,6,15,11,0
868,456,417208.5,3812068.5,2022,1,2,2,0,0,1,4,2,7,6,8,6,8,8,10,3,8,8
869,503,417349.5,3812065.5,2022,0,3,4,3,3,4,3,7,10,2,6,5,2,5,11,2,10,5
851,523,417409.5,3812119.5,2022,0,3,4,3,3,4,3,7,10,2,6,5,2,5,11,2,10,5
847,552,417496.5,3812131.5,2022,0,3,4,3,3,4,3,7,10,2,6,5,2,5,11,2,10,5
840,587,417601.5,3812152.5,2022,0,3,4,3,3,4,3,7,10,2,6,5,2,5,11,2,10,5
865,609,417667.5,3812077.5,2022,0,3,4,1,5,1,2,0,9,1,12,11,13,7,5,15,13,19
840,642,417766.5,3812152.5,2022,0,2,4,1,5,1,2,0,9,1,12,11,13,7,5,15,13,19
862,676,417868.5,3812086.5,2022,0,3,4,1,5,1,2,0,9,1,12,11,13,7,5,15,13,19
854,713,417979.5,3812110.5,2022,0,3,4,3,3,4,3,7,10,2,6,5,2,5,11,2,10,5
841,729,418027.5,3812149.5,2022,0,3,4,1,5,4,2,0,9,1,11,11,13,7,5,15,13,19
846,753,418099.5,3812134.5,2022,1,2,2,0,0,1,4,2,7,6,8,6,8,8,10,3,8,8
861,803,418249.5,3812089.5,2022,0,0,4,4,4,2,5,9,4,10,11,9,7,12,7,11,14,16
851,814,418282.5,3812119.5,2022,0,0,4,1,5,2,2,0,9,1,11,11,7,12,5,11,13,19
858,842,418366.5,3812098.5,2022,0,3,4,3,3,4,3,7,10,2,6,5,2,5,11,2,10,5
868,888,418504.5,3812068.5,2022,0,3,4,3,3,4,3,7,10,2,6,5,2,5,11,2,10,5
861,917,418591.5,3812089.5,2022,0,3,4,3,3,4,3,7,10,2,6,5,2,5,11,2,10,5
854,930,418630.5,3812110.5,2022,0,3,4,3,3,1,2,0,9,1,12,11,13,7,5,15,13,19
850,984,418792.5,3812122.5,2022,0,3,4,3,3,4,3,7,10,2,6,5,2,5,11,2,10,5
843,993,418819.5,3812143.5,2022,1,2,2,0,0,1,4,2,9,1,12,11,13,7,5,15,11,0
844,1023,418909.5,3812140.5,2022,0,0,4,3,3,2,5,9,4,10,0,9,7,12,9,11,14,16
862,1067,419041.5,3812086.5,2022,1,2,2,0,0,1,4,2,7,6,8,6,8,8,10,3,11,0
850,1100,419140.5,3812122.5,2022,1,2,2,0,0,1,4,2,7,6,8,6,8,8,10,3,8,8
845,1118,419194.5,3812137.5,2022,1,2,2,0,0,1,4,2,7,6,8,6,8,8,10,3,8,8
840,1169,419347.5,3812152.5,2022,0,3,4,3,3,4,3,7,10,2,6,5,2,5,11,2,10,5
855,1181,419383.5,3812107.5,2022,0,3,4,3,3,4,3,7,10,2,6,5,2,5,11,2,10,5
847,1202,419446.5,3812131.5,2022,0,3,4,3,3,4,3,7,10,2,6,5,2,5,11,2,10,5
854,1255,419605.5,3812110.5,2022,0,3,4,3,3,4,3,7,10,2,6,5,2,5,11,2,10,5
840,1282,419686.5,3812152.5,2022,1,2,2,0,0,1,4,2,7,6,8,11,13,7,6,15,11,0
866,1319,419797.5,3812074.5,2022,1,2,2,0,0,1,8,3,9,1,12,0,4,10,16,5,1,11
847,1337,419851.5,3812131.5,2022,0,3,4,3,3,4,3,9,10,10,11,9,7,12,7,11,14,16
859,1377,419971.5,3812095.5,2022,0,0,1,4,4,2,5,9,4,10,0,4,7,12,7,11,14,16
844,1395,420025.5,3812140.5,2022,1,0,1,1,5,2,2,0,1,5,9,13,11,1,0,8,2,2
845,1422,420106.5,3812137.5,2022,1,2,2,0,0,1,2,0,9,1,12,0,4,10,16,5,1,11
868,1451,420193.5,3812068.5,2022,1,2,1,4,4,6,8,3,5,1,12,0,4,10,16,5,1,11
851,1470,420250.5,3812119.5,2022,1,0,1,4,4,6,8,3,5,1,12,0,4,10,16,5,1,11
869,1548,420484.5,3812065.5,2022,0,0,1,4,4,2,5,9,4,9,0,4,12,9,1,0,3,15
857,1583,420589.5,3812101.5,2022,1,0,1,4,4,2,5,9,4,9,3,4,14,9,1,0,3,16
863,1590,420610.5,3812083.5,2022,1,0,1,4,4,6,8,3,5,1,12,0,4,10,16,5,1,11
841,1637,420751.5,3812149.5,2022,1,0,1,1,5,2,2,8,1,5,9,13,11,4,12,12,6,17
868,1653,420799.5,3812068.5,2022,0,0,1,1,5,2,2,0,1,5,9,13,11,1,0,8,2,2
857,1683,420889.5,3812101.5,2022,1,2,2,0,0,1,8,3,9,1,12,0,4,10,16,5,1,11
864,1710,420970.5,3812080.5,2022,0,0,1,4,4,2,5,8,4,9,3,4,14,9,1,7,3,7
857,1749,421087.5,3812101.5,2022,0,3,4,3,3,4,5,9,4,10,11,9,7,12,7,11,14,16
851,1796,421228.5,3812119.5,2022,0,0,4,1,5,2,2,0,1,5,9,7,10,1,0,8,2,2
842,1819,421297.5,3812146.5,2022,0,0,1,4,4,2,5,9,4,10,11,4,14,12,7,11,14,16
846,1830,421330.5,3812134.5,2022,1,2,2,0,0,1,4,2,7,6,8,6,8,8,10,3,8,8
860,1877,421471.5,3812092.5,2022,1,2,2,0,0,6,4,2,7,6,8,6,8,8,10,3,8,8
844,1895,421525.5,3812140.5,2022,1,2,2,0,0,6,4,2,7,6,8,6,8,8,10,3,8,8
845,1954,421702.5,3812137.5,2022,0,0,4,1,5,5,2,0,1,5,9,7,10,1,0,8,2,2
857,2009,421867.5,3812101.5,2022,1,2,2,0,0,1,4,2,7,6,8,6,8,8,10,3,8,8
861,2039,421957.5,3812089.5,2022,1,2,2,0,0,1,4,2,7,6,8,13,11,4,6,15,11,0
842,2056,422008.5,3812146.5,2022,1,2,2,0,0,6,4,2,7,6,8,6,8,8,10,3,8,8
845,2072,422056.5,3812137.5,2022,1,2,2,0,0,6,4,2,7,4,8,6,8,8,10,3,8,8
859,2125,422215.5,3812095.5,2022,1,2,2,0,0,6,8,2,5,4,5,10,3,4,12,12,6,17
840,2140,422260.5,3812152.5,2022,1,2,2,0,0,6,8,2,5,4,8,13,11,4,12,12,6,17
845,2162,422326.5,3812137.5,2022,1,0,1,4,5,2,8,8,3,11,3,13,11,4,12,12,6,17
864,2190,422410.5,3812080.5,2022,1,2,2,0,0,6,8,3,5,4,5,10,3,14,15,14,16,13
851,2232,422536.5,3812119.5,2022,1,2,2,0,0,6,8,3,5,4,5,13,11,4,12,12,6,17
869,2250,422590.5,3812065.5,2022,1,2,2,0,0,6,4,2,7,6,8,6,8,8,10,3,8,8
854,2302,422746.5,3812110.5,2022,1,2,2,0,0,6,8,8,5,4,5,13,11,4,12,12,6,17
864,2313,422779.5,3812080.5,2022,1,0,1,4,4,6,8,8,5,4,3,13,11,4,12,12,6,17
865,2362,422926.5,3812077.5,2022,0,0,1,1,5,2,2,8,1,5,11,7,10,12,7,11,14,16
858,2390,423010.5,3812098.5,2022,1,2,3,1,5,1,6,2,3,11,1,2,1,6,2,1,7,18
853,2416,423088.5,3812113.5,2022,2,1,3,5,6,5,6,6,3,11,1,2,1,6,2,6,7,18
868,2439,423157.5,3812068.5,2022,1,2,3,1,5,5,6,8,3,11,1,2,1,6,2,1,7,18
844,2471,423253.5,3812140.5,2022,2,1,3,1,5,5,6,8,3,11,1,2,1,0,4,6,17,3
864,2496,423328.5,3812080.5,2022,2,1,3,5,6,5,6,6,3,11,1,2,1,6,2,1,7,18
843,2541,423463.5,3812143.5,2022,2,1,3,1,5,5,6,8,3,11,1,2,1,0,4,6,17,3
858,2570,423550.5,3812098.5,2022,2,1,3,1,5,5,6,6,6,0,2,7,10,11,3,6,17,3
842,2593,423619.5,3812146.5,2022,1,2,2,0,0,1,4,2,7,6,8,6,8,8,10,3,8,8
863,2634,423742.5,3812083.5,2022,0,3,4,1,5,5,2,0,1,5,11,7,10,12,7,11,14,16
848,2650,423790.5,3812128.5,2022,0,3,4,1,5,4,5,9,1,10,11,7,10,12,7,4,14,14
864,2690,423910.5,3812080.5,2022,0,0,1,1,5,5,6,8,1,5,11,7,10,1,7,6,17,3
848,2720,424000.5,3812128.5,2022,2,1,3,1,5,5,6,6,6,0,2,12,6,11,3,6,17,3
857,2736,424048.5,3812101.5,2022,2,1,3,1,5,5,6,6,6,0,2,12,6,11,3,6,17,3
843,2772,424156.5,3812143.5,2022,2,3,4,1,5,5,6,6,6,0,11,7,10,1,0,4,15,14
841,2818,424294.5,3812149.5,2022,0,0,1,4,4,2,5,8,4,10,11,7,14,12,7,11,14,16
845,2831,424333.5,3812137.5,2022,0,0,1,4,4,2,5,8,4,10,11,7,14,12,7,7,14,16
846,2857,424411.5,3812134.5,2022,0,0,4,3,3,2,5,9,4,10,11,9,7,12,7,11,14,16
851,2880,424480.5,3812119.5,2022,0,0,1,4,4,2,5,9,4,10,11,4,14,12,7,11,14,16
856,2915,424585.5,3812104.5,2022,2,3,0,2,1,5,6,6,6,0,11,7,10,12,7,4,15,14
851,2950,424690.5,3812119.5,2022,2,1,0,2,1,0,1,6,6,0,2,12,6,11,3,4,15,14
867,2995,424825.5,3812071.5,2022,2,1,3,5,6,5,6,6,6,0,2,12,6,11,3,13,0,12
840,3008,424864.5,3812152.5,2022,2,3,0,2,1,0,1,6,6,0,2,7,6,11,3,4,15,14
844,3033,424939.5,3812140.5,2022,2,3,4,1,5,5,2,6,6,0,11,7,10,12,7,4,15,14
851,3088,425104.5,3812119.5,2022,0,3,0,2,1,0,1,4,0,7,4,3,9,2,8,9,5,4
854,3108,425164.5,3812110.5,2022,2,3,0,2,1,0,1,4,0,7,4,3,9,2,8,4,15,14
858,3144,425272.5,3812098.5,2022,2,3,0,2,1,0,1,4,0,7,4,3,9,2,8,4,15,14
840,3178,425374.5,3812152.5,2022,2,1,0,2,1,0,1,4,0,0,4,3,6,2,8,4,15,6
847,3205,425455.5,3812131.5,2022,2,1,0,2,1,5,6,6,6,0,2,12,6,11,3,13,0,6
857,3214,425482.5,3812101.5,2022,2,1,3,5,6,5,6,6,6,0,2,12,6,11,3,13,0,6
853,3263,425629.5,3812113.5,2022,2,1,0,2,1,0,1,4,6,0,2,12,6,11,3,13,0,6
845,3270,425650.5,3812137.5,2022,2,1,0,2,1,0,1,4,0,7,4,3,9,2,8,9,5,4
850,3314,425782.5,3812122.5,2022,2,1,0,2,1,0,1,4,0,7,4,3,9,2,8,9,5,6
865,3332,425836.5,3812077.5,2022,2,1,0,2,1,0,1,4,0,7,4,12,6,11,3,13,0,6
879,0,415840.5,3812035.5,2022,1,2,1,4,4,6,8,8,5,4,3,13,11,4,12,12,6,17
874,54,416002.5,3812050.5,2022,1,2,2,0,0,6,8,3,5,4,5,13,11,4,12,12,6,17
872,75,416065.5,3812056.5,2022,1,2,2,0,0,6,8,3,5,4,5,13,11,4,12,12,6,17
870,90,416110.5,3812062.5,2022,1,2,2,0,0,6,8,8,5,4,5,13,11,4,12,12,6,17
894,204,416452.5,3811990.5,2022,1,2,2,0,0,1,4,2,7,6,8,6,8,8,10,3,8,8
884,210,416470.5,3812020.5,2022,1,0,4,1,5,1,2,0,1,5,9,11,13,7,0,8,2,2
884,269,416647.5,3812020.5,2022,0,3,4,1,5,1,2,0,1,5,9,11,13,7,5,15,2,2
899,279,416677.5,3811975.5,2022,0,2,4,1,5,1,2,0,9,1,12,11,13,7,5,15,13,19
876,301,416743.5,3812044.5,2022,1,2,2,0,0,1,4,2,7,6,8,6,8,8,10,3,8,8
888,378,416974.5,3812008.5,2022,1,2,2,0,0,1,4,2,7,6,8,6,8,8,10,3,8,8
895,402,417046.5,3811987.5,2022,1,2,2,0,0,1,4,2,7,6,8,6,8,8,10,3,8,8
872,431,417133.5,3812056.5,2022,1,2,2,0,0,1,4,2,7,6,8,6,8,8,6,15,11,0
887,471,417253.5,3812011.5,2022,1,1,3,1,5,5,6,8,3,11,1,2,1,6,2,6,7,18
887,483,417289.5,3812011.5,2022,1,2,2,1,5,1,2,0,9,1,12,11,13,7,5,15,13,19
880,521,417403.5,3812032.5,2022,0,3,0,2,1,0,1,4,0,7,4,3,9,2,8,2,10,4
870,545,417475.5,3812062.5,2022,0,3,4,3,3,4,3,7,10,2,6,5,2,5,11,2,10,5
885,580,417580.5,3812017.5,2022,0,3,4,3,3,4,3,7,10,2,6,5,2,5,11,2,10,5
898,602,417646.5,3811978.5,2022,0,3,4,3,3,4,3,7,10,2,11,7,7,12,7,11,14,16
871,647,417781.5,3812059.5,2022,0,2,4,1,5,1,2,0,9,1,12,11,13,7,5,15,13,19
887,674,417862.5,3812011.5,2022,0,3,4,3,3,4,3,0,10,2,11,11,13,5,5,11,13,19
898,704,417952.5,3811978.5,2022,1,2,2,0,0,1,4,8,3,1,1,2,4,6,2,5,7,18
882,740,418060.5,3812026.5,2022,0,3,4,3,3,4,3,7,10,2,6,5,2,5,11,2,10,5
877,760,418120.5,3812041.5,2022,0,2,4,1,5,1,2,0,9,1,12,11,13,7,5,15,13,19
875,800,418240.5,3812047.5,2022,0,3,4,3,3,4,3,7,10,2,6,5,2,5,11,2,10,5
895,814,418282.5,3811987.5,2022,0,3,4,3,3,4,3,7,10,2,6,5,2,5,11,2,10,5
884,854,418402.5,3812020.5,2022,1,2,2,0,0,1,2,0,9,1,12,0,4,10,5,5,13,19
887,871,418453.5,3812011.5,2022,0,3,4,3,3,4,3,7,10,10,6,9,7,5,11,11,10,5
880,923,418609.5,3812032.5,2022,0,3,4,3,3,4,3,7,10,2,6,5,2,5,11,2,10,5
878,944,418672.5,3812038.5,2022,0,0,4,3,3,4,2,0,9,1,12,9,7,12,5,11,13,19
886,961,418723.5,3812014.5,2022,0,3,4,3,3,4,3,7,10,2,6,5,2,5,11,2,10,5
889,1019,418897.5,3812005.5,2022,1,2,2,0,0,1,4,2,7,6,8,11,13,7,6,15,11,0
878,1023,418909.5,3812038.5,2022,1,2,2,0,0,1,4,2,7,6,8,6,8,7,6,15,11,0
871,1076,419068.5,3812059.5,2022,1,2,2,0,0,1,4,2,7,6,8,6,8,8,10,3,8,8
876,1167,419341.5,3812044.5,2022,0,0,4,1,5,1,2,0,1,5,9,11,13,7,5,11,13,19
899,1177,419371.5,3811975.5,2022,0,3,4,3,3,4,3,7,10,2,6,5,2,5,11,2,10,5
897,1208,419464.5,3811981.5,2022,0,3,4,3,3,4,3,7,10,2,6,5,2,5,11,2,10,5
879,1250,419590.5,3812035.5,2022,0,3,4,3,3,4,3,7,10,10,6,9,7,3,9,10,4,1
878,1266,419638.5,3812038.5,2022,1,2,2,0,0,1,4,0,9,1,12,0,4,10,5,5,13,19
890,1296,419728.5,3812002.5,2022,0,0,1,4,4,2,5,9,4,10,11,9,7,12,7,11,14,16
880,1332,419836.5,3812032.5,2022,0,0,4,3,4,2,5,9,4,10,11,9,7,12,7,11,14,16
873,1352,419896.5,3812053.5,2022,1,2,2,0,0,1,2,0,7,6,9,11,13,7,6,15,11,0
890,1399,420037.5,3812002.5,2022,0,0,1,4,4,2,5,9,4,10,0,9,7,9,9,11,14,16
878,1431,420133.5,3812038.5,2022,1,2,1,4,4,6,8,3,5,1,12,0,4,10,16,5,1,11
898,1441,420163.5,3811978.5,2022,0,0,1,4,4,2,5,9,4,10,0,9,7,3,9,10,4,1
898,1514,420382.5,3811978.5,2022,0,0,1,4,4,2,5,9,4,9,0,4,12,9,1,0,3,15
873,1547,420481.5,3812053.5,2022,0,0,1,4,4,2,5,9,4,9,0,4,7,9,1,0,3,15
899,1564,420532.5,3811975.5,2022,1,0,1,4,4,2,8,3,5,1,12,0,4,10,16,5,1,11
886,1614,420682.5,3812014.5,2022,0,0,1,4,4,2,5,9,4,10,0,9,7,3,9,0,14,16
879,1647,420781.5,3812035.5,2022,1,2,2,0,0,6,4,2,7,6,8,6,8,8,10,3,8,8
872,1677,420871.5,3812056.5,2022,1,2,2,0,0,6,8,3,5,4,5,10,3,8,10,14,8,8
886,1693,420919.5,3812014.5,2022,1,2,2,0,0,6,4,2,7,6,8,6,8,8,10,3,8,8
874,1738,421054.5,3812050.5,2022,0,0,4,3,3,4,5,9,4,10,11,9,7,12,7,11,14,16
891,1757,421111.5,3811999.5,2022,0,0,4,1,5,2,2,0,1,5,9,7,10,1,0,8,2,2
896,1793,421219.5,3811984.5,2022,0,3,4,1,5,4,2,0,1,5,9,7,10,1,0,8,2,2
874,1810,421270.5,3812050.5,2022,0,3,4,1,5,4,2,0,1,5,9,7,10,1,0,8,2,2
873,1831,421333.5,3812053.5,2022,1,2,2,0,0,6,4,2,7,6,8,6,8,8,10,3,8,8
874,1867,421441.5,3812050.5,2022,1,2,2,0,0,1,4,2,7,6,8,6,8,8,10,3,8,8
898,1895,421525.5,3811978.5,2022,1,2,2,0,0,6,4,2,7,6,8,6,8,8,10,3,8,8
898,1933,421639.5,3811978.5,2022,1,2,2,0,0,6,4,2,7,6,8,6,8,8,10,3,8,8
886,1974,421762.5,3812014.5,2022,1,2,2,0,0,1,4,2,7,6,8,6,8,8,10,3,8,8
896,2007,421861.5,3811984.5,2022,1,2,2,1,5,1,2,0,1,5,9,11,13,7,6,15,11,0
899,2030,421930.5,3811975.5,2022,1,0,1,1,5,1,2,0,1,5,9,13,11,1,0,8,2,2
897,2046,421978.5,3811981.5,2022,1,0,1,4,4,2,5,8,4,9,3,4,14,9,1,7,14,7
880,2077,422071.5,3812032.5,2022,1,2,2,0,0,6,4,2,5,4,5,10,3,8,10,14,8,8
872,2100,422140.5,3812056.5,2022,1,2,2,0,0,6,8,2,5,4,5,10,3,4,12,12,6,17
885,2141,422263.5,3812017.5,2022,1,2,2,0,0,1,4,2,7,6,8,6,8,4,6,12,11,0
890,2174,422362.5,3812002.5,2022,1,2,2,0,0,6,4,2,7,6,8,6,8,8,10,3,8,8
878,2218,422494.5,3812038.5,2022,1,2,2,0,0,6,8,3,5,4,5,13,11,4,12,12,6,17
874,2223,422509.5,3812050.5,2022,1,2,2,0,0,6,8,3,5,4,5,10,3,14,15,14,16,13
876,2253,422599.5,3812044.5,2022,1,2,1,1,5,6,8,8,3,11,3,13,11,4,12,12,6,17
886,2305,422755.5,3812014.5,2022,1,0,1,1,5,2,2,8,1,5,9,13,11,4,12,12,6,17
879,2331,422833.5,3812035.5,2022,1,0,1,4,4,6,8,3,5,9,3,4,14,9,1,12,3,17
871,2347,422881.5,3812059.5,2022,1,0,1,4,4,2,8,8,4,9,3,13,11,4,12,12,6,17
895,2393,423019.5,3811987.5,2022,0,0,1,1,5,5,2,8,1,5,11,7,14,12,7,6,14,3
898,2404,423052.5,3811978.5,2022,2,0,3,1,5,5,2,8,1,5,9,7,10,1,0,6,17,3
870,2444,423172.5,3812062.5,2022,1,2,3,1,5,5,2,8,3,11,1,13,11,4,12,6,17,3
892,2473,423259.5,3811996.5,2022,2,1,3,5,6,5,6,6,3,11,1,2,1,0,4,6,17,12
879,2516,423388.5,3812035.5,2022,2,1,3,5,6,5,6,6,6,0,2,12,6,11,3,6,17,3
872,2528,423424.5,3812056.5,2022,2,1,3,5,6,5,6,6,3,11,1,2,1,6,2,1,7,18
895,2565,423535.5,3811987.5,2022,1,2,3,5,6,3,4,2,7,6,1,2,1,6,2,1,7,18
892,2596,423628.5,3811996.5,2022,1,1,3,5,6,5,6,8,3,11,1,2,1,6,2,1,7,18
880,2638,423754.5,3812032.5,2022,0,3,0,2,1,0,1,4,0,7,11,7,10,12,7,4,15,14
889,2650,423790.5,3812005.5,2022,0,3,4,3,3,4,3,7,10,2,6,5,2,5,11,2,10,5
898,2678,423874.5,3811978.5,2022,2,0,3,1,5,5,6,8,3,11,11,7,14,0,4,6,17,3
870,2700,423940.5,3812062.5,2022,0,3,4,1,5,5,2,0,1,5,9,7,10,1,0,8,2,2
895,2756,424108.5,3811987.5,2022,0,0,1,1,5,2,5,9,4,10,11,7,10,12,7,11,14,16
896,2767,424141.5,3811984.5,2022,0,3,4,3,3,4,3,7,10,10,11,7,10,12,7,11,14,14
893,2792,424216.5,3811993.5,2022,0,0,4,3,3,4,5,9,4,10,11,9,7,3,7,10,4,1
874,2843,424369.5,3812050.5,2022,0,0,1,1,5,2,5,9,4,10,11,7,14,12,7,11,14,16
886,2879,424477.5,3812014.5,2022,2,3,0,2,1,5,6,6,6,0,11,7,10,12,7,4,15,14
887,2900,424540.5,3812011.5,2022,0,3,4,1,5,5,6,6,6,10,11,7,10,12,7,4,14,14
886,2937,424651.5,3812014.5,2022,2,1,3,5,6,5,6,6,6,0,2,12,6,11,3,6,17,3
894,2945,424675.5,3811990.5,2022,2,1,3,5,6,5,6,6,6,0,2,12,6,11,3,13,0,12
871,2984,424792.5,3812059.5,2022,2,1,3,5,6,5,6,6,6,0,2,12,6,11,3,6,17,3
879,3014,424882.5,3812035.5,2022,2,1,0,2,1,5,6,6,6,0,2,12,6,11,3,4,15,14
898,3036,424948.5,3811978.5,2022,2,1,3,5,6,5,6,6,6,0,2,12,6,11,3,6,0,12
889,3075,425065.5,3812005.5,2022,2,3,0,2,1,0,1,4,0,7,4,3,9,2,8,4,15,14
881,3096,425128.5,3812029.5,2022,2,1,0,2,1,5,6,6,6,0,2,7,6,11,3,4,15,14
896,3126,425218.5,3811984.5,2022,2,3,0,2,1,0,1,4,0,7,4,3,9,2,8,4,15,14
873,3151,425293.5,3812053.5,2022,2,3,0,2,1,0,1,4,0,7,4,3,9,2,8,4,15,14
880,3189,425407.5,3812032.5,2022,2,1,0,2,1,0,1,4,0,7,4,3,9,2,8,4,15,6
889,3223,425509.5,3812005.5,2022,2,3,0,2,1,0,1,4,0,7,4,3,9,2,8,9,5,4
878,3265,425635.5,3812038.5,2022,2,1,0,2,1,0,1,4,0,7,4,3,9,2,8,9,5,6
889,3280,425680.5,3812005.5,2022,2,3,0,2,1,0,1,4,0,7,4,3,9,2,8,9,5,4
875,3306,425758.5,3812047.5,2022,2,1,0,2,1,0,1,4,0,7,4,3,9,2,8,9,5,4
896,3333,425839.5,3811984.5,2022,2,1,0,2,1,0,1,4,0,7,4,3,9,2,8,9,5,4
901,2,415846.5,3811969.5,2022,1,2,1,4,0,6,8,8,5,4,3,13,11,4,12,12,6,17
918,36,415948.5,3811918.5,2022,1,0,1,4,4,2,8,3,5,9,3,4,12,9,1,0,3,15
918,79,416077.5,3811918.5,2022,1,0,1,1,5,1,2,0,1,5,9,13,11,4,0,8,2,2
929,172,416356.5,3811885.5,2022,1,2,2,1,5,1,2,0,1,5,9,13,11,4,12,12,6,17
913,204,416452.5,3811933.5,2022,1,2,2,0,0,6,4,2,7,6,8,6,8,8,10,3,8,8
909,220,416500.5,3811945.5,2022,1,2,2,0,0,1,4,2,7,6,8,6,8,7,6,15,11,0
914,255,416605.5,3811930.5,2022,1,2,2,1,5,1,2,0,7,6,8,11,13,7,6,15,11,0
903,281,416683.5,3811963.5,2022,0,0,4,1,5,1,2,0,9,1,12,11,13,7,5,15,13,19
920,320,416800.5,3811912.5,2022,1,2,2,0,0,1,4,2,7,6,8,6,8,8,10,3,8,8
918,334,416842.5,3811918.5,2022,1,2,2,0,0,1,4,2,7,6,8,6,8,8,10,3,8,8
921,362,416926.5,3811909.5,2022,1,2,2,0,0,1,4,2,7,6,8,6,8,8,10,3,8,8
928,411,417073.5,3811888.5,2022,1,2,2,0,0,1,4,2,7,6,8,6,8,8,10,3,8,8
904,421,417103.5,3811960.5,2022,1,2,2,0,0,1,4,2,7,6,8,6,8,8,6,15,11,0
925,474,417262.5,3811897.5,2022,1,2,2,1,5,1,2,0,9,1,1,11,13,6,2,15,7,18
925,505,417355.5,3811897.5,2022,0,3,4,3,3,4,3,7,10,2,11,5,2,12,7,11,13,19
908,510,417370.5,3811948.5,2022,0,3,4,3,3,4,3,7,10,2,6,5,2,5,11,2,10,5
902,554,417502.5,3811966.5,2022,0,3,4,3,3,4,3,7,10,2,6,5,2,5,11,2,10,5
912,595,417625.5,3811936.5,2022,1,2,2,0,0,1,4,0,9,1,12,11,13,7,5,15,13,19
917,615,417685.5,3811921.5,2022,1,2,2,0,0,1,4,2,9,1,12,6,8,10,16,5,1,11
915,643,417769.5,3811927.5,2022,0,3,4,3,3,4,3,0,10,2,11,11,13,5,5,2,13,19
915,680,417880.5,3811927.5,2022,1,2,2,1,5,1,2,0,9,1,12,11,13,7,5,15,13,19
920,700,417940.5,3811912.5,2022,0,3,4,1,5,1,2,0,9,1,12,11,13,7,5,15,13,19
924,738,418054.5,3811900.5,2022,1,2,2,1,5,1,2,0,9,1,12,11,13,7,5,15,13,19
910,770,418150.5,3811942.5,2022,1,2,2,0,0,1,4,0,9,1,12,11,13,7,5,15,13,19
923,791,418213.5,3811903.5,2022,0,3,4,3,3,4,3,7,10,2,6,5,2,5,11,2,10,5
904,816,418288.5,3811960.5,2022,0,3,4,3,3,4,3,7,10,2,6,5,2,5,11,2,10,5
917,844,418372.5,3811921.5,2022,1,2,2,0,0,1,2,0,9,1,12,0,4,10,16,5,1,11
920,872,418456.5,3811912.5,2022,0,0,4,3,4,2,5,9,4,10,11,9,7,12,7,11,14,16
902,900,418540.5,3811966.5,2022,0,3,4,3,3,4,3,7,10,2,6,5,2,5,11,2,10,5
910,944,418672.5,3811942.5,2022,0,3,4,3,3,4,3,7,10,10,6,9,7,3,9,11,4,1
928,971,418753.5,3811888.5,2022,0,0,4,3,3,4,5,9,9,10,11,9,7,12,7,11,14,16
909,995,418825.5,3811945.5,2022,1,2,2,0,0,1,2,0,9,1,12,0,4,10,16,5,1,11
907,1034,418942.5,3811951.5,2022,1,2,2,1,5,1,2,0,1,5,9,11,13,7,6,15,11,0
925,1167,419341.5,3811897.5,2022,0,3,4,3,3,4,2,0,9,2,6,11,13,7,5,11,13,19
902,1192,419416.5,3811966.5,2022,0,3,4,3,3,4,3,7,10,2,6,5,2,5,11,2,10,5
900,1209,419467.5,3811972.5,2022,0,3,4,3,3,4,3,7,10,2,6,5,2,5,11,10,4,1
910,1256,419608.5,3811942.5,2022,1,2,2,0,0,1,8,3,9,1,12,0,4,10,16,5,1,11
914,1280,419680.5,3811930.5,2022,0,0,1,1,4,2,5,9,9,1,12,0,7,10,5,11,14,16
928,1315,419785.5,3811888.5,2022,0,3,4,3,3,4,3,7,10,2,6,9,7,3,9,10,4,1
929,1331,419833.5,3811885.5,2022,0,3,4,3,3,4,3,7,10,10,0,9,7,3,9,10,4,1
928,1356,419908.5,3811888.5,2022,1,0,1,4,4,2,5,9,4,1,12,0,4,10,16,5,1,11
906,1399,420037.5,3811954.5,2022,0,0,1,4,4,2,5,9,4,9,0,4,12,9,1,0,3,15
908,1416,420088.5,3811948.5,2022,1,2,2,0,0,6,8,3,9,1,12,0,4,10,16,5,1,11
917,1441,420163.5,3811921.5,2022,0,0,4,3,3,4,3,9,9,10,0,9,7,3,9,10,4,1
927,1498,420334.5,3811891.5,2022,0,0,4,3,3,4,5,9,4,10,11,9,7,12,7,11,14,16
920,1501,420343.5,3811912.5,2022,0,0,4,3,3,2,5,9,4,10,0,9,7,3,9,11,4,16
923,1550,420490.5,3811903.5,2022,0,0,4,3,4,2,5,9,4,10,0,9,7,3,9,10,4,1
910,1576,420568.5,3811942.5,2022,0,0,4,3,3,2,5,9,4,10,0,9,7,3,9,10,4,1
903,1637,420751.5,3811963.5,2022,1,2,2,0,0,6,4,2,7,6,8,6,8,8,10,3,8,8
927,1703,420949.5,3811891.5,2022,1,2,2,0,0,6,4,2,7,6,8,6,8,8,10,3,8,8
904,1733,421039.5,3811960.5,2022,0,3,4,3,3,4,3,7,10,10,0,9,7,3,9,10,4,1
913,1765,421135.5,3811933.5,2022,0,0,4,3,4,2,5,9,4,10,0,9,7,3,9,10,4,16
922,1783,421189.5,3811906.5,2022,1,2,2,0,0,6,8,2,5,4,5,10,3,8,10,3,8,8
916,1816,421288.5,3811924.5,2022,0,0,1,4,4,2,5,9,4,10,0,9,7,12,7,11,14,16
910,1842,421366.5,3811942.5,2022,1,2,2,0,0,1,4,2,7,6,8,6,8,8,10,3,8,8
915,1864,421432.5,3811927.5,2022,1,2,2,0,0,6,4,2,7,6,8,13,11,4,12,12,6,17
907,1907,421561.5,3811951.5,2022,1,2,2,0,0,1,4,2,7,6,8,6,8,8,10,3,8,8
902,1949,421687.5,3811966.5,2022,1,0,1,4,4,6,8,8,5,4,3,13,11,4,12,12,6,17
903,1950,421690.5,3811963.5,2022,1,0,1,4,4,2,5,8,1,9,3,13,11,4,12,12,6,17
904,2005,421855.5,3811960.5,2022,1,2,2,0,0,1,4,2,7,6,8,6,8,8,10,3,8,8
927,2024,421912.5,3811891.5,2022,0,0,1,4,4,2,5,9,4,9,3,4,14,9,1,0,3,16
906,2060,422020.5,3811954.5,2022,1,0,1,1,5,2,2,8,1,5,9,13,11,4,12,12,6,17
917,2092,422116.5,3811921.5,2022,1,2,2,0,0,6,4,2,7,6,8,6,8,8,10,3,8,8
906,2115,422185.5,3811954.5,2022,1,2,2,0,0,6,8,3,5,4,5,10,3,4,12,12,6,17
916,2140,422260.5,3811924.5,2022,1,0,1,4,4,2,5,9,4,9,3,4,14,9,1,0,3,15
927,2186,422398.5,3811891.5,2022,1,2,2,0,0,6,4,2,7,4,5,6,3,8,10,3,8,8
902,2217,422491.5,3811966.5,2022,1,2,2,0,0,6,8,3,5,4,5,10,3,14,15,14,16,13
911,2224,422512.5,3811939.5,2022,1,0,1,4,4,6,8,8,5,4,3,13,11,4,12,12,6,17
918,2273,422659.5,3811918.5,2022,0,0,1,4,4,2,5,8,4,9,3,4,14,9,1,7,14,16
928,2280,422680.5,3811888.5,2022,1,0,1,4,4,2,5,8,4,9,3,4,12,9,1,0,3,15
911,2315,422785.5,3811939.5,2022,1,0,1,4,4,6,8,8,5,4,3,13,11,4,12,12,6,17
908,2366,422938.5,3811948.5,2022,1,0,1,4,4,2,5,8,4,9,3,4,14,9,7,7,14,7
903,2382,422986.5,3811963.5,2022,2,1,3,5,6,5,6,6,6,0,2,12,6,11,3,6,17,3
919,2427,423121.5,3811915.5,2022,2,1,3,1,5,5,6,6,6,0,2,7,10,11,3,6,17,3
922,2437,423151.5,3811906.5,2022,2,1,3,1,5,5,6,6,3,11,1,7,10,0,4,6,17,3
920,2487,423301.5,3811912.5,2022,2,1,3,5,6,3,6,1,3,11,1,2,1,6,2,1,7,18
908,2499,423337.5,3811948.5,2022,2,1,3,5,6,5,6,6,3,11,1,2,1,6,2,1,7,12
903,2549,423487.5,3811963.5,2022,2,1,3,5,6,5,6,6,6,0,2,12,6,11,3,6,17,3
906,2572,423556.5,3811954.5,2022,2,1,3,5,6,5,6,6,3,11,1,2,1,0,4,6,17,12
905,2589,423607.5,3811957.5,2022,1,2,2,0,0,1,4,2,7,6,8,6,8,6,2,3,7,18
925,2610,423670.5,3811897.5,2022,2,1,3,5,6,5,6,6,6,0,2,12,6,11,3,6,17,3
925,2652,423796.5,3811897.5,2022,0,3,4,1,5,4,5,9,4,10,11,7,10,12,7,11,14,16
926,2698,423934.5,3811894.5,2022,0,0,1,1,5,2,2,0,1,5,11,7,10,12,7,7,14,16
917,2728,424024.5,3811921.5,2022,0,0,1,4,4,2,5,9,4,10,11,9,14,12,7,11,14,16
927,2752,424096.5,3811891.5,2022,0,0,1,4,4,2,5,8,4,9,3,4,14,12,7,7,14,7
911,2789,424207.5,3811939.5,2022,0,0,1,4,5,2,5,8,4,10,11,7,14,12,7,7,14,16
928,2792,424216.5,3811888.5,2022,0,0,1,4,4,2,5,9,4,9,3,4,14,9,1,7,14,7
911,2830,424330.5,3811939.5,2022,2,3,0,2,1,0,1,4,0,7,4,3,9,2,8,4,15,14
910,2874,424462.5,3811942.5,2022,2,0,3,1,5,5,6,8,3,11,11,2,14,0,4,7,18,7
915,2902,424546.5,3811927.5,2022,2,1,3,1,5,5,6,6,6,0,2,7,6,11,3,6,17,3
910,2933,424639.5,3811942.5,2022,2,1,3,1,5,5,6,6,6,0,2,7,6,11,3,4,15,14
903,2945,424675.5,3811963.5,2022,2,1,3,5,6,5,6,6,6,0,2,12,6,11,3,13,0,6
912,2983,424789.5,3811936.5,2022,2,1,3,5,6,5,6,6,6,0,2,12,6,11,3,13,0,6
901,3016,424888.5,3811969.5,2022,2,1,3,5,6,5,6,6,6,0,2,12,6,11,3,13,0,6
907,3037,424951.5,3811951.5,2022,2,1,3,1,5,5,6,6,6,0,2,7,10,11,3,6,17,3
921,3068,425044.5,3811909.5,2022,2,1,3,5,6,5,6,6,6,0,2,12,6,11,3,13,0,6
902,3110,425170.5,3811966.5,2022,2,3,0,2,1,0,1,4,0,7,4,3,9,2,8,4,15,14
912,3136,425248.5,3811936.5,2022,2,1,3,5,6,5,6,6,6,0,2,12,6,11,3,13,17,6
920,3162,425326.5,3811912.5,2022,2,1,0,2,1,0,1,6,6,0,2,12,6,11,3,13,0,6
924,3201,425443.5,3811900.5,2022,2,1,0,2,1,0,1,4,0,7,4,3,9,2,8,9,5,6
919,3239,425557.5,3811915.5,2022,2,1,0,2,1,0,1,4,0,7,4,3,9,2,8,9,5,4
901,3267,425641.5,3811969.5,2022,2,1,0,2,1,0,1,4,0,7,4,3,9,2,8,9,5,4
913,3278,425674.5,3811933.5,2022,2,1,0,2,1,0,1,4,0,7,4,3,9,2,8,9,5,6
926,3329,425827.5,3811894.5,2022,2,1,0,2,1,0,1,4,0,7,4,3,9,2,8,9,5,6
902,3333,425839.5,3811966.5,2022,2,1,0,2,1,0,1,4,0,7,4,3,9,2,8,9,5,6
935,25,415915.5,3811867.5,2022,1,2,2,0,0,1,4,2,7,6,8,6,8,8,10,3,8,8
955,38,415954.5,3811807.5,2022,1,2,2,0,0,6,4,2,7,6,8,13,11,4,12,12,6,17
933,61,416023.5,3811873.5,2022,1,2,2,0,0,6,4,2,7,6,8,6,8,8,10,3,8,8
937,101,416143.5,3811861.5,2022,1,2,2,0,0,1,4,2,7,6,8,6,8,8,10,3,8,8
945,123,416209.5,3811837.5,2022,1,2,2,0,0,1,4,2,7,6,8,6,8,4,6,12,11,0
946,167,416341.5,3811834.5,2022,1,2,2,0,0,6,4,2,7,6,8,6,8,8,10,3,8,8
937,182,416386.5,3811861.5,2022,1,2,2,1,5,6,2,8,1,5,9,13,11,4,12,12,6,17
957,224,416512.5,3811801.5,2022,0,0,4,1,5,4,2,0,1,5,9,7,10,1,0,8,2,2
931,269,416647.5,3811879.5,2022,0,0,4,1,5,1,2,0,1,5,9,11,13,1,0,8,2,2
958,294,416722.5,3811798.5,2022,1,2,2,0,0,1,4,2,7,6,8,6,8,7,6,15,11,0
935,321,416803.5,3811867.5,2022,1,2,2,0,0,1,4,2,9,6,12,11,13,7,6,15,11,0
931,330,416830.5,3811879.5,2022,1,2,2,0,0,1,4,2,7,6,8,6,8,8,10,3,8,8
958,372,416956.5,3811798.5,2022,1,2,2,0,0,1,4,2,7,6,8,6,8,8,6,3,11,0
941,409,417067.5,3811849.5,2022,1,2,2,0,0,1,4,2,7,6,8,6,8,8,10,3,8,8
959,437,417151.5,3811795.5,2022,0,0,4,1,5,2,2,0,1,5,11,7,13,12,7,11,14,16
938,474,417262.5,3811858.5,2022,0,3,4,3,3,4,3,7,10,2,6,5,2,5,11,2,10,5
939,500,417340.5,3811855.5,2022,0,3,4,3,3,4,3,7,10,2,6,5,2,5,11,2,10,5
945,532,417436.5,3811837.5,2022,1,2,2,1,5,1,2,0,9,1,12,11,13,7,5,15,13,19
943,542,417466.5,3811843.5,2022,0,3,4,3,3,4,3,0,9,2,6,11,13,7,5,11,13,19
944,583,417589.5,3811840.5,2022,0,3,4,3,3,4,3,7,10,2,6,5,2,5,11,2,10,5
957,629,417727.5,3811801.5,2022,0,3,4,3,3,4,3,0,10,2,11,7,10,12,5,11,13,19
955,649,417787.5,3811807.5,2022,0,3,4,3,3,4,3,7,10,2,6,5,2,5,5,2,13,19
931,676,417868.5,3811879.5,2022,2,3,4,1,5,5,2,0,6,0,11,7,10,12,7,11,14,14
931,703,417949.5,3811879.5,2022,1,2,2,0,0,1,4,2,9,1,12,11,13,6,2,15,7,18
959,728,418024.5,3811795.5,2022,0,3,4,3,3,4,3,0,10,2,6,11,13,7,5,2,13,19
958,772,418156.5,3811798.5,2022,0,2,4,1,5,1,2,0,9,1,12,11,13,7,5,15,13,19
931,798,418234.5,3811879.5,2022,0,3,4,3,3,4,3,7,10,2,6,5,2,5,11,2,10,5
959,833,418339.5,3811795.5,2022,1,0,1,4,4,2,5,3,9,1,12,0,4,10,16,5,1,11
942,846,418378.5,3811846.5,2022,1,0,1,4,4,2,5,3,9,1,12,0,4,10,16,5,1,11
945,878,418474.5,3811837.5,2022,1,2,2,0,0,1,4,0,9,1,12,0,4,10,5,5,13,11
958,900,418540.5,3811798.5,2022,0,3,4,3,3,4,3,7,10,2,6,5,2,5,11,2,10,5
938,931,418633.5,3811858.5,2022,0,3,4,3,3,4,3,7,10,2,6,5,2,5,5,11,13,19
955,976,418768.5,3811807.5,2022,0,0,4,3,3,4,5,9,4,10,11,9,7,12,7,11,14,16
932,1009,418867.5,3811876.5,2022,0,0,4,1,4,1,2,0,9,1,12,0,4,10,16,5,1,11
939,1020,418900.5,3811855.5,2022,1,2,2,0,0,1,4,2,9,1,12,0,4,10,16,5,1,11
932,1089,419107.5,3811876.5,2022,1,2,2,0,0,1,4,2,7,6,8,6,8,8,10,3,8,8
930,1169,419347.5,3811882.5,2022,0,0,4,1,5,1,2,0,9,1,12,0,13,10,5,5,13,19
934,1193,419419.5,3811870.5,2022,0,3,4,3,3,4,3,7,10,2,6,9,7,3,9,10,4,1
940,1227,419521.5,3811852.5,2022,0,0,4,3,4,2,5,9,4,10,0,9,7,3,9,10,4,1
950,1237,419551.5,3811822.5,2022,0,0,4,3,3,4,3,9,10,10,0,9,7,3,9,10,4,1
937,1283,419689.5,3811861.5,2022,1,2,2,0,0,1,4,3,9,1,12,0,4,10,16,5,1,11
957,1305,419755.5,3811801.5,2022,0,0,4,3,3,2,5,9,4,10,0,9,7,3,9,11,14,16
946,1325,419815.5,3811834.5,2022,0,0,4,3,3,4,3,9,4,10,0,9,7,3,9,10,4,1
936,1350,419890.5,3811864.5,2022,1,2,2,0,0,1,8,3,9,1,12,0,4,10,16,5,1,11
931,1396,420028.5,3811879.5,2022,0,0,4,3,4,2,5,9,4,10,0,9,7,3,9,11,4,1
956,1434,420142.5,3811804.5,2022,0,0,1,4,4,2,5,9,4,10,0,9,7,3,9,0,4,1
941,1448,420184.5,3811849.5,2022,0,0,1,4,4,2,5,9,4,9,0,9,12,3,9,0,3,15
945,1496,420328.5,3811837.5,2022,0,0,1,4,4,2,5,9,4,10,0,9,7,9,1,11,14,16
930,1503,420349.5,3811882.5,2022,0,0,1,4,4,2,5,9,4,9,3,4,12,9,1,0,3,15
931,1540,420460.5,3811879.5,2022,0,0,1,4,4,2,5,9,4,10,0,9,7,9,1,0,14,16
956,1571,420553.5,3811804.5,2022,1,0,1,4,4,2,5,9,4,9,3,4,12,9,1,0,3,15
942,1598,420634.5,3811846.5,2022,1,2,2,0,0,1,4,2,9,1,12,0,4,10,16,5,1,11
954,1691,420913.5,3811810.5,2022,1,2,2,0,0,6,4,2,7,6,8,6,8,8,10,3,8,8
930,1723,421009.5,3811882.5,2022,1,2,2,0,0,6,4,2,7,6,8,6,8,4,12,12,6,17
933,1760,421120.5,3811873.5,2022,0,0,1,4,4,2,5,9,4,9,0,9,12,9,1,0,3,15
954,1771,421153.5,3811810.5,2022,1,2,2,0,0,6,8,3,5,1,12,0,4,10,16,5,1,11
957,1823,421309.5,3811801.5,2022,1,0,1,4,4,2,8,8,5,9,3,0,14,4,12,12,6,17
954,1853,421399.5,3811810.5,2022,1,2,2,0,0,1,4,2,7,6,8,6,8,8,6,3,11,0
955,1877,421471.5,3811807.5,2022,1,2,2,0,0,1,4,2,7,6,8,6,8,8,10,3,8,8
946,1893,421519.5,3811834.5,2022,1,2,2,0,0,6,4,2,7,6,8,6,8,8,10,3,8,8
932,1930,421630.5,3811876.5,2022,1,2,2,0,0,6,4,2,7,6,8,6,8,8,10,3,8,8
956,1977,421771.5,3811804.5,2022,1,2,2,0,0,1,4,2,7,6,8,13,11,4,12,12,6,17
959,1992,421816.5,3811795.5,2022,1,2,1,0,0,6,8,8,3,11,3,13,11,4,12,12,6,17
936,2037,421951.5,3811864.5,2022,1,0,1,4,4,2,5,9,4,9,3,4,14,9,1,0,3,16
953,2054,422002.5,3811813.5,2022,1,2,2,0,0,6,4,2,7,6,8,6,8,8,10,3,8,8
930,2089,422107.5,3811882.5,2022,1,2,2,0,0,6,4,2,7,6,8,6,8,8,10,3,8,8
933,2119,422197.5,3811873.5,2022,1,2,2,0,0,6,8,3,5,4,5,10,3,14,15,14,16,13
932,2134,422242.5,3811876.5,2022,1,0,1,4,4,2,5,9,4,9,3,4,14,9,1,0,3,16
948,2187,422401.5,3811828.5,2022,1,2,2,0,0,6,4,2,5,4,5,10,3,8,10,3,8,8
942,2208,422464.5,3811846.5,2022,1,2,2,0,0,6,8,3,5,4,5,10,3,4,12,12,6,17
949,2233,422539.5,3811825.5,2022,1,0,1,4,4,6,8,8,5,4,3,13,11,4,12,12,6,17
945,2263,422629.5,3811837.5,2022,1,0,1,4,4,2,8,8,5,9,3,13,11,4,12,12,6,17
934,2295,422725.5,3811870.5,2022,1,0,1,4,4,6,8,3,5,9,3,4,12,9,1,0,3,15
947,2338,422854.5,3811831.5,2022,1,2,2,0,0,6,8,8,5,4,5,10,3,4,12,12,6,17
953,2341,422863.5,3811813.5,2022,1,2,2,0,0,6,8,3,5,4,5,10,3,14,12,14,6,17
942,2395,423025.5,3811846.5,2022,1,0,1,4,4,2,5,8,4,9,3,4,14,9,1,7,14,16
958,2403,423049.5,3811798.5,2022,2,1,3,1,5,5,6,8,3,11,1,2,1,0,4,6,17,3
955,2430,423130.5,3811807.5,2022,2,1,3,5,6,5,6,6,3,11,1,2,1,0,4,6,17,3
938,2482,423286.5,3811858.5,2022,2,1,3,1,5,5,6,6,6,0,2,7,10,11,3,6,17,3
932,2503,423349.5,3811876.5,2022,2,1,3,1,5,5,6,8,3,11,9,7,10,0,4,6,17,3
939,2521,423403.5,3811855.5,2022,2,1,3,5,6,5,6,6,3,11,2,2,6,0,4,6,17,3
933,2575,423565.5,3811873.5,2022,1,1,3,5,6,3,7,1,3,11,1,2,1,6,2,1,7,18
955,2608,423664.5,3811807.5,2022,1,1,3,5,6,5,6,8,3,11,1,2,1,6,2,1,7,18
937,2631,423733.5,3811861.5,2022,2,1,3,1,5,5,6,6,6,0,2,7,10,11,3,6,17,3
932,2659,423817.5,3811876.5,2022,0,3,4,1,5,5,2,0,1,5,11,7,10,12,7,4,15,14
948,2694,423922.5,3811828.5,2022,1,0,1,1,5,2,2,8,1,5,9,13,11,1,0,6,17,3
933,2710,423970.5,3811873.5,2022,0,0,1,1,5,5,5,8,4,10,11,7,14,12,7,7,14,16
950,2732,424036.5,3811822.5,2022,0,0,1,4,4,2,5,9,4,10,0,9,7,3,9,10,4,1
947,2776,424168.5,3811831.5,2022,0,0,1,4,4,2,5,9,4,9,3,4,14,9,1,7,3,7
937,2818,424294.5,3811861.5,2022,0,0,1,4,4,2,5,8,4,10,11,7,14,12,7,7,14,7
957,2821,424303.5,3811801.5,2022,2,1,3,1,5,5,6,8,3,11,1,2,14,0,4,6,18,3
932,2855,424405.5,3811876.5,2022,2,1,3,5,6,5,6,6,6,0,2,12,6,11,3,13,0,6
935,2882,424486.5,3811867.5,2022,2,1,3,5,6,5,6,6,6,0,2,12,6,11,3,13,0,6
957,2914,424582.5,3811801.5,2022,2,1,3,2,1,5,6,6,6,0,2,12,6,11,3,13,0,6
948,2941,424663.5,3811828.5,2022,2,1,3,5,6,5,6,6,6,0,2,12,6,11,3,6,17,3
945,2992,424816.5,3811837.5,2022,2,1,3,5,6,5,6,6,6,0,2,12,6,11,3,13,0,6
939,3017,424891.5,3811855.5,2022,2,1,0,2,1,5,6,6,6,0,2,12,6,11,3,13,0,6
933,3040,424960.5,3811873.5,2022,2,1,3,5,6,5,6,6,6,0,2,12,6,11,3,13,0,6
947,3072,425056.5,3811831.5,2022,2,3,0,2,1,0,1,4,0,7,4,3,9,2,8,4,15,14
952,3110,425170.5,3811816.5,2022,2,3,0,2,1,0,1,4,0,7,4,3,9,2,8,9,5,4
936,3145,425275.5,3811864.5,2022,2,3,0,2,1,0,1,4,0,7,4,3,9,2,8,9,5,4
955,3173,425359.5,3811807.5,2022,2,3,0,2,1,0,1,4,0,7,4,3,9,2,8,9,5,4
953,3192,425416.5,3811813.5,2022,2,1,3,2,1,5,6,6,6,0,2,12,6,11,3,4,15,14
959,3234,425542.5,3811795.5,2022,2,1,0,2,1,0,1,6,6,0,2,12,6,11,3,4,15,14
959,3252,425596.5,3811795.5,2022,2,3,0,2,1,0,1,4,0,7,4,3,9,2,8,4,15,14
936,3272,425656.5,3811864.5,2022,2,1,0,2,1,0,1,4,0,7,4,3,9,2,8,13,5,6
956,3301,425743.5,3811804.5,2022,2,1,0,2,1,0,1,4,0,7,4,3,9,2,8,9,5,4
943,3330,425830.5,3811843.5,2022,2,1,0,2,1,0,1,4,0,7,4,3,9,2,8,9,5,6
968,19,415897.5,3811768.5,2022,1,0,1,4,4,6,8,8,5,4,3,13,11,4,12,12,6,17
980,50,415990.5,3811732.5,2022,0,0,1,4,4,2,5,9,4,10,0,9,7,12,7,11,14,16
989,77,416071.5,3811705.5,2022,1,2,2,0,0,6,8,3,5,4,5,0,4,10,16,5,1,11
970,135,416245.5,3811762.5,2022,1,2,2,0,0,6,4,2,7,6,8,6,8,8,10,3,8,8
981,178,416374.5,3811729.5,2022,1,2,2,0,0,6,4,2,7,6,8,6,8,8,10,3,8,8
967,189,416407.5,3811771.5,2022,1,2,2,0,0,6,8,3,5,4,5,10,3,14,15,14,16,13
962,234,416542.5,3811786.5,2022,1,2,2,0,0,1,4,2,7,6,8,11,13,7,6,15,11,0
974,262,416626.5,3811750.5,2022,1,2,2,1,5,1,2,8,3,11,1,13,11,4,12,12,6,17
977,289,416707.5,3811741.5,2022,1,2,2,1,5,1,2,0,1,5,9,11,13,7,6,15,11,0
979,316,416788.5,3811735.5,2022,1,2,2,0,0,6,4,2,7,6,8,6,8,8,10,3,8,8
985,359,416917.5,3811717.5,2022,1,2,2,0,0,1,4,2,7,6,8,11,13,7,6,15,11,0
987,376,416968.5,3811711.5,2022,1,2,2,0,0,1,4,2,7,6,8,6,8,8,10,3,8,8
974,405,417055.5,3811750.5,2022,1,2,4,1,5,1,2,0,9,1,12,11,13,7,5,15,13,19
971,430,417130.5,3811759.5,2022,1,2,2,1,5,1,2,0,9,1,12,11,13,7,5,15,13,19
983,455,417205.5,3811723.5,2022,1,2,2,0,0,1,4,2,7,6,8,6,8,8,10,3,11,18
969,488,417304.5,3811765.5,2022,0,3,4,3,3,4,3,7,10,2,6,5,2,5,11,2,10,5
976,516,417388.5,3811744.5,2022,0,3,4,1,5,5,2,0,1,5,11,7,10,12,7,11,13,19
979,558,417514.5,3811735.5,2022,1,2,2,0,0,1,4,0,9,1,12,11,13,7,5,15,13,19
969,572,417556.5,3811765.5,2022,0,3,4,3,3,4,3,7,10,2,6,5,2,5,11,2,10,5
989,629,417727.5,3811705.5,2022,0,3,4,1,5,1,2,0,9,1,12,11,13,7,5,15,13,19
971,653,417799.5,3811759.5,2022,0,3,4,3,3,4,3,0,10,2,11,11,13,12,5,11,13,19
975,686,417898.5,3811747.5,2022,0,3,4,1,5,4,2,0,9,2,12,11,13,7,5,15,13,19
978,713,417979.5,3811738.5,2022,0,3,4,3,3,4,3,0,9,2,6,11,13,7,5,15,13,19
986,746,418078.5,3811714.5,2022,0,3,4,3,3,4,3,7,10,2,6,5,2,5,11,2,10,5
976,759,418117.5,3811744.5,2022,0,3,4,3,3,4,3,7,10,2,6,5,2,5,11,2,10,5
973,806,418258.5,3811753.5,2022,1,0,2,1,5,1,2,0,9,1,12,0,4,10,16,5,1,11
987,816,418288.5,3811711.5,2022,0,3,4,3,3,4,3,7,10,10,11,9,7,12,5,11,13,19
983,852,418396.5,3811723.5,2022,0,0,4,1,5,1,2,0,9,1,12,0,4,10,5,11,13,19
973,899,418537.5,3811753.5,2022,0,3,4,3,3,4,3,7,10,10,11,9,7,12,7,11,14,16
972,917,418591.5,3811756.5,2022,0,0,4,3,3,2,5,9,4,10,0,9,7,3,9,10,4,1
975,937,418651.5,3811747.5,2022,0,0,1,4,4,2,5,9,4,10,0,9,7,9,9,0,3,16
969,979,418777.5,3811765.5,2022,0,0,4,3,3,2,5,9,4,10,11,9,7,12,7,11,14,16
984,1003,418849.5,3811720.5,2022,1,2,2,0,0,1,4,3,9,1,12,0,4,10,16,5,1,11
981,1025,418915.5,3811729.5,2022,1,2,2,0,0,1,4,2,9,1,12,0,4,10,16,15,1,11
989,1054,419002.5,3811705.5,2022,1,2,2,0,0,1,4,2,7,6,8,6,8,8,10,3,8,8
989,1100,419140.5,3811705.5,2022,1,2,2,0,0,1,4,2,7,6,8,6,8,8,10,3,8,8
978,1165,419335.5,3811738.5,2022,0,0,4,3,3,4,3,9,10,10,0,9,7,3,9,10,4,1
968,1178,419374.5,3811768.5,2022,1,2,2,0,0,1,4,2,9,1,12,0,4,10,16,5,1,11
982,1229,419527.5,3811726.5,2022,0,0,4,3,3,4,5,9,4,10,0,9,7,3,9,10,4,1
970,1244,419572.5,3811762.5,2022,0,0,4,3,4,2,5,9,4,10,0,9,7,3,9,10,4,1
970,1268,419644.5,3811762.5,2022,0,3,4,3,3,4,3,7,10,2,6,5,2,3,9,10,4,1
979,1306,419758.5,3811735.5,2022,0,0,1,4,4,2,5,9,4,10,0,9,7,3,9,10,4,1
984,1325,419815.5,3811720.5,2022,0,0,4,3,3,2,5,9,4,10,0,9,7,3,9,10,4,1
969,1365,419935.5,3811765.5,2022,1,2,2,0,0,6,8,3,5,1,12,0,4,10,16,5,1,11
986,1390,420010.5,3811714.5,2022,0,0,1,4,4,2,5,9,4,9,0,4,7,9,1,0,3,16
982,1430,420130.5,3811726.5,2022,1,2,1,4,4,6,8,3,5,1,12,0,4,10,16,5,1,11
972,1458,420214.5,3811756.5,2022,1,0,1,4,4,6,8,3,5,1,12,0,4,10,16,5,1,11
967,1478,420274.5,3811771.5,2022,1,0,1,4,4,2,8,3,5,1,12,0,4,10,16,5,1,11
970,1502,420346.5,3811762.5,2022,1,2,2,0,0,1,4,2,7,6,8,6,8,8,10,3,8,8
987,1544,420472.5,3811711.5,2022,0,0,1,4,4,2,5,9,4,9,0,4,12,9,1,0,3,15
973,1564,420532.5,3811753.5,2022,0,0,1,4,4,2,5,9,4,10,0,9,7,3,9,10,4,1
978,1592,420616.5,3811738.5,2022,1,2,2,0,0,6,8,3,9,1,12,0,4,10,16,5,1,11
983,1703,420949.5,3811723.5,2022,1,2,2,0,0,1,4,2,7,6,8,6,8,6,2,3,7,18
967,1734,421042.5,3811771.5,2022,0,0,1,4,4,2,5,9,4,10,0,9,7,9,1,0,3,15
979,1764,421132.5,3811735.5,2022,0,0,1,4,4,2,5,9,4,9,3,4,14,9,1,0,3,15
969,1773,421159.5,3811765.5,2022,1,2,2,0,0,6,8,3,5,1,12,0,4,10,16,5,1,11
984,1825,421315.5,3811720.5,2022,1,2,2,0,0,1,8,3,9,1,12,0,4,10,16,5,1,11
968,1830,421330.5,3811768.5,2022,1,2,2,0,0,6,4,2,7,6,8,6,8,8,10,3,8,8
978,1881,421483.5,3811738.5,2022,1,2,2,0,0,1,4,2,7,6,8,13,11,4,12,12,6,17
968,1894,421522.5,3811768.5,2022,1,2,2,0,0,6,4,2,7,6,8,6,8,8,10,3,8,8
966,1926,421618.5,3811774.5,2022,1,2,2,0,0,1,4,2,7,6,8,6,8,8,10,3,8,8
979,1972,421756.5,3811735.5,2022,1,0,1,1,5,2,2,8,1,5,9,13,11,4,12,12,6,17
980,2007,421861.5,3811732.5,2022,1,2,2,0,0,6,8,2,5,4,5,13,11,4,12,12,6,17
981,2015,421885.5,3811729.5,2022,1,0,1,1,5,2,2,0,1,5,9,13,11,4,12,12,6,17
988,2066,422038.5,3811708.5,2022,1,2,1,4,4,6,8,3,5,4,5,10,3,14,16,14,1,11
966,2076,422068.5,3811774.5,2022,1,2,2,0,0,1,2,3,1,5,9,13,11,4,12,12,6,17
970,2104,422152.5,3811762.5,2022,1,2,2,0,0,6,8,3,5,4,5,0,4,10,16,5,1,11
971,2151,422293.5,3811759.5,2022,1,2,2,0,0,6,8,8,5,4,3,13,11,4,12,12,6,17
960,2178,422374.5,3811792.5,2022,1,2,2,0,0,6,8,2,5,4,5,10,3,14,15,14,8,8
989,2217,422491.5,3811705.5,2022,1,2,1,4,4,6,8,3,5,4,5,10,3,4,12,12,6,17
981,2232,422536.5,3811729.5,2022,1,0,1,4,4,6,8,3,5,4,5,10,3,4,12,12,6,17
968,2253,422599.5,3811768.5,2022,1,0,1,4,4,6,8,8,5,9,3,13,11,4,12,12,6,17
974,2288,422704.5,3811750.5,2022,1,0,1,4,4,6,8,8,5,9,3,13,11,4,12,12,6,17
963,2312,422776.5,3811783.5,2022,1,0,1,4,4,2,5,9,4,9,3,4,12,9,1,0,3,15
979,2348,422884.5,3811735.5,2022,1,0,1,4,4,6,8,3,5,4,5,10,3,4,12,12,6,17
966,2372,422956.5,3811774.5,2022,1,0,1,4,4,2,8,3,5,9,3,4,12,9,1,0,3,15
961,2414,423082.5,3811789.5,2022,2,1,3,1,5,5,6,8,3,11,1,2,1,0,4,6,17,3
969,2448,423184.5,3811765.5,2022,2,1,3,5,6,5,6,8,3,11,1,2,1,0,4,6,18,3
971,2460,423220.5,3811759.5,2022,2,1,3,1,5,5,6,6,3,11,1,2,1,0,2,6,17,3
966,2493,423319.5,3811774.5,2022,2,1,3,5,6,5,6,6,3,11,1,2,1,0,4,1,7,12
973,2527,423421.5,3811753.5,2022,2,1,3,5,6,5,6,6,3,11,1,2,1,0,4,6,17,12
976,2569,423547.5,3811744.5,2022,1,2,3,5,6,3,4,2,3,11,1,2,1,6,2,1,7,18
975,2609,423667.5,3811747.5,2022,2,1,3,5,6,5,6,8,3,11,1,2,1,0,4,6,18,12
986,2635,423745.5,3811714.5,2022,0,0,1,1,5,2,5,8,4,10,11,7,14,12,7,11,14,16
982,2656,423808.5,3811726.5,2022,0,0,1,1,5,2,2,8,1,10,11,7,10,12,7,11,14,16
977,2698,423934.5,3811741.5,2022,2,1,3,5,6,5,6,6,6,0,2,12,6,0,3,6,17,3
975,2711,423973.5,3811747.5,2022,2,1,3,5,6,5,6,6,3,11,1,2,1,0,4,6,17,12
968,2735,424045.5,3811768.5,2022,0,0,4,3,5,2,5,9,4,10,11,7,7,12,7,11,14,16
989,2771,424153.5,3811705.5,2022,1,0,1,4,5,5,6,8,3,11,3,2,14,0,4,7,18,7
984,2806,424258.5,3811720.5,2022,0,0,1,4,4,2,5,8,4,10,11,7,14,12,7,11,14,16
979,2847,424381.5,3811735.5,2022,2,1,3,5,6,5,6,6,6,0,2,12,6,11,3,13,0,6
980,2862,424426.5,3811732.5,2022,2,1,3,5,6,5,6,6,6,0,2,12,6,11,3,13,0,12
973,2906,424558.5,3811753.5,2022,1,2,2,0,0,1,4,2,7,6,8,6,8,6,2,15,7,18
983,2911,424573.5,3811723.5,2022,2,1,3,2,1,5,6,6,6,0,2,12,6,11,3,13,0,6
984,2942,424666.5,3811720.5,2022,2,1,3,5,6,5,6,6,6,0,2,12,6,11,3,13,0,6
971,2992,424816.5,3811759.5,2022,2,1,3,5,6,3,7,1,8,3,7,8,5,6,2,1,7,18
984,3028,424924.5,3811720.5,2022,2,1,3,5,6,5,6,6,6,0,2,12,6,11,3,13,0,6
961,3057,425011.5,3811789.5,2022,2,1,3,5,6,5,6,6,6,0,2,12,6,11,3,13,0,6
979,3066,425038.5,3811735.5,2022,2,3,0,2,1,0,1,4,0,7,4,3,9,2,8,4,15,14
968,3100,425140.5,3811768.5,2022,2,3,0,2,1,0,1,4,0,7,4,3,9,2,8,4,15,14
966,3127,425221.5,3811774.5,2022,2,3,0,2,1,0,1,4,0,7,4,3,9,2,8,9,5,4
972,3168,425344.5,3811756.5,2022,2,3,0,2,1,0,1,4,0,7,4,3,9,2,8,9,5,4
972,3203,425449.5,3811756.5,2022,2,3,0,2,1,0,1,4,0,7,4,3,9,2,8,9,5,4
968,3229,425527.5,3811768.5,2022,2,3,0,2,1,0,1,4,0,7,4,3,9,2,8,4,15,14
961,3262,425626.5,3811789.5,2022,1,2,2,0,0,1,4,2,7,6,8,6,8,6,2,1,7,18
988,3299,425737.5,3811708.5,2022,2,1,0,2,1,0,1,4,0,7,4,3,9,2,8,9,5,6
985,3307,425761.5,3811717.5,2022,2,1,0,2,1,0,1,4,0,7,4,3,9,2,8,9,5,4
988,3331,425833.5,3811708.5,2022,2,1,3,5,6,5,6,6,6,0,2,12,6,11,3,13,0,12
999,11,415873.5,3811675.5,2022,1,2,2,0,0,1,4,2,7,6,8,6,8,8,10,3,8,8
1006,40,415960.5,3811654.5,2022,0,0,1,4,4,2,5,9,4,10,11,9,7,12,7,11,14,16
1016,64,416032.5,3811624.5,2022,1,2,2,0,0,6,8,3,5,4,5,13,11,4,12,12,6,17
1019,119,416197.5,3811615.5,2022,1,2,2,0,0,6,8,8,5,4,5,13,11,4,12,12,6,17
1019,131,416233.5,3811615.5,2022,1,2,1,4,0,6,8,8,3,11,3,13,11,4,12,12,6,17
995,171,416353.5,3811687.5,2022,1,2,2,0,0,6,8,2,5,4,5,10,3,4,12,12,6,17
990,185,416395.5,3811702.5,2022,1,2,1,4,0,6,8,8,5,4,3,13,11,4,12,12,6,17
1008,210,416470.5,3811648.5,2022,0,3,4,3,3,4,3,7,10,10,11,7,7,12,7,11,14,16
1002,255,416605.5,3811666.5,2022,1,2,2,1,5,1,4,2,7,6,8,11,13,7,6,15,11,0
990,271,416653.5,3811702.5,2022,0,3,4,3,3,4,3,7,10,2,11,7,10,12,0,4,15,14
993,310,416770.5,3811693.5,2022,1,2,3,1,5,1,2,0,3,11,1,2,1,6,2,6,7,18
1003,331,416833.5,3811663.5,2022,1,2,2,1,5,1,2,0,1,5,9,11,13,7,6,15,11,0
998,381,416983.5,3811678.5,2022,0,3,4,3,3,4,3,7,10,2,11,5,2,5,11,4,15,14
1000,397,417031.5,3811672.5,2022,0,0,1,1,5,2,2,0,4,10,11,7,14,12,7,11,14,16
1012,424,417112.5,3811636.5,2022,1,2,2,0,0,1,4,2,7,6,8,6,8,6,6,15,11,18
1005,462,417226.5,3811657.5,2022,1,2,2,0,0,1,4,2,7,6,8,6,8,8,10,3,8,8
1017,498,417334.5,3811621.5,2022,1,2,2,0,0,1,4,2,7,6,1,6,8,6,2,1,7,18
996,536,417448.5,3811684.5,2022,2,1,3,1,5,5,2,0,3,11,1,7,13,12,5,6,17,3
992,556,417508.5,3811696.5,2022,0,3,4,3,3,4,3,7,10,2,11,5,2,12,7,4,15,14
1019,587,417601.5,3811615.5,2022,1,2,2,0,0,1,4,2,3,11,1,2,1,6,2,1,7,18
990,604,417652.5,3811702.5,2022,0,3,4,1,5,1,2,0,9,1,12,11,13,7,5,15,13,19
1009,656,417808.5,3811645.5,2022,0,3,4,1,5,4,2,0,9,2,11,11,13,7,5,11,13,19
1016,661,417823.5,3811624.5,2022,0,3,4,3,3,4,3,7,10,2,6,5,2,5,11,2,10,5
1003,707,417961.5,3811663.5,2022,0,3,4,3,3,4,2,0,9,2,11,11,13,12,5,11,13,19
1012,735,418045.5,3811636.5,2022,1,2,2,1,5,1,2,0,9,1,12,11,13,7,5,15,13,19
1002,753,418099.5,3811666.5,2022,0,3,4,3,3,4,3,7,10,2,6,5,2,5,11,2,10,5
1014,781,418183.5,3811630.5,2022,0,3,4,3,3,4,3,0,10,2,11,7,10,12,5,11,13,19
990,815,418285.5,3811702.5,2022,0,3,4,3,3,4,2,0,9,1,12,11,13,7,5,11,13,19
1013,857,418411.5,3811633.5,2022,0,0,1,4,4,2,5,9,4,10,11,9,7,12,7,11,14,16
1005,894,418522.5,3811657.5,2022,1,0,1,1,5,1,2,0,9,1,12,0,4,10,5,5,13,19
1006,925,418615.5,3811654.5,2022,1,0,1,4,4,2,5,9,9,1,12,0,4,10,16,5,1,11
1018,941,418663.5,3811618.5,2022,1,2,2,0,0,6,8,3,5,1,12,0,4,10,16,5,1,11
1016,984,418792.5,3811624.5,2022,0,0,4,3,3,4,5,9,4,10,11,9,7,12,7,11,14,16
1007,990,418810.5,3811651.5,2022,0,3,4,3,3,4,3,9,10,10,0,9,7,3,9,11,4,1
996,1028,418924.5,3811684.5,2022,1,2,2,0,0,1,4,2,7,6,8,6,8,8,10,15,11,0
1000,1076,419068.5,3811672.5,2022,1,2,2,0,0,1,4,2,7,6,8,6,8,8,10,3,8,8
1011,1107,419161.5,3811639.5,2022,1,0,2,4,4,1,2,3,9,1,12,0,4,10,16,5,1,11
999,1131,419233.5,3811675.5,2022,1,2,2,0,0,1,4,2,9,1,12,0,4,10,16,5,1,11
1007,1157,419311.5,3811651.5,2022,1,2,2,0,0,1,4,2,7,6,8,11,13,7,6,15,11,0
1009,1183,419389.5,3811645.5,2022,0,0,1,4,4,2,5,9,4,10,0,9,7,12,7,11,14,16
999,1220,419500.5,3811675.5,2022,0,0,4,3,3,2,5,9,4,10,0,9,7,3,9,11,4,16
1013,1259,419617.5,3811633.5,2022,0,0,4,4,4,2,5,9,9,1,12,9,7,10,9,11,14,16
1011,1273,419659.5,3811639.5,2022,0,0,4,3,3,4,5,9,4,10,11,9,7,12,7,11,14,16
993,1291,419713.5,3811693.5,2022,0,3,4,3,3,4,3,7,10,2,6,5,2,5,11,2,10,5
991,1342,419866.5,3811699.5,2022,0,0,1,4,4,2,5,9,4,10,0,9,7,3,9,11,14,16
1009,1362,419926.5,3811645.5,2022,0,0,4,3,4,2,5,9,4,10,0,9,7,3,9,10,4,1
1007,1397,420031.5,3811651.5,2022,1,2,2,0,0,1,4,2,7,6,8,11,13,7,6,15,11,0
1003,1432,420136.5,3811663.5,2022,1,2,2,0,0,6,8,3,5,1,12,0,4,10,16,5,1,11
1018,1467,420241.5,3811618.5,2022,0,0,1,4,4,2,5,9,4,10,0,9,7,3,9,10,4,1
1004,1472,420256.5,3811660.5,2022,0,0,1,4,4,2,5,9,4,9,0,4,12,9,1,0,3,15
1000,1525,420415.5,3811672.5,2022,1,0,1,4,4,2,5,3,9,1,12,0,4,10,16,5,1,11
1012,1538,420454.5,3811636.5,2022,0,0,1,4,4,2,5,9,4,9,0,9,12,3,9,0,3,15
992,1579,420577.5,3811696.5,2022,1,2,2,0,0,6,8,3,5,4,5,10,3,14,15,14,16,13
996,1590,420610.5,3811684.5,2022,1,2,1,4,4,6,8,3,9,1,12,0,4,10,16,5,1,11
1006,1699,420937.5,3811654.5,2022,1,2,2,0,0,1,4,2,7,6,8,6,8,8,10,3,8,8
1018,1738,421054.5,3811618.5,2022,0,0,4,4,4,1,2,0,9,1,12,0,4,10,16,5,1,11
1012,1746,421078.5,3811636.5,2022,0,0,1,4,4,2,5,9,4,10,0,9,7,3,7,11,14,16
1009,1790,421210.5,3811645.5,2022,0,0,1,4,4,2,5,9,4,10,0,9,7,12,7,11,14,16
1002,1803,421249.5,3811666.5,2022,0,0,1,4,4,2,5,9,4,10,11,4,14,12,7,11,14,16
994,1831,421333.5,3811690.5,2022,1,2,2,0,0,1,4,2,7,6,8,6,8,8,10,3,8,8
990,1877,421471.5,3811702.5,2022,1,2,2,0,0,6,4,2,7,6,8,6,8,8,10,3,8,8
997,1890,421510.5,3811681.5,2022,1,2,2,0,0,1,4,2,7,6,8,6,8,8,10,3,8,8
996,1920,421600.5,3811684.5,2022,1,2,2,0,0,1,4,2,7,6,8,6,8,8,10,3,8,8
1009,1974,421762.5,3811645.5,2022,1,2,2,0,0,6,4,2,7,4,5,10,3,8,10,3,8,8
1001,1982,421786.5,3811669.5,2022,1,2,2,0,0,6,4,2,5,4,5,10,3,8,10,3,8,8
1005,2037,421951.5,3811657.5,2022,1,2,2,0,0,1,4,2,7,6,8,13,11,4,12,12,6,17
1019,2067,422041.5,3811615.5,2022,1,2,1,4,0,6,8,8,5,4,3,13,11,4,12,12,6,17
996,2080,422080.5,3811684.5,2022,1,2,2,0,0,6,8,3,5,1,5,0,4,10,16,5,1,11
997,2120,422200.5,3811681.5,2022,1,0,1,4,4,2,8,3,5,9,3,4,4,9,16,5,1,11
1017,2136,422248.5,3811621.5,2022,1,2,2,0,0,6,8,3,5,4,5,10,3,4,12,12,6,17
1007,2183,422389.5,3811651.5,2022,1,0,1,4,4,6,8,8,5,4,3,13,11,4,12,12,6,17
1012,2198,422434.5,3811636.5,2022,1,2,2,0,0,6,8,3,5,4,5,10,3,14,12,14,6,17
1003,2233,422539.5,3811663.5,2022,1,2,1,0,0,6,8,3,5,4,5,10,3,14,15,14,16,13
995,2257,422611.5,3811687.5,2022,1,0,1,4,4,6,8,8,5,4,3,13,11,4,12,12,6,17
1016,2298,422734.5,3811624.5,2022,1,2,1,0,0,6,8,8,5,4,5,10,3,14,12,14,6,17
994,2332,422836.5,3811690.5,2022,1,0,1,4,4,2,5,8,4,9,3,4,14,9,1,7,3,7
1009,2347,422881.5,3811645.5,2022,1,0,1,4,4,2,5,9,4,9,3,4,12,9,1,0,3,15
1009,2385,422995.5,3811645.5,2022,1,0,1,4,4,6,8,8,5,4,3,13,14,4,12,12,6,17
1018,2406,423058.5,3811618.5,2022,1,0,1,1,5,5,2,8,3,11,1,13,11,4,12,12,6,17
1014,2436,423148.5,3811630.5,2022,1,1,3,1,5,5,6,8,3,11,1,2,1,0,4,6,18,17
1008,2472,423256.5,3811648.5,2022,1,2,2,0,0,6,8,8,5,4,5,13,11,4,12,12,6,17
994,2506,423358.5,3811690.5,2022,1,2,3,5,6,6,8,8,3,11,1,2,1,0,4,1,18,7
1001,2521,423403.5,3811669.5,2022,2,1,3,5,6,5,6,6,6,0,2,12,6,11,3,13,0,6
992,2555,423505.5,3811696.5,2022,2,1,3,1,5,5,6,6,6,0,2,12,6,11,3,6,17,3
1005,2597,423631.5,3811657.5,2022,2,1,3,1,5,5,6,6,3,11,2,7,10,0,4,6,17,3
1017,2621,423703.5,3811621.5,2022,1,2,3,1,5,5,6,8,3,11,1,2,1,4,12,12,6,17
992,2665,423835.5,3811696.5,2022,0,3,4,1,5,4,2,0,1,5,11,7,10,12,5,11,13,19
993,2694,423922.5,3811693.5,2022,2,1,3,1,5,5,6,6,6,0,2,7,10,11,3,6,17,3
1013,2703,423949.5,3811633.5,2022,2,1,3,5,6,5,6,8,3,11,1,2,1,0,4,6,18,12
991,2749,424087.5,3811699.5,2022,0,0,1,4,4,2,5,8,4,9,3,4,14,0,7,7,14,7
1002,2769,424147.5,3811666.5,2022,0,0,4,1,5,5,5,9,4,10,11,7,10,12,7,11,14,16
999,2812,424276.5,3811675.5,2022,2,3,0,1,5,5,6,6,6,0,11,7,10,12,7,4,15,14
1019,2823,424309.5,3811615.5,2022,0,0,1,4,4,2,5,9,4,10,11,7,14,12,7,11,14,16
1016,2852,424396.5,3811624.5,2022,2,1,3,5,6,5,6,8,3,11,1,2,14,0,4,6,18,12
996,2882,424486.5,3811684.5,2022,2,1,3,5,6,5,6,6,6,0,2,12,6,11,3,13,0,12
1000,2911,424573.5,3811672.5,2022,2,1,3,5,6,5,6,6,6,0,2,12,6,11,3,13,0,6
1010,2964,424732.5,3811642.5,2022,2,1,3,5,6,5,6,6,6,0,2,12,6,11,3,13,0,6
1007,2991,424813.5,3811651.5,2022,2,1,3,5,6,5,6,6,6,0,2,12,6,11,3,13,0,12
1003,3011,424873.5,3811663.5,2022,2,1,3,5,6,5,6,6,6,0,2,12,6,11,3,13,0,6
995,3033,424939.5,3811687.5,2022,2,1,3,5,6,5,6,6,6,0,2,12,6,11,3,13,0,6
1018,3066,425038.5,3811618.5,2022,2,1,0,2,1,0,1,4,6,0,2,12,6,11,3,13,0,6
993,3103,425149.5,3811693.5,2022,2,3,0,2,1,0,1,4,0,7,4,3,9,2,8,9,5,4
1014,3129,425227.5,3811630.5,2022,2,3,0,2,1,0,1,4,0,7,4,3,9,2,8,9,5,4
1013,3158,425314.5,3811633.5,2022,2,3,0,2,1,0,1,4,0,7,4,3,9,2,8,9,5,4
1007,3194,425422.5,3811651.5,2022,2,3,0,2,1,0,1,4,0,7,4,3,9,2,8,9,5,4
1002,3220,425500.5,3811666.5,2022,2,3,0,2,1,0,1,4,0,7,4,3,9,2,8,9,5,4
1015,3259,425617.5,3811627.5,2022,2,1,0,2,1,5,6,6,6,0,2,12,6,11,3,13,0,6
994,3297,425731.5,3811690.5,2022,2,1,0,2,1,0,1,6,6,0,2,12,6,11,3,13,0,6
1007,3302,425746.5,3811651.5,2022,2,1,3,5,6,5,6,6,6,0,2,12,6,11,3,13,0,6
993,3332,425836.5,3811693.5,2022,2,1,3,5,6,5,6,6,6,0,2,12,6,11,3,13,0,6
1044,0,415840.5,3811540.5,2022,1,2,2,1,5,1,2,0,1,5,9,13,11,4,12,12,6,17
1041,57,416011.5,3811549.5,2022,1,2,2,0,0,1,4,2,7,6,8,13,11,4,12,12,6,17
1040,69,416047.5,3811552.5,2022,1,0,1,1,5,5,6,8,3,11,3,13,11,4,12,12,6,17
1031,118,416194.5,3811579.5,2022,1,0,1,4,4,2,8,8,3,11,3,13,11,4,12,12,6,17
1024,128,416224.5,3811600.5,2022,1,2,2,1,5,6,8,8,3,11,1,13,11,4,12,12,6,17
1025,155,416305.5,3811597.5,2022,1,2,2,0,0,6,4,2,7,6,8,6,8,8,10,3,8,8
1031,208,416464.5,3811579.5,2022,0,0,1,1,5,2,2,8,1,5,9,13,11,1,0,8,6,17
1039,217,416491.5,3811555.5,2022,1,0,1,1,5,1,2,8,1,5,9,13,11,4,12,12,6,17
1046,261,416623.5,3811534.5,2022,2,0,1,1,5,5,2,8,3,11,11,7,14,12,7,11,14,16
1048,283,416689.5,3811528.5,2022,0,3,4,3,3,4,3,7,10,10,11,9,7,12,7,11,14,16
1037,305,416755.5,3811561.5,2022,0,3,4,3,3,4,3,7,10,2,11,5,2,12,11,2,10,5
1032,339,416857.5,3811576.5,2022,0,3,4,1,5,4,2,0,1,10,11,7,10,12,7,11,14,16
1038,380,416980.5,3811558.5,2022,1,2,2,1,5,1,2,0,1,5,9,11,13,7,6,15,11,19
1037,390,417010.5,3811561.5,2022,1,2,2,0,0,1,4,2,7,6,8,11,13,7,6,15,11,0
1023,436,417148.5,3811603.5,2022,1,2,2,0,0,6,4,2,7,6,8,6,8,8,10,12,8,8
1045,473,417259.5,3811537.5,2022,2,1,3,5,6,5,6,6,3,11,1,2,1,6,2,1,7,18
1046,486,417298.5,3811534.5,2022,1,1,3,5,6,5,6,8,3,11,1,2,1,6,2,1,7,12
1040,536,417448.5,3811552.5,2022,1,2,2,0,0,1,4,2,7,6,8,6,8,8,10,3,8,8
1036,565,417535.5,3811564.5,2022,1,2,2,1,5,1,2,0,9,5,9,11,13,7,6,15,13,19
1042,579,417577.5,3811546.5,2022,1,2,2,0,0,1,2,8,9,1,12,13,11,4,12,12,6,17
1028,604,417652.5,3811588.5,2022,1,2,2,0,0,1,4,2,7,6,8,6,8,8,10,15,11,0
1040,652,417796.5,3811552.5,2022,0,3,4,3,3,4,3,7,10,2,6,5,2,5,5,2,13,19
1040,687,417901.5,3811552.5,2022,2,1,3,1,5,5,2,0,9,0,11,11,13,12,5,11,13,19
1034,709,417967.5,3811570.5,2022,2,1,3,1,5,5,2,0,6,0,11,7,10,12,7,11,13,19
1039,743,418069.5,3811555.5,2022,0,0,4,1,5,1,2,0,9,1,12,11,13,7,5,15,13,19
1048,773,418159.5,3811528.5,2022,1,2,2,1,5,1,2,0,9,1,12,11,13,7,5,15,13,19
1026,782,418186.5,3811594.5,2022,0,3,4,1,5,1,2,0,9,1,12,11,13,7,5,15,13,19
1029,821,418303.5,3811585.5,2022,0,0,4,1,5,4,2,0,1,10,11,7,10,12,7,11,14,16
1042,849,418387.5,3811546.5,2022,0,3,4,3,3,4,3,9,10,10,11,9,7,12,7,11,14,16
1044,899,418537.5,3811540.5,2022,1,0,1,4,4,2,2,0,9,1,12,0,4,10,16,5,1,11
1048,916,418588.5,3811528.5,2022,0,0,1,4,4,2,5,9,4,10,11,9,7,12,7,11,14,16
1035,948,418684.5,3811567.5,2022,1,0,2,1,5,1,2,0,9,1,12,0,4,10,5,5,13,19
1022,961,418723.5,3811606.5,2022,0,0,1,4,4,2,5,9,4,10,11,4,14,12,7,11,14,16
1039,1005,418855.5,3811555.5,2022,1,2,2,0,0,1,8,3,9,1,12,0,4,10,16,5,1,11
1040,1025,418915.5,3811552.5,2022,1,2,2,0,0,1,4,2,7,6,8,6,8,8,10,3,8,8
1048,1058,419014.5,3811528.5,2022,1,2,2,0,0,1,4,2,7,6,8,6,8,8,10,3,8,8
1025,1094,419122.5,3811597.5,2022,1,2,2,0,0,1,4,2,7,6,8,11,13,7,6,15,11,0
1027,1137,419251.5,3811591.5,2022,1,2,2,0,0,1,4,3,9,1,12,0,4,10,16,5,1,11
1047,1146,419278.5,3811531.5,2022,0,2,4,3,3,1,2,0,9,1,12,11,13,7,5,15,13,19
1023,1176,419368.5,3811603.5,2022,0,3,4,3,3,4,3,7,10,10,6,9,7,3,9,10,4,1
1041,1224,419512.5,3811549.5,2022,0,0,1,4,4,2,5,9,4,10,11,9,7,12,7,11,14,16
1032,1252,419596.5,3811576.5,2022,0,0,4,4,4,2,5,9,9,1,12,9,7,10,5,11,14,16
1023,1279,419677.5,3811603.5,2022,0,3,4,3,3,4,3,7,10,10,6,9,7,3,9,10,4,1
1028,1293,419719.5,3811588.5,2022,0,0,4,3,4,2,5,9,4,10,0,9,7,3,9,11,4,16
1027,1326,419818.5,3811591.5,2022,0,3,4,3,3,4,5,9,10,10,11,9,7,12,7,11,14,16
1030,1372,419956.5,3811582.5,2022,1,2,2,0,0,6,8,3,9,1,12,0,4,10,16,5,1,11
1024,1409,420067.5,3811600.5,2022,1,0,1,4,4,2,8,3,9,1,12,0,4,10,16,5,1,11
1024,1416,420088.5,3811600.5,2022,1,2,2,0,0,6,8,3,5,4,5,0,4,10,16,5,1,11
1036,1467,420241.5,3811564.5,2022,0,3,4,3,3,4,3,7,10,10,11,9,7,3,9,11,4,1
1048,1470,420250.5,3811528.5,2022,0,3,4,3,3,4,3,7,10,2,6,5,2,5,11,2,10,5
1020,1527,420421.5,3811612.5,2022,1,2,2,0,0,6,8,3,5,4,5,0,4,10,16,5,1,11
1042,1554,420502.5,3811546.5,2022,1,2,2,0,0,6,8,3,5,1,5,0,4,10,16,5,1,11
1035,1560,420520.5,3811567.5,2022,1,0,1,4,4,2,8,3,4,9,12,0,4,10,16,5,1,11
1021,1702,420946.5,3811609.5,2022,1,2,2,0,0,1,4,2,7,6,8,6,8,8,10,3,8,11
1024,1739,421057.5,3811600.5,2022,0,3,4,3,3,4,3,9,10,10,11,9,7,3,9,10,4,1
1029,1752,421096.5,3811585.5,2022,0,3,4,3,3,4,3,9,10,10,11,9,7,12,7,11,14,16
1024,1788,421204.5,3811600.5,2022,0,0,1,4,4,2,5,9,4,10,0,9,7,3,9,10,14,16
1026,1820,421300.5,3811594.5,2022,1,2,2,0,0,1,8,3,9,1,12,0,4,10,16,5,1,11
1047,1843,421369.5,3811531.5,2022,1,2,2,0,0,6,4,2,7,6,8,6,8,8,10,3,8,8
1036,1869,421447.5,3811564.5,2022,1,0,1,4,4,6,8,8,5,4,3,0,14,4,12,12,6,17
1023,1943,421669.5,3811603.5,2022,1,2,2,0,0,6,4,2,7,6,8,6,8,8,10,3,8,8
1040,1970,421750.5,3811552.5,2022,1,2,2,0,0,6,8,3,5,4,5,13,11,4,12,12,6,17
1025,1992,421816.5,3811597.5,2022,1,2,2,0,0,6,4,2,7,4,5,6,8,8,10,3,8,8
1023,2033,421939.5,3811603.5,2022,1,2,1,4,0,6,8,8,5,4,3,13,11,4,12,12,6,17
1040,2067,422041.5,3811552.5,2022,1,2,2,0,0,6,8,8,5,4,5,13,11,4,12,12,6,17
1044,2085,422095.5,3811540.5,2022,1,0,1,4,4,2,8,3,5,9,3,4,14,9,1,0,3,15
1027,2101,422143.5,3811591.5,2022,1,2,2,0,0,6,8,2,5,4,5,6,3,8,10,12,8,8
1026,2152,422296.5,3811594.5,2022,1,2,2,0,0,6,4,2,7,6,8,6,8,8,10,3,8,8
1031,2187,422401.5,3811579.5,2022,1,2,2,0,0,6,8,3,5,4,5,10,3,14,15,14,16,13
1031,2206,422458.5,3811579.5,2022,1,0,1,4,4,2,5,9,4,9,3,4,12,9,1,0,3,15
1038,2247,422581.5,3811558.5,2022,1,2,2,0,0,6,8,3,5,4,5,10,3,14,15,14,16,13
1025,2254,422602.5,3811597.5,2022,1,0,1,4,4,2,8,8,3,9,3,4,14,4,12,7,18,7
1025,2299,422737.5,3811597.5,2022,1,0,1,4,4,2,8,3,5,9,3,4,12,9,1,0,3,15
1031,2336,422848.5,3811579.5,2022,1,0,1,4,4,2,5,9,4,9,3,4,14,9,1,7,3,7
1042,2342,422866.5,3811546.5,2022,1,2,2,0,0,6,8,3,5,4,5,10,3,14,15,14,16,13
1029,2389,423007.5,3811585.5,2022,1,2,3,1,5,5,6,8,3,11,1,2,1,0,4,1,18,18
1030,2420,423100.5,3811582.5,2022,1,1,3,5,6,5,6,8,3,11,1,2,1,0,4,1,7,18
1034,2444,423172.5,3811570.5,2022,2,1,3,1,5,5,6,8,3,11,9,7,10,0,4,6,17,3
1021,2473,423259.5,3811609.5,2022,0,0,1,1,5,5,2,8,1,5,9,7,10,1,0,6,17,3
1033,2518,423394.5,3811573.5,2022,2,1,3,1,5,5,6,6,6,0,11,7,10,12,7,6,17,3
1046,2540,423460.5,3811534.5,2022,0,0,1,4,4,2,5,8,4,9,3,4,14,9,7,7,14,7
1026,2552,423496.5,3811594.5,2022,2,1,3,5,6,5,6,8,3,11,1,2,1,0,4,6,17,12
1027,2605,423655.5,3811591.5,2022,2,1,3,5,6,5,6,6,6,0,2,12,6,11,3,6,17,3
1047,2632,423736.5,3811531.5,2022,0,0,1,4,4,2,5,9,4,9,0,4,12,9,1,0,3,15
1032,2648,423784.5,3811576.5,2022,0,0,1,4,4,2,5,8,4,9,3,4,14,9,1,7,14,7
1047,2691,423913.5,3811531.5,2022,1,1,3,5,6,5,6,8,3,11,1,2,1,0,4,7,18,7
1040,2728,424024.5,3811552.5,2022,2,1,3,5,6,5,6,6,6,0,2,12,6,11,3,6,0,12
1026,2737,424051.5,3811594.5,2022,2,1,3,5,6,5,6,6,6,0,2,12,6,11,3,6,17,3
1027,2762,424126.5,3811591.5,2022,2,1,3,5,6,5,6,6,3,11,1,2,1,0,4,6,18,12
1034,2804,424252.5,3811570.5,2022,0,0,1,4,4,2,5,8,4,9,3,4,14,12,7,7,14,7
1039,2821,424303.5,3811555.5,2022,0,0,1,1,5,5,6,8,3,11,11,7,14,12,7,11,14,16
1032,2861,424423.5,3811576.5,2022,2,3,0,2,1,0,1,4,6,0,4,3,6,11,3,4,15,14
1021,2881,424483.5,3811609.5,2022,2,1,3,5,6,5,6,6,6,0,2,12,6,11,3,13,0,6
1042,2938,424654.5,3811546.5,2022,2,1,3,2,1,5,6,6,6,0,2,12,6,11,3,13,0,6
1047,2948,424684.5,3811531.5,2022,2,1,3,5,6,5,6,6,6,0,2,12,6,11,3,13,0,6
1043,2995,424825.5,3811543.5,2022,2,1,3,5,6,3,7,1,8,3,7,8,5,6,2,17,7,10
1036,3025,424915.5,3811564.5,2022,2,1,0,2,1,0,1,4,0,7,4,3,9,2,8,9,5,4
1025,3059,425017.5,3811597.5,2022,2,3,0,2,1,0,1,4,0,7,4,3,9,2,8,9,5,4
1049,3061,425023.5,3811525.5,2022,2,1,0,2,1,0,1,4,0,0,4,12,6,11,3,13,0,6
1037,3091,425113.5,3811561.5,2022,2,3,0,2,1,0,1,4,0,7,4,3,9,2,8,9,5,4
1035,3146,425278.5,3811567.5,2022,2,3,0,2,1,0,1,4,0,7,4,3,9,2,8,9,5,4
1033,3177,425371.5,3811573.5,2022,2,3,0,2,1,0,1,4,0,7,4,3,9,2,8,9,5,4
1041,3195,425425.5,3811549.5,2022,2,3,0,2,1,0,1,4,0,7,4,3,9,2,8,9,5,4
1038,3239,425557.5,3811558.5,2022,2,1,3,5,6,5,6,6,6,0,2,12,6,11,3,13,0,12
1028,3253,425599.5,3811588.5,2022,2,1,0,2,1,0,1,4,0,7,4,3,9,2,8,9,5,6
1034,3285,425695.5,3811570.5,2022,2,3,0,2,1,0,1,4,0,7,4,3,9,2,8,9,5,4
1020,3319,425797.5,3811612.5,2022,2,1,0,2,1,0,1,4,6,0,2,12,6,11,3,13,0,6
1078,10,415870.5,3811438.5,2022,1,0,1,1,5,5,2,8,1,5,9,13,11,4,12,6,6,17
1051,47,415981.5,3811519.5,2022,1,2,1,1,5,1,2,8,1,5,9,13,11,4,12,12,6,17
1066,86,416098.5,3811474.5,2022,0,0,4,3,4,2,5,9,4,10,11,9,7,12,7,11,14,16
1052,116,416188.5,3811516.5,2022,1,2,2,0,0,6,4,2,7,6,8,6,8,4,12,12,6,17
1054,127,416221.5,3811510.5,2022,1,0,1,4,5,5,6,8,3,11,3,13,11,4,12,12,6,17
1054,156,416308.5,3811510.5,2022,0,0,4,1,5,5,2,0,1,5,9,7,10,1,0,8,2,2
1061,196,416428.5,3811489.5,2022,1,0,1,1,5,5,6,8,3,11,3,13,11,4,12,12,6,17
1076,238,416554.5,3811444.5,2022,1,2,2,0,0,1,4,2,7,6,8,11,13,7,6,15,11,0
1053,247,416581.5,3811513.5,2022,0,3,4,3,3,4,3,7,10,2,6,5,2,5,11,2,10,5
1062,294,416722.5,3811486.5,2022,0,3,4,3,3,4,3,7,10,2,11,5,2,12,7,11,13,19
1052,325,416815.5,3811516.5,2022,1,2,2,1,5,1,2,0,9,1,12,11,13,7,5,15,13,19
1076,341,416863.5,3811444.5,2022,0,3,4,1,5,4,2,0,1,10,11,7,10,12,7,11,14,16
1065,367,416941.5,3811477.5,2022,1,0,1,1,5,1,2,8,9,1,12,0,14,12,7,11,14,16
1073,390,417010.5,3811453.5,2022,1,2,2,0,0,6,4,8,3,11,1,2,11,4,12,12,6,17
1068,449,417187.5,3811468.5,2022,1,1,3,5,5,5,6,8,3,11,1,2,1,6,2,6,7,18
1051,457,417211.5,3811519.5,2022,2,1,3,5,6,5,6,6,3,11,1,2,1,0,4,6,17,3
1054,498,417334.5,3811510.5,2022,1,2,2,0,0,1,4,2,7,6,8,6,8,8,10,3,8,8
1070,529,417427.5,3811462.5,2022,1,2,2,0,0,1,4,2,7,6,8,6,8,6,2,3,7,18
1055,568,417544.5,3811507.5,2022,1,2,2,0,0,1,4,2,7,6,8,6,8,6,2,15,7,18
1055,583,417589.5,3811507.5,2022,1,0,1,1,5,2,2,8,1,1,3,13,14,4,12,7,14,16
1067,609,417667.5,3811471.5,2022,1,2,2,0,0,1,4,2,7,6,8,6,8,8,10,3,8,8
1053,634,417742.5,3811513.5,2022,1,2,2,0,0,1,4,2,7,6,8,6,8,8,10,3,8,8
1075,680,417880.5,3811447.5,2022,0,3,4,1,5,1,2,0,9,1,12,11,13,7,5,15,13,19
1077,697,417931.5,3811441.5,2022,0,3,4,3,3,4,3,7,10,2,6,5,2,5,11,2,10,5
1054,722,418006.5,3811510.5,2022,0,3,4,1,5,4,2,0,9,5,11,7,10,12,5,11,13,19
1063,772,418156.5,3811483.5,2022,0,0,1,4,4,2,5,9,4,9,3,4,14,12,7,11,14,16
1054,788,418204.5,3811510.5,2022,0,0,4,1,5,1,2,0,9,1,12,11,13,12,5,11,13,19
1061,832,418336.5,3811489.5,2022,1,2,2,0,0,1,2,0,9,1,12,0,4,10,16,5,1,11
1059,840,418360.5,3811495.5,2022,0,3,4,3,3,4,3,7,10,10,11,9,7,12,7,11,14,16
1066,881,418483.5,3811474.5,2022,0,0,1,4,4,2,5,9,4,10,3,4,14,12,7,11,14,16
1076,919,418597.5,3811444.5,2022,1,2,2,0,0,1,8,3,9,1,12,0,4,10,16,5,1,11
1078,947,418681.5,3811438.5,2022,0,0,4,3,3,2,5,9,4,10,0,9,7,3,9,11,14,16
1066,988,418804.5,3811474.5,2022,1,0,1,4,4,2,8,3,9,1,12,0,4,10,16,5,1,11
1074,1016,418888.5,3811450.5,2022,1,2,2,0,0,1,4,2,9,1,12,0,4,10,16,5,1,11
1061,1037,418951.5,3811489.5,2022,1,2,2,0,0,1,4,2,7,6,8,6,8,8,10,3,8,8
1069,1055,419005.5,3811465.5,2022,0,3,4,1,5,4,2,0,9,5,11,7,13,12,5,11,13,19
1079,1100,419140.5,3811435.5,2022,1,2,2,0,0,1,4,2,7,6,8,6,8,8,10,3,8,8
1064,1118,419194.5,3811480.5,2022,1,2,2,0,0,1,4,2,7,1,12,0,4,10,16,5,1,11
1062,1150,419290.5,3811486.5,2022,0,2,4,3,3,1,2,0,9,1,12,0,4,10,5,5,13,19
1067,1193,419419.5,3811471.5,2022,0,0,1,4,4,2,5,9,4,10,0,9,7,3,9,11,14,16
1069,1227,419521.5,3811465.5,2022,0,0,4,3,3,2,5,9,4,10,0,9,7,3,9,10,4,1
1061,1230,419530.5,3811489.5,2022,1,2,2,0,0,6,4,2,7,6,8,6,8,8,10,3,8,8
1050,1278,419674.5,3811522.5,2022,0,0,1,4,4,2,5,9,4,10,0,9,7,12,7,11,14,16
1069,1300,419740.5,3811465.5,2022,0,0,1,4,4,2,5,9,4,10,0,9,7,3,9,11,14,16
1050,1329,419827.5,3811522.5,2022,1,2,2,0,0,6,8,3,9,1,12,0,4,10,16,5,1,11
1064,1355,419905.5,3811480.5,2022,1,2,2,0,0,1,4,3,9,1,12,0,4,10,16,5,1,11
1079,1407,420061.5,3811435.5,2022,0,0,4,3,3,4,3,9,10,10,0,9,7,3,9,10,4,1
1076,1433,420139.5,3811444.5,2022,0,3,4,3,3,4,3,7,10,2,6,5,2,5,11,2,10,5
1061,1445,420175.5,3811489.5,2022,0,3,4,3,3,4,3,7,10,10,6,9,7,3,9,10,4,1
1063,1497,420331.5,3811483.5,2022,1,0,1,4,4,2,8,3,9,1,12,0,4,10,16,5,1,11
1054,1507,420361.5,3811510.5,2022,1,0,1,4,4,2,8,3,4,9,12,0,4,10,16,5,1,11
1054,1530,420430.5,3811510.5,2022,1,2,2,0,0,6,8,3,9,1,12,0,4,10,16,5,1,11
1055,1577,420571.5,3811507.5,2022,1,2,2,0,0,6,4,2,7,6,8,6,8,8,10,3,8,8
1079,1737,421051.5,3811435.5,2022,1,2,2,0,0,6,8,3,5,4,5,0,4,10,16,5,1,11
1062,1751,421093.5,3811486.5,2022,0,0,1,4,4,2,5,9,4,10,11,4,14,12,7,11,14,16
1070,1771,421153.5,3811462.5,2022,1,0,1,4,4,2,5,8,4,9,3,13,11,4,12,12,6,17
1071,1817,421291.5,3811459.5,2022,1,2,2,0,0,6,8,3,9,1,12,0,4,10,16,5,1,11
1056,1832,421336.5,3811504.5,2022,1,2,2,0,0,1,4,2,7,6,8,6,8,8,10,3,8,8
1060,1874,421462.5,3811492.5,2022,1,2,2,1,5,1,2,8,3,11,1,13,11,4,12,12,6,17
1065,1946,421678.5,3811477.5,2022,1,2,2,0,0,6,8,2,5,4,5,10,3,14,15,14,16,13
1056,1969,421747.5,3811504.5,2022,1,2,2,0,0,6,8,3,5,4,5,10,3,14,15,14,16,13
1067,1987,421801.5,3811471.5,2022,1,2,2,0,0,6,8,3,5,4,5,10,3,4,12,12,6,8
1054,2032,421936.5,3811510.5,2022,1,2,2,0,0,6,4,2,7,4,5,6,8,8,10,3,8,8
1062,2065,422035.5,3811486.5,2022,1,2,2,0,0,6,4,2,7,6,8,6,8,8,10,3,8,8
1076,2085,422095.5,3811444.5,2022,1,2,2,0,0,6,4,2,7,6,8,6,8,8,10,3,8,8
1055,2106,422158.5,3811507.5,2022,1,0,1,4,4,2,8,3,5,9,5,0,4,10,16,0,1,11
1054,2151,422293.5,3811510.5,2022,1,2,1,4,0,6,8,3,5,4,5,10,3,14,15,14,16,13
1062,2163,422329.5,3811486.5,2022,1,2,2,0,0,6,8,3,5,4,5,10,3,14,15,14,16,13
1061,2204,422452.5,3811489.5,2022,1,0,1,4,4,6,8,3,5,9,5,4,12,9,1,0,3,15
1078,2220,422500.5,3811438.5,2022,1,0,1,4,4,2,5,9,4,9,3,4,12,9,1,0,3,15
1068,2257,422611.5,3811468.5,2022,1,2,2,0,0,6,8,3,5,4,5,10,3,14,15,14,16,13
1057,2309,422767.5,3811501.5,2022,1,0,1,4,4,2,8,8,5,9,3,4,14,9,1,7,6,7
1055,2324,422812.5,3811507.5,2022,1,0,1,4,4,2,8,8,4,9,3,4,14,9,1,7,3,7
1070,2347,422881.5,3811462.5,2022,1,0,1,4,4,6,8,3,5,4,5,10,3,14,15,14,16,13
1070,2392,423016.5,3811462.5,2022,1,0,1,4,4,6,8,3,5,9,3,4,14,9,1,0,3,7
1071,2401,423043.5,3811459.5,2022,1,2,1,0,0,6,8,8,5,5,3,13,11,4,12,12,6,17
1076,2456,423208.5,3811444.5,2022,1,2,1,0,0,6,8,8,5,4,5,10,3,14,12,12,6,17
1070,2469,423247.5,3811462.5,2022,0,0,1,4,4,2,5,9,4,9,3,4,14,9,1,7,3,7
1064,2492,423316.5,3811480.5,2022,1,0,1,4,4,2,5,8,4,9,3,13,11,9,12,7,6,17
1077,2547,423481.5,3811441.5,2022,1,0,1,4,4,2,5,8,1,9,3,13,11,4,12,12,6,17
1057,2567,423541.5,3811501.5,2022,1,0,1,4,5,2,5,8,3,11,3,13,14,0,4,7,18,7
1068,2599,423637.5,3811468.5,2022,1,0,1,4,4,6,8,8,5,4,3,10,3,4,12,12,6,17
1064,2626,423718.5,3811480.5,2022,0,0,1,4,4,2,5,9,4,10,0,9,7,3,9,10,4,1
1066,2657,423811.5,3811474.5,2022,1,0,1,4,4,2,5,8,4,9,3,4,14,9,1,7,3,7
1053,2692,423916.5,3811513.5,2022,2,1,3,5,6,5,6,8,3,11,1,2,1,0,4,6,18,12
1066,2707,423961.5,3811474.5,2022,2,1,3,5,6,5,6,6,6,0,2,12,6,11,3,13,0,12
1066,2734,424042.5,3811474.5,2022,2,1,3,5,6,5,6,6,6,0,2,12,6,11,3,13,0,6
1053,2786,424198.5,3811513.5,2022,0,0,1,1,5,5,5,8,3,11,3,7,14,0,4,7,18,7
1066,2790,424210.5,3811474.5,2022,2,1,3,5,6,5,6,6,6,0,2,12,1,11,3,13,0,12
1064,2831,424333.5,3811480.5,2022,2,1,3,5,6,5,6,6,6,0,2,12,6,11,3,13,0,6
1075,2874,424462.5,3811447.5,2022,2,1,3,5,6,5,6,6,6,0,2,12,6,11,3,13,0,6
1063,2895,424525.5,3811483.5,2022,2,1,3,5,6,5,6,6,6,0,2,12,6,11,3,13,0,12
1063,2916,424588.5,3811483.5,2022,2,1,3,5,6,5,6,6,6,0,2,12,6,11,3,13,0,12
1063,2953,424699.5,3811483.5,2022,2,1,3,5,6,5,6,6,6,0,2,12,6,11,3,13,0,6
1054,2997,424831.5,3811510.5,2022,2,1,3,5,6,5,6,6,6,0,2,12,6,11,3,13,0,6
1068,3005,424855.5,3811468.5,2022,2,1,3,5,6,5,6,6,6,0,2,12,6,11,3,13,0,12
1060,3056,425008.5,3811492.5,2022,2,1,0,2,1,0,1,4,0,7,4,3,9,2,8,9,5,4
1060,3062,425026.5,3811492.5,2022,2,1,0,2,1,0,1,4,0,7,4,3,9,2,8,9,5,6
1078,3113,425179.5,3811438.5,2022,2,3,0,2,1,0,1,4,0,7,4,3,9,2,8,9,5,4
1050,3142,425266.5,3811522.5,2022,2,1,0,2,1,0,1,4,6,0,2,12,6,11,3,13,0,6
1075,3175,425365.5,3811447.5,2022,2,1,0,2,1,0,1,4,0,7,4,3,9,2,8,9,5,6
1054,3207,425461.5,3811510.5,2022,2,1,3,5,6,5,6,6,6,0,2,12,6,11,3,13,0,6
1063,3217,425491.5,3811483.5,2022,2,1,0,2,1,0,1,6,6,0,2,12,6,11,3,13,0,6
1066,3254,425602.5,3811474.5,2022,2,1,0,2,1,0,1,6,6,0,2,12,6,11,3,13,0,6
1069,3279,425677.5,3811465.5,2022,2,1,3,5,6,5,6,6,6,0,2,12,6,11,3,13,0,12
1052,3315,425785.5,3811516.5,2022,2,1,3,5,6,5,6,6,6,0,2,12,6,11,3,13,0,6
1104,23,415909.5,3811360.5,2022,1,2,2,0,0,1,4,2,7,6,8,13,11,4,12,12,6,17
1081,58,416014.5,3811429.5,2022,0,0,1,4,4,2,5,9,4,10,11,4,14,12,7,11,14,16
1098,61,416023.5,3811378.5,2022,1,0,1,1,5,5,2,8,1,5,9,13,11,4,12,12,6,17
1083,115,416185.5,3811423.5,2022,1,2,2,1,5,1,2,0,1,5,9,13,11,4,12,12,6,17
1088,135,416245.5,3811408.5,2022,1,2,2,1,5,1,2,8,1,5,9,13,11,4,12,12,6,17
1109,168,416344.5,3811345.5,2022,0,0,1,1,5,2,2,8,1,5,11,7,14,12,7,11,14,16
1100,181,416383.5,3811372.5,2022,1,0,1,4,4,6,8,8,3,11,3,2,14,4,12,12,6,17
1097,224,416512.5,3811381.5,2022,0,0,4,3,3,4,3,9,10,10,0,9,7,3,9,10,4,1
1087,248,416584.5,3811411.5,2022,0,3,4,3,3,4,3,0,9,10,11,9,7,12,5,11,13,19
1105,287,416701.5,3811357.5,2022,1,2,2,1,5,1,2,0,1,5,9,11,11,7,6,15,11,0
1091,307,416761.5,3811399.5,2022,0,0,4,1,5,1,2,0,9,1,12,11,13,12,5,11,13,19
1092,333,416839.5,3811396.5,2022,1,2,2,1,5,1,2,0,1,5,1,11,13,7,6,15,11,18
1099,386,416998.5,3811375.5,2022,1,2,2,1,5,1,2,8,3,11,1,13,11,4,12,12,6,17
1103,390,417010.5,3811363.5,2022,1,1,3,5,6,5,6,8,3,11,1,2,1,0,4,1,7,18
1086,441,417163.5,3811414.5,2022,2,1,3,5,6,5,6,6,3,11,1,2,1,0,4,6,17,3
1101,464,417232.5,3811369.5,2022,1,2,2,0,0,1,4,2,7,6,8,6,8,8,6,3,11,0
1084,509,417367.5,3811420.5,2022,1,2,2,0,0,6,4,2,7,6,8,6,8,8,10,3,8,8
1101,527,417421.5,3811369.5,2022,1,2,2,0,0,1,4,2,7,6,8,6,8,8,10,3,8,8
1095,555,417505.5,3811387.5,2022,1,2,2,0,0,1,4,2,7,6,8,6,8,6,2,3,7,18
1105,576,417568.5,3811357.5,2022,1,2,2,1,5,1,2,0,7,6,9,11,13,7,6,15,11,0
1091,610,417670.5,3811399.5,2022,1,2,2,1,5,1,2,0,9,1,12,11,13,7,5,15,13,19
1094,651,417793.5,3811390.5,2022,0,0,4,1,5,2,2,0,9,10,11,7,10,12,7,11,14,16
1096,686,417898.5,3811384.5,2022,0,3,4,3,3,4,3,7,10,2,11,5,2,12,7,11,10,16
1098,701,417943.5,3811378.5,2022,0,3,4,3,3,4,3,7,10,10,11,7,10,12,7,11,14,14
1089,733,418039.5,3811405.5,2022,0,3,4,1,5,4,2,0,10,10,11,7,10,12,7,11,14,16
1084,758,418114.5,3811420.5,2022,0,0,4,1,5,2,2,0,4,10,11,7,7,12,7,11,14,16
1086,807,418261.5,3811414.5,2022,0,3,0,2,1,4,1,7,10,2,11,5,2,12,7,4,15,14
1091,830,418330.5,3811399.5,2022,0,0,4,3,3,4,5,9,4,10,11,9,7,12,7,11,14,16
1107,846,418378.5,3811351.5,2022,0,3,4,3,3,4,3,7,10,2,6,5,2,5,11,2,10,5
1097,872,418456.5,3811381.5,2022,1,2,2,0,0,1,4,2,9,1,12,0,4,10,16,5,1,11
1103,905,418555.5,3811363.5,2022,0,0,4,3,5,2,5,9,4,10,11,9,7,12,7,11,14,16
1093,935,418645.5,3811393.5,2022,0,0,1,4,4,2,5,9,4,9,3,4,14,9,7,11,14,16
1103,962,418726.5,3811363.5,2022,0,0,1,4,4,2,5,9,4,10,11,9,7,12,7,11,14,16
1106,1016,418888.5,3811354.5,2022,0,0,1,4,5,2,5,8,4,10,11,7,14,12,7,7,14,16
1091,1033,418939.5,3811399.5,2022,1,2,2,0,0,1,4,2,7,6,8,6,8,8,10,3,8,8
1092,1068,419044.5,3811396.5,2022,1,2,2,0,0,1,4,2,7,6,8,6,8,8,10,3,8,8
1102,1093,419119.5,3811366.5,2022,1,2,2,0,0,1,4,2,9,1,12,0,4,10,16,5,1,11
1080,1139,419257.5,3811432.5,2022,1,2,2,0,0,1,4,0,9,1,12,0,4,10,5,5,13,11
1099,1167,419341.5,3811375.5,2022,0,3,4,3,3,4,3,7,10,10,6,9,7,3,9,10,4,1
1091,1185,419395.5,3811399.5,2022,0,0,4,3,4,2,5,9,4,10,0,9,7,3,9,11,14,16
1101,1202,419446.5,3811369.5,2022,1,2,2,0,0,1,4,2,7,6,8,6,8,8,6,3,11,0
1097,1253,419599.5,3811381.5,2022,0,0,1,4,4,2,5,9,4,9,3,4,12,9,1,0,3,15
1094,1272,419656.5,3811390.5,2022,0,0,1,4,4,2,5,9,9,1,12,0,4,10,16,5,1,11
1106,1308,419764.5,3811354.5,2022,1,0,1,4,4,6,8,3,5,1,3,0,4,10,16,5,1,11
1106,1348,419884.5,3811354.5,2022,0,3,4,3,3,4,3,7,10,2,6,5,2,5,11,2,10,5
1107,1377,419971.5,3811351.5,2022,0,3,4,3,3,4,3,7,10,2,6,5,2,5,11,2,10,5
1090,1400,420040.5,3811402.5,2022,0,3,4,3,3,4,3,7,10,2,6,5,2,5,11,2,10,5
1092,1421,420103.5,3811396.5,2022,0,0,4,3,3,4,5,9,4,10,11,9,7,12,7,11,14,16
1108,1455,420205.5,3811348.5,2022,1,2,2,0,4,6,8,3,9,1,12,0,4,10,16,5,1,11
1101,1486,420298.5,3811369.5,2022,1,2,1,4,4,6,8,3,5,1,12,0,4,10,16,5,1,11
1092,1502,420346.5,3811396.5,2022,0,0,1,4,4,2,5,9,4,9,0,4,12,9,1,0,3,15
1085,1545,420475.5,3811417.5,2022,0,0,1,4,4,2,5,9,4,9,0,4,12,9,1,0,3,15
1082,1573,420559.5,3811426.5,2022,1,2,2,0,0,1,4,2,7,6,8,6,8,8,10,3,8,8
1104,1739,421057.5,3811360.5,2022,0,0,1,4,4,2,5,9,4,9,3,4,14,9,1,0,3,15
1098,1755,421105.5,3811378.5,2022,0,0,1,4,4,2,5,9,4,9,0,4,12,9,1,0,3,15
1092,1772,421156.5,3811396.5,2022,1,2,2,0,0,6,4,2,7,6,8,6,8,8,10,3,8,8
1082,1823,421309.5,3811426.5,2022,1,2,2,0,0,6,4,2,7,6,8,6,8,8,10,3,8,8
1109,1831,421333.5,3811345.5,2022,1,2,2,0,0,6,8,3,5,1,12,0,4,10,16,5,1,11
1102,1886,421498.5,3811366.5,2022,1,2,2,0,0,1,8,3,9,1,12,0,4,10,16,5,1,11
1082,1919,421597.5,3811426.5,2022,1,2,2,0,0,6,4,2,7,6,8,6,8,8,10,3,8,8
1096,1933,421639.5,3811384.5,2022,1,2,2,0,0,6,4,2,7,4,8,6,8,8,10,3,8,8
1086,1964,421732.5,3811414.5,2022,1,2,2,0,0,6,4,2,7,4,8,6,8,8,10,3,8,8
1082,1986,421798.5,3811426.5,2022,1,2,1,4,4,6,8,8,5,4,5,13,11,4,12,12,6,17
1081,2018,421894.5,3811429.5,2022,1,2,2,0,0,6,8,3,5,4,5,10,3,14,15,14,16,13
1101,2057,422011.5,3811369.5,2022,1,2,2,0,0,6,4,2,7,6,8,6,8,8,10,3,8,8
1081,2079,422077.5,3811429.5,2022,1,2,2,0,0,6,4,2,7,6,8,6,8,8,10,3,8,8
1080,2101,422143.5,3811432.5,2022,1,2,2,0,0,6,4,2,7,6,8,6,8,8,10,3,8,8
1080,2156,422308.5,3811432.5,2022,1,2,2,0,0,6,8,3,5,4,5,10,3,14,15,14,16,13
1103,2162,422326.5,3811363.5,2022,1,0,1,4,4,6,8,8,5,4,5,10,3,4,12,12,6,17
1095,2216,422488.5,3811387.5,2022,1,0,1,4,4,2,5,9,4,9,0,4,12,9,1,0,3,15
1085,2245,422575.5,3811417.5,2022,1,0,1,4,4,2,5,8,4,9,3,4,14,9,1,7,14,7
1109,2251,422593.5,3811345.5,2022,1,2,1,4,4,6,8,8,5,4,3,13,11,4,12,12,6,17
1088,2282,422686.5,3811408.5,2022,1,0,1,4,4,6,8,8,3,9,3,13,14,4,12,7,6,7
1087,2336,422848.5,3811411.5,2022,1,0,1,4,4,6,8,3,5,4,5,10,3,14,15,14,16,13
1108,2346,422878.5,3811348.5,2022,1,0,1,4,4,2,8,3,5,9,3,4,12,9,1,0,3,15
1085,2386,422998.5,3811417.5,2022,1,2,1,4,4,6,8,8,5,4,3,4,14,4,12,7,6,7
1101,2422,423106.5,3811369.5,2022,1,0,1,4,4,6,8,3,5,9,5,0,4,10,16,5,1,11
1103,2455,423205.5,3811363.5,2022,1,0,1,4,4,2,5,8,4,9,3,13,11,4,12,12,6,17
1082,2489,423307.5,3811426.5,2022,1,0,1,4,4,2,5,8,4,9,3,4,14,9,12,7,14,7
1107,2492,423316.5,3811351.5,2022,1,0,1,1,5,5,2,8,3,11,3,13,11,4,12,12,6,17
1086,2525,423415.5,3811414.5,2022,0,0,1,4,4,2,5,8,4,9,3,4,14,12,7,7,14,16
1086,2560,423520.5,3811414.5,2022,1,0,1,1,5,5,6,8,3,11,1,13,11,4,12,12,6,17
1091,2600,423640.5,3811399.5,2022,1,0,1,4,4,2,8,8,5,9,3,13,14,4,12,7,6,17
1086,2626,423718.5,3811414.5,2022,1,0,1,4,4,2,5,8,4,9,3,4,14,9,1,7,3,7
1089,2656,423808.5,3811405.5,2022,1,0,1,4,4,2,5,8,3,9,3,4,14,0,4,7,18,7
1086,2687,423901.5,3811414.5,2022,1,1,3,5,6,5,6,8,3,11,1,2,1,6,2,1,7,18
1097,2706,423958.5,3811381.5,2022,2,1,3,5,6,5,6,6,6,0,2,12,6,11,3,6,17,3
1094,2735,424045.5,3811390.5,2022,2,1,0,2,1,5,6,6,6,0,2,12,6,11,3,13,0,6
1086,2762,424126.5,3811414.5,2022,2,1,3,5,6,5,6,6,6,0,2,12,6,11,3,13,0,12
1095,2797,424231.5,3811387.5,2022,2,1,3,5,6,5,6,6,6,0,2,12,6,11,3,13,0,6
1095,2848,424384.5,3811387.5,2022,2,1,0,2,1,0,1,6,6,0,2,12,6,11,3,13,0,6
1094,2870,424450.5,3811390.5,2022,2,1,3,5,6,5,6,6,6,0,2,12,6,11,3,13,0,12
1099,2883,424489.5,3811375.5,2022,2,1,3,5,6,5,6,6,6,0,2,12,6,11,3,6,17,12
1105,2930,424630.5,3811357.5,2022,2,1,3,5,6,5,6,6,6,0,2,12,6,11,3,13,0,12
1081,2940,424660.5,3811429.5,2022,2,1,3,5,6,5,6,6,6,0,2,12,6,11,3,13,0,6
1094,2986,424798.5,3811390.5,2022,2,1,3,5,6,5,6,6,6,0,2,12,6,11,3,13,0,12
1091,3013,424879.5,3811399.5,2022,2,1,3,5,6,5,6,6,6,0,2,12,6,11,3,13,0,12
1099,3048,424984.5,3811375.5,2022,2,1,3,5,6,3,7,1,8,3,7,8,5,13,13,17,9,10
1088,3071,425053.5,3811408.5,2022,2,1,3,5,6,5,6,6,6,0,2,12,6,11,3,13,0,6
1092,3100,425140.5,3811396.5,2022,2,1,3,5,6,5,6,6,6,0,2,12,6,11,3,13,0,6
1090,3122,425206.5,3811402.5,2022,2,3,0,2,1,0,1,4,0,7,4,3,9,2,8,9,5,4
1083,3173,425359.5,3811423.5,2022,2,1,0,2,1,0,1,6,6,0,2,12,6,11,3,13,0,6
1083,3205,425455.5,3811423.5,2022,2,1,3,5,6,5,6,6,6,0,2,12,6,11,3,13,0,6
1088,3210,425470.5,3811408.5,2022,2,1,3,5,6,5,6,6,6,0,2,12,6,11,3,13,0,6
1100,3260,425620.5,3811372.5,2022,2,1,0,2,1,0,1,4,6,0,2,12,6,11,3,13,0,6
1082,3291,425713.5,3811426.5,2022,2,1,0,2,1,0,1,4,0,7,4,3,9,2,8,9,5,4
1123,15,415885.5,3811303.5,2022,1,0,1,1,5,5,6,8,3,11,3,13,11,4,12,12,6,17
1136,57,416011.5,3811264.5,2022,1,2,2,1,5,1,2,8,1,5,9,13,11,4,12,12,6,17
1137,66,416038.5,3811261.5,2022,1,2,2,1,5,1,2,0,1,5,9,11,13,7,6,15,11,0
1127,90,416110.5,3811291.5,2022,1,2,2,1,5,1,2,0,1,5,9,13,11,4,12,12,6,17
1114,149,416287.5,3811330.5,2022,0,0,4,1,5,2,2,0,1,5,11,7,10,12,7,11,14,16
1115,160,416320.5,3811327.5,2022,1,2,2,0,0,1,4,2,7,6,8,13,11,4,12,12,6,17
1124,200,416440.5,3811300.5,2022,0,3,4,3,3,4,3,7,10,10,6,9,7,3,9,10,4,1
1139,211,416473.5,3811255.5,2022,0,0,4,3,3,4,5,9,4,10,11,9,7,12,7,11,14,16
1124,265,416635.5,3811300.5,2022,1,0,1,1,5,1,2,0,9,1,12,0,4,10,5,11,13,19
1110,278,416674.5,3811342.5,2022,1,2,2,0,0,1,4,2,7,6,8,13,11,4,12,12,6,17
1129,320,416800.5,3811285.5,2022,1,2,3,1,5,1,2,0,1,5,9,11,13,1,0,6,17,3
1133,330,416830.5,3811273.5,2022,1,2,4,1,5,1,2,0,9,1,12,11,13,7,5,15,13,19
1130,381,416983.5,3811282.5,2022,1,2,2,1,5,1,2,0,1,5,9,13,11,4,12,12,6,17
1138,412,417076.5,3811258.5,2022,1,0,1,1,5,5,2,8,1,5,9,13,11,4,12,12,6,17
1139,425,417115.5,3811255.5,2022,1,2,3,1,5,1,6,8,3,11,1,2,1,6,2,1,7,18
1139,462,417226.5,3811255.5,2022,1,2,2,0,0,1,4,2,7,6,8,6,8,6,2,3,7,18
1133,482,417286.5,3811273.5,2022,0,0,4,1,5,1,2,0,1,5,9,13,11,1,0,8,2,2
1129,525,417415.5,3811285.5,2022,1,2,2,0,0,1,4,2,7,6,8,11,13,7,6,15,11,0
1134,568,417544.5,3811270.5,2022,1,2,2,0,0,1,4,2,7,6,8,11,13,6,2,15,7,18
1120,583,417589.5,3811312.5,2022,1,2,2,0,0,1,4,2,7,6,1,6,8,6,2,12,7,18
1131,629,417727.5,3811279.5,2022,0,0,4,1,5,2,2,0,9,1,11,11,13,12,5,11,13,19
1121,642,417766.5,3811309.5,2022,0,3,4,1,5,4,2,0,1,10,11,7,10,12,7,11,14,16
1115,683,417889.5,3811327.5,2022,0,3,4,3,3,4,3,7,10,10,11,7,10,12,7,4,15,14
1120,698,417934.5,3811312.5,2022,0,3,4,3,3,4,3,7,10,10,11,7,10,12,7,11,14,14
1130,722,418006.5,3811282.5,2022,0,3,4,3,3,4,3,7,10,10,11,7,7,12,7,11,14,16
1119,770,418150.5,3811315.5,2022,1,0,1,1,5,1,2,0,9,1,12,0,4,10,5,5,13,19
1120,782,418186.5,3811312.5,2022,1,2,2,0,0,1,2,0,9,1,12,11,13,7,5,15,13,19
1130,822,418306.5,3811282.5,2022,0,0,1,1,5,2,5,9,4,10,11,7,7,12,7,11,14,16
1136,843,418369.5,3811264.5,2022,0,0,4,1,5,2,5,9,4,10,11,7,7,12,7,11,14,16
1118,890,418510.5,3811318.5,2022,0,0,1,4,4,2,5,8,4,10,11,4,14,12,7,11,14,16
1110,914,418582.5,3811342.5,2022,0,0,4,3,3,2,5,9,4,10,11,9,7,12,7,11,14,16
1139,930,418630.5,3811255.5,2022,0,0,1,4,4,2,5,9,4,10,11,9,7,12,7,11,14,16
1125,963,418729.5,3811297.5,2022,0,0,1,4,4,2,5,9,4,9,0,4,7,9,1,0,3,16
1116,1017,418891.5,3811324.5,2022,1,2,2,0,0,1,4,0,7,6,8,11,13,7,6,15,11,0
1132,1047,418981.5,3811276.5,2022,1,2,2,0,0,1,4,2,7,6,8,6,8,8,10,3,11,0
1132,1072,419056.5,3811276.5,2022,1,2,2,0,0,1,4,2,7,6,8,6,8,8,6,3,11,0
1136,1086,419098.5,3811264.5,2022,1,2,2,0,0,1,4,2,7,6,8,11,13,7,6,15,11,0
1112,1133,419239.5,3811336.5,2022,0,3,4,3,3,4,3,7,10,2,6,9,7,3,9,10,4,1
1127,1169,419347.5,3811291.5,2022,0,0,4,3,3,4,3,9,10,10,0,9,7,3,9,11,4,16
1111,1180,419380.5,3811339.5,2022,1,2,2,0,0,1,4,2,7,6,8,6,8,8,10,3,8,8
1115,1207,419461.5,3811327.5,2022,1,2,2,0,0,1,4,2,7,6,8,6,8,8,10,3,8,8
1138,1250,419590.5,3811258.5,2022,1,0,1,1,5,2,2,0,1,5,9,13,11,4,12,12,6,17
1114,1261,419623.5,3811330.5,2022,1,2,2,0,0,6,4,2,7,6,8,6,8,8,10,3,8,8
1120,1307,419761.5,3811312.5,2022,0,0,1,4,4,2,5,9,4,9,3,4,14,9,1,0,3,16
1129,1332,419836.5,3811285.5,2022,0,3,4,3,3,4,3,7,10,2,6,5,2,5,11,2,10,5
1113,1351,419893.5,3811333.5,2022,0,3,4,3,3,4,3,7,10,10,11,9,7,12,7,11,14,16
1112,1385,419995.5,3811336.5,2022,1,2,2,0,0,6,4,3,9,1,12,0,4,10,16,5,1,11
1124,1420,420100.5,3811300.5,2022,1,2,2,0,0,6,4,2,7,6,8,6,8,8,10,3,8,8
1110,1467,420241.5,3811342.5,2022,1,2,2,0,0,6,8,3,5,4,5,10,3,14,15,14,16,13
1119,1499,420337.5,3811315.5,2022,0,0,4,3,4,2,5,9,4,10,0,9,7,3,9,10,4,1
1138,1527,420421.5,3811258.5,2022,0,0,1,4,4,2,5,9,4,10,0,9,7,3,9,10,4,1
1134,1532,420436.5,3811270.5,2022,0,0,1,4,4,2,5,9,4,9,0,4,12,9,1,0,3,15
1131,1627,420721.5,3811279.5,2022,0,0,1,4,4,2,5,9,4,10,0,9,7,3,9,10,4,1
1123,1659,420817.5,3811303.5,2022,1,2,2,0,0,6,8,3,5,4,5,10,3,14,15,14,16,13
1119,1698,420934.5,3811315.5,2022,1,2,2,0,0,1,4,2,7,6,8,6,8,8,6,15,11,0
1126,1725,421015.5,3811294.5,2022,0,0,1,4,4,2,5,9,4,9,0,4,12,9,1,0,3,15
1136,1745,421075.5,3811264.5,2022,0,0,1,4,4,2,5,9,4,9,0,4,12,9,1,0,3,15
1111,1774,421162.5,3811339.5,2022,1,2,2,0,0,6,4,2,7,4,5,6,3,8,10,3,8,8
1134,1802,421246.5,3811270.5,2022,1,0,1,4,4,2,8,8,4,9,3,4,14,9,1,7,3,7
1111,1831,421333.5,3811339.5,2022,1,2,2,0,0,1,2,8,3,11,1,13,11,4,12,12,6,17
1128,1948,421684.5,3811288.5,2022,1,2,1,1,5,6,2,8,1,5,9,13,11,4,12,12,6,17
1126,1957,421711.5,3811294.5,2022,1,2,2,0,0,6,8,3,5,4,5,10,3,14,15,14,16,13
1117,1980,421780.5,3811321.5,2022,1,2,2,0,0,6,8,2,5,4,5,10,3,14,15,14,16,13
1117,2082,422086.5,3811321.5,2022,1,2,2,0,0,6,8,3,9,1,12,0,4,10,16,5,1,11
1139,2123,422209.5,3811255.5,2022,1,2,2,0,0,6,8,2,5,4,5,6,3,8,10,3,8,8
1139,2154,422302.5,3811255.5,2022,1,2,2,0,0,6,8,3,5,4,5,10,3,14,15,14,16,13
1124,2180,422380.5,3811300.5,2022,1,2,2,0,0,6,8,3,5,4,5,10,3,14,15,14,16,13
1113,2217,422491.5,3811333.5,2022,1,0,1,4,4,6,8,3,5,4,5,10,3,14,15,14,16,13
1117,2249,422587.5,3811321.5,2022,1,2,2,0,0,6,8,8,5,4,5,13,11,4,12,12,6,17
1111,2259,422617.5,3811339.5,2022,1,2,2,0,0,6,8,3,5,4,5,10,3,14,15,14,8,13
1123,2299,422737.5,3811303.5,2022,1,2,2,0,0,6,4,2,5,4,5,6,3,8,10,12,8,8
1117,2319,422797.5,3811321.5,2022,1,2,1,4,0,6,8,3,5,4,5,10,3,4,12,12,6,17
1136,2346,422878.5,3811264.5,2022,1,0,1,4,4,6,8,8,5,9,3,13,11,4,12,12,6,17
1112,2379,422977.5,3811336.5,2022,1,0,1,4,4,2,8,3,5,9,3,4,14,9,1,12,3,7
1119,2411,423073.5,3811315.5,2022,0,0,1,4,4,2,5,9,4,9,3,4,14,9,1,7,14,16
1125,2459,423217.5,3811297.5,2022,1,2,1,1,5,6,8,8,1,5,3,13,11,4,12,12,6,17
1131,2486,423298.5,3811279.5,2022,1,2,2,0,0,6,8,8,3,11,1,13,11,4,12,12,6,17
1121,2510,423370.5,3811309.5,2022,1,2,1,4,4,6,8,8,5,4,3,13,11,4,12,12,6,17
1133,2539,423457.5,3811273.5,2022,1,0,1,1,5,5,6,8,3,11,3,2,14,0,4,7,18,7
1113,2561,423523.5,3811333.5,2022,1,1,3,1,5,5,6,8,3,11,1,2,11,0,4,6,18,3
1134,2593,423619.5,3811270.5,2022,1,0,1,4,5,5,6,8,3,11,3,13,14,0,4,7,18,7
1128,2637,423751.5,3811288.5,2022,1,0,1,4,4,2,5,8,4,9,3,4,14,9,1,7,3,7
1121,2646,423778.5,3811309.5,2022,2,0,1,1,5,5,6,8,3,11,3,7,14,0,4,6,17,3
1118,2697,423931.5,3811318.5,2022,2,1,3,1,5,5,6,8,3,11,3,2,14,0,4,7,18,7
1135,2723,424009.5,3811267.5,2022,2,1,3,5,6,5,6,6,6,0,2,12,6,11,3,13,0,12
1137,2739,424057.5,3811261.5,2022,2,1,3,5,6,5,6,6,6,0,2,12,6,11,3,13,0,12
1122,2762,424126.5,3811306.5,2022,2,1,3,5,6,5,6,6,6,0,2,12,6,11,3,13,0,12
1115,2818,424294.5,3811327.5,2022,2,1,3,5,6,5,6,6,6,0,2,12,6,11,3,13,0,6
1115,2823,424309.5,3811327.5,2022,2,1,3,5,6,5,6,6,6,0,2,12,6,11,3,13,0,6
1110,2869,424447.5,3811342.5,2022,2,1,0,2,1,5,6,6,6,0,2,12,6,11,3,4,15,14
1128,2884,424492.5,3811288.5,2022,2,1,3,5,6,5,6,6,6,0,2,12,6,11,3,13,0,6
1113,2927,424621.5,3811333.5,2022,2,1,3,5,6,3,7,1,8,3,7,12,6,11,3,13,0,12
1129,2959,424717.5,3811285.5,2022,2,1,3,5,6,5,6,6,6,0,2,12,6,11,3,13,0,6
1113,2972,424756.5,3811333.5,2022,2,1,3,5,6,5,6,6,6,0,2,12,6,11,3,13,0,6
1115,3018,424894.5,3811327.5,2022,2,1,3,5,6,3,7,1,8,3,7,8,5,13,13,17,9,10
1123,3032,424936.5,3811303.5,2022,2,1,3,5,6,5,6,6,6,0,2,12,6,11,3,13,0,6
1113,3104,425152.5,3811333.5,2022,2,1,0,2,1,0,1,4,0,7,4,3,9,2,8,9,5,4
1123,3136,425248.5,3811303.5,2022,2,1,3,5,6,5,6,6,6,0,2,12,6,11,3,13,0,6
1130,3154,425302.5,3811282.5,2022,2,1,0,2,1,0,1,6,6,0,2,12,6,11,3,13,0,6
1118,3190,425410.5,3811318.5,2022,2,1,3,5,6,5,6,6,6,0,2,12,6,11,3,13,0,6
1133,3319,425797.5,3811273.5,2022,2,1,3,5,6,5,6,6,6,0,2,12,6,11,3,13,0,6
1158,21,415903.5,3811198.5,2022,1,1,3,1,5,5,2,8,1,5,9,13,11,4,12,6,17,3
1154,41,415963.5,3811210.5,2022,1,0,1,1,5,2,2,8,1,5,3,13,11,4,12,12,6,17
1147,64,416032.5,3811231.5,2022,0,0,4,1,5,5,2,0,1,5,11,7,10,12,7,11,14,16
1159,106,416158.5,3811195.5,2022,0,3,4,1,5,4,2,0,1,5,9,7,10,1,0,8,2,2
1165,135,416245.5,3811177.5,2022,0,0,1,1,5,5,2,0,1,5,9,7,10,1,0,8,2,2
1169,157,416311.5,3811165.5,2022,0,0,4,1,5,4,2,0,9,10,11,9,7,12,7,11,14,16
1147,205,416455.5,3811231.5,2022,0,0,1,4,4,2,5,9,4,9,3,4,12,9,1,0,3,15
1145,233,416539.5,3811237.5,2022,1,0,1,1,5,5,2,8,1,5,3,13,11,4,12,6,6,17
1162,265,416635.5,3811186.5,2022,0,3,4,1,5,4,2,0,10,2,11,7,10,12,7,4,15,14
1151,295,416725.5,3811219.5,2022,1,2,2,0,0,1,4,2,7,6,8,6,8,8,10,3,8,8
1156,307,416761.5,3811204.5,2022,2,1,3,1,5,5,6,6,3,11,1,2,1,6,2,6,17,3
1146,347,416881.5,3811234.5,2022,1,1,3,1,5,5,2,0,1,5,9,7,11,1,0,6,17,3
1144,378,416974.5,3811240.5,2022,1,2,2,1,5,1,2,8,1,5,9,13,11,4,12,12,6,17
1161,394,417022.5,3811189.5,2022,2,1,3,1,5,5,6,8,1,5,9,7,11,0,4,6,17,3
1143,440,417160.5,3811243.5,2022,1,2,2,0,0,1,4,2,7,6,8,11,13,7,6,15,11,0
1144,476,417268.5,3811240.5,2022,1,2,2,0,0,1,4,8,3,11,1,2,1,6,2,1,7,18
1149,493,417319.5,3811225.5,2022,1,2,2,0,0,1,4,2,3,11,1,13,11,4,12,12,6,17
1160,515,417385.5,3811192.5,2022,1,2,2,0,0,1,4,2,3,11,1,2,1,6,2,1,7,18
1153,559,417517.5,3811213.5,2022,1,2,3,1,5,5,6,8,3,11,1,2,1,6,2,6,7,18
1150,575,417565.5,3811222.5,2022,2,1,3,1,5,5,6,6,3,11,2,7,10,0,4,6,17,3
1142,619,417697.5,3811246.5,2022,1,2,2,1,5,1,2,0,9,1,12,11,13,7,5,15,13,19
1148,638,417754.5,3811228.5,2022,0,3,4,3,3,4,3,7,10,10,11,5,7,12,7,11,14,16
1164,687,417901.5,3811180.5,2022,0,0,4,1,5,2,2,0,9,10,11,7,7,12,7,11,14,16
1146,713,417979.5,3811234.5,2022,0,3,4,3,3,4,3,7,10,2,6,5,2,5,11,2,10,5
1152,723,418009.5,3811216.5,2022,0,0,1,4,4,2,5,8,4,9,3,4,14,12,7,7,14,16
1142,753,418099.5,3811246.5,2022,0,0,4,1,5,2,5,9,4,10,11,7,7,12,7,11,14,16
1166,801,418243.5,3811174.5,2022,0,0,4,3,3,4,5,9,4,10,11,9,7,12,7,11,14,16
1151,810,418270.5,3811219.5,2022,0,0,1,4,4,2,5,9,4,10,11,9,7,12,7,11,14,16
1156,866,418438.5,3811204.5,2022,0,0,1,4,4,2,5,9,4,10,11,9,7,12,7,11,14,16
1146,892,418516.5,3811234.5,2022,0,0,1,4,4,2,5,9,4,9,3,4,14,9,7,11,14,16
1152,919,418597.5,3811216.5,2022,0,0,1,4,4,2,5,9,4,9,3,4,14,9,7,11,14,16
1140,940,418660.5,3811252.5,2022,0,0,1,4,4,2,5,9,4,10,11,9,7,12,7,11,14,16
1143,974,418762.5,3811243.5,2022,0,3,4,3,3,4,3,7,10,10,11,9,7,12,7,11,14,16
1158,994,418822.5,3811198.5,2022,0,3,4,3,3,4,3,7,10,10,11,9,7,12,7,11,14,16
1142,1027,418921.5,3811246.5,2022,1,2,2,0,0,1,4,2,7,6,8,6,8,8,10,3,8,18
1154,1073,419059.5,3811210.5,2022,1,2,2,0,0,1,4,2,7,6,8,6,8,8,10,3,8,8
1147,1108,419164.5,3811231.5,2022,1,2,2,0,0,1,2,2,7,6,8,13,11,4,6,12,11,0
1152,1135,419245.5,3811216.5,2022,0,3,4,3,3,4,3,7,10,10,11,9,7,3,9,11,4,1
1165,1162,419326.5,3811177.5,2022,0,0,4,3,3,2,5,9,4,10,0,9,7,3,9,10,4,1
1142,1184,419392.5,3811246.5,2022,1,2,2,0,0,1,4,0,9,1,12,11,13,7,6,15,11,0
1164,1201,419443.5,3811180.5,2022,1,2,2,0,0,1,4,2,7,6,8,6,8,8,10,3,1,11
1153,1230,419530.5,3811213.5,2022,1,0,1,1,5,2,2,0,1,5,9,13,11,4,12,12,6,17
1152,1284,419692.5,3811216.5,2022,1,2,2,0,0,1,8,3,9,1,12,0,4,10,16,5,1,11
1160,1305,419755.5,3811192.5,2022,0,3,4,3,3,4,3,7,10,2,6,5,2,5,11,2,10,5
1144,1322,419806.5,3811240.5,2022,0,3,4,3,3,4,3,7,10,2,6,5,2,5,11,2,10,5
1150,1365,419935.5,3811222.5,2022,1,2,2,0,0,6,4,2,7,6,8,13,11,4,12,12,6,17
1156,1380,419980.5,3811204.5,2022,1,2,2,0,0,1,4,2,7,6,8,6,8,8,10,3,8,8
1164,1420,420100.5,3811180.5,2022,1,2,2,0,0,6,8,3,9,1,12,0,4,10,16,5,1,11
1167,1441,420163.5,3811171.5,2022,1,2,2,0,0,6,8,2,5,4,5,13,11,4,12,12,6,17
1150,1495,420325.5,3811222.5,2022,1,2,2,0,0,1,8,3,9,1,12,0,4,10,16,5,1,11
1144,1529,420427.5,3811240.5,2022,0,0,1,4,4,2,5,9,4,9,0,4,12,9,1,0,3,15
1163,1532,420436.5,3811183.5,2022,0,0,1,4,4,2,5,9,4,10,0,9,7,3,9,10,4,1
1157,1578,420574.5,3811201.5,2022,0,0,1,4,4,2,5,9,4,9,0,4,12,9,1,0,3,15
1144,1604,420652.5,3811240.5,2022,0,0,1,4,4,2,5,9,4,10,0,4,7,9,1,11,14,16
1152,1635,420745.5,3811216.5,2022,1,2,2,0,0,6,8,3,5,4,5,10,3,14,15,14,16,13
1151,1668,420844.5,3811219.5,2022,1,2,2,0,2,7,0,5,2,8,10,1,0,15,14,16,12,9
1168,1685,420895.5,3811168.5,2022,0,0,1,4,4,2,5,9,4,9,0,4,12,9,1,0,3,15
1160,1715,420985.5,3811192.5,2022,0,0,4,3,3,2,5,9,4,10,0,9,7,3,9,10,4,1
1142,1744,421072.5,3811246.5,2022,0,0,1,4,4,2,5,9,4,10,0,9,12,3,9,10,4,1
1153,1778,421174.5,3811213.5,2022,1,2,2,0,0,6,8,3,5,1,12,0,4,10,16,5,1,11
1148,1820,421300.5,3811228.5,2022,1,0,1,4,4,2,5,9,9,1,12,0,4,10,16,5,1,11
1160,1847,421381.5,3811192.5,2022,1,2,2,0,0,6,8,3,5,4,5,0,4,10,16,5,1,11
1144,1973,421759.5,3811240.5,2022,1,2,2,0,0,6,8,2,5,4,5,10,3,14,15,14,16,13
1149,1982,421786.5,3811225.5,2022,1,2,2,0,0,6,4,2,7,4,5,10,3,8,10,3,8,8
1167,2020,421900.5,3811171.5,2022,1,2,2,0,0,6,4,2,7,6,8,6,8,8,10,3,8,8
1142,2128,422224.5,3811246.5,2022,1,2,2,0,0,6,8,3,5,4,5,10,3,14,15,14,16,13
1140,2130,422230.5,3811252.5,2022,1,2,2,0,0,6,8,3,5,4,5,10,3,4,12,12,6,17
1169,2177,422371.5,3811165.5,2022,1,2,2,0,0,6,4,2,7,4,8,6,8,8,10,3,8,8
1145,2190,422410.5,3811237.5,2022,1,2,2,0,0,6,4,2,7,4,8,6,8,8,10,3,8,8
1169,2244,422572.5,3811165.5,2022,0,0,1,4,4,2,5,9,4,9,3,4,14,9,1,0,3,16
1158,2308,422764.5,3811198.5,2022,1,2,2,0,0,6,8,8,5,4,5,13,11,4,12,12,6,17
1161,2323,422809.5,3811189.5,2022,1,2,1,4,0,6,8,8,3,11,3,13,11,4,12,12,6,17
1158,2343,422869.5,3811198.5,2022,1,2,1,0,0,6,8,3,5,4,5,13,11,4,12,12,6,17
1143,2376,422968.5,3811243.5,2022,1,0,1,4,4,6,8,8,5,4,3,13,11,4,12,12,6,17
1149,2425,423115.5,3811225.5,2022,0,0,1,4,4,2,5,9,4,9,3,4,14,9,7,7,14,7
1151,2442,423166.5,3811219.5,2022,1,2,1,1,5,6,8,8,1,5,9,13,11,4,12,12,6,17
1161,2485,423295.5,3811189.5,2022,1,0,1,4,5,5,6,8,3,11,3,13,11,4,12,12,6,17
1152,2512,423376.5,3811216.5,2022,1,0,1,4,4,2,8,8,3,11,3,13,14,4,12,7,6,7
1147,2534,423442.5,3811231.5,2022,2,1,3,1,5,5,6,8,3,11,1,2,1,0,4,6,17,3
1163,2571,423553.5,3811183.5,2022,0,0,1,1,5,5,5,8,1,5,3,7,14,0,4,7,17,3
1147,2584,423592.5,3811231.5,2022,2,0,3,1,5,5,6,6,6,0,11,7,10,12,7,6,17,3
1153,2636,423748.5,3811213.5,2022,1,0,1,4,4,2,8,8,5,9,3,13,11,4,12,12,6,17
1168,2664,423832.5,3811168.5,2022,2,1,3,5,6,5,6,6,3,11,1,2,1,0,4,6,17,12
1144,2690,423910.5,3811240.5,2022,2,1,3,5,6,5,6,6,6,11,2,2,1,11,3,6,17,12
1168,2726,424018.5,3811168.5,2022,2,1,3,5,6,5,6,6,6,0,2,12,6,11,3,6,17,3
1158,2752,424096.5,3811198.5,2022,2,1,3,5,6,5,6,6,6,0,2,12,6,11,3,13,0,6
1153,2783,424189.5,3811213.5,2022,2,1,3,5,6,3,6,6,3,11,1,2,1,6,2,1,7,12
1150,2795,424225.5,3811222.5,2022,2,1,3,5,6,5,6,6,6,0,2,12,6,11,3,13,0,12
1157,2828,424324.5,3811201.5,2022,2,1,3,5,6,5,6,6,6,0,2,12,6,11,3,13,0,12
1167,2861,424423.5,3811171.5,2022,2,1,3,5,6,5,6,6,6,0,2,12,6,11,3,13,0,6
1153,2892,424516.5,3811213.5,2022,2,1,3,5,6,5,6,6,6,0,2,12,6,11,3,13,0,6
1162,2936,424648.5,3811186.5,2022,2,1,3,5,6,5,6,6,6,0,2,12,6,11,3,13,0,12
1160,2949,424687.5,3811192.5,2022,2,1,3,5,6,5,6,6,6,0,2,12,6,11,3,13,0,12
1156,2991,424813.5,3811204.5,2022,2,1,0,2,1,0,1,6,6,0,2,12,6,11,3,13,0,6
1165,3017,424891.5,3811177.5,2022,2,1,3,5,6,5,6,6,6,0,2,12,6,11,3,13,0,12
1161,3035,424945.5,3811189.5,2022,2,1,3,5,6,5,6,6,6,0,2,12,6,11,3,13,0,12
1150,3067,425041.5,3811222.5,2022,2,1,3,5,6,5,6,6,6,0,2,12,6,11,3,13,0,6
1141,3119,425197.5,3811249.5,2022,2,1,0,2,1,0,1,4,0,7,4,3,9,2,8,9,5,4
1142,3144,425272.5,3811246.5,2022,2,1,0,2,1,0,1,6,6,0,2,12,6,11,3,13,0,6
1147,3174,425362.5,3811231.5,2022,2,1,3,5,6,5,6,6,6,0,2,12,6,11,3,13,0,6
1146,3184,425392.5,3811234.5,2022,2,1,3,5,6,0,6,6,6,0,2,12,6,11,3,13,0,6
1191,29,415927.5,3811099.5,2022,1,0,1,1,5,5,2,0,1,5,9,13,11,1,0,8,2,3
1179,56,416008.5,3811135.5,2022,1,2,2,1,5,1,2,0,1,5,9,11,13,1,0,8,2,2
1188,70,416050.5,3811108.5,2022,1,2,2,1,5,1,2,0,1,5,9,11,13,7,6,15,11,0
1193,111,416173.5,3811093.5,2022,1,0,1,1,5,5,2,8,1,5,9,13,11,4,12,6,6,17
1195,120,416200.5,3811087.5,2022,1,0,1,1,5,5,2,8,1,5,9,13,11,4,12,12,6,17
1184,163,416329.5,3811120.5,2022,0,3,4,1,5,5,2,0,1,5,9,7,10,1,0,8,2,2
1195,199,416437.5,3811087.5,2022,0,0,1,4,4,2,5,9,4,9,0,4,12,9,1,0,3,15
1175,235,416545.5,3811147.5,2022,1,2,3,1,5,5,2,0,1,5,9,13,11,4,12,6,17,3
1193,262,416626.5,3811093.5,2022,1,2,2,0,0,1,4,2,7,6,8,6,8,8,10,3,8,8
1192,284,416692.5,3811096.5,2022,1,2,2,0,0,1,4,2,7,6,8,13,11,4,12,12,6,17
1192,317,416791.5,3811096.5,2022,2,1,3,1,5,5,2,0,1,5,9,7,10,1,0,6,17,3
1189,353,416899.5,3811105.5,2022,0,3,4,1,5,4,2,0,1,5,11,7,10,12,7,11,14,2
1191,378,416974.5,3811099.5,2022,2,1,3,1,5,5,2,0,1,5,9,7,10,1,0,6,17,3
1192,412,417076.5,3811096.5,2022,1,2,2,0,0,1,4,2,7,6,8,13,11,4,12,12,6,17
1192,425,417115.5,3811096.5,2022,1,2,2,0,0,6,4,2,7,6,8,6,8,8,10,3,8,8
1197,465,417235.5,3811081.5,2022,1,2,2,0,0,6,4,2,3,11,1,2,1,6,2,1,7,18
1185,489,417307.5,3811117.5,2022,1,1,3,1,5,5,6,8,3,11,1,2,11,4,12,12,6,17
1172,510,417370.5,3811156.5,2022,1,2,2,0,0,6,8,2,5,4,8,0,4,4,12,12,6,17
1180,567,417541.5,3811132.5,2022,1,2,2,0,0,6,4,2,7,6,8,6,8,4,12,12,6,17
1185,592,417616.5,3811117.5,2022,1,2,2,0,0,1,4,2,7,6,1,6,8,6,2,3,7,18
1175,629,417727.5,3811147.5,2022,1,0,1,4,4,2,5,8,3,9,3,4,14,0,7,7,14,7
1186,636,417748.5,3811114.5,2022,0,0,1,1,5,2,2,0,1,5,11,7,10,12,7,11,14,16
1180,664,417832.5,3811132.5,2022,0,3,4,3,3,4,3,7,10,2,6,5,2,5,11,2,10,5
1178,694,417922.5,3811138.5,2022,0,3,4,3,3,4,3,7,10,2,6,5,2,5,11,11,10,5
1180,744,418072.5,3811132.5,2022,1,0,1,1,5,1,2,0,9,1,12,11,13,12,5,11,13,19
1197,762,418126.5,3811081.5,2022,0,0,4,3,5,2,5,9,4,10,11,7,7,12,7,11,14,16
1174,793,418219.5,3811150.5,2022,0,3,4,3,3,4,3,7,10,10,11,9,7,12,7,11,14,16
1189,833,418339.5,3811105.5,2022,0,0,4,3,3,4,5,9,4,10,11,9,7,12,7,11,14,16
1170,868,418444.5,3811162.5,2022,0,3,4,3,3,4,3,9,10,10,11,9,7,3,9,11,14,16
1188,899,418537.5,3811108.5,2022,0,0,4,3,3,2,5,9,4,10,11,9,7,12,7,11,14,16
1176,903,418549.5,3811144.5,2022,0,0,1,4,4,2,5,9,4,10,11,9,7,12,7,11,14,16
1186,934,418642.5,3811114.5,2022,0,0,1,4,4,2,5,9,4,9,0,4,7,9,1,0,14,16
1177,983,418789.5,3811141.5,2022,0,0,1,4,4,2,5,9,4,10,0,4,7,9,1,11,14,16
1170,1004,418852.5,3811162.5,2022,0,0,4,3,3,2,5,9,4,10,0,9,7,3,9,11,14,16
1185,1032,418936.5,3811117.5,2022,1,2,2,0,0,1,4,2,7,6,8,6,8,8,10,3,11,0
1170,1059,419017.5,3811162.5,2022,1,2,2,0,0,6,4,2,7,6,8,6,8,8,10,3,8,8
1194,1081,419083.5,3811090.5,2022,1,2,2,0,0,1,4,2,7,6,8,6,8,8,10,3,8,8
1173,1123,419209.5,3811153.5,2022,1,2,2,0,0,1,4,2,9,1,12,0,4,10,16,5,1,11
1173,1158,419314.5,3811153.5,2022,0,0,1,4,4,2,5,9,4,10,0,9,7,12,7,11,14,16
1185,1198,419434.5,3811117.5,2022,1,2,2,0,0,6,4,3,9,1,12,0,4,10,16,5,1,11
1183,1225,419515.5,3811123.5,2022,1,0,1,4,4,2,5,8,1,5,3,13,11,4,12,12,6,17
1190,1254,419602.5,3811102.5,2022,0,0,1,4,4,2,5,9,4,10,0,9,7,9,1,0,14,16
1182,1279,419677.5,3811126.5,2022,0,3,4,3,3,4,3,7,10,2,6,5,2,5,11,2,10,5
1170,1297,419731.5,3811162.5,2022,0,3,4,3,3,4,3,7,10,2,6,5,2,5,11,2,10,5
1174,1343,419869.5,3811150.5,2022,1,2,2,0,0,1,4,2,7,6,8,6,8,8,10,3,8,8
1197,1367,419941.5,3811081.5,2022,1,2,1,4,0,6,8,8,5,4,3,13,11,4,12,12,6,17
1176,1402,420046.5,3811144.5,2022,1,2,2,0,0,6,4,2,7,6,8,6,8,8,10,3,8,8
1198,1415,420085.5,3811078.5,2022,1,2,2,0,0,6,4,2,7,6,8,6,8,8,10,3,8,8
1174,1469,420247.5,3811150.5,2022,0,0,1,4,4,2,5,9,4,9,0,4,12,9,1,0,3,15
1183,1483,420289.5,3811123.5,2022,1,0,2,4,4,1,8,3,9,1,12,0,4,10,16,5,1,11
1173,1528,420424.5,3811153.5,2022,0,0,1,4,4,2,5,9,4,9,3,4,12,9,1,0,3,15
1176,1534,420442.5,3811144.5,2022,0,0,1,4,4,2,5,9,4,9,0,4,12,9,1,0,3,15
1171,1567,420541.5,3811159.5,2022,1,2,2,0,0,6,8,3,5,4,5,0,4,10,16,5,1,11
1196,1607,420661.5,3811084.5,2022,1,2,2,0,0,6,8,3,5,4,5,0,4,10,16,5,1,11
1179,1643,420769.5,3811135.5,2022,1,2,1,4,0,6,8,3,5,4,5,10,3,14,15,14,16,13
1186,1662,420826.5,3811114.5,2022,1,0,1,4,4,6,8,3,5,4,5,0,12,10,16,0,1,11
1170,1685,420895.5,3811162.5,2022,1,2,1,4,4,6,8,3,5,4,5,10,3,14,15,14,16,13
1184,1738,421054.5,3811120.5,2022,1,2,2,0,0,6,4,2,7,4,8,6,8,8,10,3,8,8
1190,1764,421132.5,3811102.5,2022,0,0,1,4,4,2,5,9,4,9,3,4,14,9,1,0,3,15
1189,1773,421159.5,3811105.5,2022,0,0,4,4,4,2,5,9,4,10,0,9,7,3,9,11,14,16
1177,1823,421309.5,3811141.5,2022,0,0,1,4,4,2,5,9,4,10,11,9,7,12,7,11,14,16
1179,1846,421378.5,3811135.5,2022,0,0,1,4,4,2,5,9,4,9,3,4,14,12,7,11,14,16
1195,1950,421690.5,3811087.5,2022,1,2,2,0,0,6,4,2,7,4,8,6,8,8,10,3,8,8
1172,2016,421888.5,3811156.5,2022,1,2,2,0,0,6,4,2,7,4,5,6,3,8,10,3,8,8
1195,2158,422314.5,3811087.5,2022,1,0,1,4,4,2,8,8,1,5,9,13,11,4,12,12,6,17
1180,2160,422320.5,3811132.5,2022,1,2,2,0,0,6,8,3,5,4,5,10,3,14,15,14,16,13
1177,2212,422476.5,3811141.5,2022,1,0,1,4,4,2,5,9,4,9,3,4,14,9,1,7,3,7
1192,2244,422572.5,3811096.5,2022,1,2,2,0,0,1,8,2,7,6,8,13,11,4,12,12,6,17
1188,2271,422653.5,3811108.5,2022,1,0,1,4,4,2,5,8,4,9,3,4,14,9,1,7,3,7
1187,2307,422761.5,3811111.5,2022,1,2,1,1,5,6,8,8,3,11,3,13,11,4,12,12,6,17
1178,2311,422773.5,3811138.5,2022,1,2,1,0,0,6,8,8,5,4,5,13,11,4,12,12,6,17
1192,2342,422866.5,3811096.5,2022,1,0,1,4,4,2,5,9,4,9,3,4,14,9,1,11,14,16
1190,2380,422980.5,3811102.5,2022,1,0,1,4,4,2,5,8,1,9,3,13,11,4,12,12,6,17
1171,2414,423082.5,3811159.5,2022,0,0,1,1,5,2,2,8,1,5,9,13,11,1,0,7,14,7
1170,2453,423199.5,3811162.5,2022,1,1,3,5,6,5,6,8,3,11,1,2,1,0,4,12,18,17
1176,2489,423307.5,3811144.5,2022,1,2,1,1,5,6,2,8,1,5,3,13,11,4,12,12,6,17
1171,2514,423382.5,3811159.5,2022,1,0,1,1,5,5,2,8,1,5,9,13,11,4,12,6,17,3
1170,2543,423469.5,3811162.5,2022,2,1,3,5,6,5,6,6,3,11,1,2,1,0,4,6,18,12
1196,2566,423538.5,3811084.5,2022,1,1,3,5,6,5,6,8,3,11,1,2,1,0,4,1,18,12
1182,2600,423640.5,3811126.5,2022,0,0,1,1,5,2,2,0,1,5,9,13,11,1,0,8,2,2
1179,2611,423673.5,3811135.5,2022,1,2,2,0,0,1,4,2,7,6,8,13,11,4,12,12,6,17
1189,2641,423763.5,3811105.5,2022,1,0,1,4,4,2,5,8,4,9,3,4,14,9,1,7,3,7
1170,2688,423904.5,3811162.5,2022,2,1,3,5,6,5,6,6,6,11,1,2,1,11,3,1,0,12
1196,2712,423976.5,3811084.5,2022,2,1,3,5,6,5,6,6,6,0,2,12,6,11,3,13,0,6
1190,2744,424072.5,3811102.5,2022,2,1,3,5,6,5,6,6,6,0,2,12,6,11,3,13,0,6
1181,2773,424159.5,3811129.5,2022,2,1,3,5,6,5,6,6,6,0,2,12,6,11,3,13,0,6
1182,2792,424216.5,3811126.5,2022,2,1,3,5,6,5,6,6,6,0,2,12,6,11,3,13,0,12
1187,2831,424333.5,3811111.5,2022,2,1,3,5,6,5,6,6,6,0,2,12,6,11,3,13,0,6
1186,2878,424474.5,3811114.5,2022,2,1,3,5,6,5,6,6,6,0,2,12,6,11,3,13,0,6
1172,2906,424558.5,3811156.5,2022,2,1,0,2,1,0,1,4,0,7,4,3,9,2,8,13,0,6
1171,2914,424582.5,3811159.5,2022,2,1,3,5,6,5,6,6,6,0,2,12,6,11,3,13,0,6
1173,2942,424666.5,3811153.5,2022,2,1,3,5,6,5,6,6,6,0,2,12,6,11,3,13,0,6
1182,2981,424783.5,3811126.5,2022,2,1,3,5,6,5,6,6,6,0,2,12,6,11,3,13,0,6
1170,3001,424843.5,3811162.5,2022,2,1,3,5,6,5,6,6,6,0,2,12,6,11,3,13,0,12
1173,3039,424957.5,3811153.5,2022,2,1,3,5,6,5,6,6,6,0,2,12,6,11,3,13,0,12
1171,3203,425449.5,3811159.5,2022,2,1,3,5,6,5,6,6,6,0,2,12,6,11,3,13,0,6
1229,22,415906.5,3810985.5,2022,0,0,1,4,4,2,5,9,4,10,11,9,7,12,7,11,14,16
1225,45,415975.5,3810997.5,2022,1,2,1,1,5,1,2,8,1,5,9,13,11,4,12,12,6,17
1212,73,416059.5,3811036.5,2022,1,2,2,1,5,1,2,0,1,5,9,13,11,4,6,12,11,17
1203,99,416137.5,3811063.5,2022,1,2,2,1,5,1,2,0,1,5,9,13,11,1,0,8,2,2
1215,148,416284.5,3811027.5,2022,1,2,2,1,5,1,2,0,1,5,9,13,11,7,6,15,11,0
1215,179,416377.5,3811027.5,2022,2,1,3,1,5,5,2,0,1,5,9,7,10,1,0,6,17,3
1201,202,416446.5,3811069.5,2022,0,0,1,4,4,2,5,9,4,9,0,4,12,9,1,0,3,15
1212,234,416542.5,3811036.5,2022,1,2,2,0,0,1,4,2,3,11,1,2,1,6,2,12,7,18
1224,268,416644.5,3811000.5,2022,0,3,4,1,5,4,2,0,1,5,11,7,10,1,0,4,15,14
1224,282,416686.5,3811000.5,2022,1,2,3,1,5,1,2,8,3,11,1,2,11,4,12,12,7,18
1220,307,416761.5,3811012.5,2022,1,1,3,5,6,5,6,8,3,11,1,2,1,0,4,6,17,12
1216,345,416875.5,3811024.5,2022,0,0,1,1,5,5,6,8,1,5,11,7,14,12,7,6,14,16
1228,364,416932.5,3810988.5,2022,2,1,3,1,5,5,2,0,3,11,11,7,10,12,7,6,14,3
1218,392,417016.5,3811018.5,2022,1,2,3,1,5,1,2,0,1,5,9,11,13,7,6,15,17,3
1225,447,417181.5,3810997.5,2022,1,2,2,1,5,1,2,0,1,5,9,13,11,4,12,12,6,17
1212,472,417256.5,3811036.5,2022,1,1,3,5,6,5,6,8,3,11,1,2,1,6,2,1,7,18
1217,505,417355.5,3811021.5,2022,1,2,2,0,0,1,2,0,9,1,12,0,4,10,16,5,1,11
1227,510,417370.5,3810991.5,2022,1,0,1,1,5,5,2,8,1,5,9,13,11,4,12,12,6,17
1212,550,417490.5,3811036.5,2022,1,0,3,1,5,5,2,0,1,5,9,7,11,1,0,6,17,3
1217,589,417607.5,3811021.5,2022,1,0,1,4,5,5,6,8,3,11,3,13,14,0,4,7,18,7
1215,606,417658.5,3811027.5,2022,1,2,2,0,0,1,4,2,7,6,8,6,8,8,10,3,8,8
1224,636,417748.5,3811000.5,2022,0,0,1,4,4,2,5,9,4,10,11,4,14,12,7,11,14,16
1219,678,417874.5,3811015.5,2022,0,3,4,3,3,4,3,7,10,2,11,5,2,12,11,11,10,5
1220,716,417988.5,3811012.5,2022,0,3,4,3,3,4,3,7,10,10,11,9,7,12,7,11,14,16
1205,736,418048.5,3811057.5,2022,1,2,2,0,0,1,4,2,9,1,12,0,4,10,16,5,1,11
1208,764,418132.5,3811048.5,2022,0,0,4,3,3,4,5,9,4,10,11,7,7,12,7,11,14,16
1202,784,418192.5,3811066.5,2022,0,0,4,3,3,2,5,9,4,10,11,9,7,12,7,11,14,16
1213,825,418315.5,3811033.5,2022,0,3,4,3,3,4,3,9,10,10,11,9,7,12,7,11,14,16
1211,842,418366.5,3811039.5,2022,0,3,4,3,3,4,3,7,10,10,11,9,7,12,7,11,14,16
1210,877,418471.5,3811042.5,2022,1,0,1,4,4,2,5,9,9,1,12,0,4,10,16,5,1,11
1216,918,418594.5,3811024.5,2022,0,3,4,3,3,4,3,9,10,10,0,9,7,3,9,10,4,1
1203,943,418669.5,3811063.5,2022,0,3,4,3,3,4,3,7,10,10,11,9,7,12,7,11,14,16
1214,976,418768.5,3811030.5,2022,0,0,4,3,3,2,5,9,4,10,0,9,7,3,9,11,14,16
1218,994,418822.5,3811018.5,2022,0,0,1,4,4,2,5,9,4,10,11,9,7,12,7,11,14,16
1229,1031,418933.5,3810985.5,2022,1,2,2,0,0,1,4,2,7,1,12,0,4,10,16,5,1,11
1226,1070,419050.5,3810994.5,2022,1,2,2,0,0,6,4,2,7,6,8,6,8,8,10,3,8,8
1207,1088,419104.5,3811051.5,2022,1,2,2,0,0,1,4,2,7,6,8,6,8,8,10,3,8,8
1227,1114,419182.5,3810991.5,2022,1,2,2,0,0,1,4,2,7,6,8,6,11,4,12,12,6,17
1202,1144,419272.5,3811066.5,2022,0,0,1,4,4,2,5,9,4,9,3,4,14,9,1,0,14,16
1206,1171,419353.5,3811054.5,2022,1,2,2,0,0,1,2,0,9,1,12,0,4,10,16,5,1,11
1218,1225,419515.5,3811018.5,2022,0,0,4,3,3,4,5,9,4,10,11,9,7,12,7,11,14,16
1228,1238,419554.5,3810988.5,2022,1,2,2,0,0,1,4,2,7,6,8,6,8,8,6,3,11,0
1202,1276,419668.5,3811066.5,2022,1,2,2,0,0,6,8,3,9,1,12,0,4,10,16,5,1,11
1228,1300,419740.5,3810988.5,2022,1,2,2,0,0,1,4,2,7,6,8,6,8,8,6,3,11,0
1215,1328,419824.5,3811027.5,2022,1,2,2,0,0,6,8,3,9,1,12,0,4,10,16,5,1,11
1224,1368,419944.5,3811000.5,2022,1,0,1,4,4,2,5,8,4,9,3,13,11,4,12,12,6,17
1210,1396,420028.5,3811042.5,2022,1,2,2,0,0,1,4,2,7,6,8,6,8,8,10,3,8,8
1225,1416,420088.5,3810997.5,2022,0,3,4,3,3,4,3,7,10,2,6,5,2,3,9,10,4,1
1227,1468,420244.5,3810991.5,2022,1,0,1,4,4,6,8,3,5,1,12,0,4,10,16,5,1,11
1206,1479,420277.5,3811054.5,2022,0,0,1,4,4,2,5,9,4,10,0,9,7,3,9,10,4,16
1202,1529,420427.5,3811066.5,2022,1,2,2,0,0,6,8,3,5,1,12,0,4,10,16,5,1,11
1216,1532,420436.5,3811024.5,2022,1,2,1,4,4,6,8,3,5,4,5,10,4,14,15,14,16,13
1224,1564,420532.5,3811000.5,2022,1,2,2,0,0,6,8,3,5,4,5,10,3,4,12,12,6,17
1210,1619,420697.5,3811042.5,2022,1,2,1,4,4,6,8,3,5,4,5,0,4,10,16,5,1,11
1208,1642,420766.5,3811048.5,2022,1,2,2,0,0,6,4,2,7,4,8,6,8,8,10,3,8,8
1204,1656,420808.5,3811060.5,2022,0,0,1,4,4,2,5,9,4,9,0,4,12,9,1,0,3,15
1205,1685,420895.5,3811057.5,2022,1,2,2,0,0,6,8,3,5,4,5,10,3,4,12,12,6,17
1208,1731,421033.5,3811048.5,2022,1,0,1,4,4,2,8,3,5,9,3,4,12,9,1,0,3,15
1215,1766,421138.5,3811027.5,2022,1,0,1,4,4,2,5,9,4,9,3,4,14,9,1,0,3,15
1227,1799,421237.5,3810991.5,2022,1,0,1,4,4,2,8,8,5,9,3,13,11,4,12,12,6,17
1222,1807,421261.5,3811006.5,2022,0,0,1,4,4,2,5,9,4,9,3,4,14,9,1,0,3,15
1215,1978,421774.5,3811027.5,2022,1,2,2,0,0,6,4,2,7,6,8,6,8,8,10,3,8,8
1218,1980,421780.5,3811018.5,2022,1,2,2,0,0,6,4,2,7,6,8,6,8,8,10,3,8,8
1229,2157,422311.5,3810985.5,2022,1,2,2,0,0,6,8,3,5,4,5,10,3,14,15,14,6,13
1223,2169,422347.5,3811003.5,2022,1,2,1,0,0,6,8,3,5,4,5,10,3,14,15,14,16,13
1210,2214,422482.5,3811042.5,2022,1,0,1,4,4,2,8,8,3,11,3,4,14,0,4,7,18,7
1225,2221,422503.5,3810997.5,2022,1,2,2,0,0,6,8,8,5,4,5,13,11,4,12,12,6,17
1222,2255,422605.5,3811006.5,2022,1,2,2,0,0,6,8,3,5,4,5,13,11,4,12,12,6,17
1219,2307,422761.5,3811015.5,2022,1,2,1,4,0,6,8,8,5,4,5,13,11,4,12,12,6,17
1217,2327,422821.5,3811021.5,2022,1,2,1,4,0,6,8,3,5,4,5,13,11,4,12,12,6,17
1205,2341,422863.5,3811057.5,2022,1,2,2,0,0,6,8,2,5,4,5,13,11,4,12,12,6,17
1203,2380,422980.5,3811063.5,2022,1,2,2,1,5,1,2,8,1,5,9,13,11,4,12,12,6,17
1213,2451,423193.5,3811033.5,2022,1,2,2,1,5,1,2,8,3,11,1,13,11,4,12,12,6,17
1215,2500,423340.5,3811027.5,2022,1,2,2,0,0,1,4,2,3,11,1,2,1,6,2,1,7,18
1223,2535,423445.5,3811003.5,2022,2,1,3,1,5,5,6,6,3,11,1,2,1,0,4,6,17,3
1220,2561,423523.5,3811012.5,2022,2,1,3,5,6,5,6,6,3,11,1,2,1,0,4,6,17,12
1222,2580,423580.5,3811006.5,2022,1,1,3,5,6,5,6,8,3,11,1,2,1,0,4,1,7,12
1206,2623,423709.5,3811054.5,2022,2,1,3,5,6,5,6,8,3,11,1,2,1,0,4,6,17,3
1200,2643,423769.5,3811072.5,2022,1,0,1,4,4,2,5,8,3,11,3,4,14,0,4,7,18,7
1209,2684,423892.5,3811045.5,2022,2,1,3,1,5,5,6,6,6,0,2,7,10,11,3,6,17,3
1226,2716,423988.5,3810994.5,2022,2,1,3,5,6,5,6,6,6,0,2,12,6,11,3,6,17,3
1218,2756,424108.5,3811018.5,2022,2,1,3,5,6,5,6,6,6,0,2,12,6,11,3,13,0,12
1227,2786,424198.5,3810991.5,2022,2,1,3,5,6,3,6,6,3,11,1,2,1,6,2,1,7,12
1209,2809,424267.5,3811045.5,2022,2,1,3,5,6,5,6,6,6,0,2,12,6,11,3,13,0,12
1200,2827,424321.5,3811072.5,2022,2,1,3,5,6,5,6,6,6,0,2,12,6,11,3,13,0,6
1208,2865,424435.5,3811048.5,2022,2,1,3,5,6,3,6,6,6,0,2,12,6,11,3,13,0,12
1218,2891,424513.5,3811018.5,2022,2,1,0,2,1,5,1,6,6,0,2,12,6,11,3,13,0,6
1221,2936,424648.5,3811009.5,2022,2,1,3,5,6,5,6,6,6,0,2,12,6,11,3,13,0,6
1215,2943,424669.5,3811027.5,2022,2,1,3,5,6,5,6,6,6,0,2,12,6,11,3,13,0,12
1213,2993,424819.5,3811033.5,2022,2,1,3,5,6,5,6,6,6,11,2,12,1,11,3,1,0,12
1205,3036,424948.5,3811057.5,2022,2,1,0,2,1,0,1,6,6,0,2,12,6,11,3,13,0,6
1220,3065,425035.5,3811012.5,2022,2,1,3,5,6,5,6,6,6,0,2,12,6,11,3,13,0,12
1223,3268,425644.5,3811003.5,2022,1,1,3,5,6,3,7,1,8,3,1,2,1,6,2,1,7,18
1246,10,415870.5,3810934.5,2022,1,0,1,4,4,2,5,8,4,9,3,4,14,9,1,7,3,7
1243,45,415975.5,3810943.5,2022,0,0,1,1,5,2,2,8,1,5,9,13,11,1,12,12,6,17
1232,84,416092.5,3810976.5,2022,1,0,1,1,5,5,2,8,1,5,9,13,11,4,12,12,6,17
1246,117,416191.5,3810934.5,2022,1,2,2,1,5,1,2,0,1,5,9,13,11,4,12,12,6,17
1235,136,416248.5,3810967.5,2022,1,2,2,1,5,1,2,0,1,5,9,13,11,4,6,15,6,3
1234,168,416344.5,3810970.5,2022,0,3,4,1,5,4,2,0,1,5,9,7,10,1,0,8,2,2
1251,183,416389.5,3810919.5,2022,0,0,4,1,5,5,2,0,1,5,11,7,10,12,7,11,14,16
1237,227,416521.5,3810961.5,2022,0,0,1,1,5,2,2,8,4,10,11,7,14,12,7,11,14,16
1253,258,416614.5,3810913.5,2022,0,0,1,1,5,5,6,8,1,0,11,7,10,12,7,11,14,16
1230,297,416731.5,3810982.5,2022,1,0,4,1,5,1,2,0,1,5,9,11,13,12,5,15,13,19
1232,325,416815.5,3810976.5,2022,2,1,3,1,5,5,6,6,1,5,9,7,10,1,0,6,17,3
1258,348,416884.5,3810898.5,2022,0,3,4,3,3,4,3,7,10,2,6,5,2,5,11,2,10,5
1243,388,417004.5,3810943.5,2022,2,1,3,1,5,5,6,6,1,5,9,7,10,1,0,6,17,3
1244,417,417091.5,3810940.5,2022,1,2,2,1,5,1,2,0,1,5,9,11,13,7,6,15,11,0
1252,430,417130.5,3810916.5,2022,1,1,3,1,5,5,2,0,1,5,9,13,11,4,0,6,17,3
1257,458,417214.5,3810901.5,2022,1,2,2,0,0,6,4,8,3,11,1,2,1,4,12,12,6,17
1230,480,417280.5,3810982.5,2022,2,1,3,1,5,5,6,8,1,5,9,7,10,0,0,6,17,3
1230,531,417433.5,3810982.5,2022,1,0,1,1,5,5,2,8,1,5,9,13,11,4,12,12,6,17
1240,568,417544.5,3810952.5,2022,1,0,1,4,4,2,8,8,3,11,3,13,14,4,12,12,6,17
1247,582,417586.5,3810931.5,2022,1,2,2,0,0,1,4,2,7,6,1,6,8,6,2,12,7,18
1252,610,417670.5,3810916.5,2022,0,0,1,1,5,2,5,9,4,10,11,7,14,12,7,11,14,16
1256,643,417769.5,3810904.5,2022,0,3,4,3,3,4,3,7,10,2,6,5,2,5,11,2,10,5
1232,683,417889.5,3810976.5,2022,0,0,1,4,4,2,5,9,4,10,11,4,14,12,7,11,14,16
1240,696,417928.5,3810952.5,2022,0,0,4,4,4,2,5,9,4,10,11,9,7,12,7,11,14,16
1231,722,418006.5,3810979.5,2022,0,3,4,3,3,4,3,7,10,10,11,9,7,12,7,11,14,16
1252,757,418111.5,3810916.5,2022,0,0,4,4,4,2,5,9,4,10,0,9,7,3,9,11,14,16
1246,793,418219.5,3810934.5,2022,0,0,4,3,4,2,5,9,4,10,11,9,7,12,7,11,14,16
1242,834,418342.5,3810946.5,2022,0,0,1,4,4,2,5,9,4,10,11,9,7,12,7,11,14,16
1245,854,418402.5,3810937.5,2022,0,0,4,3,3,4,5,9,4,10,11,9,7,12,7,11,14,16
1232,876,418468.5,3810976.5,2022,0,3,4,3,3,4,3,7,10,10,0,9,7,3,9,10,4,1
1230,925,418615.5,3810982.5,2022,0,0,1,4,4,2,5,9,4,9,3,4,14,12,7,11,14,16
1231,944,418672.5,3810979.5,2022,0,0,1,4,4,2,5,9,4,10,11,9,7,12,7,11,14,16
1230,984,418792.5,3810982.5,2022,0,0,4,4,4,2,5,9,9,10,12,9,7,12,7,11,14,16
1259,1003,418849.5,3810895.5,2022,0,3,4,3,3,4,3,7,10,10,6,9,7,3,9,10,4,1
1257,1023,418909.5,3810901.5,2022,0,3,4,3,3,4,3,7,10,10,6,9,7,3,9,10,4,1
1233,1054,419002.5,3810973.5,2022,1,2,2,0,0,1,4,2,9,1,12,0,4,10,16,5,1,11
1250,1103,419149.5,3810922.5,2022,1,2,2,0,0,1,8,3,9,1,12,0,4,10,16,5,1,11
1251,1131,419233.5,3810919.5,2022,0,0,4,3,3,2,5,9,4,10,11,9,7,12,7,11,14,16
1239,1158,419314.5,3810955.5,2022,0,3,4,3,3,4,3,7,10,2,6,5,2,5,11,2,10,5
1258,1177,419371.5,3810898.5,2022,0,3,4,3,3,4,3,7,10,2,6,5,2,5,11,10,10,5
1251,1211,419473.5,3810919.5,2022,1,2,2,0,0,1,4,2,9,1,12,0,4,10,16,5,1,11
1257,1236,419548.5,3810901.5,2022,1,2,2,0,0,1,4,2,7,6,8,6,8,8,10,3,8,8
1257,1266,419638.5,3810901.5,2022,1,2,2,0,0,1,4,2,7,6,8,6,8,8,10,3,8,8
1255,1300,419740.5,3810907.5,2022,0,0,1,4,4,2,5,9,4,9,0,4,7,9,1,0,14,16
1234,1330,419830.5,3810970.5,2022,0,0,1,4,4,2,5,9,4,10,0,9,7,3,9,11,4,16
1231,1357,419911.5,3810979.5,2022,1,0,1,1,5,2,2,0,1,5,9,13,11,4,12,8,6,17
1259,1399,420037.5,3810895.5,2022,0,0,4,3,3,2,5,9,4,10,0,9,7,3,9,10,4,1
1251,1430,420130.5,3810919.5,2022,1,2,2,0,0,6,8,3,5,1,5,0,4,10,16,5,1,11
1239,1446,420178.5,3810955.5,2022,0,0,1,4,4,2,5,9,4,9,0,4,12,9,1,0,3,15
1233,1472,420256.5,3810973.5,2022,1,0,1,4,4,2,8,3,9,1,12,0,4,10,16,5,1,11
1239,1516,420388.5,3810955.5,2022,1,0,1,4,4,6,8,3,5,1,12,0,4,10,16,5,1,11
1255,1541,420463.5,3810907.5,2022,1,0,1,4,4,2,8,3,4,9,12,0,4,10,16,0,1,11
1257,1586,420598.5,3810901.5,2022,1,2,2,0,0,6,8,3,5,4,5,10,3,14,15,14,16,13
1237,1620,420700.5,3810961.5,2022,0,0,1,4,4,2,5,9,4,9,0,4,12,9,1,0,3,15
1240,1678,420874.5,3810952.5,2022,1,2,1,4,0,6,8,3,5,4,5,10,3,14,15,14,16,13
1257,1693,420919.5,3810901.5,2022,1,2,2,0,0,6,4,2,7,6,8,6,8,8,10,3,8,8
1241,1719,420997.5,3810949.5,2022,1,2,2,0,0,6,8,2,5,4,8,6,8,4,12,12,6,17
1253,1740,421060.5,3810913.5,2022,1,2,2,0,0,6,8,3,5,4,5,10,3,14,15,14,16,13
1234,1786,421198.5,3810970.5,2022,1,2,2,0,0,6,4,2,7,4,8,6,8,8,10,3,8,8
1255,1806,421258.5,3810907.5,2022,1,2,2,0,4,6,8,3,9,1,12,0,4,10,16,5,1,11
1244,1830,421330.5,3810940.5,2022,1,2,2,0,0,1,4,3,9,1,12,0,4,10,16,5,1,11
1256,2123,422209.5,3810904.5,2022,1,2,2,0,0,6,4,2,7,6,8,6,8,8,10,3,8,8
1253,2132,422236.5,3810913.5,2022,1,0,1,4,4,6,8,8,5,4,3,13,11,4,12,12,6,17
1230,2168,422344.5,3810982.5,2022,1,2,2,0,0,6,4,2,5,4,5,10,3,8,10,3,8,8
1258,2218,422494.5,3810898.5,2022,1,2,2,0,0,6,8,2,7,6,8,13,11,4,12,12,6,17
1232,2229,422527.5,3810976.5,2022,1,0,1,4,4,2,5,8,3,9,3,4,14,9,4,7,18,7
1235,2261,422623.5,3810967.5,2022,1,2,1,4,0,6,8,8,5,4,3,13,11,4,12,12,6,17
1241,2292,422716.5,3810949.5,2022,1,2,2,0,0,6,8,8,7,4,8,13,11,4,12,12,6,17
1234,2313,422779.5,3810970.5,2022,1,2,2,0,0,6,8,8,5,4,5,13,11,4,12,12,6,17
1250,2340,422860.5,3810922.5,2022,1,2,2,0,0,6,8,2,5,4,5,10,3,4,12,12,6,17
1259,2427,423121.5,3810895.5,2022,1,0,1,4,4,6,8,8,5,9,3,13,11,4,12,12,6,17
1256,2435,423145.5,3810904.5,2022,1,0,1,1,5,2,2,8,1,5,9,13,11,4,12,12,6,17
1247,2499,423337.5,3810931.5,2022,1,1,3,5,6,5,6,2,3,11,1,2,1,6,2,1,7,18
1233,2549,423487.5,3810973.5,2022,1,1,3,5,6,5,6,8,3,11,1,2,1,6,2,1,7,18
1233,2571,423553.5,3810973.5,2022,1,2,2,0,0,1,4,2,7,6,1,6,8,6,2,1,7,18
1230,2597,423631.5,3810982.5,2022,2,1,3,5,6,5,6,6,3,11,1,2,1,0,4,6,17,3
1254,2632,423736.5,3810910.5,2022,2,1,3,5,6,5,6,6,6,0,2,12,6,11,3,6,0,12
1255,2669,423847.5,3810907.5,2022,2,1,0,2,1,5,6,6,6,0,2,12,6,11,3,4,15,14
1256,2689,423907.5,3810904.5,2022,2,1,3,5,6,5,6,6,3,11,1,2,1,6,2,1,7,18
1256,2708,423964.5,3810904.5,2022,2,1,3,5,6,5,6,6,6,0,2,12,6,11,3,13,0,12
1244,2748,424084.5,3810940.5,2022,2,1,3,5,6,5,6,6,6,0,2,12,6,11,3,13,0,12
1251,2786,424198.5,3810919.5,2022,2,1,3,5,6,5,6,6,6,0,2,12,6,11,3,13,17,6
1250,2805,424255.5,3810922.5,2022,2,1,3,5,6,5,6,6,6,0,2,12,6,11,3,13,0,12
1251,2822,424306.5,3810919.5,2022,2,1,3,5,6,5,6,6,6,0,2,12,6,11,3,6,17,3
1236,2878,424474.5,3810964.5,2022,2,1,3,5,6,5,6,6,6,0,2,12,6,11,3,13,0,6
1249,2906,424558.5,3810925.5,2022,2,1,0,2,1,0,1,4,6,0,2,12,6,11,3,13,0,6
1230,2936,424648.5,3810982.5,2022,2,1,3,5,6,5,6,6,6,0,2,12,6,11,3,13,0,12
1259,2948,424684.5,3810895.5,2022,2,1,3,5,6,5,6,6,6,0,2,12,6,11,3,13,0,6
1241,2999,424837.5,3810949.5,2022,2,1,0,2,1,0,1,4,0,7,4,3,9,2,8,9,5,4
1236,3005,424855.5,3810964.5,2022,2,1,0,2,1,0,1,6,6,0,2,12,6,11,3,13,0,6
1240,3059,425017.5,3810952.5,2022,2,3,0,2,1,0,1,4,0,7,4,3,9,2,8,4,15,14
1234,3063,425029.5,3810970.5,2022,2,3,0,2,1,0,1,4,0,7,4,3,9,2,8,9,5,4
1234,3299,425737.5,3810970.5,2022,2,1,3,5,6,3,7,1,6,0,2,12,6,6,2,13,7,6
1252,3310,425770.5,3810916.5,2022,2,1,3,5,6,5,6,6,6,0,2,12,6,11,3,13,0,12
1275,8,415864.5,3810847.5,2022,1,0,1,1,5,1,2,0,1,5,9,13,11,4,0,8,2,2
1260,37,415951.5,3810892.5,2022,1,0,1,1,5,1,2,0,1,5,9,13,11,4,12,12,6,17
1280,84,416092.5,3810832.5,2022,1,2,2,0,0,6,4,2,7,4,8,6,8,8,10,3,8,8
1284,112,416176.5,3810820.5,2022,1,2,2,0,0,1,4,2,7,6,8,6,8,8,10,3,8,8
1274,125,416215.5,3810850.5,2022,0,0,4,1,5,4,2,0,9,5,11,11,13,12,5,11,13,19
1283,151,416293.5,3810823.5,2022,1,2,2,0,0,6,8,3,5,4,5,0,4,10,16,5,1,11
1273,181,416383.5,3810853.5,2022,0,3,4,3,3,4,3,7,10,2,6,5,2,5,11,2,10,5
1264,219,416497.5,3810880.5,2022,1,2,2,1,5,1,2,0,1,5,9,11,13,7,6,15,11,0
1273,259,416617.5,3810853.5,2022,1,2,2,0,0,6,8,3,5,4,5,10,3,14,15,14,16,13
1280,280,416680.5,3810832.5,2022,1,2,3,1,0,5,6,8,3,11,1,2,1,4,12,12,6,17
1268,305,416755.5,3810868.5,2022,1,2,2,1,5,1,2,0,1,5,9,11,13,7,6,15,11,0
1273,353,416899.5,3810853.5,2022,0,0,1,4,4,2,5,9,4,9,0,4,12,9,1,0,3,15
1264,377,416971.5,3810880.5,2022,0,3,4,3,3,4,3,7,10,10,11,9,7,12,7,11,14,16
1266,393,417019.5,3810874.5,2022,0,0,4,1,5,1,2,0,9,1,12,11,13,7,5,15,13,19
1266,431,417133.5,3810874.5,2022,0,0,1,1,4,2,5,9,9,10,11,9,7,12,7,11,14,16
1275,467,417241.5,3810847.5,2022,1,2,2,0,0,6,4,2,7,6,8,13,11,4,12,12,6,17
1265,497,417331.5,3810877.5,2022,1,2,2,0,0,1,4,2,9,1,12,11,13,7,6,15,11,0
1266,534,417442.5,3810874.5,2022,1,2,3,1,5,5,2,8,3,11,1,2,11,4,12,12,6,17
1280,553,417499.5,3810832.5,2022,1,2,2,0,0,1,4,2,7,6,8,6,8,8,10,3,8,8
1271,575,417565.5,3810859.5,2022,0,3,4,3,3,4,3,7,10,2,6,5,2,5,11,2,10,5
1276,600,417640.5,3810844.5,2022,0,3,4,3,3,4,3,7,10,10,6,9,7,3,9,10,4,1
1287,651,417793.5,3810811.5,2022,0,0,4,3,3,4,5,9,4,10,0,9,7,3,9,11,14,16
1269,660,417820.5,3810865.5,2022,0,3,4,3,3,4,3,7,10,10,6,9,7,3,9,10,4,1
1265,702,417946.5,3810877.5,2022,0,0,4,1,5,1,2,0,9,1,12,11,13,10,5,11,13,19
1287,727,418021.5,3810811.5,2022,0,3,4,3,3,4,3,7,10,2,6,5,2,5,11,11,10,5
1265,772,418156.5,3810877.5,2022,0,0,1,4,4,2,5,9,4,10,0,4,7,9,1,0,14,16
1274,793,418219.5,3810850.5,2022,0,0,1,4,4,2,5,9,4,10,0,9,7,3,9,11,14,16
1262,817,418291.5,3810886.5,2022,0,0,1,4,4,2,5,9,4,10,11,9,7,12,7,11,14,16
1274,849,418387.5,3810850.5,2022,0,0,4,3,3,4,5,9,4,10,0,9,7,3,9,10,4,1
1260,892,418516.5,3810892.5,2022,0,0,1,4,4,2,5,9,4,10,0,9,7,12,7,11,14,16
1270,916,418588.5,3810862.5,2022,1,0,1,4,4,2,5,3,9,1,12,0,4,10,16,5,1,11
1284,948,418684.5,3810820.5,2022,0,3,4,3,3,4,3,7,10,10,6,9,7,3,9,10,4,1
1274,989,418807.5,3810850.5,2022,0,0,4,4,4,2,5,9,9,1,12,0,4,10,16,5,1,11
1286,1006,418858.5,3810814.5,2022,0,3,4,3,3,4,3,7,10,10,11,9,7,3,9,11,4,1
1285,1020,418900.5,3810817.5,2022,0,0,4,3,4,2,5,9,4,10,0,9,7,3,9,11,14,16
1269,1063,419029.5,3810865.5,2022,0,3,4,3,3,4,3,7,10,2,6,5,2,5,11,2,10,5
1271,1088,419104.5,3810859.5,2022,0,0,4,3,4,2,5,9,4,10,0,9,7,3,9,11,14,16
1277,1120,419200.5,3810841.5,2022,1,0,1,4,4,2,5,9,4,9,3,4,4,9,1,5,1,11
1289,1152,419296.5,3810805.5,2022,0,3,4,3,3,4,3,7,10,2,6,5,2,3,9,10,4,1
1283,1183,419389.5,3810823.5,2022,1,2,2,0,0,1,8,3,9,1,12,0,4,10,16,5,1,11
1283,1207,419461.5,3810823.5,2022,1,2,2,0,0,1,4,2,7,6,8,6,8,8,10,3,8,8
1280,1247,419581.5,3810832.5,2022,1,2,2,0,0,1,4,2,7,6,8,6,8,8,10,3,8,8
1275,1268,419644.5,3810847.5,2022,0,0,1,4,4,2,5,9,4,10,0,9,7,3,9,10,4,1
1281,1318,419794.5,3810829.5,2022,1,0,1,4,4,2,8,3,9,1,12,0,4,10,16,5,1,11
1274,1328,419824.5,3810850.5,2022,0,0,4,3,4,2,5,9,4,10,0,9,7,3,9,10,4,1
1287,1376,419968.5,3810811.5,2022,0,0,1,4,4,2,5,9,4,10,0,9,12,3,9,10,4,1
1265,1402,420046.5,3810877.5,2022,0,3,4,3,3,4,3,7,10,2,6,9,2,3,9,10,4,1
1278,1414,420082.5,3810838.5,2022,0,0,4,3,4,2,5,9,4,10,0,9,7,3,9,11,4,16
1264,1448,420184.5,3810880.5,2022,1,0,1,4,4,2,8,8,4,9,3,13,11,4,12,12,6,17
1284,1478,420274.5,3810820.5,2022,1,0,1,4,4,2,5,9,4,9,3,4,14,9,1,0,3,15
1274,1524,420412.5,3810850.5,2022,0,0,1,4,4,2,5,9,4,9,0,4,12,9,1,0,3,15
1284,1538,420454.5,3810820.5,2022,1,0,1,4,4,6,8,3,5,9,5,0,4,10,16,5,1,11
1278,1567,420541.5,3810838.5,2022,1,0,1,4,4,6,8,3,5,4,5,13,11,4,12,12,6,17
1260,1590,420610.5,3810892.5,2022,1,2,2,0,0,6,8,2,5,4,5,10,3,14,10,14,8,8
1285,1631,420733.5,3810817.5,2022,1,0,1,4,4,6,8,3,5,4,5,0,4,10,16,5,1,11
1285,1655,420805.5,3810817.5,2022,1,0,1,4,4,2,5,9,4,9,3,4,12,9,1,0,3,15
1278,1706,420958.5,3810838.5,2022,1,2,2,0,0,6,8,3,5,4,5,13,11,4,12,12,6,17
1276,1726,421018.5,3810844.5,2022,1,2,2,0,0,6,8,2,5,4,5,10,3,8,10,3,8,8
1288,1769,421147.5,3810808.5,2022,1,2,2,0,0,6,4,2,7,6,8,6,8,8,10,3,8,8
1289,1775,421165.5,3810805.5,2022,1,0,1,1,5,2,2,8,1,5,9,13,11,4,12,12,6,17
1272,1800,421240.5,3810856.5,2022,1,2,2,0,0,6,4,2,7,6,8,13,11,4,12,12,6,17
1263,1837,421351.5,3810883.5,2022,0,3,4,3,3,4,3,9,10,10,0,9,7,3,9,10,4,1
1286,2154,422302.5,3810814.5,2022,1,2,2,0,0,6,4,2,5,4,5,6,3,8,10,3,8,8
1262,2183,422389.5,3810886.5,2022,1,2,2,0,0,6,8,8,5,4,5,13,11,4,12,12,6,17
1288,2205,422455.5,3810808.5,2022,1,2,2,0,0,6,8,3,5,4,5,10,3,4,12,12,6,17
1284,2220,422500.5,3810820.5,2022,1,2,2,0,0,6,4,2,5,4,5,6,3,8,10,3,8,8
1270,2279,422677.5,3810862.5,2022,1,2,2,0,0,6,8,8,5,4,8,13,11,4,12,12,6,17
1269,2290,422710.5,3810865.5,2022,1,2,3,5,0,5,6,8,3,11,1,2,1,4,12,12,6,17
1270,2315,422785.5,3810862.5,2022,1,2,1,4,0,6,8,8,3,11,3,13,11,4,12,12,6,17
1271,2345,422875.5,3810859.5,2022,1,2,2,0,0,6,4,2,5,4,5,10,3,8,10,3,8,8
1275,2378,422974.5,3810847.5,2022,1,2,2,0,0,6,8,3,5,4,5,13,11,4,12,12,6,17
1285,2415,423085.5,3810817.5,2022,1,0,1,1,5,1,2,8,1,5,9,13,11,4,12,12,6,17
1270,2443,423169.5,3810862.5,2022,0,0,1,1,5,2,2,0,1,5,9,13,11,1,0,8,2,2
1268,2481,423283.5,3810868.5,2022,1,2,2,1,5,1,2,8,1,5,9,13,11,4,12,12,6,17
1289,2515,423385.5,3810805.5,2022,2,1,3,1,5,5,6,6,6,0,2,7,10,11,3,6,17,3
1287,2520,423400.5,3810811.5,2022,1,1,3,5,6,5,6,8,3,11,1,2,1,0,4,1,18,12
1268,2575,423565.5,3810868.5,2022,2,1,3,5,6,5,6,8,3,11,1,2,1,0,4,6,17,12
1260,2594,423622.5,3810892.5,2022,2,1,3,1,5,5,6,6,1,5,9,7,10,1,0,6,17,3
1286,2619,423697.5,3810814.5,2022,1,0,1,1,5,5,2,8,1,5,9,13,11,4,12,12,6,17
1289,2646,423778.5,3810805.5,2022,2,1,3,5,6,5,6,6,3,11,2,2,1,0,4,6,17,3
1271,2672,423856.5,3810859.5,2022,2,1,3,5,6,5,6,6,6,0,2,12,6,11,3,6,0,12
1260,2706,423958.5,3810892.5,2022,2,1,3,5,6,5,6,6,6,0,2,12,6,11,3,13,0,12
1283,2737,424051.5,3810823.5,2022,2,1,3,5,6,5,6,6,6,0,2,12,6,11,3,13,0,6
1262,2789,424207.5,3810886.5,2022,2,1,3,5,6,5,6,6,6,0,2,12,6,11,3,13,0,6
1261,2802,424246.5,3810889.5,2022,2,1,3,5,6,5,6,6,6,0,2,12,6,11,3,13,0,12
1280,2836,424348.5,3810832.5,2022,2,1,3,5,6,5,6,6,6,0,2,12,6,11,3,6,0,12
1281,2855,424405.5,3810829.5,2022,2,1,3,1,5,5,6,6,6,0,2,12,6,11,3,6,17,3
1289,2904,424552.5,3810805.5,2022,2,3,0,2,1,0,1,4,6,0,11,7,10,11,3,4,15,14
1282,2911,424573.5,3810826.5,2022,2,1,3,5,6,5,6,6,3,11,2,2,14,0,4,6,18,12
1262,2941,424663.5,3810886.5,2022,2,1,3,5,6,5,6,6,6,0,2,12,6,11,3,13,0,6
1277,2990,424810.5,3810841.5,2022,2,1,3,5,6,5,6,6,6,0,2,12,6,11,3,13,0,6
1283,3295,425725.5,3810823.5,2022,2,1,3,5,6,5,6,6,6,0,2,12,6,11,3,13,0,6
1265,3329,425827.5,3810877.5,2022,2,1,3,5,6,5,6,6,6,0,2,12,6,11,3,13,0,12
1266,3330,425830.5,3810874.5,2022,2,1,3,5,6,5,6,6,6,11,2,2,1,11,3,1,0,12
1309,15,415885.5,3810745.5,2022,1,2,1,4,0,6,8,8,5,4,3,13,11,4,12,12,6,17
1294,54,416002.5,3810790.5,2022,1,0,1,1,5,2,2,8,1,5,3,13,11,4,12,12,6,17
1312,61,416023.5,3810736.5,2022,1,0,1,4,4,2,5,8,4,9,3,4,14,9,1,0,3,7
1304,115,416185.5,3810760.5,2022,1,2,2,0,0,6,8,3,5,4,5,10,3,14,15,14,16,13
1303,125,416215.5,3810763.5,2022,1,2,2,0,0,6,8,2,5,4,5,10,3,8,10,3,8,8
1300,178,416374.5,3810772.5,2022,0,3,4,1,5,4,2,0,1,10,11,7,10,12,7,11,14,16
1309,180,416380.5,3810745.5,2022,0,3,4,1,5,4,2,0,1,5,11,7,10,12,5,11,13,19
1311,234,416542.5,3810739.5,2022,1,2,2,0,0,1,4,2,7,6,8,6,8,6,2,3,7,18
1302,258,416614.5,3810766.5,2022,1,2,2,0,0,6,4,2,7,6,8,6,8,8,10,3,8,8
1312,284,416692.5,3810736.5,2022,1,2,2,0,0,1,2,0,9,1,12,0,4,10,16,5,1,11
1318,322,416806.5,3810718.5,2022,1,2,2,0,0,1,2,0,9,1,12,13,11,4,12,12,6,17
1306,337,416851.5,3810754.5,2022,1,2,2,0,0,6,8,3,5,4,5,10,3,14,15,14,16,13
1292,384,416992.5,3810796.5,2022,1,2,2,0,0,6,4,2,7,6,8,6,8,8,10,3,8,8
1308,419,417097.5,3810748.5,2022,1,2,2,0,0,1,4,2,7,6,8,6,8,8,10,3,11,0
1310,424,417112.5,3810742.5,2022,1,2,2,0,0,1,4,2,7,6,8,6,8,8,10,3,8,18
1303,458,417214.5,3810763.5,2022,1,2,2,0,0,6,4,2,7,6,8,6,8,8,10,3,8,8
1295,506,417358.5,3810787.5,2022,1,2,2,1,5,1,2,0,9,1,12,11,13,7,5,15,11,19
1314,514,417382.5,3810730.5,2022,0,0,4,3,3,4,3,9,9,10,11,9,7,12,5,11,14,16
1298,548,417484.5,3810778.5,2022,1,0,1,4,4,2,8,3,5,9,3,4,12,9,1,0,3,15
1316,599,417637.5,3810724.5,2022,0,0,4,3,3,2,5,9,4,10,0,9,7,12,7,11,14,16
1306,607,417661.5,3810754.5,2022,0,3,4,3,3,4,3,7,10,10,6,9,7,3,9,10,4,1
1297,640,417760.5,3810781.5,2022,0,3,4,3,3,4,3,7,10,10,6,9,7,12,11,11,4,16
1291,674,417862.5,3810799.5,2022,0,0,4,3,3,1,2,0,9,1,12,0,4,10,5,5,13,19
1312,711,417973.5,3810736.5,2022,0,3,4,3,3,4,3,7,10,10,11,9,7,12,7,11,14,16
1314,731,418033.5,3810730.5,2022,0,0,4,3,4,2,5,9,4,10,0,9,7,12,7,11,14,16
1312,763,418129.5,3810736.5,2022,0,0,1,4,4,2,5,9,4,9,0,4,12,9,1,0,3,16
1307,808,418264.5,3810751.5,2022,0,0,1,4,4,2,5,9,4,10,0,4,7,9,1,11,14,16
1304,812,418276.5,3810760.5,2022,0,0,4,3,3,4,5,9,4,10,0,9,7,3,9,10,4,1
1313,868,418444.5,3810733.5,2022,0,3,4,3,3,4,3,7,10,10,0,9,7,3,9,10,4,1
1304,872,418456.5,3810760.5,2022,0,3,4,3,3,4,3,7,10,10,6,9,7,3,9,10,4,1
1319,928,418624.5,3810715.5,2022,0,0,1,4,4,2,5,9,4,10,0,9,7,3,9,10,4,16
1314,953,418699.5,3810730.5,2022,0,3,4,3,3,4,3,7,10,2,6,9,7,3,9,10,4,1
1314,989,418807.5,3810730.5,2022,0,3,4,3,3,4,3,9,10,10,0,9,7,3,9,10,4,1
1299,1011,418873.5,3810775.5,2022,0,0,4,3,3,2,5,9,9,1,12,0,4,10,5,5,13,19
1316,1032,418936.5,3810724.5,2022,0,3,4,3,3,4,3,7,10,2,6,9,2,3,9,10,4,1
1304,1068,419044.5,3810760.5,2022,0,3,4,3,3,4,3,7,10,2,6,5,2,5,11,2,10,5
1296,1085,419095.5,3810784.5,2022,0,0,4,3,3,4,5,9,4,10,0,9,7,3,9,10,4,1
1304,1114,419182.5,3810760.5,2022,0,0,4,3,3,2,5,9,4,10,0,9,7,3,9,10,4,1
1295,1143,419269.5,3810787.5,2022,0,3,4,3,3,4,3,7,10,10,6,9,7,3,9,10,4,1
1318,1185,419395.5,3810718.5,2022,1,2,2,0,0,1,8,3,9,1,12,0,4,10,16,5,1,11
1317,1215,419485.5,3810721.5,2022,1,2,2,0,0,6,4,2,7,6,8,6,8,8,10,3,8,8
1290,1231,419533.5,3810802.5,2022,1,2,2,0,0,6,4,2,7,6,8,6,8,8,10,3,8,8
1318,1279,419677.5,3810718.5,2022,1,2,2,0,0,6,4,2,7,6,8,6,8,8,10,3,8,8
1309,1302,419746.5,3810745.5,2022,1,2,2,0,0,1,4,2,7,6,8,6,8,8,10,3,11,0
1319,1322,419806.5,3810715.5,2022,1,2,2,0,0,6,4,2,7,6,8,6,8,8,10,3,8,8
1297,1362,419926.5,3810781.5,2022,1,2,2,0,0,1,4,2,7,6,8,6,8,8,10,3,8,8
1296,1409,420067.5,3810784.5,2022,0,0,4,3,3,4,5,9,4,10,0,9,7,3,9,10,4,1
1290,1424,420112.5,3810802.5,2022,0,0,4,3,3,4,5,9,4,10,0,9,7,3,9,10,4,1
1296,1451,420193.5,3810784.5,2022,0,0,4,3,4,2,5,9,9,1,0,9,7,3,9,10,4,1
1299,1482,420286.5,3810775.5,2022,1,0,1,4,4,2,5,9,4,9,3,4,12,9,1,0,3,15
1306,1509,420367.5,3810754.5,2022,1,0,1,4,4,2,5,9,4,9,0,4,12,9,1,0,3,15
1295,1556,420508.5,3810787.5,2022,1,0,1,4,4,2,8,3,5,9,5,4,12,9,1,0,3,15
1291,1564,420532.5,3810799.5,2022,0,0,1,4,4,2,5,9,4,9,0,4,12,9,1,0,3,15
1290,1708,420964.5,3810802.5,2022,0,0,1,4,4,2,5,9,4,9,0,4,12,9,1,0,3,16
1290,1725,421015.5,3810802.5,2022,1,2,2,0,0,6,4,2,7,4,5,6,3,8,10,3,8,8
1290,1774,421162.5,3810802.5,2022,1,2,2,0,0,6,4,2,7,6,8,6,8,8,10,3,8,8
1293,1808,421264.5,3810793.5,2022,0,3,4,1,5,4,2,0,1,5,9,7,10,1,0,8,2,2
1297,2100,422140.5,3810781.5,2022,1,2,2,0,0,6,8,3,9,1,12,0,4,10,16,5,1,11
1292,2156,422308.5,3810796.5,2022,1,2,2,0,0,6,8,3,5,4,5,0,4,10,16,5,1,11
1295,2165,422335.5,3810787.5,2022,1,0,1,4,4,2,8,3,9,1,12,0,4,10,16,5,1,11
1291,2209,422467.5,3810799.5,2022,1,2,2,0,0,6,4,2,7,6,8,6,8,8,10,3,8,8
1292,2222,422506.5,3810796.5,2022,1,2,2,0,0,6,8,8,5,4,5,13,3,4,12,12,6,17
1291,2279,422677.5,3810799.5,2022,1,2,1,4,0,6,8,8,5,4,3,13,11,4,12,12,6,17
1295,2298,422734.5,3810787.5,2022,1,2,2,0,0,6,4,8,3,11,1,13,11,4,12,12,6,17
1295,2311,422773.5,3810787.5,2022,1,0,1,1,5,5,2,8,3,11,3,13,11,4,12,12,6,17
1295,2341,422863.5,3810787.5,2022,1,2,2,1,5,1,2,8,1,5,9,13,11,4,12,12,6,17
1291,2374,422962.5,3810799.5,2022,1,2,1,1,5,6,2,8,1,5,9,13,11,4,12,12,6,17
1291,2409,423067.5,3810799.5,2022,1,0,1,1,5,2,2,8,1,5,9,13,11,4,12,12,6,17
1293,2454,423202.5,3810793.5,2022,2,1,3,1,5,5,6,8,1,5,9,7,11,1,0,6,17,3
1302,2472,423256.5,3810766.5,2022,0,3,4,1,5,4,2,0,1,5,11,7,10,1,0,8,2,2
1291,2494,423322.5,3810799.5,2022,1,2,2,1,5,5,2,8,3,11,1,13,11,4,12,12,6,17
1297,2541,423463.5,3810781.5,2022,1,1,3,5,6,5,6,8,3,11,1,2,1,0,4,12,6,17
1294,2550,423490.5,3810790.5,2022,1,0,1,1,5,5,2,8,3,11,3,13,11,4,12,12,6,17
1313,2600,423640.5,3810733.5,2022,1,0,3,1,5,5,6,8,3,11,9,13,11,0,4,6,17,3
1297,2632,423736.5,3810781.5,2022,2,1,3,1,5,5,6,8,1,5,9,7,10,1,0,6,17,3
1297,2640,423760.5,3810781.5,2022,2,0,3,1,5,5,6,8,1,5,9,7,10,1,0,6,17,3
1318,2683,423889.5,3810718.5,2022,2,1,0,2,1,5,6,6,6,0,2,7,10,11,3,4,15,14
1315,2714,423982.5,3810727.5,2022,2,1,3,5,6,5,6,6,6,0,2,12,6,11,3,6,17,12
1313,2753,424099.5,3810733.5,2022,2,1,3,5,6,5,6,6,6,0,2,12,6,0,3,6,17,3
1301,2789,424207.5,3810769.5,2022,2,1,3,5,6,5,6,6,6,0,2,12,6,11,3,13,0,12
1301,2819,424297.5,3810769.5,2022,2,1,0,2,1,5,6,6,6,0,2,12,6,11,3,13,0,6
1301,2821,424303.5,3810769.5,2022,2,1,0,2,1,0,1,6,6,0,2,12,6,11,3,13,0,6
1304,2874,424462.5,3810760.5,2022,2,1,3,5,6,5,6,6,6,0,2,12,6,11,3,13,0,12
1298,2890,424510.5,3810778.5,2022,2,3,0,2,1,0,1,4,0,7,4,3,9,2,8,9,5,4
1293,2937,424651.5,3810793.5,2022,2,1,3,5,6,5,6,6,6,0,2,12,6,11,3,6,17,12
1303,2940,424660.5,3810763.5,2022,2,1,3,5,6,5,6,6,6,0,2,12,6,11,3,6,17,3
1342,10,415870.5,3810646.5,2022,1,0,1,1,5,2,2,8,1,5,9,13,11,4,12,12,6,17
1348,41,415963.5,3810628.5,2022,1,0,1,1,5,2,2,8,1,5,9,13,11,4,12,12,6,17
1323,61,416023.5,3810703.5,2022,1,0,1,1,5,2,2,8,1,5,3,13,11,4,12,12,6,17
1342,101,416143.5,3810646.5,2022,1,2,2,0,0,6,4,2,7,6,8,6,8,8,10,3,8,8
1349,144,416272.5,3810625.5,2022,1,2,2,0,0,6,8,3,5,4,5,10,3,14,15,14,16,13
1329,178,416374.5,3810685.5,2022,0,3,4,3,3,4,3,7,10,2,11,5,2,5,11,2,10,5
1335,207,416461.5,3810667.5,2022,1,2,2,0,0,6,8,3,5,4,5,10,3,14,15,14,16,13
1327,214,416482.5,3810691.5,2022,1,0,1,4,4,2,8,3,4,9,0,4,12,9,1,0,3,15
1340,254,416602.5,3810652.5,2022,1,0,1,4,4,6,8,8,5,4,3,13,11,4,12,12,6,17
1325,293,416719.5,3810697.5,2022,1,2,2,0,0,6,8,3,5,4,5,13,11,4,12,12,6,17
1348,321,416803.5,3810628.5,2022,1,2,2,1,0,1,2,0,1,5,9,13,11,4,12,12,6,17
1325,339,416857.5,3810697.5,2022,1,2,2,1,5,1,2,8,1,1,12,13,11,4,12,12,6,17
1320,364,416932.5,3810712.5,2022,1,2,2,0,0,6,4,2,7,6,8,6,8,8,10,3,8,8
1320,404,417052.5,3810712.5,2022,1,2,2,0,0,6,4,2,7,6,8,6,8,8,10,3,8,8
1327,447,417181.5,3810691.5,2022,1,2,2,0,0,1,4,3,9,1,12,0,4,10,16,5,1,11
1346,454,417202.5,3810634.5,2022,1,2,2,0,0,6,4,2,7,6,8,6,8,8,10,3,8,8
1339,482,417286.5,3810655.5,2022,1,2,2,0,0,1,8,3,9,1,12,0,4,10,16,5,1,11
1324,520,417400.5,3810700.5,2022,1,0,1,4,4,2,8,3,4,9,3,0,4,10,16,5,1,11
1348,547,417481.5,3810628.5,2022,1,2,2,0,0,1,4,2,7,6,8,6,8,8,10,3,11,0
1334,575,417565.5,3810670.5,2022,0,3,4,3,3,4,3,7,10,10,11,9,7,12,9,11,14,16
1339,629,417727.5,3810655.5,2022,0,3,4,3,3,4,3,7,10,2,6,5,2,5,11,2,10,5
1329,651,417793.5,3810685.5,2022,0,0,1,4,4,2,5,9,4,10,0,9,7,3,9,11,14,16
1334,675,417865.5,3810670.5,2022,1,2,1,0,0,6,8,8,5,4,3,13,11,4,12,12,6,17
1334,692,417916.5,3810670.5,2022,0,3,4,3,3,4,3,7,10,2,6,5,2,5,11,2,10,5
1327,731,418033.5,3810691.5,2022,0,0,4,3,4,2,5,9,4,10,11,9,7,12,7,11,14,16
1344,752,418096.5,3810640.5,2022,1,0,1,4,4,2,5,9,4,9,3,4,14,9,1,0,3,15
1323,804,418252.5,3810703.5,2022,1,0,1,4,4,2,8,3,5,1,12,0,4,10,16,5,1,11
1327,815,418285.5,3810691.5,2022,0,0,1,4,4,2,5,9,9,1,12,0,4,10,16,5,1,11
1345,859,418417.5,3810637.5,2022,0,3,4,3,3,4,3,7,10,2,6,5,2,5,11,2,10,5
1347,878,418474.5,3810631.5,2022,0,0,4,3,3,4,3,9,10,10,0,9,7,3,9,10,4,1
1348,912,418576.5,3810628.5,2022,0,3,4,3,3,4,3,7,10,10,6,9,7,3,9,10,4,1
1338,937,418651.5,3810658.5,2022,0,3,4,3,3,4,3,7,10,2,6,5,2,5,11,2,10,5
1347,963,418729.5,3810631.5,2022,1,2,2,0,0,6,8,3,9,1,12,0,4,10,16,5,1,11
1337,1007,418861.5,3810661.5,2022,0,0,4,3,3,4,5,9,4,10,0,9,7,3,9,10,4,1
1324,1038,418954.5,3810700.5,2022,0,3,4,3,3,4,3,7,10,10,0,9,7,3,9,10,4,1
1343,1067,419041.5,3810643.5,2022,0,3,4,3,3,4,3,7,10,10,0,9,7,3,9,10,4,1
1333,1086,419098.5,3810673.5,2022,0,0,4,3,3,4,3,9,10,10,0,9,7,3,9,10,4,1
1333,1123,419209.5,3810673.5,2022,1,2,2,4,4,6,8,3,5,1,12,0,4,10,16,5,1,11
1324,1144,419272.5,3810700.5,2022,1,2,2,0,0,6,4,3,5,1,12,0,4,10,16,5,1,11
1339,1173,419359.5,3810655.5,2022,1,2,2,0,0,1,4,2,7,6,8,6,8,8,10,3,8,8
1321,1223,419509.5,3810709.5,2022,1,2,2,0,0,1,4,2,7,6,8,6,8,8,10,3,8,8
1345,1250,419590.5,3810637.5,2022,1,2,2,0,0,1,4,2,7,6,8,6,8,8,10,3,8,8
1349,1280,419680.5,3810625.5,2022,1,2,2,0,0,6,4,2,7,6,8,6,8,8,10,3,8,8
1349,1318,419794.5,3810625.5,2022,1,2,2,0,0,6,4,2,7,6,8,6,8,8,10,3,8,8
1344,1347,419881.5,3810640.5,2022,1,2,2,0,0,1,4,2,7,6,8,6,8,8,10,3,8,8
1339,1350,419890.5,3810655.5,2022,1,2,2,0,0,1,4,2,7,6,8,6,8,8,10,3,8,8
1320,1408,420064.5,3810712.5,2022,1,2,2,0,0,6,4,2,7,6,8,6,8,8,10,3,8,8
1326,1426,420118.5,3810694.5,2022,1,2,2,0,0,6,8,2,5,4,5,13,11,4,12,12,6,17
1325,1449,420187.5,3810697.5,2022,0,3,4,3,3,4,3,7,10,2,6,5,2,3,9,10,4,1
1328,1478,420274.5,3810688.5,2022,0,0,4,3,3,4,5,9,4,10,0,9,7,3,9,10,4,1
1322,1511,420373.5,3810706.5,2022,0,0,1,4,4,2,5,9,4,9,0,0,12,10,16,0,3,15
1332,1533,420439.5,3810676.5,2022,0,0,1,4,4,2,5,9,4,9,0,0,12,10,16,0,3,15
1345,2359,422917.5,3810637.5,2022,0,3,4,3,3,4,3,7,10,2,11,5,2,5,11,11,10,5
1342,2399,423037.5,3810646.5,2022,1,1,3,1,5,5,6,8,3,11,9,13,11,4,12,6,6,17
1345,2417,423091.5,3810637.5,2022,1,0,1,1,5,5,2,8,1,5,9,13,11,4,12,12,6,17
1340,2433,423139.5,3810652.5,2022,2,1,3,1,5,5,2,8,1,5,9,13,11,1,0,6,17,3
1348,2467,423241.5,3810628.5,2022,1,2,2,1,5,5,2,8,1,5,9,13,11,4,12,12,6,17
1334,2527,423421.5,3810670.5,2022,1,1,3,1,5,5,2,8,1,5,9,13,11,4,12,6,17,3
1326,2579,423577.5,3810694.5,2022,1,2,2,0,0,6,8,8,3,11,1,13,11,4,12,12,6,17
1322,2593,423619.5,3810706.5,2022,2,1,3,5,6,5,6,6,6,11,2,12,1,11,3,6,17,12
1336,2629,423727.5,3810664.5,2022,2,1,0,2,1,0,1,4,6,0,2,12,10,11,3,4,15,14
1336,2667,423841.5,3810664.5,2022,2,3,0,2,1,0,1,4,6,0,11,7,10,11,3,4,15,14
1323,2688,423904.5,3810703.5,2022,2,1,3,1,5,5,6,6,6,0,2,7,10,11,3,6,17,3
1338,2706,423958.5,3810658.5,2022,2,1,3,5,6,5,6,6,6,0,2,12,6,11,3,6,0,12
1321,2756,424108.5,3810709.5,2022,2,1,3,5,6,5,6,6,6,0,2,12,6,11,3,6,17,12
1340,2760,424120.5,3810652.5,2022,2,1,3,5,6,5,6,6,6,0,2,12,6,0,4,6,17,12
1344,2909,424567.5,3810640.5,2022,2,3,0,2,1,0,1,4,0,7,4,3,9,2,8,9,5,4
1341,2920,424600.5,3810649.5,2022,2,3,0,2,1,0,1,4,0,7,4,3,9,2,8,4,15,14
1376,15,415885.5,3810544.5,2022,1,0,1,4,4,2,8,8,1,9,3,13,11,4,12,12,6,17
1352,45,415975.5,3810616.5,2022,1,0,1,4,4,2,8,8,1,5,9,13,11,4,12,12,6,17
1368,70,416050.5,3810568.5,2022,1,2,2,0,0,6,8,3,5,4,5,10,3,14,15,14,16,13
1376,108,416164.5,3810544.5,2022,1,2,2,0,0,6,8,3,5,4,5,10,3,14,15,14,16,13
1379,146,416278.5,3810535.5,2022,1,2,2,0,0,1,4,2,7,6,8,6,8,8,10,3,8,8
1354,162,416326.5,3810610.5,2022,1,2,2,0,0,1,4,2,7,6,8,11,13,7,6,15,11,0
1372,195,416425.5,3810556.5,2022,0,0,1,4,4,2,5,9,4,10,0,9,7,3,9,11,14,16
1357,214,416482.5,3810601.5,2022,1,2,2,0,0,6,8,3,5,4,5,10,3,4,12,12,6,17
1365,241,416563.5,3810577.5,2022,1,2,2,0,0,6,4,2,7,6,8,6,8,8,10,3,8,8
1373,273,416659.5,3810553.5,2022,1,2,2,0,0,6,8,3,5,4,5,10,3,14,15,14,16,13
1350,320,416800.5,3810622.5,2022,1,2,2,0,0,1,4,2,7,6,8,6,8,8,6,3,11,0
1379,339,416857.5,3810535.5,2022,1,2,2,0,0,6,8,3,9,1,12,0,4,10,16,5,1,11
1361,380,416980.5,3810589.5,2022,1,2,2,0,0,1,4,2,7,6,8,6,8,8,6,3,11,0
1371,399,417037.5,3810559.5,2022,1,2,2,0,0,6,4,2,7,4,5,6,8,8,10,3,8,8
1351,441,417163.5,3810619.5,2022,1,2,2,0,0,1,4,2,7,6,8,6,8,8,10,3,8,8
1361,453,417199.5,3810589.5,2022,1,2,2,0,0,6,8,3,5,1,12,0,4,10,16,5,1,11
1363,504,417352.5,3810583.5,2022,0,0,1,4,4,2,5,9,4,10,11,9,7,12,7,11,14,16
1367,529,417427.5,3810571.5,2022,1,2,2,0,0,1,2,0,9,1,12,0,4,10,16,5,1,11
1376,556,417508.5,3810544.5,2022,1,0,1,4,4,2,5,9,9,1,12,0,4,10,16,5,1,11
1354,575,417565.5,3810610.5,2022,0,3,4,3,3,4,3,7,10,2,6,5,2,5,11,2,10,5
1366,600,417640.5,3810574.5,2022,0,3,4,3,3,4,3,7,10,10,6,9,7,3,9,10,4,1
1376,639,417757.5,3810544.5,2022,0,0,1,4,4,2,5,9,4,9,0,4,7,9,1,0,14,16
1373,687,417901.5,3810553.5,2022,1,2,2,0,0,6,4,2,7,6,8,13,11,4,12,12,6,17
1363,712,417976.5,3810583.5,2022,0,0,1,4,4,2,5,9,4,10,0,9,7,9,1,11,14,16
1365,741,418063.5,3810577.5,2022,1,0,1,4,4,2,5,9,4,9,3,4,12,9,1,0,3,15
1355,754,418102.5,3810607.5,2022,0,0,4,3,3,2,5,9,4,10,0,9,7,12,7,11,14,16
1371,805,418255.5,3810559.5,2022,0,0,4,3,3,2,5,9,9,1,12,0,4,3,9,5,4,1
1377,832,418336.5,3810541.5,2022,0,0,4,3,3,4,5,9,4,10,0,9,7,3,9,10,4,1
1367,841,418363.5,3810571.5,2022,0,3,4,3,3,4,3,7,10,2,6,5,2,5,11,2,10,5
1379,890,418510.5,3810535.5,2022,0,0,4,3,3,4,3,9,4,10,0,9,7,3,9,10,4,1
1357,927,418621.5,3810601.5,2022,0,0,4,3,4,2,5,9,4,10,0,9,7,3,9,10,4,1
1378,939,418657.5,3810538.5,2022,1,0,1,4,4,2,8,3,5,9,3,4,14,9,1,0,3,15
1370,979,418777.5,3810562.5,2022,0,0,1,4,4,2,5,9,4,9,0,4,12,9,1,0,3,15
1372,1003,418849.5,3810556.5,2022,0,0,4,3,4,2,5,9,4,10,0,9,7,3,9,10,4,16
1357,1039,418957.5,3810601.5,2022,0,3,4,3,3,4,3,7,10,10,6,9,7,12,11,11,10,16
1356,1075,419065.5,3810604.5,2022,0,0,4,3,4,2,5,9,4,10,0,9,7,3,9,11,14,16
1353,1101,419143.5,3810613.5,2022,0,0,1,4,4,2,5,9,4,10,0,9,7,3,9,10,4,16
1378,1118,419194.5,3810538.5,2022,0,0,1,4,4,2,5,9,4,10,0,9,7,3,9,0,14,16
1360,1144,419272.5,3810592.5,2022,1,2,2,0,0,1,4,2,9,1,12,0,4,10,16,5,1,11
1372,1179,419377.5,3810556.5,2022,1,2,2,0,0,1,4,2,7,6,8,6,8,8,10,3,8,8
1350,1206,419458.5,3810622.5,2022,1,2,2,0,0,1,4,2,9,1,12,0,4,10,16,5,1,11
1363,1280,419680.5,3810583.5,2022,1,2,2,0,0,6,4,2,7,6,8,6,8,8,10,3,8,8
1350,1318,419794.5,3810622.5,2022,1,2,2,0,0,6,4,2,7,6,8,6,8,8,10,3,8,8
1360,1328,419824.5,3810592.5,2022,1,2,2,0,0,6,4,2,7,6,8,6,8,8,10,3,8,8
1350,1350,419890.5,3810622.5,2022,1,2,2,0,0,6,4,2,7,6,8,6,8,8,10,3,8,8
1379,1409,420067.5,3810535.5,2022,1,2,2,0,0,1,4,2,7,6,8,6,8,8,10,3,8,8
1365,1430,420130.5,3810577.5,2022,1,2,2,0,0,6,4,2,7,6,8,6,8,8,10,3,8,8
1368,1455,420205.5,3810568.5,2022,1,2,1,4,0,6,8,3,5,4,5,0,4,10,16,5,1,11
1361,1491,420313.5,3810589.5,2022,1,2,2,0,0,6,8,3,9,1,12,0,4,10,16,5,1,11
1363,1503,420349.5,3810583.5,2022,0,0,1,4,4,2,5,9,9,1,12,0,4,10,16,5,1,11
1366,1541,420463.5,3810574.5,2022,0,0,1,4,4,2,5,9,4,9,0,4,12,9,1,0,3,15
1365,2069,422047.5,3810577.5,2022,1,2,2,0,0,1,4,3,9,1,12,0,4,10,16,5,1,11
1365,2074,422062.5,3810577.5,2022,1,2,2,0,0,1,4,3,9,1,12,0,4,10,16,5,1,11
1354,2353,422899.5,3810610.5,2022,0,3,4,1,5,4,2,0,1,5,11,7,10,12,7,11,14,16
1354,2394,423022.5,3810610.5,2022,0,0,4,1,5,2,2,0,1,5,9,7,10,1,0,8,2,2
1350,2425,423115.5,3810622.5,2022,2,1,3,5,6,5,6,6,3,11,1,2,1,0,4,6,17,3
1350,2447,423181.5,3810622.5,2022,1,1,3,1,5,5,6,8,3,11,3,13,11,4,12,6,6,17
1364,2485,423295.5,3810580.5,2022,1,0,2,1,5,5,2,0,1,5,9,13,11,1,0,8,2,2
1354,2507,423361.5,3810610.5,2022,2,1,3,1,5,5,2,0,1,5,9,13,11,1,0,6,17,3
1369,2572,423556.5,3810565.5,2022,1,1,3,5,6,3,7,1,8,3,7,8,1,6,2,1,7,18
1353,2609,423667.5,3810613.5,2022,1,1,3,5,6,3,4,2,3,11,1,2,1,6,2,1,7,18
1367,2613,423679.5,3810571.5,2022,2,3,0,2,1,0,1,4,0,7,4,3,9,2,8,4,15,14
1376,2665,423835.5,3810544.5,2022,2,1,3,1,5,5,6,6,6,0,2,7,6,11,3,6,17,3
1368,2687,423901.5,3810568.5,2022,2,1,0,2,1,5,6,6,6,0,2,12,6,11,3,4,15,14
1361,2726,424018.5,3810589.5,2022,2,1,3,5,6,5,6,6,6,0,2,12,6,0,3,6,17,12
1379,2746,424078.5,3810535.5,2022,0,0,1,1,5,5,6,8,3,11,11,7,14,12,7,6,14,3
1355,2766,424138.5,3810607.5,2022,2,0,1,1,5,5,6,8,6,0,11,7,14,0,7,7,17,7
1351,2922,424606.5,3810619.5,2022,0,3,4,3,3,4,3,7,10,2,11,7,10,12,11,4,15,14
1388,2,415846.5,3810508.5,2022,0,0,1,4,4,2,5,9,4,9,0,4,12,9,1,0,3,15
1392,58,416014.5,3810496.5,2022,0,0,4,3,3,2,5,9,4,10,0,9,7,3,9,11,14,16
1394,72,416056.5,3810490.5,2022,1,2,2,0,0,6,4,2,7,6,8,6,8,8,10,3,8,8
1380,99,416137.5,3810532.5,2022,1,2,2,0,0,6,8,3,5,1,12,0,4,10,16,5,1,11
1395,149,416287.5,3810487.5,2022,1,2,2,0,0,1,4,2,7,6,8,6,8,8,10,3,11,0
1402,159,416317.5,3810466.5,2022,1,2,2,0,0,1,4,2,7,6,8,6,8,4,12,12,6,17
1406,192,416416.5,3810454.5,2022,0,0,1,4,4,2,5,9,4,9,3,4,14,9,1,11,14,16
1402,226,416518.5,3810466.5,2022,0,3,4,3,3,4,3,7,10,2,6,5,2,5,11,2,10,5
1392,262,416626.5,3810496.5,2022,1,2,2,0,0,1,4,2,7,6,8,6,8,8,6,3,11,0
1404,273,416659.5,3810460.5,2022,1,2,2,0,0,1,4,2,7,6,8,6,8,8,10,3,1,11
1396,320,416800.5,3810484.5,2022,1,2,2,0,0,1,8,3,9,1,12,0,4,10,16,5,1,11
1407,351,416893.5,3810451.5,2022,1,2,2,1,5,1,2,0,9,1,12,11,13,7,5,15,13,19
1400,361,416923.5,3810472.5,2022,1,2,2,0,0,1,4,2,7,6,8,6,8,8,10,3,8,8
1397,395,417025.5,3810481.5,2022,1,2,2,1,5,1,2,0,1,5,9,13,11,4,12,12,6,17
1393,441,417163.5,3810493.5,2022,1,2,2,0,0,6,4,2,7,6,8,6,8,8,10,3,8,8
1409,454,417202.5,3810445.5,2022,1,2,2,0,0,1,4,2,7,6,8,6,8,8,10,3,8,0
1382,495,417325.5,3810526.5,2022,1,0,1,4,4,2,5,9,4,9,0,4,12,9,1,0,3,15
1381,524,417412.5,3810529.5,2022,0,0,1,4,4,2,5,9,9,1,12,0,7,12,7,11,14,16
1392,551,417493.5,3810496.5,2022,0,3,4,3,3,4,3,7,10,2,6,9,2,3,9,10,4,1
1388,591,417613.5,3810508.5,2022,0,3,4,3,3,4,3,7,10,10,6,9,7,3,9,10,4,1
1392,625,417715.5,3810496.5,2022,0,0,1,4,4,2,5,9,4,9,0,0,4,10,16,0,1,16
1400,649,417787.5,3810472.5,2022,0,3,4,3,3,4,3,9,10,10,0,9,7,3,9,10,4,1
1402,681,417883.5,3810466.5,2022,0,0,1,4,4,2,5,9,9,1,12,0,4,10,16,5,1,11
1384,698,417934.5,3810520.5,2022,0,0,1,4,4,2,5,9,4,10,0,9,7,12,7,11,14,16
1406,740,418060.5,3810454.5,2022,0,0,1,4,4,2,5,9,4,9,0,4,12,9,1,0,3,15
1392,770,418150.5,3810496.5,2022,0,3,4,3,3,4,3,7,10,2,6,9,7,3,9,10,4,1
1384,806,418258.5,3810520.5,2022,0,3,4,3,3,4,3,7,10,2,6,5,2,3,11,10,4,1
1395,811,418273.5,3810487.5,2022,0,0,4,3,3,2,5,9,4,10,0,9,7,3,9,10,4,1
1407,854,418402.5,3810451.5,2022,1,0,1,4,4,2,5,3,4,9,12,0,4,10,16,0,1,11
1406,892,418516.5,3810454.5,2022,0,0,4,3,3,4,3,9,4,10,0,9,7,3,9,10,4,1
1382,907,418561.5,3810526.5,2022,0,0,4,3,4,2,5,9,4,10,0,9,7,3,9,10,4,1
1404,959,418717.5,3810460.5,2022,1,0,1,4,4,2,5,9,4,9,0,0,4,10,16,0,1,11
1392,962,418726.5,3810496.5,2022,1,0,1,4,4,2,5,9,9,1,12,0,4,10,16,5,1,11
1393,1018,418894.5,3810493.5,2022,0,3,4,3,3,4,3,7,10,10,11,9,7,12,7,11,14,16
1408,1036,418948.5,3810448.5,2022,0,0,1,4,4,2,5,9,4,9,0,4,12,9,1,0,3,15
1393,1066,419038.5,3810493.5,2022,1,2,2,0,4,1,8,3,9,1,12,0,4,10,16,5,1,11
1388,1089,419107.5,3810508.5,2022,0,0,4,3,3,2,5,9,4,10,0,9,7,3,9,10,4,1
1406,1132,419236.5,3810454.5,2022,0,0,1,4,4,2,5,9,4,10,0,9,7,12,7,11,14,16
1403,1163,419329.5,3810463.5,2022,1,2,2,0,0,6,4,2,7,6,8,6,8,8,10,3,8,8
1404,1170,419350.5,3810460.5,2022,1,2,2,0,0,1,4,2,7,6,8,6,8,8,10,3,8,8
1402,1228,419524.5,3810466.5,2022,1,2,2,0,0,6,4,2,7,6,8,6,8,8,10,3,8,8
1409,1289,419707.5,3810445.5,2022,1,2,2,0,0,1,4,2,7,6,8,6,8,8,10,3,8,8
1393,1293,419719.5,3810493.5,2022,1,2,2,0,0,1,4,2,7,6,8,6,8,8,10,3,8,8
1384,1342,419866.5,3810520.5,2022,1,2,2,0,0,1,4,2,7,6,8,6,8,8,10,3,8,8
1380,1408,420064.5,3810532.5,2022,1,2,2,0,0,6,4,2,7,6,8,6,8,8,10,3,8,8
1390,1434,420142.5,3810502.5,2022,1,2,2,0,0,6,8,3,5,1,12,0,4,10,16,5,1,11
1405,1443,420169.5,3810457.5,2022,0,3,4,3,3,4,3,7,10,2,6,9,2,3,9,10,4,1
1406,1478,420274.5,3810454.5,2022,0,0,4,3,4,2,5,9,4,10,0,9,7,3,9,10,4,1
1407,1503,420349.5,3810451.5,2022,0,0,4,3,3,4,3,9,10,10,0,9,7,3,9,10,4,1
1408,1548,420484.5,3810448.5,2022,1,2,2,0,0,6,8,3,5,4,5,0,4,10,16,5,1,11
1401,2070,422050.5,3810469.5,2022,0,3,4,3,3,4,3,9,10,10,11,9,7,12,7,11,14,16
1391,2369,422947.5,3810499.5,2022,2,1,3,1,5,5,6,6,6,0,2,12,6,11,3,6,17,3
1393,2394,423022.5,3810493.5,2022,1,2,2,0,0,1,4,2,7,6,8,6,8,8,6,3,11,0
1388,2412,423076.5,3810508.5,2022,1,2,2,0,0,1,4,2,7,6,8,6,8,8,6,3,11,0
1381,2443,423169.5,3810529.5,2022,1,1,3,1,5,5,6,8,3,11,1,13,11,4,12,6,17,3
1403,2479,423277.5,3810463.5,2022,1,2,3,5,6,1,4,2,3,11,1,2,1,6,2,1,7,18
1392,2606,423658.5,3810496.5,2022,2,1,3,1,5,5,6,6,6,0,2,7,10,11,3,6,17,3
1388,2623,423709.5,3810508.5,2022,2,1,3,5,6,5,6,6,6,0,2,12,6,11,3,6,17,3
1381,2649,423787.5,3810529.5,2022,2,1,3,5,6,5,6,6,3,11,2,2,1,0,4,6,17,12
1392,2671,423853.5,3810496.5,2022,2,1,3,5,6,5,6,6,6,0,2,12,6,11,3,6,17,3
1382,2707,423961.5,3810526.5,2022,2,1,3,5,6,5,6,6,6,0,2,12,6,0,4,6,17,12
1386,2734,424042.5,3810514.5,2022,2,1,3,5,6,5,6,6,6,0,2,12,6,11,3,13,0,12
1401,2761,424123.5,3810469.5,2022,2,1,3,1,5,5,6,6,6,0,2,7,6,0,4,6,17,3
1399,2814,424282.5,3810475.5,2022,1,1,3,1,5,5,2,0,3,11,1,2,1,0,4,6,17,3
1403,2836,424348.5,3810463.5,2022,2,1,3,1,5,5,6,6,3,11,1,2,1,0,4,6,17,3
1409,3021,424903.5,3810445.5,2022,2,1,0,2,1,0,1,4,6,0,2,12,6,11,3,13,0,6
1427,25,415915.5,3810391.5,2022,1,0,1,4,4,2,5,9,4,9,3,4,14,9,1,0,3,15
1427,55,416005.5,3810391.5,2022,0,0,1,1,5,2,2,8,1,5,9,13,11,4,12,12,6,17
1427,80,416080.5,3810391.5,2022,1,0,1,4,4,6,8,3,5,1,12,0,4,10,16,5,1,11
1422,114,416182.5,3810406.5,2022,1,2,2,0,0,6,8,3,5,4,5,10,3,14,15,14,16,13
1423,149,416287.5,3810403.5,2022,1,2,2,0,0,1,4,2,7,6,8,6,8,8,10,3,8,8
1434,155,416305.5,3810370.5,2022,1,2,2,0,0,6,4,2,7,6,8,6,8,8,10,3,8,8
1431,189,416407.5,3810379.5,2022,0,0,4,3,3,2,5,9,4,10,0,9,7,3,9,11,4,16
1422,224,416512.5,3810406.5,2022,0,3,4,3,3,4,3,7,10,10,11,9,7,12,7,11,14,16
1413,251,416593.5,3810433.5,2022,0,0,4,1,5,1,2,0,9,5,9,11,13,7,5,11,13,19
1411,280,416680.5,3810439.5,2022,1,0,2,1,5,1,2,0,1,5,9,11,11,7,6,8,2,2
1413,323,416809.5,3810433.5,2022,1,2,2,0,0,1,4,2,9,1,12,0,4,10,16,5,1,11
1412,358,416914.5,3810436.5,2022,1,2,2,0,0,6,4,2,7,6,8,6,8,8,10,3,8,8
1433,363,416929.5,3810373.5,2022,0,0,1,4,4,2,5,9,4,9,0,4,12,9,1,0,3,15
1434,407,417061.5,3810370.5,2022,0,0,1,4,4,2,5,9,9,1,12,0,7,10,16,11,14,16
1411,433,417139.5,3810439.5,2022,1,2,2,0,0,1,4,2,7,6,8,6,8,8,10,3,8,8
1415,471,417253.5,3810427.5,2022,0,0,4,1,5,1,2,0,1,5,9,11,13,1,0,8,2,2
1438,495,417325.5,3810358.5,2022,0,3,4,3,3,4,2,0,9,1,12,11,13,7,5,15,13,19
1427,538,417454.5,3810391.5,2022,0,0,1,4,4,2,5,9,9,1,12,9,7,10,16,11,14,16
1415,559,417517.5,3810427.5,2022,0,3,4,3,3,4,3,7,10,2,6,5,2,5,11,2,10,5
1427,572,417556.5,3810391.5,2022,0,0,4,3,3,4,2,0,9,1,12,0,4,10,5,5,13,19
1437,622,417706.5,3810361.5,2022,0,0,1,4,4,2,5,9,4,9,3,4,14,9,1,0,14,16
1414,639,417757.5,3810430.5,2022,0,3,4,3,3,4,3,7,10,10,0,9,7,3,9,10,4,1
1419,684,417892.5,3810415.5,2022,0,0,4,3,4,2,5,9,4,10,0,9,7,3,9,10,4,1
1423,696,417928.5,3810403.5,2022,1,2,1,0,2,7,0,5,2,8,10,1,0,15,14,16,12,9
1417,731,418033.5,3810421.5,2022,0,0,1,4,4,2,5,9,4,10,0,9,7,12,7,11,14,16
1433,751,418093.5,3810373.5,2022,0,3,4,3,3,4,3,7,10,2,6,5,2,3,9,10,4,1
1436,791,418213.5,3810364.5,2022,1,0,1,4,4,2,8,3,9,1,12,0,4,10,16,5,1,11
1418,826,418318.5,3810418.5,2022,1,2,2,0,0,1,8,3,9,1,12,0,4,10,16,5,1,11
1439,868,418444.5,3810355.5,2022,0,0,1,4,4,2,5,9,9,1,12,0,4,10,16,5,1,11
1422,886,418498.5,3810406.5,2022,0,0,1,4,4,2,5,9,4,9,0,4,12,9,1,0,3,15
1438,929,418627.5,3810358.5,2022,0,3,4,3,3,4,3,7,10,2,6,5,2,3,9,10,4,1
1416,944,418672.5,3810424.5,2022,0,0,1,4,4,2,5,9,4,10,0,9,7,9,1,11,14,16
1429,984,418792.5,3810385.5,2022,0,3,4,3,3,4,3,7,10,2,6,5,2,5,11,2,10,5
1439,997,418831.5,3810355.5,2022,0,0,1,4,4,2,5,9,4,10,0,9,7,3,9,10,4,1
1427,1029,418927.5,3810391.5,2022,1,2,2,0,0,6,4,3,5,4,5,10,3,8,10,3,8,8
1432,1068,419044.5,3810376.5,2022,0,0,1,4,4,2,5,9,4,10,0,9,7,9,1,0,14,16
1430,1101,419143.5,3810382.5,2022,1,2,2,0,0,6,8,3,9,1,12,0,4,10,16,5,1,11
1434,1110,419170.5,3810370.5,2022,0,0,1,4,4,2,5,9,4,9,0,4,12,9,1,0,3,15
1417,1140,419260.5,3810421.5,2022,0,0,4,3,4,2,5,9,4,10,0,9,7,3,9,10,4,1
1439,1170,419350.5,3810355.5,2022,1,2,2,0,0,1,4,3,9,1,12,0,4,10,16,5,1,11
1427,1201,419443.5,3810391.5,2022,1,2,2,0,0,1,4,2,7,6,8,6,8,8,10,3,11,0
1421,1286,419698.5,3810409.5,2022,1,2,2,0,0,6,4,2,7,6,8,6,8,8,10,3,8,8
1426,1293,419719.5,3810394.5,2022,1,2,2,0,0,1,4,2,7,6,8,6,8,8,10,3,8,8
1435,1349,419887.5,3810367.5,2022,1,2,2,0,0,1,4,2,7,6,8,6,8,8,10,3,8,8
1414,1361,419923.5,3810430.5,2022,1,2,2,0,0,6,4,2,7,6,8,6,8,8,10,3,8,8
1413,1437,420151.5,3810433.5,2022,0,3,4,3,3,4,3,7,10,2,6,5,2,5,11,10,4,1
1411,1455,420205.5,3810439.5,2022,0,0,4,3,4,2,5,9,4,10,0,9,7,3,9,10,4,16
1421,1482,420286.5,3810409.5,2022,0,0,4,3,4,2,5,9,4,10,0,9,7,3,9,10,4,1
1421,1506,420358.5,3810409.5,2022,0,0,4,3,3,4,5,9,4,10,0,9,7,3,9,10,4,1
1413,1543,420469.5,3810433.5,2022,1,0,1,4,4,2,8,3,4,1,12,0,4,10,16,5,1,11
1425,2357,422911.5,3810397.5,2022,0,3,4,1,5,4,2,0,1,5,9,7,10,1,0,8,2,2
1429,2391,423013.5,3810385.5,2022,0,0,4,1,5,1,2,0,1,5,9,7,10,1,0,8,2,2
1426,2416,423088.5,3810394.5,2022,1,0,2,1,5,1,2,0,1,5,9,13,11,1,0,8,2,2
1418,2430,423130.5,3810418.5,2022,2,1,3,1,5,5,2,0,1,5,9,7,10,1,0,6,17,3
1437,2495,423325.5,3810361.5,2022,2,1,3,1,5,5,6,6,6,0,2,12,6,11,3,13,17,6
1426,2527,423421.5,3810394.5,2022,2,1,3,1,5,5,6,6,6,0,2,12,6,11,3,6,17,3
1436,2554,423502.5,3810364.5,2022,2,1,3,5,6,5,6,6,6,0,2,12,6,11,3,13,0,12
1424,2607,423661.5,3810400.5,2022,2,1,3,5,6,5,6,6,6,0,2,12,6,11,3,13,0,6
1425,2628,423724.5,3810397.5,2022,2,1,3,5,6,5,6,6,6,0,2,12,6,11,3,6,17,3
1422,2640,423760.5,3810406.5,2022,2,1,3,5,6,5,6,6,6,11,2,12,6,0,3,6,17,12
1418,2924,424612.5,3810418.5,2022,0,3,4,3,3,4,3,7,10,2,6,5,2,5,11,2,10,5
1419,3013,424879.5,3810415.5,2022,2,1,3,5,6,3,6,6,6,0,2,12,6,11,3,13,0,6
1420,3032,424936.5,3810412.5,2022,2,3,0,2,1,0,1,4,0,7,4,3,9,2,8,9,5,4
1466,16,415888.5,3810274.5,2022,1,2,1,1,0,6,8,8,1,5,3,13,11,4,12,12,6,17
1462,46,415978.5,3810286.5,2022,0,0,1,4,4,2,5,9,4,10,0,9,7,9,1,11,14,16
1459,88,416104.5,3810295.5,2022,1,2,2,0,0,6,8,2,5,4,5,10,3,8,10,14,8,8
1466,99,416137.5,3810274.5,2022,1,0,1,4,4,2,5,9,4,9,3,0,4,9,1,0,3,11
1443,136,416248.5,3810343.5,2022,1,2,1,4,4,6,8,3,5,4,5,10,4,14,16,14,1,11
1453,154,416302.5,3810313.5,2022,1,2,2,0,0,1,4,2,7,6,8,6,8,8,10,3,8,8
1448,193,416419.5,3810328.5,2022,0,3,4,3,3,4,3,7,10,10,11,5,7,12,7,11,14,16
1448,221,416503.5,3810328.5,2022,0,3,4,3,3,4,3,7,10,2,6,5,2,5,11,2,10,5
1459,266,416638.5,3810295.5,2022,0,0,1,4,4,2,5,9,4,10,11,9,7,12,7,11,14,16
1442,273,416659.5,3810346.5,2022,0,3,4,3,3,4,5,9,4,10,11,9,7,12,7,11,14,16
1469,318,416794.5,3810265.5,2022,0,3,4,3,3,4,3,7,10,2,6,5,2,5,11,2,10,5
1460,348,416884.5,3810292.5,2022,0,3,4,3,3,4,3,7,10,2,6,5,2,5,11,2,10,5
1448,385,416995.5,3810328.5,2022,0,0,1,4,4,2,5,9,4,10,11,9,7,12,7,11,14,16
1452,403,417049.5,3810316.5,2022,0,3,4,3,3,4,3,7,10,2,11,5,2,12,5,11,13,19
1462,438,417154.5,3810286.5,2022,0,0,4,1,5,2,2,0,9,10,11,9,7,12,7,11,14,16
1469,450,417190.5,3810265.5,2022,0,3,4,3,3,4,3,7,10,2,6,5,2,5,11,11,10,5
1469,496,417328.5,3810265.5,2022,0,3,4,3,3,4,3,7,10,2,6,5,2,5,11,2,10,5
1457,521,417403.5,3810301.5,2022,0,3,4,3,3,4,3,7,10,2,6,5,2,5,11,2,10,5
1466,556,417508.5,3810274.5,2022,0,3,4,3,3,4,3,7,10,2,6,5,2,5,11,2,10,5
1450,590,417610.5,3810322.5,2022,0,0,4,3,4,2,5,9,4,10,0,9,7,12,7,11,14,16
1445,614,417682.5,3810337.5,2022,1,0,1,4,4,2,5,8,1,9,3,13,11,4,12,12,6,17
1468,651,417793.5,3810268.5,2022,0,3,4,3,3,4,3,7,10,2,6,5,2,5,11,2,10,5
1446,666,417838.5,3810334.5,2022,0,3,4,3,3,4,3,7,10,2,6,5,2,5,11,2,10,5
1465,708,417964.5,3810277.5,2022,0,3,4,3,3,4,3,7,10,2,6,5,2,5,11,2,10,5
1447,739,418057.5,3810331.5,2022,0,0,1,4,4,2,5,9,4,9,0,0,12,9,1,0,3,15
1447,752,418096.5,3810331.5,2022,0,0,1,4,4,2,5,9,4,9,0,4,12,9,1,0,3,15
1444,807,418261.5,3810340.5,2022,1,0,1,4,4,2,5,9,9,1,12,0,4,10,16,5,1,11
1442,822,418306.5,3810346.5,2022,0,0,4,3,3,4,3,9,10,10,0,9,7,3,9,10,4,1
1442,850,418390.5,3810346.5,2022,0,0,1,4,4,2,5,9,4,9,0,9,12,3,9,0,3,15
1465,877,418471.5,3810277.5,2022,1,0,1,4,4,6,8,3,5,4,5,10,12,14,16,0,1,15
1442,900,418540.5,3810346.5,2022,0,0,1,4,4,2,5,9,4,10,0,9,7,3,9,10,4,1
1465,944,418672.5,3810277.5,2022,0,0,4,3,4,2,5,9,4,10,0,9,7,3,9,10,4,1
1449,981,418783.5,3810325.5,2022,0,3,4,3,3,4,3,7,10,10,6,9,7,3,9,10,4,1
1462,994,418822.5,3810286.5,2022,0,3,4,3,3,4,3,7,10,2,6,9,7,3,9,10,4,1
1466,1032,418936.5,3810274.5,2022,0,0,1,4,4,2,5,9,4,10,0,9,7,3,9,11,14,16
1447,1072,419056.5,3810331.5,2022,0,0,4,3,3,2,5,9,4,10,0,9,7,3,9,11,4,16
1454,1091,419113.5,3810310.5,2022,0,0,1,4,4,2,5,9,4,9,0,4,12,9,1,0,3,15
1441,1124,419212.5,3810349.5,2022,0,0,4,3,3,2,5,9,4,10,0,9,7,3,9,10,4,1
1461,1146,419278.5,3810289.5,2022,0,0,4,3,4,2,5,9,9,1,12,0,4,10,16,5,1,11
1462,1176,419368.5,3810286.5,2022,1,2,2,0,0,6,8,3,5,1,12,0,4,10,16,5,1,11
1459,1216,419488.5,3810295.5,2022,1,2,2,0,0,1,4,2,7,6,8,6,8,8,10,3,11,0
1461,1233,419539.5,3810289.5,2022,1,2,2,0,0,1,4,2,7,6,8,6,8,8,10,3,11,0
1447,1277,419671.5,3810331.5,2022,1,2,2,0,0,1,4,2,7,6,8,6,8,8,10,3,8,8
1465,1303,419749.5,3810277.5,2022,1,2,2,0,0,6,4,2,7,6,8,6,8,8,10,3,8,8
1445,1330,419830.5,3810337.5,2022,1,2,2,0,0,1,4,2,7,6,8,6,8,8,10,3,8,8
1467,1370,419950.5,3810271.5,2022,1,2,2,0,0,1,4,2,7,6,8,6,8,8,10,3,8,8
1458,1381,419983.5,3810298.5,2022,0,0,1,4,4,2,5,9,4,10,0,9,7,3,9,0,3,15
1462,1431,420133.5,3810286.5,2022,1,2,2,0,0,1,4,2,7,6,8,6,8,8,10,3,8,8
1463,1466,420238.5,3810283.5,2022,0,0,1,4,4,2,5,9,4,10,0,9,7,3,9,11,14,16
1440,1480,420280.5,3810352.5,2022,0,0,1,4,4,2,5,9,4,9,0,9,12,9,1,0,3,15
1461,1523,420409.5,3810289.5,2022,1,0,1,4,4,2,5,9,4,9,3,4,12,9,1,0,3,15
1455,1541,420463.5,3810307.5,2022,0,0,1,4,4,2,5,9,4,9,0,4,12,9,1,0,3,15
1466,1865,421435.5,3810274.5,2022,1,2,2,1,5,1,2,8,3,11,1,13,11,4,12,12,6,17
1444,2360,422920.5,3810340.5,2022,0,3,4,1,5,4,3,7,10,10,11,7,10,12,7,4,15,14
1450,2392,423016.5,3810322.5,2022,0,0,4,3,4,2,5,9,4,10,11,9,7,12,7,11,14,16
1461,2408,423064.5,3810289.5,2022,2,1,3,1,5,5,6,6,1,5,9,7,10,1,0,6,17,3
1440,2445,423175.5,3810352.5,2022,2,1,3,5,6,5,6,6,3,11,1,2,1,6,2,6,17,3
1455,2492,423316.5,3810307.5,2022,2,1,0,2,1,5,6,6,6,0,2,12,6,11,3,13,17,6
1459,2549,423487.5,3810295.5,2022,2,1,3,5,6,3,7,1,8,3,1,2,1,6,2,1,0,12
1466,2550,423490.5,3810274.5,2022,2,1,3,5,6,3,7,1,8,3,1,8,1,6,2,1,7,18
1460,2621,423703.5,3810292.5,2022,2,1,3,5,6,5,6,6,6,0,2,12,6,11,3,6,17,3
1491,27,415921.5,3810199.5,2022,0,0,1,4,4,2,5,9,4,9,0,4,12,9,1,0,3,15
1492,50,415990.5,3810196.5,2022,0,3,4,3,3,4,5,9,4,10,11,9,7,12,7,11,14,16
1487,82,416086.5,3810211.5,2022,0,3,4,3,3,4,3,7,10,10,6,9,7,5,11,11,10,5
1475,104,416152.5,3810247.5,2022,1,0,1,4,4,2,5,8,4,9,3,4,14,9,1,0,3,17
1478,149,416287.5,3810238.5,2022,1,2,2,0,0,1,4,2,7,6,8,6,8,8,10,3,8,8
1480,168,416344.5,3810232.5,2022,0,3,4,3,3,4,3,7,10,2,6,5,2,5,11,2,10,5
1471,198,416434.5,3810259.5,2022,0,3,4,3,3,4,3,7,10,2,6,5,2,5,11,2,10,5
1499,233,416539.5,3810175.5,2022,0,3,4,3,3,4,3,7,10,10,11,9,7,12,7,11,14,16
1497,252,416596.5,3810181.5,2022,0,3,4,3,3,4,3,7,10,2,6,5,2,5,11,2,10,5
1476,293,416719.5,3810244.5,2022,0,3,4,3,3,4,3,7,10,10,11,9,7,12,7,11,14,16
1496,312,416776.5,3810184.5,2022,0,3,4,3,3,4,3,7,10,2,6,5,2,5,11,2,10,5
1475,353,416899.5,3810247.5,2022,0,3,4,3,3,4,3,7,10,2,11,5,2,12,11,11,10,5
1476,367,416941.5,3810244.5,2022,0,0,4,3,3,4,5,9,4,10,11,9,7,12,7,11,14,16
1486,419,417097.5,3810214.5,2022,0,3,4,3,3,4,3,7,10,2,6,5,2,5,11,2,10,5
1495,448,417184.5,3810187.5,2022,0,3,4,3,3,4,3,7,10,2,6,5,7,5,11,11,10,5
1488,467,417241.5,3810208.5,2022,0,3,4,3,3,4,3,7,10,10,11,9,7,12,7,11,14,16
1494,481,417283.5,3810190.5,2022,0,3,4,3,3,4,3,7,10,10,6,9,7,3,9,11,4,1
1473,517,417391.5,3810253.5,2022,0,3,4,3,3,4,3,7,10,2,6,5,2,5,11,2,10,5
1494,552,417496.5,3810190.5,2022,0,3,4,3,3,4,3,7,10,2,6,5,2,5,11,2,10,5
1479,595,417625.5,3810235.5,2022,0,3,4,3,3,4,3,7,10,2,6,5,2,5,11,2,10,5
1487,627,417721.5,3810211.5,2022,0,3,4,3,3,4,3,7,10,2,6,5,2,5,11,2,10,5
1472,645,417775.5,3810256.5,2022,0,0,4,3,3,2,5,9,4,10,0,9,7,3,9,10,4,1
1481,664,417832.5,3810229.5,2022,0,3,4,3,3,4,3,7,10,2,6,5,2,5,5,2,13,19
1484,694,417922.5,3810220.5,2022,0,3,4,3,3,4,3,7,10,2,6,5,2,5,11,2,10,5
1497,725,418015.5,3810181.5,2022,0,3,4,3,3,4,3,7,10,2,6,5,2,5,11,2,10,5
1488,768,418144.5,3810208.5,2022,0,0,4,3,3,2,5,9,4,10,0,9,7,3,9,10,4,1
1471,785,418195.5,3810259.5,2022,0,0,1,4,4,2,5,9,4,10,0,9,7,3,9,0,4,16
1497,810,418270.5,3810181.5,2022,1,0,1,4,4,2,8,3,5,9,3,4,12,9,1,0,3,15
1496,847,418381.5,3810184.5,2022,1,0,1,4,4,6,8,3,5,4,5,10,3,14,15,14,16,13
1489,887,418501.5,3810205.5,2022,1,0,1,4,4,2,5,3,4,9,0,4,12,9,1,0,3,15
1488,920,418600.5,3810208.5,2022,1,2,2,0,0,6,8,3,5,4,5,10,3,14,15,14,16,13
1474,959,418717.5,3810250.5,2022,1,0,1,4,4,2,8,3,5,9,0,4,12,9,1,0,3,15
1477,971,418753.5,3810241.5,2022,0,0,1,4,4,2,5,9,4,9,0,4,12,9,1,0,3,15
1478,1001,418843.5,3810238.5,2022,1,2,1,4,4,6,8,3,5,1,12,0,4,10,16,5,1,11
1495,1036,418948.5,3810187.5,2022,0,0,4,3,4,2,5,9,4,10,0,9,7,3,9,10,4,1
1476,1057,419011.5,3810244.5,2022,0,0,1,4,4,2,5,9,4,9,0,4,12,9,1,0,3,15
1476,1086,419098.5,3810244.5,2022,1,0,1,4,4,2,5,9,4,9,0,4,12,9,1,0,3,15
1487,1124,419212.5,3810211.5,2022,0,0,1,4,4,2,5,9,4,10,0,9,7,10,9,11,14,16
1476,1164,419332.5,3810244.5,2022,1,2,2,0,0,1,8,3,9,1,12,0,4,10,16,5,1,11
1481,1187,419401.5,3810229.5,2022,1,2,2,0,0,1,4,2,7,6,8,6,8,8,10,3,8,8
1490,1208,419464.5,3810202.5,2022,1,2,2,0,0,6,8,3,5,4,5,10,3,14,15,14,16,13
1482,1235,419545.5,3810226.5,2022,1,2,2,0,0,1,4,2,7,6,8,6,8,8,10,3,8,8
1489,1282,419686.5,3810205.5,2022,1,2,2,0,0,6,4,2,7,6,8,6,8,8,10,3,8,8
1499,1319,419797.5,3810175.5,2022,1,2,1,4,4,6,8,3,5,4,5,0,4,10,16,5,1,11
1491,1336,419848.5,3810199.5,2022,1,2,2,0,0,6,4,2,7,6,8,6,8,8,10,3,8,8
1484,1356,419908.5,3810220.5,2022,1,0,1,4,4,2,8,3,9,1,12,0,4,10,16,5,1,11
1499,1393,420019.5,3810175.5,2022,1,2,2,0,0,1,4,2,7,6,8,6,8,8,10,3,8,8
1489,1435,420145.5,3810205.5,2022,1,2,2,0,0,1,8,3,9,1,12,0,4,10,16,5,1,11
1480,1454,420202.5,3810232.5,2022,0,3,4,3,3,4,3,9,10,10,0,9,7,3,9,10,4,1
1496,1484,420292.5,3810184.5,2022,0,0,4,3,4,2,5,9,4,10,0,9,7,3,9,10,4,1
1495,1525,420415.5,3810187.5,2022,0,0,1,4,4,2,5,9,4,9,0,9,12,9,1,0,3,15
1472,1546,420478.5,3810256.5,2022,0,0,4,3,4,2,5,9,4,10,0,9,7,3,9,10,4,1
1497,1573,420559.5,3810181.5,2022,1,2,2,0,0,1,4,2,7,6,8,6,8,8,10,3,11,0
1499,1845,421375.5,3810175.5,2022,1,2,2,1,5,1,2,0,1,5,9,13,11,4,12,12,6,17
1478,1863,421429.5,3810238.5,2022,2,1,3,1,5,1,2,0,1,5,9,11,13,7,0,15,2,3
1487,2392,423016.5,3810211.5,2022,0,3,4,3,3,4,3,7,10,2,11,7,10,12,7,4,15,14
1471,2503,423349.5,3810259.5,2022,2,1,3,5,6,3,7,1,8,3,7,8,5,13,13,17,9,10
1499,2529,423427.5,3810175.5,2022,2,1,3,5,6,3,7,1,8,3,1,8,1,6,2,1,7,18
1494,2571,423553.5,3810190.5,2022,2,1,3,5,6,3,6,6,6,11,1,2,1,6,2,1,0,12
1479,2632,423736.5,3810235.5,2022,2,1,3,5,6,5,6,6,3,11,1,2,1,0,4,6,17,3
1498,2668,423844.5,3810178.5,2022,0,3,4,1,5,5,2,0,6,0,11,7,10,12,7,4,15,14
1497,2670,423850.5,3810181.5,2022,2,1,3,1,5,5,6,6,6,0,2,7,10,11,3,4,15,14
1497,3204,425452.5,3810181.5,2022,2,1,0,2,1,0,1,4,0,7,4,3,9,2,8,9,5,4
1493,3210,425470.5,3810193.5,2022,2,1,3,5,6,0,1,6,6,0,2,12,6,11,3,13,0,6
1527,21,415903.5,3810091.5,2022,0,0,4,3,3,4,5,9,4,10,0,9,7,3,9,10,4,1
1525,55,416005.5,3810097.5,2022,0,0,1,1,4,2,5,9,1,5,9,13,11,1,0,8,2,2
1509,69,416047.5,3810145.5,2022,0,0,1,4,4,2,5,9,4,10,11,9,7,12,7,11,14,16
1501,91,416113.5,3810169.5,2022,0,0,1,4,4,2,5,9,4,9,0,0,12,9,1,0,3,15
1517,137,416251.5,3810121.5,2022,1,2,2,1,5,1,2,0,9,1,12,11,13,7,6,15,11,0
1526,153,416299.5,3810094.5,2022,1,2,2,0,0,1,4,2,7,6,8,6,8,8,6,15,11,0
1529,204,416452.5,3810085.5,2022,0,0,1,1,5,2,5,9,4,10,11,7,7,12,7,11,14,16
1521,224,416512.5,3810109.5,2022,0,0,4,3,3,4,5,9,4,10,11,9,7,12,7,11,14,16
1511,243,416569.5,3810139.5,2022,0,3,4,3,3,4,3,7,10,2,6,5,2,5,11,2,10,5
1503,286,416698.5,3810163.5,2022,0,0,4,3,3,2,5,9,4,10,11,9,7,12,7,11,14,16
1503,300,416740.5,3810163.5,2022,0,3,4,3,3,4,3,7,10,2,6,5,2,5,11,2,10,5
1512,349,416887.5,3810136.5,2022,0,3,4,3,3,4,3,7,10,10,11,9,7,12,7,11,14,16
1517,365,416935.5,3810121.5,2022,0,3,4,3,3,4,3,7,10,2,6,5,2,5,11,2,10,5
1525,395,417025.5,3810097.5,2022,0,3,4,3,3,4,3,7,10,2,6,5,2,5,11,2,10,5
1503,424,417112.5,3810163.5,2022,0,3,4,3,3,4,3,7,10,2,6,5,2,5,11,2,10,5
1526,466,417238.5,3810094.5,2022,0,3,4,3,3,4,3,7,10,2,6,5,2,5,11,2,10,5
1518,498,417334.5,3810118.5,2022,0,3,4,3,3,4,3,7,10,10,6,9,7,3,9,11,4,1
1510,515,417385.5,3810142.5,2022,0,3,4,3,3,4,3,7,10,2,6,5,2,5,11,2,10,5
1518,567,417541.5,3810118.5,2022,0,3,4,3,3,4,3,7,9,1,12,9,7,3,5,11,13,19
1502,583,417589.5,3810166.5,2022,0,3,4,3,3,4,3,7,10,10,6,9,7,3,9,10,4,1
1516,606,417658.5,3810124.5,2022,1,2,2,0,0,1,4,2,7,6,8,6,8,8,6,3,11,0
1500,655,417805.5,3810172.5,2022,0,3,4,3,3,4,3,7,10,10,11,9,7,12,5,11,13,19
1519,678,417874.5,3810115.5,2022,0,0,4,3,3,4,3,9,10,10,11,9,7,3,9,11,4,16
1521,695,417925.5,3810109.5,2022,0,0,4,3,3,4,5,9,4,10,11,9,7,3,9,11,14,16
1514,736,418048.5,3810130.5,2022,0,0,4,3,3,2,5,9,4,10,0,9,7,3,9,10,4,1
1513,776,418168.5,3810133.5,2022,0,0,4,3,3,4,3,9,4,10,0,9,7,3,9,10,4,1
1523,807,418261.5,3810103.5,2022,1,2,2,0,0,1,8,3,7,6,8,13,11,4,6,12,11,0
1517,822,418306.5,3810121.5,2022,1,2,2,0,0,6,8,3,5,4,5,0,4,10,16,5,1,11
1501,847,418381.5,3810169.5,2022,0,0,1,4,4,2,5,9,4,9,0,4,12,9,1,0,3,15
1517,890,418510.5,3810121.5,2022,1,0,1,4,4,6,8,3,5,4,5,10,12,14,15,0,16,15
1504,902,418546.5,3810160.5,2022,1,0,1,4,4,2,8,3,5,9,0,0,12,10,16,0,3,15
1501,957,418711.5,3810169.5,2022,1,2,2,0,0,6,8,3,5,1,5,0,4,10,16,5,1,11
1524,965,418735.5,3810100.5,2022,0,0,1,4,4,2,5,9,4,9,0,4,12,9,1,0,3,15
1517,1005,418855.5,3810121.5,2022,1,2,1,4,4,6,8,3,5,1,12,0,4,10,16,5,1,11
1509,1038,418954.5,3810145.5,2022,0,0,4,3,3,2,5,9,4,10,0,9,7,3,9,11,14,16
1524,1062,419026.5,3810100.5,2022,0,0,1,4,4,2,5,9,4,10,0,9,7,3,9,0,14,16
1505,1105,419155.5,3810157.5,2022,0,0,1,4,4,2,5,9,4,10,0,9,7,3,9,11,4,16
1503,1126,419218.5,3810163.5,2022,0,0,1,4,4,2,5,9,4,9,0,4,12,9,1,0,3,16
1515,1147,419281.5,3810127.5,2022,1,2,2,0,0,6,4,2,7,6,8,6,8,8,10,3,8,8
1510,1170,419350.5,3810142.5,2022,1,2,2,0,0,6,8,3,5,1,12,0,4,10,16,5,1,11
1507,1216,419488.5,3810151.5,2022,1,2,2,0,0,6,8,3,5,4,5,10,3,14,15,14,16,13
1505,1235,419545.5,3810157.5,2022,1,0,1,4,4,2,5,9,4,9,0,4,12,9,1,0,3,15
1515,1268,419644.5,3810127.5,2022,1,2,2,0,0,6,8,3,5,4,5,10,3,14,15,14,16,13
1501,1310,419770.5,3810169.5,2022,1,2,2,0,0,6,4,2,7,4,8,6,8,8,10,3,8,8
1512,1327,419821.5,3810136.5,2022,1,2,2,0,0,6,8,3,5,4,5,10,3,14,15,14,16,13
1501,1392,420016.5,3810169.5,2022,1,2,2,0,0,1,4,2,7,6,8,6,8,8,10,3,8,8
1502,1438,420154.5,3810166.5,2022,1,0,1,4,4,1,2,0,9,1,12,0,4,10,16,5,1,11
1518,1455,420205.5,3810118.5,2022,0,3,4,3,3,4,3,7,10,2,6,5,2,5,11,2,10,5
1521,1480,420280.5,3810109.5,2022,0,3,4,3,3,4,3,9,10,10,11,9,7,12,7,11,14,16
1520,1515,420385.5,3810112.5,2022,0,0,4,3,3,2,5,9,4,10,0,9,7,3,9,10,4,1
1505,1548,420484.5,3810157.5,2022,0,0,1,4,4,2,5,9,4,10,0,9,7,3,9,11,14,16
1526,1581,420583.5,3810094.5,2022,1,2,2,1,5,1,2,0,1,5,9,13,11,4,12,12,6,17
1527,1593,420619.5,3810091.5,2022,1,2,2,0,0,1,4,2,7,6,8,6,8,8,10,3,11,0
1529,1644,420772.5,3810085.5,2022,1,2,2,0,0,1,4,2,7,6,8,6,8,8,10,3,8,8
1529,1814,421282.5,3810085.5,2022,1,2,2,0,0,6,4,2,7,6,8,6,8,8,10,3,8,8
1501,1845,421375.5,3810169.5,2022,1,2,2,0,0,6,4,2,7,6,8,6,8,8,10,3,8,8
1523,2042,421966.5,3810103.5,2022,1,2,2,0,0,1,4,2,7,6,8,6,8,8,10,3,8,8
1509,2353,422899.5,3810145.5,2022,2,1,3,5,6,5,6,6,6,0,2,12,6,11,3,13,0,6
1527,2495,423325.5,3810091.5,2022,2,1,3,5,6,3,7,1,8,3,1,8,1,6,2,1,7,18
1518,2547,423481.5,3810118.5,2022,2,1,3,5,6,3,7,1,8,3,1,8,1,6,2,1,7,18
1505,2559,423517.5,3810157.5,2022,2,1,3,5,6,5,6,6,6,0,2,12,6,11,3,13,0,12
1514,2609,423667.5,3810130.5,2022,2,3,0,1,5,5,2,6,6,0,11,7,10,1,0,4,15,14
1503,2617,423691.5,3810163.5,2022,2,1,3,5,6,5,6,6,3,11,1,2,1,0,4,1,7,12
1522,2660,423820.5,3810106.5,2022,2,1,3,5,6,5,6,8,3,11,1,2,1,0,4,6,18,12
1506,2672,423856.5,3810154.5,2022,0,3,4,1,5,4,2,0,6,0,11,7,10,12,7,4,15,14
1503,3200,425440.5,3810163.5,2022,2,1,0,2,1,0,1,6,6,0,2,12,6,11,3,13,0,6
1509,3217,425491.5,3810145.5,2022,2,1,3,5,6,5,6,6,6,0,2,12,6,11,3,13,0,6
1528,3301,425743.5,3810088.5,2022,2,1,3,5,6,5,6,8,3,11,1,2,1,0,4,6,18,3
1538,7,415861.5,3810058.5,2022,0,0,4,3,3,4,5,9,4,10,11,9,7,12,7,11,14,16
1554,45,415975.5,3810010.5,2022,1,0,1,4,4,2,5,8,4,9,3,4,11,9,12,12,6,17
1557,63,416029.5,3810001.5,2022,1,2,2,0,0,6,8,8,5,5,9,13,11,4,12,12,6,17
1553,111,416173.5,3810013.5,2022,1,0,1,4,4,2,5,9,4,9,3,4,12,9,1,0,3,15
1549,149,416287.5,3810025.5,2022,1,0,1,4,4,2,5,8,1,5,3,13,11,4,12,12,6,17
1546,165,416335.5,3810034.5,2022,0,0,1,4,4,2,5,9,4,9,3,4,14,9,1,0,3,16
1543,184,416392.5,3810043.5,2022,0,0,1,4,4,2,5,9,4,10,11,9,7,12,7,11,14,16
1533,222,416506.5,3810073.5,2022,0,3,4,3,3,4,3,7,10,10,6,9,7,3,9,10,4,1
1551,243,416569.5,3810019.5,2022,0,0,4,4,4,2,5,9,4,10,0,9,7,3,9,11,14,16
1541,287,416701.5,3810049.5,2022,1,0,1,4,4,2,8,3,9,1,12,0,4,10,16,5,1,11
1551,318,416794.5,3810019.5,2022,1,0,1,1,5,1,2,0,9,1,12,0,11,10,16,5,1,11
1537,346,416878.5,3810061.5,2022,0,0,4,3,3,4,3,9,10,10,0,9,7,3,9,10,4,1
1558,370,416950.5,3809998.5,2022,0,0,1,4,4,2,5,9,4,9,0,9,12,3,9,0,3,15
1548,413,417079.5,3810028.5,2022,1,0,1,4,4,2,5,9,9,1,12,0,4,10,16,5,1,11
1532,429,417127.5,3810076.5,2022,0,3,4,3,3,4,3,7,10,2,6,5,2,5,11,2,10,5
1555,467,417241.5,3810007.5,2022,1,0,1,4,4,2,8,3,5,9,5,0,4,10,16,5,1,11
1556,499,417337.5,3810004.5,2022,0,3,4,3,3,4,3,7,10,10,0,9,7,3,9,10,4,1
1536,518,417394.5,3810064.5,2022,0,3,4,3,3,4,3,7,10,2,6,5,2,5,11,2,10,5
1542,543,417469.5,3810046.5,2022,0,3,4,3,3,4,3,7,10,2,6,5,2,5,11,2,10,5
1559,577,417571.5,3809995.5,2022,0,0,4,3,3,4,5,9,9,1,12,0,4,10,5,5,13,19
1544,622,417706.5,3810040.5,2022,1,0,1,1,5,1,2,0,1,5,9,13,11,4,12,8,2,2
1541,658,417814.5,3810049.5,2022,0,3,4,3,3,4,3,0,9,1,12,11,13,7,5,11,13,19
1546,683,417889.5,3810034.5,2022,1,0,1,1,5,2,2,8,1,5,9,13,11,4,12,12,6,17
1552,711,417973.5,3810016.5,2022,0,0,1,4,4,2,5,9,4,10,0,9,7,3,9,10,4,1
1533,746,418078.5,3810073.5,2022,0,0,1,4,4,2,5,9,4,10,0,9,7,3,9,10,4,1
1546,752,418096.5,3810034.5,2022,1,0,1,4,4,2,8,3,9,1,12,0,4,10,16,5,1,11
1535,799,418237.5,3810067.5,2022,1,0,1,4,4,2,8,3,9,1,12,0,4,10,16,5,1,11
1548,837,418351.5,3810028.5,2022,1,2,1,4,4,6,8,3,5,4,5,0,4,10,16,5,1,11
1557,869,418447.5,3810001.5,2022,1,2,1,4,4,6,8,3,5,4,5,0,4,10,16,5,1,11
1552,880,418480.5,3810016.5,2022,1,2,2,0,0,6,8,3,5,4,5,10,3,14,15,14,16,13
1555,926,418618.5,3810007.5,2022,0,0,1,4,4,2,5,9,4,9,0,4,12,9,1,0,3,15
1549,958,418714.5,3810025.5,2022,1,2,2,0,0,6,8,3,5,1,12,0,4,10,16,5,1,11
1545,976,418768.5,3810037.5,2022,1,0,1,4,4,6,8,3,5,9,5,0,4,10,16,5,1,11
1559,1017,418891.5,3809995.5,2022,0,0,4,3,3,4,5,9,4,10,11,9,7,12,7,11,14,16
1533,1033,418939.5,3810073.5,2022,0,0,4,3,3,2,5,9,4,10,0,9,7,3,9,11,14,16
1544,1058,419014.5,3810040.5,2022,1,2,2,0,0,1,8,3,9,1,12,0,4,10,16,5,1,11
1552,1107,419161.5,3810016.5,2022,0,0,1,4,4,2,5,9,4,9,0,4,7,9,1,0,3,16
1532,1120,419200.5,3810076.5,2022,0,0,4,3,3,2,5,9,4,10,0,9,7,3,9,11,4,16
1545,1143,419269.5,3810037.5,2022,1,2,2,0,0,1,4,2,7,6,8,6,8,8,10,3,8,8
1536,1174,419362.5,3810064.5,2022,0,0,4,3,4,2,5,9,4,10,0,9,7,3,9,10,4,1
1553,1212,419476.5,3810013.5,2022,1,0,1,4,4,2,5,3,9,1,12,0,4,10,16,5,1,11
1558,1248,419584.5,3809998.5,2022,0,0,4,3,3,4,3,9,10,10,0,9,7,3,9,10,4,1
1553,1280,419680.5,3810013.5,2022,0,3,4,3,3,4,3,7,10,2,6,5,2,5,11,10,4,1
1541,1316,419788.5,3810049.5,2022,1,2,2,0,0,6,4,2,7,6,8,6,8,8,10,3,8,8
1559,1349,419887.5,3809995.5,2022,1,2,2,0,0,6,4,2,7,1,12,0,4,10,16,5,1,11
1553,1377,419971.5,3810013.5,2022,1,2,2,0,0,6,4,2,7,6,8,6,8,8,10,12,8,8
1557,1386,419998.5,3810001.5,2022,1,2,2,0,0,6,8,3,5,4,5,0,4,10,16,5,1,11
1539,1436,420148.5,3810055.5,2022,0,0,1,4,4,2,5,9,4,9,3,4,14,9,1,0,14,16
1557,1442,420166.5,3810001.5,2022,0,0,4,3,4,2,5,9,4,10,11,9,7,12,7,11,14,16
1532,1474,420262.5,3810076.5,2022,0,3,4,3,3,4,3,7,10,2,6,5,2,5,11,2,10,5
1531,1518,420394.5,3810079.5,2022,1,2,2,0,4,6,8,3,9,1,12,0,4,10,16,5,1,11
1552,1551,420493.5,3810016.5,2022,0,2,4,1,5,1,2,0,1,5,9,11,13,7,5,15,13,19
1538,1581,420583.5,3810058.5,2022,0,0,4,3,3,2,5,9,4,10,11,9,7,12,7,11,14,16
1554,1601,420643.5,3810010.5,2022,1,2,2,0,0,1,4,2,7,6,8,6,8,8,10,3,8,8
1536,1624,420712.5,3810064.5,2022,0,0,1,1,5,5,2,0,1,5,11,7,10,12,7,11,14,16
1554,1743,421069.5,3810010.5,2022,1,2,2,1,5,1,2,0,1,5,9,13,11,4,6,12,6,17
1531,1813,421279.5,3810079.5,2022,1,2,2,0,0,6,4,2,7,6,8,6,8,8,10,3,8,8
1553,2004,421852.5,3810013.5,2022,1,2,2,0,0,6,8,3,5,1,12,0,4,10,16,5,1,11
1552,2010,421870.5,3810016.5,2022,1,2,2,0,0,6,4,2,7,6,8,6,8,8,10,3,8,8
1535,2069,422047.5,3810067.5,2022,1,2,2,0,0,1,4,2,9,1,12,0,4,10,16,5,1,11
1537,2070,422050.5,3810061.5,2022,1,2,2,0,0,6,8,2,7,1,12,0,4,10,16,5,1,11
1537,2357,422911.5,3810061.5,2022,0,3,4,3,3,4,3,7,10,2,6,5,2,5,11,4,15,14
1545,2509,423367.5,3810037.5,2022,2,1,3,5,6,3,7,1,8,3,7,8,5,6,2,17,7,18
1553,2540,423460.5,3810013.5,2022,2,1,3,5,6,3,6,6,3,11,1,2,1,6,2,1,7,12
1531,2557,423511.5,3810079.5,2022,2,1,3,5,6,5,6,6,6,0,2,12,6,11,3,13,0,12
1555,2604,423652.5,3810007.5,2022,2,1,3,5,6,5,6,6,6,0,2,12,6,11,3,6,0,12
1558,2614,423682.5,3809998.5,2022,2,1,3,1,5,5,6,6,6,0,2,7,10,1,0,6,17,3
1535,2664,423832.5,3810067.5,2022,2,1,3,1,5,5,6,6,6,0,2,7,10,11,3,6,17,3
1530,2670,423850.5,3810082.5,2022,2,3,4,1,5,5,6,6,6,0,11,7,10,12,7,4,14,14
1558,3299,425737.5,3809998.5,2022,2,1,3,5,6,5,6,6,3,11,1,2,1,0,4,6,17,3
1559,3300,425740.5,3809995.5,2022,2,1,3,1,5,5,6,8,3,11,1,2,1,0,4,6,17,3
1581,8,415864.5,3809929.5,2022,0,0,4,1,5,2,2,0,1,5,9,9,7,1,0,8,2,2
1570,35,415945.5,3809962.5,2022,0,0,1,4,4,2,5,9,4,9,0,4,12,9,1,0,3,15
1587,73,416059.5,3809911.5,2022,0,0,1,4,4,2,5,9,4,9,0,4,12,9,1,0,3,15
1581,92,416116.5,3809929.5,2022,1,0,1,4,4,2,5,8,4,9,3,4,14,9,1,0,3,15
1575,143,416269.5,3809947.5,2022,1,0,1,4,4,2,5,9,4,9,3,4,12,9,1,0,3,15
1574,160,416320.5,3809950.5,2022,0,0,4,3,3,4,5,9,4,10,0,9,7,3,9,11,4,1
1576,191,416413.5,3809944.5,2022,0,0,1,4,4,2,5,9,4,9,3,4,12,9,1,0,3,15
1573,236,416548.5,3809953.5,2022,0,3,4,3,3,4,3,7,10,10,6,9,7,3,9,11,4,16
1567,268,416644.5,3809971.5,2022,1,2,2,0,0,1,4,2,9,1,12,0,4,10,6,5,11,0
1579,293,416719.5,3809935.5,2022,1,0,1,4,4,2,2,0,9,1,12,13,11,10,16,5,1,16
1574,319,416797.5,3809950.5,2022,1,0,1,1,5,2,2,8,1,5,9,13,11,4,12,12,6,17
1583,336,416848.5,3809923.5,2022,1,2,2,0,0,6,8,3,5,4,5,13,11,4,12,12,6,17
1575,360,416920.5,3809947.5,2022,1,0,1,4,4,2,2,9,1,5,9,13,11,4,12,12,6,17
1587,397,417031.5,3809911.5,2022,0,0,1,4,4,2,5,9,4,9,0,4,12,9,1,0,3,15
1566,444,417172.5,3809974.5,2022,1,2,2,0,0,6,8,3,5,4,5,10,3,4,16,12,1,11
1584,473,417259.5,3809920.5,2022,1,2,2,0,0,1,8,3,9,1,12,0,4,10,16,5,1,11
1574,495,417325.5,3809950.5,2022,1,2,2,0,0,1,4,2,7,6,8,6,8,4,6,12,11,0
1567,513,417379.5,3809971.5,2022,1,2,2,0,0,6,4,2,7,6,8,6,8,8,10,3,8,8
1560,540,417460.5,3809992.5,2022,0,3,4,3,3,4,3,7,10,10,0,9,7,3,9,10,4,1
1564,578,417574.5,3809980.5,2022,0,2,2,1,5,1,2,0,1,5,9,11,13,7,6,8,11,0
1575,608,417664.5,3809947.5,2022,0,0,4,1,5,1,2,0,1,5,9,13,11,1,0,8,2,2
1581,652,417796.5,3809929.5,2022,0,2,4,1,5,1,2,0,1,5,9,11,13,7,6,8,2,2
1560,686,417898.5,3809992.5,2022,0,0,1,4,4,2,5,9,4,10,0,9,7,10,9,11,1,16
1581,708,417964.5,3809929.5,2022,0,2,4,3,3,1,2,0,9,1,12,0,4,10,5,5,13,19
1582,723,418009.5,3809926.5,2022,0,0,4,3,3,2,5,9,9,1,12,0,4,10,16,5,1,11
1589,768,418144.5,3809905.5,2022,0,0,4,3,3,2,5,9,4,10,0,9,7,3,9,11,4,1
1588,797,418231.5,3809908.5,2022,0,0,4,3,3,4,5,9,4,10,0,9,7,3,9,11,4,16
1570,832,418336.5,3809962.5,2022,1,0,1,4,4,2,8,3,5,9,5,0,12,10,16,0,3,15
1565,855,418405.5,3809977.5,2022,1,0,1,4,4,6,8,3,5,4,5,10,4,14,15,14,16,13
1567,899,418537.5,3809971.5,2022,1,2,2,0,0,6,8,3,5,4,5,10,3,14,15,14,16,13
1565,909,418567.5,3809977.5,2022,1,2,2,0,0,6,8,3,5,4,5,0,4,10,16,5,1,11
1563,943,418669.5,3809983.5,2022,1,2,2,0,0,6,8,3,5,4,5,10,3,14,15,14,16,13
1588,962,418726.5,3809908.5,2022,1,2,2,0,0,6,8,3,5,4,5,0,4,10,16,5,1,11
1584,1010,418870.5,3809920.5,2022,0,0,1,4,4,2,5,9,4,10,0,9,7,3,9,11,14,16
1572,1037,418951.5,3809956.5,2022,0,0,1,4,4,2,5,9,4,10,0,9,7,12,7,11,14,16
1568,1072,419056.5,3809968.5,2022,1,0,1,4,4,6,8,3,5,1,12,0,4,10,16,5,1,11
1568,1093,419119.5,3809968.5,2022,1,2,2,0,0,1,4,3,9,1,12,0,4,10,16,5,1,11
1576,1121,419203.5,3809944.5,2022,1,0,1,4,4,2,8,3,9,1,12,0,4,10,16,5,1,11
1576,1148,419284.5,3809944.5,2022,0,0,1,4,4,2,5,9,4,10,0,9,7,3,9,0,4,1
1578,1192,419416.5,3809938.5,2022,0,0,1,4,4,2,5,9,4,10,0,9,12,3,9,10,4,1
1584,1212,419476.5,3809920.5,2022,1,0,2,4,4,2,5,3,9,1,12,0,4,10,16,5,1,11
1586,1251,419593.5,3809914.5,2022,1,0,2,4,4,2,8,3,9,1,12,0,4,10,16,5,1,11
1586,1268,419644.5,3809914.5,2022,0,3,4,3,3,4,3,7,10,10,6,9,7,3,9,10,4,1
1576,1309,419767.5,3809944.5,2022,1,2,2,0,0,6,4,2,7,6,8,6,8,8,10,3,8,8
1563,1324,419812.5,3809983.5,2022,1,2,2,0,0,6,4,2,7,6,8,6,8,8,10,3,8,8
1589,1373,419959.5,3809905.5,2022,1,2,2,0,0,6,4,2,7,6,8,6,8,8,10,3,1,11
1582,1406,420058.5,3809926.5,2022,1,2,1,4,4,6,8,3,5,1,12,0,4,10,16,5,1,11
1570,1412,420076.5,3809962.5,2022,1,2,2,0,0,1,4,2,7,6,8,6,8,7,6,15,11,0
1582,1455,420205.5,3809926.5,2022,1,2,2,0,0,6,4,2,7,6,8,6,8,8,10,3,8,8
1579,1488,420304.5,3809935.5,2022,1,2,2,0,0,1,4,2,7,6,8,6,8,8,10,3,8,8
1571,1515,420385.5,3809959.5,2022,1,2,2,0,0,1,4,2,7,6,8,6,8,8,10,3,8,8
1572,1534,420442.5,3809956.5,2022,1,2,2,0,0,1,4,2,7,6,8,6,8,8,10,3,8,8
1562,1577,420571.5,3809986.5,2022,0,3,4,3,3,4,3,7,10,2,6,5,2,5,11,2,10,5
1567,1607,420661.5,3809971.5,2022,1,0,1,1,5,5,2,0,1,5,9,7,11,12,7,6,14,3
1572,1822,421306.5,3809956.5,2022,2,1,3,1,5,5,6,8,1,5,9,7,11,1,0,6,17,3
1583,1835,421345.5,3809923.5,2022,1,0,3,1,5,5,6,8,3,11,1,2,14,0,4,12,6,17
1571,1868,421444.5,3809959.5,2022,1,2,2,0,0,1,4,2,7,6,8,6,8,8,10,12,8,8
1589,1900,421540.5,3809905.5,2022,1,0,1,1,5,2,2,8,1,5,9,13,11,4,12,12,6,17
1567,1997,421831.5,3809971.5,2022,1,0,1,4,4,2,5,9,4,9,3,4,12,9,1,0,3,15
1560,2010,421870.5,3809992.5,2022,1,2,2,0,0,1,4,2,7,6,8,6,8,8,10,3,8,8
1566,2049,421987.5,3809974.5,2022,1,2,2,0,0,1,4,2,7,6,8,6,8,8,10,3,8,18
1579,2070,422050.5,3809935.5,2022,1,2,3,1,5,1,4,2,7,6,1,11,1,6,2,15,7,18
1579,2500,423340.5,3809935.5,2022,2,1,3,5,6,5,6,6,6,0,2,12,6,11,3,13,0,6
1569,2541,423463.5,3809965.5,2022,2,1,3,5,6,5,6,6,3,11,1,2,1,6,2,1,7,18
1567,2565,423535.5,3809971.5,2022,2,1,3,5,6,5,6,6,6,0,2,12,1,6,2,13,0,12
1561,2609,423667.5,3809989.5,2022,2,3,4,1,5,5,6,6,6,0,11,7,10,12,7,4,15,14
1561,2610,423670.5,3809989.5,2022,2,0,3,1,5,5,6,8,6,0,11,7,14,12,7,6,14,16
1586,2654,423802.5,3809914.5,2022,0,3,4,1,5,4,2,0,6,0,11,7,10,12,7,4,15,14
1565,3295,425725.5,3809977.5,2022,2,1,0,2,1,5,6,6,6,0,2,12,6,11,3,4,15,14
1564,3301,425743.5,3809980.5,2022,2,1,3,5,6,5,6,6,6,0,2,12,6,11,3,13,0,6
1611,13,415879.5,3809839.5,2022,1,0,1,4,4,2,5,9,4,9,3,4,12,9,1,0,3,15
1595,53,415999.5,3809887.5,2022,1,2,2,0,0,6,8,3,5,4,5,10,3,4,12,12,6,17
1593,69,416047.5,3809893.5,2022,1,2,1,4,0,6,8,3,5,4,5,10,3,14,15,14,16,13
1611,92,416116.5,3809839.5,2022,1,0,1,4,4,6,8,3,5,4,3,13,11,4,12,12,6,17
1615,148,416284.5,3809827.5,2022,0,0,1,4,4,2,5,9,4,9,0,4,12,9,1,0,3,15
1613,171,416353.5,3809833.5,2022,0,0,1,4,4,2,5,9,4,9,0,4,12,9,1,0,3,15
1604,187,416401.5,3809860.5,2022,1,0,1,4,4,2,8,3,5,9,3,4,12,9,1,0,3,15
1604,233,416539.5,3809860.5,2022,0,0,4,3,3,2,5,9,4,10,0,9,7,3,9,11,4,1
1607,266,416638.5,3809851.5,2022,1,0,1,4,4,2,8,3,5,9,3,4,4,9,1,0,3,15
1611,299,416737.5,3809839.5,2022,1,0,1,4,4,2,8,3,9,1,12,0,4,10,16,5,1,11
1600,325,416815.5,3809872.5,2022,1,0,1,1,4,2,2,0,1,5,9,13,11,4,12,12,6,17
1591,352,416896.5,3809899.5,2022,1,2,2,0,0,1,8,3,7,1,12,0,4,10,6,5,11,0
1600,382,416986.5,3809872.5,2022,1,0,1,4,4,2,8,3,5,5,9,13,11,4,12,12,6,17
1601,397,417031.5,3809869.5,2022,0,0,1,4,4,2,5,9,4,10,0,9,7,3,9,10,4,1
1604,447,417181.5,3809860.5,2022,1,0,1,4,4,2,8,3,5,9,0,0,12,10,16,0,1,15
1617,462,417226.5,3809821.5,2022,0,0,1,4,4,2,5,9,4,9,0,4,12,9,1,0,3,15
1605,507,417361.5,3809857.5,2022,0,0,4,1,5,1,2,0,1,5,9,11,13,1,0,8,2,2
1619,514,417382.5,3809815.5,2022,1,2,2,0,0,1,4,2,7,6,8,6,8,8,10,3,8,8
1596,540,417460.5,3809884.5,2022,1,2,2,0,0,1,4,2,7,6,8,6,8,8,10,3,8,8
1594,594,417622.5,3809890.5,2022,0,3,4,3,3,4,2,0,1,5,9,5,10,1,0,8,2,2
1603,625,417715.5,3809863.5,2022,1,2,2,0,0,1,4,2,7,6,8,6,8,8,6,3,11,0
1599,656,417808.5,3809875.5,2022,1,2,2,1,5,1,2,0,1,5,9,11,13,7,6,15,11,0
1603,676,417868.5,3809863.5,2022,1,0,1,4,4,2,5,3,9,1,12,0,4,10,16,5,1,11
1601,706,417958.5,3809869.5,2022,1,2,2,0,0,1,4,2,7,6,8,13,11,4,6,12,11,0
1600,724,418012.5,3809872.5,2022,1,2,2,0,0,6,8,3,9,1,12,0,4,10,16,5,1,11
1592,776,418168.5,3809896.5,2022,0,0,1,4,4,2,5,9,4,10,0,9,7,9,1,11,14,16
1603,796,418228.5,3809863.5,2022,0,0,1,4,4,2,5,9,4,10,0,9,7,12,7,11,14,16
1608,833,418339.5,3809848.5,2022,1,0,1,4,4,2,8,3,4,9,12,0,4,10,16,5,1,11
1605,868,418444.5,3809857.5,2022,1,2,2,0,0,1,8,3,9,1,12,0,4,10,16,5,1,11
1594,886,418498.5,3809890.5,2022,0,0,1,4,4,2,5,9,4,10,0,9,7,3,9,10,4,1
1603,908,418564.5,3809863.5,2022,0,0,1,4,4,2,5,9,4,9,0,4,12,9,1,0,3,15
1602,955,418705.5,3809866.5,2022,1,0,1,4,4,2,8,3,9,1,12,0,4,10,16,5,1,11
1603,967,418741.5,3809863.5,2022,1,0,1,4,4,2,5,9,4,9,12,0,4,10,16,5,1,11
1609,1017,418891.5,3809845.5,2022,0,0,4,3,3,2,5,9,4,10,0,9,7,12,7,11,14,16
1608,1026,418918.5,3809848.5,2022,0,0,4,3,3,2,5,9,4,10,11,9,7,12,7,11,14,16
1606,1059,419017.5,3809854.5,2022,0,0,1,4,4,2,5,9,4,10,0,9,7,9,1,11,14,16
1608,1096,419128.5,3809848.5,2022,1,0,1,4,4,6,8,3,5,1,5,0,4,10,16,5,1,11
1608,1121,419203.5,3809848.5,2022,0,0,1,4,4,2,5,9,4,9,0,4,12,9,1,0,3,15
1595,1160,419320.5,3809887.5,2022,0,3,4,3,3,4,3,7,10,2,6,9,2,3,9,10,4,1
1604,1176,419368.5,3809860.5,2022,0,3,4,3,3,4,3,7,10,10,6,9,7,3,9,10,4,1
1595,1206,419458.5,3809887.5,2022,0,0,4,3,3,4,5,9,4,10,0,9,7,3,9,10,4,1
1613,1232,419536.5,3809833.5,2022,0,3,4,3,3,4,3,7,10,2,6,5,2,5,11,2,10,5
1614,1274,419662.5,3809830.5,2022,1,0,1,4,4,2,8,3,9,1,12,0,4,10,16,5,1,11
1590,1293,419719.5,3809902.5,2022,1,2,2,0,0,6,8,3,5,1,12,0,4,10,16,5,1,11
1615,1347,419881.5,3809827.5,2022,1,2,2,0,0,6,4,2,7,6,8,13,11,4,12,12,6,17
1593,1372,419956.5,3809893.5,2022,1,2,2,0,0,6,4,2,7,6,8,6,8,8,10,3,8,8
1593,1408,420064.5,3809893.5,2022,1,2,2,0,0,6,4,2,7,6,8,6,8,8,10,3,8,8
1598,1411,420073.5,3809878.5,2022,1,2,2,0,0,6,4,2,7,4,5,6,8,8,10,3,8,8
1597,1445,420175.5,3809881.5,2022,1,2,2,0,0,6,8,3,5,4,5,0,4,10,16,5,1,11
1603,1489,420307.5,3809863.5,2022,1,2,2,0,0,1,4,2,7,6,8,6,8,8,10,3,8,8
1615,1505,420355.5,3809827.5,2022,1,2,2,0,0,1,4,2,7,6,8,13,11,4,12,12,6,17
1619,1540,420460.5,3809815.5,2022,1,2,2,0,0,1,4,2,7,6,8,6,8,8,10,3,8,8
1598,1572,420556.5,3809878.5,2022,0,3,4,3,3,4,3,7,10,2,6,5,7,5,5,11,13,19
1600,1820,421300.5,3809872.5,2022,1,2,2,0,0,1,4,2,7,6,8,6,8,8,10,3,8,8
1612,1831,421333.5,3809836.5,2022,1,1,3,5,6,5,6,8,3,11,1,2,1,4,12,12,6,17
1590,1900,421540.5,3809902.5,2022,1,0,1,4,4,2,5,9,4,1,12,0,14,10,7,11,14,16
1608,2025,421915.5,3809848.5,2022,1,2,2,0,0,6,4,2,7,6,8,6,8,8,10,3,8,8
1603,2065,422035.5,3809863.5,2022,1,2,2,0,0,1,4,2,7,6,8,6,8,8,10,3,8,8
1617,2094,422122.5,3809821.5,2022,0,0,4,4,4,2,5,9,9,10,0,9,7,3,9,11,14,16
1616,2102,422146.5,3809824.5,2022,1,2,2,0,0,6,4,3,7,1,12,0,4,10,16,5,1,11
1619,2513,423379.5,3809815.5,2022,2,1,3,5,6,3,6,6,3,11,1,2,1,6,2,1,7,18
1617,2534,423442.5,3809821.5,2022,1,1,3,5,6,1,4,2,3,11,1,2,1,6,2,1,7,18
1596,2559,423517.5,3809884.5,2022,2,1,3,5,6,5,6,6,6,0,2,12,6,11,3,13,0,12
1607,2613,423679.5,3809851.5,2022,0,3,0,2,1,4,1,7,6,0,11,7,10,12,7,4,15,14
1613,2659,423817.5,3809833.5,2022,2,3,4,1,5,5,2,0,1,5,11,7,10,1,0,4,15,14
1637,11,415873.5,3809761.5,2022,0,0,1,4,4,2,5,9,4,10,0,9,7,3,9,10,4,1
1621,42,415966.5,3809809.5,2022,0,0,1,4,4,2,5,9,4,9,0,4,12,9,1,0,3,15
1640,84,416092.5,3809752.5,2022,1,0,1,4,4,2,5,9,4,9,3,4,12,9,1,0,3,15
1627,119,416197.5,3809791.5,2022,0,0,1,4,4,2,5,9,4,9,0,9,12,3,9,0,3,15
1625,148,416284.5,3809797.5,2022,0,0,1,4,4,2,5,9,4,9,0,4,12,9,1,0,3,15
1620,154,416302.5,3809812.5,2022,0,0,1,4,4,2,5,9,4,9,0,4,12,9,1,0,3,15
1629,200,416440.5,3809785.5,2022,0,0,1,4,4,2,5,9,4,9,0,4,7,9,1,0,3,16
1630,227,416521.5,3809782.5,2022,1,0,1,4,4,6,8,3,5,1,12,0,4,10,16,5,1,11
1624,247,416581.5,3809800.5,2022,1,2,2,0,0,6,8,3,5,4,5,10,3,14,15,14,16,13
1633,284,416692.5,3809773.5,2022,1,2,2,0,0,6,8,3,5,4,5,10,3,14,15,14,16,13
1641,320,416800.5,3809749.5,2022,1,2,2,0,0,6,8,3,5,1,5,0,4,10,16,5,1,11
1632,351,416893.5,3809776.5,2022,1,2,2,0,0,6,4,2,7,6,8,6,8,8,10,3,8,8
1645,379,416977.5,3809737.5,2022,1,2,2,0,0,6,4,2,7,6,8,6,8,8,10,3,8,8
1636,419,417097.5,3809764.5,2022,0,0,1,4,4,2,5,9,4,9,0,0,12,9,1,0,3,15
1630,443,417169.5,3809782.5,2022,1,0,1,4,4,6,8,3,5,4,5,10,3,14,15,14,16,13
1643,468,417244.5,3809743.5,2022,1,0,1,4,4,6,8,3,5,4,5,10,12,14,15,0,16,15
1631,502,417346.5,3809779.5,2022,1,2,2,0,0,1,4,2,7,6,8,6,8,8,10,3,11,0
1643,538,417454.5,3809743.5,2022,0,0,4,3,3,2,5,9,4,10,0,9,7,3,9,10,4,1
1640,569,417547.5,3809752.5,2022,0,0,1,1,5,2,2,0,1,5,9,13,11,1,0,8,2,2
1626,593,417619.5,3809794.5,2022,1,0,1,4,4,2,8,8,5,9,3,13,11,4,12,12,6,17
1638,629,417727.5,3809758.5,2022,1,2,2,0,0,1,2,0,1,5,9,13,11,4,12,12,6,17
1621,635,417745.5,3809809.5,2022,1,0,1,1,5,2,2,8,1,5,9,13,11,4,12,12,6,17
1624,686,417898.5,3809800.5,2022,1,2,2,0,0,6,4,2,7,6,8,6,8,8,10,3,8,8
1649,695,417925.5,3809725.5,2022,0,0,4,3,4,2,5,9,9,1,12,0,7,10,5,11,13,19
1636,727,418021.5,3809764.5,2022,1,2,2,0,0,1,8,3,9,1,12,0,4,10,16,5,1,11
1630,774,418162.5,3809782.5,2022,0,0,1,4,4,2,5,9,4,1,0,0,4,10,16,5,1,11
1642,809,418267.5,3809746.5,2022,1,0,1,4,4,2,5,9,4,9,0,4,12,9,1,0,3,15
1639,839,418357.5,3809755.5,2022,0,3,4,3,3,4,3,7,10,10,6,9,7,3,9,11,4,16
1643,840,418360.5,3809743.5,2022,0,3,4,3,3,4,3,9,10,10,11,9,7,12,7,11,14,16
1639,891,418513.5,3809755.5,2022,0,3,4,3,3,4,3,7,10,10,11,9,7,12,7,11,14,16
1627,929,418627.5,3809791.5,2022,0,0,4,3,3,2,5,9,4,10,0,9,7,3,9,11,14,16
1629,958,418714.5,3809785.5,2022,0,0,1,4,4,2,5,9,4,10,0,9,7,12,7,11,14,16
1629,966,418738.5,3809785.5,2022,0,0,4,4,4,2,5,9,4,10,11,9,7,12,7,11,14,16
1632,1001,418843.5,3809776.5,2022,0,0,4,3,4,2,5,9,4,10,11,9,7,12,7,11,14,16
1635,1021,418903.5,3809767.5,2022,0,0,4,3,3,2,5,9,4,10,11,9,7,12,7,11,14,16
1624,1072,419056.5,3809800.5,2022,0,0,1,4,4,2,5,9,4,10,0,9,12,3,9,0,3,15
1621,1101,419143.5,3809809.5,2022,0,0,1,4,4,2,5,9,4,9,0,4,12,9,1,0,3,15
1628,1124,419212.5,3809788.5,2022,0,0,1,4,4,2,5,9,4,10,0,9,12,3,9,0,3,15
1644,1157,419311.5,3809740.5,2022,1,0,1,4,4,2,8,3,9,1,12,0,4,10,16,5,1,11
1649,1194,419422.5,3809725.5,2022,0,0,1,4,4,2,5,9,4,10,0,9,7,12,7,11,14,16
1636,1229,419527.5,3809764.5,2022,0,3,4,3,3,4,3,7,10,2,6,5,2,5,11,2,10,5
1629,1255,419605.5,3809785.5,2022,0,0,4,3,3,2,5,9,4,10,0,9,7,3,9,10,4,1
1628,1266,419638.5,3809788.5,2022,0,0,4,3,3,4,5,9,4,10,0,9,7,3,9,11,4,1
1638,1295,419725.5,3809758.5,2022,1,2,2,0,0,6,8,3,5,4,5,10,3,14,15,14,16,13
1640,1323,419809.5,3809752.5,2022,1,2,2,0,0,6,8,3,5,4,5,10,3,14,10,14,8,8
1642,1407,420061.5,3809746.5,2022,1,2,2,0,0,1,4,2,7,1,12,0,4,10,16,5,1,11
1628,1412,420076.5,3809788.5,2022,1,2,2,0,0,1,4,2,7,6,8,6,8,8,10,3,8,8
1631,1454,420202.5,3809779.5,2022,1,2,2,0,0,6,8,3,5,4,5,10,3,4,12,12,6,17
1622,1481,420283.5,3809806.5,2022,1,2,2,0,0,6,4,2,7,6,8,6,8,8,10,3,8,8
1641,1521,420403.5,3809749.5,2022,1,2,2,0,0,1,4,2,7,6,8,6,8,8,10,3,8,8
1628,1530,420430.5,3809788.5,2022,1,2,2,0,0,6,4,2,7,6,8,6,8,8,10,3,8,8
1625,1560,420520.5,3809797.5,2022,1,2,2,0,0,1,4,2,7,6,8,6,8,8,6,3,11,0
1626,1816,421288.5,3809794.5,2022,2,1,3,1,5,5,2,0,1,5,9,7,10,1,0,6,17,3
1623,1846,421378.5,3809803.5,2022,1,1,3,1,5,5,6,8,3,11,9,13,11,4,12,6,6,17
1631,1879,421477.5,3809779.5,2022,1,2,2,0,0,1,4,2,7,6,8,6,8,8,10,3,8,8
1634,1974,421762.5,3809770.5,2022,1,2,2,0,0,6,4,2,7,6,8,6,8,8,10,3,8,8
1628,2002,421846.5,3809788.5,2022,1,2,2,0,0,6,4,2,7,6,8,6,8,8,10,3,8,8
1641,2025,421915.5,3809749.5,2022,1,2,2,0,0,1,4,2,7,6,8,6,8,8,10,3,8,8
1644,2049,421987.5,3809740.5,2022,1,2,2,0,0,1,4,2,7,6,8,6,8,8,10,3,8,8
1631,2082,422086.5,3809779.5,2022,1,2,2,1,5,1,2,8,3,11,1,13,11,4,12,12,6,17
1635,2102,422146.5,3809767.5,2022,0,0,1,4,4,2,5,9,4,10,0,9,7,3,9,11,14,16
1639,2501,423343.5,3809755.5,2022,2,1,3,5,6,5,6,8,3,11,1,2,1,0,4,6,18,12
1622,2520,423400.5,3809806.5,2022,2,1,3,5,6,5,6,6,6,0,2,12,6,11,3,6,17,3
1620,2550,423490.5,3809812.5,2022,2,1,3,5,6,3,6,6,3,11,1,2,1,6,2,1,7,18
1620,2609,423667.5,3809812.5,2022,2,3,4,1,5,5,2,0,1,5,9,7,10,1,0,8,2,2
1625,2612,423676.5,3809797.5,2022,2,3,0,1,5,5,2,0,1,5,9,7,10,1,0,4,15,14
1645,3297,425731.5,3809737.5,2022,2,1,3,5,6,3,7,1,8,3,7,8,5,6,2,17,7,18
1653,23,415909.5,3809713.5,2022,0,0,1,4,4,2,5,9,4,10,0,9,7,3,9,0,14,16
1654,40,415960.5,3809710.5,2022,1,0,1,4,4,2,5,9,4,9,3,4,12,9,1,0,3,15
1668,79,416077.5,3809668.5,2022,0,0,1,4,4,2,5,9,4,10,0,9,7,3,9,0,14,16
1660,113,416179.5,3809692.5,2022,1,0,1,4,4,2,8,3,5,9,3,4,12,9,1,0,3,15
1667,128,416224.5,3809671.5,2022,1,0,1,4,4,2,5,9,4,9,3,4,12,9,1,0,3,15
1661,157,416311.5,3809689.5,2022,1,0,1,4,4,2,5,9,4,9,3,4,12,9,1,0,3,15
1661,194,416422.5,3809689.5,2022,0,0,1,4,4,2,5,9,4,9,0,4,12,9,1,0,3,15
1660,238,416554.5,3809692.5,2022,1,0,1,4,4,2,5,3,4,9,3,4,12,9,1,0,3,15
1657,240,416560.5,3809701.5,2022,1,0,1,4,4,2,5,3,4,9,0,4,12,9,1,0,3,15
1679,279,416677.5,3809635.5,2022,1,2,2,0,0,6,8,3,5,4,5,10,3,14,15,14,16,13
1655,326,416818.5,3809707.5,2022,1,2,2,0,0,6,8,3,5,4,5,10,4,14,15,14,16,13
1656,335,416845.5,3809704.5,2022,1,2,2,0,0,6,8,3,5,4,5,10,3,14,15,14,16,13
1668,369,416947.5,3809668.5,2022,1,2,2,0,0,6,4,2,7,6,8,6,8,8,10,3,8,8
1668,392,417016.5,3809668.5,2022,1,2,2,0,0,6,8,3,5,4,5,10,3,4,12,12,6,17
1651,438,417154.5,3809719.5,2022,1,0,1,4,4,6,8,3,5,9,5,0,4,10,16,5,1,11
1672,474,417262.5,3809656.5,2022,0,0,1,4,4,2,5,9,4,9,0,4,12,9,1,0,3,15
1664,506,417358.5,3809680.5,2022,1,2,2,0,0,6,8,2,5,4,5,6,3,8,10,3,8,8
1654,531,417433.5,3809710.5,2022,0,3,4,3,3,4,3,7,10,10,0,9,7,3,9,10,4,1
1665,548,417484.5,3809677.5,2022,1,2,1,4,4,6,8,3,1,5,9,13,11,4,12,12,6,17
1656,571,417553.5,3809704.5,2022,0,0,1,1,5,2,2,0,1,5,9,13,11,4,12,8,2,2
1657,620,417700.5,3809701.5,2022,0,0,1,1,5,2,2,0,1,5,9,13,11,1,0,8,2,2
1663,646,417778.5,3809683.5,2022,1,2,2,1,5,1,2,0,1,5,9,11,13,7,6,15,11,0
1672,681,417883.5,3809656.5,2022,0,0,4,1,5,4,2,0,1,5,9,9,7,1,0,8,2,2
1653,715,417985.5,3809713.5,2022,0,0,4,3,3,4,2,0,9,1,12,0,4,10,5,5,13,19
1671,735,418045.5,3809659.5,2022,1,0,1,4,2,7,0,5,2,9,3,4,12,9,1,0,3,15
1678,758,418114.5,3809638.5,2022,1,0,1,4,4,2,5,3,4,9,3,4,12,9,1,0,3,15
1677,791,418213.5,3809641.5,2022,1,2,1,4,0,6,8,3,5,4,5,13,11,4,12,12,6,17
1675,828,418324.5,3809647.5,2022,0,3,4,3,3,4,3,7,10,2,6,9,7,5,5,11,13,19
1674,865,418435.5,3809650.5,2022,1,0,1,4,4,2,5,9,4,9,3,4,12,9,1,0,3,15
1673,871,418453.5,3809653.5,2022,0,0,1,4,4,2,5,9,4,9,3,4,14,9,1,0,3,15
1672,912,418576.5,3809656.5,2022,0,3,4,3,3,4,3,9,10,10,11,9,7,12,7,11,14,16
1666,934,418642.5,3809674.5,2022,0,0,1,4,4,2,5,9,4,10,11,9,7,12,7,11,14,16
1660,960,418720.5,3809692.5,2022,0,0,1,4,4,2,5,9,4,10,11,9,7,12,7,11,14,16
1676,992,418816.5,3809644.5,2022,1,0,1,4,4,2,5,9,9,1,12,0,4,10,16,5,1,11
1663,1028,418924.5,3809683.5,2022,0,0,1,4,4,2,5,9,4,9,0,4,12,9,1,0,3,15
1677,1075,419065.5,3809641.5,2022,0,0,1,4,4,2,5,9,4,10,0,9,7,12,7,11,14,16
1678,1089,419107.5,3809638.5,2022,0,0,1,4,4,2,5,9,4,10,0,9,7,3,9,10,4,1
1667,1113,419179.5,3809671.5,2022,1,2,1,4,4,6,8,3,5,1,5,0,4,10,16,5,1,11
1652,1144,419272.5,3809716.5,2022,0,0,1,4,4,2,5,9,4,9,0,4,12,9,1,0,3,15
1672,1199,419437.5,3809656.5,2022,1,2,2,0,0,1,4,3,9,1,12,0,4,10,16,5,1,11
1650,1203,419449.5,3809722.5,2022,0,0,4,3,3,4,3,9,10,10,11,9,7,12,9,11,14,16
1655,1251,419593.5,3809707.5,2022,1,0,1,4,4,2,5,9,4,9,0,4,12,9,1,0,3,15
1652,1260,419620.5,3809716.5,2022,0,0,1,4,4,2,5,9,4,10,0,9,7,9,1,11,14,16
1650,1292,419716.5,3809722.5,2022,1,2,2,0,0,6,8,3,5,4,5,13,11,4,12,12,6,17
1650,1326,419818.5,3809722.5,2022,1,2,2,0,0,6,4,2,7,6,8,6,8,8,10,3,8,8
1667,1364,419932.5,3809671.5,2022,1,2,2,0,0,6,8,3,5,4,5,10,3,14,15,14,16,13
1668,1403,420049.5,3809668.5,2022,1,2,2,0,0,6,4,2,7,6,8,6,8,8,10,3,8,8
1667,1413,420079.5,3809671.5,2022,1,2,2,0,0,1,4,2,7,6,8,6,8,8,10,3,8,8
1670,1458,420214.5,3809662.5,2022,1,0,1,4,4,2,5,3,9,1,12,0,4,10,16,5,1,11
1673,1480,420280.5,3809653.5,2022,1,2,2,0,0,6,4,2,7,4,8,6,8,8,10,3,8,8
1660,1513,420379.5,3809692.5,2022,1,2,2,0,0,6,8,3,5,1,5,0,4,10,16,5,1,11
1672,1547,420481.5,3809656.5,2022,0,0,4,1,5,1,2,0,1,5,9,13,11,1,0,8,2,2
1679,1566,420538.5,3809635.5,2022,0,0,4,3,3,4,2,0,9,10,11,9,7,12,5,11,13,19
1675,1821,421303.5,3809647.5,2022,1,2,2,1,5,1,2,8,3,11,1,13,11,4,12,12,6,17
1679,1832,421336.5,3809635.5,2022,1,2,2,0,0,1,4,2,7,6,8,6,8,8,10,3,8,8
1670,1866,421438.5,3809662.5,2022,1,2,2,0,0,6,8,2,5,4,5,0,4,10,16,5,1,11
1677,1916,421588.5,3809641.5,2022,1,2,2,0,0,1,4,2,9,1,12,0,4,10,16,5,1,11
1672,1944,421672.5,3809656.5,2022,1,2,2,0,0,1,4,2,7,6,8,6,8,8,10,3,8,8
1666,1960,421720.5,3809674.5,2022,1,2,3,1,5,5,2,0,1,5,9,11,13,7,5,15,13,19
1657,2003,421849.5,3809701.5,2022,1,0,1,1,5,2,5,8,4,5,3,13,14,12,7,7,14,16
1666,2019,421897.5,3809674.5,2022,1,2,2,0,0,6,8,3,5,1,12,0,4,10,16,5,1,11
1678,2047,421981.5,3809638.5,2022,0,0,1,4,4,2,5,9,4,1,12,0,7,10,16,11,14,16
1657,2091,422113.5,3809701.5,2022,0,0,4,4,4,2,5,9,4,10,11,9,7,12,7,11,14,16
1652,2104,422152.5,3809716.5,2022,1,2,2,0,0,1,4,2,9,1,12,0,4,10,16,5,1,11
1669,2501,423343.5,3809665.5,2022,1,1,3,5,6,5,6,8,3,11,1,2,1,6,2,1,7,18
1656,2531,423433.5,3809704.5,2022,2,1,3,5,6,5,6,6,3,11,1,2,1,0,4,6,17,12
1678,2553,423499.5,3809638.5,2022,0,3,4,1,5,4,2,0,1,5,9,7,10,1,0,4,15,14
1707,17,415891.5,3809551.5,2022,0,0,4,3,3,4,3,9,10,10,0,9,7,3,9,10,4,1
1704,59,416017.5,3809560.5,2022,0,0,4,3,3,4,5,9,4,10,0,9,7,3,9,10,4,1
1700,70,416050.5,3809572.5,2022,0,3,4,3,3,4,3,7,10,2,6,5,2,5,11,2,10,5
1685,100,416140.5,3809617.5,2022,1,0,1,4,4,2,5,9,4,9,3,4,12,9,1,0,3,15
1687,126,416218.5,3809611.5,2022,1,0,1,4,4,2,8,8,5,9,3,4,14,9,1,0,3,15
1682,153,416299.5,3809626.5,2022,1,0,1,4,4,2,8,3,5,1,12,0,4,10,16,5,1,11
1699,209,416467.5,3809575.5,2022,1,0,1,4,4,2,5,9,4,9,3,4,12,9,1,0,3,15
1691,213,416479.5,3809599.5,2022,1,0,1,4,4,2,5,9,4,9,0,4,12,9,1,0,3,15
1689,260,416620.5,3809605.5,2022,1,2,2,0,0,6,8,3,5,4,5,13,11,4,12,12,6,17
1685,276,416668.5,3809617.5,2022,1,0,1,4,4,2,2,0,1,5,9,13,11,4,12,12,6,17
1689,304,416752.5,3809605.5,2022,1,0,1,4,4,2,8,3,5,9,3,4,12,9,1,0,3,15
1705,334,416842.5,3809557.5,2022,1,0,1,4,4,2,8,3,5,9,0,4,12,9,1,0,3,15
1680,384,416992.5,3809632.5,2022,1,2,2,0,0,6,4,2,7,6,8,6,8,8,10,3,8,8
1709,414,417082.5,3809545.5,2022,1,2,2,0,0,6,8,3,5,4,5,13,11,4,12,12,6,17
1700,445,417175.5,3809572.5,2022,1,0,1,4,4,2,5,3,4,9,0,4,12,9,1,0,3,15
1682,468,417244.5,3809626.5,2022,1,0,1,4,4,2,5,3,4,9,3,4,12,9,1,0,3,15
1688,502,417346.5,3809608.5,2022,1,2,2,0,0,6,4,2,7,6,8,6,8,8,10,3,8,8
1709,523,417409.5,3809545.5,2022,0,0,4,3,3,4,3,9,10,10,0,9,7,3,9,10,4,1
1683,565,417535.5,3809623.5,2022,1,0,1,1,5,2,2,0,1,5,9,13,11,4,12,12,6,17
1703,591,417613.5,3809563.5,2022,0,0,4,1,5,1,2,0,1,5,9,11,13,1,0,8,2,2
1696,605,417655.5,3809584.5,2022,1,2,2,0,0,1,4,2,7,6,8,13,11,4,6,12,11,0
1687,659,417817.5,3809611.5,2022,1,2,2,1,5,1,2,0,9,5,9,11,13,7,6,15,11,0
1696,687,417901.5,3809584.5,2022,1,2,2,0,0,1,2,0,9,1,12,0,4,10,16,5,1,11
1694,717,417991.5,3809590.5,2022,1,2,2,0,0,1,8,3,9,1,12,0,4,10,16,5,1,11
1687,724,418012.5,3809611.5,2022,0,0,4,3,3,2,5,9,4,10,0,9,7,3,9,10,4,1
1707,764,418132.5,3809551.5,2022,1,0,1,4,4,2,8,3,5,9,3,13,11,4,12,12,6,17
1705,783,418189.5,3809557.5,2022,0,0,1,4,4,2,5,9,4,10,0,9,7,3,9,0,14,16
1703,812,418276.5,3809563.5,2022,0,0,1,4,4,2,5,9,4,10,0,9,7,3,9,10,4,16
1688,856,418408.5,3809608.5,2022,1,2,1,0,0,6,8,3,5,4,5,10,3,14,15,14,16,13
1680,874,418462.5,3809632.5,2022,0,0,4,3,3,2,5,9,4,10,0,9,7,3,9,11,14,16
1686,913,418579.5,3809614.5,2022,0,0,1,4,4,2,5,9,4,10,0,9,7,9,7,11,14,16
1695,930,418630.5,3809587.5,2022,0,0,1,4,4,2,5,9,4,10,11,9,7,12,7,11,14,16
1686,985,418795.5,3809614.5,2022,1,0,1,4,4,2,8,3,4,9,3,0,4,10,16,5,1,11
1682,1015,418885.5,3809626.5,2022,1,0,1,4,4,2,5,9,4,9,3,4,14,9,1,0,3,16
1693,1046,418978.5,3809593.5,2022,0,3,4,3,3,4,3,7,10,10,11,9,7,12,9,11,14,16
1702,1073,419059.5,3809566.5,2022,1,0,1,4,4,2,5,9,4,9,3,4,12,9,1,0,3,15
1699,1090,419110.5,3809575.5,2022,1,0,1,1,5,2,2,0,1,5,9,13,11,4,12,12,6,17
1700,1133,419239.5,3809572.5,2022,0,0,1,4,4,2,5,9,4,9,0,4,12,9,1,0,3,15
1684,1146,419278.5,3809620.5,2022,1,2,2,0,0,6,8,3,9,1,12,0,4,10,16,5,1,11
1686,1184,419392.5,3809614.5,2022,1,0,1,4,4,6,8,3,5,1,12,0,4,10,16,5,1,11
1685,1224,419512.5,3809617.5,2022,1,0,1,4,4,2,5,9,4,9,3,4,12,9,1,0,3,15
1704,1259,419617.5,3809560.5,2022,1,0,1,4,4,2,8,3,5,9,0,4,12,9,1,0,3,15
1705,1286,419698.5,3809557.5,2022,1,2,2,0,0,6,4,2,7,4,5,6,8,8,10,3,8,8
1709,1304,419752.5,3809545.5,2022,1,2,2,0,0,6,4,2,7,4,5,6,8,8,10,3,8,8
1704,1326,419818.5,3809560.5,2022,1,2,2,0,0,6,8,3,5,4,5,10,3,14,15,14,16,13
1705,1378,419974.5,3809557.5,2022,1,2,2,0,0,6,4,2,7,6,8,6,8,8,10,3,8,8
1682,1406,420058.5,3809626.5,2022,1,2,2,0,0,1,4,2,7,6,8,6,8,8,10,3,8,8
1708,1417,420091.5,3809548.5,2022,1,2,2,0,0,1,4,2,7,6,8,6,8,8,10,3,8,8
1708,1451,420193.5,3809548.5,2022,1,0,1,4,4,2,8,3,9,1,12,0,4,10,16,5,1,11
1695,1477,420271.5,3809587.5,2022,1,2,2,0,0,1,4,2,7,6,8,6,8,8,10,3,11,0
1694,1507,420361.5,3809590.5,2022,1,2,2,0,0,1,4,2,7,6,8,6,8,8,10,3,8,8
1685,1547,420481.5,3809617.5,2022,0,0,4,3,3,4,2,0,9,1,12,0,4,10,5,5,13,19
1697,1564,420532.5,3809581.5,2022,0,3,4,3,3,4,2,0,9,1,12,11,13,7,5,15,13,19
1684,1811,421273.5,3809620.5,2022,1,2,2,0,0,1,4,2,7,6,8,6,8,8,10,3,8,8
1687,1858,421414.5,3809611.5,2022,1,0,1,4,4,2,5,8,4,1,3,0,14,4,12,12,14,17
1690,1888,421504.5,3809602.5,2022,1,2,2,0,0,6,4,2,7,6,8,6,8,8,10,3,8,8
1693,1891,421513.5,3809593.5,2022,1,0,1,4,4,2,5,8,4,9,3,4,14,9,1,7,3,7
1699,1944,421672.5,3809575.5,2022,1,2,2,0,0,1,4,2,7,6,8,6,8,8,10,3,8,8
1680,1952,421696.5,3809632.5,2022,1,2,2,0,0,1,2,0,9,1,12,0,4,10,16,5,1,11
1700,1995,421825.5,3809572.5,2022,1,2,2,0,0,6,4,3,7,1,12,0,4,10,16,5,1,11
1684,2037,421951.5,3809620.5,2022,1,2,2,0,0,1,4,2,9,1,12,0,4,10,16,5,1,11
1693,2068,422044.5,3809593.5,2022,1,0,1,1,5,1,2,0,9,1,12,0,4,10,16,5,1,11
1684,2071,422053.5,3809620.5,2022,1,2,2,0,0,1,2,0,9,1,12,0,4,10,16,5,1,11
1680,2500,423340.5,3809632.5,2022,1,1,3,5,6,5,6,8,3,11,1,2,1,0,4,1,7,18
1682,2542,423466.5,3809626.5,2022,2,3,0,2,1,0,1,4,0,7,4,3,9,2,8,4,15,14
1684,2554,423502.5,3809620.5,2022,2,1,3,1,5,5,2,0,1,5,9,7,10,1,0,6,17,3
1716,1,415843.5,3809524.5,2022,1,0,1,4,4,2,5,9,4,9,3,4,12,9,1,0,3,15
1718,50,415990.5,3809518.5,2022,0,3,4,3,3,4,3,7,10,2,6,5,2,3,9,10,4,1
1711,80,416080.5,3809539.5,2022,0,3,4,3,3,4,3,7,10,2,6,5,2,5,11,2,10,5
1726,90,416110.5,3809494.5,2022,0,0,4,3,3,4,5,9,4,10,0,9,7,3,9,10,4,1
1715,128,416224.5,3809527.5,2022,1,0,1,4,4,2,5,9,4,9,3,4,14,9,1,0,3,15
1715,174,416362.5,3809527.5,2022,0,0,4,3,3,2,5,9,4,10,0,9,7,3,9,10,4,1
1716,194,416422.5,3809524.5,2022,0,0,4,3,4,2,5,9,4,10,0,9,7,3,9,10,4,16
1727,227,416521.5,3809491.5,2022,1,2,2,0,0,6,8,3,5,4,5,10,3,14,15,14,16,13
1732,251,416593.5,3809476.5,2022,1,2,1,4,0,6,8,3,5,4,5,10,3,4,12,12,6,17
1716,296,416728.5,3809524.5,2022,1,2,2,0,0,6,8,3,5,4,5,10,3,14,15,14,16,13
1713,323,416809.5,3809533.5,2022,1,2,1,4,4,6,8,3,5,4,5,10,3,14,15,14,16,13
1713,333,416839.5,3809533.5,2022,1,0,1,4,4,2,8,3,5,9,5,10,12,9,1,0,3,15
1720,386,416998.5,3809512.5,2022,1,2,2,0,0,1,4,2,7,6,8,0,4,10,6,5,11,0
1738,408,417064.5,3809458.5,2022,1,0,1,4,4,2,5,9,4,9,0,4,12,9,1,0,3,15
1728,421,417103.5,3809488.5,2022,1,0,1,4,4,2,8,3,5,9,5,4,12,9,1,0,3,15
1710,462,417226.5,3809542.5,2022,1,2,2,0,0,6,4,2,7,6,8,6,8,8,10,3,8,8
1737,494,417322.5,3809461.5,2022,1,0,1,4,4,2,5,3,4,9,0,0,12,9,1,0,3,15
1731,529,417427.5,3809479.5,2022,1,0,1,4,4,2,8,3,5,9,3,13,11,4,12,12,6,17
1730,564,417532.5,3809482.5,2022,1,0,1,4,4,2,5,9,4,9,0,4,12,9,1,0,3,15
1739,594,417622.5,3809455.5,2022,0,0,1,4,4,2,5,9,1,5,9,13,11,4,12,8,6,17
1717,610,417670.5,3809521.5,2022,0,0,4,1,5,4,2,0,1,5,9,13,11,1,0,8,2,2
1739,642,417766.5,3809455.5,2022,1,0,1,1,5,2,2,0,1,5,9,13,11,4,12,8,2,2
1737,674,417862.5,3809461.5,2022,0,3,4,1,5,4,2,0,1,5,9,11,13,1,0,8,2,2
1717,717,417991.5,3809521.5,2022,0,0,4,3,4,2,5,9,4,10,0,9,7,3,9,10,4,1
1718,736,418048.5,3809518.5,2022,0,3,4,3,3,4,3,7,10,10,0,9,7,3,9,10,4,1
1722,756,418108.5,3809506.5,2022,0,0,1,4,4,2,5,9,4,9,0,4,12,9,1,0,3,15
1728,781,418183.5,3809488.5,2022,0,0,4,3,3,2,5,9,4,10,0,9,7,3,9,11,4,16
1728,825,418315.5,3809488.5,2022,1,0,1,4,4,2,8,8,5,9,3,13,11,4,12,12,6,17
1710,841,418363.5,3809542.5,2022,0,0,1,4,4,2,5,9,4,9,0,4,12,9,1,0,3,15
1733,871,418453.5,3809473.5,2022,0,0,1,4,4,2,5,9,4,9,0,4,7,9,1,0,14,16
1710,901,418543.5,3809542.5,2022,1,2,2,0,0,6,8,3,9,1,12,0,4,10,16,5,1,11
1726,938,418654.5,3809494.5,2022,1,2,2,0,0,1,8,3,9,1,12,0,4,10,16,5,1,11
1739,979,418777.5,3809455.5,2022,0,0,4,3,3,2,5,9,4,10,0,9,7,3,9,11,14,16
1715,1017,418891.5,3809527.5,2022,0,0,1,4,4,2,5,9,4,9,3,4,14,9,1,11,14,16
1739,1023,418909.5,3809455.5,2022,0,3,4,3,3,4,3,7,10,10,6,9,7,3,9,10,4,1
1720,1073,419059.5,3809512.5,2022,1,0,1,4,4,2,5,9,4,9,0,4,12,9,1,0,3,15
1734,1080,419080.5,3809470.5,2022,1,0,1,4,4,2,8,3,9,1,12,0,4,10,16,5,1,11
1737,1138,419254.5,3809461.5,2022,1,0,1,4,4,2,5,3,9,1,12,0,4,10,16,5,1,11
1737,1146,419278.5,3809461.5,2022,0,0,1,4,4,2,5,9,4,10,0,9,7,3,9,11,14,16
1730,1192,419416.5,3809482.5,2022,1,2,2,0,0,6,8,3,5,1,12,0,4,10,16,5,1,11
1714,1220,419500.5,3809530.5,2022,0,0,1,4,4,2,5,9,4,10,0,9,7,9,1,0,14,16
1726,1248,419584.5,3809494.5,2022,0,0,1,4,4,2,5,9,4,9,0,4,12,9,1,0,3,15
1720,1269,419647.5,3809512.5,2022,1,2,2,0,0,1,2,0,9,1,12,0,4,10,16,5,1,11
1728,1291,419713.5,3809488.5,2022,1,2,2,0,0,6,4,2,7,6,8,13,11,4,12,12,6,17
1739,1322,419806.5,3809455.5,2022,1,2,2,0,0,6,4,2,7,6,8,6,8,8,10,3,8,8
1739,1362,419926.5,3809455.5,2022,1,2,2,0,0,6,8,3,5,4,5,0,4,4,16,12,1,11
1734,1406,420058.5,3809470.5,2022,1,2,2,0,0,1,4,2,7,6,8,6,11,4,12,12,6,17
1724,1437,420151.5,3809500.5,2022,0,0,1,4,4,2,5,9,4,9,0,4,12,9,1,0,3,15
1718,1460,420220.5,3809518.5,2022,1,2,2,0,0,1,4,2,7,6,8,6,8,8,10,3,8,8
1718,1495,420325.5,3809518.5,2022,1,2,2,0,0,6,8,3,5,1,12,0,4,10,16,5,1,11
1731,1513,420379.5,3809479.5,2022,1,2,2,0,0,1,4,2,7,6,8,6,8,8,10,3,8,8
1737,1536,420448.5,3809461.5,2022,1,2,2,0,0,6,4,2,7,6,8,6,8,8,10,12,8,8
1718,1853,421399.5,3809518.5,2022,1,2,2,0,0,6,4,2,7,6,8,0,4,10,16,5,1,11
1737,1876,421468.5,3809461.5,2022,1,2,2,0,0,6,8,3,5,1,12,0,4,10,16,5,1,11
1739,1903,421549.5,3809455.5,2022,1,2,1,4,0,6,8,3,5,4,5,13,11,4,12,12,6,17
1729,1934,421642.5,3809485.5,2022,1,2,2,0,0,6,8,3,9,1,12,0,4,10,16,5,1,11
1733,1963,421729.5,3809473.5,2022,1,2,2,0,0,1,4,2,7,6,8,6,8,8,10,3,8,8
1722,2003,421849.5,3809506.5,2022,1,2,2,0,0,1,4,2,7,6,8,6,8,8,10,3,8,8
1725,2039,421957.5,3809497.5,2022,1,2,2,0,0,1,4,0,7,6,8,11,13,7,6,15,11,0
1730,2041,421963.5,3809482.5,2022,1,2,2,1,5,1,2,8,1,5,9,13,11,4,12,12,6,17
1728,2071,422053.5,3809488.5,2022,1,2,2,0,0,1,4,2,7,6,8,6,8,8,6,3,11,0
1729,2205,422455.5,3809485.5,2022,1,2,2,0,0,6,8,8,3,11,1,2,14,4,4,12,18,7
1715,2528,423424.5,3809527.5,2022,2,3,4,1,5,5,2,0,1,5,9,7,10,1,0,8,2,2
1742,9,415867.5,3809446.5,2022,0,0,1,4,4,2,5,9,4,9,0,4,12,9,1,0,3,15
1752,47,415981.5,3809416.5,2022,0,0,1,4,4,2,5,9,4,9,0,4,7,9,1,0,14,16
1754,76,416068.5,3809410.5,2022,0,3,4,3,3,4,3,9,10,10,0,9,7,3,9,10,4,1
1762,104,416152.5,3809386.5,2022,0,0,1,4,4,2,5,9,4,9,0,4,12,9,1,0,3,15
1754,121,416203.5,3809410.5,2022,1,0,1,4,4,2,5,9,4,9,3,4,12,9,1,0,3,15
1769,150,416290.5,3809365.5,2022,1,0,1,4,4,2,5,9,4,9,3,4,12,9,1,0,3,15
1764,193,416419.5,3809380.5,2022,1,0,1,4,4,2,5,9,4,9,3,4,12,9,1,0,3,15
1740,217,416491.5,3809452.5,2022,0,0,1,4,4,2,5,9,4,9,0,4,12,9,1,0,3,15
1747,240,416560.5,3809431.5,2022,1,2,2,0,0,6,8,3,5,4,5,10,3,14,15,14,16,13
1763,290,416710.5,3809383.5,2022,1,2,2,0,0,6,8,3,5,4,5,10,3,14,15,14,16,13
1752,308,416764.5,3809416.5,2022,1,0,1,4,4,2,8,3,4,9,3,4,12,9,1,0,3,15
1746,341,416863.5,3809434.5,2022,1,0,1,4,4,6,8,3,5,4,5,10,3,14,15,14,16,13
1746,377,416971.5,3809434.5,2022,1,2,2,0,0,6,8,3,5,4,5,10,3,14,15,14,16,13
1744,402,417046.5,3809440.5,2022,1,2,2,0,0,6,8,3,5,4,5,10,3,14,15,14,16,13
1761,432,417136.5,3809389.5,2022,1,2,2,4,4,6,8,3,5,4,5,0,4,10,16,5,1,11
1754,463,417229.5,3809410.5,2022,0,0,1,4,4,2,5,9,4,9,0,4,12,9,1,0,3,15
1744,499,417337.5,3809440.5,2022,1,2,2,0,0,6,8,3,5,1,5,0,4,10,16,5,1,11
1759,528,417424.5,3809395.5,2022,1,0,2,4,4,2,8,3,9,1,12,0,4,10,16,5,1,11
1769,553,417499.5,3809365.5,2022,1,2,2,0,0,1,4,2,9,1,12,0,4,10,6,5,11,0
1740,598,417634.5,3809452.5,2022,1,0,1,4,4,2,5,9,4,9,3,4,14,9,1,0,14,16
1759,612,417676.5,3809395.5,2022,1,2,2,0,0,1,4,2,7,6,8,6,8,8,10,3,8,8
1762,646,417778.5,3809386.5,2022,1,2,2,0,0,1,4,2,7,6,8,6,8,8,10,3,8,8
1750,668,417844.5,3809422.5,2022,0,0,4,1,5,1,2,0,1,5,9,13,11,1,0,8,2,2
1764,710,417970.5,3809380.5,2022,0,0,4,3,3,4,3,9,9,10,0,9,7,3,9,11,4,1
1745,734,418042.5,3809437.5,2022,0,3,4,3,3,4,3,7,10,2,6,9,7,3,9,10,4,1
1763,750,418090.5,3809383.5,2022,0,0,4,3,3,2,5,9,4,10,0,9,7,3,9,10,4,1
1769,790,418210.5,3809365.5,2022,0,0,1,4,4,2,5,9,4,9,0,9,7,9,1,0,3,16
1763,823,418309.5,3809383.5,2022,0,0,1,4,4,2,5,9,4,9,0,4,12,9,1,0,3,15
1759,864,418432.5,3809395.5,2022,1,0,1,4,4,2,5,9,4,9,3,4,12,9,1,0,3,15
1762,875,418465.5,3809386.5,2022,0,0,1,4,4,2,5,9,4,9,0,9,12,9,1,0,3,15
1767,920,418600.5,3809371.5,2022,1,0,1,4,4,2,8,3,9,1,12,0,4,10,16,5,1,11
1743,949,418687.5,3809443.5,2022,1,0,1,4,4,2,5,3,4,9,12,0,4,10,16,0,1,11
1751,981,418783.5,3809419.5,2022,0,0,1,4,4,2,5,9,4,10,0,9,7,3,9,11,14,16
1745,1013,418879.5,3809437.5,2022,0,3,4,3,3,4,3,7,10,10,0,9,7,3,9,10,4,1
1757,1048,418984.5,3809401.5,2022,0,0,4,3,3,2,5,9,4,10,0,9,7,3,9,10,4,1
1752,1057,419011.5,3809416.5,2022,1,0,1,4,4,2,8,3,9,1,12,0,4,10,16,5,1,11
1759,1095,419125.5,3809395.5,2022,1,0,1,4,4,2,5,9,9,1,12,0,4,10,16,5,1,11
1763,1135,419245.5,3809383.5,2022,1,2,2,0,0,6,8,2,5,4,8,13,11,4,12,12,6,17
1751,1169,419347.5,3809419.5,2022,0,0,1,4,4,2,5,9,4,10,0,9,7,3,9,11,14,16
1742,1193,419419.5,3809446.5,2022,1,0,1,4,4,2,8,3,9,1,12,0,4,10,16,5,1,11
1742,1220,419500.5,3809446.5,2022,1,2,2,0,0,6,8,3,9,1,12,0,4,10,16,5,1,11
1763,1246,419578.5,3809383.5,2022,1,0,1,4,4,6,8,3,5,9,5,0,4,10,16,5,1,11
1762,1282,419686.5,3809386.5,2022,1,2,2,0,0,6,4,2,7,6,8,6,8,8,10,3,1,11
1756,1296,419728.5,3809404.5,2022,1,2,2,0,0,1,2,0,9,1,9,11,13,7,6,15,11,0
1752,1338,419854.5,3809416.5,2022,1,2,2,0,0,6,8,3,5,4,5,0,4,10,16,5,1,11
1742,1352,419896.5,3809446.5,2022,1,2,2,0,0,6,4,2,7,6,8,6,8,8,10,3,8,8
1750,1392,420016.5,3809422.5,2022,1,2,2,0,0,6,8,3,5,1,12,0,4,4,12,12,6,17
1758,1410,420070.5,3809398.5,2022,0,0,1,4,4,2,5,9,4,9,3,4,14,9,1,0,14,16
1767,1447,420181.5,3809371.5,2022,1,2,2,0,0,6,4,2,7,6,8,6,8,8,10,3,8,8
1749,1489,420307.5,3809425.5,2022,1,2,2,0,0,6,4,2,7,6,8,6,8,8,10,12,8,8
1748,1514,420382.5,3809428.5,2022,1,2,2,0,0,6,4,2,7,6,8,6,8,8,10,3,8,8
1761,1532,420436.5,3809389.5,2022,1,2,2,0,0,1,4,2,7,6,8,6,8,8,10,3,8,8
1752,1812,421276.5,3809416.5,2022,1,2,2,0,0,6,8,2,5,4,5,6,8,8,10,3,8,8
1769,1847,421381.5,3809365.5,2022,1,2,1,4,0,6,8,3,5,1,3,0,4,10,16,5,1,11
1768,1864,421432.5,3809368.5,2022,1,2,2,0,0,6,8,3,9,1,12,0,4,10,16,5,1,11
1768,1911,421573.5,3809368.5,2022,1,0,1,4,4,2,8,3,9,1,12,0,4,10,16,5,1,11
1769,1931,421633.5,3809365.5,2022,1,2,2,0,0,6,8,3,5,1,12,13,11,4,12,12,6,17
1743,1959,421717.5,3809443.5,2022,1,2,2,0,0,1,4,3,9,1,12,0,4,10,16,5,1,11
1765,2006,421858.5,3809377.5,2022,1,2,2,0,0,1,8,3,9,1,12,0,4,10,16,5,1,11
1752,2016,421888.5,3809416.5,2022,1,2,2,0,0,1,4,2,9,1,12,0,4,10,16,15,1,11
1757,2067,422041.5,3809401.5,2022,1,2,2,1,5,1,2,8,1,5,9,13,11,4,12,12,6,17
1768,2074,422062.5,3809368.5,2022,1,0,4,1,5,1,2,0,1,5,9,13,11,1,0,8,2,2
1750,2127,422221.5,3809422.5,2022,0,3,4,3,3,4,3,7,10,2,6,5,2,5,11,2,10,5
1760,2130,422230.5,3809392.5,2022,0,3,4,3,3,4,3,7,10,10,11,7,10,12,7,11,14,16
1767,2160,422320.5,3809371.5,2022,1,2,2,0,0,6,8,8,3,11,1,13,11,4,12,12,6,17
1758,2366,422938.5,3809398.5,2022,2,1,3,5,6,5,6,6,6,11,2,2,6,0,4,6,17,3
1757,2377,422971.5,3809401.5,2022,1,1,3,1,5,5,6,8,3,11,1,2,1,0,4,6,17,3
1766,2429,423127.5,3809374.5,2022,0,3,4,1,5,5,2,0,1,5,11,7,10,12,7,11,13,19
1779,19,415897.5,3809335.5,2022,1,0,1,4,4,2,5,9,4,9,0,4,12,9,1,0,3,15
1799,57,416011.5,3809275.5,2022,0,0,4,3,3,2,5,9,4,10,0,9,7,3,9,10,4,1
1783,65,416035.5,3809323.5,2022,0,0,4,3,3,2,5,9,4,10,0,9,7,3,9,11,14,16
1773,96,416128.5,3809353.5,2022,1,0,1,4,4,2,8,3,5,9,3,4,12,9,1,0,3,15
1770,129,416227.5,3809362.5,2022,0,0,1,4,4,2,5,9,4,9,3,4,12,9,1,0,3,15
1786,165,416335.5,3809314.5,2022,0,0,1,4,4,2,5,9,4,9,0,4,12,9,1,0,3,15
1773,182,416386.5,3809353.5,2022,0,0,1,4,4,2,5,9,4,9,0,9,12,3,9,0,3,15
1798,220,416500.5,3809278.5,2022,1,2,2,0,0,6,8,3,5,4,5,10,3,14,15,14,16,13
1779,248,416584.5,3809335.5,2022,1,0,1,4,4,2,5,9,4,9,3,4,12,9,1,0,3,15
1778,284,416692.5,3809338.5,2022,1,2,2,0,0,6,8,3,5,4,5,13,11,4,12,12,6,17
1777,308,416764.5,3809341.5,2022,1,2,2,0,0,6,8,3,5,4,5,10,3,14,15,14,16,13
1772,347,416881.5,3809356.5,2022,1,0,1,4,4,2,8,3,5,9,3,13,11,4,12,12,6,17
1770,373,416959.5,3809362.5,2022,1,0,1,4,4,6,8,3,5,4,5,10,12,14,15,14,16,13
1786,399,417037.5,3809314.5,2022,1,2,2,0,0,6,8,3,5,4,5,0,4,10,16,5,1,11
1776,443,417169.5,3809344.5,2022,0,0,1,4,4,2,5,9,4,9,0,4,12,9,1,0,3,15
1779,457,417211.5,3809335.5,2022,1,0,1,4,4,2,5,8,4,9,3,13,11,4,12,12,6,17
1798,505,417355.5,3809278.5,2022,0,0,1,4,4,2,5,9,4,10,0,9,12,3,9,10,4,1
1790,522,417406.5,3809302.5,2022,1,0,1,4,4,2,8,3,9,1,12,0,4,10,16,5,1,11
1789,543,417469.5,3809305.5,2022,1,2,2,0,0,1,8,3,9,1,12,0,4,10,16,5,1,11
1791,586,417598.5,3809299.5,2022,0,0,4,3,3,2,5,9,4,10,0,9,7,3,9,10,4,1
1789,618,417694.5,3809305.5,2022,1,2,2,0,0,6,8,3,5,4,5,10,3,14,15,14,16,13
1772,658,417814.5,3809356.5,2022,1,2,2,0,0,1,4,2,7,6,8,6,11,4,6,12,11,0
1776,687,417901.5,3809344.5,2022,1,0,1,1,5,1,2,0,1,5,9,13,11,4,12,12,6,17
1771,703,417949.5,3809359.5,2022,1,2,2,0,0,1,4,2,9,1,12,11,13,7,6,15,11,0
1781,740,418060.5,3809329.5,2022,0,3,4,3,3,4,3,7,10,2,6,5,2,3,9,10,4,1
1788,750,418090.5,3809308.5,2022,0,3,4,3,3,4,3,7,10,10,0,9,7,3,9,10,4,1
1790,809,418267.5,3809302.5,2022,0,0,4,3,3,2,5,9,4,10,0,9,7,3,9,10,4,1
1773,824,418312.5,3809353.5,2022,0,0,1,4,4,2,5,9,4,9,0,4,12,9,1,0,3,15
1784,843,418369.5,3809320.5,2022,0,0,1,4,4,2,5,9,4,9,0,4,12,9,1,0,3,15
1782,873,418459.5,3809326.5,2022,0,0,4,3,4,2,5,9,4,10,0,9,7,3,9,11,14,16
1798,914,418582.5,3809278.5,2022,0,0,4,3,3,2,5,9,4,10,0,9,7,3,9,10,4,1
1794,938,418654.5,3809290.5,2022,0,0,4,3,4,2,5,9,4,10,0,9,7,3,9,11,4,16
1783,980,418780.5,3809323.5,2022,0,0,1,4,4,2,5,9,4,10,0,9,7,3,9,10,4,1
1782,1011,418873.5,3809326.5,2022,0,0,1,4,4,2,5,9,4,10,0,9,7,3,7,11,14,16
1773,1035,418945.5,3809353.5,2022,0,0,1,4,4,2,5,9,4,9,0,4,7,9,1,0,14,16
1770,1072,419056.5,3809362.5,2022,1,2,2,0,0,6,8,3,5,4,5,0,4,10,16,5,1,11
1784,1087,419101.5,3809320.5,2022,1,0,1,4,4,2,5,9,4,1,12,0,4,10,16,5,1,11
1774,1132,419236.5,3809350.5,2022,0,0,1,4,4,2,5,9,4,9,0,0,4,10,16,5,1,11
1778,1156,419308.5,3809338.5,2022,1,0,1,4,4,2,5,9,4,9,3,4,12,9,1,0,3,15
1786,1171,419353.5,3809314.5,2022,0,0,1,4,4,2,5,9,4,9,0,4,12,9,1,0,3,15
1779,1223,419509.5,3809335.5,2022,1,0,1,4,4,2,8,3,5,9,3,4,12,9,1,0,3,15
1771,1240,419560.5,3809359.5,2022,1,0,1,4,4,2,8,3,4,9,12,0,4,10,16,5,1,11
1795,1273,419659.5,3809287.5,2022,1,2,2,0,0,6,8,3,5,1,12,0,4,10,16,5,1,11
1774,1307,419761.5,3809350.5,2022,1,2,2,0,0,6,8,3,5,4,5,13,11,4,12,12,6,17
1772,1323,419809.5,3809356.5,2022,1,2,2,0,0,6,4,2,7,4,5,6,8,8,10,3,8,8
1771,1353,419899.5,3809359.5,2022,1,2,2,0,0,6,8,2,5,4,8,13,11,4,12,12,6,17
1793,1404,420052.5,3809293.5,2022,1,2,2,0,0,6,8,3,5,4,5,10,3,14,15,14,16,13
1773,1437,420151.5,3809353.5,2022,1,2,2,0,0,6,4,2,7,6,8,6,8,8,10,3,8,8
1770,1444,420172.5,3809362.5,2022,1,2,2,0,0,6,4,2,7,6,8,13,11,4,12,12,6,17
1797,1497,420331.5,3809281.5,2022,1,2,2,0,0,6,8,2,5,4,5,6,11,4,12,12,6,17
1786,1515,420385.5,3809314.5,2022,1,2,2,0,0,6,4,2,7,6,8,6,8,8,10,3,8,8
1780,1537,420451.5,3809332.5,2022,1,2,2,0,0,1,4,2,7,6,8,6,8,8,10,3,8,8
1785,1744,421072.5,3809317.5,2022,1,2,2,1,5,1,2,0,9,1,12,0,4,10,5,5,13,19
1770,1809,421267.5,3809362.5,2022,1,2,2,0,0,6,4,2,7,6,8,6,8,8,10,3,8,8
1789,1854,421402.5,3809305.5,2022,1,2,2,0,0,1,4,2,7,6,8,6,8,8,6,3,11,0
1791,1862,421426.5,3809299.5,2022,1,2,2,0,0,1,4,2,7,6,8,6,8,8,6,3,11,0
1799,1908,421564.5,3809275.5,2022,1,0,1,4,4,2,5,3,9,1,12,0,4,10,16,5,1,11
1786,1943,421669.5,3809314.5,2022,1,2,2,0,0,1,4,2,7,1,12,0,4,10,16,5,1,11
1792,1957,421711.5,3809296.5,2022,0,0,4,1,5,2,2,0,9,10,11,7,7,12,5,11,14,16
1772,2005,421855.5,3809356.5,2022,1,2,2,1,5,1,2,0,1,5,9,11,13,7,6,15,11,0
1795,2010,421870.5,3809287.5,2022,0,0,1,1,4,2,2,0,9,1,12,0,4,10,16,5,1,11
1785,2052,421996.5,3809317.5,2022,0,0,4,1,5,2,2,0,1,5,9,11,13,1,0,8,2,2
1793,2089,422107.5,3809293.5,2022,0,3,4,3,3,4,3,7,10,10,6,9,7,3,9,10,4,1
1781,2104,422152.5,3809329.5,2022,0,3,0,2,1,0,1,4,0,7,4,3,9,2,8,9,5,4
1781,2136,422248.5,3809329.5,2022,0,3,4,1,5,5,2,0,9,10,11,7,10,12,7,11,14,19
1770,2165,422335.5,3809362.5,2022,0,0,4,1,5,1,2,0,9,1,12,11,13,10,5,5,13,19
1799,2226,422518.5,3809275.5,2022,0,3,4,3,3,4,3,7,10,2,6,5,2,5,11,2,10,5
1792,2369,422947.5,3809296.5,2022,2,1,3,5,6,5,6,6,6,0,2,12,6,11,3,6,17,3
1782,2371,422953.5,3809326.5,2022,2,1,3,1,5,5,6,0,3,11,1,7,10,0,4,6,17,3
1792,2400,423040.5,3809296.5,2022,2,1,3,1,5,5,6,6,6,0,11,7,10,0,7,6,17,3
1795,2450,423190.5,3809287.5,2022,2,1,3,5,6,5,6,6,3,11,1,2,1,0,4,6,17,12
1799,3272,425656.5,3809275.5,2022,2,1,3,5,6,3,7,1,8,3,7,8,5,13,13,17,0,10
1795,3333,425839.5,3809287.5,2022,2,1,0,2,1,0,1,4,0,7,4,3,9,2,8,9,5,6
1807,18,415894.5,3809251.5,2022,0,0,1,4,4,2,5,9,4,9,3,4,12,9,1,0,3,15
1801,40,415960.5,3809269.5,2022,0,0,1,4,4,2,5,9,4,10,0,9,7,3,9,10,4,1
1821,89,416107.5,3809209.5,2022,0,0,1,4,4,2,5,9,4,9,3,4,14,9,1,0,3,15
1800,97,416131.5,3809272.5,2022,1,0,1,4,4,2,5,8,4,9,3,4,14,9,1,0,3,7
1822,147,416281.5,3809206.5,2022,1,0,1,4,4,6,8,3,5,4,3,13,11,4,12,12,6,17
1821,164,416332.5,3809209.5,2022,0,0,1,4,4,2,5,9,4,9,0,4,12,9,1,0,3,15
1804,181,416383.5,3809260.5,2022,0,0,1,4,4,2,5,9,4,9,0,4,12,9,1,0,3,15
1818,218,416494.5,3809218.5,2022,1,0,1,4,4,6,8,3,5,4,3,10,3,4,12,12,6,17
1803,261,416623.5,3809263.5,2022,1,0,1,4,4,2,8,3,5,9,5,4,12,9,1,0,3,15
1805,287,416701.5,3809257.5,2022,1,0,1,4,4,2,8,3,5,9,3,4,12,9,1,0,3,15
1803,303,416749.5,3809263.5,2022,1,2,2,0,0,6,8,3,5,4,5,10,3,14,15,14,16,13
1805,348,416884.5,3809257.5,2022,1,0,1,4,4,2,8,3,5,9,5,10,12,14,1,0,3,15
1815,374,416962.5,3809227.5,2022,0,0,1,4,4,2,5,9,4,9,0,4,12,9,1,0,3,15
1806,395,417025.5,3809254.5,2022,1,2,2,0,0,6,8,3,5,4,5,10,3,14,15,14,16,13
1804,425,417115.5,3809260.5,2022,0,0,1,4,4,2,5,9,4,9,0,9,12,3,9,0,3,15
1821,461,417223.5,3809209.5,2022,1,0,1,4,4,6,8,3,5,4,5,13,11,4,12,12,6,17
1820,489,417307.5,3809212.5,2022,0,0,1,1,5,2,2,0,1,5,9,13,11,1,0,8,2,2
1818,532,417436.5,3809218.5,2022,0,0,4,1,5,1,2,0,1,5,9,11,13,7,0,8,2,2
1800,542,417466.5,3809272.5,2022,1,0,1,4,4,2,5,9,4,1,12,0,4,10,16,5,1,11
1803,596,417628.5,3809263.5,2022,1,2,2,0,0,6,8,3,5,1,12,0,4,10,16,5,1,11
1804,616,417688.5,3809260.5,2022,0,3,4,3,3,4,3,7,10,10,6,9,7,3,9,10,4,1
1803,641,417763.5,3809263.5,2022,1,2,2,1,5,1,2,0,1,5,9,13,11,7,6,15,11,0
1802,665,417835.5,3809266.5,2022,1,2,2,1,5,1,2,0,9,1,12,11,13,7,6,15,11,0
1813,716,417988.5,3809233.5,2022,0,3,4,1,5,4,2,0,1,5,9,7,10,1,0,8,2,2
1803,725,418015.5,3809263.5,2022,1,2,2,1,5,1,2,0,1,5,9,11,13,7,6,15,11,0
1801,751,418093.5,3809269.5,2022,0,3,4,3,3,4,3,7,10,2,6,5,2,3,9,10,4,1
1804,807,418261.5,3809260.5,2022,0,0,1,4,4,2,5,9,4,10,0,9,12,3,9,10,4,1
1818,819,418297.5,3809218.5,2022,0,0,1,4,4,2,5,9,4,9,3,4,14,9,7,11,14,16
1813,863,418429.5,3809233.5,2022,0,2,4,3,3,1,2,3,9,1,12,0,4,10,16,5,1,11
1828,894,418522.5,3809188.5,2022,0,0,1,4,4,2,5,9,4,10,0,9,12,3,9,0,4,15
1823,916,418588.5,3809203.5,2022,0,0,4,3,4,2,5,9,4,10,0,9,7,3,9,10,4,1
1829,956,418708.5,3809185.5,2022,0,0,1,4,4,2,5,9,4,9,0,4,12,9,1,0,3,15
1807,984,418792.5,3809251.5,2022,0,0,4,3,3,4,3,9,4,10,0,9,7,3,9,10,4,1
1809,1011,418873.5,3809245.5,2022,0,0,1,4,4,2,5,9,4,9,0,4,12,9,1,0,3,15
1810,1033,418939.5,3809242.5,2022,0,0,1,4,4,2,5,9,4,9,3,4,12,9,1,0,3,15
1814,1071,419053.5,3809230.5,2022,1,0,1,4,4,6,8,3,5,9,5,0,4,10,16,5,1,11
1802,1102,419146.5,3809266.5,2022,1,0,1,4,4,2,5,9,4,9,3,4,14,9,1,0,14,16
1808,1110,419170.5,3809248.5,2022,0,0,1,4,4,2,5,9,4,9,3,4,14,9,1,0,3,16
1801,1164,419332.5,3809269.5,2022,0,0,1,4,4,2,5,9,4,10,0,9,12,3,9,0,4,15
1805,1188,419404.5,3809257.5,2022,0,0,1,4,4,2,5,9,4,9,0,4,12,9,1,0,3,15
1802,1200,419440.5,3809266.5,2022,0,0,1,4,4,2,5,9,4,10,0,9,7,3,9,0,4,15
1820,1249,419587.5,3809212.5,2022,0,3,4,3,3,4,3,7,10,10,6,9,7,3,9,10,4,1
1821,1286,419698.5,3809209.5,2022,1,2,2,0,0,1,8,3,9,1,12,0,4,10,16,5,1,11
1808,1302,419746.5,3809248.5,2022,1,2,2,0,0,6,8,3,5,4,5,0,4,10,16,12,1,11
1818,1344,419872.5,3809218.5,2022,1,2,2,0,0,1,8,3,9,1,12,0,4,10,16,5,1,11
1805,1366,419938.5,3809257.5,2022,1,2,2,0,0,6,4,2,7,4,8,6,8,8,10,12,8,8
1823,1385,419995.5,3809203.5,2022,1,0,2,4,4,1,8,3,9,1,12,0,4,10,16,5,1,11
1818,1429,420127.5,3809218.5,2022,1,2,2,0,0,1,4,2,7,6,8,6,8,8,10,3,8,8
1816,1441,420163.5,3809224.5,2022,1,2,2,0,0,1,4,2,7,6,8,6,8,8,10,3,8,8
1815,1491,420313.5,3809227.5,2022,1,2,2,0,0,6,8,3,5,1,12,0,4,10,16,5,1,11
1822,1512,420376.5,3809206.5,2022,0,0,4,3,3,2,5,9,4,10,0,9,7,3,9,10,4,1
1805,1533,420439.5,3809257.5,2022,1,2,2,0,0,1,2,0,1,5,9,13,11,4,12,12,6,17
1808,1562,420526.5,3809248.5,2022,0,0,1,4,4,2,5,9,4,10,0,4,7,9,1,11,14,16
1826,1614,420682.5,3809194.5,2022,1,2,2,1,5,1,2,0,9,1,12,11,13,7,6,15,11,0
1825,1693,420919.5,3809197.5,2022,1,2,2,0,0,1,4,0,9,1,12,0,4,10,16,5,1,11
1829,1729,421027.5,3809185.5,2022,1,2,2,0,0,1,4,2,7,6,8,6,8,7,6,15,11,0
1828,1766,421138.5,3809188.5,2022,1,2,2,0,0,6,4,2,7,6,8,6,8,8,10,3,8,8
1829,1783,421189.5,3809185.5,2022,1,2,2,0,0,1,4,2,7,6,8,6,8,8,10,3,8,8
1828,1818,421294.5,3809188.5,2022,1,2,2,0,0,1,4,2,7,1,12,0,4,10,16,5,1,11
1807,1833,421339.5,3809251.5,2022,0,0,4,3,3,4,3,9,10,10,0,9,7,3,9,11,4,1
1825,1880,421480.5,3809197.5,2022,0,0,4,4,4,2,5,9,4,10,0,9,7,3,9,10,4,1
1809,1893,421519.5,3809245.5,2022,1,2,2,0,0,1,4,2,7,1,12,0,4,10,16,5,1,11
1803,1942,421666.5,3809263.5,2022,0,3,4,3,3,4,3,0,10,10,11,9,7,12,5,11,13,19
1814,1962,421726.5,3809230.5,2022,0,0,4,3,3,4,3,9,10,10,0,9,7,3,9,10,4,1
1816,2008,421864.5,3809224.5,2022,0,0,1,4,4,2,5,9,4,10,0,9,7,3,9,10,4,1
1810,2031,421933.5,3809242.5,2022,0,0,4,1,5,2,2,0,9,5,9,11,13,1,5,8,13,19
1801,2065,422035.5,3809269.5,2022,0,0,1,4,4,2,5,9,4,10,11,4,14,12,7,7,14,16
1808,2092,422116.5,3809248.5,2022,0,3,4,3,3,4,3,7,10,2,6,5,2,5,11,2,10,5
1818,2116,422188.5,3809218.5,2022,0,0,4,3,3,4,5,9,4,10,0,9,7,3,9,10,4,1
1827,2135,422245.5,3809191.5,2022,0,3,4,3,3,4,3,7,10,10,11,9,7,3,9,10,4,1
1823,2184,422392.5,3809203.5,2022,0,3,4,3,3,4,3,0,10,2,6,11,13,7,5,15,13,19
1824,2212,422476.5,3809200.5,2022,2,2,2,1,5,1,4,0,7,6,8,11,13,7,6,15,11,0
1819,2230,422530.5,3809215.5,2022,1,2,2,1,5,1,2,0,1,5,9,11,13,7,5,15,17,3
1809,2259,422617.5,3809245.5,2022,1,2,2,0,0,1,2,0,9,1,12,11,13,7,6,15,11,0
1805,2364,422932.5,3809257.5,2022,0,3,0,2,1,0,1,4,0,7,4,3,9,2,8,4,15,14
1825,2375,422965.5,3809197.5,2022,2,1,3,5,6,5,6,6,6,0,2,12,6,0,4,6,17,3
1819,2408,423064.5,3809215.5,2022,0,3,4,1,5,5,2,0,1,5,11,7,10,12,7,6,17,3
1802,2452,423196.5,3809266.5,2022,0,0,3,1,5,5,2,8,1,5,11,7,10,1,0,6,17,3
1810,2466,423238.5,3809242.5,2022,0,3,4,1,5,4,2,0,1,10,11,7,10,12,7,11,14,16
1829,3290,425710.5,3809185.5,2022,2,1,0,2,1,0,1,4,0,7,4,3,9,2,8,9,5,6
1811,3320,425800.5,3809239.5,2022,2,1,3,5,6,3,7,1,8,3,7,8,5,13,13,17,9,10
1800,3332,425836.5,3809272.5,2022,2,3,0,2,1,0,1,4,0,7,4,3,9,2,8,9,5,4
1849,3,415849.5,3809125.5,2022,0,0,1,4,4,2,5,9,4,9,0,9,12,9,1,0,3,15
1831,51,415993.5,3809179.5,2022,0,0,4,3,3,4,3,9,10,10,0,9,7,3,9,10,4,1
1844,74,416062.5,3809140.5,2022,0,0,4,3,4,2,5,9,4,10,0,9,7,3,9,10,4,1
1835,95,416125.5,3809167.5,2022,1,2,2,0,0,6,8,3,5,1,12,0,4,10,16,5,1,11
1844,123,416209.5,3809140.5,2022,1,0,1,4,4,2,5,9,4,9,3,4,12,9,1,0,3,15
1847,174,416362.5,3809131.5,2022,1,0,1,4,4,2,5,3,4,9,3,4,12,9,1,0,3,15
1849,200,416440.5,3809125.5,2022,0,0,1,4,4,2,5,9,4,9,0,4,12,9,1,0,3,15
1831,212,416476.5,3809179.5,2022,1,0,1,4,4,2,5,9,4,9,0,4,12,9,1,0,3,15
1848,248,416584.5,3809128.5,2022,1,0,1,4,4,2,8,3,5,9,0,13,11,4,12,12,6,17
1830,273,416659.5,3809182.5,2022,1,2,2,0,0,6,8,3,5,4,9,13,11,4,12,12,6,17
1859,355,416905.5,3809095.5,2022,0,0,1,4,4,2,5,9,4,10,0,9,7,3,9,10,4,1
1856,369,416947.5,3809104.5,2022,0,0,1,4,4,2,5,9,1,5,0,13,11,4,12,8,2,2
1831,413,417079.5,3809179.5,2022,1,2,2,0,0,1,4,2,7,6,9,13,11,4,6,12,11,0
1846,437,417151.5,3809134.5,2022,1,0,1,4,4,2,8,8,1,5,3,13,11,4,12,12,6,17
1833,478,417274.5,3809173.5,2022,0,3,4,1,5,4,2,0,1,5,9,11,10,1,0,8,2,2
1838,489,417307.5,3809158.5,2022,0,3,4,3,3,4,3,7,10,2,6,5,2,5,11,2,10,5
1844,539,417457.5,3809140.5,2022,0,3,4,3,3,4,3,7,10,2,6,5,2,5,11,2,10,5
1854,545,417475.5,3809110.5,2022,0,3,4,3,3,4,3,7,10,2,6,5,2,5,11,2,10,5
1853,593,417619.5,3809113.5,2022,0,3,4,3,3,4,3,7,10,2,6,5,2,5,11,2,10,5
1854,619,417697.5,3809110.5,2022,0,3,4,3,3,4,3,7,10,2,6,5,2,5,11,2,10,5
1846,637,417751.5,3809134.5,2022,0,3,4,3,3,4,3,7,10,10,0,9,7,3,9,10,4,1
1839,669,417847.5,3809155.5,2022,0,3,4,3,3,4,3,7,10,2,6,5,2,5,11,2,10,5
1840,718,417994.5,3809152.5,2022,1,2,2,0,0,1,2,2,7,6,8,11,11,7,6,15,11,0
1856,746,418078.5,3809104.5,2022,0,3,4,3,3,4,3,7,10,2,6,5,2,3,9,10,4,1
1848,753,418099.5,3809128.5,2022,0,3,4,3,3,4,3,7,10,2,6,5,2,5,11,2,10,5
1859,802,418246.5,3809095.5,2022,1,0,1,1,5,2,2,0,1,5,9,13,11,1,0,8,2,2
1833,832,418336.5,3809173.5,2022,1,2,2,0,0,1,4,2,7,6,8,6,8,8,6,3,11,0
1843,857,418411.5,3809143.5,2022,1,0,1,4,4,2,5,8,4,9,3,13,11,4,12,12,6,17
1855,880,418480.5,3809107.5,2022,1,0,1,1,5,2,2,0,1,5,9,13,11,4,12,12,6,17
1843,912,418576.5,3809143.5,2022,0,0,4,3,3,2,5,9,4,10,0,9,7,3,9,11,4,1
1836,945,418675.5,3809164.5,2022,0,0,1,4,4,2,5,9,4,9,0,4,12,9,1,0,3,15
1854,961,418723.5,3809110.5,2022,0,0,1,4,4,2,5,9,4,10,0,9,7,9,7,11,14,16
1855,993,418819.5,3809107.5,2022,1,2,2,0,0,1,4,2,7,6,8,6,8,8,6,3,11,0
1835,1048,418984.5,3809167.5,2022,0,3,4,3,3,4,3,7,10,10,6,9,7,3,9,10,4,1
1839,1051,418993.5,3809155.5,2022,0,0,1,4,4,2,5,9,4,10,11,9,7,12,7,11,14,16
1856,1404,420052.5,3809104.5,2022,1,2,2,0,0,1,8,3,9,1,12,0,4,10,16,5,1,11
1839,1439,420157.5,3809155.5,2022,1,2,2,0,0,1,4,0,9,1,12,11,13,7,5,15,13,19
1846,1453,420199.5,3809134.5,2022,0,0,1,4,4,2,5,9,4,10,0,9,7,12,7,11,14,16
1845,1474,420262.5,3809137.5,2022,0,3,4,3,3,4,3,7,10,10,11,9,7,12,7,11,4,16
1837,1518,420394.5,3809161.5,2022,0,0,4,3,3,2,5,9,4,10,0,9,7,3,9,10,4,1
1850,1559,420517.5,3809122.5,2022,0,0,1,4,4,2,5,9,4,10,0,9,7,3,9,10,4,1
1859,1574,420562.5,3809095.5,2022,1,2,2,0,0,6,8,3,5,4,5,0,4,10,16,5,1,11
1830,1734,421042.5,3809182.5,2022,1,2,2,0,0,1,4,2,9,1,12,0,4,10,16,5,1,11
1830,1766,421138.5,3809182.5,2022,1,2,2,0,0,6,4,2,7,6,8,6,8,8,10,3,8,8
1830,1780,421180.5,3809182.5,2022,1,2,2,0,0,1,4,2,7,6,8,6,8,8,10,3,8,8
1851,1818,421294.5,3809119.5,2022,2,0,3,1,5,5,6,6,6,0,11,7,10,12,7,6,14,3
1855,1834,421342.5,3809107.5,2022,1,0,1,4,4,2,5,8,3,11,3,4,14,0,4,7,18,7
1840,1888,421504.5,3809152.5,2022,0,0,1,4,4,2,5,9,4,10,0,9,7,12,7,11,14,16
1833,1907,421561.5,3809173.5,2022,0,0,1,4,4,2,5,9,9,1,12,0,4,10,16,5,1,11
1830,1921,421603.5,3809182.5,2022,1,2,2,0,4,1,8,3,9,1,12,0,4,10,16,5,1,11
1859,1977,421771.5,3809095.5,2022,1,2,2,0,0,1,4,2,3,1,1,2,4,6,2,15,7,18
1830,1998,421834.5,3809182.5,2022,1,2,2,0,0,6,4,3,7,1,12,0,4,10,16,5,1,11
1838,2019,421897.5,3809158.5,2022,0,0,4,3,4,2,5,9,4,10,0,9,7,3,9,10,4,1
1848,2052,421996.5,3809128.5,2022,1,0,1,1,5,2,5,8,3,11,3,2,14,0,4,7,18,7
1849,2080,422080.5,3809125.5,2022,0,3,4,1,5,5,6,6,6,10,11,7,10,12,7,4,15,14
1845,2108,422164.5,3809137.5,2022,2,1,3,1,5,5,6,8,3,11,1,2,14,0,4,6,18,3
1842,2130,422230.5,3809146.5,2022,1,1,3,1,5,5,6,8,3,11,1,2,1,0,4,7,18,7
1830,2182,422386.5,3809182.5,2022,1,2,2,1,5,1,2,0,9,1,12,11,13,7,5,15,13,19
1853,2212,422476.5,3809113.5,2022,1,2,2,0,0,1,4,2,7,6,8,6,8,6,2,15,7,18
1858,2225,422515.5,3809098.5,2022,0,3,4,3,3,4,3,7,10,10,11,7,7,12,7,11,14,16
1850,2267,422641.5,3809122.5,2022,0,0,4,3,3,4,5,9,4,10,11,9,7,12,7,11,14,16
1849,2305,422755.5,3809125.5,2022,0,0,4,1,5,5,2,0,1,5,11,7,10,12,7,6,17,3
1852,2315,422785.5,3809116.5,2022,0,0,4,1,5,5,6,8,3,5,11,7,10,12,7,6,14,3
1853,2340,422860.5,3809113.5,2022,2,0,1,4,4,5,6,8,4,10,11,7,14,12,7,7,14,7
1830,2399,423037.5,3809182.5,2022,0,3,4,1,5,4,2,0,1,10,11,7,10,12,7,11,14,16
1831,2402,423046.5,3809179.5,2022,0,3,4,1,5,5,2,0,1,5,11,7,10,12,7,4,15,14
1831,2452,423196.5,3809179.5,2022,2,1,3,1,5,5,6,8,3,11,11,7,14,0,4,6,17,3
1832,2470,423250.5,3809176.5,2022,1,0,3,1,5,5,6,8,3,11,1,2,14,0,4,7,18,7
1836,2756,424108.5,3809164.5,2022,0,3,4,3,3,4,3,7,10,2,6,5,2,5,11,2,10,5
1858,2900,424540.5,3809098.5,2022,2,1,3,5,6,5,6,8,3,11,3,2,14,0,4,7,18,7
1859,2922,424606.5,3809095.5,2022,2,1,3,5,6,5,6,6,3,11,1,2,1,0,4,6,18,12
1848,2959,424717.5,3809128.5,2022,2,0,3,1,5,5,6,8,3,11,11,7,14,0,4,7,17,3
1857,2991,424813.5,3809101.5,2022,1,1,3,5,6,5,6,8,3,11,1,2,1,0,4,1,18,18
1850,3000,424840.5,3809122.5,2022,2,1,3,1,5,5,6,8,3,11,11,7,10,0,4,6,17,3
1850,3032,424936.5,3809122.5,2022,2,1,3,5,6,5,6,6,3,11,2,2,1,0,4,6,18,12
1852,3076,425068.5,3809116.5,2022,2,1,3,5,6,5,6,6,6,11,2,12,1,11,3,1,0,12
1848,3103,425149.5,3809128.5,2022,2,1,3,5,6,5,6,6,6,0,2,12,6,11,3,13,0,12
1853,3141,425263.5,3809113.5,2022,2,1,3,5,6,5,6,6,3,11,1,2,1,6,2,1,0,12
1858,3162,425326.5,3809098.5,2022,2,1,3,5,6,5,6,6,6,0,2,12,6,11,3,13,0,12
1848,3197,425431.5,3809128.5,2022,2,1,3,5,6,5,6,6,6,0,2,12,6,11,3,13,0,12
1852,3219,425497.5,3809116.5,2022,2,1,3,5,6,5,6,6,6,0,2,12,6,11,3,13,0,12
1852,3240,425560.5,3809116.5,2022,2,1,3,5,6,5,6,6,6,0,2,12,6,11,3,13,0,6
1836,3291,425713.5,3809164.5,2022,2,3,0,2,1,0,1,4,0,7,4,3,9,2,8,9,5,4
1853,3328,425824.5,3809113.5,2022,2,1,3,5,6,5,6,6,6,0,2,12,6,11,3,13,0,6
1856,3332,425836.5,3809104.5,2022,2,1,3,5,6,5,6,6,6,11,2,2,1,11,3,1,0,12
1873,3,415849.5,3809053.5,2022,0,0,1,4,4,2,5,9,4,10,0,9,12,3,9,0,3,15
1865,43,415969.5,3809077.5,2022,1,2,1,4,4,6,8,3,5,4,5,0,4,10,16,5,1,11
1886,76,416068.5,3809014.5,2022,0,0,1,4,4,2,5,9,4,9,0,4,12,9,1,0,3,15
1860,109,416167.5,3809092.5,2022,0,0,1,4,4,2,5,9,4,10,0,9,7,3,9,0,3,15
1871,131,416233.5,3809059.5,2022,0,0,1,4,4,2,5,9,4,9,0,4,7,9,1,0,14,16
1863,169,416347.5,3809083.5,2022,0,0,1,4,4,2,5,9,4,9,0,4,12,9,1,0,3,15
1871,194,416422.5,3809059.5,2022,1,0,1,4,4,2,8,3,5,9,3,4,12,9,1,0,3,15
1867,213,416479.5,3809071.5,2022,1,0,1,4,4,2,5,9,4,9,3,4,12,9,1,0,3,15
1866,252,416596.5,3809074.5,2022,1,0,1,4,4,2,8,3,5,5,9,13,11,4,12,12,6,17
1879,292,416716.5,3809035.5,2022,1,2,2,0,0,6,8,3,5,4,5,10,3,14,15,14,16,13
1885,324,416812.5,3809017.5,2022,0,0,1,4,4,2,5,9,4,9,0,4,12,9,1,0,3,15
1861,356,416908.5,3809089.5,2022,0,0,4,3,3,2,5,9,4,10,0,9,7,3,9,10,4,1
1870,384,416992.5,3809062.5,2022,1,0,1,4,4,2,2,0,1,5,9,13,11,4,12,12,6,17
1860,393,417019.5,3809092.5,2022,1,2,2,0,0,6,8,3,5,4,5,13,11,4,12,12,6,17
1870,445,417175.5,3809062.5,2022,1,0,1,4,2,7,0,5,2,8,10,1,0,15,14,16,12,9
1880,457,417211.5,3809032.5,2022,0,3,4,3,3,4,3,7,10,2,6,5,2,5,11,2,10,5
1861,499,417337.5,3809089.5,2022,0,3,4,3,3,4,3,7,10,2,6,5,2,5,11,2,10,5
1876,536,417448.5,3809044.5,2022,0,3,4,3,3,4,3,7,10,10,0,9,7,3,9,10,4,1
1868,567,417541.5,3809068.5,2022,1,2,2,0,0,1,2,0,9,1,12,11,13,7,5,15,13,19
1864,598,417634.5,3809080.5,2022,0,3,4,3,3,4,2,0,9,2,6,11,13,7,5,15,13,19
1876,608,417664.5,3809044.5,2022,0,3,4,3,3,4,3,7,10,2,6,5,2,5,11,2,10,5
1880,633,417739.5,3809032.5,2022,0,3,4,3,3,4,3,7,10,2,6,5,2,5,11,2,10,5
1865,665,417835.5,3809077.5,2022,0,3,4,3,3,4,2,0,1,5,9,11,13,1,0,8,2,2
1879,716,417988.5,3809035.5,2022,1,2,2,1,5,1,2,0,1,5,9,13,11,4,12,12,6,17
1879,745,418075.5,3809035.5,2022,1,0,1,1,5,2,2,0,1,5,9,13,11,4,12,12,6,17
1881,774,418162.5,3809029.5,2022,1,0,1,1,5,2,2,0,1,5,9,13,11,4,12,12,6,17
1876,809,418267.5,3809044.5,2022,1,2,2,0,0,1,4,2,7,6,8,6,8,8,10,3,8,8
1872,810,418270.5,3809056.5,2022,1,2,2,0,0,1,4,2,7,6,8,6,8,8,6,3,11,0
1876,855,418405.5,3809044.5,2022,1,2,2,0,0,1,4,2,7,6,8,6,8,8,6,3,11,0
1863,887,418501.5,3809083.5,2022,0,3,4,3,3,4,3,7,10,10,11,7,10,1,0,8,2,2
1878,909,418567.5,3809038.5,2022,0,3,4,1,5,4,2,0,1,5,9,7,10,1,0,8,2,2
1883,941,418663.5,3809023.5,2022,1,2,2,0,0,1,4,2,7,6,8,6,8,8,10,3,8,8
1866,964,418732.5,3809074.5,2022,0,0,4,1,5,2,2,0,1,5,11,7,10,12,7,11,14,16
1880,994,418822.5,3809032.5,2022,1,2,2,0,0,1,4,2,7,6,8,6,8,8,10,3,8,8
1884,1031,418933.5,3809020.5,2022,0,3,4,3,3,4,3,7,10,10,6,9,7,3,9,10,4,1
1886,1051,418993.5,3809014.5,2022,0,0,1,4,4,2,5,9,4,10,0,9,7,3,9,11,14,16
1876,1408,420064.5,3809044.5,2022,0,3,4,3,3,4,3,7,10,2,6,9,7,3,9,10,4,1
1866,1432,420136.5,3809074.5,2022,0,3,4,3,3,4,3,7,10,10,6,9,7,3,9,10,4,1
1882,1444,420172.5,3809026.5,2022,0,3,4,3,3,4,3,7,10,10,0,9,7,3,9,10,4,1
1869,1482,420286.5,3809065.5,2022,1,0,2,4,4,1,5,0,9,1,12,0,4,10,16,5,1,11
1864,1505,420355.5,3809080.5,2022,0,0,1,4,4,2,5,9,4,10,0,9,7,3,9,11,14,16
1865,1547,420481.5,3809077.5,2022,1,0,1,4,4,2,5,9,4,1,12,0,4,10,16,5,1,11
1887,1560,420520.5,3809011.5,2022,1,2,2,0,0,6,8,2,5,6,8,13,11,4,12,12,6,17
1862,1684,420892.5,3809086.5,2022,0,0,4,3,3,4,3,9,10,10,0,9,7,3,9,10,4,1
1862,1822,421306.5,3809086.5,2022,0,0,1,1,4,2,5,8,4,5,3,4,14,12,7,7,14,7
1876,1830,421330.5,3809044.5,2022,1,0,3,1,5,5,6,8,3,11,1,2,14,0,4,7,18,7
1867,1881,421483.5,3809071.5,2022,0,0,1,4,4,2,5,9,4,9,3,4,14,9,1,7,14,16
1860,1913,421579.5,3809092.5,2022,1,0,1,4,4,2,5,8,4,9,3,4,14,0,4,7,18,7
1873,1938,421654.5,3809053.5,2022,1,0,1,4,4,2,8,8,4,9,3,4,14,9,1,7,18,7
1876,1951,421693.5,3809044.5,2022,0,0,1,1,5,5,6,8,3,11,11,7,14,0,4,7,18,7
1864,2002,421846.5,3809080.5,2022,1,0,1,4,4,2,5,8,3,11,3,4,14,0,4,7,18,7
1887,2022,421906.5,3809011.5,2022,0,0,1,1,5,2,5,9,4,10,11,7,14,12,7,7,14,16
1860,2056,422008.5,3809092.5,2022,1,0,1,1,5,2,2,8,3,5,11,7,14,12,7,7,14,7
1873,2097,422131.5,3809053.5,2022,2,3,0,2,1,0,1,4,0,7,4,3,9,2,8,9,5,4
1888,2122,422206.5,3809008.5,2022,1,2,2,0,0,6,8,3,5,4,5,10,3,14,15,14,16,13
1863,2146,422278.5,3809083.5,2022,1,2,2,0,0,6,8,3,5,4,5,10,3,14,15,14,16,13
1860,2162,422326.5,3809092.5,2022,1,2,2,0,0,6,8,3,5,4,5,10,3,14,15,14,16,13
1878,2200,422440.5,3809038.5,2022,1,2,2,0,0,6,8,3,5,4,5,0,4,10,16,5,1,11
1868,2235,422545.5,3809068.5,2022,0,3,4,3,3,4,3,7,10,2,11,7,10,12,7,11,15,14
1888,2273,422659.5,3809008.5,2022,1,1,3,5,6,5,6,8,3,11,1,2,1,0,4,1,18,18
1867,2291,422713.5,3809071.5,2022,0,3,4,3,3,4,3,7,10,10,11,7,10,12,7,11,15,14
1889,2310,422770.5,3809005.5,2022,0,3,4,1,5,4,2,0,1,10,11,7,10,12,7,11,14,16
1862,2898,424534.5,3809086.5,2022,2,1,3,1,5,5,6,6,6,0,11,7,10,0,4,6,17,3
1874,2931,424633.5,3809050.5,2022,2,1,3,5,6,5,6,6,6,0,2,12,6,11,3,13,0,12
1884,2950,424690.5,3809020.5,2022,2,1,3,5,6,5,6,6,3,11,1,2,1,0,4,6,18,12
1885,2984,424792.5,3809017.5,2022,2,1,3,5,6,5,6,6,3,11,1,2,1,0,4,1,0,12
1863,3008,424864.5,3809083.5,2022,2,1,3,2,6,5,6,6,6,0,2,12,6,11,3,6,15,14
1868,3032,424936.5,3809068.5,2022,2,1,3,5,6,5,6,6,6,0,2,12,1,11,3,6,17,3
1872,3064,425032.5,3809056.5,2022,1,1,3,5,6,3,7,1,3,11,1,2,1,6,2,1,7,18
1869,3109,425167.5,3809065.5,2022,2,1,3,5,6,5,6,6,3,11,2,2,1,0,3,1,0,12
1874,3130,425230.5,3809050.5,2022,2,1,3,5,6,5,6,6,6,0,2,12,6,11,3,13,0,12
1885,3163,425329.5,3809017.5,2022,2,1,3,5,6,5,6,6,6,0,2,12,6,11,3,13,0,6
1876,3181,425383.5,3809044.5,2022,2,1,3,5,6,5,6,6,6,0,2,12,6,11,3,13,0,6
1863,3225,425515.5,3809083.5,2022,2,1,3,5,6,5,6,6,6,0,2,12,6,11,3,13,0,12
1889,3266,425638.5,3809005.5,2022,2,1,0,2,1,0,1,6,6,0,2,12,6,11,3,13,0,6
1882,3278,425674.5,3809026.5,2022,2,1,0,2,1,0,1,4,0,0,4,12,6,11,3,13,0,6
1879,3329,425827.5,3809035.5,2022,2,1,3,5,6,5,6,6,6,0,2,12,6,11,3,13,0,12
1876,3333,425839.5,3809044.5,2022,2,1,3,5,6,5,6,6,6,0,2,12,6,11,3,13,0,6
1900,10,415870.5,3808972.5,2022,0,0,4,3,3,4,3,9,4,10,0,9,7,3,9,10,4,1
1902,50,415990.5,3808966.5,2022,0,0,1,4,4,2,5,9,4,9,0,4,12,9,1,0,3,15
1912,63,416029.5,3808936.5,2022,0,0,1,4,4,2,5,9,4,9,0,4,12,9,1,0,3,15
1894,103,416149.5,3808990.5,2022,0,3,4,3,3,4,3,7,10,2,6,9,7,3,9,10,4,1
1896,120,416200.5,3808984.5,2022,0,0,1,4,4,2,5,9,4,9,0,4,12,9,1,0,3,15
1918,175,416365.5,3808918.5,2022,1,2,2,0,0,6,8,3,5,4,5,13,11,4,12,12,6,17
1899,183,416389.5,3808975.5,2022,1,0,1,4,4,2,5,9,4,9,3,4,12,9,1,0,3,15
1915,225,416515.5,3808927.5,2022,1,0,1,4,4,2,5,9,1,5,9,13,11,4,12,12,6,17
1913,275,416665.5,3808933.5,2022,1,2,2,0,0,1,2,3,1,5,9,13,11,4,6,12,11,0
1892,324,416812.5,3808996.5,2022,1,0,1,4,4,2,8,3,9,1,12,0,4,10,16,5,1,11
1904,336,416848.5,3808960.5,2022,1,0,1,4,4,2,8,3,5,9,5,13,12,4,12,0,6,15
1893,361,416923.5,3808993.5,2022,1,2,1,4,4,6,8,3,5,4,5,10,3,14,15,14,16,13
1919,393,417019.5,3808915.5,2022,0,0,4,1,5,1,2,0,1,5,9,11,13,7,6,8,2,2
1911,475,417265.5,3808939.5,2022,0,3,4,3,3,4,3,7,9,1,12,0,4,10,5,5,13,19
1908,500,417340.5,3808948.5,2022,0,3,4,3,3,4,3,7,10,2,6,5,2,5,11,2,10,5
1911,512,417376.5,3808939.5,2022,0,3,4,3,3,4,3,7,9,1,6,9,7,3,9,10,4,1
1906,587,417601.5,3808954.5,2022,0,3,4,3,3,4,3,7,10,2,6,5,2,5,11,2,10,5
1911,618,417694.5,3808939.5,2022,0,3,4,3,3,4,3,7,10,2,6,5,2,5,5,2,13,19
1907,631,417733.5,3808951.5,2022,0,3,4,3,3,4,3,7,10,2,6,5,2,5,11,2,10,5
1914,670,417850.5,3808930.5,2022,0,0,1,1,5,2,2,0,1,5,9,13,11,1,0,8,2,2
1902,715,417985.5,3808966.5,2022,1,2,2,1,5,1,2,0,1,5,9,13,11,4,12,12,6,17
1900,741,418063.5,3808972.5,2022,1,2,2,1,5,1,2,0,1,5,9,13,11,4,6,8,11,0
1914,750,418090.5,3808930.5,2022,0,0,4,1,5,4,2,0,1,5,9,7,10,1,0,8,2,2
1904,801,418243.5,3808960.5,2022,0,0,1,1,5,2,2,0,1,5,9,13,11,1,0,8,2,2
1903,827,418321.5,3808963.5,2022,0,0,1,1,5,2,2,0,1,5,9,13,11,1,0,8,2,2
1918,856,418408.5,3808918.5,2022,0,0,4,1,5,2,2,0,1,5,9,7,11,1,0,8,2,2
1904,872,418456.5,3808960.5,2022,1,2,2,0,0,1,4,2,7,6,8,6,8,8,10,3,8,8
1915,927,418621.5,3808927.5,2022,0,0,4,1,5,2,2,0,1,5,9,7,10,1,0,8,2,2
1912,933,418639.5,3808936.5,2022,0,0,1,1,5,2,2,0,1,5,9,13,11,1,0,8,2,2
1903,974,418762.5,3808963.5,2022,1,2,2,0,0,1,4,2,7,6,8,6,8,8,10,3,11,0
1907,996,418828.5,3808951.5,2022,0,3,4,3,3,4,3,7,10,10,11,9,7,12,7,11,14,16
1897,1020,418900.5,3808981.5,2022,0,0,4,3,3,4,5,9,4,10,11,9,7,12,7,11,14,16
1900,1050,418990.5,3808972.5,2022,0,0,4,3,3,2,5,9,4,10,11,9,7,12,7,11,14,16
1915,1407,420061.5,3808927.5,2022,1,2,2,0,0,1,4,2,7,6,8,6,8,8,6,3,11,0
1892,1427,420121.5,3808996.5,2022,1,0,2,4,4,1,8,3,9,1,12,0,4,10,16,5,1,11
1919,1444,420172.5,3808915.5,2022,1,2,1,4,0,6,8,3,5,1,3,0,4,10,16,5,1,11
1893,1487,420301.5,3808993.5,2022,1,2,2,0,0,1,4,2,7,6,8,6,8,8,6,3,11,0
1893,1555,420505.5,3808993.5,2022,1,2,2,0,0,1,2,0,1,5,9,13,11,4,12,12,6,17
1896,1562,420526.5,3808984.5,2022,1,2,2,0,0,6,4,2,7,4,5,6,8,8,10,3,8,8
1913,1759,421117.5,3808933.5,2022,0,0,4,3,4,2,5,9,4,10,0,9,7,3,9,11,14,16
1916,1791,421213.5,3808924.5,2022,0,0,4,3,4,2,5,9,4,10,0,9,7,3,9,10,4,1
1910,1818,421294.5,3808942.5,2022,0,0,1,1,5,2,5,9,4,10,11,7,14,12,7,11,14,16
1898,1838,421354.5,3808978.5,2022,1,0,1,4,4,2,5,8,4,9,3,4,14,9,1,7,14,7
1902,1875,421465.5,3808966.5,2022,1,0,1,4,4,2,5,8,3,11,3,4,14,0,4,7,18,7
1896,1909,421567.5,3808984.5,2022,0,0,1,4,4,2,5,9,4,10,11,9,14,12,7,11,14,16
1898,1938,421654.5,3808978.5,2022,0,0,1,4,4,2,5,8,4,10,11,4,14,12,7,7,14,16
1904,1973,421759.5,3808960.5,2022,0,0,1,1,5,2,5,8,4,10,11,7,14,12,7,7,14,7
1904,1993,421819.5,3808960.5,2022,1,0,1,4,4,2,5,8,4,11,3,4,14,12,7,7,14,7
1896,2011,421873.5,3808984.5,2022,1,2,2,0,0,1,4,2,9,1,12,0,4,10,16,5,1,11
1902,2049,421987.5,3808966.5,2022,1,0,1,4,4,2,5,8,4,9,3,4,14,9,1,7,3,7
1904,2097,422131.5,3808960.5,2022,1,2,2,0,0,6,8,3,5,4,5,10,3,14,15,14,16,13
1890,2106,422158.5,3809002.5,2022,1,2,2,0,0,6,8,3,5,4,5,10,3,14,15,14,16,13
1895,2158,422314.5,3808987.5,2022,1,2,2,0,0,6,8,3,5,4,5,10,3,14,15,14,16,13
1910,2165,422335.5,3808942.5,2022,1,2,2,0,0,6,8,3,5,4,5,10,3,14,15,14,16,13
1892,2219,422497.5,3808996.5,2022,0,0,4,3,5,2,5,9,4,10,11,7,10,12,7,11,14,16
1898,2248,422584.5,3808978.5,2022,0,0,4,1,5,5,5,8,4,10,11,7,10,12,7,7,14,16
1914,2254,422602.5,3808930.5,2022,1,0,1,4,4,5,6,8,3,11,3,2,14,0,4,7,18,7
1894,2280,422680.5,3808990.5,2022,0,0,3,1,5,5,2,8,3,11,11,7,14,12,7,6,14,3
1908,2317,422791.5,3808948.5,2022,0,0,4,1,5,2,5,9,4,10,11,9,7,12,7,11,14,16
1891,2908,424564.5,3808999.5,2022,2,1,3,5,6,5,6,6,3,11,1,2,1,0,4,6,18,12
1894,2918,424594.5,3808990.5,2022,2,1,3,5,6,5,6,6,3,11,1,2,1,0,4,1,18,12
1905,2965,424735.5,3808957.5,2022,2,1,3,5,6,5,6,6,3,11,1,2,1,0,4,1,18,12
1914,2984,424792.5,3808930.5,2022,2,1,3,5,6,5,6,8,3,11,1,2,1,0,4,1,18,12
1899,3025,424915.5,3808975.5,2022,2,1,3,5,6,5,6,6,3,11,2,2,1,0,4,6,18,12
1900,3051,424993.5,3808972.5,2022,2,1,3,5,6,5,6,6,6,0,2,12,6,11,3,13,0,12
1905,3072,425056.5,3808957.5,2022,2,1,3,5,6,5,6,6,6,0,2,12,6,11,3,13,0,6
1918,3118,425194.5,3808918.5,2022,2,1,3,5,6,5,6,6,6,0,2,12,6,11,3,13,0,6
1915,3120,425200.5,3808927.5,2022,2,1,3,5,6,5,6,6,6,0,2,12,6,11,3,13,0,12
1912,3171,425353.5,3808936.5,2022,2,1,3,5,6,5,6,6,6,0,2,12,6,11,3,13,0,6
1913,3204,425452.5,3808933.5,2022,2,1,3,5,6,5,6,6,6,0,2,12,6,11,3,13,0,6
1904,3239,425557.5,3808960.5,2022,2,1,3,5,6,5,6,6,6,0,2,12,6,11,3,13,0,6
1905,3259,425617.5,3808957.5,2022,2,1,3,5,6,5,6,6,6,0,2,12,6,11,3,13,0,6
1918,3275,425665.5,3808918.5,2022,2,1,0,2,1,0,1,4,6,0,2,12,6,11,3,13,0,6
1892,3321,425803.5,3808996.5,2022,2,1,3,5,6,5,6,6,6,0,2,12,6,11,3,13,0,12
1897,3332,425836.5,3808981.5,2022,2,1,3,5,6,5,6,6,6,0,2,12,6,11,3,13,0,6
1940,21,415903.5,3808852.5,2022,1,2,2,0,0,6,8,3,5,4,5,0,4,10,16,5,1,11
1921,59,416017.5,3808909.5,2022,1,0,1,4,4,2,5,9,4,9,0,4,12,9,1,0,3,15
1941,83,416089.5,3808849.5,2022,0,0,1,4,4,2,5,9,4,10,0,9,7,9,1,0,14,16
1939,100,416140.5,3808855.5,2022,1,0,1,4,2,7,0,5,2,8,10,1,0,15,14,16,12,9
1933,126,416218.5,3808873.5,2022,0,3,4,3,3,4,3,7,10,2,6,9,7,3,9,10,4,1
1940,165,416335.5,3808852.5,2022,0,0,1,4,4,2,5,9,4,9,0,9,12,3,9,0,3,15
1932,202,416446.5,3808876.5,2022,1,0,1,4,4,2,8,8,5,9,3,13,11,4,12,12,6,17
1935,216,416488.5,3808867.5,2022,0,0,1,4,4,2,5,9,4,10,0,9,7,3,9,10,4,1
1933,268,416644.5,3808873.5,2022,0,0,4,3,3,4,5,9,4,10,0,9,7,3,9,10,4,1
1937,291,416713.5,3808861.5,2022,0,3,4,3,3,4,3,7,10,2,6,9,7,3,9,10,4,1
1921,319,416797.5,3808909.5,2022,1,0,1,4,2,7,0,5,2,8,10,1,0,15,14,16,12,9
1940,369,416947.5,3808852.5,2022,1,0,1,4,2,7,0,5,2,8,10,1,0,15,14,16,12,9
1949,416,417088.5,3808825.5,2022,1,0,1,4,4,2,5,9,4,9,3,4,14,9,1,0,14,16
1946,420,417100.5,3808834.5,2022,0,3,4,3,3,4,3,7,10,2,6,9,2,3,9,10,4,1
1942,507,417361.5,3808846.5,2022,0,3,4,3,3,4,3,7,10,2,6,5,2,5,11,2,10,5
1944,518,417394.5,3808840.5,2022,0,3,4,3,3,4,3,7,10,2,6,5,2,5,11,2,10,5
1943,580,417580.5,3808843.5,2022,0,3,4,3,3,4,3,7,10,2,6,5,2,5,11,2,10,5
1949,610,417670.5,3808825.5,2022,1,2,2,1,5,1,2,0,9,5,9,11,13,7,6,15,11,0
1920,654,417802.5,3808912.5,2022,1,0,2,1,5,1,2,0,1,5,9,13,11,1,0,8,2,2
1948,688,417904.5,3808828.5,2022,1,0,1,4,5,2,2,8,1,5,3,13,11,4,12,12,6,17
1947,697,417931.5,3808831.5,2022,1,2,1,1,5,1,2,8,1,5,9,13,11,4,12,12,6,17
1924,746,418078.5,3808900.5,2022,0,0,4,1,5,2,2,0,1,5,9,13,11,1,0,8,2,2
1929,772,418156.5,3808885.5,2022,1,2,2,0,0,1,4,2,7,6,8,13,11,4,6,12,11,0
1949,782,418186.5,3808825.5,2022,0,0,4,1,5,4,2,0,1,5,9,7,10,1,0,8,2,2
1941,824,418312.5,3808849.5,2022,1,2,2,0,0,1,4,2,7,6,8,6,8,8,10,3,8,8
1947,855,418405.5,3808831.5,2022,1,2,2,0,0,1,4,2,7,6,8,6,8,8,6,3,11,0
1947,889,418507.5,3808831.5,2022,0,0,4,1,5,5,2,0,1,5,9,7,10,1,0,8,2,2
1942,928,418624.5,3808846.5,2022,1,2,2,0,0,1,4,2,7,6,8,6,8,8,10,3,11,0
1921,930,418630.5,3808909.5,2022,0,3,4,1,5,1,2,0,1,5,9,11,13,1,0,8,2,2
1928,974,418762.5,3808888.5,2022,1,2,2,0,0,1,4,2,7,6,8,6,8,8,10,3,8,8
1944,990,418810.5,3808840.5,2022,0,0,4,1,5,1,2,0,1,5,9,13,11,1,0,8,2,2
1929,1021,418903.5,3808885.5,2022,0,3,4,3,3,4,3,7,10,2,6,5,2,5,11,2,10,5
1924,1052,418996.5,3808900.5,2022,1,2,2,0,0,1,4,2,7,6,8,11,13,7,6,15,11,0
1948,1404,420052.5,3808828.5,2022,0,0,4,3,4,2,5,9,4,10,11,9,7,12,7,11,14,16
1920,1419,420097.5,3808912.5,2022,0,0,1,4,4,2,5,9,4,10,0,9,7,3,9,11,14,16
1920,1444,420172.5,3808912.5,2022,1,2,2,0,0,1,4,2,7,6,8,11,13,7,6,15,11,0
1926,1506,420358.5,3808894.5,2022,1,2,2,0,0,6,8,3,5,1,12,0,4,10,16,5,1,11
1939,1682,420886.5,3808855.5,2022,0,0,1,4,4,2,5,9,4,10,0,9,7,3,9,10,4,1
1942,1748,421084.5,3808846.5,2022,1,2,2,0,0,1,8,2,9,1,12,0,4,10,16,5,1,11
1921,1774,421162.5,3808909.5,2022,0,2,4,3,3,1,2,0,9,1,12,0,4,10,16,5,1,11
1937,1823,421309.5,3808861.5,2022,0,0,1,1,4,2,5,9,4,10,11,7,7,12,7,11,14,16
1925,1837,421351.5,3808897.5,2022,0,0,1,1,5,2,5,8,4,10,11,7,14,12,7,7,14,16
1921,1889,421507.5,3808909.5,2022,1,0,1,4,4,2,5,9,4,9,3,4,14,9,1,7,3,7
1946,1900,421540.5,3808834.5,2022,0,0,1,4,4,2,5,9,4,9,3,4,14,9,1,0,3,15
1922,1940,421660.5,3808906.5,2022,0,0,1,4,4,2,5,9,4,9,3,4,14,9,1,0,3,15
1937,1973,421759.5,3808861.5,2022,1,2,2,0,0,6,8,3,5,4,5,0,4,10,16,5,1,11
1925,1986,421798.5,3808897.5,2022,0,3,4,1,5,4,2,0,10,10,11,7,10,12,5,11,13,19
1921,2037,421951.5,3808909.5,2022,1,0,1,4,4,2,8,8,5,9,3,4,14,9,1,7,3,7
1939,2049,421987.5,3808855.5,2022,1,2,2,0,0,6,8,3,5,1,12,0,4,10,16,5,1,11
1928,2089,422107.5,3808888.5,2022,0,3,4,3,3,4,3,7,10,10,11,7,10,12,7,11,15,14
1933,2105,422155.5,3808873.5,2022,1,2,2,0,0,6,8,3,5,4,5,10,3,14,15,14,16,13
1929,2135,422245.5,3808885.5,2022,1,2,2,0,0,6,8,3,5,4,5,10,3,14,15,14,16,13
1924,2165,422335.5,3808900.5,2022,1,2,2,0,0,6,8,3,5,4,5,10,3,14,15,14,16,13
1943,2214,422482.5,3808843.5,2022,0,0,1,1,5,2,5,8,4,10,11,7,14,12,7,7,14,16
1940,2243,422569.5,3808852.5,2022,1,0,1,4,4,2,5,3,4,1,12,0,4,10,16,7,1,7
1934,2250,422590.5,3808870.5,2022,0,0,1,1,4,2,5,9,4,10,11,7,14,12,7,7,14,7
1943,2304,422752.5,3808843.5,2022,1,0,1,4,4,2,5,8,4,9,3,4,14,9,4,7,18,7
1934,2316,422788.5,3808870.5,2022,0,0,1,4,4,2,5,9,4,9,3,4,14,9,1,7,3,7
1927,2907,424561.5,3808891.5,2022,1,0,1,4,4,2,8,8,3,11,3,2,14,0,4,7,18,7
1934,2921,424603.5,3808870.5,2022,2,1,3,5,6,5,6,6,3,11,2,2,1,0,4,6,18,12
1922,2951,424693.5,3808906.5,2022,2,1,3,5,6,5,6,6,3,11,1,2,1,0,4,1,0,12
1932,2992,424816.5,3808876.5,2022,2,1,3,5,6,5,6,6,3,11,1,2,1,6,2,1,7,12
1928,3028,424924.5,3808888.5,2022,2,1,3,5,6,5,6,6,6,0,2,12,6,11,3,6,17,3
1948,3034,424942.5,3808828.5,2022,2,1,3,5,6,5,6,6,3,11,2,2,1,0,4,6,0,12
1942,3063,425029.5,3808846.5,2022,2,1,3,5,6,5,6,6,6,0,2,12,6,0,4,6,18,12
1928,3096,425128.5,3808888.5,2022,2,1,3,5,6,5,6,6,6,0,2,12,6,11,3,13,0,12
1936,3131,425233.5,3808864.5,2022,2,1,3,5,6,5,6,6,6,0,2,12,1,11,3,1,0,12
1929,3168,425344.5,3808885.5,2022,2,1,3,5,6,5,6,6,6,0,2,12,6,11,3,13,0,12
1928,3200,425440.5,3808888.5,2022,2,1,3,5,6,5,6,6,6,0,2,12,6,11,3,13,0,6
1929,3235,425545.5,3808885.5,2022,2,1,0,2,1,0,1,6,6,0,2,12,6,11,3,13,0,6
1948,3267,425641.5,3808828.5,2022,2,1,3,5,6,5,6,6,6,0,2,12,6,11,3,13,0,6
1922,3285,425695.5,3808906.5,2022,2,1,3,5,6,5,6,6,6,0,2,12,6,11,3,13,0,12
1922,3315,425785.5,3808906.5,2022,2,1,3,5,6,5,6,6,6,0,2,12,6,11,3,13,0,12
1939,3332,425836.5,3808855.5,2022,2,1,0,2,1,5,6,6,6,0,2,12,6,11,3,13,0,6
1968,18,415894.5,3808768.5,2022,1,2,2,0,0,6,8,3,5,4,5,10,3,14,15,14,16,13
1979,35,415945.5,3808735.5,2022,1,2,2,0,0,6,4,2,7,6,8,6,8,8,10,3,8,8
1965,89,416107.5,3808777.5,2022,1,2,2,0,0,6,8,3,5,4,5,0,4,10,16,5,1,11
1957,99,416137.5,3808801.5,2022,0,0,4,3,4,2,5,9,4,10,0,9,7,3,9,10,4,1
1958,141,416263.5,3808798.5,2022,0,2,4,3,3,1,2,0,9,1,12,0,4,10,16,5,1,11
1979,171,416353.5,3808735.5,2022,0,3,4,3,3,4,3,7,10,2,6,5,2,5,11,10,10,1
1971,180,416380.5,3808759.5,2022,0,0,4,3,3,4,3,9,10,10,0,9,7,3,9,10,4,1
1954,212,416476.5,3808810.5,2022,0,0,4,3,3,2,5,9,4,10,0,9,7,3,9,10,4,1
1976,264,416632.5,3808744.5,2022,0,0,4,3,3,2,5,9,4,10,0,9,7,3,9,10,4,1
1952,290,416710.5,3808816.5,2022,0,0,4,3,3,2,5,9,4,10,0,9,7,3,9,10,4,1
1952,377,416971.5,3808816.5,2022,0,0,4,3,3,4,3,9,10,10,0,9,7,3,9,10,4,1
1969,419,417097.5,3808765.5,2022,0,3,4,3,3,4,3,7,10,2,6,5,2,5,11,10,4,1
1975,422,417106.5,3808747.5,2022,0,0,1,4,4,2,5,9,4,10,11,4,7,12,7,11,14,16
1970,506,417358.5,3808762.5,2022,0,3,4,3,3,4,3,7,10,2,6,5,2,5,11,2,10,5
1979,536,417448.5,3808735.5,2022,0,3,4,3,3,4,3,7,10,2,6,5,2,1,0,8,2,2
1977,564,417532.5,3808741.5,2022,0,3,4,3,3,4,3,0,10,2,6,5,2,1,0,8,2,2
1975,584,417592.5,3808747.5,2022,1,0,1,1,5,2,2,0,1,5,9,13,11,4,12,12,6,17
1952,606,417658.5,3808816.5,2022,0,0,4,1,5,2,2,0,1,5,9,13,11,1,0,8,2,2
1950,651,417793.5,3808822.5,2022,1,2,2,1,5,1,2,0,1,5,9,11,13,1,6,8,2,2
1971,687,417901.5,3808759.5,2022,1,0,4,1,5,1,2,0,1,5,9,13,11,1,0,8,2,2
1971,699,417937.5,3808759.5,2022,0,0,4,1,5,4,2,0,1,5,9,7,10,1,0,8,2,2
1973,742,418066.5,3808753.5,2022,0,0,1,4,4,2,5,9,4,10,0,9,7,3,9,11,14,16
1962,777,418171.5,3808786.5,2022,1,2,2,0,0,1,4,2,7,6,8,13,11,4,6,12,11,0
1963,794,418222.5,3808783.5,2022,1,0,1,1,5,2,2,8,1,5,9,13,11,4,12,12,6,17
1953,826,418318.5,3808813.5,2022,1,0,1,1,5,2,2,8,1,5,9,13,11,1,0,8,2,2
1979,854,418402.5,3808735.5,2022,0,0,1,1,5,2,2,0,1,5,9,7,10,1,0,8,2,2
1968,886,418498.5,3808768.5,2022,1,2,2,0,0,1,4,2,7,6,8,6,8,8,10,3,8,8
1955,915,418585.5,3808807.5,2022,0,0,4,3,3,4,5,9,4,10,11,7,7,12,7,11,14,16
1976,947,418681.5,3808744.5,2022,1,2,2,0,0,1,4,2,7,6,8,6,8,8,6,3,11,0
1968,975,418765.5,3808768.5,2022,0,0,1,1,5,2,2,0,1,5,9,13,11,1,0,8,2,2
1974,1017,418891.5,3808750.5,2022,1,0,1,1,5,1,2,8,1,5,9,13,11,4,12,12,6,17
1959,1025,418915.5,3808795.5,2022,0,3,4,3,3,4,3,7,10,10,11,9,7,12,7,11,14,16
1952,1053,418999.5,3808816.5,2022,1,2,1,0,0,6,8,8,5,4,3,13,11,4,12,12,6,17
1964,1404,420052.5,3808780.5,2022,1,2,2,0,0,6,4,2,7,6,8,6,8,8,10,3,8,8
1953,1413,420079.5,3808813.5,2022,1,0,1,4,4,2,5,8,4,9,3,4,14,9,1,7,3,7
1962,1440,420160.5,3808786.5,2022,1,0,1,4,4,2,5,8,4,9,3,4,14,9,1,7,3,7
1960,1480,420280.5,3808792.5,2022,1,0,1,4,4,2,8,3,5,9,3,4,12,9,1,0,3,15
1978,1685,420895.5,3808738.5,2022,1,2,2,0,0,6,4,3,9,1,12,0,4,10,16,5,1,11
1955,1737,421051.5,3808807.5,2022,0,2,4,1,5,1,2,0,9,1,12,0,13,10,5,5,13,19
1955,1742,421066.5,3808807.5,2022,0,3,4,3,3,4,3,7,10,2,6,5,2,5,11,10,4,1
1964,1783,421189.5,3808780.5,2022,0,0,4,3,3,4,3,7,10,10,0,9,7,3,9,10,4,1
1969,1809,421267.5,3808765.5,2022,0,0,4,1,5,2,2,0,9,10,11,9,7,12,5,11,14,16
1962,1850,421390.5,3808786.5,2022,1,0,1,4,4,2,5,9,4,9,3,4,14,9,1,0,3,15
1959,1879,421477.5,3808795.5,2022,1,0,1,4,4,2,5,8,3,9,3,4,14,0,4,7,18,7
1956,1893,421519.5,3808804.5,2022,0,0,1,4,4,2,5,9,4,9,3,4,14,9,1,7,3,7
1954,1931,421633.5,3808810.5,2022,1,0,1,4,4,2,5,8,4,9,3,4,14,9,1,7,3,7
1972,1970,421750.5,3808756.5,2022,0,0,4,3,5,2,5,9,4,10,11,9,7,12,7,11,14,16
1977,1995,421825.5,3808741.5,2022,1,0,1,4,4,2,5,9,4,9,3,4,14,9,1,7,3,7
1967,2037,421951.5,3808771.5,2022,1,0,1,4,4,6,8,8,5,9,3,4,14,9,1,7,3,7
1965,2040,421960.5,3808777.5,2022,1,0,1,4,4,2,5,8,4,9,3,4,14,9,1,7,3,7
1978,2085,422095.5,3808738.5,2022,0,0,4,1,5,2,5,9,4,10,11,7,7,12,7,11,14,16
1966,2112,422176.5,3808774.5,2022,1,2,2,0,0,6,8,3,5,4,5,10,3,14,15,14,16,13
1977,2136,422248.5,3808741.5,2022,1,2,1,0,0,6,8,3,5,4,5,10,3,14,15,14,16,13
1957,2167,422341.5,3808801.5,2022,1,2,2,0,0,6,8,3,5,4,5,10,3,14,15,14,16,13
1953,2212,422476.5,3808813.5,2022,0,3,4,3,3,4,3,7,10,10,11,7,10,12,7,4,15,14
1969,2229,422527.5,3808765.5,2022,0,0,1,1,5,5,6,8,3,11,11,7,14,0,4,7,18,7
1959,2278,422674.5,3808795.5,2022,0,0,1,4,4,2,5,8,4,9,3,4,14,9,7,7,14,7
1968,2292,422716.5,3808768.5,2022,0,0,4,1,5,2,5,9,4,10,11,7,7,12,7,11,14,16
1951,2317,422791.5,3808819.5,2022,1,0,1,4,4,5,6,8,3,11,3,2,14,0,4,7,18,7
1978,2506,423358.5,3808738.5,2022,0,3,0,2,1,0,1,4,0,2,6,5,2,5,11,2,10,5
1964,2520,423400.5,3808780.5,2022,0,3,0,2,3,4,3,7,10,2,6,5,2,5,11,2,10,5
1977,2897,424531.5,3808741.5,2022,2,1,3,1,5,5,6,8,3,11,1,2,14,0,4,7,18,7
1957,2920,424600.5,3808801.5,2022,2,1,3,5,6,5,6,6,6,0,2,12,6,0,4,6,17,12
1953,2968,424744.5,3808813.5,2022,2,1,3,5,6,5,6,6,3,11,1,2,1,0,4,1,18,12
1958,2984,424792.5,3808798.5,2022,2,1,3,5,6,5,6,6,3,11,1,2,1,0,4,1,18,12
1965,3017,424891.5,3808777.5,2022,1,1,3,5,6,5,6,8,3,11,1,2,1,6,2,1,7,18
1969,3032,424936.5,3808765.5,2022,2,1,3,5,6,5,6,6,3,11,1,2,1,0,4,1,7,12
1963,3066,425038.5,3808783.5,2022,2,1,3,5,6,5,6,6,6,0,2,12,6,11,3,13,0,12
1958,3094,425122.5,3808798.5,2022,2,1,3,5,6,3,6,6,3,11,1,2,1,6,2,1,0,12
1964,3144,425272.5,3808780.5,2022,2,1,3,5,6,5,6,6,6,0,2,12,6,11,3,13,0,12
1962,3167,425341.5,3808786.5,2022,2,1,3,5,6,5,6,6,6,0,2,12,6,11,3,13,0,6
1965,3195,425425.5,3808777.5,2022,2,1,3,5,6,5,6,6,6,0,2,12,6,11,3,13,0,6
1979,3219,425497.5,3808735.5,2022,2,1,3,5,6,5,6,6,6,0,2,12,6,11,3,13,0,12
1962,3244,425572.5,3808786.5,2022,2,1,3,2,6,5,6,6,6,0,2,12,6,11,3,13,0,6
1976,3280,425680.5,3808744.5,2022,2,1,3,5,6,5,6,6,6,0,2,12,6,11,3,13,0,12
1969,3316,425788.5,3808765.5,2022,2,1,3,2,1,5,6,6,6,0,2,12,6,11,3,13,0,6
1966,3332,425836.5,3808774.5,2022,2,1,3,5,6,5,6,6,6,0,2,12,6,11,3,13,0,6
1980,20,415900.5,3808732.5,2022,1,2,2,0,0,6,4,2,5,4,5,10,3,14,15,14,16,13
1995,50,415990.5,3808687.5,2022,1,2,2,0,0,6,4,2,7,4,8,6,8,8,10,3,8,8
1996,65,416035.5,3808684.5,2022,1,2,2,0,0,6,4,2,7,6,8,6,8,8,10,3,8,8
1980,91,416113.5,3808732.5,2022,1,2,2,0,4,1,2,0,9,1,12,0,4,10,16,5,1,11
1984,137,416251.5,3808720.5,2022,0,0,4,3,3,2,5,9,4,10,0,9,7,3,9,10,4,1
1984,157,416311.5,3808720.5,2022,0,3,4,3,3,4,3,7,10,10,0,9,7,3,9,10,4,1
2007,183,416389.5,3808651.5,2022,0,3,4,3,3,4,3,7,10,10,0,9,7,3,9,10,4,1
2009,231,416533.5,3808645.5,2022,1,0,1,4,2,7,0,5,2,8,10,1,0,15,14,16,12,9
1984,264,416632.5,3808720.5,2022,0,3,4,3,3,4,3,7,10,2,6,5,2,3,9,10,4,1
1993,271,416653.5,3808693.5,2022,0,0,4,3,3,4,5,9,4,10,0,9,7,3,9,10,4,1
1982,304,416752.5,3808726.5,2022,0,0,4,3,3,4,3,7,10,10,0,9,7,3,9,10,4,1
2003,358,416914.5,3808663.5,2022,0,3,4,3,3,4,3,7,10,2,6,5,2,5,11,2,10,5
1994,379,416977.5,3808690.5,2022,0,0,4,1,5,4,2,0,1,5,9,13,11,1,0,8,2,2
1981,409,417067.5,3808729.5,2022,0,3,4,3,3,4,3,7,10,2,6,5,2,3,11,10,4,1
1988,421,417103.5,3808708.5,2022,0,3,4,3,3,4,3,7,10,2,6,5,2,5,11,2,10,5
1991,537,417451.5,3808699.5,2022,0,0,1,4,5,2,5,8,4,9,3,13,14,12,7,7,14,16
1986,541,417463.5,3808714.5,2022,1,2,2,0,0,1,4,2,7,6,8,6,8,4,12,12,6,17
1995,597,417631.5,3808687.5,2022,0,3,4,1,5,4,2,0,1,5,9,7,10,1,0,8,2,2
1995,600,417640.5,3808687.5,2022,0,3,4,3,3,4,3,7,10,2,6,5,2,5,11,2,10,5
2006,651,417793.5,3808654.5,2022,0,3,4,3,3,4,3,7,10,10,6,9,7,3,9,11,4,1
2000,681,417883.5,3808672.5,2022,0,3,4,1,5,4,2,0,1,5,9,7,10,1,0,8,2,2
1985,710,417970.5,3808717.5,2022,0,3,4,3,3,4,3,7,10,10,11,9,7,12,7,11,14,16
1995,729,418027.5,3808687.5,2022,0,0,4,1,5,2,2,0,1,5,9,7,10,1,0,8,2,2
1987,751,418093.5,3808711.5,2022,0,0,4,3,3,4,5,9,4,10,0,9,7,3,9,10,4,1
1983,780,418180.5,3808723.5,2022,0,3,4,1,5,4,2,0,1,5,9,7,10,1,0,8,2,2
1984,827,418321.5,3808720.5,2022,1,0,1,1,5,1,2,0,1,5,9,13,11,1,0,8,2,2
1992,861,418423.5,3808696.5,2022,0,0,4,1,5,2,2,0,1,5,11,7,10,1,7,8,14,16
1981,896,418528.5,3808729.5,2022,1,2,2,0,0,6,4,2,7,6,8,6,8,8,10,3,8,8
1982,916,418588.5,3808726.5,2022,1,2,2,0,0,1,4,2,7,6,8,6,8,8,10,3,11,0
1994,930,418630.5,3808690.5,2022,1,2,2,0,0,1,4,2,7,6,8,6,8,8,6,3,11,0
2001,981,418783.5,3808669.5,2022,1,0,1,4,4,2,5,8,4,5,3,13,11,4,12,12,14,16
1984,1011,418873.5,3808720.5,2022,0,2,4,1,5,1,2,0,1,5,9,11,13,7,5,15,13,19
1988,1026,418918.5,3808708.5,2022,1,0,1,1,5,2,2,8,1,5,9,13,11,4,12,12,6,17
2009,1050,418990.5,3808645.5,2022,1,0,1,4,4,2,5,8,1,9,3,13,11,4,12,12,6,17
1981,1408,420064.5,3808729.5,2022,0,0,4,3,4,2,5,9,4,10,0,9,7,3,9,11,4,16
1997,1422,420106.5,3808681.5,2022,0,0,4,3,3,2,5,9,4,10,0,9,7,3,9,10,4,1
1990,1441,420163.5,3808702.5,2022,0,0,1,4,4,2,5,3,9,1,12,0,4,10,16,5,1,11
1983,1688,420904.5,3808723.5,2022,1,2,2,0,0,6,8,3,5,4,5,0,4,10,16,5,1,11
1989,1738,421054.5,3808705.5,2022,0,0,4,3,3,4,3,9,10,10,0,9,7,3,9,10,4,1
1992,1761,421123.5,3808696.5,2022,0,3,4,3,3,4,3,7,10,2,6,5,2,5,11,2,10,5
1982,1793,421219.5,3808726.5,2022,0,3,4,3,3,4,3,7,10,2,6,5,2,5,11,2,10,5
2009,1829,421327.5,3808645.5,2022,0,0,1,4,4,2,5,9,4,10,11,7,7,12,7,11,14,16
1996,1830,421330.5,3808684.5,2022,0,0,1,4,4,2,5,9,4,9,3,4,14,12,7,7,14,16
1998,1871,421453.5,3808678.5,2022,0,0,1,4,4,2,5,9,4,10,0,9,7,9,7,11,14,16
1997,1909,421567.5,3808681.5,2022,0,0,1,4,4,2,5,9,4,9,3,4,14,12,7,7,14,16
1981,1935,421645.5,3808729.5,2022,0,0,4,4,4,2,5,9,4,10,0,9,7,12,7,11,14,16
1990,1978,421774.5,3808702.5,2022,1,0,1,4,4,2,5,8,4,9,3,4,14,9,1,7,3,7
1990,1999,421837.5,3808702.5,2022,0,3,4,3,3,4,5,9,4,10,0,9,7,3,9,10,4,1
2008,2022,421906.5,3808648.5,2022,0,0,1,4,4,2,5,9,4,9,3,4,14,9,7,7,14,7
1992,2056,422008.5,3808696.5,2022,0,0,1,4,4,2,5,9,4,10,11,9,7,12,7,11,14,16
1988,2076,422068.5,3808708.5,2022,0,3,4,1,5,4,2,0,9,10,11,7,10,12,5,11,13,19
1999,2109,422167.5,3808675.5,2022,1,2,2,0,0,6,8,3,5,4,5,2,3,6,2,14,18,18
1997,2131,422233.5,3808681.5,2022,1,2,2,0,0,6,8,3,5,4,5,10,3,14,15,14,16,13
1995,2178,422374.5,3808687.5,2022,1,2,2,0,0,6,8,3,5,4,5,10,3,14,15,14,16,13
2002,2211,422473.5,3808666.5,2022,0,0,1,4,4,2,5,8,4,9,3,4,14,12,7,7,14,7
1987,2220,422500.5,3808711.5,2022,0,0,4,3,4,2,5,9,4,10,11,9,7,12,7,11,14,16
1993,2263,422629.5,3808693.5,2022,1,2,2,1,5,1,2,8,3,11,1,2,1,6,2,1,7,18
1990,2295,422725.5,3808702.5,2022,0,0,1,1,4,2,5,8,4,10,11,7,14,12,7,7,14,7
1991,2329,422827.5,3808699.5,2022,1,1,3,1,5,5,6,8,3,11,1,2,1,0,4,6,17,3
1991,2515,423385.5,3808699.5,2022,0,3,4,3,3,4,3,7,10,10,11,9,7,12,7,11,14,16
1987,2521,423403.5,3808711.5,2022,0,3,4,3,3,4,3,7,10,2,6,5,2,5,11,2,10,5
2006,2896,424528.5,3808654.5,2022,2,3,0,2,1,5,6,6,6,0,11,7,10,12,7,4,15,14
1996,2929,424627.5,3808684.5,2022,2,1,3,5,6,5,6,6,6,11,2,2,1,0,4,6,17,12
1985,2942,424666.5,3808717.5,2022,2,1,3,5,6,5,6,6,6,11,2,2,6,0,4,6,18,12
1999,2986,424798.5,3808675.5,2022,2,1,3,5,6,5,6,6,3,11,1,2,1,0,4,1,18,12
1993,3019,424897.5,3808693.5,2022,2,1,3,5,6,5,6,6,3,11,1,2,1,6,2,1,7,18
1999,3051,424993.5,3808675.5,2022,2,1,3,5,6,5,6,6,3,11,1,2,1,0,4,6,17,12
1990,3085,425095.5,3808702.5,2022,2,1,3,5,6,5,6,6,6,0,2,12,6,11,3,13,0,12
2005,3097,425131.5,3808657.5,2022,2,1,3,5,6,5,6,6,6,0,2,12,6,11,3,13,0,12
2009,3126,425218.5,3808645.5,2022,2,1,3,5,6,5,6,6,6,0,2,12,1,11,3,13,0,12
2003,3160,425320.5,3808663.5,2022,2,1,3,5,6,5,6,6,6,0,2,12,6,11,3,13,0,12
1980,3186,425398.5,3808732.5,2022,2,1,3,5,6,5,6,6,6,0,2,12,6,11,3,13,0,12
2005,3214,425482.5,3808657.5,2022,2,1,3,5,6,5,6,6,6,0,2,12,6,11,3,13,0,12
2006,3266,425638.5,3808654.5,2022,2,1,0,2,1,5,1,6,6,0,2,12,6,11,3,13,0,6
2008,3292,425716.5,3808648.5,2022,2,1,3,5,6,5,6,6,6,0,2,12,6,11,3,13,0,12
1983,3313,425779.5,3808723.5,2022,2,1,3,5,6,5,6,6,6,0,2,12,6,11,3,13,0,6
2009,3331,425833.5,3808645.5,2022,2,1,3,2,1,5,6,6,6,0,2,12,6,11,3,13,0,14
2036,5,415855.5,3808564.5,2022,0,3,4,3,3,4,3,7,10,2,6,5,2,5,11,2,10,5
2027,50,415990.5,3808591.5,2022,1,2,2,0,0,6,4,2,7,6,8,6,8,8,10,3,8,8
2026,70,416050.5,3808594.5,2022,1,2,2,0,0,6,4,2,7,4,8,6,8,8,10,3,8,8
2035,95,416125.5,3808567.5,2022,1,2,2,0,0,6,4,2,7,4,8,6,8,8,10,3,8,8
2016,171,416353.5,3808624.5,2022,0,3,4,3,3,4,3,7,10,2,6,5,2,5,11,2,10,5
2010,180,416380.5,3808642.5,2022,0,3,4,3,3,4,3,7,10,2,6,5,2,3,9,10,4,1
2028,239,416557.5,3808588.5,2022,1,0,1,4,2,7,0,5,2,8,10,1,0,15,14,16,12,9
2014,243,416569.5,3808630.5,2022,0,0,1,4,4,2,5,9,4,10,0,9,7,3,9,11,14,16
2011,287,416701.5,3808639.5,2022,0,3,4,3,3,4,3,9,10,10,0,9,7,3,9,10,4,1
2035,315,416785.5,3808567.5,2022,0,3,4,3,3,4,3,7,10,2,6,9,7,3,9,10,4,1
2033,342,416866.5,3808573.5,2022,0,3,4,3,3,4,3,7,10,2,6,5,2,5,11,2,2,2
2029,361,416923.5,3808585.5,2022,0,3,4,3,3,4,3,7,10,10,6,9,7,3,9,10,4,1
2011,392,417016.5,3808639.5,2022,0,3,4,3,3,4,3,7,10,2,6,5,2,5,11,2,10,5
2027,428,417124.5,3808591.5,2022,0,3,4,3,3,4,3,7,10,2,6,9,2,3,9,10,4,1
2027,468,417244.5,3808591.5,2022,0,3,4,3,3,4,3,7,10,2,6,5,2,5,11,2,10,5
2028,489,417307.5,3808588.5,2022,0,3,4,3,3,4,2,0,9,2,11,11,13,7,5,11,13,19
2013,526,417418.5,3808633.5,2022,0,3,4,1,5,4,2,0,1,5,9,7,10,1,0,8,2,2
2011,547,417481.5,3808639.5,2022,1,2,2,1,5,1,2,0,1,5,9,11,13,7,6,15,11,0
2023,598,417634.5,3808603.5,2022,1,2,2,0,0,1,4,2,7,6,8,6,8,8,6,3,11,0
2029,611,417673.5,3808585.5,2022,0,3,4,3,3,4,3,7,10,2,6,5,2,5,11,2,10,5
2016,639,417757.5,3808624.5,2022,0,3,4,3,3,4,3,7,10,10,11,7,7,12,7,11,14,16
2010,676,417868.5,3808642.5,2022,0,2,4,1,5,1,2,0,1,5,9,11,13,1,0,8,2,2
2010,710,417970.5,3808642.5,2022,0,3,4,3,3,4,3,7,10,2,6,5,2,5,11,2,10,5
2015,732,418036.5,3808627.5,2022,0,3,4,3,3,4,3,7,10,10,11,9,7,12,9,11,4,1
2031,778,418174.5,3808579.5,2022,1,0,1,4,4,2,2,8,1,5,9,13,11,4,12,12,6,17
2031,780,418180.5,3808579.5,2022,1,0,1,4,5,2,8,8,1,5,3,13,11,4,12,12,6,17
2023,821,418303.5,3808603.5,2022,2,0,1,1,5,5,6,8,1,5,11,7,14,12,7,6,14,3
2029,854,418402.5,3808585.5,2022,0,0,1,1,5,2,5,8,1,5,11,7,14,12,7,11,14,16
2015,897,418531.5,3808627.5,2022,1,2,2,0,0,6,4,2,7,6,8,6,8,8,10,3,8,8
2038,920,418600.5,3808558.5,2022,0,0,1,4,4,2,5,9,4,10,0,9,7,3,9,11,14,16
2033,947,418681.5,3808573.5,2022,0,0,4,1,5,2,2,0,1,5,9,13,11,1,0,8,2,2
2016,977,418771.5,3808624.5,2022,0,0,1,1,5,2,2,0,1,5,9,13,11,1,0,8,2,2
2039,1016,418888.5,3808555.5,2022,1,0,1,1,5,5,2,8,1,5,9,13,11,4,12,12,6,17
2026,1020,418900.5,3808594.5,2022,0,0,1,1,5,2,2,8,1,5,9,13,11,12,7,11,14,16
2019,1076,419068.5,3808615.5,2022,0,0,1,1,5,2,2,8,1,5,9,13,11,1,0,8,2,2
2028,1084,419092.5,3808588.5,2022,1,0,1,4,5,6,8,8,3,11,3,13,11,4,12,12,6,17
2028,1112,419176.5,3808588.5,2022,0,0,4,3,3,2,5,9,4,10,0,9,7,12,7,11,14,16
2023,1407,420061.5,3808603.5,2022,0,0,4,3,4,2,5,9,4,10,0,9,7,3,9,11,4,1
2030,1410,420070.5,3808582.5,2022,0,0,1,4,4,2,5,9,4,10,0,9,7,3,9,0,4,16
2015,1682,420886.5,3808627.5,2022,1,2,2,0,0,6,8,3,5,4,5,0,4,10,16,5,1,11
2025,1738,421054.5,3808597.5,2022,0,0,1,4,4,2,5,9,4,10,0,4,7,9,7,11,14,16
2018,1762,421126.5,3808618.5,2022,0,0,4,3,3,2,5,9,4,10,11,9,7,12,7,11,14,16
2015,1782,421186.5,3808627.5,2022,0,0,4,3,3,2,5,9,4,10,11,9,7,12,7,11,14,16
2010,1826,421318.5,3808642.5,2022,0,0,1,4,4,2,5,9,4,10,11,9,7,12,7,11,14,16
2019,1852,421396.5,3808615.5,2022,0,0,1,4,4,2,5,9,4,1,0,0,7,10,16,5,1,16
2027,1882,421486.5,3808591.5,2022,1,0,1,4,4,2,5,8,4,9,3,4,14,9,1,7,3,7
2031,1910,421570.5,3808579.5,2022,1,2,1,4,4,6,8,8,5,4,3,0,14,10,16,7,18,7
2020,1944,421672.5,3808612.5,2022,0,0,1,4,4,2,5,8,4,10,11,7,14,12,7,7,14,16
2031,1953,421699.5,3808579.5,2022,0,0,1,4,4,2,5,9,4,9,3,4,12,9,1,0,3,15
2033,1983,421789.5,3808573.5,2022,0,0,1,4,4,2,5,9,4,10,11,7,14,12,7,7,14,16
2028,2034,421942.5,3808588.5,2022,0,0,1,4,4,2,5,9,4,9,0,4,12,9,1,0,3,15
2017,2055,422005.5,3808621.5,2022,1,2,2,0,0,6,8,3,5,4,5,0,4,10,16,5,1,11
2025,2095,422125.5,3808597.5,2022,0,3,4,3,3,4,3,7,10,10,11,9,7,12,7,11,14,14
2028,2126,422218.5,3808588.5,2022,0,0,1,4,4,2,5,9,4,10,11,9,7,12,7,11,14,16
2022,2137,422251.5,3808606.5,2022,0,0,4,3,3,2,5,9,4,10,11,7,7,12,7,11,14,16
2013,2184,422392.5,3808633.5,2022,0,0,1,4,4,2,5,9,4,10,0,9,7,3,9,10,4,1
2025,2204,422452.5,3808597.5,2022,1,0,1,4,4,2,5,8,4,9,3,4,14,9,4,7,18,7
2018,2226,422518.5,3808618.5,2022,1,0,1,4,4,2,5,9,4,9,3,4,12,9,1,0,3,15
2036,2251,422593.5,3808564.5,2022,2,1,3,5,6,5,6,8,3,11,1,2,1,0,4,7,18,12
2010,2293,422719.5,3808642.5,2022,0,0,1,4,4,2,5,9,4,10,3,4,14,9,7,7,14,7
2028,2320,422800.5,3808588.5,2022,1,0,1,4,4,2,5,8,3,11,3,4,14,0,4,7,18,7
2034,2545,423475.5,3808570.5,2022,1,0,1,4,4,6,8,3,5,4,5,10,12,14,15,14,16,13
2033,2552,423496.5,3808573.5,2022,1,2,2,0,0,6,8,3,5,4,5,10,3,14,15,14,16,13
2018,2897,424531.5,3808618.5,2022,2,1,3,5,6,5,6,6,3,11,2,2,14,0,4,7,18,12
2016,2925,424615.5,3808624.5,2022,2,1,3,5,6,5,6,6,6,0,2,12,6,0,4,6,0,12
2034,2945,424675.5,3808570.5,2022,2,1,3,5,6,5,6,8,3,11,1,2,1,0,4,6,18,12
2021,2979,424777.5,3808609.5,2022,2,1,3,5,6,5,6,6,6,0,2,12,6,0,4,6,17,12
2038,3015,424885.5,3808558.5,2022,2,1,3,5,6,5,6,6,3,11,1,2,1,0,4,1,18,12
2031,3055,425005.5,3808579.5,2022,2,1,3,5,6,5,6,6,3,11,1,2,1,0,4,1,0,12
2017,3060,425020.5,3808621.5,2022,2,1,3,5,6,5,6,6,3,11,1,2,1,6,2,1,7,12
2031,3110,425170.5,3808579.5,2022,2,1,3,5,6,5,6,6,6,11,2,2,1,0,3,1,0,12
2020,3133,425239.5,3808612.5,2022,2,1,3,5,6,5,6,6,3,11,1,2,1,0,4,1,17,12
2014,3157,425311.5,3808630.5,2022,2,1,3,5,6,5,6,6,6,0,2,12,6,11,3,13,0,12
2025,3208,425464.5,3808597.5,2022,2,1,3,5,6,5,6,6,6,0,2,12,6,11,3,13,0,6
2028,3216,425488.5,3808588.5,2022,2,1,0,2,1,5,6,6,6,0,2,12,6,11,3,13,0,6
2037,3247,425581.5,3808561.5,2022,2,1,0,2,1,0,1,6,6,0,2,12,6,11,3,13,0,6
2019,3280,425680.5,3808615.5,2022,2,1,3,5,6,5,6,6,6,0,2,12,6,11,3,13,0,6
2031,3317,425791.5,3808579.5,2022,2,1,3,5,6,5,6,6,6,0,2,12,6,11,3,13,0,12
2031,3333,425839.5,3808579.5,2022,2,1,3,2,6,5,6,6,6,0,2,12,6,11,3,13,0,6
2067,16,415888.5,3808471.5,2022,0,3,4,3,3,4,3,7,10,2,6,5,2,5,11,2,10,5
2045,42,415966.5,3808537.5,2022,0,0,4,3,4,2,5,9,4,10,0,9,7,3,9,10,4,1
2068,67,416041.5,3808468.5,2022,0,0,1,4,4,2,5,9,4,9,0,4,12,9,1,0,3,15
2040,103,416149.5,3808552.5,2022,1,2,2,0,0,6,4,2,7,6,8,6,8,8,10,3,8,8
2043,122,416206.5,3808543.5,2022,1,2,2,0,0,6,4,2,7,6,8,6,8,8,10,3,8,8
2051,208,416464.5,3808519.5,2022,0,3,4,3,3,4,3,7,10,10,0,9,7,3,9,10,4,1
2050,227,416521.5,3808522.5,2022,0,3,4,3,3,4,3,7,10,2,6,5,2,5,11,2,10,5
2045,245,416575.5,3808537.5,2022,0,3,4,3,3,4,3,7,10,10,0,9,7,3,9,10,4,1
2043,270,416650.5,3808543.5,2022,0,3,4,3,3,4,3,7,10,10,6,9,7,3,9,10,4,1
2059,309,416767.5,3808495.5,2022,0,3,4,3,3,4,3,7,10,2,6,9,2,3,9,10,4,1
2049,337,416851.5,3808525.5,2022,0,3,4,3,3,4,3,7,10,2,6,5,2,5,11,2,10,5
2053,369,416947.5,3808513.5,2022,0,3,4,3,3,4,3,7,10,2,6,5,2,5,11,2,10,5
2063,415,417085.5,3808483.5,2022,0,3,4,3,3,4,3,7,10,2,6,5,2,5,11,2,10,5
2067,425,417115.5,3808471.5,2022,0,3,4,3,3,4,3,7,10,2,6,5,2,5,11,2,10,5
2055,466,417238.5,3808507.5,2022,1,2,3,1,5,1,2,0,1,5,9,11,13,1,0,8,2,2
2066,484,417292.5,3808474.5,2022,0,3,4,1,5,1,2,0,1,5,9,11,13,1,0,8,2,2
2069,536,417448.5,3808465.5,2022,0,3,4,3,3,4,3,7,10,2,6,5,2,5,11,2,10,5
2044,554,417502.5,3808540.5,2022,0,3,4,3,3,4,3,7,10,2,6,5,2,5,11,2,10,5
2063,575,417565.5,3808483.5,2022,0,3,4,3,3,4,3,7,10,2,6,5,7,5,5,11,13,19
2059,616,417688.5,3808495.5,2022,0,3,4,1,5,4,2,0,1,5,9,11,13,1,0,8,2,2
2068,634,417742.5,3808468.5,2022,1,0,1,1,5,1,2,8,1,5,9,13,11,4,12,12,6,17
2066,672,417856.5,3808474.5,2022,0,3,4,3,3,4,3,7,10,2,6,5,2,5,11,2,10,5
2061,703,417949.5,3808489.5,2022,1,2,2,1,5,1,2,8,1,5,9,13,11,4,12,12,6,17
2051,737,418051.5,3808519.5,2022,1,0,1,1,5,2,2,8,1,5,9,13,11,4,12,12,6,17
2056,754,418102.5,3808504.5,2022,0,0,4,1,5,4,5,9,1,10,11,7,10,12,7,11,14,16
2064,781,418183.5,3808480.5,2022,0,0,1,4,4,2,5,9,4,9,3,4,12,9,1,0,3,15
2045,827,418321.5,3808537.5,2022,0,0,1,1,4,2,5,9,4,5,0,9,7,1,0,8,2,2
2041,851,418393.5,3808549.5,2022,0,3,4,1,5,4,2,0,1,5,9,7,10,1,0,8,2,2
2058,889,418507.5,3808498.5,2022,1,0,1,1,5,5,2,8,1,5,9,13,11,4,12,12,6,17
2049,919,418597.5,3808525.5,2022,0,0,4,1,5,5,2,0,1,5,9,7,10,1,0,8,2,2
2064,945,418675.5,3808480.5,2022,1,2,2,1,5,1,2,0,1,5,9,11,11,7,6,15,11,0
2043,978,418774.5,3808543.5,2022,1,2,2,0,0,1,4,2,7,6,8,6,8,8,10,3,8,8
2066,1015,418885.5,3808474.5,2022,0,0,4,1,5,2,2,0,1,5,9,7,10,1,0,8,2,2
2051,1028,418924.5,3808519.5,2022,0,2,2,1,5,1,2,0,1,5,9,11,13,7,6,15,11,0
2050,1051,418993.5,3808522.5,2022,0,0,4,1,5,5,2,0,1,5,9,7,10,1,0,8,2,2
2041,1083,419089.5,3808549.5,2022,0,0,4,3,3,2,5,9,4,10,11,9,7,12,7,11,14,16
2066,1126,419218.5,3808474.5,2022,0,0,1,4,4,2,5,9,4,10,0,4,7,9,1,11,14,16
2069,1244,419572.5,3808465.5,2022,0,3,4,3,3,4,3,7,10,2,6,5,2,5,11,2,4,1
2062,1260,419620.5,3808486.5,2022,1,2,2,0,0,6,4,2,7,1,8,0,4,10,16,5,1,11
2050,1408,420064.5,3808522.5,2022,0,0,4,3,3,4,3,9,10,10,0,9,7,3,9,10,4,1
2046,1435,420145.5,3808534.5,2022,0,3,4,3,3,4,3,7,10,2,6,9,2,3,9,10,4,1
2069,1682,420886.5,3808465.5,2022,0,0,1,4,4,2,5,9,4,9,0,4,12,9,1,0,3,15
2060,1737,421051.5,3808492.5,2022,0,3,4,3,3,4,3,7,10,2,6,9,7,3,9,10,4,1
2062,1746,421078.5,3808486.5,2022,1,0,1,4,4,2,5,8,4,9,3,4,14,9,1,0,3,15
2045,1785,421195.5,3808537.5,2022,0,3,4,3,3,4,3,7,10,2,6,5,2,5,11,2,10,5
2050,1827,421321.5,3808522.5,2022,0,0,1,4,4,2,5,9,4,9,3,4,12,9,1,0,3,15
2040,1851,421393.5,3808552.5,2022,0,0,1,4,4,2,5,9,4,9,0,4,12,9,1,0,3,15
2052,1883,421489.5,3808516.5,2022,1,0,1,4,4,2,5,9,4,9,3,4,12,9,1,0,3,15
2048,1911,421573.5,3808528.5,2022,0,0,1,4,4,2,5,8,4,9,3,4,14,9,1,7,3,7
2063,1938,421654.5,3808483.5,2022,0,0,1,4,4,2,5,9,4,10,0,9,7,3,7,10,14,16
2050,1950,421690.5,3808522.5,2022,1,0,1,4,4,2,5,8,4,9,3,4,14,9,1,7,3,7
2067,2007,421861.5,3808471.5,2022,0,0,1,4,4,2,5,9,4,10,0,4,14,9,1,0,14,16
2049,2031,421933.5,3808525.5,2022,0,0,4,3,4,2,5,9,4,10,0,9,7,3,9,10,14,16
2068,2063,422029.5,3808468.5,2022,0,0,1,4,4,2,5,9,4,9,3,4,14,9,1,7,3,7
2062,2085,422095.5,3808486.5,2022,0,0,1,4,4,2,5,8,4,9,3,4,14,9,1,7,14,7
2063,2123,422209.5,3808483.5,2022,1,0,1,4,4,2,5,8,4,9,3,4,14,9,1,7,18,7
2052,2144,422272.5,3808516.5,2022,0,0,1,4,4,2,5,9,4,10,0,9,7,3,9,10,4,1
2043,2185,422395.5,3808543.5,2022,0,0,4,1,5,5,2,0,9,5,11,7,10,12,5,11,13,19
2049,2201,422443.5,3808525.5,2022,1,0,1,4,4,5,6,8,3,11,3,2,14,0,4,7,18,7
2059,2223,422509.5,3808495.5,2022,0,0,1,1,5,5,6,8,3,11,3,2,14,0,4,7,18,7
2051,2255,422605.5,3808519.5,2022,1,0,3,4,6,5,6,8,3,11,1,2,14,0,4,7,18,7
2048,2291,422713.5,3808528.5,2022,1,1,3,1,5,5,6,8,3,11,1,2,1,0,4,7,18,7
2043,2321,422803.5,3808543.5,2022,2,0,1,1,5,5,6,8,3,11,3,7,14,0,4,7,18,7
2060,2479,423277.5,3808492.5,2022,2,1,4,1,5,5,2,0,9,1,11,11,13,7,5,15,13,19
2049,2500,423340.5,3808525.5,2022,0,0,4,3,4,2,5,9,4,10,0,9,7,3,9,10,4,1
2045,2545,423475.5,3808537.5,2022,1,2,2,0,0,6,8,3,5,4,5,10,3,14,15,14,16,13
2043,2550,423490.5,3808543.5,2022,1,2,2,0,0,6,8,3,5,4,5,10,3,14,15,14,16,13
2047,2902,424546.5,3808531.5,2022,2,1,3,5,6,5,6,8,3,11,1,2,1,0,4,1,18,12
2058,2936,424648.5,3808498.5,2022,2,1,3,5,6,5,6,6,6,0,2,12,6,11,3,13,0,12
2065,2960,424720.5,3808477.5,2022,2,1,3,5,6,5,6,6,6,0,2,12,6,11,3,13,0,12
2042,2979,424777.5,3808546.5,2022,2,1,3,5,6,5,6,6,3,11,1,2,1,0,4,1,18,12
2064,3019,424897.5,3808480.5,2022,2,1,3,5,6,5,6,6,6,0,2,12,6,11,3,13,0,12
2064,3035,424945.5,3808480.5,2022,2,1,3,5,6,5,6,6,3,11,1,2,1,0,4,1,0,12
2058,3079,425077.5,3808498.5,2022,1,1,3,5,6,3,6,8,3,11,1,2,1,6,2,1,7,18
2041,3090,425110.5,3808549.5,2022,2,1,3,5,6,5,6,6,6,0,2,12,6,11,3,13,0,6
2048,3137,425251.5,3808528.5,2022,2,1,3,5,6,5,6,6,6,0,2,12,6,11,3,13,0,12
2060,3168,425344.5,3808492.5,2022,2,1,3,5,6,5,6,6,6,0,2,12,6,0,3,6,0,12
2050,3196,425428.5,3808522.5,2022,2,1,3,2,1,5,6,6,6,0,2,12,6,11,3,13,0,6
2067,3211,425473.5,3808471.5,2022,2,1,3,5,6,5,6,6,6,0,2,12,6,11,3,13,0,12
2041,3252,425596.5,3808549.5,2022,2,1,3,5,6,5,6,6,6,0,2,12,6,11,3,13,0,6
2048,3271,425653.5,3808528.5,2022,2,1,3,2,6,5,6,6,6,0,2,12,6,11,3,13,0,6
2056,3303,425749.5,3808504.5,2022,2,1,3,5,6,5,6,6,6,0,2,12,1,11,3,13,0,12
2066,3330,425830.5,3808474.5,2022,2,1,3,5,6,5,6,6,3,11,1,2,1,0,4,1,18,12
2092,17,415891.5,3808396.5,2022,0,3,4,3,3,4,3,7,10,2,6,5,2,3,9,10,4,1
2097,31,415933.5,3808381.5,2022,1,0,1,4,2,7,0,5,2,8,10,1,0,15,14,16,12,9
2092,60,416020.5,3808396.5,2022,0,3,4,3,3,4,3,7,10,2,6,5,2,5,11,2,10,5
2099,95,416125.5,3808375.5,2022,0,0,1,4,4,2,5,9,4,9,0,4,12,9,1,0,3,15
2083,134,416242.5,3808423.5,2022,1,2,2,0,0,6,4,2,7,4,8,6,3,8,10,3,8,8
2081,153,416299.5,3808429.5,2022,1,2,2,0,0,6,4,2,7,6,8,6,8,8,10,3,8,8
2070,248,416584.5,3808462.5,2022,0,3,4,1,5,4,2,0,9,5,9,11,13,7,5,15,13,19
2083,281,416683.5,3808423.5,2022,0,0,4,3,4,2,5,9,4,10,11,9,7,12,7,11,14,16
2071,329,416827.5,3808459.5,2022,1,0,1,4,2,7,0,5,2,8,10,1,0,15,14,16,12,9
2099,358,416914.5,3808375.5,2022,0,3,4,3,3,4,3,7,10,2,6,5,2,5,11,2,10,5
2095,386,416998.5,3808387.5,2022,0,3,4,3,3,4,3,7,10,2,6,5,2,5,11,2,10,5
2083,403,417049.5,3808423.5,2022,0,3,4,3,3,4,3,7,10,2,6,5,2,5,11,2,10,5
2086,420,417100.5,3808414.5,2022,0,3,4,3,3,4,3,7,10,2,6,5,2,1,0,8,2,2
2079,463,417229.5,3808435.5,2022,0,3,4,3,3,4,3,7,1,5,9,7,10,1,0,8,2,2
2093,508,417364.5,3808393.5,2022,0,0,4,1,5,2,2,9,1,10,11,9,7,12,7,11,14,16
2087,539,417457.5,3808411.5,2022,0,3,4,3,3,4,3,7,10,2,6,5,2,5,11,2,10,5
2072,557,417511.5,3808456.5,2022,0,3,4,3,3,4,3,7,10,10,6,5,7,5,11,11,10,5
2091,575,417565.5,3808399.5,2022,1,2,2,0,0,1,4,2,7,6,8,13,11,4,12,12,6,17
2072,622,417706.5,3808456.5,2022,0,0,4,1,5,1,2,0,1,5,9,13,11,1,0,8,2,2
2070,659,417817.5,3808462.5,2022,0,0,1,1,5,2,2,0,1,5,9,13,11,1,0,8,2,2
2089,685,417895.5,3808405.5,2022,1,2,2,0,0,6,4,2,7,6,8,6,8,8,10,3,8,8
2074,719,417997.5,3808450.5,2022,1,2,2,1,5,1,2,0,1,5,9,11,13,7,6,15,11,0
2087,732,418036.5,3808411.5,2022,0,0,1,1,5,2,2,9,1,5,9,13,11,1,0,8,2,2
2093,768,418144.5,3808393.5,2022,0,0,1,1,5,2,2,8,1,5,9,13,11,1,0,8,2,2
2089,785,418195.5,3808405.5,2022,0,0,1,4,4,2,5,9,1,5,9,13,11,1,12,8,14,16
2077,820,418300.5,3808441.5,2022,0,3,4,1,5,4,2,0,1,5,9,7,10,1,0,8,2,2
2084,866,418438.5,3808420.5,2022,0,3,4,3,3,4,3,7,10,2,6,5,2,5,11,2,10,5
2075,896,418528.5,3808447.5,2022,1,2,2,0,0,1,4,2,7,6,8,6,8,8,10,3,8,8
2091,929,418627.5,3808399.5,2022,0,0,4,1,5,5,2,0,1,5,9,7,10,1,0,8,2,2
2082,943,418669.5,3808426.5,2022,2,3,4,1,5,5,2,0,1,5,9,7,10,1,0,8,2,2
2094,970,418750.5,3808390.5,2022,0,3,4,1,5,4,2,0,1,5,9,7,10,1,0,8,2,2
2085,1004,418852.5,3808417.5,2022,0,0,1,1,5,2,2,0,1,5,9,13,11,4,12,8,6,17
2086,1042,418966.5,3808414.5,2022,1,0,1,1,5,2,2,8,1,5,9,13,11,4,12,12,6,17
2090,1071,419053.5,3808402.5,2022,0,0,4,1,5,2,2,0,1,5,9,7,10,1,0,8,2,2
2089,1108,419164.5,3808405.5,2022,0,3,4,3,3,4,3,7,10,2,6,5,2,5,11,2,10,5
2081,1113,419179.5,3808429.5,2022,0,0,1,4,4,2,5,9,4,9,3,4,14,9,1,11,14,16
2097,1147,419281.5,3808381.5,2022,1,2,2,1,5,1,2,0,9,1,12,0,4,10,5,5,13,19
2072,1251,419593.5,3808456.5,2022,0,3,4,3,3,4,3,7,10,2,6,5,2,5,11,2,10,5
2084,1286,419698.5,3808420.5,2022,1,2,2,0,0,1,4,2,7,6,8,6,8,8,10,3,8,8
2082,1306,419758.5,3808426.5,2022,0,3,4,3,3,4,3,7,10,10,6,9,7,5,11,11,10,5
2082,1401,420043.5,3808426.5,2022,1,2,2,0,0,6,4,2,7,6,8,6,8,8,10,3,8,8
2095,1416,420088.5,3808387.5,2022,0,0,4,3,4,2,5,9,4,10,0,9,7,3,9,10,4,1
2097,1678,420874.5,3808381.5,2022,0,0,1,4,4,2,5,9,4,9,0,9,12,3,9,0,3,15
2092,1681,420883.5,3808396.5,2022,0,0,1,4,4,2,5,9,4,9,0,4,12,9,1,0,3,15
2099,1719,420997.5,3808375.5,2022,0,0,4,3,3,4,3,9,10,10,0,9,7,3,9,10,4,1
2071,1767,421141.5,3808459.5,2022,0,0,4,4,4,2,5,9,4,10,0,9,7,3,9,10,4,1
2081,1779,421177.5,3808429.5,2022,0,0,1,4,4,2,5,9,4,10,0,9,12,3,9,10,4,1
2090,1828,421324.5,3808402.5,2022,0,0,1,4,4,2,5,9,4,9,0,4,12,9,1,0,3,15
2097,1849,421387.5,3808381.5,2022,0,0,1,4,4,2,5,9,4,10,0,9,7,3,9,10,4,1
2095,1878,421474.5,3808387.5,2022,1,0,1,4,4,2,5,9,4,9,3,4,12,9,1,0,3,15
2070,1897,421531.5,3808462.5,2022,0,0,1,4,4,2,5,9,4,9,3,4,14,9,7,7,14,7
2077,1941,421663.5,3808441.5,2022,0,0,1,4,4,2,5,9,4,10,0,4,14,9,7,7,14,16
2076,1957,421711.5,3808444.5,2022,0,0,1,4,4,2,5,9,4,9,3,4,14,9,1,7,14,7
2098,2006,421858.5,3808378.5,2022,1,0,1,4,4,2,5,8,4,9,3,4,14,9,1,7,3,7
2073,2010,421870.5,3808453.5,2022,0,0,1,4,4,2,5,9,4,9,0,4,14,9,1,7,3,16
2074,2051,421993.5,3808450.5,2022,1,0,1,4,4,2,5,8,4,9,3,4,14,9,1,7,18,7
2072,2085,422095.5,3808456.5,2022,0,0,1,4,4,2,5,9,4,9,0,4,12,9,1,0,3,15
2098,2120,422200.5,3808378.5,2022,0,0,1,1,5,5,5,8,4,10,11,7,14,12,7,7,14,7
2071,2140,422260.5,3808459.5,2022,0,0,4,3,3,2,5,9,4,10,0,9,7,3,9,10,4,1
2087,2176,422368.5,3808411.5,2022,2,1,3,5,6,5,6,8,3,11,1,2,1,0,4,6,18,3
2082,2196,422428.5,3808426.5,2022,1,0,1,4,4,2,5,8,4,9,3,4,14,9,1,7,3,7
2083,2226,422518.5,3808423.5,2022,1,0,1,4,4,5,6,8,3,11,1,2,14,0,4,7,18,7
2090,2279,422677.5,3808402.5,2022,0,0,1,4,4,2,5,9,4,9,3,4,14,9,7,7,14,7
2081,2283,422689.5,3808429.5,2022,1,0,1,4,4,2,8,8,3,9,3,4,14,0,4,7,18,7
2095,2314,422782.5,3808387.5,2022,1,2,2,0,0,6,8,8,3,11,1,2,1,6,2,1,7,18
2073,2901,424543.5,3808453.5,2022,2,1,3,5,6,5,6,6,3,11,1,2,1,0,4,1,18,12
2071,2933,424639.5,3808459.5,2022,2,1,3,5,6,5,6,6,6,0,2,12,6,0,3,6,0,12
2084,2969,424747.5,3808420.5,2022,2,1,3,5,6,5,6,6,6,0,2,12,6,11,3,13,0,12
2070,2983,424789.5,3808462.5,2022,2,1,3,5,6,5,6,6,6,0,2,12,6,11,3,13,0,12
2095,3001,424843.5,3808387.5,2022,2,1,3,5,6,5,6,6,3,11,1,2,1,0,4,1,18,12
2096,3032,424936.5,3808384.5,2022,2,1,3,5,6,5,6,6,6,11,2,12,1,11,3,1,0,12
2084,3074,425062.5,3808420.5,2022,2,1,3,5,6,3,6,6,3,11,1,2,1,6,2,1,7,18
2075,3110,425170.5,3808447.5,2022,2,1,3,5,6,5,6,6,3,11,1,2,1,0,4,1,18,12
2082,3124,425212.5,3808426.5,2022,2,1,3,5,6,5,6,6,6,11,2,2,1,11,3,1,0,12
2099,3169,425347.5,3808375.5,2022,2,1,3,5,6,5,6,6,6,0,2,12,1,11,3,13,0,12
2077,3208,425464.5,3808441.5,2022,2,1,3,5,6,5,6,6,3,11,1,2,1,11,3,1,0,12
2099,3233,425539.5,3808375.5,2022,2,1,3,5,6,5,6,6,3,11,2,2,1,0,4,1,0,12
2083,3245,425575.5,3808423.5,2022,2,1,3,5,6,5,6,6,6,0,2,12,6,11,3,13,0,12
2085,3274,425662.5,3808417.5,2022,2,1,3,5,6,5,6,6,6,0,2,12,6,11,3,13,0,12
2096,3325,425815.5,3808384.5,2022,2,1,3,5,6,5,6,6,3,11,1,2,1,0,4,1,18,12
2097,3330,425830.5,3808381.5,2022,2,1,3,5,6,5,6,8,3,11,1,2,1,0,4,1,18,12
2119,2,415846.5,3808315.5,2022,0,3,4,3,3,4,3,7,10,2,6,5,2,5,11,2,10,5
2121,45,415975.5,3808309.5,2022,1,0,1,4,2,7,0,5,2,8,10,1,0,15,14,16,12,9
2127,80,416080.5,3808291.5,2022,0,0,4,3,3,2,5,9,4,10,0,9,7,3,9,10,4,1
2100,96,416128.5,3808372.5,2022,0,0,1,4,4,2,5,9,4,10,0,9,12,3,9,10,4,1
2129,145,416275.5,3808285.5,2022,0,3,4,3,3,4,3,9,10,10,0,9,7,3,9,10,4,1
2126,177,416371.5,3808294.5,2022,1,2,2,0,0,6,4,2,7,4,5,6,3,8,10,3,8,8
2123,190,416410.5,3808303.5,2022,0,0,1,4,4,2,5,9,4,9,0,4,12,9,1,0,3,15
2129,223,416509.5,3808285.5,2022,1,2,2,0,0,6,4,2,7,6,8,6,8,8,10,3,8,8
2107,245,416575.5,3808351.5,2022,0,0,1,1,5,2,2,0,1,5,9,13,11,1,0,8,2,2
2102,325,416815.5,3808366.5,2022,0,3,4,3,3,4,3,7,10,2,6,5,2,5,11,2,10,5
2107,358,416914.5,3808351.5,2022,0,3,4,3,3,4,3,7,10,2,6,5,2,5,11,2,10,5
2116,371,416953.5,3808324.5,2022,0,3,4,3,3,4,3,7,10,2,6,5,2,5,11,2,10,5
2117,401,417043.5,3808321.5,2022,0,3,4,3,3,4,3,7,10,2,6,5,2,5,11,2,10,5
2107,436,417148.5,3808351.5,2022,0,3,4,3,3,4,3,7,10,10,6,9,7,3,9,10,4,1
2124,457,417211.5,3808300.5,2022,0,3,4,3,3,4,3,7,10,2,6,5,2,5,11,2,10,5
2122,505,417355.5,3808306.5,2022,0,3,4,3,3,4,3,7,10,2,6,5,2,5,11,2,10,5
2107,533,417439.5,3808351.5,2022,0,3,4,1,5,4,2,0,1,5,9,7,10,1,0,8,2,2
2100,552,417496.5,3808372.5,2022,0,3,4,3,3,4,3,7,10,2,6,5,2,5,11,2,10,5
2109,572,417556.5,3808345.5,2022,0,3,4,3,3,4,3,7,10,2,11,5,2,5,11,2,10,5
2119,629,417727.5,3808315.5,2022,0,0,1,1,5,2,2,0,1,5,11,7,10,12,7,11,14,16
2102,633,417739.5,3808366.5,2022,0,3,4,1,5,4,2,0,1,5,9,7,10,1,0,8,2,2
2100,676,417868.5,3808372.5,2022,0,3,4,1,5,4,2,0,1,5,9,7,10,1,0,8,2,2
2107,703,417949.5,3808351.5,2022,1,0,1,1,5,5,2,0,1,5,9,13,11,1,0,8,2,2
2116,740,418060.5,3808324.5,2022,0,3,4,1,5,4,2,0,1,5,9,7,10,1,0,8,2,2
2113,756,418108.5,3808333.5,2022,0,0,4,3,4,2,5,9,4,10,0,9,7,12,7,11,14,16
2106,802,418246.5,3808354.5,2022,1,0,1,1,5,1,2,8,1,5,9,13,11,4,12,12,6,17
2118,835,418345.5,3808318.5,2022,0,3,4,3,3,4,3,7,10,2,6,5,2,1,0,8,2,2
2118,868,418444.5,3808318.5,2022,0,3,4,1,5,4,2,0,1,5,9,7,10,1,0,8,2,2
2107,890,418510.5,3808351.5,2022,1,2,2,0,0,1,4,2,7,6,8,6,8,8,10,3,8,8
2120,914,418582.5,3808312.5,2022,0,3,4,2,1,4,3,7,10,2,11,7,10,12,7,4,15,14
2103,932,418636.5,3808363.5,2022,2,3,4,1,5,5,2,0,1,5,11,7,10,1,0,6,17,3
2120,982,418786.5,3808312.5,2022,1,2,2,0,0,1,4,2,7,6,8,6,8,8,6,3,11,0
2118,1007,418861.5,3808318.5,2022,0,3,4,3,3,4,3,7,10,2,6,5,2,5,11,2,10,5
2118,1048,418984.5,3808318.5,2022,1,0,1,1,5,5,2,8,1,5,9,13,11,4,12,6,6,17
2117,1074,419062.5,3808321.5,2022,0,3,4,3,3,4,3,7,10,2,11,7,10,12,7,4,15,14
2104,1095,419125.5,3808360.5,2022,0,0,4,3,3,2,5,9,4,10,11,9,7,12,7,11,14,16
2105,1116,419188.5,3808357.5,2022,0,3,4,3,3,4,3,7,10,10,0,9,7,3,9,11,4,1
2100,1141,419263.5,3808372.5,2022,0,0,1,1,5,2,5,8,1,5,11,7,14,12,7,11,14,16
2125,1205,419455.5,3808297.5,2022,0,3,4,3,3,4,3,7,10,2,11,5,2,12,11,11,10,5
2113,1674,420862.5,3808333.5,2022,0,3,4,3,3,4,3,7,10,10,6,9,7,3,9,10,4,1
2100,1708,420964.5,3808372.5,2022,1,2,2,0,0,1,2,0,9,1,12,0,4,10,16,5,1,11
2112,1722,421006.5,3808336.5,2022,0,3,4,3,3,4,3,7,10,10,6,9,7,3,9,10,4,1
2109,1743,421069.5,3808345.5,2022,0,0,4,3,3,4,5,9,4,10,0,9,7,3,9,10,4,1
2126,1823,421309.5,3808294.5,2022,0,0,1,4,4,2,5,9,4,9,3,4,12,9,1,0,3,15
2121,1847,421381.5,3808309.5,2022,0,0,1,4,4,2,5,9,4,9,0,9,12,3,9,0,3,15
2125,1877,421471.5,3808297.5,2022,1,0,1,4,4,2,5,9,4,9,3,4,12,9,1,0,3,15
2122,1919,421597.5,3808306.5,2022,0,0,1,4,4,2,5,9,4,9,0,4,12,9,1,0,3,15
2125,1943,421669.5,3808297.5,2022,1,2,1,4,4,6,8,3,5,4,5,10,3,14,15,14,16,13
2126,1969,421747.5,3808294.5,2022,1,0,1,4,4,2,5,8,4,9,3,4,14,9,1,7,3,7
2108,2004,421852.5,3808348.5,2022,1,0,1,4,4,2,5,8,4,9,3,4,14,0,4,7,18,7
2122,2031,421933.5,3808306.5,2022,0,0,1,4,4,2,5,9,4,9,3,4,14,9,1,7,14,7
2101,2051,421993.5,3808369.5,2022,0,0,1,4,4,2,5,9,4,9,3,4,12,9,1,0,3,15
2109,2077,422071.5,3808345.5,2022,0,0,1,4,4,2,5,8,4,9,3,4,14,12,7,7,14,7
2103,2117,422191.5,3808363.5,2022,0,0,1,4,4,2,5,9,4,10,11,4,14,12,7,7,14,7
2128,2133,422239.5,3808288.5,2022,1,0,1,4,4,2,8,3,9,1,12,0,4,10,16,7,1,7
2118,2177,422371.5,3808318.5,2022,1,0,1,4,4,5,6,8,3,11,3,2,14,0,4,7,18,7
2114,2193,422419.5,3808330.5,2022,2,0,1,1,5,5,6,8,3,11,3,2,14,0,4,7,18,7
2112,2241,422563.5,3808336.5,2022,1,2,2,0,0,6,8,8,3,11,1,2,1,6,2,1,7,18
2127,2267,422641.5,3808291.5,2022,1,0,1,1,5,5,6,8,3,11,1,2,14,0,4,7,18,7
2103,2306,422758.5,3808363.5,2022,2,1,3,5,6,5,6,8,3,11,1,2,1,0,4,1,18,12
2109,2313,422779.5,3808345.5,2022,2,0,1,1,5,5,6,8,3,11,3,7,14,0,4,7,18,7
2112,2341,422863.5,3808336.5,2022,0,0,1,4,4,2,5,9,4,9,0,4,12,9,1,0,3,15
2128,2896,424528.5,3808288.5,2022,1,0,1,4,4,2,5,8,3,11,3,4,14,0,4,7,18,7
2111,2911,424573.5,3808339.5,2022,1,1,3,5,6,5,6,8,3,11,1,2,1,0,4,1,18,7
2118,2956,424708.5,3808318.5,2022,2,1,3,5,6,5,6,6,3,11,1,2,1,0,4,6,18,12
2113,2991,424813.5,3808333.5,2022,2,1,3,5,6,5,6,6,6,0,2,12,6,11,3,13,0,12
2109,3023,424909.5,3808345.5,2022,2,1,3,5,6,5,6,6,3,11,1,2,1,0,4,1,18,12
2107,3041,424963.5,3808351.5,2022,1,1,3,5,6,3,6,8,3,11,1,2,1,6,2,1,7,18
2129,3089,425107.5,3808285.5,2022,1,1,3,5,6,3,7,1,3,11,1,2,1,6,2,1,7,18
2128,3099,425137.5,3808288.5,2022,2,1,3,5,6,5,6,6,3,11,1,2,1,0,4,1,18,12
2122,3120,425200.5,3808306.5,2022,2,1,3,5,6,3,6,6,3,11,1,2,1,6,2,1,7,12
2100,3174,425362.5,3808372.5,2022,2,1,3,5,6,5,6,6,6,0,2,12,6,11,3,13,0,6
2118,3200,425440.5,3808318.5,2022,2,1,3,5,6,5,6,6,6,0,2,12,6,11,3,13,0,6
2101,3233,425539.5,3808369.5,2022,2,1,3,5,6,5,6,6,6,0,2,12,6,11,3,13,0,12
2114,3264,425632.5,3808330.5,2022,2,1,3,5,6,5,6,6,6,11,2,12,6,0,4,13,0,12
2122,3293,425719.5,3808306.5,2022,2,1,3,5,6,5,6,6,6,0,2,12,6,0,3,6,17,12
2111,3301,425743.5,3808339.5,2022,2,1,3,5,6,5,6,6,3,11,1,2,1,0,4,1,18,12
2117,3331,425833.5,3808321.5,2022,2,1,3,5,6,5,6,8,3,11,3,2,14,0,4,7,18,7
2145,22,415906.5,3808237.5,2022,0,0,4,3,3,4,5,9,4,10,11,9,7,12,7,11,14,16
2157,39,415957.5,3808201.5,2022,0,3,4,3,3,4,3,7,10,2,6,5,2,3,9,10,4,1
2147,60,416020.5,3808231.5,2022,0,3,4,3,3,4,3,7,10,10,6,9,7,3,9,10,4,1
2149,107,416161.5,3808225.5,2022,0,0,4,3,3,4,5,9,4,10,0,9,7,3,9,10,4,1
2144,134,416242.5,3808240.5,2022,0,3,4,3,3,4,3,7,10,2,6,5,2,5,11,2,10,5
2154,168,416344.5,3808210.5,2022,0,3,4,3,3,4,3,7,10,2,6,5,2,3,11,10,4,1
2132,198,416434.5,3808276.5,2022,0,0,1,4,4,2,5,9,4,9,3,13,11,9,1,0,3,15
2149,222,416506.5,3808225.5,2022,1,2,2,0,0,6,4,2,7,6,8,6,8,8,10,3,8,8
2159,249,416587.5,3808195.5,2022,1,2,2,0,0,6,4,2,7,6,8,6,8,8,10,3,8,8
2159,356,416908.5,3808195.5,2022,0,0,4,3,3,4,2,0,9,1,12,9,7,7,5,11,13,19
2157,363,416929.5,3808201.5,2022,0,3,4,3,3,4,3,7,10,2,6,5,2,5,11,2,10,5
2147,390,417010.5,3808231.5,2022,0,3,4,3,3,4,3,7,10,2,6,5,2,5,11,2,10,5
2158,434,417142.5,3808198.5,2022,0,3,4,3,3,4,3,7,10,2,6,5,2,5,11,2,10,5
2148,456,417208.5,3808228.5,2022,0,3,4,3,3,4,3,7,10,10,11,5,7,12,7,11,14,16
2140,488,417304.5,3808252.5,2022,0,0,1,4,4,2,5,9,4,10,11,4,14,12,7,11,14,16
2130,532,417436.5,3808282.5,2022,0,0,1,1,5,2,2,0,1,5,9,13,11,1,0,8,2,2
2134,554,417502.5,3808270.5,2022,0,0,4,1,5,5,2,0,1,5,9,7,10,1,0,8,2,2
2135,587,417601.5,3808267.5,2022,0,3,4,1,5,4,2,0,1,5,9,11,13,1,0,8,2,2
2145,626,417718.5,3808237.5,2022,0,3,4,3,3,4,3,7,10,2,6,5,2,5,11,2,10,5
2144,643,417769.5,3808240.5,2022,1,2,2,1,5,1,2,0,1,5,9,11,13,7,6,15,11,0
2157,687,417901.5,3808201.5,2022,0,0,4,1,5,4,2,0,1,5,9,9,10,1,0,8,2,2
2146,700,417940.5,3808234.5,2022,0,0,1,1,5,2,2,0,1,5,9,13,11,1,0,8,2,2
2147,729,418027.5,3808231.5,2022,0,0,4,1,5,4,2,0,1,5,9,7,10,1,0,8,2,2
2156,751,418093.5,3808204.5,2022,1,0,1,1,5,2,2,8,1,5,9,13,11,4,12,12,6,17
2133,797,418231.5,3808273.5,2022,0,0,1,1,5,2,2,0,1,5,9,13,11,1,0,8,2,2
2146,815,418285.5,3808234.5,2022,0,0,1,4,4,2,5,9,1,5,9,13,11,1,0,8,2,2
2155,859,418417.5,3808207.5,2022,0,3,4,3,3,4,3,7,10,2,6,5,2,5,11,2,10,5
2156,874,418462.5,3808204.5,2022,0,3,4,3,3,4,3,7,1,5,9,7,10,1,0,8,2,2
2150,911,418573.5,3808222.5,2022,2,3,4,1,5,5,2,0,1,5,11,7,10,1,0,4,15,14
2140,942,418666.5,3808252.5,2022,0,3,4,1,5,4,2,0,1,5,9,7,10,1,0,8,2,2
2130,966,418738.5,3808282.5,2022,1,2,2,0,0,1,4,2,7,6,8,11,13,7,6,15,11,0
2136,990,418810.5,3808264.5,2022,0,3,4,3,3,4,3,7,10,2,11,5,2,12,11,11,10,5
2132,1049,418987.5,3808276.5,2022,0,0,1,1,5,2,5,9,1,5,9,13,11,1,7,8,14,16
2136,1050,418990.5,3808264.5,2022,0,0,1,4,4,2,5,9,4,10,11,9,7,12,7,11,14,16
2130,1098,419134.5,3808282.5,2022,0,3,4,3,3,4,3,7,10,2,6,5,2,5,11,2,10,5
2150,1125,419215.5,3808222.5,2022,1,2,2,1,5,1,2,0,9,1,12,11,13,7,6,15,11,0
2135,1200,419440.5,3808267.5,2022,2,1,3,1,5,5,2,6,1,5,9,7,10,1,0,6,17,3
2139,1540,420460.5,3808255.5,2022,0,3,4,3,3,4,3,7,10,10,11,9,7,12,9,11,4,1
2157,1814,421282.5,3808201.5,2022,0,0,1,4,4,2,5,9,4,9,3,4,12,9,1,0,3,15
2137,1832,421336.5,3808261.5,2022,1,0,1,4,4,2,5,8,4,9,3,4,14,9,1,7,3,7
2145,1882,421486.5,3808237.5,2022,1,0,1,4,4,2,5,8,4,9,3,4,14,9,1,7,3,7
2157,1912,421576.5,3808201.5,2022,0,0,1,4,4,2,5,9,4,9,3,4,12,9,1,0,3,15
2151,1938,421654.5,3808219.5,2022,1,0,1,4,4,2,5,3,4,9,3,4,12,9,1,0,3,15
2134,1959,421717.5,3808270.5,2022,1,2,1,4,4,6,8,3,5,4,5,10,3,14,15,14,16,13
2145,2007,421861.5,3808237.5,2022,1,0,1,4,4,2,5,8,4,9,3,4,14,9,1,7,3,7
2158,2025,421915.5,3808198.5,2022,1,0,1,4,4,2,8,3,5,9,3,4,14,9,1,7,3,7
2142,2045,421975.5,3808246.5,2022,0,0,1,4,4,2,5,9,4,9,3,4,14,9,1,0,3,15
2138,2077,422071.5,3808258.5,2022,1,0,1,4,4,2,5,8,4,9,3,4,14,9,1,7,3,7
2146,2110,422170.5,3808234.5,2022,1,0,1,4,4,6,8,3,5,4,5,10,3,14,15,14,16,13
2157,2149,422287.5,3808201.5,2022,0,0,1,4,4,2,5,9,4,9,3,4,12,9,1,7,3,15
2139,2178,422374.5,3808255.5,2022,1,0,1,4,4,2,5,8,3,9,3,4,14,9,4,7,18,7
2131,2198,422434.5,3808279.5,2022,1,2,2,0,0,6,8,3,5,4,5,10,3,14,15,14,16,13
2135,2234,422542.5,3808267.5,2022,1,2,2,0,0,1,4,2,9,1,12,0,4,6,2,15,7,18
2154,2267,422641.5,3808210.5,2022,0,0,4,3,5,2,5,9,4,10,11,7,10,12,7,4,14,14
2157,2302,422746.5,3808201.5,2022,1,2,2,0,0,6,8,3,5,4,5,10,3,14,15,14,16,13
2158,2326,422818.5,3808198.5,2022,1,2,2,0,0,1,4,8,3,11,1,2,1,6,2,1,7,18
2134,2340,422860.5,3808270.5,2022,1,2,2,0,0,6,4,2,7,4,5,6,3,6,2,14,7,18
2152,2617,423691.5,3808216.5,2022,1,2,1,4,4,6,8,8,3,1,12,0,4,10,16,7,18,7
2135,2900,424540.5,3808267.5,2022,1,0,1,4,4,5,6,8,3,11,3,2,14,0,4,7,18,7
2140,2929,424627.5,3808252.5,2022,2,1,3,5,6,5,6,6,6,0,2,12,6,0,4,6,0,12
2140,2953,424699.5,3808252.5,2022,2,1,3,5,6,5,6,6,3,11,1,2,1,0,4,1,18,12
2143,2998,424834.5,3808243.5,2022,2,1,3,5,6,5,6,6,6,11,2,2,1,0,4,1,0,12
2159,3009,424867.5,3808195.5,2022,2,1,3,5,6,5,6,6,3,11,1,2,1,0,2,1,0,12
2148,3047,424981.5,3808228.5,2022,2,1,3,5,6,5,6,6,6,0,2,12,6,11,3,13,0,12
2132,3078,425074.5,3808276.5,2022,2,1,3,5,6,3,6,6,3,11,1,2,1,6,2,1,7,12
2130,3114,425182.5,3808282.5,2022,2,1,3,5,6,5,6,6,6,0,2,12,6,11,3,13,0,12
2156,3140,425260.5,3808204.5,2022,2,1,3,5,6,5,6,6,6,11,2,2,1,11,3,1,0,12
2147,3177,425371.5,3808231.5,2022,2,1,3,5,6,5,6,6,3,11,1,2,1,6,2,1,0,12
2156,3183,425389.5,3808204.5,2022,2,1,3,5,6,5,6,6,6,0,2,12,6,11,3,13,0,12
2135,3225,425515.5,3808267.5,2022,2,1,3,5,6,5,6,6,3,11,1,2,1,0,4,1,0,12
2140,3244,425572.5,3808252.5,2022,2,1,3,5,6,5,6,6,6,0,2,12,1,11,3,13,0,12
2148,3290,425710.5,3808228.5,2022,2,1,3,5,6,5,6,6,3,11,1,2,1,0,4,1,18,12
2132,3308,425764.5,3808276.5,2022,2,1,3,5,6,5,6,6,3,11,1,2,1,0,4,1,18,12
2142,3330,425830.5,3808246.5,2022,2,1,0,2,1,5,6,6,6,0,2,12,6,11,3,13,0,6
2180,19,415897.5,3808132.5,2022,0,0,1,4,4,2,5,9,4,10,0,9,7,12,7,11,14,16
2168,59,416017.5,3808168.5,2022,0,3,4,3,3,4,3,7,10,2,6,5,2,5,11,2,10,5
2179,83,416089.5,3808135.5,2022,0,0,4,3,3,2,5,9,4,10,0,9,7,3,9,10,4,1
2171,98,416134.5,3808159.5,2022,0,0,1,4,4,2,5,9,4,9,3,4,14,9,1,0,14,16
2180,128,416224.5,3808132.5,2022,0,0,4,3,3,2,5,9,4,10,0,9,7,3,9,10,4,1
2175,170,416350.5,3808147.5,2022,0,0,4,3,3,4,5,9,4,10,0,9,7,3,9,10,4,1
2173,181,416383.5,3808153.5,2022,0,0,1,3,4,2,5,9,4,10,0,9,7,3,9,10,4,1
2166,232,416536.5,3808174.5,2022,1,2,2,0,0,6,4,2,7,6,8,6,8,8,10,3,8,8
2168,244,416572.5,3808168.5,2022,1,0,1,4,4,6,8,3,5,4,5,10,3,4,12,14,6,17
2161,357,416911.5,3808189.5,2022,0,2,4,1,3,1,2,0,9,1,12,11,13,7,5,15,13,19
2187,389,417007.5,3808111.5,2022,0,3,4,3,3,4,3,7,10,2,6,5,2,5,11,2,10,5
2187,417,417091.5,3808111.5,2022,0,3,4,3,3,4,3,0,9,1,12,11,13,7,5,5,13,19
2170,445,417175.5,3808162.5,2022,0,3,4,3,3,4,3,7,10,2,11,5,2,12,11,11,10,5
2162,461,417223.5,3808186.5,2022,0,0,1,1,5,5,5,8,4,10,11,7,10,12,7,11,14,16
2167,498,417334.5,3808171.5,2022,0,3,4,3,3,4,3,7,10,10,11,7,7,12,7,11,14,16
2160,537,417451.5,3808192.5,2022,0,3,4,1,5,4,2,0,1,5,9,7,10,1,0,8,2,2
2168,566,417538.5,3808168.5,2022,0,3,4,3,3,4,3,0,10,2,6,5,10,1,0,8,2,2
2177,598,417634.5,3808141.5,2022,1,0,1,1,5,2,2,8,1,5,3,13,11,4,12,12,6,17
2183,603,417649.5,3808123.5,2022,0,3,4,3,3,4,3,7,10,2,6,5,2,5,11,2,10,5
2160,689,417907.5,3808192.5,2022,1,2,2,0,0,6,8,2,5,4,8,13,11,4,12,12,6,17
2189,718,417994.5,3808105.5,2022,0,0,1,4,4,2,5,9,4,10,0,9,7,3,9,11,14,16
2172,747,418081.5,3808156.5,2022,1,0,3,1,5,5,2,0,1,5,9,7,11,1,0,6,17,3
2163,763,418129.5,3808183.5,2022,1,2,2,0,0,6,8,3,5,1,5,0,4,10,16,5,1,11
2174,808,418264.5,3808150.5,2022,0,3,4,1,5,4,2,0,1,5,9,7,10,1,0,8,2,2
2161,822,418306.5,3808189.5,2022,0,3,4,1,5,4,2,0,1,5,9,7,10,1,0,8,2,2
2187,864,418432.5,3808111.5,2022,0,3,4,3,3,4,3,0,1,5,9,5,2,1,0,8,2,2
2170,886,418498.5,3808162.5,2022,0,3,4,1,5,4,2,0,1,5,9,7,10,1,0,4,15,14
2168,915,418585.5,3808168.5,2022,0,0,4,1,5,2,2,0,1,5,9,7,10,1,0,8,2,2
2174,942,418666.5,3808150.5,2022,1,2,2,0,0,1,4,2,7,6,8,6,8,8,10,3,8,8
2185,977,418771.5,3808117.5,2022,0,3,4,3,3,4,3,7,10,2,11,5,2,12,7,11,10,14
2170,996,418828.5,3808162.5,2022,0,3,4,3,3,4,3,7,10,2,6,5,2,5,11,2,10,5
2162,1038,418954.5,3808186.5,2022,0,3,4,1,5,4,2,0,1,5,11,7,10,1,0,8,2,2
2181,1072,419056.5,3808129.5,2022,0,3,4,3,3,4,3,7,10,2,6,5,2,5,11,2,10,5
2161,1089,419107.5,3808189.5,2022,0,3,4,3,3,4,3,7,10,2,6,5,2,5,11,10,4,1
2188,1119,419197.5,3808108.5,2022,0,3,4,3,3,4,3,7,10,2,11,5,2,5,11,11,10,5
2169,1237,419551.5,3808165.5,2022,0,3,4,3,3,4,3,7,10,2,6,5,2,5,11,2,10,5
2170,1827,421321.5,3808162.5,2022,0,0,1,4,4,2,5,9,4,10,0,9,7,3,9,10,4,1
2173,1840,421360.5,3808153.5,2022,0,0,1,4,4,2,5,9,4,9,3,4,12,9,1,0,3,15
2189,1888,421504.5,3808105.5,2022,0,0,1,4,4,2,5,9,4,9,3,4,12,9,1,0,3,15
2189,1900,421540.5,3808105.5,2022,0,0,1,4,4,2,5,9,4,9,0,4,12,9,1,0,3,15
2172,1930,421630.5,3808156.5,2022,1,0,1,4,4,2,5,8,3,9,3,4,14,9,4,7,18,7
2182,1951,421693.5,3808126.5,2022,0,0,1,4,4,2,5,9,4,9,0,4,12,9,1,0,3,15
2173,1982,421786.5,3808153.5,2022,1,0,1,4,4,2,5,8,4,9,3,4,14,9,1,7,3,7
2180,2011,421873.5,3808132.5,2022,1,0,1,4,4,2,5,8,4,9,3,4,14,9,1,7,3,7
2185,2049,421987.5,3808117.5,2022,0,0,1,4,4,2,5,9,4,9,0,4,12,9,1,0,3,15
2187,2097,422131.5,3808111.5,2022,1,0,1,4,4,2,5,8,3,11,3,4,14,0,4,7,18,7
2166,2128,422224.5,3808174.5,2022,0,0,1,4,4,2,5,9,4,9,3,4,14,9,1,7,3,7
2175,2136,422248.5,3808147.5,2022,1,0,1,4,4,6,8,3,5,4,3,10,3,14,15,14,16,7
2163,2184,422392.5,3808183.5,2022,1,0,1,4,6,5,6,8,3,11,1,2,14,0,4,7,18,7
2174,2200,422440.5,3808150.5,2022,0,0,1,4,4,2,5,8,3,11,3,4,14,0,4,7,18,7
2173,2245,422575.5,3808153.5,2022,0,0,4,3,4,2,5,9,4,10,11,7,7,12,7,11,14,16
2176,2255,422605.5,3808144.5,2022,1,2,2,0,0,6,8,3,5,4,5,10,3,14,15,14,16,13
2187,2292,422716.5,3808111.5,2022,1,2,3,5,6,1,6,8,3,11,1,2,1,6,2,1,7,18
2177,2313,422779.5,3808141.5,2022,1,2,2,0,0,1,8,8,3,1,1,0,4,10,16,5,1,18
2183,2340,422860.5,3808123.5,2022,1,2,2,0,0,6,8,2,5,4,5,10,3,14,15,14,16,13
2176,2904,424552.5,3808144.5,2022,1,0,1,4,4,5,6,8,3,11,3,2,14,0,4,7,18,7
2183,2913,424579.5,3808123.5,2022,2,1,3,5,6,5,6,6,3,11,1,2,1,0,4,6,18,12
2167,2956,424708.5,3808171.5,2022,2,1,3,5,6,5,6,8,3,11,1,2,1,0,4,1,18,12
2177,2991,424813.5,3808141.5,2022,2,1,3,5,6,5,6,8,3,11,1,2,1,0,4,1,18,12
2185,3015,424885.5,3808117.5,2022,2,1,3,5,6,5,6,6,6,0,2,12,6,11,3,13,0,12
2182,3033,424939.5,3808126.5,2022,2,1,3,5,6,5,6,6,6,11,2,12,6,0,4,6,18,12
2180,3068,425044.5,3808132.5,2022,2,1,3,5,6,5,6,6,3,11,1,2,1,0,4,1,18,12
2168,3113,425179.5,3808168.5,2022,2,1,3,5,6,5,6,6,6,0,2,12,6,11,3,13,0,12
2164,3139,425257.5,3808180.5,2022,2,1,3,5,6,5,6,6,3,11,1,2,1,0,4,1,18,12
2170,3169,425347.5,3808162.5,2022,2,1,3,5,6,3,6,6,3,11,1,2,1,6,2,1,7,12
2172,3207,425461.5,3808156.5,2022,2,1,3,5,6,5,6,6,6,0,2,12,6,11,3,13,0,6
2173,3227,425521.5,3808153.5,2022,2,1,3,5,6,5,6,6,6,0,2,12,6,0,3,13,0,12
2170,3248,425584.5,3808162.5,2022,2,1,3,5,6,5,6,6,3,11,1,2,1,0,4,1,7,12
2161,3298,425734.5,3808189.5,2022,2,1,3,5,6,5,6,6,3,11,1,2,1,0,4,1,0,12
2161,3316,425788.5,3808189.5,2022,2,1,3,5,6,5,6,6,6,11,2,2,1,11,3,1,0,12
2177,3330,425830.5,3808141.5,2022,1,1,3,5,6,3,6,1,3,11,1,2,1,6,2,1,7,18
2214,26,415918.5,3808030.5,2022,0,3,4,3,3,4,3,9,10,10,0,9,7,3,9,10,4,1
2205,40,415960.5,3808057.5,2022,0,3,4,3,3,4,3,7,10,2,6,5,2,5,11,2,10,5
2216,60,416020.5,3808024.5,2022,0,3,4,3,3,4,3,7,10,2,6,5,2,3,11,10,4,1
2191,110,416170.5,3808099.5,2022,0,3,4,3,3,4,3,7,10,2,6,9,7,3,9,10,4,1
2200,120,416200.5,3808072.5,2022,0,0,1,4,4,2,5,9,4,9,3,4,14,12,7,11,14,16
2208,157,416311.5,3808048.5,2022,0,0,4,3,3,2,5,9,4,10,0,9,7,3,9,10,4,1
2195,193,416419.5,3808087.5,2022,1,0,1,4,4,2,5,9,4,9,3,4,12,9,1,0,3,15
2215,233,416539.5,3808027.5,2022,1,0,1,4,4,2,5,9,4,9,3,4,12,9,1,0,3,15
2219,245,416575.5,3808015.5,2022,1,0,1,4,4,2,5,8,4,9,3,4,14,9,1,0,3,15
2212,281,416683.5,3808036.5,2022,1,2,2,0,0,6,4,2,7,4,5,6,3,8,10,3,8,8
2200,371,416953.5,3808072.5,2022,0,3,4,3,3,4,3,7,10,2,6,5,2,5,11,2,10,5
2197,391,417013.5,3808081.5,2022,0,3,4,3,3,4,3,7,10,2,6,5,2,5,11,2,10,5
2201,444,417172.5,3808069.5,2022,0,3,4,3,3,4,3,7,10,2,6,5,2,5,11,2,10,5
2216,454,417202.5,3808024.5,2022,0,3,4,3,3,4,3,7,10,2,6,5,2,5,11,2,10,5
2197,497,417331.5,3808081.5,2022,0,0,4,3,3,4,5,9,4,10,11,9,7,12,7,11,14,16
2205,523,417409.5,3808057.5,2022,1,0,1,1,5,5,6,8,3,11,1,2,14,12,7,11,14,16
2199,540,417460.5,3808075.5,2022,0,3,4,3,3,4,3,7,10,2,6,5,2,5,11,2,10,5
2212,581,417583.5,3808036.5,2022,1,0,2,1,5,1,2,0,1,5,9,13,11,1,0,8,2,2
2219,606,417658.5,3808015.5,2022,0,3,4,1,5,4,2,0,1,5,9,7,10,1,0,8,2,2
2208,718,417994.5,3808048.5,2022,0,0,4,1,5,1,2,0,1,5,9,11,13,1,0,8,2,2
2207,743,418069.5,3808051.5,2022,0,3,4,3,3,4,3,7,10,2,6,5,2,5,11,2,2,2
2214,779,418177.5,3808030.5,2022,0,3,4,3,3,4,3,7,10,2,6,5,2,5,11,2,10,5
2208,809,418267.5,3808048.5,2022,0,3,4,3,3,4,3,7,10,2,6,5,2,5,11,10,10,1
2218,829,418327.5,3808018.5,2022,0,3,4,3,3,4,2,0,1,5,9,7,10,1,0,8,2,2
2202,841,418363.5,3808066.5,2022,0,3,4,3,3,4,3,7,10,2,6,5,2,5,11,2,10,5
2198,892,418516.5,3808078.5,2022,0,3,4,3,3,4,3,7,1,5,9,7,10,1,0,8,2,2
2199,951,418693.5,3808075.5,2022,1,2,2,0,0,6,4,2,7,6,8,6,8,4,12,12,6,17
2214,967,418741.5,3808030.5,2022,1,0,1,1,5,2,2,8,1,5,9,13,11,4,12,12,6,17
2211,1012,418876.5,3808039.5,2022,0,3,4,3,3,4,3,7,10,2,6,5,2,5,11,2,10,5
2216,1037,418951.5,3808024.5,2022,0,3,4,3,3,4,3,7,10,2,6,5,2,5,11,2,10,5
2190,1078,419074.5,3808102.5,2022,0,0,4,3,3,2,5,9,4,10,11,9,7,12,7,11,14,16
2217,1088,419104.5,3808021.5,2022,0,0,1,1,5,5,2,8,1,5,11,7,14,12,7,6,14,3
2194,1127,419221.5,3808090.5,2022,0,3,4,3,3,4,3,7,10,2,11,7,10,12,11,4,15,14
2206,1146,419278.5,3808054.5,2022,0,3,4,3,3,4,3,7,10,2,6,5,2,5,11,2,10,5
2213,1198,419434.5,3808033.5,2022,1,2,2,1,5,1,2,0,9,1,12,11,13,7,6,15,11,0
2210,1223,419509.5,3808042.5,2022,0,3,4,1,5,4,2,0,9,10,11,7,13,12,5,11,13,19
2207,1242,419566.5,3808051.5,2022,1,2,2,0,0,1,4,2,7,6,8,6,8,8,10,3,8,8
2212,1267,419641.5,3808036.5,2022,0,3,4,1,5,1,2,0,9,1,12,11,13,7,5,15,13,19
2211,1426,420118.5,3808039.5,2022,1,0,1,4,4,2,5,9,4,9,3,4,12,9,1,0,3,15
2219,1501,420343.5,3808015.5,2022,1,0,1,4,4,2,8,3,5,9,3,4,12,9,1,0,3,15
2204,1711,420973.5,3808060.5,2022,0,3,4,3,3,4,3,7,10,2,11,5,2,5,11,4,15,14
2198,1811,421273.5,3808078.5,2022,0,0,1,4,4,2,5,9,4,9,3,4,14,9,7,7,14,7
2191,1848,421384.5,3808099.5,2022,0,0,1,4,4,2,5,9,4,9,3,4,12,9,1,0,3,15
2201,1867,421441.5,3808069.5,2022,1,0,1,4,4,2,8,3,5,9,3,4,12,9,1,0,3,15
2208,1896,421528.5,3808048.5,2022,1,0,1,4,4,2,5,8,4,9,3,4,14,9,1,7,3,7
2196,1921,421603.5,3808084.5,2022,1,0,1,4,4,2,5,8,4,9,3,4,14,9,1,7,3,7
2207,1972,421756.5,3808051.5,2022,1,0,1,4,4,6,8,3,5,4,5,10,3,14,15,14,16,13
2215,1993,421819.5,3808027.5,2022,0,0,1,4,4,2,5,9,4,9,0,4,12,9,1,0,3,15
2215,2023,421909.5,3808027.5,2022,0,0,1,4,4,2,5,9,4,9,0,4,12,9,1,0,3,15
2205,2057,422011.5,3808057.5,2022,1,0,1,4,4,2,5,8,4,9,3,4,12,9,1,0,3,15
2204,2096,422128.5,3808060.5,2022,2,1,3,1,5,5,6,8,3,11,1,2,14,0,4,7,18,7
2207,2127,422221.5,3808051.5,2022,1,0,1,4,4,2,8,3,5,9,3,4,12,9,1,0,3,15
2190,2149,422287.5,3808102.5,2022,1,0,1,4,4,5,6,8,3,11,1,2,14,0,4,7,18,7
2215,2166,422338.5,3808027.5,2022,0,0,1,4,4,2,5,8,4,9,3,4,14,9,1,7,3,7
2207,2207,422461.5,3808051.5,2022,0,0,1,4,4,2,5,8,4,10,3,4,14,12,7,7,14,7
2219,2221,422503.5,3808015.5,2022,1,0,1,4,4,2,5,8,4,9,3,4,14,9,1,7,3,7
2196,2258,422614.5,3808084.5,2022,1,0,3,1,5,5,2,8,3,11,1,2,1,0,4,7,18,7
2192,2294,422722.5,3808096.5,2022,1,2,2,0,0,1,4,2,7,6,1,2,1,6,2,1,7,18
2201,2310,422770.5,3808069.5,2022,0,0,1,4,4,2,5,8,4,9,3,4,14,9,1,7,18,7
2194,2340,422860.5,3808090.5,2022,1,2,3,5,6,5,6,8,3,11,1,2,1,0,4,1,18,7
2195,2905,424555.5,3808087.5,2022,2,1,3,5,6,5,6,8,3,11,1,2,1,0,4,7,18,12
2191,2929,424627.5,3808099.5,2022,2,1,3,5,6,5,6,8,3,11,1,2,1,0,4,7,18,12
2204,2959,424717.5,3808060.5,2022,2,1,3,5,6,5,6,8,3,11,1,2,1,0,4,7,18,12
2192,2970,424750.5,3808096.5,2022,1,2,3,5,6,6,6,8,3,11,1,2,1,6,2,1,18,18
2207,3012,424876.5,3808051.5,2022,2,1,3,5,6,5,6,6,3,11,1,2,1,0,4,1,18,12
2213,3039,424957.5,3808033.5,2022,2,1,3,5,6,3,7,1,3,11,1,2,1,6,2,1,7,18
2215,3072,425056.5,3808027.5,2022,2,1,3,5,6,3,7,1,3,11,1,2,1,6,2,1,7,18
2202,3106,425158.5,3808066.5,2022,2,1,3,5,6,5,6,6,3,11,1,2,1,0,4,1,18,12
2205,3142,425266.5,3808057.5,2022,2,1,3,5,6,5,6,6,6,0,2,12,6,11,3,13,0,12
2207,3155,425305.5,3808051.5,2022,2,1,3,5,6,5,6,6,6,0,2,12,6,11,3,13,0,12
2191,3186,425398.5,3808099.5,2022,2,1,3,5,6,5,6,6,3,11,1,2,1,0,4,1,0,12
2215,3228,425524.5,3808027.5,2022,2,1,3,5,6,5,6,6,3,11,1,2,1,0,4,1,18,12
2217,3255,425605.5,3808021.5,2022,2,1,3,5,6,5,6,6,3,11,1,2,1,0,4,1,18,12
2216,3271,425653.5,3808024.5,2022,2,1,3,5,6,3,6,6,3,11,1,2,1,6,2,1,7,18
2191,3304,425752.5,3808099.5,2022,2,1,3,5,6,5,6,6,6,0,2,12,6,11,3,13,0,12
2192,3331,425833.5,3808096.5,2022,2,1,3,5,6,5,6,6,3,11,1,2,1,0,4,1,18,12
2228,4,415852.5,3807988.5,2022,0,3,4,3,3,4,3,7,10,10,0,9,7,3,9,10,4,1
2243,37,415951.5,3807943.5,2022,0,0,1,4,4,2,5,9,4,10,0,9,7,12,7,11,14,16
2237,64,416032.5,3807961.5,2022,0,0,4,3,3,4,3,9,10,10,0,9,7,3,9,10,4,1
2242,106,416158.5,3807946.5,2022,0,0,1,4,4,2,5,9,4,10,0,9,7,3,9,10,4,1
2223,134,416242.5,3808003.5,2022,0,0,4,3,4,2,5,9,4,10,0,9,7,3,9,10,4,1
2224,154,416302.5,3808000.5,2022,0,3,4,3,3,4,3,7,10,10,0,9,7,3,9,10,4,1
2247,209,416467.5,3807931.5,2022,0,0,1,4,4,2,5,9,4,9,0,4,12,9,1,0,3,15
2238,213,416479.5,3807958.5,2022,1,0,1,4,2,7,0,5,2,8,10,1,0,15,14,16,12,9
2236,253,416599.5,3807964.5,2022,1,0,1,4,2,7,0,5,2,9,3,4,14,9,1,0,3,15
2249,270,416650.5,3807925.5,2022,1,0,1,4,4,2,5,8,4,9,3,4,12,9,1,0,3,15
2228,354,416902.5,3807988.5,2022,0,3,4,3,3,4,3,7,10,2,6,5,2,5,11,2,10,5
2245,386,416998.5,3807937.5,2022,0,3,4,3,3,4,3,7,10,2,6,5,2,5,11,2,10,5
2240,394,417022.5,3807952.5,2022,0,3,4,3,3,4,3,7,10,2,6,5,2,5,11,2,10,5
2238,430,417130.5,3807958.5,2022,0,3,4,3,3,4,3,7,10,2,6,5,2,5,11,2,10,5
2223,462,417226.5,3808003.5,2022,0,3,4,3,3,4,3,7,10,2,6,5,2,5,11,2,10,5
2229,500,417340.5,3807985.5,2022,0,0,1,1,5,2,2,0,1,5,11,7,10,12,7,11,14,16
2249,519,417397.5,3807925.5,2022,0,0,1,4,4,2,5,9,4,10,11,4,14,12,7,11,14,16
2223,553,417499.5,3808003.5,2022,0,0,1,4,4,2,5,9,4,9,3,4,14,9,1,11,14,16
2237,573,417559.5,3807961.5,2022,0,3,4,3,3,4,5,9,10,10,11,7,7,12,7,11,14,16
2220,605,417655.5,3808012.5,2022,0,3,4,1,5,4,2,0,1,5,9,7,10,1,0,8,2,2
2220,640,417760.5,3808012.5,2022,0,3,4,1,5,1,2,0,1,5,9,11,13,7,5,15,2,2
2223,714,417982.5,3808003.5,2022,0,3,4,3,3,4,3,7,10,10,11,7,7,12,7,11,14,14
2243,742,418066.5,3807943.5,2022,0,3,4,3,3,4,3,7,10,2,6,5,2,5,11,10,4,1
2236,750,418090.5,3807964.5,2022,0,3,4,3,3,4,3,7,10,2,6,9,7,3,9,10,4,1
2220,803,418249.5,3808012.5,2022,0,3,4,3,3,4,3,7,10,2,6,5,2,5,11,2,10,5
2227,815,418285.5,3807991.5,2022,0,3,4,3,3,4,3,0,10,5,9,5,2,1,0,8,2,2
2235,846,418378.5,3807967.5,2022,0,3,4,3,3,4,3,7,10,2,6,5,2,5,11,8,2,2
2245,877,418471.5,3807937.5,2022,0,3,4,3,3,4,3,7,10,2,6,5,2,5,11,2,2,2
2239,900,418540.5,3807955.5,2022,1,0,1,4,5,2,5,8,1,5,3,13,11,4,12,12,6,17
2225,940,418660.5,3807997.5,2022,1,0,1,1,5,5,2,8,1,5,9,13,11,4,12,12,6,17
2242,978,418774.5,3807946.5,2022,0,3,4,1,5,4,2,0,1,5,9,7,10,1,0,8,2,2
2236,1012,418876.5,3807964.5,2022,0,3,4,3,3,4,3,7,10,2,6,5,2,5,11,2,10,5
2242,1022,418906.5,3807946.5,2022,0,3,4,3,3,4,3,0,10,2,6,5,2,1,0,8,2,2
2220,1066,419038.5,3808012.5,2022,0,0,4,1,5,5,2,0,1,5,11,7,10,12,7,11,14,16
2230,1080,419080.5,3807982.5,2022,0,3,4,1,5,4,2,0,1,5,11,7,10,1,0,8,2,2
2232,1139,419257.5,3807976.5,2022,1,2,2,0,0,1,4,2,7,1,12,0,4,10,16,12,1,11
2221,1150,419290.5,3808009.5,2022,0,3,4,3,3,4,3,7,10,2,6,5,2,5,11,2,10,5
2234,1176,419368.5,3807970.5,2022,0,3,4,3,3,4,3,7,10,2,6,5,2,5,11,2,10,5
2236,1214,419482.5,3807964.5,2022,0,3,4,1,5,1,2,0,9,1,12,11,13,7,5,15,13,19
2242,1231,419533.5,3807946.5,2022,1,2,2,1,5,1,2,0,9,1,12,11,13,7,5,15,13,19
2220,1267,419641.5,3808012.5,2022,0,0,4,1,5,2,5,9,4,10,11,7,7,12,7,11,14,16
2247,1299,419737.5,3807931.5,2022,0,3,4,3,3,4,3,7,10,10,11,5,7,12,7,11,10,5
2236,1335,419845.5,3807964.5,2022,0,0,4,3,4,2,5,9,9,1,0,0,4,3,9,10,4,1
2224,1409,420067.5,3808000.5,2022,1,0,1,4,4,2,8,3,5,9,3,4,12,9,1,0,3,15
2222,1413,420079.5,3808006.5,2022,1,0,1,4,4,2,5,9,4,9,3,4,12,9,1,0,3,15
2223,1497,420331.5,3808003.5,2022,1,0,1,4,4,2,8,3,5,9,3,4,12,9,1,0,3,15
2224,1500,420340.5,3808000.5,2022,1,0,1,4,4,2,8,8,5,9,3,10,12,9,1,14,3,15
2241,1822,421306.5,3807949.5,2022,0,0,1,4,4,2,5,9,4,9,0,4,12,9,1,0,3,15
2221,1836,421348.5,3808009.5,2022,0,0,1,4,4,2,5,9,4,9,0,4,12,9,1,0,3,15
2235,1882,421486.5,3807967.5,2022,0,0,1,4,4,2,5,9,4,9,0,4,12,9,1,0,3,15
2228,1911,421573.5,3807988.5,2022,1,0,1,4,4,2,5,9,4,9,3,4,12,9,1,0,3,15
2220,1924,421612.5,3808012.5,2022,1,0,1,4,4,2,8,8,4,9,3,4,14,9,1,7,3,7
2246,1961,421723.5,3807934.5,2022,1,0,1,4,4,2,8,3,4,9,3,4,12,9,1,0,3,15
2236,1984,421792.5,3807964.5,2022,1,0,1,4,4,2,8,3,5,9,3,4,12,9,1,7,3,7
2232,2032,421936.5,3807976.5,2022,0,0,1,4,4,2,5,9,4,9,0,4,12,9,1,0,3,15
2221,2057,422011.5,3808009.5,2022,1,0,1,4,4,2,8,8,4,9,3,4,14,9,1,7,3,7
2231,2096,422128.5,3807979.5,2022,0,0,1,4,4,2,5,9,4,9,0,4,12,9,1,0,3,15
2225,2121,422203.5,3807997.5,2022,1,0,1,4,4,2,8,8,5,9,3,4,14,9,1,7,3,7
2244,2147,422281.5,3807940.5,2022,0,0,1,4,4,2,5,9,4,10,0,9,12,3,9,10,4,15
2235,2188,422404.5,3807967.5,2022,1,2,2,0,0,6,8,3,5,4,5,10,3,14,15,14,16,13
2238,2214,422482.5,3807958.5,2022,1,0,1,4,4,2,5,8,4,9,3,4,14,9,1,7,3,7
2244,2223,422509.5,3807940.5,2022,1,2,2,4,4,6,8,3,5,1,12,0,4,10,16,7,1,7
2236,2273,422659.5,3807964.5,2022,0,0,1,4,4,2,5,8,4,9,3,4,14,9,4,7,18,7
2236,2288,422704.5,3807964.5,2022,0,0,1,4,4,2,5,9,4,9,3,4,14,9,7,7,14,7
2228,2334,422842.5,3807988.5,2022,1,2,2,0,0,6,8,3,5,4,5,10,3,14,15,14,16,13
2231,2340,422860.5,3807979.5,2022,1,2,2,0,0,6,8,2,3,11,1,2,1,6,2,1,7,18
2245,2899,424537.5,3807937.5,2022,1,0,1,5,6,5,6,8,3,11,1,2,1,0,4,7,18,7
2222,2928,424624.5,3808006.5,2022,1,0,1,4,4,6,8,8,3,11,1,2,14,0,4,7,18,7
2222,2964,424732.5,3808006.5,2022,1,1,3,5,6,6,6,8,3,11,1,2,1,0,4,1,18,18
2227,2984,424792.5,3807991.5,2022,2,1,3,5,6,5,6,6,3,11,1,2,1,0,4,1,18,12
2222,3010,424870.5,3808006.5,2022,1,1,3,5,6,5,6,8,3,11,1,2,1,0,4,1,18,7
2222,3034,424942.5,3808006.5,2022,2,1,3,5,6,5,6,6,3,11,1,2,1,0,4,1,0,12
2222,3078,425074.5,3808006.5,2022,2,1,3,5,6,3,6,6,3,11,1,2,1,6,2,1,7,12
2244,3103,425149.5,3807940.5,2022,2,1,3,5,6,5,6,6,3,11,1,2,1,0,4,1,0,12
2240,3122,425206.5,3807952.5,2022,2,1,3,5,6,5,6,6,3,11,1,2,1,0,4,1,0,12
2233,3151,425293.5,3807973.5,2022,2,1,3,5,6,5,6,6,6,11,2,12,1,11,3,1,0,12
2240,3203,425449.5,3807952.5,2022,2,1,3,5,6,5,6,6,3,11,1,2,1,0,4,1,0,12
2242,3224,425512.5,3807946.5,2022,2,1,3,5,6,3,7,1,3,11,1,2,1,6,2,1,7,18
2238,3251,425593.5,3807958.5,2022,2,1,3,5,6,5,6,6,3,11,1,2,1,0,4,1,0,12
2236,3290,425710.5,3807964.5,2022,2,1,3,5,6,5,6,6,3,11,1,2,1,6,2,1,7,12
2230,3316,425788.5,3807982.5,2022,1,1,3,5,6,3,6,6,3,11,1,2,1,6,2,1,7,18
2221,3331,425833.5,3808009.5,2022,1,1,3,5,6,3,6,1,3,11,1,2,1,6,2,1,7,18
2266,27,415921.5,3807874.5,2022,0,0,1,4,4,2,5,9,4,9,3,4,12,9,1,0,3,15
2252,36,415948.5,3807916.5,2022,0,3,4,3,3,4,3,7,10,10,6,9,7,3,9,10,4,1
2269,66,416038.5,3807865.5,2022,0,3,4,3,3,4,3,7,10,2,6,5,2,5,11,2,10,5
2259,90,416110.5,3807895.5,2022,0,0,1,4,4,2,5,9,4,9,3,4,14,9,1,0,3,15
2275,136,416248.5,3807847.5,2022,1,0,1,4,2,7,0,5,2,8,10,1,0,15,14,16,12,9
2250,151,416293.5,3807922.5,2022,0,3,4,3,3,4,3,9,10,10,0,9,7,3,9,10,4,1
2277,183,416389.5,3807841.5,2022,1,0,1,4,4,2,5,9,4,9,3,4,12,9,1,0,3,15
2273,218,416494.5,3807853.5,2022,1,0,1,4,4,2,5,8,4,9,3,4,14,9,1,7,3,7
2259,263,416629.5,3807895.5,2022,1,0,1,4,2,7,0,5,2,8,10,1,0,15,14,16,12,9
2275,281,416683.5,3807847.5,2022,1,0,1,4,2,7,0,5,2,8,10,1,0,15,14,16,12,9
2261,384,416992.5,3807889.5,2022,0,3,4,3,3,4,3,7,10,2,6,5,2,5,11,2,10,5
2267,398,417034.5,3807871.5,2022,0,3,4,3,3,4,3,7,10,2,6,5,2,5,11,2,10,5
2250,438,417154.5,3807922.5,2022,0,3,4,3,3,4,3,7,10,2,6,5,2,5,11,2,10,5
2262,475,417265.5,3807886.5,2022,0,3,4,3,3,4,3,7,10,2,6,5,2,5,11,2,10,5
2265,509,417367.5,3807877.5,2022,0,3,4,3,3,4,3,7,10,2,6,5,2,5,11,2,10,5
2260,538,417454.5,3807892.5,2022,0,3,4,3,3,4,3,7,10,2,6,5,2,5,11,2,10,5
2251,542,417466.5,3807919.5,2022,0,3,4,3,3,4,3,7,10,2,6,5,2,5,11,2,10,5
2278,592,417616.5,3807838.5,2022,0,3,4,3,3,4,3,7,10,2,6,5,2,5,11,2,10,5
2279,624,417712.5,3807835.5,2022,0,3,4,3,3,4,3,7,10,2,6,5,2,5,11,2,10,5
2279,645,417775.5,3807835.5,2022,0,3,4,3,3,4,3,7,10,2,6,5,2,5,11,2,10,5
2269,665,417835.5,3807865.5,2022,0,3,0,2,1,4,3,7,10,2,6,5,2,5,11,4,15,14
2272,714,417982.5,3807856.5,2022,0,3,4,3,3,4,3,7,10,2,6,5,2,5,11,10,4,1
2258,730,418030.5,3807898.5,2022,0,3,4,3,3,4,3,7,10,2,6,5,2,5,11,2,10,5
2271,761,418123.5,3807859.5,2022,0,0,1,4,4,2,5,9,4,9,0,4,7,9,1,0,14,16
2257,805,418255.5,3807901.5,2022,0,3,4,3,3,4,2,0,1,5,9,11,13,1,0,8,2,2
2279,831,418333.5,3807835.5,2022,0,3,4,3,3,4,3,7,10,2,6,5,10,1,0,8,2,2
2262,856,418408.5,3807886.5,2022,0,3,4,3,3,4,3,7,10,10,11,5,7,5,11,11,2,2
2269,873,418459.5,3807865.5,2022,0,3,4,1,3,4,2,0,1,5,9,7,10,1,0,8,2,2
2253,906,418558.5,3807913.5,2022,0,0,4,1,5,1,2,0,9,1,12,11,13,7,6,8,2,2
2276,1044,418972.5,3807844.5,2022,2,1,3,1,5,5,2,0,1,5,9,7,10,1,0,6,17,3
2279,1064,419032.5,3807835.5,2022,0,0,1,1,5,5,2,0,1,5,9,7,10,1,0,8,2,2
2279,1107,419161.5,3807835.5,2022,1,2,2,0,0,1,2,0,9,6,8,11,13,7,6,15,11,0
2259,1116,419188.5,3807895.5,2022,0,0,1,1,5,5,2,8,1,5,11,7,10,12,7,6,14,16
2266,1195,419425.5,3807874.5,2022,0,3,4,3,3,4,3,7,10,2,6,5,2,5,11,2,10,5
2259,1218,419494.5,3807895.5,2022,0,3,4,3,3,4,3,7,10,2,6,5,2,5,11,2,10,5
2256,1257,419611.5,3807904.5,2022,0,3,4,1,5,4,2,0,9,1,12,11,13,7,5,15,13,19
2279,1288,419704.5,3807835.5,2022,0,2,4,1,5,1,2,0,9,1,12,11,13,7,5,15,13,19
2269,1310,419770.5,3807865.5,2022,1,2,2,1,5,1,2,0,9,1,12,11,13,7,5,15,13,19
2250,1332,419836.5,3807922.5,2022,1,0,1,4,4,2,5,8,1,5,9,13,11,4,12,12,6,17
2266,1643,420769.5,3807874.5,2022,0,3,4,3,3,4,3,7,10,10,11,9,7,12,7,11,4,1
2278,1760,421120.5,3807838.5,2022,1,0,1,4,4,6,8,3,5,4,5,10,12,14,15,14,16,13
2275,1775,421165.5,3807847.5,2022,1,2,1,4,4,6,8,3,5,4,5,10,3,14,15,14,16,13
2277,1809,421267.5,3807841.5,2022,1,0,1,4,4,2,8,8,5,9,3,4,14,9,1,7,18,7
2257,1831,421333.5,3807901.5,2022,1,0,1,4,4,6,8,8,3,11,3,2,14,0,4,7,18,7
2251,1883,421489.5,3807919.5,2022,1,0,1,4,4,2,8,3,5,9,5,4,12,9,1,0,3,15
2263,1893,421519.5,3807883.5,2022,0,0,1,4,4,2,5,9,4,9,0,4,12,9,1,0,3,15
2253,1949,421687.5,3807913.5,2022,0,0,1,4,4,2,5,9,4,9,0,4,12,9,1,0,3,15
2270,1956,421708.5,3807862.5,2022,0,0,1,4,4,2,5,9,4,9,3,4,12,9,1,7,3,15
2262,1991,421813.5,3807886.5,2022,1,0,1,4,4,2,5,3,4,9,0,4,12,9,1,0,3,15
2255,2033,421939.5,3807907.5,2022,0,0,1,4,4,2,5,9,4,9,0,4,12,9,1,0,3,15
2268,2046,421978.5,3807868.5,2022,1,0,1,4,4,2,5,3,4,9,0,4,12,9,1,0,3,15
2279,2089,422107.5,3807835.5,2022,1,0,1,4,4,2,5,9,4,9,3,4,12,9,1,0,3,15
2263,2109,422167.5,3807883.5,2022,0,0,1,4,4,2,5,9,4,9,0,4,12,9,1,0,3,15
2252,2132,422236.5,3807916.5,2022,0,0,1,4,4,2,5,9,4,10,0,9,7,3,9,10,4,1
2274,2189,422407.5,3807850.5,2022,2,1,3,5,6,5,6,8,3,11,1,2,1,0,4,7,18,7
2250,2217,422491.5,3807922.5,2022,1,0,1,4,4,6,8,3,5,4,5,10,3,14,15,14,16,13
2268,2237,422551.5,3807868.5,2022,1,0,1,4,4,5,8,8,3,11,1,2,14,0,4,7,18,7
2264,2272,422656.5,3807880.5,2022,0,0,1,4,4,2,5,8,4,9,3,4,14,9,1,7,3,7
2251,2291,422713.5,3807919.5,2022,1,0,1,4,4,2,5,8,3,11,3,2,14,0,4,7,18,7
2265,2323,422809.5,3807877.5,2022,2,0,3,1,5,5,6,8,3,11,3,2,14,0,4,7,18,7
2252,2340,422860.5,3807916.5,2022,1,2,2,0,0,6,8,8,3,11,1,2,3,4,4,12,18,7
2267,2893,424519.5,3807871.5,2022,2,1,3,5,6,5,6,8,3,11,1,2,1,0,4,1,18,12
2252,2931,424633.5,3807916.5,2022,1,1,3,5,6,5,6,8,3,11,1,2,1,0,4,7,18,7
2261,2959,424717.5,3807889.5,2022,1,1,3,5,6,5,6,8,3,11,1,2,1,0,4,1,18,7
2275,2993,424819.5,3807847.5,2022,1,1,3,5,6,5,6,8,3,11,1,2,1,6,2,1,7,18
2270,3029,424927.5,3807862.5,2022,2,1,3,5,6,5,6,6,3,11,1,2,1,0,4,1,17,3
2277,3039,424957.5,3807841.5,2022,2,1,3,5,6,5,6,6,3,11,1,2,1,0,4,1,18,12
2279,3088,425104.5,3807835.5,2022,2,1,3,5,6,5,6,6,3,11,1,2,1,0,4,1,18,12
2253,3107,425161.5,3807913.5,2022,2,1,3,5,6,5,6,6,3,11,1,2,1,0,4,1,18,12
2254,3126,425218.5,3807910.5,2022,2,1,3,5,6,5,6,6,3,11,2,2,1,0,4,1,0,12
2271,3150,425290.5,3807859.5,2022,2,1,3,5,6,3,6,6,3,11,1,2,1,6,2,1,7,12
2282,17,415891.5,3807826.5,2022,0,3,4,3,3,4,3,7,10,2,6,5,2,3,11,10,4,1
2301,44,415972.5,3807769.5,2022,1,0,1,4,2,7,0,5,2,8,10,1,0,15,14,16,12,9
2286,71,416053.5,3807814.5,2022,1,0,1,4,4,2,5,8,4,9,3,4,14,9,1,0,3,15
2307,104,416152.5,3807751.5,2022,0,0,4,3,3,4,3,9,4,10,0,9,7,3,9,10,4,1
2281,127,416221.5,3807829.5,2022,0,0,1,4,4,2,5,9,4,9,3,4,14,9,1,0,3,15
2282,165,416335.5,3807826.5,2022,1,0,1,4,4,2,5,9,4,9,3,4,12,9,1,0,3,15
2289,193,416419.5,3807805.5,2022,1,0,1,4,4,2,5,8,4,9,3,4,14,9,1,0,3,15
2308,233,416539.5,3807748.5,2022,0,3,4,3,3,4,3,9,10,10,11,9,7,3,9,10,4,1
2305,242,416566.5,3807757.5,2022,0,0,1,4,4,2,5,9,4,9,3,4,12,9,1,0,3,15
2286,388,417004.5,3807814.5,2022,0,3,4,3,3,4,3,7,10,2,6,5,2,5,11,2,10,5
2281,396,417028.5,3807829.5,2022,0,3,4,3,3,4,3,7,10,2,6,5,2,5,11,2,10,5
2291,434,417142.5,3807799.5,2022,0,3,4,3,3,4,3,7,10,2,6,5,2,5,11,2,10,5
2281,507,417361.5,3807829.5,2022,0,3,4,3,3,4,3,7,10,2,6,5,2,5,11,2,10,5
2298,533,417439.5,3807778.5,2022,0,3,4,3,3,4,3,7,10,2,6,5,2,5,11,10,4,1
2284,544,417472.5,3807820.5,2022,0,3,4,3,3,4,3,7,10,2,6,9,7,3,9,10,4,1
2300,594,417622.5,3807772.5,2022,0,3,4,3,3,4,3,7,10,2,6,5,2,5,11,2,10,5
2293,627,417721.5,3807793.5,2022,0,3,0,3,3,4,3,7,10,2,6,5,2,5,11,2,10,5
2291,632,417736.5,3807799.5,2022,0,3,0,3,3,4,3,7,10,2,6,5,2,5,11,2,10,5
2286,669,417847.5,3807814.5,2022,0,3,4,3,3,4,3,7,10,2,6,5,2,5,11,2,10,5
2285,718,417994.5,3807817.5,2022,0,3,4,3,3,4,3,7,10,2,6,5,2,3,9,10,4,1
2308,744,418072.5,3807748.5,2022,0,3,4,3,3,4,3,7,10,10,11,9,7,3,9,11,4,1
2300,766,418138.5,3807772.5,2022,0,0,4,1,5,4,2,0,1,5,9,7,10,1,0,8,2,2
2301,798,418234.5,3807769.5,2022,0,3,4,3,3,4,3,7,10,2,6,5,2,5,11,2,10,5
2286,836,418348.5,3807814.5,2022,0,3,4,3,3,4,3,7,10,2,6,5,10,1,0,8,2,2
2284,841,418363.5,3807820.5,2022,0,3,4,1,5,1,2,0,1,5,9,11,13,7,6,8,2,2
2305,892,418516.5,3807757.5,2022,0,3,4,3,3,4,3,0,1,5,9,9,7,1,0,8,2,2
2294,907,418561.5,3807790.5,2022,0,3,4,1,5,4,2,0,1,5,9,11,13,1,0,8,2,2
2291,944,418672.5,3807799.5,2022,1,0,1,1,5,2,2,8,1,5,9,13,11,4,12,12,6,17
2303,1045,418975.5,3807763.5,2022,1,2,2,0,0,1,4,2,7,6,8,11,13,7,6,15,11,0
2281,1069,419047.5,3807829.5,2022,0,0,4,1,5,2,2,0,1,5,9,7,10,1,0,8,2,2
2291,1081,419083.5,3807799.5,2022,0,3,4,1,5,5,2,0,1,5,9,7,10,1,0,8,2,2
2287,1133,419239.5,3807811.5,2022,0,3,4,1,5,4,2,0,1,5,9,7,10,1,0,8,2,2
2292,1153,419299.5,3807796.5,2022,0,0,1,4,5,2,5,8,4,10,11,7,14,12,7,11,14,16
2307,1227,419521.5,3807751.5,2022,1,2,2,0,0,1,4,2,7,6,8,11,13,7,6,15,11,0
2306,1239,419557.5,3807754.5,2022,1,2,2,0,0,1,4,2,7,6,8,6,8,10,6,15,11,0
2294,1288,419704.5,3807790.5,2022,0,3,4,3,3,4,3,7,10,2,6,5,2,5,11,2,10,5
2300,1291,419713.5,3807772.5,2022,0,3,4,1,5,1,2,0,9,1,12,11,13,7,5,15,13,19
2296,1352,419896.5,3807784.5,2022,1,0,1,4,4,5,6,8,3,11,3,13,14,4,12,12,6,17
2307,1686,420898.5,3807751.5,2022,1,0,1,4,4,2,5,9,4,9,3,4,12,9,1,0,3,15
2282,1763,421129.5,3807826.5,2022,1,0,1,4,4,6,8,3,5,9,3,10,12,14,1,0,3,15
2281,1770,421150.5,3807829.5,2022,0,0,1,4,4,2,5,9,4,9,0,4,12,9,1,0,3,15
2280,1818,421294.5,3807832.5,2022,1,2,2,0,0,6,8,3,5,4,5,10,3,14,15,14,16,13
2305,1836,421348.5,3807757.5,2022,1,2,2,0,0,6,8,3,5,4,5,10,3,14,15,14,16,13
2280,1876,421468.5,3807832.5,2022,0,0,1,4,4,2,5,9,4,10,0,9,7,3,9,10,4,1
2305,1894,421522.5,3807757.5,2022,0,0,1,4,4,2,5,9,4,9,3,4,14,9,1,7,3,7
2305,1939,421657.5,3807757.5,2022,0,0,1,4,4,2,5,9,4,9,0,4,12,3,9,0,3,15
2299,1978,421774.5,3807775.5,2022,0,0,1,4,4,2,5,9,4,9,3,4,14,9,1,7,3,7
2285,2003,421849.5,3807817.5,2022,1,0,1,4,4,2,5,8,4,9,3,4,14,9,1,7,3,7
2298,2016,421888.5,3807778.5,2022,0,0,1,4,4,2,5,9,4,9,0,4,12,9,1,0,3,15
2305,2061,422023.5,3807757.5,2022,0,0,1,4,4,2,5,9,4,9,0,4,12,9,1,0,3,15
2303,2079,422077.5,3807763.5,2022,1,0,1,4,4,6,8,3,5,4,5,10,3,14,15,14,16,13
2289,2106,422158.5,3807805.5,2022,1,0,1,4,4,2,5,8,4,9,3,4,14,9,1,7,3,7
2284,2158,422314.5,3807820.5,2022,1,0,1,4,4,2,8,3,5,9,3,4,12,9,1,0,3,15
2293,2183,422389.5,3807793.5,2022,1,2,2,0,0,6,8,8,3,11,1,2,1,0,4,7,18,7
2292,2208,422464.5,3807796.5,2022,1,0,1,4,4,5,6,8,3,11,3,2,14,0,4,7,18,7
2294,2243,422569.5,3807790.5,2022,1,2,2,0,0,6,8,8,3,11,1,2,4,0,4,7,18,7
2296,2279,422677.5,3807784.5,2022,0,0,4,3,3,2,5,9,4,10,11,9,7,3,7,10,4,1
2292,2280,422680.5,3807796.5,2022,0,0,1,4,4,2,5,9,4,9,3,4,14,9,1,7,14,7
2290,2332,422836.5,3807802.5,2022,1,0,1,4,4,5,8,8,3,11,1,2,1,0,4,7,18,7
2284,2341,422863.5,3807820.5,2022,2,1,3,1,5,5,6,0,3,11,1,2,1,6,2,15,7,18
2283,2897,424531.5,3807823.5,2022,1,0,1,4,4,6,8,8,3,11,3,2,14,0,4,7,18,7
2303,2931,424633.5,3807763.5,2022,1,0,1,4,4,5,6,8,3,11,1,2,14,0,4,7,18,7
2309,2954,424702.5,3807745.5,2022,2,1,3,5,6,5,6,6,3,11,1,2,1,0,4,1,18,12
2301,2992,424816.5,3807769.5,2022,2,1,3,5,6,5,6,8,3,11,1,2,1,0,4,1,18,12
2282,3001,424843.5,3807826.5,2022,2,1,3,5,6,5,6,6,3,11,1,2,1,0,4,1,18,12
2298,3032,424936.5,3807778.5,2022,2,1,3,5,6,5,6,6,3,11,1,2,1,0,4,1,18,12
2295,3070,425050.5,3807787.5,2022,2,1,3,5,6,5,6,6,3,11,1,2,1,0,3,1,0,12
2281,3091,425113.5,3807829.5,2022,2,1,3,5,6,5,6,6,3,11,1,2,1,0,4,1,18,12
2298,3124,425212.5,3807778.5,2022,2,1,3,5,6,5,6,6,3,11,1,2,1,0,4,1,18,12
2308,3150,425290.5,3807748.5,2022,2,1,3,5,6,5,6,6,3,11,1,2,1,0,4,1,0,12
2318,26,415918.5,3807718.5,2022,1,0,1,4,2,7,0,5,2,8,10,1,0,15,14,16,12,9
2327,40,415960.5,3807691.5,2022,0,0,4,3,4,2,5,9,4,10,0,9,7,3,9,10,4,1
2321,88,416104.5,3807709.5,2022,1,0,1,4,4,2,5,9,4,9,3,4,12,9,1,0,3,15
2316,107,416161.5,3807724.5,2022,0,0,1,4,4,2,5,9,4,9,0,9,12,3,9,0,3,15
2315,136,416248.5,3807727.5,2022,0,3,4,3,3,4,3,7,10,10,0,9,7,3,9,10,4,1
2333,170,416350.5,3807673.5,2022,1,0,1,4,4,2,5,9,4,9,3,4,12,9,1,0,3,15
2338,196,416428.5,3807658.5,2022,0,0,4,3,3,4,5,9,4,10,0,9,7,3,9,10,4,1
2321,235,416545.5,3807709.5,2022,0,0,4,3,4,2,5,9,4,10,0,9,7,3,9,11,14,16
2325,245,416575.5,3807697.5,2022,1,0,1,4,2,7,0,5,2,8,10,1,0,15,14,16,12,9
2314,273,416659.5,3807730.5,2022,1,0,1,4,4,2,5,9,4,9,3,4,14,9,1,0,14,16
2317,305,416755.5,3807721.5,2022,1,2,2,0,0,6,4,2,7,6,8,6,8,8,10,3,8,8
2315,440,417160.5,3807727.5,2022,0,3,4,3,3,4,3,7,10,2,6,5,2,5,11,2,10,5
2315,517,417391.5,3807727.5,2022,0,3,4,3,3,4,3,7,10,2,6,5,2,5,11,2,10,5
2335,556,417508.5,3807667.5,2022,0,3,4,3,3,4,3,7,10,2,6,5,2,5,11,2,10,5
2334,582,417586.5,3807670.5,2022,0,3,4,3,3,4,3,7,10,2,6,5,2,5,11,2,10,5
2336,711,417973.5,3807664.5,2022,0,0,1,1,5,2,2,0,1,5,9,13,11,1,0,8,2,2
2330,748,418084.5,3807682.5,2022,0,0,4,3,3,4,3,9,10,10,0,9,7,3,9,10,4,1
2333,751,418093.5,3807673.5,2022,0,3,4,3,3,4,3,7,10,2,6,5,2,5,11,2,10,5
2318,786,418198.5,3807718.5,2022,0,0,4,3,3,4,3,0,10,10,0,9,7,3,9,10,4,1
2318,817,418291.5,3807718.5,2022,0,3,4,1,5,1,2,0,1,5,9,11,13,1,0,8,2,2
2310,856,418408.5,3807742.5,2022,0,3,4,1,5,4,2,0,1,5,9,11,13,7,0,8,2,2
2325,893,418519.5,3807697.5,2022,0,0,4,3,3,4,5,9,4,10,0,9,7,3,9,10,4,1
2328,911,418573.5,3807688.5,2022,0,3,4,3,3,4,2,0,1,5,9,9,7,1,0,8,2,2
2332,942,418666.5,3807676.5,2022,0,0,4,1,5,2,2,0,1,5,9,7,10,1,0,8,2,2
2325,996,418828.5,3807697.5,2022,0,3,4,1,5,4,2,0,1,5,9,7,10,1,0,8,2,2
2333,1021,418903.5,3807673.5,2022,0,3,4,1,5,4,3,7,1,10,11,7,10,12,7,11,14,16
2319,1215,419485.5,3807715.5,2022,0,0,1,1,5,2,2,8,1,5,9,13,11,1,0,8,2,2
2322,1230,419530.5,3807706.5,2022,0,3,4,3,3,4,3,7,10,2,11,7,10,12,0,11,2,14
2320,1338,419854.5,3807712.5,2022,0,3,4,1,5,4,2,0,1,10,11,7,10,12,7,11,14,14
2328,1359,419917.5,3807688.5,2022,0,0,1,4,4,2,5,9,4,10,0,9,7,3,9,10,4,1
2316,1476,420268.5,3807724.5,2022,0,0,4,3,3,2,5,9,4,10,0,9,7,3,9,10,4,1
2339,1649,420787.5,3807655.5,2022,1,0,1,4,4,6,8,8,5,9,3,4,14,4,12,7,6,7
2323,1664,420832.5,3807703.5,2022,1,0,1,4,4,2,8,3,5,9,3,4,12,9,1,0,3,15
2316,1684,420892.5,3807724.5,2022,1,0,1,4,4,2,5,9,4,9,0,4,12,9,1,0,3,15
2336,1824,421312.5,3807664.5,2022,1,2,1,4,4,6,8,3,5,4,5,10,3,14,15,14,16,13
2319,1833,421339.5,3807715.5,2022,1,0,1,4,4,2,8,8,3,11,3,4,14,0,4,7,18,7
2334,1887,421501.5,3807670.5,2022,1,0,1,4,4,2,5,8,4,9,3,4,14,9,1,7,3,7
2319,1894,421522.5,3807715.5,2022,1,0,1,4,4,2,5,8,4,9,3,4,14,9,1,7,3,7
2322,1941,421663.5,3807706.5,2022,1,0,1,4,4,6,8,3,5,4,5,10,3,14,15,14,16,13
2325,1979,421777.5,3807697.5,2022,0,0,4,3,3,2,5,9,4,10,11,9,7,3,7,10,4,1
2323,1984,421792.5,3807703.5,2022,0,0,1,4,4,2,5,9,4,9,0,4,12,9,9,0,3,15
2333,2028,421924.5,3807673.5,2022,0,0,1,4,4,2,5,9,4,9,0,9,12,3,9,10,4,15
2319,2056,422008.5,3807715.5,2022,1,0,1,4,4,2,8,3,5,9,3,0,4,10,16,5,1,7
2325,2098,422134.5,3807697.5,2022,0,0,1,4,4,2,5,9,4,9,0,4,12,3,1,0,3,15
2319,2112,422176.5,3807715.5,2022,1,0,1,4,4,2,8,3,5,9,5,10,12,9,1,0,3,15
2323,2155,422305.5,3807703.5,2022,1,0,1,4,4,2,5,8,4,9,3,4,14,9,1,7,3,7
2326,2175,422365.5,3807694.5,2022,0,0,1,4,4,2,5,9,4,9,3,4,14,9,1,7,3,7
2325,2213,422479.5,3807697.5,2022,0,0,1,4,4,2,5,8,4,9,3,4,14,9,1,7,3,7
2329,2237,422551.5,3807685.5,2022,0,0,1,4,4,2,5,8,4,10,11,7,14,12,7,7,14,7
2327,2253,422599.5,3807691.5,2022,2,0,1,4,4,5,6,8,4,0,11,7,14,12,7,7,14,7
2311,2284,422692.5,3807739.5,2022,0,0,4,1,5,2,5,9,4,10,11,7,14,12,7,11,14,16
2320,2326,422818.5,3807712.5,2022,0,0,1,4,4,2,5,9,4,10,11,4,14,12,7,7,14,7
2339,2341,422863.5,3807655.5,2022,1,0,1,4,4,2,8,8,3,11,1,2,14,0,4,7,18,7
2328,2908,424564.5,3807688.5,2022,1,1,3,5,6,5,6,8,3,11,1,2,1,0,4,7,18,7
2336,2921,424603.5,3807664.5,2022,1,2,1,4,4,6,8,8,3,11,3,2,3,0,4,7,18,7
2321,2959,424717.5,3807709.5,2022,2,1,3,5,6,5,6,8,3,11,1,2,1,0,4,7,18,12
2325,2996,424828.5,3807697.5,2022,2,1,3,5,6,5,6,6,3,11,1,2,1,0,4,1,18,12
2337,3014,424882.5,3807661.5,2022,1,0,1,4,4,5,6,8,3,11,3,2,14,0,4,7,18,7
2320,3048,424984.5,3807712.5,2022,2,1,3,5,6,5,6,8,3,11,1,2,1,0,4,1,18,12
2313,3084,425092.5,3807733.5,2022,2,1,3,5,6,5,6,8,3,11,1,2,1,0,4,1,18,12
2329,3116,425188.5,3807685.5,2022,2,1,3,5,6,5,6,6,3,11,1,2,1,0,4,1,18,12
2327,3149,425287.5,3807691.5,2022,2,1,3,5,6,5,6,6,3,11,1,2,1,0,4,1,18,12
2335,3150,425290.5,3807667.5,2022,2,1,3,5,6,5,6,6,3,11,1,2,1,0,4,1,18,12
2353,22,415906.5,3807613.5,2022,0,0,4,3,3,2,5,9,4,10,0,9,7,3,9,10,4,1
2351,40,415960.5,3807619.5,2022,1,2,2,0,0,6,8,8,5,4,5,13,11,4,12,12,6,17
2347,74,416062.5,3807631.5,2022,1,0,1,4,4,2,5,8,4,9,3,4,14,9,1,7,3,7
2365,109,416167.5,3807577.5,2022,1,0,1,4,4,2,5,8,4,9,3,4,14,9,12,7,14,7
2353,143,416269.5,3807613.5,2022,0,0,4,3,4,2,5,9,4,10,0,9,7,3,9,10,4,16
2359,150,416290.5,3807595.5,2022,0,0,1,4,4,2,5,9,4,9,0,4,12,9,1,0,3,15
2347,190,416410.5,3807631.5,2022,1,0,1,4,2,7,0,5,2,8,10,1,0,15,14,16,12,9
2362,239,416557.5,3807586.5,2022,1,0,1,4,2,7,0,5,2,8,10,1,0,15,14,16,12,9
2356,246,416578.5,3807604.5,2022,1,1,1,5,2,7,0,5,2,8,10,1,0,15,14,16,12,9
2343,292,416716.5,3807643.5,2022,1,2,2,0,0,6,8,3,5,4,5,10,3,14,15,14,16,13
2365,325,416815.5,3807577.5,2022,1,0,1,4,4,2,5,8,4,9,3,4,14,9,1,7,14,7
2354,506,417358.5,3807610.5,2022,0,3,4,3,3,4,3,7,10,2,6,5,2,5,11,2,10,5
2354,556,417508.5,3807610.5,2022,0,3,4,3,3,4,3,7,10,2,6,5,2,5,11,2,10,5
2350,573,417559.5,3807622.5,2022,0,3,4,3,3,4,3,7,10,2,6,5,2,5,11,2,10,5
2357,655,417805.5,3807601.5,2022,0,3,4,3,3,4,3,7,10,2,6,5,2,5,11,2,10,5
2349,672,417856.5,3807625.5,2022,1,2,2,0,0,1,4,2,7,6,8,11,13,7,6,15,11,0
2354,709,417967.5,3807610.5,2022,0,3,4,3,3,4,3,7,10,2,6,5,2,5,11,2,10,5
2340,745,418075.5,3807652.5,2022,0,3,4,3,3,4,3,7,10,2,6,5,2,5,11,2,10,5
2346,761,418123.5,3807634.5,2022,0,3,4,3,3,4,3,7,10,2,6,5,2,5,11,2,10,5
2346,799,418237.5,3807634.5,2022,0,3,4,3,3,4,3,7,10,10,11,9,7,12,7,11,14,16
2341,829,418327.5,3807649.5,2022,1,2,2,1,5,1,2,0,1,5,9,13,11,1,6,8,2,2
2350,854,418402.5,3807622.5,2022,1,2,2,0,0,1,4,2,7,6,8,11,13,7,6,15,11,0
2351,879,418477.5,3807619.5,2022,1,2,2,0,0,1,4,2,7,6,8,6,8,8,6,12,11,0
2352,910,418570.5,3807616.5,2022,0,3,4,1,5,4,2,0,1,5,9,7,10,1,0,8,2,2
2342,953,418699.5,3807646.5,2022,0,0,4,3,3,4,5,9,4,10,11,9,7,12,7,11,14,16
2352,984,418792.5,3807616.5,2022,0,3,4,3,3,4,3,7,10,2,6,5,2,5,11,8,2,2
2347,1016,418888.5,3807631.5,2022,0,3,4,3,3,4,3,7,10,2,6,5,2,5,11,2,10,5
2357,1034,418942.5,3807601.5,2022,0,3,4,3,3,4,3,7,10,2,6,5,2,5,11,2,10,5
2366,1186,419398.5,3807574.5,2022,0,3,4,3,3,4,3,7,10,10,11,9,7,3,9,10,4,1
2344,1220,419500.5,3807640.5,2022,1,2,2,0,0,1,4,2,9,1,12,0,4,10,16,5,1,11
2367,1312,419776.5,3807571.5,2022,0,0,1,4,4,2,5,9,4,9,3,4,12,9,1,0,3,15
2366,1320,419800.5,3807574.5,2022,0,0,1,4,4,2,5,9,4,9,0,4,12,9,1,0,3,15
2368,1372,419956.5,3807568.5,2022,1,2,2,0,0,6,8,3,5,1,5,0,4,10,16,5,1,11
2365,1393,420019.5,3807577.5,2022,0,0,1,4,4,2,5,9,4,9,0,9,12,3,9,10,4,15
2369,1418,420094.5,3807565.5,2022,0,0,4,3,4,2,5,9,9,10,0,9,7,3,9,10,4,1
2368,1452,420196.5,3807568.5,2022,0,0,1,4,4,2,5,9,4,9,0,0,12,3,9,0,4,15
2368,1488,420304.5,3807568.5,2022,1,0,1,4,4,2,2,3,9,1,12,0,4,10,16,5,1,11
2368,1618,420694.5,3807568.5,2022,1,0,1,4,4,2,5,9,4,9,3,4,14,9,1,0,3,15
2366,1639,420757.5,3807574.5,2022,1,0,1,4,4,2,8,3,5,9,3,4,12,9,1,0,3,15
2343,1659,420817.5,3807643.5,2022,1,0,1,4,4,2,8,3,5,9,3,4,12,9,1,0,3,15
2343,1690,420910.5,3807643.5,2022,1,0,1,4,4,2,8,3,5,9,3,4,12,9,1,0,3,15
2369,1729,421027.5,3807565.5,2022,0,0,4,3,3,2,5,9,4,10,0,9,7,3,9,10,4,1
2346,1805,421255.5,3807634.5,2022,1,0,1,4,4,6,8,8,5,4,3,10,3,14,15,14,16,13
2358,1848,421384.5,3807598.5,2022,1,0,1,4,4,2,5,9,4,9,3,4,12,9,1,0,3,15
2348,1888,421504.5,3807628.5,2022,1,0,1,4,4,2,8,8,5,9,3,4,14,9,1,7,3,7
2353,1910,421570.5,3807613.5,2022,1,0,1,4,4,2,5,8,4,9,3,4,14,9,1,7,3,7
2355,1932,421636.5,3807607.5,2022,0,0,1,4,4,2,5,9,4,10,0,4,7,9,1,0,14,16
2364,1953,421699.5,3807580.5,2022,0,0,1,4,4,2,5,9,4,10,0,9,7,3,9,11,14,16
2344,1998,421834.5,3807640.5,2022,0,0,1,4,4,2,5,9,4,10,0,9,7,3,9,10,4,1
2347,2034,421942.5,3807631.5,2022,1,0,1,4,4,2,5,9,4,9,3,4,12,9,1,0,3,15
2365,2064,422032.5,3807577.5,2022,1,0,1,4,4,2,8,3,5,9,5,4,12,9,1,0,3,15
2351,2079,422077.5,3807619.5,2022,1,2,2,0,0,6,8,3,5,4,5,10,3,14,15,14,16,13
2353,2110,422170.5,3807613.5,2022,0,0,1,4,4,2,5,9,4,10,0,9,7,3,9,10,4,1
2350,2140,422260.5,3807622.5,2022,1,0,1,4,4,6,8,8,3,11,3,2,14,0,4,7,18,7
2349,2173,422359.5,3807625.5,2022,1,0,1,4,4,2,8,3,4,9,3,4,12,9,1,0,3,15
2356,2219,422497.5,3807604.5,2022,1,2,2,0,0,1,4,0,9,1,12,0,4,10,16,5,1,11
2340,2249,422587.5,3807652.5,2022,1,0,1,4,4,2,5,8,4,9,3,4,14,0,4,7,18,7
2352,2273,422659.5,3807616.5,2022,0,0,1,4,4,2,5,8,4,9,3,4,14,0,7,7,18,7
2341,2304,422752.5,3807649.5,2022,0,0,1,4,4,2,5,8,4,9,3,4,14,0,4,7,18,7
2344,2331,422833.5,3807640.5,2022,1,0,1,4,4,2,8,8,3,11,3,4,14,0,4,7,18,7
2359,2341,422863.5,3807595.5,2022,0,0,1,1,5,5,6,8,3,11,1,2,14,0,4,7,18,7
2356,2438,423154.5,3807604.5,2022,2,1,3,1,5,5,2,0,9,0,2,11,13,7,5,15,13,19
2354,2872,424456.5,3807610.5,2022,1,2,2,0,0,1,8,8,3,11,1,2,1,0,4,7,18,7
2346,2892,424516.5,3807634.5,2022,1,2,2,0,0,6,4,2,3,4,1,10,3,6,2,1,7,18
2342,2916,424588.5,3807646.5,2022,1,0,1,4,4,5,8,8,3,11,3,2,14,0,4,7,18,7
2340,2964,424732.5,3807652.5,2022,1,1,3,5,6,5,6,8,3,11,1,2,1,0,4,7,18,7
2344,2981,424783.5,3807640.5,2022,2,1,3,5,6,5,6,8,3,11,1,2,1,0,4,1,18,12
2352,3016,424888.5,3807616.5,2022,1,0,1,4,4,5,6,8,3,11,3,2,14,0,4,7,18,7
2356,3045,424975.5,3807604.5,2022,1,1,3,5,6,5,6,8,3,11,1,2,1,0,4,1,18,12
2345,3064,425032.5,3807637.5,2022,2,1,3,5,6,5,6,8,3,11,1,2,1,0,4,1,18,12
2346,3106,425158.5,3807634.5,2022,1,1,3,5,6,5,6,8,3,11,1,2,14,0,4,7,18,7
2357,3148,425284.5,3807601.5,2022,2,1,3,5,6,5,6,6,6,0,2,12,6,11,3,13,0,12
2345,3150,425290.5,3807637.5,2022,2,1,3,5,6,5,6,6,3,11,1,2,1,0,4,1,18,12
2390,14,415882.5,3807502.5,2022,0,0,1,4,4,2,5,9,4,9,3,4,14,12,7,11,14,16
2395,32,415936.5,3807487.5,2022,0,3,4,3,3,4,3,7,10,2,6,5,2,5,11,10,4,1
2378,76,416068.5,3807538.5,2022,0,0,1,4,4,2,5,9,4,9,3,4,12,9,1,0,3,15
2376,105,416155.5,3807544.5,2022,0,0,4,3,3,2,5,9,4,10,0,9,7,3,9,10,4,1
2383,135,416245.5,3807523.5,2022,0,0,4,3,3,2,5,9,4,10,11,9,7,3,7,10,14,16
2386,164,416332.5,3807514.5,2022,1,0,1,4,2,7,0,5,2,8,10,1,0,15,14,16,12,9
2370,183,416389.5,3807562.5,2022,1,0,1,4,2,7,0,5,2,8,10,1,0,15,14,16,12,9
2373,228,416524.5,3807553.5,2022,1,0,1,4,4,2,0,8,4,9,3,4,14,9,1,0,3,15
2381,326,416818.5,3807529.5,2022,1,0,1,4,2,7,0,5,2,8,10,1,0,15,14,16,12,9
2379,336,416848.5,3807535.5,2022,1,0,1,4,2,7,0,5,2,8,3,1,0,15,14,16,12,9
2396,492,417316.5,3807484.5,2022,0,3,4,3,3,4,3,7,10,2,6,5,2,5,11,2,10,5
2399,514,417382.5,3807475.5,2022,0,3,4,3,3,4,3,7,10,2,6,5,2,5,11,2,10,5
2373,566,417538.5,3807553.5,2022,0,3,4,3,3,4,3,7,10,2,6,5,2,5,11,2,10,5
2381,611,417673.5,3807529.5,2022,0,3,4,3,3,4,3,7,10,2,6,5,2,5,11,2,10,5
2380,681,417883.5,3807532.5,2022,1,2,2,0,0,1,2,0,9,1,12,11,13,7,6,15,11,0
2370,998,418834.5,3807562.5,2022,0,3,4,3,3,4,3,7,10,2,6,5,2,5,11,2,10,5
2386,1048,418984.5,3807514.5,2022,0,3,4,3,3,4,3,7,10,2,6,5,2,5,11,2,10,5
2389,1050,418990.5,3807505.5,2022,0,3,4,3,3,4,3,7,10,2,6,5,2,5,11,2,10,5
2374,1186,419398.5,3807550.5,2022,0,0,4,1,5,2,2,9,4,10,11,9,7,12,7,11,14,16
2387,1205,419455.5,3807511.5,2022,1,2,2,0,0,1,2,0,9,1,12,11,13,7,5,15,13,19
2397,1268,419644.5,3807481.5,2022,0,0,4,3,3,4,5,9,4,10,0,9,7,3,9,10,4,1
2373,1315,419785.5,3807553.5,2022,0,0,1,4,4,2,5,9,4,9,0,4,12,9,1,0,3,15
2390,1344,419872.5,3807502.5,2022,0,0,4,1,5,2,5,9,4,10,11,7,7,12,7,11,14,16
2371,1368,419944.5,3807559.5,2022,0,0,1,4,4,2,5,9,4,10,0,9,7,3,9,11,14,16
2391,1394,420022.5,3807499.5,2022,0,0,1,4,4,2,5,9,4,9,0,4,12,9,1,0,3,15
2398,1420,420100.5,3807478.5,2022,1,0,1,4,2,7,0,5,2,8,10,1,0,15,14,16,12,9
2376,1469,420247.5,3807544.5,2022,1,2,2,1,5,1,2,8,1,5,9,13,11,4,12,12,6,17
2373,1492,420316.5,3807553.5,2022,1,2,2,0,0,6,8,3,5,4,5,0,4,10,16,5,1,11
2375,1524,420412.5,3807547.5,2022,0,0,1,4,4,2,5,9,4,9,0,4,12,9,1,0,3,15
2379,1532,420436.5,3807535.5,2022,1,0,1,4,4,6,8,8,5,4,3,13,11,4,12,12,6,17
2380,1574,420562.5,3807532.5,2022,0,0,1,4,4,2,5,9,4,9,3,4,14,9,1,7,3,7
2379,1602,420646.5,3807535.5,2022,1,0,1,4,4,2,5,8,4,9,3,4,14,9,1,7,3,7
2398,1645,420775.5,3807478.5,2022,0,0,1,4,4,2,5,9,4,9,3,4,14,9,1,0,3,15
2390,1661,420823.5,3807502.5,2022,0,0,1,4,4,2,5,9,4,9,0,4,12,9,1,0,3,15
2396,1688,420904.5,3807484.5,2022,1,2,2,0,0,6,8,2,5,4,5,10,3,4,12,12,6,17
2395,1713,420979.5,3807487.5,2022,0,0,1,4,4,2,5,9,4,9,3,4,12,9,1,0,3,15
2383,1758,421114.5,3807523.5,2022,0,0,1,4,4,2,5,9,4,9,3,4,12,9,1,0,3,15
2394,1771,421153.5,3807490.5,2022,0,0,1,4,4,2,5,9,4,9,3,4,12,9,1,0,3,15
2399,1804,421252.5,3807475.5,2022,0,0,1,4,4,2,5,9,4,9,0,4,12,9,1,0,3,15
2377,1859,421417.5,3807541.5,2022,0,0,1,4,4,2,5,9,4,10,0,9,12,3,9,10,4,1
2370,1877,421471.5,3807562.5,2022,0,0,1,4,4,2,5,9,4,9,3,4,14,9,1,0,3,15
2371,1913,421579.5,3807559.5,2022,0,0,1,4,4,2,5,9,4,9,0,4,12,9,1,0,3,15
2387,1924,421612.5,3807511.5,2022,0,0,1,4,4,2,5,9,4,9,0,4,12,9,1,0,3,15
2394,1979,421777.5,3807490.5,2022,1,0,1,4,4,2,8,3,5,9,3,4,14,9,1,7,3,7
2383,1987,421801.5,3807523.5,2022,0,0,1,4,4,2,5,9,4,9,0,4,12,9,1,0,3,15
2373,2031,421933.5,3807553.5,2022,1,0,1,4,4,2,8,8,5,9,3,4,14,9,1,7,18,7
2392,2040,421960.5,3807496.5,2022,1,0,1,4,4,2,5,9,4,9,3,4,14,9,1,7,3,7
2375,2072,422056.5,3807547.5,2022,1,2,1,4,4,6,8,3,5,4,5,10,3,14,15,14,16,13
2388,2105,422155.5,3807508.5,2022,1,0,1,4,4,2,8,3,5,9,3,4,12,9,1,0,3,15
2397,2154,422302.5,3807481.5,2022,1,0,1,4,4,2,5,8,3,9,3,4,14,9,4,7,18,7
2385,2187,422401.5,3807517.5,2022,0,0,1,4,4,2,5,9,4,9,3,4,14,9,1,7,3,7
2392,2198,422434.5,3807496.5,2022,1,0,1,4,4,2,8,8,3,11,3,2,14,0,4,7,18,7
2370,2234,422542.5,3807562.5,2022,1,0,1,4,4,2,8,8,3,11,3,2,14,0,4,7,18,7
2399,2261,422623.5,3807475.5,2022,1,2,2,0,0,6,8,3,5,4,5,2,3,14,15,14,18,7
2398,2283,422689.5,3807478.5,2022,1,0,1,4,4,2,8,8,3,9,3,4,14,0,4,7,18,7
2393,2326,422818.5,3807493.5,2022,1,0,1,4,4,2,8,8,3,11,3,2,14,0,4,7,18,7
2387,2368,422944.5,3807511.5,2022,2,1,3,5,6,5,6,6,3,11,1,2,1,0,2,1,7,12
2371,2404,423052.5,3807559.5,2022,0,3,4,3,3,4,3,7,10,2,11,7,10,12,7,4,15,14
2398,2817,424291.5,3807478.5,2022,1,0,1,4,4,2,8,3,5,9,5,10,12,14,15,0,16,15
2395,2826,424318.5,3807487.5,2022,1,0,1,4,4,2,8,3,5,9,5,10,12,14,15,0,16,15
2388,2875,424465.5,3807508.5,2022,2,1,3,1,6,5,6,8,3,11,1,2,14,0,4,7,18,7
2381,2882,424486.5,3807529.5,2022,2,1,3,5,6,5,6,8,3,11,1,2,14,0,4,7,18,7
2375,2915,424585.5,3807547.5,2022,1,0,1,4,4,6,8,8,3,11,3,2,14,0,4,7,18,7
2380,2945,424675.5,3807532.5,2022,1,2,2,0,0,6,8,2,3,11,1,2,1,6,2,1,7,18
2399,2988,424804.5,3807475.5,2022,1,2,3,5,6,5,6,8,3,11,1,2,1,6,2,1,7,18
2381,3330,425830.5,3807529.5,2022,1,2,2,0,0,1,4,2,7,6,8,6,8,6,2,3,7,18
2412,16,415888.5,3807436.5,2022,0,3,4,3,3,4,2,0,1,5,9,9,7,1,0,8,2,2
2422,33,415939.5,3807406.5,2022,0,0,1,4,4,2,5,9,4,9,0,4,12,9,1,0,3,15
2427,74,416062.5,3807391.5,2022,0,0,1,4,4,2,5,9,4,10,0,9,12,3,9,10,4,1
2404,112,416176.5,3807460.5,2022,1,0,1,4,2,7,0,5,2,8,10,1,0,15,14,16,12,9
2419,132,416236.5,3807415.5,2022,1,0,1,4,2,7,0,5,2,8,10,1,0,15,14,16,12,9
2422,150,416290.5,3807406.5,2022,1,0,1,4,2,7,0,5,2,8,3,1,0,15,14,16,12,9
2406,289,416707.5,3807454.5,2022,1,0,1,4,2,7,0,5,2,8,10,1,0,15,14,16,12,9
2404,345,416875.5,3807460.5,2022,1,0,1,4,2,7,0,5,2,8,10,1,0,15,14,16,12,9
2420,464,417232.5,3807412.5,2022,0,3,4,3,3,4,3,7,10,2,6,5,2,5,11,2,10,5
2404,501,417343.5,3807460.5,2022,1,0,1,4,2,7,0,5,2,8,10,1,0,15,14,16,12,9
2420,523,417409.5,3807412.5,2022,0,3,4,3,3,4,3,7,10,10,11,9,7,12,7,11,14,16
2428,562,417526.5,3807388.5,2022,1,0,1,4,2,7,0,5,2,8,10,1,0,15,14,16,12,9
2417,584,417592.5,3807421.5,2022,1,0,1,4,2,7,0,5,2,8,10,1,0,15,14,16,12,9
2404,613,417679.5,3807460.5,2022,1,0,1,4,2,7,0,5,2,8,10,1,0,15,14,16,12,9
2407,642,417766.5,3807451.5,2022,0,3,4,3,3,4,3,7,10,2,6,5,2,5,11,2,10,5
2412,929,418627.5,3807436.5,2022,0,3,4,1,5,5,2,0,1,5,9,7,10,1,0,8,2,2
2414,931,418633.5,3807430.5,2022,0,0,4,1,5,2,2,0,1,5,9,7,10,1,0,8,2,2
2402,1126,419218.5,3807466.5,2022,0,3,4,3,3,4,3,7,10,2,6,5,2,5,11,2,10,5
2409,1189,419407.5,3807445.5,2022,0,0,4,3,3,4,2,0,9,10,12,9,7,3,5,11,13,19
2425,1206,419458.5,3807397.5,2022,0,3,4,3,3,4,3,7,10,10,11,5,2,12,7,4,15,14
2428,1243,419569.5,3807388.5,2022,0,3,4,3,3,4,3,7,10,2,6,5,2,5,11,2,10,5
2407,1273,419659.5,3807451.5,2022,1,2,2,0,0,1,4,2,9,1,12,0,4,7,16,15,11,0
2422,1300,419740.5,3807406.5,2022,1,2,1,4,2,7,0,5,2,8,10,1,0,15,14,16,12,9
2408,1343,419869.5,3807448.5,2022,0,0,1,4,4,2,5,9,4,9,0,4,12,9,1,0,3,15
2400,1353,419899.5,3807472.5,2022,0,0,1,4,4,2,5,9,4,10,0,9,7,3,9,10,4,1
2407,1401,420043.5,3807451.5,2022,1,2,2,0,0,6,8,3,5,4,5,0,4,10,16,5,1,11
2401,1416,420088.5,3807469.5,2022,1,0,1,4,4,2,8,3,5,9,9,13,11,4,12,12,6,17
2404,1507,420361.5,3807460.5,2022,2,1,3,1,5,5,6,0,3,11,11,7,10,12,7,6,14,3
2427,1558,420514.5,3807391.5,2022,1,0,1,4,4,2,5,9,4,9,3,4,12,9,1,0,3,15
2407,1587,420601.5,3807451.5,2022,0,0,1,4,4,2,5,9,4,9,0,4,12,9,1,0,3,15
2404,1594,420622.5,3807460.5,2022,1,0,1,4,4,6,8,3,5,4,5,0,4,10,16,5,1,11
2415,1640,420760.5,3807427.5,2022,1,0,1,4,4,2,5,8,4,9,3,4,14,9,1,7,3,7
2419,1675,420865.5,3807415.5,2022,0,0,1,4,4,2,5,9,4,10,0,4,7,9,1,7,3,16
2429,1696,420928.5,3807385.5,2022,1,0,1,4,4,2,5,9,4,9,3,4,14,9,1,0,3,15
2409,1736,421048.5,3807445.5,2022,1,2,1,4,4,6,8,3,5,4,5,10,3,14,15,14,16,13
2426,1743,421069.5,3807394.5,2022,1,0,1,4,4,2,8,8,5,9,3,4,14,9,1,7,3,7
2429,1775,421165.5,3807385.5,2022,1,0,1,4,4,2,8,3,4,9,3,4,4,9,1,0,3,7
2428,1818,421294.5,3807388.5,2022,1,2,2,0,0,6,8,3,5,4,5,10,3,14,15,14,16,13
2423,1844,421372.5,3807403.5,2022,0,0,1,4,4,2,5,9,4,9,0,4,12,9,1,0,3,15
2426,1866,421438.5,3807394.5,2022,0,0,1,4,4,2,5,9,4,9,0,9,12,3,9,0,4,15
2410,1904,421552.5,3807442.5,2022,0,0,4,3,4,2,5,9,4,10,0,9,7,3,9,10,4,1
2409,1942,421666.5,3807445.5,2022,0,0,1,4,4,2,5,9,4,9,0,4,12,3,9,10,3,15
2424,1952,421696.5,3807400.5,2022,1,0,1,4,4,2,5,9,4,9,3,4,12,9,1,0,3,15
2405,1990,421810.5,3807457.5,2022,1,0,1,4,4,2,5,9,4,9,3,4,12,9,1,0,3,15
2425,2010,421870.5,3807397.5,2022,0,0,1,4,4,2,5,9,4,10,0,4,7,9,1,7,14,16
2415,2051,421993.5,3807427.5,2022,1,2,2,0,0,6,8,3,5,4,5,10,3,14,15,14,16,13
2424,2073,422059.5,3807400.5,2022,1,0,1,4,4,2,5,9,4,9,3,4,12,9,1,7,3,7
2417,2116,422188.5,3807421.5,2022,1,0,1,4,4,2,8,3,5,9,3,0,4,10,16,5,1,7
2420,2137,422251.5,3807412.5,2022,1,0,1,4,4,2,8,3,5,9,3,4,14,9,1,7,3,7
2402,2166,422338.5,3807466.5,2022,0,0,1,4,4,2,5,9,4,9,3,4,14,9,1,7,3,7
2421,2190,422410.5,3807409.5,2022,1,0,1,4,4,6,8,8,3,11,1,2,14,0,4,7,18,7
2417,2247,422581.5,3807421.5,2022,1,2,2,0,0,6,8,8,3,11,1,2,1,0,4,1,18,7
2400,2257,422611.5,3807472.5,2022,1,2,2,0,0,6,8,3,3,1,1,0,4,10,16,5,1,18
2406,2288,422704.5,3807454.5,2022,1,2,1,4,4,6,8,8,3,11,1,2,14,0,4,7,18,7
2407,2322,422806.5,3807451.5,2022,1,0,1,4,4,6,8,8,5,9,3,4,14,0,4,7,18,7
2423,2789,424207.5,3807403.5,2022,1,1,3,5,6,5,6,8,3,11,1,2,1,0,4,7,18,7
2418,2796,424228.5,3807418.5,2022,1,0,1,4,4,2,8,8,3,9,3,4,14,0,4,7,18,7
2412,2833,424339.5,3807436.5,2022,1,2,3,5,6,6,4,8,3,11,1,2,1,6,2,1,7,18
2403,2868,424444.5,3807463.5,2022,1,1,3,5,6,5,6,8,3,11,1,2,1,0,4,1,18,7
2400,2883,424489.5,3807472.5,2022,1,2,2,0,0,6,8,3,5,4,5,10,3,14,15,14,16,13
2401,2993,424819.5,3807469.5,2022,1,2,2,0,0,6,8,8,3,11,1,2,1,6,2,1,7,18
2425,3021,424903.5,3807397.5,2022,1,2,2,1,0,1,8,8,9,1,12,0,4,10,16,5,1,7
2440,12,415876.5,3807352.5,2022,0,0,1,4,4,2,5,9,4,10,0,9,7,3,9,11,14,16
2454,39,415957.5,3807310.5,2022,0,0,1,1,5,2,5,8,1,5,3,13,11,4,12,7,6,17
2456,66,416038.5,3807304.5,2022,0,3,4,3,3,4,3,7,10,10,6,9,7,3,9,10,4,1
2430,93,416119.5,3807382.5,2022,0,0,1,4,4,2,5,9,4,9,0,4,12,9,1,0,3,15
2443,318,416794.5,3807343.5,2022,1,0,1,4,2,7,0,5,2,8,10,1,0,15,14,16,12,9
2434,498,417334.5,3807370.5,2022,0,3,4,3,3,4,3,7,10,2,6,5,2,5,11,2,10,5
2453,519,417397.5,3807313.5,2022,0,3,4,3,3,4,3,7,10,2,6,5,2,5,11,2,10,5
2430,565,417535.5,3807382.5,2022,0,3,4,3,3,4,2,0,9,1,12,11,13,7,5,15,13,19
2452,586,417598.5,3807316.5,2022,0,3,4,3,3,4,3,7,10,2,6,5,2,5,11,2,10,5
2458,600,417640.5,3807298.5,2022,0,3,4,3,3,4,3,0,9,2,6,11,13,7,5,2,13,19
2451,1112,419176.5,3807319.5,2022,1,0,1,1,5,2,2,8,1,5,9,13,11,4,12,12,6,17
2452,1148,419284.5,3807316.5,2022,0,3,4,3,3,4,3,0,9,2,6,11,13,7,5,2,13,19
2430,1179,419377.5,3807382.5,2022,0,3,4,3,3,4,2,0,9,1,12,11,13,7,5,15,13,19
2445,1216,419488.5,3807337.5,2022,0,0,1,4,4,2,5,9,4,10,11,9,7,12,7,11,14,16
2433,1244,419572.5,3807373.5,2022,0,0,1,4,4,2,5,9,4,9,0,4,7,9,1,0,3,15
2432,1289,419707.5,3807376.5,2022,0,0,1,4,4,2,5,9,4,9,3,4,12,9,1,0,3,15
2432,1290,419710.5,3807376.5,2022,0,0,1,4,4,2,5,9,4,9,3,4,14,9,1,7,3,7
2447,1436,420148.5,3807331.5,2022,0,0,1,4,4,2,5,9,4,9,0,4,12,9,1,0,3,15
2459,1513,420379.5,3807295.5,2022,0,0,4,4,4,2,5,9,4,10,0,9,7,3,9,10,4,1
2450,1542,420466.5,3807322.5,2022,0,0,1,4,4,2,5,9,4,9,0,4,12,9,1,0,3,15
2454,1583,420589.5,3807310.5,2022,1,0,1,4,4,2,8,8,5,9,3,4,14,9,1,7,3,7
2434,1617,420691.5,3807370.5,2022,0,0,1,4,4,2,5,9,4,10,0,9,7,3,7,10,14,16
2435,1621,420703.5,3807367.5,2022,0,0,1,4,4,2,5,8,4,9,3,4,14,9,1,7,3,7
2445,1660,420820.5,3807337.5,2022,0,0,1,4,4,2,5,9,4,9,3,4,14,9,1,0,3,15
2450,1682,420886.5,3807322.5,2022,1,2,1,4,0,6,8,3,5,4,5,10,3,14,15,14,16,13
2430,1719,420997.5,3807382.5,2022,1,2,1,4,0,6,8,3,5,4,5,10,3,14,15,14,16,13
2437,1755,421105.5,3807361.5,2022,1,2,1,4,4,6,8,3,5,4,5,10,3,14,15,14,16,13
2443,1784,421192.5,3807343.5,2022,1,0,1,4,4,2,5,3,4,9,3,4,12,9,1,0,3,15
2453,1809,421267.5,3807313.5,2022,0,0,1,4,4,2,5,9,4,9,0,4,12,9,1,0,3,15
2432,1844,421372.5,3807376.5,2022,1,0,1,4,4,2,5,9,4,9,3,4,12,9,1,0,3,15
2440,1879,421477.5,3807352.5,2022,1,0,1,4,4,2,5,9,4,9,0,4,12,9,1,0,3,15
2431,1912,421576.5,3807379.5,2022,0,0,4,3,4,2,5,9,4,10,0,9,7,3,9,10,4,1
2454,1942,421666.5,3807310.5,2022,0,0,1,4,4,2,5,9,4,9,0,4,12,9,1,0,3,15
2453,1960,421720.5,3807313.5,2022,1,0,1,4,2,7,8,8,5,9,3,4,14,9,1,7,3,7
2442,2008,421864.5,3807346.5,2022,1,0,1,4,4,2,8,3,4,9,3,4,12,9,1,0,3,15
2459,2038,421954.5,3807295.5,2022,1,0,1,4,4,2,8,3,4,1,12,0,4,10,16,5,1,11
2434,2045,421975.5,3807370.5,2022,0,0,4,4,4,2,5,9,4,10,0,9,7,3,9,10,4,1
2443,2084,422092.5,3807343.5,2022,0,0,1,4,4,2,5,9,9,1,0,9,7,10,9,5,1,16
2433,2102,422146.5,3807373.5,2022,1,0,1,4,4,2,5,9,4,9,0,4,12,9,1,0,3,15
2459,2159,422317.5,3807295.5,2022,1,0,1,4,4,2,8,3,4,9,3,4,14,9,1,7,3,7
2458,2184,422392.5,3807298.5,2022,1,2,2,0,0,6,8,3,5,4,5,0,4,10,16,5,1,11
2452,2195,422425.5,3807316.5,2022,1,2,2,0,0,6,8,3,3,11,1,0,4,10,16,7,18,7
2440,2240,422560.5,3807352.5,2022,1,0,1,4,4,2,5,8,4,9,3,4,14,0,4,7,18,7
2440,2260,422620.5,3807352.5,2022,1,0,1,4,4,2,5,8,3,11,3,4,14,0,4,7,18,7
2441,2293,422719.5,3807349.5,2022,1,0,1,4,4,6,8,8,3,11,3,2,14,0,4,7,18,7
2440,2315,422785.5,3807352.5,2022,1,0,1,4,4,2,5,8,3,11,3,4,14,0,4,7,18,7
2436,2342,422866.5,3807364.5,2022,1,0,1,4,4,2,5,8,3,9,3,4,14,0,4,7,18,7
2439,2673,423859.5,3807355.5,2022,1,0,1,4,4,6,8,3,5,9,3,4,14,9,1,7,3,7
2454,2721,424003.5,3807310.5,2022,0,0,1,4,4,2,5,9,4,9,3,4,14,9,1,7,3,7
2453,2739,424057.5,3807313.5,2022,0,0,1,4,4,2,5,8,3,11,3,4,14,0,4,7,18,7
2456,2770,424150.5,3807304.5,2022,2,0,1,4,4,5,6,8,3,11,3,2,14,0,4,7,18,7
2446,2792,424216.5,3807334.5,2022,1,1,3,5,6,5,6,8,3,11,1,2,1,0,4,1,18,18
2431,3026,424918.5,3807379.5,2022,1,2,2,0,0,6,4,2,7,6,1,6,8,6,2,3,7,18
2452,3051,424993.5,3807316.5,2022,2,1,3,5,6,5,6,6,6,0,2,12,6,11,3,13,17,6
2458,3060,425020.5,3807298.5,2022,1,0,3,1,5,1,2,0,9,1,12,11,13,7,5,15,13,19
2458,3314,425782.5,3807298.5,2022,2,1,3,5,6,5,6,6,6,0,2,12,6,11,3,13,0,6
2442,3333,425839.5,3807346.5,2022,2,1,3,5,6,3,6,6,3,11,1,2,1,6,2,1,7,18
2482,16,415888.5,3807226.5,2022,1,2,2,0,0,1,8,3,9,1,12,0,4,10,16,5,1,11
2489,32,415936.5,3807205.5,2022,1,2,2,0,0,6,4,2,7,4,8,6,8,8,10,3,8,8
2462,65,416035.5,3807286.5,2022,0,0,4,3,3,4,3,9,10,10,0,9,7,3,9,10,4,1
2470,96,416128.5,3807262.5,2022,0,0,1,1,5,1,2,0,1,5,9,7,10,12,7,11,14,16
2478,148,416284.5,3807238.5,2022,1,0,1,4,4,2,5,8,4,9,3,4,14,9,1,0,3,15
2485,164,416332.5,3807217.5,2022,1,0,1,4,2,7,0,5,2,8,10,1,0,15,14,16,12,9
2489,328,416824.5,3807205.5,2022,0,0,4,3,3,2,5,9,4,10,11,9,7,12,7,11,14,16
2489,332,416836.5,3807205.5,2022,1,0,1,4,2,7,0,5,2,8,10,1,0,15,14,16,12,9
2460,508,417364.5,3807292.5,2022,0,3,4,3,3,4,5,9,4,10,11,9,7,12,7,11,14,16
2463,516,417388.5,3807283.5,2022,0,3,4,3,3,4,3,7,10,2,6,5,2,5,11,2,10,5
2486,568,417544.5,3807214.5,2022,0,3,4,3,3,4,3,7,10,2,6,5,2,3,9,10,4,1
2470,586,417598.5,3807262.5,2022,0,3,4,3,3,4,3,7,10,2,6,5,2,5,11,2,10,5
2463,600,417640.5,3807283.5,2022,0,0,4,3,3,1,2,0,9,1,12,11,13,7,5,15,13,19
2488,677,417871.5,3807208.5,2022,1,0,1,4,4,2,5,8,1,5,3,13,11,4,12,7,6,17
2476,713,417979.5,3807244.5,2022,1,2,2,1,5,1,2,8,1,5,9,13,11,4,12,12,6,17
2475,1030,418930.5,3807247.5,2022,0,3,4,3,3,4,3,7,10,2,6,5,2,5,11,2,10,5
2484,1105,419155.5,3807220.5,2022,0,3,4,3,3,4,3,7,10,2,6,5,2,5,11,2,10,5
2464,1138,419254.5,3807280.5,2022,0,0,1,4,4,2,5,9,4,9,3,4,14,9,7,11,14,16
2464,1148,419284.5,3807280.5,2022,0,3,4,3,3,4,3,7,10,2,6,5,2,5,11,2,10,5
2460,1183,419389.5,3807292.5,2022,0,3,4,3,3,4,3,7,10,10,6,9,7,3,9,10,4,1
2460,1200,419440.5,3807292.5,2022,1,0,1,4,4,2,5,8,4,9,3,4,14,9,1,7,3,7
2479,1277,419671.5,3807235.5,2022,0,3,4,1,5,4,2,0,1,10,11,7,10,12,7,11,14,16
2474,1294,419722.5,3807250.5,2022,1,2,2,0,0,1,4,2,9,1,12,0,4,10,16,5,1,11
2481,1373,419959.5,3807229.5,2022,0,0,1,4,4,2,5,9,4,10,0,9,12,3,9,10,4,1
2464,1385,419995.5,3807280.5,2022,1,0,1,4,4,2,8,3,5,9,3,4,12,9,1,0,3,15
2484,1477,420271.5,3807220.5,2022,0,0,4,3,3,4,3,9,10,10,0,9,7,3,9,10,4,1
2468,1521,420403.5,3807268.5,2022,0,0,4,3,4,2,5,9,4,10,0,9,7,3,7,11,14,16
2482,1555,420505.5,3807226.5,2022,0,0,1,4,4,2,5,9,4,9,3,4,14,9,1,7,3,7
2468,1589,420607.5,3807268.5,2022,0,0,1,4,4,2,5,9,4,9,3,4,12,9,1,0,3,15
2487,1604,420652.5,3807211.5,2022,0,0,1,4,4,2,5,9,4,10,0,9,7,3,9,10,4,1
2474,1630,420730.5,3807250.5,2022,0,0,1,4,4,2,5,9,4,9,0,4,12,9,1,0,3,15
2487,1660,420820.5,3807211.5,2022,0,0,4,3,3,2,5,9,4,10,11,9,7,12,7,10,14,16
2461,1696,420928.5,3807289.5,2022,0,0,1,4,4,2,5,9,4,9,0,4,12,9,1,0,3,15
2467,1719,420997.5,3807271.5,2022,0,0,1,4,4,2,5,9,4,9,0,4,12,9,9,0,3,15
2461,1769,421147.5,3807289.5,2022,1,0,1,4,4,2,5,9,4,9,0,0,12,9,1,0,3,15
2462,1784,421192.5,3807286.5,2022,1,0,1,4,4,2,8,3,5,9,5,0,4,10,16,5,1,11
2479,1810,421270.5,3807235.5,2022,1,2,1,4,0,6,8,8,5,4,5,10,3,14,15,14,18,7
2483,1841,421363.5,3807223.5,2022,1,2,1,4,4,6,8,3,5,4,5,10,3,14,15,14,16,13
2476,1886,421498.5,3807244.5,2022,1,0,1,4,4,2,5,9,4,9,0,4,12,9,1,0,3,15
2475,1898,421534.5,3807247.5,2022,0,0,1,4,4,2,5,9,4,9,0,4,12,9,1,0,3,15
2482,1941,421663.5,3807226.5,2022,1,0,1,4,4,2,8,3,4,9,3,4,12,9,1,0,3,15
2469,1961,421723.5,3807265.5,2022,1,0,1,4,4,2,8,3,5,1,12,0,4,10,16,5,1,11
2481,1998,421834.5,3807229.5,2022,1,0,1,4,4,6,8,3,5,4,5,10,3,14,15,14,16,13
2462,2036,421948.5,3807286.5,2022,1,2,2,0,0,6,8,3,5,4,5,0,4,10,16,5,1,11
2477,2067,422041.5,3807241.5,2022,1,2,2,0,0,6,8,3,5,1,12,0,4,10,16,5,1,11
2468,2095,422125.5,3807268.5,2022,1,0,1,4,4,2,5,8,3,11,3,4,14,0,4,7,18,7
2464,2110,422170.5,3807280.5,2022,0,0,1,4,4,2,5,9,4,9,0,4,12,9,1,0,3,15
2482,2145,422275.5,3807226.5,2022,1,0,1,4,4,2,5,8,4,9,3,4,14,9,1,7,3,7
2478,2189,422407.5,3807238.5,2022,1,0,1,4,4,2,8,8,9,1,12,0,4,10,16,7,1,7
2485,2205,422455.5,3807217.5,2022,2,1,3,1,5,5,6,8,3,11,1,2,14,0,4,7,18,7
2460,2230,422530.5,3807292.5,2022,1,0,1,4,4,2,5,8,4,9,3,4,14,9,1,7,18,7
2482,2264,422632.5,3807226.5,2022,1,0,1,4,4,5,8,8,3,11,1,2,14,0,4,7,18,7
2463,2285,422695.5,3807283.5,2022,1,0,1,4,4,6,8,8,3,11,3,2,14,0,4,7,18,7
2464,2330,422830.5,3807280.5,2022,1,0,1,4,4,2,5,8,4,9,3,4,14,9,1,7,3,7
2481,2343,422869.5,3807229.5,2022,0,0,4,1,4,2,2,0,9,1,12,0,4,10,5,5,13,19
2463,2685,423895.5,3807283.5,2022,1,2,2,1,5,1,2,0,9,1,12,0,4,10,16,5,1,11
2463,2729,424027.5,3807283.5,2022,0,0,1,4,4,2,5,9,4,10,11,4,14,12,7,7,14,7
2460,2737,424051.5,3807292.5,2022,1,0,1,4,4,2,5,8,3,11,3,4,14,0,4,7,18,7
2477,2787,424201.5,3807241.5,2022,1,1,3,5,6,5,6,8,3,11,1,2,1,0,4,7,18,7
2463,2795,424225.5,3807283.5,2022,1,0,1,4,4,6,8,3,5,4,5,10,3,14,15,14,16,13
2482,2864,424432.5,3807226.5,2022,1,2,1,4,0,6,8,8,3,11,1,2,1,0,4,7,18,7
2461,3053,424999.5,3807289.5,2022,1,2,2,0,0,1,4,2,9,1,12,0,4,10,16,5,1,18
2464,3063,425029.5,3807280.5,2022,1,2,2,0,0,1,4,0,3,11,1,2,1,6,2,15,7,18
2460,3317,425791.5,3807292.5,2022,2,1,3,5,6,5,6,6,6,0,2,12,6,11,3,13,0,6
2497,21,415903.5,3807181.5,2022,1,0,1,4,4,2,8,3,5,9,3,0,4,10,16,5,1,11
2501,57,416011.5,3807169.5,2022,0,0,4,1,5,2,2,0,1,5,11,7,10,1,0,8,14,2
2515,63,416029.5,3807127.5,2022,1,2,2,0,0,6,8,3,5,4,5,10,3,14,15,14,16,13
2492,94,416122.5,3807196.5,2022,0,3,4,3,3,4,3,7,10,2,11,7,10,12,11,4,15,14
2492,138,416254.5,3807196.5,2022,0,0,1,4,4,2,5,9,4,9,3,4,14,9,1,0,3,15
2496,161,416323.5,3807184.5,2022,1,0,1,4,2,7,0,5,2,8,10,1,0,15,14,16,12,9
2505,198,416434.5,3807157.5,2022,1,0,1,5,2,7,0,5,2,8,10,1,0,15,14,16,12,9
2497,317,416791.5,3807181.5,2022,0,0,1,4,4,2,5,9,4,9,3,4,12,9,1,0,3,15
2516,333,416839.5,3807124.5,2022,1,2,2,0,0,6,4,2,7,6,8,6,8,8,10,3,8,8
2512,477,417271.5,3807136.5,2022,0,3,4,3,3,4,3,7,10,2,6,9,7,3,9,10,4,1
2513,484,417292.5,3807133.5,2022,0,0,4,3,5,4,5,9,4,10,11,7,7,12,7,11,14,16
2501,513,417379.5,3807169.5,2022,0,3,4,3,3,4,3,7,10,2,6,5,2,5,11,2,10,5
2517,675,417865.5,3807121.5,2022,0,0,1,1,5,2,2,8,1,5,9,13,11,1,0,8,17,3
2508,695,417925.5,3807148.5,2022,1,0,1,1,5,2,2,8,1,5,9,13,11,4,12,12,6,17
2492,1123,419209.5,3807196.5,2022,0,0,4,3,4,2,5,9,4,10,0,9,7,3,9,11,4,16
2497,1177,419371.5,3807181.5,2022,1,2,1,4,4,6,8,3,5,1,12,0,4,10,16,5,1,11
2509,1270,419650.5,3807145.5,2022,0,0,4,1,5,2,2,0,9,1,12,0,4,10,5,11,13,19
2498,1308,419764.5,3807178.5,2022,1,0,1,4,4,2,5,9,4,9,3,4,12,9,1,0,3,15
2519,1329,419827.5,3807115.5,2022,0,3,4,1,5,4,2,0,1,5,11,7,10,12,7,11,14,14
2493,1355,419905.5,3807193.5,2022,0,0,1,4,4,2,5,9,4,1,12,0,4,10,16,5,1,11
2519,1400,420040.5,3807115.5,2022,0,0,4,3,4,2,5,9,4,10,0,9,7,3,9,10,4,1
2508,1431,420133.5,3807148.5,2022,0,0,4,3,3,2,5,9,4,10,0,9,7,3,9,10,4,1
2502,1443,420169.5,3807166.5,2022,0,0,1,4,4,2,5,9,4,9,0,4,12,9,1,0,3,15
2513,1490,420310.5,3807133.5,2022,0,0,4,3,3,2,5,9,4,10,0,9,7,3,9,10,4,1
2507,1525,420415.5,3807151.5,2022,1,0,1,4,4,2,8,3,9,1,12,0,4,10,16,5,1,11
2515,1552,420496.5,3807127.5,2022,0,0,4,3,4,2,5,9,4,10,0,9,7,3,9,10,4,1
2498,1580,420580.5,3807178.5,2022,0,0,1,4,4,2,5,9,4,9,0,4,12,9,1,0,3,15
2505,1610,420670.5,3807157.5,2022,0,0,4,3,4,2,5,9,4,10,0,9,7,3,9,10,14,16
2512,1641,420763.5,3807136.5,2022,1,0,1,4,4,2,5,8,4,9,3,4,14,9,1,7,3,7
2516,1656,420808.5,3807124.5,2022,1,0,1,4,4,2,5,8,4,9,3,4,14,9,1,7,18,7
2498,1699,420937.5,3807178.5,2022,1,0,1,4,4,2,5,9,4,9,3,4,12,9,1,0,3,15
2494,1718,420994.5,3807190.5,2022,1,0,1,4,4,2,5,3,4,9,0,4,12,9,1,0,3,15
2514,1755,421105.5,3807130.5,2022,0,0,4,3,4,2,5,9,4,10,0,9,12,3,9,10,4,1
2502,1770,421150.5,3807166.5,2022,0,0,1,4,4,2,5,9,4,10,0,9,7,3,9,10,4,1
2496,1817,421291.5,3807184.5,2022,1,2,2,0,0,6,8,3,5,4,5,10,3,14,15,14,16,13
2502,1838,421354.5,3807166.5,2022,1,2,2,0,0,6,8,3,5,4,5,10,3,14,15,14,16,13
2493,1872,421456.5,3807193.5,2022,1,2,2,0,0,6,8,3,5,4,5,10,3,14,15,14,16,13
2492,1894,421522.5,3807196.5,2022,1,2,1,0,0,6,8,3,5,4,5,10,3,14,15,14,16,13
2514,1948,421684.5,3807130.5,2022,1,2,2,0,0,6,8,3,5,4,5,0,4,14,16,14,1,11
2507,1973,421759.5,3807151.5,2022,0,0,1,4,4,2,5,9,4,9,0,4,12,3,9,0,3,15
2501,2002,421846.5,3807169.5,2022,1,2,2,0,0,6,8,3,5,4,5,10,3,14,15,14,16,13
2500,2012,421876.5,3807172.5,2022,1,2,2,0,0,6,8,3,5,4,5,10,3,14,15,14,16,13
2511,2067,422041.5,3807139.5,2022,1,0,1,4,4,2,8,3,5,9,3,4,12,9,1,0,3,15
2513,2093,422119.5,3807133.5,2022,0,0,1,4,4,2,5,8,4,9,3,4,14,9,7,7,14,7
2518,2128,422224.5,3807118.5,2022,1,2,1,4,4,6,8,3,5,4,5,10,3,14,15,14,16,13
2495,2152,422296.5,3807187.5,2022,1,2,1,0,0,6,8,8,3,11,1,2,3,0,4,7,18,7
2509,2174,422362.5,3807145.5,2022,1,0,1,4,4,6,8,8,5,4,3,10,14,0,4,7,18,7
2493,2210,422470.5,3807193.5,2022,2,0,1,4,4,5,6,8,3,11,3,4,14,0,4,7,18,7
2505,2224,422512.5,3807157.5,2022,1,2,2,1,0,1,8,8,3,11,1,2,1,0,4,7,18,7
2493,2260,422620.5,3807193.5,2022,1,0,1,4,4,5,6,8,3,11,1,2,14,0,4,7,18,7
2506,2295,422725.5,3807154.5,2022,1,0,1,4,4,2,5,8,3,11,3,4,14,0,4,7,18,7
2495,2322,422806.5,3807187.5,2022,0,0,1,4,4,2,5,9,4,9,3,4,14,9,1,7,3,7
2517,2663,423829.5,3807121.5,2022,0,0,4,3,3,2,5,9,4,10,11,7,7,3,7,10,4,1
2505,2670,423850.5,3807157.5,2022,1,2,2,0,0,6,8,2,3,11,1,2,4,6,2,1,7,18
2499,2785,424195.5,3807175.5,2022,1,0,1,4,4,5,6,8,3,11,3,2,14,0,4,7,18,7
2519,3116,425188.5,3807115.5,2022,2,1,3,5,6,5,6,6,3,11,1,2,1,0,4,1,7,12
2497,3127,425221.5,3807181.5,2022,1,2,2,0,0,1,4,2,7,6,1,6,8,6,2,1,7,18
2514,3165,425335.5,3807130.5,2022,1,2,2,5,6,3,4,2,3,11,1,2,1,6,2,1,7,18
2542,13,415879.5,3807046.5,2022,0,3,4,3,3,4,3,7,10,2,6,5,2,5,11,2,10,14
2528,57,416011.5,3807088.5,2022,0,0,1,4,4,2,5,9,4,9,3,4,14,9,1,0,3,15
2546,69,416047.5,3807034.5,2022,1,0,1,4,2,7,0,5,2,8,10,1,0,15,14,16,12,9
2521,293,416719.5,3807109.5,2022,0,0,1,4,4,2,5,8,4,9,3,4,14,12,7,7,14,16
2536,307,416761.5,3807064.5,2022,0,0,1,4,2,7,0,8,4,9,3,4,14,9,1,7,3,7
2521,333,416839.5,3807109.5,2022,1,0,1,4,4,2,5,8,4,9,3,4,14,9,1,7,14,7
2531,407,417061.5,3807079.5,2022,0,3,4,3,3,4,3,7,10,2,6,5,2,5,11,2,10,5
2525,446,417178.5,3807097.5,2022,0,3,4,3,3,4,3,7,10,2,6,5,2,5,11,2,10,5
2526,464,417232.5,3807094.5,2022,0,3,4,3,3,4,3,7,10,2,6,5,2,3,11,10,4,1
2520,482,417286.5,3807112.5,2022,0,0,1,1,5,2,5,9,4,10,11,7,10,12,7,11,14,16
2536,658,417814.5,3807064.5,2022,0,0,4,1,5,2,2,0,1,5,9,7,10,1,0,8,2,2
2541,661,417823.5,3807049.5,2022,1,2,2,0,0,1,8,3,9,1,12,0,4,10,16,5,1,11
2536,709,417967.5,3807064.5,2022,1,0,1,4,4,2,2,8,1,5,3,13,11,4,12,12,6,17
2542,1248,419584.5,3807046.5,2022,1,2,2,0,0,1,4,3,9,1,12,0,4,10,16,5,1,11
2546,1278,419674.5,3807034.5,2022,0,0,1,1,5,2,5,9,1,5,9,7,10,1,0,8,2,2
2520,1327,419821.5,3807112.5,2022,0,3,4,3,3,4,3,7,10,10,11,7,10,12,7,11,14,1
2549,1379,419977.5,3807025.5,2022,0,0,1,4,4,2,5,9,4,9,0,4,12,9,1,0,3,15
2532,1397,420031.5,3807076.5,2022,0,0,1,4,4,2,5,9,4,9,3,4,12,9,1,0,3,15
2520,1417,420091.5,3807112.5,2022,0,0,4,3,3,4,5,9,4,10,0,9,7,3,9,10,4,1
2546,1463,420229.5,3807034.5,2022,0,0,4,4,4,2,5,9,4,10,0,9,7,3,9,10,4,1
2543,1474,420262.5,3807043.5,2022,0,0,4,1,5,2,2,0,4,10,11,7,7,12,7,11,14,16
2525,1525,420415.5,3807097.5,2022,0,0,4,1,5,2,5,9,4,10,11,7,7,12,7,11,14,16
2530,1556,420508.5,3807082.5,2022,1,0,1,4,4,6,8,3,5,9,3,4,12,9,1,0,3,15
2549,1571,420553.5,3807025.5,2022,0,0,1,4,4,2,5,9,4,10,0,4,14,9,1,11,14,16
2525,1600,420640.5,3807097.5,2022,0,0,4,3,4,2,5,9,4,10,0,9,7,3,9,10,4,1
2526,1646,420778.5,3807094.5,2022,1,0,1,4,4,2,5,8,4,9,3,4,14,9,1,7,18,7
2530,1662,420826.5,3807082.5,2022,0,0,1,1,5,5,2,8,3,11,11,7,14,12,7,7,14,7
2549,1708,420964.5,3807025.5,2022,1,0,1,4,4,6,8,3,5,4,5,10,3,14,15,14,16,13
2543,1734,421042.5,3807043.5,2022,1,0,1,4,4,2,5,9,4,9,0,4,12,9,1,0,3,15
2538,1740,421060.5,3807058.5,2022,0,0,1,4,4,2,5,3,4,9,0,0,12,10,1,0,3,15
2542,1781,421183.5,3807046.5,2022,0,0,1,4,4,2,5,9,4,9,0,4,12,9,1,0,3,15
2536,1821,421303.5,3807064.5,2022,1,2,2,0,0,6,8,3,5,4,5,10,3,14,15,14,16,13
2520,1854,421402.5,3807112.5,2022,1,2,2,0,0,6,8,3,5,4,5,10,3,14,15,14,16,13
2539,1876,421468.5,3807055.5,2022,1,2,2,0,0,6,8,3,5,4,5,10,3,14,15,14,16,13
2541,1893,421519.5,3807049.5,2022,1,2,1,4,4,6,8,3,5,4,5,10,3,14,15,14,16,13
2541,1939,421657.5,3807049.5,2022,1,2,2,0,0,6,8,3,5,4,5,10,3,14,15,14,16,13
2548,1964,421732.5,3807028.5,2022,1,2,2,0,0,6,8,3,5,4,5,10,3,14,15,14,16,13
2543,1983,421789.5,3807043.5,2022,1,2,2,0,0,6,8,2,5,4,5,10,3,14,15,14,16,13
2529,2022,421906.5,3807085.5,2022,1,2,2,0,0,6,8,3,5,4,5,10,3,14,15,14,16,13
2548,2054,422002.5,3807028.5,2022,0,0,1,4,4,2,5,9,4,10,0,9,7,3,9,10,4,1
2543,2072,422056.5,3807043.5,2022,1,2,1,4,4,6,8,3,9,1,12,0,4,10,16,5,1,11
2547,2121,422203.5,3807031.5,2022,1,0,1,4,4,6,8,8,5,4,3,4,14,0,4,7,18,7
2544,2152,422296.5,3807040.5,2022,1,0,1,4,4,5,6,8,3,11,3,2,14,0,4,7,18,7
2537,2173,422359.5,3807061.5,2022,1,2,2,0,0,6,8,3,5,4,5,10,3,14,15,14,16,13
2526,2202,422446.5,3807094.5,2022,1,0,1,4,4,6,8,8,3,11,1,2,14,0,4,7,18,7
2532,2228,422524.5,3807076.5,2022,1,0,1,4,4,2,8,8,3,11,3,4,14,0,4,7,18,7
2523,2255,422605.5,3807103.5,2022,1,0,1,4,4,6,8,8,5,4,3,10,14,14,4,7,18,7
2523,2280,422680.5,3807103.5,2022,1,0,1,4,4,2,5,8,3,11,3,2,14,0,4,7,18,7
2549,2320,422800.5,3807025.5,2022,0,0,1,4,4,2,5,9,4,10,11,7,14,12,7,7,14,7
2527,2666,423838.5,3807091.5,2022,0,0,1,4,4,2,5,9,4,9,0,9,12,3,9,10,4,15
2520,2670,423850.5,3807112.5,2022,0,0,1,4,4,2,5,9,4,9,0,4,12,9,1,0,3,15
2525,2762,424126.5,3807097.5,2022,0,0,1,4,4,2,5,9,4,9,0,4,12,9,1,7,3,7
2542,2829,424327.5,3807046.5,2022,1,2,3,5,6,3,7,1,3,11,1,2,1,6,2,1,7,18
2520,3118,425194.5,3807112.5,2022,2,1,0,2,1,5,6,6,6,0,2,12,6,11,3,13,0,6
2525,3132,425236.5,3807097.5,2022,2,1,3,5,6,5,6,6,6,0,1,11,1,6,2,15,7,18
2521,3172,425356.5,3807109.5,2022,1,2,3,5,6,3,4,2,3,11,1,2,1,6,2,1,7,18
2536,3180,425380.5,3807064.5,2022,2,1,3,5,6,5,6,8,3,11,1,2,1,6,2,1,7,18
2578,26,415918.5,3806938.5,2022,2,1,1,4,6,5,6,8,3,11,3,2,14,0,4,7,18,12
2573,43,415969.5,3806953.5,2022,0,3,4,3,3,4,3,7,10,2,6,5,2,5,11,10,10,1
2551,81,416083.5,3807019.5,2022,1,0,1,4,4,2,5,8,4,9,3,4,14,9,1,7,3,7
2573,111,416173.5,3806953.5,2022,2,1,0,2,1,5,6,6,6,0,11,7,6,12,7,4,15,14
2570,136,416248.5,3806962.5,2022,2,3,4,1,5,5,2,0,1,5,9,7,10,1,0,4,15,14
2576,164,416332.5,3806944.5,2022,1,2,1,1,5,5,2,8,3,11,1,13,11,4,12,12,6,17
2568,204,416452.5,3806968.5,2022,0,3,4,3,3,4,3,7,10,2,6,5,2,5,11,2,10,5
2567,225,416515.5,3806971.5,2022,0,3,0,2,1,4,3,7,10,2,6,5,2,5,11,2,10,5
2579,371,416953.5,3806935.5,2022,2,0,1,4,2,7,0,5,2,8,10,1,0,15,14,16,12,9
2564,447,417181.5,3806980.5,2022,0,3,4,3,3,4,3,9,10,10,11,9,7,12,7,11,14,16
2552,466,417238.5,3807016.5,2022,0,3,4,3,3,4,3,7,10,2,6,5,2,5,11,10,10,5
2556,676,417868.5,3807004.5,2022,0,0,1,1,5,2,5,8,1,5,9,13,11,1,0,8,6,17
2557,708,417964.5,3807001.5,2022,1,1,3,1,5,5,6,8,3,11,3,13,11,0,4,6,17,3
2570,1043,418969.5,3806962.5,2022,0,3,4,3,3,4,3,7,10,2,6,5,2,5,11,2,10,5
2565,1053,418999.5,3806977.5,2022,0,3,4,3,3,4,3,7,10,2,6,5,2,5,11,2,10,5
2563,1209,419467.5,3806983.5,2022,0,0,1,4,4,2,5,9,4,10,0,9,7,3,9,10,4,1
2551,1242,419566.5,3807019.5,2022,0,0,4,1,5,1,2,0,9,1,12,0,4,10,5,5,13,19
2552,1282,419686.5,3807016.5,2022,1,0,1,4,4,2,5,8,4,9,3,4,14,9,1,7,18,7
2559,1301,419743.5,3806995.5,2022,0,3,4,1,5,5,5,9,4,10,11,7,10,12,7,4,14,14
2559,1344,419872.5,3806995.5,2022,1,0,1,4,4,2,5,9,4,9,3,4,12,9,1,0,3,15
2555,1373,419959.5,3807007.5,2022,1,0,1,4,4,2,5,9,4,9,0,4,12,9,1,0,3,15
2551,1381,419983.5,3807019.5,2022,0,0,1,4,4,2,5,9,4,9,0,9,12,3,9,10,3,15
2579,1411,420073.5,3806935.5,2022,0,0,4,3,3,4,5,9,4,10,0,9,7,3,9,10,4,1
2551,1468,420244.5,3807019.5,2022,0,0,1,4,4,2,5,9,4,9,0,4,12,9,1,0,3,15
2551,1475,420265.5,3807019.5,2022,0,0,1,4,4,2,5,9,4,9,0,4,12,9,1,0,3,15
2558,1516,420388.5,3806998.5,2022,0,3,4,3,3,4,3,9,10,10,0,9,7,3,9,10,4,1
2553,1558,420514.5,3807013.5,2022,0,0,1,4,4,2,5,9,4,9,3,4,14,9,1,7,3,7
2565,1570,420550.5,3806977.5,2022,1,0,1,4,4,2,8,3,9,1,12,0,4,10,16,5,1,11
2554,1602,420646.5,3807010.5,2022,0,0,1,4,4,2,5,9,4,9,3,4,14,9,1,7,14,7
2564,1624,420712.5,3806980.5,2022,1,0,1,4,4,2,5,8,3,9,3,4,14,9,4,7,18,7
2561,1666,420838.5,3806989.5,2022,0,0,4,3,3,4,5,9,4,10,0,9,7,3,9,10,4,1
2573,1706,420958.5,3806953.5,2022,0,0,1,4,4,2,5,9,4,1,0,0,4,10,16,5,1,11
2571,1739,421057.5,3806959.5,2022,0,0,4,3,4,2,5,9,4,10,0,9,7,3,9,10,4,1
2563,1757,421111.5,3806983.5,2022,0,0,4,3,3,4,5,9,4,10,0,9,7,3,9,11,4,1
2576,1775,421165.5,3806944.5,2022,1,0,1,4,4,2,5,3,9,1,12,0,4,10,16,5,1,11
2561,1804,421252.5,3806989.5,2022,1,2,2,0,0,6,8,3,5,4,5,10,3,14,15,14,16,13
2562,1846,421378.5,3806986.5,2022,1,2,2,0,0,6,8,3,5,4,5,10,3,14,15,14,16,13
2562,1861,421423.5,3806986.5,2022,1,2,2,0,0,6,8,3,5,4,5,10,3,14,15,14,16,13
2551,1894,421522.5,3807019.5,2022,1,2,2,0,0,6,8,3,5,4,5,10,3,14,15,14,16,13
2577,1921,421603.5,3806941.5,2022,1,2,2,0,0,6,8,3,5,4,5,10,3,14,15,14,16,13
2554,1972,421756.5,3807010.5,2022,1,2,2,0,0,6,8,3,5,4,5,10,3,14,15,14,16,13
2567,1984,421792.5,3806971.5,2022,1,2,2,0,0,6,8,3,5,4,5,10,3,14,15,14,16,13
2553,2022,421906.5,3807013.5,2022,1,2,2,0,0,6,4,2,7,4,5,10,3,14,10,14,8,8
2562,2044,421972.5,3806986.5,2022,1,0,1,4,4,6,8,3,5,9,3,4,14,9,1,7,3,7
2552,2083,422089.5,3807016.5,2022,0,0,1,4,4,2,5,9,4,9,0,4,12,9,9,0,3,15
2574,2111,422173.5,3806950.5,2022,1,0,1,4,4,2,5,9,4,9,3,4,12,9,1,0,3,15
2568,2151,422293.5,3806968.5,2022,1,2,1,4,0,6,8,8,5,4,5,10,3,14,15,7,18,7
2568,2170,422350.5,3806968.5,2022,1,0,1,4,4,6,8,8,3,11,3,2,14,0,4,7,18,7
2573,2202,422446.5,3806953.5,2022,1,0,1,1,5,5,8,8,3,11,1,2,14,0,4,7,18,7
2553,2241,422563.5,3807013.5,2022,0,0,1,4,4,2,5,9,4,10,0,4,7,9,9,10,3,1
2569,2255,422605.5,3806965.5,2022,0,0,1,4,4,2,5,9,4,9,3,4,14,9,7,7,14,7
2569,2289,422707.5,3806965.5,2022,0,0,1,1,5,2,5,9,4,10,11,7,14,12,7,7,14,7
2555,2327,422821.5,3807007.5,2022,2,0,1,4,4,5,6,8,3,11,3,2,14,0,4,7,18,7
2575,3009,424867.5,3806947.5,2022,1,2,2,0,0,6,8,8,3,11,1,2,1,0,4,1,18,7
2563,3157,425311.5,3806983.5,2022,1,1,3,5,2,7,0,5,2,8,10,1,0,15,14,16,12,9
2582,28,415924.5,3806926.5,2022,0,3,4,3,3,4,3,7,10,10,11,7,10,12,7,4,15,14
2598,56,416008.5,3806878.5,2022,0,0,4,3,3,2,5,9,4,10,0,9,7,3,9,10,4,1
2605,81,416083.5,3806857.5,2022,0,0,1,4,4,2,5,9,4,10,0,4,12,3,9,10,4,1
2597,110,416170.5,3806881.5,2022,0,3,4,3,3,4,3,7,10,2,6,5,2,5,11,4,15,14
2599,136,416248.5,3806875.5,2022,1,2,2,0,0,1,4,2,7,6,1,6,8,6,2,1,7,18
2590,175,416365.5,3806902.5,2022,1,2,2,0,0,6,4,2,7,6,8,6,8,8,10,3,8,8
2605,226,416518.5,3806857.5,2022,2,1,3,1,5,1,2,0,9,1,12,11,13,7,5,15,13,19
2603,246,416578.5,3806863.5,2022,0,3,4,3,3,4,3,7,10,2,6,5,2,5,11,2,10,5
2605,284,416692.5,3806857.5,2022,0,3,0,2,1,0,1,4,0,2,6,5,2,5,11,2,10,5
2582,329,416827.5,3806926.5,2022,0,3,4,3,3,4,3,7,10,2,6,5,2,5,11,2,10,5
2580,370,416950.5,3806932.5,2022,0,0,1,1,5,5,5,9,4,10,11,7,14,12,7,11,14,16
2599,448,417184.5,3806875.5,2022,0,3,4,3,3,4,3,7,10,2,6,5,2,5,11,2,10,5
2595,458,417214.5,3806887.5,2022,0,3,4,3,3,4,3,7,10,2,6,5,2,5,11,2,10,5
2605,506,417358.5,3806857.5,2022,0,3,4,3,3,4,3,7,10,2,6,5,2,5,11,4,15,14
2602,515,417385.5,3806866.5,2022,0,0,1,1,5,5,5,8,4,10,11,7,10,12,7,11,14,16
2601,640,417760.5,3806869.5,2022,1,0,1,4,4,2,5,9,4,9,0,4,12,9,1,0,3,15
2607,665,417835.5,3806851.5,2022,0,0,1,1,5,2,2,0,1,5,9,13,11,1,0,8,2,2
2581,707,417961.5,3806929.5,2022,0,0,1,4,4,2,5,9,4,9,0,13,12,9,1,0,3,15
2608,1082,419086.5,3806848.5,2022,0,3,4,3,3,4,3,7,10,2,11,7,10,12,7,4,15,14
2603,1110,419170.5,3806863.5,2022,2,1,3,5,6,5,6,6,6,0,2,12,6,11,3,13,0,12
2591,1285,419695.5,3806899.5,2022,0,0,4,3,3,4,5,9,4,10,0,9,7,3,9,10,4,1
2587,1297,419731.5,3806911.5,2022,1,0,1,4,4,2,5,8,4,9,3,4,14,9,1,7,3,7
2583,1328,419824.5,3806923.5,2022,1,2,2,0,0,1,4,2,7,6,8,6,8,8,10,3,8,8
2602,1370,419950.5,3806866.5,2022,0,0,1,4,4,2,5,9,1,5,9,13,11,1,0,8,2,2
2585,1398,420034.5,3806917.5,2022,0,3,4,3,3,4,5,9,4,10,11,7,7,12,7,11,14,16
2580,1410,420070.5,3806932.5,2022,0,0,1,4,4,2,5,9,4,10,3,4,14,9,7,7,14,16
2599,1469,420247.5,3806875.5,2022,0,3,4,3,3,4,3,7,10,2,6,5,2,5,11,2,10,5
2604,1486,420298.5,3806860.5,2022,0,3,4,3,3,4,3,7,10,2,6,5,2,5,11,2,10,5
2590,1503,420349.5,3806902.5,2022,0,3,4,3,3,4,3,7,10,2,6,5,2,5,11,2,10,5
2596,1552,420496.5,3806884.5,2022,1,0,1,4,4,2,5,9,9,1,12,0,4,10,16,5,1,11
2600,1572,420556.5,3806872.5,2022,0,0,1,4,4,2,5,8,4,10,11,4,14,12,7,7,14,7
2592,1614,420682.5,3806896.5,2022,0,0,1,4,4,2,5,9,4,9,3,4,14,9,1,0,14,16
2605,1625,420715.5,3806857.5,2022,1,0,1,4,4,2,5,9,4,9,3,4,14,9,1,7,14,16
2582,1678,420874.5,3806926.5,2022,0,0,4,3,3,2,5,9,4,10,0,9,7,3,9,10,4,1
2589,1680,420880.5,3806905.5,2022,0,0,4,1,5,2,2,0,9,1,12,0,4,10,5,5,13,19
2609,1730,421030.5,3806845.5,2022,0,0,1,4,4,2,5,9,4,10,0,9,12,3,9,10,4,1
2589,1741,421063.5,3806905.5,2022,0,0,4,3,3,2,5,9,4,10,0,9,7,3,9,10,4,1
2609,1774,421162.5,3806845.5,2022,0,0,4,3,3,4,3,9,10,10,0,9,7,3,9,10,4,1
2594,1817,421291.5,3806890.5,2022,1,2,2,0,0,6,8,3,5,4,5,10,3,14,15,14,16,13
2603,1841,421363.5,3806863.5,2022,1,2,2,0,0,6,8,3,5,4,5,10,3,14,15,14,16,13
2606,1871,421453.5,3806854.5,2022,1,2,2,0,0,6,8,3,5,4,5,10,3,14,15,14,16,13
2582,1896,421528.5,3806926.5,2022,1,2,1,4,0,6,8,3,5,4,5,10,3,14,15,14,16,13
2601,1926,421618.5,3806869.5,2022,1,2,2,0,0,6,8,3,5,4,5,10,3,14,15,14,16,13
2602,1961,421723.5,3806866.5,2022,1,2,2,0,0,6,8,3,5,4,5,10,3,14,15,14,16,13
2599,1990,421810.5,3806875.5,2022,1,2,2,0,0,6,4,2,7,6,8,6,8,8,10,3,8,18
2589,2010,421870.5,3806905.5,2022,1,2,2,0,0,6,4,2,7,4,5,6,3,8,10,3,8,8
2592,2043,421969.5,3806896.5,2022,1,0,1,4,4,2,8,3,5,9,5,0,12,10,16,0,3,15
2606,2084,422092.5,3806854.5,2022,1,2,1,4,4,6,8,3,5,4,5,10,3,14,15,14,16,13
2608,2112,422176.5,3806848.5,2022,0,0,1,4,4,2,5,9,4,9,3,4,14,9,1,7,14,7
2600,2132,422236.5,3806872.5,2022,1,0,1,4,4,2,5,9,4,9,0,4,12,9,1,0,3,15
2584,2168,422344.5,3806920.5,2022,1,0,1,4,4,2,5,8,3,11,3,4,14,0,4,7,18,7
2581,2212,422476.5,3806929.5,2022,0,0,1,4,4,2,5,9,4,10,11,7,14,12,7,7,14,16
2587,2226,422518.5,3806911.5,2022,0,0,1,4,4,2,5,9,4,9,3,4,14,9,1,7,3,7
2589,2270,422650.5,3806905.5,2022,0,0,1,1,5,2,5,8,4,10,11,7,14,12,7,7,14,7
2580,2306,422758.5,3806932.5,2022,1,0,1,4,4,2,8,8,3,11,1,2,14,0,4,7,18,7
2604,2332,422836.5,3806860.5,2022,0,0,1,4,4,2,5,9,4,9,3,4,14,9,1,7,3,7
2609,2788,424204.5,3806845.5,2022,1,2,2,1,5,1,2,0,3,11,1,2,1,6,2,15,7,18
2602,2808,424264.5,3806866.5,2022,2,1,3,5,6,5,6,6,3,11,1,2,1,0,4,7,18,12
2594,3164,425332.5,3806890.5,2022,2,1,3,5,6,5,6,6,3,11,1,2,1,0,4,1,7,12
2601,3184,425392.5,3806869.5,2022,1,2,2,0,0,1,4,2,7,6,8,6,8,6,2,3,7,18
2613,26,415918.5,3806833.5,2022,0,0,1,4,4,2,5,9,4,10,11,4,14,12,7,11,14,16
2620,42,415966.5,3806812.5,2022,2,0,1,4,4,2,5,8,4,9,3,4,14,12,7,7,14,16
2620,86,416098.5,3806812.5,2022,1,0,1,4,2,7,0,5,2,8,10,1,0,15,14,16,12,9
2618,111,416173.5,3806818.5,2022,1,1,3,5,6,5,6,8,3,11,1,2,1,6,2,1,7,18
2639,130,416230.5,3806755.5,2022,0,0,1,4,4,2,5,8,4,9,3,4,14,9,1,7,3,7
2621,161,416323.5,3806809.5,2022,1,2,2,0,0,6,8,8,5,4,5,10,3,4,12,12,6,17
2616,234,416542.5,3806824.5,2022,0,3,0,2,1,0,3,7,10,2,6,5,2,5,11,4,15,14
2621,256,416608.5,3806809.5,2022,0,3,0,3,3,4,3,7,10,2,6,5,2,5,11,2,10,5
2614,282,416686.5,3806830.5,2022,2,1,3,1,5,5,6,8,1,5,11,7,11,4,7,6,17,3
2634,303,416749.5,3806770.5,2022,2,0,1,4,4,5,6,8,3,11,3,4,14,0,7,7,14,7
2626,339,416857.5,3806794.5,2022,0,3,0,2,1,4,1,7,10,2,11,5,2,12,7,4,15,14
2633,369,416947.5,3806773.5,2022,0,3,4,3,3,4,3,7,10,2,6,5,2,5,11,2,10,5
2633,390,417010.5,3806773.5,2022,0,3,4,3,3,4,3,0,10,2,6,11,13,7,5,2,13,19
2610,448,417184.5,3806842.5,2022,0,3,4,1,5,4,3,7,10,10,11,7,10,12,7,4,15,14
2610,463,417229.5,3806842.5,2022,0,3,4,3,3,4,3,7,10,2,6,5,2,5,11,2,10,5
2616,655,417805.5,3806824.5,2022,0,0,1,4,4,2,5,9,4,9,3,4,14,9,1,0,14,16
2613,662,417826.5,3806833.5,2022,1,2,2,0,0,6,4,2,7,6,8,6,8,8,10,3,8,8
2624,712,417976.5,3806800.5,2022,2,1,0,2,1,5,6,6,6,0,2,7,10,11,3,4,15,14
2614,1106,419158.5,3806830.5,2022,2,1,3,1,5,5,6,6,6,0,11,7,13,12,5,6,13,19
2638,1167,419341.5,3806758.5,2022,0,3,4,1,5,1,2,0,9,1,12,11,13,7,5,15,13,19
2634,1225,419515.5,3806770.5,2022,0,3,4,3,3,4,3,7,10,10,11,9,7,12,7,11,14,16
2613,1257,419611.5,3806833.5,2022,0,3,4,3,3,4,3,7,10,2,6,5,2,5,11,2,10,5
2639,1276,419668.5,3806755.5,2022,0,0,1,4,4,2,5,9,4,10,11,4,14,12,7,11,14,16
2623,1295,419725.5,3806803.5,2022,0,0,4,3,4,2,5,9,4,10,0,9,7,3,9,10,4,1
2637,1333,419839.5,3806761.5,2022,0,0,1,4,4,2,5,9,4,9,0,4,12,9,1,0,3,15
2619,1350,419890.5,3806815.5,2022,0,0,1,4,4,2,5,9,4,9,0,4,12,9,1,0,3,15
2626,1393,420019.5,3806794.5,2022,0,3,4,3,3,4,3,7,10,2,11,7,10,5,11,4,15,14
2639,1413,420079.5,3806755.5,2022,0,3,4,3,3,4,3,7,10,2,6,5,2,5,11,2,10,5
2626,1468,420244.5,3806794.5,2022,0,3,4,3,3,4,3,7,10,2,6,5,2,5,11,2,10,5
2613,1477,420271.5,3806833.5,2022,0,3,4,3,3,4,3,7,10,2,6,5,2,5,11,2,10,5
2630,1548,420484.5,3806782.5,2022,0,0,1,1,4,2,5,9,4,10,0,9,7,1,0,8,2,2
2628,1588,420604.5,3806788.5,2022,0,3,4,3,3,4,3,7,10,10,6,9,7,3,9,10,4,1
2634,1609,420667.5,3806770.5,2022,0,0,1,4,4,2,5,9,4,10,0,4,7,9,1,0,14,16
2621,1644,420772.5,3806809.5,2022,1,0,1,4,4,2,5,8,9,1,12,0,4,10,16,5,1,11
2636,1660,420820.5,3806764.5,2022,0,3,4,3,3,4,3,9,10,10,0,9,7,3,9,10,4,1
2623,1691,420913.5,3806803.5,2022,0,0,1,4,4,2,5,9,4,10,0,9,7,3,9,10,4,1
2613,1739,421057.5,3806833.5,2022,0,0,4,3,4,2,5,9,4,10,0,9,7,3,9,10,4,1
2612,1741,421063.5,3806836.5,2022,0,0,4,3,3,2,5,9,4,10,0,9,7,3,9,10,4,1
2628,1793,421219.5,3806788.5,2022,0,0,4,1,4,2,5,9,4,10,11,7,7,12,7,11,14,16
2630,1816,421288.5,3806782.5,2022,1,2,2,0,0,6,8,3,5,4,5,10,3,14,15,14,16,13
2639,1855,421405.5,3806755.5,2022,1,2,2,0,0,6,8,3,5,4,5,10,3,14,15,14,16,13
2629,1880,421480.5,3806785.5,2022,1,2,2,0,0,6,8,3,5,4,5,10,3,14,15,14,16,13
2627,1895,421525.5,3806791.5,2022,1,2,2,0,0,6,8,3,5,4,5,10,3,14,15,14,16,13
2639,1946,421678.5,3806755.5,2022,1,2,2,0,0,6,8,3,5,4,5,10,3,14,15,14,16,13
2617,1955,421705.5,3806821.5,2022,1,2,2,0,0,6,8,3,5,4,5,10,3,14,15,14,16,13
2627,1993,421819.5,3806791.5,2022,1,2,2,0,0,6,8,3,5,4,5,10,3,14,15,14,16,13
2615,2025,421915.5,3806827.5,2022,0,0,1,4,4,2,5,9,4,10,0,9,12,3,9,10,4,1
2634,2059,422017.5,3806770.5,2022,0,0,1,4,4,2,5,9,4,10,0,4,7,9,1,0,14,16
2629,2076,422068.5,3806785.5,2022,1,0,1,4,4,2,5,8,4,9,3,4,14,9,1,7,3,7
2615,2118,422194.5,3806827.5,2022,0,0,1,4,4,2,5,9,4,10,11,4,14,12,7,7,14,16
2621,2142,422266.5,3806809.5,2022,1,0,1,4,4,5,6,8,3,11,3,2,14,0,4,7,18,7
2624,2161,422323.5,3806800.5,2022,1,2,1,4,4,6,8,8,3,11,3,2,14,0,4,7,18,7
2638,2246,422578.5,3806758.5,2022,1,2,2,0,0,6,8,3,5,4,5,10,3,14,15,14,16,13
2629,2254,422602.5,3806785.5,2022,1,2,2,0,0,6,8,3,5,4,5,10,3,14,15,14,16,13
2636,2284,422692.5,3806764.5,2022,0,3,4,1,5,5,2,0,1,10,11,7,10,12,7,4,15,14
2633,2332,422836.5,3806773.5,2022,1,0,1,4,4,2,5,8,4,9,3,4,14,9,1,7,18,7
2639,2784,424192.5,3806755.5,2022,2,1,0,2,1,5,6,6,6,0,11,7,6,12,7,4,15,14
2611,2802,424246.5,3806839.5,2022,2,1,3,5,6,5,6,6,3,11,1,2,1,0,4,6,18,12
2611,3178,425374.5,3806839.5,2022,2,1,3,5,6,5,6,6,3,11,1,2,1,0,4,1,7,12
2645,10,415870.5,3806737.5,2022,2,3,0,2,1,5,6,6,6,0,11,7,10,12,7,4,15,14
2649,41,415963.5,3806725.5,2022,2,1,0,2,1,5,6,6,6,0,11,7,10,12,7,4,15,14
2647,81,416083.5,3806731.5,2022,1,2,2,0,0,1,4,2,7,6,8,6,8,8,10,3,8,8
2650,115,416185.5,3806722.5,2022,0,0,1,4,4,2,5,8,4,10,11,7,14,12,7,7,14,16
2663,133,416239.5,3806683.5,2022,2,3,0,2,1,5,6,6,6,0,11,7,10,12,7,4,15,14
2657,154,416302.5,3806701.5,2022,0,0,1,4,4,2,5,8,4,9,3,4,14,9,7,7,14,16
2668,294,416722.5,3806668.5,2022,0,3,4,3,3,4,3,7,10,2,6,5,2,5,11,2,10,5
2648,319,416797.5,3806728.5,2022,0,3,4,3,3,4,3,7,10,2,6,5,2,5,11,2,10,5
2640,344,416872.5,3806752.5,2022,0,3,4,3,3,4,3,7,10,2,6,5,2,5,11,2,10,5
2642,361,416923.5,3806746.5,2022,0,3,4,3,3,4,3,7,10,2,6,5,2,5,11,4,15,14
2665,392,417016.5,3806677.5,2022,0,3,4,3,3,4,3,7,10,2,6,5,2,5,11,2,10,5
2656,654,417802.5,3806704.5,2022,1,2,2,0,0,6,8,2,5,4,5,10,3,14,10,14,8,8
2640,1133,419239.5,3806752.5,2022,2,3,0,2,1,0,1,4,0,7,4,3,9,2,8,4,15,14
2667,1167,419341.5,3806671.5,2022,0,0,1,1,5,2,5,8,3,11,11,7,14,12,7,7,14,7
2661,1199,419437.5,3806689.5,2022,0,3,4,3,3,4,3,7,10,2,6,5,2,5,11,2,10,5
2656,1212,419476.5,3806704.5,2022,0,0,1,4,4,2,5,9,4,10,0,4,14,9,7,7,14,16
2642,1258,419614.5,3806746.5,2022,0,0,1,4,4,2,5,9,4,10,3,4,14,9,7,7,14,16
2645,1277,419671.5,3806737.5,2022,0,0,1,4,4,2,5,9,4,10,11,4,14,12,7,7,14,16
2642,1314,419782.5,3806746.5,2022,0,0,1,4,4,2,5,9,4,10,0,9,7,3,9,10,4,1
2659,1331,419833.5,3806695.5,2022,0,0,1,4,4,2,5,9,4,10,0,9,7,3,9,10,4,1
2666,1375,419965.5,3806674.5,2022,0,0,1,4,4,2,5,9,4,10,0,9,7,3,9,10,4,1
2654,1392,420016.5,3806710.5,2022,0,3,4,3,3,4,3,7,10,2,6,5,2,5,11,4,15,14
2668,1461,420223.5,3806668.5,2022,0,0,4,3,4,2,5,9,4,10,0,9,7,3,9,10,4,1
2647,1476,420268.5,3806731.5,2022,0,3,4,3,3,4,3,7,10,2,6,5,2,5,11,2,10,5
2646,1521,420403.5,3806734.5,2022,0,3,4,3,3,4,3,7,10,2,11,7,10,12,7,4,15,14
2642,1536,420448.5,3806746.5,2022,0,3,4,3,3,4,3,7,10,10,11,5,7,12,7,4,15,14
2653,1563,420529.5,3806713.5,2022,0,0,1,4,4,2,5,9,4,9,3,4,12,9,1,0,3,15
2656,1593,420619.5,3806704.5,2022,0,0,4,1,5,2,2,0,9,1,11,7,7,12,5,11,13,19
2655,1633,420739.5,3806707.5,2022,1,0,1,4,4,2,5,8,4,9,3,4,14,9,1,7,18,7
2650,1674,420862.5,3806722.5,2022,0,0,4,4,4,2,5,9,4,10,0,9,7,3,9,10,4,1
2640,1687,420901.5,3806752.5,2022,0,3,4,3,3,4,3,7,10,10,0,9,7,3,9,10,4,1
2643,1735,421045.5,3806743.5,2022,0,0,4,3,3,4,5,9,4,10,0,9,7,3,9,10,4,1
2640,1742,421066.5,3806752.5,2022,0,0,1,4,4,2,5,9,4,10,0,9,7,3,9,10,4,1
2663,1780,421180.5,3806683.5,2022,0,0,1,4,4,2,5,9,4,9,3,4,14,9,1,7,14,7
2650,1805,421255.5,3806722.5,2022,1,2,2,0,0,6,8,3,5,4,5,10,3,14,15,14,16,13
2660,1841,421363.5,3806692.5,2022,1,2,2,0,0,6,8,3,5,4,5,10,3,14,15,14,16,13
2653,1884,421492.5,3806713.5,2022,1,2,2,0,0,6,8,3,5,4,5,10,3,14,15,14,16,13
2642,1894,421522.5,3806746.5,2022,1,2,2,0,0,6,8,3,5,4,5,10,3,14,15,14,16,13
2650,1947,421681.5,3806722.5,2022,1,2,2,0,0,6,8,3,5,4,5,10,3,14,15,14,16,13
2662,1955,421705.5,3806686.5,2022,1,2,2,0,0,6,8,3,5,4,5,10,3,14,15,14,16,13
2654,1987,421801.5,3806710.5,2022,1,2,2,0,0,6,8,3,5,4,5,10,3,14,15,14,16,13
2658,2022,421906.5,3806698.5,2022,1,0,1,4,4,2,8,3,5,9,3,4,14,9,1,7,3,7
2657,2058,422014.5,3806701.5,2022,0,0,1,4,4,2,5,9,4,10,0,4,14,12,7,7,14,16
2661,2095,422125.5,3806689.5,2022,1,0,1,4,4,2,5,8,3,11,3,2,14,0,4,7,18,7
2660,2113,422179.5,3806692.5,2022,0,0,1,4,5,5,6,8,3,11,11,2,14,0,4,7,18,7
2667,2159,422317.5,3806671.5,2022,2,0,1,1,5,5,6,8,3,11,11,2,14,0,4,7,18,7
2668,2182,422386.5,3806668.5,2022,1,2,2,0,0,6,8,3,5,4,5,10,3,14,15,14,16,13
2668,2211,422473.5,3806668.5,2022,1,2,2,0,0,6,8,3,5,4,5,10,3,14,15,14,16,13
2658,2240,422560.5,3806698.5,2022,1,2,2,0,0,6,8,3,5,4,5,10,3,14,15,14,16,13
2649,2253,422599.5,3806725.5,2022,1,2,2,0,0,6,8,3,5,4,5,10,3,14,15,14,16,13
2649,2286,422698.5,3806725.5,2022,0,0,1,1,4,2,5,8,4,10,11,7,14,12,7,7,14,7
2669,2323,422809.5,3806665.5,2022,1,2,1,4,6,6,8,8,3,11,1,2,1,0,4,7,18,7
2666,2369,422947.5,3806674.5,2022,1,1,3,5,6,5,6,8,3,11,1,2,1,6,2,1,7,18
2667,2383,422989.5,3806671.5,2022,1,1,3,5,6,5,6,8,3,11,1,2,1,0,4,7,18,7
2669,2404,423052.5,3806665.5,2022,1,0,1,4,4,2,8,8,3,11,3,4,14,0,4,7,18,7
2640,2784,424192.5,3806752.5,2022,2,3,0,2,1,5,1,6,6,0,11,7,10,12,7,4,15,14
2649,2813,424279.5,3806725.5,2022,2,1,3,5,6,5,6,8,3,11,1,2,1,0,4,1,18,3
2663,3206,425458.5,3806683.5,2022,2,1,3,5,6,3,7,1,8,11,1,2,1,6,2,1,7,18
2679,19,415897.5,3806635.5,2022,2,3,0,1,5,5,6,6,6,0,11,7,10,12,7,4,15,14
2675,53,415999.5,3806647.5,2022,0,3,0,2,1,0,1,4,0,7,4,3,9,2,8,4,15,14
2679,65,416035.5,3806635.5,2022,0,3,0,2,1,0,1,4,0,10,11,7,10,12,7,4,15,14
2674,107,416161.5,3806650.5,2022,2,3,0,2,1,0,1,4,6,0,11,7,10,12,7,4,15,14
2672,135,416245.5,3806656.5,2022,0,0,1,1,5,5,5,8,1,5,11,7,10,12,7,6,14,3
2679,157,416311.5,3806635.5,2022,0,0,1,4,2,7,0,8,4,9,3,4,14,9,7,7,14,7
2697,209,416467.5,3806581.5,2022,2,1,0,2,1,5,6,6,6,0,11,7,6,12,7,4,15,14
2683,291,416713.5,3806623.5,2022,0,3,4,3,3,4,3,7,10,2,6,5,2,5,11,2,10,5
2674,300,416740.5,3806650.5,2022,0,3,4,3,3,4,3,7,10,2,6,5,2,5,11,2,10,5
2698,444,417172.5,3806578.5,2022,1,0,1,4,2,7,0,5,2,8,10,1,0,15,14,16,12,9
2699,466,417238.5,3806575.5,2022,1,0,1,4,2,7,0,5,2,8,10,1,0,15,14,16,12,9
2693,627,417721.5,3806593.5,2022,0,0,1,4,4,2,5,9,4,9,0,13,11,9,1,0,3,15
2695,652,417796.5,3806587.5,2022,1,0,1,4,4,2,5,3,1,5,0,13,12,4,12,8,2,15
2670,1017,418891.5,3806662.5,2022,2,3,0,2,1,0,1,4,6,0,4,11,13,2,5,4,13,19
2677,1020,418900.5,3806641.5,2022,0,3,4,1,5,4,2,0,9,1,11,11,13,12,5,11,13,19
2675,1160,419320.5,3806647.5,2022,0,0,1,3,4,2,5,9,4,10,0,9,7,3,9,10,4,1
2674,1180,419380.5,3806650.5,2022,1,2,2,0,0,1,4,0,9,1,12,0,4,10,16,5,1,11
2673,1224,419512.5,3806653.5,2022,0,3,4,1,5,1,2,0,9,5,12,11,13,7,5,15,13,19
2675,1230,419530.5,3806647.5,2022,1,2,2,1,5,1,2,0,9,1,12,11,13,7,5,15,13,19
2695,1280,419680.5,3806587.5,2022,0,3,4,1,5,4,2,0,9,2,6,11,13,7,5,15,13,19
2682,1313,419779.5,3806626.5,2022,0,3,0,2,1,0,1,4,0,7,4,3,9,2,8,9,5,4
2671,1344,419872.5,3806659.5,2022,0,3,4,3,3,4,3,7,10,2,11,7,10,12,11,4,15,14
2676,1377,419971.5,3806644.5,2022,2,3,0,2,1,0,1,4,0,7,4,3,9,2,8,4,15,14
2671,1383,419989.5,3806659.5,2022,2,3,0,2,1,0,1,4,0,7,4,3,9,2,8,4,15,14
2682,1446,420178.5,3806626.5,2022,0,0,1,4,4,2,5,9,4,10,11,7,14,12,7,7,14,16
2673,1545,420475.5,3806653.5,2022,0,0,4,3,3,4,5,9,4,10,0,9,7,3,9,10,4,1
2696,1570,420550.5,3806584.5,2022,0,3,4,3,3,4,3,7,10,2,11,7,10,12,7,4,15,14
2676,1619,420697.5,3806644.5,2022,1,0,1,4,4,2,5,8,4,9,3,4,14,9,7,7,14,7
2674,1628,420724.5,3806650.5,2022,0,0,1,1,5,2,5,0,4,10,11,9,7,12,7,11,14,16
2699,1663,420829.5,3806575.5,2022,0,0,4,1,5,4,2,0,9,1,12,11,13,7,5,11,13,19
2684,1680,420880.5,3806620.5,2022,0,0,4,1,4,2,2,0,9,1,12,9,7,12,5,11,13,19
2684,1737,421051.5,3806620.5,2022,0,0,1,4,4,2,5,9,4,10,0,9,7,3,9,10,14,16
2678,1748,421084.5,3806638.5,2022,0,0,4,3,3,4,5,9,4,10,11,9,7,12,9,11,14,16
2687,1773,421159.5,3806611.5,2022,1,0,1,4,4,2,5,8,4,9,3,4,14,9,1,7,3,7
2693,1820,421300.5,3806593.5,2022,1,2,2,0,0,6,8,3,5,4,5,10,3,14,15,14,16,13
2685,1849,421387.5,3806617.5,2022,1,2,2,0,0,6,8,3,5,4,5,10,3,14,15,14,16,13
2674,1888,421504.5,3806650.5,2022,1,2,2,0,0,6,8,3,5,4,5,10,3,14,15,14,16,13
2697,1893,421519.5,3806581.5,2022,1,2,2,0,0,6,8,3,5,4,5,10,3,14,15,14,16,13
2699,1949,421687.5,3806575.5,2022,1,2,2,0,0,6,8,3,5,4,5,10,3,14,15,14,16,13
2673,1978,421774.5,3806653.5,2022,1,2,2,0,0,6,8,3,5,4,5,10,3,14,15,14,16,13
2678,2002,421846.5,3806638.5,2022,0,0,1,4,4,2,5,9,4,10,0,9,7,3,9,10,4,1
2692,2013,421879.5,3806596.5,2022,1,0,1,4,4,2,8,3,5,9,5,4,12,9,1,0,3,15
2686,2063,422029.5,3806614.5,2022,1,0,1,4,4,2,5,8,3,9,3,4,14,9,4,7,18,7
2677,2078,422074.5,3806641.5,2022,1,0,1,4,4,2,5,8,4,9,3,4,14,9,1,7,18,7
2689,2110,422170.5,3806605.5,2022,1,0,1,4,4,2,5,8,3,11,3,4,14,0,4,7,18,7
2683,2145,422275.5,3806623.5,2022,1,0,1,4,4,2,8,8,3,11,1,2,14,0,4,7,18,7
2670,2185,422395.5,3806662.5,2022,1,2,2,0,0,6,8,8,3,4,1,2,3,14,15,14,18,7
2686,2219,422497.5,3806614.5,2022,1,2,2,0,0,6,8,3,5,4,5,10,3,14,15,14,16,13
2670,2242,422566.5,3806662.5,2022,1,2,2,0,0,6,8,3,5,4,5,10,3,14,15,14,16,13
2687,2258,422614.5,3806611.5,2022,1,2,2,0,0,6,8,8,5,4,5,10,3,14,15,14,16,13
2676,2308,422764.5,3806644.5,2022,1,0,1,4,4,2,8,8,3,9,3,4,14,9,1,7,18,7
2674,2331,422833.5,3806650.5,2022,1,0,1,4,4,6,8,8,3,11,3,2,14,0,4,7,18,7
2671,2363,422929.5,3806659.5,2022,1,1,3,5,6,5,6,8,3,11,1,2,1,0,4,1,18,7
2673,2382,422986.5,3806653.5,2022,1,2,2,0,0,6,8,8,3,11,1,2,1,0,4,1,18,18
2671,2405,423055.5,3806659.5,2022,1,0,1,4,4,2,8,8,3,11,3,2,14,0,4,7,18,7
2678,2507,423361.5,3806638.5,2022,2,1,3,5,6,5,6,8,3,11,1,2,1,0,4,7,18,7
2723,29,415927.5,3806503.5,2022,0,0,1,4,4,2,5,8,4,9,3,4,14,9,7,7,14,7
2708,50,415990.5,3806548.5,2022,0,3,0,2,1,0,1,4,0,7,11,3,9,2,8,4,15,14
2713,78,416074.5,3806533.5,2022,0,3,4,3,3,4,3,7,10,2,11,7,10,12,7,4,15,14
2703,91,416113.5,3806563.5,2022,0,3,4,2,1,4,5,9,4,10,11,7,10,12,7,4,15,14
2725,131,416233.5,3806497.5,2022,1,0,1,4,2,7,0,5,2,8,10,1,0,15,14,16,12,9
2710,157,416311.5,3806542.5,2022,2,0,1,4,2,7,0,5,2,8,10,1,0,15,14,16,12,9
2726,290,416710.5,3806494.5,2022,0,3,0,2,1,0,1,4,0,7,4,3,9,2,11,2,10,4
2726,310,416770.5,3806494.5,2022,0,3,4,3,3,4,3,7,10,2,6,5,2,5,11,2,10,5
2721,359,416917.5,3806509.5,2022,0,3,4,3,3,4,3,7,10,2,6,5,2,5,11,2,10,5
2723,367,416941.5,3806503.5,2022,0,3,4,3,3,4,3,7,10,2,6,5,2,5,11,2,10,5
2722,398,417034.5,3806506.5,2022,0,3,4,3,3,4,3,7,10,2,6,5,2,5,11,2,10,5
2707,445,417175.5,3806551.5,2022,1,2,2,1,5,1,2,0,1,5,9,13,11,4,12,12,6,17
2708,457,417211.5,3806548.5,2022,1,0,1,4,4,2,5,8,4,9,3,13,11,4,12,7,6,17
2718,488,417304.5,3806518.5,2022,1,0,1,4,4,2,8,8,5,9,3,13,11,4,12,12,6,17
2713,511,417373.5,3806533.5,2022,1,0,1,4,4,2,5,8,4,9,3,13,11,4,12,12,6,17
2716,624,417712.5,3806524.5,2022,0,0,4,3,3,4,3,7,10,10,0,9,7,3,9,10,4,1
2714,633,417739.5,3806530.5,2022,0,0,1,4,4,2,5,9,4,9,0,4,12,9,1,0,3,15
2720,677,417871.5,3806512.5,2022,0,3,4,3,3,4,3,7,10,2,6,5,2,5,11,10,10,5
2720,699,417937.5,3806512.5,2022,0,0,1,4,4,2,5,9,4,9,3,4,14,9,1,0,3,16
2725,1193,419419.5,3806497.5,2022,0,3,0,2,1,4,3,7,10,2,6,5,2,5,11,4,15,14
2706,1287,419701.5,3806554.5,2022,0,3,4,1,5,4,2,0,1,5,11,7,10,12,7,11,14,16
2729,1315,419785.5,3806485.5,2022,0,3,0,2,1,4,3,7,10,2,11,7,10,12,0,4,15,14
2713,1326,419818.5,3806533.5,2022,1,2,1,4,4,6,8,3,5,4,5,10,3,14,15,14,16,13
2717,1360,419920.5,3806521.5,2022,2,3,0,2,1,0,1,4,0,7,4,3,9,2,8,9,5,4
2726,1409,420067.5,3806494.5,2022,2,3,0,2,1,0,1,4,0,7,4,3,9,2,8,9,5,4
2725,1410,420070.5,3806497.5,2022,2,3,0,2,1,0,1,4,0,7,4,3,9,2,8,9,5,4
2727,1482,420286.5,3806491.5,2022,0,3,4,3,3,4,3,7,10,2,6,5,2,5,11,4,15,14
2711,1512,420376.5,3806539.5,2022,0,3,4,3,3,4,3,7,10,10,11,7,10,12,7,4,15,14
2722,1557,420511.5,3806506.5,2022,0,0,4,1,5,1,2,0,9,1,12,11,13,7,5,15,13,19
2704,1584,420592.5,3806560.5,2022,0,3,4,1,5,4,2,0,9,5,11,11,13,12,5,11,13,19
2710,1602,420646.5,3806542.5,2022,0,0,1,4,4,2,5,8,4,10,11,7,14,12,7,7,14,7
2728,1638,420754.5,3806488.5,2022,0,3,4,3,3,4,3,7,10,10,6,9,7,3,9,10,4,1
2728,1673,420859.5,3806488.5,2022,0,3,4,3,3,4,3,9,10,10,0,9,7,3,9,10,4,1
2726,1700,420940.5,3806494.5,2022,0,0,1,4,4,2,5,9,4,10,0,9,7,3,9,10,4,1
2715,1716,420988.5,3806527.5,2022,0,0,1,4,4,2,5,9,4,10,0,9,7,3,9,10,4,1
2710,1750,421090.5,3806542.5,2022,0,0,1,4,4,2,5,9,4,9,0,4,12,9,1,0,3,15
2705,1774,421162.5,3806557.5,2022,1,0,1,4,4,2,5,9,9,1,12,0,4,10,16,5,1,11
2721,1822,421306.5,3806509.5,2022,1,2,2,0,0,6,8,3,5,4,5,10,3,14,15,14,16,13
2718,1831,421333.5,3806518.5,2022,1,2,2,0,0,6,8,3,5,4,5,10,3,14,15,14,16,13
2702,1864,421432.5,3806566.5,2022,1,2,2,0,0,6,8,3,5,4,5,10,3,14,15,14,16,13
2727,1903,421549.5,3806491.5,2022,1,2,2,0,0,6,8,3,5,4,5,10,3,14,15,14,16,13
2728,1943,421669.5,3806488.5,2022,1,2,2,0,0,6,8,3,5,4,5,10,3,14,15,14,16,13
2721,1961,421723.5,3806509.5,2022,1,2,2,0,0,6,8,3,5,4,5,10,3,14,15,14,16,13
2712,2006,421858.5,3806536.5,2022,1,0,1,4,4,6,8,8,5,9,3,4,14,9,1,7,3,7
2727,2032,421936.5,3806491.5,2022,1,2,1,4,4,6,8,3,5,4,5,10,3,14,15,14,16,13
2729,2064,422032.5,3806485.5,2022,1,2,2,0,0,6,8,3,5,1,12,0,4,10,16,5,1,11
2715,2099,422137.5,3806527.5,2022,0,0,1,4,4,2,5,9,4,9,3,4,14,9,1,7,3,7
2705,2115,422185.5,3806557.5,2022,1,0,1,4,4,2,5,9,4,9,3,4,14,9,1,7,3,7
2705,2136,422248.5,3806557.5,2022,0,0,1,4,4,2,5,9,4,9,0,4,12,9,1,0,3,15
2728,2181,422383.5,3806488.5,2022,1,2,2,0,0,6,8,3,5,4,5,10,3,14,15,14,16,13
2718,2197,422431.5,3806518.5,2022,1,2,2,0,0,6,8,3,5,4,5,10,3,14,15,14,16,13
2713,2241,422563.5,3806533.5,2022,1,2,2,0,0,6,8,3,5,4,5,10,3,14,15,14,16,13
2709,2272,422656.5,3806545.5,2022,1,2,2,0,0,1,8,3,9,1,12,0,4,10,16,5,1,11
2718,2304,422752.5,3806518.5,2022,0,0,1,4,4,2,5,8,3,11,3,4,14,0,4,7,18,7
2716,2325,422815.5,3806524.5,2022,1,0,1,4,4,2,5,8,4,9,3,4,14,9,1,7,3,7
2726,2344,422872.5,3806494.5,2022,1,0,1,4,4,5,6,8,3,11,3,2,14,0,4,7,18,7
2705,2777,424171.5,3806557.5,2022,1,1,3,5,6,1,6,2,3,11,1,2,1,6,2,1,7,18
2706,3209,425467.5,3806554.5,2022,2,1,3,5,6,3,7,1,8,3,7,8,5,6,2,1,7,18
2705,3210,425470.5,3806557.5,2022,2,1,3,5,6,3,7,1,8,11,1,2,1,6,2,1,7,18
2757,8,415864.5,3806401.5,2022,1,0,1,4,2,7,0,5,2,8,10,1,0,15,14,16,12,9
2746,42,415966.5,3806434.5,2022,1,0,1,4,2,7,0,5,2,8,10,1,0,15,14,16,12,9
2730,70,416050.5,3806482.5,2022,2,0,1,4,2,7,0,5,2,8,10,1,0,15,14,16,12,9
2755,106,416158.5,3806407.5,2022,1,0,1,4,2,7,0,5,2,8,10,1,0,15,14,16,12,9
2730,122,416206.5,3806482.5,2022,1,0,1,4,2,7,0,5,2,8,10,1,0,15,14,16,12,9
2730,315,416785.5,3806482.5,2022,0,3,4,3,3,4,3,7,10,2,6,5,2,5,11,2,10,5
2753,375,416965.5,3806413.5,2022,0,3,4,3,3,4,3,7,10,10,11,9,7,3,9,10,4,1
2732,398,417034.5,3806476.5,2022,0,3,4,3,3,4,3,7,10,2,6,5,2,5,11,2,10,5
2737,423,417109.5,3806461.5,2022,0,3,4,3,3,4,3,7,10,10,6,5,2,3,11,10,4,1
2730,450,417190.5,3806482.5,2022,0,0,1,4,4,2,5,9,4,10,11,7,10,12,7,11,14,16
2752,508,417364.5,3806416.5,2022,0,0,1,4,4,2,5,9,4,9,3,4,12,9,1,0,3,15
2748,520,417400.5,3806428.5,2022,1,2,1,4,2,7,0,5,2,8,10,1,0,15,14,16,12,9
2745,565,417535.5,3806437.5,2022,1,2,2,0,0,6,8,2,5,4,5,10,3,4,12,12,6,17
2739,575,417565.5,3806455.5,2022,1,0,1,4,4,6,8,8,5,5,3,13,11,4,12,12,6,17
2754,623,417709.5,3806410.5,2022,0,0,1,4,4,2,5,9,4,10,0,9,7,3,9,10,4,1
2758,648,417784.5,3806398.5,2022,0,0,4,3,4,2,5,9,4,10,0,9,7,3,9,10,4,1
2740,671,417853.5,3806452.5,2022,0,0,1,4,4,2,5,9,4,9,0,9,12,3,9,10,4,15
2739,706,417958.5,3806455.5,2022,1,0,1,4,4,2,5,9,4,9,3,13,11,9,12,0,6,17
2740,1280,419680.5,3806452.5,2022,2,3,0,2,1,0,1,4,0,7,4,3,9,2,8,9,5,4
2731,1316,419788.5,3806479.5,2022,0,3,4,1,5,4,2,0,1,5,11,7,10,1,0,4,15,14
2730,1339,419857.5,3806482.5,2022,2,3,0,2,1,0,1,4,0,7,4,3,9,2,8,4,15,14
2738,1358,419914.5,3806458.5,2022,2,1,0,2,1,0,1,6,6,0,2,12,6,11,3,4,15,14
2748,1384,419992.5,3806428.5,2022,2,3,0,2,1,0,1,4,0,7,4,3,9,2,8,9,5,4
2740,1417,420091.5,3806452.5,2022,0,3,4,3,3,4,3,7,10,2,11,7,10,12,7,4,15,14
2752,1462,420226.5,3806416.5,2022,0,3,4,1,5,1,2,0,9,1,12,11,13,7,5,15,13,19
2753,1491,420313.5,3806413.5,2022,0,3,0,2,1,0,1,4,0,7,4,3,9,2,8,4,15,14
2758,1523,420409.5,3806398.5,2022,0,3,4,3,3,4,3,7,10,10,11,7,10,12,7,4,15,14
2751,1547,420481.5,3806419.5,2022,0,3,4,1,5,5,2,0,1,5,11,7,10,12,5,4,13,19
2757,1587,420601.5,3806401.5,2022,1,0,1,4,4,2,5,8,4,9,3,4,14,9,1,7,18,7
2742,1608,420664.5,3806446.5,2022,0,3,4,1,5,5,6,6,6,10,11,7,10,12,7,4,15,14
2747,1633,420739.5,3806431.5,2022,0,3,4,1,5,4,2,0,10,2,11,7,10,12,7,4,15,14
2734,1677,420871.5,3806470.5,2022,1,0,1,4,4,2,8,3,5,1,5,0,4,10,16,5,1,11
2756,1691,420913.5,3806404.5,2022,1,0,1,1,5,2,2,8,9,1,12,0,14,10,16,7,14,7
2742,1712,420976.5,3806446.5,2022,0,3,4,3,3,4,2,0,9,10,11,9,7,12,5,11,13,19
2753,1758,421114.5,3806413.5,2022,0,0,1,1,4,2,5,9,9,1,12,0,4,10,5,5,13,19
2746,1774,421162.5,3806434.5,2022,0,0,4,3,4,2,5,9,4,10,11,9,7,12,7,10,14,16
2735,1815,421285.5,3806467.5,2022,1,2,2,0,0,6,8,3,5,4,5,10,3,14,15,14,16,13
2744,1859,421417.5,3806440.5,2022,1,2,2,0,0,6,8,3,5,4,5,10,3,14,15,14,16,13
2748,1868,421444.5,3806428.5,2022,1,2,2,0,0,6,8,3,5,4,5,10,3,14,15,14,16,13
2751,1914,421582.5,3806419.5,2022,1,2,2,0,0,6,8,3,5,4,5,10,3,14,15,14,16,13
2735,1922,421606.5,3806467.5,2022,1,2,2,0,0,6,8,3,5,4,5,10,3,14,15,14,16,13
2752,1974,421762.5,3806416.5,2022,1,0,1,4,4,2,5,8,4,9,3,4,14,9,1,7,3,7
2739,1993,421819.5,3806455.5,2022,1,0,1,4,4,6,8,3,5,4,5,10,3,14,15,14,16,13
2753,2030,421930.5,3806413.5,2022,1,0,1,4,4,2,8,8,5,9,3,4,14,9,1,7,18,7
2749,2048,421984.5,3806425.5,2022,1,0,1,4,4,2,5,8,4,9,3,4,14,9,1,7,3,7
2750,2077,422071.5,3806422.5,2022,1,0,1,4,4,2,8,8,3,11,3,4,14,0,4,7,18,7
2736,2102,422146.5,3806464.5,2022,1,0,1,4,4,5,6,8,3,11,3,2,14,0,4,7,18,7
2730,2155,422305.5,3806482.5,2022,1,0,1,1,5,2,8,8,3,11,1,2,14,0,4,7,18,7
2752,2185,422395.5,3806416.5,2022,1,2,2,0,0,6,8,3,5,4,5,10,3,14,15,14,16,13
2736,2210,422470.5,3806464.5,2022,1,2,2,0,0,6,8,3,5,4,5,10,3,14,15,14,16,13
2749,2249,422587.5,3806425.5,2022,1,2,2,0,0,6,8,3,5,4,5,10,3,14,15,14,16,13
2754,2277,422671.5,3806410.5,2022,1,2,1,4,4,6,8,8,3,1,3,0,4,10,16,7,18,7
2743,2300,422740.5,3806443.5,2022,1,0,1,4,4,2,5,8,3,9,3,4,14,0,4,7,18,7
2750,2325,422815.5,3806422.5,2022,1,0,1,4,4,2,5,8,3,11,3,4,14,0,4,7,18,7
2743,2344,422872.5,3806443.5,2022,1,2,2,1,5,1,2,0,3,11,1,2,1,6,2,15,7,18
2736,2470,423250.5,3806464.5,2022,2,1,3,5,6,5,6,6,6,0,2,12,6,11,3,13,0,12
2755,3223,425509.5,3806407.5,2022,2,1,0,2,1,0,1,4,0,7,4,3,9,2,8,9,5,4
2762,5,415855.5,3806386.5,2022,0,0,1,4,2,7,0,5,4,9,3,4,14,9,1,0,3,15
2778,37,415951.5,3806338.5,2022,1,0,1,4,2,7,0,5,2,8,10,1,0,15,14,16,12,9
2789,61,416023.5,3806305.5,2022,2,3,0,2,1,0,1,4,0,7,4,3,9,2,8,4,15,14
2788,320,416800.5,3806308.5,2022,0,3,4,3,3,4,3,7,10,2,6,5,2,5,11,2,10,5
2784,331,416833.5,3806320.5,2022,0,3,0,3,3,4,3,7,10,2,6,5,2,5,11,2,10,5
2772,414,417082.5,3806356.5,2022,0,0,4,3,3,4,2,0,9,10,0,9,7,3,9,10,4,1
2784,424,417112.5,3806320.5,2022,0,3,4,3,3,4,3,7,10,2,6,5,2,5,11,2,10,5
2789,530,417430.5,3806305.5,2022,1,2,1,4,2,7,0,5,2,8,10,1,0,15,14,16,12,9
2783,564,417532.5,3806323.5,2022,0,0,1,4,4,2,5,8,4,9,3,4,14,9,1,7,3,15
2764,599,417637.5,3806380.5,2022,1,0,1,4,2,7,0,8,2,8,3,1,14,15,12,16,6,17
2761,602,417646.5,3806389.5,2022,0,0,1,4,4,2,5,9,4,10,0,9,7,3,9,10,4,1
2767,652,417796.5,3806371.5,2022,0,3,4,3,3,4,3,7,10,10,0,9,7,3,9,10,4,1
2779,671,417853.5,3806335.5,2022,0,3,4,3,3,4,3,7,10,10,0,9,7,3,9,10,4,1
2772,692,417916.5,3806356.5,2022,0,0,4,3,3,4,5,9,4,10,0,9,7,3,9,10,4,1
2783,728,418024.5,3806323.5,2022,0,3,4,3,3,4,3,7,10,2,11,5,7,12,7,11,10,5
2789,750,418090.5,3806305.5,2022,1,0,1,4,2,7,0,5,2,8,10,1,0,15,14,16,12,9
2787,941,418663.5,3806311.5,2022,0,3,0,3,3,4,3,7,10,2,6,5,2,5,11,2,10,5
2762,1238,419554.5,3806386.5,2022,2,3,0,2,1,0,1,4,0,7,4,3,9,2,8,4,15,14
2780,1272,419656.5,3806332.5,2022,2,1,0,1,5,5,2,0,6,0,2,11,13,7,5,15,13,19
2788,1296,419728.5,3806308.5,2022,2,1,3,2,5,5,6,6,6,0,11,7,10,12,7,4,15,14
2769,1320,419800.5,3806365.5,2022,2,3,0,2,1,0,1,4,0,7,4,3,13,2,5,4,13,19
2762,1377,419971.5,3806386.5,2022,2,1,3,5,2,7,0,5,2,8,10,1,0,15,14,16,12,9
2779,1390,420010.5,3806335.5,2022,2,1,0,2,1,0,1,6,6,0,2,12,6,11,3,4,15,6
2760,1410,420070.5,3806392.5,2022,2,1,3,1,5,5,6,6,3,11,1,2,1,0,4,6,17,3
2789,1452,420196.5,3806305.5,2022,0,3,4,1,5,4,2,0,9,2,11,11,13,7,5,15,13,19
2770,1481,420283.5,3806362.5,2022,0,3,0,2,1,0,1,4,0,7,4,3,9,2,8,9,5,4
2767,1508,420364.5,3806371.5,2022,0,3,4,3,3,4,3,7,10,2,6,5,2,5,11,4,15,14
2761,1558,420514.5,3806389.5,2022,1,2,2,1,5,1,2,0,9,1,12,11,13,7,5,15,13,19
2773,1564,420532.5,3806353.5,2022,0,0,1,1,5,5,6,8,3,11,11,7,14,0,4,7,17,7
2783,1615,420685.5,3806323.5,2022,0,3,4,1,5,1,2,0,9,5,9,11,13,7,5,15,13,19
2770,1622,420706.5,3806362.5,2022,0,0,3,1,5,5,2,0,9,5,11,7,10,12,7,11,14,19
2788,1667,420841.5,3806308.5,2022,0,3,4,1,5,4,2,0,9,1,12,11,13,7,5,15,13,19
2766,1694,420922.5,3806374.5,2022,0,3,4,3,3,4,3,0,10,10,11,9,7,3,9,11,4,1
2782,1714,420982.5,3806326.5,2022,0,0,4,1,5,2,5,9,4,10,11,7,7,12,7,11,14,16
2776,1762,421126.5,3806344.5,2022,0,0,4,1,5,2,2,0,9,1,12,11,13,12,5,11,13,19
2762,1779,421177.5,3806386.5,2022,0,0,1,4,4,2,5,9,4,10,3,4,14,9,7,7,14,7
2768,1829,421327.5,3806368.5,2022,1,2,1,4,4,6,8,3,5,4,5,10,3,14,15,14,16,13
2760,1859,421417.5,3806392.5,2022,1,2,2,0,0,6,8,3,5,4,5,10,3,14,15,14,16,13
2760,1869,421447.5,3806392.5,2022,1,2,2,0,0,6,8,3,5,4,5,10,3,14,15,14,16,13
2765,1914,421582.5,3806377.5,2022,1,2,2,0,0,6,8,3,5,4,5,10,3,14,15,14,16,13
2765,1931,421633.5,3806377.5,2022,1,2,2,0,0,6,8,3,5,4,5,10,3,14,15,14,16,13
2783,1974,421762.5,3806323.5,2022,1,0,1,4,4,2,8,3,5,9,5,4,12,9,1,0,3,15
2780,1986,421798.5,3806332.5,2022,1,0,1,4,4,6,8,3,5,4,5,10,3,14,15,14,16,13
2779,2026,421918.5,3806335.5,2022,1,0,1,4,4,2,8,3,5,1,12,0,4,10,16,5,1,11
2766,2049,421987.5,3806374.5,2022,0,3,4,3,3,4,3,9,10,10,11,9,7,12,9,11,4,16
2781,2097,422131.5,3806329.5,2022,0,0,1,4,4,2,5,8,4,9,3,4,14,9,1,7,3,7
2785,2106,422158.5,3806317.5,2022,0,0,1,4,4,2,5,9,4,9,0,4,12,9,1,0,3,15
2777,2132,422236.5,3806341.5,2022,1,0,1,4,4,2,5,9,4,9,3,4,12,9,1,0,3,15
2764,2165,422335.5,3806380.5,2022,1,0,1,4,4,2,5,8,4,11,3,4,14,0,4,7,18,7
2788,2196,422428.5,3806308.5,2022,1,0,1,4,4,6,8,3,5,4,5,10,3,14,15,14,16,13
2776,2234,422542.5,3806344.5,2022,1,2,2,0,0,6,8,8,3,11,1,2,4,0,4,7,18,7
2783,2272,422656.5,3806323.5,2022,1,0,1,4,4,2,2,8,9,1,12,0,4,10,16,5,1,7
2764,2293,422719.5,3806380.5,2022,1,0,1,4,4,2,8,8,3,11,3,4,14,0,4,7,18,7
2772,2338,422854.5,3806356.5,2022,1,0,1,4,4,2,5,8,3,11,3,2,14,0,4,7,18,7
2775,2340,422860.5,3806347.5,2022,1,0,1,4,4,2,5,8,3,11,3,4,14,0,4,7,18,7
2769,3222,425506.5,3806365.5,2022,2,1,3,5,6,3,7,1,8,3,7,8,5,13,13,17,9,10
2785,3246,425578.5,3806317.5,2022,2,1,3,5,6,3,7,1,8,3,7,8,5,13,13,17,9,10
2785,3329,425827.5,3806317.5,2022,2,1,3,5,6,3,6,6,6,0,2,12,6,11,3,13,0,6
2785,3330,425830.5,3806317.5,2022,2,1,3,5,6,3,7,1,8,3,7,8,5,13,13,13,0,10
2795,1,415843.5,3806287.5,2022,0,0,1,4,4,2,5,9,4,9,3,4,14,9,7,7,14,16
2792,57,416011.5,3806296.5,2022,2,1,3,5,6,5,6,6,6,0,2,12,6,11,3,13,0,12
2790,62,416026.5,3806302.5,2022,2,3,0,2,1,0,1,4,0,7,4,3,9,2,8,4,15,14
2802,98,416134.5,3806266.5,2022,2,1,0,2,1,0,1,6,6,0,2,12,6,11,3,13,0,6
2819,137,416251.5,3806215.5,2022,2,1,3,5,2,7,0,5,2,8,10,1,0,15,14,16,12,9
2819,191,416413.5,3806215.5,2022,2,3,0,2,1,0,1,4,0,7,4,3,9,2,8,9,5,4
2805,238,416554.5,3806257.5,2022,0,3,0,2,1,0,3,7,0,2,6,5,2,5,11,2,10,5
2818,249,416587.5,3806218.5,2022,0,3,0,2,1,0,1,4,0,7,4,3,9,2,8,9,5,4
2819,293,416719.5,3806215.5,2022,2,1,3,5,2,7,0,5,2,8,10,1,0,15,14,16,12,9
2819,303,416749.5,3806215.5,2022,0,3,4,3,3,4,3,7,10,2,6,5,2,5,11,2,10,5
2819,334,416842.5,3806215.5,2022,0,3,4,3,3,4,3,7,10,2,6,5,2,5,11,2,10,5
2818,360,416920.5,3806218.5,2022,0,3,4,3,3,4,3,7,10,2,6,5,2,5,11,2,10,5
2804,441,417163.5,3806260.5,2022,0,3,4,3,3,4,3,7,10,2,6,5,2,5,11,2,10,5
2818,469,417247.5,3806218.5,2022,0,3,4,1,5,4,2,0,1,5,11,7,10,1,0,4,15,14
2816,486,417298.5,3806224.5,2022,0,0,4,3,3,4,5,9,1,5,9,9,7,1,0,8,2,2
2797,535,417445.5,3806281.5,2022,1,0,1,1,5,5,6,8,1,5,9,13,11,0,4,6,17,3
2798,554,417502.5,3806278.5,2022,2,1,3,1,5,5,6,6,6,0,11,7,10,12,7,6,17,3
2802,574,417562.5,3806266.5,2022,1,0,1,4,5,5,6,8,3,11,3,2,14,0,4,7,18,7
2791,603,417649.5,3806299.5,2022,0,0,1,4,4,2,5,9,4,9,0,4,12,9,1,0,3,15
2809,658,417814.5,3806245.5,2022,0,0,1,4,4,2,5,9,4,9,0,4,12,9,1,0,3,15
2816,678,417874.5,3806224.5,2022,0,3,4,3,3,4,3,9,4,10,0,9,7,3,9,10,4,1
2809,700,417940.5,3806245.5,2022,0,0,1,4,4,2,5,9,4,9,0,4,12,9,1,0,3,15
2794,726,418018.5,3806290.5,2022,0,0,4,3,3,2,5,9,4,10,0,9,7,3,9,10,4,1
2802,760,418120.5,3806266.5,2022,0,0,4,3,4,2,5,9,4,10,0,9,12,3,9,10,4,1
2806,799,418237.5,3806254.5,2022,0,0,1,4,4,2,5,9,4,10,0,9,7,3,9,10,4,1
2804,810,418270.5,3806260.5,2022,0,0,1,4,4,2,5,9,4,10,0,9,7,3,9,11,14,16
2791,944,418672.5,3806299.5,2022,2,3,0,2,1,5,6,6,6,0,11,7,10,12,7,4,15,14
2816,980,418780.5,3806224.5,2022,0,3,4,3,3,4,3,7,10,10,11,7,10,12,7,10,4,1
2812,1197,419431.5,3806236.5,2022,0,2,4,1,5,1,2,0,9,1,12,11,13,7,5,15,13,19
2815,1200,419440.5,3806227.5,2022,2,3,0,2,1,0,1,4,0,7,4,3,9,2,8,9,5,4
2790,1296,419728.5,3806302.5,2022,2,1,3,1,5,5,6,6,6,0,11,7,10,12,7,4,15,14
2795,1342,419866.5,3806287.5,2022,2,1,3,1,5,1,2,0,9,1,12,11,13,7,5,15,13,19
2803,1356,419908.5,3806263.5,2022,2,3,0,2,1,0,1,4,0,7,4,3,9,2,8,4,15,14
2805,1426,420118.5,3806257.5,2022,2,1,0,2,1,0,1,6,6,0,2,12,6,11,3,4,15,14
2797,1460,420220.5,3806281.5,2022,2,3,0,2,1,0,1,4,0,7,4,3,9,2,8,4,15,14
2812,1486,420298.5,3806236.5,2022,2,3,0,2,1,0,1,4,0,7,4,3,9,2,8,4,15,14
2802,1503,420349.5,3806266.5,2022,2,3,0,2,1,0,1,4,0,7,4,3,9,2,8,9,5,4
2794,1539,420457.5,3806290.5,2022,0,0,1,1,5,5,2,8,3,11,11,7,14,12,7,7,14,3
2802,1564,420532.5,3806266.5,2022,0,3,4,1,5,1,2,0,9,1,12,11,13,7,5,15,13,19
2793,1615,420685.5,3806293.5,2022,1,2,2,1,5,1,2,0,9,1,12,11,13,7,5,15,13,19
2800,1626,420718.5,3806272.5,2022,0,3,4,1,5,4,2,0,9,5,11,11,13,7,5,15,13,19
2792,1670,420850.5,3806296.5,2022,0,3,4,3,3,4,3,0,10,2,11,11,13,5,5,11,13,19
2795,1692,420916.5,3806287.5,2022,0,3,4,1,5,1,2,0,9,1,12,11,13,7,5,15,13,19
2813,1735,421045.5,3806233.5,2022,2,3,0,2,1,0,1,4,0,7,11,7,10,12,7,4,15,14
2802,1744,421072.5,3806266.5,2022,0,0,4,1,5,2,5,9,4,10,11,7,10,12,7,11,14,16
2798,1777,421171.5,3806278.5,2022,0,0,4,1,5,2,5,9,4,10,11,7,10,12,7,11,14,16
2816,1818,421294.5,3806224.5,2022,1,2,2,0,0,6,8,3,9,1,12,0,4,10,16,5,1,11
2792,1839,421357.5,3806296.5,2022,1,0,1,4,4,2,8,3,5,9,5,10,12,14,15,0,3,15
2790,1882,421486.5,3806302.5,2022,1,0,1,4,4,6,8,8,3,11,3,2,14,0,4,7,18,7
2791,1919,421597.5,3806299.5,2022,1,0,1,4,4,2,5,9,4,9,3,4,12,9,1,0,3,15
2801,1921,421603.5,3806269.5,2022,1,0,1,4,4,6,8,3,5,4,5,10,3,14,15,14,16,13
2796,1974,421762.5,3806284.5,2022,1,0,1,4,4,6,8,3,5,4,5,10,3,14,15,14,16,13
2819,1987,421801.5,3806215.5,2022,1,2,2,0,0,6,8,3,5,4,5,10,3,14,15,14,16,13
2799,2025,421915.5,3806275.5,2022,0,0,1,4,4,2,5,9,4,9,3,4,14,9,1,7,3,7
2799,2060,422020.5,3806275.5,2022,0,0,1,4,4,2,5,8,4,9,3,4,14,9,1,7,14,7
2816,2097,422131.5,3806224.5,2022,0,0,4,1,5,2,5,9,4,10,11,7,10,12,7,7,14,16
2814,2105,422155.5,3806230.5,2022,0,0,4,1,5,2,5,9,4,10,11,7,10,12,7,7,14,7
2809,2157,422311.5,3806245.5,2022,1,0,1,4,4,2,8,8,3,11,1,2,14,0,4,7,18,7
2794,2165,422335.5,3806290.5,2022,0,0,1,4,4,2,5,8,4,9,3,4,14,9,1,7,3,7
2801,2215,422485.5,3806269.5,2022,1,0,1,4,4,2,5,9,4,9,3,4,12,9,1,0,3,15
2816,2220,422500.5,3806224.5,2022,1,0,1,4,4,2,5,8,4,9,3,4,14,9,1,7,3,7
2800,2268,422644.5,3806272.5,2022,1,2,2,0,0,6,8,3,5,1,12,0,4,10,16,5,1,11
2814,2293,422719.5,3806230.5,2022,1,2,1,4,0,6,8,8,5,4,5,10,3,14,15,14,18,13
2812,2325,422815.5,3806236.5,2022,1,2,2,0,0,6,8,3,5,1,12,0,4,10,16,5,1,11
2800,2348,422884.5,3806272.5,2022,1,2,3,5,6,5,6,8,3,11,1,2,1,0,4,1,18,7
2816,2639,423757.5,3806224.5,2022,2,1,3,5,6,5,6,6,3,11,1,2,1,0,4,1,7,12
2819,2640,423760.5,3806215.5,2022,2,1,3,5,6,5,6,6,3,11,1,2,1,6,2,1,7,12
2818,3235,425545.5,3806218.5,2022,2,1,3,5,6,3,7,1,8,3,7,8,5,13,13,17,9,6
2819,3240,425560.5,3806215.5,2022,2,1,3,5,6,3,7,1,8,3,7,8,5,13,13,17,9,10
2819,3299,425737.5,3806215.5,2022,2,1,0,2,1,0,1,4,0,7,4,3,9,2,8,9,5,6
2800,3318,425794.5,3806272.5,2022,2,1,3,5,6,3,7,1,8,3,7,8,5,13,13,17,9,10
2812,3331,425833.5,3806236.5,2022,2,1,0,2,1,0,1,4,0,7,4,3,9,2,8,9,5,6
2820,2,415846.5,3806212.5,2022,0,0,1,1,5,5,2,8,3,5,11,7,14,12,7,11,14,16
2844,33,415939.5,3806140.5,2022,0,3,0,2,1,0,1,4,0,7,4,3,9,2,8,4,15,14
2828,83,416089.5,3806188.5,2022,2,1,0,2,1,5,1,6,6,0,2,12,6,11,3,4,15,14
2827,149,416287.5,3806191.5,2022,2,3,0,2,1,0,1,4,0,7,4,3,9,2,8,9,5,4
2828,152,416296.5,3806188.5,2022,2,1,3,5,2,7,0,5,2,8,10,1,0,15,14,16,12,9
2820,194,416422.5,3806212.5,2022,0,3,0,2,1,0,1,4,0,7,4,3,9,2,8,9,5,4
2832,233,416539.5,3806176.5,2022,2,3,0,2,1,0,1,4,0,7,4,3,9,2,8,9,5,4
2835,268,416644.5,3806167.5,2022,0,3,4,3,3,4,3,7,10,2,6,5,2,5,11,2,10,5
2826,297,416731.5,3806194.5,2022,0,3,0,2,1,0,1,4,0,7,4,3,9,2,8,4,15,14
2842,317,416791.5,3806146.5,2022,0,3,4,3,3,4,3,7,10,2,6,5,2,3,11,10,4,1
2834,358,416914.5,3806170.5,2022,0,3,4,3,3,4,3,7,10,2,6,5,2,5,11,2,2,2
2828,362,416926.5,3806188.5,2022,1,0,1,4,2,7,0,5,2,8,10,1,0,15,14,16,12,9
2842,417,417091.5,3806146.5,2022,0,3,4,3,3,4,3,7,10,2,6,5,2,5,11,2,10,5
2845,440,417160.5,3806137.5,2022,0,3,4,3,3,4,3,7,10,2,6,5,2,5,11,2,10,5
2849,458,417214.5,3806125.5,2022,0,3,0,2,1,4,1,4,1,0,11,7,10,1,0,4,15,14
2846,480,417280.5,3806134.5,2022,2,1,0,2,1,5,1,6,6,0,2,12,6,11,3,4,15,14
2835,533,417439.5,3806167.5,2022,2,3,4,1,5,5,6,6,6,0,11,7,10,12,7,4,15,14
2846,545,417475.5,3806134.5,2022,0,3,4,3,3,4,3,7,10,2,6,5,2,5,11,2,10,5
2842,570,417550.5,3806146.5,2022,0,3,0,2,1,0,1,4,0,7,4,3,9,2,8,4,15,14
2825,656,417808.5,3806197.5,2022,0,3,4,3,3,4,3,7,10,2,6,5,2,5,11,10,4,1
2825,688,417904.5,3806197.5,2022,0,3,4,3,3,4,3,7,10,10,0,9,7,3,9,10,4,1
2833,711,417973.5,3806173.5,2022,0,3,4,3,3,4,3,7,10,10,0,9,7,3,9,10,4,1
2847,740,418060.5,3806131.5,2022,0,0,4,3,4,2,5,9,4,10,0,9,7,3,9,10,4,1
2823,771,418153.5,3806203.5,2022,0,3,4,3,3,4,3,7,10,10,6,9,7,3,9,10,4,1
2849,925,418615.5,3806125.5,2022,0,3,4,3,3,4,3,7,10,2,6,5,2,5,11,2,10,5
2845,938,418654.5,3806137.5,2022,0,0,1,4,4,2,5,9,4,9,3,4,14,9,7,0,14,16
2821,960,418720.5,3806209.5,2022,1,2,1,4,4,6,8,8,5,1,3,0,14,10,16,5,1,7
2840,1009,418867.5,3806152.5,2022,0,3,4,3,3,4,3,7,10,10,11,9,7,3,9,10,4,1
2844,1020,418900.5,3806140.5,2022,0,3,4,1,5,1,2,0,9,1,12,11,13,7,5,15,13,19
2823,1212,419476.5,3806203.5,2022,2,3,0,2,1,0,1,4,0,7,4,3,9,2,8,9,5,4
2828,1236,419548.5,3806188.5,2022,2,3,0,2,1,0,1,4,0,7,4,3,9,2,8,9,5,4
2849,1344,419872.5,3806125.5,2022,2,1,3,1,5,1,2,0,9,1,1,11,13,7,5,15,13,19
2843,1352,419896.5,3806143.5,2022,2,3,0,2,1,0,1,4,0,7,4,3,9,2,8,4,15,14
2835,1404,420052.5,3806167.5,2022,2,3,0,2,1,0,1,4,0,7,4,3,9,2,8,9,5,4
2838,1421,420103.5,3806158.5,2022,2,3,0,2,1,0,1,4,0,7,4,3,9,2,8,9,5,4
2820,1443,420169.5,3806212.5,2022,2,3,0,2,1,0,1,4,6,0,11,7,10,12,7,4,15,14
2843,1480,420280.5,3806143.5,2022,2,3,0,2,1,0,1,4,0,7,4,3,9,2,8,4,15,14
2823,1502,420346.5,3806203.5,2022,2,3,0,2,1,0,1,4,0,7,4,3,9,2,8,4,15,14
2829,1553,420499.5,3806185.5,2022,2,1,3,1,5,1,2,0,3,11,1,11,13,7,5,15,13,19
2820,1565,420535.5,3806212.5,2022,2,1,4,1,5,5,2,0,9,5,11,11,13,7,5,15,13,19
2849,1610,420670.5,3806125.5,2022,0,3,0,2,1,0,1,4,0,7,4,3,9,2,8,4,15,14
2820,1630,420730.5,3806212.5,2022,2,3,4,1,5,5,2,0,9,5,11,11,13,7,5,15,13,19
2847,1701,420943.5,3806131.5,2022,2,3,0,2,1,0,1,4,0,7,4,3,9,2,8,4,15,14
2822,1737,421051.5,3806206.5,2022,0,3,4,1,5,5,2,0,9,5,11,11,13,7,5,15,13,19
2824,1768,421144.5,3806200.5,2022,0,0,4,4,4,2,5,9,4,10,0,9,7,3,7,10,14,16
2829,1774,421162.5,3806185.5,2022,0,0,1,4,4,2,5,9,4,10,3,4,14,12,7,7,14,16
2822,1815,421285.5,3806206.5,2022,1,0,1,4,4,6,8,3,5,9,3,10,12,14,1,0,3,15
2848,1830,421330.5,3806128.5,2022,1,2,2,0,0,6,8,3,5,4,5,10,3,14,15,14,16,13
2843,1884,421492.5,3806143.5,2022,1,2,2,0,0,6,8,3,5,4,5,10,3,14,15,14,16,13
2829,1892,421516.5,3806185.5,2022,1,2,2,0,0,6,8,3,5,4,5,10,3,14,15,14,16,13
2844,1938,421654.5,3806140.5,2022,1,2,2,0,0,6,8,3,5,4,5,10,3,14,15,14,16,13
2829,1976,421768.5,3806185.5,2022,1,2,1,4,4,6,8,3,5,4,5,10,3,14,15,14,16,13
2830,1997,421831.5,3806182.5,2022,1,2,2,0,0,6,8,3,5,4,5,0,4,10,16,5,1,11
2840,2025,421915.5,3806152.5,2022,0,0,1,4,4,2,5,9,4,10,11,4,14,12,7,7,14,16
2844,2046,421978.5,3806140.5,2022,0,0,1,4,4,2,5,9,4,10,0,9,7,3,7,7,14,16
2831,2099,422137.5,3806179.5,2022,1,0,1,4,4,2,5,8,3,11,3,2,14,0,4,7,18,7
2839,2104,422152.5,3806155.5,2022,1,0,3,1,5,5,6,8,3,11,1,2,14,0,4,7,18,7
2828,2152,422296.5,3806188.5,2022,1,2,2,0,0,6,8,3,5,4,5,0,4,10,16,5,1,11
2823,2164,422332.5,3806203.5,2022,0,0,1,4,4,2,5,8,4,9,3,4,14,9,7,7,14,7
2827,2192,422416.5,3806191.5,2022,1,2,1,4,4,6,8,8,5,4,3,2,14,0,4,7,18,7
2831,2242,422566.5,3806179.5,2022,1,2,2,0,0,6,8,3,5,4,5,10,3,14,15,14,16,13
2828,2279,422677.5,3806188.5,2022,1,0,1,4,4,2,8,8,3,11,3,2,14,0,4,7,18,7
2838,2302,422746.5,3806158.5,2022,1,0,1,4,4,6,8,8,5,9,3,4,14,9,1,7,18,7
2825,2315,422785.5,3806197.5,2022,1,2,1,4,4,6,8,3,5,4,5,10,3,14,15,14,16,13
2820,2348,422884.5,3806212.5,2022,0,0,4,1,5,1,2,0,9,1,12,11,13,7,5,15,13,19
2832,2636,423748.5,3806176.5,2022,2,1,3,5,6,5,6,6,3,11,1,2,1,6,2,1,7,12
2831,2644,423772.5,3806179.5,2022,2,1,3,5,6,5,6,6,3,11,1,2,1,6,2,1,7,18
2820,3231,425533.5,3806212.5,2022,2,1,3,5,6,3,7,1,8,3,7,8,5,13,13,17,9,10
2848,3259,425617.5,3806128.5,2022,2,1,0,2,1,0,1,4,0,7,4,3,9,2,8,9,5,4
2838,3279,425677.5,3806158.5,2022,2,1,0,2,1,0,1,4,0,7,4,3,9,2,8,13,5,6
2827,3303,425749.5,3806191.5,2022,2,1,0,2,1,0,1,4,0,7,4,3,9,2,8,9,5,6
2834,3332,425836.5,3806170.5,2022,2,1,3,5,6,3,7,1,8,3,7,8,5,13,13,17,9,10
2868,77,416071.5,3806068.5,2022,2,1,0,2,1,0,1,4,6,0,2,12,6,11,3,4,15,14
2875,145,416275.5,3806047.5,2022,0,3,0,2,1,0,1,4,0,7,4,3,9,2,8,9,5,4
2866,167,416341.5,3806074.5,2022,2,3,0,2,1,0,1,4,0,7,4,3,9,2,8,9,5,4
2868,183,416389.5,3806068.5,2022,2,1,3,5,2,7,0,5,2,8,10,1,0,15,14,16,12,9
2854,235,416545.5,3806110.5,2022,2,3,0,2,1,0,1,4,0,7,4,3,9,2,8,9,5,4
2851,257,416611.5,3806119.5,2022,2,1,3,5,2,7,0,5,2,8,10,1,0,15,14,16,12,9
2869,276,416668.5,3806065.5,2022,0,0,1,1,5,5,5,8,4,10,11,7,14,12,7,11,14,16
2858,318,416794.5,3806098.5,2022,0,3,0,3,3,4,3,7,10,2,6,5,2,5,11,4,15,14
2858,340,416860.5,3806098.5,2022,0,3,4,3,3,4,3,7,10,2,6,5,2,5,11,2,10,5
2861,382,416986.5,3806089.5,2022,0,3,4,3,3,4,3,7,10,2,6,5,2,3,9,10,4,1
2869,403,417049.5,3806065.5,2022,0,3,4,3,3,4,3,7,10,2,6,5,2,5,11,2,10,5
2861,449,417187.5,3806089.5,2022,0,3,4,3,3,4,3,7,10,2,6,5,2,5,11,2,10,5
2864,460,417220.5,3806080.5,2022,0,3,4,3,3,4,3,7,10,2,11,7,10,5,11,4,15,14
2851,485,417295.5,3806119.5,2022,2,1,3,1,5,5,6,8,1,5,9,7,10,0,4,6,17,3
2876,535,417445.5,3806044.5,2022,0,3,4,3,3,4,3,7,10,2,6,5,2,5,11,2,10,5
2856,540,417460.5,3806104.5,2022,0,3,4,3,3,4,3,7,10,2,6,5,2,5,11,4,15,14
2867,689,417907.5,3806071.5,2022,0,3,4,3,3,4,3,7,10,2,6,5,2,3,11,10,4,1
2869,714,417982.5,3806065.5,2022,0,0,1,4,4,2,5,9,4,10,0,9,12,3,9,10,4,1
2878,736,418048.5,3806038.5,2022,0,0,4,3,3,2,5,9,4,10,0,9,12,3,9,10,4,1
2872,923,418609.5,3806056.5,2022,0,3,4,3,3,4,3,7,10,10,0,9,7,3,9,10,4,1
2868,953,418699.5,3806068.5,2022,0,3,4,3,3,4,3,7,10,10,6,9,7,3,9,10,4,1
2855,1016,418888.5,3806107.5,2022,1,0,3,1,5,5,2,0,1,5,9,11,13,7,5,15,13,19
2855,1020,418900.5,3806107.5,2022,0,3,4,1,5,5,2,6,6,0,11,7,10,12,7,4,15,14
2874,1257,419611.5,3806050.5,2022,2,3,0,1,5,1,2,0,9,2,12,11,13,7,5,15,13,19
2863,1314,419782.5,3806083.5,2022,2,3,0,2,1,0,1,4,0,7,4,3,9,2,8,9,5,4
2850,1343,419869.5,3806122.5,2022,2,1,3,1,5,1,2,0,9,0,1,11,13,6,2,15,7,19
2855,1360,419920.5,3806107.5,2022,2,1,3,5,6,5,6,6,3,11,1,2,1,6,2,1,7,18
2865,1405,420055.5,3806077.5,2022,2,1,3,5,6,5,6,6,6,0,1,2,1,6,2,1,7,18
2860,1435,420145.5,3806092.5,2022,2,3,0,2,1,0,1,4,0,7,4,3,9,2,8,9,5,4
2852,1456,420208.5,3806116.5,2022,2,1,3,5,6,5,6,6,6,0,2,12,6,11,3,13,0,6
2871,1495,420325.5,3806059.5,2022,2,1,3,1,5,5,6,6,6,0,11,7,10,12,7,6,17,3
2874,1619,420697.5,3806050.5,2022,0,0,1,1,5,5,6,8,4,10,11,7,14,12,7,7,14,7
2850,1626,420718.5,3806122.5,2022,2,3,0,2,1,4,1,7,10,2,11,7,10,12,7,4,15,14
2870,1656,420808.5,3806062.5,2022,2,3,0,2,1,0,1,4,0,0,4,3,9,2,8,4,15,14
2856,1798,421234.5,3806104.5,2022,1,2,1,0,2,7,0,5,2,8,10,1,0,15,14,16,12,9
2864,1804,421252.5,3806080.5,2022,1,2,2,0,0,6,8,3,5,4,5,10,3,14,15,14,16,13
2858,1846,421378.5,3806098.5,2022,1,0,1,4,2,7,0,5,2,8,3,1,0,15,14,16,12,9
2872,1886,421498.5,3806056.5,2022,1,2,2,0,0,6,8,3,5,4,5,0,4,10,16,5,1,11
2851,1902,421546.5,3806119.5,2022,1,2,2,0,0,6,8,3,5,1,5,0,4,10,16,5,1,11
2863,1920,421600.5,3806083.5,2022,1,2,2,0,0,6,8,3,5,4,5,10,3,14,15,14,16,13
2854,1950,421690.5,3806110.5,2022,1,2,2,0,0,6,8,3,5,4,5,10,3,14,15,14,16,13
2855,1992,421816.5,3806107.5,2022,1,2,2,0,0,6,8,3,5,4,5,10,3,14,15,14,16,13
2868,2020,421900.5,3806068.5,2022,0,0,4,1,5,2,5,9,4,10,11,7,10,12,7,11,14,16
2869,2049,421987.5,3806065.5,2022,1,2,2,0,0,6,8,3,5,4,5,10,3,14,15,14,16,13
2871,2075,422065.5,3806059.5,2022,0,0,4,3,3,2,5,9,4,10,11,9,7,3,9,10,4,1
2853,2104,422152.5,3806113.5,2022,0,0,1,4,4,2,5,8,3,11,3,7,14,0,4,7,18,7
2877,2134,422242.5,3806041.5,2022,1,2,2,0,0,6,8,3,5,4,5,10,3,14,15,14,16,13
2874,2161,422323.5,3806050.5,2022,1,0,1,4,4,2,8,8,3,11,3,4,14,0,4,7,18,7
2879,2215,422485.5,3806035.5,2022,1,2,1,0,0,6,8,8,3,11,1,2,1,0,4,7,18,7
2853,2245,422575.5,3806113.5,2022,1,2,2,0,0,6,8,3,5,4,5,10,3,14,15,14,16,13
2876,2250,422590.5,3806044.5,2022,0,0,1,4,4,2,5,8,4,9,3,4,14,9,1,7,3,7
2862,2291,422713.5,3806086.5,2022,1,2,1,4,4,6,8,8,5,11,3,0,14,0,4,7,18,7
2870,2328,422824.5,3806062.5,2022,1,2,2,0,0,6,8,8,3,11,1,2,1,6,4,1,18,18
2855,2343,422869.5,3806107.5,2022,2,1,3,1,5,5,6,6,6,0,11,7,10,0,4,6,17,3
2870,2632,423736.5,3806062.5,2022,2,1,3,5,6,5,6,6,3,11,1,2,1,6,2,6,17,3
2877,2747,424081.5,3806041.5,2022,2,1,3,5,6,5,6,6,3,11,1,2,1,6,2,1,7,18
2868,2775,424165.5,3806068.5,2022,1,1,3,1,5,5,6,8,3,11,1,2,1,0,4,6,18,3
2857,3265,425635.5,3806101.5,2022,2,1,0,2,1,0,1,4,0,7,4,3,9,2,8,9,5,4
2875,3276,425668.5,3806047.5,2022,2,1,0,2,1,0,1,4,0,7,4,3,9,2,8,9,5,6
2856,3318,425794.5,3806104.5,2022,2,1,3,5,6,3,7,1,8,3,7,8,6,11,3,13,0,6
2878,3330,425830.5,3806038.5,2022,2,1,3,5,6,3,7,1,8,3,7,12,6,11,3,13,0,6
2894,74,416062.5,3805990.5,2022,2,1,3,5,6,5,6,6,6,0,2,12,6,11,3,13,0,6
2885,101,416143.5,3806017.5,2022,2,3,0,2,1,0,1,4,0,7,4,3,9,2,8,9,5,4
2901,136,416248.5,3805969.5,2022,2,3,0,2,1,0,1,4,0,7,4,3,9,2,8,9,5,4
2884,175,416365.5,3806020.5,2022,2,3,0,2,1,0,1,4,0,7,4,3,9,2,8,4,15,14
2889,183,416389.5,3806005.5,2022,0,3,0,2,1,0,1,4,0,7,4,3,10,2,8,4,15,14
2906,225,416515.5,3805954.5,2022,2,1,3,5,2,7,0,5,2,8,10,1,0,15,14,16,12,9
2888,256,416608.5,3806008.5,2022,0,3,4,3,3,4,3,7,10,2,6,5,2,5,11,2,10,5
2902,297,416731.5,3805966.5,2022,2,3,0,2,1,0,1,4,0,7,4,3,9,2,8,4,15,14
2896,322,416806.5,3805984.5,2022,0,3,4,3,3,4,3,7,10,2,6,5,2,5,5,2,13,19
2907,354,416902.5,3805951.5,2022,0,3,4,3,3,4,3,7,10,2,6,5,2,5,11,2,10,5
2888,367,416941.5,3806008.5,2022,1,2,2,1,5,1,2,0,9,1,12,11,13,7,5,15,13,19
2907,394,417022.5,3805951.5,2022,2,3,0,1,5,4,2,0,9,0,11,11,13,7,5,15,13,19
2880,427,417121.5,3806032.5,2022,0,0,1,4,4,2,5,9,4,10,11,7,14,12,7,11,14,16
2881,478,417274.5,3806029.5,2022,2,3,0,2,1,5,6,6,6,0,11,7,10,12,7,4,15,14
2886,485,417295.5,3806014.5,2022,0,3,4,1,3,4,3,7,10,2,11,7,10,1,0,4,15,14
2888,516,417388.5,3806008.5,2022,0,3,4,1,5,4,3,7,10,2,11,7,10,1,0,4,15,14
2902,563,417529.5,3805966.5,2022,0,3,4,3,3,4,3,7,10,2,6,5,2,5,11,2,10,5
2883,707,417961.5,3806023.5,2022,0,0,4,3,4,2,5,9,4,10,0,9,12,3,9,10,4,1
2892,743,418069.5,3805996.5,2022,0,0,1,4,4,2,5,9,4,10,0,9,12,3,9,10,4,1
2889,754,418102.5,3806005.5,2022,0,0,1,3,4,2,5,9,4,10,0,9,12,3,9,10,4,1
2897,1079,419077.5,3805981.5,2022,1,2,2,0,0,1,4,2,9,1,12,11,13,7,5,15,13,19
2891,1097,419131.5,3805999.5,2022,0,3,0,2,1,0,1,4,0,7,4,3,9,2,8,9,5,4
2908,1280,419680.5,3805948.5,2022,2,3,0,2,1,0,1,4,0,7,4,3,9,2,8,9,5,4
2897,1302,419746.5,3805981.5,2022,2,3,0,2,1,0,1,4,0,7,4,3,9,2,8,9,5,4
2908,1344,419872.5,3805948.5,2022,2,1,3,5,6,5,6,6,3,11,1,2,1,6,2,1,7,18
2882,1375,419965.5,3806026.5,2022,2,1,3,1,5,5,2,0,6,0,2,11,13,7,5,15,13,19
2899,1398,420034.5,3805975.5,2022,2,1,3,5,6,5,6,6,6,0,2,12,6,11,3,13,0,12
2880,1609,420667.5,3806032.5,2022,1,1,3,5,2,7,0,5,2,8,10,1,0,15,14,16,12,9
2907,1628,420724.5,3805951.5,2022,1,2,2,1,5,1,2,0,9,1,12,11,13,7,5,15,13,19
2889,1799,421237.5,3806005.5,2022,1,0,1,4,4,2,5,8,4,9,3,4,14,9,1,7,3,7
2898,1819,421297.5,3805978.5,2022,1,2,2,0,0,6,8,3,5,4,5,0,4,10,16,5,1,11
2890,1849,421387.5,3806002.5,2022,0,0,1,4,4,2,5,9,4,10,3,4,14,9,1,7,14,7
2898,1868,421444.5,3805978.5,2022,1,2,2,0,0,6,8,3,5,4,5,10,3,14,15,14,16,13
2904,1903,421549.5,3805960.5,2022,1,2,2,0,0,6,8,3,5,4,5,0,4,14,16,14,1,13
2880,1938,421654.5,3806032.5,2022,1,2,2,0,0,6,8,3,5,4,5,10,3,14,15,14,16,13
2892,1955,421705.5,3805996.5,2022,1,2,2,0,0,6,8,3,5,4,5,10,3,14,15,14,16,13
2896,1983,421789.5,3805984.5,2022,1,2,2,0,0,6,8,3,5,4,5,10,3,14,15,14,16,13
2890,2020,421900.5,3806002.5,2022,1,2,3,1,5,5,6,8,3,11,1,2,1,0,4,1,18,18
2899,2053,421999.5,3805975.5,2022,0,0,1,4,4,2,5,9,4,10,0,9,7,3,9,10,4,1
2905,2086,422098.5,3805957.5,2022,1,0,1,4,4,2,8,8,4,9,3,4,14,9,1,7,18,7
2890,2118,422194.5,3806002.5,2022,0,0,1,4,4,2,5,8,4,9,3,4,14,9,1,7,3,7
2901,2132,422236.5,3805969.5,2022,1,0,1,4,4,2,5,8,3,9,3,4,14,0,4,7,18,7
2898,2185,422395.5,3805978.5,2022,1,0,1,4,4,2,8,8,3,9,3,4,14,0,4,7,18,7
2904,2193,422419.5,3805960.5,2022,1,0,1,4,4,2,5,8,3,11,3,4,14,0,4,7,18,7
2897,2221,422503.5,3805981.5,2022,1,0,1,4,6,5,6,8,3,11,1,2,14,0,4,7,18,7
2886,2271,422653.5,3806014.5,2022,1,0,1,4,4,5,6,8,3,11,1,2,1,0,4,7,18,7
2901,2307,422761.5,3805969.5,2022,1,0,1,4,4,2,8,8,3,11,3,2,14,0,4,7,18,7
2889,2314,422782.5,3806005.5,2022,1,0,1,4,4,2,5,8,3,9,3,4,14,0,4,7,18,7
2895,2343,422869.5,3805987.5,2022,1,0,1,4,4,2,8,8,3,9,3,4,14,0,4,7,18,7
2908,2447,423181.5,3805948.5,2022,0,0,1,4,4,2,5,9,4,9,0,4,14,9,1,7,14,16
2887,2674,423862.5,3806011.5,2022,2,1,3,5,6,5,6,6,3,11,1,2,1,6,2,1,7,12
2905,2772,424156.5,3805957.5,2022,1,2,3,5,6,3,4,2,3,11,1,2,1,6,2,1,7,18
2902,3223,425509.5,3805966.5,2022,2,1,0,2,6,0,1,6,6,0,2,12,6,11,3,13,0,6
2908,3265,425635.5,3805948.5,2022,2,1,0,2,1,0,1,4,0,7,4,3,9,2,8,9,5,4
2880,3299,425737.5,3806032.5,2022,2,1,3,5,6,5,6,6,6,0,2,12,6,11,3,13,0,6
2887,3311,425773.5,3806011.5,2022,2,1,0,2,1,0,1,4,0,7,4,3,9,2,8,9,5,6
2881,3331,425833.5,3806029.5,2022,2,1,3,5,6,3,7,1,8,3,7,8,5,13,13,17,9,10
2926,5,415855.5,3805894.5,2022,1,1,3,5,2,7,0,5,2,8,10,1,0,15,14,16,12,9
2937,83,416089.5,3805861.5,2022,2,3,0,2,1,0,1,4,0,7,4,3,9,2,8,4,15,14
2937,109,416167.5,3805861.5,2022,2,3,0,2,1,0,1,4,0,7,4,3,9,2,8,4,15,14
2918,144,416272.5,3805918.5,2022,2,3,0,2,1,0,1,4,0,7,4,3,9,2,8,9,5,4
2932,179,416377.5,3805876.5,2022,2,3,0,2,1,0,1,6,6,0,11,7,10,12,7,4,15,14
2925,181,416383.5,3805897.5,2022,2,3,0,2,1,0,1,4,0,7,11,7,10,12,7,4,15,14
2931,211,416473.5,3805879.5,2022,2,0,1,4,2,7,0,5,2,8,10,1,0,15,14,16,12,9
2938,244,416572.5,3805858.5,2022,0,3,0,2,1,0,1,4,0,7,4,3,9,2,8,9,5,4
2937,287,416701.5,3805861.5,2022,0,3,0,2,1,0,1,4,0,7,4,3,9,2,8,4,15,14
2934,301,416743.5,3805870.5,2022,0,3,0,2,3,4,3,7,10,2,6,5,2,5,11,4,15,14
2938,336,416848.5,3805858.5,2022,0,3,0,2,1,0,1,4,0,7,4,3,9,2,8,4,15,14
2937,371,416953.5,3805861.5,2022,1,1,3,5,2,7,0,5,2,8,10,1,0,15,14,16,12,9
2937,410,417070.5,3805861.5,2022,0,3,0,2,1,0,1,4,0,7,4,3,9,2,8,9,5,4
2935,449,417187.5,3805867.5,2022,0,3,4,3,3,4,3,7,10,2,6,5,2,5,11,4,15,14
2938,467,417241.5,3805858.5,2022,0,3,4,3,3,4,3,7,10,2,6,5,2,5,11,4,15,14
2939,480,417280.5,3805855.5,2022,0,3,4,3,5,5,5,9,4,10,11,7,10,12,7,4,14,14
2922,564,417532.5,3805906.5,2022,0,3,4,3,3,4,3,7,10,2,6,5,2,5,11,2,10,5
2930,576,417568.5,3805882.5,2022,0,3,4,3,3,4,3,7,10,2,6,5,2,5,11,2,10,5
2921,616,417688.5,3805909.5,2022,0,3,4,3,3,4,3,7,10,2,6,5,2,5,11,2,10,5
2929,685,417895.5,3805885.5,2022,1,1,3,5,6,5,6,8,3,11,1,2,1,0,4,1,18,12
2928,719,417997.5,3805888.5,2022,0,3,4,3,3,4,3,7,10,10,6,9,7,3,9,10,4,1
2923,727,418021.5,3805903.5,2022,0,0,1,4,4,2,5,9,4,10,0,9,12,3,9,10,4,1
2918,773,418159.5,3805918.5,2022,0,3,4,3,3,4,3,7,10,2,6,5,2,5,11,10,4,1
2916,780,418180.5,3805924.5,2022,0,3,4,3,3,4,3,7,10,2,11,7,10,12,7,4,15,14
2933,1041,418963.5,3805873.5,2022,0,0,1,4,4,2,5,8,4,9,11,4,14,12,7,7,14,16
2925,1104,419152.5,3805897.5,2022,0,3,4,3,3,4,3,7,10,10,11,7,7,12,7,11,14,16
2921,1138,419254.5,3805909.5,2022,2,3,0,2,1,0,1,4,0,7,4,3,9,2,8,9,5,4
2927,1195,419425.5,3805891.5,2022,2,1,3,1,5,1,2,0,9,0,2,11,13,7,5,15,13,19
2930,1205,419455.5,3805882.5,2022,2,1,3,1,6,5,6,6,6,0,1,11,13,6,5,15,13,19
2929,1257,419611.5,3805885.5,2022,2,1,3,5,6,5,6,6,6,0,2,12,6,11,3,13,0,6
2928,1281,419683.5,3805888.5,2022,2,3,0,2,1,0,1,4,0,7,4,3,9,2,8,9,5,4
2938,1316,419788.5,3805858.5,2022,2,3,4,1,5,5,6,6,6,0,11,7,10,1,0,4,15,14
2932,1334,419842.5,3805876.5,2022,2,3,0,2,1,0,1,4,0,7,4,3,9,2,8,4,15,14
2938,1351,419893.5,3805858.5,2022,0,3,0,2,1,0,1,4,0,7,4,3,9,2,8,4,15,4
2916,1390,420010.5,3805924.5,2022,2,3,4,1,5,4,3,0,6,0,11,7,10,12,7,4,15,14
2931,1410,420070.5,3805879.5,2022,1,2,3,1,5,5,2,8,3,11,1,2,1,0,4,7,18,18
2939,1469,420247.5,3805855.5,2022,0,3,4,3,3,4,3,7,10,2,6,5,2,5,11,2,10,5
2939,1487,420301.5,3805855.5,2022,0,3,0,3,3,4,3,7,10,2,6,5,2,5,11,4,15,14
2938,1548,420484.5,3805858.5,2022,0,3,4,3,3,4,5,9,4,10,11,7,7,12,7,11,14,16
2911,1619,420697.5,3805939.5,2022,1,0,1,4,4,2,8,8,3,11,3,2,14,0,4,7,18,7
2912,1620,420700.5,3805936.5,2022,1,2,1,4,4,6,8,8,5,4,3,0,14,4,12,7,18,7
2932,1650,420790.5,3805876.5,2022,2,0,3,1,5,5,6,8,3,11,11,7,14,12,7,6,14,3
2938,1681,420883.5,3805858.5,2022,0,3,4,3,3,4,3,7,10,2,0,9,2,3,9,10,4,1
2936,1797,421231.5,3805864.5,2022,1,2,3,1,5,5,2,8,3,11,1,2,1,0,4,7,18,7
2939,1801,421243.5,3805855.5,2022,1,2,2,1,5,1,8,8,9,1,12,0,4,10,16,5,1,7
2925,1853,421399.5,3805897.5,2022,1,0,1,4,4,6,8,3,5,4,5,0,4,10,16,5,1,11
2914,1865,421435.5,3805930.5,2022,1,2,1,4,4,6,8,3,5,4,5,0,4,10,16,5,1,11
2922,1919,421597.5,3805906.5,2022,1,0,1,4,4,2,8,3,9,1,12,0,4,10,16,5,1,11
2932,1948,421684.5,3805876.5,2022,1,0,1,4,4,2,8,3,5,9,3,4,14,9,1,7,3,7
2930,1976,421768.5,3805882.5,2022,1,0,1,4,4,2,8,3,5,9,3,4,12,9,1,0,3,15
2932,2006,421858.5,3805876.5,2022,1,2,2,0,0,6,8,3,5,4,5,10,3,14,15,14,16,13
2939,2027,421921.5,3805855.5,2022,1,2,2,0,0,1,2,0,9,1,12,11,13,7,16,15,1,18
2931,2058,422014.5,3805879.5,2022,1,0,1,4,4,2,5,8,4,1,3,0,14,10,16,7,1,7
2932,2092,422116.5,3805876.5,2022,1,0,1,4,4,2,5,8,3,11,3,2,14,0,4,7,18,7
2936,2121,422203.5,3805864.5,2022,0,0,4,1,5,4,2,0,9,10,11,7,10,12,5,11,13,19
2918,2140,422260.5,3805918.5,2022,1,0,1,4,4,2,5,9,4,9,3,4,14,9,1,0,3,7
2910,2182,422386.5,3805942.5,2022,1,2,2,0,0,6,4,2,7,4,5,6,3,8,10,3,8,8
2939,2192,422416.5,3805855.5,2022,0,0,1,1,5,5,2,8,3,11,11,7,14,12,7,7,14,7
2911,2234,422542.5,3805939.5,2022,1,0,1,4,4,2,5,8,3,11,3,2,14,0,4,7,18,7
2911,2271,422653.5,3805939.5,2022,1,1,3,5,6,5,6,8,3,11,1,2,1,0,4,7,18,7
2910,2291,422713.5,3805942.5,2022,2,1,3,5,6,5,6,8,3,11,1,2,1,0,4,7,18,12
2920,2330,422830.5,3805912.5,2022,0,0,1,4,4,2,5,9,4,10,0,9,7,3,9,10,4,1
2933,2349,422887.5,3805873.5,2022,1,0,1,4,4,2,5,8,3,11,3,4,14,0,4,7,18,7
2936,2375,422965.5,3805864.5,2022,0,0,1,4,4,2,5,9,4,9,3,4,14,9,1,0,3,15
2929,2410,423070.5,3805885.5,2022,1,0,1,4,4,2,5,8,3,9,3,4,14,0,4,7,18,7
2926,2434,423142.5,3805894.5,2022,1,2,3,5,6,5,6,8,3,11,1,2,1,6,2,1,7,18
2936,2474,423262.5,3805864.5,2022,0,0,1,4,4,2,5,8,4,9,3,4,14,0,4,7,18,7
2933,2499,423337.5,3805873.5,2022,2,1,3,1,5,5,6,6,6,0,11,7,10,0,4,6,17,3
2929,2547,423481.5,3805885.5,2022,1,1,3,5,6,5,6,8,3,11,1,2,1,0,4,1,18,12
2934,2565,423535.5,3805870.5,2022,1,1,3,5,6,5,6,8,3,11,1,2,1,0,4,1,18,12
2936,2593,423619.5,3805864.5,2022,2,0,3,4,6,5,6,8,3,11,1,2,14,0,4,7,18,7
2932,2621,423703.5,3805876.5,2022,1,2,1,4,0,6,8,8,3,11,1,2,14,0,4,7,18,7
2936,2647,423781.5,3805864.5,2022,2,1,3,5,6,5,6,6,3,11,1,2,1,0,4,6,18,12
2936,2686,423898.5,3805864.5,2022,1,2,2,0,0,6,8,8,3,11,1,2,1,0,4,1,18,18
2928,2700,423940.5,3805888.5,2022,1,2,2,0,0,6,8,8,3,11,1,2,1,6,2,1,7,18
2939,2756,424108.5,3805855.5,2022,1,2,3,5,6,5,6,8,3,11,1,2,1,6,2,1,7,18
2935,2777,424171.5,3805867.5,2022,1,1,3,5,6,5,6,8,3,11,1,2,1,0,4,1,18,18
2930,2806,424258.5,3805882.5,2022,1,1,3,5,6,5,6,8,3,11,1,2,1,0,4,1,18,12
2930,2889,424507.5,3805882.5,2022,2,1,3,5,6,5,6,6,3,11,1,2,1,6,2,1,7,12
2934,2934,424642.5,3805870.5,2022,2,1,3,5,6,3,7,1,8,3,7,8,5,13,13,17,9,10
2939,2942,424666.5,3805855.5,2022,2,1,3,5,6,3,7,1,8,3,2,12,6,11,3,13,0,12
2932,2992,424816.5,3805876.5,2022,2,1,3,5,6,3,7,1,8,3,7,8,5,13,13,17,9,10
2938,3076,425068.5,3805858.5,2022,2,1,3,5,6,3,7,1,8,3,7,8,5,13,13,17,9,10
2933,3177,425371.5,3805873.5,2022,2,1,0,2,1,0,1,4,0,7,4,3,9,2,8,9,5,4
2936,3194,425422.5,3805864.5,2022,2,1,3,5,6,3,7,1,8,3,7,8,5,13,13,17,9,10
2916,3222,425506.5,3805924.5,2022,2,1,0,2,1,0,1,4,0,7,4,3,9,2,8,13,5,6
2934,3240,425560.5,3805870.5,2022,2,1,3,5,6,3,7,1,8,3,7,8,5,13,13,17,9,10
2920,3281,425683.5,3805912.5,2022,2,1,3,5,6,0,6,6,6,0,2,12,6,11,3,13,0,6
2916,3305,425755.5,3805924.5,2022,2,1,3,5,6,3,7,1,8,3,7,8,5,13,13,17,9,10
2934,3330,425830.5,3805870.5,2022,2,1,3,5,6,3,7,1,8,3,7,8,5,13,13,17,9,10
2966,2,415846.5,3805774.5,2022,0,3,0,2,1,0,1,4,0,7,4,3,9,2,8,9,5,4
2964,58,416014.5,3805780.5,2022,2,1,0,2,1,0,1,6,6,0,2,12,6,11,3,4,15,14
2969,74,416062.5,3805765.5,2022,2,1,3,5,2,7,0,5,2,8,10,1,0,15,14,16,12,9
2957,110,416170.5,3805801.5,2022,2,3,0,2,1,0,1,4,0,7,4,3,9,2,8,9,5,4
2960,145,416275.5,3805792.5,2022,0,3,0,2,1,0,1,4,0,7,4,3,9,2,8,4,15,14
2969,179,416377.5,3805765.5,2022,0,3,4,3,3,4,2,0,9,2,6,11,13,7,5,15,13,19
2950,189,416407.5,3805822.5,2022,0,3,0,3,3,4,3,7,10,2,6,5,2,5,11,2,10,5
2962,236,416548.5,3805786.5,2022,0,3,0,2,1,0,1,4,0,7,4,3,9,2,8,9,5,4
2944,250,416590.5,3805840.5,2022,0,3,4,3,3,4,3,7,10,2,6,5,2,5,11,2,10,5
2961,281,416683.5,3805789.5,2022,0,3,0,2,3,4,3,7,10,2,6,5,2,5,11,2,10,5
2968,304,416752.5,3805768.5,2022,0,3,0,2,1,0,1,4,0,7,4,3,9,2,8,4,15,14
2954,352,416896.5,3805810.5,2022,0,3,4,3,3,4,3,7,10,2,6,5,2,5,11,4,15,14
2961,372,416956.5,3805789.5,2022,2,3,0,2,1,0,1,4,0,7,4,3,9,2,8,4,15,14
2945,409,417067.5,3805837.5,2022,0,3,0,2,1,0,1,4,0,7,4,3,9,2,8,4,15,14
2961,436,417148.5,3805789.5,2022,2,3,0,2,1,0,1,4,0,7,4,3,9,2,8,4,15,14
2960,451,417193.5,3805792.5,2022,2,3,0,2,1,0,1,4,0,7,11,7,10,12,7,4,15,14
2959,483,417289.5,3805795.5,2022,2,3,0,2,1,0,1,4,0,0,11,7,10,2,8,4,15,14
2954,534,417442.5,3805810.5,2022,0,3,0,2,1,4,3,7,10,2,6,5,2,5,11,2,10,5
2962,543,417469.5,3805786.5,2022,0,3,4,3,3,4,3,7,10,2,11,7,10,12,7,4,15,14
2940,572,417556.5,3805852.5,2022,0,3,4,3,3,4,3,7,10,2,6,7,10,1,0,4,15,14
2967,601,417643.5,3805771.5,2022,0,3,0,3,3,4,3,7,10,2,6,5,2,5,11,2,10,5
2962,640,417760.5,3805786.5,2022,0,3,0,2,1,0,1,4,0,7,4,3,9,2,8,4,15,14
2955,735,418045.5,3805807.5,2022,0,3,4,3,3,4,3,7,10,10,0,9,7,3,9,10,4,1
2940,772,418156.5,3805852.5,2022,2,3,0,2,1,0,1,4,0,7,4,3,9,2,8,9,5,4
2941,1039,418957.5,3805849.5,2022,0,3,4,3,3,4,3,7,10,10,11,7,10,12,7,4,15,14
2966,1050,418990.5,3805774.5,2022,2,1,3,5,6,5,6,8,3,11,1,2,1,0,4,6,18,12
2942,1107,419161.5,3805846.5,2022,2,1,3,1,5,5,2,0,6,0,2,11,13,7,5,15,13,19
2968,1224,419512.5,3805768.5,2022,0,3,4,2,1,4,3,7,10,2,6,5,2,5,11,4,15,14
2963,1232,419536.5,3805783.5,2022,2,1,0,1,5,5,2,0,6,0,2,11,13,7,5,15,13,19
2967,1268,419644.5,3805771.5,2022,2,1,3,1,5,5,6,6,6,0,2,7,10,11,3,6,17,3
2946,1313,419779.5,3805834.5,2022,1,2,2,0,0,1,4,2,3,11,1,2,1,6,2,1,7,18
2953,1344,419872.5,3805813.5,2022,1,0,1,1,5,5,6,8,3,11,1,2,14,0,4,7,18,7
2957,1363,419929.5,3805801.5,2022,1,2,2,0,0,1,4,2,7,6,8,6,8,8,10,3,8,18
2948,1386,419998.5,3805828.5,2022,1,2,2,0,0,6,8,3,5,4,5,10,3,14,15,14,16,13
2959,1413,420079.5,3805795.5,2022,0,0,4,1,5,1,2,0,9,1,12,11,13,7,5,15,13,19
2942,1468,420244.5,3805846.5,2022,0,3,4,3,3,4,3,7,10,2,6,5,2,5,11,2,10,5
2941,1471,420253.5,3805849.5,2022,1,0,1,4,2,7,0,5,2,8,10,1,0,15,14,16,12,9
2959,1507,420361.5,3805795.5,2022,0,3,4,1,5,1,2,0,9,1,12,11,13,7,5,15,13,19
2969,1572,420556.5,3805765.5,2022,1,2,2,0,0,6,8,3,5,4,5,10,3,14,15,14,16,13
2960,1609,420667.5,3805792.5,2022,1,0,1,4,4,2,5,9,9,1,12,0,4,10,16,5,1,11
2966,1620,420700.5,3805774.5,2022,1,2,2,0,0,1,8,3,9,1,12,0,4,10,16,5,1,11
2948,1675,420865.5,3805828.5,2022,0,0,4,3,4,2,5,9,4,10,11,9,7,12,7,11,14,16
2940,1682,420886.5,3805852.5,2022,0,0,4,3,4,2,5,9,4,10,0,9,12,3,9,10,4,1
2953,1719,420997.5,3805813.5,2022,1,2,2,1,5,1,2,0,9,5,9,11,13,7,6,15,11,0
2943,1787,421201.5,3805843.5,2022,1,2,2,0,0,1,8,3,9,1,12,0,4,10,16,5,1,11
2942,1800,421240.5,3805846.5,2022,1,2,2,4,4,2,8,3,9,1,12,0,4,10,16,5,1,11
2940,1833,421339.5,3805852.5,2022,1,0,2,1,5,1,2,0,9,1,12,11,13,7,5,15,13,19
2957,1915,421585.5,3805801.5,2022,1,2,2,0,0,6,8,3,5,1,5,0,4,10,16,5,1,11
2956,1920,421600.5,3805804.5,2022,1,2,2,0,0,1,8,3,9,1,12,0,4,10,16,5,1,11
2942,1965,421735.5,3805846.5,2022,1,2,2,0,0,6,8,3,5,4,5,10,3,14,15,14,16,13
2954,1993,421819.5,3805810.5,2022,1,2,2,0,0,6,4,2,7,6,8,6,8,8,10,3,8,8
2968,2021,421903.5,3805768.5,2022,1,0,1,4,4,2,8,8,3,11,3,4,14,0,4,7,18,7
2969,2050,421990.5,3805765.5,2022,0,3,0,2,1,0,1,4,0,7,11,7,10,12,7,4,15,14
2941,2094,422122.5,3805849.5,2022,0,0,1,4,4,2,5,9,4,9,3,4,14,9,7,7,14,7
2950,2101,422143.5,3805822.5,2022,0,3,4,1,5,4,2,0,9,1,11,11,13,7,5,11,13,19
2968,2143,422269.5,3805768.5,2022,0,0,4,1,5,5,2,0,9,10,11,7,10,12,7,11,14,19
2944,2170,422350.5,3805840.5,2022,0,0,4,1,5,2,2,0,1,10,11,7,10,12,7,11,14,16
2954,2194,422422.5,3805810.5,2022,0,1,4,1,5,1,2,0,9,1,12,11,13,7,5,15,13,19
2950,2245,422575.5,3805822.5,2022,2,0,1,1,5,5,6,8,3,11,11,7,14,0,4,7,18,7
2958,2254,422602.5,3805798.5,2022,0,0,1,4,4,2,5,8,4,9,3,4,14,9,1,7,14,7
2940,2285,422695.5,3805852.5,2022,0,0,1,4,4,2,5,9,4,10,11,7,14,12,7,7,14,16
2944,2310,422770.5,3805840.5,2022,1,0,1,4,4,6,8,8,3,11,3,2,14,0,4,7,18,7
2954,2359,422917.5,3805810.5,2022,0,0,1,4,4,2,5,9,4,10,11,4,14,12,7,7,14,7
2954,2373,422959.5,3805810.5,2022,0,0,1,4,4,2,5,8,4,9,3,4,14,9,4,7,18,7
2953,2412,423076.5,3805813.5,2022,2,1,3,1,5,5,6,6,6,0,11,7,10,12,7,4,15,14
2953,2441,423163.5,3805813.5,2022,2,1,3,5,6,5,6,8,3,11,1,2,14,0,4,7,18,7
2947,2473,423259.5,3805831.5,2022,1,0,1,4,4,2,8,8,5,9,3,4,14,9,1,7,3,7
2953,2516,423388.5,3805813.5,2022,2,0,1,4,4,5,6,8,3,11,3,4,14,0,4,7,18,7
2954,2529,423427.5,3805810.5,2022,1,0,1,4,4,6,8,8,3,11,3,4,14,0,4,7,18,7
2954,2576,423568.5,3805810.5,2022,2,1,3,5,6,5,6,6,6,0,2,12,6,0,4,6,17,12
2950,2608,423664.5,3805822.5,2022,1,1,3,5,6,5,6,8,3,11,3,2,14,0,4,7,18,7
2944,2628,423724.5,3805840.5,2022,2,1,3,5,6,5,6,8,3,11,1,2,1,0,4,7,18,12
2954,2668,423844.5,3805810.5,2022,2,1,3,5,6,5,6,8,3,11,1,2,1,0,4,1,18,12
2960,2670,423850.5,3805792.5,2022,1,2,2,0,0,6,8,8,3,4,1,2,3,14,15,14,18,18
2949,2707,423961.5,3805825.5,2022,1,2,2,0,0,6,4,2,3,11,1,2,1,6,2,1,7,18
2968,2748,424084.5,3805768.5,2022,1,1,3,5,6,3,7,1,8,3,1,2,1,6,2,1,7,18
2961,2778,424174.5,3805789.5,2022,1,1,3,5,6,5,6,8,3,11,1,2,1,6,2,1,7,18
2954,2826,424318.5,3805810.5,2022,1,2,3,5,6,6,6,8,3,11,1,2,1,6,2,1,7,18
2947,2892,424516.5,3805831.5,2022,2,1,3,5,6,3,6,6,8,3,2,12,1,11,3,1,0,12
2942,2918,424594.5,3805846.5,2022,2,1,3,5,6,3,6,6,6,0,2,12,6,11,3,13,0,12
2940,2947,424681.5,3805852.5,2022,2,1,3,5,6,3,7,1,8,3,7,8,5,13,13,17,9,10
2953,3075,425065.5,3805813.5,2022,2,1,3,5,6,3,7,6,6,0,2,12,6,11,3,13,0,6
2965,3151,425293.5,3805777.5,2022,2,1,3,5,6,3,7,1,8,3,7,8,5,13,13,17,9,10
2942,3187,425401.5,3805846.5,2022,2,1,3,5,6,3,7,1,8,3,7,8,5,13,13,17,9,10
2947,3227,425521.5,3805831.5,2022,2,1,3,5,6,3,7,1,8,3,7,8,5,13,13,17,9,10
2949,3265,425635.5,3805825.5,2022,2,1,3,5,6,3,7,1,8,3,7,8,5,13,13,17,9,10
2964,3296,425728.5,3805780.5,2022,2,1,3,5,6,3,7,1,8,3,7,8,5,13,13,17,9,10
2958,3300,425740.5,3805798.5,2022,2,1,3,5,6,3,7,1,8,3,7,8,5,13,13,17,9,10
2966,3333,425839.5,3805774.5,2022,2,1,3,5,6,3,7,1,8,3,7,8,5,13,13,13,0,6
2999,18,415894.5,3805675.5,2022,0,3,0,2,1,0,1,4,0,7,4,3,9,2,8,9,5,4
2971,50,415990.5,3805759.5,2022,2,3,0,2,1,0,1,4,0,7,4,3,9,2,8,9,5,4
2982,82,416086.5,3805726.5,2022,2,3,0,2,1,0,1,4,0,7,4,3,9,2,8,9,5,4
2988,99,416137.5,3805708.5,2022,2,3,0,2,1,0,1,4,0,7,4,3,9,2,8,4,15,14
2982,148,416284.5,3805726.5,2022,2,3,0,2,1,0,1,4,0,7,4,3,9,2,8,4,15,14
2979,170,416350.5,3805735.5,2022,0,3,0,2,1,0,1,4,0,7,4,3,9,2,8,4,15,4
2975,198,416434.5,3805747.5,2022,0,3,0,2,1,0,1,4,0,7,4,3,9,2,8,9,5,4
2972,217,416491.5,3805756.5,2022,0,3,4,3,3,4,3,7,10,2,6,5,2,5,11,4,15,14
2983,242,416566.5,3805723.5,2022,0,3,0,2,1,0,1,4,0,7,4,3,9,2,8,4,15,14
2977,289,416707.5,3805741.5,2022,0,3,0,2,1,0,1,4,0,7,4,3,9,2,8,9,5,4
2997,302,416746.5,3805681.5,2022,0,3,0,2,1,0,1,4,0,7,4,3,9,2,8,9,5,4
2997,346,416878.5,3805681.5,2022,0,3,4,3,3,4,2,0,9,2,12,11,13,7,5,15,13,19
2987,368,416944.5,3805711.5,2022,0,3,0,3,3,4,3,7,10,2,6,5,2,5,11,2,10,5
2978,399,417037.5,3805738.5,2022,0,3,0,3,3,4,3,7,10,2,6,5,2,5,11,2,10,5
2972,438,417154.5,3805756.5,2022,1,2,2,0,0,1,4,2,3,11,1,2,1,6,2,1,7,18
2984,462,417226.5,3805720.5,2022,2,3,0,2,1,0,1,4,0,7,4,3,9,2,8,9,5,4
2976,496,417328.5,3805744.5,2022,0,3,0,2,1,4,1,7,6,0,11,7,10,12,7,4,15,14
2997,513,417379.5,3805681.5,2022,0,3,0,2,1,0,1,4,0,7,4,3,9,2,8,9,5,4
2991,540,417460.5,3805699.5,2022,0,3,0,2,1,0,1,4,0,7,4,3,9,2,8,9,5,4
2982,586,417598.5,3805726.5,2022,0,0,4,3,3,2,5,9,4,10,0,9,7,3,9,10,4,1
2984,600,417640.5,3805720.5,2022,1,2,2,0,0,6,8,3,5,4,5,10,3,14,15,14,16,13
2983,643,417769.5,3805723.5,2022,0,3,4,1,5,4,2,0,9,2,11,11,13,7,5,15,13,19
2997,1058,419014.5,3805681.5,2022,2,1,0,2,1,0,1,6,6,0,2,12,6,11,3,13,0,6
2998,1080,419080.5,3805678.5,2022,2,1,0,2,1,0,1,4,0,7,4,3,9,2,8,4,15,14
2999,1120,419200.5,3805675.5,2022,2,1,0,2,1,0,1,4,0,0,4,11,13,2,5,15,13,6
2990,1191,419413.5,3805702.5,2022,2,3,0,2,1,0,1,6,6,0,11,7,10,1,0,4,15,14
2997,1229,419527.5,3805681.5,2022,2,1,0,1,5,5,2,0,6,0,2,11,13,7,5,15,13,19
2984,1258,419614.5,3805720.5,2022,2,1,3,5,6,5,6,8,3,11,1,2,1,0,4,6,18,12
2978,1273,419659.5,3805738.5,2022,1,0,1,4,6,5,6,8,3,11,3,2,14,0,4,7,18,7
2999,1292,419716.5,3805675.5,2022,1,2,3,5,6,1,4,2,3,11,1,2,1,6,2,1,7,18
2975,1347,419881.5,3805747.5,2022,1,2,2,0,0,6,4,2,3,11,1,2,1,6,2,1,7,18
2970,1355,419905.5,3805762.5,2022,1,2,2,0,0,6,8,8,5,4,5,13,3,4,12,12,6,17
2980,1526,420418.5,3805732.5,2022,1,0,1,4,4,2,8,8,5,9,3,13,12,9,1,7,3,15
2977,1545,420475.5,3805741.5,2022,1,0,1,4,4,6,8,3,5,4,5,10,3,14,15,14,16,13
2981,1573,420559.5,3805729.5,2022,1,2,1,4,0,6,8,3,5,4,5,10,3,14,15,14,16,13
2987,1592,420616.5,3805711.5,2022,1,0,1,4,4,2,5,9,4,9,3,4,12,9,1,0,3,15
2996,1627,420721.5,3805684.5,2022,1,0,1,4,4,6,8,3,5,4,5,10,3,14,15,14,16,13
2987,1653,420799.5,3805711.5,2022,1,2,1,4,4,6,8,3,5,4,5,10,3,14,15,14,16,13
2991,1684,420892.5,3805699.5,2022,1,0,1,4,4,2,5,9,4,9,3,4,12,9,1,0,3,15
2986,1711,420973.5,3805714.5,2022,0,0,1,4,4,2,5,3,4,9,0,4,12,9,1,0,3,15
2977,1769,421147.5,3805741.5,2022,1,2,2,0,0,6,8,8,5,4,5,10,3,14,15,14,16,13
2996,1781,421183.5,3805684.5,2022,1,0,1,4,4,2,8,3,5,1,12,0,4,10,16,5,1,11
2999,1866,421438.5,3805675.5,2022,1,2,2,0,0,1,2,0,9,1,12,0,4,10,16,15,1,11
2991,1913,421579.5,3805699.5,2022,1,2,2,0,0,6,8,3,5,4,5,0,4,10,16,5,1,11
2977,1947,421681.5,3805741.5,2022,0,0,4,3,4,2,5,9,9,10,0,9,7,3,9,10,4,1
2987,1951,421693.5,3805711.5,2022,0,0,1,4,4,2,5,9,4,10,0,9,7,3,9,10,4,1
2994,1989,421807.5,3805690.5,2022,0,0,1,4,4,2,5,9,4,1,0,0,4,10,16,5,1,11
2998,2039,421957.5,3805678.5,2022,1,0,1,4,4,2,5,9,9,1,12,0,4,10,16,5,1,11
2972,2050,421990.5,3805756.5,2022,0,3,0,2,1,4,1,7,10,2,11,7,10,12,7,4,15,14
2978,2119,422197.5,3805738.5,2022,0,3,4,3,3,4,3,7,10,2,6,5,2,5,11,4,15,14
2999,2202,422446.5,3805675.5,2022,0,3,4,1,5,5,2,0,9,10,11,7,10,12,7,11,13,19
2989,2239,422557.5,3805705.5,2022,2,3,4,1,5,4,2,0,6,0,11,7,10,12,5,4,13,19
2978,2279,422677.5,3805738.5,2022,0,3,4,1,5,5,6,6,6,0,11,7,10,12,7,4,15,14
2977,2309,422767.5,3805741.5,2022,0,3,4,3,3,4,3,9,10,10,11,9,7,3,9,10,4,1
2993,2335,422845.5,3805693.5,2022,0,0,1,4,4,2,5,9,4,9,3,4,14,9,1,7,3,7
2990,2341,422863.5,3805702.5,2022,1,0,1,4,4,2,5,8,4,9,3,4,14,9,1,7,18,7
2995,2380,422980.5,3805687.5,2022,1,2,2,0,0,6,8,8,3,11,1,2,1,0,4,1,18,7
2991,2406,423058.5,3805699.5,2022,0,0,1,4,4,2,5,8,4,9,3,4,14,9,1,7,3,7
2982,2436,423148.5,3805726.5,2022,1,0,1,4,4,2,5,8,3,9,3,4,14,0,4,7,18,7
2985,2476,423268.5,3805717.5,2022,2,1,3,5,6,5,6,6,6,0,2,12,6,0,4,6,18,12
2999,2494,423322.5,3805675.5,2022,1,1,3,1,5,5,6,8,3,11,1,2,1,0,4,7,18,7
2984,2522,423406.5,3805720.5,2022,2,1,3,5,6,5,6,8,3,11,1,2,1,0,4,1,18,12
2981,2570,423550.5,3805729.5,2022,2,1,3,5,6,5,6,6,3,11,1,2,1,0,4,1,18,12
2970,2609,423667.5,3805762.5,2022,2,1,3,5,6,5,6,8,3,11,1,2,14,0,4,7,18,12
2998,2616,423688.5,3805678.5,2022,2,1,3,5,6,5,6,8,3,11,1,2,1,0,4,1,18,12
2993,2653,423799.5,3805693.5,2022,2,1,3,1,5,5,6,8,3,11,1,2,1,0,4,6,18,3
2973,2677,423871.5,3805753.5,2022,1,2,2,0,0,6,4,2,3,11,1,2,1,6,2,1,7,18
2989,2723,424009.5,3805705.5,2022,1,1,3,5,6,5,6,8,3,11,1,2,1,0,4,1,18,12
2983,2759,424117.5,3805723.5,2022,2,1,3,5,6,3,6,1,3,11,1,2,1,6,2,1,7,18
2986,2776,424168.5,3805714.5,2022,2,1,3,5,6,5,6,6,3,11,1,2,1,0,4,1,18,12
2987,2795,424225.5,3805711.5,2022,1,1,3,5,6,5,6,8,3,11,1,2,1,0,4,1,18,12
2972,2838,424354.5,3805756.5,2022,2,1,3,5,6,5,6,8,3,11,1,2,1,0,4,1,18,12
2987,2869,424447.5,3805711.5,2022,1,1,3,5,6,5,6,8,3,11,1,2,1,0,4,1,18,18
2990,2935,424645.5,3805702.5,2022,2,1,3,5,6,3,7,1,8,3,7,8,1,6,2,1,7,12
2993,2943,424669.5,3805693.5,2022,2,1,3,5,6,3,7,1,8,3,7,8,1,6,2,1,7,12
2987,3074,425062.5,3805711.5,2022,2,1,3,5,6,3,7,1,8,3,7,8,5,13,13,17,9,10
2996,3119,425197.5,3805684.5,2022,2,1,0,2,1,0,1,4,0,7,4,3,9,2,8,9,5,6
2983,3149,425287.5,3805723.5,2022,2,1,0,2,1,0,1,4,0,7,4,3,9,2,8,9,5,6
2983,3161,425323.5,3805723.5,2022,2,1,0,2,1,0,1,4,0,7,4,3,9,2,8,9,5,4
2988,3181,425383.5,3805708.5,2022,2,1,0,2,1,0,1,4,0,7,4,3,9,2,8,9,5,4
2986,3215,425485.5,3805714.5,2022,2,1,3,5,6,3,7,1,8,3,7,8,5,13,13,17,9,10
2974,3256,425608.5,3805750.5,2022,2,1,3,5,6,3,7,1,8,3,7,8,5,13,13,17,9,10
2981,3296,425728.5,3805729.5,2022,2,1,3,5,6,3,7,1,8,3,7,8,5,13,13,17,9,10
2993,3307,425761.5,3805693.5,2022,2,1,3,5,6,3,7,1,8,3,7,8,5,13,13,17,9,10
2981,3333,425839.5,3805729.5,2022,2,1,3,5,6,3,7,1,8,3,7,8,5,13,13,17,9,10
3019,10,415870.5,3805615.5,2022,2,1,3,5,2,7,0,5,2,8,10,1,0,15,14,16,12,9
3016,149,416287.5,3805624.5,2022,2,3,0,2,1,0,1,4,0,7,4,3,9,2,8,4,15,14
3029,177,416371.5,3805585.5,2022,0,3,0,2,1,0,1,4,0,7,4,3,9,2,8,9,5,4
3022,195,416425.5,3805606.5,2022,2,1,3,5,2,7,0,5,2,8,10,1,0,15,14,16,12,9
3013,215,416485.5,3805633.5,2022,0,3,0,2,1,0,1,4,0,7,4,3,9,2,8,9,5,4
3008,253,416599.5,3805648.5,2022,2,3,0,2,1,0,1,4,0,7,4,3,9,2,8,9,5,4
3022,281,416683.5,3805606.5,2022,2,1,3,5,2,7,0,5,2,8,10,1,0,15,14,16,12,9
3008,321,416803.5,3805648.5,2022,0,3,0,2,1,0,1,4,0,7,4,3,9,2,8,9,5,4
3000,348,416884.5,3805672.5,2022,0,3,0,2,1,0,3,7,0,2,6,5,2,5,11,2,10,5
3006,378,416974.5,3805654.5,2022,0,3,4,1,5,4,2,0,9,2,6,11,13,7,5,15,13,19
3017,392,417016.5,3805621.5,2022,2,3,0,2,1,0,1,4,0,7,4,3,9,2,8,9,5,4
3004,423,417109.5,3805660.5,2022,2,3,0,2,1,0,1,4,0,7,4,3,9,2,8,9,5,4
3016,455,417205.5,3805624.5,2022,2,3,0,2,1,0,1,4,0,7,4,3,9,2,8,9,5,4
3003,490,417310.5,3805663.5,2022,0,3,0,2,1,0,1,4,0,7,4,3,9,2,8,9,5,4
3011,534,417442.5,3805639.5,2022,2,3,0,2,1,0,1,4,0,7,4,3,9,2,8,9,5,4
3016,556,417508.5,3805624.5,2022,2,3,0,2,1,0,1,4,0,7,4,3,9,2,8,9,5,4
3008,570,417550.5,3805648.5,2022,2,1,3,1,5,1,2,0,6,0,1,11,13,6,2,15,7,18
3012,777,418171.5,3805636.5,2022,0,0,4,3,4,2,5,9,4,10,0,9,12,3,9,10,4,1
3009,791,418213.5,3805645.5,2022,0,0,1,4,4,2,5,9,4,9,0,4,12,9,1,0,3,15
3027,820,418300.5,3805591.5,2022,0,0,4,3,4,2,5,9,4,10,0,9,7,3,9,10,4,1
3026,975,418765.5,3805594.5,2022,2,3,0,2,1,0,1,4,0,7,4,3,9,2,8,9,5,4
3027,1070,419050.5,3805591.5,2022,2,3,0,2,1,0,1,4,0,7,4,3,9,2,8,4,15,4
3012,1089,419107.5,3805636.5,2022,2,3,0,2,1,0,1,4,0,7,4,3,9,2,8,4,15,14
3005,1122,419206.5,3805657.5,2022,2,1,3,5,6,1,2,0,6,0,1,11,13,6,2,15,7,18
3029,1152,419296.5,3805585.5,2022,2,3,4,1,5,4,2,0,10,2,6,11,13,7,5,15,13,19
3025,1180,419380.5,3805597.5,2022,2,1,3,5,6,5,6,6,6,0,1,2,1,6,2,1,7,18
3017,1213,419479.5,3805621.5,2022,1,1,3,5,6,1,6,2,3,11,1,2,1,6,2,1,7,18
3002,1257,419611.5,3805666.5,2022,1,2,2,0,0,6,8,8,5,4,5,10,3,14,15,14,16,13
3013,1265,419635.5,3805633.5,2022,1,2,2,0,0,6,8,8,5,4,5,10,3,14,15,14,16,13
3004,1300,419740.5,3805660.5,2022,2,1,3,5,6,5,6,6,6,0,2,12,6,11,3,13,0,12
3015,1396,420028.5,3805627.5,2022,0,3,4,3,3,4,3,7,10,2,6,5,2,5,11,4,15,14
3011,1526,420418.5,3805639.5,2022,1,2,2,0,0,6,8,3,5,4,5,10,3,14,15,14,16,13
3023,1530,420430.5,3805603.5,2022,1,2,2,0,0,6,8,3,5,4,5,10,3,14,15,14,16,13
3006,1562,420526.5,3805654.5,2022,1,2,1,4,0,6,8,3,5,4,5,10,3,14,15,14,16,7
3014,1593,420619.5,3805630.5,2022,0,0,1,4,4,2,5,9,4,9,0,4,12,9,1,0,3,15
3019,1639,420757.5,3805615.5,2022,1,2,2,0,0,6,8,3,5,4,5,10,3,14,15,14,16,13
3024,1658,420814.5,3805600.5,2022,1,2,2,0,0,6,8,3,5,4,5,10,3,14,15,14,16,13
3010,1726,421018.5,3805642.5,2022,1,2,1,4,4,6,8,8,3,11,1,2,14,0,4,7,18,7
3003,1791,421213.5,3805663.5,2022,1,0,1,4,4,6,8,3,5,4,5,0,4,10,16,5,1,11
3010,1841,421363.5,3805642.5,2022,1,0,1,4,4,2,8,3,4,9,12,0,4,10,16,5,1,11
3012,1866,421438.5,3805636.5,2022,1,2,2,0,0,1,4,3,9,1,12,0,4,10,16,5,1,11
3027,1904,421552.5,3805591.5,2022,1,2,2,0,0,6,8,3,5,4,5,10,3,14,15,14,16,13
3023,1948,421684.5,3805603.5,2022,0,0,4,1,5,2,2,0,9,1,12,11,13,7,5,11,13,19
3003,1959,421717.5,3805663.5,2022,1,0,1,4,4,2,5,3,9,1,12,0,4,10,16,5,1,11
3018,1981,421783.5,3805618.5,2022,1,0,1,4,4,6,8,3,5,4,5,10,3,14,15,14,16,13
3027,2036,421948.5,3805591.5,2022,1,0,1,4,4,6,8,3,5,4,5,10,3,14,15,14,16,13
3019,2040,421960.5,3805615.5,2022,1,0,1,4,4,6,8,8,5,9,3,4,14,10,16,7,1,7
3002,2197,422431.5,3805666.5,2022,0,3,4,3,3,4,3,7,10,2,11,7,10,12,7,4,15,14
3000,2226,422518.5,3805672.5,2022,0,3,4,1,5,4,2,0,10,10,11,7,10,12,7,11,14,19
3017,2308,422764.5,3805621.5,2022,0,0,4,3,3,4,5,9,4,10,0,9,7,3,9,10,4,1
3002,2327,422821.5,3805666.5,2022,0,0,1,4,4,2,5,9,4,9,3,4,14,9,1,7,3,7
3028,2343,422869.5,3805588.5,2022,0,0,1,4,4,2,5,9,4,9,3,4,14,9,1,7,3,7
3007,2399,423037.5,3805651.5,2022,1,2,3,0,0,6,8,8,3,11,1,2,1,0,4,1,18,18
3022,2400,423040.5,3805606.5,2022,1,0,1,4,4,6,8,8,3,11,3,2,14,0,4,7,18,7
3029,2435,423145.5,3805585.5,2022,0,0,1,1,5,5,6,8,3,11,11,7,14,0,7,7,18,7
3021,2488,423304.5,3805609.5,2022,2,1,3,5,6,5,6,8,3,11,1,2,1,0,4,1,18,12
3015,2504,423352.5,3805627.5,2022,2,1,3,5,6,5,6,6,6,0,2,12,6,11,3,13,0,12
3028,2547,423481.5,3805588.5,2022,2,1,3,5,6,5,6,8,3,11,1,2,1,0,4,1,18,12
3020,2574,423562.5,3805612.5,2022,2,1,3,5,6,5,6,6,6,11,2,12,1,11,3,13,0,12
3003,2601,423643.5,3805663.5,2022,1,1,3,5,6,5,6,8,3,11,1,2,14,0,4,7,18,7
3019,2627,423721.5,3805615.5,2022,2,1,3,5,6,5,6,8,3,11,1,2,1,0,4,1,18,12
3015,2648,423784.5,3805627.5,2022,2,1,3,5,6,5,6,6,3,11,1,2,1,6,2,1,7,12
3008,2677,423871.5,3805648.5,2022,2,1,3,5,6,5,6,6,3,11,1,2,1,0,2,1,7,12
3022,2703,423949.5,3805606.5,2022,2,1,3,5,6,5,6,6,3,11,1,2,1,6,2,1,7,12
3017,2758,424114.5,3805621.5,2022,2,1,3,5,6,5,6,6,6,0,2,12,6,11,3,13,0,6
3013,2763,424129.5,3805633.5,2022,2,1,3,5,6,5,6,6,6,0,2,12,6,11,3,13,0,12
3021,2794,424222.5,3805609.5,2022,1,2,3,5,6,3,4,2,3,11,1,2,1,6,2,1,7,18
3012,2849,424387.5,3805636.5,2022,1,2,3,5,6,3,4,2,3,11,1,2,1,6,2,1,7,18
3023,2872,424456.5,3805603.5,2022,1,2,3,5,6,3,4,2,3,11,1,2,1,6,2,1,7,18
3028,2893,424519.5,3805588.5,2022,2,1,3,5,6,5,6,6,3,11,1,2,1,6,2,1,7,12
3015,2937,424651.5,3805627.5,2022,2,1,3,5,6,3,7,1,8,3,7,8,1,11,3,1,0,12
3003,2941,424663.5,3805663.5,2022,2,1,3,5,6,3,7,1,8,3,7,8,5,13,13,17,9,10
3029,3087,425101.5,3805585.5,2022,2,1,0,2,1,0,1,4,0,7,4,3,9,2,8,9,5,6
3020,3112,425176.5,3805612.5,2022,2,3,0,2,1,0,1,4,0,7,4,3,9,2,8,9,5,4
3003,3138,425254.5,3805663.5,2022,2,1,0,2,1,0,1,4,0,7,4,3,9,2,8,9,5,4
3009,3169,425347.5,3805645.5,2022,2,1,0,2,1,0,1,4,0,7,4,3,9,2,8,9,5,4
3016,3207,425461.5,3805624.5,2022,2,1,3,5,6,3,7,1,8,3,7,8,5,13,13,17,9,10
3015,3211,425473.5,3805627.5,2022,2,1,3,5,6,3,7,1,8,3,7,8,5,13,13,17,9,10
3022,3240,425560.5,3805606.5,2022,2,1,3,5,6,3,7,1,8,3,7,8,5,13,13,17,9,10
3010,3297,425731.5,3805642.5,2022,2,1,3,5,6,3,7,1,8,3,7,8,5,13,13,17,9,10
3017,3316,425788.5,3805621.5,2022,2,1,3,5,6,3,7,1,8,3,7,8,5,13,13,17,9,10
3053,19,415897.5,3805513.5,2022,0,3,4,3,3,4,3,7,10,2,6,5,2,5,11,10,4,1
3045,43,415969.5,3805537.5,2022,2,3,0,2,1,0,1,4,0,7,4,3,9,2,8,9,5,4
3052,119,416197.5,3805516.5,2022,2,3,0,2,1,0,1,4,0,7,4,3,9,2,8,9,5,4
3049,146,416278.5,3805525.5,2022,0,3,0,2,1,0,1,4,0,7,4,3,9,2,8,9,5,4
3040,159,416317.5,3805552.5,2022,0,3,0,2,1,0,1,4,0,7,4,3,9,2,8,9,5,4
3032,195,416425.5,3805576.5,2022,0,3,0,2,1,0,1,4,0,2,4,5,2,5,11,2,10,5
3034,224,416512.5,3805570.5,2022,2,3,0,2,1,0,1,4,0,7,4,3,9,2,8,9,5,4
3031,252,416596.5,3805579.5,2022,2,3,0,2,1,0,1,4,0,7,4,3,9,2,8,9,5,4
3030,286,416698.5,3805582.5,2022,0,3,0,2,1,0,1,4,0,7,4,3,9,2,8,4,15,14
3036,301,416743.5,3805564.5,2022,2,1,3,5,2,7,0,5,2,8,10,1,0,15,14,16,12,9
3050,342,416866.5,3805522.5,2022,2,3,0,2,1,0,1,4,0,7,4,3,9,2,8,9,5,4
3052,364,416932.5,3805516.5,2022,0,3,0,2,1,0,1,4,0,7,4,3,9,2,8,9,5,4
3045,407,417061.5,3805537.5,2022,2,1,3,5,2,7,0,5,2,8,10,1,0,15,14,16,12,9
3055,433,417139.5,3805507.5,2022,0,3,0,2,1,0,1,4,0,7,4,3,9,2,8,9,5,4
3051,456,417208.5,3805519.5,2022,2,3,0,2,1,0,1,4,0,7,4,3,9,2,8,9,5,4
3056,495,417325.5,3805504.5,2022,2,3,0,2,1,0,1,4,0,7,4,3,9,2,8,9,5,4
3033,531,417433.5,3805573.5,2022,2,3,0,2,1,0,1,4,0,7,4,3,9,2,8,9,5,4
3031,550,417490.5,3805579.5,2022,2,3,0,2,1,0,1,4,0,7,4,3,9,2,8,4,15,14
3058,661,417823.5,3805498.5,2022,2,3,0,2,1,0,1,4,0,7,4,3,9,2,8,4,15,14
3032,806,418258.5,3805576.5,2022,1,2,2,0,0,1,8,3,9,1,12,0,4,10,16,5,1,11
3034,820,418300.5,3805570.5,2022,0,3,4,3,3,4,3,9,10,10,0,9,7,3,9,10,4,1
3059,869,418447.5,3805495.5,2022,0,3,4,3,3,4,3,9,10,10,0,9,7,3,9,10,4,1
3057,875,418465.5,3805501.5,2022,0,0,1,4,4,2,5,9,4,9,0,4,12,3,9,10,3,15
3055,911,418573.5,3805507.5,2022,0,3,4,3,3,4,3,7,10,2,6,5,2,5,11,2,10,5
3043,986,418798.5,3805543.5,2022,2,3,0,2,1,0,1,4,0,7,4,3,9,2,8,4,15,4
3048,992,418816.5,3805528.5,2022,2,1,3,1,5,5,2,0,6,11,1,11,13,7,2,15,17,3
3037,1046,418978.5,3805561.5,2022,1,2,3,1,5,1,4,2,3,11,1,2,1,6,2,1,7,18
3034,1072,419056.5,3805570.5,2022,2,1,3,5,6,5,6,6,3,11,1,2,1,6,2,1,7,18
3031,1096,419128.5,3805579.5,2022,2,3,0,2,1,0,1,4,0,7,4,3,9,2,8,9,5,4
3058,1115,419185.5,3805498.5,2022,2,1,0,1,5,5,6,6,6,0,2,7,10,11,3,4,15,6
3054,1141,419263.5,3805510.5,2022,2,1,0,2,1,5,6,6,6,0,2,12,6,11,3,13,0,6
3052,1171,419353.5,3805516.5,2022,2,1,0,2,1,5,1,6,6,0,2,12,6,11,3,13,0,6
3035,1212,419476.5,3805567.5,2022,0,3,4,3,3,4,3,7,10,10,11,7,10,12,7,11,14,16
3048,1241,419563.5,3805528.5,2022,1,2,2,1,5,1,2,0,9,11,1,11,13,7,6,15,11,18
3046,1286,419698.5,3805534.5,2022,1,2,2,0,0,1,4,2,3,11,1,2,4,6,2,5,7,18
3042,1292,419716.5,3805546.5,2022,2,1,3,1,5,5,6,6,6,0,2,7,6,0,7,6,17,3
3046,1343,419869.5,3805534.5,2022,1,2,2,0,0,6,8,8,3,11,1,2,1,0,4,1,18,18
3041,1379,419977.5,3805549.5,2022,0,0,4,1,5,2,5,9,4,10,11,7,7,12,7,11,14,16
3043,1382,419986.5,3805543.5,2022,0,0,4,3,4,2,5,9,4,10,0,9,7,3,9,10,4,1
3034,1410,420070.5,3805570.5,2022,1,2,1,4,0,6,8,8,5,4,3,13,14,4,12,12,6,17
3037,1444,420172.5,3805561.5,2022,1,2,2,0,0,1,2,0,9,1,12,0,4,10,16,5,1,11
3050,1499,420337.5,3805522.5,2022,1,0,1,4,4,2,5,8,3,11,3,4,14,0,4,7,18,7
3053,1522,420406.5,3805513.5,2022,1,0,1,4,4,2,5,9,4,9,3,4,12,9,1,0,3,15
3034,1535,420445.5,3805570.5,2022,1,2,1,4,4,6,8,3,5,4,5,10,3,14,15,14,16,13
3044,1580,420580.5,3805540.5,2022,1,2,2,0,0,6,8,3,5,4,5,10,3,14,15,14,16,13
3058,1613,420679.5,3805498.5,2022,0,0,1,4,4,2,5,9,4,9,0,9,12,3,9,10,4,15
3038,1627,420721.5,3805558.5,2022,1,0,1,4,4,6,8,3,5,4,5,10,12,14,15,14,16,13
3044,1662,420826.5,3805540.5,2022,1,2,2,0,0,6,8,3,5,4,5,10,3,14,15,14,16,13
3039,1780,421180.5,3805555.5,2022,1,2,1,4,0,6,8,8,3,11,1,2,14,0,4,7,18,7
3059,1828,421324.5,3805495.5,2022,1,2,2,1,4,1,2,0,9,1,12,0,4,10,16,5,1,11
3034,1885,421495.5,3805570.5,2022,1,2,2,1,5,1,2,0,9,1,12,11,13,7,5,15,13,19
3032,1900,421540.5,3805576.5,2022,1,2,2,0,0,1,4,3,9,1,12,0,4,10,16,5,1,11
3054,1926,421618.5,3805510.5,2022,1,0,1,4,4,2,5,9,9,1,12,0,4,10,16,5,1,11
3044,1952,421696.5,3805540.5,2022,1,2,2,0,0,1,8,3,9,1,12,0,4,10,16,5,1,11
3051,1990,421810.5,3805519.5,2022,1,2,1,4,4,6,8,3,5,4,5,0,4,10,16,5,1,11
3045,2021,421903.5,3805537.5,2022,1,0,1,4,4,2,5,8,4,9,3,4,14,9,1,7,3,7
3059,2044,421972.5,3805495.5,2022,1,2,2,0,0,6,8,3,5,4,5,0,4,10,16,5,1,11
3033,2289,422707.5,3805573.5,2022,0,0,1,4,4,2,5,9,4,10,11,4,14,12,7,7,14,16
3055,2332,422836.5,3805507.5,2022,1,0,1,4,4,6,8,3,5,4,5,10,3,14,15,14,16,13
3047,2350,422890.5,3805531.5,2022,1,0,1,4,4,2,5,8,4,9,3,4,14,9,1,7,3,7
3040,2395,423025.5,3805552.5,2022,1,0,1,4,6,5,6,8,3,11,3,2,14,0,4,7,18,7
3039,2407,423061.5,3805555.5,2022,1,2,1,4,0,6,8,8,5,4,5,10,3,14,15,14,18,7
3056,2449,423187.5,3805504.5,2022,2,0,1,4,4,5,6,8,3,11,3,2,14,0,4,7,18,7
3037,2483,423289.5,3805561.5,2022,2,1,3,5,6,5,6,6,6,0,2,7,6,0,4,6,17,3
3045,2502,423346.5,3805537.5,2022,2,1,3,5,6,5,6,6,6,0,2,12,6,11,3,6,17,12
3058,2538,423454.5,3805498.5,2022,2,1,3,5,6,5,6,6,6,0,2,12,6,11,3,13,0,12
3033,2568,423544.5,3805573.5,2022,2,1,3,5,6,5,6,6,6,0,2,12,6,11,3,13,0,12
3035,2604,423652.5,3805567.5,2022,2,1,3,5,6,5,6,6,6,0,2,12,6,11,3,13,0,12
3055,2627,423721.5,3805507.5,2022,2,1,3,5,6,5,6,6,3,11,1,2,1,0,4,1,18,12
3051,2645,423775.5,3805519.5,2022,2,1,3,5,6,5,6,6,3,11,2,2,1,0,4,6,18,12
3033,2685,423895.5,3805573.5,2022,2,1,3,5,6,5,6,6,3,11,1,2,1,0,4,1,18,12
3039,2703,423949.5,3805555.5,2022,2,1,3,5,6,5,6,6,3,11,1,2,1,6,2,1,7,12
3038,2746,424078.5,3805558.5,2022,2,1,3,5,6,5,6,6,3,11,1,2,1,0,4,1,0,12
3030,2780,424180.5,3805582.5,2022,1,1,3,5,6,3,7,1,3,11,1,2,1,6,2,1,7,18
3053,2819,424297.5,3805513.5,2022,1,1,3,5,6,3,6,8,3,11,1,2,1,6,2,1,7,18
3050,2822,424306.5,3805522.5,2022,1,1,3,5,6,5,6,8,3,11,1,2,1,6,2,1,7,18
3039,2854,424402.5,3805555.5,2022,2,1,3,5,6,3,7,1,3,11,1,2,1,6,2,1,7,18
3044,2891,424513.5,3805540.5,2022,2,1,3,5,6,3,7,1,8,3,7,8,5,6,2,1,7,18
3040,2934,424642.5,3805552.5,2022,2,1,3,5,6,3,7,1,8,3,7,8,5,13,13,17,9,10
3035,2950,424690.5,3805567.5,2022,2,1,3,5,6,3,7,1,8,3,7,8,5,13,13,17,9,10
3030,3086,425098.5,3805582.5,2022,2,1,0,2,1,0,1,4,0,7,4,3,9,2,8,9,5,6
3032,3115,425185.5,3805576.5,2022,2,1,0,2,1,0,1,4,0,7,4,3,9,2,8,9,5,4
3043,3132,425236.5,3805543.5,2022,2,1,3,5,6,3,7,1,8,3,7,8,5,13,13,17,9,10
3035,3154,425302.5,3805567.5,2022,2,1,0,2,1,0,1,4,0,7,4,3,9,2,8,9,5,4
3039,3182,425386.5,3805555.5,2022,2,1,3,5,6,3,6,6,6,0,2,12,6,11,3,13,0,6
3030,3219,425497.5,3805582.5,2022,2,1,3,5,6,3,7,1,8,3,7,8,5,13,13,17,9,10
3036,3258,425614.5,3805564.5,2022,2,1,3,5,6,5,6,6,6,0,2,12,6,11,3,13,0,6
3046,3271,425653.5,3805534.5,2022,2,1,3,5,6,3,7,1,8,3,7,8,5,13,13,17,9,10
3031,3304,425752.5,3805579.5,2022,2,1,3,5,6,3,7,1,8,3,7,8,5,13,13,17,9,10
3058,3332,425836.5,3805498.5,2022,2,1,3,5,6,3,7,1,8,3,7,8,5,13,13,17,9,10
3060,13,415879.5,3805492.5,2022,0,3,4,3,3,4,3,7,10,2,6,5,2,5,11,4,15,14
3073,36,415948.5,3805453.5,2022,2,3,0,2,1,0,1,4,0,7,4,3,9,2,8,9,5,4
3087,61,416023.5,3805411.5,2022,2,1,3,5,2,7,0,5,2,8,10,1,0,15,14,16,12,9
3064,119,416197.5,3805480.5,2022,2,3,0,2,1,0,1,4,0,7,4,3,9,2,8,9,5,4
3063,123,416209.5,3805483.5,2022,2,3,0,2,1,0,1,4,0,7,4,3,9,2,8,9,5,4
3067,155,416305.5,3805471.5,2022,0,3,0,2,1,0,1,4,0,7,4,3,9,2,8,9,5,4
3060,203,416449.5,3805492.5,2022,2,3,0,2,1,0,1,4,0,7,4,3,9,2,8,9,5,4
3066,223,416509.5,3805474.5,2022,2,3,0,2,1,0,1,4,0,7,4,3,9,2,8,9,15,4
3060,255,416605.5,3805492.5,2022,2,3,0,2,1,0,1,4,0,7,4,3,9,2,8,9,5,4
3089,273,416659.5,3805405.5,2022,0,3,0,2,1,0,1,4,0,7,4,3,9,2,8,9,5,4
3061,328,416824.5,3805489.5,2022,0,3,0,2,1,0,1,4,0,7,4,3,9,2,8,4,15,14
3070,351,416893.5,3805462.5,2022,0,3,4,3,3,4,3,7,10,2,6,5,2,5,11,2,10,5
3080,368,416944.5,3805432.5,2022,2,3,0,2,1,0,1,4,0,7,4,3,9,2,8,9,5,4
3072,396,417028.5,3805456.5,2022,2,3,0,2,1,0,1,4,0,7,4,3,9,2,8,9,5,4
3061,420,417100.5,3805489.5,2022,2,3,0,2,1,0,1,4,0,7,4,3,9,2,8,9,5,4
3066,469,417247.5,3805474.5,2022,2,3,0,2,1,0,1,4,0,7,4,3,9,2,8,9,5,4
3077,597,417631.5,3805441.5,2022,2,3,0,2,1,0,1,4,0,7,4,3,9,2,8,9,5,4
3068,622,417706.5,3805468.5,2022,2,3,0,2,1,0,1,4,0,7,4,3,9,2,8,4,15,14
3069,647,417781.5,3805465.5,2022,2,3,0,2,1,0,1,4,0,7,4,3,9,2,8,4,15,14
3064,669,417847.5,3805480.5,2022,0,3,4,1,5,5,6,6,1,5,11,7,10,1,0,4,15,14
3086,779,418177.5,3805414.5,2022,2,3,0,2,1,0,1,4,0,7,4,3,9,2,8,9,5,4
3088,784,418192.5,3805408.5,2022,1,2,2,0,0,1,4,2,7,6,8,6,8,6,2,3,7,18
3062,853,418399.5,3805486.5,2022,1,2,2,0,0,6,8,3,5,4,5,0,4,10,16,5,1,11
3060,879,418477.5,3805492.5,2022,0,0,1,4,4,2,5,9,4,9,0,4,12,3,1,0,3,15
3063,912,418576.5,3805483.5,2022,0,0,4,1,5,2,5,9,4,10,11,7,7,12,7,11,14,16
3075,937,418651.5,3805447.5,2022,2,3,4,1,5,1,2,0,9,1,12,11,13,7,5,15,13,19
3063,963,418729.5,3805483.5,2022,2,3,0,2,1,0,1,4,0,7,4,3,9,2,8,9,15,4
3086,1016,418888.5,3805414.5,2022,1,2,2,1,5,1,2,0,3,11,1,11,13,7,2,15,7,18
3089,1020,418900.5,3805405.5,2022,2,1,3,5,6,5,6,6,6,0,2,12,6,11,3,6,0,12
3089,1069,419047.5,3805405.5,2022,2,2,2,1,5,1,2,0,9,5,9,11,13,7,5,15,13,19
3077,1103,419149.5,3805441.5,2022,0,3,4,3,3,4,3,7,10,10,11,7,10,12,7,4,15,14
3083,1130,419230.5,3805423.5,2022,2,1,3,1,5,5,6,6,6,0,2,11,13,11,3,15,13,6
3088,1141,419263.5,3805408.5,2022,2,1,3,1,5,5,2,0,6,0,2,11,13,7,5,15,13,19
3068,1180,419380.5,3805468.5,2022,2,1,3,5,6,5,6,6,6,0,2,12,6,11,3,13,17,6
3061,1212,419476.5,3805489.5,2022,2,1,3,1,5,5,6,6,6,0,11,7,10,12,7,4,15,14
3064,1230,419530.5,3805480.5,2022,0,3,4,3,3,4,3,7,10,10,11,7,10,12,7,4,15,14
3089,1279,419677.5,3805405.5,2022,1,2,2,0,0,1,4,2,7,6,8,6,8,6,2,3,7,18
3082,1290,419710.5,3805426.5,2022,1,2,2,0,0,1,4,2,9,1,12,0,4,10,16,5,1,11
3082,1329,419827.5,3805426.5,2022,2,3,4,1,5,5,2,0,9,5,11,11,13,7,5,15,13,19
3074,1523,420409.5,3805450.5,2022,1,0,1,4,4,6,8,3,5,4,5,10,3,14,15,14,16,13
3078,1538,420454.5,3805438.5,2022,1,2,1,4,4,6,8,3,5,4,5,10,3,14,15,14,16,13
3061,1577,420571.5,3805489.5,2022,1,2,1,4,4,6,8,3,5,4,5,10,3,14,15,14,16,13
3088,1603,420649.5,3805408.5,2022,1,0,1,4,4,6,8,3,5,4,5,10,12,14,15,14,16,13
3071,1630,420730.5,3805459.5,2022,0,0,1,4,4,2,5,9,4,9,0,9,12,3,9,10,4,1
3068,1651,420793.5,3805468.5,2022,1,2,1,4,4,6,8,3,5,4,5,10,3,14,15,14,16,13
3060,1827,421321.5,3805492.5,2022,0,0,1,1,4,2,2,0,9,1,12,0,4,10,16,5,1,11
3082,1889,421507.5,3805426.5,2022,1,0,1,4,4,2,8,3,9,1,12,0,4,10,16,5,1,11
3088,1892,421516.5,3805408.5,2022,0,0,4,3,4,2,5,9,9,1,12,0,4,10,16,5,1,11
3066,1941,421663.5,3805474.5,2022,1,2,2,0,0,6,8,3,5,1,12,0,4,10,16,5,1,11
3076,1977,421771.5,3805444.5,2022,1,0,1,4,4,2,5,9,4,9,3,4,12,9,1,0,3,15
3086,1998,421834.5,3805414.5,2022,1,0,1,4,4,2,5,9,4,9,3,4,14,9,1,0,3,15
3085,2039,421957.5,3805417.5,2022,1,0,1,4,4,2,5,9,4,9,3,4,14,9,1,7,3,7
3064,2044,421972.5,3805480.5,2022,1,2,2,0,0,1,8,3,9,1,12,0,4,10,16,5,1,11
3088,2081,422083.5,3805408.5,2022,0,0,4,3,3,2,5,9,9,10,0,9,7,3,9,11,4,16
3076,2218,422494.5,3805444.5,2022,0,3,4,1,5,5,2,0,9,5,11,7,10,12,5,6,13,19
3072,2225,422515.5,3805456.5,2022,2,3,0,2,1,0,1,4,0,7,4,3,9,2,8,4,15,14
3086,2308,422764.5,3805414.5,2022,0,0,1,4,4,2,5,9,4,9,3,4,14,9,1,0,3,15
3080,2330,422830.5,3805432.5,2022,0,0,4,3,3,2,5,9,4,10,0,9,7,3,9,10,4,1
3061,2347,422881.5,3805489.5,2022,1,2,2,0,0,6,8,3,5,4,5,10,3,14,15,14,16,13
3064,2370,422950.5,3805480.5,2022,1,0,1,4,4,6,8,8,3,11,3,2,14,0,4,7,18,7
3061,2403,423049.5,3805489.5,2022,1,2,2,0,0,6,8,2,5,4,5,10,3,14,15,14,16,13
3067,2438,423154.5,3805471.5,2022,2,1,0,2,1,5,6,6,6,0,2,12,6,11,3,4,15,14
3072,2468,423244.5,3805456.5,2022,2,1,3,1,5,5,6,6,6,0,11,7,10,12,7,4,15,14
3088,2514,423382.5,3805408.5,2022,1,1,3,5,6,5,6,8,3,11,1,2,1,0,4,1,18,12
3082,2530,423430.5,3805426.5,2022,2,1,3,5,6,5,6,6,3,11,2,2,14,0,4,6,18,12
3076,2571,423553.5,3805444.5,2022,2,1,3,5,6,5,6,6,6,0,2,12,6,0,4,6,0,12
3066,2607,423661.5,3805474.5,2022,2,1,3,5,6,5,6,8,3,11,1,2,1,0,4,1,18,12
3061,2634,423742.5,3805489.5,2022,1,1,3,5,6,5,6,8,3,11,1,2,1,0,4,1,18,12
3061,2643,423769.5,3805489.5,2022,1,1,3,5,6,5,6,8,3,11,1,2,1,0,4,1,18,12
3086,2674,423862.5,3805414.5,2022,1,0,1,4,4,2,8,8,3,11,3,2,14,0,4,7,18,7
3081,2702,423946.5,3805429.5,2022,1,1,3,5,6,5,6,8,3,11,1,2,1,0,4,1,18,18
3081,2748,424084.5,3805429.5,2022,1,2,2,5,6,3,4,2,3,11,1,2,1,6,2,1,7,18
3062,2760,424120.5,3805486.5,2022,2,1,3,5,6,5,6,8,3,11,1,2,1,0,4,1,18,12
3081,2801,424243.5,3805429.5,2022,2,1,3,5,6,5,6,6,3,11,1,2,1,0,4,1,7,12
3088,2834,424342.5,3805408.5,2022,1,2,3,5,0,6,4,2,3,11,1,2,1,6,2,1,7,18
3067,2861,424423.5,3805471.5,2022,2,1,3,5,6,5,6,8,3,11,1,2,1,0,4,1,18,12
3088,2885,424495.5,3805408.5,2022,1,1,3,5,6,3,7,1,8,3,1,8,1,6,2,1,7,18
3088,2928,424624.5,3805408.5,2022,2,1,3,5,6,3,7,1,8,3,2,12,1,11,3,1,0,12
3079,2945,424675.5,3805435.5,2022,2,1,3,5,6,3,7,1,8,3,7,8,5,13,13,17,9,10
3071,3185,425395.5,3805459.5,2022,2,1,3,5,6,3,7,6,6,0,2,12,6,11,3,13,0,6
3089,3227,425521.5,3805405.5,2022,2,1,3,5,6,3,7,1,8,3,7,8,5,13,13,17,9,10
3089,3268,425644.5,3805405.5,2022,2,1,3,5,6,3,7,1,8,3,7,8,5,13,13,17,9,10
3070,3274,425662.5,3805462.5,2022,2,1,3,5,6,3,7,1,8,3,7,8,5,13,13,17,9,10
3073,3310,425770.5,3805453.5,2022,2,1,3,5,6,3,7,1,8,3,7,8,5,13,13,17,9,10
3076,3331,425833.5,3805444.5,2022,2,1,3,5,6,3,7,1,8,3,7,8,5,13,13,17,9,10
3093,17,415891.5,3805393.5,2022,2,1,1,5,2,7,0,5,2,8,10,1,0,15,14,16,12,9
3104,45,415975.5,3805360.5,2022,2,3,0,2,1,0,1,4,0,7,4,3,9,2,8,9,5,4
3100,80,416080.5,3805372.5,2022,2,3,0,2,1,0,1,4,0,7,4,3,9,2,8,4,15,14
3112,95,416125.5,3805336.5,2022,2,3,0,2,1,0,1,4,0,7,4,3,9,2,8,9,5,4
3095,149,416287.5,3805387.5,2022,2,3,0,2,1,0,1,4,0,7,4,3,9,2,8,9,5,4
3091,168,416344.5,3805399.5,2022,2,3,0,2,1,0,1,4,0,7,4,3,9,2,8,9,5,4
3108,198,416434.5,3805348.5,2022,2,3,0,2,1,0,1,4,0,7,4,3,9,2,8,9,5,4
3118,230,416530.5,3805318.5,2022,2,3,0,2,1,0,1,4,0,7,4,3,9,2,8,9,5,4
3100,250,416590.5,3805372.5,2022,0,3,0,2,1,0,1,4,0,7,4,5,2,5,11,2,10,5
3118,294,416722.5,3805318.5,2022,2,1,0,2,1,0,1,4,0,0,4,3,9,2,8,4,15,6
3095,315,416785.5,3805387.5,2022,2,3,0,2,1,0,1,4,0,7,4,3,9,2,8,9,5,4
3104,351,416893.5,3805360.5,2022,2,3,0,2,1,0,1,4,0,7,4,3,9,2,8,4,15,14
3090,384,416992.5,3805402.5,2022,2,3,0,2,1,0,1,4,0,7,4,3,9,2,8,9,5,4
3119,403,417049.5,3805315.5,2022,2,3,0,2,1,0,1,4,0,7,4,3,9,2,8,9,5,4
3111,449,417187.5,3805339.5,2022,2,3,0,2,1,0,1,4,0,7,4,3,9,2,8,9,5,4
3112,461,417223.5,3805336.5,2022,2,3,0,2,1,0,1,4,0,7,4,3,9,2,8,9,5,4
3115,480,417280.5,3805327.5,2022,2,3,0,2,1,0,1,4,0,7,4,3,9,2,8,9,5,4
3118,577,417571.5,3805318.5,2022,0,3,0,2,1,0,1,4,0,7,4,3,9,2,8,4,15,14
3105,686,417898.5,3805357.5,2022,2,1,3,5,6,5,6,6,6,0,2,12,6,11,3,13,0,6
3108,708,417964.5,3805348.5,2022,0,3,4,1,5,4,2,0,9,5,11,11,13,7,5,15,13,19
3104,823,418309.5,3805360.5,2022,0,3,0,2,1,0,1,4,0,7,4,7,10,2,8,4,15,14
3106,844,418372.5,3805354.5,2022,2,1,3,5,6,5,6,6,6,0,1,11,1,6,2,15,7,18
3106,890,418510.5,3805354.5,2022,2,3,0,2,1,5,1,6,6,0,11,7,10,12,0,4,15,14
3116,967,418741.5,3805324.5,2022,0,3,4,3,3,4,3,7,10,2,6,9,2,3,9,10,4,1
3094,1019,418897.5,3805390.5,2022,1,1,3,1,6,1,4,0,3,11,1,11,13,6,2,15,7,18
3095,1048,418984.5,3805387.5,2022,2,3,0,2,1,0,1,4,0,7,4,3,9,2,8,9,5,4
3108,1063,419029.5,3805348.5,2022,2,1,0,2,1,0,1,4,0,7,4,3,9,2,8,9,5,6
3108,1108,419164.5,3805348.5,2022,2,3,0,1,5,5,2,6,6,0,11,7,10,1,0,4,15,14
3119,1132,419236.5,3805315.5,2022,2,3,0,2,1,0,1,4,0,7,4,3,9,2,8,4,15,14
3111,1157,419311.5,3805339.5,2022,2,1,3,5,6,5,6,6,6,0,1,12,1,6,2,1,7,18
3094,1171,419353.5,3805390.5,2022,2,3,0,2,1,0,1,4,0,7,4,3,9,2,8,9,5,4
3094,1226,419518.5,3805390.5,2022,2,1,3,1,6,5,6,6,6,0,2,12,6,11,3,13,0,6
3110,1247,419581.5,3805342.5,2022,2,1,3,1,5,5,6,0,3,11,1,2,1,6,2,1,7,18
3119,1261,419623.5,3805315.5,2022,2,1,3,1,5,1,2,0,9,0,12,11,13,7,5,15,13,19
3102,1293,419719.5,3805366.5,2022,0,3,4,3,3,4,3,7,10,10,11,7,10,12,7,4,15,14
3093,1320,419800.5,3805393.5,2022,0,3,4,1,5,1,2,0,9,1,12,11,13,7,5,15,13,19
3091,1528,420424.5,3805399.5,2022,1,2,1,4,4,6,8,3,5,4,5,10,3,14,15,14,16,13
3104,1547,420481.5,3805360.5,2022,1,0,1,4,4,6,8,3,5,4,5,10,3,14,15,14,16,13
3108,1578,420574.5,3805348.5,2022,1,2,1,4,4,6,8,3,5,4,5,10,3,14,15,14,16,13
3108,1603,420649.5,3805348.5,2022,1,2,2,0,0,6,8,3,5,4,5,10,3,14,15,14,16,13
3110,1624,420712.5,3805342.5,2022,0,0,1,4,4,2,5,9,4,9,0,4,12,9,1,0,3,15
3110,1657,420811.5,3805342.5,2022,1,2,2,0,0,6,8,3,5,4,5,10,3,14,15,14,16,13
3117,1847,421381.5,3805321.5,2022,0,0,1,4,4,2,5,3,4,9,0,0,12,10,16,0,1,15
3099,1862,421426.5,3805375.5,2022,0,0,4,3,4,2,5,9,9,1,0,9,7,3,9,10,4,1
3090,1892,421516.5,3805402.5,2022,1,2,2,0,0,6,4,3,7,4,5,0,4,14,15,14,16,13
3101,2009,421867.5,3805369.5,2022,0,0,4,1,5,2,2,0,9,10,0,9,7,3,9,11,4,1
3096,2037,421951.5,3805384.5,2022,0,3,4,3,3,4,3,9,10,10,11,9,7,12,9,11,14,16
3100,2053,421999.5,3805372.5,2022,0,3,4,3,3,4,3,7,10,2,6,5,2,5,9,10,4,1
3107,2073,422059.5,3805351.5,2022,0,3,4,3,3,4,3,7,10,10,0,9,7,3,9,10,4,1
3117,2109,422167.5,3805321.5,2022,0,3,4,3,3,4,3,7,10,2,6,5,2,5,11,2,10,5
3113,2152,422296.5,3805333.5,2022,0,0,4,1,5,1,2,0,9,1,12,11,13,7,5,15,13,19
3105,2307,422761.5,3805357.5,2022,1,0,1,4,4,2,8,8,3,11,3,0,14,0,4,7,18,7
3091,2334,422842.5,3805399.5,2022,1,0,1,4,4,6,8,8,5,9,3,4,14,0,4,7,18,7
3104,2357,422911.5,3805360.5,2022,1,1,3,5,6,5,6,8,3,11,1,2,1,0,4,1,18,7
3115,2412,423076.5,3805327.5,2022,1,2,2,0,0,6,4,2,3,4,1,2,3,6,2,1,7,18
3114,2445,423175.5,3805330.5,2022,2,1,3,5,6,5,6,6,3,11,2,7,14,0,4,6,18,12
3097,2471,423253.5,3805381.5,2022,2,1,3,5,6,5,6,6,3,11,2,2,1,0,4,6,18,12
3103,2499,423337.5,3805363.5,2022,2,1,3,5,6,5,6,6,6,0,2,12,6,0,4,6,17,12
3111,2525,423415.5,3805339.5,2022,2,1,3,5,6,5,6,6,3,11,1,2,1,0,4,6,18,12
3119,2553,423499.5,3805315.5,2022,1,2,2,0,0,1,4,2,3,11,1,2,1,6,2,1,7,18
3102,2599,423637.5,3805366.5,2022,2,1,3,5,6,5,6,8,3,11,1,2,1,0,4,6,18,12
3096,2617,423691.5,3805384.5,2022,2,1,3,5,6,5,6,6,6,0,2,12,6,11,3,13,0,12
3103,2664,423832.5,3805363.5,2022,2,1,3,1,5,5,6,8,3,11,1,2,14,0,4,7,18,7
3117,2679,423877.5,3805321.5,2022,1,1,3,5,6,5,6,8,3,11,1,2,1,0,4,1,18,18
3113,2716,423988.5,3805333.5,2022,1,2,2,0,0,1,4,2,3,11,1,2,1,6,2,1,7,18
3110,2756,424108.5,3805342.5,2022,1,1,3,5,6,5,6,8,3,11,1,2,1,6,2,1,7,18
3106,2768,424144.5,3805354.5,2022,1,2,3,5,6,1,4,2,3,11,1,2,1,6,2,1,7,18
3101,2799,424237.5,3805369.5,2022,1,1,3,5,6,3,6,8,3,11,1,2,1,6,2,1,7,18
3090,2840,424360.5,3805402.5,2022,1,1,3,5,6,5,6,8,3,11,1,2,1,6,2,1,7,18
3117,2855,424405.5,3805321.5,2022,1,1,3,5,6,3,7,1,8,3,7,8,1,6,2,1,7,18
3114,2893,424519.5,3805330.5,2022,2,1,3,5,6,3,7,1,8,3,7,8,5,13,13,17,9,10
3111,2923,424609.5,3805339.5,2022,2,1,3,5,6,3,7,1,8,3,7,8,5,13,13,17,9,10
3097,2940,424660.5,3805381.5,2022,2,1,3,5,6,3,7,1,8,3,7,8,5,13,13,17,9,10
3102,3234,425542.5,3805366.5,2022,2,1,3,5,6,3,7,1,8,3,7,8,5,13,13,17,9,10
3111,3265,425635.5,3805339.5,2022,2,1,3,5,6,3,7,1,8,3,7,8,5,13,13,17,9,10
3110,3271,425653.5,3805342.5,2022,2,1,3,5,6,3,7,1,8,3,7,8,5,13,13,17,9,10
3097,3328,425824.5,3805381.5,2022,2,1,3,5,6,3,7,1,8,3,7,8,5,13,13,17,9,10
3107,3332,425836.5,3805351.5,2022,2,1,3,5,6,3,7,1,8,3,7,8,5,13,13,17,9,10
3145,16,415888.5,3805237.5,2022,2,3,0,2,1,0,1,4,0,7,4,3,9,2,8,9,5,4
3128,49,415987.5,3805288.5,2022,2,3,0,2,1,0,1,4,0,7,4,3,9,2,8,9,5,4
3148,76,416068.5,3805228.5,2022,2,3,0,2,1,0,1,4,0,7,4,3,9,2,8,9,5,4
3148,112,416176.5,3805228.5,2022,2,3,0,2,1,0,1,4,0,7,4,3,9,2,8,9,5,4
3126,122,416206.5,3805294.5,2022,2,3,0,2,1,0,1,4,0,7,4,3,9,2,8,9,5,4
3143,170,416350.5,3805243.5,2022,2,3,0,2,1,0,1,4,0,7,4,3,9,2,8,9,5,4
3120,205,416455.5,3805312.5,2022,2,3,0,2,1,0,1,4,0,7,4,3,9,2,8,9,5,4
3134,235,416545.5,3805270.5,2022,2,3,0,2,1,0,1,4,0,7,4,3,9,2,8,9,5,4
3133,265,416635.5,3805273.5,2022,2,3,0,2,1,0,1,4,0,7,4,3,9,2,8,9,5,4
3138,279,416677.5,3805258.5,2022,2,3,0,2,1,0,1,4,0,7,4,3,9,2,8,9,5,4
3137,303,416749.5,3805261.5,2022,2,1,0,2,1,0,1,6,6,0,2,12,6,11,3,13,0,6
3132,344,416872.5,3805276.5,2022,2,3,0,2,1,0,1,4,0,7,4,3,9,2,8,9,5,4
3131,369,416947.5,3805279.5,2022,2,3,0,2,1,0,1,4,0,7,4,3,9,2,8,9,5,4
3143,414,417082.5,3805243.5,2022,2,3,0,2,1,0,1,4,0,7,4,3,9,2,8,9,5,4
3140,424,417112.5,3805252.5,2022,2,3,0,2,1,0,1,4,0,7,4,3,9,2,8,9,5,4
3128,455,417205.5,3805288.5,2022,2,1,3,5,6,3,6,6,6,0,2,12,6,6,2,13,7,18
3132,833,418339.5,3805276.5,2022,2,3,0,2,1,0,1,4,0,7,4,3,9,2,8,9,5,4
3125,865,418435.5,3805297.5,2022,0,0,4,3,3,2,5,9,4,10,0,9,7,3,9,10,4,1
3135,873,418459.5,3805267.5,2022,0,3,4,3,3,4,3,7,10,10,6,9,7,3,9,10,4,1
3129,923,418609.5,3805285.5,2022,0,0,1,4,4,2,5,9,4,9,0,4,12,9,1,0,3,15
3126,943,418669.5,3805294.5,2022,0,3,4,3,3,4,5,9,4,10,11,9,7,3,9,10,4,1
3122,963,418729.5,3805306.5,2022,0,3,4,3,3,4,3,7,10,2,6,5,2,5,11,10,4,1
3145,1000,418840.5,3805237.5,2022,2,0,1,4,4,5,6,8,3,11,3,4,14,12,7,7,14,16
3149,1049,418987.5,3805225.5,2022,0,0,1,4,4,2,5,9,4,10,11,9,7,12,7,11,14,16
3122,1065,419035.5,3805306.5,2022,2,3,0,2,1,0,1,6,6,0,2,7,10,11,3,4,15,14
3143,1099,419137.5,3805243.5,2022,2,1,0,2,1,0,1,6,6,0,2,12,6,11,3,13,15,6
3139,1113,419179.5,3805255.5,2022,2,1,0,2,1,0,1,4,6,0,2,12,6,11,3,4,15,14
3132,1142,419266.5,3805276.5,2022,2,1,3,1,5,5,6,6,6,0,2,12,6,11,3,13,0,6
3133,1194,419422.5,3805273.5,2022,2,3,4,1,5,1,2,0,1,5,9,11,13,7,5,15,13,19
3127,1229,419527.5,3805291.5,2022,2,1,3,5,6,5,6,6,6,0,2,7,6,0,4,6,17,3
3129,1245,419575.5,3805285.5,2022,2,1,3,1,5,5,6,6,6,0,2,7,6,11,3,6,17,3
3120,1261,419623.5,3805312.5,2022,2,1,3,1,5,1,2,0,9,1,12,11,13,7,5,15,13,19
3128,1326,419818.5,3805288.5,2022,1,2,2,0,0,1,4,0,9,1,12,11,13,7,6,15,11,0
3145,1527,420421.5,3805237.5,2022,1,2,2,0,0,6,8,3,5,4,5,10,3,14,15,14,16,13
3140,1531,420433.5,3805252.5,2022,1,2,2,0,0,6,8,3,5,4,5,10,3,14,15,14,16,13
3126,1571,420553.5,3805294.5,2022,1,2,1,4,4,6,8,3,5,4,5,10,3,14,15,14,16,13
3136,1592,420616.5,3805264.5,2022,1,2,2,0,0,6,8,3,5,4,5,10,3,14,15,14,16,13
3129,1634,420742.5,3805285.5,2022,1,0,1,4,4,6,8,3,5,4,5,10,3,14,15,14,16,13
3144,1652,420796.5,3805240.5,2022,1,2,2,0,0,6,8,3,5,4,5,10,3,14,15,14,16,13
3120,1843,421369.5,3805312.5,2022,1,0,1,4,4,2,5,3,4,9,0,0,12,9,1,0,3,15
3124,1927,421621.5,3805300.5,2022,1,0,1,4,4,2,5,3,9,1,12,0,4,10,16,5,1,11
3134,1959,421717.5,3805270.5,2022,0,0,1,4,4,2,5,9,4,1,12,0,7,10,16,11,14,16
3122,2039,421957.5,3805306.5,2022,0,3,4,3,3,4,2,0,9,1,12,11,13,7,5,15,13,19
3126,2047,421981.5,3805294.5,2022,1,2,2,1,4,1,2,3,9,1,12,0,4,10,16,5,1,11
3121,2086,422098.5,3805309.5,2022,1,2,2,1,5,1,2,0,9,1,12,11,13,7,5,15,13,19
3133,2111,422173.5,3805273.5,2022,0,3,4,1,5,4,2,0,9,1,11,11,13,7,5,15,13,19
3123,2178,422374.5,3805303.5,2022,0,0,1,4,4,2,5,9,4,10,0,4,14,9,1,7,14,16
3147,2332,422836.5,3805231.5,2022,0,0,1,4,4,2,5,9,4,10,3,4,14,9,7,7,14,7
3135,2346,422878.5,3805267.5,2022,1,0,1,4,4,2,5,8,4,9,3,4,14,9,1,7,18,7
3122,2372,422956.5,3805306.5,2022,1,2,1,0,0,6,8,8,3,11,1,2,1,0,4,12,18,17
3149,2425,423115.5,3805225.5,2022,2,1,3,5,6,5,6,8,3,11,2,2,14,0,4,6,18,3
3128,2448,423184.5,3805288.5,2022,2,1,3,5,6,5,6,6,6,0,2,12,6,0,4,6,0,12
3140,2468,423244.5,3805252.5,2022,2,1,3,5,6,5,6,6,6,0,2,12,6,11,3,13,0,14
3142,2503,423349.5,3805246.5,2022,2,1,3,5,6,5,6,6,6,0,2,2,6,0,4,6,17,3
3130,2543,423469.5,3805282.5,2022,2,1,3,5,6,5,6,8,3,11,1,2,1,0,4,1,18,12
3120,2576,423568.5,3805312.5,2022,2,1,3,5,6,5,6,6,3,11,1,2,1,0,4,6,18,12
3146,2609,423667.5,3805234.5,2022,1,1,3,5,6,5,6,8,3,11,1,2,1,0,4,1,18,18
3132,2616,423688.5,3805276.5,2022,1,1,3,5,6,5,6,8,3,11,1,2,1,0,4,1,18,18
3137,2667,423841.5,3805261.5,2022,1,1,3,5,6,5,6,8,3,11,1,2,1,0,4,7,18,7
3148,2691,423913.5,3805228.5,2022,2,1,3,5,6,5,6,6,3,11,1,2,1,0,4,6,17,12
3134,2716,423988.5,3805270.5,2022,1,2,2,0,0,1,4,2,7,6,1,6,8,6,2,1,7,18
3139,2739,424057.5,3805255.5,2022,1,2,2,0,0,6,4,2,7,6,1,6,1,6,2,1,7,18
3136,2771,424153.5,3805264.5,2022,1,2,2,0,0,6,4,2,7,6,1,6,8,6,2,1,7,18
3130,2802,424246.5,3805282.5,2022,1,2,2,5,0,3,4,2,3,11,1,2,1,6,2,1,7,18
3129,2847,424381.5,3805285.5,2022,2,1,3,5,6,5,6,8,3,11,1,2,1,0,4,1,18,12
3135,2852,424396.5,3805267.5,2022,2,1,3,5,6,3,7,1,8,3,1,8,1,6,2,1,7,18
3136,2894,424522.5,3805264.5,2022,2,1,3,5,6,3,6,1,3,11,1,2,1,6,2,1,7,12
3134,2928,424624.5,3805270.5,2022,2,1,3,5,6,3,7,1,8,3,1,2,1,6,2,1,7,18
3147,2941,424663.5,3805231.5,2022,2,1,3,5,6,3,7,1,8,3,7,8,5,13,13,17,9,10
3140,3153,425299.5,3805252.5,2022,2,1,3,5,6,5,6,6,6,0,2,12,6,11,3,13,0,6
3145,3237,425551.5,3805237.5,2022,2,1,3,5,6,3,7,1,8,3,7,8,5,13,13,17,9,10
3140,3252,425596.5,3805252.5,2022,2,1,3,5,6,3,7,1,8,3,7,8,5,13,13,17,9,10
3129,3294,425722.5,3805285.5,2022,2,1,3,5,6,3,7,1,8,3,7,8,5,13,13,17,9,10
3140,3320,425800.5,3805252.5,2022,2,1,3,5,6,3,7,1,8,3,7,8,5,13,13,17,9,10
3141,3331,425833.5,3805249.5,2022,2,1,3,5,6,3,7,1,8,3,7,8,5,13,13,17,9,10
3154,13,415879.5,3805210.5,2022,2,1,0,2,1,0,1,4,0,7,4,3,9,2,8,9,5,4
3165,36,415948.5,3805177.5,2022,2,3,0,2,1,0,1,4,0,7,4,3,9,2,8,9,5,4
3151,77,416071.5,3805219.5,2022,2,3,0,2,1,0,1,4,0,7,4,3,9,2,8,9,15,4
3153,103,416149.5,3805213.5,2022,2,3,0,2,1,0,1,4,0,7,4,3,9,2,8,9,5,4
3161,129,416227.5,3805189.5,2022,2,3,0,2,1,0,1,4,0,7,4,3,9,2,8,9,5,4
3173,178,416374.5,3805153.5,2022,2,3,0,2,1,0,1,4,0,7,4,3,9,2,8,9,5,4
3151,186,416398.5,3805219.5,2022,2,3,0,2,1,0,1,4,0,7,4,3,9,2,8,9,5,4
3170,211,416473.5,3805162.5,2022,2,3,0,2,1,0,1,4,0,7,4,3,9,2,8,9,5,4
3176,260,416620.5,3805144.5,2022,2,3,0,2,1,0,1,4,0,7,4,3,9,2,8,9,5,4
3158,272,416656.5,3805198.5,2022,2,3,0,2,1,0,1,4,0,7,4,3,9,2,8,9,5,4
3155,328,416824.5,3805207.5,2022,2,3,0,2,1,0,1,4,0,7,4,3,9,2,8,9,5,4
3173,354,416902.5,3805153.5,2022,2,3,0,2,1,0,1,4,0,7,4,3,9,2,8,9,5,4
3171,388,417004.5,3805159.5,2022,2,1,0,2,1,0,1,4,0,7,4,3,9,2,8,13,5,6
3168,402,417046.5,3805168.5,2022,2,3,0,2,1,0,1,4,0,7,4,3,9,2,8,9,5,4
3169,420,417100.5,3805165.5,2022,2,3,0,2,1,0,1,4,0,7,4,3,9,2,8,9,5,4
3177,451,417193.5,3805141.5,2022,2,1,3,5,2,7,0,5,2,8,10,1,0,15,14,16,12,9
3171,547,417481.5,3805159.5,2022,2,3,0,2,1,0,1,4,0,7,4,3,9,2,8,9,5,4
3164,642,417766.5,3805180.5,2022,2,3,0,2,1,0,1,4,0,7,4,3,9,2,8,9,5,4
3174,685,417895.5,3805150.5,2022,2,3,0,2,1,0,1,4,0,7,4,3,9,2,8,4,15,14
3167,706,417958.5,3805171.5,2022,0,3,4,1,5,4,2,0,1,5,11,7,10,1,0,4,15,14
3165,836,418348.5,3805177.5,2022,2,1,3,1,5,5,6,6,6,0,2,12,6,11,3,6,17,3
3157,848,418384.5,3805201.5,2022,2,1,0,2,1,0,1,6,6,0,2,12,6,11,3,13,0,6
3179,873,418459.5,3805135.5,2022,2,1,0,2,1,0,1,4,0,7,4,3,9,2,8,9,5,6
3165,910,418570.5,3805177.5,2022,2,1,0,2,1,0,1,4,6,0,2,12,6,11,3,13,15,6
3167,949,418687.5,3805171.5,2022,2,1,3,1,5,5,6,6,6,0,2,7,10,0,4,6,17,3
3159,983,418789.5,3805195.5,2022,0,0,4,3,3,2,5,9,4,10,0,9,7,3,9,10,4,1
3168,1017,418891.5,3805168.5,2022,2,3,0,2,1,0,1,4,0,0,4,7,10,2,8,4,15,14
3165,1024,418912.5,3805177.5,2022,1,0,1,1,5,1,2,0,9,5,12,11,13,7,5,15,13,19
3157,1062,419026.5,3805201.5,2022,0,3,4,1,5,1,2,0,9,5,9,11,13,7,5,15,13,19
3150,1084,419092.5,3805222.5,2022,2,3,0,2,1,0,1,4,0,7,4,3,9,2,8,4,15,14
3158,1120,419200.5,3805198.5,2022,2,3,4,1,5,5,2,0,1,5,9,11,13,7,5,15,13,19
3150,1170,419350.5,3805222.5,2022,2,3,4,1,5,1,2,0,1,5,9,11,13,7,5,15,13,19
3164,1224,419512.5,3805180.5,2022,2,3,0,2,1,0,1,4,0,7,4,3,9,2,8,4,15,14
3163,1232,419536.5,3805183.5,2022,2,1,3,1,5,1,2,0,9,0,2,11,13,7,5,15,13,19
3162,1392,420016.5,3805186.5,2022,0,3,4,3,3,4,3,7,10,2,6,5,10,5,11,4,15,14
3157,1521,420403.5,3805201.5,2022,1,2,1,4,4,6,8,3,5,4,5,10,3,14,15,14,16,13
3158,1544,420472.5,3805198.5,2022,1,2,1,4,4,6,8,3,5,4,5,10,3,14,15,14,16,13
3156,1578,420574.5,3805204.5,2022,1,0,1,4,4,6,8,3,5,4,5,10,3,14,15,14,16,13
3153,1617,420691.5,3805213.5,2022,1,2,1,4,4,6,8,3,5,4,5,10,3,14,15,14,16,13
3150,1647,420781.5,3805222.5,2022,1,2,2,0,0,6,8,3,5,4,5,10,3,14,15,14,16,13
3155,1650,420790.5,3805207.5,2022,1,2,1,4,4,6,8,3,5,4,5,10,3,14,15,14,16,13
3162,2129,422227.5,3805186.5,2022,0,3,4,3,3,4,3,7,10,2,6,5,2,5,11,2,10,5
3151,2130,422230.5,3805219.5,2022,0,0,4,3,4,2,5,9,9,10,0,9,7,3,9,10,4,1
3174,2179,422377.5,3805150.5,2022,1,2,2,1,5,1,2,0,9,1,12,0,4,10,16,5,1,11
3159,2205,422455.5,3805195.5,2022,1,2,3,1,5,5,6,8,3,11,1,2,1,0,4,7,18,7
3176,2247,422581.5,3805144.5,2022,1,0,1,4,4,2,8,3,4,9,0,4,12,9,1,0,3,15
3167,2272,422656.5,3805171.5,2022,1,0,1,4,4,6,8,3,5,4,5,0,4,10,16,5,1,11
3171,2306,422758.5,3805159.5,2022,0,0,1,4,4,2,5,9,4,10,0,9,7,3,9,10,4,1
3158,2337,422851.5,3805198.5,2022,0,0,1,4,4,2,5,8,4,9,3,4,14,9,1,7,3,7
3163,2349,422887.5,3805183.5,2022,0,0,4,1,5,2,5,9,4,10,11,7,7,12,7,11,14,16
3170,2373,422959.5,3805162.5,2022,1,0,1,1,5,5,6,8,3,11,1,2,14,0,4,7,18,7
3155,2411,423073.5,3805207.5,2022,2,1,3,2,1,5,6,6,6,0,2,12,6,11,3,4,15,14
3168,2458,423214.5,3805168.5,2022,2,1,3,1,5,5,6,6,6,0,2,7,10,0,4,6,17,3
3166,2489,423307.5,3805174.5,2022,1,1,3,5,6,5,6,8,3,11,1,2,1,0,4,1,18,18
3158,2510,423370.5,3805198.5,2022,1,1,3,5,6,5,6,8,3,11,1,2,1,0,4,1,18,12
3159,2533,423439.5,3805195.5,2022,2,1,3,1,5,5,6,8,3,11,1,2,1,0,4,6,18,3
3162,2573,423559.5,3805186.5,2022,1,1,3,5,6,5,6,8,3,11,1,2,1,0,4,1,18,7
3169,2600,423640.5,3805165.5,2022,2,1,3,5,6,5,6,6,3,11,1,2,1,0,4,6,17,3
3154,2628,423724.5,3805210.5,2022,1,1,3,1,5,5,6,8,3,11,1,2,1,0,4,7,18,7
3163,2647,423781.5,3805183.5,2022,2,1,3,1,5,5,6,8,3,11,1,2,1,0,4,6,17,3
3179,2699,423937.5,3805135.5,2022,1,2,2,0,0,6,4,2,7,6,8,6,8,6,2,3,7,18
3168,2705,423955.5,3805168.5,2022,1,2,2,0,6,3,4,2,7,6,1,2,1,6,2,1,7,18
3162,2756,424108.5,3805186.5,2022,2,1,3,5,6,5,6,8,3,11,1,2,1,0,4,6,18,12
3151,2772,424156.5,3805219.5,2022,1,1,3,5,6,5,6,8,3,11,1,2,1,0,4,1,18,12
3150,2817,424291.5,3805222.5,2022,1,1,3,5,6,5,6,8,3,11,1,2,1,0,4,1,18,12
3170,2837,424351.5,3805162.5,2022,1,2,2,0,0,3,4,2,3,11,1,2,1,6,2,1,7,18
3150,2854,424402.5,3805222.5,2022,1,2,3,5,6,3,4,2,3,11,1,2,1,6,2,1,7,18
3164,2905,424555.5,3805180.5,2022,1,1,3,5,6,5,6,8,3,11,1,2,1,6,2,1,7,12
3159,2910,424570.5,3805195.5,2022,1,1,3,5,6,3,7,1,8,11,1,2,1,6,2,1,7,18
3166,3219,425497.5,3805174.5,2022,2,1,3,5,6,3,7,1,8,3,7,8,5,13,13,17,9,10
3157,3259,425617.5,3805201.5,2022,2,1,3,5,6,3,7,1,8,3,7,8,5,13,13,17,9,10
3179,3285,425695.5,3805135.5,2022,2,1,3,5,6,3,7,1,8,3,7,8,5,13,13,17,9,10
3159,3326,425818.5,3805195.5,2022,2,1,3,5,6,3,7,1,8,3,7,8,5,13,13,17,9,10
3168,3332,425836.5,3805168.5,2022,2,1,3,5,6,3,7,1,8,3,7,8,5,13,13,17,9,10
3187,10,415870.5,3805111.5,2022,2,3,0,2,1,0,1,4,0,7,4,3,9,2,8,9,5,4
3199,31,415933.5,3805075.5,2022,2,3,0,2,1,0,1,4,0,7,4,3,9,2,8,9,5,4
3196,65,416035.5,3805084.5,2022,2,1,0,2,1,0,1,4,0,7,4,3,9,2,8,9,5,6
3199,103,416149.5,3805075.5,2022,2,3,0,2,1,0,1,4,0,7,4,3,9,2,8,9,5,4
3209,142,416266.5,3805045.5,2022,2,3,0,2,1,0,1,4,0,7,4,3,9,2,8,9,5,4
3204,154,416302.5,3805060.5,2022,2,3,0,2,1,0,1,4,0,7,4,3,9,2,8,9,5,4
3205,189,416407.5,3805057.5,2022,2,3,0,2,1,0,1,4,0,7,4,3,9,2,8,9,5,4
3186,228,416524.5,3805114.5,2022,2,3,0,2,1,0,1,4,0,7,4,3,9,2,8,9,5,4
3198,248,416584.5,3805078.5,2022,2,3,0,2,1,0,1,4,0,7,4,3,9,2,8,9,5,4
3181,286,416698.5,3805129.5,2022,2,3,0,2,1,0,1,4,0,7,4,3,9,2,8,9,5,4
3180,311,416773.5,3805132.5,2022,2,3,0,2,1,0,1,4,0,7,4,3,9,2,8,9,5,4
3188,332,416836.5,3805108.5,2022,2,3,0,2,1,0,1,4,0,7,4,3,9,2,8,9,5,4
3181,386,416998.5,3805129.5,2022,2,3,0,2,1,0,1,4,0,7,4,3,9,2,8,9,5,4
3180,402,417046.5,3805132.5,2022,2,3,0,2,1,0,1,4,0,7,4,3,9,2,8,4,15,14
3209,432,417136.5,3805045.5,2022,2,1,0,2,1,0,1,4,6,0,2,12,6,11,3,4,15,14
3208,476,417268.5,3805048.5,2022,2,1,3,5,2,7,0,5,2,8,10,1,0,15,14,16,12,9
3209,487,417301.5,3805045.5,2022,2,3,0,2,1,0,1,4,0,7,4,3,9,2,8,9,5,4
3200,511,417373.5,3805072.5,2022,2,3,0,2,1,0,1,4,0,7,4,3,9,2,8,9,5,4
3187,562,417526.5,3805111.5,2022,2,3,0,2,1,0,1,4,0,7,4,3,9,2,8,4,15,14
3182,571,417553.5,3805126.5,2022,2,3,0,2,1,0,1,4,0,7,4,3,9,2,8,9,5,4
3193,628,417724.5,3805093.5,2022,2,3,0,2,1,0,1,4,0,7,4,3,9,2,8,4,15,14
3209,638,417754.5,3805045.5,2022,2,1,0,2,1,5,6,6,6,0,2,12,6,11,3,4,15,14
3195,681,417883.5,3805087.5,2022,2,3,0,2,1,5,6,6,6,0,11,7,10,1,0,4,15,14
3195,702,417946.5,3805087.5,2022,2,1,0,2,1,0,1,4,0,7,4,3,9,2,8,9,5,4
3207,748,418084.5,3805051.5,2022,0,0,1,4,4,2,5,9,4,9,3,4,12,9,1,0,3,15
3207,752,418096.5,3805051.5,2022,1,2,2,1,5,1,2,0,9,5,9,11,13,7,5,15,13,19
3198,794,418222.5,3805078.5,2022,2,1,3,5,6,5,6,6,6,0,2,12,6,11,3,6,17,3
3182,867,418441.5,3805126.5,2022,2,1,0,2,1,0,1,4,0,7,4,3,9,2,8,9,5,4
3180,872,418456.5,3805132.5,2022,2,3,0,2,1,0,1,4,0,7,4,3,9,2,8,4,15,14
3209,912,418576.5,3805045.5,2022,2,1,0,2,1,0,1,4,0,7,4,3,9,2,8,4,15,6
3198,969,418747.5,3805078.5,2022,2,1,3,5,6,1,6,6,6,0,1,11,1,6,2,15,7,18
3192,1013,418879.5,3805096.5,2022,2,1,3,1,5,1,2,0,9,0,1,11,13,7,5,15,13,19
3199,1027,418921.5,3805075.5,2022,2,3,0,2,1,0,1,4,0,7,4,3,9,2,8,9,15,4
3204,1125,419215.5,3805060.5,2022,1,2,2,0,0,1,4,2,7,6,8,11,13,7,6,15,11,0
3185,1179,419377.5,3805117.5,2022,0,2,4,1,5,1,2,0,9,1,12,11,13,7,5,15,13,19
3198,1201,419443.5,3805078.5,2022,1,2,2,1,5,1,2,0,9,1,12,11,13,7,5,15,13,19
3191,1305,419755.5,3805099.5,2022,0,3,4,3,3,4,2,0,9,1,12,11,13,7,5,15,13,19
3191,1486,420298.5,3805099.5,2022,1,2,2,0,0,1,8,3,9,1,12,0,4,10,16,5,1,11
3184,1501,420343.5,3805120.5,2022,0,0,1,4,4,2,5,8,4,9,3,4,14,9,7,7,14,7
3209,1531,420433.5,3805045.5,2022,1,0,1,4,4,2,8,3,5,1,12,0,4,10,16,5,1,11
3195,1569,420547.5,3805087.5,2022,1,0,1,4,4,2,5,3,4,9,0,4,12,9,1,0,3,15
3180,1639,420757.5,3805132.5,2022,1,2,2,0,0,1,8,3,9,1,12,0,4,10,16,5,1,11
3191,1986,421798.5,3805099.5,2022,0,0,4,3,3,2,5,9,4,10,11,9,7,12,7,10,14,16
3187,2157,422311.5,3805111.5,2022,0,3,4,1,5,4,2,0,1,10,11,7,10,12,7,11,13,19
3206,2237,422551.5,3805054.5,2022,1,0,1,4,4,6,8,3,5,4,5,10,3,14,15,14,16,13
3203,2256,422608.5,3805063.5,2022,0,3,4,3,3,4,3,7,10,10,0,9,7,3,9,10,4,1
3198,2305,422755.5,3805078.5,2022,0,0,1,4,4,2,5,9,4,10,0,9,7,3,9,11,14,16
3203,2317,422791.5,3805063.5,2022,0,0,1,4,4,2,5,9,4,9,0,4,14,9,1,7,3,16
3201,2354,422902.5,3805069.5,2022,2,3,0,2,1,0,1,4,0,7,4,3,9,2,8,9,5,4
3188,2371,422953.5,3805108.5,2022,1,2,2,0,0,6,4,2,3,11,1,2,1,6,2,1,7,18
3207,2426,423118.5,3805051.5,2022,2,1,3,1,5,5,6,6,6,0,2,7,10,11,3,4,17,3
3190,2430,423130.5,3805102.5,2022,2,3,0,2,1,0,1,4,0,7,4,3,9,2,8,4,15,14
3189,2477,423271.5,3805105.5,2022,1,2,2,0,0,1,4,2,7,6,1,11,13,6,2,15,7,18
3201,2513,423379.5,3805069.5,2022,1,1,3,1,5,5,2,8,3,11,1,2,1,0,4,6,18,3
3206,2525,423415.5,3805054.5,2022,1,2,1,4,4,6,8,8,3,11,3,13,11,4,12,12,6,17
3198,2559,423517.5,3805078.5,2022,0,1,4,1,5,5,2,0,1,5,9,11,13,7,5,15,13,19
3190,2588,423604.5,3805102.5,2022,1,2,2,1,5,1,2,0,3,11,1,11,13,6,2,15,7,18
3199,2621,423703.5,3805075.5,2022,1,2,2,0,0,1,4,2,3,11,1,2,1,6,2,1,7,18
3186,2654,423802.5,3805114.5,2022,1,2,2,0,0,6,4,2,7,6,1,6,8,6,2,3,7,18
3203,2684,423892.5,3805063.5,2022,1,2,2,1,5,1,2,0,1,5,9,11,13,7,6,15,11,3
3195,2714,423982.5,3805087.5,2022,2,1,3,1,5,5,6,8,3,11,1,2,1,0,4,6,17,3
3209,2753,424099.5,3805045.5,2022,1,2,2,0,0,1,4,2,7,6,8,6,8,8,10,3,11,0
3203,2782,424186.5,3805063.5,2022,2,1,3,5,6,3,7,1,8,3,1,2,1,6,2,1,7,18
3200,2819,424297.5,3805072.5,2022,1,2,2,0,0,6,4,2,7,6,8,6,8,8,10,3,8,8
3204,2836,424348.5,3805060.5,2022,1,2,2,0,0,1,4,2,3,11,1,2,1,6,2,1,7,18
3186,2851,424393.5,3805114.5,2022,1,1,3,5,6,5,6,8,3,11,1,2,1,0,4,1,7,12
3183,2908,424564.5,3805123.5,2022,1,2,3,5,6,3,7,1,8,3,1,2,1,6,2,1,7,18
3190,2917,424591.5,3805102.5,2022,1,1,3,5,6,3,7,1,8,3,7,8,1,6,2,1,7,18
3186,2943,424669.5,3805114.5,2022,1,1,3,5,6,3,7,1,8,3,7,8,5,6,2,1,7,18
3183,3058,425014.5,3805123.5,2022,2,1,3,5,6,3,6,6,3,11,1,2,1,0,4,1,0,12
3189,3063,425029.5,3805105.5,2022,2,1,3,5,6,3,6,6,6,11,1,2,1,6,2,1,7,12
3181,3209,425467.5,3805129.5,2022,2,1,3,5,6,3,7,1,8,3,7,8,5,13,13,17,9,10
3180,3211,425473.5,3805132.5,2022,2,1,3,5,6,3,7,1,8,3,7,8,5,13,13,17,9,10
3189,3242,425566.5,3805105.5,2022,2,1,3,5,6,3,7,1,8,3,7,8,5,13,13,17,9,10
3208,3296,425728.5,3805048.5,2022,2,1,3,5,6,3,7,1,8,3,7,8,5,13,13,17,9,10
3188,3329,425827.5,3805108.5,2022,2,1,3,5,6,3,7,1,8,3,7,8,5,13,13,17,9,10
3185,3333,425839.5,3805117.5,2022,2,1,3,5,6,3,7,1,8,3,7,8,5,13,13,17,9,10
3223,23,415909.5,3805003.5,2022,2,3,0,2,1,0,1,4,0,7,4,3,9,2,8,9,5,4
3235,44,415972.5,3804967.5,2022,2,3,0,2,1,0,1,4,0,7,4,3,9,2,8,4,15,14
3210,75,416065.5,3805042.5,2022,2,3,0,2,1,0,1,4,0,7,4,3,9,2,8,4,15,14
3235,98,416134.5,3804967.5,2022,2,3,0,2,1,0,1,4,0,7,4,3,9,2,8,9,5,4
3212,134,416242.5,3805036.5,2022,2,3,0,2,1,0,1,4,0,7,4,3,9,2,8,9,5,4
3232,153,416299.5,3804976.5,2022,2,1,0,2,1,5,1,6,6,0,2,12,6,11,3,13,0,6
3223,209,416467.5,3805003.5,2022,2,3,0,2,1,0,1,4,0,7,4,3,9,2,8,9,5,4
3235,232,416536.5,3804967.5,2022,2,3,0,2,1,0,1,4,0,7,4,3,9,2,8,9,5,4
3228,267,416641.5,3804988.5,2022,2,3,0,2,1,0,1,4,0,7,4,3,9,2,8,9,5,4
3227,277,416671.5,3804991.5,2022,2,3,0,2,1,0,1,4,0,7,4,3,9,2,8,9,5,6
3227,328,416824.5,3804991.5,2022,2,3,0,2,1,0,1,4,0,7,4,3,9,2,8,9,5,4
3220,354,416902.5,3805012.5,2022,2,1,0,2,1,0,1,4,0,7,4,3,9,2,8,9,5,4
3215,385,416995.5,3805027.5,2022,2,1,3,5,6,5,6,6,6,0,2,12,6,11,3,13,7,6
3224,406,417058.5,3805000.5,2022,0,3,0,2,3,4,3,7,10,2,6,5,10,5,11,4,15,14
3223,449,417187.5,3805003.5,2022,2,3,0,2,1,5,6,6,6,0,2,7,10,11,3,4,15,14
3219,462,417226.5,3805015.5,2022,2,1,0,2,1,0,1,6,6,0,2,12,6,11,3,13,0,6
3229,495,417325.5,3804985.5,2022,2,1,0,2,1,0,1,4,0,7,4,3,9,2,8,9,5,4
3230,513,417379.5,3804982.5,2022,2,3,0,2,1,0,1,4,0,7,4,3,9,2,8,9,5,4
3227,541,417463.5,3804991.5,2022,2,3,0,2,1,0,1,4,0,7,4,3,9,2,8,9,5,4
3237,576,417568.5,3804961.5,2022,0,3,0,2,1,0,1,4,0,7,4,3,9,2,8,9,5,4
3239,624,417712.5,3804955.5,2022,1,2,2,0,0,1,4,2,3,11,1,2,1,6,2,1,7,18
3211,641,417763.5,3805039.5,2022,2,3,4,1,5,5,6,6,6,0,11,7,10,1,0,4,15,14
3221,676,417868.5,3805009.5,2022,0,3,4,3,3,4,3,7,10,10,11,7,10,12,7,4,15,14
3213,696,417928.5,3805033.5,2022,0,3,4,3,3,4,5,9,4,10,0,9,7,3,9,10,4,1
3226,729,418027.5,3804994.5,2022,0,0,1,1,4,2,5,9,4,10,11,7,10,1,0,8,14,16
3212,753,418099.5,3805036.5,2022,0,3,0,1,5,5,6,6,6,0,11,7,10,12,7,4,15,14
3233,801,418243.5,3804973.5,2022,0,0,1,4,4,2,5,9,4,10,0,9,7,3,9,10,4,1
3227,813,418279.5,3804991.5,2022,2,3,0,2,1,5,1,6,6,0,2,7,10,11,3,4,15,14
3235,850,418390.5,3804967.5,2022,1,2,2,0,0,6,8,3,5,4,5,0,4,10,16,5,1,11
3229,898,418534.5,3804985.5,2022,0,0,1,4,4,2,5,9,4,10,0,9,7,3,9,10,4,1
3212,915,418585.5,3805036.5,2022,2,1,3,1,5,5,6,6,6,0,2,12,6,11,3,6,17,3
3217,940,418660.5,3805021.5,2022,1,2,2,0,4,1,8,3,9,1,12,0,4,10,16,5,1,11
3210,1016,418888.5,3805042.5,2022,0,3,4,1,5,4,2,0,1,5,9,7,10,1,0,8,2,2
3220,1025,418915.5,3805012.5,2022,1,2,3,5,6,3,4,2,7,11,1,2,1,6,2,1,7,18
3239,1141,419263.5,3804955.5,2022,2,1,3,1,5,1,2,0,9,1,12,11,13,7,5,15,13,19
3220,1194,419422.5,3805012.5,2022,2,3,0,2,1,0,1,4,0,7,4,3,9,2,8,9,5,4
3217,1458,420214.5,3805021.5,2022,0,3,4,3,3,4,2,0,9,1,12,11,13,7,5,15,13,19
3214,1480,420280.5,3805030.5,2022,1,0,1,4,4,2,8,3,9,1,12,0,4,10,16,5,1,11
3228,1525,420415.5,3804988.5,2022,1,0,1,4,4,6,8,3,5,4,5,10,3,14,15,14,16,13
3233,1538,420454.5,3804973.5,2022,1,0,1,4,4,2,5,9,4,9,3,4,12,9,1,0,3,15
3210,1569,420547.5,3805042.5,2022,1,0,1,4,4,2,8,3,5,1,12,0,4,10,16,5,1,11
3228,2094,422122.5,3804988.5,2022,0,0,4,3,3,4,3,9,10,10,0,9,7,3,9,10,4,1
3223,2145,422275.5,3805003.5,2022,0,3,4,3,3,4,3,7,10,2,6,5,2,5,11,2,10,5
3237,2175,422365.5,3804961.5,2022,0,3,4,3,3,4,3,7,10,2,6,5,2,5,11,2,10,5
3217,2246,422578.5,3805021.5,2022,1,2,2,0,0,6,8,3,5,4,5,10,3,14,15,14,16,13
3230,2253,422599.5,3804982.5,2022,1,0,1,4,4,2,8,3,5,9,3,4,12,9,1,0,3,15
3220,2305,422755.5,3805012.5,2022,0,3,4,3,3,4,3,9,10,10,11,9,7,3,9,10,4,1
3211,2325,422815.5,3805039.5,2022,2,3,0,2,1,5,1,6,6,0,11,7,10,12,7,4,15,14
3214,2343,422869.5,3805030.5,2022,2,1,0,2,1,0,1,4,6,0,2,12,6,11,3,13,0,6
3228,2377,422971.5,3804988.5,2022,2,3,0,2,1,0,1,4,0,7,4,3,9,2,8,9,5,4
3235,2409,423067.5,3804967.5,2022,0,3,0,2,1,4,1,4,10,2,11,7,10,12,7,4,15,14
3214,2437,423151.5,3805030.5,2022,1,2,2,0,0,1,4,2,7,6,1,11,13,6,2,15,7,18
3229,2467,423241.5,3804985.5,2022,1,0,1,1,5,5,2,8,1,5,9,7,14,0,4,7,17,7
3228,2509,423367.5,3804988.5,2022,1,2,2,1,5,1,2,8,3,11,1,2,1,6,2,15,7,18
3224,2536,423448.5,3805000.5,2022,1,2,2,0,0,1,6,8,3,11,1,2,1,6,2,1,7,18
3235,2550,423490.5,3804967.5,2022,1,2,2,0,0,6,4,2,7,6,8,6,8,6,2,3,7,18
3231,2588,423604.5,3804979.5,2022,1,1,3,1,5,5,6,8,3,11,1,2,1,6,2,1,7,18
3231,2638,423754.5,3804979.5,2022,1,2,2,0,0,1,4,2,7,6,1,11,13,6,2,15,7,18
3232,2644,423772.5,3804976.5,2022,1,2,2,1,5,1,2,0,3,11,1,11,13,6,2,15,7,18
3231,2671,423853.5,3804979.5,2022,2,1,3,1,5,5,2,0,3,11,1,7,10,0,4,6,17,3
3210,2702,423946.5,3805042.5,2022,2,1,3,1,5,5,6,6,3,11,1,2,1,0,4,6,17,3
3237,2759,424117.5,3804961.5,2022,1,2,2,0,0,1,4,2,7,6,1,11,13,6,2,15,7,18
3232,2783,424189.5,3804976.5,2022,1,2,2,0,0,3,4,2,3,11,1,2,1,6,2,1,7,18
3214,2805,424255.5,3805030.5,2022,1,2,2,0,0,6,4,2,7,6,8,6,8,8,10,3,8,18
3212,2844,424372.5,3805036.5,2022,1,2,3,5,6,1,4,2,3,11,1,2,1,6,2,1,7,18
3227,2870,424450.5,3804991.5,2022,2,1,3,5,6,3,7,1,8,3,1,2,1,6,2,1,7,18
3228,3197,425431.5,3804988.5,2022,2,1,3,5,6,3,7,1,8,3,7,8,5,13,13,17,9,10
3222,3267,425641.5,3805006.5,2022,2,1,3,5,6,3,7,1,8,3,7,8,5,13,13,17,9,10
3219,3297,425731.5,3805015.5,2022,2,1,3,5,6,3,7,1,8,3,7,8,5,13,13,17,9,10
3232,3312,425776.5,3804976.5,2022,2,1,3,5,6,3,7,1,8,3,7,8,5,13,13,17,9,10
3265,2,415846.5,3804877.5,2022,0,3,0,2,1,0,1,4,0,7,4,3,9,2,8,9,5,4
3254,52,415996.5,3804910.5,2022,2,3,0,2,1,0,1,4,0,7,4,3,9,2,8,9,5,4
3243,76,416068.5,3804943.5,2022,2,3,0,2,1,0,1,4,0,7,4,3,9,2,8,9,5,4
3246,101,416143.5,3804934.5,2022,2,3,0,2,1,0,1,4,0,7,4,3,9,2,8,9,5,4
3247,136,416248.5,3804931.5,2022,2,3,0,2,1,0,1,4,0,7,4,3,9,2,8,9,5,4
3244,172,416356.5,3804940.5,2022,2,3,0,2,1,0,1,4,0,7,4,3,9,2,8,9,5,4
3262,185,416395.5,3804886.5,2022,2,3,0,2,1,0,1,4,0,7,4,3,9,2,8,9,5,4
3257,221,416503.5,3804901.5,2022,2,3,0,2,1,0,1,4,0,7,4,3,9,2,8,9,5,4
3256,264,416632.5,3804904.5,2022,2,3,0,2,1,0,1,4,0,7,4,3,9,2,8,9,5,4
3242,299,416737.5,3804946.5,2022,2,3,0,2,1,0,1,4,0,7,4,3,9,2,8,9,5,4
3249,302,416746.5,3804925.5,2022,2,3,0,2,1,0,1,4,0,7,4,3,9,2,8,9,5,4
3263,350,416890.5,3804883.5,2022,2,3,0,2,1,0,1,4,0,7,4,3,9,2,8,9,5,4
3264,360,416920.5,3804880.5,2022,2,3,0,2,1,0,1,4,0,7,4,3,9,2,8,9,5,4
3260,408,417064.5,3804892.5,2022,2,3,0,2,1,0,1,4,0,7,4,3,9,2,8,4,15,14
3242,443,417169.5,3804946.5,2022,2,3,0,2,1,0,1,4,0,7,4,3,9,2,8,9,5,4
3243,478,417274.5,3804943.5,2022,2,1,3,5,6,1,6,6,3,11,1,11,1,6,2,1,7,18
3252,481,417283.5,3804916.5,2022,2,3,0,2,1,0,1,4,0,7,4,3,9,2,8,9,5,4
3242,512,417376.5,3804946.5,2022,2,3,0,2,1,0,1,4,0,7,4,3,9,2,8,9,5,4
3253,562,417526.5,3804913.5,2022,2,3,0,2,1,0,1,4,0,7,4,3,9,2,8,9,5,4
3251,591,417613.5,3804919.5,2022,2,3,0,2,1,0,1,4,0,7,4,3,9,2,8,9,5,4
3244,600,417640.5,3804940.5,2022,2,3,0,2,1,0,1,4,0,7,4,3,9,2,8,4,15,14
3259,645,417775.5,3804895.5,2022,0,0,1,1,5,5,6,8,1,5,11,7,10,12,7,6,17,3
3268,687,417901.5,3804868.5,2022,2,3,0,2,1,0,1,4,0,7,4,3,9,2,8,9,5,4
3246,717,417991.5,3804934.5,2022,0,0,1,4,4,2,5,8,4,9,3,4,14,9,1,7,3,7
3248,721,418003.5,3804928.5,2022,0,0,1,1,5,2,5,8,1,5,3,7,10,1,0,6,17,3
3243,767,418141.5,3804943.5,2022,2,3,0,2,1,5,1,6,6,0,11,7,10,1,0,4,15,14
3241,836,418348.5,3804949.5,2022,1,2,2,0,0,6,8,3,5,4,5,10,3,14,15,14,16,13
3240,854,418402.5,3804952.5,2022,1,2,2,0,0,6,8,3,5,4,5,0,4,10,16,5,1,11
3260,870,418450.5,3804892.5,2022,2,1,3,5,6,5,6,6,6,0,2,12,6,11,3,13,0,6
3268,904,418552.5,3804868.5,2022,2,1,0,2,1,0,1,4,6,0,4,12,6,11,3,13,0,6
3245,934,418642.5,3804937.5,2022,1,2,2,1,5,1,2,0,1,5,9,11,13,7,6,15,11,0
3240,1142,419266.5,3804952.5,2022,2,3,4,1,5,4,2,0,9,2,6,11,13,7,5,15,13,19
3254,1222,419506.5,3804910.5,2022,0,3,4,3,3,4,3,0,10,2,6,11,13,5,5,2,13,19
3263,1437,420151.5,3804883.5,2022,0,0,1,4,4,2,5,9,4,9,0,9,12,3,9,0,4,15
3262,1448,420184.5,3804886.5,2022,0,3,4,3,3,4,3,9,10,10,0,9,7,3,9,10,4,1
3267,1496,420328.5,3804871.5,2022,0,0,1,4,4,2,5,9,9,1,12,0,4,10,16,5,1,11
3242,1526,420418.5,3804946.5,2022,1,0,1,4,4,6,8,3,5,4,5,10,12,14,15,14,16,13
3267,1553,420499.5,3804871.5,2022,1,0,1,4,4,6,8,3,5,4,5,0,4,10,16,5,1,11
3268,1562,420526.5,3804868.5,2022,0,0,1,4,4,2,5,9,4,10,0,9,12,3,9,10,4,1
3247,2120,422200.5,3804931.5,2022,0,3,4,3,3,4,3,7,10,2,6,5,2,5,11,2,10,5
3260,2158,422314.5,3804892.5,2022,0,0,4,1,5,2,5,9,4,10,11,7,10,12,7,11,14,16
3251,2178,422374.5,3804919.5,2022,1,2,2,0,0,1,8,8,3,11,1,0,4,10,16,5,1,18
3251,2218,422494.5,3804919.5,2022,1,0,1,4,4,2,8,3,5,9,5,0,12,9,1,0,3,15
3262,2239,422557.5,3804886.5,2022,1,0,1,4,4,6,8,3,5,4,5,10,3,14,15,14,16,13
3248,2256,422608.5,3804928.5,2022,1,0,1,4,4,6,8,3,5,4,5,10,3,14,15,14,16,13
3252,2292,422716.5,3804916.5,2022,1,0,1,4,4,2,2,0,9,1,12,0,4,10,16,5,1,11
3248,2320,422800.5,3804928.5,2022,0,0,4,3,3,2,5,9,4,10,0,9,7,3,9,10,4,1
3240,2351,422893.5,3804952.5,2022,2,3,0,2,1,0,1,4,0,7,4,3,9,2,8,9,5,4
3258,2370,422950.5,3804898.5,2022,2,3,0,2,1,0,1,4,0,7,4,3,9,2,8,9,5,4
3241,2405,423055.5,3804949.5,2022,0,3,4,1,5,4,2,0,10,5,11,7,10,1,0,4,15,14
3252,2444,423172.5,3804916.5,2022,1,2,2,1,5,1,2,0,3,11,1,2,1,6,2,15,7,18
3245,2483,423289.5,3804937.5,2022,1,2,2,1,5,1,4,2,3,11,1,2,1,6,2,1,7,18
3262,2508,423364.5,3804886.5,2022,1,2,2,1,5,1,2,0,3,11,1,11,13,6,2,15,7,18
3257,2532,423436.5,3804901.5,2022,1,0,3,1,5,5,2,8,3,11,1,2,1,0,4,7,18,7
3258,2576,423568.5,3804898.5,2022,1,2,2,0,0,1,4,2,7,6,8,11,13,7,6,15,11,18
3255,2603,423649.5,3804907.5,2022,1,0,3,1,5,5,6,8,3,11,1,2,14,0,4,7,18,7
3268,2627,423721.5,3804868.5,2022,1,2,2,0,0,1,4,2,7,6,8,11,13,6,2,15,7,18
3261,2654,423802.5,3804889.5,2022,1,2,2,0,0,1,4,2,7,6,1,11,13,6,2,15,7,18
3257,2673,423859.5,3804901.5,2022,1,2,2,0,0,1,4,2,7,6,1,6,8,6,2,15,7,18
3268,2719,423997.5,3804868.5,2022,1,2,2,0,0,1,4,2,7,6,8,6,8,6,2,3,7,18
3246,2745,424075.5,3804934.5,2022,1,2,2,1,5,1,2,0,1,5,9,11,13,7,6,15,11,0
3265,2783,424189.5,3804877.5,2022,1,2,3,5,6,5,6,8,3,11,1,2,1,6,2,1,7,18
3258,2817,424291.5,3804898.5,2022,1,2,2,0,0,1,4,2,7,6,8,6,8,6,2,15,7,18
3240,2822,424306.5,3804952.5,2022,1,2,2,0,0,3,4,2,3,11,1,2,1,6,2,1,7,18
3245,2852,424396.5,3804937.5,2022,2,1,3,5,6,3,7,1,8,3,7,8,5,6,2,1,7,18
3268,3238,425554.5,3804868.5,2022,2,1,3,5,6,3,7,1,8,3,7,8,5,13,13,17,9,10
3266,3242,425566.5,3804874.5,2022,2,1,3,5,6,3,7,1,8,3,7,8,5,13,13,17,9,10
3259,3298,425734.5,3804895.5,2022,2,1,3,5,6,3,7,1,8,3,7,8,5,13,13,17,9,10
3255,3301,425743.5,3804907.5,2022,2,1,3,5,6,3,7,1,8,3,7,8,5,13,13,17,9,10
3289,21,415903.5,3804805.5,2022,2,3,0,2,1,0,1,4,0,7,4,3,9,2,8,9,5,4
3274,59,416017.5,3804850.5,2022,2,3,0,2,1,0,1,4,0,7,4,3,9,2,8,9,5,4
3276,64,416032.5,3804844.5,2022,2,3,0,2,1,0,1,4,0,7,4,3,9,2,8,9,5,4
3271,97,416131.5,3804859.5,2022,2,1,0,2,1,0,1,4,0,7,4,3,9,2,8,9,5,4
3270,120,416200.5,3804862.5,2022,2,1,3,5,6,0,1,6,6,0,2,12,6,11,3,13,0,6
3275,162,416326.5,3804847.5,2022,2,3,0,2,1,0,1,4,0,7,4,3,9,2,8,9,5,4
3296,199,416437.5,3804784.5,2022,0,3,4,3,3,4,3,7,10,10,11,7,10,1,0,10,2,14
3293,221,416503.5,3804793.5,2022,0,3,4,3,3,4,3,7,10,10,11,7,10,1,0,8,2,2
3270,267,416641.5,3804862.5,2022,2,3,0,2,1,0,1,4,0,7,4,3,9,2,8,4,15,14
3283,275,416665.5,3804823.5,2022,2,3,0,2,1,0,1,4,0,7,4,3,9,2,8,9,5,4
3294,316,416788.5,3804790.5,2022,2,3,0,2,1,0,1,4,0,7,4,3,9,2,8,9,5,4
3273,351,416893.5,3804853.5,2022,2,3,0,2,1,0,1,4,0,7,4,3,9,2,8,9,5,4
3284,366,416938.5,3804820.5,2022,2,3,0,2,1,0,1,4,0,7,4,3,9,2,8,9,5,4
3273,414,417082.5,3804853.5,2022,2,3,0,2,1,0,1,4,0,7,4,3,9,2,8,4,15,14
3292,441,417163.5,3804796.5,2022,0,3,4,3,3,4,3,7,10,2,6,5,2,5,11,8,2,2
3270,455,417205.5,3804862.5,2022,0,3,0,2,1,4,1,4,1,5,11,7,10,1,0,4,15,14
3271,499,417337.5,3804859.5,2022,0,0,4,1,5,2,5,9,1,5,11,7,10,1,0,8,2,3
3299,534,417442.5,3804775.5,2022,0,3,0,2,1,0,1,4,0,7,4,3,9,2,8,4,15,14
3285,545,417475.5,3804817.5,2022,0,3,4,3,3,4,3,7,10,2,6,5,2,3,11,10,4,1
3285,574,417562.5,3804817.5,2022,0,0,4,1,5,2,2,0,1,5,9,7,10,1,0,8,2,2
3298,602,417646.5,3804778.5,2022,2,1,0,2,1,0,1,4,0,7,4,3,9,2,8,9,5,4
3291,635,417745.5,3804799.5,2022,2,1,0,2,1,0,1,4,6,0,2,12,6,11,3,13,0,6
3281,687,417901.5,3804829.5,2022,2,1,3,1,5,5,6,6,6,0,2,7,10,0,4,6,17,3
3277,713,417979.5,3804841.5,2022,2,1,3,1,5,5,2,6,6,0,2,12,10,11,3,6,17,3
3277,725,418015.5,3804841.5,2022,2,1,0,2,1,0,1,4,0,7,4,3,9,2,8,9,5,6
3291,754,418102.5,3804799.5,2022,0,0,1,1,5,2,5,8,1,5,3,7,14,1,0,7,17,3
3298,814,418282.5,3804778.5,2022,0,0,4,3,5,4,5,9,1,5,9,7,10,1,0,8,2,2
3272,853,418399.5,3804856.5,2022,1,2,2,0,0,6,8,8,5,4,5,13,11,4,12,12,6,17
3280,895,418525.5,3804832.5,2022,0,0,1,4,4,2,5,8,4,9,3,7,14,9,7,7,14,16
3272,906,418558.5,3804856.5,2022,2,1,0,2,1,0,1,6,6,0,2,12,6,11,3,13,0,6
3290,1443,420169.5,3804802.5,2022,0,2,4,1,5,1,2,0,9,1,12,11,13,7,5,15,13,19
3296,1482,420286.5,3804784.5,2022,1,2,1,4,4,6,8,3,5,4,5,0,4,14,16,5,1,11
3286,1522,420406.5,3804814.5,2022,1,0,1,4,4,6,8,3,5,9,5,0,4,10,16,5,1,11
3297,1546,420478.5,3804781.5,2022,1,0,1,4,4,2,8,3,5,9,3,4,12,9,1,0,3,15
3299,1560,420520.5,3804775.5,2022,1,0,1,4,4,2,5,9,4,9,3,4,12,9,1,0,3,15
3273,2130,422230.5,3804853.5,2022,0,0,1,4,4,2,5,9,4,10,0,9,7,3,9,10,4,1
3270,2219,422497.5,3804862.5,2022,1,2,2,0,0,6,8,3,5,4,5,10,3,14,15,14,16,13
3270,2221,422503.5,3804862.5,2022,1,0,1,4,4,2,5,9,4,9,3,4,12,9,1,0,3,15
3290,2265,422635.5,3804802.5,2022,0,0,4,1,4,2,2,0,9,1,12,0,4,10,16,5,1,11
3287,2309,422767.5,3804811.5,2022,0,0,4,1,5,2,2,0,9,5,11,7,10,12,5,7,13,19
3282,2332,422836.5,3804826.5,2022,1,0,1,4,4,5,6,8,3,11,3,4,14,0,4,7,18,7
3289,2350,422890.5,3804805.5,2022,0,0,1,1,5,2,5,8,4,10,11,7,14,12,7,7,14,7
3296,2399,423037.5,3804784.5,2022,1,2,2,0,0,6,8,3,5,4,5,10,3,14,15,14,16,13
3298,2406,423058.5,3804778.5,2022,1,2,2,0,0,6,8,3,5,4,5,10,3,14,15,14,16,13
3274,2432,423136.5,3804850.5,2022,1,2,1,4,0,6,8,8,3,11,1,2,1,0,4,7,18,7
3282,2468,423244.5,3804826.5,2022,2,3,4,1,5,5,6,6,6,0,11,7,10,12,7,4,15,14
3290,2508,423364.5,3804802.5,2022,1,2,2,0,0,1,4,2,3,11,1,2,1,6,2,1,7,18
3287,2540,423460.5,3804811.5,2022,1,2,2,0,0,1,4,2,7,6,1,6,8,6,2,1,7,18
3290,2555,423505.5,3804802.5,2022,1,2,2,1,5,1,6,8,3,11,1,2,1,6,2,1,7,18
3293,2600,423640.5,3804793.5,2022,0,3,4,1,5,4,3,7,1,10,11,7,10,1,0,4,15,14
3285,2629,423727.5,3804817.5,2022,1,2,2,0,0,1,4,2,7,6,8,11,13,7,6,15,11,0
3278,2660,423820.5,3804838.5,2022,2,1,3,1,5,5,2,0,3,11,9,7,10,0,4,6,17,3
3289,2677,423871.5,3804805.5,2022,2,1,3,1,5,5,6,6,3,11,1,7,10,0,4,6,17,3
3295,2703,423949.5,3804787.5,2022,2,1,3,5,6,5,6,6,3,11,1,2,1,6,2,1,7,18
3297,2730,424030.5,3804781.5,2022,1,2,2,0,0,6,4,2,7,6,8,6,8,8,10,3,8,8
3290,2788,424204.5,3804802.5,2022,1,2,2,0,0,6,8,8,3,11,1,2,1,6,2,1,7,18
3270,2813,424279.5,3804862.5,2022,1,2,2,0,0,1,4,2,3,11,1,2,1,6,2,15,7,18
3284,2839,424357.5,3804820.5,2022,1,2,2,0,0,6,4,2,3,4,1,2,3,6,2,1,7,18
3283,2855,424405.5,3804823.5,2022,1,2,2,0,0,6,4,2,7,4,1,10,3,6,2,1,7,18
3277,3196,425428.5,3804841.5,2022,2,1,3,5,6,3,7,1,8,3,7,8,5,13,13,17,9,10
3280,3228,425524.5,3804832.5,2022,2,1,3,5,6,3,7,1,8,3,7,8,5,13,13,17,9,10
3276,3240,425560.5,3804844.5,2022,2,1,3,5,6,3,7,1,8,3,7,8,5,13,13,17,9,10
3297,3328,425824.5,3804781.5,2022,2,1,3,5,6,3,7,1,8,3,7,8,5,13,13,17,9,10
3317,6,415858.5,3804721.5,2022,2,1,0,2,1,5,6,6,6,0,2,7,10,11,3,4,15,14
3328,49,415987.5,3804688.5,2022,1,2,2,0,0,1,4,2,7,6,1,6,8,6,2,1,7,18
3309,84,416092.5,3804745.5,2022,2,3,0,2,1,0,1,4,0,7,4,3,9,2,8,9,5,4
3311,113,416179.5,3804739.5,2022,2,1,0,2,1,0,1,4,0,7,4,3,9,2,8,9,5,4
3316,139,416257.5,3804724.5,2022,2,1,0,2,1,0,1,4,0,7,4,3,9,2,8,9,5,4
3311,160,416320.5,3804739.5,2022,2,3,0,2,1,0,1,4,0,7,4,3,9,2,8,9,5,4
3318,192,416416.5,3804718.5,2022,0,3,0,2,1,0,1,4,0,2,4,5,2,5,11,4,15,14
3329,224,416512.5,3804685.5,2022,0,3,4,3,3,4,3,7,10,2,6,5,2,5,11,2,10,5
3306,250,416590.5,3804754.5,2022,0,3,4,2,1,4,3,7,10,2,11,7,10,1,0,4,15,14
3300,294,416722.5,3804772.5,2022,2,3,0,2,1,0,1,4,0,7,4,3,9,2,8,9,5,4
3302,304,416752.5,3804766.5,2022,2,3,0,2,1,0,1,4,0,7,4,7,10,2,8,4,15,14
3323,330,416830.5,3804703.5,2022,2,3,0,2,1,0,1,4,0,7,4,3,9,2,8,9,5,4
3300,386,416998.5,3804772.5,2022,1,2,2,0,0,6,8,3,5,4,5,10,3,14,15,14,16,13
3311,414,417082.5,3804739.5,2022,0,3,4,3,3,4,3,7,10,10,0,9,7,3,9,10,4,1
3301,420,417100.5,3804769.5,2022,1,0,1,4,4,6,8,3,5,4,5,10,3,14,15,14,16,13
3309,477,417271.5,3804745.5,2022,2,3,0,2,1,0,1,4,0,7,4,3,9,2,8,9,5,4
3312,489,417307.5,3804736.5,2022,0,3,4,1,5,4,3,7,1,5,11,7,10,1,0,4,15,14
3311,511,417373.5,3804739.5,2022,0,0,1,4,4,2,5,9,4,10,11,9,7,12,7,11,14,16
3308,540,417460.5,3804748.5,2022,0,3,4,3,3,4,3,7,10,2,11,5,2,5,11,4,15,14
3305,574,417562.5,3804757.5,2022,1,2,3,1,5,1,2,0,3,11,1,11,13,6,2,15,7,18
3301,622,417706.5,3804769.5,2022,2,1,3,5,6,5,6,6,6,0,2,12,6,11,3,13,0,6
3329,630,417730.5,3804685.5,2022,2,3,0,2,1,0,1,4,0,7,11,7,10,2,8,4,15,14
3311,688,417904.5,3804739.5,2022,2,1,0,2,1,0,1,4,0,7,4,3,9,2,8,4,15,14
3324,694,417922.5,3804700.5,2022,2,1,3,1,5,5,6,8,1,5,9,7,10,1,0,6,17,3
3317,744,418072.5,3804721.5,2022,1,0,1,1,5,2,2,8,1,5,3,13,11,4,12,12,6,17
3325,757,418111.5,3804697.5,2022,0,0,1,1,5,2,5,8,1,5,3,13,11,1,12,7,6,17
3320,796,418228.5,3804712.5,2022,2,1,3,5,6,5,6,6,6,0,2,12,6,11,3,13,0,12
3300,814,418282.5,3804772.5,2022,0,0,1,4,4,2,5,9,4,9,0,4,12,9,1,0,3,15
3315,898,418534.5,3804727.5,2022,2,1,3,5,6,1,6,6,6,0,1,11,13,6,2,15,7,18
3317,900,418540.5,3804721.5,2022,2,1,3,1,5,5,6,6,6,0,2,12,6,11,3,13,17,6
3320,1375,419965.5,3804712.5,2022,0,3,4,3,3,4,3,0,9,2,6,11,13,7,5,2,13,19
3319,1398,420034.5,3804715.5,2022,0,0,4,3,3,4,3,9,9,1,12,0,4,10,16,5,1,11
3321,1467,420241.5,3804709.5,2022,1,0,1,4,4,2,8,3,9,1,12,0,4,10,16,5,1,11
3319,1471,420253.5,3804715.5,2022,0,3,4,3,3,4,3,7,10,10,6,9,7,3,9,10,4,1
3303,1527,420421.5,3804763.5,2022,1,2,1,0,0,6,8,3,5,4,5,10,3,14,15,14,16,13
3309,1542,420466.5,3804745.5,2022,0,0,4,3,4,2,5,9,4,10,0,9,7,3,9,10,4,1
3312,1564,420532.5,3804736.5,2022,0,0,1,4,4,2,5,9,4,10,0,9,7,3,9,10,4,1
3329,1813,421279.5,3804685.5,2022,0,0,1,4,4,2,5,9,4,9,0,9,12,3,9,10,4,15
3322,2058,422014.5,3804706.5,2022,1,0,1,4,4,2,8,3,9,1,12,0,4,10,16,5,1,11
3319,2086,422098.5,3804715.5,2022,1,0,1,4,4,2,5,3,4,9,3,4,14,9,1,0,3,7
3323,2229,422527.5,3804703.5,2022,1,2,1,1,5,6,8,8,3,11,1,2,14,0,4,7,18,7
3323,2254,422602.5,3804703.5,2022,0,0,4,3,3,4,5,9,4,10,11,9,7,3,9,10,4,1
3302,2288,422704.5,3804766.5,2022,0,0,4,3,3,2,5,9,4,10,11,9,7,3,9,10,4,1
3327,2329,422827.5,3804691.5,2022,0,0,1,4,4,2,5,9,4,9,3,4,12,9,1,0,3,15
3310,2350,422890.5,3804742.5,2022,0,0,1,1,5,5,6,8,3,11,3,7,14,0,4,7,18,7
3315,2392,423016.5,3804727.5,2022,1,2,2,0,0,6,8,3,5,4,5,10,3,14,15,14,16,13
3323,2416,423088.5,3804703.5,2022,1,2,2,0,0,6,8,3,5,4,5,10,3,14,15,14,16,13
3302,2459,423217.5,3804766.5,2022,1,2,3,5,6,1,6,2,3,11,1,2,1,6,2,1,7,18
3312,2484,423292.5,3804736.5,2022,2,1,3,1,5,5,6,8,3,11,1,2,1,0,4,6,17,3
3324,2499,423337.5,3804700.5,2022,1,1,3,1,5,5,2,8,3,11,1,2,1,0,4,6,17,3
3311,2541,423463.5,3804739.5,2022,1,1,3,1,5,5,6,8,3,11,1,2,1,6,2,1,7,18
3309,2562,423526.5,3804745.5,2022,2,1,3,5,6,5,6,6,6,11,2,2,6,0,4,6,17,3
3317,2580,423580.5,3804721.5,2022,2,1,3,1,5,5,6,8,3,11,1,2,1,0,4,6,17,3
3321,2610,423670.5,3804709.5,2022,2,1,3,1,5,5,2,0,1,5,9,7,10,1,0,6,17,3
3317,2666,423838.5,3804721.5,2022,2,1,3,5,6,5,6,6,6,0,2,2,6,0,4,6,17,3
3306,2685,423895.5,3804754.5,2022,0,0,4,1,5,5,2,0,1,5,9,11,13,1,0,15,17,3
3307,2725,424015.5,3804751.5,2022,1,2,2,0,0,6,4,2,7,4,8,6,3,8,10,3,8,18
3328,2741,424063.5,3804688.5,2022,1,2,2,0,0,6,8,3,5,4,5,10,3,14,15,14,16,13
3315,2764,424132.5,3804727.5,2022,1,2,2,0,0,1,4,2,7,6,1,6,8,6,2,1,7,18
3305,2802,424246.5,3804757.5,2022,1,2,2,0,0,6,4,2,5,4,5,10,3,14,15,14,16,13
3324,2825,424315.5,3804700.5,2022,1,2,2,0,0,6,4,2,7,6,1,6,8,6,2,1,7,18
3310,2862,424426.5,3804742.5,2022,1,2,2,0,0,6,4,2,7,4,1,10,3,6,2,1,7,18
3323,2956,424708.5,3804703.5,2022,2,1,3,5,6,3,7,1,8,3,1,2,1,6,2,1,7,12
3318,3234,425542.5,3804718.5,2022,2,1,3,5,6,3,7,1,8,3,7,8,5,13,13,17,9,10
3313,3263,425629.5,3804733.5,2022,2,1,3,5,6,3,7,1,8,3,7,8,5,13,13,17,9,10
3309,3282,425686.5,3804745.5,2022,2,1,3,5,6,3,7,1,8,3,7,8,5,13,13,17,9,10
3306,3320,425800.5,3804754.5,2022,2,1,3,5,6,3,7,1,8,3,7,8,5,13,13,17,9,10
3333,3,415849.5,3804673.5,2022,1,2,3,5,6,3,4,2,7,6,1,2,1,6,2,1,7,18
3331,49,415987.5,3804679.5,2022,1,2,2,0,0,1,4,2,7,6,8,6,8,6,2,3,7,18
3330,64,416032.5,3804682.5,2022,1,2,2,0,0,1,4,2,7,6,8,6,8,6,2,3,7,18
3331,96,416128.5,3804679.5,2022,2,1,0,2,1,0,1,4,0,7,4,3,9,2,8,4,15,6
3331,146,416278.5,3804679.5,2022,2,1,0,2,1,0,1,4,0,7,4,3,9,2,8,9,5,4
3331,176,416368.5,3804679.5,2022,0,3,0,2,3,4,3,7,10,2,6,5,2,5,11,2,10,5
3330,205,416455.5,3804682.5,2022,0,3,4,3,3,4,3,7,10,2,6,7,10,1,0,4,15,14
3333,210,416470.5,3804673.5,2022,0,3,4,3,3,4,3,7,10,2,6,5,2,5,11,2,10,5
3330,261,416623.5,3804682.5,2022,0,3,4,1,5,4,3,7,1,5,11,7,10,1,0,4,15,14
3332,280,416680.5,3804676.5,2022,0,3,0,2,1,0,1,4,0,7,4,7,10,1,0,4,15,14
3330,305,416755.5,3804682.5,2022,2,3,0,2,1,0,1,4,0,7,4,3,9,2,8,4,15,14
3331,357,416911.5,3804679.5,2022,2,1,0,2,1,0,1,4,0,7,4,3,9,2,8,9,5,4
3331,384,416992.5,3804679.5,2022,2,3,0,2,1,0,1,4,0,7,4,3,9,2,8,4,15,14
3330,396,417028.5,3804682.5,2022,0,3,0,2,3,4,3,7,10,2,6,5,2,5,11,4,10,14
3333,436,417148.5,3804673.5,2022,0,3,0,2,1,0,1,4,0,7,11,7,10,2,8,4,15,14
3331,456,417208.5,3804679.5,2022,0,3,0,2,1,0,1,4,0,7,4,3,10,2,8,4,15,14
3333,495,417325.5,3804673.5,2022,2,3,0,2,1,0,1,4,0,7,4,3,9,2,8,9,5,4
3333,529,417427.5,3804673.5,2022,2,3,0,2,1,0,1,4,0,7,4,3,9,2,8,9,5,4
3333,550,417490.5,3804673.5,2022,2,1,3,5,6,1,6,6,3,11,1,2,1,6,2,1,7,18
3332,574,417562.5,3804676.5,2022,2,1,0,1,5,5,6,6,6,0,2,7,10,11,3,4,15,14
3331,629,417727.5,3804679.5,2022,0,3,4,3,3,4,3,7,10,2,11,7,10,1,0,4,15,14
3330,630,417730.5,3804682.5,2022,2,3,0,2,1,0,1,4,0,7,11,7,10,2,8,4,15,14
3330,679,417877.5,3804682.5,2022,1,1,3,5,6,5,6,6,3,11,1,2,1,6,2,1,7,18
3330,698,417934.5,3804682.5,2022,0,0,1,1,5,5,2,8,1,5,9,7,10,1,0,6,17,3
3330,798,418234.5,3804682.5,2022,2,1,0,2,1,0,1,4,0,7,4,12,6,11,3,13,0,6
3333,1407,420061.5,3804673.5,2022,0,2,4,3,3,1,2,0,9,1,12,11,13,7,5,5,13,19
3331,1551,420493.5,3804679.5,2022,1,0,1,4,4,2,5,8,4,9,3,4,14,9,1,0,3,7
3331,1566,420538.5,3804679.5,2022,1,0,1,4,4,2,8,8,5,9,3,4,14,9,1,7,3,7
3332,2060,422020.5,3804676.5,2022,0,0,1,4,4,2,5,9,4,9,3,4,14,9,1,7,3,7
3333,2075,422065.5,3804673.5,2022,1,0,1,4,4,2,5,9,4,9,3,4,14,9,1,0,3,7
3332,2105,422155.5,3804676.5,2022,1,0,1,4,4,2,8,8,5,9,3,4,14,9,1,7,18,7
3330,2323,422809.5,3804682.5,2022,1,0,1,4,4,2,8,8,3,9,3,4,14,9,4,7,18,7
3332,2349,422887.5,3804676.5,2022,2,0,1,1,5,5,6,8,6,0,11,7,14,0,4,7,17,3
3333,2389,423007.5,3804673.5,2022,1,2,2,0,0,6,8,3,5,4,5,10,3,14,15,14,16,13
3330,2400,423040.5,3804682.5,2022,1,2,2,0,0,6,8,8,3,4,1,2,3,6,2,1,7,18
3332,2454,423202.5,3804676.5,2022,1,2,2,0,0,1,4,2,7,6,8,11,13,6,2,15,7,18
3333,2479,423277.5,3804673.5,2022,1,2,2,0,0,6,8,8,3,11,1,2,1,0,4,1,18,18
3332,2513,423379.5,3804676.5,2022,1,1,3,1,5,5,6,8,3,11,1,2,1,6,2,1,7,18
3330,2539,423457.5,3804682.5,2022,1,2,3,5,6,1,4,2,3,11,1,2,1,6,2,1,7,18
3332,2563,423529.5,3804676.5,2022,2,1,3,5,6,5,6,6,3,11,1,2,1,6,2,1,7,18
3332,2595,423625.5,3804676.5,2022,1,1,3,1,5,5,6,8,3,11,1,2,1,6,2,1,7,18
3330,2617,423691.5,3804682.5,2022,1,2,2,0,0,1,4,2,7,6,8,11,13,7,6,15,11,0
3333,2654,423802.5,3804673.5,2022,2,1,3,5,6,5,6,6,6,0,2,12,6,11,3,6,17,3
3330,2683,423889.5,3804682.5,2022,1,2,2,0,0,1,4,2,7,6,8,6,8,8,10,3,8,8
3331,2724,424012.5,3804679.5,2022,1,2,2,1,5,1,2,8,1,5,9,13,11,0,4,7,18,7
3333,2752,424096.5,3804673.5,2022,1,2,2,0,0,6,4,2,7,6,8,6,8,8,10,3,11,0
3331,2784,424192.5,3804679.5,2022,1,2,2,0,0,1,4,2,7,6,8,6,8,6,2,3,7,18
3330,2791,424213.5,3804682.5,2022,1,2,2,0,0,6,4,2,7,6,8,6,8,6,2,3,7,18
3332,2831,424333.5,3804676.5,2022,1,2,2,0,0,6,4,2,3,11,1,2,1,6,2,1,7,18
3333,2857,424411.5,3804673.5,2022,1,2,2,0,0,6,8,3,5,4,5,10,3,14,15,14,16,13
3332,3237,425551.5,3804676.5,2022,2,1,3,5,6,3,7,1,8,3,7,8,5,13,13,17,9,10
3333,3259,425617.5,3804673.5,2022,2,1,3,5,6,3,7,1,8,3,7,8,5,13,13,17,9,10
3332,3282,425686.5,3804676.5,2022,2,1,3,5,6,3,7,1,8,3,7,8,5,13,13,17,9,10
3333,3311,425773.5,3804673.5,2022,2,1,3,5,6,3,7,1,8,3,7,8,5,13,13,17,9,10
