row,col,x,y,year,kmeans_k3,kmeans_k4,kmeans_k5,kmeans_k6,kmeans_k7,kmeans_k8,kmeans_k9,kmeans_k10,kmeans_k11,kmeans_k12,kmeans_k13,kmeans_k14,kmeans_k15,kmeans_k16,kmeans_k17,kmeans_k18,kmeans_k19,kmeans_k20
16,28,595315.5,3516667.5,2022,0,1,2,3,1,2,6,9,8,1,10,13,5,10,14,9,9,14
11,48,595375.5,3516682.5,2022,0,1,2,3,1,2,6,9,8,1,10,13,5,10,14,9,9,14
10,81,595474.5,3516685.5,2022,0,1,2,3,1,2,6,9,8,1,10,13,5,10,14,9,9,14
17,113,595570.5,3516664.5,2022,0,1,2,3,1,2,6,9,8,1,10,13,5,10,14,9,9,14
7,121,595594.5,3516694.5,2022,0,1,2,3,1,2,6,9,8,1,10,13,5,10,14,9,9,14
22,153,595690.5,3516649.5,2022,0,1,2,3,1,2,6,9,8,1,10,13,5,10,14,9,9,14
10,181,595774.5,3516685.5,2022,0,0,2,3,1,2,6,9,8,1,10,13,5,10,14,9,9,14
29,226,595909.5,3516628.5,2022,1,1,2,3,1,2,6,9,8,1,10,13,5,10,14,9,9,14
28,266,596029.5,3516631.5,2022,1,1,2,2,5,2,6,9,8,1,10,13,5,10,14,9,9,14
25,278,596065.5,3516640.5,2022,1,1,2,2,1,2,6,9,8,1,10,13,5,10,14,9,9,14
9,308,596155.5,3516688.5,2022,1,1,2,2,5,2,6,9,8,1,10,13,5,10,14,9,9,14
11,359,596308.5,3516682.5,2022,1,1,2,2,1,2,6,9,8,1,10,13,5,10,14,9,9,14
12,376,596359.5,3516679.5,2022,0,1,2,3,1,2,6,9,8,1,10,13,5,10,14,9,9,14
24,416,596479.5,3516643.5,2022,0,0,2,3,1,2,6,9,8,1,10,13,5,10,14,9,9,14
19,430,596521.5,3516658.5,2022,0,1,2,3,1,2,6,9,8,1,10,13,5,10,14,9,9,14
14,460,596611.5,3516673.5,2022,0,1,2,3,1,2,6,9,8,1,10,13,5,10,14,9,9,14
28,495,596716.5,3516631.5,2022,0,1,2,3,1,2,6,9,8,1,10,13,5,10,14,9,9,14
11,531,596824.5,3516682.5,2022,0,0,2,3,1,2,6,9,8,1,10,13,5,10,14,9,9,14
6,564,596923.5,3516697.5,2022,0,1,2,3,1,2,6,9,8,1,10,13,5,10,14,9,9,14
2,576,596959.5,3516709.5,2022,0,1,2,3,1,2,6,9,8,1,10,13,5,10,14,9,9,14
10,611,597064.5,3516685.5,2022,0,0,2,3,1,2,6,9,8,1,10,13,5,10,14,9,9,14
0,642,597157.5,3516715.5,2022,0,1,2,3,1,2,6,9,8,1,10,13,5,10,14,9,9,14
20,680,597271.5,3516655.5,2022,0,0,2,3,1,2,6,9,8,1,10,13,5,10,14,9,9,14
8,694,597313.5,3516691.5,2022,0,1,2,3,1,2,6,9,8,1,10,13,5,10,14,9,9,14
2,731,597424.5,3516709.5,2022,1,1,2,2,1,2,6,9,8,1,10,13,5,10,14,9,9,14
26,778,597565.5,3516637.5,2022,0,0,2,3,1,2,6,9,8,1,10,13,5,10,14,9,9,14
24,789,597598.5,3516643.5,2022,0,0,2,3,1,2,6,9,8,1,10,13,5,10,14,9,9,14
17,835,597736.5,3516664.5,2022,0,0,2,3,1,2,6,9,8,1,10,13,5,10,14,9,9,14
21,856,597799.5,3516652.5,2022,0,0,2,3,1,2,6,9,8,1,10,13,5,10,14,9,9,14
19,877,597862.5,3516658.5,2022,0,0,1,3,1,7,7,0,3,4,9,8,9,0,6,8,15,12
24,918,597985.5,3516643.5,2022,0,0,1,3,1,7,7,0,3,4,9,8,9,0,6,8,15,12
1,942,598057.5,3516712.5,2022,0,0,1,3,1,7,7,0,3,4,9,8,9,0,6,8,15,12
11,985,598186.5,3516682.5,2022,0,0,1,0,6,7,7,0,3,4,9,8,9,8,2,0,11,17
9,990,598201.5,3516688.5,2022,0,0,1,3,6,7,7,0,3,4,9,8,9,0,6,11,15,12
29,1028,598315.5,3516628.5,2022,0,0,1,0,6,7,7,0,3,4,9,8,9,8,2,0,11,17
5,1057,598402.5,3516700.5,2022,0,0,1,3,6,7,7,0,2,5,1,8,2,0,9,11,0,6
11,1105,598546.5,3516682.5,2022,0,0,1,0,6,7,7,0,2,5,1,8,2,6,9,11,10,6
6,1136,598639.5,3516697.5,2022,0,0,1,0,3,0,4,6,2,5,1,9,2,15,9,11,10,6
20,1160,598711.5,3516655.5,2022,0,0,1,0,6,3,2,7,10,0,5,3,12,13,13,10,10,6
28,1185,598786.5,3516631.5,2022,0,0,1,0,6,3,2,7,10,0,5,3,12,13,10,17,12,16
26,1203,598840.5,3516637.5,2022,0,0,1,0,6,7,7,0,3,0,5,3,12,8,2,11,11,6
6,1246,598969.5,3516697.5,2022,0,0,1,0,6,7,2,7,2,0,5,3,12,13,9,11,10,6
7,1278,599065.5,3516694.5,2022,0,0,1,0,6,7,7,0,3,4,9,8,9,6,9,11,11,6
7,1293,599110.5,3516694.5,2022,0,0,1,0,6,7,7,0,3,4,9,8,9,8,2,0,11,6
24,1334,599233.5,3516643.5,2022,0,0,1,0,3,0,4,6,2,5,1,1,13,6,9,11,10,6
7,1367,599332.5,3516694.5,2022,0,0,1,0,6,3,2,7,10,0,5,1,13,6,10,17,12,16
29,1408,599455.5,3516628.5,2022,0,0,1,0,6,7,7,0,3,4,9,8,9,0,6,11,0,6
5,1432,599527.5,3516700.5,2022,0,0,1,0,6,7,7,0,3,0,5,1,9,8,2,11,11,6
25,1454,599593.5,3516640.5,2022,0,1,2,3,1,0,4,2,4,10,4,1,0,14,9,11,0,1
7,1493,599710.5,3516694.5,2022,0,0,1,0,6,7,7,0,3,4,9,1,13,6,2,11,0,1
20,1518,599785.5,3516655.5,2022,0,0,1,0,6,7,7,0,2,5,5,1,13,6,9,11,0,6
2,1533,599830.5,3516709.5,2022,0,0,1,0,6,7,2,7,2,0,5,1,13,6,9,11,0,1
14,1561,599914.5,3516673.5,2022,0,0,1,0,6,7,2,7,3,0,5,3,12,8,2,0,11,17
25,1602,600037.5,3516640.5,2022,0,0,1,0,6,3,2,7,10,0,5,3,12,13,13,10,11,17
15,1625,600106.5,3516670.5,2022,2,3,0,0,6,3,2,7,10,0,5,3,12,13,13,10,7,0
10,1653,600190.5,3516685.5,2022,0,0,1,0,6,7,2,7,10,0,5,3,12,8,2,0,11,17
3,1690,600301.5,3516706.5,2022,0,0,1,3,1,7,7,0,2,5,1,8,9,0,6,11,0,1
14,1722,600397.5,3516673.5,2022,0,0,1,0,6,7,7,0,3,0,5,3,12,8,2,0,11,17
13,1760,600511.5,3516676.5,2022,0,0,1,0,6,3,2,7,10,0,5,3,12,8,13,0,11,17
17,1794,600613.5,3516664.5,2022,0,0,1,0,6,7,7,0,3,4,9,8,9,8,2,0,15,17
4,1828,600715.5,3516703.5,2022,0,0,1,0,6,7,2,7,10,0,5,3,12,8,2,0,11,17
3,1848,600775.5,3516706.5,2022,0,0,1,0,6,3,2,7,10,0,5,3,12,13,13,10,10,6
4,1867,600832.5,3516703.5,2022,2,3,3,4,2,1,8,3,9,11,2,7,11,9,0,14,5,13
20,1916,600979.5,3516655.5,2022,2,3,0,1,0,4,0,8,7,8,8,0,7,11,16,13,2,18
16,1938,601045.5,3516667.5,2022,0,0,1,3,1,7,7,0,3,4,9,8,9,0,6,8,15,12
8,1968,601135.5,3516691.5,2022,0,0,1,0,6,7,7,0,3,4,9,8,9,8,2,0,11,17
10,1980,601171.5,3516685.5,2022,0,0,1,0,6,7,7,0,3,4,9,8,9,8,2,0,11,17
29,2019,601288.5,3516628.5,2022,2,3,0,1,0,4,5,1,0,6,6,10,1,5,5,12,6,5
0,2062,601417.5,3516715.5,2022,0,0,1,0,6,7,7,0,3,4,9,3,12,8,2,0,11,17
0,2085,601486.5,3516715.5,2022,0,0,1,0,6,7,2,7,3,0,5,3,12,8,2,0,11,17
15,2105,601546.5,3516670.5,2022,0,0,1,0,6,3,2,7,10,0,5,3,12,13,13,10,10,6
8,2145,601666.5,3516691.5,2022,0,0,1,3,1,7,7,0,2,5,1,8,2,0,9,11,15,6
3,2168,601735.5,3516706.5,2022,0,0,1,0,6,3,2,7,10,0,5,3,12,13,13,10,10,6
24,2213,601870.5,3516643.5,2022,0,0,1,0,6,7,2,7,10,0,5,3,12,13,9,11,10,6
20,2233,601930.5,3516655.5,2022,0,0,1,3,1,7,7,0,3,4,9,8,9,0,6,8,15,12
0,2253,601990.5,3516715.5,2022,0,0,1,0,6,7,2,7,3,0,5,3,12,8,2,0,11,17
5,2281,602074.5,3516700.5,2022,0,0,1,3,1,7,7,0,2,5,1,8,9,0,6,8,0,1
3,2326,602209.5,3516706.5,2022,0,0,1,0,6,3,2,7,10,0,5,3,12,13,13,10,11,6
10,2355,602296.5,3516685.5,2022,0,0,1,3,1,7,7,0,3,4,9,8,9,0,6,8,15,12
18,2394,602413.5,3516661.5,2022,0,0,1,3,6,7,7,0,2,5,1,1,2,6,9,11,0,6
2,2415,602476.5,3516709.5,2022,1,1,2,3,1,2,6,9,8,1,10,13,5,10,15,7,13,10
1,2431,602524.5,3516712.5,2022,1,1,2,2,5,5,6,4,5,2,12,6,4,3,14,9,4,9
13,2473,602650.5,3516676.5,2022,1,1,3,2,5,5,1,2,4,10,4,2,0,14,12,6,16,7
7,2494,602713.5,3516694.5,2022,0,0,1,3,1,7,7,0,2,5,1,9,2,0,6,8,15,12
9,2540,602851.5,3516688.5,2022,2,3,0,0,6,3,2,7,10,0,5,10,13,13,10,17,12,16
4,2577,602962.5,3516703.5,2022,1,1,3,4,2,1,8,2,4,10,4,2,14,2,12,6,14,7
21,2603,603040.5,3516652.5,2022,2,3,1,0,6,3,2,7,10,0,5,3,12,13,13,10,7,0
19,2629,603118.5,3516658.5,2022,1,1,3,4,3,0,4,2,4,10,4,2,14,2,12,6,14,7
19,2652,603187.5,3516658.5,2022,1,1,2,2,5,5,1,2,4,10,4,9,0,14,7,1,16,4
24,2685,603286.5,3516643.5,2022,2,0,1,0,6,3,2,7,10,0,5,3,12,13,13,10,7,0
25,2729,603418.5,3516640.5,2022,2,3,0,1,0,3,2,7,0,6,6,10,1,13,13,10,7,0
5,2734,603433.5,3516700.5,2022,2,3,0,1,0,4,5,1,0,6,6,10,1,5,5,12,6,19
5,2770,603541.5,3516700.5,2022,2,3,0,4,3,3,5,1,0,6,6,10,1,5,5,15,6,19
22,2802,603637.5,3516649.5,2022,2,3,0,4,3,0,5,1,0,6,6,10,1,5,5,15,10,19
8,2832,603727.5,3516691.5,2022,1,1,3,2,5,5,1,2,4,10,4,2,14,2,12,6,18,11
11,2851,603784.5,3516682.5,2022,1,1,3,4,2,1,8,2,4,10,4,2,14,2,12,6,14,7
3,2903,603940.5,3516706.5,2022,1,1,2,2,5,5,1,4,5,2,12,6,4,3,8,16,18,9
29,2915,603976.5,3516628.5,2022,1,1,2,2,5,5,1,4,5,2,12,6,4,3,8,16,4,9
0,2949,604078.5,3516715.5,2022,1,1,2,2,5,5,1,4,5,2,12,6,4,3,8,16,4,9
24,2996,604219.5,3516643.5,2022,1,1,2,2,5,5,1,4,5,2,12,6,4,3,8,16,4,9
20,3015,604276.5,3516655.5,2022,0,0,1,0,3,0,4,6,2,5,1,9,2,15,9,15,10,6
7,3049,604378.5,3516694.5,2022,1,1,3,4,3,0,4,6,1,9,0,5,14,2,12,6,18,7
12,3086,604489.5,3516679.5,2022,2,3,0,1,0,4,0,8,7,8,8,0,7,11,16,12,7,5
16,3114,604573.5,3516667.5,2022,2,3,0,1,0,4,0,8,7,8,8,0,11,11,16,12,5,5
25,3137,604642.5,3516640.5,2022,1,1,3,4,2,1,8,3,9,11,2,2,14,2,12,6,14,7
2,3169,604738.5,3516709.5,2022,2,3,0,1,0,3,5,1,0,6,6,10,1,13,13,10,7,0
29,3188,604795.5,3516628.5,2022,2,3,3,4,2,1,8,3,9,11,2,7,11,9,0,14,5,13
21,3212,604867.5,3516652.5,2022,2,1,3,4,3,0,5,1,1,9,0,5,10,12,1,15,1,7
14,3259,605008.5,3516673.5,2022,2,3,3,4,3,0,5,1,0,6,6,10,1,5,5,15,6,19
27,3287,605092.5,3516634.5,2022,0,0,1,0,3,3,2,7,2,0,5,3,12,13,9,11,10,6
10,3328,605215.5,3516685.5,2022,1,1,2,2,5,5,1,4,5,2,12,6,4,3,8,16,18,9
15,3332,605227.5,3516670.5,2022,1,1,2,2,5,5,1,4,5,2,12,6,4,3,8,16,18,9
47,9,595258.5,3516574.5,2022,1,1,2,2,1,2,6,9,8,1,10,13,5,10,14,9,9,14
55,45,595366.5,3516550.5,2022,1,1,2,2,5,2,6,9,8,1,10,13,5,10,14,9,9,14
38,75,595456.5,3516601.5,2022,1,1,2,3,1,2,6,9,8,1,10,13,5,10,14,9,9,14
51,114,595573.5,3516562.5,2022,1,1,2,2,5,2,6,9,8,1,10,13,0,10,7,9,9,14
53,138,595645.5,3516556.5,2022,1,1,2,2,5,2,6,9,8,1,10,13,5,10,14,9,9,14
46,171,595744.5,3516577.5,2022,0,1,2,3,1,2,6,9,8,1,10,13,5,10,14,9,9,14
54,182,595777.5,3516553.5,2022,0,1,2,3,1,2,6,9,8,1,10,13,5,10,14,9,9,14
54,224,595903.5,3516553.5,2022,0,1,2,3,1,2,6,9,8,1,10,13,5,10,14,9,9,14
37,252,595987.5,3516604.5,2022,1,1,2,2,5,2,6,9,8,1,10,13,5,10,14,9,9,14
35,284,596083.5,3516610.5,2022,1,1,2,2,5,2,6,9,8,1,10,13,5,10,14,9,9,14
39,322,596197.5,3516598.5,2022,1,1,2,2,1,2,6,9,8,1,10,13,5,10,14,9,9,14
38,331,596224.5,3516601.5,2022,1,1,2,3,1,2,6,9,8,1,10,13,5,10,14,9,9,14
59,368,596335.5,3516538.5,2022,1,1,2,3,1,2,6,9,8,1,10,13,5,10,14,9,9,14
39,390,596401.5,3516598.5,2022,0,1,2,3,1,2,6,9,8,1,10,13,5,10,14,9,9,14
56,441,596554.5,3516547.5,2022,1,1,2,2,1,2,6,9,8,1,10,13,5,10,14,9,9,14
40,479,596668.5,3516595.5,2022,0,1,2,3,1,2,6,9,8,1,10,13,5,10,14,9,9,14
36,488,596695.5,3516607.5,2022,1,1,2,2,1,2,6,9,8,1,10,13,5,10,15,9,13,10
36,516,596779.5,3516607.5,2022,0,1,2,3,1,2,6,9,8,1,10,13,5,10,14,9,9,14
30,559,596908.5,3516625.5,2022,1,1,2,2,5,2,6,9,8,1,10,13,5,10,14,9,9,14
58,578,596965.5,3516541.5,2022,0,0,2,3,1,2,6,9,8,1,10,13,5,10,14,9,9,14
32,602,597037.5,3516619.5,2022,0,0,2,3,1,2,6,9,8,1,10,13,5,10,14,9,9,14
45,630,597121.5,3516580.5,2022,0,1,2,3,1,2,6,9,8,1,10,13,5,10,14,9,9,14
58,672,597247.5,3516541.5,2022,0,0,2,3,1,2,6,9,8,1,10,13,5,10,14,9,9,14
45,712,597367.5,3516580.5,2022,0,0,2,3,1,2,6,9,8,1,10,13,5,10,14,9,9,14
43,724,597403.5,3516586.5,2022,0,0,2,3,1,2,6,9,8,1,10,13,5,10,14,9,9,14
37,756,597499.5,3516604.5,2022,1,1,2,2,5,2,6,9,8,1,10,13,0,10,7,1,9,14
59,803,597640.5,3516538.5,2022,1,1,2,2,5,5,1,9,8,1,10,13,0,14,7,1,16,4
44,817,597682.5,3516583.5,2022,0,0,1,3,1,2,6,9,8,1,10,13,5,0,6,8,15,12
31,863,597820.5,3516622.5,2022,0,0,1,3,1,7,7,0,3,4,9,8,9,0,6,8,15,12
30,880,597871.5,3516625.5,2022,0,0,1,3,1,7,7,0,3,4,9,8,9,0,2,8,15,12
58,913,597970.5,3516541.5,2022,0,0,1,0,6,7,2,7,10,0,5,3,12,8,2,0,11,17
32,955,598096.5,3516619.5,2022,0,0,1,3,1,7,7,0,3,4,9,8,9,0,6,8,15,12
49,983,598180.5,3516568.5,2022,0,0,1,0,6,3,2,7,10,0,5,3,12,13,10,17,12,16
54,1012,598267.5,3516553.5,2022,0,0,1,0,6,7,2,7,10,0,5,3,12,8,2,0,11,17
33,1027,598312.5,3516616.5,2022,0,0,1,3,6,7,7,0,3,4,9,8,9,0,6,8,15,12
50,1058,598405.5,3516565.5,2022,0,0,1,0,6,7,2,7,10,0,5,3,12,8,2,0,11,17
56,1088,598495.5,3516547.5,2022,0,0,1,0,6,3,2,7,10,0,5,3,12,13,13,10,11,17
53,1132,598627.5,3516556.5,2022,0,0,1,0,6,7,7,0,3,0,5,3,12,8,2,0,11,17
49,1140,598651.5,3516568.5,2022,0,0,1,0,6,3,2,7,10,0,5,3,12,13,13,10,10,6
35,1198,598825.5,3516610.5,2022,0,0,1,0,6,7,7,0,3,4,9,3,9,8,2,0,11,17
41,1209,598858.5,3516592.5,2022,0,0,1,0,6,7,7,0,3,0,5,3,12,8,2,0,11,17
33,1259,599008.5,3516616.5,2022,0,0,1,0,6,7,2,7,3,0,5,3,12,8,2,0,11,17
54,1284,599083.5,3516553.5,2022,0,0,1,0,6,7,7,0,2,5,1,1,13,6,9,11,10,6
41,1314,599173.5,3516592.5,2022,0,0,1,3,3,0,4,6,2,5,1,9,2,15,9,11,13,6
57,1338,599245.5,3516544.5,2022,0,0,1,3,1,7,7,0,3,4,9,8,9,0,6,8,15,12
40,1351,599284.5,3516595.5,2022,0,0,1,0,6,7,7,0,2,5,1,8,9,6,9,11,0,6
50,1381,599374.5,3516565.5,2022,0,0,1,3,1,7,7,0,3,4,9,8,9,0,6,8,15,12
31,1429,599518.5,3516622.5,2022,0,0,1,0,6,7,2,7,10,0,5,3,12,8,2,0,11,17
53,1458,599605.5,3516556.5,2022,0,0,1,0,6,3,2,7,10,0,5,3,12,13,13,10,11,17
40,1480,599671.5,3516595.5,2022,0,0,1,0,6,3,2,7,10,0,5,3,12,6,10,17,10,6
37,1502,599737.5,3516604.5,2022,0,0,1,0,6,3,2,7,10,0,5,3,12,8,2,0,11,17
51,1531,599824.5,3516562.5,2022,0,0,1,0,6,7,2,7,10,0,5,3,12,8,2,0,11,17
48,1566,599929.5,3516571.5,2022,0,0,1,0,6,3,2,7,10,0,5,3,12,13,13,11,10,6
32,1596,600019.5,3516619.5,2022,0,0,1,0,6,7,2,7,10,0,5,3,12,6,9,11,11,6
30,1642,600157.5,3516625.5,2022,0,0,1,0,6,7,7,0,3,4,9,8,9,8,2,0,11,17
33,1652,600187.5,3516616.5,2022,0,0,1,0,6,7,7,0,3,4,9,8,9,8,2,0,11,17
56,1702,600337.5,3516547.5,2022,0,0,1,3,1,7,7,0,3,4,9,8,9,0,6,8,15,12
59,1730,600421.5,3516538.5,2022,0,0,1,0,6,7,7,0,3,4,9,1,13,6,9,11,0,1
51,1762,600517.5,3516562.5,2022,2,3,0,1,0,3,2,7,10,7,11,3,12,13,13,10,7,0
47,1779,600568.5,3516574.5,2022,0,0,1,0,6,7,2,7,10,0,5,3,12,8,2,0,11,17
39,1829,600718.5,3516598.5,2022,0,0,1,3,1,2,4,0,2,5,1,9,2,0,6,11,0,1
59,1838,600745.5,3516538.5,2022,1,1,3,4,2,1,8,3,9,11,2,7,14,2,12,6,18,11
46,1882,600877.5,3516577.5,2022,0,0,1,0,6,7,2,7,2,0,5,3,12,13,9,11,10,6
37,1913,600970.5,3516604.5,2022,0,0,1,0,6,3,2,7,10,0,5,3,12,13,13,10,7,0
39,1923,601000.5,3516598.5,2022,0,0,1,0,6,3,2,7,10,0,5,3,12,13,13,10,7,0
30,1962,601117.5,3516625.5,2022,2,3,0,1,0,4,0,8,7,8,8,0,7,11,16,12,8,5
54,2000,601231.5,3516553.5,2022,0,0,1,0,6,7,2,7,10,0,5,3,12,8,2,0,11,17
34,2035,601336.5,3516613.5,2022,2,3,0,1,0,4,5,1,0,6,6,10,1,5,5,12,6,19
48,2063,601420.5,3516571.5,2022,0,0,1,0,6,3,2,7,10,0,5,3,12,13,13,10,11,17
32,2087,601492.5,3516619.5,2022,0,0,1,0,6,7,7,0,2,5,5,8,9,6,9,11,10,6
41,2110,601561.5,3516592.5,2022,0,0,1,0,6,3,2,7,10,0,5,3,12,13,13,10,10,6
49,2158,601705.5,3516568.5,2022,0,0,1,0,6,3,2,7,10,0,5,3,12,13,13,10,11,17
47,2186,601789.5,3516574.5,2022,0,0,1,3,1,7,7,0,2,5,1,1,13,6,9,11,0,1
36,2215,601876.5,3516607.5,2022,0,0,1,3,1,7,7,0,2,5,1,9,2,0,9,11,0,6
37,2229,601918.5,3516604.5,2022,0,0,1,3,6,7,7,0,3,4,9,8,9,0,6,11,15,6
40,2263,602020.5,3516595.5,2022,0,0,1,3,1,7,7,0,3,4,9,8,9,0,6,8,15,12
44,2284,602083.5,3516583.5,2022,0,0,1,0,6,3,2,7,10,0,5,3,12,13,13,10,10,6
40,2319,602188.5,3516595.5,2022,1,1,2,2,5,5,4,2,4,10,4,2,0,14,7,1,16,4
38,2352,602287.5,3516601.5,2022,0,0,1,3,1,2,6,0,2,5,1,9,2,0,6,8,0,12
52,2376,602359.5,3516559.5,2022,2,3,0,1,0,3,2,7,10,0,5,3,12,13,13,10,7,0
46,2429,602518.5,3516577.5,2022,0,0,1,3,6,7,7,0,3,4,9,8,9,0,6,11,15,6
45,2456,602599.5,3516580.5,2022,0,0,1,0,6,3,2,7,2,0,5,1,13,6,9,11,10,6
32,2479,602668.5,3516619.5,2022,0,0,1,0,6,7,2,7,10,0,5,1,13,6,9,11,0,6
50,2513,602770.5,3516565.5,2022,0,0,1,0,6,7,2,7,10,0,5,3,12,13,13,0,11,17
36,2520,602791.5,3516607.5,2022,0,0,1,0,6,3,2,7,10,0,5,3,12,13,13,10,10,6
54,2577,602962.5,3516553.5,2022,0,0,1,0,3,0,4,6,2,5,6,1,13,6,9,15,10,6
50,2597,603022.5,3516565.5,2022,0,0,1,0,6,7,2,7,10,0,5,3,12,13,13,10,11,6
42,2610,603061.5,3516589.5,2022,0,0,1,0,6,7,2,7,10,0,5,3,12,13,13,10,11,6
50,2662,603217.5,3516565.5,2022,0,0,1,3,1,7,4,0,2,5,1,9,2,15,9,11,0,6
44,2679,603268.5,3516583.5,2022,0,0,1,0,6,3,2,7,2,0,5,1,13,6,9,11,10,6
33,2718,603385.5,3516616.5,2022,2,3,0,0,6,3,2,7,10,6,6,10,1,13,13,10,10,0
47,2736,603439.5,3516574.5,2022,2,3,0,0,6,3,2,7,10,0,5,3,12,13,13,10,10,0
30,2766,603529.5,3516625.5,2022,0,0,1,3,1,7,7,0,2,5,1,9,2,15,9,11,0,6
59,2798,603625.5,3516538.5,2022,2,3,0,1,0,4,0,8,7,8,8,0,7,11,16,3,8,8
51,2827,603712.5,3516562.5,2022,2,3,0,1,0,4,5,1,0,6,6,10,1,5,5,12,6,5
47,2879,603868.5,3516574.5,2022,1,1,2,2,5,5,1,4,5,2,12,9,4,15,15,7,13,10
52,2890,603901.5,3516559.5,2022,1,1,2,2,5,5,1,4,5,2,12,6,4,3,15,7,13,10
58,2920,603991.5,3516541.5,2022,1,1,2,2,5,5,1,4,5,2,12,6,4,3,8,16,4,9
53,2957,604102.5,3516556.5,2022,1,1,2,2,5,5,1,4,5,2,12,6,4,3,8,16,4,9
41,2999,604228.5,3516592.5,2022,1,1,3,2,5,5,1,4,5,2,12,2,14,2,8,16,18,11
30,3025,604306.5,3516625.5,2022,1,1,3,2,5,5,1,2,4,10,4,2,14,2,12,6,18,11
31,3056,604399.5,3516622.5,2022,2,3,3,4,2,1,8,3,9,11,2,7,11,9,0,14,5,13
40,3069,604438.5,3516595.5,2022,1,1,3,4,2,1,8,2,4,10,4,2,14,2,12,6,18,11
55,3100,604531.5,3516550.5,2022,2,3,0,1,0,4,0,8,7,7,11,11,8,1,3,12,6,5
45,3124,604603.5,3516580.5,2022,2,3,3,4,2,1,8,3,9,11,2,7,11,5,0,14,14,7
30,3154,604693.5,3516625.5,2022,2,3,3,4,2,1,8,3,9,11,2,7,11,9,0,14,5,13
45,3186,604789.5,3516580.5,2022,2,3,3,4,2,1,8,3,9,11,2,7,11,9,0,14,5,13
31,3218,604885.5,3516622.5,2022,1,1,3,4,2,1,8,2,4,10,4,2,14,2,12,6,18,11
59,3263,605020.5,3516538.5,2022,1,1,2,2,5,5,1,4,5,2,12,6,0,14,7,1,18,4
31,3270,605041.5,3516622.5,2022,2,3,0,1,0,4,5,1,0,6,6,10,1,5,5,12,6,19
39,3309,605158.5,3516598.5,2022,1,1,2,2,5,5,1,4,5,2,12,6,4,3,7,1,16,4
47,3333,605230.5,3516574.5,2022,1,1,2,2,5,5,1,4,5,2,12,6,4,3,7,7,13,10
64,28,595315.5,3516523.5,2022,1,1,2,2,5,2,6,9,8,1,10,13,5,10,14,9,9,14
80,47,595372.5,3516475.5,2022,1,1,2,2,5,5,1,4,5,2,12,6,0,10,7,1,16,4
87,83,595480.5,3516454.5,2022,1,1,2,2,5,5,1,2,5,10,4,6,0,14,7,1,16,4
62,105,595546.5,3516529.5,2022,1,1,2,2,5,2,6,9,8,1,10,13,5,10,14,9,9,14
82,122,595597.5,3516469.5,2022,1,1,2,2,1,2,6,9,8,1,10,13,5,10,14,9,9,14
77,156,595699.5,3516484.5,2022,1,1,2,2,5,2,6,9,8,1,10,13,5,10,14,9,9,14
77,180,595771.5,3516484.5,2022,1,1,2,2,5,5,1,9,4,10,4,13,0,14,7,1,16,4
80,217,595882.5,3516475.5,2022,1,1,2,2,5,2,6,9,8,1,10,13,5,10,14,9,9,14
76,257,596002.5,3516487.5,2022,1,1,2,2,5,2,6,9,8,1,10,13,0,10,7,1,9,14
86,276,596059.5,3516457.5,2022,1,1,2,2,5,2,6,9,8,1,10,13,5,10,14,9,9,14
60,315,596176.5,3516535.5,2022,0,1,2,3,1,2,6,9,8,1,10,13,5,10,14,9,9,14
65,347,596272.5,3516520.5,2022,0,1,2,3,1,2,6,9,8,1,10,13,5,10,14,9,9,14
79,362,596317.5,3516478.5,2022,0,1,2,3,1,2,6,9,8,1,10,13,5,10,14,9,9,14
60,417,596482.5,3516535.5,2022,0,1,2,3,1,2,6,9,8,1,10,13,5,10,14,9,9,14
89,431,596524.5,3516448.5,2022,1,1,2,3,1,2,6,9,8,1,10,13,5,10,14,9,9,14
80,468,596635.5,3516475.5,2022,0,0,2,3,1,2,6,9,8,1,10,13,5,10,14,9,9,14
65,504,596743.5,3516520.5,2022,1,1,2,2,5,2,6,9,8,1,10,13,5,10,14,9,9,14
64,514,596773.5,3516523.5,2022,1,1,2,2,5,2,6,9,8,1,10,13,5,10,14,9,9,14
65,562,596917.5,3516520.5,2022,0,0,2,3,1,2,6,9,8,1,10,13,5,10,14,9,9,14
75,588,596995.5,3516490.5,2022,0,0,2,3,1,2,6,9,8,1,10,13,5,10,14,9,9,14
78,607,597052.5,3516481.5,2022,0,0,2,3,1,2,6,9,8,1,10,13,5,10,14,9,9,14
75,652,597187.5,3516490.5,2022,0,0,2,3,1,2,6,9,8,1,10,13,5,10,14,9,9,14
89,669,597238.5,3516448.5,2022,0,0,1,3,1,2,6,9,8,1,10,13,5,0,6,8,15,12
80,701,597334.5,3516475.5,2022,0,0,1,3,1,2,6,9,8,1,10,13,5,0,6,8,15,12
70,735,597436.5,3516505.5,2022,0,0,1,3,1,7,7,0,2,4,9,8,9,0,6,8,0,1
71,762,597517.5,3516502.5,2022,0,0,1,0,6,3,2,7,10,0,5,3,12,8,10,17,12,16
63,804,597643.5,3516526.5,2022,0,0,1,3,1,7,7,0,2,5,1,1,13,0,9,11,0,1
86,821,597694.5,3516457.5,2022,0,0,1,3,1,2,7,0,3,4,9,8,9,0,6,8,15,12
62,867,597832.5,3516529.5,2022,0,0,1,0,6,7,2,7,10,0,5,3,12,8,2,0,11,17
82,885,597886.5,3516469.5,2022,0,0,1,0,6,7,2,7,10,0,5,3,12,8,2,0,11,17
83,918,597985.5,3516466.5,2022,0,0,1,0,6,7,7,0,3,4,9,8,9,8,2,0,11,17
83,940,598051.5,3516466.5,2022,0,0,1,0,6,7,7,0,3,4,9,8,9,8,2,0,11,17
86,966,598129.5,3516457.5,2022,0,0,1,0,6,7,7,0,3,4,9,8,9,8,2,0,11,17
83,1004,598243.5,3516466.5,2022,0,0,1,0,6,3,2,7,10,0,5,3,12,8,10,17,11,16
71,1033,598330.5,3516502.5,2022,0,0,1,0,6,3,2,7,10,0,5,3,12,8,10,17,11,17
75,1078,598465.5,3516490.5,2022,0,0,1,0,6,7,2,7,10,0,5,3,12,8,2,0,11,17
87,1098,598525.5,3516454.5,2022,0,0,1,0,6,7,2,7,10,0,5,3,12,8,2,0,11,17
73,1120,598591.5,3516496.5,2022,0,0,1,0,6,3,2,7,10,0,5,3,12,13,13,10,11,17
68,1149,598678.5,3516511.5,2022,0,0,1,3,6,7,7,0,3,4,9,8,9,0,2,0,15,17
80,1175,598756.5,3516475.5,2022,0,0,1,0,6,7,7,0,3,0,5,3,12,8,2,0,11,17
86,1200,598831.5,3516457.5,2022,0,0,1,3,6,7,7,0,3,4,9,8,9,0,2,0,15,17
84,1257,599002.5,3516463.5,2022,0,0,1,3,1,7,7,0,2,4,9,8,9,0,6,11,0,6
82,1282,599077.5,3516469.5,2022,0,0,1,0,6,7,2,7,10,0,5,3,12,8,2,0,11,6
78,1308,599155.5,3516481.5,2022,0,0,1,0,6,7,7,0,3,4,9,8,9,8,2,0,11,17
83,1321,599194.5,3516466.5,2022,0,0,1,3,1,7,7,0,3,4,9,8,9,0,6,8,15,12
79,1352,599287.5,3516478.5,2022,0,0,1,3,1,7,7,0,3,4,9,8,9,0,6,8,15,12
89,1399,599428.5,3516448.5,2022,0,0,1,3,6,7,7,0,3,4,9,8,9,0,2,0,15,12
63,1414,599473.5,3516526.5,2022,0,0,1,0,6,7,7,0,2,5,1,1,13,6,9,11,0,1
67,1457,599602.5,3516514.5,2022,0,0,1,0,6,3,2,7,10,0,5,3,12,13,13,10,11,6
88,1490,599701.5,3516451.5,2022,0,0,1,0,6,3,2,7,10,0,5,3,12,13,13,10,11,0
86,1526,599809.5,3516457.5,2022,0,0,1,0,6,7,7,0,3,0,5,3,12,8,2,0,11,17
75,1539,599848.5,3516490.5,2022,2,3,0,0,6,3,2,7,10,0,5,3,12,13,13,10,10,16
80,1563,599920.5,3516475.5,2022,0,0,1,3,1,7,7,0,3,4,9,8,9,0,6,8,15,12
68,1619,600088.5,3516511.5,2022,0,0,1,3,1,7,7,0,3,4,9,8,9,0,6,8,15,12
77,1633,600130.5,3516484.5,2022,0,0,1,3,6,7,7,0,3,4,9,8,9,0,2,0,15,12
79,1672,600247.5,3516478.5,2022,0,0,1,0,6,7,7,0,3,4,9,8,9,0,2,0,15,17
77,1691,600304.5,3516484.5,2022,0,0,1,0,6,7,2,7,10,0,5,3,12,8,2,0,11,17
87,1738,600445.5,3516454.5,2022,0,0,1,0,6,3,2,7,10,0,5,1,13,6,10,17,12,16
65,1759,600508.5,3516520.5,2022,2,3,0,1,0,3,2,7,10,7,11,3,12,13,13,10,7,0
73,1797,600622.5,3516496.5,2022,0,0,1,0,6,7,7,0,3,4,9,8,9,0,6,11,0,1
85,1805,600646.5,3516460.5,2022,0,0,1,0,3,0,4,6,2,5,1,1,13,6,9,11,10,6
89,1840,600751.5,3516448.5,2022,2,3,0,0,3,0,5,1,0,6,6,10,1,5,5,15,10,19
71,1889,600898.5,3516502.5,2022,2,3,0,0,6,3,2,7,10,0,5,3,12,13,13,10,7,0
84,1904,600943.5,3516463.5,2022,2,3,0,0,0,3,2,7,10,0,5,3,12,13,13,10,7,0
78,1925,601006.5,3516481.5,2022,2,3,0,0,0,3,2,7,10,0,5,3,12,13,13,10,7,0
87,1972,601147.5,3516454.5,2022,2,3,0,0,3,3,5,1,0,6,6,10,1,5,5,15,12,19
73,1986,601189.5,3516496.5,2022,0,0,1,0,6,3,2,7,10,0,5,3,12,13,13,10,11,0
75,2014,601273.5,3516490.5,2022,0,0,1,0,6,3,2,7,10,0,5,3,12,13,13,10,7,0
70,2048,601375.5,3516505.5,2022,0,0,1,0,6,7,2,7,10,0,5,3,12,13,13,0,11,17
65,2075,601456.5,3516520.5,2022,0,0,1,0,6,3,2,7,10,0,5,3,12,13,13,10,11,0
85,2125,601606.5,3516460.5,2022,0,0,1,0,6,7,2,7,10,0,5,3,12,13,13,0,11,6
82,2137,601642.5,3516469.5,2022,0,0,1,0,6,3,2,7,10,0,5,3,12,13,13,10,10,6
84,2161,601714.5,3516463.5,2022,2,0,1,0,6,3,2,7,10,0,5,3,12,13,13,10,7,0
62,2208,601855.5,3516529.5,2022,0,0,1,0,3,0,4,6,2,5,1,1,13,6,9,11,10,6
87,2227,601912.5,3516454.5,2022,0,0,1,0,6,7,2,7,3,0,5,3,12,8,2,0,11,17
80,2275,602056.5,3516475.5,2022,0,0,1,0,6,7,7,0,3,4,9,8,9,8,2,0,11,17
60,2307,602152.5,3516535.5,2022,0,0,1,0,6,7,7,0,2,5,1,9,2,15,9,11,10,6
76,2326,602209.5,3516487.5,2022,2,3,0,0,6,3,2,7,10,0,5,3,12,13,13,10,7,0
68,2368,602335.5,3516511.5,2022,0,1,3,4,3,0,4,6,2,5,1,9,2,15,9,7,10,6
83,2374,602353.5,3516466.5,2022,2,3,0,0,6,3,2,7,10,0,5,3,12,13,13,10,7,0
65,2410,602461.5,3516520.5,2022,0,0,1,3,1,7,7,0,3,4,9,8,9,0,6,8,15,12
83,2430,602521.5,3516466.5,2022,2,3,0,1,0,4,0,8,7,7,11,0,12,13,13,10,7,0
77,2462,602617.5,3516484.5,2022,0,0,1,0,6,7,2,7,10,0,5,3,12,8,2,0,11,17
81,2516,602779.5,3516472.5,2022,2,0,1,0,6,3,2,7,10,0,5,3,12,13,13,10,7,0
62,2527,602812.5,3516529.5,2022,0,0,1,0,6,3,2,7,10,0,5,1,13,13,9,15,10,6
80,2564,602923.5,3516475.5,2022,0,0,1,0,6,7,2,7,2,0,5,3,12,13,9,11,10,6
77,2585,602986.5,3516484.5,2022,0,0,1,0,6,7,2,7,10,0,5,3,12,13,13,0,11,17
76,2633,603130.5,3516487.5,2022,0,0,1,0,6,7,7,0,3,4,9,8,9,0,2,0,11,17
85,2657,603202.5,3516460.5,2022,0,1,2,3,3,0,4,6,2,5,1,9,2,15,9,11,0,1
89,2696,603319.5,3516448.5,2022,1,1,3,4,3,0,4,2,4,10,4,2,14,2,12,6,14,7
82,2704,603343.5,3516469.5,2022,0,0,1,3,3,0,4,6,2,5,1,9,2,15,9,7,13,10
85,2759,603508.5,3516460.5,2022,1,1,3,4,3,0,4,2,4,10,4,2,14,2,12,6,14,7
71,2769,603538.5,3516502.5,2022,1,1,3,4,2,1,8,2,4,10,4,2,14,2,12,6,14,7
67,2818,603685.5,3516514.5,2022,1,1,2,2,5,5,1,2,4,10,4,2,0,14,7,1,16,4
64,2843,603760.5,3516523.5,2022,1,1,3,4,2,1,8,3,9,11,2,7,14,2,0,6,18,11
63,2873,603850.5,3516526.5,2022,1,1,2,2,5,5,1,4,5,2,12,6,4,3,8,16,4,9
66,2888,603895.5,3516517.5,2022,1,1,2,2,5,5,1,4,5,2,12,6,0,14,7,1,16,4
79,2913,603970.5,3516478.5,2022,0,0,1,3,1,7,7,0,2,5,1,8,2,0,6,11,0,6
89,2954,604093.5,3516448.5,2022,2,3,3,4,3,0,4,6,1,9,0,5,10,12,1,4,1,2
63,2997,604222.5,3516526.5,2022,1,1,3,2,5,5,1,4,1,9,0,5,10,12,8,16,18,11
63,3029,604318.5,3516526.5,2022,0,0,1,4,3,0,4,6,2,5,1,9,2,15,15,7,10,6
67,3032,604327.5,3516514.5,2022,1,1,3,2,5,5,1,2,4,10,4,2,14,2,12,6,18,11
67,3060,604411.5,3516514.5,2022,2,3,3,4,2,1,8,3,9,11,2,7,11,9,0,14,5,13
80,3115,604576.5,3516475.5,2022,1,1,3,4,2,1,8,3,9,11,2,7,14,2,0,6,14,7
73,3120,604591.5,3516496.5,2022,2,3,0,1,0,4,0,8,7,7,11,0,7,11,13,10,7,0
67,3177,604762.5,3516514.5,2022,1,1,3,4,2,5,8,2,4,10,4,2,14,2,12,6,18,11
80,3209,604858.5,3516475.5,2022,0,0,1,0,6,3,2,7,10,0,5,3,12,13,13,10,7,0
74,3212,604867.5,3516493.5,2022,1,1,3,4,2,1,8,2,4,10,4,2,14,2,12,6,14,11
78,3262,605017.5,3516481.5,2022,1,1,2,2,5,5,1,4,5,2,12,6,4,3,8,16,4,9
68,3298,605125.5,3516511.5,2022,2,3,0,1,0,4,5,1,0,6,6,10,1,5,5,12,6,19
61,3303,605140.5,3516532.5,2022,1,1,3,4,2,1,8,2,4,10,4,2,14,2,12,6,18,11
64,3330,605221.5,3516523.5,2022,1,1,2,2,5,5,1,6,4,5,1,9,0,14,7,1,13,10
119,5,595246.5,3516358.5,2022,1,1,2,2,5,5,1,9,5,2,10,6,0,14,7,1,16,4
105,45,595366.5,3516400.5,2022,1,1,2,2,5,5,1,9,5,2,10,6,0,14,7,1,16,4
118,88,595495.5,3516361.5,2022,0,0,2,3,1,2,6,9,8,1,10,13,5,10,14,9,9,14
102,97,595522.5,3516409.5,2022,1,1,2,2,5,5,1,4,5,2,12,6,0,14,7,1,16,4
116,126,595609.5,3516367.5,2022,1,1,2,2,5,0,4,2,4,10,4,2,0,14,7,1,16,7
94,175,595756.5,3516433.5,2022,1,1,2,2,5,5,6,9,8,1,10,13,0,14,7,1,16,4
113,194,595813.5,3516376.5,2022,1,1,2,2,1,2,6,9,8,1,10,13,5,10,14,9,9,14
101,217,595882.5,3516412.5,2022,1,1,2,2,5,5,1,2,4,10,4,2,0,14,7,1,16,4
91,247,595972.5,3516442.5,2022,1,1,2,2,5,5,1,2,4,10,4,2,0,14,7,1,16,4
111,287,596092.5,3516382.5,2022,1,1,2,2,5,5,1,9,4,10,4,13,0,14,7,1,16,4
105,326,596209.5,3516400.5,2022,1,1,2,2,5,2,6,9,8,1,10,13,0,14,7,1,16,4
113,345,596266.5,3516376.5,2022,1,1,2,2,5,2,6,9,8,1,10,13,5,10,14,9,9,14
103,375,596356.5,3516406.5,2022,1,1,2,2,5,2,6,9,8,1,10,13,0,10,7,1,16,4
101,398,596425.5,3516412.5,2022,1,1,2,2,5,2,6,9,8,1,10,13,5,10,14,9,9,14
90,427,596512.5,3516445.5,2022,1,1,2,2,5,2,6,9,8,1,10,13,5,10,14,9,9,14
115,474,596653.5,3516370.5,2022,0,0,1,3,1,2,6,9,8,1,10,13,5,0,6,8,15,12
115,481,596674.5,3516370.5,2022,0,0,1,3,1,2,6,9,8,1,10,8,5,0,6,8,15,12
93,534,596833.5,3516436.5,2022,0,1,2,3,1,2,6,9,8,1,10,13,0,14,7,1,16,1
99,554,596893.5,3516418.5,2022,1,1,2,2,5,5,1,2,4,10,4,2,0,14,7,1,16,4
119,580,596971.5,3516358.5,2022,0,0,1,0,6,7,7,0,3,4,9,1,13,6,10,11,0,1
95,627,597112.5,3516430.5,2022,1,1,2,2,5,2,6,9,8,1,10,13,0,14,7,1,16,4
111,640,597151.5,3516382.5,2022,0,1,2,3,1,2,6,9,8,5,1,13,0,14,6,1,0,1
104,680,597271.5,3516403.5,2022,0,0,2,3,1,2,6,9,8,1,10,13,5,10,14,8,9,12
90,718,597385.5,3516445.5,2022,0,0,1,3,1,2,6,9,8,1,10,13,5,0,6,8,15,12
110,727,597412.5,3516385.5,2022,0,0,2,3,1,2,6,9,8,1,10,13,5,10,14,9,9,14
91,771,597544.5,3516442.5,2022,0,0,1,3,1,7,7,0,3,4,9,8,9,0,6,8,15,12
100,798,597625.5,3516415.5,2022,0,0,1,3,1,2,7,0,3,4,9,8,9,0,6,8,15,12
104,832,597727.5,3516403.5,2022,0,0,1,3,1,7,7,0,3,4,9,8,9,0,6,8,0,1
115,840,597751.5,3516370.5,2022,0,0,2,3,1,2,6,9,8,1,10,13,5,10,14,9,9,14
98,899,597928.5,3516421.5,2022,0,0,1,3,1,7,7,0,3,4,9,8,9,0,6,8,15,12
106,915,597976.5,3516397.5,2022,0,0,1,3,1,7,7,0,3,4,9,8,9,0,6,8,15,12
90,947,598072.5,3516445.5,2022,0,0,1,0,6,7,7,0,3,4,9,8,9,8,2,0,11,17
110,967,598132.5,3516385.5,2022,0,0,1,3,6,7,7,0,3,4,9,8,9,0,2,0,15,12
107,1015,598276.5,3516394.5,2022,0,0,1,3,1,7,7,0,3,4,9,8,9,0,6,8,15,12
103,1048,598375.5,3516406.5,2022,0,0,1,0,6,7,2,0,2,0,5,1,13,6,9,11,10,6
98,1062,598417.5,3516421.5,2022,0,0,1,0,6,7,7,0,3,4,9,8,9,8,2,0,11,17
112,1101,598534.5,3516379.5,2022,0,0,1,0,6,7,7,0,3,0,5,3,12,8,2,0,11,17
103,1124,598603.5,3516406.5,2022,0,0,1,0,6,7,7,0,3,4,9,8,9,8,2,0,11,17
101,1158,598705.5,3516412.5,2022,0,0,1,0,6,7,7,0,3,4,9,8,9,8,2,0,11,17
94,1197,598822.5,3516433.5,2022,0,0,1,0,6,7,7,0,3,4,9,8,9,8,2,0,11,17
93,1207,598852.5,3516436.5,2022,0,0,1,0,6,7,7,0,3,4,9,8,9,8,2,0,11,17
100,1247,598972.5,3516415.5,2022,0,0,1,0,6,7,2,7,2,0,5,1,13,6,9,11,10,6
91,1284,599083.5,3516442.5,2022,0,0,1,3,3,7,4,0,2,5,1,1,13,6,9,11,0,1
90,1308,599155.5,3516445.5,2022,0,0,1,3,1,7,7,0,2,5,1,9,2,0,6,11,0,6
116,1334,599233.5,3516367.5,2022,0,0,1,0,6,3,2,7,10,0,5,1,13,6,9,11,10,6
94,1358,599305.5,3516433.5,2022,1,1,2,2,5,5,1,4,5,2,12,6,4,3,8,16,4,9
92,1389,599398.5,3516439.5,2022,0,0,1,3,1,7,7,0,3,4,9,8,9,0,6,8,15,12
100,1430,599521.5,3516415.5,2022,0,0,1,0,6,7,7,0,3,0,5,3,9,6,9,11,11,6
113,1465,599626.5,3516376.5,2022,0,0,1,3,1,7,7,0,3,4,9,8,9,0,6,8,15,12
116,1476,599659.5,3516367.5,2022,0,0,1,3,1,7,7,0,3,4,9,8,9,0,6,8,15,12
112,1510,599761.5,3516379.5,2022,0,0,1,0,6,7,7,0,3,4,9,8,9,8,2,0,11,17
96,1539,599848.5,3516427.5,2022,0,0,1,3,6,7,7,0,3,4,9,8,9,0,6,8,15,12
92,1567,599932.5,3516439.5,2022,0,0,1,3,1,7,7,0,3,4,9,8,9,0,6,8,15,12
95,1602,600037.5,3516430.5,2022,0,0,1,0,6,7,7,0,3,0,5,3,12,8,2,0,11,17
95,1649,600178.5,3516430.5,2022,0,0,1,3,1,7,7,0,3,4,9,8,9,0,6,8,15,12
102,1672,600247.5,3516409.5,2022,0,0,1,3,1,7,4,0,2,5,1,1,2,6,9,11,0,1
98,1686,600289.5,3516421.5,2022,0,0,1,0,6,7,2,7,10,0,5,3,12,13,13,0,11,17
97,1720,600391.5,3516424.5,2022,0,0,1,0,6,7,7,0,2,5,1,1,13,6,9,11,0,1
97,1741,600454.5,3516424.5,2022,0,0,1,3,1,2,4,6,2,5,1,9,2,15,6,11,0,10
93,1792,600607.5,3516436.5,2022,2,3,0,0,3,0,5,1,0,6,6,10,1,5,5,15,10,19
98,1812,600667.5,3516421.5,2022,0,0,1,0,3,0,4,6,2,5,1,9,2,15,15,7,10,10
114,1832,600727.5,3516373.5,2022,2,3,0,0,0,3,2,7,10,0,5,3,12,13,13,10,7,0
111,1860,600811.5,3516382.5,2022,0,0,1,3,1,7,4,6,2,5,1,9,2,15,9,11,0,1
108,1904,600943.5,3516391.5,2022,0,0,1,3,6,7,7,0,3,4,9,8,9,0,2,0,15,17
104,1937,601042.5,3516403.5,2022,0,0,1,3,6,7,7,0,3,4,9,8,9,0,2,0,15,12
103,1967,601132.5,3516406.5,2022,0,0,1,0,6,3,2,7,10,0,5,3,12,13,13,17,11,16
113,1990,601201.5,3516376.5,2022,0,0,1,0,6,7,2,7,3,0,5,3,12,8,2,0,11,17
94,2020,601291.5,3516433.5,2022,0,0,1,0,6,3,2,7,10,0,5,3,12,13,13,10,10,6
102,2069,601438.5,3516409.5,2022,0,0,1,0,6,7,2,7,10,0,5,3,12,8,2,0,11,17
92,2072,601447.5,3516439.5,2022,0,0,1,0,6,7,7,0,3,4,9,8,9,8,2,0,11,17
117,2110,601561.5,3516364.5,2022,0,0,1,3,6,7,7,0,3,4,9,8,9,8,2,0,15,17
110,2148,601675.5,3516385.5,2022,0,0,1,0,6,7,7,0,3,4,9,8,9,8,2,0,11,17
97,2174,601753.5,3516424.5,2022,0,0,1,0,6,7,2,7,10,0,5,1,13,6,9,11,11,6
96,2201,601834.5,3516427.5,2022,0,0,1,0,6,7,2,7,10,0,5,3,12,8,2,0,11,17
96,2221,601894.5,3516427.5,2022,0,0,1,0,6,7,7,0,3,4,5,3,12,8,2,0,11,17
110,2272,602047.5,3516385.5,2022,0,0,1,0,6,7,2,7,10,0,5,3,12,8,2,0,11,17
114,2295,602116.5,3516373.5,2022,2,3,0,1,0,3,0,8,10,7,11,3,12,13,13,10,7,0
97,2328,602215.5,3516424.5,2022,2,3,0,1,0,4,0,8,7,8,11,0,7,13,13,10,7,0
109,2355,602296.5,3516388.5,2022,0,0,1,0,6,3,2,7,10,0,5,3,12,13,13,10,7,0
91,2398,602425.5,3516442.5,2022,0,0,1,0,6,7,7,0,3,4,9,8,9,8,2,0,11,17
92,2402,602437.5,3516439.5,2022,0,0,1,0,6,7,7,0,3,4,9,8,9,8,2,0,11,17
115,2437,602542.5,3516370.5,2022,0,0,1,0,6,3,2,7,10,0,5,3,12,13,13,10,7,0
95,2474,602653.5,3516430.5,2022,0,0,1,0,6,7,7,0,3,4,9,8,9,8,2,0,11,17
93,2495,602716.5,3516436.5,2022,0,0,1,0,6,7,2,7,10,0,5,3,12,8,2,0,11,17
114,2541,602854.5,3516373.5,2022,0,0,1,0,3,0,4,6,2,5,1,1,13,6,9,15,10,6
101,2565,602926.5,3516412.5,2022,0,0,1,0,6,7,2,7,10,0,5,3,12,8,2,0,11,17
109,2593,603010.5,3516388.5,2022,0,0,1,3,1,7,4,0,2,5,1,9,2,15,9,11,0,1
110,2610,603061.5,3516385.5,2022,1,1,3,2,5,5,1,2,4,10,4,2,14,2,12,6,18,11
99,2653,603190.5,3516418.5,2022,0,0,1,0,6,3,2,7,10,0,5,3,12,13,13,10,11,6
96,2689,603298.5,3516427.5,2022,2,3,0,1,0,3,5,1,0,6,6,10,1,5,5,10,6,19
113,2707,603352.5,3516376.5,2022,2,3,0,1,0,3,5,1,0,6,6,10,1,5,5,15,6,19
103,2747,603472.5,3516406.5,2022,1,1,3,2,5,5,1,4,5,2,12,6,4,3,8,16,18,11
111,2767,603532.5,3516382.5,2022,1,1,3,4,2,1,8,3,9,11,2,7,14,2,0,6,14,11
100,2803,603640.5,3516415.5,2022,1,1,2,2,5,5,1,4,5,2,12,6,4,3,8,16,4,9
104,2836,603739.5,3516403.5,2022,1,1,2,2,5,5,1,6,1,9,12,9,2,15,15,7,13,10
110,2856,603799.5,3516385.5,2022,0,0,1,0,6,3,2,7,2,5,1,1,13,6,9,11,10,6
96,2882,603877.5,3516427.5,2022,1,1,3,4,3,0,4,6,2,5,1,9,2,15,15,7,13,7
98,2928,604015.5,3516421.5,2022,2,3,0,4,3,0,5,1,0,6,6,10,1,5,5,15,6,19
104,2961,604114.5,3516403.5,2022,0,0,1,0,6,7,2,7,2,5,1,1,13,6,9,11,10,6
102,2994,604213.5,3516409.5,2022,0,0,3,4,3,0,4,6,2,5,1,9,2,15,9,11,10,6
92,3009,604258.5,3516439.5,2022,1,1,3,4,2,5,1,2,4,10,4,2,14,2,12,6,18,11
119,3054,604393.5,3516358.5,2022,1,1,3,4,2,1,8,3,9,11,2,2,14,2,12,6,18,11
90,3068,604435.5,3516445.5,2022,2,3,3,4,2,1,8,3,9,11,2,7,14,2,12,6,14,7
118,3099,604528.5,3516361.5,2022,2,3,0,1,0,3,5,1,0,6,6,10,1,13,13,10,7,0
116,3143,604660.5,3516367.5,2022,1,1,3,4,2,1,8,3,9,11,2,2,14,2,12,6,14,11
91,3173,604750.5,3516442.5,2022,0,0,1,0,3,0,4,6,2,5,1,9,2,15,15,7,10,6
104,3202,604837.5,3516403.5,2022,2,3,0,0,0,3,2,7,10,0,5,3,12,13,13,10,7,0
118,3225,604906.5,3516361.5,2022,1,1,2,3,3,0,4,6,2,5,1,9,2,15,15,7,13,10
112,3264,605023.5,3516379.5,2022,1,1,2,2,5,5,1,4,5,2,12,6,0,14,7,1,16,4
117,3299,605128.5,3516364.5,2022,2,3,0,0,3,0,5,1,0,6,6,10,1,5,5,15,10,19
97,3326,605209.5,3516424.5,2022,0,0,1,3,1,7,4,0,2,5,1,9,2,15,9,11,0,6
95,3331,605224.5,3516430.5,2022,0,0,1,0,6,3,2,7,10,0,5,3,12,13,13,10,11,17
122,3,595240.5,3516349.5,2022,1,1,2,2,5,2,6,9,8,1,10,13,0,10,7,1,16,14
130,48,595375.5,3516325.5,2022,0,0,2,3,1,2,6,9,8,1,10,13,5,10,14,9,9,14
136,84,595483.5,3516307.5,2022,0,1,2,3,1,2,6,9,8,1,10,13,5,10,14,9,9,14
131,95,595516.5,3516322.5,2022,0,0,2,3,1,2,6,9,8,1,10,13,5,10,6,8,9,14
136,138,595645.5,3516307.5,2022,0,0,2,3,1,2,6,9,8,1,10,13,5,10,14,9,9,14
132,157,595702.5,3516319.5,2022,0,0,1,3,1,2,6,9,8,4,9,8,5,0,6,8,15,12
136,199,595828.5,3516307.5,2022,0,0,1,3,1,2,7,0,8,4,9,8,9,0,6,8,15,12
128,216,595879.5,3516331.5,2022,0,0,1,3,1,7,7,0,2,4,9,8,9,0,6,11,0,1
127,247,595972.5,3516334.5,2022,2,0,1,0,6,3,2,7,10,0,5,1,13,6,10,17,12,16
136,276,596059.5,3516307.5,2022,0,1,2,3,1,2,6,9,8,1,10,13,5,10,14,9,9,14
138,300,596131.5,3516301.5,2022,1,1,2,2,5,5,1,2,4,10,4,2,0,14,7,1,16,4
133,349,596278.5,3516316.5,2022,1,1,2,2,5,5,1,4,5,2,12,6,0,14,7,1,16,4
125,381,596374.5,3516340.5,2022,0,1,2,3,1,2,6,9,8,1,10,13,5,10,14,9,9,14
132,404,596443.5,3516319.5,2022,1,1,2,2,5,5,1,2,4,10,4,2,0,14,7,1,16,4
136,437,596542.5,3516307.5,2022,0,0,2,3,1,2,6,9,8,1,10,13,5,10,14,9,9,14
129,452,596587.5,3516328.5,2022,0,0,2,3,1,2,6,9,8,1,10,13,5,10,14,9,9,14
121,498,596725.5,3516352.5,2022,0,0,1,3,1,7,7,0,3,4,9,8,9,0,6,8,15,12
137,522,596797.5,3516304.5,2022,0,0,2,3,1,2,6,9,8,1,10,13,5,10,14,9,9,14
124,564,596923.5,3516343.5,2022,0,0,2,3,1,2,6,0,2,5,1,1,0,14,6,11,0,1
143,570,596941.5,3516286.5,2022,0,0,1,3,1,7,7,0,3,4,9,8,9,0,6,8,15,12
140,622,597097.5,3516295.5,2022,0,1,2,3,1,2,6,9,8,5,1,13,0,14,7,1,16,1
142,649,597178.5,3516289.5,2022,0,0,2,3,1,2,6,9,8,1,10,13,5,10,14,9,9,14
120,681,597274.5,3516355.5,2022,0,0,1,3,1,2,6,9,8,1,10,13,5,10,14,8,9,12
141,705,597346.5,3516292.5,2022,0,0,2,3,1,2,6,9,8,1,10,13,5,10,14,9,9,14
134,745,597466.5,3516313.5,2022,0,0,1,3,1,2,6,9,8,1,10,13,5,10,14,8,9,12
147,755,597496.5,3516274.5,2022,0,0,2,3,1,2,6,9,8,1,10,13,5,10,14,9,9,14
143,792,597607.5,3516286.5,2022,0,0,1,3,1,2,6,9,8,1,10,13,5,10,14,8,9,12
131,812,597667.5,3516322.5,2022,0,0,1,3,1,2,6,9,8,4,9,8,5,0,6,8,15,12
129,864,597823.5,3516328.5,2022,0,0,1,3,1,7,7,0,3,4,9,8,9,0,6,8,15,12
134,875,597856.5,3516313.5,2022,0,0,1,3,1,7,7,0,3,4,9,8,9,0,6,8,15,12
126,925,598006.5,3516337.5,2022,0,0,1,3,1,7,7,0,3,4,9,8,9,0,6,8,15,12
120,939,598048.5,3516355.5,2022,0,0,1,3,6,7,7,0,3,4,9,8,9,0,2,8,15,12
122,989,598198.5,3516349.5,2022,0,0,1,3,1,2,7,0,8,4,9,8,9,0,6,8,15,12
128,1010,598261.5,3516331.5,2022,0,0,1,3,1,7,7,0,3,4,9,8,9,0,6,8,15,12
122,1024,598303.5,3516349.5,2022,0,0,1,3,1,7,7,0,3,4,9,8,9,0,2,8,15,12
127,1077,598462.5,3516334.5,2022,0,0,1,3,1,7,7,0,3,4,9,8,9,0,2,8,15,12
149,1100,598531.5,3516268.5,2022,0,0,1,0,6,7,7,0,3,4,9,8,9,8,2,0,11,17
142,1139,598648.5,3516289.5,2022,0,0,1,3,1,7,7,0,3,4,9,8,9,0,6,8,15,12
124,1156,598699.5,3516343.5,2022,0,0,1,3,1,7,7,0,2,5,1,8,9,0,6,11,0,6
147,1187,598792.5,3516274.5,2022,0,0,1,3,1,7,7,0,3,4,9,8,9,0,6,8,15,12
133,1229,598918.5,3516316.5,2022,2,0,1,0,3,3,2,7,0,6,6,10,1,13,13,15,10,6
132,1249,598978.5,3516319.5,2022,0,0,1,0,6,7,2,7,2,5,1,1,13,6,9,11,10,6
135,1261,599014.5,3516310.5,2022,1,1,2,2,3,0,4,6,1,9,0,5,10,12,1,4,1,2
148,1304,599143.5,3516271.5,2022,0,0,1,0,6,3,2,7,10,0,5,3,12,8,10,17,11,17
128,1349,599278.5,3516331.5,2022,0,0,1,0,6,7,7,0,2,0,5,1,13,6,9,11,10,6
126,1360,599311.5,3516337.5,2022,0,0,1,0,6,3,2,7,10,0,5,3,12,6,10,17,11,16
135,1399,599428.5,3516310.5,2022,0,0,1,3,6,7,7,0,3,4,9,8,9,0,6,11,0,12
139,1416,599479.5,3516298.5,2022,0,0,1,3,1,7,7,0,3,4,9,8,9,0,6,8,15,12
139,1449,599578.5,3516298.5,2022,0,0,1,3,1,7,7,0,3,4,9,8,9,0,6,8,15,12
146,1489,599698.5,3516277.5,2022,0,0,1,3,1,7,7,0,3,4,9,8,9,0,6,8,15,12
124,1520,599791.5,3516343.5,2022,0,0,1,0,6,7,7,0,3,4,9,8,9,8,2,0,11,17
134,1559,599908.5,3516313.5,2022,0,0,1,0,6,7,7,0,3,4,9,8,9,8,2,0,11,17
125,1574,599953.5,3516340.5,2022,0,0,1,0,6,7,7,0,3,4,9,8,9,0,2,0,11,17
145,1611,600064.5,3516280.5,2022,0,0,1,3,6,7,7,0,2,5,1,9,2,15,9,11,0,6
147,1631,600124.5,3516274.5,2022,1,1,3,4,2,1,8,2,4,10,4,2,14,2,12,6,18,11
137,1676,600259.5,3516304.5,2022,2,3,0,0,6,3,2,7,10,0,5,3,12,13,13,10,12,0
125,1701,600334.5,3516340.5,2022,0,0,1,3,1,7,4,6,2,5,1,9,2,15,9,11,10,6
130,1718,600385.5,3516325.5,2022,2,3,3,4,2,1,8,3,9,11,2,7,11,9,0,14,5,13
147,1743,600460.5,3516274.5,2022,2,3,0,0,6,3,2,7,10,0,5,3,12,13,13,10,7,0
126,1778,600565.5,3516337.5,2022,2,3,0,1,0,3,2,7,10,7,11,3,12,13,13,10,7,0
121,1820,600691.5,3516352.5,2022,2,3,0,0,6,3,2,7,10,0,5,3,12,13,13,10,7,0
128,1850,600781.5,3516331.5,2022,0,0,1,3,6,7,7,0,3,4,9,8,9,0,6,11,0,1
134,1866,600829.5,3516313.5,2022,0,0,1,0,6,7,2,7,3,0,5,3,12,8,2,0,11,17
149,1902,600937.5,3516268.5,2022,0,0,1,3,1,7,7,0,3,4,9,8,9,0,6,8,15,12
139,1943,601060.5,3516298.5,2022,0,0,1,0,6,7,2,7,10,0,5,3,12,8,2,0,11,17
120,1966,601129.5,3516355.5,2022,2,3,1,0,3,3,2,7,10,6,6,10,13,6,10,15,10,6
133,1989,601198.5,3516316.5,2022,0,0,1,0,6,7,2,7,3,0,5,3,12,8,2,0,11,17
137,2034,601333.5,3516304.5,2022,0,0,1,0,6,7,2,7,3,0,5,3,12,8,2,0,11,17
133,2062,601417.5,3516316.5,2022,2,3,0,0,6,3,2,7,10,0,5,3,12,13,13,10,7,0
122,2085,601486.5,3516349.5,2022,0,0,1,0,6,7,2,0,2,0,5,1,13,6,9,11,10,6
135,2112,601567.5,3516310.5,2022,0,0,1,0,6,7,7,0,3,4,9,8,9,8,2,0,11,17
121,2159,601708.5,3516352.5,2022,0,0,1,0,6,7,7,0,3,4,9,8,9,8,2,0,11,17
148,2184,601783.5,3516271.5,2022,0,0,1,0,6,7,2,7,10,0,5,3,12,13,13,0,11,17
146,2197,601822.5,3516277.5,2022,0,0,1,0,6,3,2,7,10,0,5,1,13,6,9,17,10,6
132,2242,601957.5,3516319.5,2022,0,0,1,0,6,7,2,7,10,0,5,3,12,8,2,0,11,17
138,2253,601990.5,3516301.5,2022,0,0,1,0,6,7,2,7,10,0,5,3,12,8,2,0,11,17
144,2292,602107.5,3516283.5,2022,0,0,1,0,6,7,2,7,10,0,5,3,12,8,2,0,11,17
134,2333,602230.5,3516313.5,2022,1,1,2,2,5,2,6,9,8,1,10,9,0,14,7,1,16,4
122,2359,602308.5,3516349.5,2022,0,0,1,0,6,7,7,7,3,0,5,3,12,8,2,0,11,17
141,2394,602413.5,3516292.5,2022,0,0,1,0,6,7,2,7,10,0,5,3,12,13,13,0,11,17
129,2418,602485.5,3516328.5,2022,2,3,0,1,0,3,2,7,10,7,11,3,12,13,13,10,7,0
141,2430,602521.5,3516292.5,2022,0,0,1,0,6,7,7,0,2,5,1,1,13,6,9,11,10,6
137,2481,602674.5,3516304.5,2022,0,0,1,0,6,3,2,7,2,0,5,1,13,6,9,11,10,6
134,2511,602764.5,3516313.5,2022,0,0,1,3,3,0,4,6,2,5,1,9,2,6,9,11,0,6
147,2522,602797.5,3516274.5,2022,1,1,3,2,5,5,1,4,1,9,0,5,10,12,8,16,18,11
147,2571,602944.5,3516274.5,2022,2,3,0,0,3,3,2,1,0,6,6,10,13,6,10,15,10,6
141,2585,602986.5,3516292.5,2022,1,1,3,4,3,0,4,6,2,5,1,9,2,15,15,7,13,10
136,2620,603091.5,3516307.5,2022,0,0,1,0,6,7,7,0,2,5,1,3,2,6,9,11,10,6
142,2666,603229.5,3516289.5,2022,1,1,3,4,3,0,8,2,4,10,4,2,14,2,12,6,14,7
149,2686,603289.5,3516268.5,2022,1,1,3,2,5,5,1,4,5,2,12,2,14,2,8,16,18,11
134,2721,603394.5,3516313.5,2022,1,1,3,4,2,5,1,2,4,10,4,2,14,2,12,6,18,11
123,2742,603457.5,3516346.5,2022,1,2,4,5,4,6,3,5,6,3,3,4,3,4,4,5,17,3
144,2761,603514.5,3516283.5,2022,1,1,2,2,5,5,1,4,5,2,12,6,4,3,8,16,4,9
143,2808,603655.5,3516286.5,2022,1,1,3,4,3,0,4,6,4,10,4,2,14,2,12,6,14,7
142,2832,603727.5,3516289.5,2022,2,3,0,1,3,3,5,1,0,6,6,10,1,5,5,15,10,19
120,2865,603826.5,3516355.5,2022,1,1,3,4,3,0,4,6,1,9,0,5,2,15,1,15,10,6
135,2883,603880.5,3516310.5,2022,1,1,3,4,3,0,4,6,2,5,1,9,2,15,15,7,10,10
127,2928,604015.5,3516334.5,2022,0,0,1,0,3,0,4,6,2,5,1,1,13,6,9,11,10,6
141,2963,604120.5,3516292.5,2022,0,0,1,3,3,0,4,6,2,5,1,9,2,15,9,11,0,6
122,2970,604141.5,3516349.5,2022,0,0,1,0,3,0,4,6,2,5,1,1,2,6,9,11,0,6
133,3026,604309.5,3516316.5,2022,1,1,3,2,5,5,1,2,4,10,4,2,14,2,12,6,18,11
135,3042,604357.5,3516310.5,2022,1,1,3,4,2,1,8,2,4,10,4,2,14,2,12,6,14,7
138,3085,604486.5,3516301.5,2022,2,3,3,4,2,1,8,2,4,10,2,2,14,2,12,6,14,7
122,3094,604513.5,3516349.5,2022,2,3,0,1,0,3,5,1,0,6,6,10,1,5,5,15,6,19
123,3129,604618.5,3516346.5,2022,1,1,3,4,2,1,8,3,9,11,2,7,11,9,0,14,5,13
126,3175,604756.5,3516337.5,2022,2,3,3,4,3,0,5,1,0,6,6,10,1,5,5,15,10,7
147,3207,604852.5,3516274.5,2022,1,1,3,4,3,0,4,6,4,10,4,2,14,2,12,6,14,7
132,3231,604924.5,3516319.5,2022,1,1,2,2,5,5,1,4,5,2,12,6,4,3,8,16,4,9
137,3240,604951.5,3516304.5,2022,1,1,2,2,5,5,1,4,5,2,12,6,4,3,8,16,4,9
123,3280,605071.5,3516346.5,2022,0,1,2,3,1,0,4,6,2,5,1,9,2,15,9,11,0,1
141,3304,605143.5,3516292.5,2022,0,0,1,0,3,3,2,1,0,6,6,10,13,6,9,15,10,6
127,3330,605221.5,3516334.5,2022,0,0,1,0,3,0,4,6,2,5,1,1,2,6,9,11,10,6
171,0,595231.5,3516202.5,2022,0,1,2,3,1,2,6,9,8,1,10,13,5,10,14,9,9,14
179,59,595408.5,3516178.5,2022,1,1,2,2,5,2,6,9,8,1,10,13,5,10,14,9,9,14
158,89,595498.5,3516241.5,2022,0,0,2,3,1,2,6,9,8,1,10,13,5,10,14,9,9,14
162,105,595546.5,3516229.5,2022,0,0,2,3,1,2,6,9,8,1,10,13,5,10,14,9,9,14
170,140,595651.5,3516205.5,2022,0,0,2,3,1,2,6,9,8,1,10,13,5,10,14,9,9,14
155,159,595708.5,3516250.5,2022,0,0,2,3,1,2,6,9,8,1,10,13,5,10,14,9,9,14
171,185,595786.5,3516202.5,2022,0,0,2,3,1,2,6,9,8,1,10,13,5,10,14,9,9,14
172,216,595879.5,3516199.5,2022,0,0,2,3,1,2,6,9,8,1,10,13,5,10,14,9,9,14
153,247,595972.5,3516256.5,2022,0,1,3,4,3,0,4,2,4,10,4,2,0,14,9,11,14,7
179,289,596098.5,3516178.5,2022,0,0,1,3,1,2,7,0,3,4,9,8,9,0,6,8,15,12
154,308,596155.5,3516253.5,2022,0,0,2,3,1,2,6,9,8,1,10,13,0,14,6,1,0,1
151,332,596227.5,3516262.5,2022,0,1,2,3,1,0,4,6,2,5,1,1,0,14,9,11,0,1
153,382,596377.5,3516256.5,2022,0,1,2,3,1,2,6,9,8,1,10,13,5,10,14,9,9,14
171,394,596413.5,3516202.5,2022,0,0,2,3,1,2,6,9,8,1,10,13,5,10,14,9,9,14
156,430,596521.5,3516247.5,2022,1,1,2,2,5,2,6,9,8,1,10,13,0,10,7,1,9,14
175,472,596647.5,3516190.5,2022,1,1,2,2,5,2,6,9,8,1,10,13,5,10,14,9,9,14
156,493,596710.5,3516247.5,2022,0,0,2,3,1,2,6,9,8,1,10,13,5,10,14,9,9,14
157,517,596782.5,3516244.5,2022,0,0,2,3,1,2,6,9,8,1,10,13,5,10,14,9,9,14
178,546,596869.5,3516181.5,2022,0,1,2,3,1,2,6,9,8,1,10,13,5,10,14,9,9,14
170,597,597022.5,3516205.5,2022,0,0,2,3,1,2,6,9,8,1,10,13,5,10,14,9,9,14
175,603,597040.5,3516190.5,2022,0,1,2,3,1,2,6,9,8,1,10,13,5,10,14,9,9,14
173,659,597208.5,3516196.5,2022,0,0,1,3,1,2,7,0,2,5,1,9,2,0,6,8,15,12
169,673,597250.5,3516208.5,2022,0,0,1,3,1,7,7,0,3,4,9,8,9,0,6,8,15,12
153,712,597367.5,3516256.5,2022,0,1,2,3,1,2,6,9,8,1,10,13,0,14,7,1,16,4
178,723,597400.5,3516181.5,2022,0,0,1,3,1,2,7,0,3,4,9,8,9,0,6,8,15,12
153,763,597520.5,3516256.5,2022,0,0,1,3,1,2,6,9,8,1,10,13,5,0,6,8,15,12
158,789,597598.5,3516241.5,2022,0,0,1,3,1,2,7,0,8,4,9,8,9,0,6,8,15,12
166,836,597739.5,3516217.5,2022,0,0,1,3,1,7,7,0,3,4,9,8,9,0,6,8,15,12
170,864,597823.5,3516205.5,2022,0,0,1,3,6,7,7,0,3,4,9,8,9,0,2,0,15,17
168,888,597895.5,3516211.5,2022,0,0,1,0,6,7,7,0,3,4,9,8,9,8,2,0,11,17
178,916,597979.5,3516181.5,2022,0,0,1,3,6,7,7,0,3,4,9,8,9,8,2,0,15,17
151,935,598036.5,3516262.5,2022,0,0,1,3,6,7,7,0,3,4,9,8,9,0,2,8,15,12
169,962,598117.5,3516208.5,2022,0,0,1,3,1,7,7,0,3,4,9,8,9,0,6,8,15,12
174,994,598213.5,3516193.5,2022,0,0,1,3,1,7,7,0,3,4,9,8,9,0,6,8,15,12
156,1035,598336.5,3516247.5,2022,0,0,1,3,1,7,7,0,3,4,9,8,9,0,6,8,15,12
156,1072,598447.5,3516247.5,2022,0,0,1,3,1,7,7,0,3,4,9,8,9,0,6,8,15,12
168,1108,598555.5,3516211.5,2022,0,0,1,0,6,7,7,0,3,4,9,8,9,8,2,0,11,17
176,1134,598633.5,3516187.5,2022,0,0,1,3,1,7,7,0,3,4,9,8,9,0,6,8,15,12
160,1152,598687.5,3516235.5,2022,0,0,1,3,6,7,7,0,3,4,9,8,9,0,2,0,15,17
165,1184,598783.5,3516220.5,2022,2,3,1,0,3,0,5,1,0,6,6,10,1,5,5,15,10,6
177,1203,598840.5,3516184.5,2022,0,0,1,0,3,0,4,6,2,5,1,9,2,15,9,11,10,6
164,1250,598981.5,3516223.5,2022,0,0,1,3,1,0,4,6,2,5,1,9,2,15,9,11,0,1
157,1262,599017.5,3516244.5,2022,0,0,1,0,6,7,7,0,2,5,1,1,13,6,9,11,0,6
162,1305,599146.5,3516229.5,2022,0,0,1,0,6,7,7,0,3,4,5,8,9,8,2,11,11,6
170,1327,599212.5,3516205.5,2022,0,0,1,3,6,7,7,0,2,5,1,8,2,0,9,11,0,6
165,1361,599314.5,3516220.5,2022,0,0,1,0,6,7,7,0,3,4,9,8,9,8,2,0,11,17
169,1393,599410.5,3516208.5,2022,0,0,1,3,6,7,7,0,3,4,9,8,9,0,2,0,15,12
169,1413,599470.5,3516208.5,2022,0,0,1,0,6,7,7,0,3,4,9,8,9,8,2,0,11,17
171,1468,599635.5,3516202.5,2022,0,0,1,3,1,7,7,0,3,4,9,8,9,0,6,8,15,12
159,1486,599689.5,3516238.5,2022,0,0,1,3,1,7,7,0,3,4,9,8,9,0,6,8,15,12
158,1528,599815.5,3516241.5,2022,0,0,1,3,1,7,7,0,3,4,9,8,9,0,6,8,15,12
159,1544,599863.5,3516238.5,2022,0,0,1,0,6,3,2,6,2,5,1,3,2,13,9,11,10,6
163,1573,599950.5,3516226.5,2022,0,0,1,3,6,7,7,0,2,5,1,9,2,0,9,11,0,6
166,1612,600067.5,3516217.5,2022,2,3,0,1,0,3,5,1,0,6,6,10,1,5,5,15,6,19
150,1626,600109.5,3516265.5,2022,0,0,1,3,3,0,4,6,2,5,1,1,13,6,9,11,0,1
167,1667,600232.5,3516214.5,2022,1,1,3,4,3,0,4,2,4,10,4,2,14,2,12,6,14,7
174,1697,600322.5,3516193.5,2022,2,0,1,0,6,3,2,7,10,0,5,3,12,13,13,10,7,0
177,1733,600430.5,3516184.5,2022,0,0,1,0,6,7,2,7,3,0,5,3,12,8,2,0,11,17
164,1758,600505.5,3516223.5,2022,0,0,1,0,6,3,2,7,10,0,5,3,12,13,13,10,11,17
173,1798,600625.5,3516196.5,2022,0,0,1,0,6,7,2,7,10,0,5,3,12,13,13,0,11,17
169,1822,600697.5,3516208.5,2022,0,0,1,0,6,3,2,7,10,0,5,3,12,8,2,0,11,17
159,1852,600787.5,3516238.5,2022,0,0,1,0,6,7,7,0,3,4,5,3,12,8,2,0,11,17
167,1883,600880.5,3516214.5,2022,0,0,1,0,6,7,7,0,3,4,9,8,9,8,2,0,11,17
171,1911,600964.5,3516202.5,2022,0,0,1,0,6,7,7,0,3,4,9,8,9,8,2,0,11,17
156,1932,601027.5,3516247.5,2022,0,0,1,3,6,7,7,0,3,4,9,8,9,0,6,11,15,12
155,1965,601126.5,3516250.5,2022,2,0,1,0,6,3,2,7,10,0,5,3,12,13,13,10,7,0
177,1990,601201.5,3516184.5,2022,0,0,1,0,6,7,2,7,10,0,5,3,12,8,2,0,11,17
179,2037,601342.5,3516178.5,2022,2,3,0,0,3,3,5,1,0,6,6,10,1,13,13,10,7,0
159,2047,601372.5,3516238.5,2022,0,0,1,0,6,3,2,7,10,0,5,1,13,6,9,11,10,6
163,2093,601510.5,3516226.5,2022,2,3,0,1,0,3,5,1,0,6,6,10,1,5,5,10,7,0
176,2104,601543.5,3516187.5,2022,0,0,1,0,6,3,2,7,10,0,5,3,12,13,13,10,7,0
164,2136,601639.5,3516223.5,2022,0,0,1,0,6,3,2,7,10,0,5,3,12,13,13,10,7,0
166,2184,601783.5,3516217.5,2022,0,0,1,0,6,7,2,7,10,0,5,3,12,8,2,0,11,17
164,2201,601834.5,3516223.5,2022,2,3,0,0,6,3,2,7,10,0,5,3,12,13,13,10,7,0
174,2228,601915.5,3516193.5,2022,0,0,1,3,6,7,7,0,3,4,9,8,9,0,2,0,15,12
179,2259,602008.5,3516178.5,2022,2,3,3,4,3,0,5,1,0,6,6,10,1,5,5,15,10,19
150,2284,602083.5,3516265.5,2022,0,0,1,0,3,0,4,6,2,5,1,1,13,6,9,11,10,6
161,2314,602173.5,3516232.5,2022,0,0,1,0,6,7,2,7,10,0,5,1,13,6,9,11,11,6
153,2345,602266.5,3516256.5,2022,0,0,1,0,3,0,4,6,2,5,1,9,2,15,9,11,10,6
166,2377,602362.5,3516217.5,2022,2,3,0,1,0,4,0,8,7,8,8,0,7,11,16,12,6,5
161,2413,602470.5,3516232.5,2022,1,1,3,4,2,5,1,2,4,10,4,2,14,2,12,6,18,11
162,2454,602593.5,3516229.5,2022,0,0,1,0,3,0,4,6,2,5,1,1,13,6,9,11,10,6
150,2470,602641.5,3516265.5,2022,0,0,1,0,3,7,4,6,2,5,1,9,2,15,9,11,10,6
169,2499,602728.5,3516208.5,2022,2,3,3,4,2,1,8,3,9,11,2,7,11,9,0,14,5,13
165,2522,602797.5,3516220.5,2022,2,3,0,1,0,4,0,8,7,8,8,0,7,11,16,12,6,5
162,2553,602890.5,3516229.5,2022,2,3,0,1,0,4,0,3,9,8,8,7,11,9,0,14,5,13
167,2588,602995.5,3516214.5,2022,2,3,0,1,0,4,0,8,7,8,8,0,7,11,16,3,8,8
174,2616,603079.5,3516193.5,2022,2,3,0,1,0,4,0,8,7,8,8,0,7,11,16,12,8,5
151,2649,603178.5,3516262.5,2022,1,1,3,4,2,1,8,3,9,11,2,7,14,9,0,14,18,11
172,2699,603328.5,3516199.5,2022,1,1,3,4,2,1,8,2,4,10,4,2,14,2,12,6,18,11
167,2721,603394.5,3516214.5,2022,1,1,3,2,5,5,1,2,4,10,4,2,14,2,12,6,18,11
173,2751,603484.5,3516196.5,2022,0,0,1,0,3,0,4,6,2,6,6,10,1,6,9,15,10,6
161,2781,603574.5,3516232.5,2022,2,3,3,4,3,1,5,1,0,6,6,10,1,5,5,15,14,7
174,2805,603646.5,3516193.5,2022,0,0,1,0,6,7,4,6,2,5,1,1,13,6,9,11,10,6
163,2825,603706.5,3516226.5,2022,1,1,3,4,2,1,8,2,4,10,4,2,14,2,12,6,14,7
168,2860,603811.5,3516211.5,2022,1,1,2,2,5,5,1,2,4,10,4,2,0,14,7,1,16,4
178,2908,603955.5,3516181.5,2022,0,0,1,3,3,0,4,6,2,5,1,9,2,15,9,11,10,6
150,2913,603970.5,3516265.5,2022,1,1,3,4,5,5,4,2,4,10,4,2,14,2,12,6,14,7
167,2953,604090.5,3516214.5,2022,1,1,2,2,5,5,1,9,5,2,10,6,0,14,7,1,16,4
175,2999,604228.5,3516190.5,2022,2,3,3,4,2,1,8,3,9,11,2,7,11,9,0,14,5,13
169,3027,604312.5,3516208.5,2022,1,1,3,4,3,0,4,2,4,10,4,2,14,2,12,6,14,7
168,3052,604387.5,3516211.5,2022,1,1,3,2,5,5,1,2,4,10,4,2,14,2,12,6,18,11
154,3061,604414.5,3516253.5,2022,1,1,3,4,2,1,8,3,9,11,2,2,14,2,12,6,14,7
163,3113,604570.5,3516226.5,2022,2,3,3,4,3,1,5,1,0,6,6,10,1,5,5,15,6,19
166,3123,604600.5,3516217.5,2022,1,1,3,4,2,1,8,3,9,11,2,7,14,2,0,14,18,11
153,3175,604756.5,3516256.5,2022,1,1,3,4,2,5,1,2,4,10,4,2,14,2,12,6,18,11
168,3194,604813.5,3516211.5,2022,1,1,3,2,2,5,1,2,4,10,4,2,14,2,12,6,18,11
173,3237,604942.5,3516196.5,2022,1,1,2,2,5,5,1,4,5,2,12,6,4,3,8,16,4,9
156,3258,605005.5,3516247.5,2022,2,3,0,1,0,3,5,1,0,6,6,10,1,5,5,15,6,19
177,3274,605053.5,3516184.5,2022,0,1,1,4,3,0,4,6,2,5,1,9,2,15,9,11,10,6
173,3328,605215.5,3516196.5,2022,2,3,0,1,0,4,0,8,7,7,11,11,8,1,13,10,7,0
173,3330,605221.5,3516196.5,2022,2,3,0,1,0,4,5,1,0,6,6,10,1,5,5,12,6,5
195,3,595240.5,3516130.5,2022,0,1,2,3,1,2,6,9,8,1,10,13,5,10,14,9,9,14
182,58,595405.5,3516169.5,2022,1,1,2,2,5,2,6,9,8,1,10,13,5,10,14,9,9,14
189,61,595414.5,3516148.5,2022,0,1,2,3,1,2,6,9,8,1,10,13,5,10,14,9,9,14
193,104,595543.5,3516136.5,2022,0,1,2,3,1,2,6,9,8,1,10,13,5,10,14,9,9,14
197,123,595600.5,3516124.5,2022,0,1,2,3,1,2,6,9,8,1,10,13,5,10,14,9,9,14
203,164,595723.5,3516106.5,2022,1,1,2,2,5,2,6,9,8,1,10,13,5,10,14,9,9,14
190,185,595786.5,3516145.5,2022,0,1,2,3,1,2,6,9,8,1,10,13,5,10,14,9,9,14
182,234,595933.5,3516169.5,2022,0,0,2,3,1,2,6,9,8,1,10,13,5,10,14,9,9,14
180,256,595999.5,3516175.5,2022,0,0,1,3,1,2,6,9,8,1,10,13,5,0,6,8,15,12
209,271,596044.5,3516088.5,2022,0,0,1,3,1,7,7,0,3,4,9,8,9,0,6,8,0,1
195,303,596140.5,3516130.5,2022,0,0,1,3,1,2,6,9,8,1,10,13,5,10,14,8,9,14
190,358,596305.5,3516145.5,2022,0,0,2,3,1,2,6,9,8,1,10,13,5,10,14,9,9,14
208,366,596329.5,3516091.5,2022,0,1,2,3,1,2,6,9,8,1,10,13,5,10,14,9,9,14
197,412,596467.5,3516124.5,2022,0,0,2,3,1,2,6,9,8,1,10,13,5,10,14,9,9,14
199,434,596533.5,3516118.5,2022,0,0,2,3,1,2,6,9,8,1,10,13,5,10,14,9,9,14
199,458,596605.5,3516118.5,2022,0,1,2,3,1,2,6,9,8,1,10,13,5,10,14,9,9,14
191,503,596740.5,3516142.5,2022,0,0,2,3,1,2,6,9,8,1,10,13,5,10,14,9,9,14
205,527,596812.5,3516100.5,2022,0,0,2,3,1,2,6,9,8,1,10,13,5,10,14,9,9,14
181,546,596869.5,3516172.5,2022,0,1,2,3,1,2,6,9,8,1,10,13,5,10,14,9,9,14
204,576,596959.5,3516103.5,2022,0,0,2,3,1,2,6,9,8,1,10,13,5,10,14,9,9,14
208,628,597115.5,3516091.5,2022,1,1,2,3,1,2,6,9,8,1,10,13,5,10,14,9,9,14
188,642,597157.5,3516151.5,2022,0,0,2,3,1,2,6,9,8,1,10,13,5,10,14,9,9,14
190,675,597256.5,3516145.5,2022,0,0,1,3,1,2,7,0,3,4,9,8,9,0,6,8,15,12
188,706,597349.5,3516151.5,2022,0,0,1,3,1,7,7,0,3,4,9,8,9,0,6,8,15,12
206,746,597469.5,3516097.5,2022,0,0,2,3,1,2,6,9,8,1,10,13,5,0,6,8,9,12
190,751,597484.5,3516145.5,2022,0,0,1,3,1,7,7,0,2,5,1,8,9,0,6,11,0,1
197,792,597607.5,3516124.5,2022,0,0,2,3,1,2,6,9,8,1,10,13,5,0,6,8,9,1
208,812,597667.5,3516091.5,2022,0,0,1,3,1,7,7,0,3,4,9,8,9,0,6,8,15,12
202,864,597823.5,3516109.5,2022,0,0,1,0,6,7,7,0,3,4,9,8,9,8,2,0,11,17
194,887,597892.5,3516133.5,2022,0,0,1,0,6,7,7,0,3,4,9,8,9,8,2,0,11,17
202,921,597994.5,3516109.5,2022,0,0,1,3,1,7,7,0,3,4,9,8,9,0,6,8,15,12
205,936,598039.5,3516100.5,2022,0,0,1,3,1,7,7,0,3,4,9,8,9,0,6,8,15,12
201,972,598147.5,3516112.5,2022,0,0,1,3,1,7,7,0,3,4,9,8,9,0,6,8,15,12
193,1007,598252.5,3516136.5,2022,0,0,1,3,6,7,7,0,3,4,9,8,9,0,2,0,15,12
205,1046,598369.5,3516100.5,2022,0,0,1,3,6,7,7,0,3,4,9,8,9,0,6,8,15,12
199,1074,598453.5,3516118.5,2022,0,0,1,3,1,7,7,0,3,4,9,8,9,0,6,8,15,12
204,1100,598531.5,3516103.5,2022,1,0,2,3,1,2,4,6,2,5,1,9,2,15,15,7,13,10
199,1124,598603.5,3516118.5,2022,0,0,1,0,6,7,7,0,3,4,9,1,13,6,9,11,0,1
209,1158,598705.5,3516088.5,2022,0,0,1,0,6,7,7,0,3,4,9,8,9,0,2,11,0,1
183,1194,598813.5,3516166.5,2022,2,3,1,4,3,0,4,6,1,9,0,10,1,12,1,15,10,6
190,1214,598873.5,3516145.5,2022,0,0,2,3,1,2,6,9,8,1,10,13,5,10,15,7,13,10
186,1252,598987.5,3516157.5,2022,0,0,1,0,6,7,2,7,10,0,5,3,12,8,2,0,11,17
187,1279,599068.5,3516154.5,2022,0,0,1,0,6,7,7,0,3,4,9,8,9,8,2,0,11,17
195,1304,599143.5,3516130.5,2022,0,0,1,0,6,7,7,0,3,4,9,8,9,8,2,0,11,17
190,1333,599230.5,3516145.5,2022,0,0,1,3,1,7,7,0,3,4,9,8,9,0,2,0,15,12
201,1374,599353.5,3516112.5,2022,2,3,0,0,6,3,2,7,10,0,5,3,12,13,13,17,7,16
207,1392,599407.5,3516094.5,2022,0,0,1,3,6,7,7,0,3,4,9,8,9,0,2,0,15,12
190,1419,599488.5,3516145.5,2022,0,0,1,3,1,7,7,0,3,4,9,8,9,0,6,8,15,12
181,1469,599638.5,3516172.5,2022,0,0,1,3,6,7,7,0,3,4,9,8,9,0,2,0,15,17
180,1489,599698.5,3516175.5,2022,0,0,1,0,6,7,7,0,3,4,9,8,9,8,2,0,11,17
189,1528,599815.5,3516148.5,2022,0,0,1,3,1,7,7,0,3,4,9,8,9,0,6,8,15,12
198,1557,599902.5,3516121.5,2022,0,0,1,0,6,7,7,0,3,4,9,8,9,8,2,11,0,17
196,1560,599911.5,3516127.5,2022,0,0,1,0,6,7,7,0,3,4,9,8,9,8,2,0,11,17
205,1618,600085.5,3516100.5,2022,0,0,1,3,1,7,7,0,3,4,9,8,9,0,6,8,15,12
191,1628,600115.5,3516142.5,2022,0,0,1,3,1,7,7,0,2,5,1,8,9,0,6,11,0,12
199,1669,600238.5,3516118.5,2022,0,0,1,3,1,7,7,0,2,5,1,8,9,0,9,11,0,6
202,1690,600301.5,3516109.5,2022,2,3,0,0,6,3,2,7,10,0,5,3,12,13,13,10,7,0
189,1734,600433.5,3516148.5,2022,0,0,1,0,6,3,2,7,10,0,5,3,12,13,13,10,11,0
195,1756,600499.5,3516130.5,2022,2,3,0,0,6,3,2,7,10,0,5,3,12,13,13,10,7,0
198,1772,600547.5,3516121.5,2022,0,0,1,0,6,7,2,7,10,0,5,3,12,8,2,0,11,17
189,1829,600718.5,3516148.5,2022,0,0,1,0,6,7,7,7,3,0,5,3,12,8,2,0,11,17
204,1837,600742.5,3516103.5,2022,2,0,1,0,6,3,2,7,10,0,5,3,12,13,13,10,7,0
203,1873,600850.5,3516106.5,2022,0,0,1,0,6,7,7,0,3,4,5,3,12,8,2,0,11,17
200,1919,600988.5,3516115.5,2022,0,0,1,0,6,7,2,7,3,0,5,3,12,8,2,0,11,17
188,1939,601048.5,3516151.5,2022,2,3,0,0,6,3,2,7,10,0,5,3,12,13,13,10,7,0
182,1955,601096.5,3516169.5,2022,0,0,1,0,6,3,2,7,10,0,5,3,12,13,9,11,10,6
198,2006,601249.5,3516121.5,2022,0,0,1,0,3,0,4,6,2,6,6,10,1,6,9,15,10,6
208,2013,601270.5,3516091.5,2022,0,0,1,0,6,7,7,0,3,4,5,3,9,8,2,0,11,6
184,2054,601393.5,3516163.5,2022,0,0,1,0,6,7,2,7,10,0,5,3,12,13,13,0,11,6
194,2082,601477.5,3516133.5,2022,0,0,1,0,6,3,2,7,10,0,5,3,12,13,13,10,7,0
194,2111,601564.5,3516133.5,2022,0,0,1,0,6,7,7,0,3,4,9,8,9,8,2,0,11,17
182,2153,601690.5,3516169.5,2022,2,3,0,0,6,3,2,7,10,0,5,3,12,13,13,10,7,0
194,2178,601765.5,3516133.5,2022,2,0,0,0,6,3,2,7,10,0,5,3,12,13,13,10,7,0
181,2199,601828.5,3516172.5,2022,0,0,1,0,6,7,2,7,10,0,5,3,12,13,13,10,11,17
203,2221,601894.5,3516106.5,2022,2,3,0,1,0,4,0,8,7,7,11,0,7,11,16,10,7,0
185,2274,602053.5,3516160.5,2022,2,3,0,1,0,4,0,8,7,8,8,0,7,11,16,3,8,8
192,2285,602086.5,3516139.5,2022,2,3,0,1,0,4,0,8,7,8,8,0,7,11,16,12,6,5
184,2321,602194.5,3516163.5,2022,2,3,3,4,2,1,8,3,9,11,2,7,11,9,0,14,5,13
189,2369,602338.5,3516148.5,2022,2,3,0,1,0,4,0,8,7,8,8,0,7,11,16,3,8,8
198,2371,602344.5,3516121.5,2022,2,3,0,1,0,4,0,8,7,8,8,0,7,11,16,12,6,5
204,2406,602449.5,3516103.5,2022,1,1,3,4,2,1,8,2,4,10,4,2,14,2,12,6,14,7
206,2451,602584.5,3516097.5,2022,1,1,3,4,3,0,4,6,2,5,1,9,2,15,9,15,10,6
199,2477,602662.5,3516118.5,2022,2,3,3,4,3,0,5,1,0,6,6,10,1,5,5,15,10,19
199,2491,602704.5,3516118.5,2022,2,3,0,4,3,4,5,1,0,6,6,10,1,5,5,12,6,19
201,2549,602878.5,3516112.5,2022,2,3,0,1,0,4,0,3,7,8,8,7,11,9,0,12,6,5
198,2571,602944.5,3516121.5,2022,1,2,4,5,4,6,3,5,6,3,7,12,6,7,11,2,3,15
198,2599,603028.5,3516121.5,2022,1,2,4,5,4,6,3,5,6,3,7,12,6,7,11,2,3,15
182,2627,603112.5,3516169.5,2022,2,3,0,1,0,4,0,8,7,8,8,0,7,11,16,3,8,8
204,2650,603181.5,3516103.5,2022,2,3,3,4,2,1,8,3,9,11,2,7,11,9,0,14,5,13
207,2696,603319.5,3516094.5,2022,2,3,0,1,0,4,0,8,7,8,11,10,1,13,13,10,7,0
200,2710,603361.5,3516115.5,2022,2,3,3,4,3,1,5,1,0,6,6,10,1,5,5,12,6,19
198,2732,603427.5,3516121.5,2022,2,3,0,4,0,4,5,1,0,6,6,10,1,5,5,12,6,5
205,2774,603553.5,3516100.5,2022,2,3,0,1,0,4,0,8,7,8,8,0,7,11,16,12,6,5
187,2802,603637.5,3516154.5,2022,2,3,0,0,6,3,2,7,10,0,5,3,12,13,13,10,7,0
193,2833,603730.5,3516136.5,2022,1,1,2,2,5,5,1,4,5,2,12,6,0,14,7,1,13,10
203,2857,603802.5,3516106.5,2022,1,1,3,2,5,5,1,2,4,10,4,2,14,2,12,6,18,11
193,2901,603934.5,3516136.5,2022,1,1,2,2,5,5,1,4,5,2,12,6,4,14,7,1,16,4
180,2935,604036.5,3516175.5,2022,1,1,2,2,5,5,1,2,4,10,4,2,0,14,7,1,18,4
209,2946,604069.5,3516088.5,2022,2,3,0,0,6,3,2,7,10,0,5,3,12,13,13,10,7,0
197,2988,604195.5,3516124.5,2022,1,1,3,2,5,5,1,4,5,2,12,6,4,3,8,16,18,11
202,3019,604288.5,3516109.5,2022,2,3,3,4,2,1,8,3,9,11,2,7,11,9,0,14,5,13
192,3050,604381.5,3516139.5,2022,2,3,3,4,2,1,8,3,9,11,2,7,11,9,0,14,5,13
207,3071,604444.5,3516094.5,2022,2,3,3,4,2,1,8,3,9,11,2,7,11,9,0,14,5,13
208,3116,604579.5,3516091.5,2022,1,1,3,4,2,1,8,3,9,11,2,2,14,2,12,6,18,11
196,3125,604606.5,3516127.5,2022,2,3,0,1,0,4,0,8,7,8,8,0,7,11,16,3,8,8
200,3167,604732.5,3516115.5,2022,1,1,3,4,2,1,8,3,9,11,2,7,14,2,0,14,18,11
191,3207,604852.5,3516142.5,2022,1,1,2,2,5,5,1,4,5,2,12,6,4,3,8,16,4,9
183,3229,604918.5,3516166.5,2022,1,1,3,2,5,5,1,4,5,2,12,6,4,3,8,16,18,11
190,3258,605005.5,3516145.5,2022,2,3,3,4,2,1,8,3,9,11,2,7,14,2,0,6,14,7
184,3285,605086.5,3516163.5,2022,0,0,1,0,6,3,2,7,10,0,5,3,12,13,13,10,10,6
191,3323,605200.5,3516142.5,2022,2,3,3,4,3,0,5,1,0,6,6,10,1,5,5,15,10,19
182,3332,605227.5,3516169.5,2022,2,3,3,4,3,0,4,6,2,6,6,10,1,5,9,15,10,19
224,26,595309.5,3516043.5,2022,0,0,2,3,1,2,6,9,8,1,10,13,5,0,6,8,9,12
233,59,595408.5,3516016.5,2022,0,0,2,3,1,2,6,9,8,1,10,13,5,10,14,9,9,14
217,65,595426.5,3516064.5,2022,1,1,2,2,5,2,6,9,8,1,10,13,5,10,7,9,9,14
210,115,595576.5,3516085.5,2022,1,1,2,2,1,2,6,9,8,1,10,13,5,10,14,9,9,14
224,131,595624.5,3516043.5,2022,1,1,2,2,5,2,6,9,8,1,10,13,5,10,14,9,9,14
227,158,595705.5,3516034.5,2022,1,1,2,2,5,2,6,9,8,1,10,13,5,10,14,9,9,14
217,198,595825.5,3516064.5,2022,1,1,2,2,5,2,6,9,8,1,10,13,5,10,14,9,9,14
234,220,595891.5,3516013.5,2022,1,1,2,2,5,2,6,9,8,1,10,13,5,10,14,9,9,14
225,268,596035.5,3516040.5,2022,0,1,2,3,1,2,6,9,8,1,10,13,0,14,7,1,16,1
226,297,596122.5,3516037.5,2022,0,0,1,3,1,7,7,0,2,5,1,1,13,0,6,11,0,1
228,310,596161.5,3516031.5,2022,0,0,1,3,1,2,7,0,3,4,9,8,9,0,6,8,0,1
232,344,596263.5,3516019.5,2022,0,0,2,3,1,2,6,9,8,1,10,13,5,0,6,8,9,1
220,369,596338.5,3516055.5,2022,0,0,1,3,1,2,6,9,8,1,10,13,5,0,6,8,15,12
238,405,596446.5,3516001.5,2022,0,0,2,3,1,2,6,9,8,1,10,13,5,10,14,9,9,14
222,434,596533.5,3516049.5,2022,0,0,2,3,1,2,6,9,8,1,10,13,5,10,14,9,9,14
223,477,596662.5,3516046.5,2022,0,0,2,3,1,2,6,9,8,1,10,13,5,10,14,9,9,14
212,491,596704.5,3516079.5,2022,0,0,2,3,1,2,6,9,8,1,10,13,5,10,14,9,9,14
232,524,596803.5,3516019.5,2022,0,0,2,3,1,2,6,9,8,1,10,13,5,10,14,9,9,14
229,562,596917.5,3516028.5,2022,0,0,2,3,1,2,6,9,8,1,10,13,5,10,14,9,9,14
212,571,596944.5,3516079.5,2022,0,0,1,3,1,2,6,9,8,1,10,13,5,0,6,8,15,12
236,627,597112.5,3516007.5,2022,0,0,2,3,1,2,6,9,8,1,10,13,5,10,14,9,9,14
231,635,597136.5,3516022.5,2022,0,0,1,3,1,2,7,0,8,4,9,8,9,0,6,8,15,12
215,678,597265.5,3516070.5,2022,0,0,1,3,1,7,7,0,3,4,9,8,9,0,6,8,15,12
211,711,597364.5,3516082.5,2022,0,0,1,3,6,7,7,0,3,4,9,8,9,0,6,8,0,1
230,749,597478.5,3516025.5,2022,0,0,1,3,1,7,7,0,3,4,9,8,9,0,6,8,15,12
237,750,597481.5,3516004.5,2022,0,0,1,3,1,7,7,0,3,4,9,8,9,0,6,8,15,1
226,788,597595.5,3516037.5,2022,0,0,1,3,1,7,7,0,3,4,9,8,9,0,6,8,15,12
226,837,597742.5,3516037.5,2022,0,0,1,0,6,7,7,0,3,4,9,8,9,8,2,0,11,17
233,868,597835.5,3516016.5,2022,0,0,1,3,1,7,7,0,3,4,9,8,9,0,2,8,15,12
211,886,597889.5,3516082.5,2022,0,0,1,3,1,7,7,0,3,4,9,8,9,0,2,8,15,12
216,901,597934.5,3516067.5,2022,0,0,1,3,1,7,7,0,3,4,9,8,9,0,6,8,15,12
211,959,598108.5,3516082.5,2022,0,0,1,3,6,7,7,0,3,4,9,8,9,0,6,8,15,12
236,969,598138.5,3516007.5,2022,0,0,1,3,6,7,7,0,3,4,9,8,9,0,2,0,15,17
226,1018,598285.5,3516037.5,2022,0,0,1,0,6,7,7,0,3,4,9,8,9,8,2,0,15,17
226,1033,598330.5,3516037.5,2022,0,0,1,3,6,7,7,0,3,4,9,8,9,0,2,8,15,12
235,1059,598408.5,3516010.5,2022,0,0,1,3,6,7,7,0,3,4,9,8,9,0,6,11,0,1
222,1103,598540.5,3516049.5,2022,0,0,1,3,1,7,7,0,3,4,9,8,9,0,6,8,15,12
235,1135,598636.5,3516010.5,2022,0,0,1,0,6,7,7,0,3,4,9,8,9,8,2,0,11,17
210,1155,598696.5,3516085.5,2022,0,0,1,3,6,7,7,0,3,4,9,8,9,0,6,11,0,1
227,1177,598762.5,3516034.5,2022,0,0,1,3,1,7,7,0,3,4,9,8,9,0,6,8,15,12
234,1224,598903.5,3516013.5,2022,0,0,1,0,6,7,7,0,3,4,9,8,9,8,2,0,11,17
231,1249,598978.5,3516022.5,2022,0,0,1,0,6,7,2,7,10,0,5,3,12,8,2,0,11,17
220,1287,599092.5,3516055.5,2022,0,0,1,0,6,7,2,7,10,0,5,1,13,8,10,17,11,16
217,1292,599107.5,3516064.5,2022,2,3,1,0,6,3,2,7,10,0,5,3,12,8,10,17,12,16
236,1332,599227.5,3516007.5,2022,0,0,1,0,6,7,7,0,3,4,9,8,9,0,2,0,15,17
231,1375,599356.5,3516022.5,2022,0,0,1,0,6,7,2,7,10,0,5,3,12,8,2,0,11,17
215,1391,599404.5,3516070.5,2022,0,0,1,0,6,7,7,0,3,4,9,8,9,8,2,0,11,17
228,1425,599506.5,3516031.5,2022,1,1,2,2,5,5,1,2,4,10,4,2,0,14,7,1,16,4
216,1441,599554.5,3516067.5,2022,0,0,1,0,6,7,7,0,3,4,9,8,9,8,2,0,11,17
229,1471,599644.5,3516028.5,2022,0,1,3,4,3,0,4,6,2,5,1,9,2,15,9,11,10,6
217,1500,599731.5,3516064.5,2022,0,0,1,0,6,3,2,7,10,0,5,3,12,13,13,10,10,6
222,1534,599833.5,3516049.5,2022,0,0,1,3,1,7,7,0,2,5,1,8,9,0,9,11,0,6
232,1589,599998.5,3516019.5,2022,0,0,1,3,6,7,7,0,2,5,1,8,2,0,9,11,0,6
235,1602,600037.5,3516010.5,2022,0,0,1,0,3,0,4,6,2,5,1,1,13,6,9,11,0,1
224,1622,600097.5,3516043.5,2022,0,1,2,3,3,0,4,6,2,5,1,9,2,15,9,11,0,1
215,1657,600202.5,3516070.5,2022,2,3,3,4,3,0,5,1,0,6,6,10,1,5,5,15,14,7
230,1700,600331.5,3516025.5,2022,2,3,0,0,6,3,2,7,10,0,5,3,12,13,13,10,7,0
223,1719,600388.5,3516046.5,2022,2,3,0,0,6,3,2,7,10,0,5,3,12,13,13,10,7,0
236,1742,600457.5,3516007.5,2022,0,0,1,3,3,0,4,6,2,5,1,9,2,15,9,11,10,6
216,1774,600553.5,3516067.5,2022,2,3,0,0,6,3,2,7,10,0,5,3,12,13,13,10,7,0
216,1811,600664.5,3516067.5,2022,0,0,1,0,6,3,2,7,10,0,5,3,12,13,13,10,11,0
235,1844,600763.5,3516010.5,2022,2,3,0,0,6,3,2,7,10,0,5,3,12,13,13,10,7,0
225,1865,600826.5,3516040.5,2022,0,0,1,0,6,7,2,7,10,0,5,3,12,8,2,0,11,17
215,1890,600901.5,3516070.5,2022,0,0,1,0,6,7,2,7,10,0,5,3,12,8,2,0,11,17
235,1922,600997.5,3516010.5,2022,0,0,1,0,6,3,2,7,10,0,5,3,12,13,13,10,11,0
237,1979,601168.5,3516004.5,2022,0,0,1,0,6,7,2,7,10,0,5,3,12,13,13,0,11,6
237,1982,601177.5,3516004.5,2022,0,0,1,0,6,7,2,7,10,0,5,3,12,13,13,10,10,6
235,2023,601300.5,3516010.5,2022,0,0,1,0,6,3,2,7,10,0,5,3,12,13,13,10,7,0
215,2052,601387.5,3516070.5,2022,0,0,1,0,6,3,2,7,10,0,5,3,12,13,13,10,7,0
236,2085,601486.5,3516007.5,2022,0,0,1,0,6,3,2,7,10,0,5,3,12,13,13,10,11,0
212,2123,601600.5,3516079.5,2022,0,0,1,0,6,3,2,7,10,0,5,3,12,13,13,10,7,0
222,2146,601669.5,3516049.5,2022,0,0,1,0,6,3,2,7,10,0,5,3,12,13,13,10,7,0
215,2161,601714.5,3516070.5,2022,0,0,1,0,6,7,2,7,10,0,5,3,12,13,13,0,11,17
234,2216,601879.5,3516013.5,2022,2,3,0,1,0,4,5,1,0,6,6,10,1,5,5,12,6,5
224,2244,601963.5,3516043.5,2022,1,1,2,2,5,5,1,2,4,10,4,6,0,14,7,1,16,4
236,2278,602065.5,3516007.5,2022,2,3,0,1,0,4,0,8,7,8,8,0,7,11,16,10,7,0
220,2295,602116.5,3516055.5,2022,1,1,3,4,2,1,8,2,4,10,2,2,14,2,12,6,14,7
234,2328,602215.5,3516013.5,2022,0,0,2,3,1,0,4,6,2,5,1,9,2,15,15,7,13,10
210,2368,602335.5,3516085.5,2022,1,1,2,3,1,0,4,6,1,9,1,9,2,15,15,7,13,10
219,2381,602374.5,3516058.5,2022,0,0,1,0,3,0,4,6,2,5,1,9,2,15,9,15,10,6
214,2402,602437.5,3516073.5,2022,1,1,2,3,3,0,4,6,2,5,1,9,2,15,15,7,13,10
221,2453,602590.5,3516052.5,2022,1,1,3,4,2,1,8,3,9,11,2,7,11,9,0,14,5,13
219,2483,602680.5,3516058.5,2022,2,3,3,4,3,0,5,1,0,6,6,1,13,6,9,15,10,19
236,2496,602719.5,3516007.5,2022,0,0,1,4,3,0,4,6,2,5,1,9,2,15,9,7,10,6
238,2543,602860.5,3516001.5,2022,0,0,2,3,1,0,4,6,2,5,1,9,2,15,15,7,13,10
210,2551,602884.5,3516085.5,2022,2,3,0,4,3,0,5,1,0,6,6,10,1,5,5,12,6,19
217,2597,603022.5,3516064.5,2022,2,3,0,1,0,4,5,1,0,6,6,10,1,5,5,12,6,0
232,2615,603076.5,3516019.5,2022,2,3,0,4,3,0,5,1,0,6,6,10,1,5,5,15,10,19
214,2668,603235.5,3516073.5,2022,2,3,3,4,2,1,8,3,9,11,2,7,11,9,0,14,5,13
222,2681,603274.5,3516049.5,2022,2,3,3,4,2,1,8,3,9,11,2,7,11,9,0,14,5,13
221,2713,603370.5,3516052.5,2022,2,3,0,0,3,0,5,1,0,6,6,10,1,5,5,15,10,19
214,2735,603436.5,3516073.5,2022,2,3,3,4,2,1,8,3,9,11,2,7,11,9,0,14,5,13
219,2766,603529.5,3516058.5,2022,2,3,0,1,0,4,0,3,9,8,8,7,11,9,0,14,5,13
218,2793,603610.5,3516061.5,2022,2,3,0,1,0,4,0,8,7,8,8,0,7,11,16,12,8,5
217,2828,603715.5,3516064.5,2022,2,3,3,4,2,1,8,3,9,11,2,7,11,9,0,14,5,13
212,2852,603787.5,3516079.5,2022,2,3,0,0,3,3,5,1,0,6,6,10,1,5,5,15,10,19
225,2901,603934.5,3516040.5,2022,2,3,0,1,0,4,5,1,0,6,6,10,1,5,5,12,6,19
234,2929,604018.5,3516013.5,2022,2,3,0,1,0,4,0,8,7,8,8,0,7,11,16,3,7,5
229,2942,604057.5,3516028.5,2022,2,3,3,4,2,1,8,3,9,11,2,7,11,9,0,14,5,13
226,2982,604177.5,3516037.5,2022,1,1,3,4,2,1,8,3,9,11,2,7,14,2,12,6,18,11
235,3006,604249.5,3516010.5,2022,2,3,0,1,0,4,0,8,7,8,8,0,7,11,16,12,6,5
220,3032,604327.5,3516055.5,2022,2,3,3,4,2,1,8,3,9,11,2,7,11,9,0,14,5,13
210,3082,604477.5,3516085.5,2022,2,3,3,4,2,1,8,3,9,11,2,7,11,9,0,14,5,13
223,3102,604537.5,3516046.5,2022,2,3,0,1,0,4,0,8,7,8,8,0,7,11,16,12,6,5
215,3129,604618.5,3516070.5,2022,2,3,3,4,3,1,5,1,0,6,6,10,1,5,5,12,6,19
213,3167,604732.5,3516076.5,2022,1,1,3,2,2,5,1,2,4,10,4,2,14,2,12,6,18,11
231,3205,604846.5,3516022.5,2022,1,1,3,4,3,0,4,6,1,10,4,2,14,2,12,6,14,7
230,3232,604927.5,3516025.5,2022,1,1,3,4,3,0,4,6,1,9,0,5,10,12,1,15,10,7
211,3261,605014.5,3516082.5,2022,1,1,3,4,2,1,8,2,4,10,4,2,14,2,12,6,18,11
238,3277,605062.5,3516001.5,2022,2,3,0,4,3,1,5,1,0,6,6,10,1,5,5,15,6,19
228,3309,605158.5,3516031.5,2022,2,3,0,4,3,3,5,1,0,6,6,10,1,5,5,15,6,19
212,3333,605230.5,3516079.5,2022,1,1,3,4,3,0,4,2,4,10,4,2,13,6,9,15,14,7
247,20,595291.5,3515974.5,2022,0,0,2,3,1,2,6,9,8,1,10,13,5,10,14,9,9,14
265,41,595354.5,3515920.5,2022,0,0,2,3,1,2,6,9,8,1,10,13,5,10,14,9,9,14
253,73,595450.5,3515956.5,2022,0,1,2,3,1,2,6,9,8,1,10,13,5,10,14,9,9,14
248,104,595543.5,3515971.5,2022,1,1,2,3,1,2,6,9,8,1,10,13,5,10,14,9,9,14
258,122,595597.5,3515941.5,2022,1,1,2,2,1,2,6,9,8,1,10,13,5,10,14,9,9,14
242,164,595723.5,3515989.5,2022,1,1,2,2,1,2,6,9,8,1,10,13,5,10,14,9,9,14
244,185,595786.5,3515983.5,2022,1,1,2,2,5,2,6,9,8,1,10,13,5,10,14,9,9,14
259,213,595870.5,3515938.5,2022,1,1,2,2,1,2,6,9,8,1,10,13,5,10,14,9,9,14
250,244,595963.5,3515965.5,2022,1,1,2,2,5,2,6,9,8,1,10,13,5,10,14,9,9,14
267,287,596092.5,3515914.5,2022,0,0,2,3,1,2,6,9,8,1,10,13,5,10,14,9,9,14
248,324,596203.5,3515971.5,2022,0,0,1,3,1,2,7,0,3,4,9,8,9,0,6,8,15,12
249,355,596296.5,3515968.5,2022,1,1,2,2,5,5,1,2,4,10,4,13,0,14,7,1,16,4
245,382,596377.5,3515980.5,2022,0,0,2,3,1,2,6,9,8,1,10,13,5,10,14,9,9,14
253,416,596479.5,3515956.5,2022,0,0,2,3,1,2,6,9,8,1,10,13,5,10,14,9,9,14
250,441,596554.5,3515965.5,2022,0,0,2,3,1,2,6,9,8,1,10,13,5,10,14,9,9,14
260,470,596641.5,3515935.5,2022,0,0,1,3,1,7,7,0,2,5,1,8,9,0,6,11,0,1
241,483,596680.5,3515992.5,2022,0,0,2,3,1,2,6,9,8,1,10,13,5,10,14,9,9,14
255,522,596797.5,3515950.5,2022,0,0,2,3,1,2,6,9,8,1,10,13,5,10,14,9,9,14
240,560,596911.5,3515995.5,2022,0,0,2,3,1,2,6,9,8,1,10,13,5,10,14,9,9,14
250,597,597022.5,3515965.5,2022,0,0,1,3,1,7,7,0,3,4,9,8,9,0,6,8,15,12
268,604,597043.5,3515911.5,2022,0,0,1,3,1,2,7,0,3,4,9,8,9,0,6,8,15,12
257,649,597178.5,3515944.5,2022,0,0,1,0,6,7,2,7,10,0,5,1,13,6,10,11,11,6
256,668,597235.5,3515947.5,2022,0,0,1,3,1,7,7,0,3,4,9,8,9,0,6,8,15,12
265,709,597358.5,3515920.5,2022,0,0,1,3,1,7,7,0,3,4,9,8,9,0,6,8,15,12
242,746,597469.5,3515989.5,2022,0,0,1,3,6,7,7,0,3,4,9,8,9,8,2,0,15,17
257,755,597496.5,3515944.5,2022,0,0,1,3,1,2,7,0,2,5,9,8,9,0,6,8,15,12
254,780,597571.5,3515953.5,2022,0,0,1,3,1,7,7,0,3,4,9,8,9,0,6,8,15,12
269,813,597670.5,3515908.5,2022,0,0,1,3,6,7,7,0,3,4,9,8,9,0,6,8,15,12
254,861,597814.5,3515953.5,2022,0,0,1,3,6,7,7,0,3,4,9,8,9,0,2,8,15,12
242,879,597868.5,3515989.5,2022,0,0,1,3,6,7,7,0,3,4,9,8,9,0,2,0,15,17
263,919,597988.5,3515926.5,2022,0,0,1,3,1,7,7,0,3,4,9,8,9,0,6,8,15,12
249,932,598027.5,3515968.5,2022,0,0,1,3,1,7,7,0,3,4,9,8,9,0,6,8,15,12
246,970,598141.5,3515977.5,2022,0,0,1,3,1,7,7,0,3,4,9,8,9,0,6,8,15,12
243,1015,598276.5,3515986.5,2022,0,0,1,3,1,7,7,0,2,5,1,8,9,0,6,8,15,12
250,1035,598336.5,3515965.5,2022,0,0,1,0,6,3,2,7,10,0,5,3,12,13,10,17,12,16
251,1055,598396.5,3515962.5,2022,0,0,1,3,1,2,4,6,2,5,1,9,2,15,15,7,13,10
269,1092,598507.5,3515908.5,2022,0,0,1,3,6,7,7,0,3,4,9,8,9,0,6,8,0,1
253,1110,598561.5,3515956.5,2022,0,0,1,0,3,3,2,7,0,6,6,1,13,6,9,15,10,6
256,1159,598708.5,3515947.5,2022,0,0,1,0,6,7,7,0,3,4,9,8,9,0,2,0,11,17
253,1176,598759.5,3515956.5,2022,0,0,1,3,1,7,7,0,3,4,9,8,9,0,6,8,15,12
269,1217,598882.5,3515908.5,2022,0,0,1,0,3,0,4,6,2,5,1,9,2,15,9,11,10,6
256,1253,598990.5,3515947.5,2022,0,0,1,0,6,7,7,0,3,0,5,1,13,6,9,11,0,6
264,1280,599071.5,3515923.5,2022,0,0,1,0,6,7,2,0,2,0,5,1,13,6,9,11,0,6
262,1315,599176.5,3515929.5,2022,0,0,1,0,6,7,7,0,3,4,9,8,9,8,2,0,11,17
263,1325,599206.5,3515926.5,2022,0,0,1,0,6,7,7,0,3,4,9,3,9,8,2,0,11,17
249,1369,599338.5,3515968.5,2022,0,0,1,0,6,7,7,0,3,4,9,8,9,8,2,0,11,17
256,1393,599410.5,3515947.5,2022,0,0,1,3,6,7,7,0,3,4,9,8,9,0,6,8,15,12
264,1425,599506.5,3515923.5,2022,0,1,3,4,3,0,4,6,2,5,1,9,2,15,9,11,0,6
248,1445,599566.5,3515971.5,2022,0,0,1,0,6,7,7,0,3,4,9,8,9,0,2,0,11,17
249,1492,599707.5,3515968.5,2022,1,1,3,2,5,5,1,2,4,10,4,2,14,2,12,6,18,11
256,1501,599734.5,3515947.5,2022,0,0,1,3,3,0,4,6,2,5,1,1,2,6,9,11,0,1
264,1551,599884.5,3515923.5,2022,0,0,1,3,3,0,4,6,2,5,1,9,2,15,9,11,0,6
264,1563,599920.5,3515923.5,2022,1,1,3,4,3,0,4,2,4,10,4,2,14,2,12,6,14,7
247,1612,600067.5,3515974.5,2022,1,1,3,4,3,0,4,2,4,10,4,2,14,2,12,6,14,7
269,1624,600103.5,3515908.5,2022,0,0,1,0,6,3,2,7,10,0,5,3,12,13,13,10,11,0
241,1679,600268.5,3515992.5,2022,0,0,1,0,6,3,2,7,10,0,5,3,12,13,13,10,7,0
265,1704,600343.5,3515920.5,2022,2,3,0,0,6,3,2,7,10,0,5,3,12,13,13,10,7,0
258,1719,600388.5,3515941.5,2022,0,0,1,0,6,3,2,7,10,0,5,3,12,13,13,10,11,0
269,1747,600472.5,3515908.5,2022,2,3,1,0,6,3,2,7,10,0,5,3,12,13,13,10,7,0
254,1786,600589.5,3515953.5,2022,0,0,1,0,6,3,2,7,10,0,5,3,12,13,13,10,10,6
262,1819,600688.5,3515929.5,2022,2,0,1,0,6,3,2,7,10,0,5,3,12,13,13,10,7,0
252,1859,600808.5,3515959.5,2022,2,3,1,0,6,3,2,7,10,0,5,3,12,13,13,10,7,0
264,1881,600874.5,3515923.5,2022,0,0,1,0,6,3,2,7,10,0,5,3,12,13,13,10,7,0
247,1915,600976.5,3515974.5,2022,0,0,1,0,6,3,2,7,10,0,5,3,12,13,13,10,11,0
246,1933,601030.5,3515977.5,2022,0,0,1,0,6,7,7,7,3,0,5,3,12,8,2,0,11,17
256,1959,601108.5,3515947.5,2022,0,0,1,0,6,7,7,0,3,4,9,8,9,8,2,0,11,17
243,1991,601204.5,3515986.5,2022,0,0,1,0,6,7,4,6,2,5,1,1,13,6,9,11,10,6
244,2014,601273.5,3515983.5,2022,0,0,1,0,6,7,2,7,2,0,5,3,12,13,9,11,10,6
245,2065,601426.5,3515980.5,2022,0,0,1,0,6,7,7,0,3,0,5,3,12,8,2,0,11,17
255,2082,601477.5,3515950.5,2022,0,0,1,0,6,3,2,7,10,0,5,3,12,13,13,10,11,0
249,2105,601546.5,3515968.5,2022,0,0,1,0,6,7,2,7,10,0,5,3,12,8,2,0,11,17
262,2150,601681.5,3515929.5,2022,0,0,1,0,6,7,7,0,3,0,5,3,12,8,2,0,11,17
267,2180,601771.5,3515914.5,2022,0,0,1,0,6,3,2,7,10,0,5,3,12,13,13,10,10,6
248,2210,601861.5,3515971.5,2022,2,3,3,4,3,0,5,1,0,6,6,10,1,5,5,15,10,19
266,2246,601969.5,3515917.5,2022,2,3,3,4,2,1,8,3,9,11,2,7,11,9,0,14,5,13
254,2277,602062.5,3515953.5,2022,2,3,0,1,0,3,5,1,0,6,6,10,1,13,13,10,7,0
245,2288,602095.5,3515980.5,2022,2,3,0,1,0,3,5,1,0,6,6,10,1,5,5,12,6,19
268,2329,602218.5,3515911.5,2022,0,0,1,3,1,2,7,0,3,4,9,8,9,0,6,8,15,12
249,2360,602311.5,3515968.5,2022,0,0,1,0,6,7,7,0,2,5,1,1,2,6,9,11,10,6
241,2394,602413.5,3515992.5,2022,0,0,2,3,1,2,6,9,8,1,1,9,2,15,15,7,13,10
254,2405,602446.5,3515953.5,2022,0,0,1,3,1,2,6,9,8,1,10,8,5,0,6,8,15,12
242,2458,602605.5,3515989.5,2022,1,1,2,2,5,2,4,6,5,2,12,9,2,15,15,7,13,10
267,2466,602629.5,3515914.5,2022,0,0,1,4,3,0,4,6,2,5,1,1,13,6,9,11,10,6
254,2491,602704.5,3515953.5,2022,0,0,1,3,1,7,7,0,3,4,9,8,9,0,6,8,15,12
265,2525,602806.5,3515920.5,2022,0,0,1,3,1,7,7,0,2,4,9,8,2,0,6,8,15,12
263,2566,602929.5,3515926.5,2022,0,0,1,0,3,0,4,6,2,5,1,9,2,15,9,11,10,6
246,2580,602971.5,3515977.5,2022,1,1,2,2,5,5,1,4,5,2,12,6,4,3,8,16,4,9
268,2637,603142.5,3515911.5,2022,1,1,2,2,5,5,1,4,5,2,12,6,4,3,8,16,4,9
259,2663,603220.5,3515938.5,2022,0,0,1,0,3,0,4,6,2,6,6,10,1,6,9,15,10,6
245,2676,603259.5,3515980.5,2022,2,3,3,4,2,1,8,3,9,11,2,7,11,9,0,14,14,7
240,2726,603409.5,3515995.5,2022,1,1,2,2,5,5,1,4,5,2,12,6,4,3,8,16,4,9
265,2755,603496.5,3515920.5,2022,0,0,1,0,6,3,2,7,2,0,5,1,13,6,9,11,10,6
251,2778,603565.5,3515962.5,2022,1,1,2,2,5,5,1,4,5,2,12,6,4,3,8,16,18,11
269,2795,603616.5,3515908.5,2022,2,3,0,1,0,4,5,1,0,6,6,10,1,5,5,12,6,5
258,2835,603736.5,3515941.5,2022,1,1,2,2,5,0,4,6,1,9,0,9,2,15,15,7,13,10
269,2851,603784.5,3515908.5,2022,1,1,3,4,3,0,4,6,1,9,0,5,10,12,1,4,1,2
240,2885,603886.5,3515995.5,2022,1,1,3,4,2,1,8,3,9,11,2,7,14,2,0,14,5,11
266,2934,604033.5,3515917.5,2022,2,3,3,4,2,1,8,3,9,11,2,7,11,9,0,14,5,13
242,2942,604057.5,3515989.5,2022,2,3,0,1,0,4,5,1,0,6,6,10,1,5,5,12,6,19
266,2973,604150.5,3515917.5,2022,1,1,3,4,2,1,8,2,4,10,4,2,14,2,12,6,14,7
241,3021,604294.5,3515992.5,2022,2,3,3,4,2,1,8,3,9,11,2,7,11,9,0,14,5,13
244,3037,604342.5,3515983.5,2022,1,1,2,2,5,5,1,4,5,2,12,6,4,3,8,16,18,9
268,3070,604441.5,3515911.5,2022,1,1,3,4,2,1,8,2,4,10,2,2,14,2,12,6,18,11
255,3105,604546.5,3515950.5,2022,1,1,3,4,2,1,8,2,4,10,4,2,14,2,12,6,14,11
246,3149,604678.5,3515977.5,2022,2,3,0,1,0,4,0,8,7,8,8,0,7,11,16,3,8,8
244,3170,604741.5,3515983.5,2022,2,3,0,1,0,4,5,1,0,6,6,10,1,5,5,12,6,19
250,3186,604789.5,3515965.5,2022,2,3,3,4,3,1,8,1,0,6,6,10,1,5,5,15,14,7
258,3225,604906.5,3515941.5,2022,2,3,3,4,3,0,5,1,0,6,6,10,1,5,5,15,6,19
248,3255,604996.5,3515971.5,2022,1,1,3,4,2,1,8,2,4,10,4,2,14,2,12,6,14,11
254,3297,605122.5,3515953.5,2022,1,1,3,4,2,1,8,2,4,10,4,2,14,2,12,6,14,7
255,3306,605149.5,3515950.5,2022,1,1,3,2,2,1,8,2,4,10,4,2,14,2,12,6,14,11
243,3332,605227.5,3515986.5,2022,1,1,3,2,2,5,1,2,4,10,4,2,14,2,12,6,18,11
296,0,595231.5,3515827.5,2022,0,1,2,3,1,2,6,9,8,1,10,13,5,10,14,9,9,14
293,35,595336.5,3515836.5,2022,1,1,2,3,1,2,6,9,8,1,10,13,5,10,14,9,9,14
291,86,595489.5,3515842.5,2022,0,0,2,3,1,2,6,9,8,1,10,13,5,10,14,9,9,14
299,117,595582.5,3515818.5,2022,0,1,2,3,1,2,6,9,8,1,10,13,5,10,14,9,9,14
274,139,595648.5,3515893.5,2022,0,0,2,3,1,2,6,9,8,1,10,13,5,10,14,9,9,14
276,175,595756.5,3515887.5,2022,0,0,2,3,1,2,6,9,8,1,10,13,5,10,14,9,9,14
272,207,595852.5,3515899.5,2022,0,0,2,3,1,2,6,9,8,1,10,13,5,10,14,9,9,14
273,229,595918.5,3515896.5,2022,0,0,2,3,1,2,6,9,8,1,10,13,5,10,14,9,9,14
286,261,596014.5,3515857.5,2022,0,0,2,3,1,2,6,9,8,1,10,13,5,10,14,9,9,14
275,289,596098.5,3515890.5,2022,0,0,2,3,1,2,6,9,8,1,10,13,5,10,14,9,9,14
290,302,596137.5,3515845.5,2022,0,0,2,3,1,2,6,9,8,1,10,13,5,10,14,9,9,14
273,341,596254.5,3515896.5,2022,0,0,1,3,1,0,4,6,2,5,1,9,2,15,9,11,0,1
271,379,596368.5,3515902.5,2022,0,0,1,3,3,0,4,6,2,5,1,1,13,6,9,11,0,1
283,397,596422.5,3515866.5,2022,0,0,1,3,1,2,6,9,8,1,10,8,5,0,6,8,15,12
277,447,596572.5,3515884.5,2022,0,0,1,0,6,7,2,7,3,0,5,3,12,8,2,0,11,17
290,462,596617.5,3515845.5,2022,0,0,1,3,1,7,7,0,3,4,9,8,9,0,6,8,15,12
283,489,596698.5,3515866.5,2022,0,0,1,3,1,2,6,9,8,1,10,13,5,0,6,8,15,12
289,537,596842.5,3515848.5,2022,0,0,1,3,1,7,7,0,2,5,1,8,9,0,6,11,0,1
286,557,596902.5,3515857.5,2022,0,0,1,0,6,7,7,0,2,5,1,1,9,6,9,11,0,6
294,593,597010.5,3515833.5,2022,0,0,2,3,1,2,6,9,8,1,10,13,5,0,6,8,9,1
297,621,597094.5,3515824.5,2022,0,0,1,3,1,2,6,9,8,1,10,13,5,0,6,8,15,12
282,657,597202.5,3515869.5,2022,0,0,1,3,1,2,6,9,8,1,10,13,5,0,6,8,15,12
271,680,597271.5,3515902.5,2022,0,0,1,3,1,2,6,9,8,1,10,13,5,0,6,8,15,12
297,698,597325.5,3515824.5,2022,0,0,2,3,1,2,6,9,8,1,10,13,5,0,6,8,9,12
279,739,597448.5,3515878.5,2022,0,0,1,3,1,7,7,0,3,4,9,8,9,0,6,8,15,12
283,770,597541.5,3515866.5,2022,0,0,1,3,1,7,7,0,3,4,9,8,9,0,6,8,15,12
276,798,597625.5,3515887.5,2022,0,0,1,3,1,2,7,0,3,4,9,8,9,0,6,8,15,12
285,811,597664.5,3515860.5,2022,0,0,1,3,1,2,6,9,8,1,9,8,5,0,6,8,15,12
288,868,597835.5,3515851.5,2022,0,0,1,3,1,7,7,0,3,4,9,8,9,0,6,8,15,12
281,871,597844.5,3515872.5,2022,0,0,1,0,6,7,7,0,3,4,5,8,9,8,2,0,11,17
294,910,597961.5,3515833.5,2022,0,0,1,3,1,7,7,0,3,4,9,8,9,0,6,8,15,12
274,959,598108.5,3515893.5,2022,0,0,1,0,6,7,7,0,3,4,9,8,9,8,2,0,11,17
281,978,598165.5,3515872.5,2022,0,0,1,3,1,7,7,0,3,4,9,8,9,0,2,8,15,12
295,1018,598285.5,3515830.5,2022,0,0,1,3,1,7,7,0,3,4,9,8,9,0,6,8,15,12
275,1032,598327.5,3515890.5,2022,0,0,1,3,6,7,7,0,3,4,9,8,9,8,2,0,15,17
282,1071,598444.5,3515869.5,2022,0,0,1,0,6,7,7,0,3,4,9,8,9,8,2,0,11,17
276,1086,598489.5,3515887.5,2022,0,0,1,0,6,7,7,0,3,4,9,8,9,8,2,0,15,17
288,1122,598597.5,3515851.5,2022,0,0,1,3,1,7,7,0,3,4,9,8,9,0,6,8,15,12
282,1162,598717.5,3515869.5,2022,1,2,4,5,4,6,3,5,6,3,7,12,6,7,11,2,3,15
277,1191,598804.5,3515884.5,2022,0,0,1,0,6,7,7,0,3,4,9,8,9,0,9,11,0,6
290,1220,598891.5,3515845.5,2022,0,0,1,0,6,3,2,7,10,0,5,3,12,13,10,17,12,16
281,1240,598951.5,3515872.5,2022,2,3,0,0,3,0,5,1,0,6,6,10,1,5,5,15,10,6
277,1260,599011.5,3515884.5,2022,0,0,1,0,6,7,2,7,10,0,5,1,13,6,10,11,11,6
298,1316,599179.5,3515821.5,2022,0,0,1,0,6,7,7,0,2,0,5,3,12,6,9,11,11,6
272,1339,599248.5,3515899.5,2022,0,0,1,3,3,0,4,6,2,5,1,1,13,6,9,11,0,1
280,1363,599320.5,3515875.5,2022,0,0,1,0,6,7,7,0,3,4,9,8,9,0,2,0,15,17
282,1400,599431.5,3515869.5,2022,0,0,1,0,6,7,7,0,2,5,1,1,13,6,9,11,0,6
270,1413,599470.5,3515905.5,2022,0,1,2,3,1,2,4,6,2,5,1,9,2,15,15,7,13,10
288,1455,599596.5,3515851.5,2022,0,0,1,0,6,7,7,0,3,4,5,3,12,8,2,0,11,17
288,1486,599689.5,3515851.5,2022,0,0,1,3,6,7,7,0,3,4,9,8,9,0,6,8,15,12
296,1506,599749.5,3515827.5,2022,0,0,1,3,1,7,7,0,3,4,9,8,9,0,6,8,15,12
276,1549,599878.5,3515887.5,2022,0,0,1,3,6,7,7,0,3,4,9,8,9,0,2,0,15,12
291,1568,599935.5,3515842.5,2022,2,3,0,0,6,3,2,7,10,0,5,3,12,13,13,10,7,0
289,1601,600034.5,3515848.5,2022,0,0,1,0,6,7,2,7,10,0,5,3,12,8,2,0,11,17
293,1645,600166.5,3515836.5,2022,0,0,1,0,6,7,2,7,3,0,5,3,12,8,2,0,11,17
290,1652,600187.5,3515845.5,2022,0,0,1,0,6,7,7,0,3,0,5,3,12,8,2,0,11,17
290,1684,600283.5,3515845.5,2022,0,0,1,0,6,3,2,7,10,0,5,3,12,13,13,10,7,0
288,1730,600421.5,3515851.5,2022,0,0,1,0,6,3,2,7,10,0,5,3,12,13,13,10,11,0
270,1743,600460.5,3515905.5,2022,2,3,0,0,6,3,2,7,10,0,5,3,12,13,13,10,7,0
282,1793,600610.5,3515869.5,2022,0,0,1,0,6,3,2,7,2,0,5,1,13,6,9,11,10,6
281,1805,600646.5,3515872.5,2022,0,0,1,0,6,7,7,0,2,0,5,3,12,13,9,11,10,6
299,1851,600784.5,3515818.5,2022,2,3,0,0,6,3,2,7,10,0,5,3,12,13,13,10,7,0
275,1865,600826.5,3515890.5,2022,2,0,1,0,6,3,2,7,10,0,5,3,12,13,13,10,7,0
280,1914,600973.5,3515875.5,2022,0,0,1,0,6,7,7,0,3,4,9,8,9,8,2,0,11,17
275,1942,601057.5,3515890.5,2022,2,3,0,0,6,3,2,7,10,0,5,3,12,13,13,10,7,0
277,1951,601084.5,3515884.5,2022,0,0,1,0,6,3,2,7,10,0,5,3,12,13,13,10,7,0
288,2001,601234.5,3515851.5,2022,2,3,0,0,6,3,2,7,10,0,5,3,12,13,13,10,7,0
284,2034,601333.5,3515863.5,2022,0,0,1,0,6,7,2,7,10,0,5,3,12,8,2,0,11,17
270,2063,601420.5,3515905.5,2022,0,0,1,0,6,7,2,7,10,0,5,3,12,13,13,0,11,17
287,2088,601495.5,3515854.5,2022,0,0,1,0,6,7,2,7,10,0,5,3,12,13,2,0,11,17
299,2108,601555.5,3515818.5,2022,2,3,0,0,6,3,2,7,10,0,5,3,12,13,13,10,7,0
299,2139,601648.5,3515818.5,2022,0,0,1,0,6,7,2,7,10,0,5,3,12,13,13,10,11,17
289,2168,601735.5,3515848.5,2022,2,3,0,0,3,0,5,1,0,6,6,10,1,5,5,15,10,19
280,2191,601804.5,3515875.5,2022,1,1,3,4,2,1,8,3,9,11,2,7,14,2,0,6,18,11
290,2227,601912.5,3515845.5,2022,2,3,0,1,0,4,0,8,7,8,8,0,7,11,16,3,8,8
270,2276,602059.5,3515905.5,2022,0,0,1,3,3,0,4,6,2,5,1,9,2,15,9,7,13,6
288,2298,602125.5,3515851.5,2022,0,0,1,3,1,7,7,0,3,4,9,8,9,0,6,8,15,12
284,2331,602224.5,3515863.5,2022,0,0,1,0,6,7,2,7,2,5,5,3,12,13,9,11,10,6
270,2357,602302.5,3515905.5,2022,2,1,3,4,3,0,4,6,2,6,6,10,1,6,9,15,10,6
278,2372,602347.5,3515881.5,2022,0,0,1,3,3,0,4,6,2,5,1,9,2,15,9,11,10,6
295,2403,602440.5,3515830.5,2022,0,0,1,0,6,3,2,7,10,0,5,3,12,13,13,10,10,6
277,2457,602602.5,3515884.5,2022,0,0,1,0,6,7,7,0,3,4,9,8,9,8,2,0,11,17
296,2472,602647.5,3515827.5,2022,2,3,0,4,3,0,5,1,0,6,6,10,1,5,5,15,10,19
295,2515,602776.5,3515830.5,2022,0,0,1,0,3,0,4,6,2,5,1,9,2,15,9,11,10,6
299,2523,602800.5,3515818.5,2022,1,1,2,2,5,0,4,6,5,5,1,9,2,15,15,7,13,10
278,2575,602956.5,3515881.5,2022,0,0,1,3,1,7,7,0,3,4,9,8,9,0,6,8,15,12
282,2599,603028.5,3515869.5,2022,0,0,1,0,3,0,5,1,0,6,6,1,13,6,9,15,10,6
294,2629,603118.5,3515833.5,2022,1,1,3,4,3,0,4,6,1,9,0,5,10,12,1,4,1,2
270,2650,603181.5,3515905.5,2022,1,1,2,2,5,5,1,4,5,2,12,6,4,3,8,16,4,9
273,2682,603277.5,3515896.5,2022,2,3,0,0,3,0,5,1,0,6,6,10,1,5,5,15,10,19
293,2713,603370.5,3515836.5,2022,2,3,0,1,0,4,0,8,7,7,11,10,1,13,13,10,7,0
282,2754,603493.5,3515869.5,2022,2,3,0,1,0,3,5,1,0,6,6,10,1,5,5,15,12,19
272,2788,603595.5,3515899.5,2022,2,3,3,4,3,0,5,1,0,6,6,10,1,5,5,15,10,19
296,2817,603682.5,3515827.5,2022,2,3,0,1,0,4,5,1,0,6,6,10,1,5,5,12,6,19
270,2846,603769.5,3515905.5,2022,0,1,3,4,3,0,4,6,1,9,0,9,2,15,15,7,10,6
277,2873,603850.5,3515884.5,2022,1,1,3,2,3,0,4,6,1,9,0,5,10,12,15,7,13,10
283,2882,603877.5,3515866.5,2022,1,1,2,2,5,5,1,4,5,2,12,6,4,3,8,16,4,9
297,2925,604006.5,3515824.5,2022,2,3,0,0,3,3,5,1,0,6,6,10,1,13,13,10,10,6
288,2962,604117.5,3515851.5,2022,2,3,3,4,2,1,8,3,9,11,2,7,11,9,0,14,5,13
297,2980,604171.5,3515824.5,2022,2,3,0,1,0,4,0,8,7,8,8,0,7,11,16,3,8,8
289,3009,604258.5,3515848.5,2022,2,3,0,1,0,4,0,8,7,8,8,0,7,11,16,3,8,8
281,3056,604399.5,3515872.5,2022,2,3,3,4,2,1,8,3,9,11,2,7,11,9,0,14,5,13
270,3063,604420.5,3515905.5,2022,1,1,3,4,2,1,8,2,4,10,4,2,14,2,12,6,18,11
275,3091,604504.5,3515890.5,2022,2,3,0,1,0,4,5,1,7,8,8,7,11,5,5,12,6,5
286,3128,604615.5,3515857.5,2022,1,1,3,4,2,1,8,3,9,11,2,7,11,9,0,14,5,13
299,3170,604741.5,3515818.5,2022,2,3,0,1,0,4,0,8,7,8,8,0,7,11,16,12,6,5
278,3206,604849.5,3515881.5,2022,2,3,3,4,2,1,8,3,9,11,2,7,14,2,12,6,14,7
297,3228,604915.5,3515824.5,2022,1,1,3,4,2,1,8,3,4,10,2,2,14,2,12,6,18,11
291,3257,605002.5,3515842.5,2022,1,1,3,4,2,1,8,2,4,10,4,2,14,2,12,6,18,11
294,3287,605092.5,3515833.5,2022,2,3,0,4,3,0,5,1,0,6,6,10,1,5,5,15,10,19
286,3323,605200.5,3515857.5,2022,2,3,0,0,6,3,2,7,10,0,5,3,12,13,13,10,10,0
295,3333,605230.5,3515830.5,2022,2,1,3,4,3,0,8,1,0,6,6,2,14,2,12,6,14,7
329,10,595261.5,3515728.5,2022,0,1,2,3,1,2,6,9,8,1,10,13,5,10,14,9,9,14
303,31,595324.5,3515806.5,2022,1,1,2,3,1,2,6,9,8,1,10,13,5,10,14,9,9,14
303,69,595438.5,3515806.5,2022,0,0,2,3,1,2,6,9,8,1,10,13,5,10,14,9,9,14
312,102,595537.5,3515779.5,2022,0,1,2,3,1,2,6,9,8,1,10,13,5,10,14,9,9,14
321,131,595624.5,3515752.5,2022,1,1,2,2,5,2,6,9,8,1,10,13,5,10,14,9,9,14
307,176,595759.5,3515794.5,2022,0,1,2,3,1,2,6,9,8,1,10,13,5,10,14,9,9,14
321,207,595852.5,3515752.5,2022,0,1,2,3,1,2,6,9,8,1,10,13,5,10,14,9,9,14
314,213,595870.5,3515773.5,2022,0,1,2,3,1,2,6,9,8,1,10,13,5,10,14,9,9,14
306,268,596035.5,3515797.5,2022,0,0,2,3,1,2,6,9,8,1,10,13,5,10,14,9,9,14
305,295,596116.5,3515800.5,2022,0,0,2,3,1,2,6,9,8,1,10,13,5,10,14,9,9,14
301,309,596158.5,3515812.5,2022,0,1,2,3,1,2,6,9,8,1,10,13,5,10,14,9,9,14
312,337,596242.5,3515779.5,2022,0,0,2,3,1,2,6,9,8,1,10,13,5,10,14,9,9,14
322,361,596314.5,3515749.5,2022,0,0,2,3,1,2,6,9,8,1,10,13,5,10,14,9,9,14
314,396,596419.5,3515773.5,2022,0,0,1,3,1,2,7,0,3,4,9,8,9,0,6,8,0,1
329,447,596572.5,3515728.5,2022,0,0,2,3,1,2,6,9,8,1,10,13,5,10,14,9,9,14
320,467,596632.5,3515755.5,2022,0,0,2,3,1,2,6,9,8,1,10,13,5,10,14,9,9,14
327,484,596683.5,3515734.5,2022,0,0,1,3,1,2,6,9,8,1,10,13,5,0,6,8,15,12
323,537,596842.5,3515746.5,2022,0,0,1,3,1,2,6,9,8,1,10,13,5,0,6,8,0,12
313,542,596857.5,3515776.5,2022,0,0,1,3,1,2,6,9,8,1,10,13,5,0,6,8,15,12
315,583,596980.5,3515770.5,2022,0,0,2,3,1,2,6,9,8,1,10,13,5,10,14,9,9,14
327,605,597046.5,3515734.5,2022,0,0,2,3,1,2,6,9,8,1,10,13,5,10,14,9,9,14
301,641,597154.5,3515812.5,2022,0,0,2,3,1,2,6,9,8,1,10,13,5,10,14,8,9,14
310,689,597298.5,3515785.5,2022,0,0,2,3,1,2,6,9,8,1,10,13,5,10,6,8,9,14
310,717,597382.5,3515785.5,2022,0,0,1,3,1,7,7,0,3,4,9,8,9,0,6,8,15,12
320,723,597400.5,3515755.5,2022,0,0,1,0,6,7,4,0,2,5,1,1,13,6,9,11,0,1
322,762,597517.5,3515749.5,2022,0,0,1,3,6,7,7,0,3,4,9,8,9,0,6,8,15,12
307,798,597625.5,3515794.5,2022,0,0,1,3,6,7,7,0,3,4,9,8,9,0,6,8,15,1
311,819,597688.5,3515782.5,2022,0,0,1,3,1,2,7,0,8,4,9,8,9,0,6,8,15,12
325,845,597766.5,3515740.5,2022,0,0,1,3,1,2,6,9,8,1,10,13,5,0,6,8,15,12
302,890,597901.5,3515809.5,2022,0,0,1,3,1,7,7,0,3,4,9,8,9,0,6,8,15,12
316,926,598009.5,3515767.5,2022,0,0,1,3,1,7,7,0,3,4,9,8,9,0,6,8,15,12
322,932,598027.5,3515749.5,2022,0,0,1,3,1,7,7,0,3,4,9,8,9,0,6,8,15,12
325,966,598129.5,3515740.5,2022,0,0,1,3,6,7,7,0,3,4,9,8,9,8,2,0,15,17
308,1001,598234.5,3515791.5,2022,0,0,1,3,1,7,7,0,3,4,9,8,9,0,6,8,15,12
314,1024,598303.5,3515773.5,2022,0,0,1,0,6,7,7,0,3,4,9,8,9,8,2,0,11,17
306,1075,598456.5,3515797.5,2022,0,0,1,3,6,7,7,0,3,4,9,8,9,0,2,0,15,17
316,1104,598543.5,3515767.5,2022,0,0,1,3,1,7,7,0,3,4,9,8,9,0,2,8,15,12
300,1138,598645.5,3515815.5,2022,0,0,1,3,1,7,7,0,3,4,9,8,9,0,6,8,15,12
301,1150,598681.5,3515812.5,2022,0,0,1,3,1,7,7,0,3,4,9,8,9,0,6,8,15,12
304,1186,598789.5,3515803.5,2022,0,0,1,0,6,7,7,0,3,4,9,8,9,8,2,0,11,17
323,1217,598882.5,3515746.5,2022,0,0,1,0,6,7,2,7,10,0,5,3,12,8,10,17,11,16
303,1251,598984.5,3515806.5,2022,0,0,1,0,6,3,2,7,2,0,5,1,13,6,9,11,10,6
323,1284,599083.5,3515746.5,2022,2,3,0,0,6,3,2,7,10,0,5,3,12,13,13,10,7,0
327,1314,599173.5,3515734.5,2022,0,0,1,0,6,3,2,7,10,0,5,3,12,13,10,17,12,16
329,1334,599233.5,3515728.5,2022,0,0,1,0,6,3,2,7,10,0,5,3,12,13,10,17,11,17
328,1356,599299.5,3515731.5,2022,0,0,1,0,6,3,2,7,10,0,5,3,12,13,13,10,11,16
327,1395,599416.5,3515734.5,2022,2,3,0,0,6,3,2,7,10,0,5,3,12,13,13,10,12,16
305,1411,599464.5,3515800.5,2022,0,0,1,3,3,0,4,6,2,5,1,9,2,15,9,11,10,6
317,1442,599557.5,3515764.5,2022,0,0,1,0,6,3,2,7,10,0,5,3,12,13,13,10,10,0
325,1484,599683.5,3515740.5,2022,2,3,0,0,6,3,2,7,10,0,5,3,12,13,13,10,7,0
324,1514,599773.5,3515743.5,2022,0,0,1,0,6,3,2,7,10,0,5,3,12,13,13,10,7,0
320,1533,599830.5,3515755.5,2022,2,3,0,0,6,3,2,7,10,0,5,3,12,13,13,10,7,0
305,1575,599956.5,3515800.5,2022,2,3,0,0,6,3,2,7,10,0,5,3,12,13,13,10,7,0
311,1595,600016.5,3515782.5,2022,0,0,1,0,6,3,2,7,10,0,5,3,12,13,13,10,10,6
326,1626,600109.5,3515737.5,2022,0,0,1,0,6,3,2,7,10,0,5,3,12,13,13,10,11,0
329,1675,600256.5,3515728.5,2022,0,0,1,3,6,7,7,0,3,4,9,8,9,0,6,11,0,1
306,1702,600337.5,3515797.5,2022,0,0,1,0,6,7,7,0,3,0,5,3,12,8,2,0,11,17
315,1715,600376.5,3515770.5,2022,0,0,1,0,6,3,2,7,10,0,5,3,12,13,13,10,10,6
306,1765,600526.5,3515797.5,2022,2,3,0,0,6,3,2,7,10,0,5,3,12,13,13,10,7,0
327,1779,600568.5,3515734.5,2022,0,0,1,3,1,7,4,0,2,5,1,9,2,15,9,11,0,6
314,1813,600670.5,3515773.5,2022,0,0,1,0,6,3,2,7,10,0,5,3,12,13,13,10,7,0
307,1836,600739.5,3515794.5,2022,2,3,1,0,6,3,2,7,10,0,5,3,12,13,13,10,7,0
311,1888,600895.5,3515782.5,2022,2,3,0,0,6,3,2,7,10,0,5,3,12,13,13,10,7,0
310,1906,600949.5,3515785.5,2022,0,0,1,0,6,7,2,7,10,0,5,3,12,13,13,0,11,17
319,1937,601042.5,3515758.5,2022,0,0,1,0,6,7,2,7,10,0,5,3,12,13,13,0,11,17
325,1957,601102.5,3515740.5,2022,0,0,1,0,6,7,7,0,3,4,5,3,12,8,2,0,11,17
327,2007,601252.5,3515734.5,2022,0,0,1,0,6,3,2,7,10,0,5,3,12,13,13,10,11,0
323,2035,601336.5,3515746.5,2022,0,0,1,0,6,3,2,7,2,0,5,3,12,13,13,10,10,6
300,2061,601414.5,3515815.5,2022,0,0,1,0,6,3,2,7,10,0,5,3,12,13,13,10,7,0
329,2088,601495.5,3515728.5,2022,0,0,1,0,6,7,2,7,10,0,5,3,12,8,2,0,11,17
328,2129,601618.5,3515731.5,2022,0,0,1,0,6,7,2,7,10,0,5,3,12,13,13,0,11,17
300,2158,601705.5,3515815.5,2022,0,0,1,0,3,0,4,6,2,5,1,10,2,6,9,15,10,6
327,2160,601711.5,3515734.5,2022,2,3,0,1,0,3,5,1,0,6,6,10,1,13,13,10,7,0
302,2217,601882.5,3515809.5,2022,2,3,0,1,0,4,0,8,7,8,8,0,7,11,16,12,8,5
325,2243,601960.5,3515740.5,2022,2,3,0,1,3,0,5,1,0,6,6,10,1,5,5,12,6,19
326,2270,602041.5,3515737.5,2022,2,3,0,1,0,4,5,1,0,6,6,10,1,5,5,12,6,19
328,2297,602122.5,3515731.5,2022,1,1,2,2,5,0,4,6,1,9,0,9,10,15,15,7,13,10
303,2316,602179.5,3515806.5,2022,2,3,0,1,0,4,0,8,7,7,11,11,8,13,13,10,7,0
306,2357,602302.5,3515797.5,2022,0,0,2,3,1,2,6,9,8,1,10,9,2,15,15,7,13,10
312,2378,602365.5,3515779.5,2022,0,0,1,3,1,7,7,0,3,4,9,8,9,0,6,8,15,12
310,2415,602476.5,3515785.5,2022,0,0,1,3,3,0,4,6,2,5,1,9,2,15,9,11,10,6
308,2445,602566.5,3515791.5,2022,2,3,0,0,6,3,2,7,10,0,5,3,12,13,13,10,7,0
323,2473,602650.5,3515746.5,2022,1,1,3,4,3,0,4,6,2,5,1,9,2,15,15,7,13,10
306,2508,602755.5,3515797.5,2022,2,3,3,4,3,0,5,6,1,9,0,5,10,12,1,4,1,2
314,2534,602833.5,3515773.5,2022,1,1,2,2,5,0,4,6,1,9,0,9,2,15,15,7,13,10
312,2553,602890.5,3515779.5,2022,1,1,2,2,5,5,1,4,5,2,12,6,4,3,8,16,13,9
325,2598,603025.5,3515740.5,2022,0,0,1,0,6,3,2,7,10,0,5,3,12,13,13,10,10,6
314,2623,603100.5,3515773.5,2022,1,1,2,2,5,5,4,6,4,10,4,9,2,15,15,7,13,10
305,2666,603229.5,3515800.5,2022,0,0,1,4,3,0,4,6,2,5,1,9,2,15,9,15,10,6
310,2684,603283.5,3515785.5,2022,1,1,2,2,5,5,1,2,4,10,4,2,0,15,15,7,18,10
318,2726,603409.5,3515761.5,2022,2,3,0,1,0,4,0,8,7,8,8,0,7,11,16,3,8,8
318,2755,603496.5,3515761.5,2022,2,3,0,1,0,3,5,1,0,6,6,10,1,5,5,15,6,19
304,2775,603556.5,3515803.5,2022,2,3,3,4,3,0,4,6,2,6,6,10,1,6,9,15,10,6
312,2806,603649.5,3515779.5,2022,2,3,0,1,0,4,0,8,7,6,6,10,1,5,5,12,6,5
326,2849,603778.5,3515737.5,2022,2,3,0,1,0,4,0,8,7,8,8,0,7,11,16,3,8,8
302,2858,603805.5,3515809.5,2022,2,3,0,1,0,4,0,8,7,7,11,0,8,11,3,12,7,5
304,2903,603940.5,3515803.5,2022,2,3,3,4,3,0,5,1,0,6,6,10,1,5,5,15,10,19
303,2933,604030.5,3515806.5,2022,1,1,3,2,5,5,1,2,4,10,4,2,14,2,12,6,18,11
317,2951,604084.5,3515764.5,2022,2,3,0,1,0,4,5,8,7,8,8,0,7,11,16,12,6,5
312,2972,604147.5,3515779.5,2022,2,3,0,1,0,4,0,8,7,8,8,0,7,11,16,3,8,8
316,3013,604270.5,3515767.5,2022,2,3,0,1,0,4,0,8,7,8,8,0,7,11,16,10,7,0
302,3041,604354.5,3515809.5,2022,1,1,3,4,2,1,8,3,9,11,2,7,11,9,0,14,14,13
302,3075,604456.5,3515809.5,2022,2,3,0,1,0,4,5,1,0,6,6,10,1,5,5,12,6,5
312,3094,604513.5,3515779.5,2022,2,3,0,1,0,4,0,8,7,8,8,0,7,11,16,12,6,5
305,3133,604630.5,3515800.5,2022,2,3,3,4,2,1,8,3,9,11,2,7,11,9,0,14,5,13
323,3170,604741.5,3515746.5,2022,2,3,3,4,2,1,8,3,9,11,2,7,11,9,0,14,5,13
326,3205,604846.5,3515737.5,2022,2,3,3,4,2,1,8,3,9,11,2,7,11,9,0,14,5,13
309,3232,604927.5,3515788.5,2022,2,3,3,4,2,1,8,3,9,11,2,7,11,9,0,14,5,13
306,3269,605038.5,3515797.5,2022,2,3,3,4,3,0,4,6,1,9,0,5,10,12,1,15,10,2
310,3274,605053.5,3515785.5,2022,2,3,0,1,3,3,5,1,0,6,6,10,1,5,5,15,6,19
322,3323,605200.5,3515749.5,2022,1,1,3,4,2,1,8,2,4,10,4,2,14,2,12,6,18,11
300,3332,605227.5,3515815.5,2022,1,1,3,4,2,1,8,3,9,11,2,7,14,2,12,6,14,7
333,8,595255.5,3515716.5,2022,0,0,1,3,1,7,7,0,3,4,9,8,9,0,6,8,15,12
330,36,595339.5,3515725.5,2022,0,0,1,3,1,7,7,0,2,4,9,8,9,0,6,8,15,12
334,86,595489.5,3515713.5,2022,0,0,2,3,1,2,6,9,8,1,10,9,2,15,15,7,13,10
337,103,595540.5,3515704.5,2022,0,0,1,3,1,0,4,6,2,5,1,9,2,15,9,11,0,1
341,126,595609.5,3515692.5,2022,0,0,2,3,1,2,6,9,8,1,10,13,5,10,14,9,9,14
331,161,595714.5,3515722.5,2022,0,1,2,3,1,2,6,9,8,1,10,13,5,10,7,1,9,14
333,208,595855.5,3515716.5,2022,0,1,2,3,1,2,6,9,8,1,10,13,5,10,14,9,9,14
350,219,595888.5,3515665.5,2022,1,1,2,3,1,2,6,9,8,1,10,13,0,14,7,1,16,4
352,248,595975.5,3515659.5,2022,0,0,2,3,1,2,6,9,8,1,10,13,5,10,14,9,9,14
341,281,596074.5,3515692.5,2022,0,0,2,3,1,2,6,9,8,1,10,13,5,15,6,8,0,1
341,303,596140.5,3515692.5,2022,0,1,2,3,1,2,6,9,8,1,10,13,5,10,14,9,9,14
336,355,596296.5,3515707.5,2022,0,1,2,3,1,2,6,9,8,1,10,13,5,10,14,9,9,14
348,368,596335.5,3515671.5,2022,0,0,2,3,1,2,6,9,8,1,10,13,5,10,14,9,9,14
339,404,596443.5,3515698.5,2022,0,1,2,3,1,2,6,9,8,1,10,13,5,10,14,9,9,14
340,448,596575.5,3515695.5,2022,0,0,2,3,1,2,6,9,8,1,10,13,5,10,14,9,9,14
343,455,596596.5,3515686.5,2022,0,0,1,3,1,2,6,9,8,1,10,13,5,0,6,8,9,12
346,483,596680.5,3515677.5,2022,0,0,2,3,1,2,6,9,8,1,10,13,5,10,14,9,9,14
347,530,596821.5,3515674.5,2022,0,0,2,3,1,2,6,9,8,1,10,13,5,10,14,9,9,14
334,567,596932.5,3515713.5,2022,0,0,2,3,1,2,6,9,8,1,10,13,5,10,14,9,9,14
355,594,597013.5,3515650.5,2022,0,0,1,3,1,2,6,9,8,1,10,13,5,0,6,8,15,12
357,607,597052.5,3515644.5,2022,0,0,1,3,1,2,6,9,8,1,10,13,5,10,14,8,9,12
339,654,597193.5,3515698.5,2022,0,0,1,3,1,2,7,0,3,4,9,8,9,0,6,8,15,12
340,686,597289.5,3515695.5,2022,0,0,1,3,1,2,4,0,2,5,1,1,2,0,6,11,0,1
331,704,597343.5,3515722.5,2022,0,0,1,3,6,7,7,0,2,5,1,1,13,6,9,11,0,1
351,720,597391.5,3515662.5,2022,0,0,1,3,1,7,7,0,3,4,9,8,9,0,6,8,15,12
338,751,597484.5,3515701.5,2022,0,0,1,3,1,2,7,0,8,4,9,8,9,0,6,8,15,12
358,794,597613.5,3515641.5,2022,0,0,1,0,6,7,2,0,3,0,5,1,13,6,9,11,11,6
341,814,597673.5,3515692.5,2022,0,0,2,3,1,2,6,9,8,1,10,13,5,0,6,8,15,12
350,854,597793.5,3515665.5,2022,0,0,1,3,1,7,7,0,2,5,1,1,9,0,9,11,0,1
358,880,597871.5,3515641.5,2022,0,0,1,3,1,2,6,9,8,1,10,8,5,0,6,8,15,12
356,908,597955.5,3515647.5,2022,0,0,1,3,1,7,7,0,3,4,9,8,9,0,6,8,15,12
330,955,598096.5,3515725.5,2022,0,0,1,3,1,7,7,0,3,4,9,8,9,0,6,8,15,12
348,985,598186.5,3515671.5,2022,0,0,1,0,6,7,7,0,3,4,9,8,9,8,2,0,11,17
352,1012,598267.5,3515659.5,2022,0,0,1,0,6,7,7,0,3,4,9,8,9,8,2,0,11,17
336,1046,598369.5,3515707.5,2022,0,0,1,0,6,7,2,7,3,0,5,3,12,8,2,0,11,17
342,1078,598465.5,3515689.5,2022,0,0,1,0,6,7,7,0,3,4,9,8,9,8,2,0,11,17
331,1080,598471.5,3515722.5,2022,0,0,1,0,6,7,7,0,3,4,9,8,9,8,2,0,11,17
355,1135,598636.5,3515650.5,2022,0,0,1,3,1,7,7,0,3,4,9,8,9,0,6,8,15,12
338,1169,598738.5,3515701.5,2022,0,0,1,0,6,7,7,0,3,4,9,8,9,8,2,0,11,17
357,1181,598774.5,3515644.5,2022,0,0,1,0,6,7,7,0,3,4,9,8,9,8,2,0,11,17
351,1208,598855.5,3515662.5,2022,0,0,1,3,1,7,7,0,3,4,9,8,9,0,6,8,15,12
358,1245,598966.5,3515641.5,2022,2,3,0,0,6,3,2,7,10,0,5,3,12,13,13,10,7,0
330,1282,599077.5,3515725.5,2022,2,3,0,0,6,3,2,7,10,0,5,3,12,13,13,10,7,0
336,1309,599158.5,3515707.5,2022,2,3,1,0,6,3,2,7,10,0,5,3,13,6,10,17,12,16
358,1339,599248.5,3515641.5,2022,0,0,1,0,6,7,7,0,3,4,9,8,9,8,2,0,11,17
346,1373,599350.5,3515677.5,2022,0,0,1,0,6,7,2,7,10,0,5,3,12,8,2,0,11,6
330,1401,599434.5,3515725.5,2022,0,0,1,0,6,3,2,7,10,0,5,3,12,13,13,17,11,6
336,1411,599464.5,3515707.5,2022,0,0,1,0,3,0,4,6,2,5,1,9,2,6,9,11,10,6
345,1442,599557.5,3515680.5,2022,0,0,1,0,6,3,2,7,10,0,5,3,12,13,9,11,10,6
345,1489,599698.5,3515680.5,2022,0,0,1,0,6,7,2,7,10,0,5,3,12,8,2,0,11,17
352,1508,599755.5,3515659.5,2022,0,0,1,0,6,7,7,0,3,4,5,3,9,8,2,0,11,17
336,1537,599842.5,3515707.5,2022,0,0,1,0,6,3,2,7,10,0,5,3,12,13,13,10,7,0
345,1588,599995.5,3515680.5,2022,0,0,1,0,6,7,2,7,10,0,5,3,12,8,2,0,11,17
354,1613,600070.5,3515653.5,2022,0,0,1,0,6,7,2,7,2,0,5,3,12,13,9,11,10,6
339,1625,600106.5,3515698.5,2022,0,0,1,0,6,7,4,0,2,5,1,1,2,6,9,11,10,6
350,1657,600202.5,3515665.5,2022,0,0,1,3,1,7,7,0,3,4,9,8,9,0,6,8,15,12
356,1689,600298.5,3515647.5,2022,0,0,1,0,6,7,7,0,3,4,9,8,9,8,2,0,15,17
345,1718,600385.5,3515680.5,2022,0,0,1,3,1,7,7,0,3,4,9,8,9,0,6,8,15,12
359,1747,600472.5,3515638.5,2022,0,0,1,3,1,7,7,0,3,4,9,8,9,0,6,8,15,12
356,1790,600601.5,3515647.5,2022,0,0,1,3,1,7,7,0,3,4,9,8,9,0,6,8,15,12
347,1823,600700.5,3515674.5,2022,0,0,2,3,1,2,4,6,2,5,1,9,2,15,15,7,13,10
353,1849,600778.5,3515656.5,2022,0,0,1,3,1,7,7,0,3,4,9,8,9,0,6,8,15,12
340,1860,600811.5,3515695.5,2022,0,0,1,0,6,3,2,7,10,0,5,3,12,13,13,10,11,0
350,1916,600979.5,3515665.5,2022,0,0,1,3,1,7,7,0,2,5,1,1,9,0,9,11,0,1
331,1935,601036.5,3515722.5,2022,0,0,1,0,6,7,2,7,10,0,5,3,12,13,13,0,11,17
330,1969,601138.5,3515725.5,2022,2,3,0,0,6,3,2,7,10,0,5,3,12,13,13,10,7,0
339,2004,601243.5,3515698.5,2022,0,0,1,0,6,3,2,7,10,0,5,3,12,13,13,10,11,0
336,2016,601279.5,3515707.5,2022,0,0,1,0,6,7,2,7,2,5,5,1,13,6,9,11,10,6
354,2058,601405.5,3515653.5,2022,0,0,1,0,6,3,2,7,10,0,5,3,12,13,13,10,7,0
346,2088,601495.5,3515677.5,2022,0,0,1,0,6,3,2,7,10,0,5,3,12,13,13,10,11,0
349,2123,601600.5,3515668.5,2022,0,0,1,0,6,7,7,0,3,4,9,3,12,8,2,0,11,17
330,2157,601702.5,3515725.5,2022,2,3,0,1,0,3,0,8,0,7,11,11,1,13,13,10,7,0
333,2179,601768.5,3515716.5,2022,2,3,0,1,0,4,0,8,7,8,8,0,7,11,16,3,8,8
350,2207,601852.5,3515665.5,2022,2,3,0,1,0,4,0,8,7,7,11,11,8,13,13,10,7,0
343,2229,601918.5,3515686.5,2022,2,3,3,4,3,0,5,1,0,6,6,10,1,5,5,15,10,19
346,2274,602053.5,3515677.5,2022,0,0,1,0,6,7,7,0,2,5,1,1,13,6,9,11,10,6
330,2297,602122.5,3515725.5,2022,1,1,2,2,5,5,1,6,5,2,12,9,2,15,15,7,13,10
342,2329,602218.5,3515689.5,2022,0,0,1,0,6,7,2,7,2,0,5,1,13,6,9,11,10,6
337,2367,602332.5,3515704.5,2022,0,0,1,0,3,0,4,6,2,5,1,1,2,6,9,11,10,6
345,2397,602422.5,3515680.5,2022,2,3,0,1,0,4,0,8,7,7,11,11,8,13,13,10,7,0
355,2428,602515.5,3515650.5,2022,2,3,0,1,0,4,5,1,0,6,6,10,1,5,5,12,6,19
353,2445,602566.5,3515656.5,2022,1,1,2,2,5,5,1,2,4,10,4,9,0,15,15,7,13,10
342,2489,602698.5,3515689.5,2022,1,1,2,3,3,0,4,6,2,5,1,9,2,15,15,7,13,10
344,2509,602758.5,3515683.5,2022,0,0,2,3,1,2,6,9,8,1,10,13,5,10,15,7,13,10
336,2540,602851.5,3515707.5,2022,1,1,2,2,5,0,4,6,1,9,0,9,10,15,15,7,13,10
359,2577,602962.5,3515638.5,2022,0,1,2,3,1,0,4,6,2,5,1,9,2,15,15,7,13,10
349,2589,602998.5,3515668.5,2022,2,3,0,0,3,3,5,1,0,6,6,10,1,13,13,15,10,19
337,2614,603073.5,3515704.5,2022,0,0,1,0,6,3,2,7,10,0,5,3,12,13,13,10,10,6
341,2660,603211.5,3515692.5,2022,0,0,1,0,3,0,4,6,2,5,1,9,2,15,9,11,10,6
346,2699,603328.5,3515677.5,2022,2,3,0,1,0,4,5,1,0,6,6,10,1,5,5,12,6,19
340,2724,603403.5,3515695.5,2022,2,3,3,4,2,1,8,3,9,11,2,7,11,9,0,14,5,13
346,2738,603445.5,3515677.5,2022,1,1,3,4,2,1,8,3,9,11,2,7,11,9,0,14,5,13
351,2762,603517.5,3515662.5,2022,2,3,3,4,2,1,8,3,9,11,2,7,11,9,0,14,5,13
353,2796,603619.5,3515656.5,2022,2,3,0,1,0,3,0,8,10,7,11,3,12,13,13,10,7,0
331,2839,603748.5,3515722.5,2022,2,3,0,1,0,4,0,8,7,7,11,0,7,13,13,10,7,0
351,2850,603781.5,3515662.5,2022,2,3,3,4,2,1,8,3,9,11,2,7,11,9,0,14,14,13
333,2899,603928.5,3515716.5,2022,2,3,0,0,3,3,5,1,0,6,6,10,1,5,5,15,10,19
346,2921,603994.5,3515677.5,2022,2,3,0,1,0,3,2,7,0,6,6,10,1,13,13,10,7,0
337,2965,604126.5,3515704.5,2022,0,0,1,4,3,0,4,6,2,5,1,10,2,15,9,15,10,6
348,2996,604219.5,3515671.5,2022,2,3,3,4,2,1,8,3,9,11,2,7,11,9,0,14,6,13
340,3017,604282.5,3515695.5,2022,1,1,3,4,2,1,8,3,9,11,2,7,14,2,0,6,18,11
341,3042,604357.5,3515692.5,2022,2,3,0,1,0,3,5,1,0,6,6,10,1,5,5,12,6,19
357,3062,604417.5,3515644.5,2022,1,1,2,2,5,5,1,2,4,10,4,2,0,14,12,6,18,11
338,3097,604522.5,3515701.5,2022,1,1,3,4,2,5,1,2,4,10,4,2,14,2,12,6,18,11
343,3139,604648.5,3515686.5,2022,2,3,3,4,2,1,8,3,9,11,2,7,11,9,0,14,5,13
335,3155,604696.5,3515710.5,2022,2,3,3,4,2,1,8,3,9,11,2,7,11,9,0,14,5,13
346,3191,604804.5,3515677.5,2022,1,1,3,4,2,1,8,3,9,11,2,7,14,2,0,6,14,7
358,3238,604945.5,3515641.5,2022,2,3,0,1,0,4,0,8,7,8,8,0,7,11,16,12,7,5
347,3244,604963.5,3515674.5,2022,2,3,0,1,0,4,0,8,7,8,11,0,7,11,16,10,7,0
347,3275,605056.5,3515674.5,2022,1,1,3,2,2,5,1,2,4,10,4,2,14,2,12,6,18,11
339,3328,605215.5,3515698.5,2022,2,3,0,1,0,4,0,8,7,8,8,0,7,11,3,12,6,5
343,3331,605224.5,3515686.5,2022,2,3,0,1,0,4,5,1,0,6,6,10,1,5,5,12,6,19
362,24,595303.5,3515629.5,2022,0,0,1,3,1,2,7,0,3,4,9,8,9,0,6,8,15,12
375,39,595348.5,3515590.5,2022,0,0,2,3,1,2,6,9,8,1,10,13,5,10,14,9,9,14
387,71,595444.5,3515554.5,2022,0,0,1,3,1,7,7,0,3,4,9,8,9,0,6,8,15,12
381,114,595573.5,3515572.5,2022,0,0,1,3,1,2,6,9,8,1,10,13,5,10,6,8,9,12
375,148,595675.5,3515590.5,2022,0,0,2,3,1,2,6,9,8,1,10,13,5,10,14,9,9,14
381,154,595693.5,3515572.5,2022,1,1,2,2,5,2,6,9,8,1,10,13,5,10,14,9,9,14
387,203,595840.5,3515554.5,2022,1,1,2,2,5,2,6,9,8,1,10,13,5,10,14,9,9,14
388,232,595927.5,3515551.5,2022,0,1,2,3,1,2,6,9,8,1,10,13,5,10,14,9,9,14
364,241,595954.5,3515623.5,2022,0,1,2,3,1,2,6,9,8,1,10,13,5,10,14,9,9,14
362,282,596077.5,3515629.5,2022,0,0,2,3,1,2,6,9,8,1,10,13,5,10,14,9,9,14
374,314,596173.5,3515593.5,2022,0,1,2,3,1,2,6,9,8,1,10,13,5,10,14,9,9,14
363,335,596236.5,3515626.5,2022,0,0,1,3,1,2,6,9,8,1,10,13,5,0,6,8,15,12
371,375,596356.5,3515602.5,2022,0,0,2,3,1,2,6,9,8,1,10,13,5,10,14,9,9,14
361,394,596413.5,3515632.5,2022,0,0,2,3,1,2,6,9,8,1,10,13,5,10,14,9,9,14
371,444,596563.5,3515602.5,2022,0,0,2,3,1,2,6,9,8,1,10,13,5,10,14,9,9,14
364,469,596638.5,3515623.5,2022,0,1,2,3,1,2,6,9,8,1,10,13,5,10,14,9,9,14
388,489,596698.5,3515551.5,2022,0,0,2,3,1,2,6,9,8,1,10,13,5,10,14,9,9,14
379,533,596830.5,3515578.5,2022,0,0,2,3,1,2,6,9,8,1,10,13,5,10,14,9,9,14
373,563,596920.5,3515596.5,2022,0,0,2,3,1,2,6,9,8,1,10,13,5,10,14,9,9,14
370,593,597010.5,3515605.5,2022,0,0,1,3,1,7,7,0,3,4,9,8,9,0,6,8,15,12
360,618,597085.5,3515635.5,2022,0,0,1,3,1,2,6,9,8,1,10,13,5,0,6,8,15,12
369,632,597127.5,3515608.5,2022,0,0,1,3,1,2,7,0,3,4,9,8,9,0,6,8,15,12
377,679,597268.5,3515584.5,2022,0,0,1,3,1,7,7,0,3,4,9,8,9,0,6,8,15,12
371,712,597367.5,3515602.5,2022,0,0,2,3,1,2,6,9,8,1,10,13,5,10,6,8,9,14
385,733,597430.5,3515560.5,2022,0,0,1,3,1,2,6,9,8,4,9,8,5,0,6,8,15,12
364,755,597496.5,3515623.5,2022,0,0,2,3,1,2,6,9,8,1,10,13,5,10,14,8,9,14
363,785,597586.5,3515626.5,2022,0,0,1,3,1,7,7,0,3,4,9,8,9,0,6,8,15,12
368,810,597661.5,3515611.5,2022,0,0,1,0,6,7,7,0,2,5,9,1,13,6,9,11,0,1
373,858,597805.5,3515596.5,2022,0,0,1,3,1,0,4,6,2,5,1,9,2,15,9,11,0,1
364,884,597883.5,3515623.5,2022,0,0,1,3,1,7,7,0,3,4,9,8,9,0,6,8,15,12
372,902,597937.5,3515599.5,2022,0,0,1,3,1,7,7,0,3,4,9,8,9,0,2,8,15,12
371,955,598096.5,3515602.5,2022,0,0,2,3,1,2,4,6,2,5,1,9,2,15,15,11,0,1
361,981,598174.5,3515632.5,2022,0,0,1,3,1,7,7,0,3,4,9,8,9,0,6,8,15,12
375,1000,598231.5,3515590.5,2022,0,0,1,0,6,7,2,7,10,0,5,3,12,8,2,0,11,17
381,1042,598357.5,3515572.5,2022,0,0,1,3,1,7,7,0,3,4,9,8,9,0,6,8,15,12
380,1070,598441.5,3515575.5,2022,0,0,1,3,1,7,7,0,3,4,9,8,9,0,6,8,15,12
365,1083,598480.5,3515620.5,2022,0,0,1,3,6,7,7,0,3,4,9,8,9,0,2,0,15,17
365,1137,598642.5,3515620.5,2022,0,0,1,3,6,7,7,0,3,4,9,8,9,0,2,0,15,12
360,1158,598705.5,3515635.5,2022,0,0,1,0,6,7,7,0,3,4,9,8,9,8,2,0,11,17
370,1184,598783.5,3515605.5,2022,0,0,1,3,6,7,7,0,3,4,9,8,9,0,2,0,15,12
361,1213,598870.5,3515632.5,2022,0,0,1,3,1,7,7,0,3,4,9,8,9,0,6,8,15,12
368,1234,598933.5,3515611.5,2022,0,0,1,3,6,7,7,0,3,4,9,8,9,0,2,0,15,12
365,1276,599059.5,3515620.5,2022,0,0,1,0,6,7,2,7,10,0,5,3,12,8,2,0,11,17
386,1292,599107.5,3515557.5,2022,0,0,1,0,6,3,2,7,10,0,5,3,12,8,2,0,11,17
382,1328,599215.5,3515569.5,2022,0,0,1,0,6,7,2,7,10,0,5,1,13,6,9,11,0,6
386,1364,599323.5,3515557.5,2022,0,0,1,0,6,7,7,0,3,4,9,3,9,8,2,0,11,17
372,1386,599389.5,3515599.5,2022,0,0,1,0,6,7,7,0,3,4,9,1,13,6,9,11,0,6
371,1415,599476.5,3515602.5,2022,0,0,1,0,6,7,2,7,10,0,5,3,12,8,2,0,11,17
381,1460,599611.5,3515572.5,2022,0,0,1,0,6,7,7,0,3,4,9,3,12,8,2,0,11,17
384,1483,599680.5,3515563.5,2022,0,0,1,0,6,7,7,0,3,4,9,8,9,8,2,0,11,17
384,1500,599731.5,3515563.5,2022,0,0,1,0,6,7,7,0,3,4,9,8,9,8,2,0,11,17
388,1538,599845.5,3515551.5,2022,0,0,1,0,6,7,7,0,3,4,9,8,9,0,2,0,15,17
374,1574,599953.5,3515593.5,2022,0,0,1,3,1,7,7,0,3,4,9,8,9,0,6,8,15,12
381,1614,600073.5,3515572.5,2022,0,0,1,0,6,7,7,0,3,4,5,3,12,8,2,0,11,17
375,1647,600172.5,3515590.5,2022,0,0,1,3,1,7,7,0,3,4,9,8,9,0,6,8,15,12
364,1671,600244.5,3515623.5,2022,0,0,1,3,1,7,7,0,2,5,1,9,2,0,6,11,0,6
367,1687,600292.5,3515614.5,2022,0,0,1,3,1,7,7,0,3,4,9,8,9,0,6,8,15,12
389,1725,600406.5,3515548.5,2022,0,0,1,3,1,7,7,0,3,4,9,8,9,0,6,8,15,12
383,1759,600508.5,3515566.5,2022,0,0,1,0,6,7,7,0,3,4,9,8,9,0,9,11,0,6
368,1797,600622.5,3515611.5,2022,0,0,1,3,1,7,7,0,3,4,9,8,9,0,6,8,15,12
378,1809,600658.5,3515581.5,2022,0,0,2,3,1,2,6,9,8,1,10,9,2,0,6,8,13,12
382,1830,600721.5,3515569.5,2022,0,0,1,3,1,7,7,0,3,4,9,8,9,0,6,8,15,12
361,1879,600868.5,3515632.5,2022,0,0,1,3,1,7,7,0,3,4,9,8,9,0,6,8,15,12
372,1905,600946.5,3515599.5,2022,0,0,1,3,1,7,7,0,2,5,1,9,2,0,6,11,0,12
384,1945,601066.5,3515563.5,2022,0,0,1,3,1,7,7,0,3,4,9,8,9,0,6,8,15,12
385,1975,601156.5,3515560.5,2022,0,0,1,0,6,3,2,7,10,0,5,3,12,13,13,10,11,0
387,1996,601219.5,3515554.5,2022,2,3,0,1,0,3,2,7,10,0,11,3,12,13,13,10,7,0
386,2020,601291.5,3515557.5,2022,0,0,1,0,6,7,2,7,10,0,5,3,12,8,2,0,11,17
362,2057,601402.5,3515629.5,2022,0,0,1,0,6,3,2,7,10,0,5,3,12,13,13,10,7,0
385,2091,601504.5,3515560.5,2022,0,0,1,0,6,7,2,7,2,0,5,1,13,6,9,11,10,6
378,2107,601552.5,3515581.5,2022,0,0,1,0,6,3,2,7,10,0,5,3,12,13,13,10,11,6
369,2136,601639.5,3515608.5,2022,2,3,0,0,3,3,5,1,0,6,6,10,1,5,5,15,10,19
361,2176,601759.5,3515632.5,2022,2,3,0,1,0,4,0,8,7,8,8,0,7,11,16,3,8,5
369,2203,601840.5,3515608.5,2022,2,3,0,0,6,3,2,7,10,6,6,10,1,13,13,10,7,0
365,2224,601903.5,3515620.5,2022,0,0,1,0,6,7,7,0,3,0,5,3,12,8,2,0,11,6
380,2269,602038.5,3515575.5,2022,0,0,1,0,6,3,2,7,10,0,5,3,12,13,13,10,10,6
362,2305,602146.5,3515629.5,2022,0,0,1,0,3,0,5,1,0,6,6,10,13,6,9,15,10,6
380,2317,602182.5,3515575.5,2022,2,3,0,1,0,4,0,8,7,8,8,0,7,11,16,12,6,5
378,2353,602290.5,3515581.5,2022,2,3,0,1,0,4,5,1,0,6,6,10,1,5,5,12,6,5
384,2374,602353.5,3515563.5,2022,2,3,3,4,3,0,5,1,0,6,6,10,1,5,5,15,10,19
380,2415,602476.5,3515575.5,2022,2,3,0,1,0,3,5,1,0,6,6,10,1,13,13,10,7,0
388,2450,602581.5,3515551.5,2022,2,3,0,1,3,3,5,1,0,6,6,10,1,5,5,15,6,19
385,2466,602629.5,3515560.5,2022,1,1,2,2,5,5,1,4,4,10,4,2,14,2,12,6,18,11
372,2508,602755.5,3515599.5,2022,0,0,2,3,1,2,6,9,8,1,10,13,5,10,14,9,9,14
369,2547,602872.5,3515608.5,2022,0,0,1,3,1,7,7,0,3,4,9,8,9,0,6,8,15,12
376,2551,602884.5,3515587.5,2022,0,0,1,0,6,3,2,7,10,0,5,3,12,13,9,11,10,6
361,2602,603037.5,3515632.5,2022,0,0,1,0,6,3,2,7,10,0,5,3,12,13,13,10,10,6
377,2618,603085.5,3515584.5,2022,2,3,0,1,3,3,5,1,0,6,6,10,1,13,13,10,7,0
370,2664,603223.5,3515605.5,2022,2,3,0,1,0,3,5,1,0,6,6,10,1,13,13,10,7,0
381,2671,603244.5,3515572.5,2022,2,3,0,1,0,3,2,7,10,0,5,3,12,13,13,10,7,0
379,2727,603412.5,3515578.5,2022,2,3,0,0,0,3,2,7,10,0,5,3,12,13,13,10,7,0
386,2757,603502.5,3515557.5,2022,2,3,0,1,0,3,2,7,0,7,11,10,1,13,13,10,7,0
361,2767,603532.5,3515632.5,2022,1,1,3,4,2,1,8,3,9,11,2,7,11,9,0,14,5,13
373,2810,603661.5,3515596.5,2022,2,3,0,1,0,4,0,8,7,8,8,0,7,11,16,10,7,0
361,2823,603700.5,3515632.5,2022,2,3,3,4,2,1,8,3,9,11,2,7,11,9,0,14,5,13
389,2878,603865.5,3515548.5,2022,2,3,0,1,0,4,0,8,7,8,8,0,7,11,16,3,8,5
378,2888,603895.5,3515581.5,2022,2,3,0,1,0,4,0,8,7,8,8,0,7,11,16,3,8,8
384,2924,604003.5,3515563.5,2022,1,1,3,4,2,1,8,3,9,11,2,7,11,9,0,14,5,13
364,2942,604057.5,3515623.5,2022,2,3,0,0,3,3,5,1,0,6,6,10,1,5,5,15,10,19
379,2982,604177.5,3515578.5,2022,1,1,3,4,3,0,8,2,4,10,4,2,14,2,12,6,14,7
373,3021,604294.5,3515596.5,2022,1,1,3,4,2,1,8,3,9,11,2,7,14,2,0,6,18,11
377,3048,604375.5,3515584.5,2022,1,1,2,2,5,5,1,4,5,2,12,6,4,3,8,16,18,9
372,3078,604465.5,3515599.5,2022,2,3,0,1,0,4,0,8,7,8,8,0,7,11,16,3,8,8
381,3115,604576.5,3515572.5,2022,2,0,1,0,6,3,2,7,10,0,5,3,12,13,13,10,10,0
366,3124,604603.5,3515617.5,2022,1,1,3,2,5,5,1,4,5,2,12,2,14,2,8,6,18,11
365,3153,604690.5,3515620.5,2022,2,3,0,1,0,4,0,8,7,8,8,0,7,11,16,3,8,8
367,3196,604819.5,3515614.5,2022,2,3,0,4,3,0,5,1,0,6,6,10,1,5,5,15,6,19
374,3233,604930.5,3515593.5,2022,1,1,3,4,2,1,8,2,4,10,4,2,14,2,12,6,18,11
381,3241,604954.5,3515572.5,2022,1,1,3,4,2,1,8,3,9,11,2,7,11,9,0,14,5,13
367,3297,605122.5,3515614.5,2022,2,3,0,1,0,4,5,1,0,6,6,10,1,5,5,12,6,19
377,3304,605143.5,3515584.5,2022,1,1,3,4,2,1,8,2,4,10,4,2,14,2,12,6,14,7
389,3331,605224.5,3515548.5,2022,1,1,3,4,2,1,8,2,4,10,4,2,14,2,12,6,14,11
410,4,595243.5,3515485.5,2022,1,1,2,2,5,5,1,2,4,10,4,2,0,14,7,1,16,4
396,59,595408.5,3515527.5,2022,0,1,2,3,1,2,6,9,8,1,10,13,5,10,14,9,9,14
414,60,595411.5,3515473.5,2022,1,1,2,2,5,5,1,2,4,10,4,2,0,14,7,1,16,4
399,98,595525.5,3515518.5,2022,0,0,1,3,1,2,6,9,8,1,9,8,5,0,6,8,15,12
412,128,595615.5,3515479.5,2022,0,1,2,3,1,2,6,9,8,1,10,13,5,10,14,9,9,14
398,164,595723.5,3515521.5,2022,0,1,2,3,1,2,6,9,8,1,10,13,0,14,7,1,16,4
397,203,595840.5,3515524.5,2022,1,1,2,2,5,5,1,4,5,2,12,6,0,14,7,1,16,4
410,229,595918.5,3515485.5,2022,0,0,1,3,1,2,6,9,8,1,10,8,5,0,6,8,15,12
410,245,595966.5,3515485.5,2022,0,0,1,3,1,2,6,9,8,1,10,13,5,0,6,8,15,12
399,277,596062.5,3515518.5,2022,0,0,1,3,1,2,6,9,8,1,10,13,5,0,6,8,15,12
407,314,596173.5,3515494.5,2022,0,0,2,3,1,2,6,9,8,1,10,13,5,10,6,8,9,12
403,342,596257.5,3515506.5,2022,0,1,2,3,1,2,6,9,8,1,10,13,5,10,14,9,9,14
401,362,596317.5,3515512.5,2022,1,1,2,2,5,2,6,9,8,1,10,13,5,10,14,9,9,14
402,390,596401.5,3515509.5,2022,0,1,2,3,1,2,6,9,8,1,10,13,5,10,14,9,9,14
406,443,596560.5,3515497.5,2022,0,0,2,3,1,2,6,9,8,1,10,13,5,10,14,9,9,14
400,461,596614.5,3515515.5,2022,0,1,2,3,1,2,6,9,8,1,10,13,5,10,14,9,9,14
411,488,596695.5,3515482.5,2022,1,1,2,2,1,2,6,9,8,1,10,13,5,10,14,9,9,14
404,520,596791.5,3515503.5,2022,0,0,2,3,1,2,6,9,8,1,10,13,5,10,14,9,9,14
412,547,596872.5,3515479.5,2022,0,0,1,3,1,2,6,9,8,1,10,13,5,10,14,9,9,14
413,591,597004.5,3515476.5,2022,0,0,1,3,1,7,7,0,3,4,9,8,9,0,6,8,0,1
409,623,597100.5,3515488.5,2022,0,0,1,3,1,2,6,9,8,1,10,8,5,0,6,8,15,12
401,631,597124.5,3515512.5,2022,0,0,1,3,1,2,7,0,3,4,9,8,9,0,6,8,15,12
390,681,597274.5,3515545.5,2022,0,0,1,3,1,7,7,0,3,4,9,8,9,0,6,8,15,12
419,713,597370.5,3515458.5,2022,0,0,1,3,1,7,7,0,3,4,9,8,9,0,6,8,15,12
401,735,597436.5,3515512.5,2022,0,0,2,3,1,2,6,9,8,1,10,13,5,10,14,9,9,14
415,770,597541.5,3515470.5,2022,0,0,1,3,1,2,6,9,8,1,10,13,5,10,6,8,9,12
409,806,597649.5,3515488.5,2022,0,0,1,3,6,7,7,0,3,4,9,8,9,0,2,0,15,12
391,831,597724.5,3515542.5,2022,0,0,1,0,6,7,7,0,3,4,9,8,9,8,2,0,11,17
403,847,597772.5,3515506.5,2022,0,0,1,3,6,7,7,0,3,4,9,8,9,0,6,8,15,1
413,876,597859.5,3515476.5,2022,0,0,1,0,6,3,2,7,10,0,5,1,13,6,10,17,12,16
413,912,597967.5,3515476.5,2022,0,0,1,3,1,7,7,0,2,5,1,1,13,6,9,11,0,1
419,935,598036.5,3515458.5,2022,0,0,1,3,1,2,7,0,2,5,1,1,0,14,6,11,0,1
408,963,598120.5,3515491.5,2022,0,0,1,3,6,7,7,0,3,4,9,8,9,0,6,8,15,1
401,1015,598276.5,3515512.5,2022,0,0,1,3,6,7,7,0,3,4,9,8,9,8,2,0,15,17
416,1041,598354.5,3515467.5,2022,0,0,1,3,6,7,7,0,3,4,9,8,9,0,2,8,15,12
397,1060,598411.5,3515524.5,2022,0,0,1,0,6,7,7,0,3,4,9,8,9,8,2,0,11,17
407,1098,598525.5,3515494.5,2022,0,0,1,0,6,7,7,0,3,4,9,8,9,8,2,0,15,17
394,1114,598573.5,3515533.5,2022,0,0,1,3,1,7,7,0,3,4,9,8,9,0,2,8,15,12
417,1161,598714.5,3515464.5,2022,0,0,1,0,6,7,7,0,3,4,9,8,9,8,2,0,11,17
405,1176,598759.5,3515500.5,2022,0,0,1,3,6,7,7,0,3,4,9,8,9,0,2,0,15,17
397,1207,598852.5,3515524.5,2022,0,0,1,3,1,7,7,0,3,4,9,8,9,0,6,8,15,12
401,1234,598933.5,3515512.5,2022,0,0,1,0,6,3,2,7,10,0,5,3,12,8,10,17,11,16
408,1283,599080.5,3515491.5,2022,0,0,1,0,3,3,4,7,2,5,1,1,13,6,9,11,0,1
403,1309,599158.5,3515506.5,2022,0,0,1,0,6,3,2,7,10,0,5,3,12,8,10,17,12,16
409,1334,599233.5,3515488.5,2022,0,0,1,0,6,7,7,0,3,0,5,3,9,8,2,0,11,17
403,1353,599290.5,3515506.5,2022,0,0,1,0,6,3,2,7,10,0,5,1,13,6,10,17,12,16
404,1402,599437.5,3515503.5,2022,0,0,1,0,6,7,7,0,3,0,5,3,12,8,2,0,11,17
404,1419,599488.5,3515503.5,2022,0,0,1,0,6,7,2,7,10,0,5,3,12,8,2,0,11,17
403,1465,599626.5,3515506.5,2022,0,0,1,0,6,3,2,7,10,0,5,3,12,8,2,0,11,17
408,1496,599719.5,3515491.5,2022,0,0,1,0,6,7,2,7,10,0,5,3,12,8,2,0,11,17
412,1518,599785.5,3515479.5,2022,0,0,1,0,6,7,2,7,10,0,5,3,12,8,2,0,11,17
391,1556,599899.5,3515542.5,2022,0,0,1,3,1,7,7,0,3,4,9,8,9,0,6,8,15,12
392,1566,599929.5,3515539.5,2022,0,0,1,3,1,7,7,0,3,4,9,8,9,0,6,8,15,12
392,1619,600088.5,3515539.5,2022,0,0,1,3,1,7,7,0,2,5,1,8,9,0,6,11,0,1
414,1642,600157.5,3515473.5,2022,2,3,0,1,0,3,0,8,10,7,11,11,8,13,13,10,7,0
401,1664,600223.5,3515512.5,2022,0,0,1,3,6,7,7,0,3,4,9,8,9,0,6,11,0,6
417,1705,600346.5,3515464.5,2022,1,1,2,3,1,2,6,9,8,5,1,9,0,14,7,1,16,4
390,1733,600430.5,3515545.5,2022,0,0,1,3,6,7,7,0,3,4,9,8,9,0,2,0,15,12
390,1752,600487.5,3515545.5,2022,0,0,1,0,6,7,7,0,3,0,5,3,12,8,2,0,11,17
416,1791,600604.5,3515467.5,2022,0,0,1,0,6,7,7,0,2,5,1,8,9,0,9,11,0,6
410,1808,600655.5,3515485.5,2022,0,0,1,3,1,7,7,0,3,4,9,8,9,0,6,8,15,12
419,1854,600793.5,3515458.5,2022,1,1,2,3,1,0,4,6,2,5,1,9,2,15,15,7,13,10
393,1872,600847.5,3515536.5,2022,0,0,1,3,1,7,7,0,3,4,9,8,9,0,6,8,15,12
418,1906,600949.5,3515461.5,2022,0,0,1,3,1,2,7,0,3,4,9,8,9,0,6,8,15,12
415,1947,601072.5,3515470.5,2022,0,0,1,0,6,7,7,0,3,4,9,8,9,0,2,0,15,6
413,1969,601138.5,3515476.5,2022,2,3,0,1,0,4,0,8,7,8,8,0,7,11,16,3,8,8
405,2004,601243.5,3515500.5,2022,2,3,0,0,6,3,2,7,10,0,5,3,12,13,13,10,7,0
407,2024,601303.5,3515494.5,2022,0,0,1,0,6,3,2,7,10,0,5,3,12,13,13,0,11,17
414,2059,601408.5,3515473.5,2022,0,0,1,0,6,3,2,7,10,0,5,3,12,13,13,10,11,0
400,2073,601450.5,3515515.5,2022,2,3,0,0,6,3,2,7,10,0,5,3,12,13,13,10,7,0
400,2101,601534.5,3515515.5,2022,0,0,1,0,6,3,2,7,10,0,5,3,12,13,13,10,7,0
409,2150,601681.5,3515488.5,2022,2,3,3,4,2,1,8,3,9,11,2,7,11,9,0,14,5,13
406,2164,601723.5,3515497.5,2022,2,3,0,1,0,4,0,8,7,8,8,0,7,11,16,12,8,5
400,2214,601873.5,3515515.5,2022,2,3,0,0,6,3,2,7,10,0,5,3,12,13,13,10,7,0
415,2239,601948.5,3515470.5,2022,2,3,0,1,0,4,0,8,7,8,8,0,7,11,16,3,8,8
415,2265,602026.5,3515470.5,2022,2,3,3,4,2,1,8,3,9,11,2,7,11,9,0,14,5,13
408,2281,602074.5,3515491.5,2022,2,3,0,1,0,4,0,8,7,8,8,0,7,11,16,12,6,5
399,2334,602233.5,3515518.5,2022,2,3,0,1,0,4,5,1,0,6,6,10,1,5,5,12,6,5
399,2353,602290.5,3515518.5,2022,2,3,0,1,0,4,0,8,7,8,8,0,7,11,16,12,6,5
414,2390,602401.5,3515473.5,2022,2,3,1,0,6,3,2,7,10,0,5,3,12,13,13,10,12,16
397,2427,602512.5,3515524.5,2022,2,3,0,1,0,4,5,1,0,6,6,10,1,13,13,10,7,0
402,2441,602554.5,3515509.5,2022,2,3,0,1,0,4,0,8,7,8,8,0,7,11,16,12,6,5
410,2473,602650.5,3515485.5,2022,2,3,0,0,3,0,5,1,0,6,6,10,1,5,5,15,10,6
409,2505,602746.5,3515488.5,2022,1,1,2,3,1,2,6,9,8,1,10,9,2,15,15,7,13,10
419,2533,602830.5,3515458.5,2022,2,3,0,4,3,0,5,1,0,6,6,10,1,5,5,15,6,19
417,2553,602890.5,3515464.5,2022,2,3,0,1,0,4,0,8,7,8,8,0,7,11,16,12,7,0
406,2604,603043.5,3515497.5,2022,2,3,0,0,6,3,2,7,10,0,5,3,12,13,13,10,7,0
406,2617,603082.5,3515497.5,2022,2,3,0,1,0,3,2,7,10,0,5,3,12,13,13,10,7,0
396,2646,603169.5,3515527.5,2022,2,3,0,1,0,3,2,7,10,0,5,3,12,13,13,10,7,0
393,2693,603310.5,3515536.5,2022,2,3,0,0,6,3,2,7,10,0,5,3,12,13,13,10,7,0
410,2723,603400.5,3515485.5,2022,2,3,0,1,0,4,0,8,7,7,11,0,7,11,13,10,7,0
394,2753,603490.5,3515533.5,2022,2,3,0,1,0,3,2,7,10,7,11,3,12,13,13,10,7,0
413,2764,603523.5,3515476.5,2022,2,3,0,1,0,4,0,8,7,7,11,11,12,13,13,10,7,0
413,2797,603622.5,3515476.5,2022,2,3,0,0,0,3,2,7,10,0,5,3,12,13,13,10,7,0
408,2829,603718.5,3515491.5,2022,2,3,3,4,2,1,8,3,9,11,2,7,11,5,5,14,6,13
401,2850,603781.5,3515512.5,2022,2,3,0,1,0,3,5,1,0,6,6,10,1,13,13,10,7,0
412,2882,603877.5,3515479.5,2022,2,3,3,4,2,1,8,3,9,11,2,7,11,9,0,14,5,13
409,2924,604003.5,3515488.5,2022,1,1,3,4,2,1,8,3,9,11,2,7,11,9,0,14,5,13
399,2952,604087.5,3515518.5,2022,2,3,0,1,0,3,5,1,0,6,6,10,1,13,13,10,7,0
392,2986,604189.5,3515539.5,2022,1,1,3,2,5,5,1,2,4,10,4,2,14,2,12,6,18,11
415,3007,604252.5,3515470.5,2022,1,1,2,2,5,5,1,4,5,2,12,6,4,3,8,16,4,9
396,3057,604402.5,3515527.5,2022,1,1,3,4,5,5,1,2,4,10,4,2,14,2,12,6,18,11
402,3085,604486.5,3515509.5,2022,1,1,3,4,2,1,8,3,1,9,0,5,10,12,1,4,1,2
393,3110,604561.5,3515536.5,2022,0,0,1,0,6,3,2,7,2,0,5,3,12,13,13,10,10,6
392,3138,604645.5,3515539.5,2022,1,1,3,4,2,1,8,2,4,10,4,2,14,2,12,6,14,7
400,3171,604744.5,3515515.5,2022,0,0,2,3,1,0,4,6,2,5,1,9,2,15,15,7,13,10
405,3193,604810.5,3515500.5,2022,1,1,3,4,2,1,8,3,9,11,2,7,14,2,0,6,5,11
413,3212,604867.5,3515476.5,2022,1,1,3,4,2,1,8,3,9,11,2,7,11,9,0,14,5,13
403,3263,605020.5,3515506.5,2022,1,1,3,2,5,5,1,2,4,10,4,2,14,2,12,6,18,11
411,3282,605077.5,3515482.5,2022,2,3,0,4,3,4,5,1,0,6,6,10,1,5,5,15,6,19
398,3302,605137.5,3515521.5,2022,1,1,3,2,5,5,1,4,5,2,12,6,4,3,8,16,18,11
394,3331,605224.5,3515533.5,2022,1,1,3,4,2,1,8,2,4,10,4,2,14,2,12,6,14,11
441,25,595306.5,3515392.5,2022,0,0,1,3,1,2,7,0,3,4,9,8,9,0,6,8,15,12
425,41,595354.5,3515440.5,2022,0,1,2,3,3,0,4,2,2,5,1,9,0,14,9,11,0,1
440,74,595453.5,3515395.5,2022,0,0,1,3,1,2,6,9,8,1,10,13,5,0,6,8,15,12
434,102,595537.5,3515413.5,2022,0,0,1,3,1,2,7,0,2,5,1,8,9,0,6,8,0,12
439,132,595627.5,3515398.5,2022,0,0,1,3,1,7,7,0,2,5,9,8,9,0,6,8,0,12
422,169,595738.5,3515449.5,2022,0,1,2,3,1,2,6,9,8,1,10,13,5,10,14,9,9,14
427,193,595810.5,3515434.5,2022,0,1,2,3,1,2,6,9,8,1,10,13,5,10,14,9,9,14
434,239,595948.5,3515413.5,2022,0,0,1,3,1,2,6,9,8,1,10,8,9,0,6,8,15,12
443,264,596023.5,3515386.5,2022,0,0,2,3,1,2,6,9,8,1,10,13,5,10,6,8,9,14
438,276,596059.5,3515401.5,2022,0,0,2,3,1,2,6,9,8,1,10,13,5,10,14,9,9,14
446,302,596137.5,3515377.5,2022,0,0,2,3,1,2,6,9,8,1,10,13,5,10,14,9,9,14
438,345,596266.5,3515401.5,2022,1,1,2,2,5,2,6,9,8,1,10,13,5,10,14,9,9,14
423,370,596341.5,3515446.5,2022,0,0,2,3,1,2,6,9,8,1,10,13,5,10,14,9,9,14
441,414,596473.5,3515392.5,2022,0,1,2,3,1,2,6,9,8,1,10,13,5,10,14,9,9,14
443,440,596551.5,3515386.5,2022,0,0,2,3,1,2,6,9,8,1,10,13,5,10,14,9,9,14
425,454,596593.5,3515440.5,2022,0,0,2,3,1,2,6,9,8,1,10,13,5,10,14,9,9,14
444,495,596716.5,3515383.5,2022,0,0,2,3,1,2,6,9,8,1,10,13,5,10,14,9,9,14
427,512,596767.5,3515434.5,2022,0,0,2,3,1,2,6,9,8,1,10,13,5,10,14,9,9,14
434,568,596935.5,3515413.5,2022,0,0,1,3,1,2,6,9,8,1,10,13,5,0,6,8,15,12
430,572,596947.5,3515425.5,2022,0,0,1,3,1,2,7,0,3,4,9,8,9,0,6,8,15,12
427,608,597055.5,3515434.5,2022,0,0,1,3,1,2,6,9,8,1,10,13,5,0,6,8,15,12
430,632,597127.5,3515425.5,2022,0,0,1,0,6,7,7,0,3,4,9,8,9,8,2,0,11,17
447,680,597271.5,3515374.5,2022,0,0,1,0,6,7,7,0,3,0,5,1,9,8,2,0,11,17
441,699,597328.5,3515392.5,2022,0,0,1,3,1,2,7,0,8,4,9,8,9,0,6,8,15,12
443,741,597454.5,3515386.5,2022,0,0,1,3,1,2,7,0,3,4,9,8,9,0,6,8,15,12
448,769,597538.5,3515371.5,2022,0,0,1,3,1,2,6,9,8,1,10,13,5,0,6,8,15,12
429,801,597634.5,3515428.5,2022,0,0,1,0,6,7,7,0,3,4,9,8,9,8,2,0,11,17
449,839,597748.5,3515368.5,2022,2,1,3,4,3,0,4,6,1,9,0,5,10,12,1,4,1,2
444,850,597781.5,3515383.5,2022,2,3,1,0,3,3,5,1,0,6,6,1,13,6,10,17,12,16
439,899,597928.5,3515398.5,2022,0,0,1,0,6,3,2,7,10,0,5,1,13,6,10,17,12,16
430,918,597985.5,3515425.5,2022,0,0,1,3,1,7,7,0,2,5,1,1,13,6,9,11,0,1
429,940,598051.5,3515428.5,2022,0,0,1,0,6,7,7,0,3,4,9,1,13,6,6,11,0,1
420,969,598138.5,3515455.5,2022,0,0,1,0,6,7,7,0,3,4,9,8,9,8,2,0,11,17
433,1009,598258.5,3515416.5,2022,0,0,1,3,1,7,7,0,3,4,9,8,9,0,6,8,15,12
444,1048,598375.5,3515383.5,2022,0,0,1,3,1,7,7,0,2,5,1,9,2,0,6,8,15,12
436,1079,598468.5,3515407.5,2022,0,0,1,0,6,7,7,0,3,4,9,8,9,8,2,0,11,17
447,1099,598528.5,3515374.5,2022,0,0,1,0,6,7,7,0,3,4,9,1,9,8,2,0,11,17
447,1136,598639.5,3515374.5,2022,0,0,1,0,6,7,2,7,10,0,5,3,12,8,10,17,11,16
434,1158,598705.5,3515413.5,2022,0,0,1,0,6,7,7,0,3,4,9,8,9,8,2,0,11,17
422,1180,598771.5,3515449.5,2022,0,0,1,0,6,7,7,0,3,4,9,8,9,8,2,0,11,17
448,1207,598852.5,3515371.5,2022,0,0,1,0,6,7,2,7,10,0,5,3,12,8,2,0,11,17
428,1236,598939.5,3515431.5,2022,0,0,1,0,6,7,2,7,10,0,5,1,13,8,10,17,11,16
421,1289,599098.5,3515452.5,2022,0,0,1,0,6,7,2,7,10,0,5,3,12,8,2,0,11,17
429,1302,599137.5,3515428.5,2022,0,0,1,0,6,7,7,0,3,4,5,3,9,8,2,0,11,17
421,1330,599221.5,3515452.5,2022,0,0,1,0,6,7,7,0,3,0,5,3,12,8,2,0,11,17
433,1352,599287.5,3515416.5,2022,0,0,1,0,6,7,7,0,3,4,9,8,9,8,2,0,11,17
427,1400,599431.5,3515434.5,2022,0,0,1,0,6,3,2,7,10,0,5,3,12,13,13,10,11,0
423,1439,599548.5,3515446.5,2022,0,0,1,0,6,7,7,0,3,4,5,3,12,8,2,0,11,17
426,1457,599602.5,3515437.5,2022,0,0,1,0,6,7,2,7,3,0,5,3,12,8,2,0,11,17
444,1480,599671.5,3515383.5,2022,0,0,1,0,6,7,2,7,10,0,5,3,12,8,2,0,11,17
436,1527,599812.5,3515407.5,2022,0,0,1,3,1,7,7,0,2,5,1,8,9,0,6,11,0,6
440,1555,599896.5,3515395.5,2022,0,0,1,0,6,7,7,0,3,4,9,8,9,8,2,0,11,17
425,1570,599941.5,3515440.5,2022,0,0,1,3,1,7,7,0,3,4,9,8,9,0,6,8,15,12
442,1609,600058.5,3515389.5,2022,0,0,1,0,6,7,2,7,10,0,5,3,12,8,2,0,11,17
426,1621,600094.5,3515437.5,2022,0,0,1,0,6,7,7,0,3,4,9,8,9,0,2,11,15,6
436,1661,600214.5,3515407.5,2022,0,0,1,0,6,7,7,0,2,0,5,3,12,13,9,11,10,6
420,1694,600313.5,3515455.5,2022,0,0,1,0,6,7,7,0,2,5,1,8,9,0,9,11,0,6
424,1730,600421.5,3515443.5,2022,2,3,0,0,6,3,2,7,10,0,5,3,12,13,13,10,7,0
440,1744,600463.5,3515395.5,2022,0,0,1,3,6,7,7,0,2,5,1,1,9,0,9,11,0,6
431,1787,600592.5,3515422.5,2022,0,0,1,0,6,3,2,7,10,0,5,3,12,8,10,17,11,16
438,1812,600667.5,3515401.5,2022,0,0,1,3,3,0,4,6,2,5,1,9,2,15,9,11,10,6
428,1859,600808.5,3515431.5,2022,0,0,2,3,1,2,6,9,8,1,10,13,5,10,15,9,9,10
449,1875,600856.5,3515368.5,2022,0,0,1,3,1,2,7,0,3,4,9,8,9,0,6,8,15,12
448,1902,600937.5,3515371.5,2022,0,0,2,3,1,2,6,9,8,1,10,13,5,10,14,9,9,14
430,1948,601075.5,3515425.5,2022,0,0,1,0,6,3,2,7,10,0,5,3,12,8,2,0,11,17
443,1969,601138.5,3515386.5,2022,2,3,0,4,3,0,5,1,0,6,6,10,1,5,5,15,10,19
421,2007,601252.5,3515452.5,2022,0,0,1,0,6,7,7,0,3,4,9,8,9,8,2,0,11,17
433,2037,601342.5,3515416.5,2022,2,3,0,0,0,3,2,7,10,6,6,10,1,13,13,10,7,0
437,2062,601417.5,3515404.5,2022,0,0,1,0,6,3,2,7,10,0,5,3,12,13,13,10,11,0
443,2072,601447.5,3515386.5,2022,2,3,0,0,6,3,2,7,10,0,5,3,12,13,13,10,7,0
435,2115,601576.5,3515410.5,2022,2,3,3,4,2,1,8,3,9,11,2,7,11,9,0,14,5,13
432,2159,601708.5,3515419.5,2022,2,3,0,1,0,4,5,1,0,6,6,10,1,5,5,12,6,19
428,2164,601723.5,3515431.5,2022,2,3,3,4,3,0,5,1,0,6,6,10,1,5,5,15,10,19
431,2193,601810.5,3515422.5,2022,2,3,0,0,3,0,5,1,0,6,6,10,1,5,5,15,10,6
435,2225,601906.5,3515410.5,2022,2,3,0,1,0,4,5,1,0,6,6,10,1,5,5,12,6,19
437,2274,602053.5,3515404.5,2022,1,1,3,2,5,0,4,2,4,10,4,2,14,15,12,6,13,10
446,2287,602092.5,3515377.5,2022,0,0,1,0,6,7,7,0,2,0,5,3,12,6,9,11,10,6
435,2337,602242.5,3515410.5,2022,0,0,1,0,6,3,2,7,10,0,5,3,12,13,13,10,10,6
421,2340,602251.5,3515452.5,2022,0,0,1,0,3,0,4,6,2,6,6,10,1,6,9,15,10,6
431,2399,602428.5,3515422.5,2022,2,3,0,1,0,3,2,7,10,7,11,3,12,13,13,10,7,0
425,2428,602515.5,3515440.5,2022,2,3,0,1,0,4,0,8,7,8,8,0,7,11,16,10,7,0
426,2445,602566.5,3515437.5,2022,2,3,0,0,6,3,2,7,10,0,5,3,12,13,13,10,7,0
446,2485,602686.5,3515377.5,2022,2,3,0,0,6,3,2,7,10,0,5,3,12,13,13,10,7,0
445,2510,602761.5,3515380.5,2022,2,3,0,1,0,4,0,8,7,8,11,0,7,11,16,10,7,0
447,2535,602836.5,3515374.5,2022,2,3,3,4,2,1,8,3,9,11,2,7,11,9,0,14,5,13
444,2561,602914.5,3515383.5,2022,2,3,0,1,0,3,5,1,0,7,11,10,1,13,13,10,7,0
436,2593,603010.5,3515407.5,2022,2,3,0,1,0,4,0,8,7,7,11,11,8,13,13,10,7,0
443,2631,603124.5,3515386.5,2022,2,3,0,1,0,4,0,8,7,7,11,0,7,13,13,10,7,0
449,2668,603235.5,3515368.5,2022,2,3,3,4,2,1,8,3,9,11,2,7,11,9,0,14,5,13
431,2677,603262.5,3515422.5,2022,2,3,0,1,0,3,2,7,10,6,6,10,12,13,13,10,7,0
433,2727,603412.5,3515416.5,2022,2,3,0,1,0,4,0,8,7,8,8,0,7,11,16,12,7,0
442,2750,603481.5,3515389.5,2022,1,1,2,2,5,5,1,2,4,10,4,2,0,14,7,1,16,4
438,2765,603526.5,3515401.5,2022,2,3,0,0,3,3,5,1,0,6,6,10,1,13,13,10,10,0
427,2803,603640.5,3515434.5,2022,2,3,0,1,0,4,0,8,7,8,8,0,7,11,16,3,7,0
446,2839,603748.5,3515377.5,2022,2,3,0,1,0,3,0,8,7,7,11,10,1,13,13,10,7,0
429,2876,603859.5,3515428.5,2022,2,3,0,4,3,0,5,1,0,6,6,10,1,5,5,15,10,19
449,2884,603883.5,3515368.5,2022,2,3,0,1,0,4,0,8,7,8,8,0,7,11,16,12,8,5
425,2928,604015.5,3515440.5,2022,2,3,0,1,0,4,5,1,0,6,6,10,1,5,5,12,6,19
422,2940,604051.5,3515449.5,2022,2,3,0,1,0,4,5,1,0,6,6,10,1,5,5,12,6,5
435,2977,604162.5,3515410.5,2022,1,1,3,4,2,1,8,2,4,10,4,2,14,2,12,6,14,11
448,3004,604243.5,3515371.5,2022,2,3,3,4,2,1,8,3,9,11,2,7,11,9,0,14,5,13
420,3031,604324.5,3515455.5,2022,1,1,2,2,5,5,1,4,5,2,12,6,4,3,8,16,18,9
430,3061,604414.5,3515425.5,2022,1,1,3,2,5,5,1,4,5,2,12,6,4,3,8,16,18,11
424,3114,604573.5,3515443.5,2022,1,1,3,4,2,1,8,3,9,11,2,7,11,9,0,14,5,13
426,3137,604642.5,3515437.5,2022,1,1,3,2,5,5,1,4,5,2,12,6,4,3,8,16,18,11
420,3161,604714.5,3515455.5,2022,1,1,2,2,5,5,1,4,5,2,12,6,4,3,8,16,18,9
435,3181,604774.5,3515410.5,2022,1,1,3,2,2,1,8,2,4,10,2,2,14,2,12,6,18,11
436,3218,604885.5,3515407.5,2022,2,3,3,4,3,1,5,1,0,6,6,10,1,5,5,15,6,19
439,3257,605002.5,3515398.5,2022,1,1,3,4,2,1,8,3,9,11,2,7,11,9,0,14,5,13
425,3290,605101.5,3515440.5,2022,2,3,0,1,3,3,5,1,0,6,6,10,1,5,5,15,6,19
441,3329,605218.5,3515392.5,2022,2,3,0,0,3,3,5,1,0,6,6,10,1,13,5,15,12,19
421,3330,605221.5,3515452.5,2022,2,3,0,1,0,3,0,8,7,7,11,11,12,13,13,10,7,0
450,18,595285.5,3515365.5,2022,0,0,1,3,1,7,7,0,3,4,9,8,9,0,6,8,15,12
475,51,595384.5,3515290.5,2022,0,0,1,3,1,2,7,0,3,4,9,8,9,0,6,8,15,12
470,64,595423.5,3515305.5,2022,0,0,1,3,1,2,7,0,8,4,9,8,9,0,6,8,15,12
465,100,595531.5,3515320.5,2022,0,1,2,3,1,2,6,9,8,1,10,13,5,10,14,9,9,14
464,143,595660.5,3515323.5,2022,0,0,1,3,1,7,7,0,3,4,9,8,9,0,6,8,15,12
460,169,595738.5,3515335.5,2022,0,0,1,3,1,2,6,9,8,1,10,13,5,0,6,8,15,12
465,188,595795.5,3515320.5,2022,0,0,1,3,1,2,6,9,8,1,10,13,5,0,6,8,15,12
469,237,595942.5,3515308.5,2022,0,0,2,3,1,2,6,9,8,1,10,13,5,10,6,8,9,14
462,250,595981.5,3515329.5,2022,1,1,2,3,1,2,6,9,8,1,10,13,5,10,14,9,9,14
463,293,596110.5,3515326.5,2022,0,0,2,3,1,2,6,9,8,1,10,13,5,10,14,9,9,14
453,306,596149.5,3515356.5,2022,0,0,2,3,1,2,6,9,8,1,10,13,5,10,14,9,9,14
466,343,596260.5,3515317.5,2022,0,0,2,3,1,2,6,9,8,1,10,13,5,10,14,9,9,14
472,380,596371.5,3515299.5,2022,0,1,2,3,1,2,6,9,8,1,10,13,5,10,14,9,9,14
466,399,596428.5,3515317.5,2022,0,1,2,3,1,2,6,9,8,1,10,13,5,10,14,9,9,14
458,423,596500.5,3515341.5,2022,0,1,2,3,1,2,6,9,8,1,10,13,5,10,14,9,9,14
479,471,596644.5,3515278.5,2022,0,0,1,3,1,2,6,9,8,1,10,13,5,0,6,8,15,12
479,481,596674.5,3515278.5,2022,0,0,1,3,1,2,6,9,8,1,10,13,5,10,14,8,9,12
470,520,596791.5,3515305.5,2022,0,1,2,3,1,2,6,9,8,1,10,13,5,10,14,9,9,14
450,549,596878.5,3515365.5,2022,0,0,2,3,1,2,6,9,8,1,10,13,5,10,14,9,9,14
465,580,596971.5,3515320.5,2022,0,0,1,3,1,7,7,0,3,4,9,8,9,0,6,8,15,12
478,604,597043.5,3515281.5,2022,0,0,1,0,6,7,2,7,2,0,5,1,13,6,9,11,0,1
469,643,597160.5,3515308.5,2022,0,0,1,0,6,7,7,0,3,4,9,8,9,8,2,0,11,17
475,671,597244.5,3515290.5,2022,0,0,1,3,1,7,7,0,3,4,9,8,9,0,6,8,0,1
451,713,597370.5,3515362.5,2022,0,0,1,3,1,7,7,0,3,4,9,8,9,0,6,8,15,12
451,729,597418.5,3515362.5,2022,0,0,1,3,1,7,7,0,3,4,9,8,9,0,6,8,15,12
472,772,597547.5,3515299.5,2022,0,0,1,3,1,7,7,0,3,4,9,8,9,0,6,8,0,1
476,802,597637.5,3515287.5,2022,0,0,1,3,1,0,4,6,2,5,1,1,13,6,9,11,0,1
474,813,597670.5,3515293.5,2022,0,0,1,3,1,0,4,6,2,5,1,1,13,6,9,11,0,1
477,842,597757.5,3515284.5,2022,0,0,1,3,1,7,7,0,4,10,4,1,13,6,9,11,0,1
461,894,597913.5,3515332.5,2022,0,0,1,0,6,7,2,7,3,0,5,3,12,8,2,0,11,17
471,919,597988.5,3515302.5,2022,0,0,1,3,1,2,4,0,2,5,1,1,13,0,6,11,0,1
461,951,598084.5,3515332.5,2022,0,0,1,3,6,7,7,0,3,4,9,8,9,0,6,8,0,1
475,965,598126.5,3515290.5,2022,0,0,1,3,1,7,7,0,3,4,9,8,9,0,6,8,15,12
473,993,598210.5,3515296.5,2022,0,0,1,3,1,7,7,0,3,4,9,8,9,0,6,8,15,12
459,1025,598306.5,3515338.5,2022,0,0,1,3,1,7,7,0,3,4,9,8,9,0,6,8,15,12
460,1076,598459.5,3515335.5,2022,0,0,1,0,6,7,7,0,3,4,9,8,9,8,2,0,11,17
472,1086,598489.5,3515299.5,2022,0,0,1,0,6,7,7,0,3,4,9,3,12,8,2,0,11,17
454,1122,598597.5,3515353.5,2022,0,0,1,3,6,7,4,0,2,5,1,1,13,6,9,11,0,1
477,1164,598723.5,3515284.5,2022,0,0,1,0,6,7,7,0,3,4,9,8,9,8,2,0,11,17
452,1173,598750.5,3515359.5,2022,0,0,1,0,6,7,2,7,10,0,5,3,12,8,2,0,11,17
460,1208,598855.5,3515335.5,2022,0,0,1,0,6,7,2,7,10,0,5,3,12,8,2,0,11,17
454,1252,598987.5,3515353.5,2022,0,0,1,0,6,7,2,7,10,0,5,3,12,8,2,0,11,17
459,1265,599026.5,3515338.5,2022,0,0,1,0,6,7,7,0,3,4,9,8,9,8,2,0,11,17
463,1294,599113.5,3515326.5,2022,0,0,1,0,6,7,7,0,3,4,9,8,9,8,2,0,15,17
458,1332,599227.5,3515341.5,2022,0,0,1,0,6,7,7,0,3,4,9,8,9,8,2,0,15,17
460,1371,599344.5,3515335.5,2022,0,0,1,0,6,7,7,0,3,0,5,3,12,8,2,0,11,17
477,1404,599443.5,3515284.5,2022,0,0,1,0,6,7,7,0,3,4,9,8,9,8,2,0,11,17
471,1431,599524.5,3515302.5,2022,0,0,1,0,6,7,2,7,3,0,5,3,12,8,2,0,11,17
450,1454,599593.5,3515365.5,2022,0,0,1,0,6,7,2,7,10,0,5,3,12,8,2,0,11,17
478,1491,599704.5,3515281.5,2022,0,0,1,3,1,7,7,0,3,4,9,8,9,0,6,11,0,12
474,1523,599800.5,3515293.5,2022,0,0,1,0,6,7,7,0,3,4,9,8,9,8,2,0,11,17
465,1554,599893.5,3515320.5,2022,0,0,1,3,3,0,4,6,2,5,1,9,2,15,9,11,0,1
454,1573,599950.5,3515353.5,2022,0,0,1,0,6,7,7,0,3,0,5,3,12,8,2,0,11,6
453,1615,600076.5,3515356.5,2022,0,0,1,0,3,0,4,6,2,5,1,1,2,6,9,11,0,6
466,1635,600136.5,3515317.5,2022,0,0,1,0,6,7,7,0,3,4,9,8,9,8,2,0,11,17
455,1661,600214.5,3515350.5,2022,0,0,1,3,6,7,7,0,2,5,1,8,9,0,9,11,0,6
475,1693,600310.5,3515290.5,2022,0,0,1,3,1,7,7,0,2,5,1,9,2,0,6,11,0,6
476,1731,600424.5,3515287.5,2022,0,0,1,3,1,2,6,9,8,1,10,8,9,0,6,8,15,12
459,1757,600502.5,3515338.5,2022,0,0,1,0,6,7,7,0,3,4,9,8,9,8,2,11,11,6
469,1784,600583.5,3515308.5,2022,0,0,1,3,6,7,7,0,2,5,1,9,2,0,9,11,0,6
463,1814,600673.5,3515326.5,2022,0,1,2,3,1,2,6,9,8,1,10,9,0,14,7,1,16,4
471,1837,600742.5,3515302.5,2022,0,0,1,3,1,7,7,0,3,4,9,8,9,0,6,8,15,12
466,1866,600829.5,3515317.5,2022,0,0,1,3,1,2,6,9,8,1,10,13,5,0,6,8,15,12
461,1908,600955.5,3515332.5,2022,0,0,1,3,1,2,7,0,3,4,9,8,9,0,6,8,15,12
479,1923,601000.5,3515278.5,2022,0,0,1,0,3,0,4,6,2,5,1,9,2,6,9,11,10,6
463,1963,601120.5,3515326.5,2022,2,0,1,0,3,0,5,1,0,6,6,10,1,6,9,15,10,6
476,1987,601192.5,3515287.5,2022,0,0,1,3,6,7,7,0,3,4,9,8,9,0,2,0,15,12
475,2036,601339.5,3515290.5,2022,0,0,1,0,6,7,2,7,3,0,5,3,12,8,2,0,11,17
464,2040,601351.5,3515323.5,2022,0,0,1,0,6,7,7,0,3,0,5,3,12,8,2,0,11,17
463,2099,601528.5,3515326.5,2022,1,1,3,4,2,1,8,3,9,11,2,7,11,9,0,14,5,13
466,2125,601606.5,3515317.5,2022,2,3,0,1,0,4,0,8,7,8,8,0,7,11,16,12,7,5
455,2130,601621.5,3515350.5,2022,2,3,0,1,0,4,5,1,0,6,6,10,1,5,5,12,6,5
474,2161,601714.5,3515293.5,2022,2,3,3,4,3,0,5,1,1,9,0,5,10,12,1,4,1,2
450,2213,601870.5,3515365.5,2022,2,3,0,1,0,3,2,7,10,0,11,3,12,13,13,10,7,0
456,2242,601957.5,3515347.5,2022,2,3,0,0,6,3,2,7,10,0,5,3,12,13,13,10,7,0
453,2274,602053.5,3515356.5,2022,2,0,1,0,6,3,2,7,10,0,5,3,12,13,13,10,7,0
453,2293,602110.5,3515356.5,2022,0,0,1,0,6,7,2,7,2,0,5,3,12,6,9,11,10,6
458,2310,602161.5,3515341.5,2022,2,3,0,1,0,4,0,8,7,7,11,11,8,1,3,12,6,5
471,2349,602278.5,3515302.5,2022,2,3,0,1,0,3,2,7,10,0,5,3,12,13,13,10,7,0
476,2391,602404.5,3515287.5,2022,2,3,0,1,0,4,0,8,7,8,8,0,7,11,16,12,8,5
472,2416,602479.5,3515299.5,2022,2,3,0,1,3,3,5,1,0,6,6,10,1,5,5,15,6,19
468,2435,602536.5,3515311.5,2022,2,3,0,1,0,4,0,8,7,7,11,0,7,11,13,10,7,0
467,2485,602686.5,3515314.5,2022,2,3,0,1,0,4,0,8,7,8,8,0,7,11,16,10,7,0
460,2504,602743.5,3515335.5,2022,2,3,0,1,0,4,0,8,7,8,8,0,7,11,16,10,7,0
453,2532,602827.5,3515356.5,2022,2,3,0,1,0,4,0,8,7,8,8,0,7,11,16,3,8,0
450,2562,602917.5,3515365.5,2022,2,3,0,1,0,4,0,8,7,7,11,11,1,13,13,10,7,0
473,2605,603046.5,3515296.5,2022,2,3,0,0,3,3,5,1,0,6,6,10,1,13,13,10,10,0
461,2629,603118.5,3515332.5,2022,2,3,0,1,0,4,0,8,7,8,8,0,7,11,16,3,8,8
461,2648,603175.5,3515332.5,2022,2,3,0,1,0,4,0,8,7,8,8,0,7,11,16,3,8,8
472,2696,603319.5,3515299.5,2022,2,3,0,0,0,3,2,7,10,6,6,10,1,13,13,10,7,0
458,2701,603334.5,3515341.5,2022,1,1,3,4,2,1,8,3,9,11,2,7,14,2,0,14,5,13
469,2734,603433.5,3515308.5,2022,2,3,0,1,0,3,5,1,0,6,6,10,1,5,5,15,6,19
460,2771,603544.5,3515335.5,2022,2,3,0,1,0,4,0,8,7,7,11,10,1,13,13,10,7,0
462,2793,603610.5,3515329.5,2022,2,3,0,1,0,4,0,8,7,7,11,0,7,11,13,10,7,0
454,2831,603724.5,3515353.5,2022,2,3,0,1,0,4,0,8,7,7,11,0,7,13,13,10,7,0
453,2853,603790.5,3515356.5,2022,2,3,0,1,0,4,0,8,7,8,8,0,7,11,16,3,8,8
468,2908,603955.5,3515311.5,2022,1,1,3,4,2,1,8,3,9,11,2,7,11,9,0,14,5,13
475,2918,603985.5,3515290.5,2022,1,1,3,4,2,1,8,3,9,11,2,7,11,9,0,14,5,13
464,2941,604054.5,3515323.5,2022,1,1,3,4,2,1,8,3,9,11,2,7,14,2,12,6,14,7
450,2993,604210.5,3515365.5,2022,1,1,3,4,2,1,8,3,9,11,2,7,14,2,0,14,5,11
459,3027,604312.5,3515338.5,2022,2,3,3,4,3,0,4,6,2,5,1,10,2,15,9,15,10,6
457,3042,604357.5,3515344.5,2022,1,1,2,2,5,5,1,4,5,2,12,6,4,3,8,16,4,9
454,3088,604495.5,3515353.5,2022,1,1,3,2,5,5,1,2,4,10,4,2,14,2,12,6,18,11
455,3102,604537.5,3515350.5,2022,1,1,3,4,2,1,8,3,9,11,2,7,11,9,0,14,5,13
465,3148,604675.5,3515320.5,2022,1,1,2,2,5,5,1,4,5,2,12,6,4,3,8,16,18,11
459,3162,604717.5,3515338.5,2022,2,3,3,4,2,1,8,3,9,11,2,7,11,9,0,14,5,13
475,3183,604780.5,3515290.5,2022,2,3,3,4,2,1,8,3,9,11,2,7,11,9,0,14,5,13
463,3212,604867.5,3515326.5,2022,1,1,2,2,5,5,1,4,5,2,12,6,4,3,8,16,18,9
452,3259,605008.5,3515359.5,2022,2,3,3,4,2,1,8,3,9,11,2,7,11,9,0,14,5,13
477,3296,605119.5,3515284.5,2022,2,3,0,1,0,4,0,8,7,8,8,10,1,5,5,12,6,5
464,3309,605158.5,3515323.5,2022,2,3,0,1,0,3,2,7,10,0,11,3,12,13,13,10,7,0
459,3332,605227.5,3515338.5,2022,2,3,0,1,0,3,5,1,0,6,6,10,1,13,13,10,7,0
490,24,595303.5,3515245.5,2022,0,1,2,3,1,2,6,9,8,1,10,13,5,10,14,9,9,14
483,50,595381.5,3515266.5,2022,0,0,1,3,1,2,7,0,8,4,9,8,9,0,6,8,15,12
502,82,595477.5,3515209.5,2022,0,0,2,3,1,2,6,9,8,1,10,13,5,10,14,9,9,14
483,114,595573.5,3515266.5,2022,0,0,2,3,1,2,6,9,8,1,10,13,5,10,14,9,9,14
497,132,595627.5,3515224.5,2022,0,0,2,3,1,2,6,9,8,1,10,13,5,10,14,9,9,14
509,158,595705.5,3515188.5,2022,0,0,1,3,1,2,6,9,8,1,10,13,5,10,6,8,9,12
504,190,595801.5,3515203.5,2022,0,0,1,3,1,7,7,0,3,4,9,8,9,0,6,8,15,12
489,211,595864.5,3515248.5,2022,0,0,1,3,1,2,7,0,3,4,9,8,9,0,6,8,15,12
501,267,596032.5,3515212.5,2022,0,0,1,3,1,2,6,9,8,1,10,13,5,0,6,8,9,12
500,292,596107.5,3515215.5,2022,0,0,1,3,1,2,6,9,8,1,10,13,5,0,6,8,15,12
497,320,596191.5,3515224.5,2022,0,1,2,3,1,2,6,9,8,1,10,13,5,10,14,9,9,14
483,339,596248.5,3515266.5,2022,0,0,1,3,1,2,6,9,8,1,10,13,5,0,6,8,15,12
489,376,596359.5,3515248.5,2022,0,1,2,3,1,2,6,9,8,1,10,13,5,10,14,9,9,14
489,411,596464.5,3515248.5,2022,1,1,2,2,5,2,6,9,8,1,10,13,5,10,14,9,9,14
506,426,596509.5,3515197.5,2022,0,0,1,3,1,7,7,0,3,4,9,8,9,0,6,8,15,12
503,466,596629.5,3515206.5,2022,0,0,2,3,1,2,6,9,8,1,10,13,5,0,6,8,9,14
484,503,596740.5,3515263.5,2022,0,0,1,3,1,2,7,0,3,4,9,8,9,0,6,8,15,12
496,516,596779.5,3515227.5,2022,0,0,1,3,1,2,7,0,3,4,9,8,9,0,6,8,15,12
493,564,596923.5,3515236.5,2022,0,0,1,3,1,7,7,0,3,4,9,8,9,0,6,8,0,1
497,573,596950.5,3515224.5,2022,0,0,1,3,1,2,7,0,3,4,9,8,9,0,6,8,0,1
495,622,597097.5,3515230.5,2022,0,0,1,3,1,2,7,0,2,5,1,8,9,0,6,8,0,1
500,642,597157.5,3515215.5,2022,0,0,1,0,6,7,7,0,3,4,9,8,9,8,2,0,11,17
480,676,597259.5,3515275.5,2022,0,0,1,3,1,7,7,0,3,4,9,8,9,0,6,8,15,12
503,699,597328.5,3515206.5,2022,0,0,1,0,6,7,7,0,3,4,9,1,13,6,10,17,0,1
484,739,597448.5,3515263.5,2022,0,0,1,3,1,7,4,0,2,5,1,1,13,6,9,11,0,1
509,778,597565.5,3515188.5,2022,0,0,1,0,6,3,2,7,10,0,5,1,13,6,10,17,12,16
495,787,597592.5,3515230.5,2022,0,0,1,0,6,7,7,0,3,4,9,1,13,6,10,11,0,1
508,832,597727.5,3515191.5,2022,0,0,1,3,1,7,7,0,3,4,9,1,9,0,6,8,0,1
491,846,597769.5,3515242.5,2022,0,0,1,3,1,7,7,0,2,5,1,1,13,6,9,11,0,1
483,893,597910.5,3515266.5,2022,1,1,2,2,5,2,4,2,2,5,1,9,0,14,7,1,16,4
485,921,597994.5,3515260.5,2022,0,0,1,0,6,7,7,0,3,4,9,8,9,8,2,0,11,17
486,944,598063.5,3515257.5,2022,0,0,1,3,1,7,7,0,3,4,9,8,9,0,6,8,15,12
492,965,598126.5,3515239.5,2022,0,0,1,3,6,7,7,0,3,4,9,8,9,8,2,0,15,17
490,1011,598264.5,3515245.5,2022,0,0,1,3,6,7,7,0,3,4,9,8,9,8,2,0,15,17
506,1047,598372.5,3515197.5,2022,0,0,1,0,6,7,7,0,3,4,9,8,9,8,2,0,11,17
489,1065,598426.5,3515248.5,2022,0,0,1,0,6,7,7,0,3,4,9,8,9,8,2,0,15,17
486,1081,598474.5,3515257.5,2022,0,0,1,0,6,7,7,0,3,4,9,8,9,8,2,0,11,17
482,1127,598612.5,3515269.5,2022,0,0,1,0,6,7,2,7,10,0,5,3,12,8,2,0,11,17
508,1165,598726.5,3515191.5,2022,0,0,1,3,1,7,7,0,3,4,9,8,9,0,6,8,15,12
499,1197,598822.5,3515218.5,2022,0,0,1,3,6,7,7,0,3,4,9,8,9,8,2,0,15,17
485,1217,598882.5,3515260.5,2022,0,0,1,0,6,7,7,0,3,4,5,3,12,8,2,0,11,17
491,1235,598936.5,3515242.5,2022,0,0,1,3,6,7,7,0,3,4,9,8,9,0,2,0,15,17
490,1285,599086.5,3515245.5,2022,0,0,1,0,6,7,7,0,3,4,9,8,9,8,2,0,11,17
503,1307,599152.5,3515206.5,2022,0,0,1,0,6,7,7,0,3,4,9,8,9,8,2,0,11,17
489,1327,599212.5,3515248.5,2022,0,0,1,0,6,7,7,0,3,4,9,8,9,8,2,0,11,17
484,1357,599302.5,3515263.5,2022,0,0,1,0,6,7,2,7,3,0,5,3,12,8,2,0,11,17
483,1391,599404.5,3515266.5,2022,0,0,1,0,6,7,7,0,3,4,9,8,9,8,2,0,11,17
487,1436,599539.5,3515254.5,2022,0,0,1,0,6,7,7,0,3,4,9,8,9,8,2,0,11,17
507,1465,599626.5,3515194.5,2022,0,0,1,3,1,2,7,0,8,4,9,8,9,0,6,8,15,12
499,1487,599692.5,3515218.5,2022,0,0,1,3,1,7,7,0,3,4,9,8,9,0,6,8,15,12
490,1503,599740.5,3515245.5,2022,0,0,1,3,1,7,7,0,3,4,9,8,9,0,6,8,15,12
494,1547,599872.5,3515233.5,2022,0,0,1,0,6,7,7,0,3,4,9,8,9,8,2,0,11,17
486,1566,599929.5,3515257.5,2022,0,0,1,0,6,7,7,0,3,4,9,8,9,8,2,0,11,17
493,1608,600055.5,3515236.5,2022,0,0,1,3,6,7,7,0,2,5,1,9,2,0,9,11,0,6
484,1632,600127.5,3515263.5,2022,0,0,1,3,1,7,7,0,3,4,9,8,9,0,6,8,15,12
493,1658,600205.5,3515236.5,2022,0,0,1,3,1,7,7,0,3,4,9,8,9,0,6,8,15,12
485,1692,600307.5,3515260.5,2022,0,0,1,4,3,0,4,6,2,5,1,9,2,15,15,7,10,6
498,1713,600370.5,3515221.5,2022,0,0,2,3,1,2,6,9,8,1,10,13,5,10,6,8,9,12
492,1759,600508.5,3515239.5,2022,0,0,1,3,1,7,7,0,3,4,9,8,9,0,6,8,15,12
502,1794,600613.5,3515209.5,2022,0,0,1,3,1,2,6,9,8,1,10,13,5,0,6,8,15,12
503,1802,600637.5,3515206.5,2022,0,0,2,3,1,2,6,9,8,1,10,13,5,10,6,8,9,12
508,1849,600778.5,3515191.5,2022,0,0,2,3,1,2,6,9,8,5,1,9,2,15,15,7,13,10
483,1875,600856.5,3515266.5,2022,0,0,1,3,1,7,7,0,3,4,9,8,9,0,6,8,15,12
500,1893,600910.5,3515215.5,2022,0,1,2,3,3,0,4,6,2,5,1,9,2,15,15,7,13,10
493,1947,601072.5,3515236.5,2022,0,0,1,3,1,2,4,6,2,5,1,9,2,15,15,7,13,10
483,1961,601114.5,3515266.5,2022,0,0,2,3,1,2,4,6,2,5,1,9,2,15,15,7,13,10
501,1981,601174.5,3515212.5,2022,0,0,1,0,6,7,7,0,3,4,9,8,9,8,2,0,11,6
488,2037,601342.5,3515251.5,2022,2,3,0,0,6,3,2,7,10,0,5,3,12,13,13,10,7,0
503,2060,601411.5,3515206.5,2022,2,3,0,0,3,3,5,1,0,6,6,10,1,5,5,15,10,19
502,2096,601519.5,3515209.5,2022,2,3,0,1,0,3,5,1,0,6,6,10,1,13,13,10,7,0
491,2124,601603.5,3515242.5,2022,2,3,0,1,0,4,5,8,7,6,6,10,1,5,5,12,6,5
489,2157,601702.5,3515248.5,2022,2,3,0,4,3,0,5,1,0,6,6,10,1,5,5,15,6,19
493,2177,601762.5,3515236.5,2022,2,3,0,0,6,3,2,7,10,0,5,3,12,13,13,10,7,0
485,2208,601855.5,3515260.5,2022,2,3,0,1,0,4,0,8,7,8,8,0,7,11,16,12,8,5
505,2227,601912.5,3515200.5,2022,2,3,0,1,0,4,0,8,7,8,8,0,7,11,16,3,8,8
488,2267,602032.5,3515251.5,2022,2,3,0,1,0,4,0,8,7,8,8,0,7,11,16,3,8,8
487,2280,602071.5,3515254.5,2022,2,3,0,1,0,4,0,8,7,8,8,0,7,11,16,10,7,0
497,2329,602218.5,3515224.5,2022,2,3,0,1,0,4,0,8,7,8,8,0,7,11,16,3,8,8
488,2354,602293.5,3515251.5,2022,2,3,0,1,0,4,0,8,7,8,8,0,7,11,16,12,6,5
505,2385,602386.5,3515200.5,2022,2,3,0,1,0,4,0,8,7,8,8,0,7,11,16,12,6,5
482,2406,602449.5,3515269.5,2022,2,3,0,1,0,4,0,8,7,8,8,0,7,11,16,3,8,8
504,2447,602572.5,3515203.5,2022,0,0,1,3,3,0,4,6,2,5,1,9,2,15,15,7,13,10
503,2467,602632.5,3515206.5,2022,2,3,0,1,0,4,0,8,7,8,8,0,7,11,16,12,6,5
492,2509,602758.5,3515239.5,2022,2,3,0,1,0,4,0,8,7,8,8,0,7,11,16,3,8,5
500,2533,602830.5,3515215.5,2022,2,3,0,1,0,4,0,8,7,8,8,0,7,11,16,3,8,8
480,2556,602899.5,3515275.5,2022,2,3,0,1,0,4,0,8,7,7,11,10,1,5,5,12,6,5
483,2608,603055.5,3515266.5,2022,2,3,0,0,6,3,2,7,10,0,5,3,12,13,13,10,7,0
499,2639,603148.5,3515218.5,2022,2,3,0,1,0,4,0,8,7,8,8,0,7,11,16,10,7,0
499,2647,603172.5,3515218.5,2022,2,3,0,1,0,4,0,8,7,8,11,0,7,13,13,10,7,0
500,2689,603298.5,3515215.5,2022,2,3,0,1,0,4,0,8,7,7,11,0,8,13,13,10,7,0
497,2710,603361.5,3515224.5,2022,2,3,0,1,0,3,2,7,10,0,11,3,12,13,13,10,7,0
503,2744,603463.5,3515206.5,2022,2,3,3,4,2,1,8,3,9,11,2,7,11,9,0,14,5,13
482,2786,603589.5,3515269.5,2022,2,3,0,1,0,3,2,7,10,0,11,3,12,13,13,10,7,0
490,2800,603631.5,3515245.5,2022,2,3,0,1,0,4,0,8,7,8,8,0,7,11,16,3,8,5
483,2823,603700.5,3515266.5,2022,2,3,0,0,6,3,2,7,10,0,5,3,12,13,13,10,7,0
501,2857,603802.5,3515212.5,2022,1,1,3,4,2,1,8,3,9,11,2,7,11,9,0,14,5,13
484,2880,603871.5,3515263.5,2022,1,1,3,4,2,1,8,3,9,11,2,7,11,9,0,14,5,13
480,2912,603967.5,3515275.5,2022,2,3,3,4,2,1,8,3,9,11,2,7,11,9,0,14,5,13
495,2968,604135.5,3515230.5,2022,1,1,3,4,2,1,8,3,9,11,2,7,11,9,0,14,5,13
495,2976,604159.5,3515230.5,2022,1,1,3,4,2,1,8,3,9,11,2,7,14,2,8,6,18,11
509,3008,604255.5,3515188.5,2022,1,1,3,4,2,1,8,3,9,11,2,7,14,2,0,14,18,11
494,3037,604342.5,3515233.5,2022,1,2,4,5,4,6,3,5,6,3,3,4,3,4,4,5,17,3
484,3087,604492.5,3515263.5,2022,1,1,3,4,2,1,8,3,9,11,2,7,11,9,0,14,5,13
484,3098,604525.5,3515263.5,2022,1,1,2,2,5,5,1,4,5,2,12,6,4,3,8,16,4,9
493,3139,604648.5,3515236.5,2022,1,1,2,2,5,5,1,4,5,2,12,6,4,3,8,16,18,9
501,3169,604738.5,3515212.5,2022,1,3,3,4,2,1,8,3,9,11,2,7,11,9,0,14,5,13
500,3207,604852.5,3515215.5,2022,1,1,2,2,5,5,1,4,5,2,12,6,4,3,8,16,4,9
485,3239,604948.5,3515260.5,2022,2,3,1,0,3,3,5,1,0,6,6,10,1,13,13,10,10,6
489,3264,605023.5,3515248.5,2022,2,3,0,1,0,4,0,8,7,8,8,0,7,11,16,12,7,5
499,3280,605071.5,3515218.5,2022,2,3,3,4,2,1,5,1,9,11,2,7,11,5,5,12,6,13
509,3300,605131.5,3515188.5,2022,1,1,3,4,2,1,8,3,9,11,2,7,11,9,0,14,5,13
507,3333,605230.5,3515194.5,2022,2,3,3,4,2,1,8,3,9,11,2,7,11,9,0,14,5,13
511,17,595282.5,3515182.5,2022,0,1,2,3,1,2,6,9,8,1,10,13,0,14,7,1,16,4
537,32,595327.5,3515104.5,2022,1,1,2,2,5,2,6,9,8,1,10,13,5,10,7,9,9,14
515,65,595426.5,3515170.5,2022,0,0,1,3,1,2,7,0,3,4,9,8,9,0,6,8,15,12
535,107,595552.5,3515110.5,2022,0,1,2,3,1,2,6,9,8,1,10,13,5,10,14,9,9,14
527,144,595663.5,3515134.5,2022,0,0,2,3,1,2,6,9,8,1,10,13,5,10,6,8,9,12
520,152,595687.5,3515155.5,2022,0,0,1,3,1,2,7,0,8,4,9,8,9,0,6,8,15,12
526,203,595840.5,3515137.5,2022,0,0,2,3,1,2,6,9,8,1,10,13,5,10,14,9,9,14
533,226,595909.5,3515116.5,2022,0,0,1,3,1,2,6,9,8,1,10,13,5,0,6,8,15,12
523,242,595957.5,3515146.5,2022,0,0,2,3,1,2,6,9,8,1,10,13,5,10,14,9,9,14
534,276,596059.5,3515113.5,2022,0,0,2,3,1,2,6,9,8,1,10,13,5,10,14,9,9,14
513,320,596191.5,3515176.5,2022,0,0,1,3,1,2,7,0,8,4,9,8,9,0,6,8,15,12
514,348,596275.5,3515173.5,2022,0,0,2,3,1,2,6,9,8,1,10,13,5,10,14,9,9,14
533,379,596368.5,3515116.5,2022,0,0,2,3,1,2,6,9,8,1,10,13,5,10,14,9,9,14
539,405,596446.5,3515098.5,2022,0,0,1,3,1,7,7,0,3,4,9,8,9,0,6,8,0,1
530,423,596500.5,3515125.5,2022,0,0,1,3,1,7,7,0,3,4,9,1,9,0,6,11,0,1
514,452,596587.5,3515173.5,2022,1,1,2,2,5,5,1,4,5,2,12,6,4,3,8,16,4,9
538,496,596719.5,3515101.5,2022,0,0,1,0,6,7,7,0,3,4,9,8,9,8,2,0,11,17
528,525,596806.5,3515131.5,2022,0,1,3,4,3,0,4,6,2,5,1,9,2,15,9,7,13,10
527,550,596881.5,3515134.5,2022,1,1,2,2,5,5,4,6,5,5,1,9,2,15,15,7,13,10
520,576,596959.5,3515155.5,2022,0,0,1,0,6,7,2,0,3,0,5,1,13,8,10,17,12,16
521,600,597031.5,3515152.5,2022,0,0,1,0,6,7,7,0,3,4,9,1,13,6,10,11,0,1
531,652,597187.5,3515122.5,2022,1,1,2,2,5,5,4,2,4,10,4,2,0,14,7,1,16,4
537,663,597220.5,3515104.5,2022,1,1,2,2,5,5,1,4,5,2,12,6,4,3,8,16,4,9
510,694,597313.5,3515185.5,2022,0,0,1,0,6,7,7,0,3,4,9,1,13,6,9,11,0,1
522,722,597397.5,3515149.5,2022,0,0,1,0,6,7,7,0,3,0,5,1,13,8,10,17,11,16
527,778,597565.5,3515134.5,2022,0,0,1,0,3,7,4,0,2,5,1,1,13,6,9,11,0,1
537,801,597634.5,3515104.5,2022,1,1,3,4,3,0,4,2,4,10,4,2,14,2,12,6,14,7
530,827,597712.5,3515125.5,2022,0,0,1,0,6,7,7,0,2,0,5,1,13,6,9,11,0,1
537,863,597820.5,3515104.5,2022,2,0,1,0,6,3,2,7,10,0,5,3,12,13,10,17,12,16
514,879,597868.5,3515173.5,2022,0,0,1,0,6,7,2,7,10,0,5,1,13,6,10,17,12,16
538,906,597949.5,3515101.5,2022,0,0,1,0,6,7,2,7,10,0,5,3,12,8,2,0,11,17
536,932,598027.5,3515107.5,2022,0,0,1,0,6,7,7,0,3,4,9,8,9,8,2,0,11,17
537,978,598165.5,3515104.5,2022,0,0,1,3,1,7,7,0,3,4,9,8,9,0,6,8,15,12
536,1003,598240.5,3515107.5,2022,0,0,1,3,1,7,7,0,3,4,9,8,9,0,6,8,15,12
537,1021,598294.5,3515104.5,2022,0,0,1,0,6,7,7,0,3,4,9,8,9,8,2,0,11,17
522,1057,598402.5,3515149.5,2022,0,0,1,3,1,7,7,0,3,4,9,8,9,0,6,8,15,12
539,1108,598555.5,3515098.5,2022,0,0,1,3,6,7,7,0,3,4,9,8,9,0,2,0,15,17
520,1120,598591.5,3515155.5,2022,0,0,1,3,6,7,7,0,3,4,9,8,9,0,2,0,15,12
521,1159,598708.5,3515152.5,2022,0,0,1,0,6,7,7,0,3,4,9,8,9,8,2,0,11,17
521,1196,598819.5,3515152.5,2022,0,0,1,0,6,7,7,0,3,4,9,8,9,8,2,0,11,17
530,1229,598918.5,3515125.5,2022,0,0,1,0,6,7,7,0,3,4,9,8,9,8,2,0,11,17
515,1233,598930.5,3515170.5,2022,0,0,1,0,6,7,7,0,3,4,9,8,9,8,2,0,11,17
528,1284,599083.5,3515131.5,2022,0,0,1,0,6,7,7,0,3,4,9,8,9,8,2,0,11,17
516,1315,599176.5,3515167.5,2022,0,0,1,0,6,7,7,0,3,4,9,8,9,8,2,0,11,17
530,1339,599248.5,3515125.5,2022,0,0,1,0,6,7,7,0,3,4,9,3,9,8,2,0,11,17
534,1378,599365.5,3515113.5,2022,0,0,1,3,6,7,7,0,3,4,9,8,9,0,2,8,15,12
528,1394,599413.5,3515131.5,2022,0,0,1,0,6,7,7,0,3,4,9,8,9,8,2,0,11,17
519,1439,599548.5,3515158.5,2022,0,0,1,3,1,7,7,0,3,4,9,8,9,0,6,8,15,12
527,1450,599581.5,3515134.5,2022,0,0,1,0,6,7,7,0,3,4,9,8,9,8,2,0,11,17
530,1486,599689.5,3515125.5,2022,0,0,1,0,6,7,7,0,3,4,9,8,9,8,2,0,11,17
510,1518,599785.5,3515185.5,2022,0,0,1,3,1,7,4,6,2,5,1,9,2,6,9,11,0,6
519,1535,599836.5,3515158.5,2022,0,0,1,0,6,7,7,0,3,4,9,8,9,8,2,0,11,17
514,1562,599917.5,3515173.5,2022,0,0,1,0,6,7,2,7,10,0,5,3,12,8,2,0,11,17
527,1615,600076.5,3515134.5,2022,0,0,1,3,1,2,6,9,8,1,10,13,5,0,6,8,15,12
520,1642,600157.5,3515155.5,2022,0,0,1,3,6,7,7,0,3,4,9,8,9,0,2,0,15,12
534,1660,600211.5,3515113.5,2022,0,0,1,3,1,2,6,9,8,1,10,13,5,0,6,8,15,12
525,1689,600298.5,3515140.5,2022,0,0,1,3,1,2,6,9,8,1,10,13,5,0,6,8,15,12
515,1712,600367.5,3515170.5,2022,0,0,2,3,1,2,6,9,8,1,10,13,5,10,14,9,9,14
518,1758,600505.5,3515161.5,2022,0,0,2,3,1,2,6,9,8,1,10,13,5,10,6,8,9,10
528,1789,600598.5,3515131.5,2022,0,0,1,3,1,2,6,9,8,1,10,13,5,10,6,8,9,12
515,1825,600706.5,3515170.5,2022,0,0,2,3,1,2,6,9,8,1,10,13,5,10,14,9,9,14
527,1856,600799.5,3515134.5,2022,0,0,1,0,6,7,7,0,3,4,9,8,9,0,2,0,11,17
521,1868,600835.5,3515152.5,2022,0,0,1,3,1,0,4,6,2,5,1,1,0,14,9,11,0,1
515,1903,600940.5,3515170.5,2022,0,0,1,3,1,0,4,6,2,5,1,9,2,15,9,11,0,6
525,1928,601015.5,3515140.5,2022,0,0,1,3,1,2,6,9,8,1,10,8,5,0,6,8,15,12
523,1968,601135.5,3515146.5,2022,2,3,0,0,6,3,2,7,10,0,5,3,12,13,13,10,7,0
538,1980,601171.5,3515101.5,2022,2,0,1,0,6,3,2,7,10,0,5,3,12,13,13,10,7,0
526,2020,601291.5,3515137.5,2022,1,1,3,4,2,1,8,2,4,10,4,2,14,2,12,6,14,7
530,2056,601399.5,3515125.5,2022,0,0,1,0,6,3,2,7,10,0,5,3,12,13,13,10,11,17
518,2073,601450.5,3515161.5,2022,0,0,1,0,6,3,2,7,10,0,5,3,12,13,13,10,11,17
533,2108,601555.5,3515116.5,2022,2,3,0,1,2,1,8,3,9,11,2,7,11,9,0,14,5,13
530,2130,601621.5,3515125.5,2022,2,3,0,1,0,4,0,8,7,8,8,0,7,11,16,3,8,8
514,2178,601765.5,3515173.5,2022,2,3,0,1,0,4,0,8,7,8,8,0,7,11,16,3,8,5
519,2191,601804.5,3515158.5,2022,2,3,3,4,2,1,8,3,9,11,2,7,11,9,0,14,5,13
510,2232,601927.5,3515185.5,2022,2,3,0,1,0,4,0,8,7,8,8,0,7,11,16,3,8,8
519,2279,602068.5,3515158.5,2022,2,3,0,1,0,4,0,8,7,8,8,0,7,11,16,3,8,8
535,2307,602152.5,3515110.5,2022,2,3,0,1,0,4,5,1,0,8,8,10,1,5,5,12,6,5
516,2315,602176.5,3515167.5,2022,2,3,0,1,0,4,0,8,7,8,8,0,7,11,16,12,6,5
513,2351,602284.5,3515176.5,2022,2,3,0,1,3,3,5,1,0,6,6,10,1,5,5,15,6,19
519,2389,602398.5,3515158.5,2022,2,3,0,0,3,3,5,1,0,6,6,10,1,5,13,10,10,19
511,2414,602473.5,3515182.5,2022,2,3,0,1,0,4,0,8,7,8,8,0,7,11,16,12,8,5
511,2457,602602.5,3515182.5,2022,0,0,3,4,3,0,4,6,1,9,0,9,2,15,15,7,10,6
519,2471,602644.5,3515158.5,2022,2,3,0,1,0,4,5,8,7,8,8,0,7,11,16,12,6,5
528,2519,602788.5,3515131.5,2022,2,3,0,1,0,4,0,8,7,8,8,0,7,11,16,3,8,8
522,2536,602839.5,3515149.5,2022,2,3,0,1,0,4,0,8,7,8,8,0,7,11,16,12,7,5
517,2570,602941.5,3515164.5,2022,2,3,0,1,0,4,0,8,7,8,8,0,7,11,13,10,7,0
517,2592,603007.5,3515164.5,2022,2,3,0,1,0,4,0,8,7,8,8,0,7,11,16,12,7,0
529,2635,603136.5,3515128.5,2022,2,3,0,0,6,3,2,7,10,0,5,3,12,13,13,10,7,0
522,2652,603187.5,3515149.5,2022,2,3,0,1,0,4,0,8,7,7,11,11,8,13,13,10,7,0
520,2688,603295.5,3515155.5,2022,2,3,0,1,0,3,2,7,10,7,11,3,12,13,13,10,7,0
523,2724,603403.5,3515146.5,2022,2,3,0,1,0,4,0,8,7,7,11,0,7,13,13,10,7,0
536,2746,603469.5,3515107.5,2022,2,3,0,1,0,4,0,8,7,8,8,0,7,11,16,3,8,8
531,2777,603562.5,3515122.5,2022,2,3,0,1,0,3,5,1,0,6,6,10,1,13,13,10,7,0
533,2808,603655.5,3515116.5,2022,2,3,3,4,2,1,8,3,9,11,2,7,11,9,0,14,5,13
536,2820,603691.5,3515107.5,2022,2,3,0,1,0,4,5,1,0,6,6,10,1,5,5,12,6,19
511,2875,603856.5,3515182.5,2022,1,1,3,4,2,1,8,3,9,11,2,7,11,9,0,14,5,13
520,2892,603907.5,3515155.5,2022,1,1,3,4,2,1,8,3,9,11,2,7,11,9,0,14,5,11
518,2924,604003.5,3515161.5,2022,1,1,3,2,2,5,1,4,5,2,12,6,14,2,8,16,18,11
525,2963,604120.5,3515140.5,2022,2,3,3,4,2,1,8,3,9,11,2,7,11,9,0,14,5,13
539,2981,604174.5,3515098.5,2022,1,1,3,4,2,1,8,3,9,11,2,7,11,9,0,14,5,13
511,3012,604267.5,3515182.5,2022,1,1,3,4,2,1,8,3,9,11,2,7,11,9,0,14,5,13
529,3043,604360.5,3515128.5,2022,1,1,3,2,2,5,1,4,5,2,12,2,14,2,8,16,18,11
532,3060,604411.5,3515119.5,2022,1,1,3,2,5,5,1,4,5,2,12,2,14,2,8,6,18,11
515,3105,604546.5,3515170.5,2022,1,1,2,2,5,2,4,6,5,2,12,9,2,15,15,7,13,10
532,3122,604597.5,3515119.5,2022,1,1,2,2,5,5,1,4,5,2,12,6,4,3,8,16,4,9
517,3175,604756.5,3515164.5,2022,1,1,3,4,2,1,8,3,9,11,2,7,11,9,0,14,5,13
529,3198,604825.5,3515128.5,2022,1,1,2,2,5,5,1,4,5,2,12,6,4,3,8,16,4,9
537,3219,604888.5,3515104.5,2022,1,1,3,4,2,1,8,3,9,11,2,7,11,9,0,14,5,13
536,3263,605020.5,3515107.5,2022,2,3,3,4,2,1,8,3,9,11,2,7,11,9,0,14,5,13
523,3298,605125.5,3515146.5,2022,2,3,0,1,0,4,0,8,7,7,11,11,8,5,3,12,6,5
515,3308,605155.5,3515170.5,2022,2,3,3,4,2,1,8,3,9,11,2,7,11,9,0,14,5,13
529,3333,605230.5,3515128.5,2022,2,3,0,1,0,4,0,3,7,11,8,7,11,9,0,12,6,5
555,16,595279.5,3515050.5,2022,0,0,1,3,1,2,7,0,3,4,9,8,9,0,6,8,15,12
548,50,595381.5,3515071.5,2022,0,0,1,3,1,7,7,0,3,4,9,8,9,0,6,8,15,12
560,69,595438.5,3515035.5,2022,1,1,3,4,5,5,4,2,4,10,4,2,0,14,12,6,14,7
551,118,595585.5,3515062.5,2022,0,0,1,3,1,2,7,0,3,4,9,8,9,0,6,8,15,12
549,126,595609.5,3515068.5,2022,0,0,2,3,1,2,6,9,8,1,10,13,5,10,14,9,9,14
546,166,595729.5,3515077.5,2022,0,1,2,3,1,2,6,9,8,1,10,13,0,14,7,1,16,4
550,202,595837.5,3515065.5,2022,0,0,1,3,1,2,6,9,8,1,10,13,5,10,6,8,9,12
566,229,595918.5,3515017.5,2022,0,0,1,3,1,7,7,0,3,4,9,8,9,0,6,8,0,1
555,255,595996.5,3515050.5,2022,0,0,2,3,1,2,6,9,8,1,10,13,5,10,14,8,9,14
544,280,596071.5,3515083.5,2022,0,0,2,3,1,2,6,9,8,1,10,13,5,10,14,9,9,14
558,322,596197.5,3515041.5,2022,1,1,2,2,5,5,6,9,8,1,10,13,0,14,7,1,16,4
540,336,596239.5,3515095.5,2022,0,0,2,3,1,2,6,9,8,1,10,13,5,0,6,8,0,1
548,375,596356.5,3515071.5,2022,0,1,2,3,1,5,4,2,4,10,4,2,0,14,7,1,0,1
563,405,596446.5,3515026.5,2022,0,0,1,3,1,7,7,0,3,4,9,1,0,0,6,8,0,1
552,428,596515.5,3515059.5,2022,0,0,1,3,6,7,7,0,3,4,9,8,9,0,6,8,15,1
556,477,596662.5,3515047.5,2022,0,0,1,0,6,7,7,0,3,4,9,1,9,8,2,0,0,1
569,503,596740.5,3515008.5,2022,0,0,1,0,6,3,2,7,10,0,5,3,12,8,2,0,11,17
545,530,596821.5,3515080.5,2022,0,0,1,0,6,3,2,7,10,0,5,3,12,13,10,17,11,16
562,550,596881.5,3515029.5,2022,0,0,1,0,6,3,2,7,10,0,5,3,12,13,10,17,12,16
565,574,596953.5,3515020.5,2022,0,0,1,0,6,3,2,7,10,0,5,3,12,6,10,17,12,16
568,615,597076.5,3515011.5,2022,0,0,1,3,1,7,7,0,2,5,1,1,13,6,9,11,0,1
543,654,597193.5,3515086.5,2022,1,1,2,2,5,5,1,2,4,10,4,2,0,14,7,1,16,4
549,673,597250.5,3515068.5,2022,0,0,1,0,6,7,7,0,3,4,9,1,13,6,9,11,0,1
569,706,597349.5,3515008.5,2022,0,0,1,3,3,0,4,2,4,10,4,1,13,6,9,11,0,1
562,737,597442.5,3515029.5,2022,0,0,1,3,1,7,4,0,2,5,1,1,13,6,9,11,0,1
550,776,597559.5,3515065.5,2022,0,0,1,0,3,0,4,6,2,5,1,1,13,6,9,11,0,1
546,804,597643.5,3515077.5,2022,0,0,1,0,6,7,7,0,2,5,1,1,13,6,9,11,0,1
552,823,597700.5,3515059.5,2022,0,0,1,0,6,7,2,7,10,0,5,1,13,6,10,17,12,16
559,857,597802.5,3515038.5,2022,0,0,1,0,6,7,2,7,3,0,5,3,12,8,2,0,11,17
568,873,597850.5,3515011.5,2022,0,0,1,0,6,7,7,0,3,4,9,8,9,8,2,0,11,17
568,924,598003.5,3515011.5,2022,0,0,1,0,6,7,7,0,3,4,9,8,9,8,2,0,11,17
553,947,598072.5,3515056.5,2022,0,0,1,3,1,7,7,0,3,4,9,8,9,0,2,8,15,12
560,976,598159.5,3515035.5,2022,0,0,1,0,6,7,7,0,3,4,9,8,9,8,2,0,11,17
543,999,598228.5,3515086.5,2022,0,0,1,3,1,7,7,0,3,4,9,8,9,0,6,8,15,12
560,1020,598291.5,3515035.5,2022,0,0,1,3,6,7,7,0,3,4,9,8,9,8,2,0,15,17
550,1078,598465.5,3515065.5,2022,0,0,1,3,1,7,7,0,3,4,9,8,9,0,2,8,15,12
566,1089,598498.5,3515017.5,2022,0,0,1,3,1,2,7,0,3,4,9,8,9,0,6,8,0,1
556,1136,598639.5,3515047.5,2022,0,0,1,0,6,7,7,0,3,4,9,3,9,8,2,0,11,17
562,1147,598672.5,3515029.5,2022,0,0,1,0,6,7,7,0,3,4,9,8,9,8,2,0,11,17
550,1188,598795.5,3515065.5,2022,0,0,1,0,6,7,7,0,3,4,9,8,9,8,2,0,11,17
546,1211,598864.5,3515077.5,2022,0,0,1,0,6,7,7,0,3,4,9,8,9,8,2,0,11,17
562,1237,598942.5,3515029.5,2022,0,0,1,3,1,7,7,0,2,5,1,8,9,0,6,8,0,1
567,1277,599062.5,3515014.5,2022,0,0,1,3,6,7,7,0,3,4,9,8,9,8,2,0,15,17
565,1314,599173.5,3515020.5,2022,0,0,1,0,6,7,7,0,3,4,9,8,9,8,2,0,11,17
542,1320,599191.5,3515089.5,2022,0,0,1,0,6,7,7,0,3,4,9,8,9,8,2,0,11,17
560,1355,599296.5,3515035.5,2022,0,0,1,0,6,7,7,0,3,4,9,8,9,8,2,0,11,17
569,1390,599401.5,3515008.5,2022,0,0,1,3,6,7,7,0,3,4,9,8,9,0,2,0,15,12
556,1432,599527.5,3515047.5,2022,0,0,1,0,6,7,7,0,3,4,9,8,9,8,2,0,15,17
562,1447,599572.5,3515029.5,2022,0,0,1,3,1,2,6,9,8,1,10,8,9,0,6,8,15,12
546,1480,599671.5,3515077.5,2022,0,0,1,3,6,7,7,0,3,4,9,8,9,0,2,0,15,12
564,1527,599812.5,3515023.5,2022,0,0,1,3,1,2,6,9,8,1,10,13,5,0,6,8,15,12
546,1553,599890.5,3515077.5,2022,0,0,1,3,1,2,6,9,8,1,10,13,5,0,6,8,15,12
540,1561,599914.5,3515095.5,2022,0,0,1,3,1,7,7,0,3,4,9,8,9,0,6,8,15,12
559,1596,600019.5,3515038.5,2022,0,0,1,3,1,2,7,0,3,4,9,8,9,0,6,8,15,12
561,1640,600151.5,3515032.5,2022,0,0,1,3,1,2,6,9,8,4,9,8,5,0,6,8,15,12
547,1663,600220.5,3515074.5,2022,0,0,1,3,1,7,7,0,3,4,9,8,9,0,6,8,15,12
544,1693,600310.5,3515083.5,2022,0,0,2,3,1,2,6,9,8,1,10,13,5,10,14,9,9,14
543,1733,600430.5,3515086.5,2022,0,0,2,3,1,2,6,9,8,1,10,13,5,10,14,9,9,14
559,1755,600496.5,3515038.5,2022,0,1,2,3,1,2,6,9,8,1,10,13,5,10,14,9,9,14
568,1782,600577.5,3515011.5,2022,0,1,2,3,1,2,6,9,8,1,10,13,5,10,14,9,9,14
546,1817,600682.5,3515077.5,2022,1,1,2,2,5,2,6,9,8,1,10,13,5,10,14,9,9,14
567,1833,600730.5,3515014.5,2022,0,0,1,3,1,7,7,0,3,4,9,8,9,0,6,8,15,12
555,1861,600814.5,3515050.5,2022,0,1,2,3,5,0,4,2,4,10,4,2,0,14,9,1,16,1
544,1895,600916.5,3515083.5,2022,0,0,1,3,1,2,6,9,8,1,10,13,5,0,6,8,15,12
561,1930,601021.5,3515032.5,2022,0,0,2,3,1,2,6,9,8,1,10,13,5,10,14,9,9,14
547,1964,601123.5,3515074.5,2022,0,0,1,0,6,7,2,7,10,0,5,3,12,6,9,11,10,6
541,1997,601222.5,3515092.5,2022,0,0,1,0,6,7,7,0,3,4,9,8,9,8,2,0,11,17
545,2035,601336.5,3515080.5,2022,2,3,0,0,6,3,2,7,10,0,5,3,12,13,13,10,7,0
559,2069,601438.5,3515038.5,2022,2,3,0,0,3,3,5,1,0,6,6,10,1,5,5,15,10,19
568,2094,601513.5,3515011.5,2022,2,3,0,1,0,4,0,8,7,8,8,0,7,11,16,3,8,8
551,2101,601534.5,3515062.5,2022,2,3,0,1,0,4,0,8,7,8,8,0,7,11,16,12,6,5
560,2133,601630.5,3515035.5,2022,2,3,0,1,0,4,0,8,7,8,8,0,7,11,16,3,8,8
548,2186,601789.5,3515071.5,2022,2,3,0,1,0,4,0,8,7,8,8,0,7,11,16,3,8,5
554,2212,601867.5,3515053.5,2022,2,3,0,1,0,4,0,8,7,8,8,0,1,5,5,12,6,5
559,2222,601897.5,3515038.5,2022,2,3,0,1,0,4,0,8,7,8,8,0,7,11,16,12,8,5
556,2266,602029.5,3515047.5,2022,2,3,0,1,0,4,0,8,7,8,8,0,7,11,16,12,8,5
560,2291,602104.5,3515035.5,2022,2,3,0,1,0,4,0,8,7,8,8,0,7,11,16,3,8,8
549,2337,602242.5,3515068.5,2022,0,0,1,0,3,0,4,6,2,5,1,9,2,13,13,10,10,6
555,2350,602281.5,3515050.5,2022,2,3,0,1,3,3,5,1,0,6,6,10,1,5,5,15,6,19
569,2394,602413.5,3515008.5,2022,2,3,0,0,0,3,2,7,10,0,5,3,12,13,13,10,7,0
550,2425,602506.5,3515065.5,2022,2,3,0,0,6,3,2,7,10,0,5,3,12,13,13,10,7,0
559,2438,602545.5,3515038.5,2022,2,3,0,1,0,3,2,7,10,7,11,3,12,13,13,10,7,0
553,2475,602656.5,3515056.5,2022,2,3,0,0,6,3,2,7,10,0,5,3,12,13,13,10,7,0
548,2500,602731.5,3515071.5,2022,2,3,0,0,6,3,2,7,10,0,5,3,12,13,13,10,7,0
554,2541,602854.5,3515053.5,2022,2,3,0,1,0,4,0,8,7,8,8,0,7,11,16,3,8,8
541,2567,602932.5,3515092.5,2022,2,3,0,1,0,4,0,8,7,7,11,0,7,13,13,10,7,0
545,2591,603004.5,3515080.5,2022,2,3,0,1,0,3,0,8,10,7,11,3,12,13,13,10,7,0
546,2623,603100.5,3515077.5,2022,2,3,0,1,0,4,0,8,7,8,8,0,7,11,16,3,7,0
559,2644,603163.5,3515038.5,2022,2,3,0,0,6,3,2,7,10,0,5,3,12,13,13,10,7,0
553,2689,603298.5,3515056.5,2022,2,3,0,1,0,4,0,8,7,8,8,0,7,11,16,3,8,8
541,2710,603361.5,3515092.5,2022,2,3,0,1,0,4,0,8,7,8,8,0,7,11,16,3,8,8
558,2753,603490.5,3515041.5,2022,2,3,0,1,0,4,0,8,7,8,8,0,7,11,16,3,8,8
544,2786,603589.5,3515083.5,2022,2,3,0,1,0,4,0,8,7,7,11,11,1,13,13,10,7,0
566,2804,603643.5,3515017.5,2022,2,3,0,1,0,4,0,8,7,8,8,0,7,11,16,3,8,5
550,2840,603751.5,3515065.5,2022,2,3,0,1,0,4,0,8,7,8,8,0,7,11,16,12,6,5
546,2874,603853.5,3515077.5,2022,1,1,3,4,2,1,8,3,9,11,2,7,14,2,12,6,18,11
559,2880,603871.5,3515038.5,2022,1,1,3,4,2,1,8,3,9,11,2,7,11,9,0,14,5,13
563,2926,604009.5,3515026.5,2022,1,1,3,4,2,1,8,2,4,10,4,2,14,2,12,6,14,7
563,2948,604075.5,3515026.5,2022,2,3,3,4,2,1,8,3,9,11,2,7,11,9,0,14,5,13
543,2986,604189.5,3515086.5,2022,2,3,0,1,0,4,5,1,0,6,6,10,1,5,5,12,6,19
562,3014,604273.5,3515029.5,2022,1,3,3,4,2,1,8,3,9,11,2,7,11,9,0,14,5,13
553,3046,604369.5,3515056.5,2022,2,3,0,0,3,3,5,1,0,6,6,10,1,5,5,15,10,19
564,3082,604477.5,3515023.5,2022,2,3,3,4,2,1,8,3,9,11,2,7,11,9,0,14,5,13
542,3119,604588.5,3515089.5,2022,1,1,2,2,5,5,1,4,5,2,12,6,4,3,8,16,18,9
554,3138,604645.5,3515053.5,2022,1,1,3,4,2,1,8,3,9,11,2,7,14,2,12,6,18,11
569,3179,604768.5,3515008.5,2022,2,3,3,4,2,1,8,3,9,11,2,7,11,9,0,14,5,13
560,3190,604801.5,3515035.5,2022,2,3,0,1,0,4,0,3,9,8,8,0,11,9,16,3,8,13
561,3227,604912.5,3515032.5,2022,2,3,3,4,2,1,8,3,9,11,2,7,11,9,0,14,5,13
562,3249,604978.5,3515029.5,2022,1,1,3,4,2,1,8,3,9,11,2,7,11,9,0,14,5,13
559,3290,605101.5,3515038.5,2022,2,3,0,1,0,3,5,1,0,6,6,10,1,5,5,10,6,19
542,3323,605200.5,3515089.5,2022,2,3,3,4,2,1,8,3,9,11,2,7,11,9,0,14,5,13
560,3331,605224.5,3515035.5,2022,2,3,3,4,2,1,8,3,9,11,2,7,11,9,0,14,5,13
590,2,595237.5,3514945.5,2022,0,0,1,3,1,7,7,0,3,4,9,8,9,0,6,8,15,12
572,50,595381.5,3514999.5,2022,1,1,3,2,5,5,1,2,4,10,4,2,0,14,12,6,16,7
575,70,595441.5,3514990.5,2022,0,0,1,3,1,7,7,0,3,4,9,8,9,0,6,8,15,12
586,116,595579.5,3514957.5,2022,0,0,2,3,1,2,6,9,8,1,10,13,5,0,6,8,9,12
587,132,595627.5,3514954.5,2022,0,0,2,3,1,2,6,9,8,1,10,13,5,0,6,8,0,1
583,173,595750.5,3514966.5,2022,0,0,1,3,1,7,7,0,3,4,9,8,9,0,2,8,15,12
585,188,595795.5,3514960.5,2022,0,0,1,3,6,7,7,0,3,4,9,8,9,0,2,8,15,12
579,217,595882.5,3514978.5,2022,0,0,2,3,1,2,6,9,8,1,10,13,5,10,14,9,9,14
578,247,595972.5,3514981.5,2022,0,0,1,0,6,7,7,0,3,4,9,8,9,8,2,0,0,1
591,283,596080.5,3514942.5,2022,0,0,1,3,1,2,7,0,3,4,9,8,9,0,6,8,15,12
582,316,596179.5,3514969.5,2022,1,1,2,2,5,2,6,9,8,1,10,13,5,10,14,9,9,14
595,349,596278.5,3514930.5,2022,0,1,2,3,1,2,6,9,8,1,10,13,0,14,7,1,16,4
589,386,596389.5,3514948.5,2022,0,0,1,3,6,7,7,0,3,4,9,8,9,8,2,0,15,17
586,407,596452.5,3514957.5,2022,0,0,1,0,6,7,7,0,3,4,9,1,13,6,10,17,0,1
595,438,596545.5,3514930.5,2022,0,0,1,3,1,7,7,0,3,4,9,8,9,0,6,8,0,1
571,462,596617.5,3515002.5,2022,0,0,1,0,6,7,7,0,3,4,9,1,13,6,10,11,0,1
572,500,596731.5,3514999.5,2022,0,0,1,0,6,3,2,7,10,0,5,3,12,8,10,17,12,16
578,525,596806.5,3514981.5,2022,0,0,1,0,6,3,2,7,10,0,5,3,12,8,2,0,11,17
593,552,596887.5,3514936.5,2022,0,0,1,3,1,7,7,0,3,4,9,1,13,6,6,11,0,1
573,572,596947.5,3514996.5,2022,0,0,1,3,1,7,7,0,3,4,9,8,9,0,6,8,15,12
575,600,597031.5,3514990.5,2022,0,0,1,3,1,2,6,9,8,1,10,13,5,0,6,8,15,12
576,633,597130.5,3514987.5,2022,0,0,1,0,6,7,2,7,10,0,5,1,13,8,10,17,11,16
595,670,597241.5,3514930.5,2022,0,0,1,0,6,7,2,7,10,0,5,1,13,8,10,17,12,16
571,716,597379.5,3515002.5,2022,1,1,3,4,3,0,4,6,2,5,1,9,2,15,9,11,0,7
588,741,597454.5,3514951.5,2022,2,3,1,0,6,3,2,7,10,0,5,3,12,1,10,17,12,16
575,750,597481.5,3514990.5,2022,0,0,1,0,6,7,2,0,2,5,1,1,13,6,10,17,0,1
592,798,597625.5,3514939.5,2022,2,0,1,0,6,3,2,7,10,0,5,3,12,8,10,17,12,16
577,813,597670.5,3514984.5,2022,0,0,1,0,3,0,4,6,2,5,1,1,13,6,9,11,0,1
584,867,597832.5,3514963.5,2022,0,0,1,0,6,7,7,0,3,4,9,8,9,8,2,0,11,17
575,880,597871.5,3514990.5,2022,0,0,1,0,6,7,7,0,3,4,9,8,9,8,2,0,11,17
596,907,597952.5,3514927.5,2022,0,0,1,0,6,7,7,0,3,4,9,8,9,8,2,0,11,17
584,952,598087.5,3514963.5,2022,0,0,1,0,6,7,7,0,3,4,9,8,9,8,2,0,11,17
576,974,598153.5,3514987.5,2022,0,0,1,3,6,7,7,0,3,4,9,8,9,8,2,0,15,17
594,993,598210.5,3514933.5,2022,0,0,1,0,6,7,7,0,3,4,9,8,9,8,2,0,11,17
579,1034,598333.5,3514978.5,2022,0,0,1,0,6,7,7,0,3,4,9,8,9,8,2,0,11,17
596,1069,598438.5,3514927.5,2022,0,0,1,0,6,7,7,0,3,4,9,8,9,8,2,0,11,17
571,1092,598507.5,3515002.5,2022,0,0,1,0,6,7,7,0,3,4,9,8,9,8,2,0,11,17
580,1111,598564.5,3514975.5,2022,0,0,1,0,6,7,7,0,3,4,5,3,12,8,2,0,11,17
581,1148,598675.5,3514972.5,2022,0,0,1,0,6,7,7,0,3,4,9,8,9,8,2,0,11,17
594,1191,598804.5,3514933.5,2022,0,0,1,3,1,2,7,0,3,4,9,8,9,0,6,8,15,12
589,1205,598846.5,3514948.5,2022,0,0,1,3,1,2,7,0,3,4,9,8,9,0,6,8,15,12
579,1233,598930.5,3514978.5,2022,0,0,1,3,1,7,7,0,3,4,9,8,9,0,6,8,15,12
592,1273,599050.5,3514939.5,2022,0,0,1,0,6,7,7,0,3,4,9,8,9,8,2,0,11,17
571,1316,599179.5,3515002.5,2022,0,0,1,3,6,7,7,0,3,4,9,8,9,0,2,0,15,17
574,1341,599254.5,3514993.5,2022,0,0,1,0,6,7,7,0,3,4,9,8,9,8,2,0,11,17
588,1354,599293.5,3514951.5,2022,0,0,1,0,6,7,7,0,3,4,9,8,9,8,2,0,11,17
593,1386,599389.5,3514936.5,2022,0,0,1,3,1,7,7,0,3,4,9,8,9,0,6,8,15,12
580,1420,599491.5,3514975.5,2022,0,0,1,3,1,2,7,0,3,4,9,8,9,0,6,8,15,12
575,1463,599620.5,3514990.5,2022,0,0,1,3,1,2,6,9,8,1,10,13,5,10,14,8,9,12
589,1492,599707.5,3514948.5,2022,0,0,2,3,1,2,6,9,8,1,10,13,5,10,14,9,9,14
581,1526,599809.5,3514972.5,2022,0,0,1,3,1,7,7,0,3,4,9,8,9,0,6,8,15,12
597,1538,599845.5,3514924.5,2022,0,0,1,3,1,2,6,9,8,1,10,13,5,0,6,8,15,12
596,1578,599965.5,3514927.5,2022,0,0,1,3,1,2,7,0,3,4,9,8,9,0,6,8,15,12
585,1611,600064.5,3514960.5,2022,0,0,1,3,1,2,6,9,8,1,10,13,5,10,6,8,9,12
587,1638,600145.5,3514954.5,2022,0,0,1,3,1,2,7,0,8,4,9,8,9,0,6,8,15,12
585,1666,600229.5,3514960.5,2022,0,0,1,3,1,2,7,0,8,4,9,8,9,0,6,8,15,12
592,1688,600295.5,3514939.5,2022,0,0,1,3,1,7,7,0,3,4,9,8,9,0,6,8,15,12
598,1723,600400.5,3514921.5,2022,0,0,2,3,1,2,6,9,8,1,10,13,5,10,6,8,9,14
596,1763,600520.5,3514927.5,2022,0,0,2,3,1,2,6,9,8,1,10,13,5,10,14,9,9,14
579,1798,600625.5,3514978.5,2022,1,1,2,3,1,2,6,9,8,1,10,9,2,15,15,7,13,10
577,1811,600664.5,3514984.5,2022,0,1,2,3,1,2,6,9,8,1,10,13,5,10,14,9,9,14
576,1841,600754.5,3514987.5,2022,0,0,1,3,1,7,7,0,2,5,9,1,9,0,6,11,0,1
593,1887,600892.5,3514936.5,2022,0,0,1,3,1,2,4,6,2,5,1,9,2,15,9,11,0,1
589,1901,600934.5,3514948.5,2022,0,0,1,3,1,2,4,6,2,5,1,9,2,15,6,7,13,10
574,1949,601078.5,3514993.5,2022,0,0,1,3,1,2,7,0,3,4,9,8,9,0,6,8,15,12
580,1972,601147.5,3514975.5,2022,0,0,1,0,6,3,2,7,10,0,5,3,12,13,13,10,10,6
584,1999,601228.5,3514963.5,2022,0,0,1,0,6,3,2,7,10,0,5,3,12,13,13,10,11,17
587,2020,601291.5,3514954.5,2022,2,3,0,0,6,3,2,7,10,0,5,3,12,13,13,10,7,0
597,2062,601417.5,3514924.5,2022,2,3,0,1,0,4,0,8,7,8,8,0,7,11,16,3,8,8
571,2091,601504.5,3515002.5,2022,2,3,0,1,0,4,0,8,7,8,8,0,7,11,16,3,8,8
592,2115,601576.5,3514939.5,2022,0,0,1,3,3,0,4,6,2,5,1,9,2,15,15,7,10,6
599,2140,601651.5,3514918.5,2022,2,3,0,1,0,4,0,8,7,8,8,0,7,11,13,10,7,0
583,2177,601762.5,3514966.5,2022,2,3,0,1,0,4,0,8,7,8,8,0,7,11,16,10,7,0
594,2196,601819.5,3514933.5,2022,2,3,0,1,0,4,0,8,7,8,8,0,7,11,16,12,7,0
582,2228,601915.5,3514969.5,2022,2,3,0,1,0,4,0,8,7,8,8,0,7,11,16,12,8,5
593,2267,602032.5,3514936.5,2022,2,3,0,1,0,4,0,8,7,8,8,0,7,11,16,3,8,5
588,2284,602083.5,3514951.5,2022,2,3,0,1,0,4,0,8,7,8,8,0,7,11,16,3,7,0
599,2320,602191.5,3514918.5,2022,2,3,0,0,0,3,2,7,10,0,11,3,12,13,13,10,7,0
580,2344,602263.5,3514975.5,2022,0,0,1,0,6,7,2,7,10,0,5,3,12,8,2,0,11,17
574,2377,602362.5,3514993.5,2022,2,3,0,1,0,3,2,7,10,7,11,3,12,13,13,10,7,0
585,2411,602464.5,3514960.5,2022,2,3,0,0,0,3,2,7,10,0,5,3,12,13,13,10,7,0
597,2444,602563.5,3514924.5,2022,2,3,0,1,0,4,0,8,7,8,8,0,7,11,16,12,8,5
573,2489,602698.5,3514996.5,2022,2,3,0,1,0,3,2,7,10,0,11,3,12,13,13,10,7,0
572,2493,602710.5,3514999.5,2022,2,3,0,1,0,4,0,8,7,7,11,11,8,13,13,10,7,0
575,2521,602794.5,3514990.5,2022,2,3,0,1,0,4,0,8,7,7,11,0,1,13,13,10,7,0
582,2570,602941.5,3514969.5,2022,2,3,0,1,0,4,0,8,7,8,8,0,7,11,16,10,7,0
596,2585,602986.5,3514927.5,2022,2,3,0,1,0,3,2,7,10,0,5,3,12,13,13,10,7,0
586,2615,603076.5,3514957.5,2022,2,3,0,0,6,3,2,7,10,0,5,3,12,13,13,10,7,0
582,2666,603229.5,3514969.5,2022,2,3,0,1,0,4,0,8,7,7,11,11,8,13,13,10,7,0
575,2682,603277.5,3514990.5,2022,2,3,0,1,0,4,0,8,7,7,11,11,8,13,13,10,7,0
587,2700,603331.5,3514954.5,2022,2,3,0,1,0,4,0,8,7,8,8,0,7,11,16,3,8,5
588,2730,603421.5,3514951.5,2022,2,3,0,1,0,3,2,7,10,7,11,3,12,13,13,10,7,0
570,2780,603571.5,3515005.5,2022,2,3,0,1,0,3,2,7,10,7,11,10,1,13,13,10,7,0
598,2812,603667.5,3514921.5,2022,1,1,3,4,2,1,8,3,9,11,2,2,14,2,12,6,18,11
596,2836,603739.5,3514927.5,2022,2,3,0,1,0,4,0,8,7,8,8,0,7,11,16,12,8,5
574,2879,603868.5,3514993.5,2022,2,3,0,1,0,4,0,8,7,8,8,0,7,11,16,3,7,0
597,2881,603874.5,3514924.5,2022,2,3,0,1,0,4,5,1,0,6,6,10,1,5,5,12,6,19
587,2934,604033.5,3514954.5,2022,1,1,3,4,2,1,8,3,9,11,2,7,11,9,0,14,5,13
597,2954,604093.5,3514924.5,2022,2,3,0,1,0,4,0,8,7,8,8,0,7,11,16,12,6,5
582,2997,604222.5,3514969.5,2022,2,3,0,1,0,4,0,8,7,8,8,0,7,11,16,12,6,5
593,3026,604309.5,3514936.5,2022,2,3,3,4,2,1,8,3,9,11,2,7,11,9,0,14,5,13
571,3048,604375.5,3515002.5,2022,1,1,3,2,5,5,1,4,5,2,12,6,4,3,8,16,18,11
570,3064,604423.5,3515005.5,2022,1,1,3,4,2,1,8,2,4,10,4,2,14,2,12,6,18,11
585,3114,604573.5,3514960.5,2022,1,1,2,2,5,5,1,4,5,2,12,6,4,3,8,16,4,9
571,3146,604669.5,3515002.5,2022,1,1,3,4,2,1,8,3,9,11,2,7,11,9,0,14,5,13
571,3167,604732.5,3515002.5,2022,1,1,3,2,5,5,1,4,5,2,12,6,4,3,8,16,18,11
589,3196,604819.5,3514948.5,2022,2,3,0,1,2,4,0,3,9,11,8,7,11,9,0,14,5,13
572,3233,604930.5,3514999.5,2022,2,3,0,4,0,4,5,1,0,6,6,10,1,5,5,12,6,19
571,3255,604996.5,3515002.5,2022,2,3,3,4,2,1,8,3,9,11,2,7,11,9,0,14,5,13
598,3277,605062.5,3514921.5,2022,1,1,3,4,2,1,8,3,9,11,2,2,14,2,12,6,18,11
576,3322,605197.5,3514987.5,2022,2,3,3,4,2,1,8,3,9,11,2,7,11,9,0,14,5,13
576,3333,605230.5,3514987.5,2022,2,3,3,4,2,1,8,3,9,11,2,7,11,9,0,14,5,13
604,27,595312.5,3514903.5,2022,1,1,2,2,5,5,1,2,4,10,4,2,0,14,12,1,16,4
626,48,595375.5,3514837.5,2022,0,1,2,3,1,2,6,9,8,1,10,13,5,10,14,9,9,14
617,63,595420.5,3514864.5,2022,0,0,2,3,1,2,6,9,8,1,10,13,5,0,6,8,9,12
607,119,595588.5,3514894.5,2022,0,0,1,0,6,7,7,0,3,4,9,8,9,8,2,0,11,17
624,139,595648.5,3514843.5,2022,0,0,1,3,1,7,7,0,3,4,9,8,9,0,6,8,0,1
627,175,595756.5,3514834.5,2022,0,0,1,0,6,7,2,7,10,0,5,3,12,8,2,0,11,17
629,181,595774.5,3514828.5,2022,0,0,1,0,6,7,2,7,10,0,5,3,12,8,2,0,11,17
602,216,595879.5,3514909.5,2022,0,0,1,3,1,7,7,0,3,4,9,8,9,0,6,8,15,12
604,260,596011.5,3514903.5,2022,0,0,1,3,1,7,7,0,3,4,9,8,9,0,6,8,15,12
617,272,596047.5,3514864.5,2022,0,0,1,3,1,7,7,0,3,4,9,8,9,0,6,8,15,12
626,322,596197.5,3514837.5,2022,0,0,1,3,1,7,7,0,2,5,1,1,13,0,6,11,0,1
617,344,596263.5,3514864.5,2022,0,0,1,0,6,7,7,0,3,4,9,8,9,8,2,0,11,17
609,361,596314.5,3514888.5,2022,0,0,1,0,6,7,7,0,3,4,9,8,9,8,2,0,11,17
626,407,596452.5,3514837.5,2022,0,0,1,3,1,2,7,0,3,4,9,8,9,0,6,8,15,12
613,421,596494.5,3514876.5,2022,0,0,1,0,6,7,7,0,3,4,9,8,9,8,2,0,11,17
617,456,596599.5,3514864.5,2022,0,0,1,3,1,7,7,0,3,4,9,8,9,0,6,8,15,12
611,490,596701.5,3514882.5,2022,0,0,1,0,6,7,7,0,3,4,9,8,9,0,2,0,0,1
623,520,596791.5,3514846.5,2022,0,1,3,4,3,0,4,2,4,10,4,2,0,14,12,6,14,7
601,549,596878.5,3514912.5,2022,0,0,1,3,1,7,7,0,3,4,9,1,13,0,6,11,0,1
614,572,596947.5,3514873.5,2022,1,1,3,4,2,1,8,2,4,10,4,2,14,2,12,6,18,11
623,612,597067.5,3514846.5,2022,0,0,1,0,3,0,4,0,2,5,1,1,13,6,9,11,0,1
616,644,597163.5,3514867.5,2022,0,1,3,4,3,0,4,6,2,5,1,1,13,6,9,11,0,7
624,662,597217.5,3514843.5,2022,1,1,3,4,3,0,4,2,1,9,4,5,10,12,1,4,1,7
605,692,597307.5,3514900.5,2022,0,0,3,4,3,0,4,6,2,5,1,1,13,6,9,11,0,1
608,722,597397.5,3514891.5,2022,1,1,3,4,2,1,8,2,4,10,4,2,14,2,12,6,14,7
621,754,597493.5,3514852.5,2022,0,0,1,0,6,3,2,7,10,0,5,3,12,8,10,17,12,16
628,800,597631.5,3514831.5,2022,1,1,2,2,5,5,1,4,5,2,12,6,0,3,7,1,16,4
612,820,597691.5,3514879.5,2022,0,0,1,0,6,3,2,7,10,0,5,3,12,8,10,17,11,16
606,846,597769.5,3514897.5,2022,0,0,1,0,6,7,2,7,10,0,5,3,12,8,2,0,11,17
607,893,597910.5,3514894.5,2022,0,0,1,0,6,7,2,7,10,0,5,3,12,8,2,0,11,17
600,929,598018.5,3514915.5,2022,0,0,1,0,6,7,7,0,3,4,9,8,9,8,2,0,11,17
601,932,598027.5,3514912.5,2022,0,0,1,0,6,7,7,0,3,4,9,8,9,8,2,0,11,17
607,989,598198.5,3514894.5,2022,0,0,1,0,6,7,7,0,3,4,9,8,9,8,2,0,11,17
613,996,598219.5,3514876.5,2022,0,0,1,0,6,7,2,7,3,0,5,3,12,8,2,0,11,17
621,1021,598294.5,3514852.5,2022,0,0,1,0,6,7,2,7,10,0,5,3,12,8,2,0,11,17
627,1066,598429.5,3514834.5,2022,0,0,1,0,6,7,7,0,3,4,5,3,12,8,2,0,11,17
615,1104,598543.5,3514870.5,2022,0,0,1,0,6,7,2,7,10,0,5,3,12,8,2,0,11,17
604,1111,598564.5,3514903.5,2022,0,0,1,0,6,7,2,7,10,0,5,3,12,8,2,0,11,17
615,1167,598732.5,3514870.5,2022,0,0,1,0,6,7,7,0,3,4,9,8,9,8,2,0,11,17
627,1174,598753.5,3514834.5,2022,0,0,1,3,1,7,7,0,3,4,9,8,9,0,6,8,0,1
618,1205,598846.5,3514861.5,2022,0,0,1,0,6,7,7,0,3,4,9,8,9,8,2,0,11,17
624,1250,598981.5,3514843.5,2022,0,0,1,0,6,7,7,0,3,4,9,8,9,8,2,0,11,17
616,1278,599065.5,3514867.5,2022,0,0,1,3,1,7,7,0,3,4,9,8,9,0,6,8,15,12
614,1313,599170.5,3514873.5,2022,0,0,1,3,1,7,7,0,2,5,1,8,9,0,9,11,0,1
625,1323,599200.5,3514840.5,2022,0,0,1,3,1,7,7,0,3,4,9,8,9,0,6,8,15,12
605,1374,599353.5,3514900.5,2022,0,0,1,3,6,7,7,0,3,4,9,8,9,8,2,0,15,17
612,1388,599395.5,3514879.5,2022,0,0,1,3,1,7,7,0,3,4,9,8,9,0,2,8,15,12
602,1426,599509.5,3514909.5,2022,0,0,1,3,1,7,7,0,3,4,9,8,9,0,6,8,15,12
627,1455,599596.5,3514834.5,2022,0,0,1,3,1,7,7,0,3,4,9,8,9,0,6,8,15,12
629,1473,599650.5,3514828.5,2022,0,0,1,3,1,7,7,0,3,4,9,8,9,0,6,8,15,12
627,1509,599758.5,3514834.5,2022,0,0,1,3,6,7,7,0,3,4,9,8,9,8,2,0,15,17
620,1548,599875.5,3514855.5,2022,0,0,1,3,1,7,7,0,3,4,9,8,9,0,2,8,15,12
622,1570,599941.5,3514849.5,2022,0,0,1,3,1,7,7,0,3,4,9,8,9,0,6,8,15,12
628,1599,600028.5,3514831.5,2022,0,0,1,3,6,7,7,0,3,4,9,8,9,0,2,0,15,12
613,1647,600172.5,3514876.5,2022,0,0,1,3,1,2,6,9,8,1,10,13,5,0,6,8,15,12
613,1650,600181.5,3514876.5,2022,0,0,1,3,1,2,6,9,8,1,10,13,5,0,6,8,15,12
600,1707,600352.5,3514915.5,2022,0,0,1,3,1,2,6,9,8,1,10,13,5,0,6,8,15,12
601,1715,600376.5,3514912.5,2022,0,0,1,3,1,2,6,9,8,1,10,13,5,0,6,8,15,12
605,1762,600517.5,3514900.5,2022,0,0,2,3,1,2,6,9,8,1,10,13,5,10,14,9,9,14
620,1773,600550.5,3514855.5,2022,0,0,1,3,1,2,6,9,8,1,10,13,5,0,6,8,15,12
610,1822,600697.5,3514885.5,2022,0,1,2,3,1,2,6,9,8,1,10,13,0,14,7,1,16,4
623,1830,600721.5,3514846.5,2022,1,1,2,2,5,5,1,2,4,10,4,2,0,14,7,1,16,4
620,1872,600847.5,3514855.5,2022,0,0,2,3,1,2,6,9,8,1,10,13,5,10,14,9,9,14
624,1914,600973.5,3514843.5,2022,0,0,1,3,1,2,6,9,8,1,10,8,5,0,6,8,15,12
605,1926,601009.5,3514900.5,2022,0,0,2,3,1,2,6,9,8,1,10,13,5,10,6,8,9,12
615,1978,601165.5,3514870.5,2022,2,3,0,1,0,4,0,8,7,8,8,0,7,11,16,12,6,5
612,2005,601246.5,3514879.5,2022,2,3,0,1,0,4,5,1,0,6,6,10,1,5,5,12,6,5
626,2021,601294.5,3514837.5,2022,2,3,0,1,0,4,0,8,7,8,8,0,7,11,16,3,8,5
625,2044,601363.5,3514840.5,2022,2,3,0,1,0,4,0,8,7,8,8,0,7,11,16,3,8,8
606,2074,601453.5,3514897.5,2022,2,3,0,1,0,4,0,8,7,8,8,0,7,11,16,12,6,5
625,2107,601552.5,3514840.5,2022,2,3,0,1,0,4,5,1,0,6,6,10,1,5,5,12,6,5
623,2159,601708.5,3514846.5,2022,2,3,0,1,0,4,0,8,0,7,11,11,8,1,3,12,6,18
622,2188,601795.5,3514849.5,2022,2,3,0,1,0,4,0,8,7,8,8,0,7,11,16,12,8,5
628,2197,601822.5,3514831.5,2022,2,3,0,1,0,4,0,8,7,8,8,0,7,11,16,3,8,8
616,2224,601903.5,3514867.5,2022,2,3,3,4,3,0,5,1,0,6,6,10,1,5,5,15,6,19
603,2274,602053.5,3514906.5,2022,2,3,0,1,0,3,2,7,10,0,11,3,12,13,13,10,7,0
619,2304,602143.5,3514858.5,2022,1,1,3,4,2,1,8,3,9,11,2,7,14,2,12,6,14,7
600,2334,602233.5,3514915.5,2022,2,3,0,1,0,3,2,7,10,7,11,11,8,13,13,10,7,0
618,2347,602272.5,3514861.5,2022,2,3,0,0,6,3,2,7,10,0,5,3,12,13,13,10,7,0
619,2396,602419.5,3514858.5,2022,2,3,0,1,0,4,0,8,7,8,8,0,7,11,16,3,8,8
624,2423,602500.5,3514843.5,2022,2,3,0,1,0,4,5,8,0,7,11,10,1,13,13,10,7,0
616,2447,602572.5,3514867.5,2022,2,3,0,1,0,4,0,8,7,7,11,0,7,11,16,10,7,0
600,2463,602620.5,3514915.5,2022,2,3,0,1,0,4,0,8,7,7,11,0,7,11,13,10,7,0
603,2519,602788.5,3514906.5,2022,1,1,3,4,2,1,8,3,9,11,2,7,11,9,0,14,5,13
606,2541,602854.5,3514897.5,2022,2,3,3,4,2,1,8,3,9,11,2,7,11,9,0,14,5,13
613,2572,602947.5,3514876.5,2022,2,3,0,1,0,3,0,8,7,7,11,11,8,13,13,10,7,0
623,2600,603031.5,3514846.5,2022,2,3,0,1,0,3,0,8,10,7,11,11,8,13,13,10,7,0
627,2617,603082.5,3514834.5,2022,2,3,0,1,0,3,2,7,10,7,11,3,12,13,13,10,7,0
620,2643,603160.5,3514855.5,2022,2,3,0,1,0,4,0,8,7,8,8,0,7,11,16,3,8,8
614,2690,603301.5,3514873.5,2022,2,3,0,1,0,4,0,8,7,8,8,0,7,11,16,3,8,8
604,2703,603340.5,3514903.5,2022,2,3,0,1,0,4,0,8,7,7,11,0,7,13,13,10,7,0
608,2748,603475.5,3514891.5,2022,2,3,3,1,2,1,8,3,9,11,2,7,11,9,0,14,5,13
626,2775,603556.5,3514837.5,2022,1,3,3,4,2,1,8,3,9,11,2,7,11,9,0,14,5,13
626,2819,603688.5,3514837.5,2022,2,3,0,1,0,4,5,1,0,6,6,10,1,5,5,12,6,5
613,2829,603718.5,3514876.5,2022,2,1,3,4,3,0,4,1,0,6,6,10,1,5,5,15,14,7
629,2850,603781.5,3514828.5,2022,2,3,0,4,3,0,5,1,0,6,6,10,1,5,5,15,10,19
619,2907,603952.5,3514858.5,2022,2,3,0,1,0,4,5,1,0,6,6,10,1,5,5,12,6,19
612,2930,604021.5,3514879.5,2022,1,1,3,2,5,5,1,4,5,2,12,6,4,3,8,16,18,11
607,2966,604129.5,3514894.5,2022,2,3,0,4,0,4,5,1,0,6,6,10,1,5,5,12,6,5
621,2972,604147.5,3514852.5,2022,1,3,3,4,2,1,8,3,9,11,2,7,11,9,0,14,5,13
615,3012,604267.5,3514870.5,2022,1,1,3,4,2,1,8,3,9,11,2,7,11,9,0,14,5,13
601,3040,604351.5,3514912.5,2022,1,1,3,2,5,5,1,4,5,2,12,6,4,3,8,16,18,11
626,3088,604495.5,3514837.5,2022,1,1,3,2,5,5,1,4,5,2,12,6,4,3,8,16,18,11
613,3105,604546.5,3514876.5,2022,1,1,2,2,5,5,1,4,5,2,12,6,4,3,8,16,4,9
618,3140,604651.5,3514861.5,2022,1,1,3,2,2,5,1,4,5,2,12,2,14,2,8,16,18,11
611,3167,604732.5,3514882.5,2022,2,3,0,1,2,1,8,3,9,11,2,7,11,9,0,14,5,13
628,3203,604840.5,3514831.5,2022,1,1,3,2,5,5,1,4,5,2,12,6,4,3,8,16,18,9
623,3214,604873.5,3514846.5,2022,1,1,2,2,5,5,1,4,5,2,12,6,4,3,8,16,4,9
605,3266,605029.5,3514900.5,2022,1,1,3,4,2,1,8,3,9,11,2,7,11,9,0,14,5,13
627,3299,605128.5,3514834.5,2022,2,3,3,4,2,1,8,3,9,11,2,7,11,9,0,14,5,13
613,3326,605209.5,3514876.5,2022,1,1,3,4,2,1,8,3,9,11,2,7,14,2,12,6,18,11
612,3331,605224.5,3514879.5,2022,1,1,3,4,2,1,8,3,9,11,2,7,14,2,0,14,5,11
654,25,595306.5,3514753.5,2022,0,0,1,3,1,7,7,0,3,4,9,8,9,0,6,8,0,1
654,56,595399.5,3514753.5,2022,0,1,2,3,1,5,4,2,4,10,4,2,0,14,7,1,16,1
645,64,595423.5,3514780.5,2022,0,0,1,3,1,7,7,0,3,4,9,1,9,0,6,8,0,1
643,96,595519.5,3514786.5,2022,0,0,1,3,1,2,7,0,2,5,1,1,0,0,6,11,0,1
648,143,595660.5,3514771.5,2022,0,0,1,0,6,7,2,7,10,0,5,3,12,8,2,0,11,17
656,156,595699.5,3514747.5,2022,0,0,1,0,6,7,2,7,10,0,5,3,12,8,2,0,11,17
648,204,595843.5,3514771.5,2022,0,0,1,3,1,7,7,0,3,4,9,8,9,0,6,8,15,1
637,236,595939.5,3514804.5,2022,0,0,1,3,1,7,7,0,3,4,9,1,9,0,6,8,0,1
633,246,595969.5,3514816.5,2022,0,0,1,3,1,7,7,0,3,4,9,8,9,0,6,8,15,12
656,275,596056.5,3514747.5,2022,0,0,2,3,1,2,6,9,8,1,10,13,5,10,14,9,9,14
636,326,596209.5,3514807.5,2022,0,0,1,3,1,7,7,0,3,4,9,8,9,0,6,8,15,1
630,332,596227.5,3514825.5,2022,0,0,1,3,1,7,7,0,3,4,9,8,9,0,6,8,0,1
650,384,596383.5,3514765.5,2022,0,0,2,3,1,2,6,9,8,1,10,13,5,10,14,9,9,14
656,402,596437.5,3514747.5,2022,0,0,1,3,1,2,6,9,8,1,10,13,5,10,6,8,15,12
652,432,596527.5,3514759.5,2022,0,0,2,3,1,2,6,9,8,1,10,13,5,10,14,8,9,14
649,455,596596.5,3514768.5,2022,0,0,1,3,1,7,7,0,3,4,9,8,9,0,6,8,15,12
635,481,596674.5,3514810.5,2022,0,0,1,3,6,7,7,0,3,4,9,8,9,0,2,0,15,12
659,517,596782.5,3514738.5,2022,0,0,1,0,6,7,7,0,3,4,9,8,9,8,2,0,0,1
659,565,596926.5,3514738.5,2022,2,3,0,1,0,3,2,7,10,7,11,11,8,1,3,13,2,18
637,592,597007.5,3514804.5,2022,2,0,1,0,6,3,2,7,10,0,5,3,12,8,10,17,12,16
633,601,597034.5,3514816.5,2022,0,0,2,3,1,2,6,2,4,5,4,1,0,14,6,1,0,1
633,634,597133.5,3514816.5,2022,0,0,1,0,6,7,4,2,2,5,1,1,13,6,9,11,0,1
631,668,597235.5,3514822.5,2022,0,0,1,3,1,7,7,0,3,4,9,1,13,6,6,11,0,1
639,710,597361.5,3514798.5,2022,2,0,1,0,6,3,2,7,10,0,5,3,12,8,10,17,11,17
632,733,597430.5,3514819.5,2022,1,1,3,2,5,5,1,4,5,2,12,5,4,3,8,16,18,9
643,768,597535.5,3514786.5,2022,1,1,3,4,3,0,4,2,1,9,0,5,10,12,1,4,1,2
639,782,597577.5,3514798.5,2022,1,1,3,4,3,1,8,2,4,10,4,2,14,2,12,6,14,7
654,831,597724.5,3514753.5,2022,1,1,3,4,3,0,4,2,4,10,4,2,14,2,12,6,14,7
639,861,597814.5,3514798.5,2022,2,0,1,0,6,3,2,7,10,0,5,3,12,8,13,0,11,17
643,872,597847.5,3514786.5,2022,0,0,1,0,6,7,2,7,10,0,5,3,12,8,2,0,11,17
654,915,597976.5,3514753.5,2022,0,0,1,0,6,3,2,7,10,0,5,3,12,8,2,0,11,17
657,959,598108.5,3514744.5,2022,0,0,1,3,1,7,7,0,3,4,9,8,9,0,6,8,0,1
643,963,598120.5,3514786.5,2022,0,0,1,0,6,3,2,7,10,0,5,3,12,8,2,0,11,17
635,1012,598267.5,3514810.5,2022,0,0,1,0,6,7,2,7,10,0,5,3,12,8,2,0,11,17
637,1023,598300.5,3514804.5,2022,0,0,1,0,6,3,2,7,10,0,5,1,13,8,10,17,12,16
641,1070,598441.5,3514792.5,2022,0,1,2,3,1,5,4,2,4,10,4,2,0,14,7,1,16,1
645,1098,598525.5,3514780.5,2022,0,0,1,3,1,2,4,0,2,5,1,1,0,14,6,11,0,1
659,1119,598588.5,3514738.5,2022,0,0,1,0,6,7,2,7,10,0,5,3,12,8,2,0,11,17
651,1144,598663.5,3514762.5,2022,0,0,1,0,6,7,7,0,3,0,5,1,13,6,10,17,0,1
640,1199,598828.5,3514795.5,2022,0,0,1,0,6,7,7,0,3,4,9,8,9,8,2,0,11,17
638,1205,598846.5,3514801.5,2022,0,0,1,3,6,7,7,0,3,4,9,8,9,8,2,0,15,17
649,1253,598990.5,3514768.5,2022,0,0,1,0,6,7,7,0,3,4,9,8,9,8,2,0,11,17
645,1274,599053.5,3514780.5,2022,0,0,1,3,1,7,7,0,3,4,9,8,9,0,2,8,15,12
652,1308,599155.5,3514759.5,2022,0,0,1,0,6,7,7,0,3,4,9,8,9,8,2,0,11,17
655,1338,599245.5,3514750.5,2022,0,0,1,0,6,7,7,0,3,4,9,3,9,8,2,0,11,17
639,1358,599305.5,3514798.5,2022,0,0,1,0,6,7,7,0,3,4,9,8,9,8,2,0,11,17
634,1380,599371.5,3514813.5,2022,0,0,1,0,6,7,7,0,3,4,9,8,9,8,2,0,11,17
659,1413,599470.5,3514738.5,2022,0,0,1,3,6,7,7,0,3,4,9,8,9,0,2,8,15,12
638,1444,599563.5,3514801.5,2022,0,0,1,0,6,7,7,0,3,4,9,8,9,8,2,0,11,17
650,1485,599686.5,3514765.5,2022,0,0,1,0,6,7,7,0,3,4,9,8,9,8,2,0,11,17
641,1523,599800.5,3514792.5,2022,0,0,1,0,6,7,7,0,3,4,9,3,9,8,2,0,11,17
648,1538,599845.5,3514771.5,2022,0,0,1,0,6,7,7,0,3,4,9,8,9,8,2,0,11,17
638,1575,599956.5,3514801.5,2022,0,0,1,3,1,7,7,0,3,4,9,8,9,0,6,8,15,12
643,1592,600007.5,3514786.5,2022,0,0,1,3,1,2,7,0,3,4,9,8,9,0,6,8,15,12
648,1637,600142.5,3514771.5,2022,1,1,2,3,1,2,6,9,8,1,10,13,5,10,14,9,9,14
654,1660,600211.5,3514753.5,2022,0,0,1,3,1,2,6,9,8,1,10,13,5,0,6,8,15,12
630,1702,600337.5,3514825.5,2022,0,0,1,3,1,2,7,0,3,4,9,8,9,0,6,8,15,12
645,1731,600424.5,3514780.5,2022,1,1,2,3,1,2,6,9,8,1,10,13,5,10,14,9,9,14
657,1760,600511.5,3514744.5,2022,0,0,2,3,1,2,6,9,8,1,10,13,5,10,6,8,9,12
641,1795,600616.5,3514792.5,2022,0,1,2,3,1,2,6,9,8,1,10,13,5,10,14,9,9,14
645,1826,600709.5,3514780.5,2022,0,1,2,3,1,2,4,6,2,5,1,9,2,15,9,11,0,1
653,1840,600751.5,3514756.5,2022,0,1,2,3,1,2,6,9,8,1,10,13,5,10,14,9,9,14
656,1860,600811.5,3514747.5,2022,0,0,1,3,1,2,7,0,3,4,9,8,9,0,6,8,15,12
646,1910,600961.5,3514777.5,2022,0,0,2,3,1,2,6,9,8,1,10,13,5,10,14,9,9,14
655,1940,601051.5,3514750.5,2022,1,1,2,2,5,2,4,6,2,5,1,9,0,14,7,1,16,4
638,1963,601120.5,3514801.5,2022,0,0,1,3,1,7,7,0,3,4,9,8,9,0,6,8,15,12
647,2009,601258.5,3514774.5,2022,2,3,0,1,0,4,0,8,7,8,8,0,7,11,16,3,8,8
641,2016,601279.5,3514792.5,2022,2,3,0,1,0,4,0,8,7,8,8,0,7,11,16,3,8,5
650,2057,601402.5,3514765.5,2022,1,1,3,4,2,1,8,3,9,11,2,7,11,9,0,14,5,13
653,2081,601474.5,3514756.5,2022,2,3,0,0,3,3,5,1,0,6,6,10,1,5,5,15,10,19
630,2107,601552.5,3514825.5,2022,2,3,0,1,0,4,0,8,7,8,8,0,7,11,16,12,6,5
658,2159,601708.5,3514741.5,2022,2,3,0,1,0,4,0,8,7,8,8,0,7,11,16,12,6,5
658,2189,601798.5,3514741.5,2022,2,3,0,1,0,4,0,8,7,8,8,0,7,11,16,12,8,5
645,2212,601867.5,3514780.5,2022,0,0,1,0,6,3,2,7,10,0,5,3,12,13,13,10,7,0
658,2230,601921.5,3514741.5,2022,0,0,1,0,6,3,2,7,10,0,5,3,12,13,13,10,7,0
659,2271,602044.5,3514738.5,2022,2,3,1,0,3,3,2,1,0,6,6,1,13,6,10,15,12,16
643,2302,602137.5,3514786.5,2022,2,3,0,1,0,3,2,8,0,7,11,11,8,1,3,13,7,0
630,2326,602209.5,3514825.5,2022,2,3,0,1,0,3,2,7,10,7,11,3,12,13,13,10,7,0
639,2361,602314.5,3514798.5,2022,2,3,0,1,0,4,0,8,7,7,11,11,8,13,13,10,7,0
647,2388,602395.5,3514774.5,2022,2,3,0,0,3,0,5,1,0,6,6,10,1,5,5,15,10,19
653,2405,602446.5,3514756.5,2022,2,3,0,1,0,4,0,8,7,7,11,0,7,11,13,10,7,0
659,2440,602551.5,3514738.5,2022,2,3,0,1,0,4,0,8,7,7,11,11,8,1,3,13,2,18
642,2461,602614.5,3514789.5,2022,2,3,0,1,0,4,0,8,7,7,11,11,12,13,13,10,7,0
647,2504,602743.5,3514774.5,2022,2,3,0,1,0,4,0,8,7,7,11,0,7,11,3,10,7,0
655,2548,602875.5,3514750.5,2022,2,3,0,1,0,4,0,8,7,7,11,11,1,13,13,10,7,0
650,2576,602959.5,3514765.5,2022,2,3,0,0,6,3,2,7,10,0,5,3,12,13,13,10,7,0
647,2601,603034.5,3514774.5,2022,2,3,0,0,0,3,2,7,10,0,5,3,12,13,13,10,7,0
650,2612,603067.5,3514765.5,2022,2,3,0,0,6,3,2,7,10,0,5,3,12,13,13,10,10,0
643,2667,603232.5,3514786.5,2022,1,1,3,4,2,1,8,2,4,10,2,2,14,2,12,6,14,11
651,2677,603262.5,3514762.5,2022,1,1,3,2,5,5,1,2,4,10,4,2,14,2,12,6,18,11
637,2714,603373.5,3514804.5,2022,2,3,0,1,0,4,0,8,7,8,8,0,7,11,16,3,8,8
658,2757,603502.5,3514741.5,2022,2,3,0,4,2,1,5,1,0,6,6,10,1,5,5,12,6,19
641,2779,603568.5,3514792.5,2022,2,3,0,1,0,4,0,8,7,8,8,0,7,11,16,12,6,5
632,2796,603619.5,3514819.5,2022,2,3,3,4,2,1,8,3,9,11,2,7,11,9,0,14,14,13
648,2832,603727.5,3514771.5,2022,2,3,0,1,0,4,0,8,7,8,8,0,7,11,16,12,6,5
631,2858,603805.5,3514822.5,2022,2,3,0,1,0,4,5,1,0,6,6,10,1,5,5,12,6,19
631,2885,603886.5,3514822.5,2022,2,3,3,4,2,1,8,3,9,11,2,7,11,9,0,14,5,13
637,2939,604048.5,3514804.5,2022,2,3,0,0,3,3,5,1,0,6,6,10,1,5,5,15,10,19
656,2948,604075.5,3514747.5,2022,2,3,3,4,2,1,8,3,9,11,2,7,11,9,0,14,5,13
642,2971,604144.5,3514789.5,2022,1,1,3,4,2,1,8,3,9,11,2,7,11,9,0,14,5,13
654,3013,604270.5,3514753.5,2022,1,3,3,4,2,1,8,3,9,11,2,7,11,9,0,14,5,13
659,3038,604345.5,3514738.5,2022,1,1,2,2,5,5,1,4,5,2,12,6,4,3,8,16,4,9
641,3085,604486.5,3514792.5,2022,1,1,3,2,5,5,1,4,5,2,12,6,4,3,8,16,18,11
630,3095,604516.5,3514825.5,2022,1,1,2,2,5,5,1,4,5,2,12,6,4,3,8,16,4,9
644,3128,604615.5,3514783.5,2022,1,1,3,2,2,5,1,4,5,2,12,2,14,2,8,16,18,11
652,3158,604705.5,3514759.5,2022,1,1,3,4,2,1,8,3,9,11,2,7,11,9,0,14,5,13
635,3197,604822.5,3514810.5,2022,1,1,3,4,2,1,8,3,9,11,2,7,11,9,0,14,5,13
638,3213,604870.5,3514801.5,2022,1,1,3,2,2,1,8,3,9,11,2,2,14,2,12,6,18,11
637,3267,605032.5,3514804.5,2022,2,3,0,1,0,4,0,8,7,8,8,0,7,11,16,12,8,5
648,3294,605113.5,3514771.5,2022,2,3,3,4,2,1,8,3,9,11,2,7,11,9,0,14,5,13
631,3328,605215.5,3514822.5,2022,2,3,3,4,2,1,8,3,9,11,2,7,11,9,0,14,5,13
647,3331,605224.5,3514774.5,2022,2,3,3,4,2,1,8,3,9,11,2,7,11,9,0,14,5,13
664,5,595246.5,3514723.5,2022,0,0,1,3,1,7,7,0,3,4,9,1,9,0,6,8,0,1
685,56,595399.5,3514660.5,2022,1,1,2,2,5,5,1,4,5,2,12,6,4,3,8,16,4,9
667,68,595435.5,3514714.5,2022,0,0,1,0,6,7,2,7,3,0,5,3,12,8,2,0,11,17
660,96,595519.5,3514735.5,2022,0,0,1,0,6,7,7,0,3,4,9,8,9,8,2,0,11,17
664,145,595666.5,3514723.5,2022,0,0,1,0,6,7,7,0,3,4,9,8,9,8,2,0,11,17
680,166,595729.5,3514675.5,2022,1,1,2,2,5,0,4,6,1,9,0,5,10,15,15,7,13,10
688,189,595798.5,3514651.5,2022,0,0,1,3,1,7,7,0,3,4,9,8,9,0,6,8,0,1
685,214,595873.5,3514660.5,2022,0,0,2,3,1,2,6,9,8,1,10,13,0,0,6,8,0,1
664,261,596014.5,3514723.5,2022,1,1,2,2,5,2,6,9,8,1,10,13,0,14,7,1,16,4
676,270,596041.5,3514687.5,2022,0,0,1,3,1,2,6,9,8,1,10,13,5,0,6,8,15,12
662,304,596143.5,3514729.5,2022,0,0,1,3,1,2,6,9,8,1,10,13,5,0,6,8,15,12
677,345,596266.5,3514684.5,2022,0,0,1,3,1,2,6,9,8,1,10,13,5,0,6,8,15,12
689,374,596353.5,3514648.5,2022,0,0,1,3,1,7,7,0,3,4,9,8,9,0,6,8,15,12
686,417,596482.5,3514657.5,2022,0,0,1,3,1,2,6,9,8,1,10,13,5,0,6,8,15,12
664,423,596500.5,3514723.5,2022,0,0,1,3,1,2,7,0,3,4,9,8,9,0,6,8,15,12
669,474,596653.5,3514708.5,2022,0,0,1,0,6,7,2,7,10,0,5,3,12,8,2,0,11,17
666,494,596713.5,3514717.5,2022,0,0,1,0,6,7,7,0,3,4,9,8,9,8,2,0,11,17
689,518,596785.5,3514648.5,2022,0,0,1,3,6,7,7,0,3,4,9,8,9,0,6,8,15,12
660,549,596878.5,3514735.5,2022,2,3,0,0,6,3,2,7,10,0,5,11,8,1,10,17,12,16
661,571,596944.5,3514732.5,2022,2,3,0,0,0,3,2,7,10,7,11,11,8,1,10,17,12,16
688,608,597055.5,3514651.5,2022,0,0,1,0,6,3,2,7,10,0,5,3,12,8,10,17,11,16
683,646,597169.5,3514666.5,2022,0,0,1,0,6,3,2,7,10,0,5,3,12,8,10,17,12,16
680,661,597214.5,3514675.5,2022,2,3,0,0,6,3,2,7,10,7,11,3,12,1,10,17,12,16
668,690,597301.5,3514711.5,2022,0,0,1,0,6,3,2,7,10,0,5,3,12,8,10,17,12,16
679,740,597451.5,3514678.5,2022,0,0,1,0,6,7,2,7,10,0,5,3,12,8,2,0,11,17
663,754,597493.5,3514726.5,2022,0,0,1,0,6,3,2,7,10,0,5,3,12,8,2,0,11,17
661,780,597571.5,3514732.5,2022,2,0,1,0,6,3,2,7,10,0,5,3,12,8,10,17,11,16
665,822,597697.5,3514720.5,2022,2,3,3,4,3,0,4,1,0,6,6,1,13,6,9,15,12,7
664,857,597802.5,3514723.5,2022,0,1,3,4,3,0,4,2,4,10,4,1,13,6,12,6,14,7
675,895,597916.5,3514690.5,2022,2,3,0,1,0,3,2,7,10,7,11,11,8,1,3,13,12,18
677,928,598015.5,3514684.5,2022,2,3,0,0,6,3,2,7,10,0,5,3,12,8,10,17,11,16
685,943,598060.5,3514660.5,2022,0,0,1,0,6,7,2,7,10,0,5,3,12,8,2,0,11,17
668,980,598171.5,3514711.5,2022,0,0,1,0,6,7,2,7,3,0,5,3,12,8,2,0,11,17
671,1005,598246.5,3514702.5,2022,0,0,1,0,6,7,2,7,3,0,5,3,12,8,2,0,11,17
670,1040,598351.5,3514705.5,2022,0,0,1,0,6,7,2,7,10,0,5,3,12,8,2,0,11,17
674,1050,598381.5,3514693.5,2022,0,0,1,0,6,7,2,7,3,0,5,3,12,8,2,0,11,17
664,1088,598495.5,3514723.5,2022,0,0,1,0,6,7,2,7,10,0,5,3,12,8,2,0,11,17
688,1133,598630.5,3514651.5,2022,0,0,1,0,6,7,7,0,3,4,9,8,9,8,2,0,11,17
664,1143,598660.5,3514723.5,2022,0,0,1,0,6,7,2,7,3,0,5,3,12,8,2,0,11,17
673,1189,598798.5,3514696.5,2022,0,0,1,0,6,7,2,7,10,0,5,3,12,8,2,0,11,17
683,1227,598912.5,3514666.5,2022,0,0,1,0,6,7,2,7,10,0,5,3,12,8,2,0,11,17
686,1237,598942.5,3514657.5,2022,0,0,1,0,6,7,7,0,3,4,9,8,9,8,2,0,11,17
661,1260,599011.5,3514732.5,2022,0,0,1,0,6,7,7,0,3,4,9,8,9,8,2,0,11,17
673,1308,599155.5,3514696.5,2022,0,0,1,3,6,7,7,0,3,4,9,8,9,0,6,8,15,1
679,1348,599275.5,3514678.5,2022,0,0,1,0,6,7,2,7,10,0,5,3,12,8,2,0,11,17
671,1374,599353.5,3514702.5,2022,0,0,1,3,6,7,7,0,3,4,9,8,9,8,2,0,15,17
677,1404,599443.5,3514684.5,2022,0,0,1,0,6,7,7,0,3,4,9,8,9,8,2,0,11,17
689,1423,599500.5,3514648.5,2022,0,0,1,0,6,7,7,0,3,4,9,8,9,8,2,0,11,17
660,1466,599629.5,3514735.5,2022,0,0,1,0,6,7,7,0,3,4,9,3,12,8,2,0,11,17
689,1472,599647.5,3514648.5,2022,0,0,1,3,1,7,7,0,3,4,9,8,9,0,2,8,15,12
669,1522,599797.5,3514708.5,2022,0,0,1,0,6,7,7,0,3,4,9,8,9,8,2,0,11,17
665,1537,599842.5,3514720.5,2022,0,0,1,3,1,7,7,0,3,4,9,8,9,0,6,8,15,12
667,1578,599965.5,3514714.5,2022,0,0,1,3,1,2,7,0,3,4,9,8,9,0,6,8,15,12
686,1617,600082.5,3514657.5,2022,0,0,1,3,1,7,7,0,3,4,9,8,9,0,6,8,15,12
669,1641,600154.5,3514708.5,2022,0,0,2,3,1,2,6,9,8,1,10,13,5,10,14,8,9,14
682,1661,600214.5,3514669.5,2022,0,0,1,3,1,7,7,0,3,4,9,8,9,0,6,8,15,12
671,1690,600301.5,3514702.5,2022,0,0,2,3,1,2,6,9,8,1,10,13,5,10,14,9,9,14
677,1737,600442.5,3514684.5,2022,0,0,2,3,1,2,6,9,8,1,10,13,5,10,14,9,9,14
673,1762,600517.5,3514696.5,2022,0,0,1,3,1,7,7,0,3,4,9,8,9,0,6,8,15,12
680,1797,600622.5,3514675.5,2022,0,0,1,3,1,2,6,9,8,1,10,13,5,0,6,8,15,12
660,1826,600709.5,3514735.5,2022,0,0,1,3,1,2,7,0,3,4,9,8,9,0,6,8,15,12
667,1841,600754.5,3514714.5,2022,0,0,1,3,1,2,6,9,8,1,10,13,5,0,6,8,15,12
687,1880,600871.5,3514654.5,2022,0,0,1,3,1,7,7,0,3,4,9,8,9,0,6,8,15,12
671,1918,600985.5,3514702.5,2022,0,0,2,3,1,2,6,9,2,5,1,9,2,15,6,11,0,1
685,1948,601075.5,3514660.5,2022,1,1,2,2,5,5,1,2,4,10,4,2,0,14,7,1,16,4
675,1954,601093.5,3514690.5,2022,0,0,1,3,3,0,4,6,2,5,1,1,13,6,9,11,0,1
678,2006,601249.5,3514681.5,2022,1,1,3,4,2,1,8,3,9,11,2,7,14,2,12,6,14,7
661,2016,601279.5,3514732.5,2022,2,3,3,4,2,1,8,3,9,11,2,7,11,9,0,14,5,13
683,2048,601375.5,3514666.5,2022,1,1,3,4,5,5,1,2,4,10,4,2,14,2,12,6,18,11
672,2089,601498.5,3514699.5,2022,2,3,0,1,0,4,0,8,7,8,8,0,7,11,16,12,8,5
662,2116,601579.5,3514729.5,2022,2,3,0,1,0,4,0,8,7,7,11,0,7,13,13,10,7,0
686,2145,601666.5,3514657.5,2022,2,3,0,1,0,4,0,8,7,8,8,0,7,11,16,12,8,5
665,2172,601747.5,3514720.5,2022,2,3,0,1,0,4,0,8,7,8,8,0,7,11,16,3,7,0
688,2204,601843.5,3514651.5,2022,1,1,2,2,5,5,1,2,4,10,4,2,0,14,7,1,16,4
669,2239,601948.5,3514708.5,2022,2,0,1,0,6,3,2,7,10,0,5,3,12,13,13,10,7,0
681,2275,602056.5,3514672.5,2022,2,3,0,1,0,4,0,8,7,7,11,0,7,11,3,13,2,18
670,2293,602110.5,3514705.5,2022,1,1,3,4,2,1,8,3,9,11,2,7,11,9,0,14,5,13
673,2319,602188.5,3514696.5,2022,0,0,1,0,6,7,7,0,3,4,9,8,9,0,2,0,10,6
688,2365,602326.5,3514651.5,2022,2,3,0,1,0,3,5,1,0,6,6,10,1,5,5,15,6,19
674,2373,602350.5,3514693.5,2022,2,3,0,1,0,4,0,8,7,7,11,0,7,13,13,10,7,0
678,2407,602452.5,3514681.5,2022,2,3,0,1,0,3,2,7,10,7,11,10,12,13,13,10,7,0
679,2437,602542.5,3514678.5,2022,2,3,3,4,2,1,8,3,9,11,2,7,11,9,0,14,5,13
668,2468,602635.5,3514711.5,2022,2,3,0,1,0,4,5,1,0,6,6,10,1,5,5,12,6,19
666,2503,602740.5,3514717.5,2022,2,3,0,1,0,4,5,1,0,6,6,10,1,5,5,15,6,19
662,2546,602869.5,3514729.5,2022,2,3,0,0,6,3,2,7,10,0,5,3,12,13,13,10,7,0
680,2553,602890.5,3514675.5,2022,2,3,0,0,6,3,2,7,10,0,5,3,12,13,13,10,7,0
675,2590,603001.5,3514690.5,2022,1,1,3,4,2,1,8,3,9,11,2,7,14,2,12,6,14,7
675,2627,603112.5,3514690.5,2022,1,1,2,2,5,5,1,4,5,2,12,6,4,3,8,16,18,11
683,2661,603214.5,3514666.5,2022,2,3,0,1,0,4,0,8,7,8,8,0,7,11,16,12,7,5
677,2686,603289.5,3514684.5,2022,2,3,0,1,0,4,0,8,7,8,8,0,7,11,16,3,8,8
688,2710,603361.5,3514651.5,2022,2,3,3,4,2,1,8,3,9,11,2,7,11,9,0,14,5,13
682,2734,603433.5,3514669.5,2022,1,1,3,4,2,1,8,3,9,11,2,7,11,9,0,14,5,13
679,2760,603511.5,3514678.5,2022,2,3,0,1,0,4,0,8,7,8,8,0,7,11,16,3,8,8
688,2795,603616.5,3514651.5,2022,2,3,3,4,2,1,8,3,9,11,2,7,11,9,0,14,5,13
679,2829,603718.5,3514678.5,2022,2,3,0,1,0,4,0,8,7,8,8,0,7,11,16,3,8,5
688,2867,603832.5,3514651.5,2022,2,3,0,1,0,4,0,8,7,8,8,0,7,11,16,12,7,5
688,2881,603874.5,3514651.5,2022,1,3,3,4,2,1,8,3,9,11,2,7,11,9,0,14,5,13
670,2934,604033.5,3514705.5,2022,2,3,3,4,2,1,8,3,9,11,2,7,11,9,0,14,5,13
680,2940,604051.5,3514675.5,2022,2,3,0,1,0,4,0,8,7,8,8,0,7,11,16,12,6,5
677,2979,604168.5,3514684.5,2022,2,3,0,1,0,4,5,1,0,8,8,0,7,5,5,12,6,5
683,3007,604252.5,3514666.5,2022,1,1,3,4,2,1,8,3,9,11,2,7,11,9,0,14,5,13
665,3055,604396.5,3514720.5,2022,1,1,2,3,3,0,4,6,2,5,1,9,2,15,15,7,13,10
685,3067,604432.5,3514660.5,2022,1,1,3,4,2,1,8,3,9,11,2,7,11,9,0,14,5,13
683,3116,604579.5,3514666.5,2022,1,1,3,4,2,1,8,2,4,10,4,2,14,2,12,6,18,11
684,3130,604621.5,3514663.5,2022,1,1,2,2,5,5,1,4,5,2,12,6,4,3,8,16,4,9
689,3150,604681.5,3514648.5,2022,2,3,3,4,2,1,8,3,9,11,2,7,11,9,0,14,5,13
671,3192,604807.5,3514702.5,2022,2,3,0,1,0,4,0,8,7,8,8,0,7,11,16,3,8,8
666,3211,604864.5,3514717.5,2022,2,3,0,1,0,4,0,8,7,8,8,0,7,11,16,3,8,8
662,3257,605002.5,3514729.5,2022,2,3,3,4,2,1,8,3,9,11,2,7,11,9,0,14,5,13
660,3275,605056.5,3514735.5,2022,2,3,0,1,0,4,0,8,7,8,8,0,7,11,16,3,8,8
666,3316,605179.5,3514717.5,2022,1,1,3,2,2,1,8,3,9,11,2,7,14,2,8,16,18,11
668,3330,605221.5,3514711.5,2022,1,1,3,2,2,5,8,4,5,2,12,2,14,2,8,16,18,11
719,24,595303.5,3514558.5,2022,0,0,1,0,6,7,7,0,3,4,9,8,9,8,2,0,11,17
699,44,595363.5,3514618.5,2022,1,1,3,2,5,5,1,2,4,10,4,2,0,14,12,1,16,4
696,68,595435.5,3514627.5,2022,1,1,2,2,5,0,4,2,4,10,4,2,0,14,12,1,16,7
703,102,595537.5,3514606.5,2022,0,1,2,2,5,2,4,2,4,10,4,2,0,14,7,1,16,4
707,122,595597.5,3514594.5,2022,0,0,1,3,6,7,7,0,3,4,9,1,9,0,6,8,0,1
702,165,595726.5,3514609.5,2022,0,0,2,3,1,2,6,9,8,1,10,13,5,10,6,8,9,14
695,185,595786.5,3514630.5,2022,0,0,1,3,1,7,7,0,3,4,9,8,9,0,6,8,15,1
706,225,595906.5,3514597.5,2022,0,0,1,3,6,7,7,0,3,4,9,8,9,0,6,8,15,1
701,267,596032.5,3514612.5,2022,0,0,1,3,1,7,7,0,3,4,9,8,9,0,6,8,15,12
719,276,596059.5,3514558.5,2022,0,0,1,0,6,7,7,0,3,4,9,8,9,0,2,0,15,17
707,329,596218.5,3514594.5,2022,0,0,1,3,6,7,7,0,3,4,9,8,9,0,6,8,0,1
718,338,596245.5,3514561.5,2022,0,0,1,3,6,7,7,0,3,4,9,8,9,0,6,11,0,1
712,386,596389.5,3514579.5,2022,0,0,1,3,1,7,7,0,3,4,9,8,9,0,6,8,15,12
693,393,596410.5,3514636.5,2022,0,0,1,3,1,7,7,0,3,4,9,8,9,0,6,8,15,12
708,423,596500.5,3514591.5,2022,0,0,1,3,1,7,7,0,3,4,9,8,9,0,6,8,15,12
705,463,596620.5,3514600.5,2022,0,0,1,3,1,7,7,0,3,4,9,8,9,0,6,8,15,12
712,483,596680.5,3514579.5,2022,0,0,1,3,1,7,7,0,3,4,9,8,9,0,6,8,15,12
715,516,596779.5,3514570.5,2022,0,0,2,3,1,2,6,9,8,1,10,13,5,0,6,8,0,1
711,562,596917.5,3514582.5,2022,0,0,1,0,6,7,2,7,10,0,5,1,13,6,10,17,0,16
712,573,596950.5,3514579.5,2022,0,0,1,0,6,7,2,7,10,0,5,1,13,8,10,17,12,16
708,612,597067.5,3514591.5,2022,0,0,1,0,6,3,2,7,10,0,5,3,12,8,10,17,12,16
714,652,597187.5,3514573.5,2022,0,0,1,0,6,3,2,7,10,0,5,3,12,8,2,0,11,17
711,685,597286.5,3514582.5,2022,2,0,1,0,6,3,2,7,10,0,5,3,12,8,10,17,11,16
707,716,597379.5,3514594.5,2022,0,0,1,0,6,7,7,0,3,4,9,8,9,8,2,0,11,17
719,737,597442.5,3514558.5,2022,0,0,1,0,6,7,2,7,10,0,5,3,12,8,2,0,11,17
690,767,597532.5,3514645.5,2022,2,3,0,0,6,3,2,7,10,0,5,11,12,1,10,17,12,16
697,781,597574.5,3514624.5,2022,0,0,1,0,6,3,2,7,10,0,5,3,12,8,10,17,11,16
715,819,597688.5,3514570.5,2022,0,0,1,3,1,7,7,0,3,4,9,8,9,0,6,8,0,1
718,843,597760.5,3514561.5,2022,0,0,1,0,6,7,2,7,10,0,5,1,13,8,2,0,11,17
706,889,597898.5,3514597.5,2022,0,0,1,0,6,3,2,7,2,0,5,1,13,6,10,17,0,1
703,916,597979.5,3514606.5,2022,0,0,1,0,6,3,2,7,10,0,5,3,12,8,10,17,11,16
705,944,598063.5,3514600.5,2022,2,3,0,1,0,3,0,8,10,7,11,11,8,1,3,13,2,18
712,987,598192.5,3514579.5,2022,0,0,1,0,6,7,7,0,3,4,5,3,9,8,2,0,11,17
695,1015,598276.5,3514630.5,2022,0,0,1,0,6,7,7,0,3,4,9,8,9,8,2,0,11,17
719,1049,598378.5,3514558.5,2022,0,0,1,0,6,7,7,0,3,4,9,3,9,8,2,0,11,17
693,1058,598405.5,3514636.5,2022,0,0,1,0,6,7,7,0,3,4,9,3,9,8,2,0,11,17
693,1090,598501.5,3514636.5,2022,0,0,1,3,6,7,7,0,3,4,9,8,9,0,6,8,0,1
703,1139,598648.5,3514606.5,2022,0,0,1,0,6,7,2,7,3,0,5,3,12,8,2,0,11,17
690,1167,598732.5,3514645.5,2022,0,0,1,0,6,7,7,0,3,4,9,8,9,8,2,0,11,17
690,1186,598789.5,3514645.5,2022,0,0,1,0,6,7,7,0,3,4,9,8,9,8,2,0,11,17
696,1224,598903.5,3514627.5,2022,0,0,1,0,6,7,7,0,3,4,9,8,9,8,2,0,11,17
697,1252,598987.5,3514624.5,2022,0,0,1,0,6,7,7,0,3,4,9,8,9,8,2,0,11,17
716,1277,599062.5,3514567.5,2022,0,0,1,3,6,7,7,0,3,4,9,8,9,0,6,8,0,1
702,1297,599122.5,3514609.5,2022,0,0,1,0,6,7,2,7,3,0,5,3,12,8,2,0,11,17
707,1347,599272.5,3514594.5,2022,0,0,1,0,6,7,7,0,3,4,9,8,9,8,2,0,11,17
716,1365,599326.5,3514567.5,2022,0,0,1,0,6,7,2,7,2,0,5,1,13,6,9,11,0,1
705,1386,599389.5,3514600.5,2022,0,0,1,0,6,7,7,0,3,4,9,8,9,8,2,0,11,17
712,1434,599533.5,3514579.5,2022,0,0,1,3,1,7,7,0,3,4,9,8,9,0,6,8,15,12
693,1450,599581.5,3514636.5,2022,0,0,1,3,1,7,7,0,3,4,9,8,9,0,2,0,15,12
717,1485,599686.5,3514564.5,2022,0,0,1,3,6,7,7,0,3,4,9,8,9,8,2,0,15,17
704,1509,599758.5,3514603.5,2022,0,0,1,3,1,7,7,0,3,4,9,8,9,0,6,8,15,12
694,1552,599887.5,3514633.5,2022,0,0,1,3,1,7,7,0,3,4,9,8,9,0,6,8,15,12
707,1561,599914.5,3514594.5,2022,0,0,1,3,6,7,7,0,3,4,9,8,9,0,2,0,15,17
715,1606,600049.5,3514570.5,2022,0,0,1,3,1,7,7,0,3,4,9,8,9,0,2,8,15,12
707,1640,600151.5,3514594.5,2022,0,0,1,3,6,7,7,0,3,4,9,8,9,0,2,0,15,12
708,1677,600262.5,3514591.5,2022,0,0,1,3,1,2,6,9,8,1,10,13,5,0,6,8,15,12
717,1688,600295.5,3514564.5,2022,0,0,1,3,1,7,7,0,3,4,9,8,9,0,6,8,15,12
696,1723,600400.5,3514627.5,2022,0,0,2,3,1,2,6,9,8,1,10,13,5,10,14,9,9,14
691,1752,600487.5,3514642.5,2022,0,0,1,3,1,2,7,0,3,4,9,8,9,0,6,8,15,12
718,1799,600628.5,3514561.5,2022,1,1,2,4,3,0,4,6,1,9,0,9,2,15,15,7,13,10
693,1819,600688.5,3514636.5,2022,0,0,1,3,1,2,6,9,8,1,10,13,5,0,6,8,15,12
719,1857,600802.5,3514558.5,2022,0,1,2,3,1,2,6,9,8,1,10,13,0,14,7,1,16,4
708,1872,600847.5,3514591.5,2022,1,1,2,2,5,5,1,4,5,2,12,6,0,14,7,1,16,4
711,1891,600904.5,3514582.5,2022,0,0,1,3,1,7,7,0,3,4,9,8,9,0,6,8,15,12
704,1946,601069.5,3514603.5,2022,1,1,3,2,2,5,1,2,4,10,4,2,14,2,12,6,18,11
719,1975,601156.5,3514558.5,2022,2,3,0,0,3,3,5,1,0,6,6,10,1,5,5,15,10,19
699,1985,601186.5,3514618.5,2022,2,3,0,4,3,4,5,1,0,6,6,10,1,5,5,12,6,5
709,2029,601318.5,3514588.5,2022,1,1,3,4,3,0,4,2,4,10,4,2,14,2,12,6,14,7
718,2061,601414.5,3514561.5,2022,2,3,0,0,6,3,2,7,10,0,5,3,12,13,13,10,7,0
707,2084,601483.5,3514594.5,2022,1,1,2,2,5,5,1,2,4,10,4,2,0,14,12,1,16,4
703,2113,601570.5,3514606.5,2022,2,3,0,1,0,4,5,1,0,6,6,10,1,5,5,12,6,5
714,2144,601663.5,3514573.5,2022,2,3,3,4,2,1,8,3,9,11,2,7,11,2,0,14,14,7
716,2189,601798.5,3514567.5,2022,1,1,2,2,5,5,1,2,4,10,4,2,0,14,7,1,16,4
698,2194,601813.5,3514621.5,2022,2,0,1,0,6,3,2,7,10,0,5,3,13,6,10,17,12,16
691,2229,601918.5,3514642.5,2022,1,1,2,2,5,5,4,2,4,10,4,2,0,14,12,1,16,7
697,2274,602053.5,3514624.5,2022,2,3,0,1,0,3,2,7,10,7,11,11,12,13,13,10,7,0
697,2306,602149.5,3514624.5,2022,2,3,0,0,6,3,2,7,10,6,6,10,1,13,13,10,7,0
719,2316,602179.5,3514558.5,2022,0,0,1,0,6,3,2,7,10,0,5,3,12,13,13,10,11,16
712,2354,602293.5,3514579.5,2022,2,3,0,1,0,3,5,1,0,6,6,10,1,5,5,15,12,19
712,2382,602377.5,3514579.5,2022,0,0,1,0,6,7,2,7,10,0,5,3,12,6,9,11,10,6
715,2416,602479.5,3514570.5,2022,1,1,3,4,2,1,8,3,9,11,2,7,14,2,12,6,14,7
704,2445,602566.5,3514603.5,2022,2,3,3,4,2,1,8,3,9,11,2,7,11,9,0,14,5,13
717,2463,602620.5,3514564.5,2022,0,0,1,0,6,3,2,7,10,0,5,3,12,13,13,10,11,6
700,2519,602788.5,3514615.5,2022,1,1,3,4,2,1,8,3,9,11,2,7,11,9,0,14,5,13
690,2547,602872.5,3514645.5,2022,2,3,3,4,3,1,5,1,0,6,6,10,1,5,5,15,14,7
702,2562,602917.5,3514609.5,2022,0,1,2,3,1,2,4,6,2,5,1,9,2,15,15,7,13,10
707,2591,603004.5,3514594.5,2022,2,3,0,1,0,4,0,8,7,8,8,0,7,11,16,3,8,8
704,2639,603148.5,3514603.5,2022,1,1,3,2,5,5,1,2,4,10,4,2,14,2,12,6,18,11
694,2644,603163.5,3514633.5,2022,1,1,3,4,2,1,8,3,9,11,2,2,14,2,12,6,18,11
717,2687,603292.5,3514564.5,2022,2,3,0,1,0,4,0,8,7,8,8,0,7,11,16,3,8,8
710,2703,603340.5,3514585.5,2022,2,3,3,4,2,1,8,3,9,11,2,7,11,9,0,14,5,13
705,2759,603508.5,3514600.5,2022,2,3,0,1,0,4,0,8,7,8,8,0,7,11,16,12,8,5
698,2782,603577.5,3514621.5,2022,2,3,3,4,2,1,8,3,9,11,2,7,11,9,0,14,5,13
715,2801,603634.5,3514570.5,2022,2,3,3,4,2,1,8,3,9,11,2,7,11,9,0,14,5,13
706,2841,603754.5,3514597.5,2022,2,3,3,4,2,1,8,3,9,11,2,7,11,9,0,14,5,13
690,2864,603823.5,3514645.5,2022,2,3,3,4,2,1,8,3,9,11,2,7,11,9,0,14,5,13
714,2908,603955.5,3514573.5,2022,2,3,0,1,0,4,5,1,0,6,6,10,1,5,5,12,6,5
713,2922,603997.5,3514576.5,2022,2,3,3,4,2,1,8,3,9,11,2,7,11,9,0,14,5,13
706,2953,604090.5,3514597.5,2022,1,1,3,2,2,5,1,4,5,2,12,2,14,2,8,16,18,11
697,2994,604213.5,3514624.5,2022,2,3,0,1,0,4,5,1,0,6,6,10,1,5,5,12,6,5
716,3017,604282.5,3514567.5,2022,1,1,3,4,2,1,8,3,9,11,2,7,11,9,0,14,5,13
692,3033,604330.5,3514639.5,2022,2,3,0,4,3,0,5,1,0,6,6,10,1,5,5,15,10,19
700,3068,604435.5,3514615.5,2022,1,1,3,4,2,1,8,3,9,11,2,7,11,9,0,14,5,13
705,3117,604582.5,3514600.5,2022,1,1,3,4,2,1,8,3,9,11,2,7,14,2,0,6,5,11
697,3120,604591.5,3514624.5,2022,1,1,3,2,5,5,1,2,4,10,4,2,0,14,12,6,16,4
702,3160,604711.5,3514609.5,2022,1,1,3,4,2,1,8,3,9,11,2,7,11,9,0,14,5,13
710,3181,604774.5,3514585.5,2022,1,1,3,4,2,1,8,3,9,11,2,7,11,9,0,14,5,13
690,3215,604876.5,3514645.5,2022,2,3,0,1,0,4,0,8,7,8,8,0,7,11,16,3,8,8
718,3269,605038.5,3514561.5,2022,2,3,3,4,2,1,8,3,9,11,2,7,11,9,0,14,5,13
702,3272,605047.5,3514609.5,2022,2,3,3,4,2,1,8,3,9,11,2,7,11,9,0,14,5,13
713,3314,605173.5,3514576.5,2022,2,3,0,1,0,4,5,1,0,6,6,10,1,5,5,12,6,5
699,3332,605227.5,3514618.5,2022,2,3,0,1,0,4,5,1,0,6,6,10,1,5,5,12,6,5
747,3,595240.5,3514474.5,2022,0,0,2,3,1,2,6,9,8,1,10,13,5,0,6,8,9,12
746,55,595396.5,3514477.5,2022,0,0,1,0,6,7,7,0,3,4,9,8,9,8,2,0,0,1
742,85,595486.5,3514489.5,2022,0,0,1,3,1,2,6,9,8,1,10,8,5,0,6,8,15,12
744,104,595543.5,3514483.5,2022,0,0,2,3,1,2,6,9,8,1,10,13,5,10,14,9,9,14
748,146,595669.5,3514471.5,2022,0,0,1,3,1,7,7,0,3,4,9,8,9,0,2,8,15,12
737,152,595687.5,3514504.5,2022,0,0,1,3,1,7,7,0,3,4,9,8,9,0,6,8,15,12
724,181,595774.5,3514543.5,2022,0,0,1,3,1,2,6,9,8,1,10,13,5,0,6,8,15,12
728,223,595900.5,3514531.5,2022,0,0,1,3,1,7,7,0,3,4,9,8,9,0,6,8,0,1
749,241,595954.5,3514468.5,2022,0,0,1,3,6,7,7,0,3,4,9,8,9,0,2,0,15,17
733,295,596116.5,3514516.5,2022,0,0,1,3,1,7,7,0,3,4,9,8,9,0,6,8,15,12
741,323,596200.5,3514492.5,2022,0,0,1,3,1,7,7,0,3,4,9,8,9,0,6,8,15,12
738,335,596236.5,3514501.5,2022,0,0,1,3,1,7,7,0,3,4,9,8,9,0,6,8,15,12
733,388,596395.5,3514516.5,2022,0,0,1,3,6,7,7,0,3,4,9,8,9,0,6,8,15,1
734,401,596434.5,3514513.5,2022,0,0,1,3,1,7,7,0,3,4,9,8,9,0,6,8,15,12
728,436,596539.5,3514531.5,2022,0,0,1,3,1,7,7,0,3,4,9,8,9,0,6,8,15,12
746,476,596659.5,3514477.5,2022,0,0,1,3,6,7,7,0,2,5,9,1,13,6,9,11,0,1
738,501,596734.5,3514501.5,2022,0,0,1,3,1,2,6,9,8,1,10,13,5,0,6,8,15,12
730,519,596788.5,3514525.5,2022,0,0,1,3,1,7,7,0,3,4,9,8,9,0,6,8,15,12
721,544,596863.5,3514552.5,2022,0,0,1,0,6,7,7,0,3,4,9,8,9,8,2,0,11,17
728,573,596950.5,3514531.5,2022,0,0,1,0,6,7,7,0,3,4,9,8,9,8,2,0,11,17
720,629,597118.5,3514555.5,2022,0,0,1,0,6,3,2,7,10,0,5,3,12,8,10,17,11,16
734,641,597154.5,3514513.5,2022,0,0,1,0,6,7,2,7,3,0,5,3,9,8,2,0,11,17
726,681,597274.5,3514537.5,2022,0,0,1,0,6,3,2,7,10,0,5,3,12,8,2,0,11,17
729,710,597361.5,3514528.5,2022,2,0,1,0,6,3,2,7,10,0,5,3,12,8,10,17,12,16
731,741,597454.5,3514522.5,2022,0,0,1,0,6,7,2,7,10,0,5,1,13,6,10,17,11,16
733,751,597484.5,3514516.5,2022,0,0,1,0,6,7,2,7,10,0,5,1,13,8,10,17,11,16
722,806,597649.5,3514549.5,2022,0,0,1,0,6,7,2,7,3,0,5,3,12,8,2,0,11,17
725,829,597718.5,3514540.5,2022,0,0,1,0,6,7,2,7,10,0,5,3,12,8,2,0,11,17
739,868,597835.5,3514498.5,2022,0,0,1,0,6,7,2,0,3,0,5,1,13,8,2,0,11,17
729,896,597919.5,3514528.5,2022,0,1,1,4,3,0,4,2,2,5,1,1,13,6,9,11,0,1
723,919,597988.5,3514546.5,2022,1,1,3,4,2,5,8,2,4,10,4,2,14,2,12,6,18,11
737,958,598105.5,3514504.5,2022,1,1,2,2,5,5,1,2,4,10,4,2,0,14,7,1,16,4
738,980,598171.5,3514501.5,2022,1,1,3,4,2,1,8,3,9,11,2,7,11,9,0,14,5,13
729,1000,598231.5,3514528.5,2022,0,0,1,0,6,7,2,7,10,0,5,3,12,8,2,0,11,17
739,1042,598357.5,3514498.5,2022,0,0,1,0,6,7,7,0,3,4,9,8,9,8,2,0,11,17
741,1076,598459.5,3514492.5,2022,0,0,1,0,6,7,7,0,3,4,9,8,9,8,2,0,11,17
732,1080,598471.5,3514519.5,2022,0,0,1,0,6,7,7,0,3,0,5,3,12,8,2,0,11,17
736,1125,598606.5,3514507.5,2022,0,0,1,3,6,7,7,0,3,4,9,8,9,8,2,0,15,17
740,1161,598714.5,3514495.5,2022,0,0,1,3,6,7,7,0,3,4,9,8,9,8,2,0,15,17
733,1173,598750.5,3514516.5,2022,0,0,1,0,6,7,7,0,3,4,9,8,9,8,2,0,11,17
740,1215,598876.5,3514495.5,2022,0,0,1,0,6,7,7,0,3,4,9,8,9,8,2,0,11,17
737,1247,598972.5,3514504.5,2022,0,0,1,3,1,7,7,0,3,4,9,8,9,0,6,8,15,12
722,1265,599026.5,3514549.5,2022,0,0,1,3,1,7,7,0,3,4,9,8,9,0,6,8,15,12
748,1316,599179.5,3514471.5,2022,0,0,1,3,1,7,7,0,3,4,9,8,9,0,6,8,15,12
738,1340,599251.5,3514501.5,2022,0,0,1,3,1,7,7,0,2,5,1,8,2,0,6,11,0,12
736,1367,599332.5,3514507.5,2022,0,0,1,3,1,7,7,0,3,4,9,8,9,0,6,8,15,12
743,1397,599422.5,3514486.5,2022,0,0,1,3,1,7,7,0,3,4,9,8,9,0,2,8,15,12
746,1419,599488.5,3514477.5,2022,0,0,1,0,6,7,7,0,3,4,9,8,9,8,2,0,11,17
747,1449,599578.5,3514474.5,2022,0,0,1,0,6,7,7,0,3,4,9,8,9,8,2,0,11,17
737,1480,599671.5,3514504.5,2022,0,0,1,3,1,7,7,0,3,4,9,8,9,0,6,8,15,12
729,1508,599755.5,3514528.5,2022,0,0,1,3,1,7,7,0,3,4,9,8,9,0,6,8,15,12
731,1549,599878.5,3514522.5,2022,0,0,1,3,6,7,7,0,3,4,9,8,9,0,6,11,0,1
728,1585,599986.5,3514531.5,2022,0,0,1,3,6,7,7,0,3,4,9,8,9,0,2,0,15,17
730,1596,600019.5,3514525.5,2022,0,0,1,0,6,7,7,0,3,4,9,8,9,8,2,0,11,17
742,1643,600160.5,3514489.5,2022,0,0,1,3,6,7,7,0,3,4,9,8,9,8,2,0,15,17
740,1655,600196.5,3514495.5,2022,0,0,1,3,1,7,7,0,3,4,9,8,9,0,6,8,15,12
724,1687,600292.5,3514543.5,2022,0,0,1,3,1,7,7,0,3,4,9,8,9,0,6,8,15,12
732,1728,600415.5,3514519.5,2022,1,1,2,2,5,5,1,4,5,2,12,6,0,14,7,1,16,4
723,1745,600466.5,3514546.5,2022,1,1,2,2,5,5,1,4,5,2,12,6,0,14,7,1,16,4
734,1779,600568.5,3514513.5,2022,1,1,2,2,5,5,1,4,5,2,12,6,0,14,7,1,16,4
726,1814,600673.5,3514537.5,2022,1,1,2,2,1,2,6,9,8,1,10,13,5,10,14,9,9,14
748,1833,600730.5,3514471.5,2022,1,1,2,2,5,5,1,2,4,10,4,2,0,14,7,1,16,4
744,1883,600880.5,3514483.5,2022,0,0,1,3,1,2,6,9,8,1,10,9,2,0,6,8,15,12
733,1917,600982.5,3514516.5,2022,0,0,2,3,1,2,6,9,8,1,10,13,5,10,6,8,9,12
734,1927,601012.5,3514513.5,2022,0,0,2,3,1,2,6,9,8,1,10,13,5,10,15,7,13,10
745,1951,601084.5,3514480.5,2022,0,0,1,3,1,2,7,0,8,5,1,8,2,0,6,8,15,12
748,1983,601180.5,3514471.5,2022,0,0,1,3,1,2,6,9,8,1,10,13,5,0,6,8,15,12
729,2024,601303.5,3514528.5,2022,0,0,1,0,6,3,2,7,10,0,5,3,12,13,13,10,11,0
734,2066,601429.5,3514513.5,2022,2,0,1,0,6,3,2,7,10,0,5,3,12,13,13,10,10,0
735,2072,601447.5,3514510.5,2022,0,0,1,0,3,3,2,7,2,5,1,1,13,6,9,11,10,6
742,2117,601582.5,3514489.5,2022,2,3,0,0,3,0,5,1,0,6,6,10,1,5,5,15,10,6
739,2151,601684.5,3514498.5,2022,0,0,1,0,3,0,4,6,2,5,1,1,2,6,9,11,10,6
728,2169,601738.5,3514531.5,2022,2,3,0,1,0,3,5,1,0,6,6,10,1,13,13,10,7,0
726,2217,601882.5,3514537.5,2022,1,1,3,4,2,1,8,2,4,10,4,2,14,2,12,6,18,11
735,2233,601930.5,3514510.5,2022,0,0,1,0,6,7,7,0,2,5,1,8,2,0,9,11,10,6
724,2265,602026.5,3514543.5,2022,2,3,0,1,0,3,2,7,10,7,11,3,12,13,13,10,7,0
728,2308,602155.5,3514531.5,2022,2,3,0,0,6,3,2,7,10,0,5,3,12,13,13,10,7,0
747,2336,602239.5,3514474.5,2022,2,3,0,1,0,3,5,1,0,7,11,11,1,13,13,10,7,0
722,2365,602326.5,3514549.5,2022,2,3,3,4,3,1,5,1,0,6,6,10,1,5,5,15,14,7
734,2383,602380.5,3514513.5,2022,0,0,1,0,6,3,2,7,2,5,5,1,13,6,9,11,10,6
747,2427,602512.5,3514474.5,2022,2,3,0,1,0,4,0,8,7,7,11,11,8,13,13,10,7,0
726,2430,602521.5,3514537.5,2022,2,3,0,1,0,4,0,8,7,8,8,0,7,11,16,3,8,5
725,2489,602698.5,3514540.5,2022,1,1,3,4,2,1,8,3,9,11,2,7,14,2,12,6,14,13
737,2508,602755.5,3514504.5,2022,0,0,1,3,1,0,4,6,2,5,1,9,2,15,15,7,13,10
746,2522,602797.5,3514477.5,2022,1,1,3,2,2,5,1,2,4,10,4,2,14,2,12,6,18,11
723,2571,602944.5,3514546.5,2022,1,1,3,4,2,1,8,3,9,11,2,7,11,9,0,14,5,13
738,2593,603010.5,3514501.5,2022,2,3,0,1,0,4,0,8,7,8,8,0,7,11,16,3,8,8
739,2625,603106.5,3514498.5,2022,1,1,3,4,3,0,4,6,1,6,6,10,14,5,5,15,10,7
741,2650,603181.5,3514492.5,2022,2,3,3,4,2,1,8,1,0,6,6,10,1,5,5,15,14,7
745,2696,603319.5,3514480.5,2022,0,0,1,3,3,0,4,6,2,5,1,9,2,15,15,7,13,6
734,2725,603406.5,3514513.5,2022,2,3,0,0,3,0,5,1,0,6,6,10,1,13,13,10,10,6
733,2749,603478.5,3514516.5,2022,2,3,0,1,0,4,5,1,7,8,8,0,1,5,5,12,6,5
743,2768,603535.5,3514486.5,2022,2,3,0,1,0,4,5,1,0,6,6,10,1,5,5,12,6,5
748,2798,603625.5,3514471.5,2022,2,3,0,1,0,4,0,8,7,8,8,0,7,11,16,12,8,5
735,2831,603724.5,3514510.5,2022,2,3,0,1,0,4,0,8,7,8,8,0,7,11,16,3,8,5
737,2857,603802.5,3514504.5,2022,2,3,0,1,0,4,0,8,7,8,8,0,7,11,16,12,8,5
735,2905,603946.5,3514510.5,2022,1,1,3,4,2,1,8,3,9,11,2,7,11,9,0,14,5,13
723,2916,603979.5,3514546.5,2022,2,3,3,4,2,1,8,3,9,11,2,7,11,9,0,14,5,13
741,2948,604075.5,3514492.5,2022,2,3,0,1,0,4,0,8,7,8,8,0,7,5,5,12,6,5
728,2979,604168.5,3514531.5,2022,1,1,3,4,2,1,8,3,9,11,2,7,11,9,0,14,5,11
728,3008,604255.5,3514531.5,2022,1,1,3,4,2,1,8,3,9,11,2,7,11,9,0,14,5,13
741,3056,604399.5,3514492.5,2022,1,1,3,4,2,1,8,3,9,11,2,7,11,9,0,14,5,13
741,3066,604429.5,3514492.5,2022,1,1,3,2,2,5,1,2,4,10,4,2,14,2,12,6,18,11
737,3091,604504.5,3514504.5,2022,1,1,3,4,2,1,8,3,9,11,2,7,11,9,0,14,5,13
737,3129,604618.5,3514504.5,2022,1,1,2,2,5,5,1,4,5,2,12,6,4,3,8,16,4,9
736,3160,604711.5,3514507.5,2022,1,1,2,2,5,5,1,4,5,2,12,6,4,3,8,16,4,9
746,3188,604795.5,3514477.5,2022,2,3,3,4,2,1,8,3,9,11,2,7,11,9,0,14,5,13
749,3220,604891.5,3514468.5,2022,2,3,3,4,2,1,8,3,9,11,2,7,11,9,0,14,5,13
723,3249,604978.5,3514546.5,2022,1,1,3,4,2,1,8,3,9,11,2,7,11,9,0,14,18,11
748,3297,605122.5,3514471.5,2022,2,3,3,4,2,1,8,3,9,11,2,7,11,9,0,14,5,13
724,3309,605158.5,3514543.5,2022,1,1,3,4,2,1,8,3,9,11,2,7,14,2,0,14,14,13
736,3333,605230.5,3514507.5,2022,1,1,3,4,2,1,8,3,9,11,2,7,11,9,0,14,5,13
758,28,595315.5,3514441.5,2022,0,0,1,0,6,7,7,0,3,4,9,8,9,8,2,0,11,17
751,58,595405.5,3514462.5,2022,0,0,1,0,6,7,7,0,3,4,9,8,9,8,2,0,11,17
772,74,595453.5,3514399.5,2022,0,0,1,3,1,2,6,9,8,1,9,13,9,0,6,8,15,12
766,101,595534.5,3514417.5,2022,0,0,2,3,1,2,6,9,8,1,10,13,5,10,14,9,9,14
775,143,595660.5,3514390.5,2022,0,0,1,3,1,2,6,9,8,4,9,8,5,0,6,8,15,12
772,159,595708.5,3514399.5,2022,0,0,1,3,1,2,6,9,8,1,10,13,5,10,14,9,9,14
754,181,595774.5,3514453.5,2022,0,0,1,3,1,2,6,9,8,1,10,13,5,0,6,8,15,12
763,228,595915.5,3514426.5,2022,0,0,1,3,6,7,7,0,3,4,9,8,9,0,6,8,15,12
766,248,595975.5,3514417.5,2022,0,0,1,3,1,2,7,0,3,4,9,8,9,0,6,8,15,12
770,290,596101.5,3514405.5,2022,0,0,1,3,1,7,7,0,3,4,9,8,9,0,2,8,15,12
773,329,596218.5,3514396.5,2022,0,0,1,3,1,2,7,0,3,4,9,8,9,0,6,8,15,12
769,342,596257.5,3514408.5,2022,0,0,1,3,1,2,6,9,8,1,10,13,5,0,6,8,15,12
773,385,596386.5,3514396.5,2022,0,0,1,3,1,2,7,0,3,4,9,8,9,0,6,8,15,12
754,419,596488.5,3514453.5,2022,0,0,1,3,6,7,7,0,3,4,9,8,9,0,2,0,15,17
770,433,596530.5,3514405.5,2022,0,0,1,3,1,7,7,0,3,4,9,8,9,0,6,8,15,12
774,453,596590.5,3514393.5,2022,0,0,1,3,1,7,7,0,3,4,9,8,9,0,6,8,0,1
774,506,596749.5,3514393.5,2022,0,0,1,3,1,2,6,9,8,1,10,13,5,10,14,8,9,12
760,526,596809.5,3514435.5,2022,0,0,1,3,1,7,7,0,3,4,9,8,9,0,6,8,15,12
771,560,596911.5,3514402.5,2022,0,0,1,3,1,2,7,0,3,4,9,8,9,0,6,8,15,12
752,584,596983.5,3514459.5,2022,0,0,1,0,3,0,4,7,2,5,1,1,13,6,9,11,0,6
762,601,597034.5,3514429.5,2022,0,0,1,0,6,3,2,7,10,0,5,3,12,8,13,0,11,17
778,655,597196.5,3514381.5,2022,2,3,0,0,0,3,2,7,10,7,11,11,8,1,10,17,12,16
750,678,597265.5,3514465.5,2022,2,3,0,0,6,3,2,7,10,0,11,3,12,13,13,10,7,0
755,708,597355.5,3514450.5,2022,0,0,1,0,6,3,2,7,10,0,5,3,12,8,10,17,12,16
768,735,597436.5,3514411.5,2022,0,0,1,0,6,7,7,0,3,4,5,1,13,8,10,17,0,1
776,762,597517.5,3514387.5,2022,0,0,1,0,6,3,2,7,10,0,5,3,12,8,2,0,11,17
755,780,597571.5,3514450.5,2022,0,0,1,0,6,3,2,7,10,0,5,3,12,8,10,17,11,16
751,815,597676.5,3514462.5,2022,0,0,1,0,6,3,2,7,10,0,5,3,12,8,10,17,11,16
776,860,597811.5,3514387.5,2022,0,0,1,0,6,7,7,0,3,0,5,1,13,6,10,17,0,1
763,892,597907.5,3514426.5,2022,0,0,1,0,6,3,2,7,10,0,5,3,12,8,10,17,11,17
753,927,598012.5,3514456.5,2022,2,3,0,0,6,3,2,7,10,0,5,3,12,13,13,17,7,0
768,941,598054.5,3514411.5,2022,2,3,0,1,0,3,2,7,10,7,11,11,8,1,3,13,7,18
772,985,598186.5,3514399.5,2022,2,3,0,0,6,3,2,7,10,7,11,3,12,13,13,10,7,0
775,1016,598279.5,3514390.5,2022,2,3,0,0,6,3,2,7,10,0,5,1,13,6,10,17,12,16
762,1044,598363.5,3514429.5,2022,1,1,3,4,5,5,1,4,1,9,0,5,10,12,8,4,18,11
777,1050,598381.5,3514384.5,2022,1,1,3,4,2,1,8,3,9,11,2,5,10,12,0,4,18,11
779,1099,598528.5,3514378.5,2022,0,0,1,0,6,7,2,7,10,0,5,3,12,8,2,0,11,17
768,1136,598639.5,3514411.5,2022,0,0,1,0,6,7,7,0,3,4,9,8,9,8,2,0,11,17
763,1146,598669.5,3514426.5,2022,0,0,1,3,6,7,7,0,3,4,9,8,9,8,2,0,15,17
755,1172,598747.5,3514450.5,2022,0,0,1,0,6,7,7,0,3,4,9,8,9,8,2,0,11,17
765,1217,598882.5,3514420.5,2022,0,0,1,3,1,7,7,0,3,4,9,8,9,0,6,8,15,12
771,1255,598996.5,3514402.5,2022,0,0,1,0,6,7,2,7,10,0,5,3,12,8,2,0,11,17
755,1271,599044.5,3514450.5,2022,0,0,1,0,6,3,2,7,10,0,5,3,12,8,10,17,11,16
767,1294,599113.5,3514414.5,2022,0,0,1,3,6,7,7,0,3,4,9,8,9,0,2,0,15,12
762,1338,599245.5,3514429.5,2022,0,0,1,0,6,3,2,7,10,0,5,3,12,13,13,10,11,16
767,1355,599296.5,3514414.5,2022,0,0,1,3,1,7,7,0,3,4,9,8,9,0,6,8,15,12
772,1405,599446.5,3514399.5,2022,0,0,1,0,6,7,7,0,3,4,9,8,9,8,2,0,11,17
775,1434,599533.5,3514390.5,2022,0,0,1,3,1,7,7,0,3,4,9,8,9,0,6,8,15,12
758,1443,599560.5,3514441.5,2022,0,0,1,0,6,7,7,0,3,4,9,8,9,8,2,0,11,17
763,1482,599677.5,3514426.5,2022,0,0,1,3,6,7,7,0,3,4,9,8,9,0,2,0,15,17
763,1518,599785.5,3514426.5,2022,0,0,1,3,6,7,7,0,3,4,9,8,9,0,2,8,15,12
752,1554,599893.5,3514459.5,2022,0,0,1,3,1,2,7,0,8,4,9,8,9,0,6,8,15,12
758,1572,599947.5,3514441.5,2022,1,1,2,2,5,5,1,4,5,2,12,6,4,3,8,16,4,9
758,1619,600088.5,3514441.5,2022,1,1,2,2,5,5,1,2,4,10,4,2,0,14,7,1,16,4
775,1624,600103.5,3514390.5,2022,1,1,3,2,5,5,1,2,4,10,4,2,0,14,12,1,14,7
772,1676,600259.5,3514399.5,2022,0,0,2,3,1,2,6,9,8,1,10,9,2,15,15,7,13,10
775,1694,600313.5,3514390.5,2022,0,0,2,3,1,2,6,9,8,1,10,13,5,10,14,9,9,14
762,1722,600397.5,3514429.5,2022,0,0,1,3,1,7,7,0,3,4,9,8,9,0,6,8,15,12
771,1769,600538.5,3514402.5,2022,0,0,1,3,1,2,7,0,3,4,9,8,9,0,6,8,15,12
751,1796,600619.5,3514462.5,2022,0,0,1,0,6,7,7,0,3,4,9,8,9,8,2,0,11,17
779,1818,600685.5,3514378.5,2022,0,0,1,3,1,2,7,0,3,4,9,8,9,0,6,8,15,12
750,1857,600802.5,3514465.5,2022,0,0,2,3,1,2,6,9,8,5,1,9,2,15,6,7,13,10
750,1880,600871.5,3514465.5,2022,0,0,2,3,1,2,6,9,8,1,10,13,5,10,14,9,9,14
759,1911,600964.5,3514438.5,2022,0,0,2,3,1,2,6,9,8,1,10,13,5,10,14,9,9,14
776,1940,601051.5,3514387.5,2022,0,0,1,3,1,7,7,0,2,4,9,8,9,0,6,11,0,12
766,1962,601117.5,3514417.5,2022,0,0,1,3,1,7,7,0,3,4,9,8,9,0,6,8,15,12
759,2009,601258.5,3514438.5,2022,0,0,1,0,6,7,7,0,3,4,9,8,9,8,2,0,11,17
767,2033,601330.5,3514414.5,2022,0,0,1,0,6,7,2,7,10,0,5,3,12,8,2,0,11,17
757,2057,601402.5,3514444.5,2022,1,1,3,4,3,0,4,2,4,10,4,2,14,14,12,6,14,7
759,2094,601513.5,3514438.5,2022,2,3,0,0,3,3,5,1,0,6,6,10,1,6,5,15,10,19
769,2112,601567.5,3514408.5,2022,0,0,1,0,3,0,4,6,2,5,1,1,13,6,9,11,0,6
757,2131,601624.5,3514444.5,2022,2,3,0,0,0,3,2,7,10,0,5,3,12,13,13,10,7,0
762,2180,601771.5,3514429.5,2022,2,3,1,0,6,3,2,7,10,0,5,3,12,13,13,10,10,6
765,2193,601810.5,3514420.5,2022,2,3,0,0,6,3,2,7,10,0,5,3,12,13,13,10,7,0
752,2244,601963.5,3514459.5,2022,0,0,1,0,6,7,7,0,3,0,5,3,12,8,2,0,11,6
770,2260,602011.5,3514405.5,2022,0,0,1,0,3,0,4,6,2,5,1,1,13,6,9,11,10,6
761,2303,602140.5,3514432.5,2022,2,3,3,4,3,1,5,1,0,6,6,10,1,5,5,15,14,7
750,2329,602218.5,3514465.5,2022,2,3,0,0,6,3,2,7,10,0,5,3,12,13,13,10,7,0
755,2344,602263.5,3514450.5,2022,2,3,0,1,0,3,5,1,0,6,6,10,1,5,5,15,12,19
760,2398,602425.5,3514435.5,2022,0,0,1,0,6,3,2,7,10,0,5,3,12,13,10,17,12,16
778,2401,602434.5,3514381.5,2022,1,1,3,4,2,1,8,3,9,11,2,7,11,9,0,14,5,13
762,2439,602548.5,3514429.5,2022,0,0,1,0,6,7,2,7,10,0,5,3,12,8,2,0,11,17
772,2461,602614.5,3514399.5,2022,0,0,1,0,6,7,7,0,3,4,9,8,9,8,2,0,11,17
757,2519,602788.5,3514444.5,2022,1,1,3,4,2,1,8,3,9,11,2,5,4,3,8,16,18,11
763,2533,602830.5,3514426.5,2022,2,3,0,1,0,4,0,8,7,8,8,0,7,11,16,12,6,5
754,2557,602902.5,3514453.5,2022,2,3,0,1,0,4,0,8,7,8,8,0,7,11,16,3,8,8
762,2580,602971.5,3514429.5,2022,2,3,0,1,0,3,0,8,10,7,11,3,12,13,13,10,7,0
774,2631,603124.5,3514393.5,2022,1,1,3,4,2,1,8,3,9,11,2,7,11,9,0,14,5,13
768,2647,603172.5,3514411.5,2022,2,3,3,4,2,1,8,3,9,11,2,7,11,9,0,14,5,13
758,2695,603316.5,3514441.5,2022,2,3,0,4,3,0,5,1,0,6,6,10,1,5,5,15,6,19
750,2708,603355.5,3514465.5,2022,2,3,0,4,3,0,5,1,0,6,6,10,1,5,5,15,10,19
774,2759,603508.5,3514393.5,2022,2,3,3,4,2,1,8,3,9,11,2,7,11,9,0,14,5,13
771,2784,603583.5,3514402.5,2022,2,3,0,1,0,4,5,1,0,6,6,10,1,5,5,12,6,5
777,2812,603667.5,3514384.5,2022,2,3,3,4,2,1,8,3,9,11,2,7,11,9,0,14,5,13
774,2827,603712.5,3514393.5,2022,2,3,0,1,0,4,0,8,7,8,8,0,7,11,16,12,7,5
767,2856,603799.5,3514414.5,2022,2,3,3,4,2,1,8,3,9,11,2,7,11,9,0,14,5,13
774,2906,603949.5,3514393.5,2022,2,3,0,1,0,4,0,8,7,8,8,0,7,11,16,12,6,5
774,2932,604027.5,3514393.5,2022,2,3,0,1,0,4,5,1,0,6,6,10,1,5,5,12,6,5
761,2944,604063.5,3514432.5,2022,1,1,3,4,2,1,8,3,9,11,2,7,11,9,0,14,5,13
761,2993,604210.5,3514432.5,2022,1,1,3,2,2,5,1,2,4,10,4,2,14,2,12,6,14,11
776,3016,604279.5,3514387.5,2022,1,1,3,4,2,1,8,2,4,10,2,2,14,2,12,6,18,11
767,3032,604327.5,3514414.5,2022,1,1,3,2,5,5,1,2,4,10,4,2,14,2,12,6,18,11
773,3066,604429.5,3514396.5,2022,1,1,3,2,5,5,1,4,5,2,12,6,4,3,8,16,18,11
755,3103,604540.5,3514450.5,2022,1,1,3,4,2,1,8,2,4,10,4,2,14,2,12,6,14,7
761,3121,604594.5,3514432.5,2022,1,1,2,2,5,5,1,4,5,2,12,6,4,3,8,16,4,9
777,3174,604753.5,3514384.5,2022,1,1,3,4,2,1,8,3,9,11,2,7,11,9,0,14,5,13
752,3197,604822.5,3514459.5,2022,2,3,3,4,2,1,8,3,9,11,2,7,11,9,0,14,5,13
774,3232,604927.5,3514393.5,2022,2,3,3,4,2,1,8,3,9,11,2,7,11,9,0,14,5,13
762,3268,605035.5,3514429.5,2022,1,1,3,4,2,1,8,3,9,11,2,7,11,9,0,14,5,13
767,3275,605056.5,3514414.5,2022,2,3,3,4,2,1,8,3,9,11,2,7,11,9,0,14,5,13
765,3321,605194.5,3514420.5,2022,2,3,3,4,2,1,8,3,9,11,2,7,11,9,0,14,5,13
764,3332,605227.5,3514423.5,2022,2,3,0,1,0,4,0,8,7,8,8,0,7,11,16,12,6,5
807,17,595282.5,3514294.5,2022,0,1,2,3,1,2,6,9,8,1,10,13,0,14,7,1,16,1
809,53,595390.5,3514288.5,2022,0,0,2,3,1,2,6,9,8,1,10,13,5,10,6,8,9,12
791,73,595450.5,3514342.5,2022,0,0,1,3,1,2,7,0,3,4,9,8,9,0,6,8,15,12
787,102,595537.5,3514354.5,2022,0,0,1,3,1,2,6,9,8,1,10,13,5,0,6,8,15,12
780,137,595642.5,3514375.5,2022,0,0,1,3,1,7,7,0,3,4,9,8,9,0,6,8,15,12
805,159,595708.5,3514300.5,2022,0,0,1,3,6,7,7,0,3,4,9,8,9,8,2,0,15,17
780,192,595807.5,3514375.5,2022,0,0,1,3,1,7,7,0,3,4,9,8,9,0,6,8,15,12
802,226,595909.5,3514309.5,2022,0,0,1,3,6,7,7,0,3,4,9,8,9,8,2,0,15,17
794,263,596020.5,3514333.5,2022,0,0,1,3,1,7,7,0,3,4,9,8,9,0,6,8,15,12
781,281,596074.5,3514372.5,2022,0,0,1,3,1,7,7,0,3,4,9,8,9,0,6,8,15,12
786,303,596140.5,3514357.5,2022,0,0,1,3,1,2,7,0,8,4,9,8,9,0,6,8,15,12
801,353,596290.5,3514312.5,2022,0,0,1,3,1,7,7,0,3,4,9,1,9,0,6,8,0,1
791,364,596323.5,3514342.5,2022,0,1,2,3,1,2,6,9,8,1,10,13,0,14,7,1,16,4
798,392,596407.5,3514321.5,2022,0,0,1,3,1,7,7,0,3,4,9,8,9,0,6,8,15,12
808,438,596545.5,3514291.5,2022,0,0,1,3,1,2,7,0,3,4,9,8,9,0,6,8,15,12
801,467,596632.5,3514312.5,2022,0,0,1,3,1,7,7,0,3,4,9,8,9,0,6,8,15,12
793,500,596731.5,3514336.5,2022,0,0,2,3,1,2,6,9,8,1,10,13,5,10,14,9,9,14
789,524,596803.5,3514348.5,2022,0,0,1,3,1,7,7,0,3,4,9,8,9,0,6,8,15,12
782,566,596929.5,3514369.5,2022,0,0,1,3,6,7,7,0,3,4,9,8,9,0,6,8,0,1
782,597,597022.5,3514369.5,2022,0,0,1,0,6,7,7,0,3,4,5,1,13,6,9,11,0,1
808,600,597031.5,3514291.5,2022,0,0,1,0,6,7,7,0,2,5,9,1,13,6,9,11,0,1
805,630,597121.5,3514300.5,2022,0,0,1,0,6,7,7,0,3,0,5,1,13,8,2,17,0,1
783,664,597223.5,3514366.5,2022,0,0,1,0,6,3,2,7,10,0,5,3,12,8,10,17,11,16
780,708,597355.5,3514375.5,2022,0,0,1,0,6,7,7,0,3,0,5,1,13,6,9,11,0,1
795,731,597424.5,3514330.5,2022,0,0,1,0,6,7,2,7,3,0,5,3,12,8,2,0,11,17
787,752,597487.5,3514354.5,2022,0,0,1,0,6,7,7,7,3,0,5,3,12,8,2,0,11,17
794,805,597646.5,3514333.5,2022,0,0,1,0,6,3,2,7,10,0,5,3,12,8,10,17,11,17
780,832,597727.5,3514375.5,2022,0,0,1,0,6,3,2,7,10,0,5,3,12,8,2,17,11,17
806,846,597769.5,3514297.5,2022,0,0,1,0,6,7,2,7,10,0,5,3,12,8,2,0,11,17
787,879,597868.5,3514354.5,2022,0,0,1,0,6,7,2,7,10,0,5,3,12,8,2,0,11,17
802,918,597985.5,3514309.5,2022,0,0,1,0,6,3,2,7,10,0,5,1,13,8,10,17,12,16
784,951,598084.5,3514363.5,2022,2,3,0,1,0,3,0,8,7,7,11,11,8,1,3,13,7,0
794,968,598135.5,3514333.5,2022,2,3,0,1,0,3,2,8,10,7,11,11,8,1,3,13,2,18
807,1011,598264.5,3514294.5,2022,2,3,0,0,6,3,2,7,10,7,11,11,8,1,10,17,12,16
784,1045,598366.5,3514363.5,2022,1,1,3,4,2,1,8,2,4,10,4,2,14,2,12,6,14,7
808,1058,598405.5,3514291.5,2022,0,0,1,0,6,7,7,0,3,0,5,1,13,8,2,0,11,17
787,1088,598495.5,3514354.5,2022,2,0,1,0,6,3,2,7,10,0,5,1,13,1,10,17,12,16
802,1138,598645.5,3514309.5,2022,0,0,1,0,6,7,2,7,3,0,5,3,12,8,2,0,11,17
782,1163,598720.5,3514369.5,2022,0,0,1,0,6,7,2,7,3,0,5,3,12,8,2,0,11,17
807,1191,598804.5,3514294.5,2022,0,0,1,0,6,7,7,0,3,0,5,3,9,8,2,0,11,17
789,1221,598894.5,3514348.5,2022,0,0,1,3,1,7,7,0,2,4,9,8,9,0,6,8,0,12
802,1246,598969.5,3514309.5,2022,0,0,1,0,6,7,2,7,3,0,5,3,12,8,2,0,11,17
797,1264,599023.5,3514324.5,2022,0,0,1,0,6,7,7,0,3,4,9,8,9,8,2,0,11,17
792,1309,599158.5,3514339.5,2022,0,0,1,3,6,7,7,0,3,4,9,8,9,8,2,0,15,17
782,1342,599257.5,3514369.5,2022,0,0,1,0,6,3,2,7,10,0,5,3,13,6,10,17,12,16
782,1368,599335.5,3514369.5,2022,0,0,1,3,1,7,7,0,3,4,9,8,9,0,6,8,15,12
793,1386,599389.5,3514336.5,2022,0,0,1,3,1,7,7,0,3,4,9,8,9,0,6,8,15,12
786,1426,599509.5,3514357.5,2022,0,0,1,0,6,7,7,0,3,4,9,8,9,8,2,0,11,17
808,1465,599626.5,3514291.5,2022,0,0,1,0,6,7,2,7,10,0,5,3,12,13,13,11,10,6
793,1477,599662.5,3514336.5,2022,0,0,1,0,6,7,7,0,3,4,9,8,9,8,2,0,11,17
783,1501,599734.5,3514366.5,2022,0,0,1,0,6,7,7,0,3,4,9,8,9,8,2,0,11,17
787,1538,599845.5,3514354.5,2022,1,1,3,2,5,5,1,4,5,2,12,6,4,3,8,16,18,11
801,1588,599995.5,3514312.5,2022,0,0,1,3,1,7,7,0,3,4,9,8,9,0,6,8,15,12
780,1601,600034.5,3514375.5,2022,0,0,1,0,6,7,7,0,3,4,9,3,9,8,2,0,11,17
785,1630,600121.5,3514360.5,2022,0,0,1,0,6,7,7,0,3,4,9,8,9,0,6,11,0,1
804,1671,600244.5,3514303.5,2022,0,0,2,3,1,2,6,9,8,1,10,13,5,0,6,8,0,1
791,1695,600316.5,3514342.5,2022,0,0,1,3,1,2,6,9,8,1,10,13,5,0,6,8,15,12
809,1733,600430.5,3514288.5,2022,0,0,2,3,1,2,6,9,8,1,10,13,5,10,6,8,9,12
797,1745,600466.5,3514324.5,2022,0,0,1,3,1,7,7,0,3,4,9,8,9,0,6,8,15,12
804,1773,600550.5,3514303.5,2022,0,0,1,3,1,2,7,0,3,4,9,8,9,0,6,8,15,12
805,1822,600697.5,3514300.5,2022,0,1,2,3,1,2,6,9,8,1,10,13,0,14,7,1,16,4
798,1840,600751.5,3514321.5,2022,0,0,1,3,1,7,7,0,3,4,9,8,9,0,6,8,15,12
792,1885,600886.5,3514339.5,2022,0,1,2,3,1,2,6,9,8,1,10,13,5,10,14,9,9,14
808,1897,600922.5,3514291.5,2022,0,0,2,3,1,2,6,9,8,1,10,13,5,10,15,9,9,10
784,1931,601024.5,3514363.5,2022,0,0,1,3,1,7,7,0,3,4,9,8,9,0,6,8,15,12
805,1978,601165.5,3514300.5,2022,0,0,1,0,6,7,7,0,3,4,9,8,9,8,2,0,11,17
783,1999,601228.5,3514366.5,2022,0,0,1,3,6,7,7,0,3,4,9,8,9,0,2,0,15,12
797,2033,601330.5,3514324.5,2022,1,1,2,3,1,2,6,9,8,5,1,9,0,14,7,1,16,4
783,2042,601357.5,3514366.5,2022,0,0,1,0,6,7,7,0,2,5,1,1,13,6,9,11,0,1
804,2077,601462.5,3514303.5,2022,1,1,2,2,5,5,1,4,5,2,12,6,0,14,7,1,16,4
788,2110,601561.5,3514351.5,2022,1,1,2,2,5,5,1,2,4,10,4,2,0,14,7,1,16,4
804,2150,601681.5,3514303.5,2022,0,0,1,3,1,2,4,6,2,5,1,9,2,15,15,7,13,10
787,2171,601744.5,3514354.5,2022,0,0,1,0,3,0,4,0,2,5,1,1,13,6,9,11,0,6
792,2207,601852.5,3514339.5,2022,2,0,1,0,3,3,2,7,0,6,6,1,13,6,10,15,10,16
783,2233,601930.5,3514366.5,2022,2,3,0,0,6,3,2,7,10,0,5,3,12,13,13,10,12,16
781,2278,602065.5,3514372.5,2022,2,3,0,1,0,4,0,8,7,7,11,11,8,11,3,13,7,0
785,2291,602104.5,3514360.5,2022,2,3,0,1,0,3,2,7,10,7,11,11,12,13,13,10,7,0
786,2317,602182.5,3514357.5,2022,2,3,3,4,3,0,5,1,0,6,6,10,1,5,5,15,14,19
791,2340,602251.5,3514342.5,2022,0,0,1,0,6,7,2,7,10,0,5,3,12,8,2,0,11,17
796,2375,602356.5,3514327.5,2022,2,3,0,1,0,3,2,7,10,0,11,3,12,13,13,10,7,0
791,2410,602461.5,3514342.5,2022,2,1,3,4,2,1,8,2,4,10,4,2,14,2,12,6,14,7
807,2455,602596.5,3514294.5,2022,1,1,2,2,5,5,1,4,5,2,12,6,4,3,8,16,4,9
780,2468,602635.5,3514375.5,2022,1,1,2,2,5,5,1,2,4,10,4,2,0,14,7,1,16,4
784,2493,602710.5,3514363.5,2022,1,1,3,4,2,5,8,2,4,10,4,2,14,2,12,6,14,11
792,2522,602797.5,3514339.5,2022,2,3,0,1,0,4,0,8,7,8,8,0,7,11,16,3,8,8
794,2575,602956.5,3514333.5,2022,2,3,0,1,0,3,5,1,0,6,6,10,1,5,5,15,6,19
798,2604,603043.5,3514321.5,2022,2,3,0,1,0,4,0,8,7,7,11,0,7,11,16,13,7,0
780,2638,603145.5,3514375.5,2022,2,3,3,4,2,1,8,3,9,11,2,7,11,9,0,14,5,13
787,2665,603226.5,3514354.5,2022,2,3,3,4,2,1,8,3,9,11,2,7,11,9,0,14,5,13
797,2674,603253.5,3514324.5,2022,2,3,0,1,0,4,0,8,7,7,11,10,1,13,13,10,7,0
793,2723,603400.5,3514336.5,2022,2,3,0,1,0,4,0,8,7,8,8,0,7,11,16,12,8,5
785,2730,603421.5,3514360.5,2022,2,3,0,1,0,4,0,8,7,8,8,0,7,11,16,3,8,8
790,2774,603553.5,3514345.5,2022,2,3,3,4,2,1,8,3,9,11,2,7,11,9,0,14,14,13
805,2808,603655.5,3514300.5,2022,2,3,3,4,2,1,8,3,9,11,2,7,11,9,0,14,5,13
790,2826,603709.5,3514345.5,2022,2,3,3,4,2,1,8,3,9,11,2,7,11,9,0,14,5,13
786,2870,603841.5,3514357.5,2022,2,3,0,1,0,4,0,8,7,8,8,0,7,11,16,3,8,8
782,2880,603871.5,3514369.5,2022,2,3,0,1,0,4,0,8,7,8,8,0,7,11,16,3,8,5
780,2924,604003.5,3514375.5,2022,1,1,3,4,2,1,8,3,9,11,2,7,11,9,0,14,5,13
797,2958,604105.5,3514324.5,2022,2,3,3,4,2,1,8,3,9,11,2,7,11,9,0,14,5,13
793,2999,604228.5,3514336.5,2022,1,1,3,4,2,1,8,3,9,11,2,7,14,2,0,14,5,11
794,3029,604318.5,3514333.5,2022,1,3,3,4,2,1,8,3,9,11,2,7,11,9,0,14,5,13
809,3042,604357.5,3514288.5,2022,1,1,2,2,5,5,1,2,4,10,4,2,0,14,12,1,16,4
799,3062,604417.5,3514318.5,2022,2,3,3,4,3,0,5,1,0,6,6,10,1,5,5,15,10,19
791,3110,604561.5,3514342.5,2022,1,1,2,2,5,5,1,4,5,2,12,6,4,3,8,16,18,9
800,3121,604594.5,3514315.5,2022,1,1,2,2,5,5,1,4,5,2,12,6,4,3,8,16,4,9
784,3165,604726.5,3514363.5,2022,2,3,3,4,2,1,8,3,9,11,2,7,11,9,0,14,5,13
794,3195,604816.5,3514333.5,2022,1,1,3,4,2,1,8,2,4,10,4,2,14,2,12,6,18,11
797,3213,604870.5,3514324.5,2022,2,3,3,4,2,1,8,3,9,11,2,7,11,9,0,14,5,13
790,3251,604984.5,3514345.5,2022,2,3,0,1,0,4,0,8,7,8,8,0,7,11,16,3,8,8
780,3275,605056.5,3514375.5,2022,2,3,3,4,2,1,8,3,9,11,2,7,11,9,0,14,5,13
795,3310,605161.5,3514330.5,2022,2,3,0,1,0,4,0,8,7,8,8,0,7,11,16,3,8,8
808,3332,605227.5,3514291.5,2022,2,3,3,4,2,1,8,3,9,11,2,7,11,9,0,14,5,13
811,17,595282.5,3514282.5,2022,0,0,1,3,1,7,7,0,3,4,9,8,9,0,6,8,0,1
827,44,595363.5,3514234.5,2022,0,0,1,3,6,7,7,0,3,4,9,8,9,0,2,0,15,17
838,74,595453.5,3514201.5,2022,0,0,1,0,6,7,2,7,3,0,5,3,12,8,2,0,11,17
822,113,595570.5,3514249.5,2022,0,1,2,2,5,5,1,2,4,10,4,2,0,14,7,1,16,4
817,130,595621.5,3514264.5,2022,0,0,1,3,6,7,7,0,3,4,9,8,9,8,2,0,15,17
815,170,595741.5,3514270.5,2022,0,0,1,3,1,7,7,0,3,4,9,8,9,0,6,8,15,12
835,184,595783.5,3514210.5,2022,0,0,1,3,1,7,7,0,3,4,9,8,9,0,6,8,15,12
824,224,595903.5,3514243.5,2022,0,0,1,3,1,7,7,0,3,4,9,8,9,0,6,8,15,12
827,241,595954.5,3514234.5,2022,0,0,1,3,6,7,7,0,3,4,9,8,9,0,6,8,0,1
820,293,596110.5,3514255.5,2022,0,0,1,0,6,7,7,0,3,0,5,1,13,8,10,17,11,16
818,314,596173.5,3514261.5,2022,0,0,1,0,6,7,7,0,3,4,9,8,9,8,2,0,11,17
826,331,596224.5,3514237.5,2022,0,0,1,0,6,7,2,7,10,0,5,3,12,8,2,0,11,17
829,389,596398.5,3514228.5,2022,0,0,1,3,6,7,7,0,3,4,9,8,9,0,2,0,15,17
818,402,596437.5,3514261.5,2022,0,0,1,3,6,7,7,0,3,4,9,8,9,0,2,0,15,12
818,427,596512.5,3514261.5,2022,0,0,1,0,6,7,7,0,3,4,9,8,9,8,2,0,11,17
817,474,596653.5,3514264.5,2022,0,0,1,3,1,2,7,0,3,4,9,8,9,0,6,8,15,12
839,487,596692.5,3514198.5,2022,0,0,1,0,6,7,7,0,3,4,9,8,9,8,2,0,0,1
837,518,596785.5,3514204.5,2022,0,0,1,3,1,7,7,0,3,4,9,8,9,0,6,8,15,1
819,560,596911.5,3514258.5,2022,0,0,1,3,1,7,7,0,3,4,9,1,9,0,6,8,0,1
818,576,596959.5,3514261.5,2022,0,1,2,3,1,2,6,2,4,10,4,2,0,14,7,1,16,1
831,616,597079.5,3514222.5,2022,0,0,1,3,1,7,7,0,3,4,9,8,9,0,6,11,0,1
822,630,597121.5,3514249.5,2022,0,0,1,0,6,7,7,0,3,4,9,8,9,8,2,0,11,17
814,661,597214.5,3514273.5,2022,0,0,1,0,6,7,7,0,3,4,9,8,9,8,2,0,11,17
833,696,597319.5,3514216.5,2022,0,0,1,0,6,7,7,0,3,4,9,8,9,8,2,0,11,17
816,740,597451.5,3514267.5,2022,0,0,1,0,6,7,7,0,3,4,9,8,9,8,2,0,11,17
831,778,597565.5,3514222.5,2022,0,0,1,0,6,3,2,7,10,0,5,3,12,8,2,0,11,17
837,787,597592.5,3514204.5,2022,0,0,1,0,6,3,2,7,10,0,5,3,12,8,2,0,11,17
816,827,597712.5,3514267.5,2022,0,0,1,0,6,3,2,7,10,0,5,3,12,8,2,0,11,17
839,847,597772.5,3514198.5,2022,0,0,1,0,6,7,2,7,10,0,5,3,12,8,2,0,11,17
837,888,597895.5,3514204.5,2022,0,0,1,0,6,3,2,7,10,0,5,3,12,8,10,17,12,16
837,905,597946.5,3514204.5,2022,0,0,1,0,6,7,2,7,3,0,5,3,12,8,2,0,11,17
818,937,598042.5,3514261.5,2022,0,0,1,0,6,7,2,7,10,0,5,3,12,8,2,0,11,17
839,977,598162.5,3514198.5,2022,0,0,1,0,6,3,2,7,10,0,5,3,12,8,2,0,11,17
815,1012,598267.5,3514270.5,2022,2,3,0,0,6,3,2,7,10,7,11,11,8,1,10,17,12,16
831,1037,598342.5,3514222.5,2022,0,0,1,0,6,3,2,7,10,0,5,3,13,8,10,17,12,16
836,1070,598441.5,3514207.5,2022,2,3,0,0,6,3,2,7,10,0,5,3,12,13,10,17,12,16
814,1105,598546.5,3514273.5,2022,2,3,1,0,6,3,2,7,10,0,5,1,13,6,10,17,12,16
815,1113,598570.5,3514270.5,2022,1,1,3,4,2,1,8,3,9,11,2,7,14,2,12,6,14,7
814,1142,598657.5,3514273.5,2022,0,0,1,0,3,0,4,0,2,5,1,1,13,6,9,11,0,1
837,1174,598753.5,3514204.5,2022,0,0,1,0,6,7,2,7,10,0,5,3,12,8,2,0,11,17
826,1211,598864.5,3514237.5,2022,0,0,1,0,6,3,2,7,10,0,5,3,12,8,2,0,11,17
839,1245,598966.5,3514198.5,2022,0,0,1,0,6,7,7,0,3,4,9,8,9,8,2,0,11,17
836,1280,599071.5,3514207.5,2022,0,0,1,3,6,7,7,0,3,4,9,8,9,8,2,0,15,17
816,1292,599107.5,3514267.5,2022,0,0,1,0,6,7,7,0,3,4,9,8,9,8,2,0,11,17
811,1343,599260.5,3514282.5,2022,0,0,1,0,6,7,7,0,3,4,9,8,9,8,2,0,11,17
827,1372,599347.5,3514234.5,2022,0,0,1,0,6,7,7,7,3,0,5,3,12,8,2,0,11,17
831,1388,599395.5,3514222.5,2022,0,0,1,0,6,7,2,7,10,0,5,3,12,8,2,0,11,17
818,1425,599506.5,3514261.5,2022,0,0,1,3,1,7,7,0,2,5,1,1,13,0,6,11,0,1
814,1468,599635.5,3514273.5,2022,0,0,1,0,6,7,7,0,3,4,5,1,13,6,10,17,0,1
814,1495,599716.5,3514273.5,2022,0,0,1,3,1,7,7,0,3,4,9,8,9,0,6,8,15,12
825,1506,599749.5,3514240.5,2022,0,0,1,3,6,7,7,0,3,4,9,8,9,0,2,0,15,12
819,1552,599887.5,3514258.5,2022,0,0,1,3,1,7,7,0,3,4,9,8,9,0,6,8,15,12
811,1567,599932.5,3514282.5,2022,0,0,1,0,6,7,7,0,3,4,9,8,9,8,2,0,15,17
835,1613,600070.5,3514210.5,2022,0,0,1,0,6,7,7,0,3,4,9,8,9,8,2,0,11,17
838,1625,600106.5,3514201.5,2022,0,0,1,3,1,7,7,0,3,4,9,8,9,0,6,8,15,12
810,1665,600226.5,3514285.5,2022,0,0,2,3,1,2,6,9,8,1,10,13,5,0,6,8,0,1
832,1698,600325.5,3514219.5,2022,0,0,1,3,6,7,7,0,3,4,9,8,9,0,2,0,15,17
817,1726,600409.5,3514264.5,2022,0,0,1,3,1,2,7,0,3,4,9,8,9,0,6,8,15,12
812,1749,600478.5,3514279.5,2022,0,0,2,3,1,2,6,9,8,1,10,13,5,10,6,8,9,12
835,1783,600580.5,3514210.5,2022,0,0,1,3,1,2,7,0,2,5,1,8,2,0,6,8,15,12
830,1828,600715.5,3514225.5,2022,0,0,2,3,1,2,6,9,8,1,10,13,5,0,6,8,15,12
820,1831,600724.5,3514255.5,2022,0,0,1,3,1,7,7,0,3,4,9,8,9,0,6,8,15,12
829,1870,600841.5,3514228.5,2022,0,1,2,3,1,2,6,9,8,1,10,13,5,10,14,9,9,14
838,1898,600925.5,3514201.5,2022,0,0,1,3,1,2,6,9,8,1,10,13,5,0,6,8,15,12
810,1920,600991.5,3514285.5,2022,0,0,2,3,1,2,6,9,8,1,10,13,5,10,6,8,9,14
835,1976,601159.5,3514210.5,2022,0,0,1,3,1,7,7,0,3,4,9,8,9,0,6,8,15,12
836,1987,601192.5,3514207.5,2022,0,1,2,3,1,2,6,9,2,5,1,9,0,14,7,1,16,4
833,2013,601270.5,3514216.5,2022,1,1,2,2,5,5,1,2,4,10,4,2,0,14,7,1,16,4
814,2063,601420.5,3514273.5,2022,1,1,2,2,5,5,1,4,5,2,12,6,0,14,7,1,16,4
826,2099,601528.5,3514237.5,2022,0,0,1,3,1,0,4,6,2,5,1,9,2,15,9,11,0,6
827,2120,601591.5,3514234.5,2022,0,0,1,3,1,7,7,0,2,5,1,8,2,0,9,11,0,6
826,2157,601702.5,3514237.5,2022,0,0,1,3,3,7,4,6,2,5,1,9,2,6,9,11,0,6
834,2165,601726.5,3514213.5,2022,2,3,0,1,0,3,2,7,10,7,11,3,12,13,13,10,7,0
811,2204,601843.5,3514282.5,2022,2,3,0,1,0,3,5,1,0,6,6,10,1,5,5,15,12,19
819,2234,601933.5,3514258.5,2022,0,0,1,0,6,3,2,7,10,0,5,3,12,13,13,10,11,17
838,2256,601999.5,3514201.5,2022,2,0,1,0,6,3,2,7,10,0,5,1,13,6,10,17,12,16
829,2295,602116.5,3514228.5,2022,2,3,0,0,0,3,2,7,10,0,5,3,12,13,13,10,7,0
820,2317,602182.5,3514255.5,2022,2,3,0,0,6,3,2,7,10,0,5,3,12,13,13,10,7,0
836,2346,602269.5,3514207.5,2022,1,1,3,4,2,1,8,2,4,10,4,2,14,2,12,6,14,7
813,2373,602350.5,3514276.5,2022,1,1,3,2,2,1,8,2,4,10,4,2,14,2,12,6,14,11
820,2409,602458.5,3514255.5,2022,1,1,2,2,5,5,1,4,5,2,12,6,0,14,7,1,16,4
829,2443,602560.5,3514228.5,2022,1,1,2,2,5,5,1,4,5,2,12,6,4,3,8,16,4,9
818,2485,602686.5,3514261.5,2022,2,3,0,1,0,4,0,8,7,8,8,0,7,11,16,3,8,8
829,2500,602731.5,3514228.5,2022,2,3,3,4,2,1,8,3,9,11,2,7,11,9,0,14,5,13
815,2526,602809.5,3514270.5,2022,2,3,0,1,0,4,0,8,7,7,11,10,1,13,13,10,7,0
836,2575,602956.5,3514207.5,2022,2,3,0,1,0,3,2,7,10,7,11,3,12,13,13,10,7,0
811,2587,602992.5,3514282.5,2022,2,3,0,1,0,3,0,8,7,7,11,11,12,13,13,10,7,0
826,2635,603136.5,3514237.5,2022,2,3,3,4,2,1,8,3,9,11,2,7,11,9,0,14,5,13
819,2653,603190.5,3514258.5,2022,1,1,3,4,2,1,8,3,9,11,2,7,11,9,0,14,5,13
829,2689,603298.5,3514228.5,2022,1,1,3,4,2,1,8,3,9,11,2,7,11,9,0,14,5,13
826,2715,603376.5,3514237.5,2022,2,3,3,4,2,1,8,3,9,11,2,7,11,9,0,14,5,13
819,2740,603451.5,3514258.5,2022,1,1,3,4,2,1,8,2,4,10,4,2,14,2,12,6,14,7
824,2775,603556.5,3514243.5,2022,2,3,3,4,2,1,8,3,9,11,2,7,11,9,0,14,5,13
813,2803,603640.5,3514276.5,2022,2,3,3,4,2,1,8,3,9,11,2,7,11,9,0,14,5,13
819,2830,603721.5,3514258.5,2022,2,3,0,1,0,4,0,8,7,8,8,0,7,11,16,3,8,8
818,2859,603808.5,3514261.5,2022,1,1,3,4,2,1,8,3,9,11,2,7,11,9,0,14,5,13
825,2905,603946.5,3514240.5,2022,1,1,3,4,2,1,8,3,9,11,2,7,11,9,0,14,5,13
838,2936,604039.5,3514201.5,2022,1,1,3,4,2,1,8,3,9,11,2,7,11,9,0,14,5,13
815,2952,604087.5,3514270.5,2022,2,3,3,4,2,1,8,3,9,11,2,7,11,9,0,14,5,13
836,2989,604198.5,3514207.5,2022,1,1,3,2,5,5,1,4,5,2,12,2,14,2,8,16,18,11
835,3025,604306.5,3514210.5,2022,1,1,3,4,2,1,8,3,9,11,2,7,11,9,0,14,5,11
818,3030,604321.5,3514261.5,2022,2,3,0,1,0,4,0,8,7,8,8,0,7,11,16,12,6,5
812,3074,604453.5,3514279.5,2022,2,3,3,4,2,1,8,3,9,11,2,7,11,9,0,14,5,13
822,3115,604576.5,3514249.5,2022,1,1,2,2,5,5,1,4,5,2,12,6,4,3,8,16,18,4
827,3136,604639.5,3514234.5,2022,1,1,3,4,2,1,8,3,9,11,2,7,14,2,12,6,18,11
825,3163,604720.5,3514240.5,2022,1,1,3,4,2,1,8,3,9,11,2,2,14,2,12,6,14,11
825,3200,604831.5,3514240.5,2022,2,3,0,1,0,4,0,8,7,8,8,0,7,11,16,3,8,8
830,3220,604891.5,3514225.5,2022,2,3,0,1,0,4,0,8,7,8,8,0,7,11,16,3,8,8
834,3249,604978.5,3514213.5,2022,2,3,3,4,2,1,8,3,9,11,2,7,11,9,0,14,5,13
820,3290,605101.5,3514255.5,2022,2,3,0,4,2,4,8,3,9,11,8,7,11,9,0,14,5,5
833,3311,605164.5,3514216.5,2022,1,1,3,4,2,1,8,3,9,11,2,7,11,9,0,14,5,13
814,3330,605221.5,3514273.5,2022,1,1,3,4,2,1,8,3,9,11,2,7,11,9,0,14,18,11
857,4,595243.5,3514144.5,2022,1,1,2,2,5,5,1,2,4,10,4,2,0,14,7,1,16,4
860,32,595327.5,3514135.5,2022,0,0,1,3,1,2,6,9,8,1,9,8,5,0,6,8,15,12
842,60,595411.5,3514189.5,2022,0,0,1,0,6,7,7,0,3,4,9,8,9,8,2,0,11,17
850,104,595543.5,3514165.5,2022,0,0,1,0,6,7,7,0,3,4,9,8,9,8,2,0,11,17
868,131,595624.5,3514111.5,2022,0,0,1,3,6,7,7,0,3,4,9,8,9,8,2,0,15,17
849,167,595732.5,3514168.5,2022,0,0,1,3,6,7,7,0,3,4,9,8,9,8,2,0,15,17
857,193,595810.5,3514144.5,2022,0,0,1,3,1,7,7,0,3,4,9,8,9,0,6,8,15,12
865,226,595909.5,3514120.5,2022,0,0,1,0,6,7,7,0,3,4,9,8,9,8,2,0,11,17
842,262,596017.5,3514189.5,2022,0,0,1,0,6,7,7,0,3,4,9,1,13,6,10,11,0,1
840,279,596068.5,3514195.5,2022,0,0,1,0,6,7,2,7,10,0,5,1,13,8,10,17,11,16
850,326,596209.5,3514165.5,2022,0,0,1,0,6,7,7,0,3,4,9,8,9,8,2,0,11,17
854,346,596269.5,3514153.5,2022,0,0,1,0,6,7,7,0,3,4,9,8,9,8,2,0,15,17
868,380,596371.5,3514111.5,2022,0,0,1,3,1,2,6,9,8,1,10,13,5,0,6,8,0,1
869,403,596440.5,3514108.5,2022,0,0,1,3,1,7,7,0,3,4,9,8,9,0,6,8,15,12
865,432,596527.5,3514120.5,2022,0,0,1,3,1,7,7,0,3,4,9,8,9,0,6,8,15,12
850,472,596647.5,3514165.5,2022,0,0,1,3,1,7,7,0,3,4,9,8,9,0,6,8,15,12
842,500,596731.5,3514189.5,2022,0,0,1,0,6,7,7,0,3,4,9,8,9,8,2,0,11,17
855,528,596815.5,3514150.5,2022,0,0,1,3,6,7,7,0,3,4,9,8,9,0,2,8,15,12
866,562,596917.5,3514117.5,2022,0,0,1,3,6,7,7,0,3,4,9,8,9,0,2,0,15,12
864,581,596974.5,3514123.5,2022,0,0,1,3,1,7,7,0,3,4,9,8,9,0,6,8,0,1
862,620,597091.5,3514129.5,2022,0,0,1,0,6,7,7,0,3,4,9,8,9,8,2,0,11,17
858,642,597157.5,3514141.5,2022,0,0,1,0,6,7,2,7,3,0,5,3,12,8,2,0,11,17
845,666,597229.5,3514180.5,2022,0,0,1,0,6,7,7,0,3,4,9,3,12,8,2,0,11,17
853,715,597376.5,3514156.5,2022,0,0,1,0,6,7,2,7,10,0,5,3,12,8,2,0,11,17
867,725,597406.5,3514114.5,2022,0,0,1,0,6,7,7,0,3,4,9,8,9,8,2,0,11,17
859,762,597517.5,3514138.5,2022,0,0,1,0,6,7,2,7,10,0,5,3,12,8,2,0,11,17
863,802,597637.5,3514126.5,2022,0,0,1,0,6,7,2,7,10,0,5,3,12,8,2,0,11,17
860,820,597691.5,3514135.5,2022,0,0,1,0,6,7,2,7,10,0,5,3,12,8,2,0,11,17
866,861,597814.5,3514117.5,2022,0,0,1,0,6,7,2,7,10,0,5,3,12,8,2,0,11,17
845,871,597844.5,3514180.5,2022,2,3,0,0,6,3,2,7,10,0,5,3,12,13,10,17,12,16
850,904,597943.5,3514165.5,2022,0,0,1,0,6,7,2,7,10,0,5,3,12,8,2,17,11,17
845,933,598030.5,3514180.5,2022,0,0,1,0,6,7,7,0,3,4,9,8,9,8,2,0,11,17
867,979,598168.5,3514114.5,2022,0,0,1,0,6,3,2,7,10,0,5,3,12,8,10,17,11,16
846,1006,598249.5,3514177.5,2022,0,0,1,0,6,3,2,7,10,0,5,3,12,8,2,0,11,17
857,1042,598357.5,3514144.5,2022,0,0,1,0,6,7,2,7,10,0,5,3,12,8,2,0,11,17
850,1067,598432.5,3514165.5,2022,0,0,1,0,6,7,7,0,3,4,9,1,13,6,9,11,0,1
850,1106,598549.5,3514165.5,2022,0,0,1,0,6,7,2,7,10,0,5,3,12,8,2,0,11,17
867,1138,598645.5,3514114.5,2022,0,0,1,0,6,7,7,0,3,4,9,8,9,8,2,0,11,17
842,1169,598738.5,3514189.5,2022,0,0,1,0,6,7,2,7,10,0,5,1,13,6,10,17,12,16
851,1178,598765.5,3514162.5,2022,0,0,1,0,6,7,7,0,2,5,1,1,13,6,9,11,0,1
857,1219,598888.5,3514144.5,2022,1,1,3,4,3,0,4,6,1,9,0,5,10,12,1,4,1,2
867,1258,599005.5,3514114.5,2022,1,1,3,4,3,0,4,6,1,9,0,5,10,12,1,4,1,2
850,1288,599095.5,3514165.5,2022,1,1,2,2,5,5,1,4,5,2,12,6,4,3,8,16,18,4
849,1292,599107.5,3514168.5,2022,1,1,3,2,5,5,1,2,4,10,4,2,14,2,12,6,18,11
843,1343,599260.5,3514186.5,2022,0,0,1,3,1,7,7,0,2,5,9,1,13,0,6,11,0,1
859,1366,599329.5,3514138.5,2022,0,0,1,0,6,7,7,0,2,5,1,1,13,6,9,11,0,1
862,1389,599398.5,3514129.5,2022,0,0,1,3,6,7,7,0,2,5,1,1,13,6,9,11,0,1
860,1438,599545.5,3514135.5,2022,2,3,0,1,0,3,0,8,10,7,11,11,8,1,3,13,2,18
847,1453,599590.5,3514174.5,2022,2,3,1,0,6,3,2,7,10,0,5,3,12,13,10,17,12,16
843,1499,599728.5,3514186.5,2022,2,3,0,1,0,3,2,7,10,7,11,3,12,13,13,10,7,0
850,1505,599746.5,3514165.5,2022,2,3,0,1,0,3,2,7,10,7,11,3,12,13,13,10,7,0
850,1555,599896.5,3514165.5,2022,0,0,1,0,6,7,2,7,2,0,5,1,13,6,9,11,0,6
862,1564,599923.5,3514129.5,2022,0,0,1,3,6,7,7,0,3,4,9,8,9,0,6,8,15,12
865,1602,600037.5,3514120.5,2022,0,0,1,3,1,7,7,0,3,4,9,8,9,0,6,8,15,12
866,1648,600175.5,3514117.5,2022,0,0,1,0,6,7,7,0,3,4,9,8,9,8,2,0,11,17
857,1678,600265.5,3514144.5,2022,0,0,1,0,6,7,7,0,3,4,9,8,9,0,6,11,0,6
867,1702,600337.5,3514114.5,2022,0,0,1,3,1,7,7,0,2,5,1,8,2,0,9,11,0,6
851,1739,600448.5,3514162.5,2022,0,0,1,3,3,7,4,6,2,5,1,1,13,6,9,11,0,1
868,1741,600454.5,3514111.5,2022,0,0,1,3,1,7,7,0,3,4,9,8,9,0,6,8,0,1
851,1780,600571.5,3514162.5,2022,0,0,1,0,6,7,7,0,2,5,1,1,13,6,9,11,0,6
850,1825,600706.5,3514165.5,2022,0,0,1,3,1,7,7,0,3,4,9,8,9,0,6,8,15,12
855,1852,600787.5,3514150.5,2022,0,0,1,3,1,7,7,0,3,4,9,8,9,0,6,8,15,12
850,1883,600880.5,3514165.5,2022,1,1,2,2,1,2,6,9,8,1,10,13,5,10,14,9,9,14
843,1895,600916.5,3514186.5,2022,0,0,2,3,1,2,6,9,8,1,10,13,5,10,14,9,9,14
852,1933,601030.5,3514159.5,2022,0,1,2,3,1,2,6,9,8,1,10,13,5,10,14,9,9,14
841,1966,601129.5,3514192.5,2022,0,0,1,3,1,7,7,0,3,4,9,8,9,0,6,8,15,12
847,1987,601192.5,3514174.5,2022,0,0,1,0,6,7,7,0,3,4,9,8,9,8,2,0,15,17
861,2022,601297.5,3514132.5,2022,1,1,2,2,5,2,6,9,8,1,10,6,0,14,7,1,16,4
842,2060,601411.5,3514189.5,2022,1,1,2,2,5,5,4,6,2,5,1,9,2,15,15,7,13,10
852,2077,601462.5,3514159.5,2022,1,1,2,2,5,5,1,2,4,10,4,9,0,14,7,1,16,4
859,2116,601579.5,3514138.5,2022,1,1,2,2,5,5,1,2,4,10,4,2,0,14,7,1,16,4
864,2151,601684.5,3514123.5,2022,0,0,1,0,6,3,2,7,10,0,5,3,12,8,2,0,11,17
859,2189,601798.5,3514138.5,2022,0,0,1,0,6,3,2,7,10,0,5,3,12,13,13,10,11,17
842,2191,601804.5,3514189.5,2022,2,0,1,0,6,3,2,7,10,0,5,3,12,13,13,10,7,0
853,2229,601918.5,3514156.5,2022,2,0,1,0,6,3,2,7,10,0,5,3,12,13,13,10,7,0
866,2279,602068.5,3514117.5,2022,2,3,0,1,0,3,5,1,0,6,6,10,1,5,5,15,6,19
842,2308,602155.5,3514189.5,2022,2,3,0,0,6,3,2,7,10,0,5,3,12,13,13,10,7,0
844,2331,602224.5,3514183.5,2022,2,3,0,1,0,3,0,8,10,7,11,11,8,1,3,13,7,0
868,2344,602263.5,3514111.5,2022,1,2,4,5,4,6,3,5,6,3,7,12,6,7,11,2,3,15
855,2379,602368.5,3514150.5,2022,1,1,3,2,5,5,1,2,4,10,4,2,14,2,12,6,18,11
853,2424,602503.5,3514156.5,2022,2,3,3,4,3,1,5,1,0,6,6,10,1,5,5,15,14,7
862,2457,602602.5,3514129.5,2022,2,3,0,1,0,4,0,8,7,8,8,0,7,11,16,3,8,8
863,2463,602620.5,3514126.5,2022,2,3,0,1,0,4,0,8,7,8,11,0,7,13,13,10,7,0
853,2519,602788.5,3514156.5,2022,0,0,1,0,6,3,2,7,10,0,5,3,12,13,13,10,10,6
867,2534,602833.5,3514114.5,2022,0,0,1,0,6,3,2,7,10,0,5,3,12,13,13,10,10,6
841,2579,602968.5,3514192.5,2022,2,3,3,4,2,1,8,3,9,11,2,7,11,9,0,14,5,13
868,2605,603046.5,3514111.5,2022,0,1,3,4,3,0,4,6,2,5,1,9,2,15,9,15,10,6
861,2616,603079.5,3514132.5,2022,1,1,3,4,2,5,1,2,4,10,4,2,14,2,12,6,18,11
842,2663,603220.5,3514189.5,2022,2,3,0,1,2,1,8,3,9,11,2,7,11,9,0,14,5,13
864,2695,603316.5,3514123.5,2022,2,3,0,1,0,4,0,8,7,8,8,0,7,11,16,12,8,5
866,2710,603361.5,3514117.5,2022,2,3,3,4,2,1,8,3,9,11,2,7,11,9,0,14,5,13
868,2732,603427.5,3514111.5,2022,2,3,3,4,2,1,8,3,9,11,2,7,11,9,0,14,5,13
846,2763,603520.5,3514177.5,2022,2,3,0,0,3,0,5,1,0,6,6,10,1,13,13,10,10,6
849,2810,603661.5,3514168.5,2022,1,1,3,4,2,1,8,3,9,11,2,7,11,9,0,14,5,13
855,2842,603757.5,3514150.5,2022,2,3,3,4,2,1,8,3,9,11,2,7,11,9,0,14,5,13
853,2852,603787.5,3514156.5,2022,2,3,3,4,2,1,8,3,9,11,2,7,11,9,0,14,5,13
854,2893,603910.5,3514153.5,2022,2,3,3,4,2,1,8,3,9,11,2,7,11,9,0,14,5,13
867,2939,604048.5,3514114.5,2022,1,1,3,4,2,1,8,3,9,11,2,7,11,9,0,14,5,13
865,2959,604108.5,3514120.5,2022,1,1,3,4,2,1,8,3,9,11,2,2,14,2,12,6,18,11
841,2986,604189.5,3514192.5,2022,1,1,3,2,5,5,1,4,5,2,12,6,4,3,8,16,18,11
841,3013,604270.5,3514192.5,2022,1,1,3,4,2,1,8,3,9,11,2,7,11,9,0,14,5,13
869,3038,604345.5,3514108.5,2022,1,1,3,2,5,5,1,2,4,10,4,2,14,2,12,6,14,11
868,3083,604480.5,3514111.5,2022,1,1,3,4,2,1,8,3,9,11,2,7,11,9,0,14,5,11
841,3108,604555.5,3514192.5,2022,1,1,3,2,5,5,1,4,5,2,12,2,14,2,8,16,18,11
869,3143,604660.5,3514108.5,2022,1,1,2,2,5,5,1,4,5,2,12,6,4,3,8,16,18,11
852,3156,604699.5,3514159.5,2022,1,1,3,4,2,1,8,3,9,11,2,7,14,2,0,14,18,11
855,3188,604795.5,3514150.5,2022,2,3,0,1,0,4,0,8,7,8,8,0,7,11,16,3,8,8
868,3210,604861.5,3514111.5,2022,2,3,0,1,0,4,0,8,7,8,8,0,7,11,16,3,8,8
848,3241,604954.5,3514171.5,2022,2,3,0,1,0,4,0,8,7,8,8,0,7,11,16,3,8,8
865,3286,605089.5,3514120.5,2022,2,3,3,1,2,1,8,3,9,11,2,7,11,9,0,14,5,13
842,3322,605197.5,3514189.5,2022,1,2,4,5,4,6,3,5,6,3,3,4,3,4,4,5,17,3
848,3331,605224.5,3514171.5,2022,1,1,3,2,5,5,1,4,5,2,12,6,4,3,8,16,4,9
870,28,595315.5,3514105.5,2022,0,0,1,3,1,2,6,9,8,1,10,13,5,10,6,8,9,12
874,53,595390.5,3514093.5,2022,0,0,1,3,1,2,7,0,3,4,9,8,9,0,6,8,15,12
880,87,595492.5,3514075.5,2022,0,0,1,3,1,2,7,0,3,4,9,8,9,0,6,8,15,12
890,98,595525.5,3514045.5,2022,0,0,1,3,1,7,7,0,3,4,9,8,9,0,6,8,15,12
877,141,595654.5,3514084.5,2022,0,0,1,0,6,7,7,0,3,4,9,8,9,8,2,0,11,17
897,165,595726.5,3514024.5,2022,0,0,1,0,6,7,7,0,3,4,9,8,9,8,2,0,11,17
890,201,595834.5,3514045.5,2022,0,0,1,3,1,7,7,0,3,4,9,8,9,0,6,8,15,1
878,215,595876.5,3514081.5,2022,0,0,1,0,6,7,7,0,3,0,5,1,13,8,2,0,11,17
875,241,595954.5,3514090.5,2022,0,0,1,3,6,7,7,0,3,4,9,8,9,0,6,8,15,12
898,283,596080.5,3514021.5,2022,0,0,1,3,1,7,7,0,3,4,9,8,9,0,6,8,15,12
872,305,596146.5,3514099.5,2022,0,0,1,3,1,7,7,0,3,4,9,8,9,0,6,8,15,12
884,336,596239.5,3514063.5,2022,0,0,1,3,1,2,7,0,3,4,9,8,9,0,6,8,15,12
870,374,596353.5,3514105.5,2022,0,0,1,3,1,7,7,0,3,4,9,8,9,0,6,8,15,12
871,417,596482.5,3514102.5,2022,0,0,1,3,1,7,7,0,3,4,9,8,9,0,6,8,15,12
898,429,596518.5,3514021.5,2022,0,0,2,3,1,2,6,9,8,1,10,13,5,10,14,9,9,14
877,473,596650.5,3514084.5,2022,0,0,2,3,1,2,4,9,2,5,1,9,2,15,6,11,0,1
876,505,596746.5,3514087.5,2022,0,0,1,3,1,2,7,0,3,4,9,8,9,0,6,8,15,12
870,513,596770.5,3514105.5,2022,0,0,1,3,1,7,7,0,3,4,9,8,9,0,6,8,15,12
873,561,596914.5,3514096.5,2022,0,0,1,3,1,7,7,0,3,4,9,8,9,0,6,8,15,12
894,582,596977.5,3514033.5,2022,0,0,1,0,6,7,7,0,3,4,9,8,9,8,2,0,11,17
897,617,597082.5,3514024.5,2022,0,0,1,0,6,7,2,7,10,0,5,1,13,8,10,17,11,16
893,640,597151.5,3514036.5,2022,2,3,1,0,3,3,5,1,0,6,6,1,13,6,10,17,12,16
896,683,597280.5,3514027.5,2022,0,0,1,0,6,3,2,7,10,0,5,3,12,8,10,17,12,16
875,713,597370.5,3514090.5,2022,0,0,1,0,6,3,2,7,10,0,5,3,12,8,10,17,12,16
872,748,597475.5,3514099.5,2022,0,0,1,3,6,7,7,0,3,4,9,8,9,0,6,8,0,1
874,755,597496.5,3514093.5,2022,0,0,1,0,6,7,2,7,10,0,5,3,12,8,2,0,11,17
899,795,597616.5,3514018.5,2022,0,0,1,0,6,3,2,7,10,0,5,3,12,8,10,17,11,16
880,833,597730.5,3514075.5,2022,0,0,1,0,6,3,2,7,10,0,5,3,12,8,10,17,11,16
893,856,597799.5,3514036.5,2022,0,0,1,0,6,7,2,7,10,0,5,1,13,6,10,17,12,16
870,891,597904.5,3514105.5,2022,0,0,1,0,6,7,2,7,10,0,5,3,12,8,2,0,11,17
872,924,598003.5,3514099.5,2022,0,0,1,0,6,7,2,7,10,0,5,3,12,8,2,0,11,17
872,940,598051.5,3514099.5,2022,0,0,1,0,6,7,2,7,10,0,5,3,12,8,2,0,11,17
882,988,598195.5,3514069.5,2022,0,0,1,0,6,7,2,7,10,0,5,3,12,8,2,0,11,17
881,1011,598264.5,3514072.5,2022,0,0,1,0,6,3,2,7,10,0,5,3,12,8,10,17,11,16
889,1033,598330.5,3514048.5,2022,0,0,1,0,6,7,7,0,3,4,9,8,9,8,2,0,11,17
885,1078,598465.5,3514060.5,2022,0,0,1,0,6,7,7,0,3,4,9,8,9,8,2,0,11,17
874,1105,598546.5,3514093.5,2022,0,0,1,0,6,7,7,0,3,4,9,8,9,8,2,0,11,17
886,1138,598645.5,3514057.5,2022,0,0,1,0,6,7,7,0,3,0,5,1,13,6,10,11,0,1
892,1160,598711.5,3514039.5,2022,0,0,1,3,1,7,7,0,3,4,9,8,9,0,6,8,15,12
882,1188,598795.5,3514069.5,2022,2,3,3,4,2,1,8,2,4,10,4,2,14,2,12,6,14,7
898,1204,598843.5,3514021.5,2022,2,3,0,0,6,3,2,7,10,7,11,11,8,1,10,17,12,16
895,1230,598921.5,3514030.5,2022,2,3,0,1,0,4,0,8,7,7,11,11,8,1,3,13,2,18
878,1282,599077.5,3514081.5,2022,0,0,1,0,6,3,2,7,10,0,5,1,13,6,10,17,12,16
872,1303,599140.5,3514099.5,2022,0,0,1,3,1,7,7,0,3,4,9,8,9,0,6,8,15,12
880,1320,599191.5,3514075.5,2022,2,3,0,0,6,3,2,7,10,0,5,10,13,13,10,17,12,16
886,1364,599323.5,3514057.5,2022,0,0,1,0,6,7,2,7,10,0,5,3,12,8,2,0,11,17
897,1383,599380.5,3514024.5,2022,0,0,1,0,6,7,7,0,3,4,9,8,9,8,2,0,11,17
876,1423,599500.5,3514087.5,2022,0,0,1,0,6,7,2,7,10,0,5,3,12,8,2,0,11,17
872,1459,599608.5,3514099.5,2022,2,3,0,0,6,3,2,7,10,0,5,3,13,6,10,17,12,16
888,1494,599713.5,3514051.5,2022,0,0,1,3,1,7,7,0,3,4,9,8,9,0,6,8,15,12
873,1510,599761.5,3514096.5,2022,0,0,1,0,6,3,2,7,10,0,5,1,13,6,10,17,12,16
890,1532,599827.5,3514045.5,2022,0,0,1,0,6,7,2,7,10,0,5,3,12,8,2,0,11,17
887,1576,599959.5,3514054.5,2022,0,0,1,0,6,7,7,0,3,4,9,8,9,8,2,0,11,17
877,1618,600085.5,3514084.5,2022,0,0,1,3,1,7,7,0,2,5,9,8,9,0,6,11,0,1
897,1621,600094.5,3514024.5,2022,0,0,1,0,6,7,7,0,3,4,9,8,9,8,2,0,11,17
872,1671,600244.5,3514099.5,2022,0,0,1,0,6,7,7,0,3,4,9,8,9,8,2,11,11,6
876,1680,600271.5,3514087.5,2022,0,0,1,3,6,7,7,0,3,4,9,8,9,0,6,11,0,6
897,1714,600373.5,3514024.5,2022,0,0,1,3,1,7,7,0,3,4,9,8,9,0,6,8,15,12
887,1749,600478.5,3514054.5,2022,0,0,1,3,1,2,6,9,8,1,10,13,5,0,6,8,15,12
889,1798,600625.5,3514048.5,2022,1,1,2,2,1,2,6,9,8,1,10,13,5,10,14,9,9,14
879,1819,600688.5,3514078.5,2022,0,0,1,3,1,2,7,0,8,4,9,8,9,0,6,8,15,12
873,1840,600751.5,3514096.5,2022,0,0,1,3,1,2,6,9,8,1,10,13,5,0,6,8,15,12
887,1872,600847.5,3514054.5,2022,0,0,1,3,6,7,7,0,3,4,9,8,9,0,6,8,15,12
892,1910,600961.5,3514039.5,2022,1,1,2,2,5,2,6,9,8,1,10,13,5,10,14,9,9,14
876,1945,601066.5,3514087.5,2022,0,0,1,3,1,7,7,0,3,4,9,8,9,0,6,8,15,12
895,1973,601150.5,3514030.5,2022,0,0,1,0,6,7,7,0,3,0,5,1,13,8,2,0,11,17
893,1992,601207.5,3514036.5,2022,1,1,2,2,5,2,6,9,8,1,10,13,5,10,7,9,9,14
899,2034,601333.5,3514018.5,2022,1,1,2,2,5,5,1,4,5,2,12,6,4,3,7,1,4,4
899,2056,601399.5,3514018.5,2022,1,1,2,2,5,5,1,4,5,2,12,6,0,14,7,1,16,4
876,2082,601477.5,3514087.5,2022,0,0,1,0,6,7,7,0,3,0,5,1,13,6,9,11,0,1
896,2101,601534.5,3514027.5,2022,0,0,1,0,6,7,7,0,2,4,9,1,9,6,9,11,0,6
883,2134,601633.5,3514066.5,2022,0,0,1,0,6,7,2,7,10,0,5,3,12,8,2,0,11,17
876,2183,601780.5,3514087.5,2022,0,0,1,0,6,7,7,0,3,4,9,1,13,6,9,11,0,1
884,2200,601831.5,3514063.5,2022,0,0,1,0,6,7,7,0,2,5,5,1,13,6,9,11,0,1
896,2233,601930.5,3514027.5,2022,1,1,2,2,5,5,1,2,4,10,4,2,0,14,7,1,16,4
880,2257,602002.5,3514075.5,2022,1,1,2,2,5,5,1,2,4,10,4,2,0,14,7,1,16,4
871,2304,602143.5,3514102.5,2022,1,1,3,4,2,1,8,3,9,11,2,7,11,9,0,14,5,13
872,2332,602227.5,3514099.5,2022,2,3,0,1,0,4,0,8,7,7,11,11,8,1,3,13,2,18
884,2362,602317.5,3514063.5,2022,2,3,1,0,3,0,5,1,0,6,6,10,1,6,9,15,10,6
887,2371,602344.5,3514054.5,2022,2,3,0,0,3,3,5,1,0,6,6,10,1,5,5,15,10,19
879,2421,602494.5,3514078.5,2022,2,3,0,1,0,4,5,1,0,6,6,10,1,5,5,12,7,0
890,2453,602590.5,3514045.5,2022,0,0,1,0,6,7,4,6,2,5,1,9,2,6,9,11,10,6
891,2468,602635.5,3514042.5,2022,2,3,0,0,3,3,5,1,0,6,6,10,1,13,13,15,10,19
876,2502,602737.5,3514087.5,2022,2,3,0,1,0,3,0,8,7,7,11,11,8,13,13,10,7,0
882,2534,602833.5,3514069.5,2022,1,1,3,4,2,1,8,3,9,11,2,7,14,2,12,6,14,13
892,2557,602902.5,3514039.5,2022,2,3,0,1,0,3,2,7,10,7,11,3,12,13,13,10,7,0
879,2588,602995.5,3514078.5,2022,2,3,0,1,0,4,5,1,0,6,6,10,1,5,5,12,6,5
886,2616,603079.5,3514057.5,2022,2,3,3,4,2,1,8,3,9,11,2,7,14,2,0,6,14,7
889,2658,603205.5,3514048.5,2022,1,1,2,2,5,5,1,4,5,2,12,9,2,15,15,7,13,10
879,2672,603247.5,3514078.5,2022,1,1,3,4,5,5,1,2,4,10,4,2,14,2,12,6,18,11
899,2729,603418.5,3514018.5,2022,1,3,3,4,2,1,8,3,9,11,2,7,11,9,0,14,5,13
881,2753,603490.5,3514072.5,2022,2,3,3,4,2,1,8,3,9,11,2,7,11,9,0,14,5,13
885,2786,603589.5,3514060.5,2022,2,3,3,4,2,1,8,3,9,11,2,7,11,9,0,14,5,13
888,2813,603670.5,3514051.5,2022,2,3,3,4,2,1,8,3,9,11,2,7,11,9,0,14,5,13
896,2846,603769.5,3514027.5,2022,2,3,0,1,0,4,0,8,7,8,8,0,7,11,16,3,8,5
886,2859,603808.5,3514057.5,2022,2,3,3,4,2,1,8,3,9,11,2,7,11,9,0,14,5,13
883,2906,603949.5,3514066.5,2022,1,1,3,4,2,1,8,3,9,11,2,7,11,9,0,14,5,13
897,2916,603979.5,3514024.5,2022,2,3,0,0,3,3,5,1,0,6,6,10,1,5,5,15,10,19
893,2952,604087.5,3514036.5,2022,1,1,3,4,2,5,1,2,4,10,4,2,14,2,12,6,18,11
883,2999,604228.5,3514066.5,2022,2,3,3,4,2,1,8,3,9,11,2,7,11,9,0,14,5,13
882,3017,604282.5,3514069.5,2022,1,1,3,4,2,1,8,3,9,11,2,7,11,9,0,14,5,13
885,3037,604342.5,3514060.5,2022,1,1,3,4,2,1,8,3,9,11,2,2,14,2,12,6,18,11
879,3078,604465.5,3514078.5,2022,1,1,2,2,5,5,1,4,5,2,12,6,4,3,8,16,4,9
894,3102,604537.5,3514033.5,2022,1,2,4,5,4,6,3,5,6,3,3,4,3,4,4,5,17,3
889,3143,604660.5,3514048.5,2022,1,1,3,4,2,1,8,3,9,11,2,7,11,9,0,14,5,13
886,3178,604765.5,3514057.5,2022,2,3,0,1,0,4,0,8,7,8,8,0,7,11,16,3,8,8
878,3188,604795.5,3514081.5,2022,2,3,0,1,0,4,0,8,7,8,8,0,7,11,16,3,8,8
892,3239,604948.5,3514039.5,2022,2,3,3,4,2,1,8,3,9,11,2,7,11,9,0,14,5,13
880,3254,604993.5,3514075.5,2022,2,3,3,4,2,1,8,3,9,11,2,7,11,9,0,14,5,13
880,3278,605065.5,3514075.5,2022,1,1,2,2,5,5,1,4,5,2,12,6,4,3,8,16,4,9
888,3327,605212.5,3514051.5,2022,1,2,4,5,4,6,3,5,6,3,3,4,3,4,4,5,17,3
894,3333,605230.5,3514033.5,2022,1,1,2,2,5,5,1,4,5,2,12,6,4,3,8,16,4,9
912,19,595288.5,3513979.5,2022,0,0,1,3,1,7,7,0,3,4,9,8,9,0,2,8,15,12
918,38,595345.5,3513961.5,2022,0,0,1,3,6,7,7,0,3,4,9,8,9,0,2,0,15,17
918,61,595414.5,3513961.5,2022,0,0,1,3,1,2,7,0,3,4,9,8,9,0,6,8,15,12
903,104,595543.5,3514006.5,2022,0,0,1,0,6,7,7,0,3,4,9,8,9,8,2,0,11,17
917,124,595603.5,3513964.5,2022,0,0,1,0,6,7,7,0,3,4,9,8,9,0,2,0,0,1
908,155,595696.5,3513991.5,2022,0,0,1,0,6,7,7,0,3,4,9,8,9,8,2,0,11,17
926,180,595771.5,3513937.5,2022,0,0,1,0,6,7,7,7,3,0,5,3,12,8,2,0,11,17
917,215,595876.5,3513964.5,2022,0,0,1,0,6,7,2,7,10,0,5,1,13,6,10,17,12,16
911,254,595993.5,3513982.5,2022,0,0,1,0,6,7,2,7,10,0,5,3,12,8,2,0,11,17
909,273,596050.5,3513988.5,2022,0,0,1,0,6,7,2,7,10,0,5,3,12,8,2,0,11,17
907,304,596143.5,3513994.5,2022,0,0,1,0,6,7,7,0,3,4,9,8,9,0,2,0,0,1
919,354,596293.5,3513958.5,2022,0,0,1,3,1,7,7,0,3,4,9,8,9,0,6,8,15,12
906,366,596329.5,3513997.5,2022,0,0,1,3,1,7,7,0,3,4,9,8,9,0,6,8,15,12
923,407,596452.5,3513946.5,2022,0,0,1,3,1,7,7,0,3,4,9,8,9,0,6,8,15,12
911,422,596497.5,3513982.5,2022,0,0,1,3,6,7,7,0,3,4,9,8,9,0,2,0,15,17
910,452,596587.5,3513985.5,2022,0,0,1,3,1,2,6,9,8,1,10,13,5,0,6,8,15,12
903,493,596710.5,3514006.5,2022,0,0,1,3,1,7,7,0,3,4,9,8,9,0,6,8,15,12
914,524,596803.5,3513973.5,2022,0,0,1,3,6,7,7,0,3,4,9,8,9,0,2,0,15,17
908,554,596893.5,3513991.5,2022,0,0,1,3,1,2,7,0,2,5,1,1,0,14,6,11,0,1
918,570,596941.5,3513961.5,2022,0,0,1,3,1,7,7,0,3,4,9,8,9,0,6,8,15,12
921,621,597094.5,3513952.5,2022,2,3,0,0,6,3,2,7,10,0,6,1,13,6,10,17,12,16
929,640,597151.5,3513928.5,2022,2,3,0,0,3,3,5,1,0,6,6,1,13,6,10,17,12,16
906,683,597280.5,3513997.5,2022,2,3,0,0,0,3,2,7,10,7,11,11,8,1,10,17,12,16
911,697,597322.5,3513982.5,2022,2,3,0,0,6,3,2,7,10,0,5,11,13,1,10,17,12,16
910,741,597454.5,3513985.5,2022,2,3,0,0,6,3,2,7,10,0,5,1,13,6,10,17,12,16
900,772,597547.5,3514015.5,2022,2,3,0,0,6,3,2,7,10,7,11,11,8,1,10,17,12,16
929,806,597649.5,3513928.5,2022,0,0,1,0,6,3,2,7,10,0,5,3,12,8,10,17,12,16
921,828,597715.5,3513952.5,2022,0,0,1,0,6,3,2,7,10,0,5,3,12,6,10,17,12,16
907,859,597808.5,3513994.5,2022,0,0,1,0,6,7,2,7,10,0,5,1,13,8,10,17,12,16
916,888,597895.5,3513967.5,2022,0,0,1,0,6,7,2,7,10,0,5,3,12,8,2,0,11,17
903,904,597943.5,3514006.5,2022,0,0,1,0,6,7,2,7,10,0,5,3,12,8,2,0,11,17
919,940,598051.5,3513958.5,2022,0,0,1,3,1,7,4,0,2,5,1,1,13,6,9,11,0,1
906,960,598111.5,3513997.5,2022,0,0,1,0,6,7,2,7,3,0,5,3,12,8,2,0,11,17
901,999,598228.5,3514012.5,2022,0,0,1,0,6,7,7,0,3,4,9,8,9,8,2,0,11,17
909,1040,598351.5,3513988.5,2022,0,0,1,0,6,7,7,0,3,4,9,8,9,8,2,0,11,17
911,1073,598450.5,3513982.5,2022,0,0,1,0,6,7,2,7,10,0,5,3,12,8,2,17,11,17
908,1107,598552.5,3513991.5,2022,0,0,1,0,6,7,2,7,10,0,5,3,12,8,2,0,11,17
912,1124,598603.5,3513979.5,2022,0,0,1,0,6,7,2,7,10,0,5,1,13,6,10,17,0,1
912,1141,598654.5,3513979.5,2022,0,0,1,3,1,7,7,0,3,4,9,8,9,0,2,8,15,12
913,1183,598780.5,3513976.5,2022,0,0,1,3,6,7,7,0,3,4,9,8,9,0,6,8,0,1
926,1224,598903.5,3513937.5,2022,0,0,1,0,6,3,2,7,10,0,5,3,12,8,10,17,11,16
922,1246,598969.5,3513949.5,2022,0,0,1,0,6,7,7,0,3,0,5,3,9,8,2,0,11,17
918,1275,599056.5,3513961.5,2022,0,0,1,0,6,7,7,0,3,4,9,8,9,8,2,0,11,17
915,1301,599134.5,3513970.5,2022,0,0,1,0,6,7,7,0,3,4,9,8,9,0,6,11,0,1
908,1325,599206.5,3513991.5,2022,0,0,1,0,6,7,7,0,3,4,9,8,9,8,2,0,11,17
929,1361,599314.5,3513928.5,2022,0,0,1,0,6,7,7,0,3,4,9,8,9,8,2,0,11,17
924,1396,599419.5,3513943.5,2022,0,0,1,0,6,7,7,0,3,4,9,8,9,8,2,0,11,17
919,1437,599542.5,3513958.5,2022,0,0,1,0,6,7,7,0,3,4,9,8,9,0,2,11,0,1
921,1464,599623.5,3513952.5,2022,0,0,1,0,6,7,7,0,3,0,5,3,12,8,2,0,11,17
912,1498,599725.5,3513979.5,2022,0,0,1,0,6,3,2,7,10,0,5,3,12,8,10,17,11,16
922,1519,599788.5,3513949.5,2022,2,3,1,0,6,3,2,7,10,0,5,3,12,13,10,17,12,16
923,1554,599893.5,3513946.5,2022,0,0,1,0,6,7,2,7,3,0,5,3,12,8,2,0,11,17
907,1565,599926.5,3513994.5,2022,0,0,1,0,6,7,7,0,3,4,9,8,9,8,2,0,11,17
925,1595,600016.5,3513940.5,2022,0,0,1,0,6,7,7,0,3,4,9,8,9,8,2,0,11,17
901,1647,600172.5,3514012.5,2022,0,0,1,0,6,7,7,0,3,4,9,8,9,8,2,0,11,17
919,1654,600193.5,3513958.5,2022,0,0,1,3,1,7,7,0,3,4,9,8,9,0,6,8,15,12
908,1690,600301.5,3513991.5,2022,0,0,1,3,6,7,7,0,3,4,9,8,9,8,2,0,15,17
906,1717,600382.5,3513997.5,2022,0,0,1,3,1,7,7,0,3,4,9,8,9,0,6,8,15,12
912,1758,600505.5,3513979.5,2022,0,0,2,3,1,2,6,9,8,1,10,13,5,10,14,9,9,14
912,1793,600610.5,3513979.5,2022,1,1,2,2,5,5,1,2,4,10,4,2,0,14,7,1,16,4
908,1820,600691.5,3513991.5,2022,0,1,2,3,1,2,6,9,8,1,10,13,0,14,7,1,16,4
902,1848,600775.5,3514009.5,2022,0,0,1,3,1,7,7,0,3,4,9,8,9,0,6,8,15,12
929,1875,600856.5,3513928.5,2022,0,0,1,3,1,7,7,0,3,4,9,8,9,0,6,8,15,12
925,1897,600922.5,3513940.5,2022,0,1,2,3,1,2,6,9,8,1,10,13,5,10,14,9,9,14
928,1934,601033.5,3513931.5,2022,0,1,2,3,1,2,6,9,8,1,10,13,0,14,7,1,16,4
909,1950,601081.5,3513988.5,2022,0,0,1,3,1,7,7,0,3,4,9,8,9,0,6,8,15,12
916,1989,601198.5,3513967.5,2022,1,1,2,3,1,2,6,9,8,1,10,13,5,10,14,9,9,14
927,2034,601333.5,3513934.5,2022,1,1,2,2,5,5,1,4,5,2,12,6,4,3,7,16,4,9
928,2067,601432.5,3513931.5,2022,1,1,2,2,5,5,1,2,4,10,4,2,0,14,7,1,16,4
921,2090,601501.5,3513952.5,2022,1,1,2,2,5,5,1,2,4,10,4,6,0,14,7,1,16,4
905,2120,601591.5,3514000.5,2022,1,1,2,2,5,5,1,2,4,10,4,2,0,14,7,1,16,4
900,2141,601654.5,3514015.5,2022,1,1,3,2,5,5,1,2,4,10,4,2,0,14,12,6,14,7
918,2160,601711.5,3513961.5,2022,1,1,2,2,5,5,1,2,4,10,4,6,0,14,7,1,16,4
912,2196,601819.5,3513979.5,2022,1,1,3,2,5,5,1,2,4,10,4,2,14,2,12,6,14,11
900,2221,601894.5,3514015.5,2022,1,1,2,2,5,5,1,4,5,2,12,6,4,3,7,1,16,4
901,2271,602044.5,3514012.5,2022,2,3,3,4,2,1,8,3,9,11,2,7,11,9,0,14,5,13
911,2309,602158.5,3513982.5,2022,1,1,2,2,5,5,1,4,5,2,12,6,4,3,8,16,4,9
908,2330,602221.5,3513991.5,2022,1,1,2,2,5,5,1,2,4,10,4,2,0,14,7,1,16,4
912,2361,602314.5,3513979.5,2022,0,0,1,0,6,3,2,7,10,0,5,3,12,13,13,10,7,0
927,2389,602398.5,3513934.5,2022,1,1,2,2,3,0,4,2,2,5,1,9,2,14,9,11,0,7
918,2402,602437.5,3513961.5,2022,0,0,1,0,6,3,2,7,10,0,5,3,12,13,13,10,11,6
928,2433,602530.5,3513931.5,2022,1,1,3,4,3,0,4,2,4,10,4,2,14,2,12,6,14,7
910,2471,602644.5,3513985.5,2022,1,1,3,4,3,0,4,2,4,10,4,2,0,14,12,6,14,7
902,2508,602755.5,3514009.5,2022,0,0,1,0,6,7,7,0,2,0,5,1,13,6,9,11,11,6
929,2537,602842.5,3513928.5,2022,0,0,2,3,1,2,6,9,8,5,1,9,2,15,15,7,13,10
900,2555,602896.5,3514015.5,2022,2,3,0,0,6,3,2,7,10,6,6,10,1,13,13,10,10,0
919,2608,603055.5,3513958.5,2022,2,3,0,1,0,4,5,1,0,6,6,10,1,5,5,12,6,5
926,2611,603064.5,3513937.5,2022,1,1,3,4,2,1,8,3,9,11,2,7,14,2,0,6,14,11
913,2657,603202.5,3513976.5,2022,2,3,3,4,2,1,8,3,9,11,2,7,11,9,0,14,5,13
922,2685,603286.5,3513949.5,2022,2,3,3,4,2,1,8,3,9,11,2,7,11,9,0,14,5,13
912,2703,603340.5,3513979.5,2022,1,1,3,4,2,1,8,3,9,11,2,2,14,2,12,6,14,11
924,2731,603424.5,3513943.5,2022,1,1,3,4,2,1,8,3,9,11,2,7,14,2,12,6,18,11
900,2765,603526.5,3514015.5,2022,1,1,3,4,2,1,8,3,9,11,2,2,14,2,12,6,14,11
923,2807,603652.5,3513946.5,2022,2,3,3,4,2,1,8,3,9,11,2,7,11,9,0,14,5,13
915,2845,603766.5,3513970.5,2022,2,3,3,4,2,1,8,3,9,11,2,7,11,9,0,14,5,13
917,2854,603793.5,3513964.5,2022,1,1,3,4,2,1,8,3,9,11,2,7,11,9,0,14,5,13
928,2891,603904.5,3513931.5,2022,1,1,3,4,2,1,8,3,9,11,2,2,14,2,12,6,14,11
926,2934,604033.5,3513937.5,2022,2,3,0,1,0,4,0,8,7,8,8,0,7,11,16,12,5,5
916,2969,604138.5,3513967.5,2022,1,1,3,2,5,5,1,2,4,10,4,2,0,14,12,6,16,7
904,2974,604153.5,3514003.5,2022,1,1,3,2,5,5,1,2,4,10,4,2,14,2,12,6,18,11
900,3012,604267.5,3514015.5,2022,1,1,3,4,2,1,8,3,9,11,2,7,14,2,0,14,14,13
917,3049,604378.5,3513964.5,2022,1,1,3,4,2,1,8,3,9,11,2,7,11,9,0,14,5,13
902,3070,604441.5,3514009.5,2022,2,3,3,4,2,1,8,3,9,11,2,7,11,9,0,14,5,13
908,3103,604540.5,3513991.5,2022,1,1,3,2,2,1,8,4,9,11,2,2,14,2,8,16,18,11
919,3133,604630.5,3513958.5,2022,1,1,3,2,5,5,1,2,4,10,4,2,14,2,12,6,18,11
909,3170,604741.5,3513988.5,2022,2,3,3,4,2,1,8,3,9,11,2,7,11,9,0,14,5,13
923,3209,604858.5,3513946.5,2022,1,1,3,2,5,5,1,4,5,2,12,6,4,3,8,16,18,11
921,3223,604900.5,3513952.5,2022,1,1,3,2,5,5,1,4,5,2,12,6,4,3,8,16,18,11
903,3244,604963.5,3514006.5,2022,1,1,3,4,2,1,8,3,9,11,2,2,14,2,12,6,18,11
901,3294,605113.5,3514012.5,2022,1,1,2,2,5,5,1,4,5,2,12,6,4,3,8,16,4,9
920,3322,605197.5,3513955.5,2022,2,3,3,4,2,1,8,3,9,11,2,7,11,9,0,14,5,13
917,3333,605230.5,3513964.5,2022,2,3,0,1,2,1,8,3,9,11,2,7,11,9,0,14,5,13
952,13,595270.5,3513859.5,2022,0,0,1,0,6,7,7,0,3,4,9,8,9,8,2,0,11,17
958,39,595348.5,3513841.5,2022,1,1,3,4,2,5,1,2,4,10,4,2,0,14,12,6,14,7
938,66,595429.5,3513901.5,2022,0,0,1,3,1,7,7,0,3,4,9,8,9,0,6,8,15,1
939,113,595570.5,3513898.5,2022,0,1,3,4,3,0,4,2,4,10,4,2,0,14,12,6,14,7
952,143,595660.5,3513859.5,2022,0,0,1,0,6,7,7,0,3,4,9,8,9,8,2,0,11,17
933,158,595705.5,3513916.5,2022,0,0,1,0,6,7,7,0,3,4,9,8,9,8,2,0,11,17
955,197,595822.5,3513850.5,2022,0,0,1,0,6,7,7,0,3,4,9,8,9,8,2,0,11,17
941,229,595918.5,3513892.5,2022,0,0,1,0,6,7,2,7,10,0,5,3,12,8,2,0,11,17
958,266,596029.5,3513841.5,2022,0,0,1,3,6,7,7,0,3,4,9,8,9,0,2,0,15,12
952,279,596068.5,3513859.5,2022,0,0,1,3,6,7,7,0,3,4,9,8,9,8,2,0,15,17
950,307,596152.5,3513865.5,2022,0,0,1,3,1,2,6,9,8,1,10,13,5,10,6,8,9,12
942,346,596269.5,3513889.5,2022,0,0,1,3,6,7,7,0,3,4,9,8,9,0,6,8,15,12
935,375,596356.5,3513910.5,2022,0,0,1,0,6,7,7,0,3,4,9,8,9,8,2,0,15,17
931,391,596404.5,3513922.5,2022,0,0,1,0,6,7,7,0,3,4,9,8,9,8,2,0,11,17
953,446,596569.5,3513856.5,2022,0,0,1,0,6,7,7,0,3,0,5,1,13,8,10,17,11,16
941,472,596647.5,3513892.5,2022,0,0,1,0,6,3,2,7,10,0,5,1,13,6,10,17,12,16
951,493,596710.5,3513862.5,2022,0,0,1,0,6,7,7,0,3,4,9,8,9,0,6,11,0,1
942,525,596806.5,3513889.5,2022,0,0,1,3,6,7,7,0,3,4,9,8,9,0,2,0,15,17
950,548,596875.5,3513865.5,2022,0,0,1,3,6,7,7,0,3,4,9,8,9,0,6,11,0,1
959,591,597004.5,3513838.5,2022,0,0,1,0,6,3,2,7,10,0,5,1,13,6,10,17,12,16
938,620,597091.5,3513901.5,2022,2,3,0,0,3,0,5,1,0,6,6,1,13,6,10,15,12,16
939,647,597172.5,3513898.5,2022,2,3,0,0,6,3,2,7,10,0,5,11,13,6,10,17,12,16
959,660,597211.5,3513838.5,2022,0,0,1,0,6,7,2,7,10,0,5,1,13,6,10,17,12,16
949,703,597340.5,3513868.5,2022,0,0,1,0,6,7,2,7,10,0,5,3,12,8,2,0,11,17
952,742,597457.5,3513859.5,2022,0,0,1,0,6,7,2,7,10,0,5,3,12,8,2,0,11,17
944,760,597511.5,3513883.5,2022,0,0,1,0,6,3,2,7,10,0,5,3,12,8,10,17,11,16
935,809,597658.5,3513910.5,2022,0,0,1,0,6,3,2,7,10,0,5,3,12,8,10,17,11,16
953,829,597718.5,3513856.5,2022,0,0,1,0,6,7,2,7,10,0,5,3,12,8,2,0,11,17
935,858,597805.5,3513910.5,2022,0,0,1,0,6,3,2,7,10,0,5,3,12,8,10,17,12,16
952,875,597856.5,3513859.5,2022,2,3,0,0,6,3,2,7,10,0,5,1,13,6,10,17,12,16
949,909,597958.5,3513868.5,2022,2,3,0,1,0,3,5,1,0,7,11,11,8,1,3,13,12,18
958,952,598087.5,3513841.5,2022,2,3,0,0,6,3,2,7,10,0,5,1,13,6,10,17,12,16
953,971,598144.5,3513856.5,2022,0,0,1,0,6,7,2,7,10,0,5,3,12,8,2,0,11,17
952,1017,598282.5,3513859.5,2022,0,0,1,0,6,7,7,0,3,0,5,1,9,8,2,0,11,17
934,1042,598357.5,3513913.5,2022,0,0,1,0,6,7,2,7,3,0,5,3,12,8,2,0,11,17
940,1079,598468.5,3513895.5,2022,0,0,1,0,6,7,2,7,10,0,5,3,12,8,2,0,11,17
931,1094,598513.5,3513922.5,2022,0,0,1,0,6,7,2,7,10,0,5,3,12,8,2,0,11,17
945,1117,598582.5,3513880.5,2022,0,0,1,0,6,7,7,0,3,4,9,1,9,8,2,0,0,1
957,1152,598687.5,3513844.5,2022,0,0,1,0,6,7,7,0,3,0,5,3,9,8,2,0,11,17
932,1195,598816.5,3513919.5,2022,0,0,1,0,6,7,7,0,3,4,9,8,9,8,2,0,11,17
933,1219,598888.5,3513916.5,2022,0,0,1,0,6,3,2,7,10,0,5,3,12,8,2,0,11,17
954,1234,598933.5,3513853.5,2022,2,0,0,0,6,3,2,7,10,0,5,3,12,13,13,10,11,0
931,1279,599068.5,3513922.5,2022,0,0,1,0,6,7,7,0,3,4,9,8,9,0,2,0,15,17
942,1299,599128.5,3513889.5,2022,0,0,1,0,6,7,2,7,10,0,5,3,12,8,2,0,11,17
939,1342,599257.5,3513898.5,2022,0,0,1,0,6,3,2,7,10,0,5,1,13,6,10,17,12,16
959,1353,599290.5,3513838.5,2022,2,3,0,0,6,3,2,7,10,0,5,11,13,6,10,17,12,16
956,1380,599371.5,3513847.5,2022,0,0,1,0,6,3,2,7,10,0,5,3,12,8,2,0,11,17
936,1412,599467.5,3513907.5,2022,2,3,0,0,6,3,2,7,10,0,11,3,12,13,13,10,7,0
939,1468,599635.5,3513898.5,2022,2,3,1,0,6,3,2,7,10,0,5,1,13,6,10,17,12,16
950,1486,599689.5,3513865.5,2022,2,3,0,0,6,3,2,7,10,0,5,3,12,13,10,17,12,16
948,1517,599782.5,3513871.5,2022,2,3,0,0,6,3,2,7,10,0,5,3,12,13,13,10,7,0
943,1541,599854.5,3513886.5,2022,2,3,0,1,0,3,2,7,10,7,11,3,12,13,13,10,7,0
935,1563,599920.5,3513910.5,2022,0,0,1,0,6,3,2,7,10,0,5,3,12,13,10,17,11,6
958,1595,600016.5,3513841.5,2022,0,0,1,3,1,7,7,0,3,4,9,8,9,0,6,8,15,12
933,1645,600166.5,3513916.5,2022,0,0,1,3,6,7,7,0,3,4,9,8,9,0,2,0,15,17
954,1659,600208.5,3513853.5,2022,0,0,1,3,1,7,7,0,3,4,9,8,9,0,6,8,15,12
953,1701,600334.5,3513856.5,2022,0,0,1,3,1,2,6,9,8,1,10,13,5,0,6,8,15,12
947,1724,600403.5,3513874.5,2022,1,1,2,2,5,2,6,9,8,1,10,13,0,14,7,1,16,4
942,1750,600481.5,3513889.5,2022,0,0,1,3,1,7,7,0,3,4,9,8,9,0,6,8,15,12
952,1793,600610.5,3513859.5,2022,1,1,2,2,5,2,6,9,8,1,10,13,5,10,14,9,9,14
932,1812,600667.5,3513919.5,2022,0,0,1,3,1,2,6,9,8,1,10,13,5,0,6,8,15,12
947,1841,600754.5,3513874.5,2022,0,0,1,3,1,7,7,0,3,4,9,8,9,0,6,8,15,12
934,1866,600829.5,3513913.5,2022,1,1,2,2,5,5,1,2,4,10,4,2,0,14,7,1,16,4
954,1890,600901.5,3513853.5,2022,0,0,1,3,1,7,7,0,2,5,1,9,2,0,6,11,0,12
951,1947,601072.5,3513862.5,2022,0,0,1,3,1,2,7,0,3,4,9,8,9,0,6,8,15,12
947,1970,601141.5,3513874.5,2022,0,1,2,3,1,2,6,9,8,1,10,13,0,14,7,1,16,4
939,1989,601198.5,3513898.5,2022,0,0,1,3,1,2,6,9,8,5,1,13,9,0,6,8,0,1
945,2021,601294.5,3513880.5,2022,1,1,2,2,5,5,1,4,5,2,12,6,4,3,7,1,4,4
942,2058,601405.5,3513889.5,2022,0,1,2,3,1,2,4,2,2,5,1,9,0,14,7,1,0,1
949,2077,601462.5,3513868.5,2022,1,1,2,2,5,5,1,2,4,10,4,2,0,14,7,1,16,4
956,2121,601594.5,3513847.5,2022,1,1,2,2,5,5,1,9,5,2,10,6,0,14,7,1,16,4
958,2143,601660.5,3513841.5,2022,1,1,2,2,5,5,1,4,5,2,12,6,0,14,7,1,16,4
947,2165,601726.5,3513874.5,2022,1,1,2,2,5,2,6,9,8,1,10,13,0,14,7,1,16,4
942,2199,601828.5,3513889.5,2022,2,3,0,1,0,3,0,8,10,7,11,11,8,13,13,10,7,0
948,2240,601951.5,3513871.5,2022,2,3,0,1,0,4,0,8,7,8,8,0,7,11,16,3,8,5
952,2277,602062.5,3513859.5,2022,1,1,2,2,5,5,1,4,5,2,12,6,4,3,7,16,4,9
959,2300,602131.5,3513838.5,2022,0,0,1,0,6,7,2,7,10,0,5,3,12,8,2,0,11,17
954,2335,602236.5,3513853.5,2022,1,1,2,2,5,5,1,2,4,10,4,2,0,14,7,1,16,4
954,2348,602275.5,3513853.5,2022,1,1,2,2,5,5,1,2,4,10,4,9,0,14,7,1,16,4
954,2374,602353.5,3513853.5,2022,0,0,1,4,3,0,4,6,2,5,1,1,2,6,9,11,10,6
947,2402,602437.5,3513874.5,2022,1,1,3,4,2,1,8,2,4,10,4,2,14,2,12,6,14,7
952,2438,602545.5,3513859.5,2022,1,1,2,2,5,5,1,2,4,10,4,2,0,14,7,1,16,4
937,2464,602623.5,3513904.5,2022,0,0,1,0,6,3,2,7,10,0,5,3,12,13,13,10,11,6
950,2512,602767.5,3513865.5,2022,0,0,1,3,3,0,4,6,2,5,1,9,2,15,9,11,10,6
950,2547,602872.5,3513865.5,2022,1,1,3,2,3,0,4,2,4,10,4,2,0,14,12,6,14,7
944,2569,602938.5,3513883.5,2022,2,3,0,4,0,4,5,1,0,6,6,10,1,5,5,12,6,5
949,2600,603031.5,3513868.5,2022,1,1,3,4,2,1,8,3,9,11,2,7,11,9,0,14,5,13
958,2633,603130.5,3513841.5,2022,2,3,0,0,6,3,2,7,10,0,5,3,12,13,13,10,7,0
936,2642,603157.5,3513907.5,2022,1,1,3,4,2,1,8,3,9,11,2,7,14,2,0,14,5,11
939,2681,603274.5,3513898.5,2022,1,1,3,4,2,1,8,3,9,11,2,7,11,9,0,14,5,13
952,2709,603358.5,3513859.5,2022,2,3,3,4,2,1,8,3,9,11,2,7,11,9,0,14,5,13
954,2759,603508.5,3513853.5,2022,1,1,3,2,2,1,8,2,4,10,4,2,14,2,12,6,18,11
958,2775,603556.5,3513841.5,2022,1,1,3,4,2,1,8,3,9,11,2,7,11,9,0,14,5,13
945,2805,603646.5,3513880.5,2022,1,1,3,4,2,1,8,3,9,11,2,7,11,9,0,14,5,13
932,2821,603694.5,3513919.5,2022,2,3,3,4,2,1,8,3,9,11,2,7,11,9,0,14,5,13
949,2865,603826.5,3513868.5,2022,1,1,3,4,2,1,8,3,9,11,2,7,11,9,0,14,5,13
952,2894,603913.5,3513859.5,2022,2,1,3,4,2,1,8,3,9,11,2,7,14,2,12,6,14,7
958,2917,603982.5,3513841.5,2022,2,3,0,4,2,1,8,3,9,11,2,7,11,9,0,14,5,13
934,2962,604117.5,3513913.5,2022,2,3,1,0,6,3,2,7,10,0,5,1,13,6,10,17,12,16
938,2986,604189.5,3513901.5,2022,1,1,2,2,5,5,1,2,4,10,4,2,0,14,7,1,16,4
957,3006,604249.5,3513844.5,2022,0,0,1,3,3,0,4,6,2,5,1,9,2,15,15,7,13,10
933,3036,604339.5,3513916.5,2022,1,1,3,4,2,1,8,2,4,10,4,2,14,2,12,6,18,11
951,3084,604483.5,3513862.5,2022,1,2,4,5,4,6,3,5,6,3,7,12,6,7,11,2,3,15
944,3104,604543.5,3513883.5,2022,1,1,2,2,5,5,1,4,5,2,12,6,4,3,8,16,18,9
934,3127,604612.5,3513913.5,2022,1,1,2,2,5,5,1,2,4,10,4,2,14,2,12,6,18,11
944,3161,604714.5,3513883.5,2022,1,1,3,4,2,1,8,3,9,11,2,7,14,2,12,6,18,11
940,3207,604852.5,3513895.5,2022,1,1,3,2,5,5,1,4,5,2,12,6,4,3,8,16,18,9
939,3224,604903.5,3513898.5,2022,1,1,2,2,5,5,1,4,5,2,12,6,4,3,8,16,18,11
936,3267,605032.5,3513907.5,2022,1,1,3,2,5,5,1,4,5,2,12,2,14,2,8,16,18,11
936,3294,605113.5,3513907.5,2022,1,1,3,2,5,5,1,4,5,2,12,6,4,3,8,16,18,9
938,3327,605212.5,3513901.5,2022,2,3,3,4,2,1,8,3,9,11,2,7,11,9,0,14,5,13
956,3332,605227.5,3513847.5,2022,1,2,4,5,4,6,3,5,6,3,3,4,3,4,4,5,17,3
961,6,595249.5,3513832.5,2022,0,0,1,0,6,7,2,7,10,0,5,3,12,8,2,0,11,17
986,37,595342.5,3513757.5,2022,0,0,1,0,6,7,4,0,2,5,1,1,2,6,9,11,0,6
971,80,595471.5,3513802.5,2022,0,0,1,0,6,7,2,7,10,0,5,3,12,8,2,0,11,17
968,94,595513.5,3513811.5,2022,0,0,1,3,1,7,7,0,3,4,9,8,9,0,6,8,15,12
971,120,595591.5,3513802.5,2022,0,0,1,0,6,7,2,7,10,0,5,3,12,8,2,0,11,17
969,157,595702.5,3513808.5,2022,0,0,1,0,6,7,7,0,3,4,9,8,9,8,2,0,11,17
964,207,595852.5,3513823.5,2022,0,0,1,0,6,7,7,0,3,4,9,8,9,8,2,0,11,17
971,222,595897.5,3513802.5,2022,0,0,1,3,1,7,7,0,3,4,9,8,9,0,6,8,15,12
989,263,596020.5,3513748.5,2022,0,0,1,3,6,7,7,0,3,4,9,8,9,0,2,0,15,17
975,299,596128.5,3513790.5,2022,0,0,1,3,1,2,7,0,3,4,9,8,9,0,6,8,15,12
972,320,596191.5,3513799.5,2022,0,0,1,3,1,7,7,0,3,4,9,8,9,0,6,8,15,12
975,352,596287.5,3513790.5,2022,0,0,1,0,6,7,7,0,2,5,1,1,13,6,9,11,0,1
963,370,596341.5,3513826.5,2022,0,0,1,3,3,0,4,6,2,5,1,1,13,6,9,11,0,1
974,414,596473.5,3513793.5,2022,0,0,1,3,1,7,7,0,3,4,9,8,9,0,6,8,0,1
979,439,596548.5,3513778.5,2022,0,0,1,0,6,3,2,7,2,0,5,1,13,6,10,17,12,1
984,450,596581.5,3513763.5,2022,0,0,1,0,6,3,2,7,10,0,5,1,13,6,10,17,12,16
969,491,596704.5,3513808.5,2022,0,0,1,0,6,7,7,0,3,4,9,8,9,0,2,0,15,17
965,535,596836.5,3513820.5,2022,0,0,1,0,6,7,7,0,2,5,5,1,13,6,9,11,0,1
975,546,596869.5,3513790.5,2022,2,3,3,4,3,0,4,1,2,6,6,1,13,6,9,15,14,7
972,582,596977.5,3513799.5,2022,2,3,0,0,3,3,5,1,0,6,6,10,13,6,10,17,12,16
978,615,597076.5,3513781.5,2022,2,3,0,0,6,3,2,7,0,6,6,1,13,6,10,17,12,16
966,637,597142.5,3513817.5,2022,0,0,1,0,6,3,2,7,10,0,5,1,13,6,10,17,12,16
966,686,597289.5,3513817.5,2022,2,3,0,0,6,3,2,7,10,0,5,11,13,6,10,17,12,16
969,711,597364.5,3513808.5,2022,0,0,1,0,6,3,2,7,10,0,5,1,13,6,10,17,12,16
980,723,597400.5,3513775.5,2022,0,0,1,0,6,3,2,7,10,0,5,1,13,6,10,17,12,16
987,779,597568.5,3513754.5,2022,0,0,1,0,6,3,2,7,10,0,5,1,13,6,10,17,12,16
981,803,597640.5,3513772.5,2022,2,3,1,0,6,3,2,7,10,0,5,1,13,6,10,17,12,16
976,834,597733.5,3513787.5,2022,0,0,1,0,6,3,2,7,10,0,5,3,12,8,10,17,11,16
962,853,597790.5,3513829.5,2022,2,3,0,0,6,3,2,7,10,0,5,3,12,13,10,17,12,16
974,878,597865.5,3513793.5,2022,2,3,1,0,6,3,2,7,10,0,5,3,13,6,10,17,12,16
986,916,597979.5,3513757.5,2022,0,0,1,0,6,3,2,7,10,0,5,3,12,8,10,17,11,16
966,932,598027.5,3513817.5,2022,2,3,0,0,6,3,2,7,10,0,5,1,13,6,10,17,12,16
967,984,598183.5,3513814.5,2022,2,3,3,4,2,1,8,2,4,10,4,2,14,2,12,6,14,7
987,1012,598267.5,3513754.5,2022,0,0,1,0,6,3,2,7,10,0,5,1,13,6,10,17,12,16
972,1029,598318.5,3513799.5,2022,0,0,1,0,6,3,2,7,10,0,5,3,12,6,10,17,12,16
987,1067,598432.5,3513754.5,2022,0,0,1,0,6,7,2,7,3,0,5,3,12,8,2,0,11,17
977,1088,598495.5,3513784.5,2022,0,0,1,0,6,7,2,7,10,0,5,3,12,8,2,0,11,17
966,1116,598579.5,3513817.5,2022,0,0,1,0,6,3,2,7,10,0,5,3,12,8,10,17,11,16
967,1142,598657.5,3513814.5,2022,0,0,1,0,6,7,2,7,10,0,5,3,12,8,2,0,11,17
974,1183,598780.5,3513793.5,2022,0,0,1,0,6,7,2,7,10,0,5,3,12,8,2,0,11,17
979,1201,598834.5,3513778.5,2022,0,0,1,0,6,3,2,7,10,0,5,3,12,8,10,17,11,16
972,1240,598951.5,3513799.5,2022,0,0,1,0,6,7,2,7,3,0,5,3,12,8,2,0,11,17
961,1267,599032.5,3513832.5,2022,0,0,1,0,6,7,2,7,3,0,5,3,12,8,2,0,11,17
982,1318,599185.5,3513769.5,2022,0,0,1,0,6,3,2,7,10,0,5,3,12,8,2,0,11,17
987,1327,599212.5,3513754.5,2022,0,0,1,0,6,7,2,7,10,0,5,3,12,8,2,0,11,17
982,1351,599284.5,3513769.5,2022,0,0,1,0,6,3,2,7,10,0,5,3,12,8,2,0,11,17
977,1393,599410.5,3513784.5,2022,0,0,1,0,6,3,2,7,10,0,5,3,12,13,10,17,11,16
966,1410,599461.5,3513817.5,2022,0,0,1,0,6,3,2,7,10,0,5,3,12,13,10,17,11,16
989,1444,599563.5,3513748.5,2022,2,3,0,0,6,3,2,7,10,0,5,3,12,13,10,17,12,16
973,1494,599713.5,3513796.5,2022,0,0,1,0,6,7,2,7,10,0,5,3,12,8,2,0,11,17
975,1501,599734.5,3513790.5,2022,0,0,1,0,6,7,7,0,3,4,9,8,9,8,2,0,11,17
974,1534,599833.5,3513793.5,2022,0,0,1,0,6,7,7,0,3,4,9,8,9,8,2,0,11,1
981,1575,599956.5,3513772.5,2022,0,0,1,0,6,7,7,0,3,4,9,3,12,8,2,0,11,17
979,1591,600004.5,3513778.5,2022,0,0,1,0,6,7,7,0,3,4,9,8,9,8,2,0,11,17
971,1634,600133.5,3513802.5,2022,0,0,1,3,1,7,7,0,3,4,9,8,9,0,6,8,15,12
983,1665,600226.5,3513766.5,2022,0,0,1,3,1,2,6,9,8,1,10,13,5,0,6,8,15,12
963,1700,600331.5,3513826.5,2022,0,0,1,3,1,2,7,0,3,4,9,8,9,0,6,8,15,12
988,1720,600391.5,3513751.5,2022,0,0,1,3,1,7,7,0,3,4,9,8,9,0,6,8,15,12
961,1757,600502.5,3513832.5,2022,0,0,1,3,1,7,7,0,3,4,9,8,9,0,6,8,15,12
971,1782,600577.5,3513802.5,2022,1,1,2,2,5,5,1,4,5,2,12,6,0,14,7,1,16,4
962,1821,600694.5,3513829.5,2022,1,1,2,2,5,5,1,2,4,10,4,2,0,14,7,1,16,4
962,1830,600721.5,3513829.5,2022,1,1,2,2,5,5,1,2,4,10,4,2,0,14,7,1,16,4
961,1873,600850.5,3513832.5,2022,0,0,1,3,1,2,6,9,8,1,10,13,5,0,6,8,15,12
970,1905,600946.5,3513805.5,2022,0,0,1,3,1,2,6,9,8,1,10,8,5,0,6,8,15,12
986,1948,601075.5,3513757.5,2022,0,0,1,3,1,7,7,0,3,4,9,8,9,0,6,8,15,12
963,1957,601102.5,3513826.5,2022,0,0,2,3,1,2,6,9,8,1,10,13,5,0,6,8,0,1
972,2004,601243.5,3513799.5,2022,1,1,2,2,5,5,1,4,5,2,12,6,0,14,7,1,16,4
962,2035,601336.5,3513829.5,2022,1,1,2,2,5,5,1,4,5,2,12,6,4,3,7,16,4,9
986,2051,601384.5,3513757.5,2022,2,3,0,1,0,4,0,8,7,8,8,0,7,11,16,12,6,5
975,2077,601462.5,3513790.5,2022,2,3,0,1,0,4,0,8,7,8,8,0,7,11,16,3,8,5
986,2129,601618.5,3513757.5,2022,2,3,0,0,3,3,2,1,0,6,6,10,1,13,13,15,10,19
967,2155,601696.5,3513814.5,2022,1,1,3,4,2,1,8,3,9,11,2,7,14,2,12,6,18,11
961,2177,601762.5,3513832.5,2022,1,1,3,4,2,1,8,3,9,11,2,7,11,2,0,14,14,13
972,2210,601861.5,3513799.5,2022,1,1,2,2,5,5,1,4,5,2,12,6,0,14,7,1,16,4
979,2230,601921.5,3513778.5,2022,1,1,2,2,5,5,1,4,5,2,12,6,0,14,7,1,16,4
965,2275,602056.5,3513820.5,2022,1,1,2,2,5,5,1,2,4,10,4,2,0,14,7,1,16,4
965,2297,602122.5,3513820.5,2022,0,0,1,0,3,0,4,2,2,5,1,1,13,6,9,11,0,1
974,2311,602164.5,3513793.5,2022,1,1,2,2,5,5,1,2,4,10,4,2,0,14,7,1,16,4
963,2344,602263.5,3513826.5,2022,1,1,2,2,5,5,1,4,5,2,12,6,0,14,7,1,16,4
985,2390,602401.5,3513760.5,2022,1,1,2,2,5,5,1,2,4,10,4,2,0,14,7,1,16,4
987,2407,602452.5,3513754.5,2022,1,1,3,2,3,0,4,2,4,10,4,2,0,14,12,6,14,7
964,2433,602530.5,3513823.5,2022,1,1,3,4,2,5,1,2,4,10,4,2,14,2,12,6,14,7
973,2482,602677.5,3513796.5,2022,0,0,1,3,3,0,4,6,2,5,1,9,2,15,9,11,10,6
964,2498,602725.5,3513823.5,2022,1,1,3,4,3,0,4,2,4,10,4,2,14,2,12,6,14,7
971,2542,602857.5,3513802.5,2022,1,1,3,4,2,1,8,2,4,10,4,2,14,2,12,6,14,7
969,2550,602881.5,3513808.5,2022,1,1,3,4,2,1,8,2,4,10,4,2,14,2,12,6,14,7
976,2591,603004.5,3513787.5,2022,1,1,3,4,2,1,8,3,9,11,2,7,11,9,0,14,5,13
986,2629,603118.5,3513757.5,2022,2,3,0,1,0,4,0,8,7,8,8,0,7,11,16,3,8,8
988,2657,603202.5,3513751.5,2022,2,3,3,4,2,1,8,3,9,11,2,7,11,9,0,14,5,13
976,2695,603316.5,3513787.5,2022,2,3,3,4,2,1,8,3,9,11,2,7,11,9,0,14,5,13
984,2729,603418.5,3513763.5,2022,2,3,3,4,2,1,8,3,9,11,2,7,11,9,0,14,5,13
972,2738,603445.5,3513799.5,2022,1,1,3,4,2,1,8,3,9,11,2,7,11,9,0,14,5,13
978,2788,603595.5,3513781.5,2022,1,1,3,4,2,1,8,2,4,10,4,2,14,2,12,6,14,11
989,2809,603658.5,3513748.5,2022,2,3,3,4,2,1,8,3,9,11,2,7,11,9,0,14,5,13
974,2827,603712.5,3513793.5,2022,2,3,0,1,0,3,2,8,10,7,11,3,12,13,13,10,7,0
972,2860,603811.5,3513799.5,2022,2,3,0,1,0,3,2,7,10,0,5,3,12,13,13,10,7,0
977,2903,603940.5,3513784.5,2022,2,3,3,4,2,1,8,3,9,11,2,7,11,9,0,14,5,13
982,2912,603967.5,3513769.5,2022,2,3,3,4,2,1,8,3,9,11,2,7,11,9,0,14,5,13
969,2957,604102.5,3513808.5,2022,1,1,3,4,2,1,8,2,4,10,4,2,14,2,12,6,14,7
960,2973,604150.5,3513835.5,2022,2,3,0,0,6,3,2,7,10,6,6,10,13,6,10,17,12,16
981,3000,604231.5,3513772.5,2022,1,1,2,2,5,5,1,4,5,2,12,2,14,2,12,16,18,11
960,3038,604345.5,3513835.5,2022,2,3,3,4,2,1,8,3,9,11,2,7,11,9,0,14,5,13
980,3071,604444.5,3513775.5,2022,0,0,1,0,3,0,4,6,2,5,1,1,13,6,9,11,10,6
984,3100,604531.5,3513763.5,2022,1,1,3,4,2,1,8,2,4,10,4,2,14,2,12,6,18,11
980,3125,604606.5,3513775.5,2022,1,1,3,4,2,1,8,3,9,11,2,2,14,2,12,6,14,7
973,3154,604693.5,3513796.5,2022,1,1,3,2,5,5,1,4,5,2,12,2,14,2,8,16,18,11
979,3185,604786.5,3513778.5,2022,1,1,3,2,2,5,1,2,4,10,4,2,14,2,12,6,18,11
966,3210,604861.5,3513817.5,2022,1,1,3,2,2,5,8,2,4,10,4,2,14,2,12,6,18,11
964,3242,604957.5,3513823.5,2022,1,1,2,2,5,5,1,4,5,2,12,6,4,3,8,16,4,9
989,3275,605056.5,3513748.5,2022,1,1,3,4,2,1,8,3,9,11,2,7,11,9,0,14,5,13
989,3323,605200.5,3513748.5,2022,1,1,3,2,5,5,1,4,5,2,12,6,4,3,8,16,18,9
972,3331,605224.5,3513799.5,2022,1,2,4,5,4,6,3,5,6,3,3,4,3,4,4,5,17,3
1010,26,595309.5,3513685.5,2022,0,0,1,3,1,2,7,0,3,4,9,8,9,0,6,8,15,12
1011,54,595393.5,3513682.5,2022,0,0,1,3,1,7,7,0,3,4,9,8,9,0,6,8,15,12
993,72,595447.5,3513736.5,2022,0,0,1,3,1,7,7,0,3,4,9,8,9,0,6,8,15,12
1016,109,595558.5,3513667.5,2022,0,0,1,3,1,2,7,0,3,4,9,8,9,0,6,8,15,12
995,149,595678.5,3513730.5,2022,0,0,1,3,1,2,7,0,2,4,9,8,9,0,6,8,0,12
1001,152,595687.5,3513712.5,2022,0,0,1,3,1,7,7,0,3,4,9,8,9,0,6,8,15,12
1010,197,595822.5,3513685.5,2022,0,0,1,3,1,7,7,0,3,4,9,8,9,0,6,8,15,12
994,228,595915.5,3513733.5,2022,0,0,1,3,6,7,7,0,3,4,9,8,9,0,2,8,15,12
1006,254,595993.5,3513697.5,2022,0,0,1,3,1,7,7,0,3,4,9,8,9,0,6,8,15,12
1018,299,596128.5,3513661.5,2022,0,0,1,3,6,7,7,0,3,4,9,8,9,0,2,0,15,17
1005,306,596149.5,3513700.5,2022,0,0,1,3,6,7,7,0,3,4,9,8,9,0,2,0,15,17
992,358,596305.5,3513739.5,2022,0,0,1,0,6,7,7,0,3,4,9,8,9,8,2,0,0,1
1008,361,596314.5,3513691.5,2022,0,0,1,3,6,7,7,0,3,4,9,8,9,0,6,8,0,1
1004,417,596482.5,3513703.5,2022,0,0,1,0,6,3,2,7,10,0,5,1,13,6,10,17,12,16
1018,421,596494.5,3513661.5,2022,2,3,0,0,6,3,2,7,10,7,11,11,8,1,10,17,12,16
1007,452,596587.5,3513694.5,2022,0,0,1,3,1,7,7,0,2,5,1,1,13,6,9,11,0,1
1010,501,596734.5,3513685.5,2022,0,0,1,3,1,7,7,0,2,5,1,1,13,6,9,11,0,1
994,526,596809.5,3513733.5,2022,0,0,1,0,6,7,2,7,10,0,5,1,13,6,10,11,0,16
1009,552,596887.5,3513688.5,2022,2,3,0,1,0,3,5,1,0,7,11,11,8,1,3,13,12,18
1007,587,596992.5,3513694.5,2022,2,3,0,1,0,3,5,1,0,7,11,11,8,1,10,17,12,16
1011,627,597112.5,3513682.5,2022,2,3,0,0,6,3,2,7,10,0,5,11,8,1,10,17,12,16
1015,648,597175.5,3513670.5,2022,2,3,0,0,6,3,2,7,10,0,5,3,12,1,10,17,12,16
1010,673,597250.5,3513685.5,2022,2,3,0,0,6,3,2,7,10,0,5,3,13,6,10,17,12,16
1004,697,597322.5,3513703.5,2022,0,0,1,0,6,3,2,7,10,0,5,1,13,6,10,17,12,16
1017,747,597472.5,3513664.5,2022,2,3,0,1,0,3,0,8,0,7,11,11,8,1,3,13,2,18
997,765,597526.5,3513724.5,2022,0,0,1,0,6,3,2,7,10,0,5,1,13,6,10,17,12,16
1010,781,597574.5,3513685.5,2022,2,3,0,1,0,3,0,8,0,7,11,11,8,1,3,13,2,18
1005,812,597667.5,3513700.5,2022,2,3,0,1,0,3,2,7,10,7,11,11,8,1,3,13,12,18
1006,857,597802.5,3513697.5,2022,0,0,1,0,6,3,2,7,10,0,5,3,13,8,10,17,12,16
993,893,597910.5,3513736.5,2022,0,0,1,0,6,3,2,7,10,0,5,3,12,8,10,17,12,16
1006,907,597952.5,3513697.5,2022,0,0,1,0,6,3,2,7,10,0,5,1,13,6,10,17,12,16
1006,934,598033.5,3513697.5,2022,0,0,1,0,6,7,2,7,10,0,5,3,12,8,2,0,11,17
993,987,598192.5,3513736.5,2022,0,0,1,0,6,3,2,7,10,0,5,1,13,6,10,17,12,16
1005,1019,598288.5,3513700.5,2022,0,0,1,0,6,7,2,0,10,0,5,1,13,6,10,11,0,1
1004,1032,598327.5,3513703.5,2022,0,0,1,0,6,7,7,7,3,0,5,3,12,8,2,0,11,17
1015,1070,598441.5,3513670.5,2022,2,3,0,1,0,3,0,8,10,7,11,11,8,1,3,13,2,18
1002,1108,598555.5,3513709.5,2022,2,3,0,0,6,3,2,7,10,7,11,3,12,13,13,17,7,0
1003,1127,598612.5,3513706.5,2022,2,3,0,0,6,3,2,7,10,0,11,3,12,1,10,17,12,16
1003,1165,598726.5,3513706.5,2022,2,3,0,1,0,3,2,7,10,7,11,11,8,1,3,13,7,18
997,1194,598813.5,3513724.5,2022,2,3,0,0,3,0,5,1,1,9,0,5,10,12,1,4,1,2
1009,1202,598837.5,3513688.5,2022,2,3,0,1,0,4,0,8,7,7,11,11,8,1,3,13,2,18
1001,1241,598954.5,3513712.5,2022,2,3,0,1,0,4,0,8,7,7,11,11,8,1,3,13,2,18
1001,1264,599023.5,3513712.5,2022,2,3,0,1,0,4,0,8,7,7,11,11,8,1,3,13,2,18
1014,1314,599173.5,3513673.5,2022,0,0,1,0,6,3,2,7,10,0,5,3,12,8,10,17,12,16
992,1341,599254.5,3513739.5,2022,0,0,1,0,6,3,2,7,10,0,5,3,12,8,2,0,11,17
1018,1353,599290.5,3513661.5,2022,2,0,1,0,6,3,2,7,10,0,5,3,12,13,13,10,11,0
1001,1384,599383.5,3513712.5,2022,0,0,1,0,6,7,7,7,3,0,5,3,12,8,2,0,11,17
1008,1429,599518.5,3513691.5,2022,2,3,0,0,6,3,2,7,10,0,5,3,12,13,13,17,7,16
1013,1457,599602.5,3513676.5,2022,0,0,1,0,6,7,2,7,10,0,5,3,12,8,2,0,11,17
1007,1490,599701.5,3513694.5,2022,0,0,1,0,6,7,7,0,3,4,9,8,9,8,2,0,11,17
1001,1513,599770.5,3513712.5,2022,0,0,1,0,6,7,2,7,10,0,5,3,12,8,2,0,11,17
1014,1553,599890.5,3513673.5,2022,0,0,1,0,6,3,2,7,10,0,5,3,12,13,13,17,11,17
991,1589,599998.5,3513742.5,2022,0,0,1,0,6,7,7,0,3,4,9,8,9,0,2,0,0,1
1008,1597,600022.5,3513691.5,2022,0,0,1,0,6,7,7,0,3,4,5,8,9,8,2,0,11,17
993,1645,600166.5,3513736.5,2022,0,0,1,3,1,7,7,0,3,4,9,8,9,0,6,8,15,12
998,1665,600226.5,3513721.5,2022,0,0,2,3,1,2,6,9,8,1,10,13,5,0,6,8,0,1
1019,1697,600322.5,3513658.5,2022,1,1,2,2,5,5,1,2,4,10,4,2,0,14,7,1,16,4
1008,1737,600442.5,3513691.5,2022,0,0,1,3,1,2,4,6,2,5,1,9,2,15,9,11,0,10
1007,1751,600484.5,3513694.5,2022,0,0,1,3,1,2,4,6,2,5,1,9,2,15,15,7,13,10
997,1778,600565.5,3513724.5,2022,0,0,1,3,1,2,4,0,2,5,1,9,2,0,6,11,0,1
1015,1817,600682.5,3513670.5,2022,0,0,1,3,6,7,7,0,3,4,9,8,9,0,6,8,15,12
1001,1837,600742.5,3513712.5,2022,0,0,1,3,1,7,7,0,2,5,9,8,9,0,6,8,0,12
1002,1863,600820.5,3513709.5,2022,0,0,1,3,1,7,7,0,3,4,9,8,9,0,6,8,15,12
1009,1916,600979.5,3513688.5,2022,0,0,1,3,1,7,7,0,3,4,9,8,9,0,6,8,15,12
1005,1940,601051.5,3513700.5,2022,0,0,1,3,1,2,6,9,8,1,10,13,5,0,6,8,15,12
997,1963,601120.5,3513724.5,2022,0,0,1,3,1,2,7,0,3,4,9,8,9,0,6,8,15,12
1011,2008,601255.5,3513682.5,2022,2,3,3,4,2,1,8,3,9,11,2,7,11,9,0,14,5,13
1012,2017,601282.5,3513679.5,2022,1,1,3,4,2,1,8,3,9,11,2,7,14,2,0,6,18,11
1008,2059,601408.5,3513691.5,2022,1,1,2,2,5,5,1,4,5,2,12,6,4,3,7,16,4,9
1005,2075,601456.5,3513700.5,2022,1,1,2,2,5,5,1,4,5,2,12,6,0,14,7,1,16,4
1015,2107,601552.5,3513670.5,2022,1,1,2,3,1,2,6,9,8,1,10,13,5,10,14,9,9,14
1000,2146,601669.5,3513715.5,2022,1,1,2,2,5,5,1,4,5,2,12,6,4,3,8,16,4,9
1004,2178,601765.5,3513703.5,2022,1,1,3,2,5,5,1,2,4,10,4,2,14,2,12,6,14,7
1006,2216,601879.5,3513697.5,2022,0,0,1,0,6,7,2,0,2,5,1,1,13,6,9,11,0,1
1008,2231,601924.5,3513691.5,2022,1,1,3,4,2,5,1,2,4,10,4,2,14,2,12,6,14,7
999,2274,602053.5,3513718.5,2022,1,1,2,2,5,5,1,2,4,10,4,2,0,14,7,1,16,4
994,2288,602095.5,3513733.5,2022,1,1,2,2,5,5,1,2,4,10,4,2,0,14,7,1,16,4
996,2337,602242.5,3513727.5,2022,1,1,2,2,5,5,1,2,4,10,4,2,0,14,7,1,16,4
1001,2360,602311.5,3513712.5,2022,1,1,2,2,5,5,1,4,5,2,12,6,4,3,7,1,16,4
1017,2376,602359.5,3513664.5,2022,1,1,3,4,2,1,8,3,9,11,2,2,14,2,12,6,18,11
1006,2428,602515.5,3513697.5,2022,1,1,3,2,2,5,1,2,4,10,4,2,14,2,12,6,14,11
1013,2435,602536.5,3513676.5,2022,1,1,2,2,5,5,1,2,4,10,4,2,0,14,7,1,16,4
1003,2465,602626.5,3513706.5,2022,1,1,3,4,2,5,1,2,4,10,4,2,14,2,12,6,14,7
1013,2492,602707.5,3513676.5,2022,1,1,2,2,5,5,1,2,4,10,4,2,0,14,7,1,16,4
1016,2545,602866.5,3513667.5,2022,1,1,2,2,5,5,1,2,4,10,4,2,0,14,7,1,16,4
999,2571,602944.5,3513718.5,2022,2,3,0,0,0,3,2,7,10,0,5,3,12,13,13,10,7,0
1003,2588,602995.5,3513706.5,2022,2,3,0,1,0,4,0,8,0,7,11,10,1,13,13,10,7,0
1012,2616,603079.5,3513679.5,2022,2,3,3,4,2,1,8,3,9,11,2,7,11,9,0,14,5,13
990,2669,603238.5,3513745.5,2022,2,3,3,4,2,1,8,3,9,11,2,7,11,9,0,14,5,13
1009,2697,603322.5,3513688.5,2022,2,3,0,1,0,4,0,8,7,8,8,0,7,11,16,12,7,5
1001,2715,603376.5,3513712.5,2022,2,3,3,4,2,1,8,3,9,11,2,7,11,9,0,14,5,13
1011,2753,603490.5,3513682.5,2022,1,1,3,4,2,1,8,2,4,10,4,2,14,2,12,6,14,7
1007,2788,603595.5,3513694.5,2022,1,1,3,4,2,1,8,2,4,10,4,2,14,2,12,6,14,7
1002,2814,603673.5,3513709.5,2022,2,3,3,4,2,1,8,3,9,11,2,7,11,9,0,14,5,13
1009,2849,603778.5,3513688.5,2022,2,3,3,4,2,1,8,3,9,11,2,7,11,9,0,14,5,13
1002,2855,603796.5,3513709.5,2022,2,3,3,4,2,1,8,3,9,11,2,7,11,9,0,14,5,13
1016,2884,603883.5,3513667.5,2022,2,1,3,4,2,1,8,2,4,10,4,2,14,2,12,6,14,7
995,2937,604042.5,3513730.5,2022,2,3,0,1,0,3,2,7,10,7,11,11,8,13,13,10,7,0
1006,2945,604066.5,3513697.5,2022,0,0,1,0,6,3,2,7,2,0,5,1,13,6,9,11,12,16
1017,2996,604219.5,3513664.5,2022,1,1,3,4,2,1,8,3,9,11,2,7,11,9,0,14,5,13
1007,3025,604306.5,3513694.5,2022,1,1,3,2,2,1,8,4,9,11,2,2,14,2,8,16,18,11
999,3030,604321.5,3513718.5,2022,1,1,3,4,2,1,8,3,9,11,2,7,11,9,0,14,5,13
999,3087,604492.5,3513718.5,2022,1,1,3,2,5,5,1,4,5,2,12,6,4,3,8,16,18,11
999,3114,604573.5,3513718.5,2022,1,1,3,4,2,1,8,3,9,11,2,7,14,2,12,6,18,11
1014,3143,604660.5,3513673.5,2022,1,1,2,2,5,5,1,2,4,10,4,2,0,14,7,1,16,4
1007,3163,604720.5,3513694.5,2022,1,1,2,2,5,5,1,4,5,2,12,6,4,3,7,1,16,4
1002,3198,604825.5,3513709.5,2022,1,1,3,4,3,0,4,6,1,9,0,9,2,15,15,7,13,10
994,3215,604876.5,3513733.5,2022,1,1,3,4,2,1,8,3,9,11,2,7,11,9,0,14,5,13
1010,3253,604990.5,3513685.5,2022,1,1,3,4,2,1,8,3,9,11,2,7,11,9,0,14,5,13
1018,3292,605107.5,3513661.5,2022,1,1,3,2,5,5,1,4,5,2,12,6,4,3,8,16,18,11
993,3307,605152.5,3513736.5,2022,1,1,2,2,5,5,1,4,5,2,12,6,4,3,8,16,4,9
1012,3330,605221.5,3513679.5,2022,1,1,2,2,5,5,1,4,5,2,12,6,4,3,8,16,4,9
1029,1,595234.5,3513628.5,2022,0,0,2,3,1,2,6,9,8,1,10,13,5,10,14,9,9,14
1034,40,595351.5,3513613.5,2022,1,1,2,2,5,5,1,2,4,10,4,2,0,14,7,1,16,4
1036,69,595438.5,3513607.5,2022,1,1,2,2,5,5,1,2,4,10,4,6,0,14,7,1,16,4
1042,114,595573.5,3513589.5,2022,0,1,2,3,1,2,6,9,8,1,10,13,5,10,14,9,9,14
1031,140,595651.5,3513622.5,2022,0,0,2,3,1,2,6,9,8,1,10,13,5,10,14,9,9,14
1020,159,595708.5,3513655.5,2022,0,0,1,3,1,2,6,9,8,1,10,8,5,0,6,8,15,12
1020,196,595819.5,3513655.5,2022,0,0,1,3,6,7,7,0,3,4,9,8,9,0,2,0,15,17
1039,211,595864.5,3513598.5,2022,0,0,1,3,1,7,7,0,2,5,1,1,9,0,9,11,0,1
1037,261,596014.5,3513604.5,2022,0,0,1,3,6,7,7,0,3,4,9,8,9,0,2,0,15,17
1026,280,596071.5,3513637.5,2022,0,0,1,3,6,7,7,0,3,4,9,8,9,8,2,0,15,17
1049,303,596140.5,3513568.5,2022,0,0,1,0,6,7,7,0,3,0,5,1,13,6,9,11,0,1
1020,355,596296.5,3513655.5,2022,0,0,1,3,6,7,7,0,3,4,9,8,9,0,2,0,15,17
1027,361,596314.5,3513634.5,2022,0,0,1,3,6,7,7,0,3,4,9,8,9,0,2,0,15,17
1047,402,596437.5,3513574.5,2022,0,0,1,0,6,3,2,7,10,0,5,1,13,6,10,17,12,16
1035,427,596512.5,3513610.5,2022,0,1,2,3,1,2,4,2,2,5,1,9,0,14,7,1,16,1
1039,463,596620.5,3513598.5,2022,0,0,1,0,6,7,4,0,2,5,1,1,13,6,9,11,0,6
1044,485,596686.5,3513583.5,2022,2,3,3,4,2,1,8,1,0,6,6,2,14,2,12,6,14,7
1022,525,596806.5,3513649.5,2022,0,0,1,0,3,3,2,7,2,5,6,1,13,6,9,11,12,1
1047,566,596929.5,3513574.5,2022,0,0,1,0,6,3,2,7,10,0,5,3,12,8,10,17,12,16
1026,594,597013.5,3513637.5,2022,2,3,0,0,6,3,2,7,10,0,5,11,8,1,10,17,12,16
1026,616,597079.5,3513637.5,2022,2,3,0,0,6,3,2,7,10,0,5,3,12,13,10,17,12,16
1031,651,597184.5,3513622.5,2022,0,0,1,0,6,3,2,7,10,0,5,3,12,8,10,17,11,16
1026,676,597259.5,3513637.5,2022,0,0,1,0,6,3,2,7,10,0,5,3,12,8,10,17,11,16
1029,708,597355.5,3513628.5,2022,2,3,0,0,6,3,2,7,10,0,5,3,12,13,10,17,12,16
1026,723,597400.5,3513637.5,2022,2,3,0,0,6,3,2,7,10,0,5,3,12,13,10,17,12,16
1037,756,597499.5,3513604.5,2022,2,3,0,0,6,3,2,7,10,0,5,1,13,6,10,17,12,16
1034,785,597586.5,3513613.5,2022,0,0,1,0,6,3,2,7,10,0,5,1,13,6,10,17,12,16
1026,812,597667.5,3513637.5,2022,2,3,0,1,0,3,2,7,0,7,11,11,8,1,10,17,12,16
1035,856,597799.5,3513610.5,2022,0,0,1,0,6,3,2,7,10,0,5,3,12,6,10,17,12,16
1035,897,597922.5,3513610.5,2022,2,0,1,0,6,3,2,7,10,0,5,3,12,13,10,17,12,16
1035,904,597943.5,3513610.5,2022,0,0,1,0,6,3,2,7,10,0,5,1,13,6,10,17,12,16
1038,935,598036.5,3513601.5,2022,0,0,1,0,6,3,2,7,10,0,5,1,13,6,10,17,12,16
1045,973,598150.5,3513580.5,2022,0,0,1,0,6,3,2,7,10,0,5,3,12,13,10,17,12,16
1021,1000,598231.5,3513652.5,2022,0,0,1,0,6,3,2,7,10,0,5,3,12,8,10,17,11,16
1036,1023,598300.5,3513607.5,2022,2,3,0,1,0,3,0,8,0,7,11,11,8,1,3,13,2,18
1038,1072,598447.5,3513601.5,2022,2,3,0,1,0,3,2,7,10,7,11,11,8,1,10,17,12,16
1046,1080,598471.5,3513577.5,2022,2,3,0,1,0,3,2,7,10,7,11,11,8,1,10,17,12,16
1035,1115,598576.5,3513610.5,2022,0,0,1,0,6,3,2,7,10,0,5,3,12,8,10,17,11,16
1030,1145,598666.5,3513625.5,2022,2,3,0,1,0,3,2,7,10,7,11,11,8,1,3,13,12,18
1038,1186,598789.5,3513601.5,2022,2,3,0,1,0,3,2,7,10,7,11,11,8,1,3,13,2,18
1033,1209,598858.5,3513616.5,2022,2,3,0,1,0,3,2,7,10,7,11,11,8,1,3,13,7,0
1027,1235,598936.5,3513634.5,2022,2,3,0,1,0,4,0,8,7,7,11,11,8,1,3,13,2,18
1040,1267,599032.5,3513595.5,2022,2,0,1,0,6,3,2,7,10,0,5,3,12,13,10,17,12,16
1030,1319,599188.5,3513625.5,2022,0,0,1,0,6,3,2,7,10,0,5,3,12,8,10,17,11,16
1033,1335,599236.5,3513616.5,2022,2,3,0,0,6,3,2,7,10,0,5,3,12,13,10,17,12,16
1046,1375,599356.5,3513577.5,2022,0,0,1,3,1,7,7,0,3,4,9,8,9,0,6,8,15,12
1046,1409,599458.5,3513577.5,2022,0,0,1,3,1,7,7,0,3,4,9,8,9,0,6,8,15,12
1037,1410,599461.5,3513604.5,2022,0,0,1,3,6,7,7,0,3,4,9,8,9,0,6,8,15,12
1024,1469,599638.5,3513643.5,2022,0,0,1,0,6,7,7,0,3,4,9,8,9,8,2,0,11,17
1025,1480,599671.5,3513640.5,2022,0,0,1,0,6,7,7,0,3,4,9,8,9,8,2,0,11,17
1033,1528,599815.5,3513616.5,2022,0,0,1,0,6,3,2,7,10,0,5,3,12,8,10,17,11,16
1049,1531,599824.5,3513568.5,2022,0,0,1,0,6,7,7,0,3,4,9,8,9,8,2,0,11,17
1034,1585,599986.5,3513613.5,2022,0,0,1,3,1,2,6,9,8,1,9,8,5,0,6,8,15,12
1020,1598,600025.5,3513655.5,2022,0,0,1,0,6,7,2,7,10,0,5,3,12,8,2,0,11,17
1039,1635,600136.5,3513598.5,2022,0,0,2,3,1,2,6,9,8,1,10,13,5,10,14,8,9,14
1043,1650,600181.5,3513586.5,2022,0,0,1,3,1,2,7,0,3,4,9,8,9,0,6,8,15,12
1040,1703,600340.5,3513595.5,2022,1,1,2,2,5,5,4,2,4,10,4,2,0,14,7,1,16,4
1046,1723,600400.5,3513577.5,2022,0,0,1,3,1,7,7,0,3,4,9,8,9,0,6,11,0,1
1047,1766,600529.5,3513574.5,2022,0,0,1,0,6,7,7,0,3,4,9,8,9,8,2,0,11,17
1046,1798,600625.5,3513577.5,2022,0,0,1,0,6,7,7,0,3,4,9,8,9,8,2,0,11,17
1030,1828,600715.5,3513625.5,2022,0,0,1,3,1,7,7,0,3,4,9,8,9,0,6,11,15,12
1038,1851,600784.5,3513601.5,2022,0,0,1,0,6,3,2,7,10,0,5,1,13,6,10,17,12,16
1045,1865,600826.5,3513580.5,2022,0,0,1,3,1,7,7,0,2,5,1,9,2,0,6,11,0,6
1030,1908,600955.5,3513625.5,2022,0,0,1,3,1,7,7,0,2,5,1,1,13,0,6,11,0,1
1041,1949,601078.5,3513592.5,2022,0,1,2,3,1,2,4,6,2,5,1,9,2,15,15,7,13,10
1031,1961,601114.5,3513622.5,2022,1,1,2,2,5,5,1,4,5,2,12,6,0,14,7,1,16,4
1025,2003,601240.5,3513640.5,2022,1,1,3,4,2,1,8,2,4,10,4,2,14,2,12,6,18,11
1030,2018,601285.5,3513625.5,2022,1,1,2,2,5,5,1,4,5,2,12,6,4,3,7,1,4,4
1040,2052,601387.5,3513595.5,2022,1,1,2,2,5,5,1,4,5,2,12,6,4,3,7,16,4,9
1029,2090,601501.5,3513628.5,2022,0,0,1,3,6,7,7,0,3,4,9,8,9,0,2,0,15,17
1030,2102,601537.5,3513625.5,2022,0,1,2,3,1,2,6,9,8,1,10,13,5,10,14,9,9,14
1040,2142,601657.5,3513595.5,2022,0,0,1,3,1,7,7,0,3,4,9,8,9,0,6,8,15,12
1046,2163,601720.5,3513577.5,2022,0,0,1,3,6,7,7,0,3,4,9,8,9,0,2,0,15,17
1028,2211,601864.5,3513631.5,2022,1,1,3,4,2,1,8,2,4,10,4,2,14,2,12,6,14,7
1020,2234,601933.5,3513655.5,2022,1,1,2,2,5,5,1,4,5,2,12,6,0,14,7,1,16,4
1049,2250,601981.5,3513568.5,2022,1,1,2,3,5,2,4,6,2,5,1,9,0,14,15,1,13,10
1035,2283,602080.5,3513610.5,2022,1,1,2,2,5,2,6,9,8,1,10,9,0,14,7,1,16,4
1026,2333,602230.5,3513637.5,2022,1,1,2,2,3,0,4,6,4,10,4,9,2,15,15,7,13,10
1045,2345,602266.5,3513580.5,2022,0,0,1,3,3,7,4,6,2,5,1,9,2,15,9,11,0,6
1043,2375,602356.5,3513586.5,2022,0,0,1,3,1,2,4,6,2,5,1,9,2,15,15,7,13,10
1046,2406,602449.5,3513577.5,2022,0,1,2,3,1,2,4,6,2,5,1,9,0,14,9,1,0,1
1022,2454,602593.5,3513649.5,2022,1,1,3,2,5,5,1,2,4,10,4,2,14,2,12,6,14,7
1037,2489,602698.5,3513604.5,2022,1,1,2,2,5,5,1,2,4,10,4,2,0,14,12,1,16,4
1021,2501,602734.5,3513652.5,2022,1,1,3,2,5,5,1,2,4,10,4,2,0,14,12,1,16,4
1028,2538,602845.5,3513631.5,2022,1,1,2,2,5,5,1,2,4,10,4,2,0,14,7,1,16,4
1048,2567,602932.5,3513571.5,2022,1,1,3,2,2,5,1,2,4,10,4,2,14,2,12,6,14,7
1029,2595,603016.5,3513628.5,2022,2,3,3,4,2,1,8,3,9,11,2,7,11,9,0,14,5,13
1037,2628,603115.5,3513604.5,2022,2,3,0,1,0,4,0,8,7,8,8,0,7,11,16,12,6,5
1039,2649,603178.5,3513598.5,2022,2,3,0,1,0,4,0,8,7,8,8,0,7,11,16,3,8,8
1024,2675,603256.5,3513643.5,2022,2,3,0,1,0,4,0,8,7,8,8,0,7,11,16,12,6,5
1029,2703,603340.5,3513628.5,2022,2,3,3,4,2,1,8,3,9,11,2,7,11,9,0,14,5,13
1042,2748,603475.5,3513589.5,2022,1,1,3,4,2,1,8,3,9,11,2,7,11,9,0,14,5,13
1023,2761,603514.5,3513646.5,2022,2,3,3,4,2,1,8,3,9,11,2,7,11,9,0,14,5,13
1026,2807,603652.5,3513637.5,2022,1,1,3,4,2,1,8,3,9,11,2,2,14,2,12,6,14,11
1048,2846,603769.5,3513571.5,2022,1,1,3,2,5,5,1,2,4,10,4,2,14,2,12,6,18,11
1044,2863,603820.5,3513583.5,2022,0,0,1,0,6,7,2,7,10,0,5,3,12,8,2,0,11,17
1033,2887,603892.5,3513616.5,2022,0,0,1,0,6,3,2,7,10,0,5,3,12,13,10,17,12,16
1035,2932,604027.5,3513610.5,2022,1,1,3,4,2,1,8,3,9,11,2,7,11,9,0,14,5,13
1045,2964,604123.5,3513580.5,2022,1,1,3,4,2,1,8,2,4,10,4,2,14,2,12,6,14,7
1021,2975,604156.5,3513652.5,2022,1,1,3,4,2,1,8,3,9,11,2,2,14,2,12,6,14,11
1038,3005,604246.5,3513601.5,2022,1,1,2,2,5,5,1,4,5,2,12,6,4,3,8,16,18,9
1023,3031,604324.5,3513646.5,2022,1,1,3,4,2,1,8,3,9,11,2,7,14,2,0,6,18,11
1043,3062,604417.5,3513586.5,2022,1,2,4,5,4,6,3,5,6,3,3,4,3,4,4,5,17,3
1042,3104,604543.5,3513589.5,2022,1,1,3,2,5,5,1,2,4,10,4,2,14,2,12,6,18,11
1027,3144,604663.5,3513634.5,2022,1,1,2,2,5,5,1,2,4,10,4,2,0,14,7,1,16,4
1023,3178,604765.5,3513646.5,2022,1,1,3,2,5,5,1,2,4,10,4,2,14,2,12,6,18,11
1047,3199,604828.5,3513574.5,2022,1,1,2,2,5,5,1,4,5,2,12,6,4,3,7,16,4,9
1049,3227,604912.5,3513568.5,2022,1,1,2,2,5,5,1,4,5,2,12,6,4,3,8,16,4,9
1031,3268,605035.5,3513622.5,2022,1,1,2,2,5,5,1,4,5,2,12,6,4,3,8,16,4,9
1021,3297,605122.5,3513652.5,2022,1,1,3,2,2,5,1,4,5,2,12,2,14,2,8,16,18,11
1031,3324,605203.5,3513622.5,2022,1,1,3,4,2,1,8,3,9,11,2,7,11,9,0,14,5,13
1023,3333,605230.5,3513646.5,2022,1,1,3,4,2,1,8,3,9,11,2,7,11,9,0,14,5,13
1073,29,595318.5,3513496.5,2022,0,0,1,0,6,7,7,0,3,4,9,8,9,8,2,0,0,1
1057,56,595399.5,3513544.5,2022,1,1,3,2,5,5,1,2,4,10,4,2,0,14,12,6,14,7
1077,75,595456.5,3513484.5,2022,1,1,2,2,5,5,1,4,5,2,12,6,0,14,7,1,16,4
1057,95,595516.5,3513544.5,2022,0,1,2,3,1,2,6,9,8,1,10,13,5,10,14,9,9,14
1057,134,595633.5,3513544.5,2022,0,0,1,3,1,2,6,9,8,1,10,13,5,0,6,8,15,12
1070,177,595762.5,3513505.5,2022,0,0,1,0,6,3,2,7,10,0,5,3,12,8,10,17,12,16
1070,183,595780.5,3513505.5,2022,0,0,1,0,6,3,2,7,10,0,5,3,12,6,10,17,12,16
1065,222,595897.5,3513520.5,2022,0,0,1,0,6,3,2,7,10,0,5,3,12,8,10,17,11,16
1075,241,595954.5,3513490.5,2022,0,0,1,3,6,7,7,0,3,4,9,8,9,0,6,8,15,1
1053,270,596041.5,3513556.5,2022,0,0,1,3,6,7,7,0,3,4,9,1,13,6,9,11,0,1
1075,300,596131.5,3513490.5,2022,0,0,1,0,6,3,2,7,10,0,5,3,13,6,10,17,12,16
1070,337,596242.5,3513505.5,2022,0,0,1,0,6,7,2,7,10,0,5,1,13,8,10,17,11,16
1063,374,596353.5,3513526.5,2022,0,0,1,3,6,7,7,0,2,4,9,1,9,0,9,11,0,1
1058,416,596479.5,3513541.5,2022,2,3,1,0,6,3,2,7,10,0,5,1,13,6,10,17,12,16
1075,443,596560.5,3513490.5,2022,2,3,0,1,0,3,2,7,10,7,11,11,8,1,10,17,12,16
1077,459,596608.5,3513484.5,2022,1,1,3,4,2,1,8,2,4,10,4,2,14,2,12,6,14,7
1062,495,596716.5,3513529.5,2022,2,3,0,4,0,1,5,1,0,7,11,11,8,1,3,13,2,18
1055,530,596821.5,3513550.5,2022,2,3,0,0,0,3,2,7,10,7,11,11,8,1,10,17,12,16
1055,544,596863.5,3513550.5,2022,2,0,1,0,6,3,2,7,10,0,5,3,12,8,10,17,12,16
1050,594,597013.5,3513565.5,2022,0,0,1,0,6,7,2,7,10,0,5,1,13,6,10,17,11,16
1069,610,597061.5,3513508.5,2022,0,0,1,0,3,0,4,6,2,5,1,1,13,6,9,11,0,1
1053,653,597190.5,3513556.5,2022,0,0,1,0,6,7,2,7,10,0,5,3,12,8,2,0,11,17
1072,661,597214.5,3513499.5,2022,0,0,1,0,6,3,2,7,10,0,5,1,13,6,10,17,12,16
1061,708,597355.5,3513532.5,2022,0,0,1,0,6,3,2,7,10,0,5,3,12,8,10,17,12,16
1059,735,597436.5,3513538.5,2022,2,0,1,0,6,3,2,7,10,0,5,3,12,8,10,17,12,16
1072,752,597487.5,3513499.5,2022,2,3,0,1,0,3,2,7,10,7,11,11,8,1,3,13,12,16
1059,804,597643.5,3513538.5,2022,2,0,1,0,6,3,2,7,10,0,5,3,12,6,10,17,12,16
1063,811,597664.5,3513526.5,2022,2,3,1,0,6,3,2,7,10,0,5,1,13,6,10,17,12,16
1062,843,597760.5,3513529.5,2022,2,3,0,0,6,3,2,7,10,0,5,1,13,6,10,17,12,16
1051,888,597895.5,3513562.5,2022,0,0,1,0,6,3,2,7,10,0,5,1,13,6,10,17,12,16
1072,929,598018.5,3513499.5,2022,0,0,1,0,3,0,4,6,2,5,1,1,13,6,9,11,10,6
1068,935,598036.5,3513511.5,2022,2,3,0,1,0,3,2,1,0,7,11,11,8,1,10,17,12,16
1064,978,598165.5,3513523.5,2022,0,0,1,0,6,3,2,7,10,0,5,1,13,6,10,17,12,16
1057,1000,598231.5,3513544.5,2022,0,0,1,0,6,3,2,7,10,0,5,3,12,8,10,17,12,16
1069,1036,598339.5,3513508.5,2022,2,3,0,0,6,3,2,7,10,0,5,3,12,13,10,17,12,16
1075,1065,598426.5,3513490.5,2022,2,3,0,0,6,3,2,7,10,0,5,3,12,13,13,17,12,16
1079,1087,598492.5,3513478.5,2022,0,0,1,0,6,3,2,7,10,0,5,3,12,8,10,17,12,16
1058,1113,598570.5,3513541.5,2022,2,3,0,0,0,3,2,7,10,7,11,11,12,13,13,17,12,16
1055,1162,598717.5,3513550.5,2022,2,3,0,1,0,3,2,7,10,7,11,11,8,1,3,13,7,0
1073,1172,598747.5,3513496.5,2022,0,0,1,0,3,7,4,0,2,5,1,1,13,6,9,11,0,1
1061,1225,598906.5,3513532.5,2022,0,0,1,0,6,7,7,0,3,4,9,1,9,8,2,0,11,17
1066,1237,598942.5,3513517.5,2022,2,3,0,0,6,3,2,7,10,0,5,11,8,1,10,17,12,16
1056,1277,599062.5,3513547.5,2022,0,0,1,0,6,7,2,7,10,0,5,3,12,8,2,0,11,17
1054,1305,599146.5,3513553.5,2022,0,0,1,0,6,7,7,0,2,4,9,1,13,6,9,11,0,1
1071,1332,599227.5,3513502.5,2022,0,0,1,0,6,7,7,0,3,4,9,8,9,8,2,0,11,17
1052,1357,599302.5,3513559.5,2022,0,0,1,3,1,7,7,0,3,4,9,8,9,0,6,8,15,12
1054,1406,599449.5,3513553.5,2022,0,0,1,0,6,7,7,0,3,4,9,8,9,8,2,0,11,17
1059,1411,599464.5,3513538.5,2022,0,0,1,0,6,7,7,0,3,4,9,8,9,8,2,0,11,17
1070,1445,599566.5,3513505.5,2022,0,0,1,0,6,7,2,7,10,0,5,3,12,8,2,0,11,17
1063,1486,599689.5,3513526.5,2022,2,3,0,0,6,3,2,7,10,7,11,3,12,13,13,10,7,0
1062,1507,599752.5,3513529.5,2022,0,0,1,0,6,3,2,7,10,0,5,3,12,8,10,17,11,16
1052,1554,599893.5,3513559.5,2022,0,0,1,3,1,2,6,9,8,1,10,13,5,0,6,8,15,12
1058,1568,599935.5,3513541.5,2022,0,0,1,3,1,7,7,0,3,4,9,8,9,0,6,8,15,12
1074,1617,600082.5,3513493.5,2022,0,0,1,3,1,2,7,0,3,4,9,8,9,0,6,8,15,12
1056,1643,600160.5,3513547.5,2022,1,1,2,2,5,2,6,9,8,1,10,13,0,14,7,1,16,4
1061,1673,600250.5,3513532.5,2022,1,1,2,2,5,5,1,2,4,10,4,2,0,14,7,1,16,4
1052,1683,600280.5,3513559.5,2022,1,1,2,2,5,5,1,2,4,10,4,6,0,14,7,1,16,4
1076,1731,600424.5,3513487.5,2022,0,0,1,3,1,7,7,0,3,4,9,8,9,0,6,8,0,1
1061,1740,600451.5,3513532.5,2022,0,0,1,0,6,7,7,0,2,5,1,8,9,0,9,11,0,6
1066,1796,600619.5,3513517.5,2022,0,0,1,3,1,7,7,0,3,4,9,8,9,0,6,8,15,12
1056,1822,600697.5,3513547.5,2022,0,0,1,3,1,7,7,0,3,4,9,8,9,0,6,8,15,12
1062,1849,600778.5,3513529.5,2022,1,1,3,2,5,5,1,2,4,10,4,2,0,14,12,6,16,4
1050,1870,600841.5,3513565.5,2022,0,0,1,3,3,0,4,6,2,5,1,1,2,6,9,11,0,1
1053,1904,600943.5,3513556.5,2022,0,0,1,3,1,7,7,0,2,5,1,8,9,0,6,11,0,1
1069,1935,601036.5,3513508.5,2022,0,0,1,3,1,0,4,6,2,5,1,9,2,15,9,11,0,1
1053,1957,601102.5,3513556.5,2022,0,0,1,3,1,7,7,0,3,4,9,8,9,0,6,8,15,12
1064,2007,601252.5,3513523.5,2022,1,1,2,2,5,5,1,4,5,2,12,6,4,3,7,16,4,9
1058,2021,601294.5,3513541.5,2022,1,1,2,2,5,5,1,4,5,2,12,6,4,3,7,16,4,9
1063,2060,601411.5,3513526.5,2022,0,0,1,3,1,7,7,0,2,5,1,1,13,0,9,11,0,1
1075,2092,601507.5,3513490.5,2022,0,0,2,3,1,2,6,9,8,1,10,13,5,0,6,8,0,1
1052,2114,601573.5,3513559.5,2022,0,0,2,3,1,2,6,9,8,1,10,13,0,14,6,1,0,1
1073,2146,601669.5,3513496.5,2022,0,0,1,0,6,7,7,0,3,0,5,3,12,8,2,0,11,17
1067,2184,601783.5,3513514.5,2022,1,1,2,2,5,5,1,2,4,10,4,6,0,14,7,1,16,4
1073,2195,601816.5,3513496.5,2022,0,0,1,0,6,7,2,7,10,0,5,3,12,8,2,0,11,17
1069,2230,601921.5,3513508.5,2022,1,1,2,2,5,5,1,2,4,10,4,2,0,14,7,1,16,4
1054,2254,601993.5,3513553.5,2022,0,0,1,3,1,0,4,6,2,5,1,9,2,15,9,11,0,1
1062,2297,602122.5,3513529.5,2022,0,0,1,3,1,2,4,6,2,5,1,9,2,15,9,11,0,10
1064,2331,602224.5,3513523.5,2022,1,1,2,2,5,5,1,2,4,10,4,2,0,14,7,1,16,4
1069,2359,602308.5,3513508.5,2022,1,1,2,2,5,5,1,2,4,10,4,2,0,14,7,1,16,4
1076,2382,602377.5,3513487.5,2022,1,1,2,2,5,5,1,2,4,10,4,2,0,14,7,1,16,4
1062,2406,602449.5,3513529.5,2022,1,1,2,2,5,5,1,2,4,10,4,2,0,14,7,1,16,4
1055,2436,602539.5,3513550.5,2022,1,1,3,2,5,5,1,2,4,10,4,2,14,2,12,6,14,7
1075,2477,602662.5,3513490.5,2022,1,1,2,2,5,5,1,2,4,10,4,2,0,14,7,1,16,4
1060,2509,602758.5,3513535.5,2022,1,1,3,2,2,5,1,2,4,10,4,2,14,2,12,6,14,11
1052,2522,602797.5,3513559.5,2022,1,1,3,2,5,5,1,2,4,10,4,2,0,14,12,6,14,7
1056,2566,602929.5,3513547.5,2022,1,1,3,4,5,5,4,2,4,10,4,2,14,2,12,6,14,7
1050,2588,602995.5,3513565.5,2022,2,3,3,4,2,1,8,3,9,11,2,7,11,9,0,14,5,13
1065,2616,603079.5,3513520.5,2022,2,3,0,1,0,4,0,8,7,8,8,0,7,11,16,12,6,5
1068,2669,603238.5,3513511.5,2022,1,1,3,4,2,1,8,3,9,11,2,7,11,9,0,14,5,13
1053,2672,603247.5,3513556.5,2022,2,3,3,4,2,1,8,3,9,11,2,7,11,9,0,14,5,13
1065,2708,603355.5,3513520.5,2022,2,3,3,4,2,1,8,3,9,11,2,7,11,9,0,14,5,13
1065,2742,603457.5,3513520.5,2022,1,1,3,2,2,5,1,2,4,10,4,2,14,2,12,6,18,11
1054,2783,603580.5,3513553.5,2022,1,1,3,2,2,5,1,2,4,10,4,2,14,2,12,6,18,11
1061,2811,603664.5,3513532.5,2022,2,3,0,1,0,4,0,8,7,8,8,0,7,11,16,12,8,5
1057,2840,603751.5,3513544.5,2022,0,0,1,0,6,3,2,7,10,0,5,3,12,13,13,10,10,6
1063,2857,603802.5,3513526.5,2022,2,3,0,0,6,3,2,7,10,0,5,3,12,13,13,17,12,16
1058,2884,603883.5,3513541.5,2022,1,1,3,4,2,1,8,2,4,10,4,2,14,2,12,6,14,7
1050,2913,603970.5,3513565.5,2022,1,1,3,4,2,1,8,2,4,10,4,2,14,2,12,6,14,7
1079,2967,604132.5,3513478.5,2022,1,1,3,2,2,5,1,4,5,2,12,2,14,2,8,16,18,11
1066,2993,604210.5,3513517.5,2022,1,1,3,4,2,1,8,3,9,11,2,2,14,2,12,6,18,11
1076,3018,604285.5,3513487.5,2022,1,1,3,4,2,1,8,3,9,11,2,7,11,9,0,14,5,11
1067,3051,604384.5,3513514.5,2022,1,2,4,5,4,6,3,5,6,3,7,4,6,7,11,5,3,3
1060,3064,604423.5,3513535.5,2022,1,1,3,2,5,5,1,2,4,10,4,2,14,2,12,6,18,11
1073,3113,604570.5,3513496.5,2022,1,1,2,2,5,5,1,4,5,2,12,6,4,3,8,16,4,9
1062,3120,604591.5,3513529.5,2022,1,1,2,2,5,5,1,2,4,10,4,2,0,14,7,1,16,4
1070,3172,604747.5,3513505.5,2022,1,1,2,2,5,5,1,4,5,2,12,6,4,3,8,16,4,9
1058,3207,604852.5,3513541.5,2022,1,1,2,2,5,5,1,4,5,2,12,6,4,3,7,1,18,4
1071,3218,604885.5,3513502.5,2022,1,1,3,2,2,5,1,4,5,2,12,2,14,2,8,16,18,11
1076,3241,604954.5,3513487.5,2022,1,1,2,2,5,5,1,4,5,2,12,6,4,3,8,16,4,9
1057,3276,605059.5,3513544.5,2022,1,1,2,2,5,5,1,4,5,2,12,6,4,3,8,16,4,9
1075,3314,605173.5,3513490.5,2022,1,1,2,2,5,5,1,4,5,2,12,6,4,3,8,16,4,9
1058,3331,605224.5,3513541.5,2022,1,1,2,2,5,5,1,4,5,2,12,6,4,3,8,16,18,9
1095,19,595288.5,3513430.5,2022,0,0,1,3,3,0,4,6,2,5,1,9,2,15,9,11,0,6
1109,32,595327.5,3513388.5,2022,0,0,1,3,3,0,4,6,2,5,1,9,2,15,9,11,0,6
1084,88,595495.5,3513463.5,2022,0,0,2,3,1,2,6,9,8,1,10,13,5,10,14,9,9,14
1108,116,595579.5,3513391.5,2022,0,0,1,0,6,7,7,0,2,5,1,1,2,6,9,11,0,6
1099,123,595600.5,3513418.5,2022,0,0,1,3,1,7,7,0,2,4,9,8,9,0,6,8,15,12
1094,160,595711.5,3513433.5,2022,0,0,1,3,1,7,7,0,3,4,9,8,9,0,6,8,15,12
1092,182,595777.5,3513439.5,2022,0,0,1,3,1,7,7,0,2,5,1,9,2,0,6,11,0,1
1097,220,595891.5,3513424.5,2022,0,0,1,0,6,7,7,0,3,4,9,8,9,8,2,0,11,17
1107,249,595978.5,3513394.5,2022,0,0,1,0,6,7,7,0,3,4,9,8,9,8,2,11,0,1
1093,298,596125.5,3513436.5,2022,0,0,1,0,6,3,2,7,10,0,5,1,13,6,10,17,12,16
1099,301,596134.5,3513418.5,2022,2,0,1,0,6,3,2,7,10,0,5,1,13,6,10,17,12,16
1096,349,596278.5,3513427.5,2022,0,0,1,0,6,3,2,7,10,0,5,1,13,6,10,17,12,16
1084,369,596338.5,3513463.5,2022,2,3,3,4,2,1,5,1,0,6,6,10,1,5,5,15,14,7
1102,412,596467.5,3513409.5,2022,2,3,0,1,3,3,5,1,0,6,6,10,1,5,5,15,12,19
1099,424,596503.5,3513418.5,2022,2,3,0,1,0,3,2,7,10,7,11,11,8,1,3,13,2,18
1087,473,596650.5,3513454.5,2022,0,0,1,0,6,3,2,7,2,5,1,1,13,6,9,11,0,6
1097,493,596710.5,3513424.5,2022,0,0,1,0,6,7,7,0,3,4,5,1,13,6,2,11,0,1
1098,522,596797.5,3513421.5,2022,2,3,0,0,0,3,5,1,0,6,6,11,13,6,10,17,12,16
1094,568,596935.5,3513433.5,2022,0,0,1,0,3,3,2,7,0,6,6,1,13,6,10,17,12,16
1081,588,596995.5,3513472.5,2022,0,0,1,0,6,7,7,0,3,4,9,8,9,8,2,0,11,17
1102,602,597037.5,3513409.5,2022,2,3,0,1,0,3,5,1,0,7,11,11,8,1,3,13,12,18
1089,648,597175.5,3513448.5,2022,0,0,1,0,6,3,2,7,10,0,5,1,13,8,10,17,12,16
1098,668,597235.5,3513421.5,2022,2,0,1,0,6,3,2,7,10,0,5,1,13,6,10,17,12,16
1103,711,597364.5,3513406.5,2022,0,0,1,0,3,0,4,6,2,5,1,1,13,6,9,11,10,6
1105,720,597391.5,3513400.5,2022,2,3,0,0,0,3,2,7,10,7,11,11,8,1,10,17,12,16
1094,763,597520.5,3513433.5,2022,2,3,1,0,6,3,2,7,10,0,5,1,13,6,10,17,12,16
1105,791,597604.5,3513400.5,2022,2,0,1,0,6,3,2,7,10,0,5,1,13,6,10,17,12,16
1085,838,597745.5,3513460.5,2022,0,0,1,0,6,3,2,7,10,0,5,1,13,6,10,17,12,16
1103,866,597829.5,3513406.5,2022,2,3,0,0,3,3,5,1,0,6,6,1,13,6,10,17,12,16
1102,884,597883.5,3513409.5,2022,2,3,0,0,3,3,5,1,0,6,6,1,13,6,10,15,12,16
1102,917,597982.5,3513409.5,2022,0,0,1,0,6,3,2,7,10,0,5,3,12,6,10,17,12,16
1099,953,598090.5,3513418.5,2022,2,3,0,1,0,4,0,8,7,7,11,11,8,1,3,13,2,18
1101,978,598165.5,3513412.5,2022,2,3,0,1,0,4,0,8,7,7,11,11,8,1,3,13,2,18
1103,995,598216.5,3513406.5,2022,0,0,1,0,6,3,2,7,10,0,5,3,12,8,10,17,11,16
1103,1032,598327.5,3513406.5,2022,0,0,1,0,6,7,2,7,10,0,5,1,13,8,10,17,11,16
1107,1057,598402.5,3513394.5,2022,0,0,1,0,6,7,7,0,3,0,5,8,9,8,2,0,11,17
1094,1100,598531.5,3513433.5,2022,0,0,1,0,6,3,2,7,10,0,5,3,12,8,10,17,11,16
1082,1110,598561.5,3513469.5,2022,0,0,1,0,3,3,2,7,2,5,1,1,13,6,9,11,0,1
1090,1167,598732.5,3513445.5,2022,0,0,1,0,6,3,2,7,10,0,5,1,13,6,10,17,12,16
1096,1196,598819.5,3513427.5,2022,0,0,1,0,6,3,2,7,10,0,5,1,13,6,10,17,12,16
1086,1216,598879.5,3513457.5,2022,0,0,1,0,6,3,2,7,10,0,5,3,12,13,10,17,12,16
1096,1236,598939.5,3513427.5,2022,2,3,0,0,6,3,2,7,10,0,5,3,12,1,10,17,12,16
1090,1264,599023.5,3513445.5,2022,2,3,0,0,6,3,2,7,10,0,5,3,12,13,10,17,12,16
1088,1294,599113.5,3513451.5,2022,0,0,1,0,6,7,2,7,10,0,5,3,12,8,2,0,11,17
1091,1323,599200.5,3513442.5,2022,0,0,1,0,6,7,2,7,10,0,5,1,13,8,2,0,11,17
1107,1362,599317.5,3513394.5,2022,0,0,1,0,6,7,2,7,10,0,5,3,12,8,2,0,11,17
1084,1393,599410.5,3513463.5,2022,0,0,1,0,6,7,7,0,3,0,5,1,9,8,2,0,11,17
1099,1433,599530.5,3513418.5,2022,2,0,1,0,6,3,2,7,10,0,5,3,12,13,10,17,12,16
1080,1468,599635.5,3513475.5,2022,2,3,0,0,6,3,2,7,10,0,5,3,12,13,10,17,12,16
1098,1499,599728.5,3513421.5,2022,0,0,1,3,1,2,6,9,8,1,10,8,5,0,6,8,15,12
1086,1503,599740.5,3513457.5,2022,0,0,1,3,1,7,7,0,3,4,9,8,9,0,6,8,15,12
1096,1534,599833.5,3513427.5,2022,0,0,1,0,6,7,7,0,3,4,9,8,9,8,2,0,11,17
1087,1583,599980.5,3513454.5,2022,0,0,1,3,1,2,6,9,8,1,9,8,5,0,6,8,15,12
1080,1605,600046.5,3513475.5,2022,1,1,2,2,5,2,6,9,8,1,10,13,0,14,7,1,16,4
1097,1632,600127.5,3513424.5,2022,1,1,2,2,5,5,1,2,5,2,4,6,0,14,7,1,16,4
1080,1659,600208.5,3513475.5,2022,1,1,2,2,5,5,1,2,4,10,4,2,0,14,7,1,16,4
1107,1703,600340.5,3513394.5,2022,0,0,1,3,1,7,7,0,3,4,9,8,9,0,6,8,15,12
1083,1733,600430.5,3513466.5,2022,0,0,1,0,6,7,7,0,3,4,9,8,9,8,2,0,11,17
1083,1758,600505.5,3513466.5,2022,0,0,1,0,6,7,7,0,3,4,9,8,9,8,2,0,11,17
1095,1793,600610.5,3513430.5,2022,1,1,2,2,5,5,1,2,4,10,4,2,0,14,7,1,16,4
1094,1819,600688.5,3513433.5,2022,0,0,1,3,1,7,4,0,2,5,1,9,2,6,9,11,0,6
1082,1839,600748.5,3513469.5,2022,2,3,1,0,3,3,2,1,0,6,6,1,13,6,10,15,12,16
1088,1860,600811.5,3513451.5,2022,0,0,1,3,1,7,4,6,2,5,1,9,2,15,9,11,0,1
1080,1913,600970.5,3513475.5,2022,0,1,2,3,1,0,4,6,2,5,1,9,2,15,9,11,0,1
1085,1946,601069.5,3513460.5,2022,1,1,2,2,5,5,1,2,4,10,4,2,0,14,7,1,16,4
1107,1956,601099.5,3513394.5,2022,1,1,2,2,5,5,1,4,5,2,12,6,0,14,7,1,16,4
1083,1996,601219.5,3513466.5,2022,1,1,2,2,5,5,1,4,5,2,12,6,4,3,7,16,4,9
1108,2029,601318.5,3513391.5,2022,1,1,2,2,5,5,1,2,4,10,4,2,0,14,12,1,16,7
1083,2047,601372.5,3513466.5,2022,0,0,1,3,1,2,4,0,2,5,1,9,2,0,9,11,0,1
1094,2093,601510.5,3513433.5,2022,0,0,1,3,1,7,7,0,3,4,9,8,9,0,6,8,15,12
1086,2127,601612.5,3513457.5,2022,1,1,2,2,5,5,1,2,4,10,4,2,0,14,7,1,16,4
1089,2130,601621.5,3513448.5,2022,1,1,2,2,5,5,1,2,4,10,4,6,0,14,7,1,16,4
1087,2181,601774.5,3513454.5,2022,1,1,3,2,5,5,1,2,4,10,4,2,0,14,12,6,16,4
1100,2214,601873.5,3513415.5,2022,0,0,1,3,1,7,4,0,2,5,1,1,13,6,9,11,0,1
1094,2230,601921.5,3513433.5,2022,0,0,1,0,6,7,7,0,2,5,1,1,13,6,9,11,0,6
1097,2265,602026.5,3513424.5,2022,0,1,2,2,5,2,4,2,4,10,4,2,0,14,7,1,16,4
1080,2291,602104.5,3513475.5,2022,0,0,1,0,6,7,2,7,10,0,5,3,12,8,2,0,11,17
1105,2310,602161.5,3513400.5,2022,1,1,2,2,5,5,1,2,4,10,4,6,0,14,7,1,16,4
1097,2357,602302.5,3513424.5,2022,1,1,2,2,5,5,1,2,4,10,4,6,0,14,7,1,16,4
1097,2372,602347.5,3513424.5,2022,1,1,2,2,5,5,1,4,5,2,12,6,0,14,7,1,16,4
1087,2407,602452.5,3513454.5,2022,1,1,2,2,5,5,1,4,5,2,12,6,0,14,7,1,16,4
1094,2447,602572.5,3513433.5,2022,1,1,2,2,5,5,1,2,4,10,4,2,0,14,7,1,16,4
1091,2460,602611.5,3513442.5,2022,1,1,2,2,5,5,1,2,4,10,4,2,0,14,7,1,16,4
1089,2515,602776.5,3513448.5,2022,1,1,2,2,5,5,1,2,4,10,4,2,0,14,7,1,16,4
1109,2525,602806.5,3513388.5,2022,1,1,3,2,5,5,1,2,4,10,4,2,0,14,12,6,16,4
1085,2573,602950.5,3513460.5,2022,1,1,3,4,5,5,4,2,4,10,4,2,14,2,12,6,14,7
1089,2592,603007.5,3513448.5,2022,1,1,3,4,2,1,8,3,9,11,2,7,14,2,12,6,14,11
1096,2639,603148.5,3513427.5,2022,2,3,3,4,2,1,8,3,9,11,2,7,11,9,0,14,5,13
1099,2646,603169.5,3513418.5,2022,1,1,3,4,2,1,8,2,4,10,2,2,14,2,12,6,18,11
1090,2674,603253.5,3513445.5,2022,1,1,3,2,5,5,1,2,4,10,4,2,14,2,12,6,18,11
1103,2717,603382.5,3513406.5,2022,1,1,2,3,5,2,4,6,2,5,1,9,2,15,15,7,13,10
1082,2749,603478.5,3513469.5,2022,1,1,3,4,2,1,8,3,9,11,2,7,10,12,1,4,1,2
1086,2764,603523.5,3513457.5,2022,1,1,3,4,2,5,1,2,4,10,4,2,14,2,12,6,18,11
1090,2819,603688.5,3513445.5,2022,2,0,1,0,6,3,2,7,10,0,5,3,12,13,13,10,7,0
1089,2841,603754.5,3513448.5,2022,2,3,0,0,0,3,2,7,10,0,5,3,12,13,13,10,7,0
1083,2863,603820.5,3513466.5,2022,2,3,1,0,3,3,5,1,0,6,6,1,13,6,9,15,10,6
1081,2883,603880.5,3513472.5,2022,1,1,3,4,2,1,8,2,4,10,4,2,14,2,12,6,14,7
1105,2922,603997.5,3513400.5,2022,0,0,1,0,3,0,4,6,2,5,1,9,2,15,9,11,10,6
1091,2951,604084.5,3513442.5,2022,1,1,2,2,5,5,1,4,5,2,12,6,4,3,8,16,4,9
1089,2970,604141.5,3513448.5,2022,1,1,3,2,5,5,1,4,4,10,4,2,14,2,8,6,18,11
1098,3021,604294.5,3513421.5,2022,1,2,4,5,4,6,3,5,6,3,7,12,6,7,11,2,3,15
1080,3048,604375.5,3513475.5,2022,1,2,4,5,4,6,3,5,6,3,3,4,3,4,4,5,17,3
1106,3076,604459.5,3513397.5,2022,1,1,3,4,2,1,8,3,9,11,2,7,14,2,0,14,18,11
1101,3106,604549.5,3513412.5,2022,1,1,3,2,2,5,1,2,4,10,4,2,14,2,12,6,18,11
1091,3141,604654.5,3513442.5,2022,1,1,3,2,5,5,1,4,5,2,12,6,4,3,8,16,18,11
1093,3151,604684.5,3513436.5,2022,1,1,3,2,5,5,1,4,5,2,12,2,14,2,8,16,18,11
1098,3188,604795.5,3513421.5,2022,1,1,2,2,5,5,1,4,5,2,12,6,4,3,8,16,16,4
1102,3230,604921.5,3513409.5,2022,1,1,2,2,5,5,1,2,4,10,4,6,0,14,7,1,16,4
1093,3250,604981.5,3513436.5,2022,1,1,2,2,5,5,1,4,5,2,12,6,4,3,8,16,4,9
1084,3289,605098.5,3513463.5,2022,1,1,2,2,5,5,1,4,5,2,12,6,4,3,8,16,4,9
1084,3316,605179.5,3513463.5,2022,1,1,2,2,5,5,1,4,5,2,12,6,4,3,8,16,4,9
1096,3331,605224.5,3513427.5,2022,1,1,2,2,5,5,1,4,5,2,12,6,4,3,8,16,18,9
1110,4,595243.5,3513385.5,2022,0,0,1,3,1,2,7,0,3,4,9,8,9,0,6,8,15,12
1116,43,595360.5,3513367.5,2022,2,3,1,0,3,3,5,1,0,6,6,1,13,6,9,15,10,19
1129,61,595414.5,3513328.5,2022,0,0,1,3,1,2,7,0,2,5,1,9,2,0,6,8,15,12
1139,112,595567.5,3513298.5,2022,0,0,1,3,1,7,7,0,2,5,1,8,9,0,9,11,0,1
1135,134,595633.5,3513310.5,2022,0,0,1,3,1,7,7,0,2,5,1,9,2,0,6,11,0,1
1122,164,595723.5,3513349.5,2022,0,0,1,3,1,2,7,0,3,4,9,8,9,0,6,8,15,12
1113,189,595798.5,3513376.5,2022,0,0,1,3,1,7,7,0,3,4,9,8,9,0,6,8,15,12
1126,213,595870.5,3513337.5,2022,0,0,1,0,6,7,2,7,10,0,5,1,13,8,2,0,11,17
1126,244,595963.5,3513337.5,2022,0,0,1,0,6,7,7,0,2,5,1,1,13,6,9,11,0,1
1111,292,596107.5,3513382.5,2022,1,1,3,4,3,0,8,2,4,10,4,2,14,2,12,6,14,7
1122,319,596188.5,3513349.5,2022,0,0,1,0,3,0,4,6,2,5,1,1,2,6,9,11,10,6
1134,358,596305.5,3513313.5,2022,2,3,0,0,6,3,2,7,10,6,6,10,13,13,10,17,12,16
1134,377,596362.5,3513313.5,2022,0,0,1,0,6,3,2,7,10,0,5,3,12,6,10,17,12,16
1130,397,596422.5,3513325.5,2022,0,0,1,0,6,3,2,7,2,0,5,1,13,6,9,11,10,6
1126,435,596536.5,3513337.5,2022,2,3,0,0,6,3,2,7,10,0,5,3,12,1,10,17,12,16
1138,454,596593.5,3513301.5,2022,0,0,1,0,6,7,2,7,10,0,5,1,13,6,10,17,0,16
1127,490,596701.5,3513334.5,2022,2,3,0,0,6,3,2,7,10,0,5,11,13,1,10,17,12,16
1133,522,596797.5,3513316.5,2022,2,3,0,0,6,3,2,7,10,0,5,11,8,1,10,17,12,16
1124,545,596866.5,3513343.5,2022,2,3,1,0,6,3,2,7,10,0,5,1,13,6,10,17,12,16
1128,584,596983.5,3513331.5,2022,0,0,1,0,6,3,2,7,10,0,5,1,13,6,10,17,12,16
1136,626,597109.5,3513307.5,2022,0,0,1,0,6,3,2,7,10,0,5,1,13,6,10,17,12,16
1122,640,597151.5,3513349.5,2022,2,3,0,0,6,3,2,7,0,6,6,1,13,6,10,17,12,16
1127,677,597262.5,3513334.5,2022,2,3,0,1,0,3,5,1,0,6,6,11,8,5,10,15,12,19
1124,696,597319.5,3513343.5,2022,2,3,0,0,6,3,2,7,10,0,5,11,8,1,10,17,12,16
1133,748,597475.5,3513316.5,2022,2,0,1,0,6,3,2,7,10,0,5,3,12,6,10,17,12,16
1129,768,597535.5,3513328.5,2022,2,3,0,1,0,4,0,8,7,7,11,11,8,1,3,13,2,18
1130,806,597649.5,3513325.5,2022,2,3,1,0,6,3,2,7,10,0,5,1,13,6,10,17,12,16
1115,828,597715.5,3513370.5,2022,2,0,1,0,6,3,2,7,10,0,5,3,13,6,10,17,12,16
1118,854,597793.5,3513361.5,2022,2,3,0,0,6,3,2,7,10,0,5,1,13,6,10,17,12,16
1112,874,597853.5,3513379.5,2022,2,3,0,1,0,3,5,1,0,6,6,11,8,1,10,17,12,16
1123,915,597976.5,3513346.5,2022,2,3,0,1,0,3,0,1,0,7,11,11,8,1,3,13,2,18
1121,932,598027.5,3513352.5,2022,2,3,0,1,0,4,0,8,7,7,11,11,8,1,3,13,2,18
1120,967,598132.5,3513355.5,2022,2,3,0,0,6,3,2,7,0,6,6,10,1,6,10,17,12,16
1126,1007,598252.5,3513337.5,2022,0,0,1,0,6,3,2,7,10,0,5,1,13,6,10,17,12,16
1113,1034,598333.5,3513376.5,2022,0,0,1,0,6,3,2,7,10,0,5,1,13,6,10,17,12,16
1126,1074,598453.5,3513337.5,2022,0,0,1,0,6,3,2,7,10,0,5,3,12,8,10,17,11,16
1129,1100,598531.5,3513328.5,2022,2,3,0,1,0,4,0,8,0,7,11,11,8,1,3,13,2,18
1137,1135,598636.5,3513304.5,2022,2,3,1,0,6,3,2,7,10,0,5,1,13,6,10,17,12,16
1131,1166,598729.5,3513322.5,2022,0,0,1,0,6,3,2,7,10,0,5,3,12,8,10,17,12,16
1113,1194,598813.5,3513376.5,2022,2,0,1,0,6,3,2,7,10,0,5,3,12,8,10,17,12,16
1136,1228,598915.5,3513307.5,2022,2,3,0,1,0,3,2,7,10,7,11,11,8,1,3,13,2,18
1112,1235,598936.5,3513379.5,2022,2,3,0,0,6,3,2,7,10,0,5,11,8,1,10,17,12,16
1121,1283,599080.5,3513352.5,2022,0,0,1,0,6,7,2,7,10,0,5,1,13,8,10,17,11,16
1125,1315,599176.5,3513340.5,2022,2,3,1,0,6,3,2,7,10,0,5,3,12,8,10,17,12,16
1138,1332,599227.5,3513301.5,2022,2,3,0,1,0,4,0,8,7,7,11,11,8,1,3,13,2,18
1120,1354,599293.5,3513355.5,2022,2,3,0,1,0,4,0,8,7,7,11,11,8,1,3,13,2,18
1136,1392,599407.5,3513307.5,2022,0,0,1,0,6,3,2,7,10,0,5,3,12,13,10,17,10,6
1123,1434,599533.5,3513346.5,2022,0,0,1,3,1,7,7,0,3,4,9,8,9,0,6,8,0,1
1131,1447,599572.5,3513322.5,2022,0,0,1,0,6,7,7,0,3,4,9,8,9,8,2,0,11,17
1125,1473,599650.5,3513340.5,2022,0,0,1,3,1,7,7,0,3,4,9,8,9,0,6,8,15,12
1134,1500,599731.5,3513313.5,2022,0,0,1,3,1,7,7,0,3,4,9,8,9,0,6,8,15,12
1138,1557,599902.5,3513301.5,2022,0,0,1,3,1,2,6,9,8,1,10,13,5,0,6,8,15,12
1116,1568,599935.5,3513367.5,2022,0,0,1,3,1,7,7,0,3,4,9,8,9,0,6,8,15,12
1111,1616,600079.5,3513382.5,2022,0,0,1,3,1,7,7,0,3,4,9,8,9,0,6,8,15,12
1124,1629,600118.5,3513343.5,2022,0,1,2,3,1,2,6,9,8,1,10,13,5,10,14,9,9,14
1129,1652,600187.5,3513328.5,2022,1,1,2,2,5,5,1,2,4,10,4,2,0,14,7,1,16,4
1132,1683,600280.5,3513319.5,2022,1,1,2,3,1,2,6,9,8,1,10,9,0,14,7,1,13,10
1118,1710,600361.5,3513361.5,2022,0,0,1,3,1,7,7,0,3,4,9,8,9,0,6,8,15,12
1126,1756,600499.5,3513337.5,2022,1,1,2,2,5,5,1,4,5,2,12,6,0,14,7,1,16,4
1110,1785,600586.5,3513385.5,2022,1,1,2,2,5,5,1,4,5,2,12,6,0,14,7,1,16,4
1120,1828,600715.5,3513355.5,2022,0,0,2,3,1,2,4,6,2,5,1,9,2,15,15,7,13,10
1125,1837,600742.5,3513340.5,2022,0,0,1,3,1,7,7,0,2,5,1,8,2,0,6,8,15,12
1137,1874,600853.5,3513304.5,2022,1,1,2,2,5,5,1,4,5,2,12,6,0,14,7,1,16,4
1129,1914,600973.5,3513328.5,2022,1,1,2,2,5,5,1,2,4,10,4,2,0,14,7,1,16,4
1121,1949,601078.5,3513352.5,2022,1,1,2,2,5,5,1,4,5,2,12,6,4,3,7,16,16,4
1111,1953,601090.5,3513382.5,2022,1,1,2,2,5,5,1,4,5,2,12,6,4,3,7,1,16,4
1139,1992,601207.5,3513298.5,2022,1,1,2,2,5,5,1,4,5,2,12,6,4,3,8,16,16,4
1128,2029,601318.5,3513331.5,2022,1,1,2,2,5,5,1,2,4,10,4,6,0,14,7,1,16,4
1126,2041,601354.5,3513337.5,2022,1,1,2,2,5,5,1,2,4,10,4,2,0,14,7,1,16,4
1133,2078,601465.5,3513316.5,2022,1,1,2,2,5,5,1,2,4,10,4,2,0,14,7,1,16,4
1123,2110,601561.5,3513346.5,2022,1,1,2,2,5,5,1,4,5,2,12,6,0,14,7,1,16,4
1132,2156,601699.5,3513319.5,2022,0,0,2,3,1,2,6,9,8,1,10,13,5,10,6,8,9,14
1123,2162,601717.5,3513346.5,2022,0,0,2,3,1,2,6,9,8,1,10,9,2,0,6,8,13,12
1119,2205,601846.5,3513358.5,2022,0,0,1,3,1,7,7,0,3,4,9,8,9,0,6,8,15,12
1135,2244,601963.5,3513310.5,2022,0,1,2,3,1,2,6,2,4,10,4,2,0,14,7,1,16,4
1123,2258,602005.5,3513346.5,2022,1,1,2,2,5,5,1,2,4,10,4,2,0,14,7,1,16,4
1132,2293,602110.5,3513319.5,2022,0,1,2,3,1,2,6,9,8,1,10,13,0,14,7,1,16,4
1131,2332,602227.5,3513322.5,2022,1,1,2,2,5,5,1,2,4,10,4,2,0,14,7,1,16,4
1131,2360,602311.5,3513322.5,2022,1,1,2,2,5,5,1,2,4,10,4,6,0,14,7,1,16,4
1116,2372,602347.5,3513367.5,2022,1,1,2,2,5,5,1,4,5,2,12,6,4,3,7,1,16,4
1110,2406,602449.5,3513385.5,2022,1,1,2,2,5,5,1,2,4,10,4,6,0,14,7,1,16,4
1120,2441,602554.5,3513355.5,2022,1,1,2,2,5,5,1,2,4,10,4,2,0,14,7,1,16,4
1136,2480,602671.5,3513307.5,2022,1,1,2,2,5,5,1,2,4,10,4,2,0,14,7,1,16,4
1133,2508,602755.5,3513316.5,2022,1,1,2,2,5,5,1,2,4,10,4,6,0,14,7,1,16,4
1138,2533,602830.5,3513301.5,2022,1,1,2,2,5,5,1,2,4,10,4,2,0,14,7,1,16,4
1128,2574,602953.5,3513331.5,2022,1,1,2,2,5,5,1,2,4,10,4,2,0,14,7,1,16,4
1113,2585,602986.5,3513376.5,2022,1,1,3,4,2,1,8,2,4,10,4,2,14,2,12,6,14,7
1138,2639,603148.5,3513301.5,2022,2,1,3,4,3,0,5,1,0,6,6,10,14,2,12,15,14,7
1132,2666,603229.5,3513319.5,2022,1,1,2,2,5,5,6,4,5,2,12,6,4,3,14,16,4,9
1112,2696,603319.5,3513379.5,2022,0,0,1,3,3,0,4,6,2,5,1,9,2,15,15,7,13,10
1125,2716,603379.5,3513340.5,2022,0,0,1,0,6,7,4,0,2,5,1,1,13,6,9,11,0,6
1122,2744,603463.5,3513349.5,2022,1,1,2,2,5,5,4,2,4,10,4,2,0,14,7,1,16,4
1125,2763,603520.5,3513340.5,2022,1,1,3,4,2,1,8,2,4,10,4,2,14,2,12,6,14,7
1124,2808,603655.5,3513343.5,2022,1,1,2,2,5,5,1,2,4,10,4,2,0,14,12,1,16,4
1130,2838,603745.5,3513325.5,2022,2,1,3,4,2,1,8,2,4,10,4,2,14,2,12,6,14,7
1126,2865,603826.5,3513337.5,2022,1,1,3,4,2,1,8,3,9,11,2,7,11,9,0,14,5,13
1123,2907,603952.5,3513346.5,2022,1,1,3,2,5,5,1,2,4,10,4,2,14,2,12,6,18,11
1112,2934,604033.5,3513379.5,2022,2,3,0,0,6,3,2,7,0,6,6,10,1,13,10,15,12,16
1126,2957,604102.5,3513337.5,2022,2,3,1,0,6,3,2,7,10,0,5,3,12,13,13,10,10,16
1115,2986,604189.5,3513370.5,2022,1,1,3,4,3,0,4,6,1,9,0,5,10,12,1,4,14,7
1114,3018,604285.5,3513373.5,2022,1,2,4,5,4,6,3,5,6,3,3,4,3,4,4,5,17,3
1131,3033,604330.5,3513322.5,2022,1,2,4,5,4,6,3,5,6,3,7,12,6,7,11,2,3,15
1117,3076,604459.5,3513364.5,2022,1,1,3,4,2,1,8,3,9,11,2,7,14,2,0,14,18,11
1133,3108,604555.5,3513316.5,2022,1,1,3,4,2,1,8,3,9,11,2,7,14,2,0,14,5,13
1110,3143,604660.5,3513385.5,2022,1,1,2,2,5,5,1,4,5,2,12,6,4,3,8,16,4,9
1112,3175,604756.5,3513379.5,2022,1,1,2,2,5,5,4,2,4,5,1,9,0,14,7,1,16,4
1138,3198,604825.5,3513301.5,2022,0,0,3,4,3,0,4,1,2,6,6,1,13,6,9,15,14,7
1123,3238,604945.5,3513346.5,2022,1,1,2,2,5,5,1,4,5,2,12,6,0,14,7,1,16,4
1125,3240,604951.5,3513340.5,2022,1,1,2,2,5,5,1,4,5,2,12,6,4,3,7,1,16,4
1131,3299,605128.5,3513322.5,2022,1,1,3,4,2,1,8,2,4,10,2,2,14,2,12,6,14,11
1137,3319,605188.5,3513304.5,2022,1,1,2,2,5,5,1,4,5,2,12,6,4,3,7,1,16,4
1110,3330,605221.5,3513385.5,2022,1,1,2,2,5,5,1,2,4,10,4,2,0,14,7,1,16,4
1140,27,595312.5,3513295.5,2022,0,0,1,3,1,2,6,9,8,1,9,8,2,0,6,8,15,12
1151,54,595393.5,3513262.5,2022,0,0,1,3,1,7,4,0,2,5,1,1,13,6,9,11,0,1
1157,80,595471.5,3513244.5,2022,0,0,1,0,6,7,7,0,3,0,5,1,13,6,10,11,0,1
1162,96,595519.5,3513229.5,2022,0,0,1,0,6,7,7,0,2,5,1,1,2,6,9,11,0,6
1166,133,595630.5,3513217.5,2022,0,0,1,0,6,7,7,0,2,0,5,1,13,6,9,11,0,1
1142,173,595750.5,3513289.5,2022,0,0,1,0,6,7,7,0,3,4,9,8,9,8,2,0,11,17
1150,186,595789.5,3513265.5,2022,0,0,1,0,6,7,7,0,3,4,9,1,9,8,2,0,11,17
1141,214,595873.5,3513292.5,2022,0,0,1,0,6,7,7,0,3,0,5,1,13,6,10,11,0,1
1162,247,595972.5,3513229.5,2022,2,3,0,1,3,3,5,1,0,6,6,10,1,5,5,15,6,19
1156,283,596080.5,3513247.5,2022,2,3,0,0,3,3,2,1,0,6,6,10,1,13,10,15,10,19
1152,303,596140.5,3513259.5,2022,0,0,1,3,3,7,4,6,2,5,1,1,2,6,9,11,0,6
1155,337,596242.5,3513250.5,2022,2,3,0,0,3,3,5,1,0,6,6,10,1,5,5,15,12,19
1142,365,596326.5,3513289.5,2022,2,3,0,0,6,3,2,7,10,0,5,10,12,13,10,17,12,16
1140,418,596485.5,3513295.5,2022,0,0,1,0,6,7,2,7,10,0,5,1,13,8,10,17,11,16
1142,442,596557.5,3513289.5,2022,0,0,1,0,6,7,2,7,10,0,5,1,13,8,10,17,11,16
1144,470,596641.5,3513283.5,2022,2,0,1,0,6,3,2,7,10,0,5,3,12,8,10,17,12,16
1160,484,596683.5,3513235.5,2022,0,0,1,0,6,3,2,7,10,0,5,1,13,6,10,17,12,16
1163,524,596803.5,3513226.5,2022,2,3,0,1,0,3,2,7,10,7,11,11,8,1,3,13,2,18
1143,568,596935.5,3513286.5,2022,0,0,1,0,6,7,7,0,3,0,5,1,13,8,2,0,11,17
1159,598,597025.5,3513238.5,2022,0,0,1,0,6,3,2,7,10,0,5,1,13,6,10,17,12,16
1162,600,597031.5,3513229.5,2022,2,3,1,0,6,3,2,7,10,0,5,1,13,6,10,17,12,16
1145,637,597142.5,3513280.5,2022,2,3,0,0,6,3,2,7,10,0,5,11,13,6,10,17,12,16
1167,667,597232.5,3513214.5,2022,2,3,0,0,3,3,5,1,0,6,6,1,13,6,10,15,12,19
1161,699,597328.5,3513232.5,2022,0,0,1,0,3,3,2,7,10,0,5,1,13,6,10,17,12,16
1166,738,597445.5,3513217.5,2022,2,3,0,4,3,3,5,1,0,6,6,10,1,5,5,15,12,19
1166,757,597502.5,3513217.5,2022,2,3,0,1,3,3,5,1,0,6,6,10,1,5,5,15,12,19
1166,799,597628.5,3513217.5,2022,2,3,0,4,3,3,5,1,0,6,6,10,1,5,5,15,6,19
1144,818,597685.5,3513283.5,2022,0,0,1,0,6,3,2,7,10,0,5,1,13,6,10,17,12,16
1143,841,597754.5,3513286.5,2022,2,0,1,0,6,3,2,7,10,0,5,1,13,6,10,17,12,16
1169,883,597880.5,3513208.5,2022,2,3,0,0,3,3,2,1,0,6,6,1,13,6,10,17,12,16
1161,909,597958.5,3513232.5,2022,2,3,0,0,6,3,2,7,10,0,5,3,12,1,10,17,12,16
1143,949,598078.5,3513286.5,2022,0,0,1,0,6,3,2,7,10,0,5,1,13,6,10,17,12,16
1143,979,598168.5,3513286.5,2022,2,3,0,0,6,3,2,7,10,0,5,3,12,6,10,17,12,16
1152,999,598228.5,3513259.5,2022,2,3,0,4,3,0,5,1,0,6,6,10,1,5,1,4,1,2
1165,1041,598354.5,3513220.5,2022,2,3,0,1,0,3,2,7,10,7,11,11,8,13,10,17,12,16
1167,1073,598450.5,3513214.5,2022,0,0,1,0,3,0,4,1,2,6,6,1,13,6,9,11,12,6
1154,1104,598543.5,3513253.5,2022,0,0,1,0,6,3,2,7,10,0,5,3,13,6,10,17,12,16
1155,1136,598639.5,3513250.5,2022,0,0,1,0,6,7,2,7,10,0,5,3,13,8,2,0,11,17
1168,1168,598735.5,3513211.5,2022,2,3,0,0,6,3,2,7,10,0,5,3,12,1,10,17,12,16
1151,1176,598759.5,3513262.5,2022,2,3,0,0,6,3,2,7,10,0,5,3,12,13,10,17,12,16
1160,1214,598873.5,3513235.5,2022,2,3,0,0,6,3,2,7,10,0,5,3,12,13,10,17,12,16
1148,1237,598942.5,3513271.5,2022,2,3,0,1,0,3,2,7,10,7,11,11,8,1,3,13,7,18
1165,1288,599095.5,3513220.5,2022,2,3,0,0,6,3,2,7,10,0,5,3,12,13,10,17,12,16
1151,1295,599116.5,3513262.5,2022,2,3,0,1,0,3,2,7,10,7,11,11,8,1,13,10,7,0
1159,1327,599212.5,3513238.5,2022,2,3,0,0,6,3,2,7,10,0,5,3,12,13,10,17,12,16
1140,1356,599299.5,3513295.5,2022,2,3,0,0,6,3,2,7,10,0,5,3,12,13,10,17,12,16
1165,1390,599401.5,3513220.5,2022,0,0,1,0,6,7,7,0,3,4,9,8,9,8,2,0,11,17
1144,1422,599497.5,3513283.5,2022,0,0,1,3,1,7,7,0,3,4,9,8,9,0,6,8,15,12
1154,1452,599587.5,3513253.5,2022,0,0,1,0,6,7,2,7,10,0,5,3,12,8,2,17,11,17
1156,1487,599692.5,3513247.5,2022,0,0,1,0,6,7,7,0,3,4,9,8,9,8,2,0,11,17
1147,1526,599809.5,3513274.5,2022,0,0,1,0,6,7,2,7,10,0,5,3,12,8,2,0,11,17
1161,1548,599875.5,3513232.5,2022,0,0,1,3,1,7,7,0,3,4,9,8,9,0,6,8,15,12
1169,1582,599977.5,3513208.5,2022,0,0,1,0,6,7,7,0,2,5,1,1,13,6,9,11,0,1
1146,1613,600070.5,3513277.5,2022,0,1,2,3,1,2,6,9,8,1,10,13,5,10,14,9,9,14
1154,1630,600121.5,3513253.5,2022,0,0,1,3,1,2,7,0,2,5,1,8,9,0,6,8,0,1
1150,1650,600181.5,3513265.5,2022,1,1,2,2,5,5,1,2,4,10,4,2,0,14,12,1,16,4
1145,1709,600358.5,3513280.5,2022,1,1,2,2,5,5,1,4,5,2,12,6,0,14,7,1,16,4
1142,1714,600373.5,3513289.5,2022,1,1,2,2,5,5,1,4,5,2,12,6,0,14,7,1,16,4
1166,1761,600514.5,3513217.5,2022,0,0,1,3,1,7,7,0,3,4,9,8,9,0,6,8,15,12
1164,1781,600574.5,3513223.5,2022,0,0,1,3,1,7,4,6,2,5,1,9,2,15,9,11,0,6
1166,1825,600706.5,3513217.5,2022,0,0,1,3,1,7,4,6,2,5,1,9,2,15,15,11,13,6
1167,1857,600802.5,3513214.5,2022,0,0,1,3,1,2,7,0,2,5,1,9,2,0,6,8,0,12
1160,1882,600877.5,3513235.5,2022,1,1,2,2,5,5,1,2,4,10,4,2,0,14,7,1,16,4
1169,1914,600973.5,3513208.5,2022,1,1,2,2,5,5,1,4,5,2,12,6,4,3,8,16,4,9
1154,1924,601003.5,3513253.5,2022,1,1,2,2,5,5,1,4,5,2,12,6,4,3,8,16,4,9
1145,1964,601123.5,3513280.5,2022,1,1,2,2,5,5,1,4,5,2,12,6,4,3,8,16,4,9
1161,2000,601231.5,3513232.5,2022,1,1,2,2,5,5,1,4,5,2,12,6,4,3,8,16,4,9
1140,2025,601306.5,3513295.5,2022,1,1,2,2,5,5,1,4,5,2,12,6,4,3,8,16,4,9
1169,2051,601384.5,3513208.5,2022,1,1,2,2,5,5,1,4,5,2,12,6,0,14,7,1,16,4
1163,2081,601474.5,3513226.5,2022,0,1,2,3,1,2,6,9,8,1,10,13,5,10,14,9,9,14
1148,2112,601567.5,3513271.5,2022,0,0,1,3,1,2,7,0,2,5,1,9,2,0,6,8,15,12
1168,2149,601678.5,3513211.5,2022,1,1,2,2,5,5,1,9,5,1,10,6,0,14,7,1,16,4
1152,2169,601738.5,3513259.5,2022,1,1,2,3,1,2,6,9,8,1,10,13,5,10,14,9,9,14
1147,2208,601855.5,3513274.5,2022,0,0,1,0,6,7,7,0,3,4,9,8,9,8,2,0,11,17
1156,2238,601945.5,3513247.5,2022,1,1,2,2,5,5,1,2,4,10,4,2,0,14,7,1,16,4
1140,2259,602008.5,3513295.5,2022,1,1,2,2,5,5,1,2,4,10,4,2,0,14,7,1,16,4
1160,2283,602080.5,3513235.5,2022,1,1,2,2,5,5,1,2,4,10,4,2,0,14,7,1,16,4
1164,2329,602218.5,3513223.5,2022,1,1,2,2,5,5,1,4,5,2,12,6,0,14,7,1,16,4
1154,2344,602263.5,3513253.5,2022,1,1,2,2,5,5,1,2,5,10,4,6,0,14,7,1,16,4
1163,2371,602344.5,3513226.5,2022,1,1,2,2,5,5,1,4,5,2,12,6,0,14,7,1,16,4
1153,2401,602434.5,3513256.5,2022,1,1,2,2,5,5,1,2,4,10,4,2,0,14,7,1,16,4
1147,2437,602542.5,3513274.5,2022,1,1,2,2,5,5,1,2,4,10,4,2,0,14,7,1,16,4
1164,2481,602674.5,3513223.5,2022,1,1,2,2,5,5,1,2,4,10,4,2,0,14,7,1,16,4
1167,2490,602701.5,3513214.5,2022,1,1,3,4,2,1,8,2,4,10,4,2,14,2,12,6,14,7
1156,2538,602845.5,3513247.5,2022,1,1,2,2,5,5,1,4,5,2,12,6,0,14,7,1,16,4
1155,2565,602926.5,3513250.5,2022,1,1,2,2,5,0,4,2,4,10,4,2,0,14,12,1,16,7
1144,2604,603043.5,3513283.5,2022,2,3,3,4,2,1,8,3,9,11,2,7,11,9,0,14,5,13
1146,2624,603103.5,3513277.5,2022,2,3,3,4,2,1,8,3,9,11,2,7,11,9,0,14,5,13
1147,2659,603208.5,3513274.5,2022,1,1,2,2,5,5,1,2,4,10,4,2,0,14,7,1,16,4
1158,2674,603253.5,3513241.5,2022,0,0,1,3,3,0,4,6,2,5,1,1,13,6,9,11,0,1
1145,2705,603346.5,3513280.5,2022,1,1,3,2,5,5,1,2,4,10,4,2,14,2,12,6,14,7
1145,2755,603496.5,3513280.5,2022,2,3,0,0,6,3,2,7,10,0,5,3,12,13,13,10,7,0
1160,2768,603535.5,3513235.5,2022,0,0,1,0,6,7,2,7,10,0,5,1,13,8,2,17,11,17
1151,2795,603616.5,3513262.5,2022,2,3,3,4,2,1,8,3,9,11,2,7,11,9,0,14,5,13
1156,2820,603691.5,3513247.5,2022,2,3,1,0,3,3,5,1,0,6,6,1,13,6,9,15,10,19
1167,2871,603844.5,3513214.5,2022,1,1,3,4,2,1,8,3,9,11,2,7,14,2,12,6,14,11
1149,2880,603871.5,3513268.5,2022,2,3,3,4,2,1,8,3,9,11,2,7,11,9,0,14,5,13
1145,2922,603997.5,3513280.5,2022,1,1,3,4,2,1,8,3,9,11,2,7,14,2,12,6,14,7
1167,2945,604066.5,3513214.5,2022,0,0,1,0,6,3,2,7,10,0,5,1,13,6,9,11,10,6
1145,2992,604207.5,3513280.5,2022,1,1,3,4,2,1,8,3,9,11,2,7,11,9,0,14,5,13
1154,3004,604243.5,3513253.5,2022,1,1,3,4,2,1,8,3,9,11,2,7,11,9,0,14,5,13
1142,3057,604402.5,3513289.5,2022,2,3,0,1,0,4,0,8,7,8,8,0,7,11,16,3,8,5
1157,3085,604486.5,3513244.5,2022,1,1,2,2,5,5,1,4,5,2,12,6,0,14,7,1,16,4
1141,3104,604543.5,3513292.5,2022,1,1,3,4,2,1,8,3,9,11,2,7,14,2,12,6,14,11
1161,3132,604627.5,3513232.5,2022,2,3,1,0,3,3,5,1,0,6,6,1,13,6,9,15,10,6
1161,3165,604726.5,3513232.5,2022,1,1,2,2,5,5,1,2,4,10,4,2,0,14,7,1,16,4
1153,3208,604855.5,3513256.5,2022,1,1,3,4,2,5,8,2,4,10,4,2,14,2,12,6,14,7
1165,3230,604921.5,3513220.5,2022,1,1,3,2,2,5,1,2,4,10,4,2,14,2,12,6,14,7
1164,3259,605008.5,3513223.5,2022,1,1,3,2,5,5,1,2,4,10,4,2,14,2,12,6,14,7
1148,3281,605074.5,3513271.5,2022,1,1,2,2,5,5,1,2,4,10,4,2,0,14,7,1,16,4
1151,3312,605167.5,3513262.5,2022,1,1,2,2,5,5,1,4,5,2,12,6,4,3,8,16,4,9
1154,3332,605227.5,3513253.5,2022,1,1,2,2,5,5,1,4,5,2,12,6,4,3,7,16,16,4
1199,11,595264.5,3513118.5,2022,2,3,3,4,3,0,4,1,2,6,6,1,13,6,9,15,14,7
1194,39,595348.5,3513133.5,2022,0,0,1,0,3,0,4,6,2,5,1,1,13,6,9,11,10,6
1193,79,595468.5,3513136.5,2022,0,0,1,0,6,7,2,7,3,0,5,3,12,8,2,0,11,17
1192,111,595564.5,3513139.5,2022,0,0,1,3,1,0,4,6,2,5,1,9,2,15,15,7,13,10
1186,126,595609.5,3513157.5,2022,0,0,1,3,1,0,4,6,2,5,1,9,2,15,9,11,0,10
1197,164,595723.5,3513124.5,2022,0,0,1,0,3,0,4,7,2,5,1,1,13,6,9,11,10,6
1180,191,595804.5,3513175.5,2022,2,3,1,0,6,3,2,7,10,0,5,3,12,13,10,17,12,16
1197,222,595897.5,3513124.5,2022,2,3,0,0,6,3,2,7,10,0,5,1,13,6,10,17,12,16
1175,246,595969.5,3513190.5,2022,2,3,0,1,0,3,0,8,7,7,11,11,8,1,3,13,2,18
1187,270,596041.5,3513154.5,2022,0,0,1,0,6,3,2,7,10,0,5,1,13,6,10,17,10,6
1173,320,596191.5,3513196.5,2022,0,0,1,3,1,7,4,0,2,5,1,9,2,0,9,11,0,6
1193,345,596266.5,3513136.5,2022,0,0,1,0,6,3,2,7,2,0,5,1,13,6,9,11,10,6
1184,369,596338.5,3513163.5,2022,0,0,1,0,3,3,2,7,0,6,6,1,13,6,9,15,10,6
1191,416,596479.5,3513142.5,2022,0,0,1,0,6,3,2,7,10,0,5,1,13,6,10,17,12,16
1189,428,596515.5,3513148.5,2022,0,0,1,0,6,3,2,7,10,0,5,1,13,6,10,17,12,16
1176,463,596620.5,3513187.5,2022,2,3,0,0,6,3,2,7,10,0,5,3,12,13,10,17,12,16
1176,481,596674.5,3513187.5,2022,2,3,1,0,6,3,2,7,10,0,5,3,12,8,10,17,12,16
1183,539,596848.5,3513166.5,2022,2,3,1,0,6,3,2,7,10,0,5,10,13,13,10,15,10,6
1178,552,596887.5,3513181.5,2022,0,0,1,0,6,3,2,7,2,0,5,1,13,6,9,11,10,6
1172,592,597007.5,3513199.5,2022,0,0,1,0,3,7,4,0,2,5,1,1,13,6,9,11,0,1
1197,621,597094.5,3513124.5,2022,2,3,0,0,0,3,2,7,0,6,6,11,13,1,10,17,12,16
1198,655,597196.5,3513121.5,2022,2,3,0,1,0,4,0,8,7,7,11,11,8,1,3,13,2,18
1181,669,597238.5,3513172.5,2022,2,3,0,1,0,4,0,8,7,7,11,11,8,1,3,13,2,18
1182,710,597361.5,3513169.5,2022,2,3,0,0,3,3,5,1,0,6,6,10,1,6,5,15,10,19
1195,723,597400.5,3513130.5,2022,2,3,1,0,6,3,2,7,10,0,5,1,13,6,10,17,12,16
1170,759,597508.5,3513205.5,2022,2,3,0,1,3,3,5,1,0,6,6,10,1,5,5,15,12,19
1196,792,597607.5,3513127.5,2022,2,3,0,1,0,3,5,1,0,6,6,10,1,5,5,15,12,19
1192,822,597697.5,3513139.5,2022,2,3,0,0,3,0,5,1,0,6,6,1,13,6,10,15,12,19
1171,849,597778.5,3513202.5,2022,2,3,0,1,0,3,5,1,0,6,6,11,8,1,10,17,12,16
1172,878,597865.5,3513199.5,2022,2,3,0,0,0,3,2,7,10,7,11,11,8,1,10,17,12,16
1175,925,598006.5,3513190.5,2022,2,3,0,0,6,3,2,7,10,0,5,3,12,13,10,17,12,16
1175,957,598102.5,3513190.5,2022,2,3,0,1,0,4,0,8,7,7,11,11,8,1,3,13,2,18
1177,967,598132.5,3513184.5,2022,2,3,0,0,0,3,5,1,0,6,6,10,1,5,10,15,12,19
1194,997,598222.5,3513133.5,2022,0,0,1,0,6,3,2,7,10,0,5,3,12,6,10,17,12,16
1172,1029,598318.5,3513199.5,2022,0,0,1,0,6,3,2,7,10,0,5,3,12,13,10,17,12,16
1170,1053,598390.5,3513205.5,2022,2,0,1,0,6,3,2,7,10,0,5,3,12,13,10,17,12,16
1198,1084,598483.5,3513121.5,2022,2,3,0,0,6,3,2,7,10,0,5,3,12,13,10,17,12,16
1189,1133,598630.5,3513148.5,2022,2,0,1,0,6,3,2,7,10,0,5,1,13,6,10,17,12,16
1190,1149,598678.5,3513145.5,2022,2,3,0,0,6,3,2,7,10,0,5,11,12,1,10,17,12,16
1172,1185,598786.5,3513199.5,2022,2,3,0,1,0,4,0,8,7,7,11,11,8,1,3,13,2,18
1193,1213,598870.5,3513136.5,2022,2,3,1,0,6,3,2,7,10,0,5,3,12,6,10,17,12,16
1199,1240,598951.5,3513118.5,2022,0,0,1,0,6,3,2,7,10,0,5,3,12,8,10,17,12,16
1189,1268,599035.5,3513148.5,2022,2,3,0,0,6,3,2,7,10,0,5,3,12,13,10,17,12,16
1170,1315,599176.5,3513205.5,2022,0,0,1,0,6,3,2,7,2,0,5,1,13,6,9,11,0,6
1196,1334,599233.5,3513127.5,2022,0,0,1,0,6,7,7,0,3,0,5,3,12,8,2,0,11,17
1185,1354,599293.5,3513160.5,2022,0,0,1,0,6,7,2,7,3,0,5,3,12,8,2,0,11,17
1174,1382,599377.5,3513193.5,2022,0,0,1,0,6,7,2,7,10,0,5,3,12,8,2,0,11,17
1174,1428,599515.5,3513193.5,2022,0,0,1,0,6,7,2,7,10,0,5,3,12,8,2,0,11,17
1194,1449,599578.5,3513133.5,2022,0,0,1,0,6,3,2,7,10,0,5,3,12,8,10,17,11,16
1199,1484,599683.5,3513118.5,2022,0,0,1,0,6,7,2,7,10,0,5,3,12,8,2,0,11,17
1185,1508,599755.5,3513160.5,2022,0,0,1,0,6,7,7,0,3,4,5,3,9,8,2,0,11,17
1176,1552,599887.5,3513187.5,2022,0,0,1,3,1,7,7,0,3,4,9,8,9,0,6,8,15,12
1199,1577,599962.5,3513118.5,2022,1,1,3,2,5,5,1,2,4,10,4,2,0,14,12,6,16,4
1195,1604,600043.5,3513130.5,2022,0,0,1,3,6,7,7,0,2,5,1,1,9,0,9,11,0,1
1192,1648,600175.5,3513139.5,2022,1,1,3,2,5,5,1,2,4,10,4,2,14,2,12,6,14,11
1192,1675,600256.5,3513139.5,2022,1,1,2,2,5,5,1,4,5,2,12,6,4,3,7,1,16,4
1188,1682,600277.5,3513151.5,2022,1,1,2,2,5,5,1,4,5,2,12,6,0,14,7,1,16,4
1175,1711,600364.5,3513190.5,2022,1,1,3,4,2,1,8,2,4,10,4,2,14,2,12,6,14,7
1190,1762,600517.5,3513145.5,2022,0,0,1,0,6,7,7,0,2,5,1,8,2,0,9,11,10,6
1187,1791,600604.5,3513154.5,2022,0,0,2,3,1,2,6,9,8,1,10,9,2,15,15,7,13,10
1185,1812,600667.5,3513160.5,2022,0,0,1,3,1,2,4,6,2,5,1,9,2,15,9,11,0,10
1180,1858,600805.5,3513175.5,2022,1,1,2,2,5,5,1,4,5,2,12,6,0,14,7,1,16,4
1189,1860,600811.5,3513148.5,2022,0,1,2,3,1,2,6,9,8,5,1,9,2,15,15,7,13,10
1188,1917,600982.5,3513151.5,2022,1,1,3,2,5,5,1,4,5,2,12,6,14,3,8,16,18,11
1180,1943,601060.5,3513175.5,2022,1,1,3,2,5,5,1,2,4,10,4,2,14,2,12,6,18,11
1184,1973,601150.5,3513163.5,2022,1,1,2,2,5,5,1,4,5,2,12,6,4,3,7,16,16,4
1198,1985,601186.5,3513121.5,2022,0,1,2,3,1,2,4,6,2,5,1,9,2,15,15,1,13,10
1184,2034,601333.5,3513163.5,2022,1,1,2,2,5,2,4,6,2,5,1,9,2,15,15,7,13,10
1176,2044,601363.5,3513187.5,2022,1,1,2,2,5,5,1,2,4,10,4,2,0,14,7,1,16,4
1193,2081,601474.5,3513136.5,2022,0,0,1,3,1,7,7,0,2,5,1,1,9,0,9,11,0,1
1181,2129,601618.5,3513172.5,2022,1,1,2,2,5,2,6,9,8,1,10,13,0,14,7,1,16,4
1176,2137,601642.5,3513187.5,2022,1,1,2,2,5,2,6,9,8,1,10,13,5,10,14,9,9,14
1175,2169,601738.5,3513190.5,2022,1,1,2,2,5,2,6,9,8,1,10,13,0,14,7,1,16,4
1194,2196,601819.5,3513133.5,2022,1,1,2,2,5,5,1,2,4,10,4,2,0,14,7,1,16,4
1178,2228,601915.5,3513181.5,2022,0,0,1,0,6,3,2,7,10,0,5,3,12,8,2,0,11,17
1196,2279,602068.5,3513127.5,2022,1,1,2,2,5,5,1,4,5,2,12,6,0,14,7,1,16,4
1186,2287,602092.5,3513157.5,2022,1,1,2,2,5,5,1,4,5,2,12,6,0,14,7,1,16,4
1177,2320,602191.5,3513184.5,2022,1,1,2,2,5,5,1,4,5,2,12,6,0,14,7,1,16,4
1171,2354,602293.5,3513202.5,2022,1,1,2,2,5,5,1,4,5,2,12,6,4,3,8,16,4,9
1192,2391,602404.5,3513139.5,2022,1,1,2,2,5,5,1,4,5,2,12,6,0,14,7,1,16,4
1194,2428,602515.5,3513133.5,2022,1,1,2,2,5,5,1,4,5,2,12,6,0,14,7,1,16,4
1191,2458,602605.5,3513142.5,2022,1,1,3,2,5,5,1,2,4,10,4,2,14,2,12,6,16,11
1188,2463,602620.5,3513151.5,2022,1,1,2,2,5,5,1,4,5,2,12,6,4,3,8,16,18,11
1192,2512,602767.5,3513139.5,2022,0,0,1,3,3,7,4,6,2,5,1,1,13,6,9,11,0,1
1187,2535,602836.5,3513154.5,2022,1,1,2,2,5,5,1,4,5,2,12,6,0,14,7,1,16,4
1177,2556,602899.5,3513184.5,2022,1,1,2,2,5,5,1,2,4,10,4,2,0,14,7,1,16,4
1199,2606,603049.5,3513118.5,2022,1,1,2,2,5,5,1,4,5,2,12,6,0,14,7,1,16,4
1196,2620,603091.5,3513127.5,2022,1,1,2,2,5,5,1,2,4,10,4,2,0,14,7,1,16,4
1195,2657,603202.5,3513130.5,2022,1,1,2,2,5,5,1,4,5,2,12,6,4,3,8,16,18,9
1182,2670,603241.5,3513169.5,2022,1,1,3,4,2,5,1,2,4,10,4,2,14,2,12,6,14,7
1196,2728,603415.5,3513127.5,2022,1,1,3,4,2,1,8,3,9,11,2,7,14,2,12,6,14,7
1184,2748,603475.5,3513163.5,2022,1,1,2,2,5,5,1,2,4,10,4,2,0,14,12,1,16,4
1175,2779,603568.5,3513190.5,2022,2,3,0,1,0,3,5,1,0,6,6,10,1,5,5,15,12,19
1183,2793,603610.5,3513166.5,2022,2,3,0,1,0,3,5,1,0,7,11,11,1,5,5,12,6,19
1180,2842,603757.5,3513175.5,2022,1,1,3,4,2,1,8,2,4,10,4,2,14,2,12,6,14,7
1198,2855,603796.5,3513121.5,2022,2,3,0,1,0,4,0,8,7,8,8,7,11,9,0,12,5,5
1199,2908,603955.5,3513118.5,2022,2,3,0,1,0,3,2,7,0,7,11,11,8,13,10,17,12,16
1170,2928,604015.5,3513205.5,2022,2,3,0,0,6,3,2,7,10,0,5,3,13,6,10,17,12,16
1199,2940,604051.5,3513118.5,2022,2,3,0,4,3,3,5,1,0,6,6,1,13,6,5,15,12,19
1193,2999,604228.5,3513136.5,2022,2,3,0,1,0,4,0,8,7,8,8,0,7,11,16,3,8,5
1199,3011,604264.5,3513118.5,2022,2,3,3,4,2,1,8,3,9,11,2,7,11,9,0,14,5,13
1186,3045,604366.5,3513157.5,2022,1,1,3,2,5,5,1,2,4,10,4,2,14,2,12,6,18,11
1178,3064,604423.5,3513181.5,2022,1,1,3,4,3,0,4,6,2,5,1,9,2,15,9,11,0,7
1170,3105,604546.5,3513205.5,2022,1,1,3,2,5,5,1,2,4,10,4,2,14,2,12,6,14,11
1176,3121,604594.5,3513187.5,2022,2,3,0,0,3,3,2,1,0,6,6,10,1,13,5,15,10,19
1179,3150,604681.5,3513178.5,2022,0,0,1,0,3,0,4,6,2,5,1,10,2,6,9,15,10,6
1187,3206,604849.5,3513154.5,2022,1,1,3,2,5,5,1,2,4,10,4,2,14,2,12,6,14,11
1178,3215,604876.5,3513181.5,2022,1,1,3,2,2,5,1,2,4,10,4,2,14,2,12,6,14,11
1174,3254,604993.5,3513193.5,2022,0,1,3,4,3,0,4,2,4,10,4,2,14,2,12,6,14,7
1191,3272,605047.5,3513142.5,2022,1,1,3,4,2,1,8,3,9,11,2,7,11,9,0,14,5,13
1188,3323,605200.5,3513151.5,2022,1,1,3,4,2,1,8,2,4,10,4,2,14,2,12,6,14,11
1171,3333,605230.5,3513202.5,2022,1,1,3,2,5,5,1,2,4,10,4,2,14,2,12,6,18,11
1226,28,595315.5,3513037.5,2022,2,3,0,1,0,3,0,8,10,7,11,11,8,1,3,13,7,0
1204,56,595399.5,3513103.5,2022,1,1,3,2,2,5,8,2,4,10,4,2,14,2,12,6,14,11
1219,77,595462.5,3513058.5,2022,2,3,0,0,3,3,5,1,0,6,6,10,1,6,5,15,10,19
1219,118,595585.5,3513058.5,2022,0,0,1,0,6,7,7,0,3,4,9,1,13,6,9,11,0,1
1208,136,595639.5,3513091.5,2022,0,0,1,0,3,3,2,7,2,5,1,1,13,6,9,11,10,6
1210,173,595750.5,3513085.5,2022,0,0,1,0,3,0,4,6,2,5,1,1,13,6,9,11,0,6
1205,190,595801.5,3513100.5,2022,0,0,1,0,6,7,2,0,2,0,5,1,13,6,9,11,0,1
1220,229,595918.5,3513055.5,2022,2,3,1,0,3,3,2,7,0,6,6,1,13,6,10,15,10,6
1216,240,595951.5,3513067.5,2022,0,0,1,0,3,0,4,7,2,5,1,1,13,6,9,11,10,6
1211,296,596119.5,3513082.5,2022,0,0,1,0,3,0,4,6,2,5,1,1,13,6,9,11,10,6
1206,302,596137.5,3513097.5,2022,0,0,1,3,3,0,4,6,2,5,1,1,13,6,9,11,0,1
1206,339,596248.5,3513097.5,2022,0,0,1,3,1,0,4,6,2,5,1,9,2,15,15,7,13,10
1209,382,596377.5,3513088.5,2022,0,0,1,0,6,3,2,7,10,0,5,3,12,8,10,17,11,17
1214,412,596467.5,3513073.5,2022,0,0,1,0,6,7,2,7,10,0,5,3,12,8,10,17,11,16
1207,436,596539.5,3513094.5,2022,2,3,0,0,6,3,2,7,10,0,5,1,13,6,10,17,12,16
1216,458,596605.5,3513067.5,2022,2,3,0,1,0,4,0,8,7,7,11,11,8,1,3,13,2,18
1200,486,596689.5,3513115.5,2022,2,3,0,1,0,3,5,1,0,7,11,11,8,1,5,13,12,19
1215,516,596779.5,3513070.5,2022,2,3,0,1,0,4,0,8,7,7,11,11,8,1,3,13,2,18
1208,559,596908.5,3513091.5,2022,2,3,0,1,0,4,0,8,7,7,11,11,8,1,3,13,2,18
1208,578,596965.5,3513091.5,2022,2,3,0,1,0,3,5,1,0,7,11,11,8,1,3,13,12,18
1221,622,597097.5,3513052.5,2022,2,3,0,1,0,4,0,8,7,7,11,11,8,1,3,13,2,18
1213,659,597208.5,3513076.5,2022,2,3,0,0,3,3,5,1,0,6,6,1,13,6,10,17,12,16
1213,676,597259.5,3513076.5,2022,2,3,0,1,0,3,0,8,7,7,11,11,8,1,3,13,2,18
1224,707,597352.5,3513043.5,2022,1,2,4,5,4,6,3,5,6,3,7,12,6,7,11,2,3,15
1229,723,597400.5,3513028.5,2022,2,3,0,0,6,3,2,7,10,0,6,1,13,6,10,17,12,16
1222,770,597541.5,3513049.5,2022,2,3,0,0,6,3,2,7,10,0,5,1,13,6,10,17,12,16
1229,803,597640.5,3513028.5,2022,2,3,0,4,3,0,5,1,0,6,6,10,1,5,5,15,1,19
1214,829,597718.5,3513073.5,2022,2,3,0,1,3,0,5,1,0,6,6,10,1,5,5,15,6,19
1205,850,597781.5,3513100.5,2022,2,3,0,1,0,3,5,1,0,6,6,11,1,5,5,15,12,19
1206,892,597907.5,3513097.5,2022,2,3,0,1,0,3,2,7,0,7,11,11,8,1,10,17,12,16
1223,911,597964.5,3513046.5,2022,2,3,0,0,0,3,2,7,10,0,6,11,8,1,10,17,12,16
1228,949,598078.5,3513031.5,2022,2,3,0,0,6,3,2,7,10,0,5,11,8,1,10,17,12,16
1203,977,598162.5,3513106.5,2022,2,3,0,0,6,3,2,7,10,0,5,10,12,13,13,10,12,0
1217,994,598213.5,3513064.5,2022,2,3,1,0,6,3,2,7,10,0,5,3,12,13,10,17,12,16
1229,1040,598351.5,3513028.5,2022,2,3,0,0,0,3,2,7,10,7,11,11,8,1,10,17,12,16
1209,1078,598465.5,3513088.5,2022,2,3,1,0,6,3,2,7,10,0,5,3,12,6,10,17,12,16
1216,1090,598501.5,3513067.5,2022,2,3,0,0,6,3,2,7,10,7,11,11,8,1,10,17,12,16
1207,1138,598645.5,3513094.5,2022,2,3,0,1,0,3,2,7,10,7,11,11,8,1,3,13,2,18
1219,1155,598696.5,3513058.5,2022,2,3,0,1,0,4,0,8,7,7,11,11,8,1,3,13,2,18
1209,1171,598744.5,3513088.5,2022,2,3,0,1,0,4,0,8,7,7,11,11,8,1,3,13,2,18
1228,1212,598867.5,3513031.5,2022,2,3,0,1,0,3,2,7,10,7,11,11,8,1,3,13,12,18
1204,1259,599008.5,3513103.5,2022,2,3,0,1,0,3,0,8,7,7,11,11,8,1,3,13,2,18
1200,1271,599044.5,3513115.5,2022,2,3,0,1,0,3,2,7,10,7,11,11,8,1,3,13,2,18
1200,1294,599113.5,3513115.5,2022,2,3,0,0,6,3,2,7,10,0,5,3,12,13,10,17,12,16
1208,1321,599194.5,3513091.5,2022,0,0,1,0,6,7,2,7,10,0,5,3,12,8,2,0,11,17
1219,1355,599296.5,3513058.5,2022,2,3,0,0,6,3,2,7,10,0,5,3,12,1,10,17,12,16
1219,1403,599440.5,3513058.5,2022,0,0,1,0,6,3,2,7,10,0,5,3,12,13,10,17,11,16
1204,1424,599503.5,3513103.5,2022,0,0,1,0,6,7,2,7,10,0,5,3,12,8,2,0,11,17
1228,1447,599572.5,3513031.5,2022,2,3,0,0,6,3,2,7,10,0,11,11,8,1,10,17,12,16
1214,1475,599656.5,3513073.5,2022,0,0,1,0,6,3,2,7,10,0,5,3,12,8,10,17,12,16
1219,1529,599818.5,3513058.5,2022,2,3,0,0,6,3,2,7,10,0,5,3,12,13,10,17,12,16
1209,1551,599884.5,3513088.5,2022,0,0,1,0,6,7,2,7,10,0,5,3,12,8,2,0,11,17
1217,1564,599923.5,3513064.5,2022,0,1,3,4,3,0,4,2,4,10,4,1,13,6,9,11,14,7
1214,1592,600007.5,3513073.5,2022,0,0,1,0,6,3,2,7,10,0,5,1,13,6,10,17,12,16
1205,1643,600160.5,3513100.5,2022,1,1,2,2,5,5,1,2,4,10,4,2,0,14,7,1,16,4
1223,1674,600253.5,3513046.5,2022,1,1,2,2,5,5,1,2,4,10,4,2,0,14,7,1,16,4
1204,1695,600316.5,3513103.5,2022,1,1,2,2,5,0,4,2,4,10,4,9,0,14,9,1,16,4
1202,1738,600445.5,3513109.5,2022,0,0,1,3,1,2,7,0,2,5,1,9,2,0,6,11,0,1
1225,1740,600451.5,3513040.5,2022,0,0,2,3,1,2,6,9,8,1,10,13,5,10,14,9,9,14
1228,1786,600589.5,3513031.5,2022,1,1,2,2,5,5,1,4,5,2,12,6,0,14,7,1,16,4
1228,1814,600673.5,3513031.5,2022,1,1,2,2,5,5,1,4,5,2,12,6,0,14,7,1,16,4
1217,1841,600754.5,3513064.5,2022,0,0,1,3,1,7,4,6,2,5,1,9,2,15,9,11,0,1
1226,1880,600871.5,3513037.5,2022,1,1,3,2,2,5,1,2,4,10,4,2,14,2,12,6,18,11
1212,1911,600964.5,3513079.5,2022,1,1,2,2,5,5,1,4,5,2,12,6,4,3,8,16,18,9
1203,1923,601000.5,3513106.5,2022,1,1,3,2,5,5,1,2,4,10,4,2,14,2,12,6,16,11
1223,1967,601132.5,3513046.5,2022,0,0,2,3,1,2,6,9,2,5,1,9,2,15,15,7,13,10
1213,1998,601225.5,3513076.5,2022,1,1,3,2,5,5,1,2,4,10,4,2,14,2,12,6,16,4
1211,2011,601264.5,3513082.5,2022,0,0,1,3,1,7,7,0,2,5,1,1,9,0,9,11,0,1
1201,2057,601402.5,3513112.5,2022,0,1,2,3,3,0,4,2,4,10,4,2,0,14,9,1,14,7
1207,2089,601498.5,3513094.5,2022,0,0,1,3,6,7,7,0,3,4,9,8,9,0,2,0,15,17
1214,2108,601555.5,3513073.5,2022,0,0,1,3,1,7,7,0,3,4,9,8,9,0,6,8,15,12
1214,2142,601657.5,3513073.5,2022,1,1,2,2,5,2,6,9,8,1,10,13,0,14,7,1,16,4
1229,2171,601744.5,3513028.5,2022,1,1,2,2,5,5,1,4,5,2,12,6,0,14,7,1,16,4
1229,2196,601819.5,3513028.5,2022,1,1,2,2,5,5,1,4,5,2,12,6,0,14,7,1,16,4
1223,2237,601942.5,3513046.5,2022,1,1,2,2,5,5,1,4,5,2,12,6,4,3,7,1,4,4
1220,2275,602056.5,3513055.5,2022,1,1,2,2,5,5,1,2,4,10,4,6,0,14,7,1,16,4
1221,2297,602122.5,3513052.5,2022,1,1,2,2,5,5,1,4,5,2,12,6,0,14,7,1,16,4
1205,2322,602197.5,3513100.5,2022,1,1,2,2,5,5,1,9,5,2,10,6,0,14,7,1,16,4
1206,2347,602272.5,3513097.5,2022,1,1,2,2,5,5,1,4,5,2,12,6,0,14,7,1,16,4
1208,2378,602365.5,3513091.5,2022,1,1,2,2,5,5,1,4,5,2,12,6,0,14,7,1,16,4
1202,2400,602431.5,3513109.5,2022,1,1,3,2,5,5,1,2,4,10,4,2,14,2,12,6,14,11
1211,2435,602536.5,3513082.5,2022,0,0,1,3,1,7,4,6,2,5,1,1,2,6,9,11,0,1
1224,2488,602695.5,3513043.5,2022,1,1,2,2,5,5,1,4,5,2,12,6,0,14,7,1,16,4
1206,2511,602764.5,3513097.5,2022,0,0,1,0,6,0,4,7,2,5,1,1,13,6,9,11,10,6
1220,2521,602794.5,3513055.5,2022,1,1,2,2,5,5,1,4,5,2,12,6,4,3,8,16,4,9
1212,2558,602905.5,3513079.5,2022,1,1,2,2,5,5,1,2,4,10,4,2,0,14,7,1,16,4
1228,2600,603031.5,3513031.5,2022,0,0,1,0,6,3,2,7,10,0,5,1,13,6,10,17,10,6
1209,2625,603106.5,3513088.5,2022,1,1,2,2,5,5,1,4,5,2,12,6,4,3,7,1,16,4
1215,2641,603154.5,3513070.5,2022,1,1,2,2,5,5,1,4,5,2,12,6,4,3,7,1,16,4
1201,2698,603325.5,3513112.5,2022,1,1,3,2,2,5,1,2,4,10,4,2,14,2,12,6,18,11
1216,2717,603382.5,3513067.5,2022,1,1,3,4,2,1,8,3,9,11,2,7,14,2,12,6,18,11
1211,2731,603424.5,3513082.5,2022,1,1,3,2,5,5,1,2,4,10,4,2,14,2,12,6,14,11
1202,2784,603583.5,3513109.5,2022,2,3,0,1,0,4,5,1,0,6,6,10,1,5,5,12,6,19
1217,2813,603670.5,3513064.5,2022,2,3,0,0,3,3,5,1,0,6,6,10,1,5,5,15,10,19
1202,2823,603700.5,3513109.5,2022,2,3,0,0,6,3,2,7,10,0,5,10,12,13,13,10,7,0
1208,2875,603856.5,3513091.5,2022,2,3,0,1,0,4,0,8,0,7,11,11,8,1,3,13,6,18
1223,2896,603919.5,3513046.5,2022,2,3,0,0,6,3,2,7,10,0,5,3,12,13,13,10,7,0
1216,2938,604045.5,3513067.5,2022,0,0,1,0,6,7,2,7,10,0,5,1,13,6,9,11,0,6
1223,2969,604138.5,3513046.5,2022,2,3,0,1,0,4,0,8,7,8,8,0,7,11,16,3,8,8
1202,2978,604165.5,3513109.5,2022,1,2,4,5,4,6,3,5,6,3,3,4,3,4,4,5,17,3
1220,3006,604249.5,3513055.5,2022,1,1,3,4,2,1,8,3,9,11,2,7,11,9,0,14,5,13
1227,3052,604387.5,3513034.5,2022,1,1,3,4,2,1,8,3,9,11,2,7,11,9,0,14,5,13
1229,3069,604438.5,3513028.5,2022,2,3,0,1,0,4,0,8,7,8,8,0,7,11,16,3,8,5
1204,3093,604510.5,3513103.5,2022,2,3,3,4,2,1,8,3,9,11,2,7,11,9,0,14,5,13
1222,3128,604615.5,3513049.5,2022,1,1,3,4,2,1,8,3,9,11,2,7,11,9,0,14,5,13
1207,3177,604762.5,3513094.5,2022,2,3,3,4,3,1,5,1,0,6,6,10,1,5,5,15,6,19
1220,3182,604777.5,3513055.5,2022,1,1,3,4,2,1,8,2,4,10,4,2,14,2,12,6,14,7
1221,3236,604939.5,3513052.5,2022,0,0,1,0,6,7,4,6,2,5,1,9,2,6,9,11,0,6
1201,3253,604990.5,3513112.5,2022,1,1,3,4,2,1,8,2,4,10,4,2,14,2,12,6,14,7
1229,3278,605065.5,3513028.5,2022,0,0,1,3,1,7,4,6,2,5,1,9,2,15,9,11,0,6
1211,3312,605167.5,3513082.5,2022,1,1,2,2,5,5,1,2,4,10,4,2,0,14,7,1,16,4
1212,3331,605224.5,3513079.5,2022,1,1,3,2,2,1,8,2,4,10,4,2,14,2,12,6,18,11
1233,10,595261.5,3513016.5,2022,2,3,0,1,0,4,0,8,7,7,11,11,8,1,3,13,2,18
1240,50,595381.5,3512995.5,2022,0,0,1,0,6,7,2,0,2,5,1,1,13,6,9,11,0,6
1243,70,595441.5,3512986.5,2022,0,0,1,0,6,3,2,7,10,0,5,1,13,6,10,17,12,16
1247,109,595558.5,3512974.5,2022,0,0,1,3,1,7,7,0,2,5,1,9,2,0,9,11,0,6
1256,135,595636.5,3512947.5,2022,0,0,1,3,1,0,4,6,2,5,1,9,2,15,15,7,13,10
1234,155,595696.5,3513013.5,2022,0,0,1,0,6,3,2,7,10,0,5,3,13,6,10,17,12,16
1245,209,595858.5,3512980.5,2022,2,3,0,1,0,3,5,1,0,6,6,10,1,5,10,15,12,19
1256,213,595870.5,3512947.5,2022,2,3,0,1,0,3,5,1,0,6,6,10,1,5,5,15,6,19
1252,248,595975.5,3512959.5,2022,0,0,1,0,6,7,4,7,2,5,1,1,13,6,9,11,10,6
1244,272,596047.5,3512983.5,2022,0,0,1,0,3,0,4,6,2,5,1,1,13,6,9,11,10,6
1246,319,596188.5,3512977.5,2022,1,1,3,4,3,0,4,2,4,10,4,2,14,2,12,6,14,7
1238,336,596239.5,3513001.5,2022,0,0,1,3,1,7,7,0,2,5,1,8,2,0,6,8,0,12
1246,388,596395.5,3512977.5,2022,2,3,0,0,6,3,2,7,10,0,5,11,13,1,10,17,12,16
1256,417,596482.5,3512947.5,2022,2,3,0,1,0,4,0,8,7,7,11,11,8,1,3,13,2,18
1250,422,596497.5,3512965.5,2022,2,3,0,1,0,4,0,8,7,7,11,11,8,1,3,13,2,18
1259,452,596587.5,3512938.5,2022,0,0,1,0,6,7,7,0,2,5,5,1,13,6,9,11,0,6
1239,480,596671.5,3512998.5,2022,2,3,0,1,0,4,0,8,7,7,11,11,8,1,3,13,2,18
1258,518,596785.5,3512941.5,2022,0,0,1,0,6,3,2,7,10,0,5,1,13,6,10,17,12,16
1250,564,596923.5,3512965.5,2022,2,3,0,1,0,4,0,8,7,7,11,11,8,1,3,13,2,18
1256,590,597001.5,3512947.5,2022,2,3,1,0,6,3,2,7,10,0,5,3,12,6,10,17,12,16
1237,604,597043.5,3513004.5,2022,2,3,0,1,0,3,5,1,0,6,6,10,1,5,10,17,12,19
1237,653,597190.5,3513004.5,2022,0,0,1,0,6,7,7,0,2,5,1,1,13,6,9,11,0,6
1233,681,597274.5,3513016.5,2022,0,0,1,0,3,3,2,7,2,5,5,1,13,6,9,11,10,6
1258,698,597325.5,3512941.5,2022,0,0,1,0,3,0,4,6,2,5,1,1,13,6,9,11,10,6
1239,726,597409.5,3512998.5,2022,0,0,1,0,6,3,2,7,10,0,5,1,13,6,10,17,12,16
1255,750,597481.5,3512950.5,2022,2,3,0,0,6,3,2,7,10,0,5,1,13,6,10,17,12,16
1235,783,597580.5,3513010.5,2022,2,3,0,1,0,4,5,1,0,6,6,10,1,5,5,12,6,19
1239,827,597712.5,3512998.5,2022,0,0,1,0,6,3,2,7,10,0,5,3,12,8,10,17,12,16
1232,845,597766.5,3513019.5,2022,2,3,0,0,3,3,5,1,0,6,6,10,13,6,10,17,12,16
1258,894,597913.5,3512941.5,2022,0,0,1,0,6,3,2,7,10,0,5,1,13,6,10,17,12,16
1257,925,598006.5,3512944.5,2022,0,0,1,0,6,3,2,7,10,0,5,1,13,6,10,17,12,16
1246,948,598075.5,3512977.5,2022,2,3,0,1,0,3,5,1,0,7,11,11,8,1,10,17,12,16
1248,961,598114.5,3512971.5,2022,2,3,0,0,3,3,2,1,0,6,6,10,13,6,10,17,12,16
1241,1011,598264.5,3512992.5,2022,2,3,0,0,6,3,2,7,10,0,5,11,13,6,10,17,12,16
1242,1043,598360.5,3512989.5,2022,2,3,0,1,0,3,0,8,10,7,11,11,8,1,3,13,2,18
1244,1059,598408.5,3512983.5,2022,2,3,0,0,0,3,2,7,10,7,11,11,8,1,10,17,12,16
1238,1081,598474.5,3513001.5,2022,2,3,0,1,0,3,5,1,0,6,6,10,1,5,10,15,12,19
1233,1126,598609.5,3513016.5,2022,2,3,0,1,0,4,0,8,7,7,11,11,8,1,3,13,2,18
1234,1169,598738.5,3513013.5,2022,2,3,0,0,6,3,2,7,10,0,5,3,12,13,10,17,12,16
1234,1195,598816.5,3513013.5,2022,2,3,0,1,0,3,2,7,10,7,11,11,8,1,10,17,12,16
1231,1212,598867.5,3513022.5,2022,2,3,0,0,0,3,2,7,10,7,11,11,8,1,10,17,12,16
1231,1240,598951.5,3513022.5,2022,2,3,0,0,6,3,2,7,10,0,5,3,12,13,10,17,12,16
1246,1284,599083.5,3512977.5,2022,2,3,0,0,6,3,2,7,10,0,5,1,13,6,10,17,12,16
1241,1308,599155.5,3512992.5,2022,2,3,0,1,0,3,5,1,0,6,6,10,1,5,5,15,12,19
1247,1338,599245.5,3512974.5,2022,0,0,1,0,6,3,2,7,10,0,5,3,12,6,10,17,12,16
1256,1376,599359.5,3512947.5,2022,2,3,0,1,0,3,0,8,10,7,11,11,8,1,3,13,2,18
1248,1398,599425.5,3512971.5,2022,0,0,1,0,6,3,2,7,10,0,5,3,12,8,10,17,11,16
1240,1437,599542.5,3512995.5,2022,2,3,0,1,0,4,0,8,7,7,11,11,8,1,3,13,2,18
1259,1462,599617.5,3512938.5,2022,0,0,1,0,6,3,2,7,10,0,5,3,13,6,10,17,12,16
1247,1491,599704.5,3512974.5,2022,2,3,0,1,0,3,0,8,7,7,11,11,8,1,3,13,2,18
1238,1500,599731.5,3513001.5,2022,2,3,0,1,0,3,2,7,10,7,11,11,8,1,3,13,2,18
1242,1558,599905.5,3512989.5,2022,1,1,3,4,2,1,8,2,4,10,4,2,14,2,12,6,14,7
1243,1585,599986.5,3512986.5,2022,1,1,3,4,2,1,8,2,4,10,4,2,14,2,12,6,14,7
1230,1599,600028.5,3513025.5,2022,1,1,3,4,2,5,4,2,4,10,4,2,14,2,12,6,14,7
1243,1630,600121.5,3512986.5,2022,0,0,2,3,1,2,6,9,8,1,10,13,5,10,14,9,9,14
1252,1659,600208.5,3512959.5,2022,1,1,2,2,5,5,1,4,5,2,12,6,0,14,7,1,16,4
1256,1692,600307.5,3512947.5,2022,1,1,2,2,5,5,1,4,5,2,12,6,0,14,7,1,16,4
1251,1721,600394.5,3512962.5,2022,1,1,2,2,5,2,6,9,8,1,10,13,5,10,7,9,9,14
1240,1761,600514.5,3512995.5,2022,1,1,2,2,5,5,1,9,8,1,10,6,0,14,7,1,16,4
1253,1792,600607.5,3512956.5,2022,1,1,2,2,5,5,1,2,5,2,4,6,0,14,7,1,16,4
1242,1826,600709.5,3512989.5,2022,1,1,2,2,5,5,1,2,4,10,4,2,0,14,7,1,16,4
1256,1842,600757.5,3512947.5,2022,1,1,3,2,5,5,1,2,4,10,4,2,14,2,12,6,16,11
1248,1874,600853.5,3512971.5,2022,1,1,3,2,5,5,1,2,4,10,4,2,14,2,12,6,18,11
1239,1911,600964.5,3512998.5,2022,1,1,2,2,5,5,1,4,5,2,12,6,4,3,8,16,4,9
1238,1930,601021.5,3513001.5,2022,1,1,2,2,5,5,1,4,5,2,12,6,0,14,7,1,16,4
1258,1970,601141.5,3512941.5,2022,1,1,3,4,2,1,8,2,4,10,4,2,14,2,12,6,14,7
1232,1995,601216.5,3513019.5,2022,1,1,3,2,5,5,1,2,4,10,4,2,0,14,12,6,14,7
1231,2024,601303.5,3513022.5,2022,0,0,1,0,6,7,7,0,3,4,9,8,9,8,2,0,11,17
1242,2051,601384.5,3512989.5,2022,0,0,1,3,1,7,7,0,3,4,9,8,9,0,6,11,0,1
1238,2091,601504.5,3513001.5,2022,0,1,2,3,1,2,4,2,4,10,4,2,0,14,7,1,16,4
1242,2125,601606.5,3512989.5,2022,0,0,1,0,6,7,7,0,3,4,9,8,9,8,2,0,15,17
1250,2149,601678.5,3512965.5,2022,1,1,2,2,5,5,1,4,5,2,12,6,4,3,7,1,4,4
1252,2176,601759.5,3512959.5,2022,1,1,2,2,5,5,1,2,4,10,4,2,0,14,7,1,16,4
1234,2214,601873.5,3513013.5,2022,1,1,2,2,5,5,1,4,5,2,12,6,0,14,7,1,16,4
1257,2229,601918.5,3512944.5,2022,0,0,1,3,1,7,7,0,2,5,1,9,2,0,6,11,0,12
1237,2260,602011.5,3513004.5,2022,1,1,2,2,5,5,1,4,5,2,12,6,0,14,7,1,16,4
1234,2300,602131.5,3513013.5,2022,1,1,2,2,5,5,1,4,5,2,12,6,0,14,7,1,16,4
1248,2312,602167.5,3512971.5,2022,1,1,2,2,5,5,1,4,5,2,12,6,0,14,7,1,16,4
1258,2350,602281.5,3512941.5,2022,0,1,2,3,1,2,6,9,8,1,10,13,5,10,14,9,9,14
1256,2372,602347.5,3512947.5,2022,1,1,2,2,5,5,1,4,5,2,12,6,4,3,7,16,16,4
1233,2416,602479.5,3513016.5,2022,1,1,2,2,5,2,6,9,8,1,10,13,5,10,14,9,9,14
1255,2431,602524.5,3512950.5,2022,0,0,2,3,1,0,4,6,2,5,1,9,2,15,9,11,0,1
1245,2487,602692.5,3512980.5,2022,1,1,2,2,5,2,1,2,4,10,4,9,0,14,7,1,16,4
1237,2509,602758.5,3513004.5,2022,1,1,2,2,5,5,1,2,4,10,4,2,0,14,7,1,16,4
1258,2536,602839.5,3512941.5,2022,0,0,1,3,1,7,7,0,3,4,9,8,9,0,6,8,15,12
1243,2563,602920.5,3512986.5,2022,0,0,1,3,6,7,7,0,3,4,9,8,9,0,6,11,0,1
1238,2589,602998.5,3513001.5,2022,1,1,2,2,5,5,1,2,4,10,4,2,0,14,7,1,16,4
1256,2632,603127.5,3512947.5,2022,1,1,2,2,5,5,1,4,5,2,12,6,0,14,7,1,16,4
1250,2649,603178.5,3512965.5,2022,1,1,2,2,5,5,1,2,4,10,4,6,0,14,7,1,16,4
1253,2672,603247.5,3512956.5,2022,0,0,1,0,6,7,2,0,10,0,5,3,12,8,2,11,11,6
1233,2706,603349.5,3513016.5,2022,1,1,3,4,2,1,8,2,4,10,4,2,14,2,12,6,14,7
1259,2758,603505.5,3512938.5,2022,1,1,3,4,2,1,8,2,4,10,4,2,14,2,12,6,14,7
1236,2786,603589.5,3513007.5,2022,1,1,3,2,2,5,1,4,5,2,12,2,14,2,8,16,18,11
1230,2817,603682.5,3513025.5,2022,1,1,3,2,5,5,1,2,4,10,4,2,0,14,12,6,16,7
1235,2828,603715.5,3513010.5,2022,1,1,3,4,3,0,4,2,4,10,4,2,14,2,12,6,14,7
1242,2852,603787.5,3512989.5,2022,1,1,3,2,5,5,1,2,4,10,4,2,14,2,12,6,18,11
1254,2908,603955.5,3512953.5,2022,2,3,0,1,0,4,0,8,7,8,8,0,7,11,16,3,8,5
1256,2918,603985.5,3512947.5,2022,2,3,0,1,0,4,0,8,7,7,11,11,8,1,3,13,7,0
1257,2943,604060.5,3512944.5,2022,2,3,0,1,0,3,5,1,0,6,6,10,1,5,5,15,6,19
1258,2997,604222.5,3512941.5,2022,1,1,3,4,2,1,8,3,9,11,2,2,14,2,12,6,18,11
1249,3005,604246.5,3512968.5,2022,1,1,3,4,2,1,8,3,9,11,2,7,14,2,12,6,18,11
1255,3038,604345.5,3512950.5,2022,2,3,0,1,2,1,8,3,9,11,2,7,11,9,0,14,5,13
1242,3084,604483.5,3512989.5,2022,2,3,0,1,0,4,0,8,7,8,8,0,7,11,16,3,8,5
1233,3101,604534.5,3513016.5,2022,2,3,0,1,0,4,0,8,7,8,8,0,7,11,16,3,8,8
1253,3146,604669.5,3512956.5,2022,2,3,0,0,3,3,5,1,0,6,6,1,13,6,9,15,10,19
1248,3161,604714.5,3512971.5,2022,1,1,3,4,2,1,8,2,4,10,4,2,14,2,12,6,14,7
1240,3189,604798.5,3512995.5,2022,2,3,3,4,3,0,5,1,0,6,6,10,1,5,9,15,10,19
1233,3223,604900.5,3513016.5,2022,0,0,2,3,1,2,6,9,8,1,10,13,5,10,15,7,13,10
1258,3268,605035.5,3512941.5,2022,1,1,2,2,5,2,6,9,8,1,10,13,0,14,7,1,16,4
1234,3297,605122.5,3513013.5,2022,1,1,3,4,3,0,4,2,4,10,4,2,14,2,12,6,14,7
1238,3326,605209.5,3513001.5,2022,1,1,3,2,5,5,1,2,4,10,4,2,0,14,12,6,16,4
1238,3332,605227.5,3513001.5,2022,1,1,3,2,5,5,1,2,4,10,4,2,14,2,12,6,14,7
1284,2,595237.5,3512863.5,2022,0,0,1,3,6,7,7,0,2,5,1,1,13,6,9,11,0,1
1278,36,595339.5,3512881.5,2022,0,0,1,3,6,7,7,0,3,4,9,8,9,0,2,0,15,17
1287,66,595429.5,3512854.5,2022,0,0,1,0,6,7,7,0,3,4,9,8,9,8,2,0,11,17
1279,115,595576.5,3512878.5,2022,0,0,1,0,6,7,2,0,2,0,5,1,13,6,9,11,0,1
1284,128,595615.5,3512863.5,2022,0,0,1,0,6,7,7,0,3,4,9,8,9,0,2,11,0,1
1277,162,595717.5,3512884.5,2022,2,3,0,1,0,3,5,1,0,7,11,11,8,1,5,13,6,19
1268,195,595816.5,3512911.5,2022,2,3,0,1,0,3,2,7,10,7,11,11,8,1,3,13,12,16
1271,211,595864.5,3512902.5,2022,2,3,0,0,6,3,2,7,10,0,5,3,12,13,10,17,12,16
1284,245,595966.5,3512863.5,2022,0,0,1,0,6,7,2,7,10,0,5,3,12,8,2,0,11,17
1281,279,596068.5,3512872.5,2022,0,0,1,0,6,7,7,0,3,4,5,1,13,6,2,11,0,1
1272,314,596173.5,3512899.5,2022,2,3,3,4,3,0,4,1,0,6,6,1,13,6,9,15,14,7
1263,343,596260.5,3512926.5,2022,0,0,1,0,6,3,2,7,10,0,5,1,13,6,10,17,12,16
1261,366,596329.5,3512932.5,2022,2,3,1,0,3,3,5,1,0,6,6,10,13,6,9,15,10,19
1263,416,596479.5,3512926.5,2022,2,3,0,1,0,4,0,8,7,7,11,11,8,1,3,13,2,18
1263,420,596491.5,3512926.5,2022,2,3,0,1,0,4,0,8,7,7,11,11,8,1,3,13,2,18
1282,479,596668.5,3512869.5,2022,0,0,1,0,6,3,2,7,10,0,5,3,12,13,10,17,12,16
1284,491,596704.5,3512863.5,2022,2,3,0,0,6,3,2,7,10,0,6,10,1,13,10,17,12,16
1261,518,596785.5,3512932.5,2022,0,0,1,0,6,3,2,7,10,0,5,1,13,6,10,17,10,6
1265,565,596926.5,3512920.5,2022,0,0,1,0,3,0,4,6,2,5,1,1,13,6,9,15,10,6
1288,584,596983.5,3512851.5,2022,0,0,1,0,6,3,2,7,10,0,5,3,12,8,10,17,11,16
1277,606,597049.5,3512884.5,2022,0,0,1,0,6,7,7,0,2,0,5,1,13,6,9,11,0,6
1265,648,597175.5,3512920.5,2022,0,0,1,0,3,0,4,6,2,5,1,1,13,6,9,11,10,6
1277,663,597220.5,3512884.5,2022,0,0,1,0,6,3,2,7,10,0,5,1,13,6,10,17,12,16
1287,718,597385.5,3512854.5,2022,0,0,1,0,6,7,4,0,2,5,1,1,13,6,9,11,0,1
1265,732,597427.5,3512920.5,2022,2,0,1,0,6,3,2,7,10,0,5,3,12,13,10,17,12,16
1269,774,597553.5,3512908.5,2022,2,0,1,0,6,3,2,7,10,0,5,3,12,8,10,17,12,16
1271,781,597574.5,3512902.5,2022,0,0,1,3,1,7,7,0,2,5,1,9,2,0,6,11,0,1
1265,817,597682.5,3512920.5,2022,0,0,1,3,1,7,7,0,2,5,1,8,9,0,6,8,0,1
1283,844,597763.5,3512866.5,2022,0,0,1,3,6,7,7,0,3,4,9,8,9,0,6,11,15,12
1286,878,597865.5,3512857.5,2022,2,3,0,0,3,0,5,1,0,6,6,10,1,6,5,15,10,19
1269,923,598000.5,3512908.5,2022,0,0,1,3,6,7,7,0,2,5,1,1,13,6,9,11,0,1
1289,956,598099.5,3512848.5,2022,0,0,1,0,6,7,7,0,2,0,5,1,13,6,9,11,0,6
1268,965,598126.5,3512911.5,2022,0,0,1,0,6,7,7,0,3,0,5,1,13,8,2,0,11,17
1288,1013,598270.5,3512851.5,2022,2,3,0,1,0,4,0,8,7,7,11,11,8,1,3,13,2,18
1265,1035,598336.5,3512920.5,2022,2,3,0,1,0,4,0,8,7,7,11,11,8,1,3,13,2,18
1277,1054,598393.5,3512884.5,2022,2,3,0,1,0,4,0,8,7,8,8,11,8,1,3,13,2,18
1289,1085,598486.5,3512848.5,2022,2,3,0,1,0,3,2,7,10,7,11,11,8,1,3,13,2,18
1277,1118,598585.5,3512884.5,2022,2,3,0,1,0,3,0,8,7,7,11,11,8,1,3,13,2,18
1282,1155,598696.5,3512869.5,2022,2,3,1,0,6,3,2,7,10,0,5,3,12,13,10,17,12,16
1281,1170,598741.5,3512872.5,2022,0,0,1,0,6,3,2,7,10,0,5,1,13,6,10,17,12,16
1284,1200,598831.5,3512863.5,2022,2,3,0,0,6,3,2,7,10,0,5,11,8,1,10,17,12,16
1265,1250,598981.5,3512920.5,2022,0,0,1,0,6,7,2,7,10,0,5,3,12,8,2,0,11,17
1286,1284,599083.5,3512857.5,2022,0,0,1,0,6,3,2,7,10,0,5,3,12,8,10,17,12,16
1274,1312,599167.5,3512893.5,2022,2,3,0,0,6,3,2,7,10,0,5,1,13,6,10,17,12,16
1271,1338,599245.5,3512902.5,2022,0,0,1,0,6,7,7,0,2,4,9,1,13,6,9,11,0,1
1280,1362,599317.5,3512875.5,2022,0,0,1,0,6,3,2,7,10,0,5,1,13,6,10,17,12,16
1278,1385,599386.5,3512881.5,2022,2,3,0,1,0,3,0,8,10,7,11,11,8,1,3,13,2,18
1264,1419,599488.5,3512923.5,2022,2,3,0,1,0,4,0,8,7,7,11,11,8,1,3,13,2,18
1262,1465,599626.5,3512929.5,2022,0,0,1,0,6,3,2,7,10,0,5,1,13,6,10,17,12,16
1261,1485,599686.5,3512932.5,2022,2,3,0,0,0,3,2,7,10,7,11,11,8,1,10,17,12,16
1271,1513,599770.5,3512902.5,2022,2,3,0,4,0,4,5,1,0,6,6,10,1,5,5,12,6,19
1271,1551,599884.5,3512902.5,2022,2,3,0,1,0,3,2,7,10,7,11,3,12,13,13,10,7,0
1267,1560,599911.5,3512914.5,2022,2,3,0,1,0,4,0,8,7,8,8,0,7,11,16,3,8,8
1274,1619,600088.5,3512893.5,2022,1,1,3,2,5,5,1,2,4,10,4,2,14,2,12,6,16,4
1277,1641,600154.5,3512884.5,2022,0,0,1,3,1,7,4,0,2,5,1,9,2,0,9,11,0,1
1262,1661,600214.5,3512929.5,2022,0,0,2,3,1,2,4,6,2,5,1,9,2,15,9,11,0,1
1279,1709,600358.5,3512878.5,2022,0,0,2,3,1,2,6,9,8,1,10,13,5,10,6,8,9,12
1283,1724,600403.5,3512866.5,2022,1,1,2,2,5,5,1,2,4,10,4,2,0,14,7,1,16,4
1266,1753,600490.5,3512917.5,2022,1,1,2,2,5,5,1,4,5,2,12,6,0,14,7,1,16,4
1275,1778,600565.5,3512890.5,2022,1,1,2,2,5,5,1,2,4,10,4,2,0,14,7,1,16,4
1268,1820,600691.5,3512911.5,2022,1,1,2,2,5,5,1,2,4,10,4,2,14,2,12,6,18,11
1271,1845,600766.5,3512902.5,2022,1,1,3,4,2,1,8,2,4,10,4,2,14,2,12,6,14,11
1272,1876,600859.5,3512899.5,2022,1,1,2,2,5,5,1,2,4,10,4,2,0,14,7,1,16,4
1287,1910,600961.5,3512854.5,2022,1,1,2,2,5,5,1,2,4,10,4,9,0,14,7,1,16,4
1283,1936,601039.5,3512866.5,2022,1,1,2,2,5,5,1,4,5,2,12,6,4,3,7,16,4,4
1279,1960,601111.5,3512878.5,2022,1,1,2,2,5,5,1,2,4,10,4,2,0,14,12,1,16,4
1278,2009,601258.5,3512881.5,2022,1,1,2,2,5,5,1,2,4,10,4,2,0,14,7,1,16,4
1285,2032,601327.5,3512860.5,2022,1,1,3,2,5,5,1,2,4,10,4,2,14,2,12,6,18,11
1265,2053,601390.5,3512920.5,2022,1,1,2,2,5,5,1,2,4,10,4,2,0,14,7,1,16,4
1273,2081,601474.5,3512896.5,2022,1,1,2,2,5,5,1,2,4,10,4,2,0,14,7,1,16,4
1268,2113,601570.5,3512911.5,2022,1,1,2,2,5,5,1,9,5,2,12,6,0,14,7,1,16,4
1268,2141,601654.5,3512911.5,2022,1,1,2,2,5,5,1,4,5,2,12,6,4,3,8,16,4,9
1279,2186,601789.5,3512878.5,2022,1,1,2,2,5,5,1,4,5,2,12,6,4,3,7,1,4,4
1262,2193,601810.5,3512929.5,2022,1,1,2,2,5,5,1,4,5,2,12,6,0,14,7,1,16,4
1289,2231,601924.5,3512848.5,2022,0,0,2,3,1,2,6,9,8,1,10,13,5,0,6,8,15,12
1280,2268,602035.5,3512875.5,2022,1,1,2,3,1,2,6,9,8,1,10,9,2,15,15,7,13,10
1268,2305,602146.5,3512911.5,2022,1,1,2,2,5,5,1,2,4,10,4,2,0,14,7,1,16,4
1272,2328,602215.5,3512899.5,2022,1,2,4,5,4,6,3,5,6,3,3,4,3,4,4,5,17,3
1283,2344,602263.5,3512866.5,2022,1,1,2,2,5,5,1,2,4,10,4,2,0,14,7,1,16,4
1289,2371,602344.5,3512848.5,2022,0,0,1,0,6,7,7,0,3,4,9,1,13,8,2,0,0,1
1289,2416,602479.5,3512848.5,2022,1,1,2,2,5,5,1,2,4,10,4,2,0,14,7,1,16,4
1277,2441,602554.5,3512884.5,2022,0,0,1,3,1,7,7,0,3,4,9,1,9,0,6,11,0,1
1286,2476,602659.5,3512857.5,2022,0,0,1,0,6,7,7,0,3,4,9,8,9,8,2,0,11,17
1270,2510,602761.5,3512905.5,2022,0,0,1,3,1,7,7,0,3,4,9,8,9,0,6,8,15,12
1265,2524,602803.5,3512920.5,2022,0,0,1,3,6,7,7,0,3,4,9,8,9,0,6,11,0,1
1288,2568,602935.5,3512851.5,2022,0,0,1,0,6,7,7,0,3,0,5,1,13,6,9,11,0,1
1266,2585,602986.5,3512917.5,2022,0,0,1,3,6,7,7,0,3,4,9,1,9,0,9,11,0,1
1285,2628,603115.5,3512860.5,2022,1,1,2,2,5,5,1,4,5,2,12,6,0,14,7,1,16,4
1270,2643,603160.5,3512905.5,2022,0,0,1,3,1,7,7,0,3,4,9,8,9,0,6,8,0,1
1275,2677,603262.5,3512890.5,2022,0,0,2,3,1,2,4,9,2,5,1,9,2,14,6,11,0,1
1265,2703,603340.5,3512920.5,2022,0,0,1,3,1,2,4,6,2,5,1,9,2,15,15,11,0,1
1263,2741,603454.5,3512926.5,2022,2,3,0,1,0,4,0,8,7,7,11,11,8,1,3,13,2,18
1262,2775,603556.5,3512929.5,2022,2,3,1,0,3,3,2,1,0,6,6,1,13,6,9,15,10,19
1285,2797,603622.5,3512860.5,2022,1,1,3,2,5,5,1,2,4,10,4,2,14,2,12,6,16,4
1262,2820,603691.5,3512929.5,2022,1,1,3,2,5,5,1,2,4,10,4,2,14,2,12,6,18,11
1285,2864,603823.5,3512860.5,2022,1,1,3,4,3,0,4,2,4,10,4,2,2,15,12,6,13,7
1269,2901,603934.5,3512908.5,2022,2,3,0,1,0,4,5,1,0,6,6,10,1,5,5,12,6,19
1282,2914,603973.5,3512869.5,2022,2,3,3,4,2,1,8,3,9,11,2,7,11,9,0,14,5,13
1286,2952,604087.5,3512857.5,2022,2,2,4,5,2,1,8,3,9,11,7,12,6,7,11,2,3,15
1267,2994,604213.5,3512914.5,2022,1,1,3,4,2,1,8,3,9,11,2,7,11,9,0,14,5,11
1274,3010,604261.5,3512893.5,2022,2,3,0,1,0,4,0,8,7,8,8,0,7,11,16,3,8,8
1261,3044,604363.5,3512932.5,2022,1,1,3,2,5,5,1,2,4,10,4,2,14,2,12,6,18,11
1280,3089,604498.5,3512875.5,2022,2,3,3,4,3,0,5,1,0,6,6,10,1,5,5,15,10,19
1279,3095,604516.5,3512878.5,2022,2,3,0,4,3,0,5,1,0,6,6,10,1,5,5,15,10,19
1272,3148,604675.5,3512899.5,2022,2,3,3,4,2,1,8,3,9,11,2,7,11,9,0,14,14,7
1265,3176,604759.5,3512920.5,2022,1,1,3,4,3,0,4,6,2,5,1,9,2,15,9,15,10,7
1268,3203,604840.5,3512911.5,2022,1,1,2,2,5,5,4,6,2,5,1,9,2,15,15,7,13,10
1273,3229,604918.5,3512896.5,2022,1,1,2,2,5,5,1,4,5,2,12,6,4,3,8,16,4,9
1272,3265,605026.5,3512899.5,2022,1,1,2,2,5,5,1,4,5,2,12,6,0,14,7,1,16,4
1286,3284,605083.5,3512857.5,2022,0,0,1,3,6,7,4,0,2,5,1,1,13,6,9,11,0,1
1284,3327,605212.5,3512863.5,2022,2,3,3,4,2,1,8,3,9,11,2,7,11,9,0,14,5,13
1285,3332,605227.5,3512860.5,2022,2,3,0,1,0,4,0,8,7,8,8,0,7,11,16,3,8,8
1315,2,595237.5,3512770.5,2022,0,0,1,0,6,7,2,7,10,0,5,3,12,8,2,0,11,17
1290,40,595351.5,3512845.5,2022,0,0,1,0,6,7,7,0,3,4,9,8,9,8,2,0,11,17
1311,82,595477.5,3512782.5,2022,2,3,0,0,6,3,2,7,10,0,5,3,12,13,10,17,12,16
1298,118,595585.5,3512821.5,2022,0,0,1,0,6,7,7,0,2,0,5,1,13,6,9,11,0,1
1305,127,595612.5,3512800.5,2022,0,0,1,0,6,3,2,7,2,0,5,1,13,6,9,11,10,6
1304,171,595744.5,3512803.5,2022,2,3,0,1,0,3,2,7,0,7,11,11,8,1,10,17,12,16
1299,195,595816.5,3512818.5,2022,2,3,0,0,6,3,2,7,10,0,5,3,12,13,10,17,12,16
1303,215,595876.5,3512806.5,2022,2,3,0,1,0,3,2,7,10,7,11,10,1,13,13,10,7,0
1293,247,595972.5,3512836.5,2022,0,0,1,0,6,3,2,7,10,0,5,3,12,8,10,17,11,16
1310,288,596095.5,3512785.5,2022,2,3,0,1,0,4,5,1,0,6,6,10,1,5,5,12,6,19
1300,314,596173.5,3512815.5,2022,2,3,0,1,0,4,0,8,7,7,11,11,8,1,3,13,2,18
1315,353,596290.5,3512770.5,2022,2,3,0,1,0,4,5,1,0,6,6,10,1,5,5,12,6,19
1315,367,596332.5,3512770.5,2022,2,3,0,1,0,4,0,8,7,8,8,0,7,11,16,3,8,5
1312,406,596449.5,3512779.5,2022,2,3,0,1,0,3,5,1,0,6,6,10,1,5,5,15,6,19
1314,439,596548.5,3512773.5,2022,0,0,1,0,3,3,2,7,2,0,6,1,13,6,9,15,10,6
1306,466,596629.5,3512797.5,2022,0,0,1,0,6,3,2,7,10,0,5,1,13,6,10,17,12,16
1295,488,596695.5,3512830.5,2022,2,3,1,0,6,3,2,7,10,0,5,3,12,13,13,10,7,16
1299,524,596803.5,3512818.5,2022,0,0,1,0,6,7,2,7,2,0,5,1,13,6,9,11,10,6
1300,558,596905.5,3512815.5,2022,0,0,1,0,6,7,2,7,10,0,5,3,12,8,2,0,11,17
1291,588,596995.5,3512842.5,2022,0,0,1,0,6,3,2,7,10,0,5,3,13,6,10,17,12,16
1319,621,597094.5,3512758.5,2022,0,0,1,3,1,0,4,6,2,5,1,9,2,15,15,7,13,10
1316,632,597127.5,3512767.5,2022,0,0,1,3,1,2,6,9,2,5,1,9,2,0,6,8,13,12
1295,669,597238.5,3512830.5,2022,0,0,1,3,1,2,7,0,2,5,1,9,2,0,6,8,15,12
1316,701,597334.5,3512767.5,2022,0,0,2,3,1,2,6,9,8,1,10,13,5,0,6,8,9,12
1295,742,597457.5,3512830.5,2022,0,0,1,0,6,3,2,7,10,0,5,3,12,8,10,17,12,16
1296,757,597502.5,3512827.5,2022,0,0,1,0,6,3,2,7,10,0,5,3,13,6,10,17,12,16
1306,809,597658.5,3512797.5,2022,2,3,0,0,3,3,5,1,0,6,6,1,13,6,10,15,12,19
1316,810,597661.5,3512767.5,2022,0,0,1,3,1,7,4,0,2,5,1,1,2,0,9,11,0,1
1308,857,597802.5,3512791.5,2022,2,3,1,0,3,0,5,1,0,6,6,10,1,6,5,15,10,6
1314,871,597844.5,3512773.5,2022,0,0,1,0,3,0,4,6,2,5,1,1,13,6,9,11,10,6
1293,907,597952.5,3512836.5,2022,0,0,1,0,6,3,2,7,10,0,5,1,13,6,10,17,12,16
1314,942,598057.5,3512773.5,2022,0,0,1,0,6,7,2,7,2,5,1,1,13,6,9,11,0,6
1299,985,598186.5,3512818.5,2022,0,0,1,3,3,0,4,6,2,5,1,9,2,15,9,11,13,6
1307,1017,598282.5,3512794.5,2022,2,3,0,1,0,4,0,8,7,7,11,11,8,1,3,13,2,18
1292,1035,598336.5,3512839.5,2022,2,3,0,1,0,4,0,8,7,7,11,11,8,1,3,13,2,18
1301,1057,598402.5,3512812.5,2022,2,3,0,1,0,3,2,7,10,7,11,11,8,1,10,17,12,16
1304,1084,598483.5,3512803.5,2022,2,3,0,1,0,3,2,7,0,7,11,11,8,1,10,17,12,16
1317,1128,598615.5,3512764.5,2022,2,3,0,0,6,3,2,7,10,0,5,3,12,13,10,17,12,16
1308,1169,598738.5,3512791.5,2022,2,0,1,0,6,3,2,7,10,0,5,3,12,8,10,17,12,16
1291,1184,598783.5,3512842.5,2022,0,0,1,0,6,7,2,7,10,0,5,3,12,8,2,0,11,17
1310,1227,598912.5,3512785.5,2022,2,3,0,0,6,3,2,7,10,7,11,11,12,1,10,17,12,16
1309,1258,599005.5,3512788.5,2022,2,3,0,0,0,3,2,7,10,7,11,11,8,1,10,17,12,16
1311,1287,599092.5,3512782.5,2022,2,3,0,0,6,3,2,7,10,0,5,3,12,13,10,17,12,16
1310,1307,599152.5,3512785.5,2022,2,3,0,1,0,4,0,8,7,7,11,11,8,1,3,13,2,18
1308,1347,599272.5,3512791.5,2022,2,3,1,0,6,3,2,7,10,0,5,3,12,6,10,17,12,16
1299,1366,599329.5,3512818.5,2022,2,3,0,4,3,3,5,1,0,6,6,10,1,5,5,15,6,19
1299,1400,599431.5,3512818.5,2022,2,3,0,1,0,4,0,8,0,7,11,11,8,1,3,13,2,18
1315,1426,599509.5,3512770.5,2022,2,3,0,1,0,3,0,8,7,7,11,11,8,13,13,10,7,0
1296,1447,599572.5,3512827.5,2022,2,3,0,1,0,3,5,1,0,6,6,10,1,5,5,15,6,19
1295,1490,599701.5,3512830.5,2022,2,3,0,1,3,3,5,1,0,6,6,10,1,5,5,15,12,19
1307,1514,599773.5,3512794.5,2022,2,3,0,0,6,3,2,7,10,6,6,10,1,13,10,17,12,16
1296,1533,599830.5,3512827.5,2022,2,3,0,0,0,3,2,7,10,0,5,3,12,13,10,17,12,16
1303,1577,599962.5,3512806.5,2022,1,1,3,4,3,0,4,6,1,6,6,5,10,12,9,15,10,7
1312,1604,600043.5,3512779.5,2022,2,3,3,4,2,1,8,3,9,11,2,7,11,9,0,14,5,13
1303,1647,600172.5,3512806.5,2022,1,1,3,2,5,5,1,2,4,10,4,2,14,2,12,6,14,7
1307,1665,600226.5,3512794.5,2022,0,0,1,0,6,3,2,7,2,0,5,1,13,6,9,11,10,6
1319,1706,600349.5,3512758.5,2022,1,1,2,2,5,5,1,2,4,10,4,6,0,14,7,1,16,4
1304,1712,600367.5,3512803.5,2022,0,0,1,0,6,7,7,0,2,5,1,1,13,6,9,11,0,1
1309,1746,600469.5,3512788.5,2022,0,0,1,0,6,7,7,0,2,5,1,8,9,0,9,11,0,6
1312,1797,600622.5,3512779.5,2022,1,1,3,4,2,1,8,2,4,10,4,2,14,2,12,6,14,11
1303,1800,600631.5,3512806.5,2022,2,3,3,4,2,1,8,3,9,11,2,7,11,9,0,14,5,13
1299,1856,600799.5,3512818.5,2022,1,1,2,2,5,5,1,2,4,10,4,2,0,14,12,1,16,4
1316,1874,600853.5,3512767.5,2022,1,1,2,2,5,5,1,2,4,10,4,2,0,14,12,1,16,4
1315,1915,600976.5,3512770.5,2022,2,3,0,0,6,3,2,7,10,0,5,1,13,6,10,17,12,16
1292,1941,601054.5,3512839.5,2022,1,1,2,2,5,5,1,4,5,2,12,6,4,3,8,16,18,4
1305,1956,601099.5,3512800.5,2022,1,1,3,2,5,5,1,4,5,2,12,2,14,2,8,16,18,11
1317,1983,601180.5,3512764.5,2022,1,1,3,2,5,5,1,2,4,10,4,2,14,2,12,6,18,11
1291,2021,601294.5,3512842.5,2022,1,1,3,2,2,1,8,2,4,10,4,2,14,2,12,6,14,11
1319,2066,601429.5,3512758.5,2022,1,1,3,4,2,5,8,2,4,10,4,2,14,2,12,6,14,7
1300,2095,601516.5,3512815.5,2022,1,1,2,2,5,5,1,4,5,2,12,6,4,3,8,16,4,9
1305,2102,601537.5,3512800.5,2022,1,1,3,2,5,5,1,2,4,10,4,2,0,14,12,6,16,4
1314,2136,601639.5,3512773.5,2022,0,0,2,3,1,2,6,9,8,5,1,9,2,15,6,8,13,10
1300,2179,601768.5,3512815.5,2022,0,1,2,3,1,2,4,6,2,5,1,9,2,15,15,7,13,10
1308,2211,601864.5,3512791.5,2022,1,1,2,2,5,5,1,2,4,10,4,2,0,14,7,1,16,4
1295,2225,601906.5,3512830.5,2022,1,1,2,2,5,5,1,4,5,2,12,9,2,15,15,7,13,10
1316,2276,602059.5,3512767.5,2022,0,0,1,0,6,7,7,0,3,4,9,8,9,8,2,0,11,17
1316,2301,602134.5,3512767.5,2022,0,0,1,3,1,2,6,9,8,5,1,9,2,0,6,8,0,1
1298,2333,602230.5,3512821.5,2022,0,0,1,3,1,2,7,0,8,4,9,8,9,0,6,8,15,12
1291,2341,602254.5,3512842.5,2022,1,1,2,2,5,5,1,2,4,10,4,2,0,14,7,1,16,4
1307,2397,602422.5,3512794.5,2022,0,0,1,3,1,7,7,0,3,4,9,8,9,0,6,8,15,12
1316,2400,602431.5,3512767.5,2022,1,1,2,2,5,5,1,2,4,10,4,2,0,14,7,1,16,4
1319,2454,602593.5,3512758.5,2022,0,0,1,3,1,7,7,0,3,4,9,8,9,0,6,8,15,12
1311,2474,602653.5,3512782.5,2022,0,0,1,3,6,7,7,0,3,4,9,8,9,0,6,8,0,1
1301,2493,602710.5,3512812.5,2022,0,0,1,3,1,7,7,0,2,4,9,8,9,0,6,11,0,1
1293,2536,602839.5,3512836.5,2022,1,1,2,2,5,5,1,2,4,10,4,2,0,14,7,1,16,4
1293,2550,602881.5,3512836.5,2022,0,0,1,3,1,7,7,0,3,4,9,8,9,0,6,8,0,1
1302,2599,603028.5,3512809.5,2022,0,1,2,3,1,2,4,2,4,10,4,2,0,14,7,1,0,1
1307,2615,603076.5,3512794.5,2022,1,1,2,2,5,5,1,4,5,2,12,6,4,3,7,1,16,4
1315,2645,603166.5,3512770.5,2022,1,1,3,2,5,5,1,2,4,10,4,2,0,14,12,6,14,7
1293,2674,603253.5,3512836.5,2022,1,1,3,4,2,1,8,2,4,10,4,2,14,2,12,6,14,7
1316,2718,603385.5,3512767.5,2022,0,0,1,3,1,7,7,0,2,5,1,9,2,0,6,11,0,1
1308,2748,603475.5,3512791.5,2022,1,1,2,2,5,5,1,2,5,2,4,6,0,14,7,1,16,4
1300,2765,603526.5,3512815.5,2022,0,0,1,3,1,7,7,0,2,5,1,9,2,15,9,11,0,6
1308,2817,603682.5,3512791.5,2022,2,3,0,0,3,3,5,1,0,6,6,10,1,5,5,15,10,19
1291,2848,603775.5,3512842.5,2022,1,1,3,4,3,0,4,2,4,10,4,2,14,2,12,6,18,11
1303,2879,603868.5,3512806.5,2022,2,3,0,1,3,3,5,1,0,6,6,10,1,5,5,15,12,19
1290,2905,603946.5,3512845.5,2022,2,3,3,4,2,1,8,3,9,11,2,7,11,9,0,14,5,13
1309,2930,604021.5,3512788.5,2022,2,3,0,1,0,4,0,8,7,8,8,0,7,11,16,3,8,8
1311,2945,604066.5,3512782.5,2022,2,3,0,1,0,4,0,8,7,8,8,0,7,11,16,12,8,5
1302,2994,604213.5,3512809.5,2022,1,1,3,2,5,5,1,4,5,2,12,2,14,2,8,16,18,11
1301,3012,604267.5,3512812.5,2022,1,1,3,4,2,1,8,3,9,11,2,7,11,9,0,14,5,13
1314,3040,604351.5,3512773.5,2022,1,1,3,2,5,5,1,2,4,10,4,2,14,2,12,6,14,7
1311,3062,604417.5,3512782.5,2022,1,1,3,2,5,5,1,2,4,10,4,2,14,2,12,6,14,7
1291,3105,604546.5,3512842.5,2022,1,1,2,2,5,5,4,2,2,5,1,9,0,14,7,1,16,4
1303,3140,604651.5,3512806.5,2022,2,3,0,1,0,3,2,7,0,7,11,11,8,13,13,10,7,0
1296,3163,604720.5,3512827.5,2022,2,3,0,4,3,0,5,1,0,6,6,10,1,5,5,15,10,19
1290,3208,604855.5,3512845.5,2022,1,1,2,2,5,5,1,4,5,2,12,6,4,3,8,16,4,9
1313,3226,604909.5,3512776.5,2022,1,1,2,2,5,5,1,4,5,2,12,6,0,14,7,1,16,4
1307,3253,604990.5,3512794.5,2022,1,1,2,2,5,5,1,2,4,10,4,2,0,14,7,1,16,4
1299,3288,605095.5,3512818.5,2022,0,0,1,3,1,0,4,6,2,5,1,9,2,15,9,7,13,10
1314,3312,605167.5,3512773.5,2022,2,3,0,1,0,4,0,8,7,8,8,0,7,11,16,12,6,5
1295,3333,605230.5,3512830.5,2022,2,3,0,1,0,4,0,8,7,8,8,0,7,11,16,3,8,5
1323,18,595285.5,3512746.5,2022,2,3,0,1,0,3,2,7,10,7,11,11,8,13,13,10,7,0
1333,31,595324.5,3512716.5,2022,2,3,0,0,6,3,2,7,10,0,5,3,12,13,13,10,7,0
1330,74,595453.5,3512725.5,2022,2,3,0,1,0,3,0,8,7,7,11,11,8,1,3,10,7,0
1329,101,595534.5,3512728.5,2022,2,3,0,1,0,3,0,8,7,7,11,11,8,13,13,10,7,0
1328,147,595672.5,3512731.5,2022,2,3,0,1,0,4,0,8,7,8,8,0,7,11,16,3,8,5
1336,161,595714.5,3512707.5,2022,2,3,0,1,0,4,0,8,7,8,8,0,7,11,16,12,6,5
1321,192,595807.5,3512752.5,2022,2,3,0,1,0,3,2,7,10,7,11,11,8,1,3,13,12,16
1341,226,595909.5,3512692.5,2022,2,3,0,1,0,4,5,1,0,7,11,11,8,1,3,13,2,18
1335,242,595957.5,3512710.5,2022,2,3,0,1,0,4,5,1,0,6,6,10,1,5,5,12,6,19
1323,286,596089.5,3512746.5,2022,2,3,0,1,3,0,5,1,0,6,6,10,1,5,5,4,6,19
1338,315,596176.5,3512701.5,2022,2,3,0,1,3,3,5,1,0,6,6,10,1,5,5,15,6,19
1341,340,596251.5,3512692.5,2022,2,3,0,1,0,4,0,8,7,8,8,0,7,11,16,3,8,5
1340,375,596356.5,3512695.5,2022,2,3,0,1,0,3,5,1,0,6,6,10,1,5,5,15,6,19
1325,396,596419.5,3512740.5,2022,2,3,0,1,0,3,5,1,0,6,6,10,1,5,5,15,6,19
1340,427,596512.5,3512695.5,2022,0,0,1,0,6,3,2,7,10,0,5,1,13,6,9,11,10,6
1326,466,596629.5,3512737.5,2022,2,3,0,0,0,3,2,7,10,7,11,11,8,1,10,17,12,16
1349,481,596674.5,3512668.5,2022,2,3,0,1,0,4,0,8,7,7,11,11,8,1,3,13,2,18
1325,519,596788.5,3512740.5,2022,2,3,1,0,3,3,5,1,0,6,6,1,13,6,10,15,12,16
1336,555,596896.5,3512707.5,2022,2,3,0,1,0,4,5,1,0,7,11,11,8,1,3,13,6,18
1339,592,597007.5,3512698.5,2022,2,3,0,0,3,3,2,1,0,6,6,10,13,6,10,15,12,16
1344,628,597115.5,3512683.5,2022,0,0,2,3,1,2,6,9,8,1,10,9,2,15,15,7,13,10
1323,643,597160.5,3512746.5,2022,0,0,2,3,1,2,6,9,8,1,10,9,2,15,15,7,13,10
1348,669,597238.5,3512671.5,2022,1,2,4,5,4,6,3,4,5,2,12,6,4,3,15,16,4,9
1331,715,597376.5,3512722.5,2022,0,0,2,3,1,2,6,9,8,1,10,13,5,10,6,8,9,14
1337,729,597418.5,3512704.5,2022,0,0,2,3,1,2,6,9,8,1,10,9,2,15,6,8,0,1
1323,755,597496.5,3512746.5,2022,0,0,2,3,1,2,6,9,2,5,1,9,2,0,6,11,0,1
1338,794,597613.5,3512701.5,2022,2,3,1,0,3,3,2,1,0,6,6,1,13,6,10,15,12,16
1341,832,597727.5,3512692.5,2022,2,0,1,0,6,3,2,7,10,0,5,1,13,6,10,17,12,16
1335,868,597835.5,3512710.5,2022,1,1,3,4,3,0,4,2,4,10,4,2,14,2,12,6,14,7
1343,884,597883.5,3512686.5,2022,2,3,0,0,0,3,5,1,0,6,6,10,1,5,10,15,12,19
1347,922,597997.5,3512674.5,2022,2,3,0,1,0,3,5,1,0,6,6,10,1,5,5,15,6,19
1342,953,598090.5,3512689.5,2022,2,3,0,1,0,4,5,1,0,7,11,11,8,1,3,13,6,18
1335,980,598171.5,3512710.5,2022,2,3,0,1,0,4,0,8,7,7,11,11,8,1,3,13,2,18
1336,994,598213.5,3512707.5,2022,2,3,0,1,0,4,0,8,7,7,11,0,7,11,3,13,2,18
1333,1024,598303.5,3512716.5,2022,2,3,0,1,0,4,0,8,7,7,11,11,8,1,3,13,2,18
1323,1062,598417.5,3512746.5,2022,2,3,0,0,0,3,2,1,0,6,6,10,1,13,10,17,12,16
1341,1083,598480.5,3512692.5,2022,2,3,0,0,0,3,2,7,10,7,11,11,1,13,10,17,12,16
1332,1138,598645.5,3512719.5,2022,2,3,0,1,0,3,2,7,10,7,11,11,8,1,3,13,2,18
1341,1158,598705.5,3512692.5,2022,2,3,0,0,6,3,2,7,10,7,11,11,8,1,10,17,12,16
1328,1187,598792.5,3512731.5,2022,2,3,0,1,0,3,2,7,10,7,11,11,8,1,3,13,2,18
1348,1210,598861.5,3512671.5,2022,2,3,0,1,0,4,0,8,7,7,11,11,8,1,3,13,2,18
1338,1253,598990.5,3512701.5,2022,2,3,0,1,0,3,2,7,10,7,11,11,8,1,3,13,12,16
1322,1271,599044.5,3512749.5,2022,2,3,0,0,6,3,2,7,10,0,5,3,12,13,10,17,12,16
1345,1307,599152.5,3512680.5,2022,2,3,0,1,0,4,0,8,7,7,11,11,8,1,3,13,2,18
1346,1339,599248.5,3512677.5,2022,2,3,0,1,0,4,0,8,7,7,11,11,8,1,3,13,2,18
1326,1358,599305.5,3512737.5,2022,1,1,3,4,2,1,8,3,9,11,2,5,14,2,12,6,18,11
1332,1383,599380.5,3512719.5,2022,2,0,1,0,6,3,2,7,10,0,5,3,12,8,10,17,12,16
1349,1422,599497.5,3512668.5,2022,2,3,0,1,0,3,2,7,10,7,11,11,8,13,13,10,7,0
1335,1467,599632.5,3512710.5,2022,2,3,0,0,6,3,2,7,10,0,5,3,12,13,10,17,12,16
1331,1498,599725.5,3512722.5,2022,2,3,0,0,6,3,2,7,10,0,5,3,12,13,10,17,12,16
1336,1522,599797.5,3512707.5,2022,2,3,0,1,0,3,2,7,10,7,11,11,12,13,13,10,7,0
1343,1532,599827.5,3512686.5,2022,2,3,0,1,0,4,0,8,0,7,11,11,8,1,3,13,2,18
1323,1577,599962.5,3512746.5,2022,2,3,0,0,6,3,2,7,10,6,6,1,13,6,10,17,12,16
1343,1591,600004.5,3512686.5,2022,2,0,1,0,6,3,2,7,10,0,5,1,13,6,10,17,12,16
1327,1639,600148.5,3512734.5,2022,1,1,3,4,3,0,4,6,2,5,1,1,13,6,9,15,14,7
1320,1665,600226.5,3512755.5,2022,0,0,1,0,6,3,2,7,10,0,5,1,13,6,10,17,12,16
1342,1698,600325.5,3512689.5,2022,1,1,3,4,2,1,8,2,4,10,4,2,14,2,12,6,14,7
1343,1711,600364.5,3512686.5,2022,1,1,3,2,5,5,1,2,4,10,4,2,14,14,12,6,16,4
1338,1747,600472.5,3512701.5,2022,1,1,3,4,3,0,4,6,1,9,0,5,10,12,1,4,1,7
1337,1789,600598.5,3512704.5,2022,1,1,3,2,2,1,8,3,4,10,2,2,14,2,12,6,18,11
1337,1816,600679.5,3512704.5,2022,0,1,2,3,1,0,4,6,2,5,1,9,0,14,9,11,0,1
1349,1856,600799.5,3512668.5,2022,0,0,1,0,6,7,7,0,2,5,1,8,2,0,9,11,10,6
1323,1873,600850.5,3512746.5,2022,1,1,2,2,5,5,1,2,4,10,4,2,0,14,7,1,16,4
1335,1892,600907.5,3512710.5,2022,1,1,2,2,5,5,1,2,4,10,4,2,0,14,7,1,16,4
1342,1945,601066.5,3512689.5,2022,0,0,1,3,1,7,7,0,2,5,9,8,9,0,6,8,15,12
1322,1955,601096.5,3512749.5,2022,1,1,3,4,3,0,4,2,4,10,4,2,14,2,12,6,14,7
1333,2006,601249.5,3512716.5,2022,0,1,2,3,1,2,4,6,2,5,1,9,2,14,7,1,13,10
1323,2020,601291.5,3512746.5,2022,1,1,2,2,5,5,1,2,4,10,4,2,0,14,7,1,16,4
1336,2060,601411.5,3512707.5,2022,1,1,2,2,5,5,1,2,4,10,4,6,0,14,7,1,16,4
1347,2077,601462.5,3512674.5,2022,0,1,2,3,1,2,6,9,8,1,10,13,0,14,7,1,16,4
1342,2128,601615.5,3512689.5,2022,0,0,1,3,1,7,7,0,2,5,1,1,13,0,6,11,0,1
1330,2143,601660.5,3512725.5,2022,0,0,1,3,1,2,7,0,2,5,1,1,0,0,6,11,0,1
1349,2189,601798.5,3512668.5,2022,1,1,2,3,5,5,4,2,4,10,4,2,0,14,7,1,16,4
1330,2195,601816.5,3512725.5,2022,1,1,3,4,5,5,4,2,4,10,4,2,0,14,12,6,14,7
1337,2249,601978.5,3512704.5,2022,0,0,1,3,1,7,7,0,3,4,9,8,9,0,6,8,0,1
1324,2263,602020.5,3512743.5,2022,0,0,1,3,6,7,7,0,3,4,9,8,9,0,6,8,15,12
1347,2282,602077.5,3512674.5,2022,0,0,1,3,1,7,7,0,3,4,9,8,9,0,6,8,0,1
1322,2314,602173.5,3512749.5,2022,0,0,1,3,1,7,7,0,3,4,9,8,9,0,6,8,0,1
1321,2362,602317.5,3512752.5,2022,0,0,1,3,1,7,7,0,3,4,9,8,9,0,6,8,15,12
1345,2395,602416.5,3512680.5,2022,0,0,1,0,6,7,2,0,2,0,5,1,13,6,10,11,0,1
1329,2402,602437.5,3512728.5,2022,0,0,1,3,1,7,7,0,3,4,9,8,9,0,6,8,0,1
1344,2447,602572.5,3512683.5,2022,0,0,1,3,1,7,7,0,3,4,9,8,9,0,6,8,15,1
1335,2486,602689.5,3512710.5,2022,0,0,1,0,6,7,7,0,3,4,9,8,9,8,2,0,11,17
1343,2498,602725.5,3512686.5,2022,0,0,1,0,6,7,7,0,2,5,1,1,13,6,9,11,0,1
1349,2549,602878.5,3512668.5,2022,0,1,2,3,1,2,6,9,8,1,10,13,0,14,7,1,16,4
1328,2574,602953.5,3512731.5,2022,1,1,2,2,5,5,1,2,4,10,4,2,0,14,7,1,16,4
1333,2585,602986.5,3512716.5,2022,1,1,2,3,1,2,6,9,8,1,10,13,5,10,15,7,13,10
1337,2631,603124.5,3512704.5,2022,1,1,2,2,5,5,1,4,5,2,12,6,4,3,8,16,4,9
1344,2665,603226.5,3512683.5,2022,0,1,2,3,1,2,4,6,2,5,1,9,2,15,15,7,13,10
1336,2684,603283.5,3512707.5,2022,0,0,2,3,1,2,4,6,2,5,1,9,2,15,15,7,13,10
1347,2701,603334.5,3512674.5,2022,1,1,3,2,5,5,1,2,4,10,4,2,0,14,12,6,14,7
1342,2756,603499.5,3512689.5,2022,0,0,1,0,6,3,2,7,2,0,5,3,12,13,13,10,10,6
1321,2789,603598.5,3512752.5,2022,1,1,3,4,3,0,4,2,4,10,4,2,14,2,12,6,14,7
1340,2792,603607.5,3512695.5,2022,1,1,3,4,2,1,8,3,9,11,2,2,14,2,12,6,14,7
1343,2830,603721.5,3512686.5,2022,1,1,3,4,2,1,8,2,4,10,4,2,14,2,12,6,14,7
1336,2859,603808.5,3512707.5,2022,1,1,3,4,2,1,8,2,4,10,4,2,14,2,12,6,14,7
1320,2886,603889.5,3512755.5,2022,0,0,1,3,3,0,4,6,2,5,1,9,2,15,9,11,0,1
1328,2920,603991.5,3512731.5,2022,2,3,0,1,0,4,0,8,7,7,11,10,1,5,5,12,6,5
1341,2944,604063.5,3512692.5,2022,1,1,3,2,5,5,1,4,5,2,12,6,4,3,8,16,18,11
1335,2983,604180.5,3512710.5,2022,1,1,2,2,5,5,1,2,4,10,4,2,0,14,12,1,16,4
1329,3001,604234.5,3512728.5,2022,0,0,1,0,3,0,4,1,2,5,6,1,13,6,9,15,10,6
1346,3039,604348.5,3512677.5,2022,1,1,2,2,5,5,1,2,4,10,4,2,0,14,7,1,16,4
1341,3067,604432.5,3512692.5,2022,0,0,1,0,6,7,7,0,2,5,1,1,13,6,9,11,0,6
1335,3113,604570.5,3512710.5,2022,0,0,1,0,6,7,7,0,3,4,9,8,9,8,2,0,11,17
1334,3130,604621.5,3512713.5,2022,2,3,0,1,0,4,0,8,7,7,11,11,8,5,5,12,6,5
1336,3164,604723.5,3512707.5,2022,0,0,1,0,6,3,2,7,2,0,5,1,13,6,9,11,10,6
1333,3206,604849.5,3512716.5,2022,0,0,1,0,6,3,2,7,2,0,5,1,13,6,9,11,10,6
1327,3238,604945.5,3512734.5,2022,1,1,2,3,5,2,4,6,2,5,1,9,0,14,7,1,16,10
1339,3258,605005.5,3512698.5,2022,1,1,2,2,5,5,1,2,4,10,4,2,0,14,7,1,16,4
1334,3290,605101.5,3512713.5,2022,1,1,3,4,2,1,8,2,4,10,4,2,14,2,12,6,18,11
1343,3300,605131.5,3512686.5,2022,2,3,3,4,2,1,8,3,9,11,2,7,11,9,0,14,5,13
1336,3330,605221.5,3512707.5,2022,2,3,0,1,0,4,0,8,7,8,8,0,7,11,16,3,8,5
1377,7,595252.5,3512584.5,2022,2,3,0,4,0,1,5,1,0,6,6,7,1,5,5,12,6,19
1354,59,595408.5,3512653.5,2022,2,3,0,1,0,4,0,8,7,7,11,11,8,1,3,13,7,0
1375,80,595471.5,3512590.5,2022,2,3,0,1,0,4,0,8,7,7,11,11,8,1,3,12,2,18
1364,106,595549.5,3512623.5,2022,2,3,0,1,0,4,0,8,7,7,11,11,8,1,3,13,7,0
1357,123,595600.5,3512644.5,2022,2,3,0,1,0,4,0,8,7,7,11,11,8,1,3,13,2,18
1350,150,595681.5,3512665.5,2022,2,3,0,1,0,4,0,8,7,8,8,0,7,11,16,13,2,18
1353,205,595846.5,3512656.5,2022,2,3,0,1,0,3,0,8,10,7,11,11,8,1,3,13,2,18
1363,212,595867.5,3512626.5,2022,2,3,0,4,3,0,5,1,0,6,6,10,1,5,5,15,1,19
1370,253,595990.5,3512605.5,2022,1,2,4,5,4,6,3,5,6,3,7,12,6,7,11,2,3,15
1350,296,596119.5,3512665.5,2022,2,3,0,1,0,4,0,8,7,8,8,0,7,11,16,12,2,5
1371,314,596173.5,3512602.5,2022,2,3,0,1,0,4,0,8,7,7,11,11,8,1,3,13,2,18
1375,353,596290.5,3512590.5,2022,2,3,0,1,0,4,0,8,7,7,11,11,8,1,3,13,7,0
1379,367,596332.5,3512578.5,2022,2,3,0,0,0,3,2,7,10,0,11,11,8,1,10,17,12,16
1377,403,596440.5,3512584.5,2022,2,3,0,1,0,4,0,8,7,7,11,11,8,1,3,13,2,18
1366,440,596551.5,3512617.5,2022,2,3,0,1,0,4,0,8,7,7,11,11,8,1,3,12,7,0
1355,450,596581.5,3512650.5,2022,2,3,0,1,0,4,0,8,7,7,11,11,8,1,3,13,2,18
1361,486,596689.5,3512632.5,2022,2,3,0,1,0,3,5,1,0,6,6,10,1,5,5,15,12,19
1362,531,596824.5,3512629.5,2022,2,3,0,0,0,3,2,7,10,6,6,11,8,1,10,17,12,16
1358,569,596938.5,3512641.5,2022,2,3,0,0,3,3,5,1,0,6,6,1,13,6,10,17,12,16
1373,589,596998.5,3512596.5,2022,2,3,1,0,3,0,5,1,0,6,6,1,13,6,9,15,12,19
1374,611,597064.5,3512593.5,2022,2,3,0,0,3,3,5,1,0,6,6,1,13,6,10,15,12,19
1365,652,597187.5,3512620.5,2022,1,1,2,2,5,5,1,4,5,2,12,6,0,14,7,1,16,4
1364,667,597232.5,3512623.5,2022,1,2,4,5,4,6,3,5,6,3,3,4,3,4,4,5,17,3
1364,719,597388.5,3512623.5,2022,0,0,1,0,3,0,4,1,2,6,6,1,13,6,9,15,10,6
1369,739,597448.5,3512608.5,2022,0,0,1,3,1,7,7,0,2,5,1,9,2,0,9,11,0,6
1366,761,597514.5,3512617.5,2022,2,3,0,1,0,3,0,8,0,7,11,11,8,1,3,13,2,18
1368,800,597631.5,3512611.5,2022,2,3,0,0,6,3,2,7,10,0,11,11,8,1,10,17,12,16
1374,824,597703.5,3512593.5,2022,2,3,0,1,0,4,0,8,7,7,11,11,8,1,3,13,2,18
1376,864,597823.5,3512587.5,2022,2,3,0,1,0,4,0,8,7,7,11,11,8,1,3,13,2,18
1376,878,597865.5,3512587.5,2022,2,3,0,1,0,4,0,8,7,7,11,11,8,1,3,13,2,18
1371,916,597979.5,3512602.5,2022,2,3,0,4,3,3,5,1,0,6,6,10,1,5,5,15,12,19
1369,939,598048.5,3512608.5,2022,2,3,0,1,0,4,0,8,7,7,11,11,8,1,3,13,2,18
1363,987,598192.5,3512626.5,2022,2,3,0,1,0,4,0,8,7,7,11,11,8,1,3,13,2,18
1372,994,598213.5,3512599.5,2022,2,3,0,1,0,4,0,8,7,7,11,11,8,1,3,13,2,18
1360,1032,598327.5,3512635.5,2022,2,3,0,1,0,3,5,1,0,6,6,10,1,5,5,15,12,19
1372,1061,598414.5,3512599.5,2022,2,3,0,1,0,4,0,8,7,7,11,11,8,1,3,13,2,18
1369,1092,598507.5,3512608.5,2022,2,3,0,1,0,3,5,1,0,6,6,10,1,5,5,15,12,19
1364,1134,598633.5,3512623.5,2022,2,3,0,1,0,4,0,8,7,7,11,11,8,1,3,13,2,18
1363,1158,598705.5,3512626.5,2022,2,3,0,1,0,4,0,8,7,7,11,11,8,1,3,13,2,18
1357,1179,598768.5,3512644.5,2022,2,3,0,1,0,4,0,8,7,7,11,11,8,1,3,13,2,18
1358,1202,598837.5,3512641.5,2022,2,3,0,1,0,3,2,7,10,7,11,11,8,1,3,13,12,16
1360,1256,598999.5,3512635.5,2022,2,3,0,1,0,4,0,8,7,7,11,11,8,1,3,13,2,18
1370,1267,599032.5,3512605.5,2022,2,3,0,1,0,4,0,8,7,7,11,11,8,1,3,13,2,18
1366,1304,599143.5,3512617.5,2022,2,3,3,4,3,0,5,1,0,6,6,10,1,5,5,15,14,7
1351,1343,599260.5,3512662.5,2022,2,3,3,4,2,1,8,3,9,11,2,7,11,9,0,14,5,13
1351,1352,599287.5,3512662.5,2022,1,1,3,4,2,1,8,3,9,11,2,7,14,2,0,14,18,11
1364,1406,599449.5,3512623.5,2022,2,3,0,0,3,3,5,1,0,6,6,1,13,6,10,15,12,19
1357,1413,599470.5,3512644.5,2022,2,3,1,0,6,3,2,7,10,0,6,1,13,6,10,17,12,16
1361,1468,599635.5,3512632.5,2022,2,3,0,0,0,3,2,7,10,0,11,11,8,1,10,17,12,16
1356,1496,599719.5,3512647.5,2022,2,3,0,1,0,4,0,8,7,7,11,11,8,1,3,13,2,18
1357,1517,599782.5,3512644.5,2022,2,3,0,1,0,4,0,8,7,7,11,0,7,11,3,13,2,18
1374,1535,599836.5,3512593.5,2022,2,3,0,1,0,4,0,8,7,7,11,11,8,1,3,13,7,0
1371,1574,599953.5,3512602.5,2022,2,3,0,1,0,4,0,8,7,7,11,11,8,1,3,13,2,18
1357,1613,600070.5,3512644.5,2022,2,3,0,1,0,3,5,1,0,6,6,10,1,5,5,15,12,19
1354,1621,600094.5,3512653.5,2022,1,1,2,4,3,0,4,6,1,9,0,5,10,15,15,7,13,10
1372,1667,600232.5,3512599.5,2022,2,3,0,0,3,3,5,1,0,6,6,10,1,6,5,15,10,19
1357,1687,600292.5,3512644.5,2022,2,3,3,4,2,1,8,3,9,11,2,7,11,9,0,14,5,13
1353,1724,600403.5,3512656.5,2022,1,1,3,4,2,1,8,2,4,10,4,2,14,2,12,6,14,11
1371,1740,600451.5,3512602.5,2022,1,1,3,4,2,1,8,2,4,10,4,2,14,2,12,6,18,11
1375,1798,600625.5,3512590.5,2022,2,3,1,0,3,3,5,1,0,6,6,10,13,6,10,15,10,19
1373,1821,600694.5,3512596.5,2022,0,0,1,0,6,3,2,7,10,0,5,1,13,6,10,17,12,16
1363,1849,600778.5,3512626.5,2022,0,0,1,0,6,3,2,7,10,0,5,3,12,13,13,10,10,6
1365,1862,600817.5,3512620.5,2022,0,0,1,0,6,7,2,7,2,0,5,3,12,6,9,11,10,6
1369,1918,600985.5,3512608.5,2022,1,1,3,4,3,0,4,2,4,10,4,2,14,14,12,6,14,7
1372,1943,601060.5,3512599.5,2022,0,0,1,0,6,7,2,7,10,0,5,3,12,8,2,0,11,17
1364,1962,601117.5,3512623.5,2022,0,0,1,0,6,7,2,7,10,0,5,3,12,8,2,0,11,17
1352,1983,601180.5,3512659.5,2022,0,0,1,0,3,7,4,0,2,5,1,1,13,6,9,11,0,1
1363,2021,601294.5,3512626.5,2022,0,0,1,3,6,7,7,0,2,5,1,1,2,6,9,11,0,6
1362,2047,601372.5,3512629.5,2022,0,1,2,3,3,0,4,2,2,5,1,2,0,14,9,11,0,1
1364,2082,601477.5,3512623.5,2022,0,0,1,0,6,7,7,0,2,5,1,1,13,6,9,11,0,1
1377,2106,601549.5,3512584.5,2022,0,0,1,0,6,7,7,0,3,0,5,3,9,8,2,0,11,17
1365,2157,601702.5,3512620.5,2022,0,0,1,3,6,7,7,0,3,4,9,8,9,0,6,8,15,1
1379,2164,601723.5,3512578.5,2022,1,1,2,2,5,5,1,2,4,10,4,2,0,14,7,1,16,4
1356,2190,601801.5,3512647.5,2022,1,1,2,2,5,5,4,2,4,10,4,9,0,14,7,1,16,4
1356,2224,601903.5,3512647.5,2022,0,0,1,0,6,7,7,0,3,4,9,8,9,8,2,0,11,17
1366,2271,602044.5,3512617.5,2022,0,0,1,3,1,2,6,9,2,5,1,9,2,0,6,8,0,1
1364,2283,602080.5,3512623.5,2022,1,1,2,3,1,2,6,9,8,5,1,9,0,14,7,1,16,4
1364,2312,602167.5,3512623.5,2022,0,0,1,3,1,2,4,0,2,5,1,9,2,0,6,11,0,1
1362,2341,602254.5,3512629.5,2022,0,0,1,3,1,7,7,0,2,5,1,8,9,0,6,8,0,12
1359,2390,602401.5,3512638.5,2022,1,1,2,2,5,5,1,2,4,10,4,2,0,14,7,1,16,4
1356,2408,602455.5,3512647.5,2022,0,0,1,3,6,7,7,0,2,5,1,1,13,6,9,11,0,1
1367,2456,602599.5,3512614.5,2022,0,0,1,0,3,0,4,6,2,5,1,1,13,6,9,11,0,1
1369,2482,602677.5,3512608.5,2022,0,0,1,0,6,7,2,7,10,0,5,1,13,6,10,17,12,16
1366,2496,602719.5,3512617.5,2022,0,0,1,0,6,3,2,7,10,0,5,3,12,8,10,17,12,16
1354,2530,602821.5,3512653.5,2022,1,1,2,2,5,5,4,2,4,10,4,2,0,14,7,1,16,4
1353,2579,602968.5,3512656.5,2022,1,1,2,2,5,2,1,9,8,1,10,9,0,14,7,1,16,4
1356,2598,603025.5,3512647.5,2022,1,1,3,2,5,5,1,2,4,10,4,2,0,14,12,6,16,4
1358,2636,603139.5,3512641.5,2022,0,0,1,3,1,0,4,6,2,5,1,9,2,15,9,11,0,6
1369,2657,603202.5,3512608.5,2022,1,1,3,2,5,5,1,2,4,10,4,2,0,14,12,6,16,7
1368,2681,603274.5,3512611.5,2022,1,1,2,2,5,5,4,2,4,10,4,2,0,14,7,1,16,7
1364,2723,603400.5,3512623.5,2022,1,1,2,2,5,5,1,2,4,10,4,2,0,14,7,1,16,4
1367,2742,603457.5,3512614.5,2022,1,1,2,2,5,5,1,4,5,2,12,6,4,3,8,16,4,9
1368,2762,603517.5,3512611.5,2022,2,3,0,1,0,3,0,8,10,7,11,11,8,13,13,10,7,0
1355,2810,603661.5,3512650.5,2022,1,1,3,4,2,1,8,2,4,10,4,2,14,2,12,6,14,7
1364,2826,603709.5,3512623.5,2022,2,3,0,0,3,3,2,7,0,6,6,10,1,13,13,10,10,0
1355,2856,603799.5,3512650.5,2022,2,3,0,0,3,3,5,1,0,6,6,10,1,13,13,10,10,0
1373,2882,603877.5,3512596.5,2022,0,0,1,3,1,0,4,6,2,5,1,9,2,15,9,11,0,1
1375,2916,603979.5,3512590.5,2022,0,0,1,3,3,0,4,6,2,5,1,9,2,15,9,7,10,6
1354,2957,604102.5,3512653.5,2022,1,1,2,2,5,5,1,4,5,2,12,6,4,3,8,16,18,9
1358,2994,604213.5,3512641.5,2022,1,1,3,2,5,5,1,2,4,10,4,2,14,2,12,6,18,11
1353,3024,604303.5,3512656.5,2022,1,1,3,4,2,1,8,2,4,10,4,2,14,2,12,6,14,7
1358,3035,604336.5,3512641.5,2022,1,1,3,4,3,0,4,2,4,10,4,2,14,2,12,6,14,7
1360,3061,604414.5,3512635.5,2022,0,0,1,0,3,3,2,1,0,6,6,1,13,6,9,15,10,6
1365,3105,604546.5,3512620.5,2022,2,3,1,0,6,3,2,7,10,6,6,1,13,6,10,15,12,16
1373,3140,604651.5,3512596.5,2022,0,0,1,3,1,0,4,6,2,5,1,9,2,15,9,11,0,1
1378,3178,604765.5,3512581.5,2022,0,0,1,0,6,3,2,7,2,5,1,1,13,6,9,11,10,6
1363,3190,604801.5,3512626.5,2022,0,1,2,2,5,5,4,2,4,10,4,2,0,14,7,1,16,4
1355,3222,604897.5,3512650.5,2022,0,0,1,0,3,0,4,6,2,5,1,1,13,6,9,11,0,6
1366,3261,605014.5,3512617.5,2022,2,3,0,1,0,3,5,1,0,6,6,10,1,5,5,15,12,19
1366,3288,605095.5,3512617.5,2022,2,3,0,1,0,4,0,8,7,8,8,0,7,11,16,3,8,8
1357,3328,605215.5,3512644.5,2022,2,3,0,1,0,4,0,8,7,8,8,0,7,11,16,3,8,8
1376,3330,605221.5,3512587.5,2022,2,3,3,4,2,1,8,3,9,11,2,7,11,9,0,14,5,13
1404,3,595240.5,3512503.5,2022,2,3,0,1,0,3,0,8,10,7,11,11,8,13,13,10,7,0
1409,51,595384.5,3512488.5,2022,2,3,0,0,0,3,2,7,10,7,11,3,12,13,13,10,7,0
1405,70,595441.5,3512500.5,2022,2,3,0,1,0,3,2,7,10,7,11,11,8,1,13,10,7,0
1387,92,595507.5,3512554.5,2022,2,3,0,1,0,3,2,7,10,7,11,3,12,13,13,10,7,0
1380,120,595591.5,3512575.5,2022,2,3,0,1,0,4,5,8,0,7,11,10,1,5,5,12,6,0
1401,161,595714.5,3512512.5,2022,2,3,3,4,3,0,4,6,2,6,6,1,13,6,9,15,10,6
1398,185,595786.5,3512521.5,2022,2,3,0,1,0,4,0,8,7,7,11,11,8,1,3,12,6,5
1381,219,595888.5,3512572.5,2022,1,2,4,5,4,6,3,5,6,3,7,12,6,7,11,2,3,15
1401,241,595954.5,3512512.5,2022,2,3,0,1,0,3,5,1,0,7,11,11,8,1,3,13,2,18
1387,285,596086.5,3512554.5,2022,2,3,0,1,0,3,5,1,0,6,6,10,1,5,5,15,6,19
1385,329,596218.5,3512560.5,2022,2,3,0,1,0,4,0,8,7,7,11,11,8,13,13,10,7,0
1380,334,596233.5,3512575.5,2022,2,3,0,1,0,4,0,8,7,7,11,11,8,1,3,13,7,0
1390,363,596320.5,3512545.5,2022,2,3,0,1,0,3,5,1,0,7,11,11,8,1,5,13,7,19
1399,393,596410.5,3512518.5,2022,2,3,0,1,0,3,2,7,0,7,11,11,8,1,3,13,12,16
1384,421,596494.5,3512563.5,2022,2,3,0,1,0,4,0,8,7,7,11,11,8,1,3,13,7,18
1399,466,596629.5,3512518.5,2022,2,3,0,1,0,4,5,1,0,6,6,10,1,5,5,12,6,19
1401,496,596719.5,3512512.5,2022,2,3,0,1,3,3,5,1,0,6,6,10,1,5,5,15,6,19
1387,539,596848.5,3512554.5,2022,2,3,0,1,0,3,5,1,0,6,6,11,8,5,5,15,12,19
1403,547,596872.5,3512506.5,2022,2,3,0,1,0,4,5,1,0,6,6,11,8,5,5,12,6,5
1397,583,596980.5,3512524.5,2022,0,0,1,0,3,0,4,6,2,5,1,1,13,6,9,11,10,6
1390,626,597109.5,3512545.5,2022,0,0,2,3,1,2,4,9,2,5,1,9,2,15,15,7,13,10
1405,646,597169.5,3512500.5,2022,0,0,1,0,6,3,2,7,10,0,5,1,13,6,10,17,12,1
1395,669,597238.5,3512530.5,2022,0,1,2,3,1,0,4,6,2,5,1,9,2,15,15,7,13,10
1404,698,597325.5,3512503.5,2022,2,3,0,0,0,3,2,1,0,6,6,11,13,1,10,17,12,16
1400,749,597478.5,3512515.5,2022,2,0,1,0,3,3,2,7,0,6,6,1,13,6,10,15,10,6
1388,762,597517.5,3512551.5,2022,2,3,0,1,0,4,0,8,7,7,11,11,8,1,3,13,2,18
1394,784,597583.5,3512533.5,2022,2,3,0,0,3,3,5,1,0,6,6,10,1,5,5,15,12,19
1380,834,597733.5,3512575.5,2022,2,3,0,1,0,4,0,8,7,7,11,11,8,1,3,13,2,18
1384,841,597754.5,3512563.5,2022,2,3,0,1,0,4,0,8,7,7,11,11,8,1,3,13,2,18
1409,874,597853.5,3512488.5,2022,2,3,0,1,0,3,5,1,0,6,6,10,1,5,5,15,6,19
1392,927,598012.5,3512539.5,2022,2,3,0,1,0,4,0,8,7,7,11,0,7,11,3,3,2,8
1389,952,598087.5,3512548.5,2022,2,3,0,1,0,4,0,8,7,7,11,11,8,1,3,13,2,18
1409,978,598165.5,3512488.5,2022,2,3,0,1,0,3,5,1,0,6,6,10,1,5,10,17,12,19
1399,993,598210.5,3512518.5,2022,2,3,0,0,0,3,2,7,10,7,11,11,8,1,10,17,12,16
1404,1034,598333.5,3512503.5,2022,2,3,0,0,6,3,2,7,0,6,6,10,13,6,10,17,12,16
1398,1068,598435.5,3512521.5,2022,2,3,0,0,6,3,2,7,10,0,5,10,13,13,10,17,12,16
1387,1109,598558.5,3512554.5,2022,2,3,0,1,0,4,0,8,7,7,11,11,8,1,3,13,2,18
1389,1138,598645.5,3512548.5,2022,2,3,0,1,0,3,0,8,7,7,11,11,8,1,3,13,2,18
1389,1146,598669.5,3512548.5,2022,2,3,0,1,0,3,2,7,10,7,11,11,8,1,3,13,2,18
1392,1181,598774.5,3512539.5,2022,0,0,1,0,6,3,2,7,10,0,5,1,13,6,10,17,12,16
1394,1206,598849.5,3512533.5,2022,0,0,1,0,6,7,2,7,10,0,5,1,13,6,10,17,11,16
1384,1247,598972.5,3512563.5,2022,2,3,0,1,0,4,0,8,7,7,11,11,8,1,3,13,2,18
1381,1281,599074.5,3512572.5,2022,2,3,0,1,0,4,0,8,7,7,11,11,8,1,3,13,2,18
1388,1304,599143.5,3512551.5,2022,1,1,3,4,2,1,8,3,9,11,2,7,14,2,0,14,18,11
1404,1335,599236.5,3512503.5,2022,2,3,3,4,3,1,5,1,0,6,6,10,1,5,5,15,14,7
1409,1374,599353.5,3512488.5,2022,2,3,3,4,2,1,8,3,9,11,2,7,11,9,0,14,14,7
1396,1409,599458.5,3512527.5,2022,2,1,3,4,2,1,8,3,9,11,2,7,11,9,0,14,14,13
1389,1435,599536.5,3512548.5,2022,2,3,0,1,0,3,2,7,10,7,11,11,8,1,3,13,12,18
1386,1467,599632.5,3512557.5,2022,2,3,0,1,0,3,2,7,10,7,11,11,12,13,13,10,7,0
1397,1492,599707.5,3512524.5,2022,2,3,0,1,0,4,0,8,7,7,11,11,8,1,3,13,7,18
1405,1527,599812.5,3512500.5,2022,2,3,0,1,0,4,5,8,7,8,8,0,7,11,16,12,6,5
1400,1534,599833.5,3512515.5,2022,2,3,3,4,2,1,8,3,9,11,2,7,14,2,12,6,14,7
1388,1567,599932.5,3512551.5,2022,2,3,0,1,0,4,0,8,7,7,11,11,8,1,3,13,2,18
1393,1594,600013.5,3512536.5,2022,2,3,0,0,3,3,5,1,0,6,6,10,13,5,5,15,12,19
1381,1645,600166.5,3512572.5,2022,0,0,1,0,6,7,7,0,2,0,5,1,13,6,9,11,0,6
1405,1661,600214.5,3512500.5,2022,1,1,3,4,2,1,8,2,4,10,4,2,14,2,12,6,14,7
1392,1685,600286.5,3512539.5,2022,0,1,3,4,3,0,4,6,2,5,1,9,2,15,9,11,10,6
1384,1722,600397.5,3512563.5,2022,2,3,1,0,3,0,5,1,0,6,6,1,13,6,9,15,10,6
1390,1745,600466.5,3512545.5,2022,0,0,1,0,3,0,4,6,2,5,1,1,13,6,9,11,0,1
1391,1770,600541.5,3512542.5,2022,0,0,2,3,1,2,4,6,2,5,1,9,2,15,9,11,0,10
1403,1817,600682.5,3512506.5,2022,2,3,0,0,3,3,2,1,0,6,6,10,13,6,10,15,12,19
1380,1843,600760.5,3512575.5,2022,0,0,1,3,3,7,4,6,2,5,1,1,13,6,9,11,0,1
1395,1878,600865.5,3512530.5,2022,1,1,3,4,2,1,8,2,4,10,4,2,14,2,12,6,14,11
1391,1918,600985.5,3512542.5,2022,0,0,1,0,6,7,2,7,10,0,5,3,12,8,2,0,11,17
1400,1948,601075.5,3512515.5,2022,0,0,1,0,6,7,7,0,3,4,9,8,9,8,2,0,11,17
1390,1953,601090.5,3512545.5,2022,0,0,1,0,6,7,7,0,3,0,5,3,12,8,2,0,11,17
1390,1983,601180.5,3512545.5,2022,1,1,3,4,2,1,8,2,4,10,4,2,14,2,12,6,14,7
1402,2015,601276.5,3512509.5,2022,1,1,3,4,3,0,4,2,4,10,4,2,14,2,12,6,14,7
1394,2067,601432.5,3512533.5,2022,0,0,1,0,6,7,7,0,3,4,9,8,9,8,2,0,11,17
1380,2071,601444.5,3512575.5,2022,0,0,1,3,6,7,7,0,3,4,9,8,9,0,6,11,0,1
1380,2107,601552.5,3512575.5,2022,0,0,1,0,6,7,7,0,3,0,5,3,9,8,2,0,11,17
1390,2151,601684.5,3512545.5,2022,0,0,1,3,1,7,7,0,3,4,9,8,9,0,6,8,0,1
1385,2180,601771.5,3512560.5,2022,0,0,1,3,1,0,4,6,2,5,1,1,13,6,9,11,0,1
1390,2195,601816.5,3512545.5,2022,0,0,1,3,3,7,4,0,2,5,1,1,13,6,9,11,0,1
1398,2234,601933.5,3512521.5,2022,0,0,1,0,6,7,7,0,3,4,9,8,9,0,6,11,0,1
1390,2273,602050.5,3512545.5,2022,1,1,2,2,5,2,6,9,8,1,10,13,0,14,7,1,16,4
1397,2291,602104.5,3512524.5,2022,1,1,2,2,5,2,6,2,4,10,4,2,0,14,7,1,16,4
1391,2317,602182.5,3512542.5,2022,0,0,1,3,1,7,7,0,3,4,9,8,9,0,6,8,15,12
1389,2358,602305.5,3512548.5,2022,0,0,1,0,6,7,7,0,3,4,9,8,9,8,2,0,11,17
1390,2379,602368.5,3512545.5,2022,0,0,1,0,3,3,2,7,2,5,1,1,13,6,9,11,0,6
1390,2424,602503.5,3512545.5,2022,0,0,1,3,3,0,4,6,2,5,1,1,13,6,9,11,0,1
1408,2441,602554.5,3512491.5,2022,1,1,3,4,3,0,4,2,2,5,1,2,13,6,9,11,14,7
1383,2468,602635.5,3512566.5,2022,0,0,1,0,6,7,7,0,3,4,9,8,9,8,2,11,0,1
1394,2515,602776.5,3512533.5,2022,0,0,1,0,6,7,7,0,3,0,5,8,9,8,2,0,11,17
1404,2540,602851.5,3512503.5,2022,0,0,1,3,6,7,7,0,3,4,9,8,9,0,6,11,0,1
1398,2552,602887.5,3512521.5,2022,0,0,2,3,1,2,6,9,8,1,10,13,5,0,6,8,9,12
1381,2597,603022.5,3512572.5,2022,0,0,1,0,6,3,2,7,10,0,5,3,12,13,9,11,10,6
1401,2622,603097.5,3512512.5,2022,0,1,1,3,3,0,4,2,2,5,1,1,13,6,9,11,0,1
1394,2652,603187.5,3512533.5,2022,1,1,3,2,5,5,1,2,4,10,4,2,14,2,12,6,14,7
1384,2696,603319.5,3512563.5,2022,1,1,2,2,5,5,1,2,4,10,4,2,0,14,7,1,16,4
1395,2708,603355.5,3512530.5,2022,1,1,3,2,5,5,1,2,4,10,4,2,0,14,12,1,16,4
1384,2732,603427.5,3512563.5,2022,1,1,3,2,5,5,1,2,4,10,4,2,14,2,12,6,14,11
1392,2787,603592.5,3512539.5,2022,1,1,3,2,5,5,1,2,4,10,4,2,14,2,12,6,18,11
1400,2813,603670.5,3512515.5,2022,2,3,3,4,2,1,8,3,9,11,2,7,11,9,0,14,5,13
1402,2841,603754.5,3512509.5,2022,1,1,3,4,2,1,8,2,4,10,4,2,14,2,12,6,14,7
1383,2877,603862.5,3512566.5,2022,0,0,1,3,1,7,4,6,2,5,1,9,2,15,9,11,0,6
1402,2905,603946.5,3512509.5,2022,1,1,2,2,5,5,1,4,5,2,12,6,4,3,8,16,4,9
1404,2937,604042.5,3512503.5,2022,1,1,2,2,5,5,1,4,5,2,12,6,4,14,7,1,16,4
1396,2965,604126.5,3512527.5,2022,1,1,2,3,3,0,4,6,2,5,1,9,2,15,15,7,13,10
1406,2970,604141.5,3512497.5,2022,1,1,2,2,5,5,1,2,5,2,4,6,0,14,7,1,16,4
1400,3018,604285.5,3512515.5,2022,2,3,0,1,0,4,0,8,7,8,8,0,7,11,16,12,8,5
1402,3053,604390.5,3512509.5,2022,0,0,1,3,1,0,4,6,2,5,1,1,13,6,9,11,0,1
1402,3072,604447.5,3512509.5,2022,0,0,1,3,1,2,4,0,2,5,1,9,2,0,9,11,0,1
1396,3094,604513.5,3512527.5,2022,0,0,1,0,6,7,7,0,3,4,9,1,13,6,9,11,0,1
1390,3120,604591.5,3512545.5,2022,0,0,1,0,3,0,4,6,2,5,1,9,2,15,9,11,10,6
1406,3153,604690.5,3512497.5,2022,1,1,3,2,5,5,1,2,4,10,4,2,0,14,12,6,14,7
1391,3186,604789.5,3512542.5,2022,2,3,0,1,0,4,0,8,7,8,8,0,7,11,16,12,6,5
1407,3235,604936.5,3512494.5,2022,1,1,2,2,5,5,1,4,5,2,12,6,4,3,7,1,16,4
1408,3269,605038.5,3512491.5,2022,1,1,3,4,2,1,8,2,4,10,2,2,14,2,12,6,14,7
1404,3287,605092.5,3512503.5,2022,1,3,3,4,2,1,8,3,9,11,2,7,11,9,0,14,5,13
1382,3318,605185.5,3512569.5,2022,2,3,3,4,2,1,8,3,9,11,2,7,11,9,0,14,5,13
1404,3332,605227.5,3512503.5,2022,1,1,3,2,2,5,1,2,4,10,4,2,14,2,12,6,18,11
1410,3,595240.5,3512485.5,2022,2,3,0,1,0,3,2,7,10,7,11,11,12,13,13,10,7,0
1415,51,595384.5,3512470.5,2022,2,3,0,0,6,3,2,7,10,0,5,3,12,13,13,17,12,16
1412,63,595420.5,3512479.5,2022,2,3,0,1,0,4,0,8,7,7,11,11,8,1,3,13,7,0
1429,117,595582.5,3512428.5,2022,2,3,0,0,6,3,2,7,10,7,11,11,8,1,10,17,12,16
1412,122,595597.5,3512479.5,2022,2,3,0,0,3,3,5,1,0,6,6,10,13,6,10,15,12,19
1417,170,595741.5,3512464.5,2022,2,3,0,1,0,4,5,1,0,6,6,10,1,5,5,12,6,5
1429,203,595840.5,3512428.5,2022,2,3,0,1,0,4,0,8,7,7,8,0,7,11,3,13,2,18
1427,211,595864.5,3512434.5,2022,2,3,0,1,0,4,0,8,7,8,8,0,7,11,16,3,8,18
1431,265,596026.5,3512422.5,2022,2,3,0,1,0,4,0,8,7,8,8,0,7,11,16,12,6,5
1437,276,596059.5,3512404.5,2022,2,3,0,1,0,4,5,1,0,6,6,10,1,5,5,12,6,19
1415,306,596149.5,3512470.5,2022,2,3,0,1,0,4,5,1,0,6,6,10,1,5,5,12,6,19
1429,355,596296.5,3512428.5,2022,2,3,0,1,0,4,0,8,7,8,8,0,7,11,3,12,6,5
1437,369,596338.5,3512404.5,2022,2,3,0,1,0,4,0,8,7,8,8,0,7,11,16,12,8,5
1430,414,596473.5,3512425.5,2022,2,3,0,1,0,4,0,8,7,8,8,0,7,11,16,13,2,5
1431,439,596548.5,3512422.5,2022,2,3,0,1,0,4,0,8,7,7,11,11,8,1,3,12,7,5
1420,473,596650.5,3512455.5,2022,2,3,0,1,0,4,0,8,7,8,8,0,7,11,3,13,2,5
1420,496,596719.5,3512455.5,2022,2,3,0,1,0,3,5,1,0,6,6,10,1,5,5,15,6,19
1420,517,596782.5,3512455.5,2022,2,3,0,1,0,4,0,8,7,7,11,11,8,1,3,12,6,5
1414,548,596875.5,3512473.5,2022,2,3,0,4,3,0,5,1,0,6,6,10,1,5,5,4,1,2
1411,581,596974.5,3512482.5,2022,2,3,0,0,6,3,2,7,10,0,5,3,12,13,10,17,12,16
1424,602,597037.5,3512443.5,2022,2,3,0,1,0,4,0,8,7,7,11,11,8,1,3,13,2,18
1437,659,597208.5,3512404.5,2022,2,3,0,0,3,3,5,1,0,6,6,1,13,6,10,15,12,19
1419,685,597286.5,3512458.5,2022,2,3,0,1,0,4,0,8,7,7,11,11,8,1,3,13,2,18
1432,718,597385.5,3512419.5,2022,0,0,1,3,3,0,4,6,2,5,1,9,2,15,15,7,13,10
1428,743,597460.5,3512431.5,2022,0,0,1,3,3,0,4,6,2,5,1,9,2,15,9,11,13,6
1419,759,597508.5,3512458.5,2022,1,1,2,2,5,0,4,6,2,5,1,9,2,15,15,7,13,10
1422,797,597622.5,3512449.5,2022,1,1,2,3,1,0,4,6,2,5,1,9,2,15,15,7,13,10
1437,821,597694.5,3512404.5,2022,1,2,4,5,4,6,3,5,6,3,7,12,6,7,11,2,3,15
1432,868,597835.5,3512419.5,2022,0,0,1,0,3,0,4,6,2,5,1,1,13,6,9,15,10,6
1430,878,597865.5,3512425.5,2022,2,3,0,0,3,3,5,1,0,6,6,10,1,5,5,15,10,19
1415,910,597961.5,3512470.5,2022,2,3,0,1,0,4,0,8,7,7,11,11,8,1,3,13,2,18
1418,954,598093.5,3512461.5,2022,2,3,0,1,0,4,0,8,0,7,11,11,8,1,3,12,6,18
1412,975,598156.5,3512479.5,2022,2,3,0,0,3,3,5,1,0,6,6,10,1,5,5,15,12,19
1429,1018,598285.5,3512428.5,2022,2,0,1,0,6,3,2,7,10,0,5,1,13,6,10,17,12,16
1421,1027,598312.5,3512452.5,2022,2,3,0,1,0,3,5,1,0,7,11,11,8,1,3,13,12,18
1424,1067,598432.5,3512443.5,2022,2,3,0,1,0,3,2,7,10,7,11,11,8,1,10,17,12,16
1417,1102,598537.5,3512464.5,2022,2,3,0,0,6,3,2,7,10,0,5,1,13,6,10,17,12,16
1417,1137,598642.5,3512464.5,2022,0,0,1,0,6,3,2,7,10,0,5,1,13,6,9,11,12,6
1420,1168,598735.5,3512455.5,2022,0,0,1,0,6,7,7,0,2,5,1,1,13,6,9,11,0,6
1411,1188,598795.5,3512482.5,2022,0,0,1,0,6,3,2,7,10,0,5,3,12,13,10,17,12,16
1439,1224,598903.5,3512398.5,2022,2,3,0,1,0,4,0,8,7,7,11,11,8,1,3,13,2,18
1430,1256,598999.5,3512425.5,2022,1,1,3,4,2,1,8,2,4,10,4,2,14,2,12,6,14,11
1412,1286,599089.5,3512479.5,2022,2,3,3,4,2,1,8,3,9,11,2,7,11,9,0,14,5,13
1419,1318,599185.5,3512458.5,2022,2,3,0,1,0,3,5,1,0,7,11,11,8,1,3,13,2,18
1439,1333,599230.5,3512398.5,2022,2,3,3,4,2,1,8,3,9,11,2,7,11,9,0,14,14,13
1414,1366,599329.5,3512473.5,2022,2,3,0,1,0,4,0,8,7,7,11,11,8,1,3,13,2,18
1433,1388,599395.5,3512416.5,2022,1,1,3,4,2,1,8,3,9,11,2,2,14,2,12,6,14,7
1424,1410,599461.5,3512443.5,2022,2,3,0,1,0,3,5,1,0,6,6,11,8,5,5,15,6,19
1416,1444,599563.5,3512467.5,2022,2,3,0,0,6,3,2,7,10,0,5,1,13,6,10,17,12,16
1426,1497,599722.5,3512437.5,2022,2,3,0,1,0,3,5,1,0,6,6,10,1,5,5,15,12,19
1425,1505,599746.5,3512440.5,2022,2,3,0,1,0,3,5,1,0,7,11,11,8,1,3,13,12,18
1416,1541,599854.5,3512467.5,2022,1,1,3,4,3,0,4,2,4,10,4,2,0,14,12,6,14,7
1432,1573,599950.5,3512419.5,2022,0,0,1,0,6,3,2,7,10,0,5,3,12,13,10,17,12,16
1432,1606,600049.5,3512419.5,2022,2,3,0,1,0,3,2,7,10,7,11,11,8,13,13,10,7,0
1436,1642,600157.5,3512407.5,2022,2,3,0,1,0,3,2,7,10,7,11,11,8,1,3,13,12,18
1415,1660,600211.5,3512470.5,2022,0,0,1,0,6,3,2,7,10,0,5,1,13,6,10,17,12,16
1410,1684,600283.5,3512485.5,2022,2,3,0,1,0,3,5,1,0,6,6,10,1,5,5,15,6,19
1416,1724,600403.5,3512467.5,2022,2,0,1,0,6,3,2,7,10,0,5,3,12,13,10,17,12,16
1426,1743,600460.5,3512437.5,2022,2,3,0,0,6,3,2,7,10,0,5,11,12,13,10,17,12,16
1421,1785,600586.5,3512452.5,2022,2,3,0,1,0,3,5,1,0,6,6,10,1,5,5,15,6,19
1413,1817,600682.5,3512476.5,2022,2,3,0,0,3,3,5,1,0,6,6,10,1,5,5,15,10,19
1423,1854,600793.5,3512446.5,2022,2,1,3,4,3,1,8,2,4,10,4,2,14,2,12,6,14,7
1432,1880,600871.5,3512419.5,2022,2,3,1,0,6,3,2,7,10,0,5,3,12,13,10,17,12,16
1434,1911,600964.5,3512413.5,2022,0,0,1,0,6,7,2,7,10,0,5,1,13,8,10,17,11,16
1429,1927,601012.5,3512428.5,2022,2,3,0,0,6,3,2,7,10,6,6,10,13,6,10,17,12,16
1412,1972,601147.5,3512479.5,2022,0,0,1,3,1,7,7,0,2,5,1,1,2,0,9,11,0,1
1416,1989,601198.5,3512467.5,2022,2,3,1,0,6,3,2,7,10,0,5,1,13,6,10,17,12,16
1415,2034,601333.5,3512470.5,2022,0,0,1,3,1,0,4,6,2,5,1,9,2,6,9,11,0,1
1434,2069,601438.5,3512413.5,2022,0,1,2,3,1,2,4,2,2,5,1,1,0,14,9,1,0,1
1435,2072,601447.5,3512410.5,2022,1,1,2,2,5,5,1,2,4,10,4,2,0,14,7,1,16,4
1439,2113,601570.5,3512398.5,2022,0,0,1,0,6,7,4,0,2,5,1,1,13,6,9,11,0,6
1434,2132,601627.5,3512413.5,2022,0,0,1,0,6,3,4,7,2,5,1,1,13,6,9,11,0,6
1418,2166,601729.5,3512461.5,2022,0,0,1,0,6,7,4,0,2,5,1,1,13,6,9,11,0,1
1412,2209,601858.5,3512479.5,2022,0,0,1,0,6,7,7,0,3,4,9,8,9,0,2,0,15,17
1438,2226,601909.5,3512401.5,2022,0,0,1,0,6,7,7,0,3,4,9,8,9,8,2,0,11,17
1437,2264,602023.5,3512404.5,2022,1,1,2,2,5,5,1,2,4,10,4,9,0,14,7,1,16,4
1424,2296,602119.5,3512443.5,2022,0,0,1,3,1,2,7,0,3,4,9,8,9,0,6,8,15,12
1415,2311,602164.5,3512470.5,2022,0,0,1,0,6,7,7,0,3,4,9,8,9,8,2,0,11,17
1417,2351,602284.5,3512464.5,2022,0,0,1,3,1,7,7,0,3,4,9,8,9,0,6,8,0,1
1434,2393,602410.5,3512413.5,2022,0,0,1,0,6,7,2,7,10,0,5,1,13,6,10,11,11,6
1428,2412,602467.5,3512431.5,2022,0,0,1,0,6,3,2,7,10,0,5,3,12,8,10,17,11,16
1427,2446,602569.5,3512434.5,2022,0,0,1,0,6,7,7,0,3,4,9,8,9,8,2,0,11,17
1427,2474,602653.5,3512434.5,2022,0,0,1,0,6,7,2,0,10,0,5,1,13,6,9,11,0,1
1432,2501,602734.5,3512419.5,2022,0,0,1,0,6,7,7,0,2,5,9,1,13,6,9,11,0,1
1414,2530,602821.5,3512473.5,2022,1,1,2,2,5,5,1,2,4,10,4,2,0,14,12,1,16,7
1410,2563,602920.5,3512485.5,2022,1,1,2,2,5,5,1,4,5,2,12,6,0,14,7,1,16,4
1426,2601,603034.5,3512437.5,2022,1,1,3,2,5,5,1,2,4,10,4,2,0,14,12,6,14,7
1414,2619,603088.5,3512473.5,2022,0,0,1,0,6,3,2,7,10,0,5,1,13,6,10,17,12,16
1423,2667,603232.5,3512446.5,2022,1,1,3,4,2,1,8,2,4,10,4,2,14,2,12,6,14,11
1414,2677,603262.5,3512473.5,2022,1,1,3,4,2,1,8,2,4,10,4,2,14,2,12,6,14,7
1410,2727,603412.5,3512485.5,2022,1,1,2,2,5,5,1,4,5,2,12,6,4,3,7,16,16,4
1415,2755,603496.5,3512470.5,2022,1,1,3,2,5,5,1,2,4,10,4,2,14,2,12,6,18,11
1429,2764,603523.5,3512428.5,2022,2,3,3,4,2,1,8,3,9,11,2,7,11,9,0,14,5,13
1414,2795,603616.5,3512473.5,2022,1,1,3,4,2,1,8,3,9,11,2,7,14,2,12,6,14,11
1420,2826,603709.5,3512455.5,2022,1,1,3,4,3,0,4,2,4,10,4,2,14,2,12,6,14,7
1411,2870,603841.5,3512482.5,2022,1,1,2,2,5,5,1,2,4,10,4,2,0,14,7,1,16,4
1426,2880,603871.5,3512437.5,2022,1,1,2,2,5,5,1,2,4,10,4,2,0,14,12,1,16,4
1416,2937,604042.5,3512467.5,2022,1,1,2,2,5,5,1,4,5,2,12,6,0,14,7,1,16,4
1418,2963,604120.5,3512461.5,2022,1,1,2,2,5,5,4,2,2,5,1,9,0,14,7,1,16,4
1416,2992,604207.5,3512467.5,2022,1,1,2,2,5,5,1,4,5,2,12,6,0,14,7,1,16,4
1424,3013,604270.5,3512443.5,2022,0,0,1,3,3,0,4,6,2,5,1,9,2,15,15,7,13,10
1433,3034,604333.5,3512416.5,2022,2,3,3,4,3,0,4,1,0,6,6,10,1,5,9,15,10,19
1414,3072,604447.5,3512473.5,2022,0,0,2,3,1,2,6,9,8,5,1,9,2,15,15,7,13,10
1412,3102,604537.5,3512479.5,2022,0,0,1,0,6,7,7,0,2,5,1,1,13,6,9,11,0,6
1419,3139,604648.5,3512458.5,2022,0,0,1,0,6,3,2,7,10,0,5,1,13,6,9,11,10,6
1413,3165,604726.5,3512476.5,2022,1,1,3,2,5,5,1,2,4,10,4,2,0,14,12,6,14,7
1438,3206,604849.5,3512401.5,2022,1,1,2,2,5,5,1,4,5,2,12,6,4,3,8,16,4,9
1428,3229,604918.5,3512431.5,2022,1,1,2,2,5,5,1,4,5,2,12,6,0,14,7,1,16,4
1410,3269,605038.5,3512485.5,2022,1,1,3,4,2,1,8,2,4,10,4,2,14,2,12,6,14,7
1437,3273,605050.5,3512404.5,2022,1,1,3,4,2,1,8,2,4,10,4,2,14,2,12,6,14,7
1432,3307,605152.5,3512419.5,2022,1,1,3,4,2,1,8,2,4,10,4,2,14,2,12,6,18,11
1430,3332,605227.5,3512425.5,2022,1,1,2,2,5,5,1,4,5,2,12,6,4,3,8,16,4,9
1469,24,595303.5,3512308.5,2022,2,3,0,0,3,3,5,1,0,6,6,10,1,5,5,15,12,19
1447,50,595381.5,3512374.5,2022,2,3,0,1,0,3,2,7,10,7,11,11,8,13,13,10,7,0
1468,89,595498.5,3512311.5,2022,2,3,0,0,3,3,5,1,0,6,6,10,1,5,10,15,12,16
1467,104,595543.5,3512314.5,2022,2,3,0,1,0,3,5,1,0,6,6,10,1,5,5,12,6,19
1447,149,595678.5,3512374.5,2022,2,3,0,1,0,4,0,8,7,8,8,0,7,11,16,12,6,5
1448,152,595687.5,3512371.5,2022,2,3,0,1,0,4,0,8,7,8,8,0,7,11,16,12,6,5
1450,200,595831.5,3512365.5,2022,2,3,0,1,0,4,0,8,7,7,11,11,8,1,3,13,2,18
1461,211,595864.5,3512332.5,2022,2,3,0,1,0,4,0,8,7,8,8,0,7,11,3,13,2,5
1450,253,595990.5,3512365.5,2022,2,3,0,1,3,3,5,1,0,6,6,10,1,5,5,15,6,19
1440,271,596044.5,3512395.5,2022,2,3,0,4,3,0,5,1,0,6,6,5,10,5,1,4,1,2
1464,323,596200.5,3512323.5,2022,1,2,4,5,4,6,3,5,6,3,7,12,6,7,11,2,3,15
1440,336,596239.5,3512395.5,2022,2,3,0,1,0,4,0,8,7,8,8,0,7,11,16,12,6,5
1451,379,596368.5,3512362.5,2022,2,3,0,1,0,4,0,8,7,7,11,11,8,1,3,13,2,18
1469,403,596440.5,3512308.5,2022,2,3,0,1,0,4,5,1,0,6,6,10,1,5,5,12,6,19
1445,440,596551.5,3512380.5,2022,2,3,0,0,6,3,2,7,10,0,5,11,8,1,10,17,12,16
1469,450,596581.5,3512308.5,2022,1,1,3,4,3,0,4,6,1,9,0,5,10,12,15,7,13,2
1451,483,596680.5,3512362.5,2022,0,0,1,0,6,3,2,7,10,0,5,1,13,6,10,17,12,16
1461,516,596779.5,3512332.5,2022,2,3,0,0,0,3,2,7,10,7,11,11,8,1,10,17,12,16
1466,544,596863.5,3512317.5,2022,2,3,0,1,0,3,2,7,10,7,11,11,8,1,3,13,2,18
1467,574,596953.5,3512314.5,2022,2,3,0,4,3,0,5,1,0,6,6,10,1,5,5,15,10,19
1458,625,597106.5,3512341.5,2022,1,1,2,3,1,2,6,9,8,1,10,13,5,10,15,9,13,10
1444,650,597181.5,3512383.5,2022,0,0,1,0,6,3,2,7,10,0,5,1,13,6,10,17,12,16
1456,678,597265.5,3512347.5,2022,0,0,1,0,3,3,2,7,2,6,6,1,13,6,9,15,10,6
1449,711,597364.5,3512368.5,2022,0,0,1,0,3,0,4,6,2,5,1,1,13,6,9,11,0,6
1455,725,597406.5,3512350.5,2022,2,3,0,0,3,0,5,1,0,6,6,10,1,6,5,15,10,19
1467,769,597538.5,3512314.5,2022,0,0,2,3,1,0,4,6,2,5,1,9,2,15,9,7,13,10
1467,801,597634.5,3512314.5,2022,2,3,0,4,3,1,5,1,0,6,6,10,1,5,5,15,6,19
1460,829,597718.5,3512335.5,2022,0,0,1,3,1,0,4,6,2,5,1,9,2,15,9,11,0,6
1453,858,597805.5,3512356.5,2022,1,1,3,4,3,0,4,6,1,9,0,9,2,15,15,7,13,10
1446,890,597901.5,3512377.5,2022,2,3,0,1,3,3,5,1,0,6,6,10,1,5,5,15,10,19
1446,911,597964.5,3512377.5,2022,2,3,0,1,0,3,5,1,0,6,6,10,1,5,5,15,12,19
1459,947,598072.5,3512338.5,2022,2,3,0,1,0,3,5,1,0,6,6,10,1,5,5,15,12,19
1463,971,598144.5,3512326.5,2022,2,3,0,1,0,3,5,1,0,6,6,10,1,5,5,15,6,19
1458,1000,598231.5,3512341.5,2022,2,3,3,4,3,0,5,1,0,6,6,10,1,5,5,15,10,19
1465,1020,598291.5,3512320.5,2022,2,3,0,0,3,3,5,1,0,6,6,1,13,6,10,15,12,19
1465,1065,598426.5,3512320.5,2022,2,3,0,0,3,3,5,1,0,6,6,10,1,5,5,15,10,19
1459,1091,598504.5,3512338.5,2022,2,3,0,1,0,4,5,1,0,6,6,11,8,1,5,13,6,19
1462,1129,598618.5,3512329.5,2022,0,0,1,0,6,3,2,7,10,0,5,1,13,6,9,17,10,6
1454,1145,598666.5,3512353.5,2022,2,3,0,1,0,3,2,7,10,7,11,11,8,1,3,13,12,18
1456,1181,598774.5,3512347.5,2022,2,3,0,0,6,3,2,7,10,0,5,3,12,13,10,17,12,16
1460,1228,598915.5,3512335.5,2022,2,3,0,1,0,4,5,1,0,6,8,7,11,5,5,12,6,5
1457,1250,598981.5,3512344.5,2022,2,3,0,4,3,1,5,1,0,6,6,10,1,5,5,15,6,19
1442,1284,599083.5,3512389.5,2022,2,3,0,1,0,4,0,8,7,7,11,11,8,1,3,13,2,18
1468,1296,599119.5,3512311.5,2022,1,2,4,5,4,6,3,5,6,3,7,12,6,7,11,2,3,15
1442,1349,599278.5,3512389.5,2022,2,3,0,0,3,3,5,1,0,6,6,1,13,6,10,17,12,16
1450,1357,599302.5,3512365.5,2022,1,2,4,5,4,6,3,5,6,3,7,12,6,7,11,2,3,15
1454,1401,599434.5,3512353.5,2022,0,0,3,4,3,0,4,2,4,10,4,1,13,6,9,11,14,7
1463,1410,599461.5,3512326.5,2022,0,0,1,0,6,3,2,7,10,0,5,1,13,6,10,17,12,16
1446,1457,599602.5,3512377.5,2022,2,3,1,0,6,3,2,7,10,0,5,1,13,6,10,17,12,16
1469,1496,599719.5,3512308.5,2022,0,0,1,0,6,3,2,7,10,0,5,3,12,6,10,17,12,16
1464,1519,599788.5,3512323.5,2022,0,0,1,0,6,3,2,7,10,0,5,3,12,8,10,17,11,16
1440,1540,599851.5,3512395.5,2022,0,0,1,0,6,7,2,7,10,0,5,3,12,8,10,17,11,16
1450,1566,599929.5,3512365.5,2022,2,3,0,0,6,3,2,7,10,0,5,3,12,13,13,10,7,0
1459,1609,600058.5,3512338.5,2022,2,3,0,1,0,3,2,8,10,7,11,11,8,13,13,10,7,0
1448,1636,600139.5,3512371.5,2022,2,3,0,1,0,3,2,1,0,7,11,11,8,1,3,13,12,16
1446,1673,600250.5,3512377.5,2022,2,3,0,1,0,3,5,1,0,6,6,10,1,5,5,15,12,19
1446,1707,600352.5,3512377.5,2022,0,0,1,0,6,3,2,7,10,0,5,3,12,8,2,0,11,17
1444,1716,600379.5,3512383.5,2022,0,0,1,0,6,7,2,7,10,0,5,3,12,8,2,0,11,17
1462,1741,600454.5,3512329.5,2022,2,3,0,1,0,3,5,1,0,6,6,10,1,13,13,10,7,0
1455,1782,600577.5,3512350.5,2022,2,3,0,1,0,3,5,1,0,6,6,10,1,5,5,15,12,19
1448,1811,600664.5,3512371.5,2022,0,0,1,0,6,7,2,7,10,0,5,3,12,8,2,0,11,17
1461,1847,600772.5,3512332.5,2022,2,3,0,0,6,3,2,7,10,0,5,3,12,13,10,17,12,16
1469,1869,600838.5,3512308.5,2022,2,3,1,0,6,3,2,7,10,0,5,1,13,6,10,17,12,16
1441,1914,600973.5,3512392.5,2022,0,0,1,0,6,7,7,0,3,0,5,1,13,6,9,11,0,1
1466,1928,601015.5,3512317.5,2022,0,0,1,3,1,7,7,0,3,4,9,8,9,0,6,8,15,12
1467,1969,601138.5,3512314.5,2022,1,1,3,4,2,1,8,2,4,10,4,2,14,2,12,6,14,7
1452,1989,601198.5,3512359.5,2022,1,1,3,4,2,1,8,2,4,10,4,2,14,2,12,6,18,11
1464,2022,601297.5,3512323.5,2022,0,0,1,3,6,7,7,0,3,4,9,8,9,0,6,11,0,1
1446,2040,601351.5,3512377.5,2022,1,1,3,4,2,5,1,2,4,10,4,2,14,2,12,6,14,7
1462,2083,601480.5,3512329.5,2022,0,0,1,3,3,0,4,6,2,5,1,1,2,6,9,11,0,1
1469,2108,601555.5,3512308.5,2022,0,0,1,3,1,2,6,9,2,5,1,9,2,0,6,11,0,1
1463,2137,601642.5,3512326.5,2022,0,0,1,3,1,7,7,0,2,4,9,8,9,0,6,8,0,1
1459,2184,601783.5,3512338.5,2022,0,0,1,3,1,7,7,0,3,4,9,8,9,0,6,8,15,12
1457,2210,601861.5,3512344.5,2022,0,0,1,0,6,7,7,0,3,0,5,1,13,8,2,0,11,17
1463,2238,601945.5,3512326.5,2022,1,1,3,4,3,0,4,2,4,10,4,2,14,2,12,6,14,7
1443,2277,602062.5,3512386.5,2022,0,0,2,3,1,2,6,9,2,5,1,9,2,0,6,11,0,1
1450,2308,602155.5,3512365.5,2022,0,0,1,0,6,7,7,0,3,4,9,8,9,8,2,0,11,17
1445,2333,602230.5,3512380.5,2022,0,0,1,3,1,7,7,0,3,4,9,8,9,0,6,8,0,1
1457,2368,602335.5,3512344.5,2022,0,0,1,3,1,7,7,0,3,4,9,8,9,0,6,8,15,12
1452,2394,602413.5,3512359.5,2022,0,0,1,3,1,7,7,0,3,4,9,8,9,0,6,8,15,12
1455,2402,602437.5,3512350.5,2022,0,0,1,3,1,7,7,0,3,4,9,1,13,0,6,11,0,1
1462,2442,602557.5,3512329.5,2022,0,0,1,3,1,7,7,0,3,4,9,8,9,0,6,8,15,12
1451,2489,602698.5,3512362.5,2022,0,0,1,3,1,2,7,0,2,5,1,1,0,0,6,11,0,1
1442,2513,602770.5,3512389.5,2022,0,0,1,0,6,3,2,7,2,5,1,1,13,6,9,11,0,1
1442,2540,602851.5,3512389.5,2022,1,1,2,3,1,0,4,6,2,5,1,9,2,15,15,7,13,10
1463,2566,602929.5,3512326.5,2022,1,1,2,2,5,5,4,2,4,10,4,9,0,14,7,1,16,4
1462,2602,603037.5,3512329.5,2022,0,0,1,0,3,0,4,6,2,5,1,1,13,6,9,11,0,6
1458,2625,603106.5,3512341.5,2022,1,1,3,2,5,5,1,2,4,10,4,2,14,2,12,6,14,7
1451,2652,603187.5,3512362.5,2022,1,1,3,2,5,5,1,2,4,10,4,2,14,2,12,6,18,11
1442,2672,603247.5,3512389.5,2022,1,1,2,2,5,5,1,4,5,2,12,6,0,14,7,1,16,4
1450,2722,603397.5,3512365.5,2022,1,1,3,4,2,1,8,2,4,10,4,2,14,2,12,6,14,7
1461,2731,603424.5,3512332.5,2022,1,1,3,4,2,1,8,2,4,10,4,2,14,2,12,6,14,11
1467,2767,603532.5,3512314.5,2022,2,3,0,1,0,3,0,8,10,7,11,3,12,13,13,10,7,0
1449,2809,603658.5,3512368.5,2022,1,1,3,2,5,5,1,2,4,10,4,2,14,2,12,6,18,11
1448,2834,603733.5,3512371.5,2022,1,1,2,2,5,5,1,4,5,2,12,6,4,3,8,16,18,11
1460,2862,603817.5,3512335.5,2022,1,1,3,2,2,5,1,2,4,10,4,2,14,2,12,6,18,11
1441,2893,603910.5,3512392.5,2022,1,1,3,4,2,1,8,2,4,10,4,2,14,2,12,6,14,7
1466,2932,604027.5,3512317.5,2022,1,1,2,2,5,5,1,2,4,10,4,2,0,14,7,1,16,4
1458,2948,604075.5,3512341.5,2022,1,1,2,2,5,5,1,4,5,2,12,6,4,3,8,16,4,9
1466,2977,604162.5,3512317.5,2022,1,1,3,4,2,1,8,2,4,10,4,2,14,2,12,6,14,11
1469,3004,604243.5,3512308.5,2022,1,1,3,4,2,1,8,2,4,10,4,2,14,2,12,6,14,11
1443,3034,604333.5,3512386.5,2022,1,1,2,2,5,5,1,2,4,10,4,2,0,14,7,1,16,4
1465,3070,604441.5,3512320.5,2022,2,3,3,4,3,1,5,1,0,6,6,10,1,5,5,15,14,7
1451,3094,604513.5,3512362.5,2022,0,0,1,0,6,3,2,7,10,0,5,1,13,6,9,11,10,6
1456,3139,604648.5,3512347.5,2022,1,1,2,3,1,2,6,9,8,1,10,13,0,14,7,1,16,4
1465,3160,604711.5,3512320.5,2022,1,1,2,2,5,5,1,2,4,10,4,2,0,14,7,1,16,4
1441,3181,604774.5,3512392.5,2022,0,0,1,0,6,7,7,0,2,5,1,1,13,6,9,11,0,1
1453,3216,604879.5,3512356.5,2022,1,1,2,2,5,5,1,2,4,10,4,2,0,14,7,1,16,4
1463,3246,604969.5,3512326.5,2022,1,1,2,2,5,5,1,4,5,2,12,6,0,14,7,1,16,4
1444,3272,605047.5,3512383.5,2022,1,1,3,4,2,1,8,2,4,10,4,2,14,2,12,6,14,7
1441,3317,605182.5,3512392.5,2022,1,1,3,4,2,1,8,3,9,11,2,7,11,9,0,14,5,13
1448,3330,605221.5,3512371.5,2022,1,1,3,2,2,5,1,4,5,2,12,2,14,2,8,16,18,11
1499,27,595312.5,3512218.5,2022,2,3,0,1,0,4,5,1,0,6,6,11,1,5,5,12,6,19
1482,45,595366.5,3512269.5,2022,0,0,1,0,6,3,2,7,10,0,5,3,13,6,10,17,12,16
1473,83,595480.5,3512296.5,2022,2,3,0,4,3,0,5,6,1,9,0,5,10,12,1,4,1,2
1471,90,595501.5,3512302.5,2022,2,3,0,0,3,3,5,1,0,6,6,10,1,5,10,15,12,16
1478,140,595651.5,3512281.5,2022,2,3,0,1,0,4,0,8,7,8,8,0,7,11,16,12,6,5
1473,168,595735.5,3512296.5,2022,2,3,0,1,0,4,0,8,7,8,8,0,7,11,16,12,2,5
1486,206,595849.5,3512257.5,2022,2,3,0,0,0,3,2,7,10,0,5,3,12,13,13,10,12,16
1478,213,595870.5,3512281.5,2022,2,3,0,1,0,4,5,1,0,6,6,10,1,5,5,12,6,19
1483,251,595984.5,3512266.5,2022,2,3,0,1,0,4,0,8,7,8,8,0,7,11,16,12,6,5
1484,280,596071.5,3512263.5,2022,2,3,0,1,0,3,5,1,0,6,6,10,1,5,5,15,6,19
1471,317,596182.5,3512302.5,2022,1,2,4,5,4,6,3,5,6,3,7,12,6,7,11,2,3,15
1470,333,596230.5,3512305.5,2022,1,2,4,5,4,6,3,5,6,3,7,12,6,7,11,2,3,15
1478,387,596392.5,3512281.5,2022,2,3,3,4,3,0,5,1,1,9,0,5,10,12,1,4,1,2
1476,396,596419.5,3512287.5,2022,2,3,0,4,3,0,5,1,1,9,0,5,10,12,1,4,1,2
1479,427,596512.5,3512278.5,2022,2,3,0,1,0,4,5,1,0,6,6,10,1,5,5,12,6,19
1496,469,596638.5,3512227.5,2022,2,3,3,4,3,0,5,1,1,9,0,5,10,12,1,4,1,2
1477,509,596758.5,3512284.5,2022,2,3,0,4,3,0,5,1,0,6,6,10,1,5,5,12,6,19
1483,530,596821.5,3512266.5,2022,2,3,0,1,3,0,5,1,0,6,6,10,1,5,5,15,6,19
1481,564,596923.5,3512272.5,2022,2,3,0,4,3,4,5,1,0,9,0,5,10,12,1,4,1,2
1482,596,597019.5,3512269.5,2022,0,0,1,0,6,3,2,7,10,0,5,1,13,6,10,17,12,16
1476,607,597052.5,3512287.5,2022,1,1,2,4,3,0,4,6,2,5,1,9,2,15,15,7,13,10
1480,640,597151.5,3512275.5,2022,1,1,2,2,5,2,6,9,8,1,10,13,5,10,14,9,4,14
1471,680,597271.5,3512302.5,2022,0,0,1,0,3,3,5,1,0,6,6,1,13,6,9,15,10,6
1481,707,597352.5,3512272.5,2022,0,0,1,3,1,7,7,0,2,5,1,1,13,6,9,11,0,1
1488,720,597391.5,3512251.5,2022,0,0,1,3,3,0,4,6,2,5,1,9,2,15,9,11,0,1
1490,779,597568.5,3512245.5,2022,1,2,4,5,4,6,3,5,6,3,7,12,6,7,11,2,3,15
1473,787,597592.5,3512296.5,2022,1,1,2,3,3,0,4,6,2,5,1,9,2,15,15,7,13,10
1481,812,597667.5,3512272.5,2022,2,0,1,0,3,0,5,1,0,6,6,10,13,6,9,15,10,6
1476,863,597820.5,3512287.5,2022,2,3,0,4,3,0,5,1,0,6,6,10,1,5,5,15,6,19
1498,897,597922.5,3512221.5,2022,2,3,0,1,0,4,5,1,0,6,6,10,1,5,5,12,6,19
1496,911,597964.5,3512227.5,2022,2,3,0,1,0,4,5,1,0,6,6,10,1,5,5,12,6,19
1488,946,598069.5,3512251.5,2022,2,3,0,1,3,3,5,1,0,6,6,10,1,5,5,15,10,19
1485,987,598192.5,3512260.5,2022,2,3,0,1,3,3,5,1,0,6,6,10,1,5,5,15,6,19
1477,993,598210.5,3512284.5,2022,2,3,0,4,3,3,5,1,0,6,6,10,1,5,5,15,6,19
1476,1021,598294.5,3512287.5,2022,2,3,3,4,3,1,5,1,1,9,0,5,10,12,1,4,1,2
1482,1078,598465.5,3512269.5,2022,2,3,3,4,3,0,5,1,0,6,6,10,1,5,5,15,6,19
1474,1104,598543.5,3512293.5,2022,1,1,3,4,2,1,8,3,9,11,2,7,11,9,0,14,5,13
1484,1114,598573.5,3512263.5,2022,2,3,0,1,3,3,5,1,0,6,6,10,1,5,5,15,6,19
1487,1156,598699.5,3512254.5,2022,2,3,3,4,2,1,8,3,9,11,2,7,11,9,0,14,5,13
1478,1177,598762.5,3512281.5,2022,1,1,3,4,2,1,8,3,9,11,2,7,11,9,0,14,5,13
1471,1208,598855.5,3512302.5,2022,2,3,3,4,3,1,5,1,0,6,6,10,1,5,5,12,6,19
1495,1246,598969.5,3512230.5,2022,2,3,0,1,0,4,0,8,7,7,11,11,8,1,3,13,2,18
1474,1269,599038.5,3512293.5,2022,2,3,3,4,3,0,4,6,1,9,0,5,10,12,1,4,1,2
1473,1314,599173.5,3512296.5,2022,2,3,0,1,0,3,2,7,0,7,11,11,8,1,3,13,12,18
1472,1335,599236.5,3512299.5,2022,2,3,3,4,2,1,8,3,9,11,2,7,11,9,0,14,5,13
1493,1378,599365.5,3512236.5,2022,2,3,0,0,3,3,5,1,0,6,6,10,1,6,10,15,12,19
1472,1402,599437.5,3512299.5,2022,0,0,1,0,6,3,2,7,10,0,5,1,13,6,10,17,12,16
1470,1414,599473.5,3512305.5,2022,2,3,0,1,0,3,0,8,10,7,11,11,8,1,3,13,7,0
1497,1467,599632.5,3512224.5,2022,0,0,1,0,6,3,2,7,10,0,5,3,13,6,10,17,12,16
1486,1485,599686.5,3512257.5,2022,0,0,1,0,6,3,2,7,10,0,5,3,12,13,10,17,12,16
1481,1523,599800.5,3512272.5,2022,2,3,0,0,6,3,2,7,10,0,11,3,12,13,13,10,7,0
1475,1531,599824.5,3512290.5,2022,2,3,0,0,6,3,2,7,10,0,5,10,13,13,10,17,12,16
1470,1561,599914.5,3512305.5,2022,2,3,0,1,0,3,2,7,10,7,11,11,8,13,13,10,7,0
1490,1614,600073.5,3512245.5,2022,0,0,1,0,6,7,2,7,2,0,5,1,13,6,9,11,0,1
1487,1648,600175.5,3512254.5,2022,0,0,1,0,6,7,2,7,10,0,5,1,13,6,10,11,0,1
1499,1663,600220.5,3512218.5,2022,0,0,1,0,6,7,7,0,3,0,5,3,12,8,2,0,11,17
1486,1702,600337.5,3512257.5,2022,2,3,3,4,2,1,8,3,9,11,2,7,14,2,12,6,14,7
1492,1712,600367.5,3512239.5,2022,2,3,0,0,3,3,5,1,0,6,6,10,1,6,10,15,10,19
1472,1769,600538.5,3512299.5,2022,0,0,1,0,6,7,7,0,3,0,5,1,13,6,9,11,0,6
1494,1791,600604.5,3512233.5,2022,0,0,1,0,6,7,7,0,3,0,5,3,12,8,2,0,11,17
1486,1807,600652.5,3512257.5,2022,0,0,1,0,6,7,2,7,10,0,5,3,12,8,2,0,11,17
1493,1835,600736.5,3512236.5,2022,2,3,0,0,3,3,5,1,0,6,6,1,13,6,10,15,12,19
1481,1864,600823.5,3512272.5,2022,2,3,0,0,6,3,2,7,10,0,5,1,13,6,10,17,12,16
1481,1895,600916.5,3512272.5,2022,0,0,1,3,1,7,7,0,3,4,9,8,9,0,6,8,15,12
1481,1932,601027.5,3512272.5,2022,0,0,1,3,1,7,7,0,2,5,1,8,9,0,6,11,0,1
1481,1975,601156.5,3512272.5,2022,2,3,0,1,0,3,0,8,10,7,11,11,8,1,3,13,7,0
1473,1992,601207.5,3512296.5,2022,0,0,1,0,6,3,2,7,10,0,5,1,13,6,10,17,12,16
1476,2033,601330.5,3512287.5,2022,2,3,0,0,3,3,5,1,0,6,6,1,13,6,10,15,12,16
1484,2065,601426.5,3512263.5,2022,0,0,1,0,3,0,4,6,2,5,1,1,13,6,9,11,0,1
1470,2095,601516.5,3512305.5,2022,0,0,1,3,1,7,4,0,2,5,1,9,2,0,9,11,0,1
1477,2118,601585.5,3512284.5,2022,0,0,1,0,6,7,7,0,3,4,9,8,9,8,2,0,11,17
1471,2142,601657.5,3512302.5,2022,0,0,1,3,6,7,7,0,3,4,9,8,9,0,2,0,15,12
1491,2189,601798.5,3512242.5,2022,0,0,1,0,6,7,7,0,3,4,9,1,13,6,9,11,0,1
1470,2201,601834.5,3512305.5,2022,0,0,1,0,6,7,7,0,3,4,9,8,9,0,2,0,15,17
1493,2228,601915.5,3512236.5,2022,0,0,1,3,1,2,7,0,2,5,1,9,2,0,6,8,0,12
1489,2254,601993.5,3512248.5,2022,0,0,1,0,6,7,7,0,2,5,1,1,13,6,9,11,0,1
1474,2306,602149.5,3512293.5,2022,0,0,1,3,6,7,7,0,3,4,9,1,9,0,9,11,0,1
1487,2336,602239.5,3512254.5,2022,0,0,1,0,6,7,2,7,10,0,5,3,13,8,10,17,11,16
1476,2363,602320.5,3512287.5,2022,0,0,1,3,1,7,7,0,2,5,1,1,13,0,6,11,0,1
1480,2393,602410.5,3512275.5,2022,0,0,1,3,6,7,7,0,3,4,9,8,9,0,2,8,15,12
1470,2429,602518.5,3512305.5,2022,0,0,1,3,6,7,7,0,3,4,9,8,9,0,2,8,15,12
1485,2431,602524.5,3512260.5,2022,0,0,1,0,6,7,7,0,3,0,5,1,13,6,2,11,0,1
1488,2487,602692.5,3512251.5,2022,0,0,1,0,6,7,7,0,3,0,5,8,9,8,2,0,11,17
1483,2517,602782.5,3512266.5,2022,1,1,2,2,5,5,1,4,5,2,12,6,4,3,7,16,4,9
1474,2520,602791.5,3512293.5,2022,1,1,2,2,5,2,6,9,5,2,10,6,4,10,14,9,4,14
1493,2578,602965.5,3512236.5,2022,1,1,2,2,5,5,1,4,5,2,12,6,4,3,8,16,4,9
1491,2593,603010.5,3512242.5,2022,1,1,2,2,5,5,1,2,4,10,4,9,0,14,7,1,16,4
1492,2636,603139.5,3512239.5,2022,1,1,2,2,5,5,1,4,5,2,12,6,4,3,8,16,4,9
1470,2648,603175.5,3512305.5,2022,1,1,3,2,5,5,1,2,4,10,4,2,14,2,12,6,18,11
1479,2688,603295.5,3512278.5,2022,1,1,3,2,5,5,1,2,4,10,4,2,14,2,12,6,14,7
1482,2720,603391.5,3512269.5,2022,1,1,3,2,5,5,1,4,5,2,12,6,4,3,8,16,18,11
1480,2730,603421.5,3512275.5,2022,1,1,3,2,5,5,1,2,4,10,4,2,0,14,12,6,14,7
1473,2780,603571.5,3512296.5,2022,1,1,2,2,5,5,1,4,5,2,12,6,4,3,8,16,4,9
1488,2792,603607.5,3512251.5,2022,1,1,2,2,5,5,1,4,5,2,12,6,0,3,7,1,16,4
1472,2848,603775.5,3512299.5,2022,1,1,3,2,2,5,1,2,4,10,4,2,14,2,12,6,14,11
1471,2851,603784.5,3512302.5,2022,1,1,3,2,2,5,1,2,4,10,4,2,14,2,12,6,14,11
1475,2900,603931.5,3512290.5,2022,1,1,3,4,2,1,8,2,4,10,4,2,14,2,12,6,14,11
1487,2922,603997.5,3512254.5,2022,1,1,3,2,2,1,8,2,4,10,4,2,14,2,12,6,18,11
1487,2944,604063.5,3512254.5,2022,1,1,3,2,5,5,1,2,4,10,4,2,14,2,12,6,18,11
1498,2987,604192.5,3512221.5,2022,2,1,3,4,2,1,8,3,9,11,2,7,14,2,12,6,14,7
1493,3000,604231.5,3512236.5,2022,2,3,0,1,0,4,5,1,0,6,11,11,8,5,5,12,6,19
1499,3056,604399.5,3512218.5,2022,1,1,3,2,5,5,1,2,4,10,4,2,14,2,12,6,18,11
1477,3084,604483.5,3512284.5,2022,1,1,3,4,2,1,8,3,9,11,2,2,14,2,12,6,18,11
1482,3114,604573.5,3512269.5,2022,1,1,3,4,2,1,8,3,9,11,2,7,11,9,0,14,5,13
1485,3134,604633.5,3512260.5,2022,1,1,3,4,2,1,8,2,4,10,4,2,14,2,12,6,18,11
1494,3158,604705.5,3512233.5,2022,1,1,3,2,2,5,8,4,5,2,12,2,14,2,8,16,18,11
1473,3203,604840.5,3512296.5,2022,1,1,3,2,5,5,1,2,4,10,4,2,14,2,12,6,18,11
1481,3227,604912.5,3512272.5,2022,1,1,2,2,5,5,1,2,4,10,4,2,0,14,7,1,16,4
1472,3255,604996.5,3512299.5,2022,1,1,3,2,5,5,1,2,4,10,4,2,14,2,12,6,14,7
1477,3286,605089.5,3512284.5,2022,2,3,0,1,3,3,5,1,0,6,6,10,1,5,5,15,12,19
1472,3318,605185.5,3512299.5,2022,1,1,3,4,2,1,8,3,9,11,2,7,11,9,0,14,5,13
1493,3332,605227.5,3512236.5,2022,1,1,3,4,2,1,8,3,9,11,2,2,14,2,12,6,18,11
1526,8,595255.5,3512137.5,2022,2,3,0,0,0,3,2,7,10,0,5,3,12,13,13,10,7,0
1510,39,595348.5,3512185.5,2022,2,3,0,1,0,3,5,1,0,7,11,11,8,1,3,13,12,19
1520,87,595492.5,3512155.5,2022,1,1,2,3,3,0,4,6,1,9,1,9,2,15,15,7,13,10
1505,117,595582.5,3512200.5,2022,2,3,0,1,3,3,5,1,0,6,6,10,1,5,5,15,10,19
1525,127,595612.5,3512140.5,2022,0,0,1,3,3,0,4,6,1,9,0,9,2,15,15,7,13,10
1520,178,595765.5,3512155.5,2022,0,0,1,0,3,0,4,6,2,5,1,9,2,15,9,11,10,6
1517,180,595771.5,3512164.5,2022,2,3,0,0,6,3,2,7,10,0,5,3,12,13,13,10,12,16
1515,234,595933.5,3512170.5,2022,0,0,1,0,3,0,4,6,2,5,1,1,13,6,9,11,10,6
1522,266,596029.5,3512149.5,2022,0,0,1,0,3,3,2,7,2,0,5,1,13,6,9,11,12,6
1503,293,596110.5,3512206.5,2022,2,3,0,0,3,0,5,1,0,6,6,10,1,5,5,15,10,19
1501,301,596134.5,3512212.5,2022,2,3,0,1,0,4,5,1,0,6,6,10,1,5,5,12,6,5
1521,338,596245.5,3512152.5,2022,0,0,1,3,3,0,4,6,2,5,1,9,2,15,15,7,13,10
1509,377,596362.5,3512188.5,2022,1,1,2,3,3,0,4,6,1,5,1,9,2,15,15,7,13,10
1526,394,596413.5,3512137.5,2022,0,0,1,3,1,7,4,6,2,5,1,9,2,15,15,7,13,6
1519,435,596536.5,3512158.5,2022,0,1,2,3,1,2,6,9,8,1,10,9,2,15,15,7,13,10
1508,466,596629.5,3512191.5,2022,0,0,1,0,3,0,4,6,2,5,1,9,2,15,15,7,10,6
1529,486,596689.5,3512128.5,2022,2,3,0,4,3,0,5,1,1,9,0,5,10,12,1,4,1,2
1509,529,596818.5,3512188.5,2022,2,3,3,4,3,0,5,6,1,9,0,5,10,12,1,4,1,2
1521,565,596926.5,3512152.5,2022,2,3,3,4,3,0,5,1,1,9,0,5,10,12,1,4,1,2
1509,574,596953.5,3512188.5,2022,2,3,3,4,3,0,4,1,0,6,6,10,1,5,5,15,10,19
1503,626,597109.5,3512206.5,2022,0,0,1,3,1,7,7,0,2,5,1,1,13,6,9,11,0,1
1513,656,597199.5,3512176.5,2022,1,2,4,5,4,6,3,5,6,3,7,12,6,7,11,2,3,15
1516,679,597268.5,3512167.5,2022,1,1,2,2,5,2,6,9,8,1,10,13,5,10,14,9,9,14
1511,699,597328.5,3512182.5,2022,1,1,2,2,5,5,1,4,5,2,12,6,0,14,7,1,16,4
1501,744,597463.5,3512212.5,2022,0,0,1,3,3,0,4,6,2,5,1,9,2,15,9,7,13,10
1504,773,597550.5,3512203.5,2022,1,2,4,5,4,6,3,5,6,3,7,12,6,7,11,2,3,15
1525,794,597613.5,3512140.5,2022,0,0,1,0,3,0,4,6,2,5,1,1,13,6,9,11,0,6
1529,814,597673.5,3512128.5,2022,2,3,0,0,3,3,5,1,0,6,6,10,13,6,5,15,12,19
1515,862,597817.5,3512170.5,2022,2,3,0,1,0,4,5,1,0,6,6,10,1,5,5,12,6,19
1518,875,597856.5,3512161.5,2022,2,3,0,1,0,3,5,1,0,6,6,10,1,5,5,15,6,19
1511,923,598000.5,3512182.5,2022,2,3,0,1,0,4,0,8,0,7,11,10,1,5,5,12,6,5
1515,938,598045.5,3512170.5,2022,2,3,0,1,0,4,5,1,0,6,6,10,1,5,5,12,6,19
1504,962,598117.5,3512203.5,2022,2,3,0,1,0,4,0,8,7,8,8,0,7,11,16,12,2,5
1526,990,598201.5,3512137.5,2022,2,3,0,1,0,3,5,1,0,6,6,10,1,5,5,15,12,19
1519,1040,598351.5,3512158.5,2022,2,3,0,1,0,4,5,1,0,6,6,10,1,5,5,12,6,19
1501,1077,598462.5,3512212.5,2022,2,3,3,4,3,0,5,1,0,6,6,10,1,5,5,15,14,7
1506,1104,598543.5,3512197.5,2022,2,3,0,1,0,4,0,8,7,7,11,11,8,5,3,12,6,5
1523,1131,598624.5,3512146.5,2022,2,3,0,1,0,4,0,8,7,8,8,0,7,11,16,3,8,8
1516,1143,598660.5,3512167.5,2022,2,3,0,1,0,4,0,8,7,8,8,0,7,11,16,3,8,5
1507,1183,598780.5,3512194.5,2022,2,3,0,1,0,4,0,3,9,8,8,7,11,9,0,12,6,5
1520,1203,598840.5,3512155.5,2022,2,3,0,1,0,4,0,8,7,7,11,11,8,1,3,13,2,18
1503,1230,598921.5,3512206.5,2022,2,3,3,4,2,1,8,3,9,11,2,7,11,9,0,14,5,13
1518,1264,599023.5,3512161.5,2022,2,3,0,1,2,1,8,3,9,11,2,7,11,9,0,14,5,13
1503,1306,599149.5,3512206.5,2022,2,3,0,1,0,4,0,8,7,8,8,0,7,11,3,13,2,5
1515,1326,599209.5,3512170.5,2022,2,3,0,0,3,3,5,1,0,6,6,10,1,5,5,15,10,19
1519,1358,599305.5,3512158.5,2022,2,3,0,1,0,3,0,8,7,7,11,11,8,1,3,13,2,18
1521,1392,599407.5,3512152.5,2022,2,3,0,1,0,4,0,8,7,7,11,11,8,1,3,13,2,18
1501,1428,599515.5,3512212.5,2022,2,3,0,0,6,3,2,7,10,0,5,3,12,13,13,10,7,0
1519,1453,599590.5,3512158.5,2022,2,3,0,1,0,3,5,1,0,7,11,11,8,1,3,13,12,18
1527,1481,599674.5,3512134.5,2022,2,3,0,1,0,3,5,1,0,6,6,11,8,1,10,17,12,16
1516,1517,599782.5,3512167.5,2022,2,3,0,4,3,3,5,1,0,6,6,10,1,5,5,15,6,19
1514,1558,599905.5,3512173.5,2022,2,3,0,1,0,3,5,1,0,6,6,10,1,5,5,15,6,19
1501,1573,599950.5,3512212.5,2022,2,3,0,1,0,3,2,7,0,7,11,10,1,13,13,10,7,0
1526,1609,600058.5,3512137.5,2022,0,0,1,0,6,7,2,7,10,0,5,3,12,8,2,0,11,17
1510,1647,600172.5,3512185.5,2022,0,0,1,3,6,7,7,0,3,4,9,8,9,0,6,11,0,1
1514,1652,600187.5,3512173.5,2022,0,0,1,3,6,7,7,0,3,4,9,8,9,0,6,11,0,1
1518,1707,600352.5,3512161.5,2022,0,0,1,0,6,7,7,0,3,4,9,8,9,8,2,11,0,17
1523,1714,600373.5,3512146.5,2022,0,0,1,0,6,7,7,0,3,4,9,8,9,8,2,0,11,17
1520,1757,600502.5,3512155.5,2022,2,3,0,1,0,4,0,8,7,7,11,11,8,1,3,13,2,18
1521,1794,600613.5,3512152.5,2022,0,0,1,0,6,7,2,0,2,0,5,1,13,6,10,17,0,1
1518,1818,600685.5,3512161.5,2022,0,0,1,0,6,7,7,0,3,0,5,1,13,8,2,11,11,17
1515,1835,600736.5,3512170.5,2022,0,0,1,0,3,3,5,1,0,6,6,1,13,6,9,15,10,6
1517,1881,600874.5,3512164.5,2022,0,0,1,0,6,7,2,7,10,0,5,3,12,8,2,0,11,17
1526,1913,600970.5,3512137.5,2022,1,1,3,4,2,1,8,2,4,10,4,2,14,2,12,6,14,7
1518,1923,601000.5,3512161.5,2022,2,3,1,0,6,3,2,7,10,0,5,3,12,13,10,17,12,16
1529,1972,601147.5,3512128.5,2022,2,0,1,0,6,3,2,7,10,0,5,3,12,13,13,17,12,16
1503,2003,601240.5,3512206.5,2022,2,1,3,4,3,0,4,1,0,6,6,1,13,6,9,15,14,7
1513,2027,601312.5,3512176.5,2022,2,3,1,0,6,3,2,7,10,0,5,3,12,13,10,17,12,16
1525,2050,601381.5,3512140.5,2022,0,0,1,3,1,7,7,0,3,4,9,8,9,0,6,8,15,12
1513,2082,601477.5,3512176.5,2022,0,0,1,0,6,7,2,7,10,0,5,3,12,6,10,11,11,6
1506,2115,601576.5,3512197.5,2022,0,0,1,3,1,2,4,0,2,5,1,9,2,0,6,11,0,1
1524,2131,601624.5,3512143.5,2022,0,0,1,3,1,7,7,0,3,4,9,8,9,0,6,8,0,1
1523,2166,601729.5,3512146.5,2022,0,0,1,0,6,7,2,0,2,0,5,1,13,6,9,11,0,1
1506,2192,601807.5,3512197.5,2022,0,0,1,0,6,7,7,0,3,0,5,3,12,8,2,0,11,17
1510,2223,601900.5,3512185.5,2022,0,0,1,0,6,7,7,0,3,4,9,8,9,8,2,0,11,17
1525,2251,601984.5,3512140.5,2022,1,1,2,2,5,5,1,2,4,10,4,2,0,14,7,1,16,4
1507,2280,602071.5,3512194.5,2022,0,0,1,0,6,3,2,7,10,0,5,3,12,8,10,17,11,16
1516,2317,602182.5,3512167.5,2022,0,0,1,3,6,7,7,0,2,5,9,1,13,6,9,11,0,1
1515,2344,602263.5,3512170.5,2022,0,0,1,0,6,7,7,0,3,4,9,1,13,6,2,11,0,1
1507,2388,602395.5,3512194.5,2022,0,0,1,3,1,7,7,0,3,4,9,8,9,0,6,8,15,12
1520,2427,602512.5,3512155.5,2022,0,0,1,0,6,7,7,0,3,4,9,8,9,8,2,0,11,17
1529,2455,602596.5,3512128.5,2022,0,0,1,3,1,2,7,0,3,4,9,8,9,0,6,8,15,12
1526,2462,602617.5,3512137.5,2022,0,0,1,0,6,7,7,0,3,4,9,8,9,0,2,0,15,17
1527,2495,602716.5,3512134.5,2022,0,0,1,0,6,7,7,0,2,0,5,1,13,6,9,11,0,1
1520,2527,602812.5,3512155.5,2022,1,1,2,2,5,5,1,4,5,2,12,6,4,3,8,16,4,9
1519,2570,602941.5,3512158.5,2022,1,1,2,2,5,5,1,4,5,2,12,6,4,3,7,1,4,4
1524,2599,603028.5,3512143.5,2022,1,1,2,2,5,5,1,2,4,10,4,2,0,14,7,1,16,4
1505,2625,603106.5,3512200.5,2022,1,1,3,2,5,5,1,2,4,10,4,2,14,2,12,6,18,11
1503,2646,603169.5,3512206.5,2022,1,1,2,2,5,5,1,4,5,2,12,6,4,3,8,16,4,9
1500,2672,603247.5,3512215.5,2022,0,0,1,3,1,7,7,0,2,5,1,1,13,6,9,11,0,1
1529,2725,603406.5,3512128.5,2022,1,1,3,2,5,5,1,4,5,2,12,6,4,3,8,16,18,11
1501,2747,603472.5,3512212.5,2022,1,1,2,2,5,5,1,4,5,2,12,6,4,3,8,16,18,9
1506,2773,603550.5,3512197.5,2022,1,1,3,4,2,1,8,3,9,11,2,7,14,2,0,14,18,11
1516,2814,603673.5,3512167.5,2022,2,3,3,4,2,1,8,1,4,10,6,2,14,2,12,6,14,7
1516,2845,603766.5,3512167.5,2022,2,3,0,4,3,4,5,1,0,6,6,10,1,5,5,12,6,19
1512,2865,603826.5,3512179.5,2022,1,1,3,4,2,1,8,3,9,11,2,7,14,2,12,6,14,13
1502,2889,603898.5,3512209.5,2022,1,1,3,4,2,1,8,2,4,10,4,2,14,2,12,6,14,7
1500,2927,604012.5,3512215.5,2022,1,1,3,4,2,1,8,2,4,10,4,2,14,2,12,6,14,11
1523,2962,604117.5,3512146.5,2022,1,1,3,4,2,1,8,2,4,10,4,2,14,2,12,6,14,7
1526,2992,604207.5,3512137.5,2022,0,0,1,0,3,3,2,1,2,6,6,1,13,6,9,15,10,6
1514,3014,604273.5,3512173.5,2022,1,1,3,4,3,0,4,6,2,5,1,9,2,15,9,11,14,7
1512,3043,604360.5,3512179.5,2022,1,1,3,2,5,5,1,2,4,10,4,2,0,14,12,6,14,7
1518,3086,604489.5,3512161.5,2022,1,1,3,4,2,1,8,3,9,11,2,2,14,2,12,6,18,11
1529,3117,604582.5,3512128.5,2022,1,1,2,2,5,5,1,4,5,2,12,6,4,3,7,1,16,4
1513,3148,604675.5,3512176.5,2022,1,1,2,2,5,5,1,4,5,2,12,6,4,3,7,16,16,4
1512,3152,604687.5,3512179.5,2022,1,1,3,2,5,5,1,2,4,10,4,2,14,2,12,6,18,11
1515,3198,604825.5,3512170.5,2022,1,1,2,2,5,5,1,4,5,2,12,6,4,3,8,16,4,9
1523,3214,604873.5,3512146.5,2022,1,1,3,2,5,5,1,4,5,2,12,2,14,2,8,16,18,11
1526,3253,604990.5,3512137.5,2022,1,1,2,2,5,5,1,4,5,2,12,6,4,3,7,16,4,4
1528,3291,605104.5,3512131.5,2022,2,3,0,1,0,4,0,8,7,8,8,0,7,11,16,3,8,8
1501,3302,605137.5,3512212.5,2022,1,1,3,2,5,5,1,4,5,2,12,6,4,3,8,16,18,11
1524,3331,605224.5,3512143.5,2022,1,1,3,4,2,1,8,3,9,11,2,7,11,9,0,14,5,13
1531,29,595318.5,3512122.5,2022,2,3,3,4,3,0,4,6,1,9,0,5,10,12,1,15,10,6
1534,43,595360.5,3512113.5,2022,1,1,2,4,3,0,4,6,1,9,0,9,2,15,15,7,13,10
1541,80,595471.5,3512092.5,2022,1,1,3,4,3,0,4,6,1,9,0,9,2,15,15,7,13,10
1534,94,595513.5,3512113.5,2022,0,1,2,3,1,0,4,6,1,5,1,9,2,15,15,7,13,10
1544,136,595639.5,3512083.5,2022,2,0,1,0,6,3,2,7,10,0,5,3,13,13,10,17,10,6
1556,153,595690.5,3512047.5,2022,2,3,0,0,3,0,5,1,0,6,6,10,1,5,5,15,10,19
1535,197,595822.5,3512110.5,2022,0,0,2,3,1,0,4,6,2,5,1,9,2,15,15,7,13,10
1540,219,595888.5,3512095.5,2022,1,1,2,2,5,5,4,6,5,2,12,9,2,15,15,7,13,10
1545,255,595996.5,3512080.5,2022,0,0,1,0,3,0,4,6,2,5,1,1,13,6,9,11,0,6
1532,282,596077.5,3512119.5,2022,0,0,1,0,6,3,2,7,10,0,5,1,13,6,10,17,12,16
1549,306,596149.5,3512068.5,2022,0,0,1,3,3,0,4,6,2,5,1,9,2,15,9,11,0,6
1553,335,596236.5,3512056.5,2022,0,0,1,0,6,3,2,7,10,0,5,3,12,13,13,10,10,6
1542,367,596332.5,3512089.5,2022,0,1,2,3,1,2,4,6,2,5,1,9,2,15,15,7,13,10
1533,419,596488.5,3512116.5,2022,0,0,1,3,3,0,4,6,2,5,1,9,2,15,15,7,13,10
1556,433,596530.5,3512047.5,2022,0,0,1,0,3,0,4,6,1,9,0,5,10,12,1,4,10,6
1531,451,596584.5,3512122.5,2022,0,0,1,4,3,0,4,6,1,9,0,5,10,12,1,4,1,2
1537,480,596671.5,3512104.5,2022,2,3,3,4,3,0,5,1,1,9,0,5,10,12,1,4,1,2
1536,536,596839.5,3512107.5,2022,2,3,0,1,0,3,5,1,0,6,6,10,1,5,5,15,6,19
1544,542,596857.5,3512083.5,2022,2,3,0,1,3,3,5,1,0,6,6,10,1,5,5,15,10,19
1543,597,597022.5,3512086.5,2022,0,0,1,0,6,7,4,7,2,5,1,1,13,6,9,11,0,6
1550,616,597079.5,3512065.5,2022,0,0,1,0,3,0,4,6,2,5,1,1,13,6,9,11,10,6
1555,658,597205.5,3512050.5,2022,1,1,3,4,3,0,4,6,1,9,0,5,10,12,1,4,1,2
1551,675,597256.5,3512062.5,2022,2,3,0,1,0,3,5,1,0,6,6,10,1,5,5,15,6,19
1531,690,597301.5,3512122.5,2022,1,1,2,2,5,2,6,9,8,1,10,13,5,10,14,9,9,14
1556,725,597406.5,3512047.5,2022,0,0,1,0,3,0,4,6,2,5,1,1,13,6,9,11,10,6
1534,753,597490.5,3512113.5,2022,2,3,0,4,3,0,5,1,0,6,6,10,1,5,5,15,6,19
1532,793,597610.5,3512119.5,2022,0,0,1,0,3,0,4,6,2,5,1,1,13,6,9,11,10,6
1550,823,597700.5,3512065.5,2022,0,0,1,0,3,0,4,6,2,5,1,9,2,15,9,15,10,6
1551,855,597796.5,3512062.5,2022,2,3,0,0,3,3,5,1,0,6,6,10,1,5,5,15,12,19
1544,898,597925.5,3512083.5,2022,2,3,0,1,0,3,5,1,0,6,6,10,1,5,5,15,12,19
1549,902,597937.5,3512068.5,2022,2,3,0,1,0,3,5,1,0,6,6,10,1,5,5,15,6,19
1544,933,598030.5,3512083.5,2022,2,3,0,1,0,4,5,1,0,6,6,10,1,5,5,15,6,19
1552,967,598132.5,3512059.5,2022,2,3,0,1,0,4,0,8,7,7,11,11,8,1,3,13,2,18
1537,1005,598246.5,3512104.5,2022,2,3,0,1,3,3,5,1,0,6,6,10,1,5,5,15,6,19
1532,1044,598363.5,3512119.5,2022,2,3,3,4,2,1,8,3,9,11,2,7,11,9,0,14,5,13
1541,1078,598465.5,3512092.5,2022,2,3,0,1,0,4,0,8,7,7,11,11,8,1,3,13,2,18
1549,1099,598528.5,3512068.5,2022,2,3,0,1,0,4,0,8,7,7,11,11,8,1,3,13,2,18
1551,1131,598624.5,3512062.5,2022,2,3,0,1,0,4,0,8,7,8,8,0,7,11,16,3,8,8
1546,1169,598738.5,3512077.5,2022,2,3,0,1,0,4,0,8,7,8,8,0,7,11,3,13,2,5
1542,1170,598741.5,3512089.5,2022,2,3,0,1,0,4,0,8,7,8,8,0,7,11,16,12,6,5
1546,1215,598876.5,3512077.5,2022,2,3,3,4,2,1,8,3,9,11,2,7,11,9,0,14,5,13
1533,1247,598972.5,3512116.5,2022,2,3,0,1,2,1,8,3,9,11,2,7,11,9,0,14,5,13
1548,1269,599038.5,3512071.5,2022,2,3,0,1,0,4,0,8,7,8,8,11,8,1,3,12,6,5
1553,1301,599134.5,3512056.5,2022,2,3,0,4,3,3,5,1,0,6,6,10,1,5,5,15,6,19
1536,1326,599209.5,3512107.5,2022,2,3,3,4,2,1,5,1,0,6,6,10,1,5,5,15,14,7
1546,1351,599284.5,3512077.5,2022,2,3,0,1,0,4,0,8,7,7,11,11,8,1,3,13,2,18
1554,1384,599383.5,3512053.5,2022,2,3,0,1,0,3,2,7,10,7,11,11,8,13,13,10,7,0
1555,1416,599479.5,3512050.5,2022,2,3,0,1,0,4,5,1,0,7,11,11,8,1,3,13,2,18
1554,1443,599560.5,3512053.5,2022,2,3,0,1,0,4,0,8,0,7,11,11,8,1,3,13,2,18
1537,1488,599695.5,3512104.5,2022,2,3,0,1,0,4,0,8,7,7,11,11,8,1,3,13,2,18
1552,1524,599803.5,3512059.5,2022,2,3,0,1,0,4,0,8,7,7,11,11,8,1,3,13,2,18
1540,1540,599851.5,3512095.5,2022,2,0,1,0,6,3,2,7,10,0,5,3,12,13,10,17,12,16
1542,1574,599953.5,3512089.5,2022,0,0,1,0,6,7,7,0,3,4,9,8,9,8,2,0,11,17
1536,1617,600082.5,3512107.5,2022,0,0,1,0,6,3,2,7,10,0,5,1,13,6,10,17,12,16
1556,1646,600169.5,3512047.5,2022,2,3,3,4,2,1,8,3,9,11,2,7,11,9,0,14,5,13
1533,1653,600190.5,3512116.5,2022,2,3,0,0,6,3,2,7,10,0,5,1,13,6,10,17,12,16
1532,1697,600322.5,3512119.5,2022,0,0,1,3,1,7,7,0,3,4,9,8,9,0,6,11,0,1
1546,1718,600385.5,3512077.5,2022,2,3,0,1,0,4,0,8,7,7,11,11,8,1,3,12,2,5
1537,1748,600475.5,3512104.5,2022,2,3,0,0,3,3,5,1,0,6,6,10,1,5,5,15,10,19
1530,1792,600607.5,3512125.5,2022,0,0,1,3,1,7,7,0,3,4,9,8,9,0,6,8,15,12
1542,1828,600715.5,3512089.5,2022,0,0,1,3,1,0,4,6,2,5,1,9,2,15,9,11,0,1
1544,1857,600802.5,3512083.5,2022,1,1,3,4,2,1,8,2,4,10,4,2,14,2,12,6,14,7
1534,1878,600865.5,3512113.5,2022,2,3,0,1,0,3,2,7,10,7,11,11,8,13,10,17,12,16
1557,1891,600904.5,3512044.5,2022,1,1,3,4,2,1,8,3,9,11,2,2,14,2,12,6,14,7
1530,1933,601030.5,3512125.5,2022,2,3,3,4,3,0,4,1,0,6,6,1,13,6,9,15,14,7
1543,1977,601162.5,3512086.5,2022,0,0,1,0,3,0,4,6,2,5,1,1,13,6,9,11,10,6
1558,2003,601240.5,3512041.5,2022,0,0,1,3,1,7,7,0,2,5,1,1,9,0,6,11,0,1
1535,2039,601348.5,3512110.5,2022,0,0,1,3,1,7,7,0,2,5,1,1,2,6,9,11,0,1
1530,2046,601369.5,3512125.5,2022,0,0,1,3,1,7,7,0,2,5,1,8,9,0,6,11,0,12
1549,2071,601444.5,3512068.5,2022,0,0,1,3,6,7,7,0,3,4,9,1,9,0,6,11,0,1
1538,2113,601570.5,3512101.5,2022,0,0,1,3,1,7,7,0,3,4,9,8,9,0,6,8,15,12
1558,2153,601690.5,3512041.5,2022,0,0,1,0,6,7,7,0,3,4,9,8,9,8,2,0,11,17
1537,2179,601768.5,3512104.5,2022,1,1,2,2,5,5,1,2,4,10,4,2,0,14,7,1,16,4
1559,2196,601819.5,3512038.5,2022,1,1,2,2,5,5,1,2,4,10,4,2,0,14,7,1,16,4
1532,2242,601957.5,3512119.5,2022,1,1,3,2,5,5,1,2,4,10,4,2,14,2,12,6,18,11
1544,2274,602053.5,3512083.5,2022,1,1,2,2,5,0,4,2,4,10,4,2,0,14,7,1,16,7
1553,2307,602152.5,3512056.5,2022,0,0,1,0,6,7,7,0,3,4,9,8,9,8,2,0,11,17
1555,2315,602176.5,3512050.5,2022,0,0,1,0,6,7,7,0,3,4,9,8,9,8,2,0,11,17
1533,2347,602272.5,3512116.5,2022,0,0,1,0,6,7,7,0,3,4,9,8,9,8,2,0,15,17
1538,2373,602350.5,3512101.5,2022,0,0,1,0,6,7,7,0,3,4,9,8,9,8,2,0,11,17
1541,2410,602461.5,3512092.5,2022,0,0,1,3,1,7,7,0,2,5,1,1,0,14,9,11,0,1
1539,2448,602575.5,3512098.5,2022,0,0,1,3,1,7,7,0,2,5,1,8,9,0,6,11,0,1
1543,2468,602635.5,3512086.5,2022,0,0,1,0,6,7,7,0,3,0,5,3,12,8,2,0,11,17
1555,2505,602746.5,3512050.5,2022,0,0,1,3,6,7,7,0,3,4,9,8,9,0,2,0,15,17
1547,2549,602878.5,3512074.5,2022,1,1,2,2,5,5,1,4,5,2,12,6,4,3,8,16,4,9
1533,2567,602932.5,3512116.5,2022,1,1,2,2,5,5,1,4,5,2,12,6,0,14,7,1,16,4
1559,2606,603049.5,3512038.5,2022,1,1,2,2,5,5,1,2,4,10,4,2,0,14,7,1,16,4
1552,2618,603085.5,3512059.5,2022,1,1,2,2,5,5,1,2,4,10,4,2,0,14,7,1,16,4
1549,2661,603214.5,3512068.5,2022,1,1,3,2,2,5,1,2,4,10,4,2,14,2,12,6,18,11
1546,2696,603319.5,3512077.5,2022,1,1,2,2,5,5,1,4,5,2,12,6,4,3,8,16,4,9
1545,2719,603388.5,3512080.5,2022,1,1,2,2,5,5,1,4,5,2,12,6,4,3,8,16,4,9
1550,2747,603472.5,3512065.5,2022,1,1,2,2,5,5,1,4,5,2,12,6,4,3,8,16,18,9
1553,2764,603523.5,3512056.5,2022,1,1,2,2,5,5,1,2,4,10,4,2,0,14,7,1,16,4
1532,2818,603685.5,3512119.5,2022,2,3,3,4,3,0,5,1,0,6,6,10,1,5,5,15,14,7
1534,2839,603748.5,3512113.5,2022,1,1,3,4,2,1,8,2,4,10,4,2,14,2,12,6,14,7
1558,2865,603826.5,3512041.5,2022,1,1,3,4,2,1,8,3,9,11,2,7,14,2,12,6,14,7
1533,2907,603952.5,3512116.5,2022,1,1,3,4,2,1,8,2,4,10,4,2,14,2,12,6,14,11
1553,2926,604009.5,3512056.5,2022,1,1,3,4,2,1,8,2,4,10,4,2,14,2,12,6,14,11
1532,2961,604114.5,3512119.5,2022,2,3,3,4,2,1,8,3,9,11,2,7,11,9,0,14,5,13
1555,2983,604180.5,3512050.5,2022,2,3,3,4,2,1,8,3,9,11,2,7,14,2,0,6,14,7
1550,3011,604264.5,3512065.5,2022,2,3,0,1,0,3,5,1,0,6,6,10,1,5,5,15,6,19
1557,3054,604393.5,3512044.5,2022,1,1,2,3,3,0,4,6,2,5,1,9,2,15,9,11,0,7
1537,3075,604456.5,3512104.5,2022,2,3,3,4,3,1,5,1,0,6,6,10,1,5,5,15,14,7
1538,3113,604570.5,3512101.5,2022,1,1,2,2,5,5,1,4,5,2,12,6,0,14,7,1,16,4
1541,3135,604636.5,3512092.5,2022,1,1,2,2,5,5,1,4,5,2,12,6,4,3,7,16,4,9
1551,3152,604687.5,3512062.5,2022,0,0,1,3,1,2,6,9,2,5,1,9,2,0,6,8,0,12
1544,3204,604843.5,3512083.5,2022,1,1,2,2,5,5,1,4,5,2,12,6,0,14,7,1,16,4
1550,3211,604864.5,3512065.5,2022,1,1,2,2,5,5,1,4,5,2,12,6,0,14,7,1,16,4
1544,3248,604975.5,3512083.5,2022,1,1,2,2,5,5,1,4,5,2,12,6,4,3,8,16,4,9
1542,3282,605077.5,3512089.5,2022,1,1,2,2,5,5,1,4,5,2,12,6,4,3,8,16,4,9
1555,3310,605161.5,3512050.5,2022,1,1,2,2,5,5,1,4,5,2,12,6,4,3,8,16,4,9
1544,3332,605227.5,3512083.5,2022,1,1,2,2,5,5,1,4,5,2,12,6,4,3,7,1,16,4
1573,18,595285.5,3511996.5,2022,2,3,0,1,0,3,5,1,0,6,6,10,1,5,5,15,6,19
1588,46,595369.5,3511951.5,2022,2,3,0,1,0,4,5,1,0,6,6,10,1,5,5,12,6,19
1574,62,595417.5,3511993.5,2022,2,3,0,1,0,4,0,8,7,8,8,0,1,5,5,12,6,5
1585,116,595579.5,3511960.5,2022,0,0,1,0,6,7,7,0,2,5,5,1,13,6,9,11,0,6
1582,126,595609.5,3511969.5,2022,2,3,0,1,0,3,5,1,0,6,6,10,1,5,5,15,12,19
1573,167,595732.5,3511996.5,2022,0,0,1,3,3,0,4,6,2,5,1,9,2,15,15,7,13,10
1576,183,595780.5,3511987.5,2022,0,0,1,0,3,0,4,6,2,5,1,9,2,15,9,7,10,6
1565,230,595921.5,3512020.5,2022,0,1,2,3,3,0,4,6,2,5,1,9,2,15,15,7,13,10
1569,253,595990.5,3512008.5,2022,2,3,0,4,3,0,5,1,0,6,6,10,1,5,5,15,10,19
1566,289,596098.5,3512017.5,2022,2,3,0,0,3,3,5,1,0,6,6,1,13,6,10,15,12,19
1562,303,596140.5,3512029.5,2022,0,0,1,0,3,0,4,6,2,5,1,9,2,15,9,15,10,6
1589,357,596302.5,3511948.5,2022,0,0,1,0,3,0,4,6,2,5,1,1,2,6,9,15,10,6
1579,378,596365.5,3511978.5,2022,2,3,0,1,3,3,5,1,0,6,6,10,1,5,5,15,6,19
1576,415,596476.5,3511987.5,2022,2,3,0,1,3,4,5,1,0,6,6,10,1,5,5,15,6,19
1577,446,596569.5,3511984.5,2022,2,3,3,4,3,0,5,1,0,6,6,10,1,5,5,4,1,19
1561,461,596614.5,3512032.5,2022,0,0,1,0,3,0,4,6,2,5,1,9,2,15,9,11,10,6
1576,508,596755.5,3511987.5,2022,1,1,3,4,3,0,4,6,1,9,0,5,10,12,1,4,1,2
1575,517,596782.5,3511990.5,2022,2,3,3,4,3,0,5,1,0,6,6,10,1,5,5,15,10,19
1563,558,596905.5,3512026.5,2022,2,3,0,1,0,4,0,8,7,8,8,0,7,11,16,12,6,5
1571,588,596995.5,3512002.5,2022,2,3,3,4,3,0,5,6,0,6,6,10,1,5,5,15,10,19
1565,625,597106.5,3512020.5,2022,1,1,3,4,3,0,4,6,2,5,1,9,2,15,15,7,13,10
1567,657,597202.5,3512014.5,2022,2,3,0,4,3,0,5,1,0,6,6,10,1,5,5,15,6,19
1573,662,597217.5,3511996.5,2022,2,3,0,1,3,3,5,1,0,6,6,10,1,5,5,15,6,19
1574,717,597382.5,3511993.5,2022,0,0,1,0,3,0,4,6,2,5,1,1,13,6,9,11,10,6
1566,724,597403.5,3512017.5,2022,0,1,2,3,1,2,4,6,2,5,1,9,2,15,15,7,13,10
1571,776,597559.5,3512002.5,2022,2,3,0,4,3,0,5,1,0,6,6,10,1,5,5,15,10,19
1574,784,597583.5,3511993.5,2022,0,0,1,0,3,0,4,1,2,6,6,1,13,6,9,15,10,6
1560,819,597688.5,3512035.5,2022,0,0,1,3,3,0,4,6,2,5,1,9,2,15,9,11,10,6
1562,845,597766.5,3512029.5,2022,2,3,0,1,3,3,5,1,0,6,6,10,1,5,5,15,12,19
1580,880,597871.5,3511975.5,2022,2,3,0,1,0,4,0,8,7,7,8,10,1,5,5,12,6,5
1562,913,597970.5,3512029.5,2022,2,3,3,4,2,1,5,3,9,11,2,7,11,5,5,12,6,5
1569,930,598021.5,3512008.5,2022,2,3,0,1,0,4,0,8,7,7,8,11,8,1,3,13,2,18
1584,961,598114.5,3511963.5,2022,2,3,0,1,0,3,5,1,0,6,6,10,1,5,5,15,12,19
1564,997,598222.5,3512023.5,2022,2,3,0,1,0,4,5,1,0,6,6,10,1,5,5,12,6,5
1578,1031,598324.5,3511981.5,2022,2,3,0,1,0,4,0,8,7,8,8,0,7,11,16,12,6,5
1561,1078,598465.5,3512032.5,2022,2,3,0,1,2,1,8,3,9,11,2,7,11,9,0,14,5,13
1564,1093,598510.5,3512023.5,2022,2,3,0,1,0,4,0,8,7,8,8,0,7,11,16,3,8,8
1574,1126,598609.5,3511993.5,2022,2,3,3,4,2,1,8,3,9,11,2,7,11,9,0,14,5,13
1584,1146,598669.5,3511963.5,2022,2,3,0,1,0,4,0,8,7,8,8,0,8,1,3,13,2,18
1567,1175,598756.5,3512014.5,2022,2,3,0,1,0,4,0,8,7,8,8,0,7,11,16,3,8,8
1569,1227,598912.5,3512008.5,2022,2,3,3,4,2,1,8,3,9,11,2,7,11,5,5,14,14,7
1574,1253,598990.5,3511993.5,2022,2,3,0,1,0,4,5,1,0,7,11,11,8,5,3,12,6,18
1588,1287,599092.5,3511951.5,2022,0,0,1,0,6,3,2,7,10,0,5,1,13,6,10,17,12,16
1584,1315,599176.5,3511963.5,2022,2,3,0,1,0,4,0,8,7,7,11,11,8,1,3,13,2,18
1583,1320,599191.5,3511966.5,2022,2,3,0,1,0,4,0,8,7,7,11,11,8,1,3,13,2,18
1583,1374,599353.5,3511966.5,2022,2,3,3,4,2,1,8,1,0,11,2,7,11,5,5,15,14,7
1575,1389,599398.5,3511990.5,2022,2,3,0,0,3,3,5,1,0,6,6,1,13,6,9,15,10,19
1575,1429,599518.5,3511990.5,2022,2,3,0,1,0,3,2,7,10,7,11,11,8,1,10,17,12,16
1588,1445,599566.5,3511951.5,2022,2,3,3,4,2,1,8,3,9,11,2,7,11,9,0,14,5,13
1562,1492,599707.5,3512029.5,2022,2,3,0,0,6,3,2,7,10,0,5,1,13,6,10,17,12,16
1567,1516,599779.5,3512014.5,2022,2,3,0,1,0,4,5,1,0,6,6,10,1,5,5,12,6,5
1579,1556,599899.5,3511978.5,2022,0,0,1,3,6,7,7,0,2,5,1,1,13,6,9,11,0,1
1565,1564,599923.5,3512020.5,2022,0,0,1,0,6,7,7,0,3,4,5,8,9,8,2,0,11,17
1581,1609,600058.5,3511972.5,2022,1,1,2,2,5,5,1,2,4,10,4,2,0,14,7,1,16,4
1584,1629,600118.5,3511963.5,2022,1,1,3,4,2,1,8,2,4,10,4,2,14,2,12,6,14,7
1573,1660,600211.5,3511996.5,2022,2,3,1,0,3,3,2,7,0,6,6,1,13,6,10,15,10,16
1578,1703,600340.5,3511981.5,2022,0,0,1,0,6,7,7,0,2,5,1,1,13,6,9,11,0,6
1572,1714,600373.5,3511999.5,2022,0,0,1,0,3,0,4,6,2,5,1,1,13,6,9,11,10,6
1571,1763,600520.5,3512002.5,2022,0,0,1,3,1,7,7,0,2,5,1,8,9,0,6,11,0,1
1587,1796,600619.5,3511954.5,2022,2,3,0,0,0,3,2,7,10,7,11,11,8,1,10,17,12,16
1563,1810,600661.5,3512026.5,2022,2,3,0,0,6,3,2,7,10,0,5,3,12,13,10,17,12,16
1589,1847,600772.5,3511948.5,2022,1,1,3,4,2,1,8,2,4,10,4,2,14,2,12,6,14,7
1567,1880,600871.5,3512014.5,2022,1,1,3,4,2,1,8,2,4,10,4,2,14,2,12,6,14,11
1589,1899,600928.5,3511948.5,2022,2,3,0,1,0,3,5,1,0,6,6,10,1,5,5,15,6,19
1582,1932,601027.5,3511969.5,2022,2,3,1,0,3,0,5,1,0,6,6,1,13,6,9,15,10,19
1578,1952,601087.5,3511981.5,2022,0,0,1,3,1,7,7,0,3,4,9,8,9,0,6,11,0,1
1576,1990,601201.5,3511987.5,2022,1,1,3,4,5,5,4,2,4,10,4,2,0,14,12,6,14,7
1571,2030,601321.5,3512002.5,2022,0,0,1,0,6,7,7,0,3,4,9,8,9,0,2,11,0,17
1588,2069,601438.5,3511951.5,2022,0,0,1,0,6,7,7,0,3,4,9,8,9,8,2,0,11,17
1561,2078,601465.5,3512032.5,2022,0,0,1,0,6,7,7,0,3,4,9,8,9,8,2,0,11,17
1587,2116,601579.5,3511954.5,2022,0,0,1,3,6,7,7,0,3,4,9,8,9,0,2,0,15,12
1586,2156,601699.5,3511957.5,2022,0,0,1,3,1,7,7,0,3,4,9,8,9,0,6,11,0,1
1564,2169,601738.5,3512023.5,2022,0,0,1,0,6,7,2,7,10,0,5,3,12,8,2,0,11,17
1570,2212,601867.5,3512005.5,2022,1,1,2,2,5,0,4,6,2,5,1,9,0,14,15,1,13,10
1589,2222,601897.5,3511948.5,2022,0,0,3,4,3,0,4,2,4,10,4,1,13,6,9,11,14,7
1581,2263,602020.5,3511972.5,2022,0,0,1,3,6,7,7,0,3,4,9,8,9,0,6,8,0,1
1587,2290,602101.5,3511954.5,2022,0,0,1,0,6,7,7,0,3,4,9,8,9,8,2,0,11,17
1587,2329,602218.5,3511954.5,2022,0,0,1,3,1,7,7,0,3,4,9,8,9,0,6,8,15,12
1582,2368,602335.5,3511969.5,2022,0,0,1,3,1,7,7,0,3,4,9,8,9,0,6,8,15,1
1561,2371,602344.5,3512032.5,2022,0,0,1,3,1,7,7,0,3,4,9,8,9,0,6,8,0,1
1568,2419,602488.5,3512011.5,2022,0,0,1,0,6,7,7,0,3,4,9,1,9,0,9,11,0,1
1583,2450,602581.5,3511966.5,2022,0,0,1,3,1,2,4,6,2,5,1,9,2,15,15,7,13,10
1569,2466,602629.5,3512008.5,2022,0,0,1,3,1,7,7,0,2,5,1,8,9,0,6,11,0,1
1564,2511,602764.5,3512023.5,2022,0,0,1,3,1,2,4,6,2,5,1,9,2,15,9,11,0,1
1586,2542,602857.5,3511957.5,2022,1,1,2,2,5,5,1,4,5,2,12,6,4,3,8,16,16,4
1561,2561,602914.5,3512032.5,2022,1,1,2,2,5,5,1,4,5,2,12,6,0,14,7,1,16,4
1576,2584,602983.5,3511987.5,2022,1,1,2,2,5,5,1,4,5,2,12,6,4,3,7,1,16,4
1574,2626,603109.5,3511993.5,2022,1,1,2,2,5,5,1,4,5,2,12,6,4,3,8,16,18,9
1574,2652,603187.5,3511993.5,2022,1,1,2,2,5,5,1,4,5,2,12,6,4,3,8,16,18,11
1561,2681,603274.5,3512032.5,2022,1,1,2,2,5,5,1,4,5,2,12,6,4,3,8,16,4,9
1577,2729,603418.5,3511984.5,2022,2,3,3,4,2,1,8,3,9,11,2,7,11,9,0,14,5,13
1565,2738,603445.5,3512020.5,2022,1,1,3,4,2,1,8,3,9,11,2,2,14,2,12,6,18,11
1561,2789,603598.5,3512032.5,2022,0,0,1,0,3,3,2,7,2,6,6,1,13,6,9,15,10,6
1586,2800,603631.5,3511957.5,2022,1,1,3,2,5,5,1,2,4,10,4,2,14,2,12,6,18,11
1562,2840,603751.5,3512029.5,2022,1,1,3,4,2,1,8,3,9,11,2,2,14,2,12,6,18,11
1577,2878,603865.5,3511984.5,2022,1,1,2,2,5,5,1,2,4,10,4,2,0,14,7,1,16,4
1564,2907,603952.5,3512023.5,2022,1,1,3,2,2,5,1,2,4,10,4,2,14,2,12,6,18,11
1561,2936,604039.5,3512032.5,2022,2,3,0,1,3,3,5,1,0,6,6,10,1,5,5,15,6,19
1579,2963,604120.5,3511978.5,2022,1,1,3,4,2,1,8,2,4,10,4,2,14,2,12,6,14,11
1568,2988,604195.5,3512011.5,2022,1,1,3,4,2,1,8,3,9,11,2,7,14,2,12,6,14,7
1574,3024,604303.5,3511993.5,2022,2,3,0,1,0,3,5,1,0,6,6,10,1,5,5,15,6,19
1572,3057,604402.5,3511999.5,2022,0,0,1,3,1,7,7,0,2,5,1,1,2,0,9,11,0,6
1563,3085,604486.5,3512026.5,2022,1,1,2,2,5,5,1,4,5,2,12,6,4,3,8,16,4,9
1583,3111,604564.5,3511966.5,2022,1,1,2,2,5,5,1,2,4,10,4,2,0,14,7,1,16,4
1581,3136,604639.5,3511972.5,2022,1,1,2,2,5,5,1,2,4,10,4,2,0,14,7,1,16,4
1575,3150,604681.5,3511990.5,2022,1,1,2,2,5,5,1,4,5,2,12,6,4,3,7,1,4,9
1585,3194,604813.5,3511960.5,2022,1,1,2,2,5,2,6,9,8,1,10,13,0,14,7,1,16,4
1575,3214,604873.5,3511990.5,2022,1,1,2,3,1,2,6,9,8,1,10,9,0,14,7,1,16,4
1565,3259,605008.5,3512020.5,2022,1,1,2,2,5,5,1,4,5,2,12,6,4,3,7,16,4,9
1574,3272,605047.5,3511993.5,2022,0,0,1,3,1,2,6,9,2,5,1,9,2,0,6,8,0,1
1562,3311,605164.5,3512029.5,2022,1,1,2,2,5,5,1,4,5,2,12,6,4,3,8,16,18,11
1572,3332,605227.5,3511999.5,2022,1,1,2,2,5,5,1,4,5,2,12,6,4,3,7,1,16,4
1598,28,595315.5,3511921.5,2022,2,3,0,1,0,4,5,1,0,6,6,10,1,5,5,12,6,5
1618,34,595333.5,3511861.5,2022,2,3,0,1,0,4,0,8,7,8,8,0,7,11,16,12,6,5
1611,67,595432.5,3511882.5,2022,2,3,0,1,0,3,5,1,0,6,6,10,1,5,5,12,6,19
1600,114,595573.5,3511915.5,2022,1,1,3,4,3,0,4,6,1,9,0,5,10,12,1,4,1,2
1604,128,595615.5,3511903.5,2022,2,3,0,1,3,0,5,1,0,6,6,10,1,5,5,15,6,19
1597,170,595741.5,3511924.5,2022,0,0,1,0,3,0,4,6,2,5,1,1,2,6,9,11,10,6
1596,198,595825.5,3511927.5,2022,2,3,3,4,3,0,4,6,0,6,6,10,1,5,9,15,10,19
1597,224,595903.5,3511924.5,2022,2,3,0,4,3,0,5,1,0,6,6,10,1,5,5,15,10,19
1619,244,595963.5,3511858.5,2022,2,3,0,4,3,4,5,1,0,6,6,10,1,5,5,15,6,19
1591,295,596116.5,3511942.5,2022,0,1,3,4,3,0,4,6,1,9,0,5,10,15,1,4,1,2
1591,325,596206.5,3511942.5,2022,0,0,1,0,3,0,4,6,2,5,1,9,2,15,9,11,10,6
1612,344,596263.5,3511879.5,2022,0,0,1,3,1,0,4,6,2,5,1,9,2,15,15,7,13,10
1606,363,596320.5,3511897.5,2022,1,1,3,4,3,0,4,6,1,9,0,5,10,12,1,4,1,2
1609,419,596488.5,3511888.5,2022,2,3,0,4,3,0,5,1,0,6,6,10,1,5,5,15,10,19
1607,430,596521.5,3511894.5,2022,2,3,0,0,3,3,5,1,0,6,6,10,1,5,5,15,10,19
1599,464,596623.5,3511918.5,2022,2,3,0,1,0,4,5,1,0,6,6,10,1,5,5,12,6,5
1601,485,596686.5,3511912.5,2022,2,3,3,4,3,0,5,1,1,9,0,5,10,12,1,4,1,2
1619,526,596809.5,3511858.5,2022,2,3,3,4,2,1,8,1,9,11,2,7,11,5,5,12,6,13
1617,569,596938.5,3511864.5,2022,2,3,0,1,0,4,0,8,7,8,8,0,7,11,3,13,2,5
1613,574,596953.5,3511876.5,2022,2,3,0,1,0,4,5,1,0,6,6,10,1,5,5,12,6,19
1591,622,597097.5,3511942.5,2022,2,3,0,4,3,3,5,1,0,6,6,10,1,5,5,15,6,19
1595,654,597193.5,3511930.5,2022,2,3,0,1,0,4,5,1,0,6,6,10,1,5,5,12,6,5
1602,666,597229.5,3511909.5,2022,2,3,0,0,6,3,2,7,0,6,6,1,13,6,10,17,12,16
1615,692,597307.5,3511870.5,2022,2,3,0,1,0,4,5,1,0,7,11,11,8,1,5,12,6,19
1617,725,597406.5,3511864.5,2022,1,1,3,4,2,1,8,3,9,11,2,7,14,2,0,14,18,11
1619,765,597526.5,3511858.5,2022,2,3,0,1,0,4,0,8,7,7,6,11,8,5,3,12,6,5
1607,781,597574.5,3511894.5,2022,2,3,3,4,2,1,8,3,9,11,2,7,11,9,0,14,5,13
1607,823,597700.5,3511894.5,2022,2,3,0,1,0,4,0,8,7,8,8,0,7,11,3,12,6,5
1601,840,597751.5,3511912.5,2022,2,3,3,4,2,1,8,3,9,11,2,7,11,9,0,14,5,13
1590,891,597904.5,3511945.5,2022,2,3,0,1,0,4,0,8,7,8,8,0,7,11,16,12,8,5
1612,910,597961.5,3511879.5,2022,2,3,0,1,0,4,0,8,7,8,8,0,7,11,3,13,2,18
1604,938,598045.5,3511903.5,2022,2,3,3,4,2,1,8,3,9,11,2,7,11,9,0,14,5,13
1613,972,598147.5,3511876.5,2022,1,1,3,2,5,5,1,4,5,2,12,5,4,3,8,16,4,9
1601,1014,598273.5,3511912.5,2022,2,3,0,1,0,4,0,8,7,8,8,0,7,11,3,13,2,5
1606,1041,598354.5,3511897.5,2022,2,3,0,1,0,4,0,8,7,8,8,0,7,11,16,13,2,18
1593,1073,598450.5,3511936.5,2022,2,3,0,1,0,4,0,8,7,8,8,0,7,11,16,3,8,8
1619,1094,598513.5,3511858.5,2022,2,3,0,1,0,4,0,8,7,8,8,0,7,11,16,12,6,5
1608,1126,598609.5,3511891.5,2022,2,3,0,1,0,4,0,8,7,7,11,11,8,1,3,13,2,18
1595,1155,598696.5,3511930.5,2022,2,3,0,1,0,4,0,8,7,8,8,0,7,11,16,3,8,18
1616,1183,598780.5,3511867.5,2022,2,3,0,1,0,4,0,8,7,8,8,0,7,11,16,3,8,8
1608,1201,598834.5,3511891.5,2022,2,3,0,1,0,4,0,8,7,8,8,0,7,11,16,12,8,5
1614,1240,598951.5,3511873.5,2022,2,3,1,4,3,0,4,1,0,6,6,1,13,6,9,15,10,19
1602,1266,599029.5,3511909.5,2022,2,3,0,0,3,3,5,1,0,6,6,10,1,5,5,15,10,19
1595,1318,599185.5,3511930.5,2022,2,3,0,1,0,4,0,8,7,7,11,11,8,1,3,13,2,18
1609,1321,599194.5,3511888.5,2022,2,3,0,1,0,4,5,1,0,8,8,10,1,5,5,12,6,5
1594,1350,599281.5,3511933.5,2022,2,3,0,1,0,3,2,1,0,6,6,11,8,1,10,17,12,16
1598,1402,599437.5,3511921.5,2022,2,3,0,0,6,3,2,7,10,0,5,3,12,13,10,17,12,16
1617,1413,599470.5,3511864.5,2022,2,3,0,1,0,4,0,8,7,7,11,11,8,1,3,13,2,18
1598,1458,599605.5,3511921.5,2022,2,3,0,1,0,3,5,1,0,6,6,10,1,5,5,15,6,19
1600,1490,599701.5,3511915.5,2022,2,3,0,0,0,3,2,7,10,0,5,3,12,13,10,17,12,16
1591,1529,599818.5,3511942.5,2022,0,0,1,0,6,7,7,0,2,5,1,1,13,6,9,11,0,1
1603,1555,599896.5,3511906.5,2022,0,0,1,3,3,0,4,2,2,5,1,1,13,6,9,11,0,1
1609,1573,599950.5,3511888.5,2022,1,1,3,2,5,5,1,2,4,10,4,2,14,2,12,6,14,7
1602,1607,600052.5,3511909.5,2022,0,0,1,0,6,7,7,0,2,5,5,1,13,6,9,11,0,1
1599,1639,600148.5,3511918.5,2022,0,0,1,4,3,0,4,2,2,5,1,1,13,6,9,11,0,7
1596,1653,600190.5,3511927.5,2022,0,0,1,0,6,7,4,0,2,5,1,1,13,6,9,11,0,6
1594,1691,600304.5,3511933.5,2022,0,0,1,0,6,7,2,7,10,0,5,3,12,8,2,0,11,17
1612,1730,600421.5,3511879.5,2022,0,0,1,0,6,7,7,0,3,4,9,8,9,8,2,0,11,17
1617,1755,600496.5,3511864.5,2022,2,3,1,0,6,3,2,7,10,0,5,3,12,13,10,17,12,16
1607,1795,600616.5,3511894.5,2022,0,0,1,0,6,3,2,7,10,0,5,3,12,8,10,17,11,16
1604,1823,600700.5,3511903.5,2022,0,0,1,0,6,3,2,7,10,0,5,3,12,13,10,17,12,16
1618,1845,600766.5,3511861.5,2022,2,3,3,4,2,1,8,3,9,11,2,7,11,9,0,14,5,13
1603,1880,600871.5,3511906.5,2022,2,3,3,4,2,1,8,3,9,11,2,2,14,2,12,6,14,7
1616,1905,600946.5,3511867.5,2022,1,1,3,4,3,0,4,2,4,10,4,2,14,2,12,6,14,7
1596,1945,601066.5,3511927.5,2022,0,0,1,0,6,7,7,0,3,4,9,1,13,6,9,11,0,1
1593,1977,601162.5,3511936.5,2022,0,0,1,0,6,7,7,0,3,4,9,1,9,8,2,0,11,1
1609,2004,601243.5,3511888.5,2022,0,0,1,0,6,7,7,0,3,0,5,1,13,6,9,11,0,1
1599,2018,601285.5,3511918.5,2022,0,0,1,0,6,7,2,7,10,0,5,3,12,8,2,0,11,17
1607,2058,601405.5,3511894.5,2022,1,1,2,2,5,5,1,2,4,10,4,2,0,14,7,1,16,4
1591,2095,601516.5,3511942.5,2022,1,1,2,2,5,5,1,2,4,10,4,2,0,14,7,1,16,4
1617,2111,601564.5,3511864.5,2022,0,0,1,3,6,7,7,0,3,4,9,8,9,0,2,0,15,12
1592,2133,601630.5,3511939.5,2022,0,0,1,0,6,7,2,7,10,0,5,3,12,8,10,17,11,16
1617,2167,601732.5,3511864.5,2022,0,0,1,0,6,7,2,7,10,0,5,1,13,6,10,11,11,16
1597,2196,601819.5,3511924.5,2022,0,0,2,3,1,2,4,9,2,5,1,9,2,15,6,11,0,1
1593,2248,601975.5,3511936.5,2022,0,0,1,0,6,7,7,0,2,5,1,1,13,6,9,11,0,1
1598,2266,602029.5,3511921.5,2022,0,0,1,0,6,7,7,0,3,4,9,8,9,8,2,0,11,17
1605,2282,602077.5,3511900.5,2022,0,0,1,3,1,7,7,0,3,4,9,8,9,0,6,8,15,12
1609,2325,602206.5,3511888.5,2022,0,0,1,0,6,7,7,0,3,4,9,8,9,0,2,0,0,1
1603,2346,602269.5,3511906.5,2022,0,0,1,0,6,7,7,0,3,4,9,8,9,8,2,0,11,17
1599,2379,602368.5,3511918.5,2022,0,0,1,3,1,7,4,0,2,5,1,1,2,6,9,11,0,1
1606,2406,602449.5,3511897.5,2022,0,0,1,3,1,7,7,0,2,5,1,8,9,0,6,11,0,1
1602,2441,602554.5,3511909.5,2022,0,1,2,3,1,2,6,9,8,1,10,13,0,14,7,1,16,4
1606,2476,602659.5,3511897.5,2022,0,0,2,3,1,2,6,9,8,1,10,13,5,0,6,8,0,1
1619,2503,602740.5,3511858.5,2022,1,1,2,2,5,5,1,4,5,2,12,6,4,3,8,16,4,9
1602,2524,602803.5,3511909.5,2022,1,1,2,2,5,5,1,4,5,2,12,6,4,3,8,16,4,9
1616,2564,602923.5,3511867.5,2022,1,1,2,2,5,5,1,4,5,2,12,6,4,3,7,1,16,4
1609,2596,603019.5,3511888.5,2022,1,1,2,2,5,5,1,4,5,2,12,6,0,14,7,1,16,4
1606,2627,603112.5,3511897.5,2022,1,2,4,5,4,6,3,5,6,3,3,4,3,4,4,5,17,3
1591,2642,603157.5,3511942.5,2022,1,1,2,2,5,5,1,4,5,2,12,6,4,3,8,16,4,9
1603,2688,603295.5,3511906.5,2022,1,1,2,2,5,5,1,4,5,2,12,6,0,14,7,1,16,4
1601,2720,603391.5,3511912.5,2022,1,1,2,2,5,5,1,4,5,2,12,9,2,15,15,7,13,10
1591,2737,603442.5,3511942.5,2022,2,3,3,4,2,1,8,3,9,11,2,7,11,9,0,14,14,13
1595,2777,603562.5,3511930.5,2022,1,1,3,4,3,0,4,2,4,10,4,2,14,14,12,6,14,7
1595,2804,603643.5,3511930.5,2022,1,1,2,2,5,5,1,2,4,10,4,2,0,14,7,1,16,4
1619,2826,603709.5,3511858.5,2022,1,1,3,4,2,1,8,2,4,10,4,2,14,2,12,6,14,11
1598,2853,603790.5,3511921.5,2022,2,3,0,0,3,3,5,1,0,6,6,10,1,6,5,15,10,19
1592,2886,603889.5,3511939.5,2022,1,1,3,4,2,1,8,2,4,10,4,2,14,2,12,6,14,11
1612,2924,604003.5,3511879.5,2022,1,1,3,4,2,1,8,2,4,10,4,2,14,2,12,6,14,11
1593,2955,604096.5,3511936.5,2022,1,1,3,2,5,5,1,2,4,10,4,2,14,2,12,6,18,11
1599,2974,604153.5,3511918.5,2022,2,3,3,4,2,1,8,3,9,11,2,7,11,9,0,14,5,13
1593,3026,604309.5,3511936.5,2022,0,0,1,0,6,3,2,7,10,0,5,1,13,6,9,11,10,6
1592,3040,604351.5,3511939.5,2022,1,1,3,4,2,1,8,2,4,10,4,2,14,2,12,6,14,7
1595,3075,604456.5,3511930.5,2022,1,1,2,2,5,5,1,2,4,10,4,2,0,14,12,1,16,4
1597,3098,604525.5,3511924.5,2022,1,1,2,2,5,5,1,4,5,2,4,6,0,14,7,1,16,4
1599,3126,604609.5,3511918.5,2022,0,0,2,3,1,2,4,6,2,5,1,9,2,15,9,11,0,1
1608,3178,604765.5,3511891.5,2022,0,1,2,3,1,2,6,9,8,1,10,13,5,10,7,1,9,14
1605,3180,604771.5,3511900.5,2022,1,1,2,2,5,5,1,4,5,2,12,6,0,14,7,1,16,4
1615,3224,604903.5,3511870.5,2022,1,1,2,2,5,5,1,4,5,2,12,6,0,14,7,1,16,4
1614,3261,605014.5,3511873.5,2022,1,1,2,2,5,5,1,4,5,2,12,6,4,3,7,16,4,9
1597,3294,605113.5,3511924.5,2022,1,1,2,2,5,5,1,4,5,2,12,6,4,3,8,16,4,9
1605,3309,605158.5,3511900.5,2022,1,1,2,2,5,5,1,4,5,2,12,6,4,3,7,1,16,4
1598,3330,605221.5,3511921.5,2022,1,1,2,2,5,5,1,4,5,2,12,6,4,3,8,16,4,9
1628,10,595261.5,3511831.5,2022,2,3,0,1,0,4,0,8,7,8,8,0,7,11,16,12,6,5
1626,35,595336.5,3511837.5,2022,2,3,0,1,0,4,0,8,7,8,8,0,7,11,16,12,6,5
1633,61,595414.5,3511816.5,2022,2,3,3,4,3,0,5,1,0,6,6,10,1,5,5,15,6,19
1621,108,595555.5,3511852.5,2022,2,3,3,4,2,1,8,3,9,11,2,7,11,9,0,14,5,13
1625,142,595657.5,3511840.5,2022,2,3,0,1,0,4,5,1,0,6,6,10,1,5,5,12,6,5
1634,151,595684.5,3511813.5,2022,2,3,0,0,3,3,5,1,0,6,6,10,1,5,5,15,10,19
1641,201,595834.5,3511792.5,2022,0,0,1,0,6,3,2,7,10,0,5,1,13,6,10,17,10,6
1624,238,595945.5,3511843.5,2022,2,3,3,4,2,1,8,1,0,6,6,10,14,5,12,15,14,7
1624,259,596008.5,3511843.5,2022,2,3,0,0,3,3,2,7,0,6,6,10,1,13,10,15,10,19
1649,286,596089.5,3511768.5,2022,2,3,0,0,3,0,5,1,0,6,6,10,1,6,5,15,10,19
1621,329,596218.5,3511852.5,2022,0,0,1,3,1,2,4,6,2,5,1,9,2,15,15,11,0,10
1631,353,596290.5,3511822.5,2022,0,0,1,3,3,0,4,6,2,5,1,9,2,15,9,11,13,10
1644,371,596344.5,3511783.5,2022,0,0,1,0,3,0,4,6,2,5,1,1,13,6,9,11,10,6
1623,416,596479.5,3511846.5,2022,2,3,0,1,0,3,5,1,0,7,11,10,1,13,13,10,7,0
1625,435,596536.5,3511840.5,2022,2,3,0,0,6,3,2,7,10,6,6,10,1,13,10,17,12,16
1633,462,596617.5,3511816.5,2022,2,3,0,1,0,4,5,1,0,6,11,11,1,5,5,12,6,19
1625,501,596734.5,3511840.5,2022,2,3,0,4,3,3,5,1,0,6,6,10,1,5,5,15,6,19
1649,539,596848.5,3511768.5,2022,2,3,0,1,0,4,0,8,7,8,8,0,7,11,16,3,8,5
1633,563,596920.5,3511816.5,2022,2,3,0,1,0,4,0,8,7,8,8,0,7,11,16,12,8,5
1640,575,596956.5,3511795.5,2022,2,3,0,1,0,4,5,1,0,6,6,10,1,5,5,12,6,5
1637,619,597088.5,3511804.5,2022,2,3,0,1,3,3,5,1,0,6,6,10,1,5,5,15,12,19
1621,645,597166.5,3511852.5,2022,2,3,0,1,0,3,5,1,0,6,6,10,1,5,5,15,6,19
1630,688,597295.5,3511825.5,2022,2,3,0,1,0,3,5,1,0,7,11,11,8,1,3,13,2,18
1630,708,597355.5,3511825.5,2022,1,1,3,4,2,1,8,3,9,11,2,7,11,9,0,14,5,13
1648,732,597427.5,3511771.5,2022,2,3,0,1,0,3,0,8,7,7,11,11,8,1,3,13,2,18
1632,766,597529.5,3511819.5,2022,2,3,0,1,0,4,0,8,7,8,8,0,7,11,3,13,2,18
1628,788,597595.5,3511831.5,2022,2,3,0,1,0,4,0,8,7,7,11,11,8,1,3,13,2,18
1641,815,597676.5,3511792.5,2022,2,3,0,1,0,3,5,1,0,6,6,11,8,5,5,15,6,19
1646,855,597796.5,3511777.5,2022,2,3,0,1,0,4,0,8,7,7,11,11,8,1,3,13,2,18
1643,875,597856.5,3511786.5,2022,2,3,0,1,0,4,0,8,7,7,11,11,8,1,3,13,2,18
1643,906,597949.5,3511786.5,2022,2,3,3,4,2,1,8,3,9,11,2,7,11,9,0,14,5,13
1627,932,598027.5,3511834.5,2022,2,3,3,4,2,1,8,3,9,11,2,7,11,9,0,14,5,13
1639,965,598126.5,3511798.5,2022,2,3,0,1,2,1,8,3,9,11,2,7,11,9,0,14,5,13
1634,990,598201.5,3511813.5,2022,2,3,3,4,2,1,8,3,9,11,2,7,11,9,0,14,5,13
1632,1035,598336.5,3511819.5,2022,2,3,0,1,0,4,5,1,0,6,6,10,1,5,5,12,6,19
1645,1062,598417.5,3511780.5,2022,2,3,0,4,3,4,5,1,0,6,6,10,1,5,5,12,6,19
1628,1102,598537.5,3511831.5,2022,2,3,0,1,0,3,5,1,0,6,6,10,1,5,5,15,6,19
1645,1133,598630.5,3511780.5,2022,0,0,1,0,6,3,2,7,2,0,5,1,13,6,9,11,10,6
1636,1158,598705.5,3511807.5,2022,2,3,0,1,0,4,0,8,7,7,11,11,8,1,3,13,2,18
1624,1198,598825.5,3511843.5,2022,2,3,0,1,0,4,5,1,0,6,6,10,1,5,5,12,6,19
1639,1210,598861.5,3511798.5,2022,0,0,1,0,6,3,2,7,2,0,5,1,13,6,9,11,10,6
1634,1238,598945.5,3511813.5,2022,2,3,3,4,3,0,5,1,0,6,6,10,1,5,5,15,10,19
1639,1281,599074.5,3511798.5,2022,2,3,0,1,0,4,5,1,0,6,6,10,1,5,5,12,6,19
1630,1315,599176.5,3511825.5,2022,2,3,0,4,0,4,5,1,0,6,6,10,1,5,5,15,6,19
1643,1343,599260.5,3511786.5,2022,2,3,0,1,0,4,5,1,0,6,6,10,1,5,5,15,6,19
1649,1353,599290.5,3511768.5,2022,2,3,0,1,0,4,0,1,0,7,11,11,8,1,3,13,2,18
1643,1384,599383.5,3511786.5,2022,2,3,0,1,0,4,0,8,7,7,11,11,8,1,3,13,2,18
1620,1417,599482.5,3511855.5,2022,2,3,3,4,2,1,8,3,9,11,2,7,11,9,0,14,5,13
1644,1452,599587.5,3511783.5,2022,2,3,0,1,0,4,5,1,0,6,6,10,1,5,5,12,6,19
1646,1496,599719.5,3511777.5,2022,0,0,1,0,6,7,2,7,10,0,5,1,13,6,9,11,10,6
1648,1522,599797.5,3511771.5,2022,0,0,1,0,3,0,4,6,2,5,1,1,13,6,9,11,10,6
1623,1543,599860.5,3511846.5,2022,0,0,1,0,6,3,2,7,10,0,5,3,12,8,10,17,11,16
1649,1570,599941.5,3511768.5,2022,1,1,3,4,2,1,8,3,9,11,2,7,14,2,12,6,14,7
1644,1610,600061.5,3511783.5,2022,2,3,3,4,3,1,5,1,0,6,6,10,1,5,5,15,14,7
1639,1641,600154.5,3511798.5,2022,0,0,1,0,6,7,7,0,3,4,9,8,9,6,9,11,0,6
1638,1674,600253.5,3511801.5,2022,0,0,1,0,3,3,2,7,2,5,6,1,13,6,9,11,10,6
1638,1687,600292.5,3511801.5,2022,1,1,3,4,3,0,4,2,4,10,4,2,14,2,12,6,14,7
1632,1734,600433.5,3511819.5,2022,0,0,1,0,6,7,7,0,3,0,5,3,12,8,2,0,11,17
1620,1753,600490.5,3511855.5,2022,0,0,1,0,6,3,2,7,10,0,5,3,12,8,10,17,11,16
1639,1798,600625.5,3511798.5,2022,1,1,3,4,3,0,4,2,4,10,4,2,0,14,12,6,14,7
1626,1828,600715.5,3511837.5,2022,2,3,0,1,0,4,0,8,7,7,11,11,8,1,3,13,2,18
1620,1849,600778.5,3511855.5,2022,2,3,3,4,2,1,8,3,9,11,2,7,11,9,0,14,5,13
1632,1874,600853.5,3511819.5,2022,2,3,3,4,3,0,5,1,0,6,6,10,1,5,5,15,10,19
1639,1919,600988.5,3511798.5,2022,0,0,1,3,1,7,4,0,2,5,1,1,13,6,9,11,0,1
1632,1927,601012.5,3511819.5,2022,0,1,1,3,3,0,4,2,4,10,4,1,0,14,9,11,0,1
1624,1957,601102.5,3511843.5,2022,0,0,1,0,6,3,2,7,10,0,5,1,13,6,10,17,12,16
1627,1987,601192.5,3511834.5,2022,0,0,1,0,6,7,7,0,3,4,9,8,9,8,2,0,11,17
1620,2030,601321.5,3511855.5,2022,0,0,1,0,6,7,7,0,3,4,9,8,9,8,2,0,11,17
1630,2051,601384.5,3511825.5,2022,0,0,1,0,6,7,2,0,2,5,1,1,13,6,9,11,0,6
1626,2082,601477.5,3511837.5,2022,0,0,1,0,6,7,7,0,3,0,5,3,12,8,2,0,11,17
1620,2125,601606.5,3511855.5,2022,0,0,1,0,6,7,7,0,3,4,9,8,9,8,2,0,11,17
1638,2134,601633.5,3511801.5,2022,0,0,1,3,6,7,7,0,3,4,9,8,9,0,6,8,0,1
1644,2189,601798.5,3511783.5,2022,0,0,1,0,6,7,2,7,2,0,5,1,13,6,9,11,0,6
1643,2213,601870.5,3511786.5,2022,1,2,4,5,4,6,3,5,6,3,3,4,3,4,4,5,17,3
1621,2226,601909.5,3511852.5,2022,0,0,1,0,6,7,7,0,3,4,9,8,9,8,2,0,11,17
1620,2277,602062.5,3511855.5,2022,0,0,1,3,6,7,7,0,3,4,9,8,9,0,2,8,15,12
1625,2302,602137.5,3511840.5,2022,0,1,2,3,1,2,6,9,8,1,10,13,0,14,7,1,16,1
1640,2326,602209.5,3511795.5,2022,0,0,1,0,6,7,2,7,10,0,5,3,12,8,2,0,11,17
1631,2355,602296.5,3511822.5,2022,0,0,1,3,1,7,7,0,3,4,9,8,9,0,6,8,15,12
1629,2375,602356.5,3511828.5,2022,0,0,1,3,1,7,7,0,2,4,9,8,9,0,6,8,0,12
1639,2401,602434.5,3511798.5,2022,0,0,1,3,1,7,7,0,3,4,9,8,9,0,6,8,15,12
1626,2434,602533.5,3511837.5,2022,0,0,1,0,6,3,2,7,10,0,5,1,13,6,10,17,12,16
1648,2480,602671.5,3511771.5,2022,1,1,2,2,5,5,1,4,5,2,12,6,4,3,8,16,4,9
1643,2507,602752.5,3511786.5,2022,1,1,2,2,5,5,1,2,4,10,4,2,0,14,7,1,16,4
1626,2537,602842.5,3511837.5,2022,1,1,2,2,5,5,1,4,5,2,12,6,4,3,7,1,4,4
1649,2576,602959.5,3511768.5,2022,1,1,2,2,5,2,6,4,5,2,12,6,4,3,8,16,4,9
1644,2607,603052.5,3511783.5,2022,1,2,4,5,4,6,3,5,6,3,3,4,3,4,4,5,17,3
1622,2624,603103.5,3511849.5,2022,1,2,4,5,4,6,3,5,6,3,3,4,3,4,4,5,17,3
1633,2646,603169.5,3511816.5,2022,1,1,2,2,5,5,1,4,5,2,12,6,4,3,7,1,16,4
1636,2677,603262.5,3511807.5,2022,1,1,2,2,5,5,1,4,5,2,12,6,4,3,7,16,4,9
1641,2700,603331.5,3511792.5,2022,1,1,2,2,5,5,1,2,4,10,4,2,0,14,7,1,16,4
1644,2734,603433.5,3511783.5,2022,1,1,2,2,5,5,1,4,5,2,12,2,4,3,8,16,18,11
1631,2789,603598.5,3511822.5,2022,1,1,2,2,5,5,1,4,5,2,12,6,0,14,7,1,16,4
1626,2800,603631.5,3511837.5,2022,1,1,2,2,5,5,1,2,4,10,4,2,0,14,12,6,16,4
1645,2834,603733.5,3511780.5,2022,1,1,2,2,5,5,1,2,4,10,4,2,0,14,7,1,16,4
1621,2857,603802.5,3511852.5,2022,1,1,3,4,2,1,8,2,4,10,4,2,14,2,12,6,14,7
1620,2906,603949.5,3511855.5,2022,1,1,3,4,2,1,8,3,9,11,2,7,11,9,0,14,5,13
1629,2932,604027.5,3511828.5,2022,2,3,3,4,3,0,5,1,0,6,6,10,1,5,5,15,10,19
1638,2954,604093.5,3511801.5,2022,1,1,3,4,2,1,8,3,9,11,2,7,14,2,12,6,14,7
1641,2996,604219.5,3511792.5,2022,2,3,3,4,3,0,5,1,0,6,6,1,13,6,9,15,14,7
1630,3024,604303.5,3511825.5,2022,1,1,3,4,3,0,4,2,4,10,4,2,14,2,12,6,14,7
1641,3033,604330.5,3511792.5,2022,0,0,1,0,3,3,2,7,2,5,1,1,13,6,9,11,0,1
1643,3063,604420.5,3511786.5,2022,1,1,3,2,5,5,1,2,4,10,4,2,14,2,12,6,18,11
1638,3114,604573.5,3511801.5,2022,1,1,2,2,5,5,1,4,5,2,12,6,0,14,7,1,16,4
1627,3136,604639.5,3511834.5,2022,1,1,2,2,5,5,1,2,4,10,4,2,0,14,7,1,16,4
1635,3175,604756.5,3511810.5,2022,1,1,2,2,5,5,1,4,5,2,12,6,4,3,7,1,4,4
1640,3186,604789.5,3511795.5,2022,1,1,2,2,5,5,1,4,5,2,12,6,0,14,7,1,16,4
1629,3220,604891.5,3511828.5,2022,1,1,2,2,5,5,1,4,5,2,12,6,0,14,7,1,16,4
1621,3251,604984.5,3511852.5,2022,1,1,2,2,5,5,1,4,5,2,12,6,0,14,7,1,16,4
1635,3291,605104.5,3511810.5,2022,1,2,4,5,4,6,3,5,6,3,3,4,3,4,4,5,17,3
1628,3324,605203.5,3511831.5,2022,1,1,2,2,5,5,1,4,5,2,12,6,0,14,7,1,16,4
1647,3333,605230.5,3511774.5,2022,1,1,2,2,5,5,1,4,5,2,12,6,4,3,8,16,4,9
1650,11,595264.5,3511765.5,2022,2,3,0,1,0,4,0,8,7,7,11,0,7,11,3,12,6,5
1667,55,595396.5,3511714.5,2022,0,0,1,0,6,3,2,7,10,0,5,1,13,6,9,11,10,6
1667,81,595474.5,3511714.5,2022,2,3,3,4,2,1,8,3,9,11,2,7,11,9,0,14,5,13
1665,111,595564.5,3511720.5,2022,2,3,0,0,6,3,2,7,10,0,5,3,12,13,13,10,7,0
1658,134,595633.5,3511741.5,2022,2,3,0,1,3,3,5,1,0,6,6,10,1,5,5,15,6,19
1656,165,595726.5,3511747.5,2022,2,3,0,0,3,3,5,1,0,6,6,10,1,5,5,15,10,19
1674,185,595786.5,3511693.5,2022,0,0,1,0,3,3,5,1,0,6,6,1,13,6,9,15,10,6
1661,219,595888.5,3511732.5,2022,2,3,0,0,3,3,5,1,0,6,6,10,1,5,5,15,12,19
1678,254,595993.5,3511681.5,2022,2,3,1,0,3,0,4,1,0,6,6,10,13,6,9,15,10,6
1671,295,596116.5,3511702.5,2022,2,3,0,0,3,3,5,1,0,6,6,10,1,5,5,15,10,19
1657,302,596137.5,3511744.5,2022,0,0,1,0,3,0,4,6,2,5,1,1,13,6,9,11,10,6
1671,343,596260.5,3511702.5,2022,2,3,0,0,6,3,2,7,10,0,5,3,12,13,10,17,12,16
1660,371,596344.5,3511735.5,2022,0,0,1,0,3,0,4,6,2,5,1,1,13,6,9,11,10,6
1655,394,596413.5,3511750.5,2022,0,0,1,0,3,3,2,7,2,0,5,1,13,6,9,11,10,6
1666,428,596515.5,3511717.5,2022,0,0,1,0,3,0,4,6,2,5,1,1,13,6,9,11,10,6
1667,452,596587.5,3511714.5,2022,2,3,3,4,3,0,5,1,0,6,6,10,1,5,5,15,10,19
1677,490,596701.5,3511684.5,2022,2,3,0,1,0,4,0,8,7,8,8,0,7,11,16,12,2,5
1659,521,596794.5,3511738.5,2022,2,3,0,1,0,4,0,8,7,8,8,0,7,11,16,12,6,5
1673,563,596920.5,3511696.5,2022,2,3,0,1,0,4,0,8,7,8,8,0,7,11,3,12,6,5
1672,597,597022.5,3511699.5,2022,2,3,0,1,0,4,5,1,0,6,6,10,1,5,5,12,6,19
1677,616,597079.5,3511684.5,2022,2,3,3,4,2,1,8,3,9,11,2,7,11,9,0,14,5,13
1654,647,597172.5,3511753.5,2022,2,3,0,1,0,4,0,8,7,7,11,11,8,1,3,13,2,18
1677,664,597223.5,3511684.5,2022,2,3,3,4,2,1,8,3,9,11,2,7,11,9,0,14,6,13
1650,710,597361.5,3511765.5,2022,2,3,0,1,0,4,0,8,7,7,8,11,8,1,3,13,2,18
1673,748,597475.5,3511696.5,2022,2,3,0,1,0,4,0,8,7,8,8,0,7,11,3,13,2,5
1671,772,597547.5,3511702.5,2022,2,3,0,1,0,4,0,8,7,7,11,11,8,1,3,13,2,18
1674,782,597577.5,3511693.5,2022,2,3,0,1,0,4,0,8,7,7,8,0,7,11,3,13,2,18
1657,823,597700.5,3511744.5,2022,2,3,0,1,0,4,0,8,0,7,11,11,8,1,3,13,2,18
1650,866,597829.5,3511765.5,2022,2,3,0,1,0,4,0,8,7,7,11,11,8,1,3,13,2,18
1673,898,597925.5,3511696.5,2022,2,3,0,1,0,4,0,8,7,7,11,11,8,1,3,13,2,18
1668,902,597937.5,3511711.5,2022,2,3,0,1,0,4,0,8,7,7,11,11,8,1,3,13,2,18
1661,936,598039.5,3511732.5,2022,2,3,0,1,0,4,0,8,7,7,11,11,8,5,3,12,6,5
1667,980,598171.5,3511714.5,2022,2,3,3,4,3,0,4,6,0,6,6,10,1,5,5,15,10,19
1676,991,598204.5,3511687.5,2022,0,0,1,0,3,3,2,1,2,6,6,1,13,6,9,15,10,6
1664,1024,598303.5,3511723.5,2022,2,3,0,0,3,3,5,1,0,6,6,10,1,5,5,15,10,19
1673,1071,598444.5,3511696.5,2022,2,3,0,1,0,4,5,1,0,6,6,10,1,5,5,12,6,19
1679,1100,598531.5,3511678.5,2022,2,3,0,1,0,3,2,7,10,7,11,11,8,13,10,17,12,16
1653,1124,598603.5,3511756.5,2022,2,3,1,0,3,3,2,1,0,6,6,1,13,6,10,15,10,6
1672,1144,598663.5,3511699.5,2022,2,3,0,1,0,3,5,1,0,6,6,10,1,5,5,15,6,19
1656,1176,598759.5,3511747.5,2022,2,3,0,1,0,3,5,1,0,6,6,10,1,5,5,15,6,19
1673,1223,598900.5,3511696.5,2022,2,3,0,1,0,3,5,1,0,6,6,11,8,1,5,13,12,19
1665,1256,598999.5,3511720.5,2022,2,3,0,1,0,4,0,8,7,7,11,11,8,1,3,13,2,18
1667,1282,599077.5,3511714.5,2022,2,3,0,1,0,4,5,1,0,7,11,10,1,5,5,12,6,5
1661,1291,599104.5,3511732.5,2022,2,3,0,1,0,3,5,1,0,6,6,11,8,5,5,15,12,19
1666,1324,599203.5,3511717.5,2022,2,3,0,4,3,3,5,1,0,6,6,10,1,5,5,15,6,19
1678,1350,599281.5,3511681.5,2022,2,3,0,1,0,4,0,8,7,7,11,11,8,5,3,12,6,5
1666,1393,599410.5,3511717.5,2022,2,3,0,1,0,4,0,8,7,7,11,11,8,1,3,13,2,18
1653,1416,599479.5,3511756.5,2022,2,3,0,1,0,4,5,1,0,7,11,11,8,1,3,13,6,19
1668,1447,599572.5,3511711.5,2022,2,3,3,4,3,0,5,1,0,6,6,1,13,6,9,15,14,7
1660,1476,599659.5,3511735.5,2022,0,0,1,0,6,7,7,0,3,4,5,1,9,8,2,11,0,17
1674,1515,599776.5,3511693.5,2022,0,0,1,0,6,7,2,0,2,5,5,1,13,6,9,11,0,1
1653,1548,599875.5,3511756.5,2022,0,0,1,0,3,3,4,0,2,5,1,1,13,6,9,11,0,1
1676,1584,599983.5,3511687.5,2022,0,0,1,0,6,3,2,7,10,0,5,1,13,6,10,17,12,16
1654,1612,600067.5,3511753.5,2022,0,0,1,0,6,3,2,7,10,0,5,1,13,6,10,17,12,16
1656,1646,600169.5,3511747.5,2022,2,3,1,0,3,3,2,7,0,6,6,1,13,6,10,15,12,16
1652,1662,600217.5,3511759.5,2022,2,1,3,4,3,0,4,2,4,10,4,1,13,6,9,15,14,7
1672,1683,600280.5,3511699.5,2022,0,0,1,0,6,7,7,0,3,4,9,8,9,8,2,0,11,17
1677,1716,600379.5,3511684.5,2022,0,0,1,3,1,7,7,0,2,5,1,1,13,6,9,11,0,1
1650,1762,600517.5,3511765.5,2022,0,0,1,0,6,7,2,7,10,0,5,3,12,8,2,0,11,17
1661,1786,600589.5,3511732.5,2022,2,3,0,0,6,3,2,7,10,0,5,11,13,1,10,17,12,16
1668,1802,600637.5,3511711.5,2022,1,1,3,4,2,1,8,3,9,11,2,7,14,2,12,6,14,7
1678,1852,600787.5,3511681.5,2022,0,0,1,0,6,7,7,0,3,4,9,8,9,0,2,0,15,17
1660,1885,600886.5,3511735.5,2022,0,0,1,0,6,7,7,0,3,4,9,8,9,0,2,0,15,17
1669,1902,600937.5,3511708.5,2022,0,0,1,0,6,7,4,0,2,5,1,1,13,6,9,11,0,6
1653,1928,601015.5,3511756.5,2022,1,1,3,4,3,0,4,2,4,10,4,2,0,14,12,6,14,7
1662,1956,601099.5,3511729.5,2022,2,3,0,1,0,1,8,1,0,7,11,11,8,1,3,13,2,18
1650,2001,601234.5,3511765.5,2022,1,1,3,4,2,1,4,2,4,10,4,2,14,2,12,6,14,7
1662,2020,601291.5,3511729.5,2022,0,0,1,0,6,7,7,0,3,4,9,8,9,8,2,0,11,17
1659,2055,601396.5,3511738.5,2022,0,0,1,0,6,7,7,0,3,0,5,3,12,8,2,0,11,17
1673,2088,601495.5,3511696.5,2022,0,0,1,0,6,7,7,0,3,4,9,8,9,8,2,0,11,17
1660,2100,601531.5,3511735.5,2022,0,0,1,0,6,7,7,0,3,4,5,3,9,8,2,0,11,17
1677,2156,601699.5,3511684.5,2022,0,0,1,0,6,7,7,0,3,4,9,8,9,8,2,0,11,17
1659,2185,601786.5,3511738.5,2022,0,0,1,0,6,7,7,0,3,4,9,8,9,8,2,0,11,17
1678,2217,601882.5,3511681.5,2022,1,1,2,2,5,5,1,2,4,10,4,2,0,14,7,1,16,4
1673,2222,601897.5,3511696.5,2022,1,1,2,2,5,5,1,4,5,2,12,6,0,14,7,1,16,4
1673,2265,602026.5,3511696.5,2022,0,0,1,0,6,7,7,0,3,4,9,8,9,0,2,0,15,17
1662,2299,602128.5,3511729.5,2022,0,0,1,0,6,7,2,7,2,0,5,1,13,6,9,11,0,6
1654,2312,602167.5,3511753.5,2022,0,0,1,0,6,7,2,7,10,0,5,3,12,8,10,17,11,6
1659,2349,602278.5,3511738.5,2022,1,1,2,2,5,5,4,2,4,10,4,2,0,14,7,1,16,4
1671,2380,602371.5,3511702.5,2022,0,0,1,3,1,7,7,0,2,5,1,1,13,6,9,11,0,1
1667,2419,602488.5,3511714.5,2022,0,0,1,3,1,2,7,0,2,5,1,9,2,0,6,11,0,1
1657,2459,602608.5,3511744.5,2022,0,0,1,0,3,0,4,6,2,5,1,1,13,6,9,11,0,1
1653,2483,602680.5,3511756.5,2022,1,1,2,2,5,5,1,4,5,2,12,6,0,14,7,1,16,4
1678,2495,602716.5,3511681.5,2022,1,1,2,2,5,5,1,4,5,2,12,6,4,3,7,16,4,9
1669,2533,602830.5,3511708.5,2022,1,1,2,2,5,5,1,4,5,2,12,6,4,3,7,16,4,9
1678,2566,602929.5,3511681.5,2022,1,2,4,5,4,6,3,5,6,3,3,4,3,4,4,5,17,3
1673,2599,603028.5,3511696.5,2022,1,1,2,2,5,5,1,2,4,10,4,2,0,14,7,1,16,4
1657,2634,603133.5,3511744.5,2022,1,1,2,2,5,5,1,4,5,2,12,6,4,3,7,16,4,9
1668,2666,603229.5,3511711.5,2022,1,1,2,2,5,5,1,4,5,2,12,6,0,14,7,1,16,4
1675,2690,603301.5,3511690.5,2022,1,1,3,4,5,5,1,2,4,10,4,2,14,2,12,6,18,11
1652,2709,603358.5,3511759.5,2022,1,1,2,2,5,5,1,4,5,2,12,6,4,3,7,16,16,4
1674,2749,603478.5,3511693.5,2022,1,1,3,2,5,5,1,2,4,10,4,2,14,2,12,6,16,11
1674,2782,603577.5,3511693.5,2022,1,1,3,2,5,5,1,2,4,10,4,2,14,2,12,6,14,7
1669,2802,603637.5,3511708.5,2022,1,1,2,2,5,5,1,4,5,2,12,6,0,14,7,1,16,4
1650,2846,603769.5,3511765.5,2022,1,1,2,2,5,5,1,2,4,10,4,2,0,14,7,1,16,4
1658,2872,603847.5,3511741.5,2022,1,1,3,4,2,1,8,2,4,10,4,2,14,2,12,6,14,7
1669,2908,603955.5,3511708.5,2022,1,1,3,4,2,1,8,3,9,11,2,7,14,2,12,6,14,11
1659,2933,604030.5,3511738.5,2022,1,1,3,4,2,1,8,2,4,10,4,2,14,2,12,6,14,7
1677,2941,604054.5,3511684.5,2022,2,3,0,0,3,3,5,1,0,6,6,10,1,13,13,10,7,0
1651,2982,604177.5,3511762.5,2022,1,1,3,4,2,1,8,3,9,11,2,7,14,2,12,6,14,13
1658,3001,604234.5,3511741.5,2022,1,1,3,4,2,1,8,2,4,10,4,2,14,2,12,6,14,7
1666,3033,604330.5,3511717.5,2022,1,1,3,4,3,0,4,6,2,5,1,9,2,15,15,7,13,10
1676,3060,604411.5,3511687.5,2022,1,1,2,2,5,5,1,4,5,2,12,6,4,3,8,16,4,9
1672,3107,604552.5,3511699.5,2022,2,3,0,0,3,0,5,1,0,6,6,10,1,5,5,15,10,19
1677,3121,604594.5,3511684.5,2022,0,0,1,0,3,0,4,6,2,5,1,1,13,6,9,11,10,6
1669,3164,604723.5,3511708.5,2022,1,1,2,2,5,5,1,4,5,2,12,6,0,14,7,1,16,4
1677,3195,604816.5,3511684.5,2022,1,1,2,2,5,5,1,4,5,2,12,6,4,3,8,16,18,4
1656,3210,604861.5,3511747.5,2022,1,1,2,2,5,5,1,2,4,10,4,2,0,14,7,1,16,4
1659,3252,604987.5,3511738.5,2022,1,1,2,2,5,5,1,4,5,2,12,6,4,3,7,16,4,9
1651,3271,605044.5,3511762.5,2022,1,1,2,2,5,5,1,4,5,2,12,6,0,14,7,1,16,4
1670,3327,605212.5,3511705.5,2022,1,1,2,2,5,5,1,4,5,2,12,6,4,3,7,16,4,4
1657,3331,605224.5,3511744.5,2022,1,1,2,2,5,5,1,4,5,2,12,6,4,3,7,16,4,9
1709,20,595291.5,3511588.5,2022,0,0,1,0,6,3,2,7,10,0,5,3,12,6,10,17,12,16
1706,37,595342.5,3511597.5,2022,2,3,0,0,3,3,2,1,0,6,6,1,13,6,10,15,12,16
1692,72,595447.5,3511639.5,2022,2,3,1,0,3,3,5,1,0,6,6,1,13,6,9,15,10,6
1697,106,595549.5,3511624.5,2022,0,0,1,0,6,3,2,7,10,0,5,3,12,6,10,17,12,16
1691,129,595618.5,3511642.5,2022,2,3,0,1,0,4,0,8,7,7,11,11,8,1,3,13,2,18
1703,168,595735.5,3511606.5,2022,2,3,0,0,3,3,5,1,0,6,6,10,1,5,5,15,12,19
1697,202,595837.5,3511624.5,2022,2,3,0,0,6,3,2,7,10,0,5,3,12,13,10,17,12,16
1683,233,595930.5,3511666.5,2022,2,0,1,0,6,3,2,7,10,0,5,1,13,6,10,17,12,16
1700,253,595990.5,3511615.5,2022,2,3,0,1,0,3,5,1,0,6,6,10,1,5,5,15,6,19
1686,274,596053.5,3511657.5,2022,0,0,1,0,3,0,4,7,2,5,1,1,13,6,9,11,10,6
1682,311,596164.5,3511669.5,2022,2,3,0,0,3,0,5,1,0,6,6,10,1,5,5,15,10,6
1700,330,596221.5,3511615.5,2022,2,3,0,1,0,4,5,1,0,6,11,10,1,5,5,12,6,19
1684,361,596314.5,3511663.5,2022,2,3,0,0,3,3,2,7,0,6,6,10,13,6,10,15,12,16
1697,415,596476.5,3511624.5,2022,2,3,0,1,3,3,5,1,0,6,6,10,1,5,5,15,6,19
1703,445,596566.5,3511606.5,2022,2,3,0,4,3,0,5,1,0,6,6,10,1,5,5,15,10,19
1697,469,596638.5,3511624.5,2022,2,3,0,1,0,4,5,1,0,6,6,10,1,5,5,12,6,5
1684,485,596686.5,3511663.5,2022,2,3,0,1,0,4,0,8,7,8,8,0,7,11,16,12,6,5
1704,527,596812.5,3511603.5,2022,2,3,0,1,0,4,0,8,7,8,8,0,7,11,16,12,6,5
1688,545,596866.5,3511651.5,2022,2,3,0,1,0,4,5,8,7,8,8,0,7,5,5,12,6,5
1702,572,596947.5,3511609.5,2022,1,1,3,4,2,1,8,3,1,9,0,5,10,12,1,4,1,2
1692,613,597070.5,3511639.5,2022,2,3,3,4,2,1,8,3,9,11,2,7,11,9,0,14,5,13
1704,641,597154.5,3511603.5,2022,2,3,0,1,0,4,0,8,7,7,11,11,8,1,3,13,2,18
1695,688,597295.5,3511630.5,2022,2,3,0,1,0,4,0,8,7,8,8,0,7,11,16,3,2,18
1699,712,597367.5,3511618.5,2022,2,3,0,1,0,4,0,8,7,7,11,0,8,11,3,13,2,18
1699,744,597463.5,3511618.5,2022,2,3,0,1,0,4,0,8,7,8,8,0,7,11,3,13,2,18
1687,754,597493.5,3511654.5,2022,2,3,0,1,0,4,0,8,7,8,8,0,7,11,3,13,2,18
1689,792,597607.5,3511648.5,2022,2,3,3,4,2,1,8,1,0,6,6,1,13,6,12,6,14,7
1685,825,597706.5,3511660.5,2022,2,3,0,1,0,4,0,8,7,7,11,11,8,1,3,13,2,18
1685,842,597757.5,3511660.5,2022,2,3,0,1,0,4,0,8,7,7,11,11,8,1,3,13,2,18
1697,889,597898.5,3511624.5,2022,2,3,0,1,0,4,0,8,7,7,11,11,8,1,3,13,2,18
1688,923,598000.5,3511651.5,2022,2,3,0,1,0,4,0,8,7,7,11,11,8,1,3,13,2,18
1703,939,598048.5,3511606.5,2022,2,3,0,1,0,4,5,1,0,7,11,11,8,5,5,12,6,19
1709,964,598123.5,3511588.5,2022,2,3,0,1,0,3,5,1,0,6,6,10,1,5,5,15,6,19
1702,1010,598261.5,3511609.5,2022,2,3,0,0,3,3,2,7,0,6,6,10,13,6,10,15,10,19
1707,1028,598315.5,3511594.5,2022,0,0,1,0,3,0,4,6,2,5,1,1,13,6,9,11,10,6
1684,1060,598411.5,3511663.5,2022,2,3,0,0,0,3,2,1,0,6,6,10,1,5,10,15,12,19
1703,1099,598528.5,3511606.5,2022,2,3,0,1,0,4,5,1,0,6,6,10,1,5,5,12,6,5
1700,1137,598642.5,3511615.5,2022,2,3,1,0,6,3,2,7,10,0,5,3,12,13,13,10,10,6
1707,1159,598708.5,3511594.5,2022,2,3,0,0,3,3,5,1,0,6,6,10,1,5,5,15,12,19
1705,1188,598795.5,3511600.5,2022,2,3,0,0,3,3,5,1,0,6,6,10,1,5,5,15,10,19
1680,1207,598852.5,3511675.5,2022,2,3,0,0,3,3,5,1,0,6,6,10,1,5,5,15,10,19
1687,1251,598984.5,3511654.5,2022,2,3,0,1,0,3,2,7,10,7,11,11,8,13,13,10,7,0
1686,1267,599032.5,3511657.5,2022,2,3,0,1,0,3,5,1,0,6,6,10,1,5,5,15,12,19
1708,1316,599179.5,3511591.5,2022,2,3,0,1,0,3,5,1,0,7,11,11,8,1,3,13,12,19
1683,1332,599227.5,3511666.5,2022,2,3,0,0,3,3,5,1,0,6,6,10,1,5,5,15,12,19
1684,1372,599347.5,3511663.5,2022,2,3,0,1,0,4,0,8,7,7,11,11,8,1,3,13,2,18
1682,1384,599383.5,3511669.5,2022,2,3,0,1,0,4,0,8,7,7,11,11,8,5,3,12,6,5
1708,1429,599518.5,3511591.5,2022,0,0,1,0,6,3,2,7,10,0,5,1,13,6,10,17,10,6
1681,1452,599587.5,3511672.5,2022,1,1,3,4,2,5,4,2,4,10,4,2,14,2,12,6,14,7
1700,1473,599650.5,3511615.5,2022,0,0,1,0,3,3,2,7,2,5,1,1,13,6,9,15,10,6
1695,1505,599746.5,3511630.5,2022,1,1,3,4,2,1,8,3,9,11,2,7,11,9,0,14,5,13
1696,1533,599830.5,3511627.5,2022,2,3,0,1,2,1,8,3,9,11,2,7,11,9,0,14,5,13
1700,1570,599941.5,3511615.5,2022,2,3,3,4,3,0,4,1,0,6,6,10,1,5,9,15,10,19
1694,1593,600010.5,3511633.5,2022,0,0,1,0,6,3,2,7,10,0,5,3,12,6,10,17,12,16
1709,1620,600091.5,3511588.5,2022,0,0,1,0,6,7,7,0,3,4,9,8,9,8,2,0,11,17
1683,1663,600220.5,3511666.5,2022,0,0,1,3,1,2,7,0,3,4,9,8,9,0,6,8,0,1
1681,1703,600340.5,3511672.5,2022,0,0,1,0,6,3,2,7,10,0,5,3,12,8,10,17,12,16
1694,1739,600448.5,3511633.5,2022,0,0,1,0,6,7,7,0,3,4,9,8,9,8,2,0,11,17
1680,1753,600490.5,3511675.5,2022,0,0,1,0,6,7,2,7,10,0,5,3,12,8,2,0,11,17
1705,1771,600544.5,3511600.5,2022,2,3,0,0,3,3,5,1,0,6,6,1,13,6,10,15,12,16
1705,1828,600715.5,3511600.5,2022,0,0,1,0,6,7,7,0,3,4,9,8,9,8,2,0,11,17
1694,1858,600805.5,3511633.5,2022,0,0,1,0,6,3,2,7,10,0,5,3,12,6,10,17,12,16
1685,1884,600883.5,3511660.5,2022,0,0,1,0,6,7,7,0,2,5,5,1,13,6,9,11,0,1
1692,1892,600907.5,3511639.5,2022,0,0,1,0,3,0,4,6,2,5,1,1,2,6,9,11,10,6
1709,1938,601045.5,3511588.5,2022,0,0,1,3,1,2,4,6,2,5,1,9,2,15,9,11,0,1
1687,1979,601168.5,3511654.5,2022,0,0,1,3,6,7,7,0,2,5,1,8,9,0,9,11,0,6
1709,2003,601240.5,3511588.5,2022,0,0,1,0,6,7,7,0,3,4,9,8,9,8,2,0,11,17
1693,2017,601282.5,3511636.5,2022,0,0,1,3,1,7,7,0,3,4,9,8,9,0,6,8,0,1
1695,2040,601351.5,3511630.5,2022,0,0,1,0,6,7,7,0,3,4,9,8,9,8,2,0,11,17
1706,2095,601516.5,3511597.5,2022,0,0,1,0,6,3,2,7,10,0,5,3,12,8,10,17,11,16
1707,2105,601546.5,3511594.5,2022,0,0,1,0,6,3,2,7,10,0,5,3,12,8,10,17,12,16
1698,2148,601675.5,3511621.5,2022,0,0,1,0,6,7,7,0,3,0,5,3,9,8,2,0,11,17
1701,2175,601756.5,3511612.5,2022,0,0,1,0,6,7,2,7,10,0,5,3,12,8,2,0,11,17
1707,2210,601861.5,3511594.5,2022,1,1,2,3,1,2,6,9,8,1,10,9,2,15,15,7,13,10
1680,2237,601942.5,3511675.5,2022,0,0,1,3,1,0,4,6,2,5,1,9,2,15,9,11,0,1
1709,2269,602038.5,3511588.5,2022,0,0,1,3,1,7,7,0,3,4,9,8,9,0,6,8,0,1
1707,2307,602152.5,3511594.5,2022,0,0,1,0,6,7,7,0,3,4,9,8,9,0,2,11,0,17
1696,2325,602206.5,3511627.5,2022,0,0,1,0,6,7,7,0,3,4,9,8,9,8,2,11,0,1
1701,2366,602329.5,3511612.5,2022,1,1,2,2,5,5,4,2,4,10,4,2,0,14,7,1,16,4
1680,2393,602410.5,3511675.5,2022,0,0,1,3,1,7,7,0,3,4,9,8,9,0,6,8,0,1
1706,2410,602461.5,3511597.5,2022,0,0,1,0,6,3,2,7,10,0,5,3,12,8,2,0,11,17
1689,2444,602563.5,3511648.5,2022,1,1,2,2,5,5,1,4,5,2,12,6,4,3,8,16,4,9
1693,2479,602668.5,3511636.5,2022,1,1,3,2,5,5,1,2,4,10,4,2,0,14,12,6,16,7
1697,2514,602773.5,3511624.5,2022,1,1,2,2,5,5,1,4,5,2,12,6,4,3,7,1,16,4
1686,2549,602878.5,3511657.5,2022,1,1,2,2,5,5,1,4,5,2,12,6,4,3,8,16,4,9
1701,2569,602938.5,3511612.5,2022,1,1,2,2,5,5,1,4,5,2,12,6,4,3,8,16,4,9
1703,2586,602989.5,3511606.5,2022,1,1,2,2,5,5,1,4,5,2,12,6,4,3,7,16,16,4
1689,2623,603100.5,3511648.5,2022,1,1,2,2,5,5,1,4,5,2,12,6,4,3,8,16,4,9
1680,2649,603178.5,3511675.5,2022,1,1,3,2,5,5,1,2,4,10,4,2,14,2,12,6,18,11
1687,2694,603313.5,3511654.5,2022,1,1,2,2,5,5,1,4,5,2,12,6,4,3,8,16,4,9
1702,2724,603403.5,3511609.5,2022,1,1,2,2,5,5,1,4,5,2,12,6,4,3,8,16,4,9
1681,2748,603475.5,3511672.5,2022,1,1,2,2,5,5,1,4,5,2,12,6,4,3,8,16,4,9
1682,2764,603523.5,3511669.5,2022,1,1,2,2,5,5,1,2,4,10,4,2,0,14,7,1,16,4
1700,2794,603613.5,3511615.5,2022,1,1,2,2,5,5,1,4,5,2,12,6,0,14,7,1,16,4
1697,2822,603697.5,3511624.5,2022,1,1,3,2,5,5,1,2,4,10,4,2,14,2,12,6,18,11
1693,2856,603799.5,3511636.5,2022,1,1,3,2,2,1,8,2,4,10,4,2,14,2,12,6,18,11
1686,2897,603922.5,3511657.5,2022,1,1,3,2,2,1,8,2,4,10,4,2,14,2,12,6,14,11
1687,2926,604009.5,3511654.5,2022,1,1,3,4,2,1,8,2,4,10,4,2,14,2,12,6,14,7
1691,2954,604093.5,3511642.5,2022,2,3,0,1,0,4,5,1,0,6,6,10,1,5,5,12,6,5
1687,2990,604201.5,3511654.5,2022,2,3,0,1,3,0,5,1,0,6,6,10,1,5,5,15,10,19
1700,3014,604273.5,3511615.5,2022,2,0,1,0,3,0,5,1,0,6,6,10,1,6,9,15,10,6
1683,3032,604327.5,3511666.5,2022,1,1,2,2,5,5,1,4,5,2,12,6,4,3,8,16,4,9
1700,3082,604477.5,3511615.5,2022,1,1,2,2,5,5,1,4,5,2,12,6,4,3,7,16,4,9
1702,3115,604576.5,3511609.5,2022,0,0,1,3,3,0,4,6,2,5,1,9,2,15,9,11,0,6
1704,3132,604627.5,3511603.5,2022,1,1,2,2,5,5,1,2,4,10,4,2,0,14,7,1,16,4
1697,3163,604720.5,3511624.5,2022,1,1,2,2,5,5,1,4,5,2,12,6,0,14,7,1,16,4
1689,3201,604834.5,3511648.5,2022,1,1,2,2,5,5,1,2,4,10,4,6,0,14,7,1,16,4
1687,3213,604870.5,3511654.5,2022,1,1,2,2,5,5,1,4,5,2,12,6,4,3,7,16,4,9
1680,3257,605002.5,3511675.5,2022,0,0,2,3,1,2,6,9,8,1,10,9,2,15,15,7,13,10
1709,3286,605089.5,3511588.5,2022,1,1,2,2,5,5,1,4,5,2,12,6,0,14,7,1,16,4
1680,3314,605173.5,3511675.5,2022,1,1,2,2,5,5,1,4,5,2,12,6,0,14,7,1,16,4
1707,3330,605221.5,3511594.5,2022,1,1,2,2,5,5,1,4,5,2,12,6,4,3,8,16,4,9
1727,4,595243.5,3511534.5,2022,2,3,0,1,0,3,2,7,0,7,11,11,8,1,3,13,12,18
1736,30,595321.5,3511507.5,2022,0,0,1,0,6,3,2,7,10,0,5,3,12,13,10,17,12,16
1731,77,595462.5,3511522.5,2022,2,3,0,1,0,3,5,1,0,6,6,10,1,5,5,15,12,19
1735,107,595552.5,3511510.5,2022,2,3,0,1,0,3,5,1,0,7,11,11,1,5,5,10,6,19
1732,149,595678.5,3511519.5,2022,2,3,0,1,0,4,0,8,7,7,11,11,8,1,3,13,2,18
1736,151,595684.5,3511507.5,2022,2,3,0,1,0,4,0,8,7,7,11,11,8,1,3,13,2,18
1736,205,595846.5,3511507.5,2022,2,3,0,1,0,3,5,1,0,6,6,10,1,5,5,15,12,19
1719,219,595888.5,3511558.5,2022,2,3,0,1,0,3,5,1,0,6,6,10,1,13,13,10,7,0
1733,250,595981.5,3511516.5,2022,2,3,0,0,3,3,5,1,0,6,6,10,13,5,10,15,12,19
1711,273,596050.5,3511582.5,2022,2,3,0,0,6,3,2,7,10,0,5,3,12,13,10,17,12,16
1719,302,596137.5,3511558.5,2022,2,3,0,0,6,3,2,7,10,0,6,10,1,13,10,17,12,16
1718,336,596239.5,3511561.5,2022,2,3,0,1,0,3,5,1,0,6,6,10,1,5,5,15,6,19
1737,369,596338.5,3511504.5,2022,2,3,0,1,0,3,5,1,0,7,11,11,8,1,3,13,12,18
1729,403,596440.5,3511528.5,2022,2,3,0,1,0,3,5,1,0,6,6,11,8,1,5,15,12,19
1724,427,596512.5,3511543.5,2022,1,1,3,4,3,0,4,6,4,5,1,9,2,15,9,7,13,7
1732,455,596596.5,3511519.5,2022,0,0,1,0,6,7,4,6,2,5,1,1,2,6,9,11,10,6
1739,494,596713.5,3511498.5,2022,2,3,3,4,3,0,5,1,1,9,0,5,10,12,1,4,1,2
1718,523,596800.5,3511561.5,2022,2,3,3,4,2,1,8,3,9,11,2,7,11,9,0,14,5,13
1712,565,596926.5,3511579.5,2022,1,1,3,4,2,0,8,6,1,9,0,5,10,12,1,4,1,2
1716,599,597028.5,3511567.5,2022,2,3,0,1,0,4,0,8,7,7,11,11,8,1,3,13,2,18
1738,606,597049.5,3511501.5,2022,2,3,0,1,0,4,0,8,7,7,8,0,8,1,3,13,2,18
1721,631,597124.5,3511552.5,2022,2,3,0,1,0,4,0,8,7,8,8,0,7,11,16,13,2,18
1728,676,597259.5,3511531.5,2022,2,3,0,1,3,3,5,1,0,6,6,10,1,5,5,15,6,19
1723,711,597364.5,3511546.5,2022,2,3,0,1,0,4,0,8,7,8,8,0,7,11,3,13,2,5
1719,743,597460.5,3511558.5,2022,2,3,0,1,0,4,0,8,7,7,11,11,8,1,3,13,2,18
1717,772,597547.5,3511564.5,2022,2,3,0,1,0,4,0,8,7,7,11,11,8,1,3,12,6,5
1739,809,597658.5,3511498.5,2022,2,3,0,1,0,4,0,8,7,7,11,11,8,1,3,13,2,18
1738,813,597670.5,3511501.5,2022,2,3,0,1,0,4,0,8,7,7,11,11,8,1,3,13,6,18
1733,853,597790.5,3511516.5,2022,2,3,0,1,0,4,0,8,7,7,11,11,8,1,3,13,2,18
1710,897,597922.5,3511585.5,2022,2,3,0,1,0,4,0,8,7,7,11,11,8,1,3,13,2,18
1728,928,598015.5,3511531.5,2022,2,3,0,1,0,4,0,8,7,7,11,11,8,1,3,13,2,18
1711,954,598093.5,3511582.5,2022,2,3,0,1,0,4,5,1,0,6,6,10,1,5,5,12,6,19
1725,970,598141.5,3511540.5,2022,2,3,0,1,0,3,5,1,0,6,6,10,1,5,5,10,6,19
1732,1011,598264.5,3511519.5,2022,0,0,1,0,6,3,2,7,10,0,5,3,12,13,13,17,10,6
1721,1021,598294.5,3511552.5,2022,0,0,1,0,3,0,4,6,2,5,1,1,13,6,9,11,10,6
1727,1057,598402.5,3511534.5,2022,2,3,0,1,0,3,5,1,0,6,6,10,1,5,5,15,6,19
1725,1104,598543.5,3511540.5,2022,2,3,0,1,0,4,5,1,0,6,6,10,1,5,5,12,6,19
1737,1119,598588.5,3511504.5,2022,2,3,0,0,3,3,5,1,0,6,6,10,1,5,5,15,10,19
1727,1141,598654.5,3511534.5,2022,2,3,0,0,6,3,2,7,10,0,6,10,1,13,10,17,12,16
1728,1192,598807.5,3511531.5,2022,2,3,0,0,0,3,2,1,0,6,6,10,1,5,5,15,12,19
1730,1212,598867.5,3511525.5,2022,2,3,0,1,0,3,0,8,10,7,11,11,8,1,3,13,2,18
1734,1238,598945.5,3511513.5,2022,2,3,0,1,0,3,0,8,10,7,11,11,8,13,13,10,7,0
1711,1272,599047.5,3511582.5,2022,2,3,1,0,3,3,5,1,0,6,6,10,1,6,9,15,10,6
1722,1296,599119.5,3511549.5,2022,2,3,0,0,3,3,5,1,0,6,6,10,1,5,5,15,10,19
1737,1330,599221.5,3511504.5,2022,2,3,0,0,3,3,5,1,0,6,6,1,13,6,10,15,12,19
1739,1356,599299.5,3511498.5,2022,2,3,0,0,3,3,5,1,0,6,6,10,1,6,5,15,10,19
1737,1386,599389.5,3511504.5,2022,2,3,0,1,3,3,5,1,0,6,6,10,1,5,5,15,10,19
1726,1423,599500.5,3511537.5,2022,2,3,0,1,0,3,5,1,0,6,6,10,1,5,5,15,6,19
1738,1453,599590.5,3511501.5,2022,2,3,0,1,0,4,0,8,7,7,11,11,8,1,3,13,2,18
1728,1482,599677.5,3511531.5,2022,2,3,0,1,0,4,0,8,7,7,11,11,8,1,3,13,2,18
1721,1502,599737.5,3511552.5,2022,2,3,0,0,3,3,5,1,0,6,6,10,1,5,5,15,12,19
1712,1546,599869.5,3511579.5,2022,2,3,0,0,3,3,5,1,0,6,6,10,13,6,5,15,10,19
1727,1576,599959.5,3511534.5,2022,2,3,0,4,3,3,5,1,0,6,6,1,13,6,9,15,12,19
1719,1591,600004.5,3511558.5,2022,0,0,1,0,6,7,2,7,10,0,5,3,12,8,2,0,11,17
1736,1621,600094.5,3511507.5,2022,2,0,1,0,6,3,2,7,10,0,5,1,13,6,10,17,12,16
1735,1662,600217.5,3511510.5,2022,0,0,1,0,6,7,7,0,3,4,9,8,9,8,2,0,11,17
1733,1699,600328.5,3511516.5,2022,2,3,0,1,0,3,5,1,0,6,6,10,1,5,5,15,6,19
1723,1717,600382.5,3511546.5,2022,0,0,1,0,6,3,2,7,10,0,5,1,13,6,10,17,12,16
1726,1760,600511.5,3511537.5,2022,0,0,1,0,6,3,2,7,10,0,5,3,12,8,10,17,11,16
1736,1797,600622.5,3511507.5,2022,2,3,3,4,2,1,8,3,9,11,2,7,11,9,0,14,5,13
1713,1822,600697.5,3511576.5,2022,0,0,1,0,3,0,4,6,2,5,1,1,13,6,9,11,0,1
1726,1835,600736.5,3511537.5,2022,0,1,1,3,3,0,4,6,2,5,1,9,2,15,9,11,0,6
1735,1879,600868.5,3511510.5,2022,0,0,1,0,6,7,2,7,10,0,5,1,13,8,2,0,11,17
1736,1894,600913.5,3511507.5,2022,0,0,1,3,1,7,7,0,3,4,9,8,9,0,6,8,15,12
1730,1942,601057.5,3511525.5,2022,0,0,1,0,6,7,7,0,3,4,9,8,9,8,2,0,11,17
1720,1962,601117.5,3511555.5,2022,0,0,1,3,1,2,6,9,8,1,10,13,5,0,6,8,15,12
1710,1986,601189.5,3511585.5,2022,0,0,1,3,1,7,7,0,3,4,9,8,9,0,6,8,0,1
1722,2026,601309.5,3511549.5,2022,0,0,1,0,6,7,7,0,3,0,5,1,13,6,2,11,0,1
1711,2041,601354.5,3511582.5,2022,0,0,1,3,1,7,7,0,3,4,9,8,9,0,6,8,0,1
1725,2072,601447.5,3511540.5,2022,0,0,1,0,6,7,2,7,10,0,5,3,12,8,2,0,11,17
1710,2104,601543.5,3511585.5,2022,0,0,1,0,6,7,7,0,3,0,5,3,12,8,2,0,11,17
1732,2142,601657.5,3511519.5,2022,0,0,1,0,6,7,2,0,2,0,5,1,13,6,9,11,0,1
1737,2170,601741.5,3511504.5,2022,0,0,1,3,1,2,4,6,2,5,1,9,2,15,6,11,0,1
1717,2192,601807.5,3511564.5,2022,0,0,2,3,1,2,6,9,8,5,1,9,2,15,15,7,13,10
1726,2225,601906.5,3511537.5,2022,1,1,2,2,5,5,1,4,5,2,12,6,4,3,7,16,4,9
1737,2271,602044.5,3511504.5,2022,0,0,1,3,1,7,7,0,2,5,1,9,2,0,9,11,0,6
1731,2303,602140.5,3511522.5,2022,1,1,2,2,5,5,1,2,4,10,4,9,0,14,7,1,16,4
1714,2324,602203.5,3511573.5,2022,0,0,1,3,6,7,7,0,2,5,1,1,13,6,9,11,0,1
1727,2353,602290.5,3511534.5,2022,0,0,2,3,1,2,6,9,8,1,10,13,5,0,6,8,0,1
1738,2392,602407.5,3511501.5,2022,1,1,2,2,5,5,1,4,5,2,12,6,4,3,8,16,4,9
1720,2420,602491.5,3511555.5,2022,1,1,2,2,5,5,1,4,5,2,12,6,4,3,8,16,4,9
1717,2447,602572.5,3511564.5,2022,1,1,2,2,5,2,1,9,8,5,1,9,0,14,7,1,13,10
1728,2483,602680.5,3511531.5,2022,1,1,2,2,5,5,1,4,5,2,12,6,0,14,7,1,16,4
1736,2510,602761.5,3511507.5,2022,1,1,2,2,5,5,1,4,5,2,12,6,4,3,8,16,4,9
1720,2527,602812.5,3511555.5,2022,1,1,2,2,5,5,1,4,5,2,12,6,4,3,8,16,4,9
1712,2555,602896.5,3511579.5,2022,1,1,2,2,5,5,1,4,5,2,12,6,4,3,8,16,4,9
1715,2580,602971.5,3511570.5,2022,1,1,2,2,5,5,1,4,5,2,12,6,4,3,8,16,4,9
1728,2630,603121.5,3511531.5,2022,1,1,2,2,5,5,1,2,4,10,4,2,0,14,7,1,16,4
1734,2659,603208.5,3511513.5,2022,1,1,2,2,5,5,1,4,5,2,12,6,0,14,7,1,16,4
1738,2696,603319.5,3511501.5,2022,1,1,2,2,5,5,1,4,5,2,12,6,4,3,8,16,4,9
1729,2702,603337.5,3511528.5,2022,1,1,2,2,5,5,1,4,5,2,12,6,4,3,7,16,4,9
1721,2747,603472.5,3511552.5,2022,1,1,2,2,5,5,1,4,5,2,12,6,4,3,7,16,4,9
1714,2783,603580.5,3511573.5,2022,1,1,2,2,5,5,1,4,5,2,12,6,4,3,7,16,4,9
1720,2809,603658.5,3511555.5,2022,1,1,2,2,5,5,1,4,5,2,12,6,0,14,7,1,16,4
1720,2833,603730.5,3511555.5,2022,1,1,2,2,5,5,1,4,5,2,12,6,4,3,8,16,4,9
1723,2878,603865.5,3511546.5,2022,1,1,2,2,5,5,1,4,5,2,12,6,4,3,8,16,4,9
1739,2892,603907.5,3511498.5,2022,1,1,2,2,5,5,1,4,5,2,12,6,4,3,8,16,4,9
1726,2927,604012.5,3511537.5,2022,1,1,3,2,5,5,1,4,5,2,12,2,14,2,8,16,18,11
1713,2967,604132.5,3511576.5,2022,1,1,3,4,3,0,4,6,1,9,0,5,10,15,15,7,13,10
1710,2994,604213.5,3511585.5,2022,2,1,3,4,3,0,4,6,1,9,0,5,10,12,1,15,10,19
1736,3029,604318.5,3511507.5,2022,1,1,3,2,5,5,1,2,4,10,4,2,14,2,12,6,18,11
1726,3047,604372.5,3511537.5,2022,1,1,2,2,5,5,1,4,5,2,12,6,4,3,8,16,4,9
1735,3078,604465.5,3511510.5,2022,1,1,2,2,5,5,1,4,5,2,12,6,4,3,8,16,4,9
1715,3107,604552.5,3511570.5,2022,1,1,2,2,5,5,1,4,5,2,12,6,4,3,8,16,4,9
1720,3127,604612.5,3511555.5,2022,1,1,2,2,5,5,4,2,4,10,4,9,0,14,7,1,16,4
1728,3179,604768.5,3511531.5,2022,1,1,2,2,5,5,1,4,5,2,12,6,4,3,7,1,4,9
1712,3188,604795.5,3511579.5,2022,1,1,2,2,5,5,1,4,5,2,12,6,0,14,7,1,16,4
1722,3211,604864.5,3511549.5,2022,1,1,2,2,5,5,1,2,4,10,4,2,0,14,7,1,16,4
1730,3255,604996.5,3511525.5,2022,1,1,2,2,5,5,1,4,5,2,12,6,0,14,7,1,16,4
1718,3299,605128.5,3511561.5,2022,1,1,2,2,5,5,1,4,5,2,12,6,4,3,8,16,4,9
1729,3323,605200.5,3511528.5,2022,1,1,2,2,5,5,1,4,5,2,12,6,4,3,7,16,4,9
1720,3330,605221.5,3511555.5,2022,1,1,2,2,5,5,1,4,5,2,12,6,4,3,8,16,4,9
1759,12,595267.5,3511438.5,2022,0,0,1,0,3,0,2,7,2,5,1,1,13,6,9,11,10,6
1755,55,595396.5,3511450.5,2022,2,3,0,1,0,3,2,1,0,7,11,11,8,1,3,13,12,18
1757,68,595435.5,3511444.5,2022,2,3,0,1,0,3,2,7,0,7,11,11,8,1,10,17,12,16
1754,105,595546.5,3511453.5,2022,2,3,1,0,3,3,2,7,0,6,6,1,13,6,10,17,12,16
1752,128,595615.5,3511459.5,2022,2,3,0,0,0,3,2,7,10,6,11,11,8,1,10,17,12,16
1764,152,595687.5,3511423.5,2022,2,3,0,1,0,3,2,7,10,7,11,11,8,1,10,17,12,16
1768,187,595792.5,3511411.5,2022,2,3,0,0,3,3,5,1,0,6,6,1,13,6,5,15,12,19
1767,234,595933.5,3511414.5,2022,2,3,0,1,0,3,2,7,10,7,11,11,8,1,3,13,2,18
1751,261,596014.5,3511462.5,2022,2,3,0,0,6,3,2,7,10,0,5,3,12,13,10,17,12,16
1742,291,596104.5,3511489.5,2022,2,3,0,0,0,3,5,1,0,6,6,11,1,1,10,17,12,16
1744,300,596131.5,3511483.5,2022,2,3,0,0,3,3,5,1,0,6,6,10,1,5,5,15,12,19
1740,334,596233.5,3511495.5,2022,2,3,0,1,0,4,0,8,0,7,11,11,8,1,3,13,6,18
1748,365,596326.5,3511471.5,2022,2,3,0,0,6,3,2,7,10,6,6,1,13,6,10,17,12,16
1745,413,596470.5,3511480.5,2022,0,0,1,0,6,3,2,7,10,0,5,3,12,13,13,17,11,16
1759,422,596497.5,3511438.5,2022,2,3,0,1,0,3,2,7,10,7,11,11,8,1,3,13,12,18
1752,469,596638.5,3511459.5,2022,2,3,0,4,0,4,5,1,0,6,6,10,1,5,5,12,6,19
1769,504,596743.5,3511408.5,2022,2,3,0,1,0,3,2,7,10,7,11,11,8,1,3,13,2,18
1753,525,596806.5,3511456.5,2022,2,3,0,4,3,3,5,1,0,6,6,1,13,6,10,15,12,19
1742,558,596905.5,3511489.5,2022,1,1,3,4,2,1,8,3,1,9,0,5,10,12,1,4,1,2
1754,598,597025.5,3511453.5,2022,2,3,0,1,0,3,5,1,0,7,11,11,8,1,3,13,12,19
1741,612,597067.5,3511492.5,2022,2,3,0,1,0,4,0,8,7,7,11,11,8,1,3,13,2,18
1767,654,597193.5,3511414.5,2022,0,0,1,0,3,0,4,6,2,5,1,9,2,15,9,11,10,6
1750,679,597268.5,3511465.5,2022,2,3,0,4,3,3,5,1,0,6,6,10,1,5,5,15,10,19
1753,713,597370.5,3511456.5,2022,2,3,0,1,0,4,0,8,0,7,11,11,8,1,3,13,2,18
1757,724,597403.5,3511444.5,2022,2,3,0,1,0,4,0,8,7,8,8,0,7,11,16,12,2,5
1767,755,597496.5,3511414.5,2022,2,3,0,1,0,4,0,8,7,7,11,11,8,1,3,12,6,5
1746,801,597634.5,3511477.5,2022,2,3,0,1,0,4,0,8,0,7,11,11,8,5,5,12,6,5
1746,832,597727.5,3511477.5,2022,2,3,0,1,0,4,5,1,0,7,11,11,8,1,3,12,6,18
1741,857,597802.5,3511492.5,2022,2,3,0,1,0,3,2,7,10,7,11,11,8,1,10,17,12,16
1743,876,597859.5,3511486.5,2022,2,3,0,1,0,4,0,8,7,7,11,11,8,1,3,13,2,18
1756,912,597967.5,3511447.5,2022,2,3,0,1,0,4,0,8,7,7,11,11,8,1,3,13,2,18
1749,930,598021.5,3511468.5,2022,2,3,0,1,0,4,0,8,7,7,11,11,8,1,3,13,2,18
1750,979,598168.5,3511465.5,2022,2,3,0,1,0,4,5,1,0,6,6,10,1,5,5,12,6,19
1753,1000,598231.5,3511456.5,2022,2,3,0,0,3,3,5,1,0,6,6,10,1,5,5,15,10,19
1769,1048,598375.5,3511408.5,2022,2,3,0,4,3,0,5,1,0,6,6,10,1,5,5,15,10,19
1769,1060,598411.5,3511408.5,2022,0,0,1,0,3,0,4,6,2,5,1,1,13,6,9,11,10,6
1752,1081,598474.5,3511459.5,2022,2,3,0,0,3,3,5,1,0,6,6,10,1,5,5,15,10,19
1761,1137,598642.5,3511432.5,2022,2,3,0,0,3,3,2,1,0,6,6,10,13,6,10,17,12,16
1752,1140,598651.5,3511459.5,2022,2,3,0,1,0,3,5,1,0,6,6,10,1,5,5,15,6,19
1758,1174,598753.5,3511441.5,2022,2,3,0,1,0,3,0,8,7,7,11,11,8,1,3,13,2,18
1764,1214,598873.5,3511423.5,2022,2,3,0,1,0,4,0,8,7,7,11,11,8,1,3,13,2,18
1767,1240,598951.5,3511414.5,2022,2,3,0,1,0,4,0,8,7,8,8,0,7,11,16,3,8,18
1745,1269,599038.5,3511480.5,2022,2,3,0,1,0,4,0,8,7,7,11,11,8,1,3,13,2,18
1761,1299,599128.5,3511432.5,2022,2,3,0,1,0,4,0,8,7,7,11,11,8,1,3,13,2,18
1746,1341,599254.5,3511477.5,2022,0,0,1,0,6,3,2,7,2,5,1,1,13,6,9,11,10,6
1759,1364,599323.5,3511438.5,2022,2,3,0,1,0,4,0,8,7,7,11,11,8,1,3,13,2,18
1749,1394,599413.5,3511468.5,2022,2,3,0,0,6,3,2,7,10,6,6,10,1,6,10,17,12,16
1753,1415,599476.5,3511456.5,2022,1,2,4,5,4,6,3,5,6,3,7,12,6,7,11,2,3,15
1768,1441,599554.5,3511411.5,2022,2,3,3,4,3,0,4,1,2,6,6,1,13,6,9,15,14,7
1756,1474,599653.5,3511447.5,2022,0,0,1,0,6,3,2,7,10,0,5,3,12,6,10,17,12,16
1755,1529,599818.5,3511450.5,2022,0,0,1,4,3,0,4,6,2,5,1,1,13,6,9,15,10,6
1757,1546,599869.5,3511444.5,2022,0,0,1,0,6,7,7,0,3,4,9,8,9,8,2,0,11,17
1763,1563,599920.5,3511426.5,2022,0,0,1,0,6,3,2,7,10,0,5,3,12,8,10,17,12,16
1747,1606,600049.5,3511474.5,2022,2,3,0,0,6,3,2,7,10,0,5,3,12,13,10,17,12,16
1757,1641,600154.5,3511444.5,2022,0,0,1,0,6,3,2,7,10,0,5,3,13,6,10,17,12,16
1766,1660,600211.5,3511417.5,2022,0,0,1,0,6,7,7,0,3,4,9,8,9,8,2,0,11,17
1762,1700,600331.5,3511429.5,2022,2,3,0,0,6,3,2,7,10,0,5,1,13,6,10,17,12,16
1759,1735,600436.5,3511438.5,2022,0,0,1,0,6,7,2,7,10,0,5,3,12,8,2,0,11,17
1750,1744,600463.5,3511465.5,2022,0,0,1,0,6,7,7,0,3,4,9,8,9,8,2,11,0,17
1744,1770,600541.5,3511483.5,2022,1,1,3,4,2,1,8,2,4,10,4,2,14,2,12,6,14,7
1751,1824,600703.5,3511462.5,2022,0,0,1,0,6,7,7,0,3,0,5,1,13,6,10,11,0,1
1752,1843,600760.5,3511459.5,2022,0,0,1,0,6,7,7,0,3,4,9,1,9,0,6,11,0,1
1751,1887,600892.5,3511462.5,2022,0,0,1,0,6,7,7,0,3,4,9,8,9,8,2,0,11,17
1751,1898,600925.5,3511462.5,2022,0,0,1,0,6,7,2,0,10,0,5,1,13,6,10,11,0,1
1741,1943,601060.5,3511492.5,2022,0,0,1,3,1,7,7,0,2,5,1,8,9,0,6,8,0,1
1741,1967,601132.5,3511492.5,2022,0,0,1,3,1,7,7,0,3,4,9,8,9,0,6,8,15,12
1757,1985,601186.5,3511444.5,2022,0,0,1,0,6,7,7,0,3,0,5,1,9,8,2,0,11,17
1764,2035,601336.5,3511423.5,2022,0,0,1,3,6,7,7,0,3,4,9,8,9,0,2,0,15,12
1755,2050,601381.5,3511450.5,2022,0,0,1,0,6,7,7,0,3,4,9,8,9,8,2,0,11,17
1766,2070,601441.5,3511417.5,2022,0,0,1,0,6,7,7,0,3,4,9,8,9,8,2,0,11,17
1741,2120,601591.5,3511492.5,2022,0,0,1,3,6,7,7,0,3,4,9,8,9,0,2,0,15,17
1750,2140,601651.5,3511465.5,2022,0,0,1,3,1,7,7,0,3,4,9,8,9,0,6,8,15,12
1764,2167,601732.5,3511423.5,2022,0,0,1,3,1,2,4,6,2,5,1,9,2,15,15,7,13,10
1741,2216,601879.5,3511492.5,2022,1,1,3,4,2,1,8,2,4,10,4,2,14,2,12,6,14,7
1763,2245,601966.5,3511426.5,2022,0,0,1,3,1,2,4,0,2,5,1,9,2,0,6,11,0,1
1768,2265,602026.5,3511411.5,2022,0,0,1,0,6,7,7,0,3,4,9,8,9,8,2,11,0,1
1756,2290,602101.5,3511447.5,2022,0,0,1,3,1,2,4,6,2,5,1,9,2,15,9,11,0,1
1747,2319,602188.5,3511474.5,2022,0,0,2,3,1,2,4,6,2,5,1,9,2,15,9,11,0,1
1745,2357,602302.5,3511480.5,2022,0,0,1,3,1,7,7,0,2,5,1,1,9,0,9,11,0,1
1750,2381,602374.5,3511465.5,2022,1,2,4,5,4,6,3,5,6,3,3,4,3,4,4,5,17,3
1767,2400,602431.5,3511414.5,2022,1,2,4,5,4,6,3,5,6,3,7,12,6,7,11,2,3,15
1765,2435,602536.5,3511420.5,2022,1,1,3,4,2,1,8,3,9,11,2,7,14,2,12,6,14,11
1750,2462,602617.5,3511465.5,2022,1,1,2,2,5,5,1,4,5,2,12,6,4,3,7,16,16,4
1744,2495,602716.5,3511483.5,2022,1,1,2,2,5,5,1,4,5,2,12,6,4,3,8,16,4,9
1751,2527,602812.5,3511462.5,2022,1,1,3,4,2,1,8,3,9,11,2,7,11,9,0,14,5,11
1769,2579,602968.5,3511408.5,2022,1,1,3,2,5,5,1,2,4,10,4,2,14,2,12,6,14,7
1756,2581,602974.5,3511447.5,2022,2,3,1,0,6,3,2,7,10,0,5,3,12,13,10,17,12,16
1757,2630,603121.5,3511444.5,2022,1,1,2,3,1,2,6,9,8,5,1,9,0,14,7,1,16,4
1764,2669,603238.5,3511423.5,2022,1,1,2,2,5,5,1,9,8,1,10,9,0,14,7,1,16,4
1758,2699,603328.5,3511441.5,2022,1,1,2,2,5,5,1,4,5,2,12,6,4,3,8,16,4,9
1768,2719,603388.5,3511411.5,2022,1,1,2,2,5,5,1,4,5,2,12,6,4,3,8,16,18,9
1752,2731,603424.5,3511459.5,2022,1,1,2,2,5,5,1,4,5,2,12,6,4,3,7,16,4,9
1748,2780,603571.5,3511471.5,2022,1,1,2,2,5,5,1,4,5,2,12,6,4,3,8,16,4,9
1752,2808,603655.5,3511459.5,2022,1,1,2,2,5,5,1,4,5,2,12,6,4,3,8,16,18,9
1765,2839,603748.5,3511420.5,2022,1,1,2,2,5,5,1,4,5,2,12,6,4,3,8,16,4,9
1756,2855,603796.5,3511447.5,2022,1,1,2,2,5,5,1,4,5,2,12,6,4,3,8,16,4,9
1741,2906,603949.5,3511492.5,2022,1,1,3,2,2,5,8,2,4,10,4,2,14,2,12,6,14,11
1744,2924,604003.5,3511483.5,2022,2,3,0,0,3,0,5,1,0,6,6,10,1,5,5,15,10,19
1768,2950,604081.5,3511411.5,2022,2,3,3,4,2,1,8,3,9,11,2,7,11,9,0,14,14,13
1750,2970,604141.5,3511465.5,2022,1,1,3,4,2,1,8,2,4,10,4,2,14,2,12,6,14,7
1750,3029,604318.5,3511465.5,2022,1,1,3,4,3,0,8,1,4,10,6,2,14,2,12,6,14,7
1760,3032,604327.5,3511435.5,2022,1,1,3,4,2,1,8,2,4,10,4,2,14,2,12,6,14,7
1748,3074,604453.5,3511471.5,2022,1,1,2,2,5,5,1,4,5,2,12,6,4,3,8,16,4,9
1750,3102,604537.5,3511465.5,2022,1,1,2,2,5,5,1,4,5,2,12,6,4,3,8,16,4,9
1757,3124,604603.5,3511444.5,2022,1,1,2,2,5,5,1,4,5,2,12,6,4,3,8,16,4,9
1764,3177,604762.5,3511423.5,2022,1,1,2,2,5,5,1,4,5,2,12,6,4,3,8,16,4,9
1748,3197,604822.5,3511471.5,2022,1,1,2,2,5,5,1,4,5,2,12,6,4,3,8,16,4,9
1741,3228,604915.5,3511492.5,2022,1,1,2,2,5,5,1,2,4,10,4,2,0,14,7,1,16,4
1751,3251,604984.5,3511462.5,2022,1,1,2,2,5,5,1,4,5,2,12,6,0,14,7,1,16,4
1756,3279,605068.5,3511447.5,2022,1,1,2,2,5,5,1,4,5,2,12,6,0,14,7,1,16,4
1746,3311,605164.5,3511477.5,2022,1,1,2,2,5,5,1,4,5,2,12,6,4,3,7,16,4,9
1757,3333,605230.5,3511444.5,2022,1,1,2,2,5,5,1,4,5,2,12,6,4,3,7,16,4,9
1795,25,595306.5,3511330.5,2022,0,0,1,0,3,3,2,1,0,6,6,1,13,6,9,15,10,6
1795,40,595351.5,3511330.5,2022,0,0,1,0,6,3,2,7,10,0,5,1,13,6,10,17,10,6
1785,73,595450.5,3511360.5,2022,2,0,1,0,6,3,2,7,10,0,5,3,12,13,10,17,12,16
1785,93,595510.5,3511360.5,2022,2,3,1,0,6,3,2,7,10,0,5,1,13,6,10,17,12,16
1785,136,595639.5,3511360.5,2022,2,3,0,0,0,3,2,7,10,7,11,11,8,1,10,17,12,16
1776,162,595717.5,3511387.5,2022,2,3,0,1,0,3,5,1,0,7,11,11,8,1,3,13,12,18
1779,185,595786.5,3511378.5,2022,0,0,1,0,3,0,4,7,2,5,1,1,13,6,9,11,10,6
1784,228,595915.5,3511363.5,2022,2,3,0,0,6,3,2,7,10,0,5,1,13,6,10,17,12,16
1799,247,595972.5,3511318.5,2022,2,3,0,1,0,3,2,7,10,7,11,11,8,1,3,13,12,16
1775,293,596110.5,3511390.5,2022,2,3,0,0,6,3,2,7,10,0,5,3,12,13,10,17,12,16
1772,313,596170.5,3511399.5,2022,0,0,1,0,6,3,2,7,10,0,5,1,13,6,10,17,12,16
1781,330,596221.5,3511372.5,2022,2,3,0,0,6,3,2,7,0,6,6,10,13,6,10,17,12,16
1774,377,596362.5,3511393.5,2022,2,3,0,1,0,3,2,7,10,7,11,11,8,1,3,13,2,18
1775,398,596425.5,3511390.5,2022,2,3,0,0,6,3,2,7,10,0,11,11,13,1,10,17,12,16
1771,439,596548.5,3511402.5,2022,2,3,0,1,0,4,5,1,0,7,11,11,8,1,3,13,6,18
1784,468,596635.5,3511363.5,2022,2,3,3,4,3,0,5,1,0,6,6,1,13,6,5,15,14,7
1772,493,596710.5,3511399.5,2022,2,3,0,1,0,3,5,1,0,7,11,11,8,1,3,13,12,18
1788,531,596824.5,3511351.5,2022,1,1,3,4,3,0,8,6,1,9,0,5,10,12,1,4,1,2
1793,560,596911.5,3511336.5,2022,2,3,0,1,0,4,5,1,7,8,8,0,7,11,16,12,6,5
1795,580,596971.5,3511330.5,2022,2,3,0,4,3,0,5,1,1,9,0,5,10,12,1,4,1,2
1781,629,597118.5,3511372.5,2022,0,0,1,0,3,0,4,6,2,5,1,1,2,6,9,11,0,6
1785,632,597127.5,3511360.5,2022,0,0,1,3,3,0,4,6,2,5,1,9,2,15,15,7,13,10
1784,689,597298.5,3511363.5,2022,2,3,0,1,0,4,0,8,7,7,11,11,8,1,3,13,2,18
1771,692,597307.5,3511402.5,2022,2,3,0,1,0,4,0,8,7,7,11,11,8,1,3,13,2,18
1795,735,597436.5,3511330.5,2022,2,3,0,1,0,4,0,8,7,7,11,11,8,1,3,13,2,18
1797,761,597514.5,3511324.5,2022,2,3,0,1,0,3,5,1,0,7,11,11,8,1,3,13,12,18
1795,809,597658.5,3511330.5,2022,2,3,0,1,0,4,0,8,7,7,11,11,8,1,3,13,2,18
1771,812,597667.5,3511402.5,2022,2,3,0,1,0,3,2,1,0,7,11,11,8,1,3,13,12,18
1772,847,597772.5,3511399.5,2022,2,3,0,1,0,3,5,1,0,6,6,10,1,5,5,15,12,19
1776,880,597871.5,3511387.5,2022,2,3,0,1,0,4,0,8,7,7,11,11,8,1,3,13,2,18
1793,909,597958.5,3511336.5,2022,2,3,0,1,0,3,0,8,10,7,11,11,8,1,3,13,2,18
1788,943,598060.5,3511351.5,2022,2,3,0,1,0,4,0,8,7,7,11,11,8,1,3,13,2,18
1792,975,598156.5,3511339.5,2022,2,3,0,0,0,3,2,7,10,6,6,10,1,13,10,17,12,16
1774,1009,598258.5,3511393.5,2022,2,3,0,1,0,4,5,1,0,6,6,10,1,5,5,12,6,5
1776,1029,598318.5,3511387.5,2022,2,3,0,4,3,0,5,1,0,6,6,10,1,5,5,12,6,19
1797,1076,598459.5,3511324.5,2022,2,3,0,4,3,0,5,1,0,6,6,10,1,5,5,15,10,19
1787,1109,598558.5,3511354.5,2022,2,3,0,1,0,4,0,8,7,7,11,11,8,1,3,13,2,18
1782,1130,598621.5,3511369.5,2022,2,3,0,1,0,4,0,8,7,8,8,0,7,11,16,3,8,18
1799,1167,598732.5,3511318.5,2022,2,3,0,1,0,4,0,8,7,7,11,11,8,1,3,13,2,18
1794,1187,598792.5,3511333.5,2022,2,3,0,1,0,4,0,8,7,7,11,11,8,1,3,13,2,18
1790,1213,598870.5,3511345.5,2022,2,3,0,1,0,4,0,8,7,8,8,0,7,11,16,12,2,5
1785,1258,599005.5,3511360.5,2022,2,3,0,1,0,4,0,8,7,7,11,11,8,1,3,13,2,18
1773,1288,599095.5,3511396.5,2022,2,3,0,4,0,4,5,1,0,6,6,10,1,5,5,15,6,19
1786,1316,599179.5,3511357.5,2022,2,3,0,1,0,4,0,8,7,7,11,11,8,1,3,13,2,18
1798,1329,599218.5,3511321.5,2022,2,3,0,1,0,3,2,7,10,7,11,11,8,1,10,17,12,16
1771,1374,599353.5,3511402.5,2022,2,3,0,1,0,3,2,7,10,6,6,10,1,13,10,17,12,16
1794,1391,599404.5,3511333.5,2022,2,3,0,0,6,3,2,7,10,0,5,11,8,1,10,17,12,16
1770,1414,599473.5,3511405.5,2022,2,3,0,0,3,3,5,1,0,6,6,1,13,6,10,15,12,16
1798,1460,599611.5,3511321.5,2022,0,0,1,0,6,7,7,0,3,4,9,8,9,8,2,0,11,17
1773,1486,599689.5,3511396.5,2022,0,0,1,0,6,7,7,0,3,4,9,8,9,8,2,0,11,17
1793,1522,599797.5,3511336.5,2022,0,0,1,0,6,7,2,7,10,0,5,1,13,6,10,11,0,16
1786,1530,599821.5,3511357.5,2022,0,0,1,0,6,7,2,7,10,0,5,1,13,6,10,17,11,16
1770,1583,599980.5,3511405.5,2022,2,3,0,0,6,3,2,7,10,0,5,3,12,13,10,17,12,16
1777,1595,600016.5,3511384.5,2022,2,0,1,0,6,3,2,7,10,0,5,3,12,8,10,17,12,16
1785,1626,600109.5,3511360.5,2022,0,0,1,0,6,7,2,7,10,0,5,3,12,8,2,0,11,17
1795,1656,600199.5,3511330.5,2022,0,0,1,0,6,7,2,7,10,0,5,1,13,6,10,17,12,16
1770,1700,600331.5,3511405.5,2022,2,3,0,0,6,3,2,7,10,0,5,3,13,6,10,17,12,16
1795,1728,600415.5,3511330.5,2022,2,3,0,1,0,4,0,8,7,8,8,0,7,11,3,13,2,5
1776,1749,600478.5,3511387.5,2022,2,3,0,1,0,3,5,1,0,6,6,10,1,5,5,15,6,19
1792,1786,600589.5,3511339.5,2022,1,1,3,4,2,1,8,2,4,10,4,2,14,2,12,6,14,7
1789,1811,600664.5,3511348.5,2022,0,0,1,3,1,7,7,0,2,5,1,9,2,0,9,11,0,6
1770,1858,600805.5,3511405.5,2022,0,0,1,0,6,7,7,0,2,5,1,1,13,6,9,11,0,1
1793,1864,600823.5,3511336.5,2022,2,3,0,0,6,3,2,7,10,0,5,3,12,13,13,10,7,0
1786,1910,600961.5,3511357.5,2022,2,3,1,0,3,3,5,1,0,6,6,10,1,6,9,15,10,6
1775,1944,601063.5,3511390.5,2022,0,0,1,3,1,7,4,0,2,5,1,9,2,15,9,11,0,6
1775,1963,601120.5,3511390.5,2022,0,0,1,3,1,0,4,6,2,5,1,9,2,15,9,11,0,1
1792,2007,601252.5,3511339.5,2022,0,0,1,0,6,7,7,0,3,4,9,8,9,8,2,0,11,17
1799,2038,601345.5,3511318.5,2022,0,0,1,3,1,7,7,0,3,4,9,8,9,0,2,8,15,12
1773,2043,601360.5,3511396.5,2022,0,0,1,3,1,7,7,0,3,4,9,8,9,0,6,8,15,12
1795,2092,601507.5,3511330.5,2022,0,0,2,3,1,2,6,9,8,1,10,9,2,15,15,7,13,10
1776,2116,601579.5,3511387.5,2022,0,0,1,3,1,7,7,0,3,4,9,8,9,0,6,8,15,1
1788,2137,601642.5,3511351.5,2022,0,0,1,0,6,7,7,0,3,4,9,1,9,6,9,11,0,1
1774,2188,601795.5,3511393.5,2022,1,1,2,2,5,5,1,4,5,2,12,6,4,3,8,16,4,9
1781,2215,601876.5,3511372.5,2022,0,0,1,0,6,7,2,0,2,0,5,1,13,6,9,11,0,6
1799,2223,601900.5,3511318.5,2022,0,0,1,3,6,7,4,0,2,5,1,1,2,6,9,11,0,1
1791,2257,602002.5,3511342.5,2022,0,0,1,0,6,7,2,7,10,0,5,3,12,8,2,0,11,17
1771,2286,602089.5,3511402.5,2022,0,0,1,0,6,7,7,0,3,4,9,8,9,0,2,11,0,1
1785,2332,602227.5,3511360.5,2022,1,1,3,2,2,5,1,2,4,10,4,2,14,2,12,6,18,11
1778,2365,602326.5,3511381.5,2022,1,1,2,2,5,5,1,4,5,2,12,6,4,3,8,16,18,9
1770,2375,602356.5,3511405.5,2022,1,2,4,5,4,6,3,5,6,3,3,4,3,4,4,5,17,3
1796,2408,602455.5,3511327.5,2022,0,0,1,0,6,7,4,0,2,5,1,1,13,6,9,11,10,6
1786,2438,602545.5,3511357.5,2022,1,1,3,4,3,0,4,2,4,10,4,2,14,2,12,6,14,7
1781,2485,602686.5,3511372.5,2022,1,1,3,4,2,1,8,3,4,10,2,2,14,2,12,6,18,11
1771,2498,602725.5,3511402.5,2022,1,1,3,4,2,1,8,3,9,11,2,7,14,2,12,6,14,7
1783,2521,602794.5,3511366.5,2022,2,3,3,4,3,0,5,1,0,6,6,10,1,5,5,15,10,19
1777,2560,602911.5,3511384.5,2022,1,1,2,2,5,5,1,2,4,10,4,2,0,14,7,1,16,4
1787,2604,603043.5,3511354.5,2022,0,1,2,3,3,0,4,6,2,5,1,9,2,15,15,7,13,10
1785,2612,603067.5,3511360.5,2022,0,0,1,3,1,2,6,9,8,5,1,9,2,0,6,8,13,12
1789,2640,603151.5,3511348.5,2022,1,1,2,2,5,5,1,2,5,2,4,6,0,14,7,1,16,4
1793,2684,603283.5,3511336.5,2022,1,2,4,5,4,6,3,5,6,3,3,4,3,4,4,5,17,3
1787,2724,603403.5,3511354.5,2022,1,1,2,2,5,5,1,4,5,2,12,6,4,3,8,16,4,9
1784,2753,603490.5,3511363.5,2022,1,1,2,2,5,5,1,4,5,2,12,6,4,3,8,16,4,9
1779,2767,603532.5,3511378.5,2022,1,1,2,2,5,5,1,4,5,2,12,6,4,3,8,16,4,9
1786,2796,603619.5,3511357.5,2022,1,1,2,2,5,5,1,4,5,2,12,6,4,3,8,16,4,9
1795,2829,603718.5,3511330.5,2022,1,1,2,2,5,5,1,2,4,10,4,2,0,14,7,1,16,4
1772,2870,603841.5,3511399.5,2022,1,1,3,2,5,5,1,2,4,10,4,2,14,2,12,6,18,11
1773,2896,603919.5,3511396.5,2022,1,1,3,2,5,5,1,2,4,10,4,2,14,2,12,6,18,11
1778,2913,603970.5,3511381.5,2022,1,1,3,4,3,0,4,2,4,10,4,2,14,2,12,6,14,7
1772,2961,604114.5,3511399.5,2022,1,1,3,4,2,1,8,3,9,11,2,7,11,9,0,14,5,13
1771,2999,604228.5,3511402.5,2022,1,1,3,4,2,1,8,2,4,10,4,2,14,2,12,6,18,11
1773,3004,604243.5,3511396.5,2022,1,1,3,2,5,5,1,2,4,10,4,2,14,2,12,6,18,11
1795,3031,604324.5,3511330.5,2022,1,1,3,4,2,1,8,3,4,11,2,2,14,2,12,6,14,7
1790,3065,604426.5,3511345.5,2022,1,1,3,2,5,5,1,2,4,10,4,2,14,2,12,6,18,11
1789,3091,604504.5,3511348.5,2022,1,1,2,2,5,5,1,2,4,10,4,2,0,14,7,1,16,4
1799,3121,604594.5,3511318.5,2022,1,1,2,2,5,5,4,2,4,10,4,2,0,14,7,1,16,4
1798,3174,604753.5,3511321.5,2022,1,1,2,2,5,5,1,2,4,10,4,2,14,2,12,6,18,11
1796,3186,604789.5,3511327.5,2022,0,0,2,3,1,2,6,9,8,1,10,9,2,15,15,7,13,10
1794,3223,604900.5,3511333.5,2022,1,1,2,2,5,5,1,2,4,10,4,2,0,14,7,1,16,4
1783,3259,605008.5,3511366.5,2022,1,1,2,2,5,5,1,4,5,2,12,6,4,3,7,1,4,4
1772,3274,605053.5,3511399.5,2022,1,1,2,2,5,5,1,4,5,2,12,6,4,3,7,16,4,9
1786,3327,605212.5,3511357.5,2022,1,1,2,2,5,5,1,4,5,2,12,6,4,3,7,16,4,9
1772,3331,605224.5,3511399.5,2022,1,1,2,2,5,5,1,4,5,2,12,6,4,3,7,16,4,9
1819,11,595264.5,3511258.5,2022,2,3,0,0,6,3,2,7,10,0,11,3,12,1,10,17,12,16
1810,38,595345.5,3511285.5,2022,0,0,1,0,6,3,2,7,10,0,5,3,12,13,10,17,11,16
1822,68,595435.5,3511249.5,2022,2,3,0,1,0,3,0,8,10,7,11,11,8,1,3,13,7,0
1800,93,595510.5,3511315.5,2022,2,3,0,0,6,3,2,7,10,0,5,11,13,1,10,17,12,16
1829,123,595600.5,3511228.5,2022,1,1,3,4,3,0,4,2,4,10,4,2,14,2,12,6,14,7
1825,170,595741.5,3511240.5,2022,2,3,0,0,6,3,2,7,10,0,5,1,13,6,10,17,12,16
1809,203,595840.5,3511288.5,2022,2,3,1,0,6,3,2,7,10,0,5,1,13,6,10,17,12,16
1824,220,595891.5,3511243.5,2022,2,3,1,0,6,3,2,7,10,0,5,1,13,6,10,17,12,16
1818,266,596029.5,3511261.5,2022,2,3,0,0,3,3,5,1,0,6,6,1,13,6,10,15,12,16
1817,278,596065.5,3511264.5,2022,0,0,1,0,6,3,2,7,10,0,5,1,13,6,10,17,12,16
1802,327,596212.5,3511309.5,2022,2,3,3,4,2,1,8,2,4,10,4,2,14,2,12,6,14,7
1815,331,596224.5,3511270.5,2022,2,0,1,0,6,3,2,7,10,0,5,1,13,6,10,17,12,16
1820,383,596380.5,3511255.5,2022,1,1,3,4,2,0,8,6,1,9,0,5,10,12,1,4,1,2
1812,395,596416.5,3511279.5,2022,1,1,3,4,2,1,8,3,9,11,2,7,11,9,0,14,5,13
1803,434,596533.5,3511306.5,2022,1,1,3,4,3,0,4,2,1,9,0,5,10,12,1,4,1,2
1809,469,596638.5,3511288.5,2022,2,3,3,4,2,1,8,1,0,6,6,7,1,5,5,15,14,7
1827,503,596740.5,3511234.5,2022,2,3,3,4,3,0,5,1,1,9,0,5,10,12,1,4,1,2
1816,529,596818.5,3511267.5,2022,2,3,0,4,3,0,5,1,0,6,6,10,1,5,5,15,6,19
1819,558,596905.5,3511258.5,2022,2,3,0,1,3,0,5,1,0,6,6,10,1,5,5,15,6,19
1807,595,597016.5,3511294.5,2022,1,2,4,5,4,6,3,5,6,3,7,12,6,7,11,2,3,15
1819,615,597076.5,3511258.5,2022,1,1,3,4,3,0,4,6,2,5,1,9,2,15,15,7,13,10
1807,655,597196.5,3511294.5,2022,0,0,1,3,1,2,7,0,2,5,1,9,2,0,6,11,0,1
1829,681,597274.5,3511228.5,2022,2,3,0,1,0,4,5,1,0,6,6,10,1,5,5,12,6,19
1812,706,597349.5,3511279.5,2022,2,3,0,1,0,3,5,1,0,7,11,11,8,1,3,13,2,18
1819,723,597400.5,3511258.5,2022,2,3,0,1,0,4,0,8,7,7,11,11,8,1,3,13,2,18
1805,750,597481.5,3511300.5,2022,2,3,0,1,0,4,0,8,7,7,11,11,8,1,3,13,2,18
1813,782,597577.5,3511276.5,2022,2,3,0,0,6,3,2,7,10,0,5,11,8,1,10,17,12,16
1827,837,597742.5,3511234.5,2022,2,3,0,0,0,3,2,7,10,7,11,11,8,1,10,17,12,16
1829,850,597781.5,3511228.5,2022,2,3,0,1,0,3,5,1,0,7,11,11,8,1,3,13,12,18
1805,888,597895.5,3511300.5,2022,2,3,0,1,0,4,0,8,7,7,11,11,8,1,3,13,2,18
1805,912,597967.5,3511300.5,2022,2,3,0,1,0,3,0,8,10,7,11,11,8,1,3,13,2,18
1821,944,598063.5,3511252.5,2022,2,3,0,1,0,4,0,8,7,7,11,11,8,1,3,13,2,18
1801,978,598165.5,3511312.5,2022,2,3,0,1,0,3,5,1,0,7,11,11,8,1,3,13,12,18
1828,990,598201.5,3511231.5,2022,2,3,0,4,0,1,5,1,0,6,6,10,1,5,5,15,6,19
1813,1036,598339.5,3511276.5,2022,2,3,0,0,3,3,5,1,0,6,6,10,1,5,5,15,12,19
1802,1063,598420.5,3511309.5,2022,2,3,0,1,3,3,5,1,0,6,6,10,1,5,5,15,6,19
1815,1101,598534.5,3511270.5,2022,2,3,0,1,0,4,0,8,7,8,8,0,8,11,3,13,2,18
1821,1129,598618.5,3511252.5,2022,2,3,0,1,0,4,0,8,7,7,11,11,8,1,3,13,2,18
1821,1142,598657.5,3511252.5,2022,2,3,0,1,0,4,0,8,0,7,11,11,8,1,3,13,6,18
1827,1181,598774.5,3511234.5,2022,2,3,0,1,0,3,5,1,0,6,6,10,1,5,5,15,6,19
1806,1226,598909.5,3511297.5,2022,2,3,0,1,0,3,5,1,0,6,6,10,1,5,5,15,6,19
1801,1255,598996.5,3511312.5,2022,2,3,0,1,0,3,2,7,10,7,11,11,8,1,3,13,2,18
1813,1263,599020.5,3511276.5,2022,2,3,0,1,0,4,0,8,7,7,11,11,8,1,3,13,2,18
1804,1292,599107.5,3511303.5,2022,2,3,0,1,0,3,0,8,7,7,11,11,8,1,3,13,2,18
1820,1329,599218.5,3511255.5,2022,2,3,0,0,0,3,2,7,10,7,11,11,8,1,10,17,12,16
1812,1362,599317.5,3511279.5,2022,2,3,0,0,6,3,2,7,10,0,5,3,12,13,10,17,12,16
1805,1405,599446.5,3511300.5,2022,0,0,1,0,6,3,2,7,10,0,5,3,12,8,10,17,12,16
1819,1420,599491.5,3511258.5,2022,0,0,1,0,6,7,2,7,10,0,5,3,12,8,10,17,11,16
1829,1459,599608.5,3511228.5,2022,0,0,1,0,6,3,2,7,10,0,5,1,13,6,10,17,12,16
1816,1476,599659.5,3511267.5,2022,0,0,1,0,6,7,7,0,3,4,9,8,9,8,2,0,11,17
1802,1509,599758.5,3511309.5,2022,0,0,1,0,6,3,2,7,10,0,5,1,13,6,10,17,12,16
1825,1544,599863.5,3511240.5,2022,0,0,1,0,6,3,2,7,2,0,5,1,13,6,10,17,12,16
1800,1584,599983.5,3511315.5,2022,0,0,1,0,6,3,2,7,10,0,5,3,12,8,2,0,11,17
1819,1612,600067.5,3511258.5,2022,0,0,1,0,6,7,2,7,10,0,5,3,12,8,2,0,11,17
1815,1624,600103.5,3511270.5,2022,0,0,1,0,6,7,7,0,3,0,5,3,9,8,2,0,11,17
1801,1660,600211.5,3511312.5,2022,0,0,1,0,3,0,4,6,2,5,1,1,13,6,9,11,0,1
1816,1691,600304.5,3511267.5,2022,1,1,3,4,2,1,8,3,9,11,2,7,14,2,0,6,14,7
1812,1735,600436.5,3511279.5,2022,1,1,3,4,2,1,8,2,4,10,4,2,14,2,12,6,14,7
1815,1745,600466.5,3511270.5,2022,0,0,1,0,3,0,4,6,2,5,1,1,13,6,9,11,10,6
1803,1779,600568.5,3511306.5,2022,0,0,1,3,1,2,4,6,2,5,1,9,2,15,15,7,13,10
1809,1828,600715.5,3511288.5,2022,0,0,1,0,6,7,2,7,10,0,5,1,13,6,9,11,11,6
1823,1843,600760.5,3511246.5,2022,0,0,1,3,1,7,7,0,2,5,9,1,9,0,9,11,0,1
1820,1889,600898.5,3511255.5,2022,0,0,1,0,6,3,2,7,2,0,5,1,13,6,9,11,10,6
1827,1899,600928.5,3511234.5,2022,0,0,1,0,6,7,7,0,2,5,9,1,13,6,9,11,0,6
1829,1947,601072.5,3511228.5,2022,0,0,1,3,1,7,7,0,3,4,9,8,9,0,6,8,0,1
1803,1966,601129.5,3511306.5,2022,0,0,1,0,6,7,7,0,3,4,9,8,9,8,2,0,11,17
1805,1985,601186.5,3511300.5,2022,0,0,1,3,1,7,7,0,3,4,9,8,9,0,6,8,0,1
1821,2039,601348.5,3511252.5,2022,0,0,1,3,1,7,7,0,3,4,9,8,9,0,6,8,15,12
1802,2057,601402.5,3511309.5,2022,0,0,1,3,1,7,7,0,3,4,9,8,9,0,6,11,0,1
1825,2085,601486.5,3511240.5,2022,0,0,1,0,6,7,7,0,3,4,9,1,9,8,2,11,0,1
1805,2104,601543.5,3511300.5,2022,0,0,2,3,1,2,6,9,8,1,10,9,2,0,6,8,0,12
1827,2135,601636.5,3511234.5,2022,1,1,2,2,5,5,1,4,5,2,12,6,0,14,7,1,16,4
1801,2186,601789.5,3511312.5,2022,0,0,1,3,1,7,7,0,2,5,1,9,2,0,6,8,0,12
1810,2209,601858.5,3511285.5,2022,0,0,1,3,1,7,7,0,3,4,9,8,9,0,6,8,15,12
1813,2232,601927.5,3511276.5,2022,0,0,1,3,1,7,7,0,3,4,9,8,9,0,6,11,0,1
1825,2261,602014.5,3511240.5,2022,0,0,1,0,6,7,7,0,3,4,9,1,9,6,9,11,0,6
1812,2293,602110.5,3511279.5,2022,0,0,1,0,6,7,2,0,2,5,1,1,13,6,9,11,0,6
1814,2336,602239.5,3511273.5,2022,1,1,3,4,2,1,4,2,4,10,4,2,14,2,12,6,14,7
1802,2353,602290.5,3511309.5,2022,0,0,1,0,6,7,7,0,2,5,1,1,13,6,9,11,0,1
1808,2392,602407.5,3511291.5,2022,1,1,2,2,5,5,1,2,4,10,4,2,0,14,7,1,16,4
1801,2407,602452.5,3511312.5,2022,1,1,3,2,5,5,1,2,4,10,4,2,14,2,12,6,14,7
1822,2459,602608.5,3511249.5,2022,0,0,1,0,6,7,7,0,3,0,5,1,13,6,9,11,0,1
1804,2461,602614.5,3511303.5,2022,0,0,1,0,6,7,4,0,2,5,1,1,13,6,9,11,0,1
1828,2505,602746.5,3511231.5,2022,0,0,1,0,6,7,2,7,10,0,5,1,13,8,2,17,11,17
1823,2523,602800.5,3511246.5,2022,0,0,1,0,6,3,2,7,10,0,5,3,12,8,2,0,11,17
1818,2570,602941.5,3511261.5,2022,0,0,1,3,1,0,4,6,2,5,1,1,13,6,9,11,0,1
1809,2608,603055.5,3511288.5,2022,1,1,3,2,5,5,1,2,4,10,4,2,14,2,12,6,16,11
1806,2637,603142.5,3511297.5,2022,1,1,2,2,5,5,1,2,4,10,4,2,0,14,12,1,16,4
1828,2664,603223.5,3511231.5,2022,1,1,2,2,5,5,1,4,5,2,12,6,4,3,8,16,4,9
1820,2686,603289.5,3511255.5,2022,1,2,4,5,4,6,3,5,6,3,3,4,3,4,4,5,17,3
1821,2718,603385.5,3511252.5,2022,1,1,2,2,5,5,1,4,5,2,12,6,4,3,8,16,4,9
1806,2756,603499.5,3511297.5,2022,1,1,2,2,5,5,1,4,5,2,12,6,4,3,8,16,4,9
1804,2761,603514.5,3511303.5,2022,1,1,2,2,5,5,1,4,5,2,12,6,4,3,8,16,4,9
1825,2812,603667.5,3511240.5,2022,1,1,2,2,5,2,6,9,8,1,10,13,5,10,15,7,13,10
1811,2831,603724.5,3511282.5,2022,1,1,3,2,5,5,1,2,4,10,4,2,14,2,12,6,18,11
1806,2867,603832.5,3511297.5,2022,1,1,2,2,5,5,1,4,5,2,12,6,4,3,8,16,4,9
1826,2888,603895.5,3511237.5,2022,0,0,1,0,3,0,4,6,2,5,1,9,2,15,9,11,10,6
1802,2918,603985.5,3511309.5,2022,1,1,3,4,2,1,8,2,4,10,4,2,14,2,12,6,14,7
1824,2957,604102.5,3511243.5,2022,2,3,3,4,3,0,5,1,0,6,6,10,1,5,5,15,6,19
1817,2984,604183.5,3511264.5,2022,1,1,3,4,2,1,8,2,4,10,4,2,14,2,12,6,14,7
1816,3007,604252.5,3511267.5,2022,2,3,3,4,2,1,5,1,0,6,6,10,1,5,5,15,6,19
1818,3058,604405.5,3511261.5,2022,1,1,3,2,5,5,1,2,4,10,4,2,14,2,12,6,18,11
1826,3083,604480.5,3511237.5,2022,1,1,3,4,2,1,8,3,9,11,2,7,11,9,0,14,5,13
1818,3111,604564.5,3511261.5,2022,1,1,2,2,5,5,1,2,4,10,4,2,14,2,12,6,18,4
1814,3145,604666.5,3511273.5,2022,0,0,2,3,1,0,4,6,2,5,1,9,2,15,15,7,13,10
1827,3162,604717.5,3511234.5,2022,1,1,3,4,3,0,4,6,2,5,1,9,2,15,15,7,13,10
1816,3202,604837.5,3511267.5,2022,0,0,1,0,6,7,4,0,2,5,1,1,13,6,9,11,0,6
1814,3239,604948.5,3511273.5,2022,1,1,2,2,5,5,1,4,5,2,12,6,4,3,8,16,4,9
1800,3256,604999.5,3511315.5,2022,1,1,2,2,5,5,1,4,5,2,12,6,4,3,8,16,4,9
1826,3293,605110.5,3511237.5,2022,1,1,2,2,5,5,1,4,5,2,12,6,0,14,7,1,16,4
1800,3320,605191.5,3511315.5,2022,1,1,2,2,5,5,1,4,5,2,12,6,4,3,8,16,4,9
1825,3330,605221.5,3511240.5,2022,1,2,4,5,4,6,3,5,6,3,3,4,3,4,4,5,17,3
1855,19,595288.5,3511150.5,2022,2,3,0,0,3,3,5,1,0,6,6,1,13,6,10,17,12,16
1850,46,595369.5,3511165.5,2022,2,3,1,0,6,3,2,7,10,0,5,3,12,1,10,17,12,16
1835,79,595468.5,3511210.5,2022,0,0,1,0,6,3,2,7,10,0,5,3,12,8,10,17,11,16
1851,97,595522.5,3511162.5,2022,2,3,0,0,6,3,2,7,10,7,11,11,13,1,10,17,12,16
1854,133,595630.5,3511153.5,2022,2,3,0,0,6,3,2,7,10,7,11,11,8,1,10,17,12,16
1850,174,595753.5,3511165.5,2022,2,3,0,0,6,3,2,7,10,6,6,11,13,6,10,17,12,16
1837,189,595798.5,3511204.5,2022,2,3,0,1,0,3,2,7,10,7,11,11,8,1,3,13,7,18
1833,238,595945.5,3511216.5,2022,2,3,0,0,6,3,2,7,10,0,5,3,12,13,10,17,7,16
1843,266,596029.5,3511186.5,2022,2,3,0,1,0,3,2,1,0,7,11,11,8,1,10,17,12,16
1843,284,596083.5,3511186.5,2022,2,3,0,0,6,3,2,7,10,0,5,1,13,6,10,17,12,16
1845,307,596152.5,3511180.5,2022,2,3,0,4,3,3,5,1,0,6,6,1,13,6,10,15,12,19
1847,348,596275.5,3511174.5,2022,2,3,3,4,3,0,5,1,1,9,0,5,10,12,1,4,1,2
1842,363,596320.5,3511189.5,2022,2,3,0,4,3,3,5,1,0,6,6,10,1,5,5,15,6,19
1840,408,596455.5,3511195.5,2022,2,3,0,0,3,3,5,1,0,6,6,10,1,5,5,15,10,19
1841,441,596554.5,3511192.5,2022,2,3,0,1,3,3,5,1,0,6,6,10,1,5,5,15,12,19
1833,455,596596.5,3511216.5,2022,2,3,3,4,3,0,5,1,0,6,6,10,1,5,5,15,6,19
1851,509,596758.5,3511162.5,2022,2,3,0,1,0,4,5,1,0,6,6,10,1,5,5,12,6,5
1859,520,596791.5,3511138.5,2022,2,3,0,1,0,4,5,1,0,6,6,10,1,5,5,12,6,19
1849,569,596938.5,3511168.5,2022,2,3,0,1,0,4,0,8,7,8,8,0,7,11,16,12,6,5
1831,589,596998.5,3511222.5,2022,2,3,0,0,6,3,2,7,10,0,5,3,12,13,13,10,7,0
1849,608,597055.5,3511168.5,2022,1,1,3,4,3,0,4,6,2,5,1,1,2,6,9,15,10,7
1844,654,597193.5,3511183.5,2022,1,1,2,2,5,5,1,4,5,2,12,6,4,3,8,16,4,9
1831,662,597217.5,3511222.5,2022,0,1,2,3,1,2,6,9,8,1,10,13,5,10,15,7,13,10
1846,711,597364.5,3511177.5,2022,2,3,0,1,0,4,0,8,0,7,11,11,8,1,3,13,2,18
1858,731,597424.5,3511141.5,2022,2,3,0,1,0,4,0,8,7,7,11,11,8,1,3,13,2,18
1844,759,597508.5,3511183.5,2022,2,3,0,1,0,4,0,8,7,7,11,11,8,1,3,13,2,18
1847,780,597571.5,3511174.5,2022,2,3,0,1,0,4,0,8,7,7,11,11,8,1,3,13,2,18
1843,814,597673.5,3511186.5,2022,2,3,0,0,0,3,2,7,10,7,11,11,8,1,10,17,12,16
1839,845,597766.5,3511198.5,2022,2,3,0,1,0,3,0,8,10,7,11,11,8,1,3,13,2,18
1840,874,597853.5,3511195.5,2022,2,3,0,1,3,3,5,1,0,6,6,10,1,5,5,15,6,19
1855,919,597988.5,3511150.5,2022,2,3,0,1,0,3,5,1,0,7,11,11,8,1,3,13,12,19
1858,953,598090.5,3511141.5,2022,2,3,0,1,0,4,0,8,7,7,11,11,8,1,3,13,6,18
1852,985,598186.5,3511159.5,2022,2,3,0,1,0,4,0,8,7,7,11,11,8,1,3,13,2,18
1851,996,598219.5,3511162.5,2022,2,3,0,1,0,4,0,8,7,7,11,11,8,1,3,13,2,18
1834,1034,598333.5,3511213.5,2022,2,3,0,1,0,4,0,8,7,7,11,11,8,1,3,13,2,18
1832,1069,598438.5,3511219.5,2022,2,3,0,1,0,4,0,8,7,8,8,0,8,11,3,13,2,18
1839,1094,598513.5,3511198.5,2022,2,3,0,1,0,4,0,8,7,7,11,11,8,1,3,13,2,18
1834,1138,598645.5,3511213.5,2022,2,3,0,0,3,3,5,1,0,6,6,10,1,5,5,15,10,19
1854,1167,598732.5,3511153.5,2022,2,3,0,1,0,4,0,8,7,7,11,11,8,1,3,13,2,18
1838,1177,598762.5,3511201.5,2022,2,3,0,1,0,4,0,8,7,7,11,11,8,1,3,13,2,18
1855,1225,598906.5,3511150.5,2022,2,3,0,0,0,3,2,7,10,0,5,11,12,13,10,17,12,16
1850,1258,599005.5,3511165.5,2022,2,3,0,1,0,4,0,8,0,7,11,11,8,1,3,13,6,19
1853,1261,599014.5,3511156.5,2022,2,3,0,1,0,3,5,1,0,6,6,10,1,5,5,15,6,19
1838,1296,599119.5,3511201.5,2022,2,3,0,0,6,3,2,7,10,0,5,3,12,13,13,10,12,16
1838,1345,599266.5,3511201.5,2022,2,3,0,1,0,3,2,7,10,7,11,11,8,13,13,10,7,0
1830,1366,599329.5,3511225.5,2022,2,3,1,0,6,3,2,7,10,0,5,1,13,6,10,17,12,16
1845,1403,599440.5,3511180.5,2022,0,0,1,0,6,3,2,7,10,0,5,1,13,6,10,17,12,16
1848,1432,599527.5,3511171.5,2022,2,3,0,0,0,3,2,7,0,6,6,11,13,1,10,17,12,16
1836,1454,599593.5,3511207.5,2022,2,3,0,0,6,3,2,1,0,6,6,1,13,6,10,17,12,16
1833,1499,599728.5,3511216.5,2022,0,0,1,0,6,7,2,7,10,0,5,1,13,8,10,17,11,16
1852,1529,599818.5,3511159.5,2022,0,0,1,0,6,7,7,0,3,4,9,8,9,8,2,0,11,17
1845,1538,599845.5,3511180.5,2022,0,0,1,0,6,7,2,7,3,0,5,3,12,8,2,0,11,17
1853,1584,599983.5,3511156.5,2022,1,1,3,4,2,1,8,2,4,10,4,2,14,2,12,6,14,7
1832,1600,600031.5,3511219.5,2022,2,3,3,4,2,1,8,3,9,11,2,7,11,9,0,14,5,13
1855,1649,600178.5,3511150.5,2022,1,1,3,4,2,1,8,3,9,11,2,7,14,2,12,6,14,7
1850,1664,600223.5,3511165.5,2022,1,1,3,4,2,1,8,3,9,11,2,7,11,9,0,14,5,13
1835,1691,600304.5,3511210.5,2022,1,1,3,4,2,1,8,3,9,11,2,2,14,2,12,6,14,11
1831,1737,600442.5,3511222.5,2022,1,1,3,2,5,5,1,2,4,10,4,2,14,2,12,6,18,11
1855,1769,600538.5,3511150.5,2022,0,0,1,0,6,3,2,7,10,0,5,3,12,8,10,17,11,16
1836,1786,600589.5,3511207.5,2022,0,0,2,3,1,2,4,2,2,5,1,1,0,14,7,1,0,1
1854,1813,600670.5,3511153.5,2022,0,0,1,0,6,3,2,7,10,0,5,1,13,6,10,17,12,16
1839,1832,600727.5,3511198.5,2022,0,0,1,0,6,3,2,7,10,0,5,3,12,6,10,17,12,16
1843,1868,600835.5,3511186.5,2022,0,0,1,0,6,7,7,0,3,4,9,8,9,8,2,0,11,17
1847,1896,600919.5,3511174.5,2022,0,0,1,3,6,7,7,0,3,4,9,8,9,0,6,8,15,12
1843,1928,601015.5,3511186.5,2022,1,1,2,2,5,5,1,2,4,10,4,2,0,14,7,1,16,4
1852,1952,601087.5,3511159.5,2022,0,0,2,3,1,2,6,9,8,1,10,13,5,0,6,8,9,12
1838,1985,601186.5,3511201.5,2022,0,0,1,3,1,2,6,9,8,1,10,8,5,0,6,8,15,12
1840,2027,601312.5,3511195.5,2022,0,0,1,0,6,3,2,7,10,0,5,1,13,6,10,17,12,16
1839,2051,601384.5,3511198.5,2022,0,0,1,0,6,7,2,7,10,0,5,1,13,8,10,17,11,16
1843,2095,601516.5,3511186.5,2022,0,0,1,3,6,7,7,0,3,4,9,8,9,0,2,8,15,12
1844,2119,601588.5,3511183.5,2022,1,1,2,2,5,5,1,4,5,2,12,6,4,3,8,16,18,11
1845,2158,601705.5,3511180.5,2022,0,0,1,0,6,7,7,0,3,0,5,3,9,8,2,0,11,17
1848,2179,601768.5,3511171.5,2022,0,0,1,0,6,3,2,7,2,0,5,1,13,6,9,11,12,6
1847,2208,601855.5,3511174.5,2022,0,0,1,3,1,2,4,0,2,5,1,9,2,0,9,11,0,1
1831,2225,601906.5,3511222.5,2022,0,0,1,3,1,7,7,0,2,5,1,1,9,0,9,11,0,1
1840,2274,602053.5,3511195.5,2022,0,0,1,0,6,7,7,0,3,4,5,1,9,8,2,0,11,17
1859,2295,602116.5,3511138.5,2022,0,0,1,3,3,7,4,0,2,5,1,1,13,6,9,11,0,1
1849,2311,602164.5,3511168.5,2022,0,0,1,0,3,3,2,7,2,5,1,1,13,6,9,11,10,6
1856,2351,602284.5,3511147.5,2022,1,1,2,2,5,5,4,2,4,10,4,2,0,14,7,1,16,4
1842,2393,602410.5,3511189.5,2022,0,0,1,0,6,7,4,0,2,5,1,1,13,6,9,11,0,6
1840,2400,602431.5,3511195.5,2022,0,0,1,0,6,3,2,7,2,5,1,1,13,6,9,11,10,6
1856,2457,602602.5,3511147.5,2022,0,0,1,0,6,7,7,0,3,4,9,8,9,8,2,0,11,17
1839,2465,602626.5,3511198.5,2022,0,0,1,0,6,7,7,0,3,4,9,1,13,6,9,11,0,1
1834,2496,602719.5,3511213.5,2022,0,0,1,0,6,7,2,7,10,0,5,3,12,8,2,0,11,17
1850,2541,602854.5,3511165.5,2022,0,0,1,0,6,7,2,7,10,0,5,3,12,8,2,0,11,17
1848,2565,602926.5,3511171.5,2022,0,0,1,3,6,7,7,0,2,5,1,1,2,6,9,11,0,6
1853,2596,603019.5,3511156.5,2022,0,0,1,0,6,7,7,0,3,0,5,3,9,8,2,0,11,17
1840,2621,603094.5,3511195.5,2022,1,1,2,2,5,5,1,2,4,10,4,2,0,14,7,1,16,4
1843,2651,603184.5,3511186.5,2022,1,1,3,2,5,5,1,4,5,2,12,6,4,3,8,16,18,11
1843,2680,603271.5,3511186.5,2022,1,1,3,2,5,5,1,2,4,10,4,2,14,2,12,6,18,11
1851,2707,603352.5,3511162.5,2022,1,2,4,5,4,6,3,5,6,3,3,4,3,4,4,5,17,3
1845,2754,603493.5,3511180.5,2022,1,1,2,2,5,5,1,4,5,2,12,6,4,3,7,1,16,4
1849,2788,603595.5,3511168.5,2022,1,1,2,2,5,5,1,4,5,2,12,6,4,3,7,16,4,9
1836,2811,603664.5,3511207.5,2022,0,0,1,3,3,0,4,6,2,5,1,9,2,15,9,11,13,6
1854,2841,603754.5,3511153.5,2022,1,1,2,3,5,2,4,6,8,5,1,9,2,15,15,7,13,10
1837,2871,603844.5,3511204.5,2022,1,1,2,2,3,0,4,6,4,10,4,9,2,15,15,7,13,10
1841,2901,603934.5,3511192.5,2022,2,3,0,0,6,3,2,7,10,0,5,3,12,13,13,10,7,0
1851,2929,604018.5,3511162.5,2022,0,0,1,0,6,3,2,7,10,0,5,3,12,13,13,10,10,6
1833,2948,604075.5,3511216.5,2022,1,1,3,4,2,1,8,2,4,10,4,2,14,2,12,6,14,7
1834,2977,604162.5,3511213.5,2022,1,1,3,4,3,0,8,2,4,10,4,2,14,2,12,6,14,7
1830,3002,604237.5,3511225.5,2022,0,0,1,3,3,0,4,6,2,5,1,9,2,15,9,11,10,6
1848,3053,604390.5,3511171.5,2022,2,3,3,4,2,1,8,3,9,11,2,7,11,2,0,14,14,7
1859,3066,604429.5,3511138.5,2022,1,1,3,4,2,1,8,2,4,10,4,2,14,2,12,6,14,7
1856,3090,604501.5,3511147.5,2022,0,0,1,0,3,0,4,6,2,5,1,9,2,15,9,11,10,6
1831,3137,604642.5,3511222.5,2022,0,0,1,0,6,7,7,0,2,5,1,9,2,6,9,11,10,6
1842,3152,604687.5,3511189.5,2022,0,0,1,0,6,7,4,6,2,5,1,1,2,6,9,11,10,6
1841,3205,604846.5,3511192.5,2022,2,3,0,1,0,4,5,1,0,6,6,10,1,5,5,12,6,19
1833,3213,604870.5,3511216.5,2022,0,0,1,0,3,0,4,6,2,5,1,1,2,6,9,11,10,6
1849,3257,605002.5,3511168.5,2022,1,1,2,2,5,5,1,4,5,2,12,6,4,3,8,16,4,9
1848,3294,605113.5,3511171.5,2022,1,1,3,2,5,5,1,2,4,10,4,2,14,2,12,6,14,7
1852,3316,605179.5,3511159.5,2022,1,1,2,3,1,2,4,6,2,5,1,9,2,15,15,7,13,10
1837,3332,605227.5,3511204.5,2022,1,1,2,2,5,5,1,4,5,2,12,6,0,14,7,1,16,4
1876,27,595312.5,3511087.5,2022,1,1,3,4,2,1,8,3,1,9,0,5,10,12,1,4,1,2
1868,38,595345.5,3511111.5,2022,2,3,0,0,3,0,5,1,0,6,6,10,1,5,5,15,10,19
1873,76,595459.5,3511096.5,2022,2,3,0,1,3,3,5,1,0,6,6,10,1,5,5,15,6,19
1877,96,595519.5,3511084.5,2022,2,3,0,1,0,3,5,1,0,6,6,10,1,5,5,12,6,19
1884,122,595597.5,3511063.5,2022,0,0,1,0,3,0,4,6,2,5,1,9,2,15,9,11,10,6
1879,153,595690.5,3511078.5,2022,2,3,3,4,3,0,5,6,1,9,0,5,10,12,1,4,1,2
1886,206,595849.5,3511057.5,2022,2,3,1,0,3,3,2,7,0,6,6,1,13,6,10,17,12,16
1874,221,595894.5,3511093.5,2022,1,1,3,4,3,0,4,6,1,9,0,5,10,12,1,4,1,2
1872,255,595996.5,3511099.5,2022,2,3,3,4,3,0,5,1,0,6,6,1,13,6,9,15,10,19
1887,288,596095.5,3511054.5,2022,2,3,3,4,2,1,8,3,9,11,2,7,11,5,5,14,14,7
1883,303,596140.5,3511066.5,2022,0,0,1,0,3,0,4,6,2,5,1,1,13,6,9,11,10,6
1870,342,596257.5,3511105.5,2022,0,0,1,0,3,0,4,6,2,5,1,1,13,6,9,11,10,6
1863,364,596323.5,3511126.5,2022,2,3,1,0,3,3,2,1,0,6,6,1,13,6,10,17,12,16
1873,418,596485.5,3511096.5,2022,2,3,0,0,0,3,2,7,10,7,11,11,8,1,10,17,12,16
1863,447,596572.5,3511126.5,2022,2,3,0,1,0,3,5,1,0,6,6,10,1,5,5,15,12,19
1866,463,596620.5,3511117.5,2022,2,3,3,4,3,0,5,1,0,6,6,10,1,5,5,15,10,19
1889,497,596722.5,3511048.5,2022,2,3,0,1,0,4,5,1,0,6,6,10,1,5,5,12,6,19
1866,511,596764.5,3511117.5,2022,2,3,0,1,0,4,5,1,0,6,6,10,1,5,5,12,6,19
1879,543,596860.5,3511078.5,2022,2,3,0,4,3,0,5,1,0,6,6,10,1,5,5,15,6,19
1866,577,596962.5,3511117.5,2022,2,3,0,1,0,4,5,1,0,6,6,10,1,5,5,12,6,19
1871,625,597106.5,3511102.5,2022,1,1,2,3,1,2,6,9,8,1,10,13,5,10,15,7,13,10
1874,646,597169.5,3511093.5,2022,1,1,2,2,5,5,1,4,5,2,12,6,4,3,8,16,4,9
1884,671,597244.5,3511063.5,2022,1,2,4,5,4,6,3,5,6,3,3,4,3,4,4,5,17,3
1864,713,597370.5,3511123.5,2022,0,0,1,3,1,0,4,6,2,5,1,9,2,15,9,11,0,1
1868,723,597400.5,3511111.5,2022,0,0,1,0,6,3,2,7,10,0,5,1,13,6,10,17,12,16
1885,750,597481.5,3511060.5,2022,2,3,1,0,6,3,2,7,10,0,5,1,13,6,10,17,12,16
1871,793,597610.5,3511102.5,2022,0,0,1,0,6,3,2,7,10,0,5,1,13,6,10,17,12,16
1872,838,597745.5,3511099.5,2022,2,3,0,1,0,4,0,8,7,7,11,11,8,1,3,13,2,18
1871,842,597757.5,3511102.5,2022,2,3,0,1,0,4,0,8,7,7,11,11,8,1,3,13,2,18
1868,892,597907.5,3511111.5,2022,0,0,1,3,1,7,4,0,2,5,1,1,2,6,9,11,0,1
1875,926,598009.5,3511090.5,2022,2,3,0,1,0,3,5,1,0,6,6,10,1,5,5,15,6,19
1860,954,598093.5,3511135.5,2022,2,3,0,1,0,4,0,8,7,7,11,11,8,1,3,13,2,18
1872,975,598156.5,3511099.5,2022,2,3,0,1,0,4,0,8,7,7,11,0,7,11,13,10,7,0
1861,1012,598267.5,3511132.5,2022,2,3,0,1,0,4,0,8,7,8,8,0,7,11,16,12,8,5
1864,1047,598372.5,3511123.5,2022,2,3,0,1,0,4,0,8,7,8,8,0,7,11,16,12,8,5
1874,1067,598432.5,3511093.5,2022,2,3,0,1,0,4,5,1,0,6,6,10,1,5,5,12,6,5
1870,1106,598549.5,3511105.5,2022,2,3,0,1,0,3,5,1,0,6,6,10,1,5,5,15,12,19
1874,1131,598624.5,3511093.5,2022,2,0,1,0,6,3,2,7,10,0,5,3,12,6,10,17,12,16
1863,1145,598666.5,3511126.5,2022,2,3,0,0,6,3,2,7,10,6,6,1,13,6,10,17,12,16
1861,1174,598753.5,3511132.5,2022,2,3,0,1,0,4,0,8,7,7,11,11,8,1,3,13,2,18
1867,1207,598852.5,3511114.5,2022,2,3,0,1,0,3,5,1,0,7,11,10,1,5,5,13,6,19
1879,1254,598993.5,3511078.5,2022,2,3,0,0,6,3,2,7,10,0,5,3,12,13,10,17,12,16
1882,1269,599038.5,3511069.5,2022,0,0,1,0,3,3,4,7,2,5,1,1,13,6,9,11,10,6
1869,1310,599161.5,3511108.5,2022,0,0,1,0,6,3,2,7,10,0,5,3,12,8,10,17,11,16
1872,1342,599257.5,3511099.5,2022,2,3,0,0,6,3,2,7,10,0,5,3,12,6,10,17,12,16
1886,1353,599290.5,3511057.5,2022,2,3,0,0,6,3,2,7,10,0,5,1,13,6,10,17,12,16
1867,1389,599398.5,3511114.5,2022,2,3,0,1,0,3,0,8,0,7,11,11,8,1,3,13,2,18
1878,1435,599536.5,3511081.5,2022,2,3,0,1,0,4,0,8,7,7,11,11,8,1,3,13,2,18
1885,1449,599578.5,3511060.5,2022,2,3,0,1,0,4,0,8,7,8,8,0,7,11,16,12,2,5
1872,1497,599722.5,3511099.5,2022,0,0,1,0,6,7,2,7,10,0,5,1,13,8,10,17,11,16
1873,1518,599785.5,3511096.5,2022,0,0,1,0,6,3,2,7,10,0,5,1,13,6,10,17,12,16
1880,1558,599905.5,3511075.5,2022,2,3,1,0,6,3,2,7,10,0,5,1,13,6,10,17,12,16
1885,1572,599947.5,3511060.5,2022,2,3,0,4,0,4,5,3,9,11,2,7,11,9,0,12,6,5
1860,1612,600067.5,3511135.5,2022,2,3,0,1,0,4,0,8,7,7,11,11,8,1,3,13,2,18
1888,1628,600115.5,3511051.5,2022,0,0,1,0,3,0,4,6,2,5,1,1,13,6,9,11,0,1
1871,1678,600265.5,3511102.5,2022,2,3,3,4,2,1,8,3,9,11,2,7,11,9,0,14,5,13
1877,1708,600355.5,3511084.5,2022,2,3,0,0,0,3,2,7,10,0,11,11,12,13,10,17,12,16
1876,1736,600439.5,3511087.5,2022,0,0,1,0,6,3,2,7,10,0,5,1,13,6,10,17,12,16
1887,1769,600538.5,3511054.5,2022,1,1,2,2,5,5,4,2,4,10,4,2,0,14,12,1,16,7
1864,1799,600628.5,3511123.5,2022,0,0,1,0,3,0,4,1,2,5,1,1,13,6,9,15,10,7
1877,1810,600661.5,3511084.5,2022,0,0,1,0,6,7,7,0,3,4,9,1,9,8,2,0,11,17
1861,1859,600808.5,3511132.5,2022,0,0,1,0,6,7,2,7,10,0,5,1,13,8,2,0,11,17
1871,1882,600877.5,3511102.5,2022,0,0,1,0,6,7,7,0,3,0,5,1,13,6,9,11,0,1
1862,1905,600946.5,3511129.5,2022,0,0,1,3,1,2,7,0,8,1,10,8,9,0,6,8,0,1
1877,1948,601075.5,3511084.5,2022,0,0,1,3,1,7,7,0,2,5,1,1,13,0,9,11,0,1
1876,1963,601120.5,3511087.5,2022,0,0,1,3,1,7,7,0,3,4,9,8,9,0,6,8,15,1
1887,1989,601198.5,3511054.5,2022,1,1,2,2,5,5,1,2,4,10,4,2,0,14,12,1,16,4
1879,2010,601261.5,3511078.5,2022,0,0,1,0,6,7,7,0,3,4,9,8,9,8,2,0,11,17
1867,2061,601414.5,3511114.5,2022,0,0,2,3,1,2,6,9,8,1,10,13,5,0,6,8,0,1
1882,2086,601489.5,3511069.5,2022,1,1,2,2,5,5,1,2,4,10,4,2,0,14,7,1,16,4
1862,2119,601588.5,3511129.5,2022,0,1,2,3,1,2,6,9,8,5,1,9,0,14,7,1,0,1
1881,2150,601681.5,3511072.5,2022,0,0,1,0,6,7,4,0,2,5,1,1,13,6,9,11,0,1
1885,2171,601744.5,3511060.5,2022,0,0,1,0,6,7,2,7,10,0,5,3,12,8,2,0,11,17
1878,2207,601852.5,3511081.5,2022,0,0,1,0,6,7,7,0,3,4,9,8,9,0,2,0,0,1
1866,2221,601894.5,3511117.5,2022,2,3,1,0,3,3,2,1,0,6,6,1,13,6,10,15,12,16
1868,2271,602044.5,3511111.5,2022,0,0,1,0,6,7,7,0,2,5,1,1,13,6,9,11,0,1
1883,2305,602146.5,3511066.5,2022,0,0,1,0,6,7,7,0,3,4,5,1,13,6,2,11,0,1
1863,2320,602191.5,3511126.5,2022,0,0,1,4,3,0,4,6,2,5,1,1,13,6,9,15,10,6
1867,2341,602254.5,3511114.5,2022,1,1,2,2,5,5,1,4,5,2,12,6,4,3,8,16,4,9
1888,2392,602407.5,3511051.5,2022,0,0,1,3,1,7,7,0,2,5,1,9,2,0,6,11,0,1
1876,2417,602482.5,3511087.5,2022,0,0,1,3,1,7,7,0,2,5,1,1,13,0,9,11,0,1
1884,2456,602599.5,3511063.5,2022,0,0,1,3,3,0,4,6,2,5,1,9,2,15,9,11,10,6
1885,2462,602617.5,3511060.5,2022,1,2,4,5,4,6,3,5,6,3,7,4,6,7,11,5,3,3
1869,2500,602731.5,3511108.5,2022,1,2,4,5,4,6,3,5,6,3,7,12,6,7,11,2,3,15
1876,2548,602875.5,3511087.5,2022,1,2,4,5,4,6,3,5,6,3,7,12,6,7,11,2,3,15
1889,2550,602881.5,3511048.5,2022,0,0,1,3,3,0,4,6,2,5,1,9,2,15,15,7,13,6
1867,2594,603013.5,3511114.5,2022,0,0,1,0,6,3,2,7,10,0,5,1,13,6,10,17,10,6
1860,2628,603115.5,3511135.5,2022,2,1,3,4,3,0,4,2,2,6,6,1,13,6,9,15,14,7
1861,2663,603220.5,3511132.5,2022,1,1,3,2,2,5,1,4,5,2,12,6,14,2,8,16,18,11
1877,2677,603262.5,3511084.5,2022,1,1,2,2,5,5,1,4,5,2,12,6,4,3,8,16,4,9
1884,2722,603397.5,3511063.5,2022,1,1,2,2,5,0,4,6,2,5,1,9,2,15,15,7,13,10
1874,2747,603472.5,3511093.5,2022,0,0,2,3,1,2,4,6,2,5,1,9,2,15,15,7,13,10
1864,2762,603517.5,3511123.5,2022,1,1,2,2,5,5,1,4,5,2,12,6,0,14,7,1,16,4
1881,2814,603673.5,3511072.5,2022,1,1,2,2,5,5,1,2,4,10,4,2,0,14,7,1,16,4
1865,2844,603763.5,3511120.5,2022,1,1,3,2,5,5,1,2,4,10,4,2,14,2,12,6,18,11
1878,2873,603850.5,3511081.5,2022,1,1,2,2,5,5,1,2,4,10,4,2,0,14,7,1,16,4
1887,2905,603946.5,3511054.5,2022,2,3,0,0,6,3,2,7,10,0,5,3,12,13,13,10,7,0
1876,2914,603973.5,3511087.5,2022,0,0,1,0,6,7,7,0,2,5,1,1,13,6,9,11,0,1
1883,2947,604072.5,3511066.5,2022,2,3,0,0,6,3,2,7,10,0,5,3,12,13,10,17,12,16
1860,2990,604201.5,3511135.5,2022,0,0,1,3,1,0,4,6,2,5,1,9,2,15,15,7,13,10
1889,3015,604276.5,3511048.5,2022,1,1,3,2,5,5,1,2,4,10,4,2,14,2,12,6,18,11
1888,3041,604354.5,3511051.5,2022,1,1,3,4,5,5,1,2,4,10,4,2,14,2,12,6,18,11
1883,3065,604426.5,3511066.5,2022,2,3,3,4,3,0,5,1,0,6,6,10,13,5,5,15,10,7
1879,3102,604537.5,3511078.5,2022,0,0,1,0,6,7,7,0,2,5,1,9,2,15,9,11,10,6
1876,3127,604612.5,3511087.5,2022,2,3,0,0,3,0,5,1,0,6,6,10,1,5,5,15,10,19
1872,3160,604711.5,3511099.5,2022,0,0,1,3,1,7,4,6,2,5,1,9,2,15,15,7,10,6
1880,3180,604771.5,3511075.5,2022,1,1,3,4,2,1,8,2,4,10,4,2,14,2,12,6,14,7
1874,3219,604888.5,3511093.5,2022,1,1,3,4,2,1,8,2,4,10,4,2,14,2,12,6,14,7
1869,3249,604978.5,3511108.5,2022,1,1,2,2,5,5,1,4,5,2,12,6,4,3,7,1,4,4
1869,3291,605104.5,3511108.5,2022,1,1,2,2,5,5,1,4,5,2,12,6,4,3,8,16,4,9
1888,3305,605146.5,3511051.5,2022,1,1,2,2,5,5,1,2,4,10,4,2,0,14,7,1,16,4
1873,3332,605227.5,3511096.5,2022,1,1,2,2,5,5,1,2,4,10,4,2,0,14,7,1,16,4
1902,18,595285.5,3511009.5,2022,0,0,1,0,6,3,2,7,10,0,5,3,13,6,9,11,10,6
1912,50,595381.5,3510979.5,2022,2,3,0,1,0,4,5,1,0,7,11,11,8,1,3,13,6,18
1909,72,595447.5,3510988.5,2022,2,3,0,1,0,3,5,1,0,6,6,10,1,5,5,15,6,19
1899,102,595537.5,3511018.5,2022,2,3,0,1,0,3,5,1,0,6,6,10,1,5,10,17,12,19
1906,128,595615.5,3510997.5,2022,2,3,0,0,3,3,5,1,0,6,6,10,1,13,5,15,10,19
1900,164,595723.5,3511015.5,2022,0,0,1,4,3,0,4,6,1,9,0,9,2,15,15,7,13,10
1900,201,595834.5,3511015.5,2022,2,3,1,0,6,3,2,7,10,0,5,1,13,6,10,17,12,16
1907,229,595918.5,3510994.5,2022,2,0,1,0,6,3,2,7,10,0,5,3,12,8,10,17,12,16
1892,251,595984.5,3511039.5,2022,2,3,3,4,3,0,4,6,2,6,6,1,13,6,9,15,10,7
1895,294,596113.5,3511030.5,2022,1,1,3,4,3,0,4,6,1,9,0,5,10,12,1,4,1,2
1911,312,596167.5,3510982.5,2022,0,0,1,0,3,0,4,6,2,5,1,9,2,6,9,11,10,6
1904,345,596266.5,3511003.5,2022,0,0,1,0,3,0,4,6,2,5,1,1,13,6,9,11,10,6
1894,373,596350.5,3511033.5,2022,2,3,0,4,3,0,5,1,0,6,6,10,1,5,5,15,6,19
1898,414,596473.5,3511021.5,2022,2,3,1,0,3,3,5,1,0,6,6,10,13,6,9,15,10,6
1919,441,596554.5,3510958.5,2022,2,3,0,1,0,4,5,1,0,6,6,10,1,5,5,15,6,19
1895,472,596647.5,3511030.5,2022,2,3,0,1,0,4,5,1,0,6,6,10,1,5,5,12,6,19
1908,498,596725.5,3510991.5,2022,2,3,0,1,0,4,5,1,0,6,6,10,1,5,5,12,6,19
1892,537,596842.5,3511039.5,2022,2,3,0,1,3,0,5,1,0,6,6,10,1,5,5,12,6,19
1907,559,596908.5,3510994.5,2022,2,3,0,1,0,4,5,1,0,6,6,10,1,5,5,12,6,19
1914,574,596953.5,3510973.5,2022,2,3,0,1,0,4,5,1,0,6,6,10,1,5,5,12,6,5
1902,620,597091.5,3511009.5,2022,2,3,3,4,3,0,5,1,0,6,6,10,1,5,5,15,10,19
1919,652,597187.5,3510958.5,2022,2,3,3,4,3,0,5,6,1,9,0,5,10,12,1,4,1,2
1902,660,597211.5,3511009.5,2022,0,0,1,0,3,0,4,6,2,6,6,10,1,15,9,15,10,6
1906,706,597349.5,3510997.5,2022,2,3,0,1,0,4,5,1,0,6,6,10,1,5,5,12,6,5
1891,748,597475.5,3511042.5,2022,0,0,1,0,6,7,2,7,10,0,5,1,13,8,10,17,11,16
1898,754,597493.5,3511021.5,2022,2,3,0,0,6,3,2,7,10,7,11,11,8,1,10,17,12,16
1902,787,597592.5,3511009.5,2022,2,3,0,1,0,4,0,8,7,7,11,11,8,1,3,13,2,18
1912,833,597730.5,3510979.5,2022,2,3,0,1,0,4,0,8,7,7,11,11,8,1,3,13,2,18
1910,841,597754.5,3510985.5,2022,2,3,1,0,6,3,2,7,10,0,5,3,12,13,10,17,12,16
1895,888,597895.5,3511030.5,2022,0,0,1,0,6,3,2,7,10,0,5,1,13,6,10,17,12,16
1894,926,598009.5,3511033.5,2022,2,3,0,1,0,4,0,8,7,7,11,11,8,1,3,13,2,18
1907,954,598093.5,3510994.5,2022,1,2,4,5,4,6,3,5,6,3,3,4,3,4,4,5,17,3
1912,987,598192.5,3510979.5,2022,2,3,3,4,3,0,5,1,1,9,0,5,10,12,1,4,1,2
1919,1005,598246.5,3510958.5,2022,2,3,0,0,3,3,5,1,0,6,6,10,13,6,5,15,12,19
1900,1024,598303.5,3511015.5,2022,2,3,0,0,3,3,5,1,0,6,6,10,1,5,5,15,10,19
1915,1079,598468.5,3510970.5,2022,2,3,0,1,0,3,5,1,0,6,6,10,1,5,5,15,12,19
1919,1096,598519.5,3510958.5,2022,2,3,0,1,3,3,5,1,0,6,6,10,1,5,5,15,10,19
1918,1136,598639.5,3510961.5,2022,0,0,1,0,3,0,4,6,2,5,1,1,13,6,9,11,10,6
1913,1148,598675.5,3510976.5,2022,2,3,0,1,3,3,5,1,0,6,6,10,1,5,5,15,10,19
1916,1191,598804.5,3510967.5,2022,2,3,0,1,0,3,2,1,0,6,6,10,1,13,5,15,12,19
1900,1221,598894.5,3511015.5,2022,2,3,0,1,0,3,5,1,0,6,6,10,1,5,5,15,12,19
1899,1253,598990.5,3511018.5,2022,2,3,1,0,6,3,2,7,10,6,6,1,13,6,10,17,12,16
1913,1279,599068.5,3510976.5,2022,0,0,1,0,6,3,2,7,10,0,5,3,12,6,10,17,12,16
1897,1317,599182.5,3511024.5,2022,2,3,0,0,3,3,5,1,0,6,6,10,1,5,10,15,12,19
1913,1328,599215.5,3510976.5,2022,2,3,0,4,3,0,5,1,1,9,0,5,10,12,1,4,1,2
1905,1353,599290.5,3511000.5,2022,2,3,0,1,0,4,5,1,0,6,6,10,1,5,5,12,6,19
1913,1398,599425.5,3510976.5,2022,2,3,0,1,0,3,5,1,0,6,6,11,8,1,5,13,12,19
1907,1414,599473.5,3510994.5,2022,2,3,0,1,0,3,5,1,0,6,6,10,1,5,5,15,6,19
1910,1466,599629.5,3510985.5,2022,2,3,0,4,3,0,5,1,0,6,6,10,1,5,5,15,6,19
1892,1470,599641.5,3511039.5,2022,2,3,0,1,0,4,0,8,7,7,11,11,8,1,3,13,2,18
1910,1528,599815.5,3510985.5,2022,2,3,3,4,2,1,8,3,9,11,2,7,11,9,0,14,5,13
1906,1533,599830.5,3510997.5,2022,2,3,0,1,0,4,0,8,7,7,8,11,8,1,3,13,2,5
1890,1569,599938.5,3511045.5,2022,2,3,3,4,3,1,5,1,0,6,6,10,1,5,5,15,14,7
1897,1603,600040.5,3511024.5,2022,0,0,1,3,3,0,4,6,2,5,1,9,2,15,9,7,13,10
1896,1632,600127.5,3511027.5,2022,0,0,1,0,6,3,2,7,2,0,5,1,13,6,9,11,12,16
1898,1669,600238.5,3511021.5,2022,2,3,0,0,3,3,5,1,0,6,6,1,13,6,5,15,12,19
1901,1681,600274.5,3511012.5,2022,0,0,1,0,3,3,2,1,0,6,6,1,13,6,9,15,12,16
1917,1736,600439.5,3510964.5,2022,0,0,1,0,6,7,7,0,3,4,9,8,9,8,2,0,11,17
1907,1740,600451.5,3510994.5,2022,0,0,1,0,6,7,7,0,3,4,9,8,9,8,2,0,11,17
1899,1796,600619.5,3511018.5,2022,0,0,1,0,6,7,7,0,3,4,9,1,13,6,9,11,0,1
1898,1809,600658.5,3511021.5,2022,0,0,1,0,6,7,7,0,3,4,9,1,9,8,2,11,0,1
1902,1854,600793.5,3511009.5,2022,0,0,1,0,3,0,4,6,2,5,1,1,13,6,9,11,0,6
1902,1869,600838.5,3511009.5,2022,0,0,1,0,6,7,7,0,2,5,9,1,13,6,9,11,0,1
1907,1909,600958.5,3510994.5,2022,0,0,1,0,6,7,2,7,10,0,5,1,13,6,10,17,12,16
1913,1925,601006.5,3510976.5,2022,0,0,1,0,6,7,7,0,2,5,1,1,13,6,9,11,0,1
1890,1957,601102.5,3511045.5,2022,0,0,1,0,6,7,2,7,10,0,5,1,13,6,10,17,0,16
1910,1999,601228.5,3510985.5,2022,0,0,2,3,1,2,6,9,8,1,10,13,5,0,6,8,15,12
1900,2035,601336.5,3511015.5,2022,0,0,1,3,1,7,7,0,3,4,9,8,9,0,6,11,0,1
1909,2054,601393.5,3510988.5,2022,0,0,1,0,6,7,4,0,2,5,1,1,13,6,9,11,0,1
1895,2071,601444.5,3511030.5,2022,0,0,1,3,6,7,7,0,3,4,9,1,9,0,6,11,0,1
1912,2120,601591.5,3510979.5,2022,0,0,1,0,6,3,2,7,10,0,5,1,13,6,10,17,12,16
1906,2135,601636.5,3510997.5,2022,2,0,1,0,6,3,2,7,10,0,5,3,12,13,10,17,12,16
1901,2186,601789.5,3511012.5,2022,0,0,1,0,6,7,7,0,3,4,9,8,9,0,6,11,0,1
1904,2201,601834.5,3511003.5,2022,0,0,1,0,6,7,7,0,3,4,9,8,9,8,2,0,11,17
1890,2230,601921.5,3511045.5,2022,0,0,1,0,6,7,2,7,10,0,5,1,13,8,2,17,11,17
1913,2253,601990.5,3510976.5,2022,0,0,1,0,6,7,7,0,3,4,9,8,9,8,2,0,11,17
1901,2293,602110.5,3511012.5,2022,0,0,1,0,6,3,2,7,10,0,5,3,12,8,10,17,12,16
1897,2313,602170.5,3511024.5,2022,0,0,1,0,6,7,2,7,10,0,5,3,13,8,10,17,11,16
1907,2351,602284.5,3510994.5,2022,1,1,3,4,3,0,4,2,4,10,4,2,14,2,12,6,14,7
1891,2385,602386.5,3511042.5,2022,0,0,1,0,6,7,7,0,2,5,1,1,13,6,9,11,0,1
1910,2406,602449.5,3510985.5,2022,1,1,3,2,5,5,4,2,4,10,4,2,0,14,12,1,14,7
1915,2442,602557.5,3510970.5,2022,2,3,3,4,3,0,5,1,0,6,6,10,1,5,5,15,6,19
1893,2484,602683.5,3511036.5,2022,2,3,3,4,3,0,4,6,2,6,6,10,1,15,9,15,10,6
1897,2494,602713.5,3511024.5,2022,1,1,2,4,3,0,4,6,2,5,1,9,2,15,15,7,13,10
1904,2547,602872.5,3511003.5,2022,2,3,0,1,0,3,5,1,0,6,6,10,1,5,5,15,6,19
1911,2561,602914.5,3510982.5,2022,0,0,1,0,3,0,4,6,2,5,1,1,13,6,9,11,10,6
1890,2590,603001.5,3511045.5,2022,1,1,2,2,5,5,1,4,5,2,12,6,4,3,8,16,4,9
1896,2623,603100.5,3511027.5,2022,2,3,3,4,2,1,8,3,9,11,2,7,11,9,0,14,5,13
1903,2652,603187.5,3511006.5,2022,1,1,3,4,3,0,8,6,1,9,0,5,14,2,12,6,14,7
1912,2679,603268.5,3510979.5,2022,0,0,1,3,3,0,4,6,2,5,1,9,2,15,9,11,0,6
1893,2707,603352.5,3511036.5,2022,1,1,2,2,5,5,1,4,5,2,12,6,4,3,8,16,4,9
1905,2735,603436.5,3511000.5,2022,1,1,2,2,5,2,6,9,8,1,10,13,5,10,14,9,9,14
1891,2786,603589.5,3511042.5,2022,0,0,1,0,3,0,4,6,2,5,1,1,13,6,9,11,10,6
1915,2801,603634.5,3510970.5,2022,0,0,2,3,1,2,6,9,8,1,10,9,2,15,15,7,13,10
1913,2842,603757.5,3510976.5,2022,1,1,2,2,5,5,1,4,5,2,12,6,4,3,7,1,18,4
1902,2863,603820.5,3511009.5,2022,0,0,1,0,6,3,2,7,10,0,5,3,12,13,13,10,10,6
1919,2908,603955.5,3510958.5,2022,1,1,3,4,2,1,8,2,4,10,4,2,14,2,12,6,14,11
1893,2935,604036.5,3511036.5,2022,2,3,3,4,2,1,8,1,0,6,6,7,11,5,5,15,6,19
1902,2955,604096.5,3511009.5,2022,2,3,3,4,3,0,5,1,0,6,6,10,13,6,9,15,10,19
1892,2997,604222.5,3511039.5,2022,2,3,0,0,3,3,5,1,0,6,6,10,1,5,5,15,10,19
1919,3028,604315.5,3510958.5,2022,0,0,1,0,3,0,4,6,2,5,1,9,2,15,9,11,10,6
1917,3046,604369.5,3510964.5,2022,0,0,1,0,3,0,4,6,2,5,1,10,2,6,9,15,10,6
1912,3088,604495.5,3510979.5,2022,1,1,3,2,5,5,1,2,4,10,4,2,14,2,12,6,18,11
1900,3107,604552.5,3511015.5,2022,1,1,3,2,5,5,1,4,5,2,12,6,4,3,8,16,18,11
1900,3134,604633.5,3511015.5,2022,0,0,1,3,3,0,4,6,2,5,1,9,2,15,15,7,13,10
1899,3151,604684.5,3511018.5,2022,2,3,3,4,2,1,8,3,9,11,2,7,11,9,0,14,5,13
1901,3189,604798.5,3511012.5,2022,1,1,2,2,5,5,1,2,4,10,4,2,14,14,12,6,16,4
1899,3221,604894.5,3511018.5,2022,2,0,1,0,6,3,2,7,10,0,5,1,13,6,10,15,10,6
1890,3268,605035.5,3511045.5,2022,1,1,2,2,5,5,1,4,5,2,12,6,4,3,8,16,4,9
1897,3281,605074.5,3511024.5,2022,1,1,2,2,5,5,1,2,4,10,4,2,0,14,12,1,16,4
1902,3320,605191.5,3511009.5,2022,1,1,2,2,5,5,1,2,4,10,4,2,0,14,7,1,16,4
1916,3331,605224.5,3510967.5,2022,1,1,3,4,2,1,8,2,4,10,4,2,14,2,12,6,14,7
1925,25,595306.5,3510940.5,2022,2,3,0,1,0,4,0,8,7,7,11,11,8,1,3,13,2,18
1930,55,595396.5,3510925.5,2022,2,3,0,1,0,3,2,7,10,7,11,11,8,1,10,17,12,16
1939,65,595426.5,3510898.5,2022,2,3,0,1,0,4,5,1,0,6,6,10,1,5,5,12,6,19
1939,102,595537.5,3510898.5,2022,2,3,0,0,6,3,2,7,10,0,5,3,12,13,10,17,12,16
1929,126,595609.5,3510928.5,2022,2,3,0,0,6,3,2,7,10,0,5,1,13,6,10,17,12,16
1929,173,595750.5,3510928.5,2022,0,0,1,0,6,3,2,7,10,0,5,1,13,6,9,11,10,6
1938,194,595813.5,3510901.5,2022,0,0,1,0,3,0,4,6,2,5,1,9,2,15,9,11,10,6
1948,239,595948.5,3510871.5,2022,0,0,1,0,6,7,7,0,2,5,1,1,13,6,9,11,0,1
1926,269,596038.5,3510937.5,2022,1,3,3,4,2,1,8,3,1,9,0,5,10,12,1,4,1,2
1924,286,596089.5,3510943.5,2022,0,0,1,0,3,0,4,6,2,5,1,9,2,6,9,11,10,6
1940,314,596173.5,3510895.5,2022,1,1,3,4,3,0,4,6,1,9,0,5,10,12,1,4,1,2
1949,346,596269.5,3510868.5,2022,0,0,1,3,3,0,4,6,2,5,1,9,2,15,15,7,13,6
1948,365,596326.5,3510871.5,2022,0,0,1,3,3,0,4,6,2,5,1,9,2,15,15,7,13,10
1920,416,596479.5,3510955.5,2022,2,3,0,0,3,0,5,1,0,6,6,10,1,5,5,15,10,19
1930,426,596509.5,3510925.5,2022,0,0,1,0,3,3,2,7,2,6,6,1,13,6,9,15,10,6
1941,472,596647.5,3510892.5,2022,0,1,3,4,3,0,4,6,1,9,0,5,10,12,1,4,1,2
1930,489,596698.5,3510925.5,2022,2,3,1,0,3,0,5,1,0,6,6,1,13,6,9,15,10,6
1926,519,596788.5,3510937.5,2022,2,3,0,4,3,0,5,1,0,9,0,5,10,12,1,4,1,2
1940,560,596911.5,3510895.5,2022,2,3,0,1,0,4,5,1,7,8,8,0,7,11,16,12,6,5
1929,590,597001.5,3510928.5,2022,2,3,0,1,0,4,5,1,0,6,6,10,1,5,5,12,6,19
1928,621,597094.5,3510931.5,2022,2,3,3,4,3,0,5,1,1,9,0,5,10,12,1,4,1,2
1922,640,597151.5,3510949.5,2022,1,3,3,4,3,0,5,6,1,9,0,5,10,12,1,4,1,2
1929,664,597223.5,3510928.5,2022,1,1,3,4,3,0,4,6,1,9,0,5,10,12,1,4,1,2
1929,690,597301.5,3510928.5,2022,2,3,0,1,0,4,0,8,7,8,8,0,7,11,16,12,6,5
1920,747,597472.5,3510955.5,2022,2,3,0,1,0,4,5,1,0,6,6,10,1,5,5,12,6,5
1925,777,597562.5,3510940.5,2022,2,3,0,1,0,4,5,1,0,6,6,10,1,5,5,12,6,5
1941,804,597643.5,3510892.5,2022,2,3,0,1,0,4,0,8,7,7,11,11,8,1,3,12,2,5
1937,813,597670.5,3510904.5,2022,2,3,0,1,0,4,0,8,7,7,11,11,8,1,3,13,2,18
1921,840,597751.5,3510952.5,2022,2,3,0,1,0,4,0,8,7,7,11,11,8,1,3,13,2,18
1942,887,597892.5,3510889.5,2022,2,3,0,4,3,0,5,1,0,6,6,5,10,12,1,4,1,2
1922,905,597946.5,3510949.5,2022,2,2,4,5,4,6,3,5,6,3,7,12,6,7,11,2,3,15
1926,946,598069.5,3510937.5,2022,2,3,0,1,0,4,0,8,7,8,8,0,7,11,16,12,8,5
1938,969,598138.5,3510901.5,2022,2,3,0,1,0,4,5,1,0,6,6,10,1,5,5,12,6,5
1928,1005,598246.5,3510931.5,2022,2,3,0,1,3,0,5,1,0,6,6,10,1,5,5,15,6,19
1947,1035,598336.5,3510874.5,2022,0,0,1,3,3,0,4,6,2,5,1,9,2,15,9,11,10,6
1933,1067,598432.5,3510916.5,2022,2,3,3,4,3,0,5,1,1,9,0,5,10,12,1,4,1,2
1946,1085,598486.5,3510877.5,2022,0,0,1,0,3,0,4,6,2,5,1,1,13,6,9,11,0,6
1920,1124,598603.5,3510955.5,2022,2,3,0,0,3,3,2,1,0,6,6,10,13,6,10,15,10,19
1926,1164,598723.5,3510937.5,2022,0,0,1,0,3,7,4,0,2,5,1,1,13,6,9,11,0,1
1921,1197,598822.5,3510952.5,2022,2,3,0,0,3,3,5,1,0,6,6,10,1,5,5,15,10,19
1922,1221,598894.5,3510949.5,2022,0,0,1,0,6,3,2,7,10,0,5,1,13,6,10,17,12,16
1937,1232,598927.5,3510904.5,2022,0,0,1,0,6,3,2,7,10,0,5,3,12,6,10,17,12,16
1940,1288,599095.5,3510895.5,2022,2,3,0,1,0,3,5,1,0,6,6,10,1,5,5,15,6,19
1937,1295,599116.5,3510904.5,2022,2,3,0,1,0,3,5,1,0,6,6,10,1,5,5,15,12,19
1941,1339,599248.5,3510892.5,2022,2,3,0,4,3,0,5,1,1,9,0,5,10,12,1,4,1,2
1944,1353,599290.5,3510883.5,2022,2,3,0,4,0,4,5,1,0,6,6,10,1,5,5,12,6,5
1927,1390,599401.5,3510934.5,2022,2,3,0,0,6,3,2,7,10,0,5,1,13,6,10,17,12,16
1940,1429,599518.5,3510895.5,2022,2,3,3,4,3,0,5,1,0,6,6,10,1,5,5,15,1,19
1925,1449,599578.5,3510940.5,2022,1,1,3,4,2,1,8,2,4,10,4,2,14,2,12,6,14,7
1942,1490,599701.5,3510889.5,2022,2,3,3,4,3,0,5,1,0,6,6,10,1,5,5,15,1,19
1929,1501,599734.5,3510928.5,2022,2,1,3,4,2,1,8,2,4,10,2,2,14,2,12,6,14,7
1926,1554,599893.5,3510937.5,2022,2,3,3,4,2,1,8,1,0,6,6,2,14,2,12,6,14,7
1944,1571,599944.5,3510883.5,2022,0,0,1,0,3,0,4,6,2,5,1,1,2,6,9,11,0,6
1940,1618,600085.5,3510895.5,2022,0,0,1,3,1,7,7,0,2,5,1,1,9,0,6,11,0,1
1945,1621,600094.5,3510880.5,2022,0,0,1,0,6,7,7,0,3,4,9,8,9,8,2,0,11,17
1920,1656,600199.5,3510955.5,2022,0,0,1,0,6,7,2,7,10,0,5,3,12,8,2,0,11,17
1944,1688,600295.5,3510883.5,2022,0,0,1,0,6,7,2,7,10,0,5,3,12,8,10,17,11,16
1927,1732,600427.5,3510934.5,2022,0,0,1,0,6,7,7,0,3,4,9,8,9,8,2,0,11,17
1922,1764,600523.5,3510949.5,2022,0,0,1,3,1,7,7,0,3,4,9,8,9,0,6,8,0,1
1937,1786,600589.5,3510904.5,2022,1,1,3,4,2,1,8,2,4,10,4,2,14,2,12,6,14,7
1931,1828,600715.5,3510922.5,2022,0,1,3,4,3,0,4,2,4,10,4,2,0,14,12,1,14,7
1929,1842,600757.5,3510928.5,2022,0,0,1,0,6,7,2,7,10,0,5,1,13,8,10,17,11,16
1921,1865,600826.5,3510952.5,2022,0,0,1,0,6,7,2,7,10,0,5,3,13,8,2,0,11,17
1944,1911,600964.5,3510883.5,2022,0,0,1,3,6,7,7,0,3,4,9,8,9,0,6,8,0,1
1926,1943,601060.5,3510937.5,2022,0,0,1,0,3,0,4,2,2,5,1,1,13,6,9,11,0,1
1920,1964,601123.5,3510955.5,2022,0,0,1,3,1,7,7,0,3,4,9,8,9,0,6,8,15,12
1941,1982,601177.5,3510892.5,2022,1,1,2,2,5,5,1,4,5,2,12,6,4,3,8,16,4,9
1924,2018,601285.5,3510943.5,2022,1,1,2,2,5,5,1,9,5,2,10,6,0,14,7,1,16,4
1928,2054,601393.5,3510931.5,2022,1,1,2,2,5,5,1,4,5,2,12,6,4,3,8,16,4,9
1925,2093,601510.5,3510940.5,2022,1,1,2,2,5,5,1,2,4,10,4,2,0,14,12,1,16,4
1926,2122,601597.5,3510937.5,2022,2,3,0,0,3,3,5,1,0,6,6,10,1,5,5,15,12,19
1945,2144,601663.5,3510880.5,2022,0,0,1,0,6,7,7,0,2,0,5,1,13,6,9,11,0,1
1932,2178,601765.5,3510919.5,2022,0,0,1,0,6,7,2,7,10,0,5,1,13,8,10,17,11,16
1943,2213,601870.5,3510886.5,2022,0,0,1,0,6,7,2,7,10,0,5,1,13,6,10,17,12,16
1949,2237,601942.5,3510868.5,2022,1,1,2,2,5,2,1,2,4,10,4,2,0,14,7,1,16,4
1920,2258,602005.5,3510955.5,2022,0,0,1,0,6,7,7,0,3,4,9,1,9,8,2,0,0,1
1941,2307,602152.5,3510892.5,2022,1,1,3,4,2,1,4,2,4,10,4,2,14,2,12,6,14,7
1931,2334,602233.5,3510922.5,2022,1,2,4,5,4,6,3,5,6,3,3,4,3,4,4,5,17,3
1933,2365,602326.5,3510916.5,2022,1,2,4,5,4,6,3,5,6,3,7,12,6,7,11,2,3,15
1933,2390,602401.5,3510916.5,2022,0,0,1,0,3,0,4,6,2,5,1,1,13,6,9,11,0,6
1945,2408,602455.5,3510880.5,2022,1,1,2,2,5,5,1,2,4,10,4,2,0,14,7,1,16,4
1931,2449,602578.5,3510922.5,2022,2,0,1,0,3,3,5,1,0,6,6,10,1,6,9,15,10,6
1937,2484,602683.5,3510904.5,2022,2,3,0,1,3,3,5,1,0,6,6,10,1,5,5,15,10,19
1933,2496,602719.5,3510916.5,2022,2,3,0,1,0,3,5,1,0,6,6,10,1,5,5,15,6,19
1937,2537,602842.5,3510904.5,2022,2,0,1,0,6,3,2,7,10,0,5,3,13,6,10,17,12,16
1935,2560,602911.5,3510910.5,2022,2,3,0,1,0,3,2,7,10,0,11,10,1,13,13,10,7,0
1935,2590,603001.5,3510910.5,2022,2,3,0,0,6,3,2,7,10,0,5,3,12,13,13,10,12,16
1922,2623,603100.5,3510949.5,2022,2,3,3,4,3,0,4,6,2,6,6,1,13,6,9,15,10,7
1943,2659,603208.5,3510886.5,2022,0,0,1,0,6,3,2,7,10,0,5,3,12,8,10,17,11,16
1924,2692,603307.5,3510943.5,2022,0,0,1,0,6,3,2,7,10,0,5,3,12,13,10,17,12,16
1936,2725,603406.5,3510907.5,2022,1,1,3,4,2,1,8,2,4,10,4,2,14,2,12,6,14,7
1927,2759,603508.5,3510934.5,2022,0,0,1,3,3,0,4,6,2,5,1,9,2,15,9,11,0,1
1945,2787,603592.5,3510880.5,2022,2,3,0,1,0,4,0,8,7,7,11,0,1,5,5,12,6,5
1944,2808,603655.5,3510883.5,2022,1,1,2,2,5,5,1,4,5,2,12,6,0,14,7,1,18,4
1928,2840,603751.5,3510931.5,2022,1,1,3,2,5,5,1,4,5,2,12,6,4,3,8,16,18,11
1935,2870,603841.5,3510910.5,2022,1,1,3,4,3,0,4,6,2,5,1,1,13,6,9,11,14,7
1942,2901,603934.5,3510889.5,2022,2,3,0,1,0,3,5,1,0,6,6,10,1,13,13,10,7,0
1946,2928,604015.5,3510877.5,2022,2,3,0,0,3,3,5,1,0,6,6,10,1,5,5,15,10,19
1934,2940,604051.5,3510913.5,2022,2,3,0,1,0,3,2,7,10,7,11,3,12,13,13,10,7,0
1934,2997,604222.5,3510913.5,2022,1,1,3,4,2,1,8,3,9,11,2,7,11,9,0,14,5,13
1944,3021,604294.5,3510883.5,2022,2,3,0,0,3,0,5,1,0,6,6,10,1,5,5,15,10,19
1931,3052,604387.5,3510922.5,2022,0,0,1,3,6,7,7,0,3,4,9,8,9,0,2,0,15,12
1926,3080,604471.5,3510937.5,2022,1,1,3,4,2,1,8,2,4,10,4,2,14,2,12,6,14,11
1932,3108,604555.5,3510919.5,2022,2,3,0,0,6,3,2,7,10,0,5,3,12,13,13,10,7,0
1923,3139,604648.5,3510946.5,2022,2,3,0,1,0,4,0,8,7,7,11,10,1,5,5,12,6,5
1920,3156,604699.5,3510955.5,2022,2,3,0,1,0,4,0,8,7,7,11,11,8,1,3,13,2,18
1943,3185,604786.5,3510886.5,2022,2,3,0,1,0,4,0,8,7,8,8,0,7,11,3,12,2,5
1927,3225,604906.5,3510934.5,2022,2,3,0,4,0,4,5,1,0,6,6,10,1,5,5,12,6,19
1931,3244,604963.5,3510922.5,2022,0,0,1,0,3,0,4,6,2,5,1,1,2,6,9,11,0,6
1930,3272,605047.5,3510925.5,2022,1,1,2,2,5,5,1,2,4,10,4,2,0,14,7,1,18,4
1939,3326,605209.5,3510898.5,2022,1,1,2,2,3,0,4,6,2,5,1,9,2,15,15,7,13,10
1941,3333,605230.5,3510892.5,2022,1,1,2,2,5,5,1,2,4,10,4,2,0,14,7,1,16,4
1974,26,595309.5,3510793.5,2022,2,3,0,0,6,3,2,7,10,0,5,1,13,6,10,17,12,16
1969,55,595396.5,3510808.5,2022,2,0,1,0,6,3,2,7,10,0,5,3,12,6,10,17,12,16
1968,77,595462.5,3510811.5,2022,2,3,0,0,6,3,2,7,10,0,5,3,12,13,10,17,12,16
1954,97,595522.5,3510853.5,2022,2,3,0,0,6,3,2,7,10,0,5,3,12,13,10,17,12,16
1964,137,595642.5,3510823.5,2022,0,0,1,0,6,3,2,7,10,0,5,3,12,6,10,17,12,16
1952,176,595759.5,3510859.5,2022,2,3,0,0,3,3,5,1,0,6,6,10,1,6,5,15,10,19
1966,187,595792.5,3510817.5,2022,0,0,1,0,6,3,2,7,10,0,5,1,13,6,10,17,12,16
1958,220,595891.5,3510841.5,2022,2,3,1,0,6,3,2,7,10,0,5,1,13,6,10,17,12,16
1971,258,596005.5,3510802.5,2022,0,0,1,0,3,0,4,6,2,5,1,9,2,15,9,11,10,6
1950,272,596047.5,3510865.5,2022,0,0,1,0,6,3,2,7,10,0,5,1,13,6,10,17,12,16
1961,307,596152.5,3510832.5,2022,0,0,1,4,3,0,4,6,1,5,1,9,2,15,15,7,13,10
1979,351,596284.5,3510778.5,2022,0,0,1,3,3,0,4,6,2,5,1,9,2,15,9,11,0,6
1950,369,596338.5,3510865.5,2022,0,0,1,0,3,0,4,6,2,6,6,10,1,15,9,15,10,6
1954,399,596428.5,3510853.5,2022,0,0,1,0,3,0,4,6,2,5,1,10,2,6,9,15,10,6
1973,434,596533.5,3510796.5,2022,2,3,0,4,3,0,5,1,0,6,6,10,1,5,5,15,10,19
1961,471,596644.5,3510832.5,2022,1,1,3,4,3,0,4,6,2,5,1,9,2,15,9,7,10,6
1975,486,596689.5,3510790.5,2022,0,0,1,3,3,0,4,6,2,5,1,9,2,15,15,7,13,10
1958,516,596779.5,3510841.5,2022,2,3,3,4,3,0,5,1,1,9,0,5,10,12,1,4,1,2
1969,550,596881.5,3510808.5,2022,2,3,3,4,3,0,5,1,1,9,0,5,10,12,1,4,1,2
1954,582,596977.5,3510853.5,2022,2,3,3,4,3,0,5,1,1,9,0,5,10,12,1,4,1,2
1951,616,597079.5,3510862.5,2022,2,2,4,5,4,6,3,5,6,3,7,12,6,7,11,2,3,15
1961,644,597163.5,3510832.5,2022,2,3,0,1,0,4,0,8,0,7,11,11,1,5,5,12,6,5
1969,667,597232.5,3510808.5,2022,2,3,0,1,0,4,0,8,7,8,8,0,7,11,16,3,8,5
1950,695,597316.5,3510865.5,2022,2,3,0,1,0,4,5,1,0,7,11,11,8,1,3,13,6,18
1952,749,597478.5,3510859.5,2022,2,3,0,1,0,4,0,8,7,8,8,0,7,11,16,12,8,5
1970,751,597484.5,3510805.5,2022,2,3,0,1,0,4,0,8,7,8,8,0,7,11,16,12,8,5
1962,806,597649.5,3510829.5,2022,2,3,0,1,0,4,0,8,7,8,8,0,7,11,16,12,6,5
1967,830,597721.5,3510814.5,2022,2,3,0,1,0,4,0,8,7,8,8,0,7,11,16,12,6,5
1977,864,597823.5,3510784.5,2022,2,3,0,0,3,0,5,1,0,6,6,10,1,5,5,15,10,19
1950,873,597850.5,3510865.5,2022,2,3,0,1,0,4,0,8,7,8,8,0,7,11,16,12,6,5
1979,914,597973.5,3510778.5,2022,2,3,0,0,3,0,5,1,0,6,6,10,1,6,5,15,10,19
1966,935,598036.5,3510817.5,2022,2,3,0,4,3,0,5,1,0,6,6,10,1,5,5,4,6,2
1964,970,598141.5,3510823.5,2022,2,3,0,4,3,0,5,1,0,6,6,10,1,5,5,15,10,19
1961,1001,598234.5,3510832.5,2022,0,0,1,0,3,0,4,6,2,6,6,1,13,6,9,15,10,6
1958,1022,598297.5,3510841.5,2022,2,3,3,4,3,0,5,1,1,9,0,5,10,12,1,4,1,2
1950,1061,598414.5,3510865.5,2022,0,0,1,3,3,7,4,6,2,5,1,1,2,6,9,11,0,6
1975,1090,598501.5,3510790.5,2022,2,3,0,4,3,0,5,1,0,6,6,10,1,5,5,15,10,19
1979,1124,598603.5,3510778.5,2022,2,3,0,0,3,3,5,1,0,6,6,10,1,5,5,15,10,19
1955,1153,598690.5,3510850.5,2022,0,0,1,0,6,7,4,0,2,5,1,1,13,6,9,11,0,1
1956,1198,598825.5,3510847.5,2022,2,3,0,1,0,3,5,1,0,6,6,10,1,5,5,15,6,19
1964,1203,598840.5,3510823.5,2022,2,3,0,4,3,0,5,1,0,6,6,10,1,5,5,15,10,19
1978,1255,598996.5,3510781.5,2022,2,3,0,1,0,4,0,8,7,8,8,0,7,11,16,3,8,5
1968,1278,599065.5,3510811.5,2022,1,1,3,4,2,1,8,3,1,9,0,5,10,12,1,4,1,2
1967,1291,599104.5,3510814.5,2022,2,3,0,1,3,3,5,1,0,6,6,10,1,5,5,15,12,19
1972,1335,599236.5,3510799.5,2022,2,3,0,1,0,4,0,1,0,7,11,11,8,1,3,13,2,18
1968,1365,599326.5,3510811.5,2022,2,3,0,0,3,3,5,1,0,6,6,10,13,6,10,15,12,16
1951,1387,599392.5,3510862.5,2022,0,0,1,3,3,0,4,6,2,5,1,9,2,15,9,11,13,6
1968,1418,599485.5,3510811.5,2022,1,1,3,4,2,0,8,2,1,9,0,5,10,12,1,4,1,2
1971,1443,599560.5,3510802.5,2022,2,3,3,4,3,0,5,1,1,9,0,5,10,12,1,4,1,2
1971,1489,599698.5,3510802.5,2022,2,3,1,4,3,0,4,6,1,9,0,5,10,12,1,4,1,2
1978,1514,599773.5,3510781.5,2022,2,3,0,1,0,4,0,8,7,7,11,11,8,5,3,12,6,5
1973,1533,599830.5,3510796.5,2022,0,0,1,3,1,7,7,0,2,5,1,9,2,0,6,11,0,1
1961,1564,599923.5,3510832.5,2022,0,0,1,0,6,7,4,0,2,5,1,1,13,6,9,11,0,1
1977,1613,600070.5,3510784.5,2022,2,3,0,0,6,3,2,7,10,0,5,11,13,1,10,17,12,16
1972,1637,600142.5,3510799.5,2022,1,1,3,2,5,5,1,2,4,10,4,2,0,14,12,6,16,7
1976,1679,600268.5,3510787.5,2022,2,3,0,0,3,0,5,1,0,6,6,10,1,5,5,15,10,19
1976,1698,600325.5,3510787.5,2022,0,0,1,0,6,3,2,7,10,0,5,3,12,8,10,17,12,16
1972,1738,600445.5,3510799.5,2022,0,0,1,0,6,7,7,0,3,4,9,8,9,8,2,0,11,17
1958,1764,600523.5,3510841.5,2022,0,0,1,0,6,7,2,7,10,0,5,1,13,8,10,17,12,16
1963,1785,600586.5,3510826.5,2022,0,0,1,0,6,3,2,7,10,0,5,1,13,6,10,17,12,16
1951,1813,600670.5,3510862.5,2022,0,0,1,0,6,7,2,7,10,0,5,1,13,8,10,17,11,16
1963,1847,600772.5,3510826.5,2022,0,1,3,4,3,0,4,2,4,10,4,2,0,14,12,1,14,7
1979,1866,600829.5,3510778.5,2022,0,0,1,0,3,0,4,6,2,5,1,1,13,6,9,11,0,1
1973,1919,600988.5,3510796.5,2022,0,0,1,0,6,7,7,0,2,5,1,1,13,6,9,11,0,1
1950,1920,600991.5,3510865.5,2022,1,1,2,2,5,5,1,2,4,10,4,2,0,14,7,1,16,4
1953,1951,601084.5,3510856.5,2022,0,0,1,3,1,2,7,0,2,5,1,9,2,0,6,11,0,1
1963,1985,601186.5,3510826.5,2022,1,1,3,4,5,5,1,2,4,10,4,2,14,2,12,6,14,7
1952,2015,601276.5,3510859.5,2022,1,1,3,4,3,0,4,2,2,5,1,1,13,6,9,11,14,7
1964,2056,601399.5,3510823.5,2022,0,0,1,0,6,7,4,0,2,5,1,1,13,6,9,11,0,6
1977,2095,601516.5,3510784.5,2022,0,0,1,3,1,2,6,9,8,5,1,8,9,0,6,8,0,1
1970,2100,601531.5,3510805.5,2022,0,0,1,3,6,7,7,0,2,5,1,1,13,6,9,11,0,1
1953,2131,601624.5,3510856.5,2022,0,0,1,3,1,7,7,0,3,4,9,8,9,0,6,8,0,1
1958,2163,601720.5,3510841.5,2022,0,0,1,0,6,7,7,0,3,4,9,1,9,8,2,0,11,17
1960,2207,601852.5,3510835.5,2022,1,1,2,2,5,5,1,2,4,10,4,2,0,14,12,1,16,7
1972,2248,601975.5,3510799.5,2022,1,1,3,2,5,5,4,2,4,10,4,2,14,2,12,6,14,7
1953,2277,602062.5,3510856.5,2022,1,1,3,4,3,0,4,2,4,10,4,2,14,2,12,6,14,7
1974,2303,602140.5,3510793.5,2022,1,1,3,4,2,1,8,2,4,10,4,2,14,2,12,6,14,7
1958,2318,602185.5,3510841.5,2022,1,1,3,4,3,0,4,2,4,10,4,2,14,2,12,6,14,7
1959,2345,602266.5,3510838.5,2022,1,1,3,4,2,1,8,3,9,11,2,7,14,2,12,6,18,11
1956,2393,602410.5,3510847.5,2022,2,3,0,0,6,3,2,7,10,0,5,3,13,13,10,17,12,16
1963,2403,602440.5,3510826.5,2022,1,1,2,2,5,5,1,2,4,10,4,2,0,14,12,1,16,4
1965,2431,602524.5,3510820.5,2022,0,0,3,4,3,0,4,6,2,5,1,1,13,6,9,15,10,6
1967,2475,602656.5,3510814.5,2022,0,0,1,0,6,3,2,7,10,0,5,1,13,6,10,17,12,16
1970,2504,602743.5,3510805.5,2022,0,0,1,0,6,7,7,0,3,0,5,1,13,6,9,11,0,1
1959,2531,602824.5,3510838.5,2022,0,0,1,0,6,7,7,0,3,4,9,1,13,6,9,11,0,1
1957,2552,602887.5,3510844.5,2022,0,0,1,0,6,3,2,7,10,0,5,3,12,8,10,17,12,16
1963,2599,603028.5,3510826.5,2022,0,0,1,0,6,3,2,7,10,0,5,3,12,13,10,17,12,16
1970,2612,603067.5,3510805.5,2022,0,0,1,0,6,3,2,7,2,0,5,1,13,6,9,11,12,16
1960,2653,603190.5,3510835.5,2022,0,0,1,0,6,3,2,7,10,0,5,3,12,8,2,0,11,17
1976,2682,603277.5,3510787.5,2022,1,1,3,2,5,5,1,2,4,10,4,2,14,2,12,6,14,7
1959,2700,603331.5,3510838.5,2022,0,0,1,3,3,7,4,6,2,5,1,1,2,6,9,11,0,6
1953,2734,603433.5,3510856.5,2022,0,0,1,0,6,3,2,7,10,0,5,3,12,6,10,17,10,6
1967,2769,603538.5,3510814.5,2022,0,0,3,4,3,0,4,6,2,5,1,9,2,15,9,15,10,6
1955,2810,603661.5,3510850.5,2022,1,1,2,2,5,5,1,4,5,2,12,6,4,3,8,16,4,9
1964,2845,603766.5,3510823.5,2022,1,1,3,4,2,1,8,2,4,10,4,2,14,2,12,6,14,7
1954,2868,603835.5,3510853.5,2022,2,3,1,0,3,3,2,7,0,6,6,10,1,13,13,10,10,6
1964,2891,603904.5,3510823.5,2022,2,3,3,4,2,1,5,1,0,6,6,10,1,5,5,15,14,7
1964,2938,604045.5,3510823.5,2022,2,3,3,4,3,0,5,1,0,6,6,10,1,5,5,15,10,19
1974,2965,604126.5,3510793.5,2022,1,1,3,2,5,5,1,2,4,10,4,2,14,2,12,6,18,11
1972,2985,604186.5,3510799.5,2022,1,1,3,4,3,0,4,6,1,9,6,10,2,15,9,15,10,7
1964,3004,604243.5,3510823.5,2022,1,1,3,4,2,1,8,2,4,10,2,2,14,2,12,6,14,7
1977,3043,604360.5,3510784.5,2022,2,3,3,4,2,1,8,3,9,11,2,7,11,5,0,14,14,7
1958,3079,604468.5,3510841.5,2022,2,3,0,0,6,3,2,7,10,0,5,3,12,13,13,10,7,0
1960,3115,604576.5,3510835.5,2022,0,0,1,0,3,3,5,1,0,6,6,10,1,13,13,10,10,6
1962,3121,604594.5,3510829.5,2022,2,3,1,0,3,3,5,1,0,6,6,10,1,13,13,15,10,6
1951,3154,604693.5,3510862.5,2022,2,3,0,1,0,4,0,8,7,7,11,11,8,1,3,12,6,5
1977,3181,604774.5,3510784.5,2022,1,1,3,4,2,1,8,3,9,11,2,7,11,9,0,14,5,13
1954,3234,604933.5,3510853.5,2022,2,3,0,1,0,3,5,1,0,6,6,10,1,5,5,10,7,19
1967,3244,604963.5,3510814.5,2022,2,3,0,4,3,0,5,1,0,6,6,10,1,5,5,15,10,19
1954,3285,605086.5,3510853.5,2022,1,1,1,3,3,0,4,6,2,5,1,9,2,15,15,7,13,10
1957,3316,605179.5,3510844.5,2022,1,1,2,4,3,0,4,6,2,5,1,9,2,15,15,7,13,10
1952,3330,605221.5,3510859.5,2022,1,1,3,2,5,5,1,2,4,10,4,2,14,2,12,6,18,11
2003,4,595243.5,3510706.5,2022,2,3,0,0,6,3,2,7,10,0,5,3,12,13,10,17,12,16
1990,39,595348.5,3510745.5,2022,0,0,1,0,6,3,2,7,10,0,5,3,12,6,10,17,12,16
1999,68,595435.5,3510718.5,2022,2,3,0,0,0,3,2,7,10,6,6,10,1,13,10,17,12,16
2001,110,595561.5,3510712.5,2022,2,3,1,0,6,3,2,7,10,0,5,3,13,6,10,17,12,16
1991,130,595621.5,3510742.5,2022,2,3,0,0,0,3,2,7,10,6,6,10,1,13,10,17,12,16
1998,162,595717.5,3510721.5,2022,2,3,0,0,6,3,2,7,10,0,5,3,13,6,10,17,12,16
1989,202,595837.5,3510748.5,2022,0,0,1,0,6,3,2,7,10,0,5,1,13,6,10,17,12,16
1982,216,595879.5,3510769.5,2022,2,3,0,0,3,3,5,1,0,6,6,1,13,6,10,15,10,19
1996,243,595960.5,3510727.5,2022,0,0,1,0,3,3,4,7,2,5,1,1,13,6,9,11,10,6
1990,290,596101.5,3510745.5,2022,0,0,1,3,3,0,4,6,2,5,1,9,2,15,15,7,13,10
1984,300,596131.5,3510763.5,2022,0,0,1,3,3,0,4,6,2,5,1,9,2,15,15,7,13,10
1997,359,596308.5,3510724.5,2022,0,0,1,0,3,0,4,6,2,5,1,9,2,15,9,11,10,6
2007,384,596383.5,3510694.5,2022,1,1,2,3,3,0,4,6,2,5,1,9,2,15,15,7,13,10
1991,396,596419.5,3510742.5,2022,0,0,1,0,6,3,2,7,10,0,5,1,13,6,10,17,12,16
1999,440,596551.5,3510718.5,2022,0,0,1,3,3,0,4,6,2,5,1,9,2,15,15,7,13,10
1981,454,596593.5,3510772.5,2022,0,0,1,0,3,3,2,7,0,6,6,1,13,6,9,15,10,6
1985,489,596698.5,3510760.5,2022,1,1,3,4,3,0,4,6,1,9,0,5,10,12,1,4,1,2
1992,521,596794.5,3510739.5,2022,2,3,0,1,0,4,5,1,0,6,6,10,1,5,5,12,6,19
2003,559,596908.5,3510706.5,2022,2,3,0,1,0,4,5,1,0,6,6,10,1,5,5,12,6,19
1982,579,596968.5,3510769.5,2022,2,3,0,1,0,4,0,8,7,8,8,0,7,11,16,12,2,5
1996,607,597052.5,3510727.5,2022,2,3,0,1,0,4,5,1,0,6,6,10,1,5,5,12,6,19
1997,646,597169.5,3510724.5,2022,1,1,3,4,3,0,4,6,1,9,0,5,10,12,1,4,1,2
1985,685,597286.5,3510760.5,2022,2,3,0,1,0,4,0,8,7,8,8,0,7,11,3,12,6,5
1981,699,597328.5,3510772.5,2022,2,3,0,1,0,4,5,8,7,6,6,10,1,5,5,12,6,5
2008,732,597427.5,3510691.5,2022,2,3,0,1,0,4,5,1,0,6,6,10,1,5,5,12,6,19
1988,750,597481.5,3510751.5,2022,2,3,0,1,0,4,0,8,7,7,11,0,8,11,3,13,2,5
2005,794,597613.5,3510700.5,2022,2,3,0,1,0,4,0,8,7,8,8,0,7,11,16,12,6,5
2003,826,597709.5,3510706.5,2022,2,3,0,1,0,4,5,1,0,6,6,10,1,5,5,12,6,5
1982,846,597769.5,3510769.5,2022,2,3,0,1,0,4,0,8,7,8,8,0,7,11,16,12,6,5
1994,888,597895.5,3510733.5,2022,0,0,1,0,3,0,4,6,2,5,1,9,2,15,9,11,10,6
1998,918,597985.5,3510721.5,2022,0,0,1,0,3,3,2,7,10,0,5,1,13,6,10,17,10,6
1988,935,598036.5,3510751.5,2022,2,3,0,1,3,3,5,1,0,6,6,10,1,5,5,15,6,19
1980,961,598114.5,3510775.5,2022,2,3,0,4,3,0,5,6,1,9,0,5,10,12,1,4,1,2
2002,1012,598267.5,3510709.5,2022,0,0,1,4,3,0,4,6,1,9,0,5,10,12,1,4,10,2
2000,1049,598378.5,3510715.5,2022,2,3,0,1,3,0,5,1,0,6,6,10,1,5,5,15,6,19
2006,1056,598399.5,3510697.5,2022,2,3,0,1,0,4,0,8,7,8,8,0,7,11,16,3,8,5
1983,1082,598477.5,3510766.5,2022,2,3,0,1,0,4,0,8,7,8,8,0,7,11,16,12,8,5
1994,1132,598627.5,3510733.5,2022,0,0,1,0,3,0,4,6,2,5,1,1,13,6,9,11,10,6
2003,1152,598687.5,3510706.5,2022,2,3,0,1,0,4,0,8,7,8,8,0,7,11,16,12,6,5
1995,1170,598741.5,3510730.5,2022,2,3,0,1,0,4,5,1,0,8,8,0,1,5,5,12,6,5
2006,1228,598915.5,3510697.5,2022,2,3,0,1,0,4,0,8,7,8,8,0,7,11,16,3,8,5
1984,1232,598927.5,3510763.5,2022,2,3,0,1,0,3,5,1,0,6,11,10,1,5,5,15,6,19
1991,1270,599041.5,3510742.5,2022,2,3,0,1,0,4,0,8,7,8,8,0,7,11,16,3,8,8
2009,1311,599164.5,3510688.5,2022,0,0,1,3,3,0,4,6,2,5,1,1,13,6,9,11,0,1
1989,1337,599242.5,3510748.5,2022,2,3,0,1,0,4,0,8,7,7,11,11,8,1,3,13,2,18
2008,1375,599356.5,3510691.5,2022,2,3,0,1,3,3,5,1,0,6,6,10,1,5,5,15,6,19
1993,1399,599428.5,3510736.5,2022,0,0,1,0,3,3,4,7,2,5,1,1,13,6,9,11,10,6
2003,1421,599494.5,3510706.5,2022,0,0,2,3,1,2,4,6,2,5,1,9,2,15,15,7,13,10
2006,1451,599584.5,3510697.5,2022,2,3,0,4,3,0,5,1,1,9,0,5,10,12,1,4,1,2
1982,1476,599659.5,3510769.5,2022,2,3,0,4,3,0,5,1,0,6,6,10,1,5,5,15,1,19
2003,1504,599743.5,3510706.5,2022,1,1,3,4,2,0,8,2,1,9,0,5,10,12,1,4,1,2
2002,1541,599854.5,3510709.5,2022,0,0,3,4,3,0,4,6,1,9,0,5,10,12,1,4,1,2
1999,1577,599962.5,3510718.5,2022,2,1,3,4,2,1,8,2,4,10,4,2,14,2,12,6,14,7
1987,1604,600043.5,3510754.5,2022,0,0,1,0,6,3,2,7,10,0,5,1,13,6,10,17,12,16
1998,1638,600145.5,3510721.5,2022,0,0,1,0,6,7,2,7,10,0,5,1,13,6,10,17,12,16
2009,1658,600205.5,3510688.5,2022,0,0,1,0,6,7,7,0,2,5,1,1,13,6,9,11,0,1
2007,1686,600289.5,3510694.5,2022,0,0,1,3,3,0,4,6,2,5,1,1,2,6,9,11,0,6
1996,1726,600409.5,3510727.5,2022,0,0,1,0,6,7,4,0,2,5,1,1,13,6,9,11,0,1
1988,1759,600508.5,3510751.5,2022,0,0,1,0,6,7,4,0,2,5,1,1,13,6,9,11,0,1
1984,1779,600568.5,3510763.5,2022,1,1,2,2,5,5,4,2,4,10,4,2,0,14,7,1,16,4
2006,1814,600673.5,3510697.5,2022,0,0,1,3,1,0,4,6,2,5,1,9,2,15,9,11,0,1
1999,1843,600760.5,3510718.5,2022,0,1,3,4,3,0,4,6,1,5,1,9,10,15,9,4,1,2
1980,1869,600838.5,3510775.5,2022,0,1,3,4,3,0,4,6,2,5,1,9,2,15,9,11,0,1
2002,1908,600955.5,3510709.5,2022,0,1,1,4,3,0,4,2,2,5,1,1,13,6,9,11,0,7
1999,1925,601006.5,3510718.5,2022,0,0,1,0,3,3,4,1,2,5,6,1,13,6,9,11,12,1
1994,1957,601102.5,3510733.5,2022,1,1,2,2,5,0,4,6,1,5,1,9,2,15,15,7,13,10
2005,1984,601183.5,3510700.5,2022,0,0,1,3,1,7,7,0,2,5,1,1,13,6,9,11,0,1
2008,2011,601264.5,3510691.5,2022,0,0,1,0,6,7,4,0,2,5,1,1,13,6,9,11,0,1
1983,2065,601426.5,3510766.5,2022,0,0,1,3,1,2,4,6,2,5,1,9,2,15,6,11,0,1
1993,2081,601474.5,3510736.5,2022,0,0,1,3,6,7,7,0,2,4,9,8,9,0,6,11,0,1
1989,2100,601531.5,3510748.5,2022,1,1,2,2,5,5,1,4,5,2,12,6,0,14,7,1,16,4
1987,2150,601681.5,3510754.5,2022,0,0,1,0,6,7,7,0,2,5,1,1,13,6,9,11,0,1
2009,2172,601747.5,3510688.5,2022,1,1,3,2,2,5,1,2,4,10,4,2,14,2,12,6,14,11
1999,2208,601855.5,3510718.5,2022,1,2,4,5,4,6,3,5,6,3,7,12,6,7,11,2,3,15
2004,2247,601972.5,3510703.5,2022,0,0,1,0,3,0,4,1,2,5,6,1,13,6,9,15,10,6
1981,2252,601987.5,3510772.5,2022,1,1,2,2,5,5,1,4,5,2,12,6,4,3,8,16,18,4
1991,2284,602083.5,3510742.5,2022,1,1,2,3,3,0,4,6,2,5,1,9,2,15,9,11,13,10
2005,2313,602170.5,3510700.5,2022,0,0,1,0,3,0,4,6,2,5,1,9,2,15,9,15,10,6
1985,2346,602269.5,3510760.5,2022,0,0,1,4,3,0,4,6,2,5,1,1,2,6,9,15,10,6
2006,2386,602389.5,3510697.5,2022,0,0,1,0,6,7,7,0,3,4,9,1,9,8,2,11,0,1
1998,2416,602479.5,3510721.5,2022,0,0,1,3,6,7,7,0,2,5,1,1,9,0,9,11,0,1
1989,2441,602554.5,3510748.5,2022,0,0,1,3,6,7,7,0,2,5,1,1,13,6,9,11,0,1
2001,2472,602647.5,3510712.5,2022,2,3,3,4,3,0,5,1,0,6,6,1,13,6,9,15,10,19
2006,2508,602755.5,3510697.5,2022,2,3,1,0,6,3,2,7,10,6,6,1,13,6,10,17,12,16
1991,2538,602845.5,3510742.5,2022,0,0,1,0,6,7,2,7,2,0,5,1,13,6,9,11,0,6
1993,2560,602911.5,3510736.5,2022,0,0,1,0,6,7,2,7,10,0,5,3,12,13,2,0,11,6
2005,2606,603049.5,3510700.5,2022,0,0,1,0,6,3,2,7,2,0,5,1,13,6,9,11,10,6
1981,2623,603100.5,3510772.5,2022,0,0,1,0,6,3,2,7,10,0,5,3,12,8,10,17,11,16
2008,2646,603169.5,3510691.5,2022,0,0,1,0,6,7,2,7,10,0,5,3,12,13,13,10,10,6
1989,2692,603307.5,3510748.5,2022,0,0,1,3,1,2,6,9,8,1,10,8,5,0,6,8,15,12
1996,2723,603400.5,3510727.5,2022,0,0,1,0,6,3,2,7,10,0,5,3,12,13,13,10,10,6
1981,2751,603484.5,3510772.5,2022,2,3,3,4,3,0,5,1,0,6,6,10,1,5,5,15,10,7
2005,2786,603589.5,3510700.5,2022,2,3,0,1,0,3,5,1,0,6,6,10,1,5,5,15,12,19
2005,2793,603610.5,3510700.5,2022,2,3,0,1,0,4,0,8,0,7,11,11,8,5,5,12,6,19
2003,2849,603778.5,3510706.5,2022,1,1,3,4,2,1,8,3,9,11,2,7,14,2,12,6,14,11
1980,2853,603790.5,3510775.5,2022,1,1,3,4,2,1,8,2,4,10,4,2,14,2,12,6,14,7
1994,2883,603880.5,3510733.5,2022,1,1,3,4,2,1,8,3,9,11,2,2,14,2,12,6,18,11
2001,2925,604006.5,3510712.5,2022,1,1,3,4,2,1,8,2,4,10,4,2,14,2,12,6,14,7
2004,2962,604117.5,3510703.5,2022,2,0,1,0,6,3,2,7,10,0,5,3,12,13,10,17,12,16
1990,2990,604201.5,3510745.5,2022,2,3,0,1,0,4,5,1,0,6,6,10,1,5,5,15,6,19
2006,3021,604294.5,3510697.5,2022,2,3,0,1,0,4,5,1,0,6,6,10,1,5,5,12,6,19
1990,3045,604366.5,3510745.5,2022,2,3,0,1,0,4,5,1,0,6,6,10,1,5,5,12,6,19
1983,3072,604447.5,3510766.5,2022,1,1,3,4,3,0,4,6,2,5,1,9,2,15,9,15,10,6
1982,3095,604516.5,3510769.5,2022,2,3,0,1,0,4,5,1,0,6,6,10,1,13,13,10,7,0
1999,3135,604636.5,3510718.5,2022,2,3,0,1,0,4,0,8,7,8,8,0,7,11,16,13,2,18
2000,3168,604735.5,3510715.5,2022,2,3,0,1,3,3,5,1,0,6,6,10,1,5,5,15,6,19
2009,3205,604846.5,3510688.5,2022,2,3,0,1,0,4,0,8,7,7,8,11,8,1,3,13,2,18
1999,3230,604921.5,3510718.5,2022,1,1,3,4,2,1,8,3,9,11,2,7,14,2,12,6,14,11
1998,3257,605002.5,3510721.5,2022,2,3,3,4,3,0,5,1,0,6,6,10,1,5,5,15,10,19
2009,3296,605119.5,3510688.5,2022,2,3,0,4,3,0,5,1,0,6,6,10,1,5,5,15,6,19
1987,3305,605146.5,3510754.5,2022,2,3,3,4,3,0,5,1,0,6,6,10,1,5,5,15,10,19
1999,3330,605221.5,3510718.5,2022,2,3,0,1,0,4,5,1,0,6,6,10,1,5,5,12,6,5
2014,27,595312.5,3510673.5,2022,2,3,0,1,0,3,5,1,0,7,11,11,8,1,3,13,12,19
2028,41,595354.5,3510631.5,2022,2,3,0,0,6,3,2,7,10,0,5,3,13,6,10,17,12,16
2022,85,595486.5,3510649.5,2022,2,3,0,0,6,3,2,7,10,0,5,3,12,6,10,17,12,16
2014,94,595513.5,3510673.5,2022,2,3,1,0,6,3,2,7,10,0,5,1,13,6,10,17,12,16
2019,142,595657.5,3510658.5,2022,2,3,0,0,6,3,2,7,10,0,11,11,8,1,10,17,12,16
2027,169,595738.5,3510634.5,2022,0,0,1,0,6,3,2,7,10,0,5,1,13,6,10,17,12,16
2018,190,595801.5,3510661.5,2022,0,0,1,0,3,3,4,7,2,5,1,1,13,6,9,11,0,1
2028,230,595921.5,3510631.5,2022,0,0,1,0,6,7,4,6,2,5,1,9,2,15,9,11,10,6
2034,264,596023.5,3510613.5,2022,0,0,1,0,3,0,4,6,2,5,1,1,13,6,9,11,10,6
2030,278,596065.5,3510625.5,2022,2,3,1,4,3,0,4,6,2,6,6,10,1,5,9,15,10,6
2037,327,596212.5,3510604.5,2022,0,0,2,3,3,0,4,6,2,5,1,9,2,15,15,7,13,10
2015,334,596233.5,3510670.5,2022,1,1,2,2,5,0,4,6,1,9,0,9,2,15,15,7,13,10
2013,362,596317.5,3510676.5,2022,0,0,1,0,6,7,7,0,2,5,1,1,13,6,9,11,0,6
2016,390,596401.5,3510667.5,2022,0,0,1,0,3,0,4,6,2,5,1,9,2,15,15,7,10,6
2018,430,596521.5,3510661.5,2022,2,0,1,0,3,0,5,1,0,6,6,10,1,6,9,15,10,6
2019,476,596659.5,3510658.5,2022,0,0,1,4,3,0,4,6,2,5,1,9,2,15,15,7,10,6
2026,502,596737.5,3510637.5,2022,2,3,0,1,0,4,5,1,0,6,6,10,1,5,5,12,6,19
2035,534,596833.5,3510610.5,2022,2,3,0,1,0,4,5,1,0,8,8,10,1,5,5,12,6,5
2037,567,596932.5,3510604.5,2022,2,3,0,4,3,0,5,1,0,6,6,10,1,5,5,12,6,19
2038,585,596986.5,3510601.5,2022,2,3,0,1,0,4,0,8,7,8,8,0,7,11,16,12,6,5
2022,620,597091.5,3510649.5,2022,2,3,0,1,0,4,0,8,7,8,8,0,7,11,16,12,6,5
2011,651,597184.5,3510682.5,2022,1,1,3,4,3,0,4,6,1,9,0,5,10,12,1,4,1,2
2010,662,597217.5,3510685.5,2022,2,3,0,1,0,3,5,1,0,6,6,10,1,5,5,15,6,19
2034,694,597313.5,3510613.5,2022,2,3,0,1,0,4,5,1,0,6,6,10,1,5,5,12,6,5
2013,730,597421.5,3510676.5,2022,2,3,0,1,0,4,0,8,7,7,11,0,8,1,3,12,2,5
2024,752,597487.5,3510643.5,2022,2,3,0,1,0,4,0,8,7,7,11,11,8,1,3,13,2,18
2020,793,597610.5,3510655.5,2022,2,3,0,1,0,4,5,1,1,9,0,5,10,12,1,4,1,2
2025,820,597691.5,3510640.5,2022,2,3,0,1,3,4,5,1,0,6,6,10,1,5,5,12,6,19
2019,860,597811.5,3510658.5,2022,2,3,0,0,3,3,5,1,0,6,6,10,1,5,5,15,12,19
2024,877,597862.5,3510643.5,2022,0,0,1,0,6,3,2,7,10,0,5,3,13,6,10,17,12,6
2014,925,598006.5,3510673.5,2022,0,0,1,0,3,0,4,6,2,5,1,1,13,6,9,11,10,6
2016,935,598036.5,3510667.5,2022,0,0,1,0,3,0,4,6,2,5,1,1,13,6,9,11,10,6
2033,961,598114.5,3510616.5,2022,0,0,1,0,3,0,4,6,2,5,1,1,13,6,9,11,10,6
2027,1004,598243.5,3510634.5,2022,2,3,3,4,3,0,4,6,1,9,0,5,10,12,1,4,1,2
2030,1040,598351.5,3510625.5,2022,2,3,0,1,0,4,5,1,7,8,8,0,7,11,16,12,6,5
2034,1075,598456.5,3510613.5,2022,2,3,0,0,3,0,5,1,0,6,6,10,1,5,5,15,10,19
2032,1085,598486.5,3510619.5,2022,2,3,0,4,3,0,5,1,0,6,6,10,1,5,5,15,6,19
2019,1122,598597.5,3510658.5,2022,2,3,0,1,3,3,5,1,0,6,6,10,1,5,5,15,12,19
2021,1152,598687.5,3510652.5,2022,2,3,0,1,0,4,0,8,7,8,8,0,7,11,16,3,8,5
2023,1173,598750.5,3510646.5,2022,2,3,0,1,0,4,0,8,7,8,8,0,7,11,16,3,8,8
2025,1204,598843.5,3510640.5,2022,2,3,0,1,0,4,0,8,7,8,8,0,7,11,16,12,2,5
2026,1247,598972.5,3510637.5,2022,2,3,0,1,0,4,0,8,7,8,8,0,7,11,16,12,8,5
2012,1282,599077.5,3510679.5,2022,2,3,0,1,0,4,0,8,7,8,8,0,7,11,16,3,8,5
2030,1296,599119.5,3510625.5,2022,2,3,3,4,2,1,8,3,9,11,2,7,11,9,0,14,5,13
2010,1322,599197.5,3510685.5,2022,1,2,4,5,4,6,3,5,6,3,7,12,6,7,11,2,3,15
2032,1377,599362.5,3510619.5,2022,2,3,0,1,0,4,0,8,7,8,8,0,7,11,16,12,6,5
2020,1387,599392.5,3510655.5,2022,2,3,0,4,3,3,5,1,0,6,6,10,1,5,5,15,10,19
2030,1432,599527.5,3510625.5,2022,1,1,3,4,3,0,4,6,1,9,0,5,10,12,1,4,1,2
2023,1464,599623.5,3510646.5,2022,1,1,3,4,3,0,4,6,1,9,0,5,10,12,1,4,1,2
2012,1475,599656.5,3510679.5,2022,0,0,1,4,3,0,4,6,2,5,1,1,13,6,9,15,10,6
2018,1509,599758.5,3510661.5,2022,1,1,3,4,2,1,8,2,1,9,0,5,10,12,1,4,1,2
2032,1556,599899.5,3510619.5,2022,1,1,2,2,5,0,4,6,4,5,1,9,0,14,7,1,16,1
2025,1569,599938.5,3510640.5,2022,0,0,1,0,3,0,4,6,2,5,1,1,13,6,9,11,0,1
2030,1603,600040.5,3510625.5,2022,0,0,1,0,6,7,7,0,3,4,9,8,9,8,2,0,11,17
2024,1621,600094.5,3510643.5,2022,2,3,0,0,6,3,2,7,10,0,5,3,12,1,10,17,12,16
2030,1678,600265.5,3510625.5,2022,2,3,0,0,6,3,2,7,10,0,5,3,12,13,10,17,12,16
2025,1689,600298.5,3510640.5,2022,0,0,1,0,6,3,2,7,10,0,5,1,13,6,10,17,12,16
2036,1735,600436.5,3510607.5,2022,1,1,3,2,5,5,1,4,5,2,12,6,4,3,8,16,18,11
2036,1757,600502.5,3510607.5,2022,0,0,1,0,6,3,2,7,10,0,5,1,13,6,10,17,12,16
2034,1792,600607.5,3510613.5,2022,2,3,0,1,0,3,2,7,10,7,11,11,8,1,3,13,12,18
2026,1817,600682.5,3510637.5,2022,1,2,4,5,4,6,3,5,6,3,7,4,6,7,11,5,3,3
2020,1845,600766.5,3510655.5,2022,0,1,3,4,3,0,4,6,1,9,0,9,2,15,15,7,13,2
2017,1871,600844.5,3510664.5,2022,1,1,3,2,5,5,1,2,4,10,4,2,0,14,12,6,14,7
2039,1908,600955.5,3510598.5,2022,0,0,1,3,1,0,4,6,2,5,1,9,2,15,15,7,13,6
2022,1937,601042.5,3510649.5,2022,2,3,0,1,3,3,5,1,0,6,6,10,1,5,5,15,6,19
2026,1969,601138.5,3510637.5,2022,2,3,1,0,3,0,5,1,0,6,6,10,13,6,9,15,10,6
2029,2004,601243.5,3510628.5,2022,0,0,1,3,3,0,4,6,2,5,1,9,2,6,9,11,0,1
2021,2027,601312.5,3510652.5,2022,0,0,1,0,3,3,5,1,2,6,6,1,13,6,9,15,10,6
2032,2068,601435.5,3510619.5,2022,1,1,2,3,1,2,4,6,2,5,1,9,0,14,7,1,16,4
2017,2083,601480.5,3510664.5,2022,0,1,2,3,1,2,6,9,8,1,10,9,0,14,7,1,0,1
2018,2121,601594.5,3510661.5,2022,0,0,1,3,6,7,7,0,2,5,9,1,13,0,9,11,0,1
2014,2157,601702.5,3510673.5,2022,1,2,4,5,4,6,3,5,6,3,3,4,3,4,4,5,17,3
2020,2168,601735.5,3510655.5,2022,1,2,4,5,4,6,3,5,6,3,3,4,3,4,4,5,17,3
2014,2201,601834.5,3510673.5,2022,1,1,2,2,5,5,1,4,5,2,12,6,4,3,8,16,4,9
2012,2229,601918.5,3510679.5,2022,1,1,3,2,5,5,1,2,4,10,4,2,14,14,12,6,16,4
2024,2270,602041.5,3510643.5,2022,2,0,1,0,3,3,2,1,0,6,6,10,13,6,9,15,10,6
2032,2285,602086.5,3510619.5,2022,2,3,3,4,3,0,5,1,0,6,6,1,13,6,9,15,14,7
2021,2326,602209.5,3510652.5,2022,0,0,1,0,3,0,4,1,2,6,6,1,13,6,9,15,10,6
2019,2341,602254.5,3510658.5,2022,0,0,1,0,6,7,7,0,2,5,1,1,13,6,9,11,0,1
2039,2376,602359.5,3510598.5,2022,0,0,1,0,6,7,2,7,10,0,5,1,13,6,10,17,12,16
2019,2401,602434.5,3510658.5,2022,0,0,1,0,6,3,2,7,10,0,5,3,12,8,10,17,11,16
2035,2435,602536.5,3510610.5,2022,1,1,3,4,3,0,4,2,4,10,4,2,14,2,12,6,14,7
2011,2472,602647.5,3510682.5,2022,0,0,1,0,6,3,2,7,2,0,5,1,13,6,9,11,10,6
2028,2508,602755.5,3510631.5,2022,0,0,1,0,6,7,2,7,10,0,5,1,13,6,10,11,11,6
2022,2536,602839.5,3510649.5,2022,0,0,1,0,6,3,2,7,10,0,5,3,12,8,10,17,12,16
2016,2565,602926.5,3510667.5,2022,0,0,1,0,6,3,2,7,10,0,5,3,12,8,2,0,11,17
2023,2607,603052.5,3510646.5,2022,2,3,0,0,3,3,5,1,0,6,6,10,1,6,5,15,10,6
2031,2630,603121.5,3510622.5,2022,2,3,0,0,6,3,2,7,10,0,5,3,12,13,13,10,7,0
2030,2660,603211.5,3510625.5,2022,0,0,1,0,6,7,2,7,10,0,5,3,13,8,2,0,11,17
2015,2688,603295.5,3510670.5,2022,0,0,1,0,3,3,4,7,2,5,1,1,13,6,9,11,0,1
2015,2718,603385.5,3510670.5,2022,0,0,1,0,6,3,2,7,10,0,5,1,13,6,10,17,12,16
2012,2751,603484.5,3510679.5,2022,0,0,1,0,6,7,7,0,3,4,9,8,9,0,2,11,11,6
2019,2782,603577.5,3510658.5,2022,0,0,1,0,3,0,4,6,2,5,1,1,13,6,9,11,0,6
2027,2808,603655.5,3510634.5,2022,1,1,3,4,3,0,4,2,4,10,4,2,14,2,12,6,14,7
2035,2833,603730.5,3510610.5,2022,1,1,2,2,5,5,1,2,4,10,4,2,14,2,12,6,18,11
2020,2866,603829.5,3510655.5,2022,1,1,3,4,5,0,4,2,4,10,4,2,14,2,12,6,18,11
2025,2902,603937.5,3510640.5,2022,1,1,3,4,2,1,8,2,4,10,2,2,14,2,12,6,14,7
2032,2917,603982.5,3510619.5,2022,2,3,0,1,0,4,5,1,0,6,6,11,8,5,5,15,6,19
2020,2966,604129.5,3510655.5,2022,2,3,0,1,3,3,5,1,0,6,6,10,1,5,5,15,10,19
2019,2974,604153.5,3510658.5,2022,2,3,0,1,0,3,5,1,0,6,6,10,1,5,5,15,6,19
2025,3022,604297.5,3510640.5,2022,2,3,0,1,0,3,5,1,0,6,6,10,1,13,13,10,7,0
2033,3048,604375.5,3510616.5,2022,2,3,0,4,3,0,5,1,0,6,6,10,1,5,5,15,6,19
2025,3075,604456.5,3510640.5,2022,2,3,3,4,2,1,8,3,9,11,2,7,11,9,0,14,5,13
2014,3118,604585.5,3510673.5,2022,2,3,0,1,0,4,0,8,7,8,8,0,7,11,16,12,2,5
2038,3123,604600.5,3510601.5,2022,2,3,0,1,0,4,0,8,7,8,8,0,7,11,16,12,8,5
2039,3178,604765.5,3510598.5,2022,2,3,3,4,2,1,8,1,9,11,2,7,1,5,5,12,6,19
2012,3201,604834.5,3510679.5,2022,2,3,0,1,0,4,0,8,7,8,8,0,7,11,16,13,2,18
2022,3215,604876.5,3510649.5,2022,2,3,0,1,0,4,0,8,7,8,8,0,7,11,16,12,6,5
2030,3256,604999.5,3510625.5,2022,2,3,3,4,2,1,8,3,9,11,2,7,11,9,0,14,5,13
2022,3284,605083.5,3510649.5,2022,1,1,3,4,5,5,1,2,4,10,4,2,14,2,12,6,18,11
2016,3329,605218.5,3510667.5,2022,2,3,0,1,0,4,5,1,0,6,6,10,1,5,5,12,6,5
2030,3330,605221.5,3510625.5,2022,2,3,0,1,0,4,5,1,0,6,6,10,1,5,5,12,6,5
2056,2,595237.5,3510547.5,2022,2,0,1,0,6,3,2,7,10,0,5,3,12,8,10,17,12,16
2041,34,595333.5,3510592.5,2022,2,3,0,0,6,3,2,7,10,0,5,3,12,1,10,17,12,16
2065,73,595450.5,3510520.5,2022,0,0,1,0,6,3,2,7,10,0,5,3,12,8,10,17,12,16
2040,92,595507.5,3510595.5,2022,2,3,0,0,6,3,2,7,10,0,5,1,13,6,10,17,12,16
2054,147,595672.5,3510553.5,2022,0,0,1,0,6,3,2,7,10,0,5,1,13,6,10,17,12,16
2047,162,595717.5,3510574.5,2022,0,0,1,0,6,3,2,7,10,0,5,1,13,6,10,17,12,16
2046,197,595822.5,3510577.5,2022,0,0,1,3,1,7,4,6,2,5,1,9,2,15,9,11,0,6
2065,236,595939.5,3510520.5,2022,0,0,1,3,1,0,4,6,2,5,1,9,2,15,15,7,13,10
2057,256,595999.5,3510544.5,2022,0,0,1,0,3,0,4,6,2,5,1,1,13,6,9,15,10,6
2043,295,596116.5,3510586.5,2022,0,0,1,0,3,0,4,6,2,5,1,1,13,6,9,11,0,1
2040,329,596218.5,3510595.5,2022,0,0,1,3,3,0,4,6,2,5,1,9,2,15,9,7,10,6
2064,354,596293.5,3510523.5,2022,0,0,1,3,1,0,4,6,2,5,1,9,2,15,9,11,13,10
2050,375,596356.5,3510565.5,2022,0,0,1,3,3,0,4,6,2,5,1,9,2,15,9,11,0,6
2053,396,596419.5,3510556.5,2022,2,3,1,0,3,3,2,7,0,6,6,10,1,13,13,15,10,6
2049,431,596524.5,3510568.5,2022,2,3,0,0,3,3,5,1,0,6,6,10,1,5,5,15,10,19
2065,451,596584.5,3510520.5,2022,2,3,0,0,3,3,2,1,0,6,6,10,13,6,10,15,12,16
2047,496,596719.5,3510574.5,2022,1,1,3,4,3,0,4,6,1,9,1,9,2,15,15,7,10,10
2067,510,596761.5,3510514.5,2022,0,0,1,0,3,0,4,6,2,5,1,9,2,15,15,7,10,6
2063,555,596896.5,3510526.5,2022,0,0,1,0,3,0,4,6,2,5,1,9,2,15,9,11,10,6
2044,594,597013.5,3510583.5,2022,2,3,0,1,0,4,5,1,0,6,6,10,1,5,5,12,6,5
2043,608,597055.5,3510586.5,2022,2,3,0,1,0,4,0,8,7,7,11,11,8,1,3,13,2,18
2052,635,597136.5,3510559.5,2022,2,3,0,1,0,4,0,8,7,8,8,0,7,5,5,12,6,5
2044,678,597265.5,3510583.5,2022,2,3,0,1,0,4,0,8,7,8,8,0,1,5,5,12,6,5
2048,713,597370.5,3510571.5,2022,2,3,0,1,0,3,0,8,10,7,11,11,8,1,3,13,2,18
2057,723,597400.5,3510544.5,2022,2,3,0,4,3,0,5,1,0,6,6,10,1,5,5,12,6,19
2050,769,597538.5,3510565.5,2022,2,3,0,4,3,0,5,1,0,6,6,10,1,5,5,15,1,19
2063,805,597646.5,3510526.5,2022,0,0,1,0,3,0,4,6,2,6,6,1,13,6,9,15,10,6
2059,817,597682.5,3510538.5,2022,2,3,0,0,3,3,5,1,0,6,6,10,1,5,5,15,10,19
2049,853,597790.5,3510568.5,2022,0,0,1,0,3,0,5,1,2,6,6,1,13,6,9,15,10,6
2060,877,597862.5,3510535.5,2022,2,3,0,4,3,0,5,1,0,6,6,10,1,5,5,15,10,19
2058,907,597952.5,3510541.5,2022,2,3,0,1,0,4,5,1,0,7,11,11,8,1,3,13,6,18
2067,950,598081.5,3510514.5,2022,2,3,0,1,0,4,0,8,7,7,11,11,8,1,3,13,2,18
2045,974,598153.5,3510580.5,2022,0,0,1,3,3,0,4,6,1,9,0,5,10,12,1,4,1,2
2056,997,598222.5,3510547.5,2022,2,3,0,4,3,0,5,1,0,6,6,10,1,5,5,15,10,19
2063,1034,598333.5,3510526.5,2022,2,0,1,0,3,3,2,1,0,6,6,1,13,6,9,15,10,6
2054,1065,598426.5,3510553.5,2022,2,3,0,0,3,3,5,1,0,6,6,10,1,6,5,15,10,19
2042,1108,598555.5,3510589.5,2022,2,3,0,1,0,4,5,8,7,8,8,0,1,5,5,12,6,5
2050,1117,598582.5,3510565.5,2022,1,2,4,5,4,6,3,5,6,3,3,4,3,4,4,5,17,3
2045,1140,598651.5,3510580.5,2022,2,3,0,1,0,4,0,8,7,8,8,0,7,11,16,12,6,5
2053,1177,598762.5,3510556.5,2022,2,3,0,1,0,4,0,8,7,8,8,0,7,11,16,3,8,5
2066,1227,598912.5,3510517.5,2022,2,3,0,1,0,4,0,8,7,8,8,0,7,11,16,3,8,8
2063,1244,598963.5,3510526.5,2022,2,3,0,1,0,4,0,8,7,8,8,0,7,11,16,12,6,5
2063,1263,599020.5,3510526.5,2022,1,1,3,4,3,0,5,6,1,9,0,5,10,12,1,4,1,2
2043,1294,599113.5,3510586.5,2022,2,3,3,4,2,1,8,3,9,9,0,5,10,12,1,4,1,2
2061,1329,599218.5,3510532.5,2022,2,3,0,1,0,4,0,8,7,8,8,0,7,11,3,13,2,18
2046,1358,599305.5,3510577.5,2022,2,3,0,1,0,4,0,8,7,7,11,11,8,1,3,12,2,5
2061,1394,599413.5,3510532.5,2022,2,3,0,1,3,3,5,1,0,6,6,10,1,5,5,15,6,19
2058,1411,599464.5,3510541.5,2022,2,3,0,4,3,0,5,1,1,9,0,5,10,12,1,4,1,2
2042,1444,599563.5,3510589.5,2022,0,1,3,4,3,0,4,6,1,9,0,5,10,12,1,4,1,2
2066,1498,599725.5,3510517.5,2022,2,3,0,0,3,3,5,1,0,6,6,1,13,6,10,15,12,16
2068,1508,599755.5,3510511.5,2022,2,3,3,4,2,1,8,3,9,11,2,7,11,9,0,14,5,13
2062,1547,599872.5,3510529.5,2022,1,1,3,2,5,5,1,2,4,10,4,2,0,14,12,6,18,4
2053,1563,599920.5,3510556.5,2022,0,0,1,3,3,0,4,6,2,5,1,5,10,12,9,4,1,2
2068,1591,600004.5,3510511.5,2022,0,0,1,0,3,3,2,7,2,6,6,1,13,6,10,17,12,16
2069,1643,600160.5,3510508.5,2022,2,3,0,4,3,4,5,1,0,6,6,10,1,5,5,15,6,19
2053,1659,600208.5,3510556.5,2022,2,3,0,0,0,3,5,1,0,6,6,11,13,1,10,17,12,16
2045,1686,600289.5,3510580.5,2022,1,1,3,4,2,1,8,2,4,10,4,2,14,2,12,6,14,7
2046,1720,600391.5,3510577.5,2022,0,0,1,4,3,0,4,6,1,9,0,5,10,15,1,4,1,2
2065,1755,600496.5,3510520.5,2022,2,3,0,4,3,0,5,1,0,6,6,10,13,6,5,15,10,19
2061,1792,600607.5,3510532.5,2022,0,0,3,4,3,0,4,6,2,5,1,1,13,6,9,15,10,7
2048,1813,600670.5,3510571.5,2022,0,0,1,0,3,0,4,6,2,5,1,9,2,15,15,7,13,10
2051,1833,600730.5,3510562.5,2022,0,0,1,0,3,0,4,6,2,5,1,1,13,6,9,11,10,6
2058,1884,600883.5,3510541.5,2022,1,1,3,4,3,0,4,6,1,9,0,5,10,12,1,4,1,2
2056,1901,600934.5,3510547.5,2022,0,1,2,3,3,0,4,6,1,9,0,5,10,12,1,4,1,2
2048,1926,601009.5,3510571.5,2022,0,1,2,3,1,0,4,6,2,5,1,9,2,15,15,7,13,10
2054,1973,601150.5,3510553.5,2022,0,0,1,3,3,0,4,6,2,5,1,9,2,15,9,11,0,6
2061,2008,601255.5,3510532.5,2022,0,0,1,0,3,0,4,6,2,5,1,1,13,6,9,11,0,1
2045,2014,601273.5,3510580.5,2022,0,0,1,3,3,0,4,6,2,5,1,9,2,15,15,7,13,10
2067,2054,601393.5,3510514.5,2022,1,1,2,2,5,5,4,2,4,10,4,2,0,14,7,1,16,4
2058,2086,601489.5,3510541.5,2022,0,0,1,0,6,7,2,7,2,5,1,1,13,6,9,11,0,1
2041,2108,601555.5,3510592.5,2022,0,0,1,3,3,0,4,6,2,5,1,1,2,6,9,11,0,1
2069,2141,601654.5,3510508.5,2022,1,2,4,5,4,6,3,5,6,3,3,4,3,4,4,5,17,3
2040,2167,601732.5,3510595.5,2022,1,1,2,2,5,5,1,2,4,10,4,2,0,14,7,1,16,4
2049,2219,601888.5,3510568.5,2022,0,0,1,0,6,3,2,7,10,0,5,3,12,13,10,17,10,16
2066,2247,601972.5,3510517.5,2022,0,0,1,3,3,7,4,0,2,5,1,1,13,6,9,11,0,1
2045,2250,601981.5,3510580.5,2022,1,1,3,4,3,0,4,6,1,5,1,9,2,15,15,7,13,10
2054,2289,602098.5,3510553.5,2022,0,0,1,0,6,3,2,7,10,0,5,1,13,6,10,17,12,16
2041,2322,602197.5,3510592.5,2022,0,0,1,0,6,7,7,0,3,4,5,1,13,6,9,11,0,1
2053,2362,602317.5,3510556.5,2022,0,0,1,0,6,7,7,0,3,0,5,1,13,6,10,17,0,1
2063,2383,602380.5,3510526.5,2022,0,0,1,0,6,7,2,7,2,0,5,1,13,6,9,11,0,1
2064,2416,602479.5,3510523.5,2022,0,0,1,0,6,7,4,0,2,5,1,1,13,6,9,11,0,6
2047,2433,602530.5,3510574.5,2022,0,0,1,0,3,0,4,6,2,5,1,9,2,15,9,11,10,6
2060,2473,602650.5,3510535.5,2022,0,0,1,0,6,3,2,7,10,0,5,3,12,8,10,17,11,16
2068,2495,602716.5,3510511.5,2022,0,0,1,0,6,7,7,0,2,0,5,1,13,6,9,11,0,1
2047,2520,602791.5,3510574.5,2022,1,1,3,2,5,5,1,2,4,10,4,2,14,2,12,6,16,4
2048,2565,602926.5,3510571.5,2022,0,0,1,0,6,7,2,7,10,0,5,3,12,8,2,0,11,17
2050,2582,602977.5,3510565.5,2022,0,0,1,0,6,3,2,7,10,0,5,3,12,13,13,10,7,0
2047,2616,603079.5,3510574.5,2022,2,3,0,0,6,3,2,7,10,0,5,3,12,13,10,17,12,16
2040,2660,603211.5,3510595.5,2022,0,0,1,0,6,3,2,7,10,0,5,3,12,8,10,17,11,16
2053,2671,603244.5,3510556.5,2022,2,0,1,0,6,3,2,7,10,0,5,3,12,13,13,10,11,16
2050,2706,603349.5,3510565.5,2022,2,3,0,0,6,3,2,7,10,0,5,3,12,13,13,10,7,0
2061,2737,603442.5,3510532.5,2022,0,0,1,0,6,7,7,0,3,4,9,8,9,8,2,0,11,17
2047,2777,603562.5,3510574.5,2022,1,1,2,2,5,5,1,2,4,10,4,2,0,14,12,1,16,4
2067,2800,603631.5,3510514.5,2022,1,1,2,2,5,5,1,2,4,10,4,2,0,14,7,1,16,4
2066,2844,603763.5,3510517.5,2022,1,1,3,4,2,5,1,2,4,10,4,2,14,2,12,6,14,11
2065,2860,603811.5,3510520.5,2022,2,1,3,4,2,1,8,2,4,10,4,2,14,2,12,6,14,7
2063,2895,603916.5,3510526.5,2022,1,1,3,4,2,1,8,2,4,10,4,2,14,2,12,6,14,7
2048,2910,603961.5,3510571.5,2022,2,3,1,0,6,3,2,7,10,0,5,1,13,6,10,17,12,16
2058,2968,604135.5,3510541.5,2022,2,3,0,0,6,3,2,7,10,0,5,3,12,13,13,10,7,0
2056,2970,604141.5,3510547.5,2022,1,1,3,4,2,1,8,2,4,10,4,2,14,2,12,6,14,7
2067,3005,604246.5,3510514.5,2022,2,3,0,1,0,4,5,1,0,6,6,10,1,5,5,12,6,19
2040,3048,604375.5,3510595.5,2022,2,3,3,4,2,1,8,3,9,11,2,7,11,9,0,14,6,13
2056,3062,604417.5,3510547.5,2022,2,3,0,1,0,4,0,8,7,7,11,11,8,1,3,13,2,18
2062,3111,604564.5,3510529.5,2022,2,3,0,1,0,4,0,8,7,7,11,11,8,1,3,13,7,0
2047,3125,604606.5,3510574.5,2022,2,3,0,1,0,4,0,8,7,8,8,0,7,11,16,12,6,5
2056,3166,604729.5,3510547.5,2022,2,3,0,1,0,4,0,8,7,7,11,0,7,11,3,13,2,5
2057,3194,604813.5,3510544.5,2022,1,1,3,4,2,1,8,2,4,10,4,2,14,2,12,6,18,11
2061,3212,604867.5,3510532.5,2022,1,1,3,4,2,1,8,3,9,11,2,7,11,9,0,14,5,13
2044,3259,605008.5,3510583.5,2022,1,1,3,4,2,1,8,3,9,11,2,7,14,2,0,14,5,11
2061,3299,605128.5,3510532.5,2022,1,1,3,4,2,1,8,2,4,10,4,2,14,2,12,6,14,11
2049,3323,605200.5,3510568.5,2022,2,3,0,1,3,0,5,1,0,6,6,10,1,5,5,15,10,19
2063,3331,605224.5,3510526.5,2022,2,3,0,1,0,3,5,1,0,6,6,10,1,5,5,10,6,19
2086,17,595282.5,3510457.5,2022,2,3,0,0,6,3,2,7,10,0,5,3,12,1,10,17,12,16
2089,44,595363.5,3510448.5,2022,2,3,0,0,6,3,2,7,10,0,5,1,13,6,10,17,12,16
2075,75,595456.5,3510490.5,2022,2,0,1,0,6,3,2,7,10,0,5,3,12,8,10,17,12,16
2070,109,595558.5,3510505.5,2022,0,0,1,0,6,3,2,7,10,0,5,1,13,6,10,17,12,16
2095,120,595591.5,3510430.5,2022,0,0,1,0,6,3,2,7,2,5,1,1,13,6,9,11,0,1
2074,152,595687.5,3510493.5,2022,0,0,1,0,3,0,4,6,2,5,1,1,13,6,9,11,0,1
2092,201,595834.5,3510439.5,2022,0,0,1,3,1,0,4,6,2,5,1,9,2,15,15,11,13,6
2095,214,595873.5,3510430.5,2022,0,0,1,0,3,0,4,6,2,5,1,9,2,15,9,11,10,6
2084,243,595960.5,3510463.5,2022,2,3,0,0,3,3,5,1,0,6,6,10,1,5,5,15,10,19
2090,293,596110.5,3510445.5,2022,2,3,0,0,3,3,5,1,0,6,6,1,13,6,10,15,12,16
2078,313,596170.5,3510481.5,2022,0,0,1,0,3,0,4,6,2,5,1,1,13,6,9,11,0,6
2078,357,596302.5,3510481.5,2022,0,0,1,0,6,7,2,7,2,5,5,1,13,6,9,11,10,6
2094,382,596377.5,3510433.5,2022,0,0,1,0,3,0,4,6,2,5,1,1,13,6,9,11,10,6
2081,411,596464.5,3510472.5,2022,2,3,0,0,3,3,5,1,0,6,6,10,1,5,5,15,10,19
2077,428,596515.5,3510484.5,2022,2,3,0,0,0,3,2,1,0,6,6,10,1,5,10,17,12,16
2082,472,596647.5,3510469.5,2022,0,0,1,0,3,0,4,6,2,5,1,9,2,6,9,11,10,6
2096,490,596701.5,3510427.5,2022,0,0,1,0,3,0,4,6,2,5,1,1,13,6,9,11,10,6
2073,534,596833.5,3510496.5,2022,0,0,1,0,3,0,4,6,2,5,1,9,2,6,9,11,10,6
2090,569,596938.5,3510445.5,2022,0,0,1,0,3,0,4,6,2,5,1,1,13,6,9,11,10,6
2084,572,596947.5,3510463.5,2022,2,3,1,0,3,0,5,1,0,6,6,10,13,6,9,15,10,19
2097,628,597115.5,3510424.5,2022,2,3,0,0,3,3,5,1,0,6,6,10,13,6,5,15,10,19
2073,646,597169.5,3510496.5,2022,2,3,0,1,0,4,0,8,7,7,11,0,8,11,3,12,6,5
2089,681,597274.5,3510448.5,2022,2,3,0,0,6,3,2,7,10,0,5,3,12,13,10,17,12,16
2071,690,597301.5,3510502.5,2022,2,3,0,1,0,4,0,8,7,7,11,11,8,1,3,13,7,18
2077,726,597409.5,3510484.5,2022,2,3,3,4,3,0,5,1,1,9,0,5,10,12,1,4,1,2
2089,772,597547.5,3510448.5,2022,0,0,1,0,3,0,4,6,2,5,1,1,13,6,9,11,10,6
2083,789,597598.5,3510466.5,2022,0,0,1,0,3,0,4,6,2,5,1,1,13,6,9,11,10,6
2080,814,597673.5,3510475.5,2022,0,0,1,0,3,0,4,6,2,5,1,1,13,6,9,11,10,6
2087,845,597766.5,3510454.5,2022,2,3,0,1,3,3,5,1,0,6,6,10,1,5,5,15,6,19
2089,884,597883.5,3510448.5,2022,2,3,0,0,0,3,2,1,0,6,6,10,1,5,10,17,12,16
2080,923,598000.5,3510475.5,2022,2,3,0,1,0,4,5,1,0,6,6,10,1,5,5,15,6,19
2081,957,598102.5,3510472.5,2022,2,3,0,4,3,0,5,1,0,6,6,10,1,5,5,15,1,19
2093,979,598168.5,3510436.5,2022,2,3,0,0,3,3,5,1,0,6,6,10,1,5,5,15,10,19
2073,994,598213.5,3510496.5,2022,2,3,0,0,3,0,5,1,0,6,6,10,1,5,1,15,10,19
2095,1034,598333.5,3510430.5,2022,2,3,0,1,0,4,5,1,0,6,6,10,1,5,5,12,6,5
2072,1074,598453.5,3510499.5,2022,2,3,3,4,3,0,5,1,1,9,0,5,10,12,1,4,1,2
2098,1109,598558.5,3510421.5,2022,2,3,3,4,3,0,5,1,1,9,0,5,10,12,1,4,1,2
2081,1123,598600.5,3510472.5,2022,2,3,0,1,0,4,0,8,7,8,8,0,7,11,16,12,6,5
2084,1167,598732.5,3510463.5,2022,2,3,0,1,0,4,5,8,7,8,8,0,7,11,16,12,6,5
2070,1177,598762.5,3510505.5,2022,1,2,4,5,4,6,3,5,6,3,3,4,3,4,4,5,17,3
2093,1223,598900.5,3510436.5,2022,2,3,0,1,0,4,5,3,9,8,8,0,7,11,16,12,6,5
2096,1237,598942.5,3510427.5,2022,2,3,3,4,2,1,8,3,1,9,0,5,10,12,1,4,1,2
2082,1260,599011.5,3510469.5,2022,2,3,3,4,2,1,8,3,9,11,2,7,11,9,0,14,5,13
2096,1314,599173.5,3510427.5,2022,2,3,0,4,3,0,5,1,1,9,0,5,10,12,1,4,1,2
2075,1328,599215.5,3510490.5,2022,2,3,0,1,0,4,0,8,0,7,11,11,8,1,3,13,2,18
2090,1356,599299.5,3510445.5,2022,2,3,0,0,3,3,5,1,0,6,6,10,1,5,5,15,10,19
2088,1405,599446.5,3510451.5,2022,2,3,3,4,3,0,5,1,0,6,0,5,10,12,1,4,1,2
2071,1425,599506.5,3510502.5,2022,2,3,0,0,6,3,2,7,10,0,5,3,12,13,10,17,12,16
2070,1445,599566.5,3510505.5,2022,2,3,0,1,0,3,5,1,0,6,6,10,1,5,10,15,12,19
2070,1493,599710.5,3510505.5,2022,0,0,1,3,3,0,4,6,2,5,1,1,2,6,9,11,0,6
2071,1507,599752.5,3510502.5,2022,2,3,3,4,2,1,8,3,9,11,2,7,11,9,0,14,5,13
2077,1559,599908.5,3510484.5,2022,1,1,2,2,3,0,4,6,1,9,0,5,10,12,1,4,1,2
2077,1577,599962.5,3510484.5,2022,1,1,3,2,5,5,1,2,4,10,4,2,14,2,12,6,18,11
2092,1594,600013.5,3510439.5,2022,0,0,1,4,3,0,4,6,2,5,1,1,13,6,9,11,0,1
2094,1625,600106.5,3510433.5,2022,2,3,3,4,3,0,4,6,2,6,6,1,13,6,9,15,10,19
2092,1659,600208.5,3510439.5,2022,2,3,0,4,3,0,5,1,0,6,6,10,1,5,5,15,1,19
2076,1684,600283.5,3510487.5,2022,2,3,0,4,3,0,5,1,0,6,6,10,1,5,5,15,10,19
2090,1738,600445.5,3510445.5,2022,2,3,0,1,0,4,5,1,0,6,6,10,1,5,5,12,6,19
2094,1766,600529.5,3510433.5,2022,2,3,0,1,0,3,5,1,0,6,6,10,1,5,5,15,6,19
2087,1770,600541.5,3510454.5,2022,2,3,0,4,3,0,5,1,0,6,6,10,1,5,5,15,6,19
2072,1822,600697.5,3510499.5,2022,0,0,1,3,3,0,4,6,2,5,1,9,2,15,9,11,0,1
2097,1857,600802.5,3510424.5,2022,0,0,1,3,1,0,4,6,2,5,1,9,2,15,9,11,0,1
2083,1873,600850.5,3510466.5,2022,1,1,2,2,5,5,4,6,2,5,1,9,0,14,7,1,16,4
2093,1890,600901.5,3510436.5,2022,2,3,0,4,3,0,5,1,0,6,6,5,10,12,1,4,1,2
2074,1933,601030.5,3510493.5,2022,1,1,3,4,3,0,4,6,1,9,1,9,10,15,1,4,1,2
2082,1979,601168.5,3510469.5,2022,1,1,2,2,5,5,1,9,8,1,10,13,0,14,7,1,16,4
2084,1992,601207.5,3510463.5,2022,0,0,2,3,1,2,4,6,2,5,1,9,2,15,9,11,0,1
2077,2032,601327.5,3510484.5,2022,1,1,2,2,5,5,1,4,5,2,12,6,4,3,8,16,4,9
2088,2061,601414.5,3510451.5,2022,0,0,1,3,1,7,7,0,2,4,9,8,9,0,6,11,0,1
2090,2077,601462.5,3510445.5,2022,0,0,1,0,6,3,2,7,10,0,5,1,13,6,10,17,12,16
2090,2115,601576.5,3510445.5,2022,1,1,3,2,5,5,1,2,4,10,4,2,14,2,12,6,16,11
2078,2131,601624.5,3510481.5,2022,1,1,2,2,5,5,1,2,4,10,4,2,0,14,7,1,16,4
2099,2172,601747.5,3510418.5,2022,0,0,1,0,3,3,2,1,2,6,6,1,13,6,9,15,10,6
2072,2204,601843.5,3510499.5,2022,0,0,1,0,6,3,2,7,10,0,5,1,13,6,10,17,12,16
2098,2238,601945.5,3510421.5,2022,0,0,1,0,6,3,2,7,10,0,5,1,13,6,10,17,12,16
2097,2252,601987.5,3510424.5,2022,2,3,1,0,3,3,2,1,0,6,6,1,13,6,10,17,12,16
2094,2291,602104.5,3510433.5,2022,2,3,0,0,3,3,2,1,0,6,6,10,13,6,10,15,12,16
2081,2323,602200.5,3510472.5,2022,0,0,1,0,6,7,2,7,10,0,5,1,13,8,10,17,11,16
2096,2352,602287.5,3510427.5,2022,0,0,1,0,6,7,7,0,3,4,9,8,9,8,2,0,11,17
2099,2391,602404.5,3510418.5,2022,0,0,1,0,3,0,4,6,2,5,1,1,13,6,9,11,0,6
2099,2400,602431.5,3510418.5,2022,0,0,1,3,1,7,7,0,2,5,1,1,13,6,9,11,0,1
2097,2448,602575.5,3510424.5,2022,0,0,1,0,3,0,4,2,2,5,1,1,13,6,9,11,0,1
2082,2468,602635.5,3510469.5,2022,0,0,1,0,6,3,2,7,10,0,5,3,12,8,10,17,11,16
2098,2492,602707.5,3510421.5,2022,2,1,3,4,3,0,4,6,2,5,1,1,13,6,9,15,14,7
2095,2534,602833.5,3510430.5,2022,2,3,0,0,6,3,2,7,10,0,5,3,12,13,13,10,7,0
2083,2578,602965.5,3510466.5,2022,0,0,1,0,6,3,2,7,10,0,5,3,12,13,13,10,11,16
2085,2582,602977.5,3510460.5,2022,0,0,1,0,6,7,2,7,10,0,5,3,12,8,2,0,11,17
2079,2624,603103.5,3510478.5,2022,0,0,1,0,6,3,2,7,10,0,5,3,12,13,13,17,11,16
2071,2663,603220.5,3510502.5,2022,2,3,0,1,0,3,2,7,10,7,11,3,12,13,13,10,7,0
2097,2694,603313.5,3510424.5,2022,0,0,1,0,6,3,2,7,10,0,5,3,12,8,2,17,11,17
2097,2716,603379.5,3510424.5,2022,0,0,1,0,6,7,7,0,3,0,5,3,12,8,2,0,11,17
2089,2749,603478.5,3510448.5,2022,0,0,1,0,6,7,2,7,3,0,5,3,12,8,2,0,11,17
2080,2787,603592.5,3510475.5,2022,1,1,2,2,5,5,1,2,4,10,4,2,0,14,12,1,16,7
2082,2816,603679.5,3510469.5,2022,1,1,2,2,5,5,1,2,4,10,4,2,0,14,7,1,16,4
2095,2846,603769.5,3510430.5,2022,1,1,3,4,2,1,8,2,4,10,4,2,14,2,12,6,14,7
2096,2870,603841.5,3510427.5,2022,1,1,3,4,2,1,8,2,4,10,4,2,14,2,12,6,14,7
2074,2905,603946.5,3510493.5,2022,1,1,3,2,5,5,1,2,4,10,4,2,14,2,12,6,18,11
2086,2914,603973.5,3510457.5,2022,1,1,2,2,5,5,1,4,5,2,12,6,4,3,8,16,4,9
2071,2955,604096.5,3510502.5,2022,1,1,3,4,2,1,8,2,4,10,4,2,14,2,12,6,14,7
2073,2980,604171.5,3510496.5,2022,1,1,3,4,2,1,8,3,9,11,2,2,14,2,12,6,14,7
2074,3004,604243.5,3510493.5,2022,1,1,3,4,2,1,8,3,9,11,2,2,14,2,12,6,14,7
2077,3049,604378.5,3510484.5,2022,2,3,0,1,0,4,5,1,0,6,6,10,1,5,5,12,6,19
2077,3075,604456.5,3510484.5,2022,2,3,0,1,0,4,5,1,7,6,6,10,1,5,5,12,6,5
2082,3107,604552.5,3510469.5,2022,2,3,0,1,0,4,0,8,7,8,8,0,7,11,16,12,6,5
2086,3121,604594.5,3510457.5,2022,2,3,0,1,0,4,5,1,0,6,6,10,1,5,5,12,6,19
2090,3164,604723.5,3510445.5,2022,2,3,0,0,3,3,5,1,0,6,6,10,1,13,13,10,10,19
2082,3189,604798.5,3510469.5,2022,2,3,0,1,0,4,0,8,7,8,8,0,7,11,16,12,8,5
2076,3213,604870.5,3510487.5,2022,2,3,0,1,0,4,5,1,0,6,6,10,1,5,5,12,6,5
2079,3253,604990.5,3510478.5,2022,1,1,3,4,2,5,1,2,4,10,4,2,14,2,12,6,18,11
2072,3272,605047.5,3510499.5,2022,2,3,3,4,2,1,8,3,9,11,2,7,11,9,0,14,5,13
2074,3321,605194.5,3510493.5,2022,1,1,3,4,2,1,8,3,9,11,2,2,14,2,12,6,18,11
2092,3332,605227.5,3510439.5,2022,2,3,3,4,2,1,8,3,9,11,2,7,11,9,0,14,5,13
2111,4,595243.5,3510382.5,2022,2,3,0,0,3,3,2,1,0,6,6,1,13,6,10,17,12,16
2125,51,595384.5,3510340.5,2022,0,0,1,0,6,3,2,7,10,0,5,3,12,6,10,17,12,16
2114,65,595426.5,3510373.5,2022,2,3,0,0,6,3,2,7,10,0,5,3,12,13,10,17,12,16
2108,101,595534.5,3510391.5,2022,2,3,0,1,0,3,2,7,10,7,11,11,8,1,3,13,2,18
2127,131,595624.5,3510334.5,2022,0,0,1,0,6,3,2,7,10,0,5,3,12,6,10,17,12,16
2101,177,595762.5,3510412.5,2022,0,0,1,0,3,0,4,6,2,5,1,1,13,6,9,11,10,6
2100,182,595777.5,3510415.5,2022,0,0,1,0,3,0,4,6,2,5,1,1,13,6,9,11,0,1
2102,225,595906.5,3510409.5,2022,0,0,1,0,3,0,4,6,2,5,1,9,2,15,9,7,10,6
2118,250,595981.5,3510361.5,2022,0,0,1,3,1,0,4,6,2,5,1,9,2,15,9,11,0,1
2111,289,596098.5,3510382.5,2022,0,0,1,3,3,0,4,6,2,5,1,1,13,6,9,11,0,1
2128,329,596218.5,3510331.5,2022,0,0,1,0,6,7,7,0,3,4,9,1,13,6,9,11,0,1
2109,337,596242.5,3510388.5,2022,2,0,1,0,6,3,2,7,10,0,5,1,13,6,10,17,12,16
2108,371,596344.5,3510391.5,2022,2,3,0,0,3,3,5,1,0,6,6,1,13,6,10,15,12,19
2126,406,596449.5,3510337.5,2022,0,0,1,0,3,3,2,1,0,6,6,1,13,6,9,15,10,6
2124,438,596545.5,3510343.5,2022,0,0,1,0,3,3,2,7,2,0,5,1,13,6,9,11,10,6
2119,477,596662.5,3510358.5,2022,0,0,1,0,6,7,7,0,2,5,1,1,2,6,9,11,0,6
2104,483,596680.5,3510403.5,2022,0,0,1,0,3,0,4,6,2,5,1,9,2,15,9,11,10,6
2111,535,596836.5,3510382.5,2022,2,3,0,4,3,0,5,1,0,6,6,10,1,5,5,15,10,19
2125,569,596938.5,3510340.5,2022,0,0,1,0,6,7,7,0,2,4,9,1,13,6,9,11,0,1
2110,597,597022.5,3510385.5,2022,2,3,3,4,3,0,5,6,1,9,0,5,10,12,1,4,1,2
2124,614,597073.5,3510343.5,2022,2,3,0,4,3,0,5,1,0,6,6,10,1,5,5,15,6,19
2122,655,597196.5,3510349.5,2022,2,3,0,0,3,3,5,1,0,6,6,10,1,5,5,15,12,19
2116,680,597271.5,3510367.5,2022,2,3,0,4,3,4,5,1,1,9,0,5,10,12,1,4,1,2
2107,709,597358.5,3510394.5,2022,2,3,3,4,3,0,5,1,1,9,0,5,10,12,1,4,1,2
2122,729,597418.5,3510349.5,2022,2,3,3,4,3,0,4,6,1,9,0,5,10,12,1,4,1,2
2124,769,597538.5,3510343.5,2022,2,3,0,1,3,3,5,1,0,6,6,10,1,5,5,15,6,19
2129,807,597652.5,3510328.5,2022,2,3,0,1,0,4,5,1,0,6,6,10,1,5,5,12,6,19
2111,839,597748.5,3510382.5,2022,2,3,0,1,0,4,5,1,0,6,6,10,1,5,5,12,6,5
2122,845,597766.5,3510349.5,2022,2,3,0,4,3,0,5,1,0,6,6,10,1,5,5,15,10,19
2113,873,597850.5,3510376.5,2022,2,3,0,1,0,4,0,8,7,8,8,0,8,5,3,12,6,5
2125,903,597940.5,3510340.5,2022,2,3,0,4,3,0,5,1,0,6,6,10,1,12,1,4,1,2
2101,932,598027.5,3510412.5,2022,2,3,0,0,3,3,5,1,0,6,6,10,1,5,5,15,12,19
2105,971,598144.5,3510400.5,2022,2,3,0,0,3,3,5,1,0,6,6,10,1,5,5,15,10,19
2120,997,598222.5,3510355.5,2022,2,3,0,1,0,3,5,1,0,6,6,10,1,5,5,15,6,19
2117,1028,598315.5,3510364.5,2022,2,3,0,1,0,4,5,1,0,6,6,10,1,5,5,12,6,19
2121,1053,598390.5,3510352.5,2022,2,3,0,1,0,4,0,8,7,8,8,0,7,11,16,12,6,5
2117,1085,598486.5,3510364.5,2022,2,3,0,1,3,0,5,1,0,6,6,10,1,5,5,12,6,19
2114,1138,598645.5,3510373.5,2022,2,3,0,1,0,4,0,8,7,8,8,0,7,11,16,12,6,5
2122,1141,598654.5,3510349.5,2022,2,3,0,1,0,4,0,8,7,8,8,0,7,11,16,12,8,5
2114,1197,598822.5,3510373.5,2022,2,3,0,1,0,4,0,8,7,8,8,0,7,11,16,12,8,5
2103,1223,598900.5,3510406.5,2022,2,3,3,4,2,1,8,3,9,11,2,7,11,9,0,14,5,13
2106,1231,598924.5,3510397.5,2022,2,3,0,1,0,4,0,8,7,8,8,0,7,11,16,12,8,5
2122,1269,599038.5,3510349.5,2022,2,3,0,1,0,4,0,8,7,8,8,0,7,11,3,12,6,5
2129,1294,599113.5,3510328.5,2022,2,3,3,4,2,1,8,3,9,9,0,5,10,12,1,4,1,2
2127,1328,599215.5,3510334.5,2022,2,3,3,4,3,0,5,1,1,9,0,5,10,12,1,4,1,2
2114,1369,599338.5,3510373.5,2022,2,3,0,1,0,4,5,1,0,6,6,10,1,5,5,12,6,19
2120,1409,599458.5,3510355.5,2022,2,3,3,4,2,1,8,3,9,11,2,7,11,9,0,14,5,13
2128,1430,599521.5,3510331.5,2022,2,3,0,1,0,3,5,1,0,6,6,11,8,5,5,15,12,19
2115,1461,599614.5,3510370.5,2022,1,1,3,4,3,0,4,6,1,9,0,5,10,12,1,4,1,2
2116,1494,599713.5,3510367.5,2022,0,0,1,0,6,3,2,7,10,0,5,1,13,6,10,17,12,16
2110,1523,599800.5,3510385.5,2022,2,3,0,1,0,4,8,3,9,11,2,7,11,9,0,14,5,13
2124,1530,599821.5,3510343.5,2022,2,3,0,1,0,4,0,8,7,7,11,11,8,1,3,13,2,18
2102,1561,599914.5,3510409.5,2022,1,1,3,4,3,0,4,2,4,10,4,2,14,2,12,6,14,7
2127,1610,600061.5,3510334.5,2022,0,0,1,0,3,0,4,6,2,5,1,1,13,6,9,11,0,1
2115,1629,600118.5,3510370.5,2022,2,3,0,4,3,0,5,1,0,6,6,10,1,5,5,15,6,19
2103,1665,600226.5,3510406.5,2022,2,3,0,4,3,0,5,1,0,6,6,10,1,5,5,15,6,19
2113,1689,600298.5,3510376.5,2022,2,3,0,4,3,0,5,1,0,6,6,10,1,5,5,15,6,19
2120,1735,600436.5,3510355.5,2022,2,3,3,4,2,1,8,3,9,11,2,7,14,2,12,6,14,7
2122,1748,600475.5,3510349.5,2022,2,3,0,1,3,3,5,1,0,6,6,10,1,5,5,15,6,19
2122,1795,600616.5,3510349.5,2022,2,3,0,4,3,0,5,1,0,6,6,10,1,5,5,15,6,19
2126,1825,600706.5,3510337.5,2022,2,3,0,1,0,3,2,1,0,6,6,10,1,5,10,17,12,16
2117,1844,600763.5,3510364.5,2022,2,3,0,1,3,3,5,1,0,6,6,10,1,5,5,15,6,19
2106,1864,600823.5,3510397.5,2022,0,0,1,3,3,0,4,6,2,5,1,1,13,6,9,11,0,1
2111,1899,600928.5,3510382.5,2022,1,1,2,2,5,2,4,6,1,9,1,9,2,15,15,7,13,10
2100,1933,601030.5,3510415.5,2022,1,1,2,2,5,0,4,6,2,5,1,9,0,14,7,1,16,1
2125,1972,601147.5,3510340.5,2022,2,3,0,4,3,0,5,1,0,6,6,10,1,5,5,15,10,19
2114,2005,601246.5,3510373.5,2022,0,0,2,3,1,2,6,9,8,5,1,13,5,0,6,8,0,1
2108,2011,601264.5,3510391.5,2022,0,0,1,3,6,7,4,0,2,5,1,1,13,6,9,11,0,1
2104,2067,601432.5,3510403.5,2022,2,3,1,0,3,0,5,1,0,6,6,1,13,6,9,15,10,19
2129,2095,601516.5,3510328.5,2022,0,0,1,3,1,7,7,0,2,5,1,1,13,6,9,11,0,1
2102,2113,601570.5,3510409.5,2022,1,1,3,4,2,5,1,2,4,10,4,2,14,2,12,6,14,7
2120,2156,601699.5,3510355.5,2022,1,1,2,2,3,0,4,2,4,10,4,2,0,14,9,1,16,7
2104,2188,601795.5,3510403.5,2022,1,1,3,4,2,1,8,2,4,10,4,2,14,2,12,6,14,7
2113,2213,601870.5,3510376.5,2022,0,0,1,0,6,7,2,7,2,0,5,1,13,6,9,11,0,6
2106,2228,601915.5,3510397.5,2022,2,3,3,4,3,0,4,2,4,10,6,1,13,6,9,15,14,7
2123,2265,602026.5,3510346.5,2022,2,3,0,1,0,3,5,1,0,6,6,10,1,13,5,10,7,19
2122,2295,602116.5,3510349.5,2022,0,0,1,0,6,3,2,7,10,0,5,3,13,6,10,17,12,16
2101,2315,602176.5,3510412.5,2022,0,0,1,0,6,3,2,7,10,0,5,1,13,6,10,17,12,16
2121,2348,602275.5,3510352.5,2022,0,0,1,0,6,7,7,0,3,4,9,8,9,8,2,0,11,17
2105,2382,602377.5,3510400.5,2022,0,0,1,4,3,0,4,6,2,5,1,1,13,6,9,11,0,6
2115,2424,602503.5,3510370.5,2022,1,1,2,2,5,5,1,2,4,10,4,2,0,14,12,1,16,4
2120,2452,602587.5,3510355.5,2022,1,1,2,2,5,5,1,2,4,10,4,2,0,14,7,1,18,4
2124,2461,602614.5,3510343.5,2022,1,1,3,4,3,0,4,2,4,10,4,2,2,15,9,6,14,7
2111,2501,602734.5,3510382.5,2022,2,3,0,1,0,3,2,7,10,7,11,3,12,13,13,10,7,0
2119,2522,602797.5,3510358.5,2022,0,0,1,0,6,7,2,7,2,0,5,1,13,6,9,11,0,6
2108,2576,602959.5,3510391.5,2022,0,0,1,0,6,7,2,7,10,0,5,3,12,8,10,17,11,16
2103,2584,602983.5,3510406.5,2022,0,0,1,0,6,7,2,7,10,0,5,3,12,8,2,0,11,17
2107,2614,603073.5,3510394.5,2022,0,0,1,0,6,3,2,7,10,0,5,3,12,8,10,17,11,17
2112,2654,603193.5,3510379.5,2022,2,3,0,0,6,3,2,7,10,0,5,3,12,13,10,17,12,16
2108,2699,603328.5,3510391.5,2022,0,0,1,0,6,7,2,7,10,0,5,3,12,8,2,0,11,17
2118,2724,603403.5,3510361.5,2022,0,0,1,0,6,7,2,7,10,0,5,3,12,8,2,0,11,17
2105,2744,603463.5,3510400.5,2022,0,0,1,0,6,7,7,0,3,4,9,8,9,8,2,0,11,17
2101,2761,603514.5,3510412.5,2022,0,0,1,0,6,7,2,7,10,0,5,3,12,8,2,17,11,17
2126,2816,603679.5,3510337.5,2022,1,1,2,2,5,5,1,2,4,10,4,2,0,14,7,1,16,4
2118,2820,603691.5,3510361.5,2022,1,1,2,2,5,5,1,2,4,10,4,9,0,14,7,1,16,4
2100,2857,603802.5,3510415.5,2022,2,3,3,4,2,1,8,3,9,11,2,7,11,9,0,14,5,13
2128,2883,603880.5,3510331.5,2022,2,3,0,1,0,4,0,8,7,8,8,0,7,11,16,3,8,5
2122,2918,603985.5,3510349.5,2022,2,3,0,1,0,4,5,1,0,6,6,10,1,5,5,12,6,19
2114,2948,604075.5,3510373.5,2022,1,1,3,2,5,5,1,2,4,10,4,2,14,2,12,6,14,11
2128,2992,604207.5,3510331.5,2022,0,0,1,0,3,0,4,6,2,6,6,10,1,6,9,15,10,6
2121,3003,604240.5,3510352.5,2022,0,0,1,0,3,3,2,7,0,6,6,1,13,6,9,15,10,6
2125,3033,604330.5,3510340.5,2022,2,3,0,4,3,0,5,1,0,6,6,10,1,5,5,15,10,19
2110,3083,604480.5,3510385.5,2022,2,3,0,0,3,3,2,1,0,6,6,1,13,6,10,15,12,19
2110,3101,604534.5,3510385.5,2022,2,3,0,1,0,4,5,1,0,6,6,10,1,5,5,12,6,19
2101,3140,604651.5,3510412.5,2022,2,3,0,1,0,4,0,8,7,8,8,0,7,11,16,12,6,5
2103,3163,604720.5,3510406.5,2022,1,1,3,4,2,1,8,3,1,9,0,2,14,2,12,6,14,7
2107,3200,604831.5,3510394.5,2022,2,3,0,1,0,4,0,8,7,8,8,0,7,11,16,12,6,5
2115,3227,604912.5,3510370.5,2022,2,3,3,4,2,1,8,3,9,11,2,7,11,9,0,14,5,13
2119,3260,605011.5,3510358.5,2022,1,1,3,4,2,1,8,3,9,11,2,7,14,2,12,6,14,7
2121,3280,605071.5,3510352.5,2022,2,3,3,4,2,1,8,3,9,11,2,7,11,9,0,14,5,13
2119,3326,605209.5,3510358.5,2022,1,1,3,4,2,1,8,2,4,10,4,2,14,2,12,6,18,11
2103,3332,605227.5,3510406.5,2022,2,3,0,1,0,4,0,8,7,7,11,10,1,5,5,12,6,5
2149,21,595294.5,3510268.5,2022,0,0,1,0,6,7,2,7,10,0,5,1,13,8,10,17,11,16
2131,59,595408.5,3510322.5,2022,2,0,1,0,6,3,2,7,10,0,5,1,13,6,10,17,12,16
2155,73,595450.5,3510250.5,2022,2,3,0,0,0,3,5,1,0,6,6,10,1,5,10,15,12,19
2137,97,595522.5,3510304.5,2022,2,3,0,0,3,3,5,1,0,6,6,10,13,6,10,15,12,19
2159,125,595606.5,3510238.5,2022,0,0,1,0,6,7,2,7,3,0,5,1,13,8,2,0,11,17
2150,152,595687.5,3510265.5,2022,0,0,1,0,6,3,2,7,10,0,5,1,13,6,10,17,12,16
2158,203,595840.5,3510241.5,2022,0,0,1,0,3,7,4,0,2,5,1,1,13,6,9,11,0,1
2152,213,595870.5,3510259.5,2022,0,0,1,0,6,7,7,0,2,5,1,1,13,6,9,11,0,1
2145,245,595966.5,3510280.5,2022,0,0,1,0,3,0,4,6,2,5,1,1,2,6,9,11,0,6
2151,293,596110.5,3510262.5,2022,0,0,1,0,6,3,2,7,10,0,5,3,13,6,10,17,12,16
2135,322,596197.5,3510310.5,2022,0,0,1,0,6,7,7,0,2,5,1,1,13,6,9,11,0,1
2136,349,596278.5,3510307.5,2022,0,0,1,0,6,3,2,7,10,0,5,3,12,6,10,17,12,16
2141,369,596338.5,3510292.5,2022,0,0,1,0,6,3,2,7,10,0,5,1,13,6,10,17,12,16
2156,402,596437.5,3510247.5,2022,0,0,1,0,6,3,2,7,10,0,5,1,13,6,10,17,12,16
2156,444,596563.5,3510247.5,2022,0,0,1,0,6,3,2,7,10,0,5,3,12,8,10,17,11,16
2133,476,596659.5,3510316.5,2022,0,0,1,0,6,3,2,7,2,0,5,1,13,6,9,11,10,6
2142,484,596683.5,3510289.5,2022,0,0,1,0,3,0,4,6,2,5,1,1,13,6,9,11,0,1
2148,539,596848.5,3510271.5,2022,0,0,1,0,6,7,4,0,2,5,1,1,13,6,9,11,0,6
2131,548,596875.5,3510322.5,2022,0,0,1,0,6,7,7,0,2,0,5,1,13,6,9,11,0,6
2146,571,596944.5,3510277.5,2022,0,0,1,3,6,7,7,0,3,4,9,8,9,0,6,8,15,12
2145,625,597106.5,3510280.5,2022,2,3,0,1,0,3,5,1,0,6,6,10,1,5,5,15,6,19
2144,645,597166.5,3510283.5,2022,0,0,1,0,3,0,4,6,1,5,1,9,2,15,9,7,10,6
2139,661,597214.5,3510298.5,2022,2,3,0,4,3,0,5,1,1,9,0,5,10,12,1,4,1,2
2154,709,597358.5,3510253.5,2022,2,3,0,1,0,4,5,1,0,6,6,10,1,5,5,12,6,5
2132,734,597433.5,3510319.5,2022,0,0,3,4,3,0,4,6,1,9,0,5,10,12,9,15,10,6
2144,764,597523.5,3510283.5,2022,2,3,0,4,3,0,5,6,1,9,0,5,10,12,1,4,1,2
2145,786,597589.5,3510280.5,2022,2,3,0,1,0,4,5,1,0,6,6,10,1,5,5,12,6,19
2140,831,597724.5,3510295.5,2022,2,3,0,0,3,3,5,1,0,6,6,10,1,5,5,15,10,19
2152,863,597820.5,3510259.5,2022,2,3,0,4,3,0,5,1,0,6,6,10,1,5,1,4,1,19
2148,899,597928.5,3510271.5,2022,2,3,0,0,3,3,5,1,0,6,6,10,1,5,5,15,12,19
2151,904,597943.5,3510262.5,2022,2,3,3,4,3,0,5,1,0,6,6,10,1,5,5,15,10,19
2133,948,598075.5,3510316.5,2022,2,3,0,1,0,4,0,8,7,8,8,0,7,11,16,12,6,5
2157,970,598141.5,3510244.5,2022,2,3,0,1,0,4,0,8,7,8,8,0,7,11,16,12,6,5
2154,998,598225.5,3510253.5,2022,2,3,0,1,0,4,0,8,7,8,8,0,7,11,16,12,6,5
2159,1045,598366.5,3510238.5,2022,2,3,0,1,0,4,5,1,0,6,6,10,1,5,5,12,6,5
2133,1078,598465.5,3510316.5,2022,2,3,0,1,0,4,5,1,0,6,6,10,1,5,5,12,6,5
2155,1109,598558.5,3510250.5,2022,2,3,0,1,0,4,0,8,7,8,8,0,7,11,16,12,6,5
2142,1125,598606.5,3510289.5,2022,2,3,0,1,0,4,0,8,7,8,8,0,7,11,16,3,8,5
2150,1144,598663.5,3510265.5,2022,2,3,0,1,0,4,5,1,0,7,11,11,8,1,3,12,6,18
2132,1192,598807.5,3510319.5,2022,2,3,0,4,0,4,5,1,0,6,6,10,1,5,5,12,6,5
2157,1210,598861.5,3510244.5,2022,2,3,3,4,2,1,5,1,0,6,6,10,1,5,5,15,14,7
2156,1246,598969.5,3510247.5,2022,2,3,3,4,2,1,8,3,9,11,2,7,11,9,0,14,5,13
2149,1288,599095.5,3510268.5,2022,2,3,0,1,0,4,0,8,7,7,11,11,8,5,3,12,6,5
2137,1315,599176.5,3510304.5,2022,2,3,0,1,0,4,0,8,7,7,11,11,8,1,3,13,2,18
2152,1349,599278.5,3510259.5,2022,2,3,0,4,3,0,5,1,0,6,6,10,1,5,5,15,1,19
2138,1355,599296.5,3510301.5,2022,2,3,0,4,3,0,5,1,1,9,0,5,10,12,1,4,1,2
2151,1402,599437.5,3510262.5,2022,1,1,3,4,2,1,8,3,9,11,2,7,11,9,0,14,5,13
2147,1432,599527.5,3510274.5,2022,2,3,0,1,0,4,5,1,0,6,6,11,8,5,5,12,6,19
2131,1447,599572.5,3510322.5,2022,2,3,0,0,6,3,2,7,10,0,5,1,13,6,10,17,12,16
2150,1486,599689.5,3510265.5,2022,1,1,3,4,2,1,8,2,4,10,4,2,14,2,12,6,14,7
2135,1506,599749.5,3510310.5,2022,2,3,0,1,0,4,0,8,7,7,11,11,8,1,3,13,2,18
2140,1557,599902.5,3510295.5,2022,2,3,0,1,0,4,0,8,7,7,11,11,8,1,3,13,2,18
2136,1572,599947.5,3510307.5,2022,0,0,1,0,6,3,2,7,10,0,5,1,13,6,10,17,12,16
2151,1606,600049.5,3510262.5,2022,0,0,1,3,3,0,4,6,2,5,1,1,13,6,9,11,0,1
2143,1647,600172.5,3510286.5,2022,1,1,3,4,2,1,8,2,4,10,4,2,14,2,12,6,14,7
2153,1654,600193.5,3510256.5,2022,2,3,3,4,3,0,4,1,2,6,6,1,13,6,9,15,10,7
2130,1691,600304.5,3510325.5,2022,2,3,1,0,3,3,5,1,0,6,6,1,13,6,9,15,10,19
2153,1719,600388.5,3510256.5,2022,2,3,3,4,3,0,4,6,1,9,0,5,10,12,1,4,1,2
2151,1764,600523.5,3510262.5,2022,1,1,3,4,3,0,4,6,1,9,0,5,10,12,1,4,1,2
2134,1785,600586.5,3510313.5,2022,2,3,1,0,3,0,5,1,0,6,6,1,13,6,9,15,10,19
2150,1812,600667.5,3510265.5,2022,2,3,0,0,3,3,5,1,0,6,6,10,1,5,5,15,12,19
2158,1840,600751.5,3510241.5,2022,1,1,2,4,3,0,4,6,1,9,0,5,10,12,1,4,1,2
2143,1877,600862.5,3510286.5,2022,2,3,3,4,3,0,4,6,1,9,0,5,10,12,1,4,1,2
2136,1903,600940.5,3510307.5,2022,2,3,0,0,3,3,5,1,0,6,6,10,1,5,5,15,10,19
2141,1945,601066.5,3510292.5,2022,0,0,1,0,3,0,4,6,2,5,1,1,13,6,9,11,10,6
2131,1965,601126.5,3510322.5,2022,0,0,1,4,3,0,4,6,1,9,0,5,10,15,1,4,1,2
2135,2002,601237.5,3510310.5,2022,0,1,2,3,3,0,4,6,2,5,1,9,2,15,15,7,13,10
2152,2011,601264.5,3510259.5,2022,0,0,2,3,1,0,4,6,2,5,1,9,2,15,9,7,13,10
2135,2043,601360.5,3510310.5,2022,2,3,0,4,3,0,5,1,0,6,6,10,1,5,1,4,1,2
2158,2099,601528.5,3510241.5,2022,0,0,1,3,3,0,4,6,2,5,1,9,2,15,9,11,13,10
2150,2102,601537.5,3510265.5,2022,1,1,3,4,3,0,4,6,1,9,0,5,10,12,1,4,1,2
2144,2152,601687.5,3510283.5,2022,0,0,1,0,3,3,2,2,4,10,4,1,13,6,10,17,14,7
2130,2184,601783.5,3510325.5,2022,0,1,1,3,3,0,4,2,2,5,1,1,13,6,9,11,0,7
2156,2215,601876.5,3510247.5,2022,0,0,1,0,3,0,4,6,2,5,1,1,13,6,9,11,10,6
2158,2220,601891.5,3510241.5,2022,0,0,1,0,6,3,2,7,10,0,5,1,13,6,10,15,10,6
2149,2269,602038.5,3510268.5,2022,0,0,1,0,6,3,2,7,2,0,5,1,13,6,9,11,12,16
2140,2292,602107.5,3510295.5,2022,0,0,1,0,6,7,2,7,10,0,5,1,13,6,10,17,11,16
2150,2320,602191.5,3510265.5,2022,0,0,1,0,6,7,7,0,3,0,5,1,13,6,9,11,0,1
2159,2352,602287.5,3510238.5,2022,1,1,3,4,3,0,4,6,2,5,1,9,2,15,9,15,10,7
2132,2375,602356.5,3510319.5,2022,1,1,2,2,5,5,1,2,4,10,4,2,0,14,7,1,16,4
2144,2420,602491.5,3510283.5,2022,1,1,3,2,5,5,1,2,4,10,4,2,14,2,12,6,18,11
2148,2444,602563.5,3510271.5,2022,1,1,3,2,3,0,4,2,4,10,4,2,0,14,12,1,14,7
2141,2481,602674.5,3510292.5,2022,0,0,1,0,6,7,4,0,2,5,1,1,13,6,9,11,0,1
2150,2510,602761.5,3510265.5,2022,0,0,1,0,6,7,2,7,3,0,5,3,12,8,2,0,11,17
2156,2544,602863.5,3510247.5,2022,1,1,3,4,2,1,8,2,4,10,4,2,14,2,12,6,14,7
2141,2570,602941.5,3510292.5,2022,0,0,1,0,6,3,2,7,10,0,5,3,12,13,10,17,12,16
2151,2592,603007.5,3510262.5,2022,0,0,1,0,6,3,2,7,10,0,5,3,12,8,10,17,11,16
2149,2618,603085.5,3510268.5,2022,0,0,1,0,6,3,2,7,10,0,5,3,12,8,10,17,11,16
2154,2640,603151.5,3510253.5,2022,0,0,1,0,6,7,2,7,10,0,5,3,12,8,2,0,11,17
2147,2671,603244.5,3510274.5,2022,0,0,1,0,6,3,2,7,10,0,5,3,12,13,13,10,11,0
2137,2703,603340.5,3510304.5,2022,0,0,1,0,6,3,2,7,10,0,5,3,12,8,2,0,11,17
2151,2757,603502.5,3510262.5,2022,0,0,1,3,3,0,4,6,2,5,1,9,2,15,15,7,13,6
2139,2764,603523.5,3510298.5,2022,0,0,1,0,6,7,7,0,2,5,1,9,2,15,9,11,10,6
2145,2819,603688.5,3510280.5,2022,1,1,2,2,5,5,1,2,4,10,4,2,0,14,7,1,16,4
2144,2832,603727.5,3510283.5,2022,0,0,1,0,3,0,4,6,2,5,1,1,13,6,9,11,10,6
2158,2872,603847.5,3510241.5,2022,1,1,3,2,5,5,1,2,4,10,4,2,14,2,12,6,18,11
2147,2898,603925.5,3510274.5,2022,2,3,0,0,3,3,5,1,0,6,6,10,1,13,5,15,10,19
2157,2919,603988.5,3510244.5,2022,2,3,0,1,3,3,5,1,0,6,6,10,1,5,5,15,6,19
2131,2946,604069.5,3510322.5,2022,2,3,0,0,3,3,5,1,0,6,6,10,1,5,5,15,10,19
2137,2977,604162.5,3510304.5,2022,2,3,0,0,3,3,5,1,0,6,6,10,1,5,5,15,10,19
2131,3012,604267.5,3510322.5,2022,0,0,1,0,6,3,2,7,2,0,5,3,12,13,13,10,10,6
2146,3043,604360.5,3510277.5,2022,1,1,3,4,2,1,8,2,4,10,4,2,14,2,12,6,18,11
2154,3070,604441.5,3510253.5,2022,2,3,3,4,2,1,8,3,9,11,2,7,11,9,0,14,5,13
2145,3100,604531.5,3510280.5,2022,2,3,0,4,3,0,5,1,0,6,6,10,1,5,5,15,10,19
2149,3142,604657.5,3510268.5,2022,2,3,0,1,0,4,0,8,7,8,8,0,7,11,16,3,8,8
2130,3159,604708.5,3510325.5,2022,2,3,0,1,0,4,5,1,0,6,6,10,1,5,5,12,6,19
2142,3199,604828.5,3510289.5,2022,2,3,0,1,0,4,5,1,0,6,6,10,1,5,5,12,6,5
2157,3230,604921.5,3510244.5,2022,1,1,3,4,2,1,8,3,9,11,2,2,14,2,12,6,18,11
2151,3266,605029.5,3510262.5,2022,2,3,0,1,0,4,0,8,7,8,8,0,7,11,16,12,6,5
2152,3283,605080.5,3510259.5,2022,2,3,3,4,2,1,8,3,9,11,2,7,11,9,0,14,5,13
2158,3304,605143.5,3510241.5,2022,2,3,0,1,0,4,5,1,0,6,6,10,1,5,5,12,6,5
2157,3332,605227.5,3510244.5,2022,2,3,3,4,2,1,8,3,9,11,2,7,11,9,0,14,5,13
2183,9,595258.5,3510166.5,2022,0,0,1,0,6,7,2,0,2,0,5,1,13,6,9,11,0,1
2167,39,595348.5,3510214.5,2022,0,0,1,0,6,3,2,7,10,0,5,1,13,6,10,17,12,16
2182,84,595483.5,3510169.5,2022,0,0,1,0,6,7,2,7,10,0,5,3,12,8,2,0,11,17
2182,96,595519.5,3510169.5,2022,0,0,1,0,6,3,2,7,10,0,5,1,13,8,10,17,12,16
2175,149,595678.5,3510190.5,2022,0,0,1,0,6,3,2,7,10,0,5,1,13,6,10,17,12,16
2176,170,595741.5,3510187.5,2022,0,0,1,0,6,7,2,7,10,0,5,1,13,8,10,17,11,16
2177,191,595804.5,3510184.5,2022,0,0,1,0,6,7,7,0,3,4,5,1,13,8,2,0,11,17
2183,226,595909.5,3510166.5,2022,0,0,1,0,6,7,7,0,2,5,1,1,13,6,9,11,0,6
2177,250,595981.5,3510184.5,2022,1,1,3,4,3,0,4,6,1,9,0,5,10,12,1,4,1,2
2173,278,596065.5,3510196.5,2022,0,0,1,0,6,7,2,7,10,0,5,3,12,8,2,17,11,17
2187,324,596203.5,3510154.5,2022,2,3,0,0,6,3,2,7,10,0,5,11,12,1,10,17,12,16
2177,334,596233.5,3510184.5,2022,2,3,0,0,6,3,2,7,10,0,5,3,12,1,10,17,12,16
2188,360,596311.5,3510151.5,2022,1,2,4,5,4,6,3,5,6,3,7,12,6,7,11,2,3,15
2188,400,596431.5,3510151.5,2022,1,2,4,5,4,6,3,5,6,3,7,12,6,7,11,2,3,15
2181,426,596509.5,3510172.5,2022,2,3,0,0,3,3,5,1,0,6,6,10,1,5,5,15,12,19
2161,462,596617.5,3510232.5,2022,2,3,0,0,0,3,2,7,10,7,11,11,8,1,10,17,12,16
2170,483,596680.5,3510205.5,2022,2,3,3,4,3,0,5,1,0,6,6,10,13,6,9,15,10,19
2186,536,596839.5,3510157.5,2022,2,3,0,1,0,3,5,1,0,6,6,10,1,13,13,10,7,0
2166,550,596881.5,3510217.5,2022,2,3,0,0,6,3,2,7,10,0,5,3,12,13,10,17,12,16
2169,597,597022.5,3510208.5,2022,2,3,3,4,3,0,5,1,0,6,6,10,1,5,5,15,6,19
2161,613,597070.5,3510232.5,2022,0,0,3,4,3,0,4,6,2,6,6,1,13,6,9,15,10,6
2166,638,597145.5,3510217.5,2022,2,3,0,1,0,4,0,8,7,7,11,11,8,1,3,13,2,18
2187,661,597214.5,3510154.5,2022,1,1,2,4,3,0,4,6,1,9,0,5,10,12,1,4,1,2
2187,715,597376.5,3510154.5,2022,2,3,0,1,0,4,0,8,7,8,8,0,7,11,16,12,8,5
2167,740,597451.5,3510214.5,2022,2,3,0,1,0,4,5,1,0,6,6,10,1,5,5,12,6,5
2168,761,597514.5,3510211.5,2022,2,3,0,1,0,4,5,1,0,6,6,10,1,5,5,12,6,5
2178,792,597607.5,3510181.5,2022,2,3,0,1,3,3,5,1,0,6,6,10,1,5,5,15,6,19
2167,814,597673.5,3510214.5,2022,2,3,0,1,3,4,5,1,0,6,6,10,1,5,5,12,6,19
2183,846,597769.5,3510166.5,2022,2,3,0,4,3,0,5,1,0,6,6,10,1,5,5,15,10,19
2184,880,597871.5,3510163.5,2022,2,3,0,1,0,4,0,8,7,8,8,0,7,5,5,12,6,5
2167,906,597949.5,3510214.5,2022,2,3,0,1,0,4,0,8,7,8,8,0,7,11,16,12,6,5
2165,941,598054.5,3510220.5,2022,2,3,0,1,0,4,5,1,0,7,11,11,8,1,3,13,2,18
2186,986,598189.5,3510157.5,2022,2,3,0,1,0,4,5,8,7,8,8,0,7,5,5,12,6,5
2169,1003,598240.5,3510208.5,2022,2,3,0,1,0,4,0,8,7,8,8,0,8,5,3,12,6,5
2168,1045,598366.5,3510211.5,2022,2,3,0,1,0,3,5,1,0,6,6,10,1,5,5,15,6,19
2187,1065,598426.5,3510154.5,2022,2,3,0,1,0,4,5,8,7,8,8,0,1,5,5,12,6,5
2177,1102,598537.5,3510184.5,2022,2,3,0,1,0,4,0,8,7,8,8,0,7,11,16,12,6,5
2171,1128,598615.5,3510202.5,2022,2,3,0,1,0,4,0,8,7,8,8,0,7,11,16,12,6,5
2188,1152,598687.5,3510151.5,2022,0,0,1,0,3,0,4,6,2,5,1,9,2,15,9,11,10,6
2169,1196,598819.5,3510208.5,2022,1,1,3,4,2,1,8,3,9,11,2,7,11,9,0,14,5,13
2163,1216,598879.5,3510226.5,2022,1,1,3,4,3,0,8,6,1,9,0,5,10,12,1,4,1,2
2186,1253,598990.5,3510157.5,2022,1,2,4,5,4,6,3,5,6,3,7,12,6,7,11,2,3,15
2169,1279,599068.5,3510208.5,2022,1,2,4,5,4,6,3,5,6,3,3,4,3,4,4,5,17,3
2167,1310,599161.5,3510214.5,2022,2,3,0,1,0,4,0,8,7,8,8,0,7,11,16,12,6,5
2160,1345,599266.5,3510235.5,2022,2,3,0,4,3,0,5,1,0,6,6,10,1,5,5,15,6,19
2174,1372,599347.5,3510193.5,2022,2,3,0,1,0,4,5,1,0,6,6,10,1,5,5,12,6,19
2179,1396,599419.5,3510178.5,2022,2,3,0,1,0,4,5,1,0,6,6,10,1,5,5,12,6,19
2182,1434,599533.5,3510169.5,2022,2,3,0,0,3,3,5,1,0,6,6,10,1,5,5,15,12,19
2170,1464,599623.5,3510205.5,2022,2,3,0,0,3,3,5,1,0,6,6,1,13,6,10,17,12,16
2165,1483,599680.5,3510220.5,2022,1,1,3,4,3,0,4,2,1,9,0,5,10,12,1,4,1,2
2180,1502,599737.5,3510175.5,2022,1,1,3,4,3,0,4,6,1,9,0,5,10,12,1,7,1,2
2177,1538,599845.5,3510184.5,2022,1,1,3,2,5,5,1,4,5,2,12,2,4,3,8,16,18,11
2170,1571,599944.5,3510205.5,2022,2,3,3,4,2,1,8,3,9,11,2,7,11,9,0,14,5,13
2177,1612,600067.5,3510184.5,2022,1,1,3,4,3,0,4,6,1,9,0,5,10,12,1,4,1,2
2182,1630,600121.5,3510169.5,2022,2,3,3,4,3,0,5,1,1,9,0,5,10,12,1,4,1,2
2172,1674,600253.5,3510199.5,2022,0,1,3,4,3,0,4,6,2,5,1,1,13,6,9,15,14,7
2180,1696,600319.5,3510175.5,2022,0,0,2,3,3,0,4,6,2,5,1,9,2,15,15,7,13,10
2183,1738,600445.5,3510166.5,2022,2,3,1,4,3,0,4,1,1,9,0,5,10,6,1,4,1,2
2172,1753,600490.5,3510199.5,2022,2,3,0,4,3,0,5,1,1,9,0,5,10,12,1,4,1,2
2185,1784,600583.5,3510160.5,2022,1,1,3,4,3,0,4,6,1,9,0,5,10,12,1,4,1,2
2185,1811,600664.5,3510160.5,2022,2,3,3,4,3,0,5,1,1,6,0,5,10,12,1,4,1,2
2163,1856,600799.5,3510226.5,2022,1,1,3,4,3,0,4,6,1,9,0,5,10,12,1,4,1,2
2161,1874,600853.5,3510232.5,2022,0,1,3,4,3,0,4,6,1,9,0,5,10,12,1,4,1,2
2176,1892,600907.5,3510187.5,2022,1,3,3,4,3,0,4,6,1,9,0,5,10,12,1,4,1,2
2187,1934,601033.5,3510154.5,2022,1,1,3,4,3,0,4,6,1,9,0,5,10,12,1,4,1,2
2180,1962,601117.5,3510175.5,2022,1,1,3,4,3,0,4,6,1,9,0,9,2,15,15,7,13,10
2178,1994,601213.5,3510181.5,2022,1,1,3,4,3,0,4,6,1,9,0,5,10,12,1,4,1,2
2180,2014,601273.5,3510175.5,2022,1,1,3,4,3,0,4,6,1,9,0,5,10,15,1,7,1,2
2183,2056,601399.5,3510166.5,2022,1,1,2,2,5,0,4,6,1,9,0,5,10,12,1,4,1,2
2168,2086,601489.5,3510211.5,2022,2,3,3,4,3,0,4,6,1,9,0,5,10,12,1,4,1,2
2176,2117,601582.5,3510187.5,2022,1,1,3,4,3,0,4,6,1,9,0,5,10,12,15,7,13,10
2174,2139,601648.5,3510193.5,2022,1,2,4,5,4,6,3,5,6,3,3,4,3,4,4,5,17,3
2164,2187,601792.5,3510223.5,2022,2,3,0,0,3,3,5,1,0,6,6,10,1,6,5,15,10,19
2188,2216,601879.5,3510151.5,2022,2,3,0,0,3,3,5,1,0,6,6,10,13,6,10,15,12,19
2171,2228,601915.5,3510202.5,2022,2,3,0,1,0,3,5,1,0,6,6,10,1,5,5,15,6,19
2186,2250,601981.5,3510157.5,2022,0,0,1,0,6,7,2,7,10,0,5,3,12,8,10,17,11,16
2189,2280,602071.5,3510148.5,2022,0,0,1,3,6,7,7,0,3,4,9,1,9,0,9,11,0,1
2181,2317,602182.5,3510172.5,2022,1,1,2,2,5,5,1,2,4,10,4,2,0,14,7,1,16,4
2174,2349,602278.5,3510193.5,2022,0,0,1,3,3,0,4,6,2,5,1,9,2,15,9,11,0,6
2189,2399,602428.5,3510148.5,2022,1,1,2,2,5,5,1,4,5,2,12,6,4,3,8,16,18,9
2166,2423,602500.5,3510217.5,2022,0,0,1,3,1,7,7,0,2,5,9,8,9,0,6,11,0,1
2183,2434,602533.5,3510166.5,2022,0,1,2,3,1,2,4,2,2,5,1,9,0,14,7,1,0,1
2163,2475,602656.5,3510226.5,2022,1,1,3,4,5,5,4,2,4,10,4,2,0,14,12,6,14,7
2181,2519,602788.5,3510172.5,2022,0,0,1,0,6,3,2,7,10,0,5,3,12,13,13,10,11,16
2189,2540,602851.5,3510148.5,2022,0,0,1,3,1,2,7,0,2,5,1,9,2,15,15,7,13,10
2188,2554,602893.5,3510151.5,2022,0,0,1,3,1,0,4,6,2,5,1,9,2,15,15,7,13,10
2184,2604,603043.5,3510163.5,2022,1,1,1,3,3,0,4,6,2,5,1,9,2,15,15,7,13,10
2172,2618,603085.5,3510199.5,2022,0,0,1,0,6,7,2,7,2,0,5,3,12,13,13,11,10,6
2181,2654,603193.5,3510172.5,2022,2,3,1,0,6,3,2,7,10,0,5,3,12,13,13,10,10,6
2186,2693,603310.5,3510157.5,2022,2,0,1,0,6,3,2,7,10,0,5,3,12,13,13,10,7,0
2181,2710,603361.5,3510172.5,2022,0,0,1,0,6,7,7,0,3,4,9,8,9,8,2,0,11,6
2164,2745,603466.5,3510223.5,2022,0,0,1,3,1,7,4,6,2,5,1,9,2,15,15,7,13,10
2162,2770,603541.5,3510229.5,2022,2,3,0,0,0,3,2,7,10,6,6,10,1,13,13,10,7,0
2160,2795,603616.5,3510235.5,2022,0,0,1,0,6,3,2,7,10,0,5,3,12,8,10,17,11,16
2166,2831,603724.5,3510217.5,2022,1,1,3,4,2,1,8,3,9,11,2,7,11,9,0,14,5,13
2184,2858,603805.5,3510163.5,2022,1,1,3,4,3,0,4,2,4,10,4,2,14,2,12,6,14,7
2183,2903,603940.5,3510166.5,2022,2,3,0,0,6,3,2,7,0,6,6,11,13,6,10,17,12,16
2160,2915,603976.5,3510235.5,2022,2,3,0,4,3,0,5,1,0,6,6,10,1,5,5,15,6,19
2189,2968,604135.5,3510148.5,2022,2,3,0,1,0,3,5,1,0,6,6,10,1,5,5,10,6,19
2187,2984,604183.5,3510154.5,2022,2,3,1,0,3,0,5,1,0,6,6,10,1,5,5,15,10,6
2184,3017,604282.5,3510163.5,2022,2,3,0,1,0,4,0,8,7,8,8,0,7,11,16,12,6,5
2187,3048,604375.5,3510154.5,2022,2,3,3,4,3,1,5,1,0,6,6,10,1,5,5,12,6,19
2173,3077,604462.5,3510196.5,2022,2,3,3,4,2,1,8,2,4,10,4,2,14,2,12,6,14,7
2180,3106,604549.5,3510175.5,2022,2,1,3,4,2,1,8,2,4,10,4,2,14,2,12,6,14,7
2172,3133,604630.5,3510199.5,2022,2,3,0,1,0,4,0,8,7,7,11,11,8,1,3,13,2,18
2170,3163,604720.5,3510205.5,2022,2,3,3,4,2,1,8,3,9,11,2,7,11,9,0,14,5,13
2161,3203,604840.5,3510232.5,2022,2,3,0,1,0,4,0,8,7,8,8,0,7,11,16,12,8,5
2175,3223,604900.5,3510190.5,2022,1,1,3,4,5,5,1,2,4,10,4,2,14,2,12,6,18,11
2165,3263,605020.5,3510220.5,2022,2,3,0,1,0,4,5,1,7,8,8,0,7,11,16,12,6,5
2172,3272,605047.5,3510199.5,2022,2,3,0,1,0,4,0,8,7,8,8,0,7,11,16,3,8,5
2171,3303,605140.5,3510202.5,2022,2,3,0,1,0,4,5,1,0,6,6,10,1,5,5,12,6,19
2168,3333,605230.5,3510211.5,2022,1,1,3,4,2,1,8,2,4,10,4,2,14,2,12,6,18,11
2191,0,595231.5,3510142.5,2022,0,0,1,0,3,0,4,6,2,5,1,1,13,6,9,11,0,1
2195,30,595321.5,3510130.5,2022,0,0,1,0,6,7,2,7,10,0,5,3,12,8,2,0,11,17
2197,89,595498.5,3510124.5,2022,2,3,1,0,6,3,2,7,10,0,5,1,13,6,10,17,12,16
2200,107,595552.5,3510115.5,2022,0,0,1,0,3,0,4,6,2,5,1,1,13,6,9,11,0,1
2196,137,595642.5,3510127.5,2022,0,0,1,0,6,7,7,0,3,4,9,1,13,6,2,11,0,1
2199,173,595750.5,3510118.5,2022,0,0,1,3,3,0,4,6,2,5,1,9,2,15,9,11,10,6
2206,199,595828.5,3510097.5,2022,0,0,1,3,6,7,7,0,3,4,9,8,9,0,6,8,0,1
2200,221,595894.5,3510115.5,2022,0,0,1,0,6,7,2,0,10,0,5,1,13,6,10,11,0,16
2195,240,595951.5,3510130.5,2022,0,0,1,0,3,0,4,2,2,5,1,1,13,6,9,11,0,1
2203,294,596113.5,3510106.5,2022,0,0,1,0,3,0,4,6,2,5,1,1,13,6,9,11,10,6
2218,322,596197.5,3510061.5,2022,1,1,3,4,3,0,4,6,2,5,1,9,2,15,15,7,13,10
2217,351,596284.5,3510064.5,2022,0,0,1,0,3,0,4,6,2,5,1,1,13,6,9,11,10,6
2193,388,596395.5,3510136.5,2022,1,1,3,4,3,0,4,6,4,10,4,1,13,6,9,15,14,7
2211,395,596416.5,3510082.5,2022,2,3,0,0,6,3,2,7,10,0,5,1,13,6,10,17,12,16
2218,440,596551.5,3510061.5,2022,2,3,0,1,0,4,0,8,7,7,11,0,8,11,3,12,2,5
2218,452,596587.5,3510061.5,2022,2,3,0,1,0,3,5,1,0,7,11,11,1,5,5,15,12,19
2211,499,596728.5,3510082.5,2022,2,3,0,1,0,3,5,1,0,6,6,10,1,5,5,15,12,19
2212,517,596782.5,3510079.5,2022,2,3,0,0,0,3,5,1,0,6,6,10,1,5,5,15,10,19
2190,554,596893.5,3510145.5,2022,2,3,0,1,0,3,5,1,0,6,6,10,1,5,5,15,6,19
2193,588,596995.5,3510136.5,2022,2,3,0,1,0,4,0,8,7,7,11,11,8,1,3,13,2,18
2204,619,597088.5,3510103.5,2022,2,3,0,0,3,3,5,1,0,6,6,10,1,5,5,15,10,19
2204,638,597145.5,3510103.5,2022,2,3,3,4,3,0,5,1,1,9,0,5,10,12,1,4,1,2
2203,672,597247.5,3510106.5,2022,2,3,3,4,3,0,5,1,1,9,0,5,10,12,1,4,1,2
2203,701,597334.5,3510106.5,2022,2,3,0,1,0,4,5,1,0,6,6,10,1,5,5,12,6,19
2197,744,597463.5,3510124.5,2022,2,3,0,1,0,4,5,1,0,6,6,10,1,5,5,12,6,5
2203,775,597556.5,3510106.5,2022,2,3,0,1,0,3,5,1,0,6,11,11,1,5,5,15,12,19
2204,781,597574.5,3510103.5,2022,2,3,0,1,0,4,0,8,7,7,11,11,8,1,3,13,2,18
2204,829,597718.5,3510103.5,2022,2,3,0,1,0,4,5,1,0,6,6,10,1,5,5,12,6,5
2200,858,597805.5,3510115.5,2022,2,3,0,1,0,4,5,1,0,6,6,10,1,5,5,12,6,5
2194,894,597913.5,3510133.5,2022,2,3,0,1,0,4,0,8,7,8,8,0,7,11,16,12,8,5
2204,905,597946.5,3510103.5,2022,2,3,0,1,0,4,5,1,0,6,6,11,1,5,5,12,6,5
2219,948,598075.5,3510058.5,2022,2,3,3,4,3,0,5,1,1,9,0,5,10,12,1,4,1,2
2207,978,598165.5,3510094.5,2022,2,3,0,1,0,4,0,8,7,8,8,0,7,11,16,12,6,5
2218,1004,598243.5,3510061.5,2022,2,3,0,1,0,4,0,8,7,8,8,0,7,11,16,12,6,5
2207,1040,598351.5,3510094.5,2022,2,3,0,1,0,4,5,8,7,8,8,0,7,11,16,12,6,5
2192,1054,598393.5,3510139.5,2022,2,3,0,1,0,4,0,8,7,8,8,0,7,11,16,3,8,5
2190,1105,598546.5,3510145.5,2022,2,3,0,4,0,4,5,1,0,9,0,5,10,12,1,4,1,2
2191,1136,598639.5,3510142.5,2022,2,3,0,1,0,4,5,1,0,6,6,10,1,5,5,12,6,19
2190,1165,598726.5,3510145.5,2022,2,3,1,0,3,3,5,1,0,6,6,1,13,6,9,15,10,19
2212,1197,598822.5,3510079.5,2022,2,3,3,4,2,1,5,3,1,9,0,5,10,12,1,4,1,2
2205,1210,598861.5,3510100.5,2022,1,1,3,4,2,1,8,3,1,9,0,5,10,12,1,4,1,2
2191,1252,598987.5,3510142.5,2022,1,1,3,4,2,1,8,3,9,11,2,7,14,2,12,6,18,11
2211,1284,599083.5,3510082.5,2022,2,3,3,4,2,1,8,3,9,11,2,7,11,9,0,14,5,13
2208,1306,599149.5,3510091.5,2022,2,3,0,1,0,4,0,8,7,8,8,0,7,11,16,12,6,5
2214,1333,599230.5,3510073.5,2022,2,3,0,1,0,4,5,1,7,8,8,0,11,5,5,12,6,5
2202,1371,599344.5,3510109.5,2022,2,3,0,1,0,4,0,8,7,8,8,0,7,11,16,12,5,5
2200,1384,599383.5,3510115.5,2022,2,3,0,1,0,4,0,8,7,8,8,0,7,11,16,12,8,5
2217,1435,599536.5,3510064.5,2022,2,3,0,0,3,3,5,1,0,6,6,1,13,6,10,15,12,19
2191,1442,599557.5,3510142.5,2022,2,3,3,4,2,1,8,3,9,11,2,7,14,2,12,6,14,7
2207,1489,599698.5,3510094.5,2022,1,1,3,4,3,0,4,6,2,5,1,9,2,15,9,11,0,7
2208,1517,599782.5,3510091.5,2022,1,1,3,4,2,1,8,2,4,10,4,2,14,2,12,6,18,11
2212,1546,599869.5,3510079.5,2022,2,3,3,4,2,1,8,3,9,11,2,7,11,9,0,14,5,13
2201,1565,599926.5,3510112.5,2022,1,1,3,4,2,1,8,3,9,11,2,7,14,2,0,6,5,11
2198,1616,600079.5,3510121.5,2022,2,3,3,4,3,0,5,1,1,9,0,5,10,12,1,4,1,2
2191,1648,600175.5,3510142.5,2022,1,1,3,4,3,0,4,6,1,9,0,5,10,12,1,4,1,2
2204,1671,600244.5,3510103.5,2022,1,1,3,4,3,0,4,6,1,9,0,5,10,12,1,4,1,2
2195,1704,600343.5,3510130.5,2022,1,1,3,4,3,0,4,6,1,9,0,5,10,12,1,4,1,2
2217,1717,600382.5,3510064.5,2022,0,0,1,0,3,0,4,6,1,9,0,5,10,12,1,4,1,2
2207,1758,600505.5,3510094.5,2022,0,0,1,4,3,0,4,6,1,9,0,5,10,12,1,4,1,2
2210,1781,600574.5,3510085.5,2022,2,3,0,1,0,3,5,1,0,6,6,10,1,5,5,15,6,19
2205,1807,600652.5,3510100.5,2022,0,1,3,4,3,0,4,6,1,9,0,5,10,12,1,4,1,2
2214,1852,600787.5,3510073.5,2022,0,0,1,4,3,0,4,6,1,9,0,5,10,12,1,4,1,2
2204,1860,600811.5,3510103.5,2022,2,3,0,1,3,3,5,1,0,6,6,10,1,5,5,15,6,19
2197,1907,600952.5,3510124.5,2022,2,3,0,1,3,3,5,1,0,6,6,10,1,5,5,15,10,19
2214,1942,601057.5,3510073.5,2022,0,0,1,3,1,2,4,6,2,5,1,9,2,0,6,11,0,1
2213,1969,601138.5,3510076.5,2022,0,1,3,4,3,0,4,6,1,9,0,5,10,12,1,4,1,2
2209,1982,601177.5,3510088.5,2022,0,1,3,4,3,0,4,6,1,9,0,5,10,12,1,4,1,2
2212,2033,601330.5,3510079.5,2022,2,3,0,0,3,3,2,7,0,6,6,10,1,13,13,10,10,19
2214,2064,601423.5,3510073.5,2022,0,0,2,3,1,0,4,6,2,5,1,9,2,15,15,7,13,10
2204,2070,601441.5,3510103.5,2022,0,1,2,3,3,0,4,6,1,9,0,5,10,15,15,7,13,10
2201,2109,601558.5,3510112.5,2022,0,1,2,3,3,0,4,6,2,5,1,9,2,15,15,7,13,10
2211,2140,601651.5,3510082.5,2022,1,2,4,5,4,6,3,5,6,3,3,4,3,4,4,5,17,3
2192,2172,601747.5,3510139.5,2022,1,1,3,4,2,1,8,2,4,10,4,2,14,2,12,6,14,7
2210,2197,601822.5,3510085.5,2022,0,0,1,0,6,3,2,7,2,5,5,1,13,6,9,11,0,6
2198,2245,601966.5,3510121.5,2022,0,0,1,0,6,7,7,0,3,0,5,1,13,8,2,0,11,17
2197,2254,601993.5,3510124.5,2022,0,0,1,0,6,7,7,0,3,4,9,8,9,8,2,0,11,17
2219,2301,602134.5,3510058.5,2022,1,1,2,2,5,5,4,2,4,10,4,2,0,14,7,1,16,4
2203,2321,602194.5,3510106.5,2022,0,1,3,4,3,0,4,6,2,5,1,9,2,15,9,11,10,6
2204,2354,602293.5,3510103.5,2022,0,0,1,0,6,7,7,0,2,5,1,1,9,6,9,11,0,6
2197,2382,602377.5,3510124.5,2022,1,1,2,2,5,5,1,4,5,2,12,6,4,3,8,16,4,9
2196,2411,602464.5,3510127.5,2022,1,1,2,2,5,5,1,2,4,10,4,2,0,14,7,1,16,4
2200,2459,602608.5,3510115.5,2022,0,0,1,3,1,0,4,6,2,5,1,9,2,15,15,7,13,10
2205,2485,602686.5,3510100.5,2022,0,0,1,3,3,0,4,6,2,5,1,9,2,15,9,11,13,6
2216,2493,602710.5,3510067.5,2022,0,0,1,0,6,3,2,7,10,0,5,3,12,13,13,10,11,17
2205,2545,602866.5,3510100.5,2022,0,0,1,0,6,3,2,7,10,0,5,3,12,13,13,10,7,0
2214,2565,602926.5,3510073.5,2022,0,0,1,0,6,7,2,7,3,0,5,3,12,8,2,0,11,17
2219,2608,603055.5,3510058.5,2022,2,3,0,0,6,3,2,7,10,0,5,3,12,13,13,10,7,0
2193,2617,603082.5,3510136.5,2022,0,0,1,0,6,7,7,0,3,4,9,8,9,8,2,0,11,17
2211,2641,603154.5,3510082.5,2022,0,0,1,0,6,7,2,7,2,0,5,1,13,6,9,11,10,6
2212,2681,603274.5,3510079.5,2022,0,0,1,0,6,7,2,7,10,0,5,3,12,8,2,0,11,17
2212,2716,603379.5,3510079.5,2022,0,0,1,0,6,3,2,7,10,0,5,3,12,13,10,17,12,16
2191,2752,603487.5,3510142.5,2022,0,0,1,0,6,3,2,7,10,0,5,1,13,6,9,11,10,6
2207,2787,603592.5,3510094.5,2022,0,0,1,0,6,7,2,7,10,0,5,3,12,8,2,0,11,17
2204,2793,603610.5,3510103.5,2022,0,0,1,0,6,7,7,0,3,4,9,8,9,8,2,0,11,17
2206,2835,603736.5,3510097.5,2022,2,3,0,1,0,4,5,1,0,6,6,10,1,5,5,15,6,19
2199,2855,603796.5,3510118.5,2022,1,1,2,2,5,5,1,2,4,10,4,6,0,14,7,1,16,4
2206,2885,603886.5,3510097.5,2022,1,1,2,2,5,5,1,2,4,10,4,2,0,14,7,1,16,4
2218,2912,603967.5,3510061.5,2022,2,3,3,4,3,0,5,1,0,6,6,10,1,5,5,15,14,7
2203,2949,604078.5,3510106.5,2022,2,3,0,1,3,3,5,1,0,6,6,10,1,5,5,15,6,19
2211,2977,604162.5,3510082.5,2022,2,3,3,4,3,0,5,1,0,6,6,10,1,5,5,15,10,19
2201,3005,604246.5,3510112.5,2022,0,0,1,0,3,0,4,6,2,5,1,9,2,15,9,11,10,6
2214,3034,604333.5,3510073.5,2022,2,3,0,1,3,0,5,1,0,6,6,10,1,5,5,15,6,19
2210,3060,604411.5,3510085.5,2022,2,3,0,1,0,4,5,1,0,6,6,10,1,5,5,12,6,19
2213,3116,604579.5,3510076.5,2022,2,3,3,4,3,1,5,1,0,6,6,10,1,5,5,15,6,19
2210,3142,604657.5,3510085.5,2022,1,1,3,4,2,1,8,2,4,10,4,2,14,2,12,6,14,11
2202,3178,604765.5,3510109.5,2022,2,3,0,1,0,4,5,1,0,6,6,10,1,5,5,12,6,5
2205,3196,604819.5,3510100.5,2022,2,3,0,1,0,4,5,1,0,6,6,10,1,5,5,12,6,19
2219,3218,604885.5,3510058.5,2022,2,3,0,1,0,4,0,8,7,8,8,0,7,11,16,12,6,5
2203,3269,605038.5,3510106.5,2022,2,3,0,4,0,4,5,1,0,6,6,10,1,5,5,12,6,19
2201,3271,605044.5,3510112.5,2022,2,3,3,4,2,1,8,3,9,11,2,7,11,9,0,14,5,13
2191,3303,605140.5,3510142.5,2022,2,3,3,4,2,1,8,3,9,11,2,7,11,9,0,14,5,13
2217,3333,605230.5,3510064.5,2022,2,3,0,1,2,4,8,3,9,11,2,7,11,9,0,14,5,13
2243,8,595255.5,3509986.5,2022,0,0,3,4,3,0,4,2,4,10,4,1,13,6,9,15,14,7
2237,33,595330.5,3510004.5,2022,2,3,3,4,2,1,8,2,4,10,4,2,14,2,12,6,14,7
2245,70,595441.5,3509980.5,2022,0,0,1,4,3,0,4,6,2,5,1,1,13,6,9,11,0,1
2228,110,595561.5,3510031.5,2022,0,0,1,3,1,7,7,0,2,5,1,9,2,0,6,11,0,1
2229,136,595639.5,3510028.5,2022,0,0,1,3,1,7,7,0,3,4,9,8,9,0,6,8,0,1
2231,154,595693.5,3510022.5,2022,0,0,1,3,3,0,4,6,2,5,1,9,2,15,15,7,13,10
2222,204,595843.5,3510049.5,2022,0,0,1,0,6,3,2,7,2,0,5,1,13,6,9,11,12,6
2243,218,595885.5,3509986.5,2022,0,0,1,0,6,3,2,7,10,0,5,1,13,6,10,17,12,16
2241,246,595969.5,3509992.5,2022,0,0,1,0,6,7,2,0,10,0,5,1,13,6,10,11,0,16
2239,285,596086.5,3509998.5,2022,0,0,1,0,6,7,7,0,2,5,1,1,13,6,9,11,0,1
2220,317,596182.5,3510055.5,2022,0,0,1,0,3,0,4,6,2,5,1,1,13,6,9,11,10,6
2231,337,596242.5,3510022.5,2022,2,3,0,1,0,3,5,1,0,6,6,10,1,5,5,15,12,19
2234,385,596386.5,3510013.5,2022,0,0,3,4,3,0,4,6,1,9,1,5,10,12,9,4,1,2
2229,401,596434.5,3510028.5,2022,2,3,0,1,0,4,0,8,7,7,11,11,8,1,3,13,2,18
2237,442,596557.5,3510004.5,2022,2,3,0,1,0,3,5,1,0,7,11,11,8,1,3,13,12,18
2229,470,596641.5,3510028.5,2022,2,0,1,0,6,3,2,7,10,0,5,3,12,6,10,17,12,16
2232,480,596671.5,3510019.5,2022,2,3,0,0,3,3,5,1,0,6,6,10,1,5,5,15,10,19
2246,523,596800.5,3509977.5,2022,2,3,0,1,0,3,5,1,0,6,6,10,1,5,10,17,12,19
2244,567,596932.5,3509983.5,2022,0,0,1,3,3,0,4,6,2,5,1,9,2,15,9,11,10,6
2244,582,596977.5,3509983.5,2022,2,3,0,0,3,0,5,1,0,6,6,10,1,5,5,15,10,19
2249,616,597079.5,3509968.5,2022,2,3,3,4,3,0,4,6,1,9,0,5,10,12,1,4,1,2
2220,640,597151.5,3510055.5,2022,2,3,3,4,3,0,5,6,1,9,0,5,10,12,1,4,1,2
2249,685,597286.5,3509968.5,2022,2,3,0,4,3,0,5,1,0,6,6,10,1,5,5,4,1,19
2242,696,597319.5,3509989.5,2022,2,3,3,4,3,0,5,1,1,9,0,5,10,12,1,4,1,2
2237,739,597448.5,3510004.5,2022,2,3,0,4,3,0,5,1,1,9,0,5,10,12,1,4,1,2
2229,756,597499.5,3510028.5,2022,2,3,0,4,3,0,5,1,0,6,6,10,1,5,5,4,1,19
2244,799,597628.5,3509983.5,2022,2,3,0,4,3,0,5,1,1,9,0,5,10,12,1,4,1,2
2232,838,597745.5,3510019.5,2022,2,3,3,4,3,0,5,1,1,9,0,5,10,12,1,4,1,2
2221,856,597799.5,3510052.5,2022,2,3,0,1,3,3,5,1,0,6,6,10,1,5,5,15,12,19
2223,895,597916.5,3510046.5,2022,2,3,0,1,0,4,0,8,7,8,8,0,7,11,16,12,2,5
2239,902,597937.5,3509998.5,2022,2,3,0,1,0,4,0,8,7,8,8,0,7,11,16,12,8,5
2221,949,598078.5,3510052.5,2022,2,3,0,4,3,4,5,1,1,9,0,5,10,12,1,4,1,2
2243,989,598198.5,3509986.5,2022,2,3,0,1,0,4,0,8,7,8,8,0,7,11,16,12,6,5
2225,1004,598243.5,3510040.5,2022,2,3,0,1,0,4,0,8,7,8,8,0,7,11,16,3,8,5
2229,1044,598363.5,3510028.5,2022,2,3,1,0,3,0,5,1,0,6,6,1,13,6,9,15,12,16
2239,1076,598459.5,3509998.5,2022,2,3,0,1,0,4,0,8,7,8,8,0,7,11,16,12,6,5
2239,1102,598537.5,3509998.5,2022,2,3,0,1,0,4,5,1,0,6,6,10,1,5,5,12,6,5
2245,1131,598624.5,3509980.5,2022,2,3,0,1,0,4,0,8,7,7,11,11,8,5,3,12,6,5
2223,1156,598699.5,3510046.5,2022,0,0,1,0,3,0,4,6,2,5,1,1,13,6,9,11,10,6
2244,1175,598756.5,3509983.5,2022,2,3,3,4,3,0,5,1,1,9,0,5,10,12,1,4,1,2
2241,1224,598903.5,3509992.5,2022,2,3,0,4,3,0,5,1,0,6,6,10,1,5,5,15,12,19
2247,1254,598993.5,3509974.5,2022,1,1,3,4,2,1,8,2,4,10,4,2,14,2,12,6,14,7
2229,1269,599038.5,3510028.5,2022,1,1,3,4,3,0,5,1,1,9,0,5,10,12,1,4,1,2
2239,1299,599128.5,3509998.5,2022,2,3,3,4,2,1,8,3,9,11,2,7,11,9,0,14,5,13
2245,1348,599275.5,3509980.5,2022,2,3,3,4,2,1,8,3,9,11,2,7,11,9,0,14,5,13
2238,1364,599323.5,3510001.5,2022,2,3,3,4,2,1,8,3,9,11,2,7,11,5,5,15,14,7
2240,1402,599437.5,3509995.5,2022,2,3,0,1,0,3,5,1,0,7,11,11,8,1,3,13,12,19
2229,1427,599512.5,3510028.5,2022,2,3,3,4,3,1,5,1,0,6,6,1,13,6,5,15,14,7
2231,1466,599629.5,3510022.5,2022,1,1,3,4,3,0,4,2,4,10,4,2,14,2,12,6,14,7
2236,1471,599644.5,3510007.5,2022,2,3,0,0,3,3,5,1,0,6,6,10,13,6,5,15,12,19
2235,1511,599764.5,3510010.5,2022,1,1,3,4,3,0,4,6,1,9,0,5,10,12,1,4,18,2
2230,1556,599899.5,3510025.5,2022,1,1,3,4,2,1,8,2,4,10,4,2,14,2,12,6,14,7
2243,1560,599911.5,3509986.5,2022,1,1,3,4,2,1,8,3,9,11,2,7,14,2,12,6,14,7
2226,1592,600007.5,3510037.5,2022,2,1,3,4,3,0,4,6,1,9,0,5,10,12,1,4,1,2
2234,1623,600100.5,3510013.5,2022,2,3,0,4,3,0,5,1,0,6,6,10,13,6,5,15,10,19
2239,1669,600238.5,3509998.5,2022,0,0,1,4,3,0,4,6,1,9,0,5,10,12,1,4,1,2
2246,1693,600310.5,3509977.5,2022,0,1,3,4,3,0,4,6,1,9,0,5,10,12,1,4,1,2
2248,1722,600397.5,3509971.5,2022,0,0,3,4,3,0,4,6,1,9,0,5,10,12,1,4,1,2
2238,1755,600496.5,3510001.5,2022,2,3,0,0,3,3,5,1,0,6,6,10,1,5,5,15,10,19
2244,1784,600583.5,3509983.5,2022,0,1,1,4,3,0,4,6,1,9,0,5,10,15,1,4,1,2
2233,1823,600700.5,3510016.5,2022,0,1,2,3,3,0,4,6,2,5,1,9,2,15,9,11,0,1
2245,1855,600796.5,3509980.5,2022,0,1,3,4,3,0,4,6,1,9,0,5,10,12,1,4,1,2
2243,1877,600862.5,3509986.5,2022,1,1,3,4,3,0,4,6,1,9,0,5,10,12,1,4,1,2
2220,1895,600916.5,3510055.5,2022,0,0,3,4,3,0,4,6,1,9,0,5,10,12,1,4,1,2
2224,1925,601006.5,3510043.5,2022,0,0,1,0,3,0,4,6,2,5,1,1,13,6,9,11,0,1
2233,1957,601102.5,3510016.5,2022,2,3,0,0,3,0,5,1,0,6,6,10,1,5,5,15,10,19
2244,2009,601258.5,3509983.5,2022,1,1,2,2,5,2,4,6,5,5,1,9,2,15,15,7,13,10
2234,2030,601321.5,3510013.5,2022,0,0,1,0,3,0,4,6,2,5,1,1,13,6,9,11,10,6
2244,2043,601360.5,3509983.5,2022,0,0,1,3,1,7,7,0,2,5,9,8,9,0,6,11,0,1
2248,2076,601459.5,3509971.5,2022,0,0,1,3,1,0,4,6,2,5,1,9,2,15,9,11,0,6
2222,2119,601588.5,3510049.5,2022,1,1,2,3,3,0,4,6,1,5,1,9,2,15,15,7,13,10
2247,2155,601696.5,3509974.5,2022,1,1,3,2,5,5,1,2,4,10,4,2,14,2,12,6,16,4
2231,2187,601792.5,3510022.5,2022,1,1,3,2,5,5,1,2,4,10,4,2,14,2,12,6,18,11
2236,2203,601840.5,3510007.5,2022,0,0,1,0,3,0,4,7,2,5,1,1,13,6,9,11,0,1
2249,2221,601894.5,3509968.5,2022,0,0,1,0,6,7,7,0,3,4,9,8,9,0,2,0,0,17
2241,2278,602065.5,3509992.5,2022,0,0,1,0,6,7,2,0,2,0,5,1,13,6,9,11,0,6
2236,2285,602086.5,3510007.5,2022,0,0,1,3,1,7,4,0,2,5,1,1,2,0,9,11,0,1
2248,2336,602239.5,3509971.5,2022,1,1,2,2,5,5,1,2,4,10,4,6,0,14,7,1,16,4
2240,2362,602317.5,3509995.5,2022,1,1,2,2,5,5,1,2,4,10,4,2,0,14,7,1,16,4
2223,2378,602365.5,3510046.5,2022,1,1,3,4,2,1,8,2,4,10,4,2,14,2,12,6,14,7
2240,2412,602467.5,3509995.5,2022,1,1,2,2,5,5,1,2,4,10,4,2,0,14,7,1,16,4
2233,2446,602569.5,3510016.5,2022,0,0,1,0,6,7,7,0,3,0,5,3,9,8,2,0,11,17
2226,2466,602629.5,3510037.5,2022,0,0,1,0,6,7,7,0,3,4,9,1,9,6,9,11,0,1
2238,2494,602713.5,3510001.5,2022,0,0,1,0,6,7,7,0,3,0,5,1,13,6,2,11,11,6
2236,2538,602845.5,3510007.5,2022,0,0,1,0,6,7,7,0,3,4,9,1,9,0,6,11,0,1
2232,2572,602947.5,3510019.5,2022,0,0,1,0,6,7,7,0,3,4,9,8,9,0,6,11,0,1
2243,2589,602998.5,3509986.5,2022,0,0,1,0,6,7,7,0,3,4,9,3,9,8,2,0,11,17
2232,2626,603109.5,3510019.5,2022,0,0,1,0,6,7,2,7,10,0,5,3,12,8,2,0,11,17
2243,2667,603232.5,3509986.5,2022,2,0,1,0,6,3,2,7,10,0,5,3,12,13,13,10,11,17
2246,2692,603307.5,3509977.5,2022,2,3,1,0,6,3,2,7,10,0,5,1,13,6,10,17,12,16
2233,2723,603400.5,3510016.5,2022,2,0,1,0,6,3,2,7,10,0,5,3,12,13,10,17,12,16
2223,2742,603457.5,3510046.5,2022,0,0,1,0,6,3,2,7,10,0,5,3,12,13,10,17,12,16
2248,2782,603577.5,3509971.5,2022,1,1,3,2,5,5,1,2,4,10,4,2,0,14,12,6,14,7
2241,2819,603688.5,3509992.5,2022,0,0,1,0,6,3,2,7,2,0,5,1,13,6,9,11,12,16
2223,2835,603736.5,3510046.5,2022,2,3,0,0,6,3,2,7,10,0,5,3,12,13,13,10,7,0
2230,2854,603793.5,3510025.5,2022,1,1,3,2,2,5,8,2,4,10,4,2,14,2,12,6,14,7
2237,2898,603925.5,3510004.5,2022,1,1,3,4,2,0,4,2,4,10,4,2,14,2,12,6,14,7
2234,2911,603964.5,3510013.5,2022,2,3,3,4,2,1,8,1,4,10,6,2,14,2,12,6,14,7
2239,2967,604132.5,3509998.5,2022,0,0,1,0,3,0,4,6,2,5,1,1,13,6,9,11,10,6
2232,2972,604147.5,3510019.5,2022,1,1,2,2,5,5,1,2,4,10,4,2,0,14,12,1,16,4
2235,3020,604291.5,3510010.5,2022,1,1,3,4,2,1,8,3,9,11,2,2,14,2,12,6,14,7
2236,3031,604324.5,3510007.5,2022,2,3,0,1,0,4,5,1,0,6,6,10,1,5,5,15,6,19
2225,3065,604426.5,3510040.5,2022,2,3,0,1,0,3,5,1,0,6,6,10,1,5,5,15,6,19
2235,3100,604531.5,3510010.5,2022,1,1,3,4,2,5,1,2,4,10,4,2,14,2,12,6,14,7
2234,3131,604624.5,3510013.5,2022,1,1,3,4,2,1,8,2,4,10,4,2,14,2,12,6,14,7
2230,3161,604714.5,3510025.5,2022,2,3,0,1,0,4,0,8,7,8,8,0,7,11,16,12,6,5
2222,3194,604813.5,3510049.5,2022,2,3,0,1,0,4,0,8,7,8,8,0,7,11,16,3,8,5
2223,3224,604903.5,3510046.5,2022,2,3,0,1,0,4,0,8,7,8,8,0,7,11,16,3,8,8
2220,3269,605038.5,3510055.5,2022,2,3,0,1,0,4,0,8,7,8,8,0,7,11,16,12,7,0
2220,3283,605080.5,3510055.5,2022,2,3,0,1,0,4,0,8,0,6,11,10,1,13,13,10,7,0
2220,3316,605179.5,3510055.5,2022,2,3,3,4,2,1,8,3,9,11,2,7,11,9,0,14,5,13
2234,3332,605227.5,3510013.5,2022,2,3,0,1,0,4,5,1,7,8,8,0,7,5,5,12,6,5
2269,6,595249.5,3509908.5,2022,0,0,1,0,6,3,2,7,10,0,5,1,13,6,10,17,12,16
2265,44,595363.5,3509920.5,2022,2,3,0,1,0,4,0,8,7,7,11,11,8,1,3,13,2,18
2272,86,595489.5,3509899.5,2022,2,3,1,0,6,3,2,7,10,0,5,1,13,6,10,17,12,16
2259,103,595540.5,3509938.5,2022,2,3,1,0,3,3,2,1,0,6,6,1,13,6,10,17,12,16
2279,130,595621.5,3509878.5,2022,1,1,3,4,3,0,4,2,1,9,0,5,10,12,1,4,1,2
2262,150,595681.5,3509929.5,2022,0,0,1,0,6,3,2,7,10,0,5,1,13,6,10,17,12,16
2266,197,595822.5,3509917.5,2022,2,3,1,0,6,3,2,7,10,0,5,1,13,6,10,17,12,16
2269,230,595921.5,3509908.5,2022,0,0,1,0,6,7,7,0,2,5,1,1,13,6,9,11,0,6
2258,266,596029.5,3509941.5,2022,0,0,1,0,6,7,7,0,3,4,9,8,9,0,6,11,0,1
2255,271,596044.5,3509950.5,2022,0,0,1,3,1,7,7,0,2,5,1,8,2,0,6,11,0,1
2279,329,596218.5,3509878.5,2022,0,0,1,3,3,0,4,6,2,5,1,9,2,15,9,11,0,6
2264,341,596254.5,3509923.5,2022,2,3,0,0,3,3,5,1,0,6,6,10,13,6,5,15,10,19
2271,383,596380.5,3509902.5,2022,2,3,0,0,3,0,5,1,0,6,6,10,1,6,5,15,10,19
2273,407,596452.5,3509896.5,2022,2,3,3,4,3,0,4,6,1,9,0,5,10,12,1,15,10,2
2279,443,596560.5,3509878.5,2022,1,1,3,4,3,0,4,6,1,9,0,5,10,12,1,4,1,2
2269,467,596632.5,3509908.5,2022,2,3,0,0,3,3,5,1,0,6,6,10,13,6,5,15,12,19
2264,492,596707.5,3509923.5,2022,2,3,0,0,3,3,5,1,0,6,6,10,1,5,10,15,12,19
2259,521,596794.5,3509938.5,2022,2,3,0,1,0,3,5,1,0,6,6,10,1,5,5,15,12,19
2277,542,596857.5,3509884.5,2022,2,3,0,1,0,3,2,1,0,7,11,11,8,1,10,17,12,16
2274,591,597004.5,3509893.5,2022,2,3,3,4,3,0,5,1,1,9,0,5,10,12,1,4,1,2
2271,629,597118.5,3509902.5,2022,2,3,0,4,3,0,5,1,1,9,0,5,10,12,1,4,1,2
2261,635,597136.5,3509932.5,2022,2,3,0,4,3,0,5,1,1,9,0,5,10,12,1,4,1,2
2274,660,597211.5,3509893.5,2022,2,3,3,4,3,0,5,6,1,9,0,5,10,12,1,4,1,2
2274,691,597304.5,3509893.5,2022,2,3,0,1,0,4,5,1,0,6,6,10,1,5,5,12,6,19
2260,746,597469.5,3509935.5,2022,2,3,3,4,3,0,5,1,1,9,0,5,10,12,1,4,1,2
2276,762,597517.5,3509887.5,2022,2,3,0,1,0,4,0,8,7,8,8,11,8,5,3,12,6,5
2273,801,597634.5,3509896.5,2022,2,3,0,1,0,4,0,8,7,7,11,11,8,1,3,12,6,5
2256,815,597676.5,3509947.5,2022,2,3,0,1,0,4,5,1,0,6,6,10,1,5,5,12,6,5
2259,860,597811.5,3509938.5,2022,1,1,3,4,3,0,4,6,1,9,0,5,10,12,1,4,1,2
2265,888,597895.5,3509920.5,2022,1,2,4,5,4,6,3,5,6,3,7,12,6,7,11,2,3,15
2253,903,597940.5,3509956.5,2022,2,3,3,4,3,0,5,1,1,9,0,5,10,12,1,4,1,2
2274,931,598024.5,3509893.5,2022,2,3,3,4,3,0,5,1,1,9,0,5,10,12,1,4,1,2
2254,965,598126.5,3509953.5,2022,2,3,3,4,3,0,5,1,1,9,0,5,10,12,1,4,1,2
2264,1006,598249.5,3509923.5,2022,2,3,0,1,0,4,0,8,7,8,8,0,7,11,16,12,6,5
2278,1037,598342.5,3509881.5,2022,2,3,0,1,0,4,0,8,7,8,8,0,7,11,16,12,8,5
2257,1062,598417.5,3509944.5,2022,2,3,0,1,0,4,0,8,7,8,8,0,1,5,5,12,6,5
2265,1082,598477.5,3509920.5,2022,2,3,0,1,0,4,0,8,7,8,8,0,7,11,16,12,6,5
2254,1117,598582.5,3509953.5,2022,2,3,0,1,0,4,5,1,0,6,6,10,1,5,5,12,6,19
2256,1154,598693.5,3509947.5,2022,2,3,0,1,0,4,0,8,7,8,8,0,7,11,3,12,6,5
2254,1196,598819.5,3509953.5,2022,1,2,4,5,4,6,3,5,6,3,7,12,6,7,11,2,3,15
2274,1227,598912.5,3509893.5,2022,2,3,0,1,0,4,5,1,0,6,6,11,8,5,5,12,6,19
2269,1239,598948.5,3509908.5,2022,2,3,3,4,3,1,5,1,0,6,6,5,10,5,5,15,1,19
2264,1278,599065.5,3509923.5,2022,1,3,3,4,2,1,8,3,1,9,0,5,10,12,1,4,1,2
2278,1315,599176.5,3509881.5,2022,2,3,3,4,2,1,8,3,9,11,2,7,11,9,0,14,5,13
2252,1332,599227.5,3509959.5,2022,2,3,0,1,0,4,5,1,0,6,6,11,8,5,5,12,6,5
2275,1374,599353.5,3509890.5,2022,2,3,3,4,3,1,5,1,0,6,6,10,1,5,5,12,6,19
2267,1400,599431.5,3509914.5,2022,2,3,3,4,2,1,8,1,0,6,6,7,14,2,12,6,14,7
2266,1421,599494.5,3509917.5,2022,2,3,0,1,3,3,5,1,0,6,6,10,13,5,10,15,12,19
2260,1455,599596.5,3509935.5,2022,1,1,3,4,2,1,8,2,4,10,4,2,14,2,12,6,14,7
2276,1494,599713.5,3509887.5,2022,1,1,3,4,2,1,8,1,1,9,0,5,10,12,1,4,14,7
2257,1523,599800.5,3509944.5,2022,1,1,3,4,2,1,8,2,4,10,4,2,14,2,12,6,18,11
2267,1550,599881.5,3509914.5,2022,1,2,4,5,4,6,3,5,6,3,7,12,6,7,11,2,3,15
2278,1575,599956.5,3509881.5,2022,1,1,3,4,3,0,4,6,1,9,0,5,10,12,1,4,1,2
2254,1600,600031.5,3509953.5,2022,0,0,1,0,3,0,4,6,2,5,1,9,2,15,9,4,10,6
2256,1641,600154.5,3509947.5,2022,2,1,3,4,3,0,4,6,1,9,0,5,10,12,1,4,1,7
2275,1668,600235.5,3509890.5,2022,1,1,3,4,2,1,8,2,4,10,4,2,14,2,12,6,14,7
2274,1699,600328.5,3509893.5,2022,1,1,3,4,3,0,4,6,1,9,0,5,10,12,1,4,1,2
2253,1725,600406.5,3509956.5,2022,0,0,1,3,3,0,4,6,1,9,0,5,10,12,1,4,1,2
2260,1742,600457.5,3509935.5,2022,1,1,3,4,3,0,4,6,1,9,0,5,10,12,1,4,1,2
2259,1782,600577.5,3509938.5,2022,0,0,1,0,3,0,4,6,2,5,1,9,2,15,9,11,10,6
2250,1825,600706.5,3509965.5,2022,0,0,3,4,3,0,4,6,1,9,0,5,10,12,1,4,1,2
2276,1852,600787.5,3509887.5,2022,1,1,3,4,3,0,4,6,4,10,4,2,0,14,9,11,14,7
2265,1886,600889.5,3509920.5,2022,0,1,2,3,3,0,4,6,1,9,0,9,2,15,15,7,13,10
2259,1898,600925.5,3509938.5,2022,0,0,1,3,3,0,4,6,1,9,0,5,10,12,1,4,1,2
2263,1948,601075.5,3509926.5,2022,0,0,1,3,3,0,4,6,1,9,1,9,2,15,9,4,1,2
2260,1971,601144.5,3509935.5,2022,0,0,1,0,3,0,4,6,2,5,1,9,2,15,9,7,10,6
2256,1982,601177.5,3509947.5,2022,0,0,1,0,3,0,4,6,1,9,0,5,10,6,9,4,1,2
2262,2015,601276.5,3509929.5,2022,0,0,2,3,1,0,4,6,2,5,1,9,2,15,15,7,13,10
2268,2061,601414.5,3509911.5,2022,0,0,1,0,6,7,7,0,3,4,9,8,9,0,6,11,0,1
2277,2077,601462.5,3509884.5,2022,1,1,2,2,5,5,1,4,5,2,12,6,4,3,7,16,4,9
2264,2127,601612.5,3509923.5,2022,1,1,2,2,1,2,6,9,8,1,10,13,5,10,15,7,13,10
2263,2130,601621.5,3509926.5,2022,1,1,2,2,5,5,1,4,5,2,12,6,4,3,15,7,4,9
2257,2163,601720.5,3509944.5,2022,1,2,4,5,4,6,3,5,6,3,3,4,3,4,4,5,17,3
2264,2213,601870.5,3509923.5,2022,1,1,3,4,2,1,8,2,4,10,4,2,14,2,12,6,14,7
2268,2222,601897.5,3509911.5,2022,0,0,1,3,1,7,7,0,3,4,9,8,9,0,6,8,15,12
2251,2278,602065.5,3509962.5,2022,0,1,2,3,3,0,4,6,2,5,1,9,2,15,9,11,0,1
2277,2302,602137.5,3509884.5,2022,1,1,2,2,5,5,1,2,4,10,4,2,0,14,12,1,16,4
2250,2321,602194.5,3509965.5,2022,1,1,2,2,5,5,1,4,5,2,12,6,4,3,7,1,4,4
2265,2355,602296.5,3509920.5,2022,0,0,1,3,1,7,7,0,2,5,1,9,2,0,6,8,15,12
2266,2391,602404.5,3509917.5,2022,0,0,1,3,1,0,4,6,2,5,1,9,2,15,15,7,13,10
2279,2404,602443.5,3509878.5,2022,0,0,1,0,6,7,2,7,10,0,5,1,13,6,9,11,11,6
2251,2448,602575.5,3509962.5,2022,0,0,1,3,6,7,7,0,3,4,9,8,9,0,6,8,15,12
2257,2479,602668.5,3509944.5,2022,0,0,1,0,6,7,7,0,3,4,9,8,9,8,2,0,11,17
2250,2508,602755.5,3509965.5,2022,0,0,1,0,6,7,7,0,3,4,9,8,9,8,2,0,11,17
2256,2535,602836.5,3509947.5,2022,0,0,1,0,6,7,7,0,3,0,5,3,12,8,2,0,11,17
2250,2569,602938.5,3509965.5,2022,0,0,1,0,6,7,2,7,10,0,5,3,12,8,2,0,11,17
2278,2606,603049.5,3509881.5,2022,0,0,1,0,6,7,7,0,3,0,5,3,9,8,2,0,11,17
2251,2636,603139.5,3509962.5,2022,0,0,1,0,6,3,2,7,10,0,5,3,12,8,2,0,11,17
2260,2661,603214.5,3509935.5,2022,2,3,0,1,0,3,2,7,10,7,11,3,12,13,13,10,7,0
2265,2690,603301.5,3509920.5,2022,2,3,0,0,6,3,2,7,10,0,5,3,12,13,13,10,7,0
2260,2727,603412.5,3509935.5,2022,0,0,1,0,6,3,2,7,10,0,5,3,12,8,10,17,12,16
2253,2737,603442.5,3509956.5,2022,1,1,3,4,2,1,8,2,4,10,4,2,14,2,12,6,14,7
2259,2774,603553.5,3509938.5,2022,1,1,2,2,5,5,4,2,4,10,4,2,0,14,7,1,16,4
2259,2812,603667.5,3509938.5,2022,0,0,1,0,6,3,2,7,10,0,5,1,13,6,10,17,12,16
2253,2846,603769.5,3509956.5,2022,2,3,0,1,3,3,5,1,0,6,6,10,1,5,5,15,10,19
2252,2872,603847.5,3509959.5,2022,1,1,3,4,2,1,8,2,4,10,4,2,14,2,12,6,14,7
2259,2881,603874.5,3509938.5,2022,2,3,0,1,0,4,0,8,7,8,8,0,7,11,16,12,8,5
2278,2927,604012.5,3509881.5,2022,1,1,2,2,5,5,1,4,5,2,12,6,0,14,7,1,16,4
2260,2953,604090.5,3509935.5,2022,2,3,0,1,0,3,2,7,10,7,11,11,8,13,13,10,7,0
2252,2995,604216.5,3509959.5,2022,2,3,0,1,0,3,2,7,10,7,11,11,8,13,13,10,7,0
2261,3019,604288.5,3509932.5,2022,2,3,0,0,0,3,2,7,10,0,11,11,12,13,10,17,12,16
2264,3038,604345.5,3509923.5,2022,2,3,1,0,6,3,2,7,10,0,5,3,12,13,10,17,12,16
2255,3088,604495.5,3509950.5,2022,1,1,2,2,5,5,1,2,4,10,4,2,0,14,7,1,16,4
2278,3106,604549.5,3509881.5,2022,1,1,2,2,5,5,1,4,5,2,12,6,0,14,7,1,16,4
2269,3120,604591.5,3509908.5,2022,1,1,2,2,5,5,1,4,5,2,12,6,4,3,8,16,4,9
2273,3165,604726.5,3509896.5,2022,2,3,3,4,3,1,5,1,0,6,6,10,1,5,5,15,14,19
2277,3202,604837.5,3509884.5,2022,2,3,0,1,0,4,5,1,0,6,6,10,1,5,5,12,6,19
2258,3220,604891.5,3509941.5,2022,1,1,3,4,2,1,8,3,9,11,2,7,11,9,0,14,5,11
2252,3248,604975.5,3509959.5,2022,2,3,0,1,0,4,0,8,7,8,8,0,7,11,16,12,8,5
2256,3294,605113.5,3509947.5,2022,2,3,0,1,0,4,0,8,7,7,11,10,1,5,5,12,6,0
2275,3325,605206.5,3509890.5,2022,1,1,3,4,2,1,8,3,9,11,2,7,14,2,12,6,14,7
2255,3333,605230.5,3509950.5,2022,2,3,0,4,0,1,5,1,0,6,6,10,1,5,5,12,6,5
2303,25,595306.5,3509806.5,2022,0,0,1,0,6,7,2,7,10,0,5,3,13,8,10,17,11,16
2290,42,595357.5,3509845.5,2022,0,0,1,0,6,7,2,7,10,0,5,3,12,8,10,17,11,16
2298,68,595435.5,3509821.5,2022,2,3,0,0,6,3,2,7,10,0,5,3,12,1,10,17,12,16
2281,108,595555.5,3509872.5,2022,1,2,4,5,4,6,3,5,6,3,7,12,6,7,11,2,3,15
2308,140,595651.5,3509791.5,2022,0,0,1,0,6,7,2,7,10,0,5,3,12,8,2,0,11,17
2291,159,595708.5,3509842.5,2022,0,0,1,0,6,7,7,0,3,4,9,8,9,0,6,8,0,1
2288,195,595816.5,3509851.5,2022,0,0,1,0,6,7,2,7,2,5,1,1,13,6,9,11,0,6
2283,223,595900.5,3509866.5,2022,0,0,1,0,6,3,2,7,10,0,5,1,13,6,10,17,12,16
2283,257,596002.5,3509866.5,2022,2,3,0,0,3,3,2,1,0,6,6,1,13,6,10,17,12,16
2308,290,596101.5,3509791.5,2022,1,2,4,5,4,6,3,5,6,3,7,12,6,7,11,2,3,15
2306,304,596143.5,3509797.5,2022,2,3,0,1,3,3,5,1,0,6,6,10,1,5,5,15,12,19
2302,331,596224.5,3509809.5,2022,1,2,4,5,4,6,3,5,6,3,7,12,6,7,11,2,3,15
2305,372,596347.5,3509800.5,2022,1,2,4,5,4,6,3,5,6,3,3,4,3,4,4,5,17,3
2300,409,596458.5,3509815.5,2022,2,3,3,4,3,0,5,1,1,9,0,5,10,12,1,4,1,2
2293,421,596494.5,3509836.5,2022,0,1,3,4,3,0,4,6,1,9,0,5,10,12,9,15,10,6
2295,470,596641.5,3509830.5,2022,2,3,0,1,0,4,5,1,0,7,11,11,8,5,5,12,6,19
2298,495,596716.5,3509821.5,2022,2,3,0,1,0,4,0,8,7,7,11,11,8,1,3,13,2,18
2305,519,596788.5,3509800.5,2022,2,3,0,1,0,4,5,1,0,6,6,10,1,5,5,12,6,19
2300,553,596890.5,3509815.5,2022,2,3,3,4,3,0,5,1,1,9,0,5,10,12,1,4,1,2
2281,579,596968.5,3509872.5,2022,2,3,0,1,3,3,5,1,0,6,6,10,1,5,5,15,6,19
2284,611,597064.5,3509863.5,2022,2,3,0,4,3,0,5,1,1,9,0,5,10,12,1,4,1,2
2285,655,597196.5,3509860.5,2022,2,3,0,1,0,4,5,1,0,6,8,10,1,5,5,12,6,5
2287,666,597229.5,3509854.5,2022,2,3,0,1,0,4,5,1,7,8,8,0,1,5,5,12,6,5
2292,696,597319.5,3509839.5,2022,2,3,0,1,0,4,5,1,0,6,8,10,1,5,5,12,6,5
2308,740,597451.5,3509791.5,2022,2,3,1,0,6,3,2,7,10,0,5,1,13,6,10,17,12,16
2303,779,597568.5,3509806.5,2022,2,3,3,4,3,0,5,1,1,9,0,5,10,12,1,4,1,2
2297,807,597652.5,3509824.5,2022,2,3,0,1,0,4,0,8,7,7,11,11,8,1,3,13,6,18
2288,830,597721.5,3509851.5,2022,2,3,0,0,3,3,5,1,0,6,6,10,1,5,5,15,12,19
2281,863,597820.5,3509872.5,2022,2,3,0,1,0,3,2,7,0,7,11,11,8,1,10,17,12,16
2280,881,597874.5,3509875.5,2022,2,3,0,4,3,0,5,1,0,6,6,10,1,5,5,15,6,19
2306,904,597943.5,3509797.5,2022,2,3,0,1,0,4,0,8,7,8,8,0,7,11,3,13,2,5
2294,950,598081.5,3509833.5,2022,1,1,3,4,3,0,5,6,1,9,0,5,10,12,1,4,1,2
2300,985,598186.5,3509815.5,2022,2,3,0,1,0,4,0,8,7,8,8,0,7,11,16,12,8,5
2281,1009,598258.5,3509872.5,2022,2,3,0,1,0,4,0,8,7,8,8,0,7,11,16,12,8,5
2298,1045,598366.5,3509821.5,2022,2,3,0,1,0,4,5,1,0,8,8,10,1,5,5,12,6,5
2308,1070,598441.5,3509791.5,2022,2,3,0,1,0,4,5,8,7,8,8,0,7,5,5,12,6,5
2286,1084,598483.5,3509857.5,2022,2,3,0,1,0,4,5,1,0,6,6,10,1,5,5,12,6,5
2307,1139,598648.5,3509794.5,2022,2,3,3,4,2,1,8,1,0,11,2,7,11,5,5,15,14,7
2308,1140,598651.5,3509791.5,2022,2,3,3,4,2,1,8,3,9,11,2,7,14,2,12,6,14,7
2302,1177,598762.5,3509809.5,2022,2,3,3,4,3,0,5,1,1,9,0,5,10,12,1,4,1,2
2283,1214,598873.5,3509866.5,2022,2,1,3,4,2,1,8,3,9,11,2,7,14,2,12,6,14,7
2307,1250,598981.5,3509794.5,2022,2,1,3,4,2,1,8,2,4,10,4,2,14,2,12,6,14,7
2308,1288,599095.5,3509791.5,2022,2,3,0,1,0,4,0,8,7,7,11,11,8,1,3,13,2,18
2286,1312,599167.5,3509857.5,2022,2,3,3,4,2,1,8,3,9,11,2,7,11,9,0,14,5,13
2292,1321,599194.5,3509839.5,2022,1,1,3,4,2,1,8,3,1,9,0,5,10,12,1,4,1,2
2290,1375,599356.5,3509845.5,2022,2,3,0,4,3,3,5,1,0,6,6,10,1,5,5,15,12,19
2282,1388,599395.5,3509869.5,2022,2,3,0,1,3,3,5,1,0,6,6,10,1,5,5,15,6,19
2297,1428,599515.5,3509824.5,2022,2,3,0,1,3,3,5,1,0,6,6,11,13,1,10,15,12,16
2294,1458,599605.5,3509833.5,2022,1,1,3,4,3,0,4,6,1,9,0,5,10,12,1,4,1,2
2289,1495,599716.5,3509848.5,2022,1,1,3,4,2,1,8,2,4,10,4,2,14,2,12,6,14,7
2309,1501,599734.5,3509788.5,2022,2,3,0,1,3,0,5,1,0,6,6,10,1,5,5,12,6,19
2281,1547,599872.5,3509872.5,2022,1,1,2,2,5,5,1,4,5,2,12,6,4,3,8,16,4,9
2297,1571,599944.5,3509824.5,2022,1,1,3,4,3,0,4,6,1,9,0,5,10,12,1,4,1,2
2308,1610,600061.5,3509791.5,2022,1,1,3,4,3,0,4,2,4,10,4,1,13,6,9,6,14,7
2290,1627,600112.5,3509845.5,2022,1,1,3,4,5,5,1,2,1,9,0,5,10,12,1,4,18,2
2308,1671,600244.5,3509791.5,2022,1,1,3,4,3,0,4,6,1,9,0,5,10,12,1,4,1,2
2283,1687,600292.5,3509866.5,2022,0,1,3,4,3,0,4,6,1,9,0,5,10,12,1,4,1,2
2294,1717,600382.5,3509833.5,2022,0,1,3,4,3,0,4,6,1,9,0,5,10,12,1,4,1,2
2280,1765,600526.5,3509875.5,2022,1,1,3,4,3,0,4,6,1,9,0,5,10,12,1,4,1,2
2309,1791,600604.5,3509788.5,2022,1,1,3,4,3,0,4,6,1,9,0,5,10,12,1,4,1,2
2302,1818,600685.5,3509809.5,2022,0,0,1,0,3,0,4,6,2,5,1,1,13,6,9,11,10,6
2299,1847,600772.5,3509818.5,2022,0,1,2,3,3,0,4,6,1,9,0,5,10,12,1,4,1,2
2297,1887,600892.5,3509824.5,2022,0,0,2,3,3,0,4,6,2,5,1,9,2,15,15,7,13,10
2304,1894,600913.5,3509803.5,2022,1,1,3,4,3,0,4,6,1,9,0,5,10,12,1,4,1,2
2292,1945,601066.5,3509839.5,2022,0,0,1,3,3,0,4,6,2,5,1,9,2,15,9,11,0,6
2299,1952,601087.5,3509818.5,2022,1,1,3,4,3,0,4,6,1,9,0,5,10,12,1,4,1,2
2286,1988,601195.5,3509857.5,2022,0,0,1,3,3,0,4,6,2,5,1,9,2,15,9,7,13,6
2292,2018,601285.5,3509839.5,2022,1,1,2,2,5,2,6,4,5,2,12,9,4,15,15,7,13,10
2294,2069,601438.5,3509833.5,2022,1,1,3,4,3,0,4,2,4,10,4,2,0,14,12,6,14,7
2302,2075,601456.5,3509809.5,2022,1,1,2,2,5,5,1,2,4,10,4,9,0,14,7,1,16,4
2304,2110,601561.5,3509803.5,2022,1,1,2,2,5,5,1,4,5,2,12,6,4,3,8,16,4,9
2290,2138,601645.5,3509845.5,2022,1,1,2,2,5,5,1,4,5,2,12,6,4,3,8,16,4,9
2304,2189,601798.5,3509803.5,2022,1,1,2,2,5,5,1,4,5,2,12,6,4,3,7,16,18,4
2290,2213,601870.5,3509845.5,2022,0,0,1,3,1,7,7,0,2,5,1,9,2,0,6,11,0,12
2309,2244,601963.5,3509788.5,2022,0,0,1,3,1,7,7,0,2,5,1,9,2,0,6,11,0,12
2303,2268,602035.5,3509806.5,2022,1,1,2,2,5,5,1,4,5,2,12,6,0,14,7,1,13,10
2302,2301,602134.5,3509809.5,2022,1,1,2,2,5,5,1,2,4,10,4,2,0,14,7,1,16,4
2286,2312,602167.5,3509857.5,2022,1,1,2,2,5,5,1,2,4,10,4,2,0,14,12,1,16,4
2294,2351,602284.5,3509833.5,2022,1,1,2,2,5,5,1,2,4,10,4,2,0,14,7,1,16,4
2304,2377,602362.5,3509803.5,2022,0,0,1,0,6,7,7,0,3,4,9,8,9,8,2,0,11,17
2292,2418,602485.5,3509839.5,2022,0,0,1,3,6,7,7,0,3,4,9,8,9,0,6,8,15,12
2291,2439,602548.5,3509842.5,2022,0,0,1,3,1,7,7,0,2,4,9,8,9,0,6,11,0,1
2282,2468,602635.5,3509869.5,2022,1,1,2,2,5,5,1,2,4,10,4,9,0,14,7,1,16,4
2294,2507,602752.5,3509833.5,2022,1,1,2,2,5,2,6,9,8,1,10,13,0,14,7,1,16,4
2298,2521,602794.5,3509821.5,2022,0,1,2,3,1,2,6,9,8,1,10,13,0,14,7,1,16,1
2299,2564,602923.5,3509818.5,2022,0,0,1,0,6,7,2,7,10,0,5,1,13,8,10,17,11,16
2300,2582,602977.5,3509815.5,2022,0,0,1,0,6,7,7,0,3,4,5,3,9,8,2,0,11,17
2298,2628,603115.5,3509821.5,2022,0,0,1,3,1,7,7,0,3,4,9,8,2,0,6,8,15,12
2302,2649,603178.5,3509809.5,2022,2,3,1,0,6,3,2,7,10,0,5,3,12,13,13,10,7,0
2292,2682,603277.5,3509839.5,2022,2,3,0,0,6,3,2,7,10,0,5,3,12,13,10,17,12,16
2303,2705,603346.5,3509806.5,2022,2,3,0,0,6,3,2,7,10,0,5,3,12,13,10,17,12,16
2296,2757,603502.5,3509827.5,2022,0,0,1,0,6,7,2,7,10,0,5,1,13,6,9,11,0,6
2290,2774,603553.5,3509845.5,2022,1,1,3,4,2,1,8,2,4,10,4,2,14,2,12,6,14,7
2301,2799,603628.5,3509812.5,2022,2,3,0,1,3,3,5,1,0,6,6,10,1,5,5,15,6,19
2292,2826,603709.5,3509839.5,2022,2,3,0,0,0,3,2,7,10,6,6,10,1,13,13,10,7,0
2282,2860,603811.5,3509869.5,2022,1,1,3,4,2,1,8,2,4,10,4,2,14,2,12,6,14,7
2297,2882,603877.5,3509824.5,2022,1,1,3,4,3,0,4,2,4,10,4,2,14,2,12,6,14,7
2281,2923,604000.5,3509872.5,2022,1,1,2,2,5,5,1,2,4,10,4,2,0,14,7,1,16,4
2290,2945,604066.5,3509845.5,2022,0,0,1,0,6,3,2,7,10,0,5,1,13,6,10,17,12,16
2289,2979,604168.5,3509848.5,2022,2,1,3,4,3,0,4,2,4,10,4,1,13,6,9,15,14,7
2304,3019,604288.5,3509803.5,2022,0,0,1,0,3,0,4,6,2,5,1,1,13,6,9,11,10,6
2286,3044,604363.5,3509857.5,2022,2,3,0,0,6,3,2,7,10,0,5,3,12,13,10,17,12,16
2293,3072,604447.5,3509836.5,2022,0,0,1,3,1,0,4,6,2,5,1,9,2,15,9,11,0,1
2299,3112,604567.5,3509818.5,2022,1,1,2,2,5,5,1,4,5,2,12,6,4,3,7,1,4,9
2308,3143,604660.5,3509791.5,2022,1,1,2,2,5,5,1,2,1,10,4,2,14,2,12,6,18,11
2294,3152,604687.5,3509833.5,2022,1,1,2,2,3,0,4,6,2,5,1,9,2,15,9,11,13,7
2285,3180,604771.5,3509860.5,2022,1,1,3,4,2,0,4,2,4,10,4,2,14,2,12,6,14,7
2292,3233,604930.5,3509839.5,2022,1,1,3,2,5,5,1,4,5,2,12,6,4,3,8,16,18,11
2306,3263,605020.5,3509797.5,2022,1,1,3,2,5,5,1,2,4,10,4,2,14,2,12,6,18,11
2305,3283,605080.5,3509800.5,2022,2,3,0,1,3,3,5,1,0,6,6,10,1,5,5,15,6,19
2302,3327,605212.5,3509809.5,2022,2,3,0,1,0,4,0,8,7,8,8,0,7,11,16,12,8,5
2296,3332,605227.5,3509827.5,2022,2,3,0,1,0,4,0,8,7,8,8,0,7,11,16,12,8,5
2322,20,595291.5,3509749.5,2022,2,3,0,1,3,3,5,1,0,6,6,10,1,5,5,15,6,19
2310,48,595375.5,3509785.5,2022,2,0,1,0,6,3,2,7,10,0,5,3,12,8,10,17,12,16
2338,61,595414.5,3509701.5,2022,0,0,1,0,3,0,4,6,1,9,0,5,10,12,1,4,1,2
2336,99,595528.5,3509707.5,2022,2,3,0,0,3,3,2,1,0,6,6,1,13,6,10,17,12,16
2337,137,595642.5,3509704.5,2022,2,3,3,4,3,0,4,6,1,9,0,5,10,12,1,4,1,2
2330,150,595681.5,3509725.5,2022,2,3,0,1,0,4,0,8,7,8,8,0,8,5,3,12,6,5
2328,201,595834.5,3509731.5,2022,2,3,0,1,0,3,5,1,0,6,6,11,1,5,5,15,12,19
2335,233,595930.5,3509710.5,2022,2,3,0,4,3,0,5,1,1,9,0,5,10,12,1,4,1,2
2331,241,595954.5,3509722.5,2022,2,3,0,1,0,4,5,1,0,6,6,10,1,5,1,4,1,2
2312,296,596119.5,3509779.5,2022,2,3,0,4,3,0,5,1,0,6,6,10,1,5,5,15,6,19
2324,322,596197.5,3509743.5,2022,1,2,4,5,4,6,3,5,6,3,3,4,3,4,4,5,17,3
2334,349,596278.5,3509713.5,2022,1,2,4,5,4,6,3,5,6,3,3,4,3,4,4,5,17,3
2315,367,596332.5,3509770.5,2022,1,2,4,5,4,6,3,5,6,3,7,4,6,7,11,5,3,3
2338,403,596440.5,3509701.5,2022,1,2,4,5,4,6,3,5,6,3,3,4,3,4,4,5,17,3
2337,426,596509.5,3509704.5,2022,1,2,4,5,4,6,3,5,6,3,7,12,6,7,11,2,3,15
2310,462,596617.5,3509785.5,2022,2,3,0,1,0,4,5,1,0,6,6,10,1,5,5,12,6,19
2328,494,596713.5,3509731.5,2022,0,0,3,4,3,0,4,6,2,5,6,1,13,6,9,15,10,6
2310,531,596824.5,3509785.5,2022,2,3,0,4,3,0,5,1,0,6,6,10,1,5,5,15,1,19
2324,563,596920.5,3509743.5,2022,2,3,0,4,3,0,5,1,1,9,0,5,10,12,1,4,1,2
2323,593,597010.5,3509746.5,2022,2,3,0,1,0,4,5,1,0,6,0,5,10,12,1,12,6,5
2331,610,597061.5,3509722.5,2022,2,3,0,1,0,4,5,1,0,6,6,10,1,5,5,12,6,5
2327,657,597202.5,3509734.5,2022,2,3,0,4,3,4,5,1,1,9,0,5,10,12,1,4,1,2
2324,668,597235.5,3509743.5,2022,2,3,0,1,0,4,0,8,7,8,8,0,7,5,5,12,6,5
2320,696,597319.5,3509755.5,2022,2,3,3,4,3,0,5,1,1,9,0,5,10,12,1,4,1,2
2332,735,597436.5,3509719.5,2022,2,3,1,0,6,3,2,7,10,6,6,1,13,6,10,17,12,16
2331,760,597511.5,3509722.5,2022,2,3,3,4,3,0,5,1,1,9,0,5,10,12,1,4,1,2
2335,801,597634.5,3509710.5,2022,2,3,0,4,3,3,5,1,0,6,6,10,1,5,5,15,6,19
2323,839,597748.5,3509746.5,2022,2,3,3,4,3,1,5,1,0,9,0,5,10,12,1,4,1,2
2317,842,597757.5,3509764.5,2022,2,3,0,1,0,4,5,1,0,6,6,10,1,5,5,12,6,5
2328,890,597901.5,3509731.5,2022,2,3,0,1,0,4,5,1,0,6,6,10,1,5,5,12,6,19
2316,926,598009.5,3509767.5,2022,2,3,3,4,3,0,5,1,1,9,0,5,10,12,1,4,1,2
2310,959,598108.5,3509785.5,2022,2,3,3,4,3,0,5,1,1,9,0,5,10,12,1,4,1,2
2314,968,598135.5,3509773.5,2022,2,3,3,4,3,0,5,1,1,9,0,5,10,12,1,4,1,2
2319,991,598204.5,3509758.5,2022,2,3,0,1,0,4,0,8,7,7,8,11,8,1,3,13,2,5
2339,1022,598297.5,3509698.5,2022,2,3,0,1,0,4,0,8,7,7,11,11,8,1,3,13,2,18
2310,1071,598444.5,3509785.5,2022,2,3,0,1,0,4,0,8,7,8,8,0,1,5,5,12,6,5
2334,1089,598498.5,3509713.5,2022,2,3,0,1,0,4,5,1,0,7,11,11,8,1,3,13,2,18
2334,1138,598645.5,3509713.5,2022,1,1,3,4,2,1,8,3,9,11,2,7,14,2,0,6,14,7
2339,1143,598660.5,3509698.5,2022,1,1,3,4,3,0,4,6,1,9,0,5,10,12,1,4,1,2
2315,1190,598801.5,3509770.5,2022,1,1,3,4,3,0,5,6,1,9,0,5,10,12,1,4,1,2
2323,1210,598861.5,3509746.5,2022,1,1,3,4,2,1,8,3,1,9,0,5,10,12,1,4,1,2
2325,1245,598966.5,3509740.5,2022,2,3,0,4,3,3,5,1,0,6,6,1,13,5,5,15,12,19
2310,1272,599047.5,3509785.5,2022,1,1,3,4,2,1,8,2,4,10,4,2,14,2,12,6,14,7
2337,1313,599170.5,3509704.5,2022,1,1,3,4,2,1,8,2,4,10,4,2,14,2,12,6,14,7
2336,1328,599215.5,3509707.5,2022,2,3,0,1,0,3,5,1,0,6,6,10,1,5,5,15,12,19
2330,1352,599287.5,3509725.5,2022,1,1,3,4,2,1,8,2,4,10,2,2,14,2,12,6,14,7
2316,1391,599404.5,3509767.5,2022,2,3,0,1,0,3,5,1,0,6,6,11,8,5,5,15,12,19
2326,1412,599467.5,3509737.5,2022,2,3,0,0,3,3,5,1,0,6,6,1,13,6,10,15,12,16
2319,1440,599551.5,3509758.5,2022,2,3,3,4,3,0,5,1,1,9,0,5,10,12,1,4,1,2
2335,1479,599668.5,3509710.5,2022,2,3,0,1,0,4,5,1,0,6,6,10,1,5,5,12,6,5
2312,1503,599740.5,3509779.5,2022,2,3,0,1,3,3,5,1,0,6,6,10,1,5,5,15,6,19
2332,1533,599830.5,3509719.5,2022,1,1,3,4,3,0,4,6,1,9,0,5,10,12,1,4,1,2
2337,1566,599929.5,3509704.5,2022,2,3,0,4,3,1,5,1,0,6,6,10,1,5,5,15,6,19
2331,1595,600016.5,3509722.5,2022,1,1,3,4,3,0,4,6,2,5,1,1,13,6,9,15,14,7
2311,1647,600172.5,3509782.5,2022,2,3,0,0,3,3,5,1,0,6,6,10,1,6,5,15,10,19
2323,1671,600244.5,3509746.5,2022,1,1,2,3,3,0,4,6,1,9,0,9,2,15,15,7,13,10
2337,1684,600283.5,3509704.5,2022,1,1,3,4,3,0,4,6,1,9,0,5,10,12,1,4,1,2
2323,1727,600412.5,3509746.5,2022,2,3,0,0,6,3,2,7,0,6,6,1,13,6,10,17,12,16
2310,1760,600511.5,3509785.5,2022,2,3,0,0,6,3,2,7,10,0,5,1,13,6,10,17,12,16
2335,1787,600592.5,3509710.5,2022,1,1,3,4,3,0,4,6,1,9,0,5,10,12,1,4,1,2
2319,1808,600655.5,3509758.5,2022,0,0,1,3,3,0,4,6,1,9,0,9,2,15,15,7,13,10
2331,1851,600784.5,3509722.5,2022,1,1,2,2,5,0,4,6,1,9,1,9,2,15,15,7,13,10
2335,1865,600826.5,3509710.5,2022,0,0,1,4,3,0,4,6,2,5,1,1,13,6,9,11,0,7
2321,1893,600910.5,3509752.5,2022,0,0,1,3,3,0,4,6,1,9,0,5,10,12,1,4,1,2
2310,1944,601063.5,3509785.5,2022,0,0,1,3,3,0,4,6,1,9,0,5,10,15,1,4,1,2
2336,1961,601114.5,3509707.5,2022,0,0,2,3,1,0,4,6,2,5,1,9,2,15,15,7,13,10
2323,2002,601237.5,3509746.5,2022,0,0,2,3,1,2,4,6,2,5,1,9,2,15,15,7,13,10
2327,2032,601327.5,3509734.5,2022,0,0,1,3,1,2,4,6,2,5,1,9,2,15,15,7,13,10
2338,2063,601420.5,3509701.5,2022,0,0,1,3,1,2,4,2,2,5,1,1,0,14,9,11,0,1
2323,2075,601456.5,3509746.5,2022,1,1,2,2,5,5,1,2,4,10,4,2,0,14,7,1,16,4
2327,2127,601612.5,3509734.5,2022,1,1,2,2,5,5,1,4,5,2,12,6,4,3,7,16,16,4
2327,2159,601708.5,3509734.5,2022,0,0,1,3,1,7,7,0,2,5,1,1,2,0,9,11,0,1
2322,2181,601774.5,3509749.5,2022,1,2,4,5,4,6,3,5,6,3,3,4,3,4,4,5,17,3
2318,2200,601831.5,3509761.5,2022,0,0,1,3,1,2,4,6,2,5,1,9,2,15,9,11,0,1
2323,2226,601909.5,3509746.5,2022,0,0,2,3,1,2,6,9,8,1,10,9,2,15,6,7,13,10
2325,2260,602011.5,3509740.5,2022,1,1,2,2,5,5,1,2,4,10,4,2,0,14,7,1,16,4
2329,2288,602095.5,3509728.5,2022,1,1,2,2,3,0,4,6,2,5,1,9,2,15,15,7,13,10
2323,2338,602245.5,3509746.5,2022,0,0,2,3,1,2,4,6,2,5,1,9,2,15,15,7,13,10
2318,2365,602326.5,3509761.5,2022,0,0,1,0,6,7,7,0,2,5,1,1,13,6,9,11,0,1
2324,2388,602395.5,3509743.5,2022,0,0,1,3,1,7,7,0,3,4,9,8,9,0,2,8,15,12
2328,2417,602482.5,3509731.5,2022,0,0,1,3,1,7,7,0,3,4,9,8,9,0,6,8,15,12
2325,2447,602572.5,3509740.5,2022,0,0,1,3,6,7,7,0,3,4,9,8,9,0,2,8,15,12
2327,2489,602698.5,3509734.5,2022,1,1,2,2,5,5,1,2,4,10,4,2,0,14,7,1,16,4
2322,2513,602770.5,3509749.5,2022,0,1,2,2,5,2,1,2,4,10,4,2,0,14,7,1,16,4
2314,2539,602848.5,3509773.5,2022,0,0,1,0,6,7,2,7,10,0,5,3,12,8,2,0,11,17
2324,2577,602962.5,3509743.5,2022,0,0,1,0,6,7,7,0,3,4,9,8,9,8,2,0,11,17
2311,2590,603001.5,3509782.5,2022,0,0,1,0,6,7,7,0,3,4,9,8,9,8,2,0,11,17
2312,2630,603121.5,3509779.5,2022,0,0,1,0,6,7,7,0,3,4,9,8,9,0,2,0,15,17
2320,2659,603208.5,3509755.5,2022,0,0,1,0,6,7,7,0,3,4,9,8,9,8,2,0,11,17
2332,2676,603259.5,3509719.5,2022,0,0,1,0,6,7,7,0,3,4,9,8,9,8,2,0,11,17
2311,2706,603349.5,3509782.5,2022,0,0,1,0,6,7,2,7,10,0,5,3,12,8,2,0,11,17
2329,2758,603505.5,3509728.5,2022,0,0,1,0,6,7,7,0,3,4,9,8,9,8,2,0,11,17
2337,2772,603547.5,3509704.5,2022,2,0,1,0,3,0,4,1,2,6,6,1,13,6,9,15,10,6
2315,2790,603601.5,3509770.5,2022,2,3,0,1,0,4,0,8,0,7,11,10,1,13,13,10,7,0
2316,2838,603745.5,3509767.5,2022,1,1,2,2,5,5,1,4,5,2,12,6,4,3,7,1,16,4
2328,2872,603847.5,3509731.5,2022,0,0,1,0,6,3,2,7,10,0,5,3,13,6,10,17,12,16
2330,2906,603949.5,3509725.5,2022,1,1,3,2,5,5,1,2,4,10,4,2,14,2,12,6,16,4
2329,2913,603970.5,3509728.5,2022,1,1,3,4,5,5,1,2,4,10,4,2,14,2,12,6,14,7
2317,2966,604129.5,3509764.5,2022,0,0,1,3,1,7,7,0,3,4,9,8,9,0,6,8,15,12
2338,2983,604180.5,3509701.5,2022,1,1,3,4,2,1,8,2,4,10,4,2,14,2,12,6,14,7
2337,3017,604282.5,3509704.5,2022,1,1,3,2,5,5,1,2,4,10,4,2,14,2,12,6,14,11
2316,3034,604333.5,3509767.5,2022,2,3,0,0,6,3,2,7,10,0,5,3,12,13,10,17,12,16
2337,3076,604459.5,3509704.5,2022,2,3,3,4,2,1,8,1,0,6,6,10,1,5,5,15,14,7
2325,3118,604585.5,3509740.5,2022,1,1,3,4,3,0,4,2,4,10,4,2,14,2,12,6,14,7
2339,3142,604657.5,3509698.5,2022,1,1,3,2,5,5,1,2,4,10,4,2,14,2,12,6,14,7
2320,3154,604693.5,3509755.5,2022,0,1,2,3,3,0,4,6,2,5,1,9,2,15,15,7,13,10
2339,3191,604804.5,3509698.5,2022,1,1,2,2,5,5,1,2,4,10,4,2,0,14,12,1,16,4
2322,3233,604930.5,3509749.5,2022,1,1,3,4,2,5,1,2,4,10,4,2,14,2,12,6,14,7
2314,3261,605014.5,3509773.5,2022,1,1,2,2,5,5,1,4,5,2,12,6,4,3,8,16,4,9
2328,3298,605125.5,3509731.5,2022,2,3,0,1,0,4,0,8,7,8,8,0,7,11,16,12,6,5
2328,3326,605209.5,3509731.5,2022,2,3,3,4,2,1,8,3,9,11,2,7,11,9,0,14,5,13
2331,3331,605224.5,3509722.5,2022,1,1,3,4,2,1,8,3,9,11,2,7,14,2,12,6,14,11
2357,26,595309.5,3509644.5,2022,2,3,0,0,6,3,2,7,10,0,11,11,13,1,10,17,12,16
2341,34,595333.5,3509692.5,2022,2,3,0,1,0,3,5,1,0,6,6,11,8,5,10,15,12,19
2341,81,595474.5,3509692.5,2022,2,0,1,0,3,3,2,7,10,0,5,1,13,6,10,17,12,16
2340,104,595543.5,3509695.5,2022,2,3,0,0,6,3,2,7,10,7,11,11,8,1,10,17,12,16
2344,122,595597.5,3509683.5,2022,2,3,0,1,0,3,5,1,0,6,6,10,1,5,5,15,12,19
2369,162,595717.5,3509608.5,2022,1,1,3,4,3,0,4,6,1,9,0,5,10,12,1,4,1,2
2356,186,595789.5,3509647.5,2022,2,3,0,1,0,3,5,1,0,6,6,11,8,1,3,13,12,19
2348,215,595876.5,3509671.5,2022,2,3,0,1,0,3,2,7,10,7,11,11,8,1,3,13,12,18
2352,246,595969.5,3509659.5,2022,2,3,3,4,3,0,5,1,1,9,0,5,10,12,1,4,1,2
2347,298,596125.5,3509674.5,2022,1,2,4,5,4,6,3,5,6,3,3,4,3,4,4,5,17,3
2342,303,596140.5,3509689.5,2022,1,2,4,5,4,6,3,5,6,3,7,12,6,7,11,2,3,15
2340,358,596305.5,3509695.5,2022,1,2,4,5,4,6,3,5,6,3,3,4,3,4,4,5,17,3
2349,374,596353.5,3509668.5,2022,1,2,4,5,4,6,3,5,6,3,3,4,3,4,4,5,17,3
2369,413,596470.5,3509608.5,2022,1,2,4,5,4,6,3,5,6,3,7,12,6,7,11,2,3,15
2347,420,596491.5,3509674.5,2022,1,2,4,5,4,6,3,5,6,3,3,4,3,4,4,5,17,3
2367,475,596656.5,3509614.5,2022,1,1,3,4,3,0,4,6,1,9,0,5,10,12,1,4,1,2
2349,502,596737.5,3509668.5,2022,2,3,0,1,0,4,5,1,0,6,6,10,1,5,5,12,6,19
2351,533,596830.5,3509662.5,2022,1,1,3,4,3,0,4,6,1,9,0,5,10,12,1,4,1,2
2347,552,596887.5,3509674.5,2022,2,3,0,1,0,4,0,8,7,8,8,0,7,11,16,12,6,5
2360,583,596980.5,3509635.5,2022,2,3,0,1,0,4,5,1,0,6,6,11,8,5,5,12,6,5
2347,621,597094.5,3509674.5,2022,2,3,3,4,3,0,5,1,1,9,0,5,10,12,1,4,1,2
2353,639,597148.5,3509656.5,2022,2,3,0,1,0,4,5,1,0,6,6,10,1,5,5,12,6,5
2359,686,597289.5,3509638.5,2022,2,3,0,1,0,3,5,1,0,6,6,11,8,1,10,17,12,16
2343,711,597364.5,3509686.5,2022,2,0,1,0,3,3,2,1,0,6,6,1,13,6,9,15,12,16
2358,740,597451.5,3509641.5,2022,2,3,0,0,6,3,2,7,10,0,5,1,13,6,10,17,12,16
2356,769,597538.5,3509647.5,2022,2,3,0,1,0,4,0,8,7,7,11,11,8,1,3,13,2,18
2345,793,597610.5,3509680.5,2022,2,3,0,0,3,3,5,1,0,6,6,10,1,6,5,15,12,19
2351,810,597661.5,3509662.5,2022,2,3,0,0,6,3,2,7,10,0,5,11,8,1,10,17,12,16
2352,850,597781.5,3509659.5,2022,0,0,1,0,3,0,4,6,2,5,6,1,13,6,9,15,10,6
2357,875,597856.5,3509644.5,2022,2,3,0,1,0,3,5,1,0,7,11,11,8,1,3,13,2,18
2345,907,597952.5,3509680.5,2022,2,3,0,1,0,4,0,8,7,7,11,11,8,1,3,12,2,5
2352,954,598093.5,3509659.5,2022,1,1,3,4,3,0,4,6,1,9,0,5,10,12,1,4,1,2
2369,989,598198.5,3509608.5,2022,2,3,0,1,0,4,5,1,0,6,6,10,1,5,5,12,6,5
2357,1015,598276.5,3509644.5,2022,2,3,3,4,3,0,5,1,1,9,0,5,10,12,1,4,1,2
2350,1041,598354.5,3509665.5,2022,2,3,3,4,3,0,5,6,1,9,0,5,10,12,1,4,1,2
2341,1053,598390.5,3509692.5,2022,2,3,0,1,0,4,5,1,0,6,6,10,1,5,5,12,6,19
2340,1096,598519.5,3509695.5,2022,2,3,0,1,0,4,5,1,0,6,6,10,1,5,5,12,6,19
2356,1110,598561.5,3509647.5,2022,2,3,3,4,3,0,5,6,1,9,0,5,10,12,1,4,1,2
2340,1156,598699.5,3509695.5,2022,2,3,3,4,3,0,5,1,1,9,0,5,10,12,1,4,1,2
2351,1190,598801.5,3509662.5,2022,2,1,3,4,3,0,5,6,1,9,0,5,10,12,1,4,1,2
2341,1227,598912.5,3509692.5,2022,2,3,3,4,3,0,5,1,1,9,0,5,10,12,1,4,1,2
2352,1259,599008.5,3509659.5,2022,1,1,3,4,2,1,8,2,1,9,0,5,14,2,12,6,18,11
2356,1262,599017.5,3509647.5,2022,1,1,3,4,2,5,1,2,4,10,4,2,14,2,12,6,18,11
2354,1314,599173.5,3509653.5,2022,1,1,3,4,2,5,1,4,1,9,0,5,10,12,8,4,18,11
2363,1322,599197.5,3509626.5,2022,1,1,3,4,2,1,8,3,1,9,0,5,10,12,1,4,1,2
2346,1362,599317.5,3509677.5,2022,1,2,4,5,4,6,3,5,6,3,7,4,6,7,11,5,3,3
2359,1380,599371.5,3509638.5,2022,1,2,4,5,4,6,3,5,6,3,3,4,3,4,4,5,17,3
2356,1415,599476.5,3509647.5,2022,2,3,3,4,2,1,8,3,9,11,2,7,11,5,5,12,6,13
2360,1442,599557.5,3509635.5,2022,2,3,0,1,0,4,5,1,0,6,6,10,1,5,5,12,6,5
2369,1492,599707.5,3509608.5,2022,2,3,0,4,3,0,5,1,0,6,6,10,1,5,5,15,6,19
2363,1510,599761.5,3509626.5,2022,0,1,3,4,3,0,4,6,2,5,1,1,13,6,9,11,14,7
2365,1544,599863.5,3509620.5,2022,2,3,0,1,0,3,5,1,0,6,6,10,1,5,5,15,12,19
2347,1571,599944.5,3509674.5,2022,2,3,0,1,0,3,5,1,0,6,6,10,1,5,5,15,12,19
2356,1593,600010.5,3509647.5,2022,2,3,0,4,3,3,5,1,0,6,6,10,13,6,5,15,12,19
2344,1626,600109.5,3509683.5,2022,0,0,1,0,3,0,4,6,2,5,1,1,13,6,9,11,10,6
2340,1670,600241.5,3509695.5,2022,1,1,3,4,5,5,4,2,4,10,4,2,14,2,12,6,14,7
2347,1698,600325.5,3509674.5,2022,1,1,3,4,3,0,4,6,1,9,0,5,10,12,1,4,1,2
2345,1720,600391.5,3509680.5,2022,0,0,1,0,3,0,4,7,2,5,1,1,13,6,9,11,0,6
2340,1759,600508.5,3509695.5,2022,1,1,3,4,2,1,8,2,4,10,4,2,14,2,12,6,14,7
2368,1798,600625.5,3509611.5,2022,1,1,3,4,3,0,4,6,1,9,0,5,10,12,1,4,1,2
2367,1806,600649.5,3509614.5,2022,1,1,2,3,3,0,4,6,1,9,0,5,10,12,1,4,1,2
2364,1849,600778.5,3509623.5,2022,2,3,0,4,3,0,5,1,0,6,6,10,1,5,5,15,10,19
2355,1879,600868.5,3509650.5,2022,2,3,1,0,3,3,2,1,0,6,6,1,13,6,10,15,10,19
2353,1918,600985.5,3509656.5,2022,1,1,2,3,3,0,4,6,1,9,0,9,2,15,15,7,13,10
2342,1944,601063.5,3509689.5,2022,0,0,1,3,1,2,4,6,2,5,1,9,2,15,15,7,13,10
2352,1966,601129.5,3509659.5,2022,1,1,2,2,5,0,4,6,1,5,1,9,2,15,15,7,13,10
2368,1998,601225.5,3509611.5,2022,0,0,1,3,1,0,4,6,2,5,1,9,2,15,9,11,0,6
2341,2027,601312.5,3509692.5,2022,0,0,2,3,1,0,4,6,2,5,1,9,2,15,15,7,13,10
2357,2047,601372.5,3509644.5,2022,1,1,2,2,5,2,6,9,8,1,10,9,0,15,15,7,13,10
2360,2093,601510.5,3509635.5,2022,1,1,2,2,5,5,1,4,5,2,12,6,4,3,7,16,4,9
2356,2120,601591.5,3509647.5,2022,1,1,2,2,5,5,1,4,5,2,12,6,4,3,15,7,13,10
2355,2149,601678.5,3509650.5,2022,1,1,2,2,5,5,1,2,4,10,4,6,0,14,7,1,16,4
2353,2160,601711.5,3509656.5,2022,1,1,2,2,5,5,1,2,4,10,4,2,0,14,7,1,16,4
2344,2219,601888.5,3509683.5,2022,0,0,1,3,1,0,4,6,2,5,1,9,2,15,9,11,0,1
2359,2249,601978.5,3509638.5,2022,1,1,2,2,5,5,1,2,4,10,4,2,0,14,7,1,16,4
2354,2252,601987.5,3509653.5,2022,1,1,3,2,5,5,1,2,4,10,4,2,14,2,12,6,18,11
2362,2285,602086.5,3509629.5,2022,0,0,2,3,1,2,4,6,2,5,1,9,2,15,15,7,13,10
2361,2319,602188.5,3509632.5,2022,0,0,1,3,1,7,7,0,3,4,9,8,9,0,6,8,15,12
2348,2357,602302.5,3509671.5,2022,0,0,1,3,1,7,7,0,3,4,9,8,9,0,6,8,15,12
2363,2391,602404.5,3509626.5,2022,0,0,1,3,1,2,6,9,8,1,10,13,5,0,6,8,15,12
2348,2417,602482.5,3509671.5,2022,0,0,1,3,1,7,7,0,3,4,9,8,9,0,6,8,15,12
2343,2444,602563.5,3509686.5,2022,0,1,2,3,1,2,6,9,8,1,10,13,0,14,7,1,16,4
2368,2486,602689.5,3509611.5,2022,0,1,2,2,1,2,6,9,8,1,10,13,0,14,7,1,16,4
2359,2516,602779.5,3509638.5,2022,0,0,1,3,6,7,7,0,3,4,9,8,9,0,2,0,15,17
2358,2535,602836.5,3509641.5,2022,0,0,1,3,6,7,7,0,3,4,9,8,9,0,6,11,0,1
2358,2578,602965.5,3509641.5,2022,0,0,1,3,6,7,7,0,3,4,9,8,9,8,2,0,15,17
2358,2581,602974.5,3509641.5,2022,0,0,1,3,6,7,7,0,3,4,9,8,9,0,2,0,15,17
2363,2632,603127.5,3509626.5,2022,0,0,1,0,6,7,7,0,3,4,9,8,9,8,2,0,11,17
2354,2648,603175.5,3509653.5,2022,0,0,1,0,6,7,7,0,3,4,9,8,9,8,2,0,11,17
2358,2692,603307.5,3509641.5,2022,0,0,1,3,1,7,7,0,3,4,9,8,9,0,6,8,15,12
2359,2715,603376.5,3509638.5,2022,0,0,1,3,1,7,7,0,2,5,1,1,9,0,6,11,0,1
2348,2731,603424.5,3509671.5,2022,0,0,1,3,1,2,7,0,2,5,1,1,0,0,6,11,0,1
2367,2786,603589.5,3509614.5,2022,1,1,3,2,5,5,1,2,4,10,4,2,14,2,12,6,16,11
2350,2790,603601.5,3509665.5,2022,1,1,2,2,5,5,1,4,5,2,12,6,4,3,8,16,18,11
2349,2831,603724.5,3509668.5,2022,1,1,2,2,5,5,1,4,5,2,12,6,0,14,7,1,16,4
2361,2865,603826.5,3509632.5,2022,1,1,2,2,5,5,1,2,4,10,4,2,0,14,7,1,16,4
2366,2885,603886.5,3509617.5,2022,1,1,3,4,3,0,4,6,4,10,4,9,2,15,15,7,13,7
2358,2914,603973.5,3509641.5,2022,1,1,2,2,5,2,6,9,8,1,10,9,2,15,15,7,13,10
2350,2948,604075.5,3509665.5,2022,2,0,1,0,6,3,2,7,10,0,5,1,13,6,10,17,12,16
2360,2995,604216.5,3509635.5,2022,1,1,3,2,2,5,1,2,4,10,4,2,14,2,12,6,14,7
2348,3007,604252.5,3509671.5,2022,0,0,1,3,1,7,4,0,2,5,1,1,13,6,9,11,0,1
2363,3043,604360.5,3509626.5,2022,1,1,3,4,2,1,8,2,4,10,4,2,14,2,12,6,14,7
2355,3074,604453.5,3509650.5,2022,2,3,3,4,2,1,8,3,9,11,2,7,14,2,12,6,14,7
2369,3113,604570.5,3509608.5,2022,2,3,0,4,3,3,5,1,0,6,6,10,1,5,5,15,12,19
2363,3126,604609.5,3509626.5,2022,2,3,0,1,0,3,5,1,0,6,6,10,1,5,5,15,12,19
2361,3150,604681.5,3509632.5,2022,1,1,3,2,5,5,1,2,4,10,4,2,14,2,12,6,18,11
2364,3207,604852.5,3509623.5,2022,0,0,1,0,6,7,4,6,2,5,1,9,2,15,9,11,10,6
2344,3230,604921.5,3509683.5,2022,0,0,1,4,3,0,4,6,2,5,1,9,2,15,9,7,10,6
2356,3257,605002.5,3509647.5,2022,2,1,3,4,2,1,8,3,9,11,2,7,14,2,12,6,14,7
2363,3291,605104.5,3509626.5,2022,2,3,3,4,2,1,8,3,9,11,2,7,11,9,0,14,5,13
2345,3313,605170.5,3509680.5,2022,1,1,3,2,5,5,1,2,4,10,4,2,14,2,12,6,18,11
2358,3330,605221.5,3509641.5,2022,1,1,3,4,2,1,8,2,4,10,4,2,14,2,12,6,18,11
2376,22,595297.5,3509587.5,2022,2,3,0,0,6,3,2,7,10,7,11,11,8,1,10,17,12,16
2377,42,595357.5,3509584.5,2022,2,3,0,1,0,3,2,7,10,7,11,11,8,1,3,13,2,18
2397,88,595495.5,3509524.5,2022,2,3,0,0,6,3,2,7,10,0,11,11,13,1,10,17,12,16
2386,107,595552.5,3509557.5,2022,2,3,0,1,0,3,2,7,10,7,11,11,8,1,10,13,12,16
2390,122,595597.5,3509545.5,2022,2,3,1,0,3,0,5,1,0,6,6,1,13,6,9,15,1,19
2382,165,595726.5,3509569.5,2022,1,1,3,4,3,0,4,6,1,9,0,5,10,12,1,4,1,2
2395,198,595825.5,3509530.5,2022,1,1,3,4,5,5,1,2,1,9,0,5,10,12,1,4,1,2
2370,222,595897.5,3509605.5,2022,2,3,0,1,3,3,5,1,0,6,6,10,1,5,5,15,12,19
2395,252,595987.5,3509530.5,2022,0,0,1,0,3,0,4,1,2,6,6,1,13,6,9,15,12,7
2372,287,596092.5,3509599.5,2022,1,1,3,4,3,0,4,6,1,9,0,5,10,12,1,4,1,2
2394,319,596188.5,3509533.5,2022,0,0,1,0,6,3,2,7,10,0,5,1,13,6,10,17,12,16
2383,357,596302.5,3509566.5,2022,1,2,4,5,4,6,3,5,6,3,7,12,6,7,11,2,3,15
2396,373,596350.5,3509527.5,2022,1,2,4,5,4,6,3,5,6,3,7,12,6,7,11,2,3,15
2385,398,596425.5,3509560.5,2022,1,1,3,4,3,0,4,6,2,5,7,12,6,15,15,7,13,10
2381,423,596500.5,3509572.5,2022,2,3,0,0,3,3,2,1,0,6,6,1,13,6,10,17,12,16
2391,451,596584.5,3509542.5,2022,1,1,3,4,3,0,4,6,1,9,0,5,10,15,15,7,13,10
2386,498,596725.5,3509557.5,2022,0,0,1,0,3,0,4,6,2,5,1,1,13,6,9,11,1,6
2372,524,596803.5,3509599.5,2022,2,3,0,1,3,3,5,1,0,6,6,10,1,5,5,15,12,19
2376,547,596872.5,3509587.5,2022,2,3,0,0,6,3,2,7,10,0,5,1,13,6,10,17,12,16
2382,586,596989.5,3509569.5,2022,0,0,1,0,3,3,2,7,2,0,5,1,13,6,10,17,12,16
2378,623,597100.5,3509581.5,2022,0,0,1,0,6,7,2,7,10,0,5,3,12,8,2,0,11,17
2391,643,597160.5,3509542.5,2022,0,0,1,3,1,0,4,6,2,5,1,9,2,15,15,7,13,10
2390,683,597280.5,3509545.5,2022,2,3,0,0,3,3,5,1,0,6,6,1,13,6,10,17,12,16
2391,694,597313.5,3509542.5,2022,0,0,1,0,6,7,2,7,10,0,5,1,13,8,10,17,12,16
2376,743,597460.5,3509587.5,2022,2,3,1,0,6,3,2,7,10,0,5,1,13,6,10,17,12,16
2399,773,597550.5,3509518.5,2022,2,3,0,1,0,4,0,8,7,7,11,11,8,1,3,13,2,18
2371,787,597592.5,3509602.5,2022,2,3,0,1,0,4,0,8,7,7,11,11,8,1,3,13,2,18
2391,822,597697.5,3509542.5,2022,1,1,3,4,3,0,4,6,1,9,0,5,10,12,1,4,1,2
2378,848,597775.5,3509581.5,2022,2,3,1,0,3,3,2,1,0,6,6,1,13,6,10,17,12,16
2387,893,597910.5,3509554.5,2022,2,3,0,4,3,0,5,1,1,9,0,5,10,12,1,4,1,2
2372,928,598015.5,3509599.5,2022,1,1,3,4,3,0,4,6,1,9,0,5,10,12,1,4,1,2
2399,937,598042.5,3509518.5,2022,2,3,3,4,3,0,5,1,1,9,0,5,10,12,1,4,1,2
2371,966,598129.5,3509602.5,2022,2,3,0,4,3,0,5,1,0,6,6,10,1,5,5,15,1,19
2391,996,598219.5,3509542.5,2022,2,3,0,1,0,3,5,1,0,6,6,10,1,5,5,15,6,19
2389,1048,598375.5,3509548.5,2022,1,1,2,2,5,5,1,4,5,2,12,6,4,3,8,16,4,9
2379,1072,598447.5,3509578.5,2022,2,3,0,1,0,4,0,8,7,7,11,11,8,1,3,12,6,5
2376,1098,598525.5,3509587.5,2022,2,3,0,4,0,4,5,1,0,6,0,5,10,12,1,4,1,2
2371,1111,598564.5,3509602.5,2022,2,3,3,4,3,0,5,1,1,9,0,5,10,12,1,4,1,2
2375,1143,598660.5,3509590.5,2022,2,3,3,4,3,1,5,1,0,6,6,10,1,5,5,15,6,19
2388,1196,598819.5,3509551.5,2022,1,1,3,4,2,1,8,2,4,10,4,2,14,2,12,6,14,7
2382,1209,598858.5,3509569.5,2022,1,1,3,2,5,5,1,4,5,2,12,2,14,2,8,16,18,11
2377,1243,598960.5,3509584.5,2022,1,1,3,2,5,5,1,4,1,9,0,5,10,12,8,4,18,2
2375,1275,599056.5,3509590.5,2022,1,1,3,4,2,1,8,2,1,9,0,5,10,12,1,4,1,2
2391,1311,599164.5,3509542.5,2022,2,3,3,4,3,0,5,1,1,9,0,5,10,12,1,4,1,2
2376,1340,599251.5,3509587.5,2022,1,1,3,4,3,0,8,2,1,9,0,5,10,12,1,4,1,2
2390,1372,599347.5,3509545.5,2022,1,1,2,2,5,0,4,6,1,9,0,5,10,12,1,4,1,2
2374,1394,599413.5,3509593.5,2022,1,1,3,4,2,1,8,2,4,10,4,2,14,2,12,6,14,7
2376,1420,599491.5,3509587.5,2022,2,3,3,4,3,0,5,1,1,9,0,5,10,12,1,4,1,2
2383,1441,599554.5,3509566.5,2022,0,0,1,0,3,0,4,6,2,5,1,1,13,6,9,11,1,2
2384,1483,599680.5,3509563.5,2022,2,3,3,4,3,0,4,1,0,6,6,1,13,6,9,15,10,7
2372,1526,599809.5,3509599.5,2022,2,3,0,1,0,4,0,8,7,7,11,11,8,1,3,13,2,18
2375,1543,599860.5,3509590.5,2022,2,3,0,1,0,3,2,7,10,7,11,11,8,1,3,13,12,18
2388,1567,599932.5,3509551.5,2022,0,0,1,4,3,0,4,1,2,6,6,1,13,6,9,15,12,7
2395,1599,600028.5,3509530.5,2022,1,1,3,4,3,0,4,6,1,9,0,5,10,12,1,4,1,2
2374,1627,600112.5,3509593.5,2022,2,3,1,4,3,0,5,1,0,6,6,1,13,6,9,15,10,19
2389,1657,600202.5,3509548.5,2022,2,3,3,4,3,1,5,1,1,9,0,5,10,12,1,4,1,2
2388,1699,600328.5,3509551.5,2022,2,3,0,1,0,4,5,1,0,6,6,10,1,5,5,12,6,19
2384,1726,600409.5,3509563.5,2022,0,0,1,0,3,7,4,6,2,5,1,1,13,6,9,11,0,6
2395,1740,600451.5,3509530.5,2022,0,0,1,0,6,3,2,7,10,0,5,1,13,6,9,17,10,6
2391,1778,600565.5,3509542.5,2022,0,0,1,0,6,3,2,7,10,0,5,1,13,6,10,17,12,16
2391,1822,600697.5,3509542.5,2022,0,0,1,0,3,0,4,6,2,5,1,1,2,6,9,11,0,6
2390,1857,600802.5,3509545.5,2022,2,3,0,0,6,3,2,7,10,0,5,3,12,13,13,10,12,16
2390,1873,600850.5,3509545.5,2022,2,3,0,0,3,3,5,1,0,6,6,10,1,5,5,15,10,19
2370,1892,600907.5,3509605.5,2022,2,3,0,0,6,3,2,7,10,0,5,3,12,13,10,17,12,16
2398,1923,601000.5,3509521.5,2022,0,0,1,0,3,7,4,6,2,5,1,1,13,6,9,11,0,1
2393,1951,601084.5,3509536.5,2022,0,0,1,3,3,0,4,6,2,5,1,9,2,15,9,11,0,6
2374,1995,601216.5,3509593.5,2022,0,0,1,3,1,7,7,0,2,5,1,8,9,0,6,8,0,12
2372,2039,601348.5,3509599.5,2022,0,0,1,3,1,7,7,0,2,5,1,8,9,0,6,8,0,1
2382,2048,601375.5,3509569.5,2022,0,0,2,3,1,2,6,9,8,1,10,9,2,0,6,8,0,12
2375,2077,601462.5,3509590.5,2022,0,1,2,3,1,0,4,2,4,10,4,1,0,14,9,11,0,1
2378,2123,601600.5,3509581.5,2022,1,1,2,2,5,5,1,4,5,2,12,6,4,3,8,16,4,9
2399,2147,601672.5,3509518.5,2022,0,1,2,3,1,5,4,2,4,10,4,2,0,14,7,1,16,1
2394,2187,601792.5,3509533.5,2022,1,2,4,5,4,6,3,5,6,3,3,4,3,4,4,5,17,3
2385,2210,601861.5,3509560.5,2022,1,1,2,2,5,5,1,2,4,10,4,2,0,14,7,1,16,4
2373,2230,601921.5,3509596.5,2022,1,1,2,2,5,5,1,4,5,2,12,6,4,3,8,16,4,9
2376,2261,602014.5,3509587.5,2022,1,1,2,2,5,5,1,4,5,2,12,6,4,3,8,16,4,9
2377,2296,602119.5,3509584.5,2022,1,1,2,3,1,2,6,9,8,1,10,9,2,15,15,7,13,10
2376,2314,602173.5,3509587.5,2022,1,1,2,2,5,5,1,4,5,2,12,6,0,15,15,7,13,10
2393,2346,602269.5,3509536.5,2022,1,1,2,2,5,2,6,9,8,1,10,13,0,14,7,1,16,4
2386,2393,602410.5,3509557.5,2022,0,0,1,3,1,2,7,0,8,5,1,8,9,0,6,8,0,1
2384,2426,602509.5,3509563.5,2022,0,1,2,3,1,2,6,9,8,1,10,13,5,10,14,9,9,14
2372,2459,602608.5,3509599.5,2022,1,1,2,2,5,5,1,2,4,10,4,2,0,14,7,1,16,4
2377,2489,602698.5,3509584.5,2022,0,0,2,3,1,2,6,9,8,1,10,13,5,14,6,1,9,1
2390,2505,602746.5,3509545.5,2022,1,1,2,2,5,2,6,9,8,1,10,13,5,10,14,9,9,14
2393,2543,602860.5,3509536.5,2022,0,0,1,3,1,7,7,0,3,4,9,8,9,0,6,8,15,12
2391,2570,602941.5,3509542.5,2022,0,0,1,3,6,7,7,0,3,4,9,8,9,0,6,8,15,12
2372,2593,603010.5,3509599.5,2022,0,0,1,0,6,7,7,0,3,4,9,8,9,8,2,0,11,17
2373,2638,603145.5,3509596.5,2022,0,0,1,3,1,7,7,0,3,4,9,8,9,0,6,8,15,12
2381,2640,603151.5,3509572.5,2022,0,0,1,3,1,7,7,0,3,4,9,8,9,0,6,8,15,12
2371,2692,603307.5,3509602.5,2022,0,0,1,0,6,7,7,0,3,4,9,8,9,8,2,0,11,17
2377,2717,603382.5,3509584.5,2022,0,0,2,3,1,2,6,9,8,1,10,13,0,14,7,1,16,1
2383,2732,603427.5,3509566.5,2022,1,1,2,2,5,5,1,2,4,10,4,2,0,14,7,1,16,4
2375,2780,603571.5,3509590.5,2022,1,1,2,2,5,5,1,2,4,10,4,2,0,14,12,6,16,4
2380,2799,603628.5,3509575.5,2022,1,1,2,2,5,5,1,4,5,2,12,6,4,3,7,16,4,9
2395,2849,603778.5,3509530.5,2022,1,1,2,2,5,5,1,2,4,10,4,2,0,14,7,1,16,4
2384,2856,603799.5,3509563.5,2022,1,1,2,2,5,5,1,4,5,2,12,6,4,15,15,7,13,10
2381,2896,603919.5,3509572.5,2022,1,1,3,4,3,0,8,2,1,9,0,5,10,12,1,4,1,2
2377,2920,603991.5,3509584.5,2022,1,1,3,2,5,5,1,2,4,10,4,2,0,14,12,6,16,4
2380,2955,604096.5,3509575.5,2022,1,1,2,2,5,5,1,2,4,10,4,2,0,14,7,1,16,4
2376,2994,604213.5,3509587.5,2022,2,3,0,0,3,3,5,1,0,6,6,10,13,5,5,15,12,19
2385,3025,604306.5,3509560.5,2022,0,0,1,0,6,3,2,7,10,0,5,3,12,13,13,10,7,0
2397,3044,604363.5,3509524.5,2022,0,0,1,0,3,0,4,6,2,5,1,1,2,6,9,11,10,6
2378,3075,604456.5,3509581.5,2022,2,3,3,4,3,0,5,1,0,6,6,10,1,5,5,15,6,19
2370,3105,604546.5,3509605.5,2022,2,3,3,4,3,0,5,1,0,6,6,10,13,6,5,15,14,7
2392,3142,604657.5,3509539.5,2022,2,3,0,0,3,3,5,1,0,6,6,10,1,5,5,15,12,19
2397,3151,604684.5,3509524.5,2022,2,3,0,1,0,4,5,1,0,7,11,11,1,5,5,12,6,5
2391,3208,604855.5,3509542.5,2022,1,1,3,4,2,1,8,3,9,11,2,7,14,2,12,6,14,7
2371,3231,604924.5,3509602.5,2022,2,3,0,4,3,0,5,1,0,6,6,10,1,5,5,15,6,19
2397,3248,604975.5,3509524.5,2022,1,1,3,4,2,1,8,3,9,11,2,7,14,2,12,6,14,7
2392,3299,605128.5,3509539.5,2022,2,3,3,4,2,1,8,3,9,11,2,7,11,9,0,14,5,13
2386,3320,605191.5,3509557.5,2022,2,3,3,4,2,1,8,3,9,11,2,7,11,9,0,14,5,13
2391,3333,605230.5,3509542.5,2022,1,1,3,4,2,1,8,3,9,11,2,7,11,9,0,14,5,13
2416,14,595273.5,3509467.5,2022,2,3,0,4,3,0,5,1,0,6,6,10,10,5,1,4,1,2
2408,55,595396.5,3509491.5,2022,2,3,0,0,6,3,2,7,10,0,5,11,13,1,10,17,12,16
2427,86,595489.5,3509434.5,2022,2,3,0,4,3,0,5,1,1,9,0,5,10,12,1,4,1,2
2422,116,595579.5,3509449.5,2022,2,3,0,1,0,4,0,8,7,7,11,11,8,1,3,13,2,18
2425,133,595630.5,3509440.5,2022,2,3,0,1,0,4,5,1,0,6,6,11,8,5,5,12,6,5
2408,168,595735.5,3509491.5,2022,1,1,3,4,3,0,4,6,1,9,0,5,10,12,1,4,1,2
2400,191,595804.5,3509515.5,2022,1,1,3,4,5,0,1,4,1,9,0,5,10,12,1,4,1,2
2417,229,595918.5,3509464.5,2022,1,2,4,5,4,6,3,5,6,3,7,12,6,7,11,2,3,15
2402,268,596035.5,3509509.5,2022,2,2,4,5,4,6,3,5,6,3,7,12,6,7,11,2,3,15
2413,281,596074.5,3509476.5,2022,2,3,0,1,0,3,5,1,0,6,6,11,8,1,10,17,12,16
2404,312,596167.5,3509503.5,2022,2,3,0,1,0,3,0,8,0,7,11,11,8,1,3,13,2,18
2423,334,596233.5,3509446.5,2022,2,3,3,4,2,1,8,3,9,11,2,7,11,9,0,14,5,13
2414,371,596344.5,3509473.5,2022,2,3,0,1,0,4,0,8,7,8,8,0,7,11,16,3,8,18
2419,390,596401.5,3509458.5,2022,1,2,4,5,4,6,3,5,6,3,3,4,3,4,4,5,17,3
2415,443,596560.5,3509470.5,2022,2,3,0,0,3,0,5,1,0,6,6,1,13,6,9,15,12,19
2428,463,596620.5,3509431.5,2022,1,1,3,4,3,0,4,6,1,9,0,5,10,12,1,4,1,2
2420,489,596698.5,3509455.5,2022,2,3,0,4,3,0,5,1,0,6,6,10,1,5,5,15,10,19
2417,513,596770.5,3509464.5,2022,1,1,3,4,3,0,4,6,1,9,0,5,10,12,1,4,1,2
2428,559,596908.5,3509431.5,2022,1,2,4,5,4,6,3,5,6,3,7,12,6,7,11,2,3,15
2406,587,596992.5,3509497.5,2022,0,0,1,0,6,7,7,0,2,5,5,1,13,6,9,11,0,1
2426,609,597058.5,3509437.5,2022,2,3,3,4,3,0,5,1,1,9,0,5,10,12,1,4,1,2
2419,658,597205.5,3509458.5,2022,2,3,0,4,3,3,5,1,0,6,6,10,1,5,5,15,6,19
2400,662,597217.5,3509515.5,2022,1,1,3,4,3,0,4,6,1,9,0,5,10,15,1,4,1,2
2405,713,597370.5,3509500.5,2022,2,3,0,4,3,3,5,1,0,6,6,10,1,5,5,15,12,19
2424,747,597472.5,3509443.5,2022,2,3,0,4,3,3,5,1,0,6,6,10,1,5,5,15,12,19
2425,773,597550.5,3509440.5,2022,2,3,3,4,3,0,5,1,1,9,0,5,10,12,1,4,1,2
2420,803,597640.5,3509455.5,2022,2,3,0,1,0,4,5,1,0,6,6,10,1,5,5,12,6,19
2401,838,597745.5,3509512.5,2022,2,3,0,4,3,0,5,1,1,9,0,5,10,12,1,4,1,2
2419,841,597754.5,3509458.5,2022,1,1,2,2,5,0,4,6,1,9,0,5,10,15,15,7,13,10
2406,885,597886.5,3509497.5,2022,2,3,3,4,3,0,5,1,1,9,0,5,10,12,1,4,1,2
2408,909,597958.5,3509491.5,2022,1,1,2,3,3,0,4,6,1,9,0,5,10,12,15,7,13,2
2401,944,598063.5,3509512.5,2022,1,1,3,4,3,0,4,6,1,9,0,5,10,12,1,4,1,2
2400,960,598111.5,3509515.5,2022,2,3,3,4,3,0,5,1,1,9,0,5,10,12,1,4,1,2
2404,1019,598288.5,3509503.5,2022,2,3,3,4,3,0,5,1,1,9,0,5,10,12,1,4,1,2
2425,1034,598333.5,3509440.5,2022,2,3,3,4,3,1,5,1,0,6,6,10,1,5,5,12,6,19
2417,1072,598447.5,3509464.5,2022,1,1,3,4,3,0,4,6,1,9,0,5,10,12,1,4,1,2
2401,1081,598474.5,3509512.5,2022,2,3,0,4,3,1,5,1,0,6,6,10,1,5,5,12,6,19
2414,1131,598624.5,3509473.5,2022,1,1,3,4,2,5,1,4,1,9,0,5,10,12,8,16,18,11
2423,1162,598717.5,3509446.5,2022,1,1,3,2,5,5,1,2,4,10,4,2,14,2,12,6,18,4
2403,1192,598807.5,3509506.5,2022,1,1,3,4,2,1,8,2,4,10,4,2,14,2,12,6,14,7
2411,1205,598846.5,3509482.5,2022,1,1,3,4,2,5,1,2,4,10,4,2,14,2,12,6,14,7
2402,1245,598966.5,3509509.5,2022,1,1,3,4,2,5,1,2,4,10,4,2,14,2,12,6,18,11
2423,1284,599083.5,3509446.5,2022,1,2,4,5,4,6,3,5,6,3,3,4,3,4,4,5,17,3
2400,1295,599116.5,3509515.5,2022,1,1,3,4,3,0,4,6,1,9,0,5,10,12,1,4,1,2
2401,1335,599236.5,3509512.5,2022,1,1,3,4,3,0,4,6,1,9,0,5,10,12,1,4,1,2
2429,1374,599353.5,3509428.5,2022,2,3,3,4,3,0,4,6,1,9,0,5,10,12,1,4,1,2
2415,1383,599380.5,3509470.5,2022,1,1,3,4,3,0,4,6,1,9,0,5,10,12,1,4,1,2
2414,1417,599482.5,3509473.5,2022,1,1,2,2,5,5,1,4,5,2,12,6,4,3,8,16,18,9
2427,1467,599632.5,3509434.5,2022,2,3,0,1,0,4,0,8,7,7,11,11,8,1,3,12,6,5
2429,1491,599704.5,3509428.5,2022,2,3,0,4,3,3,5,1,0,6,6,10,1,5,5,15,6,19
2413,1514,599773.5,3509476.5,2022,2,3,0,1,0,3,5,1,0,6,6,10,1,5,10,15,12,19
2403,1546,599869.5,3509506.5,2022,1,1,3,4,2,1,8,2,4,10,4,2,14,2,12,6,18,11
2407,1582,599977.5,3509494.5,2022,2,3,3,4,3,1,5,1,0,6,6,10,1,5,5,15,14,7
2416,1601,600034.5,3509467.5,2022,2,1,3,4,3,0,4,1,0,6,6,10,14,5,12,15,14,7
2405,1636,600139.5,3509500.5,2022,1,1,3,4,3,0,8,1,1,9,0,5,14,2,12,6,14,7
2427,1672,600247.5,3509434.5,2022,1,1,3,4,3,0,4,6,1,9,0,5,10,12,1,4,1,2
2423,1698,600325.5,3509446.5,2022,2,3,0,1,0,4,5,8,0,6,6,10,1,5,5,12,6,5
2404,1738,600445.5,3509503.5,2022,2,0,1,0,3,3,2,7,0,6,6,1,13,6,10,15,10,16
2409,1741,600454.5,3509488.5,2022,1,1,3,4,2,1,8,2,4,10,4,2,14,2,12,6,14,7
2429,1775,600556.5,3509428.5,2022,2,3,0,4,3,0,5,1,0,6,6,10,1,5,5,12,6,19
2418,1816,600679.5,3509461.5,2022,0,0,1,0,6,7,7,0,2,5,1,1,2,6,9,11,10,6
2427,1844,600763.5,3509434.5,2022,2,3,0,0,6,3,2,7,10,0,5,3,12,13,13,10,7,0
2422,1867,600832.5,3509449.5,2022,0,0,1,0,6,3,2,7,10,0,5,3,12,13,10,17,12,16
2407,1907,600952.5,3509494.5,2022,0,0,1,0,3,3,2,7,2,6,6,1,13,6,9,15,10,6
2404,1933,601030.5,3509503.5,2022,0,0,1,0,3,0,4,6,2,5,1,9,2,15,9,11,10,6
2410,1975,601156.5,3509485.5,2022,1,1,2,2,5,5,4,2,4,10,4,2,0,14,7,1,16,4
2419,1990,601201.5,3509458.5,2022,0,0,1,0,3,0,4,6,2,5,1,1,13,6,9,11,10,6
2426,2039,601348.5,3509437.5,2022,0,0,1,0,6,3,2,7,10,0,5,3,12,13,13,11,10,6
2428,2045,601366.5,3509431.5,2022,0,0,1,0,6,3,2,7,10,0,5,3,12,13,13,10,10,6
2404,2076,601459.5,3509503.5,2022,1,1,3,4,5,5,4,2,4,10,4,2,14,2,12,6,14,7
2412,2123,601600.5,3509479.5,2022,1,1,2,2,5,5,1,4,5,2,12,6,4,3,8,16,4,9
2420,2148,601675.5,3509455.5,2022,0,0,1,3,1,7,4,0,2,5,1,1,13,6,9,11,0,1
2417,2183,601780.5,3509464.5,2022,1,2,4,5,4,6,3,5,6,3,3,4,3,4,4,5,17,3
2419,2218,601885.5,3509458.5,2022,1,1,2,2,5,5,1,4,5,2,12,6,4,3,7,16,4,9
2423,2241,601954.5,3509446.5,2022,1,1,2,2,5,5,1,4,5,2,12,6,4,3,15,7,4,9
2415,2265,602026.5,3509470.5,2022,1,1,2,2,5,5,1,4,5,2,12,6,4,3,8,16,13,9
2408,2300,602131.5,3509491.5,2022,0,0,2,3,1,2,6,9,8,1,10,13,5,10,14,9,9,14
2419,2317,602182.5,3509458.5,2022,1,1,2,2,5,2,6,9,8,1,10,13,5,10,15,7,13,10
2425,2346,602269.5,3509440.5,2022,1,1,2,2,5,2,6,9,8,1,10,9,2,15,15,7,13,10
2428,2394,602413.5,3509431.5,2022,0,0,2,3,1,2,6,9,8,1,10,9,2,15,15,7,13,10
2420,2421,602494.5,3509455.5,2022,1,1,2,2,5,2,6,9,5,1,10,6,5,10,14,9,4,14
2400,2453,602590.5,3509515.5,2022,0,1,2,3,1,2,6,9,8,1,10,13,5,10,14,9,9,14
2416,2483,602680.5,3509467.5,2022,1,1,2,2,5,2,6,9,8,1,10,13,5,10,14,9,9,14
2415,2502,602737.5,3509470.5,2022,0,1,2,3,1,2,6,9,8,1,10,13,5,10,14,9,9,14
2415,2546,602869.5,3509470.5,2022,0,0,2,3,1,2,6,9,8,1,10,13,5,10,6,8,9,1
2428,2562,602917.5,3509431.5,2022,0,0,1,3,1,7,7,0,3,4,9,8,9,0,6,8,15,1
2417,2602,603037.5,3509464.5,2022,0,0,1,3,1,7,7,0,3,4,9,8,9,0,6,8,15,12
2426,2623,603100.5,3509437.5,2022,1,1,2,2,5,5,1,2,4,10,4,2,0,14,7,1,16,4
2417,2646,603169.5,3509464.5,2022,0,0,1,3,1,7,7,0,3,4,9,8,9,0,6,8,15,12
2428,2689,603298.5,3509431.5,2022,1,1,3,2,5,5,1,2,4,10,4,2,0,14,12,6,16,7
2408,2716,603379.5,3509491.5,2022,1,2,4,5,4,6,3,5,6,3,3,4,3,4,4,5,17,3
2407,2748,603475.5,3509494.5,2022,1,1,3,4,3,0,4,6,2,5,1,9,2,15,9,7,10,10
2415,2762,603517.5,3509470.5,2022,1,1,2,2,5,5,1,4,5,2,12,6,0,14,7,1,16,4
2411,2801,603634.5,3509482.5,2022,1,1,2,2,5,5,1,4,5,2,12,6,4,3,7,16,4,9
2418,2832,603727.5,3509461.5,2022,1,1,2,2,5,5,1,4,5,2,12,6,0,14,7,1,16,4
2429,2864,603823.5,3509428.5,2022,1,1,2,2,5,5,1,2,4,10,4,2,0,14,7,1,16,4
2403,2908,603955.5,3509506.5,2022,0,0,1,0,3,3,2,7,2,5,5,1,13,6,9,11,10,6
2400,2938,604045.5,3509515.5,2022,1,1,2,2,5,5,1,4,5,2,12,6,4,3,8,16,4,9
2406,2941,604054.5,3509497.5,2022,1,1,2,2,5,5,1,4,5,2,12,6,4,3,7,16,4,4
2423,2981,604174.5,3509446.5,2022,1,1,2,2,5,5,1,2,4,10,4,2,0,14,7,1,16,4
2400,3021,604294.5,3509515.5,2022,2,3,0,1,0,3,5,1,0,6,6,10,1,5,5,15,12,19
2411,3050,604381.5,3509482.5,2022,1,1,3,4,2,1,8,3,9,11,2,7,14,2,12,6,14,7
2401,3060,604411.5,3509512.5,2022,2,3,0,1,0,3,5,1,0,6,6,10,1,13,13,10,7,0
2409,3117,604582.5,3509488.5,2022,1,1,2,2,5,5,1,2,4,10,4,2,0,14,12,1,16,4
2412,3139,604648.5,3509479.5,2022,2,1,3,4,3,0,4,2,4,10,4,2,14,2,12,6,14,7
2411,3177,604762.5,3509482.5,2022,1,1,3,4,2,1,8,2,4,10,4,2,14,2,12,6,14,7
2410,3183,604780.5,3509485.5,2022,1,1,3,4,2,1,8,2,4,10,4,2,14,2,12,6,14,7
2404,3230,604921.5,3509503.5,2022,1,1,3,4,2,1,8,3,9,11,2,7,11,9,0,14,5,13
2401,3269,605038.5,3509512.5,2022,1,1,3,4,2,1,8,3,9,11,2,7,11,9,0,14,5,13
2406,3295,605116.5,3509497.5,2022,1,1,3,2,2,5,1,2,4,10,4,2,14,2,12,6,18,11
2425,3316,605179.5,3509440.5,2022,2,3,3,4,2,1,8,3,9,11,2,7,11,9,0,14,5,13
2401,3331,605224.5,3509512.5,2022,1,1,3,4,2,1,8,3,9,11,2,7,11,9,0,14,5,13
2455,3,595240.5,3509350.5,2022,2,3,3,4,3,1,5,1,0,6,6,5,10,5,5,4,6,2
2448,31,595324.5,3509371.5,2022,2,3,0,0,6,3,2,7,10,0,5,1,13,6,10,17,12,16
2448,77,595462.5,3509371.5,2022,2,3,0,1,0,3,2,7,10,7,11,11,8,1,10,13,12,18
2444,113,595570.5,3509383.5,2022,2,3,3,4,3,1,5,1,0,6,6,5,10,5,5,15,14,7
2435,124,595603.5,3509410.5,2022,2,3,3,4,3,0,4,6,1,9,0,5,10,12,1,4,1,2
2437,169,595738.5,3509404.5,2022,1,2,4,5,4,6,3,5,6,3,7,12,6,7,11,2,3,15
2439,200,595831.5,3509398.5,2022,1,2,4,5,4,6,3,5,6,3,7,12,6,7,11,2,3,15
2439,235,595936.5,3509398.5,2022,1,2,4,5,4,6,3,5,6,3,7,12,6,7,11,2,3,15
2443,244,595963.5,3509386.5,2022,1,2,4,5,4,6,3,5,6,3,7,12,6,7,11,2,3,15
2431,275,596056.5,3509422.5,2022,2,3,0,1,0,4,5,1,0,7,11,11,8,1,3,13,2,18
2447,309,596158.5,3509374.5,2022,1,2,4,5,4,6,3,5,6,3,7,12,6,7,11,2,3,15
2445,350,596281.5,3509380.5,2022,2,3,0,1,0,4,0,8,7,7,11,0,7,11,16,3,7,8
2448,369,596338.5,3509371.5,2022,2,3,0,1,0,4,0,8,7,7,11,11,8,1,3,13,2,18
2453,417,596482.5,3509356.5,2022,1,1,3,4,3,0,4,6,1,9,0,5,10,12,1,4,1,2
2430,448,596575.5,3509425.5,2022,1,1,3,4,3,0,4,6,1,9,0,5,10,12,1,4,1,2
2457,453,596590.5,3509344.5,2022,1,2,4,5,4,6,3,5,6,3,3,4,3,4,4,5,17,3
2442,489,596698.5,3509389.5,2022,1,2,4,5,4,6,3,5,6,3,7,12,6,7,11,2,3,15
2445,536,596839.5,3509380.5,2022,1,1,3,4,3,0,4,6,1,9,0,5,10,12,1,4,1,2
2456,549,596878.5,3509347.5,2022,1,1,3,4,3,0,5,6,1,9,0,5,10,12,1,4,1,2
2433,572,596947.5,3509416.5,2022,1,1,3,4,3,0,4,6,1,9,0,5,10,12,1,4,1,2
2442,622,597097.5,3509389.5,2022,2,3,0,4,3,0,5,1,1,9,0,5,10,12,1,4,1,2
2454,639,597148.5,3509353.5,2022,2,3,3,4,3,0,5,6,1,9,0,5,10,12,1,4,1,2
2441,681,597274.5,3509392.5,2022,2,3,0,4,0,4,5,1,1,9,0,5,10,12,1,4,1,2
2439,704,597343.5,3509398.5,2022,2,3,0,1,0,3,5,1,0,6,6,10,1,5,5,15,6,19
2447,726,597409.5,3509374.5,2022,2,3,3,4,3,0,5,1,1,9,0,5,10,12,1,4,1,2
2450,767,597532.5,3509365.5,2022,2,3,3,4,3,0,5,1,1,9,0,5,10,12,1,4,1,2
2447,798,597625.5,3509374.5,2022,2,3,0,1,3,4,5,1,0,6,6,10,1,5,5,15,6,19
2435,821,597694.5,3509410.5,2022,2,3,0,1,0,4,5,1,0,7,11,11,8,1,3,12,6,5
2438,853,597790.5,3509401.5,2022,1,1,2,3,1,2,6,9,8,1,10,13,5,10,15,7,13,10
2457,879,597868.5,3509344.5,2022,2,3,0,1,0,3,5,1,0,7,11,11,8,1,3,13,12,19
2443,920,597991.5,3509386.5,2022,1,1,2,2,5,0,4,6,1,9,0,5,10,15,15,7,13,10
2436,939,598048.5,3509407.5,2022,0,1,2,3,1,2,6,9,8,1,10,13,5,10,14,9,9,14
2454,970,598141.5,3509353.5,2022,1,1,3,4,3,0,4,6,1,9,0,5,10,12,1,4,1,2
2448,1019,598288.5,3509371.5,2022,2,3,0,4,3,4,5,1,1,9,0,5,10,12,1,4,1,2
2435,1037,598342.5,3509410.5,2022,1,1,3,4,3,0,4,6,1,9,0,5,10,12,1,4,1,2
2433,1066,598429.5,3509416.5,2022,1,1,3,4,3,0,5,6,1,9,0,5,10,12,1,4,1,2
2431,1088,598495.5,3509422.5,2022,1,1,3,4,3,0,4,6,1,9,0,5,10,12,1,4,1,2
2453,1121,598594.5,3509356.5,2022,0,0,1,4,3,0,4,6,2,5,1,1,13,6,9,11,0,1
2442,1147,598672.5,3509389.5,2022,0,0,1,4,3,0,4,6,1,9,0,5,10,12,1,4,1,2
2431,1174,598753.5,3509422.5,2022,2,3,3,4,2,1,8,3,9,11,2,7,11,2,0,14,14,7
2439,1205,598846.5,3509398.5,2022,1,1,3,4,2,1,8,2,4,10,4,2,14,2,12,6,14,7
2444,1234,598933.5,3509383.5,2022,2,3,0,0,0,3,2,1,0,6,6,1,13,6,10,17,12,16
2444,1264,599023.5,3509383.5,2022,1,1,3,4,3,0,4,6,1,9,0,5,10,12,1,4,1,2
2436,1297,599122.5,3509407.5,2022,2,3,0,1,0,4,5,1,0,6,6,10,1,5,5,15,6,19
2452,1338,599245.5,3509359.5,2022,2,3,0,1,0,4,0,8,7,7,11,11,8,1,3,12,6,5
2435,1362,599317.5,3509410.5,2022,2,1,3,4,3,0,4,6,1,9,0,5,10,12,1,4,1,2
2447,1405,599446.5,3509374.5,2022,2,3,0,0,3,3,5,1,0,6,6,1,13,6,10,15,12,19
2431,1431,599524.5,3509422.5,2022,2,3,0,1,0,4,5,1,0,6,6,10,1,5,5,15,6,19
2443,1455,599596.5,3509386.5,2022,2,3,0,1,0,4,5,1,0,6,6,10,1,5,5,12,6,19
2442,1495,599716.5,3509389.5,2022,2,3,0,4,2,1,5,1,0,6,6,10,1,5,5,12,6,19
2431,1516,599779.5,3509422.5,2022,2,3,0,1,0,4,5,1,0,6,6,10,1,5,5,12,6,19
2456,1547,599872.5,3509347.5,2022,2,3,0,1,0,3,5,1,0,6,6,10,1,5,5,15,6,19
2439,1565,599926.5,3509398.5,2022,2,3,1,0,3,0,5,1,0,6,6,1,13,6,9,15,10,19
2457,1613,600070.5,3509344.5,2022,1,1,3,4,3,0,4,6,1,9,0,5,10,12,1,4,1,2
2455,1641,600154.5,3509350.5,2022,2,3,0,1,0,3,2,7,10,7,11,11,8,1,10,17,12,16
2454,1673,600250.5,3509353.5,2022,1,1,3,4,2,1,8,3,9,11,2,7,14,2,0,6,18,11
2446,1680,600271.5,3509377.5,2022,2,3,3,4,3,0,5,6,1,9,0,5,10,12,1,4,1,2
2449,1716,600379.5,3509368.5,2022,2,3,0,1,0,4,0,8,7,8,8,0,7,11,16,12,6,5
2439,1750,600481.5,3509398.5,2022,2,3,3,4,3,0,5,1,0,6,6,10,13,6,9,15,10,19
2451,1781,600574.5,3509362.5,2022,2,3,0,1,3,3,5,1,0,6,6,10,1,5,5,15,6,19
2437,1821,600694.5,3509404.5,2022,2,3,0,0,6,3,2,7,10,0,5,3,12,13,13,17,12,16
2446,1837,600742.5,3509377.5,2022,0,0,1,0,6,3,2,7,10,0,5,3,12,13,10,17,12,16
2444,1881,600874.5,3509383.5,2022,0,0,1,0,6,3,2,7,10,0,5,3,12,13,13,10,11,16
2444,1913,600970.5,3509383.5,2022,2,3,0,0,3,3,5,1,0,6,6,10,1,5,5,15,10,19
2438,1933,601030.5,3509401.5,2022,0,0,1,0,6,3,2,7,10,0,5,3,13,6,10,17,12,16
2449,1951,601084.5,3509368.5,2022,2,3,1,0,6,3,2,7,10,0,5,1,13,6,10,17,12,16
2451,1995,601216.5,3509362.5,2022,1,1,3,4,3,0,4,2,4,10,4,2,14,2,12,6,14,7
2430,2023,601300.5,3509425.5,2022,2,0,1,0,6,3,2,7,10,0,5,1,13,6,10,17,12,16
2447,2054,601393.5,3509374.5,2022,1,1,2,2,5,5,4,2,4,10,4,2,0,14,7,1,16,4
2457,2079,601468.5,3509344.5,2022,1,1,2,3,1,0,4,6,2,5,1,9,2,15,15,7,13,10
2430,2104,601543.5,3509425.5,2022,1,1,2,2,5,5,1,2,4,10,4,2,0,14,12,1,16,4
2450,2149,601678.5,3509365.5,2022,1,1,2,2,5,5,1,4,5,2,12,9,0,15,15,7,13,10
2457,2169,601738.5,3509344.5,2022,1,1,2,2,5,5,1,4,5,2,4,6,0,14,7,1,16,4
2450,2212,601867.5,3509365.5,2022,0,0,1,3,1,7,7,0,2,5,1,9,2,0,9,11,0,1
2434,2248,601975.5,3509413.5,2022,1,1,2,2,5,5,1,4,5,2,12,6,4,3,8,16,4,9
2448,2262,602017.5,3509371.5,2022,0,0,2,3,1,2,4,6,2,5,1,9,2,15,15,7,13,10
2448,2306,602149.5,3509371.5,2022,0,1,2,3,1,2,6,9,8,1,10,13,0,14,7,1,16,4
2431,2336,602239.5,3509422.5,2022,1,1,2,2,5,2,6,9,5,1,10,6,5,10,7,9,9,14
2456,2345,602266.5,3509347.5,2022,1,1,2,2,5,2,6,4,5,2,12,6,4,3,15,7,13,10
2433,2381,602374.5,3509416.5,2022,0,1,2,3,3,0,4,6,2,5,1,9,2,15,15,7,13,10
2445,2410,602461.5,3509380.5,2022,1,1,2,2,5,5,1,4,5,2,12,6,4,3,8,16,4,9
2458,2433,602530.5,3509341.5,2022,0,1,2,3,1,2,6,9,8,1,10,13,5,10,14,9,9,14
2443,2473,602650.5,3509386.5,2022,1,1,2,3,1,2,6,9,8,1,10,13,5,10,14,9,9,14
2430,2505,602746.5,3509425.5,2022,1,1,2,2,5,5,1,2,4,10,4,2,0,14,7,1,16,4
2453,2525,602806.5,3509356.5,2022,1,1,2,2,5,2,6,9,8,1,10,13,5,10,14,9,9,14
2446,2565,602926.5,3509377.5,2022,0,0,2,3,1,2,6,9,2,5,1,9,2,15,6,11,0,1
2456,2588,602995.5,3509347.5,2022,1,1,2,2,5,2,6,9,8,1,10,13,5,10,7,1,9,14
2435,2629,603118.5,3509410.5,2022,1,1,2,2,5,5,1,2,4,10,4,6,0,14,7,1,16,4
2455,2649,603178.5,3509350.5,2022,1,1,2,2,5,5,1,4,5,2,12,6,0,14,7,1,16,4
2433,2695,603316.5,3509416.5,2022,1,1,2,2,5,5,1,4,5,2,12,6,4,3,7,16,16,4
2436,2720,603391.5,3509407.5,2022,1,1,2,2,5,5,1,4,5,2,12,6,0,14,7,1,16,4
2435,2736,603439.5,3509410.5,2022,1,1,2,2,5,5,1,4,5,2,12,6,4,3,7,16,4,9
2439,2781,603574.5,3509398.5,2022,1,1,2,2,5,5,1,4,5,2,12,6,4,3,7,16,4,9
2439,2818,603685.5,3509398.5,2022,1,1,2,2,5,5,4,2,4,10,4,2,0,14,7,1,16,4
2457,2824,603703.5,3509344.5,2022,1,1,2,2,5,2,6,9,8,1,10,13,0,14,7,1,16,4
2455,2870,603841.5,3509350.5,2022,1,1,2,2,5,5,1,4,5,2,12,6,0,14,7,1,16,4
2441,2901,603934.5,3509392.5,2022,1,1,2,2,5,5,4,2,4,10,4,2,0,14,7,1,16,4
2453,2911,603964.5,3509356.5,2022,0,0,1,3,1,2,7,0,3,4,9,8,9,0,6,8,15,12
2432,2962,604117.5,3509419.5,2022,1,1,2,2,5,5,1,4,5,2,12,6,4,3,8,16,18,9
2454,2991,604204.5,3509353.5,2022,1,1,2,2,5,5,1,4,5,2,12,6,4,3,8,16,4,9
2442,3026,604309.5,3509389.5,2022,0,0,1,0,6,7,2,7,2,0,5,1,13,6,9,11,0,1
2438,3038,604345.5,3509401.5,2022,0,0,1,0,6,3,2,7,10,0,5,3,12,8,10,17,12,16
2450,3071,604444.5,3509365.5,2022,0,0,1,0,6,3,2,7,10,0,5,1,13,6,10,17,12,16
2440,3110,604561.5,3509395.5,2022,2,3,0,1,3,3,5,1,0,6,6,10,1,5,5,15,6,19
2441,3135,604636.5,3509392.5,2022,1,1,3,4,2,1,8,3,9,11,2,7,14,2,12,6,14,7
2457,3155,604696.5,3509344.5,2022,2,3,0,4,3,0,5,1,0,6,6,10,1,5,5,15,10,19
2447,3203,604840.5,3509374.5,2022,2,3,3,4,2,1,8,3,9,11,2,7,11,9,0,14,5,13
2436,3239,604948.5,3509407.5,2022,1,1,3,2,5,5,1,2,4,10,4,2,14,2,12,6,14,7
2453,3245,604966.5,3509356.5,2022,1,1,3,4,2,1,8,3,9,11,2,7,14,2,0,14,5,13
2432,3291,605104.5,3509419.5,2022,1,1,3,4,2,1,8,3,9,11,2,5,14,2,12,6,18,11
2440,3312,605167.5,3509395.5,2022,1,1,3,4,2,1,8,3,9,11,2,7,11,9,0,14,5,13
2434,3333,605230.5,3509413.5,2022,2,3,3,4,2,1,5,1,9,11,2,10,1,5,5,12,6,5
2473,28,595315.5,3509296.5,2022,1,1,3,2,5,5,1,4,1,9,0,5,10,12,8,16,13,9
2481,31,595324.5,3509272.5,2022,1,2,4,5,4,6,3,5,6,3,3,4,3,4,4,5,17,3
2469,70,595441.5,3509308.5,2022,2,3,0,0,6,3,2,7,10,0,5,1,13,6,10,17,12,16
2477,102,595537.5,3509284.5,2022,2,3,0,1,0,3,0,8,10,7,11,11,8,1,3,13,2,18
2462,146,595669.5,3509329.5,2022,1,2,4,5,4,6,3,5,6,3,7,12,6,7,11,2,3,15
2462,171,595744.5,3509329.5,2022,2,3,0,1,0,4,0,8,7,8,8,0,7,11,3,13,2,18
2485,195,595816.5,3509260.5,2022,2,3,0,1,0,4,0,8,7,8,8,0,7,11,16,3,8,8
2474,235,595936.5,3509293.5,2022,2,3,0,1,0,4,0,8,7,8,8,0,7,11,3,13,2,18
2481,248,595975.5,3509272.5,2022,2,3,0,1,0,4,0,8,7,8,8,0,7,11,16,3,8,18
2471,296,596119.5,3509302.5,2022,2,3,0,1,0,4,5,1,0,6,6,10,1,5,5,12,6,5
2460,305,596146.5,3509335.5,2022,2,3,3,4,2,1,8,3,9,11,2,7,11,9,0,14,6,13
2479,357,596302.5,3509278.5,2022,0,0,1,0,6,3,2,7,10,0,5,1,13,6,10,17,12,16
2460,372,596347.5,3509335.5,2022,1,2,4,5,4,6,3,5,6,3,7,12,6,7,11,2,3,15
2484,413,596470.5,3509263.5,2022,1,1,3,4,3,0,4,6,1,9,0,5,10,12,1,4,1,2
2462,443,596560.5,3509329.5,2022,1,1,3,4,3,0,4,6,1,9,0,5,10,12,1,4,1,2
2480,450,596581.5,3509275.5,2022,1,1,3,4,3,0,4,6,1,9,0,5,10,12,1,4,1,2
2462,497,596722.5,3509329.5,2022,1,1,3,2,5,5,1,4,1,9,0,5,10,12,8,4,1,2
2481,520,596791.5,3509272.5,2022,1,2,4,5,4,6,3,5,6,3,7,12,6,7,11,2,3,15
2462,550,596881.5,3509329.5,2022,1,1,3,4,3,0,4,6,1,9,0,5,10,12,1,4,1,2
2481,593,597010.5,3509272.5,2022,2,3,0,1,0,4,5,8,7,8,8,0,1,5,5,12,6,5
2471,606,597049.5,3509302.5,2022,2,3,3,4,3,0,5,1,1,9,0,5,10,12,1,4,1,2
2477,649,597178.5,3509284.5,2022,1,1,3,4,3,0,4,6,1,9,0,5,10,12,1,4,1,2
2483,665,597226.5,3509266.5,2022,1,1,3,4,3,0,4,6,1,9,0,5,10,12,1,4,1,2
2489,707,597352.5,3509248.5,2022,2,3,3,4,3,0,5,1,1,9,0,5,10,12,1,4,1,2
2474,728,597415.5,3509293.5,2022,2,3,3,4,3,0,5,1,1,9,0,5,10,12,1,4,1,2
2475,778,597565.5,3509290.5,2022,1,1,3,4,3,0,4,6,1,9,0,5,10,12,15,7,13,10
2474,806,597649.5,3509293.5,2022,2,3,0,4,3,0,5,1,0,6,6,10,1,5,5,15,1,19
2471,823,597700.5,3509302.5,2022,2,3,0,1,0,4,5,1,0,6,6,10,1,5,5,12,6,19
2460,855,597796.5,3509335.5,2022,2,3,0,1,0,3,5,1,0,6,6,10,1,5,5,15,12,19
2482,884,597883.5,3509269.5,2022,2,3,0,1,3,3,5,1,0,6,6,10,1,5,5,15,6,19
2474,924,598003.5,3509293.5,2022,1,1,2,2,5,2,6,4,5,2,12,6,4,10,14,9,4,9
2476,946,598069.5,3509287.5,2022,2,3,3,4,3,0,5,1,1,9,0,5,10,12,1,4,1,2
2482,966,598129.5,3509269.5,2022,1,2,4,5,4,6,3,5,6,3,7,12,6,7,11,2,3,15
2472,993,598210.5,3509299.5,2022,2,3,0,4,3,4,5,1,0,6,6,10,1,5,5,12,6,19
2474,1031,598324.5,3509293.5,2022,2,3,0,4,3,0,5,1,0,6,6,5,10,12,1,4,1,2
2480,1059,598408.5,3509275.5,2022,2,3,0,1,0,3,5,1,0,7,11,11,8,1,3,13,12,18
2485,1098,598525.5,3509260.5,2022,2,3,0,1,0,3,5,1,0,6,6,11,13,1,10,15,12,16
2462,1125,598606.5,3509329.5,2022,1,1,2,3,1,0,4,6,2,5,1,9,2,15,15,7,13,10
2489,1164,598723.5,3509248.5,2022,1,1,3,4,5,5,1,4,1,9,0,5,10,12,8,4,18,11
2483,1189,598798.5,3509266.5,2022,1,1,3,4,3,0,4,2,4,10,4,2,14,2,12,6,14,7
2475,1221,598894.5,3509290.5,2022,1,1,2,4,3,0,4,6,1,9,0,9,10,15,15,7,13,10
2476,1235,598936.5,3509287.5,2022,2,3,3,4,3,0,5,1,0,6,6,10,1,5,5,15,14,7
2482,1260,599011.5,3509269.5,2022,1,1,3,4,2,1,8,3,9,11,2,2,14,2,12,6,18,11
2484,1291,599104.5,3509263.5,2022,0,1,3,4,3,0,4,6,2,5,1,1,13,6,9,15,1,7
2487,1332,599227.5,3509254.5,2022,1,1,3,4,2,1,8,3,9,11,2,7,11,2,0,14,14,13
2488,1356,599299.5,3509251.5,2022,2,3,3,4,2,1,8,1,0,6,6,10,1,5,5,15,14,7
2468,1403,599440.5,3509311.5,2022,2,3,0,1,0,4,5,1,0,6,6,10,1,5,5,12,6,5
2476,1431,599524.5,3509287.5,2022,2,3,3,4,3,0,5,1,1,9,0,5,10,12,1,4,1,2
2472,1463,599620.5,3509299.5,2022,2,3,0,1,0,4,5,1,0,6,6,11,8,5,5,12,6,19
2484,1495,599716.5,3509263.5,2022,2,3,0,0,3,3,5,1,0,6,6,1,13,6,10,15,12,19
2479,1501,599734.5,3509278.5,2022,2,3,3,4,3,0,5,1,0,6,6,10,1,5,5,15,10,19
2487,1556,599899.5,3509254.5,2022,2,3,0,4,3,0,5,1,0,6,6,10,1,5,5,15,10,19
2466,1564,599923.5,3509317.5,2022,2,3,0,4,3,3,5,1,0,6,6,10,1,5,5,15,10,19
2481,1597,600022.5,3509272.5,2022,2,3,3,4,3,0,5,1,0,6,6,10,1,5,5,15,6,19
2475,1623,600100.5,3509290.5,2022,2,3,0,1,3,3,5,1,0,6,6,10,1,5,5,15,6,19
2470,1664,600223.5,3509305.5,2022,1,1,3,4,3,0,4,6,1,9,0,5,10,12,1,4,1,2
2483,1700,600331.5,3509266.5,2022,2,3,3,4,3,1,5,1,0,6,6,10,1,5,5,15,14,7
2488,1736,600439.5,3509251.5,2022,2,3,0,1,0,3,5,1,0,6,6,10,1,5,5,15,6,19
2485,1753,600490.5,3509260.5,2022,2,3,0,1,3,3,5,1,0,6,6,10,1,5,5,15,6,19
2473,1797,600622.5,3509296.5,2022,0,0,1,0,6,3,2,7,10,0,5,1,13,6,10,17,10,6
2463,1817,600682.5,3509326.5,2022,2,3,0,0,6,3,2,7,10,0,5,3,12,13,10,17,12,16
2477,1830,600721.5,3509284.5,2022,2,3,0,1,3,3,5,1,0,6,6,10,1,5,5,15,10,19
2477,1885,600886.5,3509284.5,2022,2,3,1,0,3,3,2,7,0,6,6,1,13,6,9,15,10,6
2477,1913,600970.5,3509284.5,2022,2,3,0,0,6,3,2,7,10,6,6,1,13,6,10,17,12,16
2464,1928,601015.5,3509323.5,2022,2,3,0,0,6,3,2,7,10,0,5,1,13,6,10,17,12,16
2468,1968,601135.5,3509311.5,2022,0,0,1,0,6,3,2,7,10,0,5,3,13,6,10,17,12,16
2471,1997,601222.5,3509302.5,2022,2,3,1,0,3,0,5,1,0,6,6,1,13,6,9,15,10,6
2466,2027,601312.5,3509317.5,2022,0,0,1,0,6,7,2,7,10,0,5,3,12,6,9,11,11,6
2470,2057,601402.5,3509305.5,2022,1,1,3,2,5,5,1,2,4,10,4,2,14,2,12,6,16,4
2484,2084,601483.5,3509263.5,2022,0,1,2,3,1,0,4,2,2,5,1,1,0,14,9,11,0,1
2466,2100,601531.5,3509317.5,2022,0,0,1,3,1,2,4,6,2,5,1,9,2,15,9,11,0,1
2477,2152,601687.5,3509284.5,2022,1,1,2,2,5,5,1,4,5,2,12,6,4,3,8,16,4,9
2463,2181,601774.5,3509326.5,2022,1,1,2,2,3,0,4,2,4,5,1,9,0,14,9,1,16,7
2482,2215,601876.5,3509269.5,2022,1,1,2,2,5,5,1,4,5,2,12,6,4,15,15,7,13,10
2486,2227,601912.5,3509257.5,2022,1,1,2,2,5,5,1,4,5,2,12,6,4,3,8,16,4,9
2462,2257,602002.5,3509329.5,2022,1,1,2,2,5,5,1,4,5,2,12,6,4,3,8,16,4,9
2482,2296,602119.5,3509269.5,2022,1,1,2,2,5,5,1,4,5,2,12,6,0,14,7,1,16,4
2469,2329,602218.5,3509308.5,2022,1,1,2,2,5,5,1,4,5,2,12,6,4,3,15,16,4,9
2470,2363,602320.5,3509305.5,2022,1,1,2,2,5,2,6,9,8,1,10,13,5,10,14,9,9,14
2480,2381,602374.5,3509275.5,2022,0,1,2,3,1,2,6,9,8,1,10,9,2,15,15,7,13,10
2473,2421,602494.5,3509296.5,2022,1,1,2,2,5,2,6,9,4,10,4,13,0,14,7,1,16,4
2486,2448,602575.5,3509257.5,2022,1,1,2,2,5,5,1,4,5,2,12,9,0,15,15,7,13,10
2462,2465,602626.5,3509329.5,2022,1,1,2,2,5,5,6,4,5,2,12,6,4,3,14,16,4,9
2484,2516,602779.5,3509263.5,2022,1,1,2,2,5,5,1,4,5,2,12,6,4,3,15,7,13,10
2488,2528,602815.5,3509251.5,2022,1,1,2,2,1,2,6,9,8,1,10,13,5,10,14,9,9,14
2484,2564,602923.5,3509263.5,2022,1,1,2,2,5,5,1,2,5,10,4,6,0,14,7,1,16,4
2479,2585,602986.5,3509278.5,2022,0,0,2,3,1,2,6,9,8,1,10,13,5,0,6,8,9,12
2489,2617,603082.5,3509248.5,2022,1,2,4,5,4,6,3,5,6,3,3,4,3,4,4,5,17,3
2473,2665,603226.5,3509296.5,2022,1,2,4,5,4,6,3,5,6,3,3,4,3,4,4,5,17,3
2485,2679,603268.5,3509260.5,2022,1,1,2,2,5,5,1,4,5,2,12,6,4,3,8,16,4,9
2474,2722,603397.5,3509293.5,2022,0,0,1,3,6,7,4,0,2,5,1,1,13,6,9,11,0,1
2468,2754,603493.5,3509311.5,2022,0,0,2,3,1,2,4,6,2,5,1,9,2,15,15,7,13,10
2487,2763,603520.5,3509254.5,2022,1,2,4,5,4,6,3,5,6,3,7,12,6,7,11,2,3,15
2484,2805,603646.5,3509263.5,2022,1,1,2,3,1,2,4,6,2,5,1,9,2,15,15,7,13,10
2474,2849,603778.5,3509293.5,2022,1,1,2,2,5,5,1,4,5,2,12,6,4,3,8,16,4,9
2475,2876,603859.5,3509290.5,2022,1,1,2,2,5,2,6,9,8,1,10,13,0,14,7,1,16,4
2486,2883,603880.5,3509257.5,2022,1,1,2,2,5,5,1,4,5,2,12,6,0,14,7,1,16,4
2469,2912,603967.5,3509308.5,2022,1,1,3,4,3,0,4,6,2,5,1,9,2,15,9,7,13,10
2479,2943,604060.5,3509278.5,2022,1,1,2,2,5,5,1,4,5,2,12,6,0,14,7,1,16,4
2460,2982,604177.5,3509335.5,2022,1,1,3,2,5,5,1,2,4,10,4,2,14,2,12,6,14,7
2460,3018,604285.5,3509335.5,2022,0,0,1,3,3,0,4,6,2,5,1,9,2,15,15,7,13,6
2472,3037,604342.5,3509299.5,2022,1,1,3,4,2,1,8,2,4,10,4,2,14,2,12,6,14,7
2477,3086,604489.5,3509284.5,2022,2,3,0,1,0,3,5,1,0,6,6,10,1,5,5,15,6,19
2483,3104,604543.5,3509266.5,2022,2,3,0,1,0,4,5,1,0,6,6,10,1,5,5,12,6,19
2463,3132,604627.5,3509326.5,2022,2,3,0,1,0,4,0,8,7,7,11,10,1,13,13,10,7,0
2485,3157,604702.5,3509260.5,2022,2,3,3,4,3,0,5,1,0,6,6,10,1,5,5,15,14,7
2463,3194,604813.5,3509326.5,2022,2,3,0,1,0,4,0,8,7,7,11,11,8,1,3,12,6,5
2468,3218,604885.5,3509311.5,2022,2,3,0,1,0,4,0,8,7,8,8,0,7,11,16,3,8,5
2475,3258,605005.5,3509290.5,2022,2,3,0,1,0,4,0,8,7,8,8,0,7,5,5,12,6,5
2475,3275,605056.5,3509290.5,2022,2,3,3,4,2,1,8,3,9,11,2,7,11,9,0,14,5,13
2485,3325,605206.5,3509260.5,2022,2,3,0,1,0,4,0,8,7,8,8,0,7,11,16,12,6,5
2488,3330,605221.5,3509251.5,2022,2,3,3,4,2,1,8,3,9,11,2,7,11,9,0,14,5,13
2508,18,595285.5,3509191.5,2022,0,1,3,4,3,0,4,6,1,9,0,5,10,12,1,4,1,2
2499,52,595387.5,3509218.5,2022,2,3,0,4,3,0,5,1,1,9,0,5,10,12,1,4,1,2
2492,75,595456.5,3509239.5,2022,2,3,3,4,3,0,5,1,1,9,0,5,10,12,1,4,1,2
2515,100,595531.5,3509170.5,2022,2,3,0,4,3,0,5,1,1,9,0,5,10,12,1,4,1,2
2496,130,595621.5,3509227.5,2022,2,3,3,4,3,0,5,1,1,9,0,5,10,12,1,4,1,2
2507,168,595735.5,3509194.5,2022,2,3,0,1,0,4,0,8,7,7,8,11,8,1,3,13,2,18
2496,209,595858.5,3509227.5,2022,2,3,0,1,0,4,0,8,7,8,8,0,7,11,16,3,8,8
2509,227,595912.5,3509188.5,2022,2,3,0,1,0,4,0,8,7,7,11,11,8,1,3,13,2,18
2510,245,595966.5,3509185.5,2022,2,3,0,1,0,4,0,8,7,7,11,0,8,11,3,13,2,18
2500,299,596128.5,3509215.5,2022,2,3,0,1,0,4,0,8,7,7,11,11,8,1,3,13,2,18
2507,316,596179.5,3509194.5,2022,2,3,0,1,0,4,0,8,7,7,11,11,8,1,3,13,2,18
2500,334,596233.5,3509215.5,2022,0,0,1,0,6,7,7,0,2,5,1,1,13,6,9,11,0,1
2519,382,596377.5,3509158.5,2022,0,0,2,3,1,2,4,6,2,5,1,9,2,15,15,7,13,10
2498,414,596473.5,3509221.5,2022,1,1,3,4,3,0,4,6,1,9,0,5,10,12,1,4,1,2
2497,431,596524.5,3509224.5,2022,1,1,3,4,3,0,4,6,1,9,0,5,10,12,1,4,1,2
2519,472,596647.5,3509158.5,2022,1,2,4,5,4,6,3,5,6,3,7,12,6,7,11,2,3,15
2492,496,596719.5,3509239.5,2022,1,1,3,4,3,0,5,6,1,9,0,5,10,12,1,4,1,2
2494,515,596776.5,3509233.5,2022,1,1,3,4,3,0,5,6,1,9,0,5,10,12,1,4,1,2
2514,564,596923.5,3509173.5,2022,1,1,2,4,3,0,4,6,1,9,0,5,10,12,1,4,1,2
2501,577,596962.5,3509212.5,2022,1,1,3,4,3,0,5,6,1,9,0,5,10,12,1,4,1,2
2504,618,597085.5,3509203.5,2022,1,1,3,4,3,0,5,6,1,9,0,5,10,12,1,4,1,2
2518,640,597151.5,3509161.5,2022,2,3,3,4,3,0,5,6,1,9,0,5,10,12,1,4,1,2
2513,661,597214.5,3509176.5,2022,2,3,3,4,3,0,5,1,1,9,0,5,10,12,1,4,1,2
2502,704,597343.5,3509209.5,2022,2,3,3,4,3,0,5,1,1,9,0,5,10,12,1,4,1,2
2494,728,597415.5,3509233.5,2022,2,3,0,1,0,3,5,1,0,7,11,11,8,1,3,13,12,19
2504,770,597541.5,3509203.5,2022,2,3,0,1,0,4,5,1,7,6,6,10,1,5,5,12,6,5
2510,804,597643.5,3509185.5,2022,2,3,0,1,0,4,5,1,0,6,6,10,1,5,5,12,6,5
2505,828,597715.5,3509200.5,2022,2,3,0,1,0,4,0,8,7,7,11,11,8,1,3,12,6,5
2513,860,597811.5,3509176.5,2022,2,3,0,1,0,4,0,8,7,7,11,11,8,1,3,12,6,5
2508,889,597898.5,3509191.5,2022,2,3,0,1,0,3,5,1,0,6,6,10,1,5,5,15,6,19
2513,901,597934.5,3509176.5,2022,2,3,0,4,3,0,5,1,0,6,6,10,1,5,5,15,6,19
2508,949,598078.5,3509191.5,2022,0,0,1,0,6,3,2,7,10,0,5,1,13,6,10,17,12,6
2507,977,598162.5,3509194.5,2022,2,3,3,4,3,0,5,1,0,6,6,10,1,5,5,15,10,19
2517,994,598213.5,3509164.5,2022,2,3,0,4,3,3,5,1,0,6,6,1,13,6,10,15,12,19
2497,1037,598342.5,3509224.5,2022,2,3,1,0,3,3,2,1,0,6,6,1,13,6,10,17,12,16
2499,1079,598468.5,3509218.5,2022,2,3,0,0,3,3,5,1,0,6,6,1,13,6,10,15,12,16
2505,1084,598483.5,3509200.5,2022,1,1,3,4,5,0,4,6,1,10,4,2,10,15,12,7,13,7
2491,1127,598612.5,3509242.5,2022,1,1,2,2,5,0,4,2,4,10,4,2,0,14,7,1,16,7
2493,1152,598687.5,3509236.5,2022,1,1,3,4,5,5,1,4,1,9,0,5,10,12,1,4,18,2
2517,1174,598753.5,3509164.5,2022,1,1,3,4,3,0,4,6,1,9,0,5,10,12,1,4,1,2
2501,1205,598846.5,3509212.5,2022,1,1,3,4,3,0,4,6,1,9,0,5,10,12,1,4,1,2
2493,1252,598987.5,3509236.5,2022,1,1,2,3,1,2,4,6,2,5,1,9,2,15,15,7,13,10
2506,1283,599080.5,3509197.5,2022,1,1,2,2,3,0,4,6,1,5,1,9,2,15,15,7,13,10
2490,1307,599152.5,3509245.5,2022,1,1,3,4,2,1,8,3,9,11,2,7,11,9,0,14,5,13
2501,1322,599197.5,3509212.5,2022,1,1,3,4,2,1,8,2,4,10,4,2,14,2,12,6,14,11
2514,1375,599356.5,3509173.5,2022,2,3,0,4,3,3,5,1,0,6,6,10,1,5,5,15,12,19
2495,1395,599416.5,3509230.5,2022,2,3,0,1,0,4,5,1,0,6,6,11,8,5,5,12,6,5
2494,1414,599473.5,3509233.5,2022,2,3,0,1,3,4,5,1,0,6,6,10,1,5,5,12,6,19
2500,1458,599605.5,3509215.5,2022,2,3,0,1,0,4,5,1,0,6,6,10,1,5,5,12,6,19
2504,1475,599656.5,3509203.5,2022,0,0,1,0,3,0,4,6,2,5,1,1,13,6,9,11,0,6
2510,1504,599743.5,3509185.5,2022,2,3,0,4,3,1,5,1,0,6,6,10,1,5,5,15,6,19
2510,1558,599905.5,3509185.5,2022,1,1,3,4,3,0,4,2,4,10,4,2,14,2,12,6,14,7
2507,1565,599926.5,3509194.5,2022,2,3,0,1,0,3,5,1,0,6,6,10,1,5,5,15,12,19
2499,1599,600028.5,3509218.5,2022,2,3,0,4,3,3,5,1,0,6,6,10,1,5,5,15,12,19
2517,1643,600160.5,3509164.5,2022,2,3,3,4,3,0,5,1,0,6,6,1,13,6,9,15,14,7
2512,1674,600253.5,3509179.5,2022,2,3,3,4,3,0,5,1,0,6,6,10,1,5,5,15,14,19
2493,1688,600295.5,3509236.5,2022,2,3,0,1,0,4,5,1,0,6,6,10,1,5,5,12,6,19
2491,1727,600412.5,3509242.5,2022,2,3,0,0,3,3,5,1,0,6,6,10,1,5,5,15,10,19
2504,1755,600496.5,3509203.5,2022,2,3,0,1,0,4,5,1,0,6,6,10,1,5,5,15,6,19
2509,1796,600619.5,3509188.5,2022,2,3,0,1,0,3,5,1,0,6,6,10,1,5,5,15,6,19
2516,1828,600715.5,3509167.5,2022,2,3,0,1,0,3,2,7,10,7,11,3,12,13,13,10,7,0
2514,1835,600736.5,3509173.5,2022,2,3,0,0,6,3,2,7,10,0,5,3,12,13,13,10,12,16
2516,1880,600871.5,3509167.5,2022,0,0,1,0,6,7,2,7,10,0,5,1,13,8,10,17,11,16
2491,1906,600949.5,3509242.5,2022,2,0,1,0,6,3,2,7,10,0,5,1,13,6,10,17,12,16
2498,1920,600991.5,3509221.5,2022,0,0,1,0,6,3,2,7,10,0,5,3,12,8,10,17,11,16
2514,1962,601117.5,3509173.5,2022,0,0,1,0,6,3,2,7,10,0,5,3,12,8,10,17,11,16
2506,1984,601183.5,3509197.5,2022,2,3,0,0,6,3,2,7,0,6,6,1,13,6,10,17,12,16
2499,2028,601315.5,3509218.5,2022,0,0,1,0,6,3,2,7,10,0,5,1,13,6,10,17,12,16
2493,2060,601411.5,3509236.5,2022,0,0,1,0,3,0,4,6,2,5,1,9,2,15,9,11,0,6
2498,2070,601441.5,3509221.5,2022,0,0,1,0,6,7,7,0,3,0,5,3,9,8,2,0,11,17
2493,2121,601594.5,3509236.5,2022,1,1,2,2,5,5,4,2,4,10,4,2,0,14,12,1,16,7
2494,2158,601705.5,3509233.5,2022,1,1,2,3,1,2,6,9,8,5,1,9,0,14,7,1,16,4
2496,2171,601744.5,3509227.5,2022,1,2,4,5,4,6,3,5,6,3,3,4,3,4,4,5,17,3
2497,2211,601864.5,3509224.5,2022,0,0,2,3,1,2,4,6,2,5,1,9,2,15,15,7,13,10
2492,2234,601933.5,3509239.5,2022,1,1,2,2,5,5,1,4,5,2,12,6,4,3,8,16,4,9
2494,2272,602047.5,3509233.5,2022,1,1,2,2,5,5,1,4,5,2,12,6,4,3,8,16,4,9
2516,2307,602152.5,3509167.5,2022,0,0,1,3,1,0,4,6,2,5,1,9,2,15,15,7,13,10
2509,2321,602194.5,3509188.5,2022,1,1,3,4,3,0,4,6,1,9,0,9,2,15,15,7,13,10
2497,2368,602335.5,3509224.5,2022,1,1,2,2,5,5,1,6,5,2,12,9,0,14,7,1,13,10
2506,2399,602428.5,3509197.5,2022,1,1,2,2,5,2,6,9,8,1,10,13,5,10,14,9,9,14
2506,2409,602458.5,3509197.5,2022,0,0,2,3,1,2,6,9,8,1,10,13,5,0,6,8,0,1
2503,2434,602533.5,3509206.5,2022,0,1,2,3,1,2,6,9,8,1,10,13,5,10,15,7,13,10
2496,2466,602629.5,3509227.5,2022,1,1,2,2,5,2,6,9,8,1,10,13,0,14,7,1,16,4
2500,2504,602743.5,3509215.5,2022,1,1,2,2,5,5,1,4,5,2,12,6,4,3,7,16,4,9
2498,2532,602827.5,3509221.5,2022,1,1,2,2,5,5,1,2,5,2,4,6,0,14,7,1,16,4
2493,2560,602911.5,3509236.5,2022,1,1,2,2,5,5,1,2,4,10,4,2,0,14,7,1,16,4
2516,2590,603001.5,3509167.5,2022,1,2,4,5,4,6,3,5,6,3,3,4,3,4,4,5,17,3
2497,2617,603082.5,3509224.5,2022,1,2,4,5,4,6,3,5,6,3,3,4,3,4,4,5,17,3
2506,2653,603190.5,3509197.5,2022,1,2,4,5,4,6,3,5,6,3,7,4,6,7,11,5,3,3
2512,2673,603250.5,3509179.5,2022,1,1,2,2,5,0,4,6,2,5,1,9,2,15,15,7,13,10
2490,2705,603346.5,3509245.5,2022,0,0,1,0,3,0,4,6,2,6,6,1,13,6,9,15,10,6
2493,2759,603508.5,3509236.5,2022,1,1,2,2,5,5,4,6,2,5,1,9,2,15,15,7,13,10
2496,2784,603583.5,3509227.5,2022,0,0,1,3,1,7,7,0,3,4,9,8,9,0,6,8,0,1
2504,2793,603610.5,3509203.5,2022,0,0,2,3,1,2,6,9,8,1,10,13,5,10,14,9,9,14
2505,2828,603715.5,3509200.5,2022,1,1,2,2,5,2,6,9,8,1,10,9,0,14,7,1,16,4
2506,2869,603838.5,3509197.5,2022,0,1,2,3,1,2,4,6,2,5,1,9,2,14,9,11,0,1
2499,2907,603952.5,3509218.5,2022,0,1,2,3,1,2,4,6,2,5,1,9,0,14,9,11,0,1
2516,2931,604024.5,3509167.5,2022,0,0,1,3,1,0,4,6,2,5,1,1,2,6,9,11,0,1
2509,2952,604087.5,3509188.5,2022,1,1,2,2,5,5,1,2,4,10,4,2,0,14,7,1,16,4
2514,2984,604183.5,3509173.5,2022,1,1,3,2,2,5,1,2,4,10,4,2,14,2,12,6,14,7
2515,3022,604297.5,3509170.5,2022,1,1,3,2,5,5,1,2,4,10,4,2,14,2,12,6,18,11
2498,3048,604375.5,3509221.5,2022,0,1,3,4,3,0,4,2,2,5,1,1,13,6,9,11,14,7
2496,3076,604459.5,3509227.5,2022,1,1,3,4,2,1,8,3,9,11,2,2,14,2,12,6,18,11
2507,3109,604558.5,3509194.5,2022,2,3,0,0,0,3,5,1,0,6,6,10,1,5,10,15,12,19
2505,3124,604603.5,3509200.5,2022,2,3,3,4,3,0,5,1,0,6,6,10,1,5,5,15,14,19
2496,3178,604765.5,3509227.5,2022,1,1,3,4,2,1,8,3,9,11,2,7,14,2,12,6,14,7
2502,3189,604798.5,3509209.5,2022,1,1,3,2,5,5,1,2,4,10,4,2,0,14,12,6,14,7
2493,3239,604948.5,3509236.5,2022,2,3,0,1,0,4,0,8,7,8,8,0,7,11,16,12,8,5
2509,3259,605008.5,3509188.5,2022,2,3,3,4,2,1,8,3,9,11,2,7,11,9,0,14,5,13
2498,3288,605095.5,3509221.5,2022,2,3,3,4,3,1,5,1,0,6,6,10,1,5,5,12,6,5
2502,3324,605203.5,3509209.5,2022,2,3,0,1,0,4,5,1,7,8,8,0,7,11,16,12,6,5
2490,3330,605221.5,3509245.5,2022,2,3,0,1,0,4,0,8,7,8,8,0,7,11,16,12,8,5
2544,3,595240.5,3509083.5,2022,2,3,0,1,0,4,5,1,0,6,6,10,1,5,5,15,6,19
2540,32,595327.5,3509095.5,2022,2,3,0,4,0,4,5,1,1,9,0,5,10,12,1,4,1,2
2545,82,595477.5,3509080.5,2022,2,3,0,4,3,0,5,1,1,9,0,5,10,12,1,4,1,2
2535,110,595561.5,3509110.5,2022,2,3,3,4,3,0,5,1,1,9,0,5,10,12,1,4,1,2
2549,148,595675.5,3509068.5,2022,2,3,0,1,0,4,0,8,7,7,11,11,8,1,3,13,2,18
2533,155,595696.5,3509116.5,2022,2,3,0,1,0,4,0,8,7,8,8,0,7,11,16,13,2,5
2524,189,595798.5,3509143.5,2022,2,3,0,1,0,4,0,8,7,7,11,11,8,1,3,13,2,18
2520,212,595867.5,3509155.5,2022,2,3,0,1,0,4,0,8,7,7,8,0,8,11,3,13,2,18
2542,247,595972.5,3509089.5,2022,2,3,0,1,0,4,0,8,7,7,11,11,8,1,3,13,2,18
2530,298,596125.5,3509125.5,2022,2,3,0,1,0,4,0,8,7,7,11,11,8,1,3,13,2,18
2524,309,596158.5,3509143.5,2022,2,3,0,1,0,4,0,8,7,7,11,11,8,1,3,13,2,18
2538,349,596278.5,3509101.5,2022,0,1,2,3,3,0,4,6,1,9,0,5,10,15,1,4,1,2
2523,389,596398.5,3509146.5,2022,0,1,2,3,1,2,6,9,8,1,10,9,2,15,15,7,13,10
2520,397,596422.5,3509155.5,2022,0,0,1,3,1,2,4,0,2,5,1,1,13,0,6,11,0,1
2538,423,596500.5,3509101.5,2022,2,3,3,4,3,0,5,6,1,9,0,5,10,12,1,4,1,2
2545,454,596593.5,3509080.5,2022,2,3,0,4,3,0,5,1,1,9,0,5,10,12,1,4,1,2
2530,501,596734.5,3509125.5,2022,2,3,3,4,3,0,5,1,1,9,0,5,10,12,1,4,1,2
2525,525,596806.5,3509140.5,2022,1,2,4,5,4,6,3,5,6,3,7,12,6,7,11,2,3,15
2527,540,596851.5,3509134.5,2022,2,3,3,4,3,0,5,1,1,9,0,5,10,12,1,4,1,2
2539,583,596980.5,3509098.5,2022,1,1,3,4,3,0,4,6,1,9,0,5,10,12,1,4,1,2
2523,613,597070.5,3509146.5,2022,1,1,2,2,3,0,4,6,1,9,0,5,10,12,1,4,1,2
2528,659,597208.5,3509131.5,2022,1,2,4,5,4,6,3,5,6,3,7,12,6,7,11,2,3,15
2529,681,597274.5,3509128.5,2022,2,3,3,4,3,0,5,1,1,9,0,5,10,12,1,4,1,2
2545,714,597373.5,3509080.5,2022,0,1,3,4,3,0,4,6,1,9,0,5,10,12,1,4,1,2
2545,734,597433.5,3509080.5,2022,1,1,3,4,3,0,4,6,1,9,0,5,10,12,1,4,1,2
2526,757,597502.5,3509137.5,2022,2,3,0,0,3,3,5,1,0,6,6,10,1,5,10,15,12,19
2535,799,597628.5,3509110.5,2022,2,3,0,1,3,3,5,1,0,6,6,10,1,5,5,15,6,19
2538,814,597673.5,3509101.5,2022,2,3,3,4,3,1,5,1,0,6,6,10,1,5,5,15,6,19
2542,843,597760.5,3509089.5,2022,2,3,3,4,3,0,5,1,0,6,6,10,1,5,5,15,6,19
2543,891,597904.5,3509086.5,2022,1,1,3,4,2,1,8,2,4,10,4,2,14,2,12,6,14,7
2532,903,597940.5,3509119.5,2022,1,1,3,4,3,0,4,6,1,9,0,5,10,12,1,4,1,2
2548,933,598030.5,3509071.5,2022,1,1,2,2,5,5,1,4,5,2,12,6,4,3,8,16,4,9
2535,967,598132.5,3509110.5,2022,2,3,0,0,6,3,2,7,10,0,5,1,13,6,10,17,12,16
2521,993,598210.5,3509152.5,2022,2,3,0,1,0,3,5,1,0,7,11,11,8,1,3,13,12,16
2532,1035,598336.5,3509119.5,2022,2,3,0,0,3,3,5,1,0,6,6,10,1,5,10,15,12,19
2538,1059,598408.5,3509101.5,2022,2,3,0,4,3,4,5,1,0,6,6,10,1,5,5,15,6,19
2534,1090,598501.5,3509113.5,2022,0,0,3,4,3,0,4,6,2,5,1,1,13,6,9,15,10,6
2548,1119,598588.5,3509071.5,2022,2,3,3,4,3,0,5,1,0,6,6,10,10,5,1,15,1,19
2544,1165,598726.5,3509083.5,2022,1,1,3,4,3,0,4,6,2,5,1,9,2,15,9,15,10,7
2536,1193,598810.5,3509107.5,2022,0,0,1,3,3,0,4,6,2,5,1,9,2,15,9,11,13,6
2525,1223,598900.5,3509140.5,2022,1,1,2,2,3,0,4,6,1,9,0,9,2,15,15,7,13,10
2533,1254,598993.5,3509116.5,2022,1,1,2,2,5,5,1,6,1,9,12,9,4,15,15,7,13,10
2523,1285,599086.5,3509146.5,2022,0,0,1,3,3,0,4,6,2,5,1,9,2,15,15,7,13,6
2528,1297,599122.5,3509131.5,2022,0,0,1,3,1,0,4,6,2,5,1,9,2,15,9,11,0,6
2523,1328,599215.5,3509146.5,2022,1,1,3,4,2,1,8,2,4,10,4,2,14,2,12,6,14,11
2539,1351,599284.5,3509098.5,2022,1,1,3,4,2,1,8,3,9,11,2,7,14,2,12,6,14,7
2541,1409,599458.5,3509092.5,2022,2,3,3,4,3,1,5,1,0,9,0,5,10,12,1,4,1,2
2521,1437,599542.5,3509152.5,2022,2,3,0,1,0,4,5,1,0,6,6,10,1,5,5,12,6,5
2525,1460,599611.5,3509140.5,2022,1,1,3,4,5,5,1,2,1,9,0,5,10,12,1,4,1,2
2539,1479,599668.5,3509098.5,2022,1,1,3,4,2,1,8,2,4,10,4,2,14,2,12,6,14,7
2527,1524,599803.5,3509134.5,2022,1,1,3,4,3,0,4,6,1,9,0,5,10,12,1,4,1,2
2536,1547,599872.5,3509107.5,2022,1,1,3,2,2,5,1,2,4,10,4,2,14,2,12,6,18,11
2536,1580,599971.5,3509107.5,2022,2,3,0,1,3,3,5,1,0,6,6,10,1,5,5,15,6,19
2538,1590,600001.5,3509101.5,2022,1,1,3,4,2,1,8,2,4,10,4,2,14,2,12,6,14,7
2537,1640,600151.5,3509104.5,2022,2,3,0,0,6,3,2,7,0,6,6,10,13,6,10,17,12,16
2536,1659,600208.5,3509107.5,2022,2,3,3,4,3,0,5,1,0,6,6,1,13,6,9,15,14,7
2545,1695,600316.5,3509080.5,2022,2,3,0,0,3,3,5,1,0,6,6,1,13,6,9,15,10,19
2548,1732,600427.5,3509071.5,2022,2,3,0,0,6,3,2,7,10,0,5,3,12,13,13,10,7,0
2528,1741,600454.5,3509131.5,2022,2,0,1,0,3,3,2,7,0,6,6,1,13,6,9,15,10,6
2537,1776,600559.5,3509104.5,2022,2,3,0,0,6,3,2,7,10,0,5,3,12,13,10,17,12,16
2538,1818,600685.5,3509101.5,2022,0,0,1,0,3,0,4,6,2,5,1,1,13,6,9,11,10,6
2527,1832,600727.5,3509134.5,2022,2,3,0,0,6,3,2,7,10,0,5,3,12,13,13,10,7,0
2546,1873,600850.5,3509077.5,2022,2,0,1,0,6,3,2,7,10,0,5,3,12,6,10,17,12,16
2548,1903,600940.5,3509071.5,2022,2,0,1,0,6,3,2,7,10,0,5,3,12,13,10,17,12,16
2545,1943,601060.5,3509080.5,2022,2,0,1,0,3,3,2,7,10,0,5,10,12,13,13,10,10,6
2520,1954,601093.5,3509155.5,2022,0,0,1,0,6,3,2,7,10,0,5,3,12,13,10,17,12,16
2533,1986,601189.5,3509116.5,2022,0,0,1,0,6,3,2,7,10,0,5,3,12,13,10,17,12,16
2540,2018,601285.5,3509095.5,2022,0,0,1,0,6,7,4,0,2,5,1,1,13,6,9,11,0,1
2534,2054,601393.5,3509113.5,2022,0,0,1,0,6,7,7,0,3,4,5,8,9,8,2,0,11,17
2537,2098,601525.5,3509104.5,2022,0,0,1,0,6,7,7,0,3,4,9,1,13,6,9,11,0,1
2534,2123,601600.5,3509113.5,2022,0,0,1,0,6,7,7,0,3,4,9,8,9,8,2,0,11,17
2520,2130,601621.5,3509155.5,2022,0,1,2,3,1,2,6,9,8,5,1,9,2,15,15,7,13,10
2520,2186,601789.5,3509155.5,2022,1,1,2,2,5,5,1,4,5,2,12,6,4,3,8,16,4,9
2520,2215,601876.5,3509155.5,2022,1,1,2,2,5,5,1,9,8,1,10,6,0,14,7,1,16,4
2537,2247,601972.5,3509104.5,2022,1,1,2,2,5,5,1,4,5,2,12,6,0,14,7,1,16,4
2530,2257,602002.5,3509125.5,2022,1,1,2,2,5,5,1,9,5,2,12,6,0,14,7,1,16,4
2538,2304,602143.5,3509101.5,2022,0,0,2,3,1,2,6,9,8,1,10,13,5,0,6,8,15,12
2545,2326,602209.5,3509080.5,2022,1,1,2,2,5,5,1,9,8,1,10,6,0,14,7,1,16,4
2521,2346,602269.5,3509152.5,2022,1,1,2,2,5,5,1,2,4,10,4,13,0,14,7,1,16,4
2529,2393,602410.5,3509128.5,2022,1,1,2,2,5,2,6,9,8,1,10,13,5,10,14,9,9,14
2522,2421,602494.5,3509149.5,2022,1,1,2,2,5,2,6,9,8,1,10,9,2,15,15,7,13,10
2526,2434,602533.5,3509137.5,2022,0,0,2,3,1,2,6,9,8,1,10,9,0,14,7,1,16,1
2537,2477,602662.5,3509104.5,2022,0,1,2,3,1,2,6,9,8,1,10,9,2,15,15,7,13,10
2527,2495,602716.5,3509134.5,2022,0,0,2,3,1,2,4,6,2,5,1,9,2,15,15,7,13,10
2542,2549,602878.5,3509089.5,2022,1,1,2,2,5,5,1,2,4,10,4,6,0,14,7,1,16,4
2530,2557,602902.5,3509125.5,2022,1,1,2,2,5,5,1,4,5,2,12,6,4,3,8,16,4,9
2533,2609,603058.5,3509116.5,2022,1,1,2,2,5,5,1,4,5,2,12,9,2,15,15,7,13,10
2542,2627,603112.5,3509089.5,2022,1,2,4,5,4,6,3,5,6,3,7,12,6,7,11,2,3,15
2537,2660,603211.5,3509104.5,2022,0,0,2,3,1,2,4,6,2,5,1,9,2,15,15,7,13,10
2539,2681,603274.5,3509098.5,2022,1,1,2,2,5,5,1,4,5,2,12,6,4,3,7,1,4,4
2539,2702,603337.5,3509098.5,2022,0,0,2,3,1,0,4,6,2,5,1,9,2,15,15,7,13,10
2534,2730,603421.5,3509113.5,2022,0,0,1,0,6,7,7,0,2,5,1,1,13,6,9,11,0,1
2521,2770,603541.5,3509152.5,2022,0,0,1,3,1,0,4,6,2,5,1,9,2,15,15,7,13,10
2528,2804,603643.5,3509131.5,2022,0,0,1,3,3,0,4,6,2,5,1,9,2,15,15,7,13,10
2536,2847,603772.5,3509107.5,2022,0,0,1,3,1,2,4,6,2,5,1,9,2,15,15,11,13,10
2544,2854,603793.5,3509083.5,2022,0,0,1,3,1,2,7,0,2,5,1,9,2,0,6,8,0,12
2522,2880,603871.5,3509149.5,2022,1,1,2,2,5,5,1,4,5,2,12,6,0,14,7,1,16,4
2541,2911,603964.5,3509092.5,2022,0,0,1,0,3,0,4,6,2,5,1,9,2,15,9,11,10,6
2537,2952,604087.5,3509104.5,2022,2,3,0,1,0,4,0,8,7,7,11,11,8,1,3,13,2,18
2542,2997,604222.5,3509089.5,2022,2,3,1,0,6,3,2,7,10,0,5,1,13,6,10,17,12,16
2529,3006,604249.5,3509128.5,2022,1,1,3,4,2,1,8,2,4,10,4,2,14,2,12,6,18,11
2544,3040,604351.5,3509083.5,2022,1,1,2,2,5,5,1,4,5,2,12,6,4,3,8,16,4,9
2529,3066,604429.5,3509128.5,2022,2,3,0,4,3,0,5,1,0,6,6,10,1,5,5,15,10,19
2520,3103,604540.5,3509155.5,2022,2,0,1,0,6,3,2,7,10,0,5,3,12,13,10,17,10,16
2543,3128,604615.5,3509086.5,2022,2,3,3,4,2,1,5,1,0,6,6,10,1,5,5,12,6,19
2540,3177,604762.5,3509095.5,2022,2,3,0,1,0,4,5,1,0,8,8,10,1,5,5,12,6,5
2533,3194,604813.5,3509116.5,2022,2,3,0,1,3,3,5,1,0,6,6,10,1,5,5,15,10,19
2525,3222,604897.5,3509140.5,2022,2,3,3,4,3,0,5,1,1,9,0,5,10,12,1,4,1,2
2528,3263,605020.5,3509131.5,2022,1,1,3,2,5,5,1,2,4,10,4,2,14,2,12,6,18,11
2539,3287,605092.5,3509098.5,2022,1,1,3,2,2,5,1,2,4,10,4,2,14,2,12,6,18,11
2545,3311,605164.5,3509080.5,2022,1,1,3,4,2,1,8,2,4,10,4,2,14,2,12,6,14,7
2546,3330,605221.5,3509077.5,2022,2,3,0,1,0,3,5,1,0,6,6,10,1,5,5,15,6,19
2567,17,595282.5,3509014.5,2022,2,3,3,4,3,0,5,1,1,9,0,5,10,12,1,4,1,2
2566,58,595405.5,3509017.5,2022,2,3,3,4,3,0,5,1,1,9,0,5,10,12,1,4,1,2
2562,85,595486.5,3509029.5,2022,1,1,3,4,3,0,4,6,1,9,0,5,10,12,1,4,1,2
2576,106,595549.5,3508987.5,2022,2,3,0,1,0,4,0,8,7,7,11,11,8,1,3,13,2,18
2556,121,595594.5,3509047.5,2022,2,3,3,4,3,0,5,1,1,9,0,5,10,12,1,4,1,2
2558,165,595726.5,3509041.5,2022,2,3,0,1,0,4,0,8,7,8,8,0,7,11,3,13,2,18
2576,201,595834.5,3508987.5,2022,2,3,0,1,0,4,0,8,7,8,8,0,7,11,3,12,6,5
2572,211,595864.5,3508999.5,2022,2,3,0,1,0,4,0,8,7,7,11,11,8,1,3,12,2,5
2561,256,595999.5,3509032.5,2022,2,3,0,1,0,3,5,1,0,7,11,11,8,1,3,13,2,18
2552,298,596125.5,3509059.5,2022,2,3,0,1,0,4,0,8,7,7,11,11,8,1,3,13,2,18
2575,301,596134.5,3508990.5,2022,2,3,0,1,0,4,0,8,7,7,11,11,8,1,3,13,2,18
2576,336,596239.5,3508987.5,2022,2,3,0,0,3,3,5,1,0,6,6,1,13,6,10,15,12,16
2550,381,596374.5,3509065.5,2022,2,3,3,4,3,0,5,1,1,9,0,5,10,12,1,4,1,2
2566,391,596404.5,3509017.5,2022,1,1,3,4,3,0,4,6,1,9,0,5,10,12,1,4,1,2
2568,431,596524.5,3509011.5,2022,2,3,3,4,3,0,5,1,1,9,0,5,10,12,1,4,1,2
2559,468,596635.5,3509038.5,2022,1,1,3,4,3,0,4,6,1,9,0,5,10,12,1,4,1,2
2564,504,596743.5,3509023.5,2022,1,1,3,4,3,0,4,6,1,9,0,5,10,12,1,4,1,2
2562,512,596767.5,3509029.5,2022,1,1,3,4,3,0,4,6,1,9,0,5,10,12,1,4,1,2
2552,558,596905.5,3509059.5,2022,1,1,3,4,3,0,4,6,1,9,0,5,10,12,1,4,1,2
2571,598,597025.5,3509002.5,2022,1,1,2,3,1,0,4,6,1,9,1,9,2,15,15,7,13,10
2574,625,597106.5,3508993.5,2022,1,1,2,2,5,0,4,6,1,9,0,9,2,15,15,7,13,10
2565,634,597133.5,3509020.5,2022,1,2,4,5,4,6,3,5,6,3,3,4,3,4,4,5,17,3
2562,661,597214.5,3509029.5,2022,1,1,2,2,5,0,4,6,1,9,0,5,10,12,15,7,13,2
2565,703,597340.5,3509020.5,2022,1,1,3,4,3,0,4,6,1,9,0,5,10,12,1,4,1,2
2550,749,597478.5,3509065.5,2022,1,1,2,2,5,0,4,6,1,9,0,5,10,12,15,7,13,10
2558,755,597496.5,3509041.5,2022,0,0,1,0,3,3,2,7,2,5,5,1,13,6,9,11,10,6
2567,798,597625.5,3509014.5,2022,0,0,1,0,6,7,2,7,10,0,5,1,13,6,10,17,0,16
2578,821,597694.5,3508981.5,2022,0,0,1,0,6,3,2,7,2,0,5,1,13,6,9,11,0,16
2552,846,597769.5,3509059.5,2022,2,1,3,4,3,0,4,6,1,9,0,5,10,12,1,4,1,2
2567,890,597901.5,3509014.5,2022,0,0,1,0,3,0,4,6,2,5,1,9,2,15,9,11,1,6
2563,929,598018.5,3509026.5,2022,1,1,2,2,5,0,4,6,1,9,0,5,10,12,1,4,1,2
2560,939,598048.5,3509035.5,2022,1,2,4,5,4,6,3,5,6,3,7,12,6,7,11,2,3,15
2567,969,598138.5,3509014.5,2022,0,0,1,0,3,0,4,7,2,5,1,1,13,6,9,11,0,6
2569,995,598216.5,3509008.5,2022,2,3,1,0,3,3,5,1,0,6,6,1,13,6,9,15,12,16
2570,1026,598309.5,3509005.5,2022,2,3,0,0,3,3,5,1,0,6,6,1,13,6,10,15,12,16
2577,1059,598408.5,3508984.5,2022,2,3,0,0,0,3,2,1,0,6,6,11,13,6,10,17,12,16
2573,1093,598510.5,3508996.5,2022,2,3,0,1,0,3,5,1,0,6,6,10,1,5,5,15,12,19
2556,1133,598630.5,3509047.5,2022,1,1,3,2,5,5,1,2,4,10,4,2,0,14,12,6,14,7
2551,1148,598675.5,3509062.5,2022,1,1,3,4,3,0,4,6,1,9,0,5,10,12,1,4,1,2
2576,1177,598762.5,3508987.5,2022,1,1,2,4,3,0,4,6,1,9,0,9,2,15,15,7,13,10
2564,1201,598834.5,3509023.5,2022,1,1,3,4,3,0,4,6,1,9,0,5,10,12,1,4,1,2
2552,1258,599005.5,3509059.5,2022,1,1,2,2,5,5,1,4,1,9,0,5,10,12,1,4,1,2
2566,1280,599071.5,3509017.5,2022,0,0,1,0,3,0,4,6,2,5,1,9,2,15,9,11,10,6
2578,1295,599116.5,3508981.5,2022,1,1,2,2,5,2,4,6,1,9,12,9,2,15,15,7,13,10
2557,1337,599242.5,3509044.5,2022,2,3,3,4,2,1,8,1,0,6,2,7,14,2,12,6,14,7
2563,1357,599302.5,3509026.5,2022,2,3,0,1,0,4,5,1,0,6,6,11,8,5,5,15,6,19
2565,1409,599458.5,3509020.5,2022,1,1,3,4,2,1,8,2,1,9,0,5,10,2,1,4,18,11
2558,1433,599530.5,3509041.5,2022,1,1,3,4,2,0,8,2,1,9,0,5,10,12,1,4,1,7
2579,1440,599551.5,3508978.5,2022,1,1,3,2,2,5,1,4,5,2,12,6,14,3,8,16,18,11
2568,1482,599677.5,3509011.5,2022,1,1,3,4,5,5,1,4,1,9,0,5,10,12,1,4,1,2
2552,1520,599791.5,3509059.5,2022,1,1,3,4,2,1,8,2,4,10,4,2,14,2,12,6,14,11
2551,1540,599851.5,3509062.5,2022,2,3,0,1,0,4,0,8,0,7,11,11,8,5,5,12,6,5
2566,1589,599998.5,3509017.5,2022,1,1,3,4,3,0,4,6,1,9,0,5,10,12,1,4,1,7
2573,1618,600085.5,3508996.5,2022,0,0,1,0,6,7,2,7,10,0,5,1,13,6,10,17,0,16
2574,1625,600106.5,3508993.5,2022,0,0,1,0,3,0,4,1,2,5,1,1,13,6,9,11,10,6
2566,1652,600187.5,3509017.5,2022,1,1,2,3,5,2,4,6,2,5,1,9,0,14,7,1,16,10
2556,1685,600286.5,3509047.5,2022,1,1,3,4,2,1,8,2,4,10,4,2,14,2,12,6,14,7
2550,1720,600391.5,3509065.5,2022,2,3,0,4,3,3,5,1,0,6,6,10,1,5,5,15,10,19
2562,1764,600523.5,3509029.5,2022,2,3,0,0,6,3,2,7,10,0,5,11,13,6,10,17,12,16
2579,1771,600544.5,3508978.5,2022,2,3,0,0,6,3,2,7,0,6,6,1,13,6,10,17,12,16
2572,1819,600688.5,3508999.5,2022,2,3,0,0,3,0,5,1,0,6,6,10,1,5,5,15,10,19
2578,1835,600736.5,3508981.5,2022,1,1,3,4,5,5,1,2,1,9,0,5,14,2,12,6,18,11
2566,1862,600817.5,3509017.5,2022,0,0,1,0,3,3,2,7,2,6,6,1,13,6,9,15,10,6
2571,1890,600901.5,3509002.5,2022,2,3,0,0,6,3,2,7,10,0,5,3,12,13,13,10,7,0
2577,1925,601006.5,3508984.5,2022,0,0,1,0,6,3,2,7,10,0,5,3,12,13,13,10,11,17
2559,1953,601090.5,3509038.5,2022,0,0,1,3,3,0,4,6,2,5,1,9,2,15,15,7,10,6
2568,1998,601225.5,3509011.5,2022,2,3,0,0,3,3,5,1,0,6,6,10,13,6,10,15,12,19
2552,2012,601267.5,3509059.5,2022,0,0,1,0,6,7,4,0,2,5,1,1,13,6,9,11,0,1
2570,2061,601414.5,3509005.5,2022,0,0,1,0,6,7,2,7,10,0,5,3,12,8,2,0,11,6
2575,2085,601486.5,3508990.5,2022,0,0,1,3,6,7,4,0,2,5,1,1,2,6,9,11,0,6
2576,2106,601549.5,3508987.5,2022,0,0,1,0,6,7,7,0,2,5,1,1,13,6,9,11,0,1
2570,2140,601651.5,3509005.5,2022,0,0,1,3,1,2,7,0,3,4,9,8,9,0,6,8,15,12
2576,2169,601738.5,3508987.5,2022,1,1,2,2,3,0,4,6,2,5,1,9,2,15,15,7,13,10
2575,2191,601804.5,3508990.5,2022,1,1,2,2,5,5,1,4,5,2,12,6,4,14,15,7,13,10
2570,2231,601924.5,3509005.5,2022,1,2,4,5,4,6,3,5,6,3,3,4,3,4,4,5,17,3
2560,2256,601999.5,3509035.5,2022,1,1,2,2,5,5,1,4,5,2,12,6,0,14,7,1,16,4
2573,2282,602077.5,3508996.5,2022,0,0,2,3,1,2,4,6,2,5,1,9,2,15,15,7,13,10
2577,2321,602194.5,3508984.5,2022,0,0,1,3,1,7,7,0,3,4,9,8,9,0,6,8,15,1
2554,2349,602278.5,3509053.5,2022,1,1,2,2,5,5,1,4,5,2,12,6,4,15,15,7,13,10
2562,2375,602356.5,3509029.5,2022,1,1,2,2,5,2,6,4,5,2,12,6,4,3,15,7,13,10
2571,2428,602515.5,3509002.5,2022,1,1,2,2,1,2,6,9,8,1,10,13,0,10,7,1,9,14
2571,2459,602608.5,3509002.5,2022,1,2,4,5,4,6,3,5,6,3,3,4,3,4,4,5,17,3
2579,2485,602686.5,3508978.5,2022,1,2,4,5,4,6,3,5,6,3,7,12,6,7,11,2,3,15
2552,2510,602761.5,3509059.5,2022,1,2,4,5,4,6,3,5,6,3,3,4,3,4,4,5,17,3
2566,2544,602863.5,3509017.5,2022,1,2,4,5,4,6,3,5,6,3,3,4,3,4,4,5,17,3
2557,2576,602959.5,3509044.5,2022,0,0,1,3,1,7,7,0,2,5,1,1,9,0,6,11,0,1
2557,2609,603058.5,3509044.5,2022,1,1,2,2,5,0,4,6,5,5,1,9,2,15,15,7,13,10
2569,2637,603142.5,3509008.5,2022,1,2,4,5,4,6,3,4,5,2,12,6,4,3,8,16,4,9
2552,2647,603172.5,3509059.5,2022,1,1,2,2,5,5,1,4,5,2,12,6,4,3,7,1,16,4
2573,2677,603262.5,3508996.5,2022,1,1,2,2,5,2,6,4,5,2,12,9,2,15,15,7,13,10
2568,2713,603370.5,3509011.5,2022,0,0,2,3,3,0,4,6,2,5,1,9,2,15,15,7,13,10
2573,2747,603472.5,3508996.5,2022,1,1,4,2,5,5,1,4,5,2,7,12,6,7,11,16,3,10
2572,2775,603556.5,3508999.5,2022,0,0,1,0,6,7,7,0,2,5,5,3,12,13,9,11,10,6
2573,2811,603664.5,3508996.5,2022,0,0,2,3,1,2,6,9,8,5,1,9,2,15,15,7,13,10
2560,2843,603760.5,3509035.5,2022,1,1,2,2,5,5,1,2,4,10,4,2,0,14,7,1,16,4
2559,2860,603811.5,3509038.5,2022,0,0,1,0,6,3,2,7,10,0,5,3,12,13,13,17,12,16
2575,2900,603931.5,3508990.5,2022,0,0,1,3,3,0,4,6,2,5,1,9,2,15,9,11,10,6
2575,2921,603994.5,3508990.5,2022,0,0,1,0,3,0,4,6,2,5,1,1,13,6,9,11,10,6
2559,2943,604060.5,3509038.5,2022,2,3,0,1,0,3,5,1,0,6,6,10,1,5,5,15,12,19
2572,2979,604168.5,3508999.5,2022,0,1,3,4,3,0,4,6,2,5,1,1,13,6,9,15,14,7
2554,3026,604309.5,3509053.5,2022,1,1,2,2,5,5,1,4,5,2,12,6,4,3,7,16,16,4
2569,3044,604363.5,3509008.5,2022,1,1,3,2,2,5,1,2,4,10,4,2,14,2,12,6,14,11
2554,3087,604492.5,3509053.5,2022,2,3,0,4,3,0,5,1,0,6,6,10,1,5,5,15,10,19
2575,3111,604564.5,3508990.5,2022,1,1,3,4,3,0,4,6,0,6,6,10,14,2,12,15,14,7
2571,3146,604669.5,3509002.5,2022,1,1,3,4,2,1,8,3,9,11,2,2,14,2,12,6,14,7
2559,3164,604723.5,3509038.5,2022,1,1,3,4,2,1,8,2,4,10,4,2,14,2,12,6,14,11
2566,3197,604822.5,3509017.5,2022,1,1,3,2,5,5,1,2,4,10,4,2,0,14,12,6,16,4
2578,3210,604861.5,3508981.5,2022,1,1,3,4,2,1,8,2,4,10,4,2,14,2,12,6,14,7
2573,3267,605032.5,3508996.5,2022,1,1,3,2,5,5,1,2,4,10,4,2,14,2,12,6,18,11
2576,3286,605089.5,3508987.5,2022,1,1,3,4,2,5,8,2,4,10,4,2,14,2,12,6,18,11
2553,3302,605137.5,3509056.5,2022,2,3,3,4,2,1,8,3,9,11,2,7,11,9,0,14,5,13
2568,3330,605221.5,3509011.5,2022,1,1,3,4,2,1,8,3,9,11,2,7,14,2,0,14,5,13
2606,27,595312.5,3508897.5,2022,2,3,0,1,3,3,5,1,0,6,6,10,1,5,5,15,6,19
2589,34,595333.5,3508948.5,2022,2,3,3,4,3,0,5,1,1,9,0,5,10,12,1,4,1,2
2603,76,595459.5,3508906.5,2022,2,3,3,4,3,0,5,6,1,9,0,5,10,12,1,4,1,2
2591,111,595564.5,3508942.5,2022,2,3,0,4,0,4,5,1,0,6,6,10,1,5,5,12,6,5
2599,139,595648.5,3508918.5,2022,2,3,0,1,0,4,0,8,7,7,8,11,8,1,3,13,2,18
2589,171,595744.5,3508948.5,2022,2,3,0,1,0,4,0,8,7,7,11,11,8,1,3,13,2,18
2608,201,595834.5,3508891.5,2022,2,3,0,1,0,4,5,1,0,6,6,10,1,5,5,12,6,19
2597,220,595891.5,3508924.5,2022,2,3,0,1,0,4,0,8,0,7,11,11,8,1,3,13,2,18
2590,251,595984.5,3508945.5,2022,2,3,3,4,3,0,5,1,1,9,0,5,10,12,1,4,1,2
2589,287,596092.5,3508948.5,2022,2,3,0,4,3,4,5,1,1,9,0,5,10,12,1,4,1,2
2581,303,596140.5,3508972.5,2022,2,3,0,1,0,4,5,1,0,7,11,11,8,1,3,13,2,18
2597,337,596242.5,3508924.5,2022,2,3,0,1,0,4,0,8,7,7,11,11,8,5,3,12,6,5
2609,382,596377.5,3508888.5,2022,2,3,0,1,0,4,0,8,7,7,11,11,8,1,3,13,2,18
2590,399,596428.5,3508945.5,2022,2,3,3,4,3,0,5,1,1,9,0,5,10,12,1,4,1,2
2604,436,596539.5,3508903.5,2022,1,1,3,4,3,0,4,6,1,9,0,5,10,12,1,4,1,2
2589,467,596632.5,3508948.5,2022,1,1,3,4,3,0,4,6,1,9,0,5,10,12,1,4,1,2
2583,486,596689.5,3508966.5,2022,2,3,3,4,3,0,5,1,1,9,0,5,10,12,1,4,1,2
2594,539,596848.5,3508933.5,2022,2,3,3,4,3,0,5,1,1,9,0,5,10,12,1,4,1,2
2587,544,596863.5,3508954.5,2022,1,1,3,4,3,0,4,6,1,9,0,5,10,12,1,4,1,2
2601,593,597010.5,3508912.5,2022,1,1,2,2,5,2,4,6,1,9,0,9,2,15,15,7,13,10
2592,619,597088.5,3508939.5,2022,1,1,2,2,5,0,4,6,1,9,0,9,2,15,15,7,13,10
2609,640,597151.5,3508888.5,2022,2,3,0,4,3,0,5,1,0,6,6,10,1,5,5,4,6,2
2602,670,597241.5,3508909.5,2022,0,0,1,4,3,0,4,6,1,9,0,5,10,12,1,4,1,2
2606,712,597367.5,3508897.5,2022,0,0,1,3,1,2,4,6,2,5,1,9,2,15,15,7,13,10
2603,724,597403.5,3508906.5,2022,0,1,2,3,1,2,6,9,8,1,10,9,2,15,15,7,13,10
2586,764,597523.5,3508957.5,2022,0,0,1,3,3,0,4,6,2,5,1,9,2,15,9,11,0,1
2605,784,597583.5,3508900.5,2022,1,1,3,4,3,0,4,6,1,9,0,5,10,12,1,7,1,2
2595,827,597712.5,3508930.5,2022,2,3,0,0,6,3,2,7,10,0,5,11,8,1,10,17,12,16
2587,866,597829.5,3508954.5,2022,2,3,1,0,6,3,2,7,10,0,5,1,13,6,10,17,12,16
2582,874,597853.5,3508969.5,2022,0,0,1,0,6,3,2,7,2,0,5,1,13,6,9,11,12,16
2599,906,597949.5,3508918.5,2022,2,3,3,4,3,0,4,6,1,9,0,5,10,12,1,4,1,2
2585,957,598102.5,3508960.5,2022,2,3,0,0,3,3,5,1,0,6,6,10,1,5,5,15,12,19
2608,987,598192.5,3508891.5,2022,2,3,3,4,3,0,5,1,1,9,0,5,10,12,1,4,1,2
2592,1001,598234.5,3508939.5,2022,2,3,0,1,0,3,5,1,0,6,6,10,1,5,5,15,6,19
2582,1034,598333.5,3508969.5,2022,2,3,0,1,0,3,5,1,0,6,6,11,8,5,5,13,6,19
2593,1070,598441.5,3508936.5,2022,2,3,0,1,0,4,5,1,0,6,6,10,1,5,5,12,6,5
2605,1109,598558.5,3508900.5,2022,2,3,0,1,0,3,5,1,0,6,6,11,8,1,10,17,12,16
2602,1123,598600.5,3508909.5,2022,2,3,0,1,0,3,5,1,0,6,6,10,1,5,5,15,12,19
2608,1164,598723.5,3508891.5,2022,1,1,3,4,3,0,4,6,1,9,0,5,10,12,1,4,1,2
2583,1198,598825.5,3508966.5,2022,1,1,2,2,5,5,1,4,5,2,12,6,4,3,8,16,4,9
2599,1216,598879.5,3508918.5,2022,1,1,2,2,5,5,1,6,1,9,0,9,0,14,15,7,13,10
2593,1241,598954.5,3508936.5,2022,2,3,3,4,2,1,8,3,9,11,2,7,11,5,5,12,6,13
2602,1266,599029.5,3508909.5,2022,1,1,2,3,3,0,4,6,2,5,1,9,2,15,15,7,13,10
2597,1303,599140.5,3508924.5,2022,1,1,3,4,5,5,1,2,4,10,4,2,14,2,12,6,14,7
2586,1347,599272.5,3508957.5,2022,2,3,0,4,3,1,5,1,0,6,6,10,1,5,5,15,6,19
2603,1371,599344.5,3508906.5,2022,2,3,0,1,0,1,8,3,9,11,2,7,11,9,0,14,5,13
2585,1393,599410.5,3508960.5,2022,2,3,0,4,3,3,5,1,0,6,6,10,1,5,5,15,6,19
2597,1433,599530.5,3508924.5,2022,1,1,3,4,2,1,8,2,4,10,4,2,14,2,12,6,14,7
2595,1445,599566.5,3508930.5,2022,1,1,3,4,2,1,8,3,9,11,2,7,14,2,12,6,14,7
2606,1495,599716.5,3508897.5,2022,1,1,2,2,5,5,1,4,5,2,12,6,4,3,8,16,18,9
2582,1525,599806.5,3508969.5,2022,2,3,3,4,3,0,4,1,0,6,6,1,13,6,9,15,10,19
2585,1559,599908.5,3508960.5,2022,1,1,3,4,2,1,8,2,4,10,4,2,14,2,12,6,14,7
2596,1563,599920.5,3508927.5,2022,1,1,3,4,2,1,8,3,9,11,2,7,14,2,12,6,14,7
2591,1600,600031.5,3508942.5,2022,1,1,3,4,2,1,8,2,4,10,4,2,14,2,12,6,14,7
2587,1632,600127.5,3508954.5,2022,2,3,3,4,3,0,5,1,0,6,6,1,13,6,9,15,10,19
2584,1655,600196.5,3508963.5,2022,1,1,3,4,3,0,4,2,4,10,4,2,14,2,12,6,14,7
2602,1704,600343.5,3508909.5,2022,1,1,3,4,2,1,8,2,4,10,4,2,14,2,12,6,14,7
2588,1735,600436.5,3508951.5,2022,2,1,3,4,2,1,8,2,4,10,4,2,14,2,12,6,14,7
2584,1766,600529.5,3508963.5,2022,2,3,0,0,6,3,2,7,10,0,5,1,13,6,10,17,12,16
2596,1783,600580.5,3508927.5,2022,0,0,1,0,6,3,2,7,10,0,5,1,13,6,10,17,12,16
2590,1826,600709.5,3508945.5,2022,2,3,0,1,0,3,5,1,0,6,6,10,1,5,5,15,6,19
2609,1841,600754.5,3508888.5,2022,1,1,3,2,5,5,1,2,4,10,4,2,14,2,12,6,18,11
2598,1877,600862.5,3508921.5,2022,0,0,1,0,6,3,2,7,10,0,5,1,13,6,10,17,10,6
2599,1914,600973.5,3508918.5,2022,2,3,0,0,6,3,2,7,10,0,5,3,12,13,13,10,7,0
2609,1930,601021.5,3508888.5,2022,2,3,0,0,3,3,5,1,0,6,6,10,1,6,5,15,10,19
2603,1968,601135.5,3508906.5,2022,2,3,0,0,3,0,5,1,0,6,6,10,1,5,5,15,10,19
2592,1983,601180.5,3508939.5,2022,0,1,3,4,3,0,4,6,1,9,0,5,10,12,1,4,1,2
2597,2011,601264.5,3508924.5,2022,0,0,1,0,6,7,2,7,10,0,5,1,13,8,10,17,11,16
2609,2065,601426.5,3508888.5,2022,0,0,1,0,6,7,2,7,10,0,5,3,12,8,2,0,11,6
2604,2091,601504.5,3508903.5,2022,0,0,1,3,3,0,4,6,2,5,1,9,2,15,9,11,0,6
2590,2125,601606.5,3508945.5,2022,0,0,1,0,3,0,4,6,2,5,1,9,2,15,9,11,10,6
2592,2137,601642.5,3508939.5,2022,0,0,1,0,6,7,7,0,2,5,1,1,13,6,9,11,0,6
2608,2170,601741.5,3508891.5,2022,0,0,1,3,3,0,4,6,2,5,1,9,2,15,9,11,10,6
2586,2203,601840.5,3508957.5,2022,0,0,1,3,1,0,4,6,2,5,1,9,2,15,15,7,13,10
2582,2221,601894.5,3508969.5,2022,1,2,4,5,4,6,3,5,6,3,3,4,3,4,4,5,17,3
2601,2278,602065.5,3508912.5,2022,1,1,2,2,5,2,6,9,8,1,10,13,0,14,7,1,16,4
2608,2294,602113.5,3508891.5,2022,1,2,4,5,4,6,3,5,6,3,3,4,3,4,4,5,17,3
2598,2329,602218.5,3508921.5,2022,1,1,2,2,5,5,1,4,5,2,12,6,4,3,7,16,4,9
2599,2342,602257.5,3508918.5,2022,1,2,4,5,4,6,3,5,6,3,7,4,6,7,11,5,3,3
2584,2373,602350.5,3508963.5,2022,1,1,2,2,5,5,1,2,4,10,4,2,0,14,7,1,16,4
2589,2401,602434.5,3508948.5,2022,1,2,4,5,4,6,3,5,6,3,3,4,3,4,4,5,17,3
2593,2442,602557.5,3508936.5,2022,1,1,2,2,5,5,1,4,5,2,12,6,0,14,7,1,16,4
2596,2474,602653.5,3508927.5,2022,0,0,2,3,1,2,6,9,8,1,10,9,2,15,15,7,13,10
2589,2517,602782.5,3508948.5,2022,1,1,2,2,1,2,6,9,8,1,10,13,0,14,7,1,16,4
2602,2521,602794.5,3508909.5,2022,0,0,2,3,1,2,6,9,8,1,10,13,5,10,6,8,9,10
2609,2558,602905.5,3508888.5,2022,1,1,2,3,1,2,4,6,2,5,1,9,2,15,15,7,13,10
2604,2597,603022.5,3508903.5,2022,1,1,2,2,5,5,1,4,5,2,12,6,4,3,15,7,13,10
2586,2630,603121.5,3508957.5,2022,1,1,2,2,5,5,1,4,5,2,12,6,4,3,8,16,4,9
2595,2648,603175.5,3508930.5,2022,1,2,4,5,4,6,3,5,6,3,3,4,3,4,4,5,17,3
2609,2675,603256.5,3508888.5,2022,0,0,1,3,3,0,4,6,2,5,1,9,2,15,15,7,13,10
2591,2725,603406.5,3508942.5,2022,1,1,2,2,5,0,4,6,2,5,1,9,2,15,15,7,13,10
2609,2752,603487.5,3508888.5,2022,0,0,1,3,1,2,4,6,2,5,1,9,2,15,9,11,0,1
2599,2788,603595.5,3508918.5,2022,0,0,1,3,1,7,4,6,2,5,1,9,2,15,9,11,0,6
2588,2802,603637.5,3508951.5,2022,0,0,2,3,1,2,4,6,2,5,1,9,2,15,15,7,13,10
2590,2823,603700.5,3508945.5,2022,0,1,2,3,1,2,6,9,8,5,1,9,2,15,15,7,13,10
2594,2876,603859.5,3508933.5,2022,1,1,3,2,5,5,1,2,4,10,4,2,14,2,12,6,14,7
2584,2902,603937.5,3508963.5,2022,0,0,1,3,3,0,4,6,2,5,1,9,2,15,9,7,10,6
2601,2920,603991.5,3508912.5,2022,0,0,1,0,6,3,2,7,10,0,5,1,13,6,10,17,12,16
2582,2965,604126.5,3508969.5,2022,2,3,0,1,3,3,5,1,0,6,6,10,1,5,5,15,12,19
2592,2970,604141.5,3508939.5,2022,2,3,0,0,0,3,2,7,10,7,11,11,8,13,10,17,12,16
2600,3008,604255.5,3508915.5,2022,2,3,0,1,0,4,5,1,0,6,6,10,1,5,5,12,6,19
2591,3056,604399.5,3508942.5,2022,2,1,3,4,2,1,8,2,4,10,4,2,14,2,12,6,14,7
2604,3077,604462.5,3508903.5,2022,2,3,0,0,3,3,5,1,0,6,6,10,1,5,5,15,12,19
2600,3094,604513.5,3508915.5,2022,1,1,3,4,3,0,4,6,2,6,6,1,13,6,9,15,14,7
2608,3135,604636.5,3508891.5,2022,1,1,3,4,2,1,8,3,9,11,2,7,14,2,12,6,14,11
2585,3169,604738.5,3508960.5,2022,1,1,3,4,2,1,8,2,4,10,4,2,14,2,12,6,18,11
2601,3199,604828.5,3508912.5,2022,2,3,1,0,3,3,5,1,0,6,6,1,13,6,9,15,10,19
2607,3224,604903.5,3508894.5,2022,1,1,2,2,5,5,1,2,4,10,4,2,0,14,7,1,16,4
2581,3249,604978.5,3508972.5,2022,1,1,3,2,2,5,1,2,4,10,4,2,14,2,12,6,18,11
2588,3293,605110.5,3508951.5,2022,1,1,3,4,2,1,8,2,4,10,4,2,14,2,12,6,14,7
2604,3308,605155.5,3508903.5,2022,1,1,3,4,2,1,8,2,4,10,4,2,14,2,12,6,14,7
2581,3333,605230.5,3508972.5,2022,1,1,3,2,5,5,1,2,4,10,4,2,14,2,12,6,18,11
2617,29,595318.5,3508864.5,2022,2,3,0,4,3,0,5,1,1,9,0,5,10,12,1,4,1,2
2630,33,595330.5,3508825.5,2022,2,3,0,1,0,4,5,1,0,6,6,10,1,5,5,12,6,5
2629,82,595477.5,3508828.5,2022,2,3,0,4,3,4,5,1,1,9,0,5,10,12,1,4,1,2
2637,119,595588.5,3508804.5,2022,2,3,0,1,0,4,0,8,7,7,11,11,8,1,3,13,2,18
2620,143,595660.5,3508855.5,2022,2,3,0,1,0,4,0,8,7,7,11,11,8,1,3,13,2,18
2613,154,595693.5,3508876.5,2022,2,3,0,1,0,4,0,8,7,7,11,11,8,1,3,13,2,18
2620,187,595792.5,3508855.5,2022,2,3,0,1,0,4,0,8,7,7,11,11,8,1,3,13,2,18
2622,235,595936.5,3508849.5,2022,2,3,0,1,0,4,0,8,7,7,11,11,8,1,3,13,2,18
2630,269,596038.5,3508825.5,2022,2,3,0,1,0,4,0,8,7,8,8,0,7,11,16,12,2,5
2622,272,596047.5,3508849.5,2022,2,3,0,1,0,4,0,8,7,8,8,0,8,11,3,12,2,5
2622,312,596167.5,3508849.5,2022,2,3,0,1,0,4,0,8,0,7,11,11,8,1,3,13,2,18
2632,351,596284.5,3508819.5,2022,2,3,0,1,0,4,0,8,7,7,11,11,8,1,3,12,6,5
2613,367,596332.5,3508876.5,2022,2,3,0,1,0,4,0,8,7,7,11,11,8,1,3,13,2,18
2634,403,596440.5,3508813.5,2022,2,3,0,1,0,4,0,8,7,8,8,0,8,11,3,12,6,5
2613,430,596521.5,3508876.5,2022,2,3,0,4,3,0,5,1,0,6,6,10,1,5,5,4,1,19
2622,459,596608.5,3508849.5,2022,1,1,3,4,3,0,4,6,1,9,0,5,10,12,1,4,1,2
2639,500,596731.5,3508798.5,2022,2,3,0,4,3,4,5,1,1,9,0,5,10,12,1,4,1,2
2621,517,596782.5,3508852.5,2022,1,1,3,4,3,0,4,6,1,9,0,5,10,12,1,4,1,2
2620,557,596902.5,3508855.5,2022,1,1,3,4,3,0,4,6,1,9,0,5,10,12,1,4,1,2
2630,574,596953.5,3508825.5,2022,1,2,4,5,4,6,3,5,6,3,3,4,3,4,4,5,17,3
2633,616,597079.5,3508816.5,2022,2,3,0,4,3,0,5,1,0,6,6,10,1,5,5,15,1,19
2632,633,597130.5,3508819.5,2022,2,3,0,4,3,0,5,1,0,6,6,10,1,5,5,4,6,19
2620,677,597262.5,3508855.5,2022,2,3,0,4,3,0,5,1,0,6,6,10,1,5,5,15,1,19
2614,690,597301.5,3508873.5,2022,2,3,0,4,3,0,5,1,0,6,6,10,1,5,5,15,1,19
2632,744,597463.5,3508819.5,2022,1,1,2,3,1,0,4,6,2,5,1,9,2,15,15,7,13,10
2626,773,597550.5,3508837.5,2022,1,1,3,4,3,0,4,6,1,9,0,5,10,12,1,4,1,2
2627,796,597619.5,3508834.5,2022,2,3,3,4,3,0,4,1,0,6,6,10,1,5,5,15,10,19
2630,824,597703.5,3508825.5,2022,2,3,0,1,0,4,5,1,0,7,11,11,8,1,5,13,6,19
2639,861,597814.5,3508798.5,2022,2,3,0,1,3,3,5,1,0,6,6,10,1,5,5,15,6,19
2620,893,597910.5,3508855.5,2022,2,3,3,4,3,0,4,1,0,6,6,1,13,6,9,15,10,7
2620,918,597985.5,3508855.5,2022,1,1,3,4,3,0,4,6,1,9,0,5,10,12,1,4,1,2
2638,957,598102.5,3508801.5,2022,2,3,0,1,0,3,5,1,0,7,11,11,8,1,3,13,12,18
2634,973,598150.5,3508813.5,2022,2,3,3,4,3,0,5,1,1,9,0,5,10,12,1,4,1,2
2610,1018,598285.5,3508885.5,2022,2,3,3,4,3,0,4,6,1,9,0,5,10,12,1,4,1,2
2615,1041,598354.5,3508870.5,2022,2,3,0,0,3,3,5,1,0,6,6,10,1,5,5,15,12,19
2614,1050,598381.5,3508873.5,2022,2,3,0,1,0,3,5,1,0,6,6,10,1,5,5,15,6,19
2621,1105,598546.5,3508852.5,2022,0,1,3,4,3,0,4,6,1,5,1,9,2,15,9,4,1,2
2614,1129,598618.5,3508873.5,2022,2,3,0,0,3,3,5,1,0,6,6,1,13,6,10,17,12,16
2625,1141,598654.5,3508840.5,2022,1,1,2,2,5,5,1,6,1,9,0,5,10,12,15,7,18,10
2637,1193,598810.5,3508804.5,2022,1,1,3,2,5,5,1,4,5,2,12,6,4,3,8,16,18,9
2636,1223,598900.5,3508807.5,2022,1,1,3,2,5,5,1,4,5,2,12,6,4,3,8,16,18,9
2614,1257,599002.5,3508873.5,2022,1,1,2,2,5,0,4,6,1,5,1,9,2,15,15,7,13,10
2615,1284,599083.5,3508870.5,2022,1,1,2,2,5,5,1,4,5,2,12,9,0,15,15,7,13,10
2627,1317,599182.5,3508834.5,2022,1,1,3,4,2,1,8,2,4,10,4,2,14,2,12,6,14,7
2621,1347,599272.5,3508852.5,2022,1,1,3,4,2,5,1,2,4,10,4,2,14,2,12,6,18,11
2610,1353,599290.5,3508885.5,2022,1,1,3,4,2,1,8,3,9,11,2,7,14,2,12,6,18,11
2638,1383,599380.5,3508801.5,2022,1,1,3,4,2,1,8,3,9,11,2,7,14,2,0,6,18,11
2617,1419,599488.5,3508864.5,2022,1,1,3,4,3,0,5,1,1,9,0,5,10,12,1,4,1,2
2628,1455,599596.5,3508831.5,2022,1,1,2,2,5,0,4,6,1,9,0,5,10,12,1,4,1,2
2633,1472,599647.5,3508816.5,2022,1,1,2,2,5,5,1,4,5,2,12,6,4,3,8,16,4,9
2616,1508,599755.5,3508867.5,2022,1,1,3,2,5,5,1,2,4,10,4,2,14,2,12,6,18,11
2639,1538,599845.5,3508798.5,2022,1,1,2,2,5,5,1,2,4,10,4,2,0,14,7,1,16,4
2621,1586,599989.5,3508852.5,2022,1,1,2,2,5,5,1,4,5,2,12,6,4,3,8,16,4,9
2621,1605,600046.5,3508852.5,2022,1,1,3,4,2,1,8,2,4,10,4,2,14,2,12,6,14,7
2637,1635,600136.5,3508804.5,2022,2,3,3,4,3,0,5,1,0,6,6,10,1,5,5,15,10,7
2623,1666,600229.5,3508846.5,2022,1,1,3,4,3,0,4,6,2,6,6,10,2,15,9,15,10,19
2616,1696,600319.5,3508867.5,2022,1,1,3,4,3,0,4,2,4,10,0,2,14,2,12,6,14,7
2624,1713,600370.5,3508843.5,2022,2,3,3,4,3,0,5,1,0,6,6,10,1,5,5,15,10,19
2617,1757,600502.5,3508864.5,2022,2,3,0,4,3,0,5,1,0,6,6,10,1,5,5,12,6,19
2637,1773,600550.5,3508804.5,2022,1,1,3,4,3,0,4,2,4,10,4,2,14,2,12,6,14,7
2621,1821,600694.5,3508852.5,2022,2,3,0,0,6,3,2,7,10,6,6,10,1,13,10,15,12,16
2611,1851,600784.5,3508882.5,2022,0,0,1,0,3,0,4,6,2,5,1,1,13,6,9,11,10,6
2615,1887,600892.5,3508870.5,2022,0,0,1,0,6,3,2,7,10,0,5,3,12,8,10,17,11,16
2639,1906,600949.5,3508798.5,2022,2,3,0,0,6,3,2,7,10,0,5,3,12,13,13,10,7,16
2622,1924,601003.5,3508849.5,2022,2,3,0,0,3,3,5,1,0,6,6,10,1,13,13,15,10,19
2615,1959,601108.5,3508870.5,2022,2,3,0,1,0,3,5,1,0,6,6,10,1,5,5,12,6,19
2639,1992,601207.5,3508798.5,2022,0,0,1,0,6,3,2,7,10,0,5,1,13,6,10,17,10,16
2618,2022,601297.5,3508861.5,2022,2,3,0,0,3,0,5,1,0,6,6,10,1,5,5,15,10,19
2626,2053,601390.5,3508837.5,2022,0,0,1,0,6,7,7,0,2,0,5,1,13,6,9,11,0,6
2620,2079,601468.5,3508855.5,2022,0,0,1,0,6,7,2,7,10,0,5,3,12,6,9,11,11,6
2632,2114,601573.5,3508819.5,2022,0,0,1,3,1,0,4,6,2,5,1,9,2,15,9,11,0,1
2610,2157,601702.5,3508885.5,2022,0,0,1,0,3,0,4,6,2,5,1,1,13,6,9,11,10,6
2611,2177,601762.5,3508882.5,2022,1,1,2,3,3,0,4,6,2,5,1,9,2,15,15,7,13,10
2632,2200,601831.5,3508819.5,2022,0,0,1,0,6,7,7,0,2,5,1,1,13,6,9,11,0,6
2639,2242,601957.5,3508798.5,2022,1,2,4,5,4,6,3,5,6,3,3,4,3,4,4,5,17,3
2633,2255,601996.5,3508816.5,2022,1,2,4,5,4,6,3,5,6,3,3,4,3,4,4,5,17,3
2635,2286,602089.5,3508810.5,2022,1,2,4,5,4,6,3,5,6,3,3,4,3,4,4,5,17,3
2634,2335,602236.5,3508813.5,2022,1,2,4,5,4,6,3,5,6,3,3,4,3,4,4,5,17,3
2623,2355,602296.5,3508846.5,2022,1,1,2,2,5,2,6,4,5,2,12,6,4,15,15,7,13,10
2638,2393,602410.5,3508801.5,2022,1,1,2,2,5,2,6,9,8,1,10,13,0,10,7,1,9,14
2612,2400,602431.5,3508879.5,2022,1,1,2,2,5,5,1,2,5,2,4,9,0,14,7,1,16,4
2620,2449,602578.5,3508855.5,2022,1,2,4,5,4,6,3,5,6,3,7,4,6,7,11,5,3,3
2636,2488,602695.5,3508807.5,2022,1,1,2,2,5,2,6,9,8,1,10,13,0,14,7,1,16,4
2621,2508,602755.5,3508852.5,2022,0,0,2,3,1,2,6,9,8,1,10,9,2,15,15,7,13,10
2639,2524,602803.5,3508798.5,2022,0,0,2,3,1,2,4,6,2,5,1,9,2,15,15,7,13,10
2627,2562,602917.5,3508834.5,2022,1,1,2,2,5,2,1,9,8,5,1,9,0,14,7,1,13,10
2631,2609,603058.5,3508822.5,2022,1,2,4,5,4,6,3,5,6,3,7,4,6,7,11,5,3,3
2614,2630,603121.5,3508873.5,2022,1,1,2,2,5,5,1,4,5,2,12,6,4,3,8,16,4,9
2630,2665,603226.5,3508825.5,2022,0,0,2,3,1,2,6,9,8,1,1,9,2,15,15,7,13,10
2610,2683,603280.5,3508885.5,2022,1,1,2,3,3,0,4,6,1,5,1,9,2,15,15,7,13,10
2632,2725,603406.5,3508819.5,2022,1,1,2,3,3,0,4,6,2,5,1,9,2,15,15,7,13,10
2633,2740,603451.5,3508816.5,2022,1,1,2,3,1,2,4,6,2,5,1,9,2,15,15,7,13,10
2610,2789,603598.5,3508885.5,2022,0,0,1,3,6,7,4,0,2,5,1,9,2,15,9,11,0,6
2614,2804,603643.5,3508873.5,2022,0,0,1,3,1,7,7,0,2,5,1,9,2,0,6,11,0,12
2617,2844,603763.5,3508864.5,2022,2,0,1,0,6,3,2,7,10,0,5,3,12,13,13,10,7,0
2639,2866,603829.5,3508798.5,2022,1,1,2,2,5,5,1,2,4,10,4,6,0,14,7,1,16,4
2619,2883,603880.5,3508858.5,2022,0,0,1,3,1,7,7,0,2,5,1,9,2,0,6,11,0,6
2613,2910,603961.5,3508876.5,2022,0,0,1,0,6,7,7,0,2,5,1,1,13,6,9,11,0,1
2637,2951,604084.5,3508804.5,2022,2,3,0,0,6,3,2,7,10,0,5,1,13,6,10,17,12,16
2626,2996,604219.5,3508837.5,2022,2,3,0,1,0,4,0,8,7,8,8,0,7,11,16,12,7,5
2624,3021,604294.5,3508843.5,2022,2,3,0,0,3,0,5,1,0,6,6,10,1,5,5,15,10,19
2614,3045,604366.5,3508873.5,2022,1,1,3,2,2,1,8,2,4,10,4,2,14,2,12,6,14,11
2610,3088,604495.5,3508885.5,2022,2,3,0,1,3,3,5,1,0,6,6,10,1,5,5,15,6,19
2621,3099,604528.5,3508852.5,2022,2,3,0,4,3,0,5,1,0,6,6,10,1,5,5,15,10,19
2621,3140,604651.5,3508852.5,2022,1,1,3,4,2,1,8,2,4,10,4,2,14,2,12,6,14,7
2627,3167,604732.5,3508834.5,2022,1,1,3,2,2,1,8,2,4,10,4,2,14,2,12,6,14,11
2617,3203,604840.5,3508864.5,2022,1,1,3,4,2,1,8,3,9,11,2,2,14,2,12,6,14,11
2612,3226,604909.5,3508879.5,2022,1,1,3,2,2,5,1,2,4,10,4,2,14,2,12,6,18,11
2634,3242,604957.5,3508813.5,2022,1,1,3,4,2,5,1,2,4,10,4,2,14,2,12,6,18,11
2628,3281,605074.5,3508831.5,2022,1,1,3,4,3,0,4,6,1,10,4,9,2,15,15,7,13,7
2613,3310,605161.5,3508876.5,2022,1,1,3,4,2,1,8,2,4,10,4,2,14,2,12,6,14,7
2628,3330,605221.5,3508831.5,2022,1,1,2,2,5,5,1,2,4,10,4,2,0,14,7,1,16,4
2647,6,595249.5,3508774.5,2022,2,3,0,1,0,4,0,8,7,7,11,11,8,1,3,13,2,18
2646,54,595393.5,3508777.5,2022,2,3,0,1,0,4,0,8,0,7,11,11,8,1,3,13,6,18
2664,83,595480.5,3508723.5,2022,2,3,0,1,0,4,5,1,0,6,6,10,1,5,5,15,6,19
2640,101,595534.5,3508795.5,2022,2,3,0,4,0,4,5,1,0,6,6,7,11,5,5,12,6,5
2664,122,595597.5,3508723.5,2022,2,3,0,1,0,4,0,8,7,7,11,11,8,1,3,13,2,18
2642,153,595690.5,3508789.5,2022,2,3,0,1,0,4,0,8,7,7,11,11,8,1,3,13,2,18
2655,187,595792.5,3508750.5,2022,2,3,0,1,0,4,0,8,7,7,11,11,8,1,3,13,2,18
2663,218,595885.5,3508726.5,2022,2,3,0,1,0,4,0,8,7,7,11,11,8,1,3,13,2,18
2642,257,596002.5,3508789.5,2022,2,3,0,1,0,4,0,8,7,7,8,11,8,1,3,13,2,18
2653,294,596113.5,3508756.5,2022,2,3,0,1,0,4,0,8,7,7,11,11,8,1,3,13,2,18
2667,303,596140.5,3508714.5,2022,2,3,0,1,0,4,0,8,7,7,11,11,8,1,3,13,2,18
2665,344,596263.5,3508720.5,2022,2,3,0,1,0,4,0,8,7,7,11,11,8,1,3,13,2,18
2655,361,596314.5,3508750.5,2022,2,3,0,1,0,4,0,8,7,7,11,11,8,1,3,13,2,18
2652,407,596452.5,3508759.5,2022,2,3,0,1,0,4,0,8,7,7,11,11,8,1,3,13,2,18
2646,429,596518.5,3508777.5,2022,2,3,0,1,0,4,0,8,7,7,11,11,8,1,3,12,6,5
2644,476,596659.5,3508783.5,2022,2,3,0,1,0,3,5,1,0,7,11,11,8,1,3,13,12,19
2662,506,596749.5,3508729.5,2022,2,3,3,4,3,0,5,1,1,9,0,5,10,12,1,4,1,2
2666,531,596824.5,3508717.5,2022,0,0,2,3,1,2,4,6,2,5,1,9,2,15,15,7,13,10
2666,548,596875.5,3508717.5,2022,0,0,1,3,3,0,4,6,2,5,1,9,2,15,15,7,13,10
2667,596,597019.5,3508714.5,2022,2,3,0,4,3,0,5,1,1,9,0,5,10,12,1,4,1,2
2659,618,597085.5,3508738.5,2022,0,0,1,0,3,0,4,6,2,5,1,1,13,6,9,11,0,6
2652,646,597169.5,3508759.5,2022,2,3,3,4,3,0,5,1,1,9,0,5,10,12,1,4,1,2
2657,670,597241.5,3508744.5,2022,2,3,0,4,3,0,5,1,0,6,6,10,1,5,5,15,10,19
2646,692,597307.5,3508777.5,2022,0,1,2,3,1,2,4,6,2,5,1,9,2,15,15,7,13,10
2650,731,597424.5,3508765.5,2022,0,0,2,3,1,2,4,6,2,5,1,9,2,15,15,7,13,10
2663,773,597550.5,3508726.5,2022,2,3,0,1,0,4,5,1,0,6,6,11,8,5,5,12,6,5
2669,789,597598.5,3508708.5,2022,2,3,0,0,3,3,5,1,0,6,6,10,1,5,5,15,12,19
2651,823,597700.5,3508762.5,2022,2,3,3,4,3,1,5,1,0,6,6,10,1,5,5,15,14,7
2654,851,597784.5,3508753.5,2022,2,3,0,1,3,3,5,1,0,6,6,10,1,5,5,15,12,19
2646,879,597868.5,3508777.5,2022,2,3,3,4,3,0,5,1,0,6,6,10,1,5,5,15,14,19
2645,914,597973.5,3508780.5,2022,2,3,3,4,3,0,4,6,1,9,0,5,10,12,1,4,1,2
2646,948,598075.5,3508777.5,2022,0,1,3,4,3,0,4,6,1,9,0,5,10,12,1,4,1,2
2643,964,598123.5,3508786.5,2022,2,3,0,1,0,4,5,1,0,6,6,10,1,5,5,15,6,19
2643,992,598207.5,3508786.5,2022,2,3,0,1,0,4,0,8,7,8,8,0,7,11,3,12,6,5
2643,1040,598351.5,3508786.5,2022,2,3,3,4,3,0,4,6,1,9,0,5,10,12,1,4,1,2
2642,1079,598468.5,3508789.5,2022,2,3,0,1,0,3,5,1,0,6,6,10,1,5,5,15,6,19
2664,1097,598522.5,3508723.5,2022,1,1,2,4,3,0,4,6,1,9,0,5,10,12,1,4,1,2
2664,1116,598579.5,3508723.5,2022,1,1,2,2,5,5,1,4,1,2,12,6,4,3,8,16,13,9
2665,1154,598693.5,3508720.5,2022,1,1,3,4,3,0,4,6,4,5,1,9,2,15,9,7,13,7
2655,1188,598795.5,3508750.5,2022,1,1,3,2,5,5,1,4,5,2,12,6,4,3,8,16,18,9
2663,1204,598843.5,3508726.5,2022,1,1,2,2,5,5,1,4,5,2,12,6,4,3,7,16,16,4
2647,1233,598930.5,3508774.5,2022,1,1,2,2,5,5,1,4,5,2,12,6,4,3,8,16,4,9
2660,1267,599032.5,3508735.5,2022,1,1,3,4,3,0,4,6,2,5,1,9,2,15,9,11,10,6
2644,1303,599140.5,3508783.5,2022,1,1,2,2,5,5,1,4,5,2,12,6,4,3,8,16,4,9
2654,1345,599266.5,3508753.5,2022,1,1,3,4,2,1,8,2,4,10,4,2,14,2,12,6,14,7
2664,1369,599338.5,3508723.5,2022,1,1,3,4,3,0,4,2,4,10,4,2,14,2,12,6,14,7
2645,1383,599380.5,3508780.5,2022,2,3,3,4,2,1,8,3,9,11,2,7,11,9,0,14,5,13
2664,1423,599500.5,3508723.5,2022,2,3,3,4,3,0,5,1,1,9,0,5,10,12,1,4,1,2
2652,1453,599590.5,3508759.5,2022,1,1,2,2,5,5,1,4,5,2,12,6,4,3,8,16,18,9
2660,1489,599698.5,3508735.5,2022,2,3,3,4,3,0,5,1,0,6,6,1,13,6,5,15,10,19
2666,1507,599752.5,3508717.5,2022,1,1,3,4,5,0,4,2,4,10,4,2,14,2,12,6,14,7
2656,1552,599887.5,3508747.5,2022,1,1,3,2,5,5,1,2,4,10,4,2,14,2,12,6,18,11
2647,1588,599995.5,3508774.5,2022,2,3,3,4,3,0,5,1,0,6,6,10,1,5,5,15,14,7
2647,1608,600055.5,3508774.5,2022,1,1,3,4,5,5,1,2,4,10,4,2,14,2,12,6,14,7
2666,1644,600163.5,3508717.5,2022,2,3,0,0,6,3,2,7,10,0,5,3,13,13,10,17,12,16
2640,1660,600211.5,3508795.5,2022,2,3,0,0,3,3,5,1,0,6,6,10,1,5,5,15,10,19
2666,1682,600277.5,3508717.5,2022,1,1,3,4,5,5,1,2,4,10,4,2,14,2,12,6,18,11
2645,1723,600400.5,3508780.5,2022,2,3,3,4,3,1,8,2,4,10,4,2,14,2,12,6,14,7
2640,1766,600529.5,3508795.5,2022,1,1,2,2,5,5,4,2,4,10,4,2,0,14,12,1,16,7
2663,1788,600595.5,3508726.5,2022,0,0,1,0,6,3,2,7,10,0,5,1,13,6,10,17,12,16
2648,1820,600691.5,3508771.5,2022,2,3,0,4,3,0,5,1,0,6,6,10,1,5,5,15,6,19
2654,1847,600772.5,3508753.5,2022,2,3,0,0,3,0,5,1,0,6,6,10,1,5,5,15,10,19
2655,1880,600871.5,3508750.5,2022,0,0,1,0,6,3,2,7,10,0,5,3,12,6,10,17,10,6
2658,1919,600988.5,3508741.5,2022,2,3,0,0,3,3,2,7,0,6,6,10,1,6,10,15,12,19
2649,1949,601078.5,3508768.5,2022,2,3,0,1,0,3,5,1,0,6,6,10,1,5,5,10,7,0
2649,1961,601114.5,3508768.5,2022,2,3,0,1,0,3,5,1,0,6,6,10,1,13,5,10,7,19
2653,2002,601237.5,3508756.5,2022,0,0,1,0,6,3,2,7,2,0,5,1,13,6,9,11,10,6
2661,2017,601282.5,3508732.5,2022,1,1,2,2,5,5,1,4,5,2,12,6,0,14,7,1,16,4
2654,2055,601396.5,3508753.5,2022,1,0,3,4,3,0,4,6,1,9,0,5,10,15,1,7,1,2
2645,2071,601444.5,3508780.5,2022,0,0,1,0,3,0,4,6,2,5,1,9,2,15,9,11,10,6
2650,2124,601603.5,3508765.5,2022,0,0,1,3,1,2,4,6,2,5,1,9,2,15,15,11,0,10
2650,2133,601630.5,3508765.5,2022,0,0,1,0,6,7,7,0,2,5,1,8,9,0,9,11,0,6
2660,2189,601798.5,3508735.5,2022,0,0,2,3,1,2,4,6,2,5,1,9,2,15,9,11,0,1
2640,2196,601819.5,3508795.5,2022,0,0,1,0,3,0,4,6,2,5,1,9,2,15,9,11,10,6
2645,2228,601915.5,3508780.5,2022,0,0,1,3,1,2,4,6,2,5,1,9,2,15,15,7,13,10
2659,2271,602044.5,3508738.5,2022,1,2,4,5,4,6,3,5,6,3,3,4,3,4,4,5,17,3
2656,2309,602158.5,3508747.5,2022,1,1,2,2,5,0,4,6,2,5,1,9,2,15,15,7,13,10
2664,2336,602239.5,3508723.5,2022,0,0,1,3,1,2,4,6,2,5,1,9,2,15,15,7,13,10
2650,2352,602287.5,3508765.5,2022,0,0,2,3,1,2,6,9,2,5,1,9,2,15,15,7,13,10
2654,2395,602416.5,3508753.5,2022,0,0,2,3,1,2,6,9,8,5,1,9,2,15,15,7,13,10
2665,2429,602518.5,3508720.5,2022,0,0,2,3,1,2,4,6,2,5,1,9,2,15,15,7,13,10
2667,2437,602542.5,3508714.5,2022,0,0,2,3,1,2,4,6,2,5,1,9,2,15,15,7,13,10
2649,2489,602698.5,3508768.5,2022,0,0,1,3,1,7,7,0,3,4,9,8,2,0,6,8,15,12
2643,2514,602773.5,3508786.5,2022,0,0,2,3,1,2,4,6,2,5,1,9,2,15,15,7,13,10
2651,2537,602842.5,3508762.5,2022,1,1,2,2,5,5,1,4,5,2,12,6,0,14,7,1,16,4
2652,2557,602902.5,3508759.5,2022,0,0,1,3,1,7,7,0,3,4,9,8,9,0,6,8,15,12
2668,2580,602971.5,3508711.5,2022,0,0,2,3,1,2,6,9,8,1,10,9,2,15,15,7,13,10
2662,2634,603133.5,3508729.5,2022,1,1,2,3,1,2,4,6,8,5,1,9,2,15,15,7,13,10
2642,2655,603196.5,3508789.5,2022,0,0,1,3,1,2,7,0,8,5,1,9,2,0,6,8,15,12
2651,2676,603259.5,3508762.5,2022,0,0,2,3,1,2,6,9,8,5,1,9,2,15,15,7,13,10
2656,2700,603331.5,3508747.5,2022,1,1,2,2,5,5,1,9,5,2,12,6,0,14,7,1,16,4
2667,2734,603433.5,3508714.5,2022,0,0,1,3,1,7,7,0,2,5,1,9,2,15,15,7,13,10
2648,2788,603595.5,3508771.5,2022,0,0,1,3,1,7,7,0,2,5,1,9,2,0,6,11,0,1
2655,2805,603646.5,3508750.5,2022,1,1,3,2,2,5,1,2,4,10,4,2,14,2,12,6,14,11
2646,2829,603718.5,3508777.5,2022,1,1,2,2,5,2,4,6,2,5,1,9,2,15,15,7,13,10
2651,2869,603838.5,3508762.5,2022,0,0,1,3,1,2,7,0,2,5,1,9,2,0,6,8,0,1
2652,2903,603940.5,3508759.5,2022,0,0,1,3,1,7,4,6,2,5,1,9,2,15,9,11,0,6
2667,2924,604003.5,3508714.5,2022,0,0,1,0,6,7,4,0,2,5,1,1,13,6,9,11,0,1
2666,2950,604081.5,3508717.5,2022,1,1,3,4,2,1,8,2,4,10,4,2,14,2,12,6,14,11
2656,2979,604168.5,3508747.5,2022,2,3,3,4,3,0,5,1,0,6,6,10,1,5,5,15,10,19
2644,3026,604309.5,3508783.5,2022,2,3,0,4,3,0,5,1,0,6,6,10,1,5,5,15,6,19
2653,3045,604366.5,3508756.5,2022,2,3,3,4,3,0,5,1,0,6,6,10,1,5,5,15,6,19
2664,3061,604414.5,3508723.5,2022,2,3,0,1,0,4,5,1,0,6,6,10,1,5,5,12,6,5
2663,3091,604504.5,3508726.5,2022,2,3,0,1,0,4,5,1,0,6,6,10,1,5,5,12,6,19
2657,3123,604600.5,3508744.5,2022,1,1,3,2,2,1,8,2,4,10,4,2,14,2,12,6,14,11
2666,3170,604741.5,3508717.5,2022,2,3,0,1,0,4,0,8,7,7,11,0,8,13,13,10,7,0
2660,3181,604774.5,3508735.5,2022,1,1,3,2,5,5,1,2,4,10,4,2,14,2,12,6,16,11
2652,3236,604939.5,3508759.5,2022,1,1,3,4,3,0,4,6,4,10,4,2,14,2,12,6,14,7
2666,3259,605008.5,3508717.5,2022,1,1,3,4,2,1,8,2,4,10,4,2,14,2,12,6,14,7
2666,3282,605077.5,3508717.5,2022,2,3,3,4,3,0,4,1,0,6,6,10,1,5,5,15,10,19
2665,3302,605137.5,3508720.5,2022,1,1,3,4,5,5,1,2,4,10,4,2,14,2,12,6,18,11
2640,3330,605221.5,3508795.5,2022,1,1,3,4,2,1,8,3,9,11,2,2,14,2,12,6,14,11
2689,3,595240.5,3508648.5,2022,2,3,0,1,0,3,2,7,10,7,11,11,8,1,10,17,12,16
2676,54,595393.5,3508687.5,2022,2,3,0,1,0,4,5,1,0,7,6,11,8,1,3,12,6,18
2693,83,595480.5,3508636.5,2022,2,3,0,1,0,3,0,8,10,7,11,11,8,1,3,13,2,18
2672,101,595534.5,3508699.5,2022,2,3,0,1,0,3,0,8,0,7,11,11,8,1,3,13,2,18
2679,134,595633.5,3508678.5,2022,2,3,0,1,0,4,0,8,7,7,11,11,8,1,3,13,2,18
2675,177,595762.5,3508690.5,2022,2,3,0,1,0,4,0,8,7,7,11,11,8,1,3,13,2,18
2699,203,595840.5,3508618.5,2022,2,3,0,1,0,4,0,8,7,7,11,11,8,1,3,13,2,18
2676,236,595939.5,3508687.5,2022,2,3,0,1,0,4,0,8,7,7,11,11,8,1,3,13,2,18
2688,260,596011.5,3508651.5,2022,2,3,0,1,0,4,0,8,7,7,11,11,8,1,3,13,2,18
2674,288,596095.5,3508693.5,2022,2,3,0,1,0,3,5,1,0,7,11,11,8,1,3,13,12,18
2699,321,596194.5,3508618.5,2022,2,3,0,1,0,4,0,8,7,7,11,11,8,1,3,13,2,18
2672,336,596239.5,3508699.5,2022,2,3,0,0,0,3,2,7,10,7,11,11,8,1,10,17,12,16
2685,377,596362.5,3508660.5,2022,2,3,0,1,0,4,0,8,7,7,11,11,8,1,3,13,2,18
2689,392,596407.5,3508648.5,2022,2,3,0,1,0,4,0,8,7,7,11,11,8,1,3,13,2,18
2671,444,596563.5,3508702.5,2022,2,3,0,1,0,4,0,8,7,7,11,11,8,1,3,13,2,18
2672,470,596641.5,3508699.5,2022,2,3,0,1,0,4,5,1,0,6,6,10,1,5,5,12,6,19
2679,508,596755.5,3508678.5,2022,1,1,3,4,3,0,4,6,1,9,0,5,10,12,1,4,1,2
2690,535,596836.5,3508645.5,2022,0,0,2,3,1,0,4,6,2,5,1,9,2,15,15,7,13,10
2699,567,596932.5,3508618.5,2022,0,0,1,0,3,0,4,6,2,5,1,1,13,6,9,11,10,6
2692,585,596986.5,3508639.5,2022,2,3,0,4,3,0,5,1,1,9,0,5,10,12,1,4,1,2
2680,623,597100.5,3508675.5,2022,2,3,1,4,3,0,4,6,1,9,0,5,10,12,1,4,1,2
2681,659,597208.5,3508672.5,2022,2,3,3,4,3,0,5,1,1,9,0,5,10,12,1,4,1,2
2683,668,597235.5,3508666.5,2022,0,0,1,0,3,0,4,6,1,9,0,5,10,15,1,4,1,2
2687,702,597337.5,3508654.5,2022,1,1,2,2,3,0,4,6,2,5,1,9,2,15,15,7,13,10
2677,734,597433.5,3508684.5,2022,0,0,2,3,3,0,4,6,2,5,1,9,2,15,15,7,13,10
2677,756,597499.5,3508684.5,2022,2,3,0,4,3,3,5,1,0,6,6,10,1,5,5,15,6,19
2693,797,597622.5,3508636.5,2022,0,0,1,0,3,0,4,6,2,5,1,1,13,6,9,11,10,6
2694,820,597691.5,3508633.5,2022,1,1,2,3,3,0,4,6,2,5,1,9,2,15,15,7,13,10
2689,852,597787.5,3508648.5,2022,0,0,1,4,3,0,4,6,2,5,1,9,2,15,9,11,10,6
2680,888,597895.5,3508675.5,2022,2,3,3,4,3,0,4,6,0,6,6,10,1,5,5,15,10,19
2678,920,597991.5,3508681.5,2022,1,1,2,2,5,5,4,6,5,5,1,9,2,15,15,7,13,10
2673,931,598024.5,3508696.5,2022,2,3,3,4,3,0,4,6,1,9,0,5,10,12,1,4,1,2
2676,981,598174.5,3508687.5,2022,2,3,0,4,3,0,5,1,0,6,6,10,1,5,5,15,10,19
2679,999,598228.5,3508678.5,2022,2,3,0,4,3,4,5,1,0,6,6,10,1,5,5,12,6,19
2678,1028,598315.5,3508681.5,2022,2,3,3,4,3,0,5,1,0,6,6,10,10,5,5,15,14,7
2697,1071,598444.5,3508624.5,2022,2,3,0,4,3,3,5,1,0,6,6,10,1,5,5,15,12,19
2672,1081,598474.5,3508699.5,2022,1,1,3,4,3,0,4,6,1,9,0,5,10,12,1,4,1,2
2678,1133,598630.5,3508681.5,2022,1,1,3,4,3,0,4,6,1,9,0,5,10,12,1,4,1,2
2696,1157,598702.5,3508627.5,2022,1,1,2,2,3,0,4,6,1,9,0,9,2,15,15,7,13,10
2680,1194,598813.5,3508675.5,2022,1,1,3,2,5,5,1,4,5,2,12,6,4,3,8,16,18,9
2684,1224,598903.5,3508663.5,2022,1,1,3,4,2,1,8,3,9,11,2,7,14,2,12,6,18,11
2680,1244,598963.5,3508675.5,2022,1,1,3,2,2,5,8,2,4,10,4,2,14,2,12,6,18,11
2670,1270,599041.5,3508705.5,2022,1,1,2,2,5,5,1,4,5,2,12,6,4,3,7,1,4,4
2693,1308,599155.5,3508636.5,2022,1,1,2,2,5,5,1,4,5,2,12,6,4,3,8,16,4,9
2680,1334,599233.5,3508675.5,2022,1,1,3,2,5,5,1,2,4,10,4,2,14,2,12,6,18,11
2686,1353,599290.5,3508657.5,2022,1,1,3,2,5,5,1,2,4,10,4,2,14,2,12,6,18,11
2679,1404,599443.5,3508678.5,2022,1,1,3,2,2,5,1,2,4,10,4,2,14,2,12,6,18,11
2688,1424,599503.5,3508651.5,2022,1,1,2,2,5,5,1,4,5,2,12,6,4,3,8,16,18,9
2691,1467,599632.5,3508642.5,2022,1,1,2,3,3,0,4,6,2,5,1,9,2,15,15,7,13,10
2678,1487,599692.5,3508681.5,2022,2,0,1,0,6,3,2,7,10,0,5,3,12,6,10,17,12,16
2693,1515,599776.5,3508636.5,2022,0,0,1,0,3,0,4,1,2,6,6,1,13,6,9,15,10,6
2698,1540,599851.5,3508621.5,2022,1,1,3,2,5,5,1,2,4,10,4,2,14,2,12,6,16,11
2691,1573,599950.5,3508642.5,2022,1,1,3,4,2,1,8,2,4,10,4,2,14,2,12,6,14,7
2689,1603,600040.5,3508648.5,2022,1,1,2,2,5,5,1,4,5,2,12,6,4,3,8,16,18,9
2697,1639,600148.5,3508624.5,2022,1,1,3,4,2,1,8,2,4,10,4,2,14,2,12,6,14,11
2698,1662,600217.5,3508621.5,2022,0,0,1,0,3,0,4,7,2,5,1,1,13,6,9,11,10,6
2694,1685,600286.5,3508633.5,2022,1,1,2,2,5,5,4,2,4,10,4,2,0,14,7,1,16,4
2679,1716,600379.5,3508678.5,2022,1,1,3,2,5,5,1,2,4,10,4,2,14,2,12,6,18,11
2683,1746,600469.5,3508666.5,2022,2,3,3,4,3,0,5,1,0,6,6,10,13,5,5,15,14,7
2681,1787,600592.5,3508672.5,2022,0,0,1,0,6,3,2,7,10,0,5,3,12,13,10,17,12,16
2677,1800,600631.5,3508684.5,2022,2,3,0,0,6,3,2,7,10,0,5,3,12,13,13,10,7,0
2687,1831,600724.5,3508654.5,2022,1,1,3,4,2,1,8,2,4,10,4,2,14,2,12,6,14,7
2688,1878,600865.5,3508651.5,2022,1,1,3,2,5,5,1,2,4,10,4,2,14,2,12,6,18,11
2686,1908,600955.5,3508657.5,2022,0,0,1,0,6,7,7,0,2,5,1,1,13,6,9,11,0,1
2688,1934,601033.5,3508651.5,2022,1,1,3,4,3,0,4,2,4,10,4,2,14,2,12,6,14,7
2699,1977,601162.5,3508618.5,2022,0,1,2,3,1,2,4,2,2,5,1,9,0,14,7,1,0,1
2697,1990,601201.5,3508624.5,2022,0,0,1,3,1,0,4,6,2,5,1,9,2,15,9,11,0,1
2695,2026,601309.5,3508630.5,2022,1,1,2,2,5,5,4,2,4,10,4,2,0,14,7,1,16,4
2678,2056,601399.5,3508681.5,2022,1,1,2,2,5,5,1,4,1,9,4,2,10,14,12,7,18,11
2696,2090,601501.5,3508627.5,2022,0,0,2,3,3,0,4,6,2,5,1,9,2,15,15,7,13,10
2690,2105,601546.5,3508645.5,2022,1,1,2,3,1,0,4,6,2,5,1,9,2,15,15,7,13,10
2677,2159,601708.5,3508684.5,2022,0,0,1,3,1,7,4,6,2,5,1,9,2,15,9,11,0,6
2670,2188,601795.5,3508705.5,2022,0,0,1,3,1,7,7,0,2,5,1,9,2,0,9,11,0,1
2676,2211,601864.5,3508687.5,2022,1,1,2,2,5,5,4,2,4,10,4,2,0,14,7,1,16,4
2671,2249,601978.5,3508702.5,2022,0,0,1,0,3,0,4,6,2,5,1,9,2,15,9,11,0,6
2672,2277,602062.5,3508699.5,2022,1,2,4,5,4,6,3,5,6,3,7,12,6,7,11,2,3,15
2679,2297,602122.5,3508678.5,2022,0,0,1,0,6,3,2,7,10,0,5,3,12,8,10,17,11,16
2684,2329,602218.5,3508663.5,2022,1,1,2,2,5,5,1,4,5,2,12,6,0,14,7,1,16,4
2676,2349,602278.5,3508687.5,2022,0,0,1,3,1,0,4,6,2,5,1,9,2,15,15,7,13,10
2698,2370,602341.5,3508621.5,2022,0,0,2,3,1,2,4,6,2,5,1,9,2,15,15,7,13,10
2695,2424,602503.5,3508630.5,2022,0,0,2,3,1,2,4,6,2,5,1,9,2,15,15,7,13,10
2677,2430,602521.5,3508684.5,2022,0,0,2,3,1,2,6,9,8,1,10,13,5,0,6,8,15,12
2689,2481,602674.5,3508648.5,2022,1,1,2,3,3,0,4,6,2,5,1,9,2,15,15,7,13,10
2672,2497,602722.5,3508699.5,2022,0,0,2,3,1,2,6,9,8,1,10,9,2,15,15,7,13,10
2692,2542,602857.5,3508639.5,2022,0,0,1,3,1,7,7,0,3,4,9,8,9,0,6,8,15,12
2680,2576,602959.5,3508675.5,2022,1,1,2,2,5,0,4,6,2,5,1,9,2,15,15,7,13,10
2694,2588,602995.5,3508633.5,2022,1,1,2,2,5,5,1,4,5,2,12,9,4,15,15,7,13,10
2693,2633,603130.5,3508636.5,2022,1,1,2,2,5,2,4,6,5,2,12,9,2,15,15,7,13,10
2688,2650,603181.5,3508651.5,2022,1,1,2,2,5,2,6,4,5,2,12,6,4,15,15,7,13,10
2698,2676,603259.5,3508621.5,2022,1,1,2,2,5,5,1,4,5,2,12,6,0,14,7,1,16,4
2686,2726,603409.5,3508657.5,2022,0,1,2,3,1,2,6,9,8,1,10,9,2,15,15,7,13,10
2681,2746,603469.5,3508672.5,2022,1,1,2,2,5,5,1,2,4,10,4,9,0,14,7,1,16,4
2684,2772,603547.5,3508663.5,2022,1,1,2,2,5,5,1,4,5,2,12,6,0,14,7,1,16,4
2694,2809,603658.5,3508633.5,2022,1,1,2,2,5,5,1,4,5,2,12,6,0,14,7,1,16,4
2696,2840,603751.5,3508627.5,2022,0,1,2,3,1,2,6,9,8,5,1,9,2,15,15,7,13,10
2697,2879,603868.5,3508624.5,2022,0,1,2,3,1,2,4,6,2,5,1,9,2,15,15,7,13,10
2692,2894,603913.5,3508639.5,2022,2,3,0,0,6,3,2,7,10,0,5,3,12,13,13,10,7,0
2685,2911,603964.5,3508660.5,2022,2,3,0,1,0,3,0,8,7,7,11,11,8,13,13,10,7,0
2687,2969,604138.5,3508654.5,2022,2,3,0,1,0,3,2,7,0,6,6,10,1,13,13,10,7,0
2696,2982,604177.5,3508627.5,2022,2,3,3,4,3,0,5,1,0,6,6,10,1,5,5,15,10,19
2672,3012,604267.5,3508699.5,2022,2,3,0,1,3,3,5,1,0,6,6,10,1,5,5,15,6,19
2684,3056,604399.5,3508663.5,2022,1,1,3,4,2,1,8,2,4,10,2,2,14,2,12,6,14,7
2675,3071,604444.5,3508690.5,2022,1,1,3,4,2,1,8,3,9,11,2,7,14,2,12,6,14,7
2685,3119,604588.5,3508660.5,2022,1,1,3,2,2,5,1,2,4,10,4,2,14,2,12,6,18,11
2684,3145,604666.5,3508663.5,2022,1,1,3,2,5,5,1,2,4,10,4,2,14,2,12,6,18,11
2681,3177,604762.5,3508672.5,2022,2,1,3,4,3,1,8,2,4,10,4,2,14,2,12,6,14,7
2694,3199,604828.5,3508633.5,2022,1,1,3,4,2,1,8,2,4,10,4,2,14,2,12,6,14,7
2671,3212,604867.5,3508702.5,2022,1,1,3,4,2,1,8,2,4,10,4,2,14,2,12,6,14,7
2688,3261,605014.5,3508651.5,2022,1,1,3,2,2,5,1,2,4,10,4,2,14,2,12,6,14,7
2696,3279,605068.5,3508627.5,2022,0,0,1,0,3,3,4,1,2,5,1,1,13,6,9,11,0,1
2682,3313,605170.5,3508669.5,2022,0,0,1,3,3,0,4,6,2,5,1,9,2,15,9,11,0,6
2699,3330,605221.5,3508618.5,2022,0,0,1,3,1,7,4,0,2,5,1,1,2,6,9,11,0,1
2702,3,595240.5,3508609.5,2022,2,3,0,1,0,3,5,1,0,6,6,11,13,1,10,17,12,16
2718,38,595345.5,3508561.5,2022,2,3,0,1,0,4,0,8,7,7,11,11,8,1,3,13,2,18
2711,65,595426.5,3508582.5,2022,2,3,0,1,0,3,2,8,0,7,11,11,8,1,3,13,2,18
2708,117,595582.5,3508591.5,2022,2,3,0,1,0,3,2,7,10,7,11,11,8,1,3,13,2,18
2720,121,595594.5,3508555.5,2022,2,3,0,0,0,3,2,7,10,7,11,11,8,1,10,17,12,16
2723,179,595768.5,3508546.5,2022,2,3,0,1,0,4,0,8,7,7,11,11,8,1,3,13,2,18
2709,182,595777.5,3508588.5,2022,2,3,0,1,0,4,0,8,7,7,11,11,8,1,3,13,2,18
2720,225,595906.5,3508555.5,2022,2,3,0,1,0,4,0,8,7,7,11,11,8,1,3,13,2,18
2706,243,595960.5,3508597.5,2022,2,3,0,1,0,4,0,8,7,7,11,11,8,1,3,13,2,18
2717,279,596068.5,3508564.5,2022,2,3,0,1,0,4,0,8,7,7,11,11,8,1,3,13,2,18
2716,309,596158.5,3508567.5,2022,2,3,0,1,0,4,0,8,7,7,11,11,8,1,3,13,2,18
2705,349,596278.5,3508600.5,2022,2,3,0,1,0,4,0,8,7,7,11,11,8,1,3,13,2,18
2705,382,596377.5,3508600.5,2022,2,3,0,1,0,4,0,8,7,7,11,11,8,1,3,13,2,18
2709,411,596464.5,3508588.5,2022,2,3,0,1,0,4,0,8,7,7,11,11,8,1,3,13,2,18
2710,443,596560.5,3508585.5,2022,2,3,0,0,3,3,5,1,0,6,6,10,1,5,10,15,12,19
2703,463,596620.5,3508606.5,2022,2,3,0,1,0,4,5,1,0,7,11,11,8,1,3,13,2,18
2716,489,596698.5,3508567.5,2022,1,1,3,4,3,0,4,6,1,9,0,5,10,12,1,4,1,2
2711,531,596824.5,3508582.5,2022,0,0,1,0,3,0,4,6,2,5,1,1,13,6,9,11,10,6
2729,558,596905.5,3508528.5,2022,2,3,3,4,3,0,5,1,1,6,6,5,10,12,1,15,1,2
2713,583,596980.5,3508576.5,2022,2,3,0,1,3,0,5,1,0,6,6,5,10,12,1,4,1,2
2710,603,597040.5,3508585.5,2022,2,3,3,4,3,0,5,1,1,9,0,5,10,12,1,4,1,2
2700,646,597169.5,3508615.5,2022,2,3,3,4,3,0,5,1,1,9,0,5,10,12,1,4,1,2
2708,673,597250.5,3508591.5,2022,1,1,2,4,3,0,4,6,1,9,0,5,10,12,1,4,1,2
2714,717,597382.5,3508573.5,2022,2,3,0,1,0,3,5,1,0,6,6,10,1,5,5,15,12,19
2707,722,597397.5,3508594.5,2022,0,0,1,0,3,0,4,6,2,5,6,1,13,6,9,15,10,6
2726,773,597550.5,3508537.5,2022,2,3,0,0,3,3,2,1,0,6,6,1,13,6,10,17,12,16
2727,785,597586.5,3508534.5,2022,2,3,0,1,3,3,5,1,0,6,6,10,1,5,5,15,12,19
2721,820,597691.5,3508552.5,2022,2,3,3,4,3,0,5,1,0,6,6,10,1,5,5,15,10,19
2728,841,597754.5,3508531.5,2022,0,1,2,3,3,0,4,6,1,5,1,9,2,15,15,7,13,10
2722,894,597913.5,3508549.5,2022,1,2,4,5,4,6,3,5,6,3,3,4,3,4,4,5,17,3
2729,920,597991.5,3508528.5,2022,1,2,4,5,4,6,3,5,6,3,3,4,3,4,4,5,17,3
2717,942,598057.5,3508564.5,2022,1,1,3,4,3,0,4,6,2,5,1,9,2,15,9,15,10,7
2713,987,598192.5,3508576.5,2022,0,1,3,4,3,0,4,6,2,5,1,9,2,6,9,11,10,7
2722,1005,598246.5,3508549.5,2022,2,3,0,0,6,3,2,7,10,0,11,11,8,1,10,17,12,16
2724,1044,598363.5,3508543.5,2022,0,0,1,0,3,0,4,6,2,5,1,1,13,6,9,11,10,6
2711,1074,598453.5,3508582.5,2022,2,3,3,4,3,0,4,6,1,9,0,5,10,12,1,4,1,2
2710,1104,598543.5,3508585.5,2022,1,1,3,4,3,0,4,6,1,9,0,5,10,12,1,4,1,2
2721,1111,598564.5,3508552.5,2022,1,1,3,4,3,0,4,6,1,9,0,5,10,12,1,4,1,2
2722,1156,598699.5,3508549.5,2022,1,1,3,4,3,0,4,6,1,9,0,5,10,12,1,4,1,2
2712,1182,598777.5,3508579.5,2022,1,1,3,4,3,0,4,6,1,9,0,5,10,12,1,4,1,2
2707,1207,598852.5,3508594.5,2022,1,1,3,4,2,1,8,3,9,11,2,7,14,2,0,14,5,13
2706,1239,598948.5,3508597.5,2022,1,1,2,3,5,2,4,9,8,5,1,9,2,15,15,7,13,10
2725,1280,599071.5,3508540.5,2022,1,1,2,2,5,5,1,4,5,2,12,6,4,3,8,16,4,9
2725,1294,599113.5,3508540.5,2022,0,0,1,4,3,0,4,6,2,5,1,1,13,6,9,15,10,6
2717,1344,599263.5,3508564.5,2022,1,1,2,2,5,5,1,4,5,2,12,6,4,3,8,16,4,9
2726,1364,599323.5,3508537.5,2022,1,1,2,2,5,5,1,4,5,2,12,6,4,3,8,16,4,9
2714,1392,599407.5,3508573.5,2022,1,2,4,5,4,6,3,5,6,3,3,4,3,4,4,5,17,3
2729,1436,599539.5,3508528.5,2022,2,3,0,0,6,3,2,7,10,0,5,3,12,13,10,17,12,16
2711,1455,599596.5,3508582.5,2022,0,0,1,0,3,3,2,7,0,6,6,1,13,6,9,15,10,6
2713,1473,599650.5,3508576.5,2022,1,1,3,4,3,0,4,6,2,5,1,9,2,15,15,7,13,10
2707,1504,599743.5,3508594.5,2022,2,3,1,0,3,0,4,6,2,6,6,10,1,15,9,15,10,6
2720,1538,599845.5,3508555.5,2022,2,3,0,0,3,3,5,1,0,6,6,10,1,5,5,15,12,19
2727,1579,599968.5,3508534.5,2022,1,1,3,2,5,5,1,4,5,2,12,6,4,3,8,16,18,11
2717,1615,600076.5,3508564.5,2022,1,1,3,2,5,5,1,2,4,10,4,2,14,2,12,6,18,7
2715,1633,600130.5,3508570.5,2022,1,1,3,4,3,0,4,6,1,9,0,5,10,12,1,4,1,2
2716,1653,600190.5,3508567.5,2022,1,1,3,2,3,0,4,6,4,10,4,2,2,15,12,7,13,7
2722,1692,600307.5,3508549.5,2022,2,1,3,4,3,0,4,2,4,10,4,1,13,6,12,6,14,7
2723,1738,600445.5,3508546.5,2022,2,3,0,0,6,3,2,7,10,0,5,3,12,13,10,17,12,16
2716,1758,600505.5,3508567.5,2022,2,3,0,0,6,3,2,7,10,0,6,10,1,13,10,17,12,16
2711,1782,600577.5,3508582.5,2022,1,1,3,4,2,5,1,2,4,10,4,2,14,2,12,6,14,7
2728,1816,600679.5,3508531.5,2022,0,0,1,0,6,7,2,7,10,0,5,3,12,8,2,0,11,17
2707,1851,600784.5,3508594.5,2022,1,1,2,2,5,5,1,2,4,10,4,2,0,14,12,1,16,4
2702,1872,600847.5,3508609.5,2022,1,1,3,2,5,5,1,2,4,10,4,2,0,14,12,6,16,4
2705,1904,600943.5,3508600.5,2022,1,1,2,2,5,5,1,2,4,10,4,2,0,14,7,1,16,4
2726,1934,601033.5,3508537.5,2022,1,1,3,2,5,5,1,2,4,10,4,2,0,14,12,6,14,7
2716,1953,601090.5,3508567.5,2022,1,1,3,2,5,5,1,2,4,10,4,2,14,2,12,6,18,11
2700,1992,601207.5,3508615.5,2022,0,0,2,3,1,2,4,6,2,5,1,9,2,15,15,7,13,10
2701,2035,601336.5,3508612.5,2022,0,0,1,0,6,7,7,0,2,5,1,1,13,6,9,11,0,6
2704,2065,601426.5,3508603.5,2022,0,0,1,3,3,0,4,2,2,5,1,1,0,14,9,11,0,1
2721,2082,601477.5,3508552.5,2022,0,0,1,3,1,0,4,6,2,5,1,1,2,6,9,11,0,1
2722,2109,601558.5,3508549.5,2022,1,1,2,2,5,5,1,4,5,2,12,6,4,3,7,16,4,9
2715,2146,601669.5,3508570.5,2022,1,1,2,2,5,5,1,4,5,2,12,6,4,3,8,16,4,9
2716,2185,601786.5,3508567.5,2022,1,1,2,2,5,5,1,4,5,2,12,6,4,3,8,16,4,9
2700,2194,601813.5,3508615.5,2022,0,0,1,3,1,7,7,0,2,5,9,8,9,0,6,11,0,12
2716,2224,601903.5,3508567.5,2022,0,0,1,3,1,0,4,6,2,5,1,9,2,15,15,7,13,10
2715,2275,602056.5,3508570.5,2022,1,1,2,2,5,5,1,4,5,2,12,6,0,14,7,1,13,10
2720,2302,602137.5,3508555.5,2022,0,0,1,3,6,7,7,0,2,5,1,1,13,6,9,11,0,1
2711,2320,602191.5,3508582.5,2022,1,2,4,5,4,6,3,5,6,3,3,4,3,4,4,5,17,3
2718,2365,602326.5,3508561.5,2022,1,1,2,2,5,2,6,9,8,1,10,13,5,10,7,9,9,14
2719,2377,602362.5,3508558.5,2022,1,1,2,2,5,2,6,9,8,1,10,13,0,14,7,1,13,10
2700,2411,602464.5,3508615.5,2022,1,1,2,3,3,0,4,6,2,5,1,9,2,15,15,7,13,10
2711,2435,602536.5,3508582.5,2022,0,1,2,3,1,2,6,9,8,1,10,13,5,10,14,9,9,14
2705,2469,602638.5,3508600.5,2022,1,1,2,2,5,5,1,4,5,2,12,6,0,14,7,1,13,10
2726,2502,602737.5,3508537.5,2022,0,0,1,3,1,2,7,0,2,5,1,9,2,0,6,8,15,12
2705,2523,602800.5,3508600.5,2022,0,0,1,3,1,2,7,0,3,4,9,8,9,0,6,8,15,12
2711,2572,602947.5,3508582.5,2022,1,1,2,2,5,5,1,4,5,2,12,6,4,3,15,7,13,10
2727,2607,603052.5,3508534.5,2022,1,1,2,2,3,0,4,6,1,5,1,9,2,15,15,7,13,10
2713,2636,603139.5,3508576.5,2022,0,0,2,3,1,2,4,6,2,5,1,9,2,15,15,7,13,10
2711,2647,603172.5,3508582.5,2022,1,1,2,3,3,0,4,6,2,5,1,9,2,15,15,7,13,10
2727,2687,603292.5,3508534.5,2022,1,2,4,5,4,6,3,5,6,3,3,4,3,4,4,5,17,3
2719,2711,603364.5,3508558.5,2022,1,1,2,2,5,2,4,6,5,2,12,9,2,15,15,7,13,10
2721,2741,603454.5,3508552.5,2022,1,1,2,3,1,2,4,6,2,5,1,9,2,15,15,7,13,10
2726,2763,603520.5,3508537.5,2022,0,0,1,0,3,0,4,6,2,5,1,1,13,6,9,11,0,1
2718,2794,603613.5,3508561.5,2022,2,3,3,4,2,1,5,1,0,6,6,10,1,5,5,15,6,19
2704,2849,603778.5,3508603.5,2022,1,1,3,2,5,5,1,4,5,2,12,2,14,2,8,16,18,11
2715,2864,603823.5,3508570.5,2022,0,0,1,3,3,0,4,6,2,5,1,9,2,15,9,11,0,6
2723,2908,603955.5,3508546.5,2022,2,3,0,1,0,4,0,8,7,8,8,0,7,11,16,3,8,5
2710,2925,604006.5,3508585.5,2022,2,3,0,1,0,4,5,1,0,6,6,10,1,5,5,12,6,5
2718,2961,604114.5,3508561.5,2022,1,1,3,4,3,0,4,2,4,10,4,2,14,2,12,6,14,7
2725,2994,604213.5,3508540.5,2022,1,1,3,4,2,1,8,3,9,11,2,7,14,2,12,6,14,11
2720,3000,604231.5,3508555.5,2022,2,3,0,1,0,4,5,1,0,6,6,10,1,5,5,12,6,19
2723,3049,604378.5,3508546.5,2022,2,3,0,1,0,4,0,8,7,7,11,10,1,5,5,12,6,5
2721,3071,604444.5,3508552.5,2022,2,3,0,4,3,3,5,1,0,6,6,10,1,5,5,15,6,19
2711,3117,604582.5,3508582.5,2022,1,1,3,2,2,5,8,2,4,10,4,2,14,2,12,6,14,7
2719,3130,604621.5,3508558.5,2022,1,1,3,2,5,5,1,2,4,10,4,2,14,2,12,6,18,11
2729,3161,604714.5,3508528.5,2022,2,0,1,0,3,0,4,6,2,6,6,10,1,6,9,15,10,6
2702,3206,604849.5,3508609.5,2022,2,3,0,1,3,3,5,1,0,6,6,10,1,5,5,15,10,19
2701,3228,604915.5,3508612.5,2022,0,0,1,0,3,0,4,1,2,5,1,1,13,6,9,11,0,1
2703,3252,604987.5,3508606.5,2022,2,3,1,0,6,3,2,7,10,0,5,1,13,6,10,17,12,16
2724,3281,605074.5,3508543.5,2022,0,0,1,0,3,0,4,6,2,5,1,1,2,6,9,11,10,6
2728,3321,605194.5,3508531.5,2022,1,1,3,4,3,0,4,6,2,5,1,9,2,15,9,15,14,7
2728,3333,605230.5,3508531.5,2022,1,1,3,4,3,0,4,6,2,5,1,9,2,15,9,7,13,7
2742,3,595240.5,3508489.5,2022,2,3,0,0,6,3,2,7,10,7,11,11,8,1,10,17,12,16
2738,38,595345.5,3508501.5,2022,2,3,0,1,0,3,2,7,10,7,11,11,8,1,3,13,2,18
2759,76,595459.5,3508438.5,2022,2,3,0,1,0,3,5,1,0,7,11,11,8,1,10,17,12,16
2759,100,595531.5,3508438.5,2022,2,3,0,1,0,3,2,7,10,7,11,11,8,1,3,13,2,18
2737,147,595672.5,3508504.5,2022,2,3,0,1,0,4,0,8,7,7,11,11,8,1,3,13,2,18
2738,161,595714.5,3508501.5,2022,2,3,0,1,0,4,0,8,7,7,11,11,8,1,3,13,2,18
2757,195,595816.5,3508444.5,2022,2,3,0,1,0,4,0,8,7,7,11,11,8,1,3,13,2,18
2750,239,595948.5,3508465.5,2022,2,3,0,1,0,4,0,8,7,7,11,11,8,1,3,13,2,18
2738,246,595969.5,3508501.5,2022,2,3,0,1,0,4,0,8,7,7,11,11,8,1,3,13,2,18
2739,276,596059.5,3508498.5,2022,2,3,0,1,0,4,0,8,7,7,11,11,8,1,3,13,2,18
2750,328,596215.5,3508465.5,2022,2,3,0,1,0,4,0,8,7,7,11,11,8,1,3,13,2,18
2730,348,596275.5,3508525.5,2022,0,0,1,0,6,3,2,7,10,0,5,3,12,8,10,17,12,16
2734,375,596356.5,3508513.5,2022,2,3,0,1,0,4,0,8,7,7,11,11,8,1,3,13,2,18
2740,414,596473.5,3508495.5,2022,2,3,0,1,0,4,0,8,7,7,11,11,8,1,3,13,2,18
2743,431,596524.5,3508486.5,2022,2,3,0,1,0,3,5,1,0,6,6,11,8,1,3,13,12,19
2757,465,596626.5,3508444.5,2022,0,0,1,0,3,0,4,6,2,5,1,1,13,6,9,15,10,6
2758,491,596704.5,3508441.5,2022,0,1,1,4,3,0,4,6,1,9,0,5,10,12,1,4,1,2
2732,517,596782.5,3508519.5,2022,2,3,3,4,3,0,5,1,1,9,0,5,10,12,1,4,1,2
2739,563,596920.5,3508498.5,2022,2,3,3,4,3,0,5,6,1,9,0,5,10,12,1,4,1,2
2759,587,596992.5,3508438.5,2022,2,3,0,4,3,0,5,1,0,6,6,10,1,5,5,15,6,19
2740,604,597043.5,3508495.5,2022,2,3,0,1,0,3,5,1,0,6,6,11,8,1,5,15,12,19
2742,646,597169.5,3508489.5,2022,2,3,0,1,0,3,2,7,10,7,11,11,8,1,3,13,12,18
2749,688,597295.5,3508468.5,2022,2,3,0,1,3,0,5,1,0,6,6,10,1,5,5,15,6,19
2746,713,597370.5,3508477.5,2022,2,3,3,4,3,0,5,1,0,6,6,10,1,5,5,15,6,19
2757,732,597427.5,3508444.5,2022,2,3,1,0,3,0,4,1,0,6,6,1,13,6,9,15,10,19
2735,775,597556.5,3508510.5,2022,2,3,1,0,3,3,5,1,0,6,6,1,13,6,9,15,12,19
2749,807,597652.5,3508468.5,2022,2,3,0,1,0,4,0,8,0,7,11,11,8,1,3,13,2,18
2752,815,597676.5,3508459.5,2022,2,0,1,4,3,0,4,1,2,6,6,1,13,6,9,15,10,7
2756,864,597823.5,3508447.5,2022,0,0,2,3,3,0,4,6,1,9,1,9,2,15,15,7,13,10
2742,893,597910.5,3508489.5,2022,1,1,2,3,1,0,4,6,2,5,1,9,2,15,15,7,13,10
2741,903,597940.5,3508492.5,2022,1,1,2,3,1,2,6,9,8,1,10,9,2,15,15,7,13,10
2758,953,598090.5,3508441.5,2022,1,1,2,2,5,0,4,6,1,9,0,9,2,15,15,7,13,10
2752,964,598123.5,3508459.5,2022,1,2,4,5,4,6,3,5,6,3,7,4,6,7,4,5,3,3
2756,1012,598267.5,3508447.5,2022,2,3,3,4,3,0,4,6,1,9,0,5,10,12,1,4,1,2
2737,1021,598294.5,3508504.5,2022,0,0,1,0,3,0,4,6,2,5,1,1,13,6,9,11,10,6
2745,1071,598444.5,3508480.5,2022,1,1,3,4,3,0,4,6,1,9,0,5,10,12,1,4,1,2
2731,1082,598477.5,3508522.5,2022,1,1,3,4,3,0,4,6,1,9,0,5,10,12,1,4,1,2
2749,1112,598567.5,3508468.5,2022,1,1,3,4,3,0,4,6,1,9,0,5,10,12,1,4,1,2
2754,1143,598660.5,3508453.5,2022,1,1,2,2,5,5,1,4,5,2,12,6,4,14,7,1,18,4
2741,1186,598789.5,3508492.5,2022,1,1,3,4,2,1,8,2,4,10,4,2,14,2,12,6,14,7
2746,1226,598909.5,3508477.5,2022,0,0,2,3,1,2,4,6,2,5,1,9,2,15,15,7,13,10
2731,1245,598966.5,3508522.5,2022,1,1,2,2,5,0,4,6,1,5,1,9,2,15,15,7,13,10
2735,1286,599089.5,3508510.5,2022,1,1,2,2,5,5,1,4,5,2,12,6,4,3,8,16,4,9
2753,1294,599113.5,3508456.5,2022,1,1,3,2,5,5,1,2,4,10,4,2,14,2,12,6,18,11
2742,1349,599278.5,3508489.5,2022,1,1,3,2,5,5,1,4,5,2,12,6,4,3,8,16,18,9
2756,1368,599335.5,3508447.5,2022,1,1,3,2,5,5,1,4,5,2,12,6,4,3,8,16,18,11
2733,1407,599452.5,3508516.5,2022,1,1,2,2,5,5,1,2,4,10,4,2,0,14,7,1,16,4
2756,1434,599533.5,3508447.5,2022,2,3,1,4,3,0,4,6,2,6,6,10,1,5,9,15,10,6
2736,1452,599587.5,3508507.5,2022,2,3,0,1,0,3,2,7,10,7,11,11,8,13,13,10,7,0
2734,1488,599695.5,3508513.5,2022,0,0,1,3,3,0,4,6,2,5,1,9,2,15,15,7,13,10
2752,1523,599800.5,3508459.5,2022,0,0,1,0,3,0,4,6,2,5,1,9,2,15,9,11,10,6
2745,1530,599821.5,3508480.5,2022,0,0,1,3,3,0,4,6,2,5,1,9,2,15,9,11,0,6
2752,1569,599938.5,3508459.5,2022,1,1,2,2,5,5,1,4,5,2,12,6,4,3,8,16,18,9
2742,1600,600031.5,3508489.5,2022,1,1,3,4,3,0,4,6,1,9,0,5,10,12,1,4,1,2
2738,1649,600178.5,3508501.5,2022,1,1,2,2,5,5,1,4,5,2,4,2,0,14,15,7,18,10
2732,1662,600217.5,3508519.5,2022,1,1,2,4,3,0,4,6,2,5,1,9,2,15,9,7,13,10
2753,1680,600271.5,3508456.5,2022,1,1,2,2,5,5,1,4,5,2,12,6,4,3,8,16,18,9
2732,1721,600394.5,3508519.5,2022,2,3,0,0,6,3,2,7,0,6,6,1,13,6,10,17,12,16
2730,1767,600532.5,3508525.5,2022,1,1,3,4,2,0,8,2,4,10,4,2,14,2,12,6,14,7
2753,1788,600595.5,3508456.5,2022,0,0,1,0,3,0,4,1,2,6,6,1,13,6,9,15,10,7
2741,1828,600715.5,3508492.5,2022,0,0,1,0,6,7,2,7,10,0,5,3,12,8,2,0,11,17
2759,1834,600733.5,3508438.5,2022,0,0,1,0,6,7,7,0,3,0,5,3,9,8,2,0,11,17
2730,1884,600883.5,3508525.5,2022,1,1,2,2,5,5,1,4,5,2,12,6,0,14,7,1,16,4
2735,1908,600955.5,3508510.5,2022,1,1,2,2,5,2,4,6,2,5,1,9,0,14,7,1,16,4
2738,1934,601033.5,3508501.5,2022,1,1,2,2,5,5,1,2,4,10,4,2,0,14,7,1,16,4
2748,1956,601099.5,3508471.5,2022,0,0,1,0,3,0,4,6,2,5,1,1,13,6,9,11,10,6
2737,2005,601246.5,3508504.5,2022,0,0,1,0,6,7,2,7,10,0,5,3,12,8,2,0,11,17
2743,2023,601300.5,3508486.5,2022,0,0,1,0,6,7,7,0,2,5,1,1,13,6,9,11,0,1
2739,2063,601420.5,3508498.5,2022,1,1,2,2,5,5,1,2,4,10,4,2,0,14,7,1,16,4
2747,2092,601507.5,3508474.5,2022,1,1,2,3,5,0,4,6,2,5,1,9,2,15,15,7,13,10
2746,2120,601591.5,3508477.5,2022,0,0,1,0,3,0,4,6,2,5,1,9,2,15,9,11,10,6
2735,2147,601672.5,3508510.5,2022,1,1,2,2,5,5,1,4,5,2,12,6,0,14,7,1,16,4
2731,2187,601792.5,3508522.5,2022,1,1,2,2,5,5,1,4,5,2,12,6,4,3,8,16,4,9
2743,2204,601843.5,3508486.5,2022,0,0,2,3,1,2,6,9,8,1,10,13,5,0,6,8,15,12
2740,2230,601921.5,3508495.5,2022,0,0,1,3,1,0,4,6,2,5,1,9,2,15,15,7,13,10
2735,2261,602014.5,3508510.5,2022,1,2,4,5,4,6,3,5,6,3,3,4,3,4,4,5,17,3
2755,2294,602113.5,3508450.5,2022,1,1,2,2,5,5,1,4,5,2,12,6,4,15,15,7,13,10
2733,2324,602203.5,3508516.5,2022,1,2,4,5,4,6,3,5,6,3,3,4,3,4,4,5,17,3
2752,2362,602317.5,3508459.5,2022,0,0,2,3,1,2,6,9,8,1,10,9,2,15,15,7,13,10
2748,2387,602392.5,3508471.5,2022,0,0,1,3,1,2,7,6,2,5,1,9,2,15,15,7,13,10
2745,2416,602479.5,3508480.5,2022,0,0,2,3,1,2,4,6,2,5,1,9,2,15,15,7,13,10
2744,2459,602608.5,3508483.5,2022,1,2,4,5,4,6,3,5,6,3,3,4,3,4,4,5,17,3
2749,2487,602692.5,3508468.5,2022,0,0,1,3,1,2,4,9,2,5,1,9,2,15,6,11,0,1
2732,2510,602761.5,3508519.5,2022,0,0,1,3,1,7,7,0,3,4,9,8,9,0,6,8,15,12
2743,2522,602797.5,3508486.5,2022,0,0,1,0,3,7,4,6,2,5,1,9,2,15,9,11,0,6
2759,2571,602944.5,3508438.5,2022,0,0,2,3,1,2,6,9,2,5,1,9,2,15,15,7,13,10
2748,2587,602992.5,3508471.5,2022,0,0,1,3,1,0,4,6,2,5,1,9,2,15,15,7,13,10
2732,2614,603073.5,3508519.5,2022,1,1,2,2,5,5,1,4,5,2,12,9,4,15,15,7,13,10
2754,2658,603205.5,3508453.5,2022,1,1,2,2,5,5,4,2,4,10,4,2,0,14,7,1,16,4
2730,2699,603328.5,3508525.5,2022,1,1,2,2,5,5,4,6,5,2,12,9,2,15,15,7,13,10
2753,2717,603382.5,3508456.5,2022,1,1,2,3,1,2,6,9,8,1,10,9,2,15,15,7,13,10
2742,2733,603430.5,3508489.5,2022,1,1,2,2,5,5,1,4,5,2,12,6,0,14,7,1,16,4
2731,2765,603526.5,3508522.5,2022,2,3,0,0,3,3,2,1,0,6,6,10,13,6,10,15,10,19
2744,2796,603619.5,3508483.5,2022,1,1,2,2,5,5,1,4,5,2,12,6,4,3,7,1,16,4
2750,2830,603721.5,3508465.5,2022,1,1,3,4,2,1,8,2,4,10,4,2,14,2,12,6,14,7
2756,2868,603835.5,3508447.5,2022,2,3,0,1,0,4,0,8,7,8,8,0,7,11,16,12,8,5
2748,2909,603958.5,3508471.5,2022,2,3,0,0,3,3,5,1,0,6,6,10,1,5,5,15,10,19
2754,2938,604045.5,3508453.5,2022,2,3,3,4,3,0,5,1,0,6,6,10,1,5,5,15,10,19
2740,2948,604075.5,3508495.5,2022,2,3,0,0,3,0,5,1,0,6,6,10,1,5,5,15,10,19
2752,2977,604162.5,3508459.5,2022,1,1,3,4,2,1,8,2,4,10,4,2,14,2,12,6,14,7
2757,3019,604288.5,3508444.5,2022,2,3,0,1,0,3,5,1,0,6,6,10,1,5,5,15,6,19
2740,3042,604357.5,3508495.5,2022,2,3,0,1,0,4,5,1,0,6,6,10,1,5,5,12,6,19
2733,3077,604462.5,3508516.5,2022,1,1,3,4,2,1,8,2,4,10,4,2,14,2,12,6,14,7
2742,3095,604516.5,3508489.5,2022,2,3,0,1,0,3,5,1,0,6,6,10,1,5,5,15,6,19
2732,3149,604678.5,3508519.5,2022,1,1,3,4,2,1,8,2,4,10,4,2,14,2,12,6,14,11
2752,3164,604723.5,3508459.5,2022,2,3,0,0,3,3,5,1,0,6,6,10,1,5,5,15,10,19
2735,3205,604846.5,3508510.5,2022,1,1,3,4,3,0,4,6,2,5,1,9,2,15,9,15,10,7
2759,3218,604885.5,3508438.5,2022,2,3,0,0,6,3,2,7,10,0,5,3,12,13,13,10,7,0
2755,3246,604969.5,3508450.5,2022,0,0,1,0,3,0,4,6,2,5,1,1,13,6,9,11,0,1
2757,3276,605059.5,3508444.5,2022,0,0,1,0,6,7,4,0,2,5,1,1,13,6,9,11,0,1
2751,3307,605152.5,3508462.5,2022,0,0,1,3,1,0,4,6,2,5,1,9,2,15,9,11,0,1
2731,3330,605221.5,3508522.5,2022,2,3,0,0,3,3,5,1,0,6,6,10,1,5,5,15,10,19
2764,19,595288.5,3508423.5,2022,2,3,0,0,6,3,2,7,10,0,5,1,13,6,10,17,12,16
2772,36,595339.5,3508399.5,2022,2,3,3,4,3,0,5,1,0,6,6,1,13,6,9,15,14,7
2772,81,595474.5,3508399.5,2022,2,3,0,1,0,3,0,8,10,7,11,11,8,1,3,13,2,18
2780,96,595519.5,3508375.5,2022,2,3,0,1,0,4,0,8,7,7,11,11,8,1,3,13,2,18
2780,124,595603.5,3508375.5,2022,2,3,0,1,0,4,0,8,7,7,11,11,8,1,3,13,2,18
2788,179,595768.5,3508351.5,2022,2,3,0,1,0,3,2,7,10,7,11,11,8,1,10,17,12,16
2767,181,595774.5,3508414.5,2022,2,3,0,1,0,4,0,8,0,7,11,11,8,1,3,13,2,18
2770,233,595930.5,3508405.5,2022,2,3,0,1,0,4,0,8,7,7,11,11,8,1,3,13,2,18
2789,246,595969.5,3508348.5,2022,2,3,0,1,0,4,0,8,7,7,11,11,8,1,3,13,2,18
2760,296,596119.5,3508435.5,2022,2,3,0,1,0,4,0,8,7,7,11,11,8,1,3,13,2,18
2772,316,596179.5,3508399.5,2022,2,3,0,1,0,4,0,8,7,7,11,11,8,1,3,13,2,18
2768,349,596278.5,3508411.5,2022,2,3,0,1,0,4,0,8,7,7,8,0,8,11,3,13,2,18
2786,367,596332.5,3508357.5,2022,2,3,0,1,0,3,0,8,0,7,11,11,8,1,3,13,2,18
2782,404,596443.5,3508369.5,2022,2,3,0,1,0,3,5,1,0,7,11,11,8,1,10,13,12,16
2762,449,596578.5,3508429.5,2022,2,3,0,1,0,3,5,1,0,6,6,11,13,1,10,15,12,16
2774,465,596626.5,3508393.5,2022,2,3,3,4,3,0,5,6,1,9,0,5,10,12,1,4,1,2
2785,483,596680.5,3508360.5,2022,0,1,2,3,1,2,4,6,1,9,1,9,2,15,15,7,13,10
2788,535,596836.5,3508351.5,2022,1,1,3,4,3,0,4,6,1,9,0,5,10,12,1,4,1,2
2787,559,596908.5,3508354.5,2022,0,0,1,3,1,0,4,6,2,5,1,9,2,15,9,11,0,1
2772,571,596944.5,3508399.5,2022,0,0,1,0,3,0,4,6,2,5,1,1,13,6,9,11,0,1
2789,610,597061.5,3508348.5,2022,2,3,3,4,3,0,5,1,0,6,6,1,13,6,5,15,12,19
2779,650,597181.5,3508378.5,2022,2,3,0,1,3,3,5,1,0,6,6,10,1,5,5,15,12,19
2786,661,597214.5,3508357.5,2022,2,3,0,1,0,3,5,1,0,6,6,11,8,1,3,13,12,18
2762,712,597367.5,3508429.5,2022,2,3,3,4,3,0,5,1,0,6,6,5,10,5,5,15,14,7
2781,748,597475.5,3508372.5,2022,2,3,0,4,3,3,5,1,0,6,6,10,13,5,5,15,12,19
2765,770,597541.5,3508420.5,2022,0,0,3,4,3,0,4,6,1,9,0,5,10,12,1,4,1,2
2779,782,597577.5,3508378.5,2022,0,0,1,0,3,0,4,6,2,5,1,1,13,6,9,11,0,1
2765,830,597721.5,3508420.5,2022,2,3,1,0,6,3,2,7,10,0,5,1,13,6,10,17,12,16
2778,845,597766.5,3508381.5,2022,0,0,1,0,3,0,4,7,2,5,1,1,13,6,9,11,0,1
2775,876,597859.5,3508390.5,2022,0,0,1,3,3,0,4,6,2,5,1,9,2,15,9,11,10,6
2774,913,597970.5,3508393.5,2022,0,1,2,3,1,2,6,9,8,1,10,9,2,15,15,7,13,10
2765,953,598090.5,3508420.5,2022,1,1,2,2,5,5,1,4,5,2,12,6,4,3,8,16,4,9
2777,966,598129.5,3508384.5,2022,1,1,2,3,1,0,4,6,1,9,1,9,2,15,15,7,13,10
2776,999,598228.5,3508387.5,2022,0,0,1,0,3,0,4,6,2,5,1,1,13,6,9,11,10,6
2772,1047,598372.5,3508399.5,2022,2,3,3,4,3,0,5,6,1,9,0,5,10,12,1,4,1,2
2789,1060,598411.5,3508348.5,2022,1,1,3,4,3,0,4,6,1,9,0,5,10,12,1,4,1,2
2769,1081,598474.5,3508408.5,2022,1,1,3,4,3,0,4,6,1,9,0,5,10,12,1,4,1,2
2785,1114,598573.5,3508360.5,2022,1,1,2,2,5,5,1,4,5,2,12,6,4,3,8,16,18,9
2768,1141,598654.5,3508411.5,2022,1,1,3,2,5,5,1,6,1,9,0,5,10,12,1,4,18,2
2783,1171,598744.5,3508366.5,2022,1,1,3,2,5,5,1,2,4,10,4,2,14,2,12,6,18,11
2768,1209,598858.5,3508411.5,2022,1,1,3,2,3,0,4,6,1,9,0,5,10,15,15,7,13,10
2764,1236,598939.5,3508423.5,2022,0,0,2,3,3,0,4,6,2,5,1,9,2,15,15,7,13,10
2784,1272,599047.5,3508363.5,2022,1,1,3,4,2,1,8,2,4,10,4,2,14,2,12,6,18,11
2767,1310,599161.5,3508414.5,2022,1,1,2,3,3,0,4,6,2,5,1,9,2,15,15,7,13,10
2774,1334,599233.5,3508393.5,2022,0,0,2,3,3,0,4,6,2,5,1,9,2,15,15,7,13,10
2769,1376,599359.5,3508408.5,2022,1,1,2,2,5,5,1,4,5,2,12,6,4,3,8,16,4,9
2765,1386,599389.5,3508420.5,2022,1,1,2,2,5,5,1,4,5,2,12,6,4,3,8,16,4,9
2778,1415,599476.5,3508381.5,2022,1,1,2,2,5,5,1,4,5,2,12,6,4,15,15,7,13,10
2776,1464,599623.5,3508387.5,2022,0,0,1,0,3,0,4,6,2,5,1,1,13,6,9,15,10,6
2773,1482,599677.5,3508396.5,2022,0,0,1,0,3,0,4,6,2,6,6,10,1,6,9,15,10,6
2764,1525,599806.5,3508423.5,2022,0,0,1,3,3,0,4,6,2,5,1,9,2,15,15,7,13,10
2779,1554,599893.5,3508378.5,2022,0,0,1,3,1,7,7,0,2,4,9,8,9,0,6,11,15,12
2763,1572,599947.5,3508426.5,2022,1,1,3,4,3,0,4,6,2,5,1,9,2,15,9,11,0,7
2789,1604,600043.5,3508348.5,2022,1,1,3,2,5,5,1,6,1,9,0,5,10,15,15,7,18,10
2766,1635,600136.5,3508417.5,2022,1,1,3,4,5,0,4,6,1,9,0,5,10,12,1,4,18,2
2774,1667,600232.5,3508393.5,2022,1,1,2,2,5,5,1,4,5,2,12,6,4,3,7,1,16,4
2770,1691,600304.5,3508405.5,2022,0,0,1,0,3,7,4,0,2,5,1,1,13,6,9,11,0,1
2763,1726,600409.5,3508426.5,2022,1,1,3,4,2,1,8,2,4,10,2,2,14,2,12,6,18,11
2764,1742,600457.5,3508423.5,2022,1,1,3,4,3,0,4,6,1,9,0,5,10,12,1,4,1,2
2776,1793,600610.5,3508387.5,2022,0,0,1,0,6,3,2,7,10,0,5,1,13,6,10,17,12,16
2777,1821,600694.5,3508384.5,2022,2,3,0,0,6,3,2,7,10,0,5,1,13,6,10,17,12,16
2784,1856,600799.5,3508363.5,2022,1,1,2,2,5,5,1,2,4,10,4,2,0,14,7,1,16,4
2760,1884,600883.5,3508435.5,2022,0,1,2,3,1,0,4,6,2,5,1,9,2,15,15,7,13,10
2783,1891,600904.5,3508366.5,2022,0,0,1,3,3,0,4,6,2,5,1,9,2,15,9,11,0,1
2763,1941,601054.5,3508426.5,2022,1,1,3,4,3,0,4,6,1,9,0,5,10,15,1,4,1,2
2761,1965,601126.5,3508432.5,2022,0,0,1,0,6,7,2,0,2,0,5,1,13,6,9,11,0,6
2775,2002,601237.5,3508390.5,2022,0,0,1,0,6,3,2,7,10,0,5,3,12,13,2,0,11,17
2778,2014,601273.5,3508381.5,2022,0,0,1,0,6,3,2,7,10,0,5,3,12,6,10,17,12,16
2760,2053,601390.5,3508435.5,2022,2,3,1,0,3,3,5,1,0,6,6,10,1,13,13,15,10,6
2787,2092,601507.5,3508354.5,2022,1,1,2,3,3,0,4,6,2,5,1,9,2,15,15,7,13,10
2762,2125,601606.5,3508429.5,2022,1,1,3,4,3,0,4,6,1,9,0,9,2,15,1,7,10,7
2781,2143,601660.5,3508372.5,2022,1,1,2,2,5,5,1,4,5,2,12,6,0,14,7,1,16,4
2782,2187,601792.5,3508369.5,2022,1,1,2,2,5,5,1,2,4,10,4,6,0,14,7,1,16,4
2787,2216,601879.5,3508354.5,2022,0,0,1,3,1,7,7,0,2,4,9,8,9,0,6,11,0,1
2787,2223,601900.5,3508354.5,2022,0,0,2,3,1,2,6,9,8,1,10,13,5,0,6,8,9,12
2779,2266,602029.5,3508378.5,2022,0,0,1,3,3,0,4,6,2,5,1,9,2,15,15,7,13,10
2766,2299,602128.5,3508417.5,2022,1,2,4,5,4,6,3,5,6,3,3,4,3,4,4,5,17,3
2781,2328,602215.5,3508372.5,2022,0,0,2,3,1,2,6,9,8,1,10,9,2,15,15,7,13,10
2771,2364,602323.5,3508402.5,2022,1,1,2,3,1,2,4,6,2,5,1,9,2,15,15,7,13,10
2782,2374,602353.5,3508369.5,2022,0,0,1,3,1,0,4,6,2,5,1,9,2,15,15,7,13,10
2774,2414,602473.5,3508393.5,2022,1,1,2,2,5,5,1,4,5,2,12,6,0,14,7,1,16,4
2760,2430,602521.5,3508435.5,2022,1,2,4,5,4,6,3,5,6,3,3,4,3,4,4,5,17,3
2763,2488,602695.5,3508426.5,2022,0,0,1,3,1,7,7,0,3,4,9,8,9,0,6,8,15,12
2770,2512,602767.5,3508405.5,2022,0,0,1,3,1,7,7,0,2,5,1,9,2,0,6,11,0,1
2779,2529,602818.5,3508378.5,2022,1,1,2,3,1,2,6,9,8,1,10,13,0,14,7,1,16,4
2764,2563,602920.5,3508423.5,2022,0,0,1,3,1,2,4,6,2,5,1,9,2,15,15,7,13,10
2764,2607,603052.5,3508423.5,2022,0,0,2,3,1,2,4,6,2,5,1,9,2,15,15,7,13,10
2767,2610,603061.5,3508414.5,2022,1,1,2,2,5,5,1,4,5,2,12,9,4,15,15,7,13,10
2777,2656,603199.5,3508384.5,2022,2,3,0,4,3,3,5,1,0,6,6,10,1,5,5,15,10,19
2767,2682,603277.5,3508414.5,2022,2,3,1,0,6,3,2,7,10,0,5,1,13,6,10,15,10,6
2783,2726,603409.5,3508366.5,2022,0,0,2,3,1,2,4,6,2,5,1,9,2,15,15,7,13,10
2773,2748,603475.5,3508396.5,2022,1,1,2,2,5,5,1,2,4,10,4,2,0,14,7,1,16,4
2768,2764,603523.5,3508411.5,2022,1,2,4,5,4,6,3,5,6,3,7,12,6,7,11,2,3,15
2774,2802,603637.5,3508393.5,2022,1,1,2,2,5,5,1,2,4,10,4,2,0,14,12,1,16,4
2776,2832,603727.5,3508387.5,2022,1,1,3,2,5,5,1,2,4,10,4,2,14,2,12,6,18,11
2766,2862,603817.5,3508417.5,2022,2,3,0,1,0,4,5,1,0,6,6,10,1,5,5,12,6,19
2761,2899,603928.5,3508432.5,2022,1,1,3,2,5,5,1,2,4,10,4,2,14,2,12,6,18,11
2779,2921,603994.5,3508378.5,2022,2,3,0,1,0,4,0,8,7,8,8,0,7,11,16,12,8,5
2780,2945,604066.5,3508375.5,2022,2,3,0,1,0,4,0,8,7,7,11,11,8,1,3,13,2,18
2789,2998,604225.5,3508348.5,2022,2,3,0,1,0,3,5,1,0,6,6,10,1,5,5,15,6,19
2779,3022,604297.5,3508378.5,2022,2,3,0,1,0,4,5,1,0,6,6,10,1,5,5,12,6,19
2777,3037,604342.5,3508384.5,2022,1,1,3,4,3,0,4,6,1,9,0,5,10,12,1,4,1,2
2778,3062,604417.5,3508381.5,2022,2,3,0,1,0,3,5,1,0,6,6,10,1,5,5,15,6,19
2772,3097,604522.5,3508399.5,2022,2,3,0,0,0,3,5,1,0,6,6,10,1,5,10,15,12,19
2786,3135,604636.5,3508357.5,2022,2,3,0,1,0,4,5,1,0,6,6,10,1,5,5,12,6,19
2784,3165,604726.5,3508363.5,2022,2,3,0,1,0,4,5,1,0,6,6,10,1,5,5,12,6,19
2763,3196,604819.5,3508426.5,2022,0,1,3,4,3,0,4,6,2,5,1,9,2,6,9,11,10,6
2781,3229,604918.5,3508372.5,2022,0,1,3,4,3,0,4,2,4,10,4,1,13,6,9,15,14,7
2773,3257,605002.5,3508396.5,2022,2,3,0,1,0,3,5,1,0,6,6,10,1,5,5,15,10,19
2776,3287,605092.5,3508387.5,2022,0,0,1,3,3,0,4,6,2,5,1,1,2,6,9,11,0,1
2784,3323,605200.5,3508363.5,2022,0,1,1,3,3,0,4,2,4,10,4,1,0,14,9,11,0,7
2782,3333,605230.5,3508369.5,2022,0,0,1,3,1,7,7,0,2,5,1,1,2,6,9,11,0,1
2815,27,595312.5,3508270.5,2022,2,3,0,1,0,3,2,7,0,7,11,11,8,1,3,13,12,18
2807,59,595408.5,3508294.5,2022,2,3,0,1,0,4,0,8,7,7,11,11,8,1,3,13,2,18
2818,89,595498.5,3508261.5,2022,2,3,0,1,0,4,0,8,0,7,11,11,8,1,3,13,2,18
2801,119,595588.5,3508312.5,2022,2,3,0,1,0,4,0,8,7,7,11,11,8,1,3,13,2,18
2793,123,595600.5,3508336.5,2022,2,3,0,1,0,4,0,8,7,7,11,11,8,1,3,13,2,18
2809,150,595681.5,3508288.5,2022,2,3,0,1,0,4,0,8,7,7,11,11,8,1,3,13,2,18
2808,206,595849.5,3508291.5,2022,2,3,0,1,0,3,5,1,0,7,11,11,8,1,3,13,12,16
2790,211,595864.5,3508345.5,2022,2,3,0,1,0,4,0,8,7,7,11,11,8,1,3,13,2,18
2819,253,595990.5,3508258.5,2022,2,3,0,1,0,4,0,8,7,7,11,11,8,1,3,13,2,18
2795,275,596056.5,3508330.5,2022,2,3,0,1,0,4,0,8,7,7,11,11,8,1,3,13,2,18
2817,307,596152.5,3508264.5,2022,2,3,0,1,0,4,0,8,7,7,11,11,8,1,3,13,2,18
2811,344,596263.5,3508282.5,2022,2,3,0,1,0,3,5,1,0,7,11,11,8,1,3,13,12,18
2806,373,596350.5,3508297.5,2022,2,3,0,1,0,3,0,8,0,7,11,11,8,1,3,13,2,18
2805,408,596455.5,3508300.5,2022,2,3,0,1,0,3,5,1,0,7,11,11,8,1,3,13,2,18
2792,425,596506.5,3508339.5,2022,2,3,0,1,0,4,5,1,0,7,11,11,8,1,5,13,6,19
2790,476,596659.5,3508345.5,2022,1,1,2,3,3,0,4,6,1,9,0,5,10,12,1,4,1,2
2804,509,596758.5,3508303.5,2022,0,0,2,3,1,2,6,9,8,1,10,9,2,0,6,8,0,12
2801,533,596830.5,3508312.5,2022,0,0,1,3,1,7,7,0,2,5,1,8,2,0,6,8,0,12
2809,564,596923.5,3508288.5,2022,0,0,1,0,6,7,7,0,2,5,1,1,13,6,9,11,0,1
2803,579,596968.5,3508306.5,2022,0,0,1,0,6,3,2,7,2,5,1,1,13,6,9,11,0,1
2808,617,597082.5,3508291.5,2022,2,3,0,4,3,0,5,1,1,9,0,5,10,12,1,4,1,2
2794,636,597139.5,3508333.5,2022,2,3,0,4,3,0,5,1,1,9,0,5,10,12,1,4,1,2
2802,678,597265.5,3508309.5,2022,2,3,3,4,3,1,5,1,0,6,6,10,13,5,5,15,14,7
2797,698,597325.5,3508324.5,2022,0,0,1,0,6,3,2,7,10,0,5,1,13,6,10,17,12,16
2791,730,597421.5,3508342.5,2022,2,3,0,0,3,3,5,1,0,6,6,1,13,6,10,15,12,19
2816,769,597538.5,3508267.5,2022,0,0,1,3,1,2,4,6,2,5,1,9,2,0,6,11,0,1
2799,801,597634.5,3508318.5,2022,0,0,2,3,1,2,6,9,8,1,10,9,2,15,15,7,13,10
2801,821,597694.5,3508312.5,2022,1,1,3,4,3,0,4,6,1,9,0,5,10,12,1,4,1,2
2800,869,597838.5,3508315.5,2022,0,1,2,3,3,0,4,6,2,5,1,9,2,15,15,7,13,10
2805,899,597928.5,3508300.5,2022,1,1,2,3,1,2,6,9,8,1,10,13,5,10,14,9,9,14
2800,912,597967.5,3508315.5,2022,0,0,2,3,1,2,6,9,8,1,10,13,5,10,14,9,9,14
2803,950,598081.5,3508306.5,2022,0,0,1,3,1,2,6,9,8,1,10,13,5,0,6,8,15,12
2797,985,598186.5,3508324.5,2022,0,0,1,0,3,0,4,6,2,5,1,1,13,6,9,11,10,6
2815,1012,598267.5,3508270.5,2022,0,0,1,3,1,0,4,6,2,5,1,9,2,15,9,11,0,6
2815,1022,598297.5,3508270.5,2022,1,1,2,2,5,5,1,4,5,2,12,6,0,14,7,1,16,4
2796,1051,598384.5,3508327.5,2022,1,1,3,4,3,0,4,6,1,9,0,5,10,12,1,4,1,2
2814,1098,598525.5,3508273.5,2022,1,1,2,3,3,0,4,6,1,9,1,9,2,15,15,7,13,10
2793,1117,598582.5,3508336.5,2022,1,1,2,2,5,5,1,4,5,2,12,6,4,3,8,16,4,9
2807,1161,598714.5,3508294.5,2022,1,1,3,4,3,0,4,2,4,10,4,2,0,14,12,6,14,7
2796,1178,598765.5,3508327.5,2022,1,1,3,2,2,5,1,2,4,10,4,2,14,2,12,6,18,11
2804,1205,598846.5,3508303.5,2022,1,1,1,3,3,0,4,6,2,5,1,9,2,15,15,7,13,10
2791,1246,598969.5,3508342.5,2022,1,1,3,4,3,0,4,6,1,5,1,5,10,15,9,4,1,2
2819,1270,599041.5,3508258.5,2022,1,1,2,2,5,5,1,4,5,2,12,6,4,3,8,16,4,9
2794,1290,599101.5,3508333.5,2022,1,1,2,2,5,5,1,4,5,2,12,6,4,3,8,16,4,9
2793,1323,599200.5,3508336.5,2022,1,1,2,2,5,0,4,6,1,5,1,9,2,15,15,7,13,10
2811,1366,599329.5,3508282.5,2022,1,1,2,3,3,0,4,6,1,9,0,9,2,15,15,7,13,10
2805,1386,599389.5,3508300.5,2022,1,1,3,2,5,5,1,2,4,10,4,2,14,2,12,6,18,11
2816,1429,599518.5,3508267.5,2022,2,3,0,1,0,3,2,7,10,7,11,10,1,13,13,10,7,0
2811,1449,599578.5,3508282.5,2022,2,3,0,0,6,3,2,7,10,0,5,1,13,6,10,17,12,16
2804,1472,599647.5,3508303.5,2022,2,3,3,4,3,0,5,1,0,6,6,10,1,5,5,15,10,19
2802,1502,599737.5,3508309.5,2022,2,3,0,4,3,0,5,1,0,6,6,10,1,5,5,15,6,19
2797,1544,599863.5,3508324.5,2022,0,0,1,0,3,0,4,6,2,5,1,9,2,15,9,11,10,6
2804,1589,599998.5,3508303.5,2022,1,1,2,2,5,5,1,4,5,2,12,6,0,14,7,1,16,4
2810,1606,600049.5,3508285.5,2022,0,1,2,3,3,0,4,6,2,5,1,9,2,15,9,11,0,10
2813,1647,600172.5,3508276.5,2022,0,0,1,0,3,3,2,1,2,5,6,1,13,6,9,11,12,1
2815,1657,600202.5,3508270.5,2022,0,0,1,0,6,7,7,0,3,4,9,1,13,6,9,11,0,1
2791,1689,600298.5,3508342.5,2022,1,1,2,2,5,5,1,4,5,2,12,6,4,3,8,7,13,10
2814,1712,600367.5,3508273.5,2022,1,1,2,2,5,5,1,4,5,2,12,6,4,3,8,16,18,9
2792,1765,600526.5,3508339.5,2022,1,1,3,2,5,5,1,6,1,9,0,5,10,12,1,4,18,2
2792,1786,600589.5,3508339.5,2022,0,0,1,0,6,3,2,7,10,0,5,1,13,6,9,17,10,6
2819,1816,600679.5,3508258.5,2022,1,1,2,2,5,5,1,2,4,10,4,2,0,14,7,1,18,4
2794,1859,600808.5,3508333.5,2022,1,1,2,2,5,5,1,2,4,10,4,2,0,14,7,1,16,4
2792,1883,600880.5,3508339.5,2022,1,1,2,2,5,5,1,2,4,10,4,2,0,14,7,1,16,4
2794,1913,600970.5,3508333.5,2022,0,1,2,3,3,0,4,6,2,5,1,9,2,15,9,11,13,10
2812,1940,601051.5,3508279.5,2022,0,0,1,3,1,7,7,0,2,5,1,9,2,0,9,11,0,1
2819,1952,601087.5,3508258.5,2022,0,0,1,3,1,7,7,0,2,5,1,1,13,0,9,11,0,1
2790,1992,601207.5,3508345.5,2022,2,3,0,0,3,0,5,1,0,6,6,10,1,5,5,15,10,19
2810,2034,601333.5,3508285.5,2022,0,0,1,3,3,0,4,6,2,5,1,9,2,6,9,11,0,6
2816,2064,601423.5,3508267.5,2022,1,1,2,2,5,5,1,4,5,2,12,6,4,14,7,1,16,4
2803,2073,601450.5,3508306.5,2022,0,0,1,0,3,7,4,6,2,5,1,1,13,6,9,11,0,6
2802,2126,601609.5,3508309.5,2022,1,1,2,2,5,5,1,4,5,2,12,6,4,3,8,16,18,9
2793,2156,601699.5,3508336.5,2022,1,1,2,2,5,2,6,9,8,1,10,13,0,14,7,1,16,4
2800,2185,601786.5,3508315.5,2022,1,1,2,2,5,5,1,4,5,2,12,6,4,3,7,1,16,4
2800,2218,601885.5,3508315.5,2022,1,1,2,2,5,5,1,4,5,2,12,6,4,3,7,1,16,4
2819,2229,601918.5,3508258.5,2022,1,2,4,5,4,6,3,5,6,3,3,4,3,4,4,5,17,3
2798,2257,602002.5,3508321.5,2022,0,0,1,0,6,7,7,0,3,4,9,8,9,8,2,11,0,1
2794,2289,602098.5,3508333.5,2022,1,2,4,5,4,6,3,5,6,3,3,4,3,4,4,5,17,3
2804,2327,602212.5,3508303.5,2022,1,1,2,2,5,5,4,2,4,5,1,9,0,14,7,1,16,4
2795,2351,602284.5,3508330.5,2022,0,0,1,3,1,2,4,6,2,5,1,9,2,15,15,7,13,10
2817,2373,602350.5,3508264.5,2022,1,2,4,5,4,6,3,4,5,2,12,6,4,3,8,16,4,9
2801,2414,602473.5,3508312.5,2022,0,0,1,3,1,7,7,0,2,5,1,9,2,15,6,8,13,10
2819,2438,602545.5,3508258.5,2022,0,0,2,3,1,2,4,6,2,5,1,9,2,15,15,7,13,10
2791,2482,602677.5,3508342.5,2022,0,0,1,0,6,7,7,0,2,5,1,1,13,6,9,11,0,6
2806,2491,602704.5,3508297.5,2022,0,0,1,0,6,7,7,0,3,4,9,8,9,0,9,11,0,6
2813,2526,602809.5,3508276.5,2022,0,0,1,0,6,7,7,0,3,4,9,8,9,8,2,0,11,17
2813,2569,602938.5,3508276.5,2022,1,1,2,2,5,5,1,4,5,2,12,6,4,3,7,1,16,4
2799,2596,603019.5,3508318.5,2022,0,0,2,3,1,0,4,6,2,5,1,9,2,15,15,7,13,10
2792,2633,603130.5,3508339.5,2022,1,1,2,2,5,5,1,4,5,2,12,6,4,3,8,16,4,9
2819,2664,603223.5,3508258.5,2022,1,2,4,5,4,6,3,5,6,3,3,4,3,4,4,5,17,3
2809,2686,603289.5,3508288.5,2022,1,1,2,3,1,0,4,6,2,5,1,9,2,15,15,7,13,10
2808,2716,603379.5,3508291.5,2022,1,1,2,2,5,5,1,4,5,2,12,6,4,14,7,1,16,4
2803,2759,603508.5,3508306.5,2022,0,0,1,0,3,0,4,6,2,5,1,9,2,6,9,11,10,6
2796,2787,603592.5,3508327.5,2022,0,0,1,3,6,7,7,0,3,4,9,1,9,0,9,11,0,1
2814,2814,603673.5,3508273.5,2022,2,3,0,0,3,3,2,1,0,6,6,1,13,6,10,15,12,16
2798,2847,603772.5,3508321.5,2022,1,1,3,2,5,5,1,4,5,2,12,6,4,3,8,16,18,11
2805,2870,603841.5,3508300.5,2022,1,1,3,4,3,0,4,6,4,10,4,2,14,15,12,6,14,7
2810,2899,603928.5,3508285.5,2022,2,3,0,4,3,0,5,1,0,6,6,10,1,5,5,15,6,19
2819,2933,604030.5,3508258.5,2022,2,3,0,1,0,4,0,8,7,8,8,0,7,11,16,12,6,5
2801,2947,604072.5,3508312.5,2022,2,3,0,1,0,4,0,8,7,8,8,0,7,11,16,12,6,5
2790,2971,604144.5,3508345.5,2022,2,3,0,1,0,3,5,1,0,7,11,11,8,1,3,13,6,19
2807,3029,604318.5,3508294.5,2022,2,3,0,1,0,3,5,1,0,7,11,11,8,1,3,13,12,18
2804,3059,604408.5,3508303.5,2022,2,3,0,0,6,3,2,7,0,6,6,10,13,6,10,15,10,16
2795,3083,604480.5,3508330.5,2022,2,3,0,1,0,4,0,8,7,7,11,11,8,5,3,12,6,5
2818,3108,604555.5,3508261.5,2022,2,3,0,4,3,0,5,1,0,6,6,10,1,5,5,15,10,19
2814,3143,604660.5,3508273.5,2022,2,3,0,1,3,3,5,1,0,6,6,10,1,5,5,15,6,19
2798,3168,604735.5,3508321.5,2022,2,3,0,1,0,3,5,1,0,6,6,10,1,5,5,15,12,19
2813,3208,604855.5,3508276.5,2022,2,3,0,4,3,3,5,1,0,6,6,10,1,5,5,15,6,19
2805,3234,604933.5,3508300.5,2022,2,3,0,0,6,3,2,7,10,6,6,10,1,13,10,17,12,16
2816,3267,605032.5,3508267.5,2022,2,3,0,0,3,3,5,1,0,6,6,10,1,6,5,15,10,6
2801,3290,605101.5,3508312.5,2022,0,0,1,0,3,0,4,6,2,5,1,1,13,6,9,11,0,6
2802,3325,605206.5,3508309.5,2022,1,1,2,2,5,5,1,2,4,10,4,6,0,14,7,1,16,4
2812,3332,605227.5,3508279.5,2022,1,1,2,2,3,0,4,6,4,5,1,9,2,15,15,7,13,10
2844,20,595291.5,3508183.5,2022,2,3,0,1,0,3,2,7,10,7,11,11,8,1,3,13,2,18
2822,56,595399.5,3508249.5,2022,2,3,0,1,0,3,0,8,10,7,11,11,8,1,3,13,2,18
2833,73,595450.5,3508216.5,2022,2,3,0,1,0,4,0,8,7,7,11,11,8,1,3,13,2,18
2842,106,595549.5,3508189.5,2022,2,3,0,1,0,4,0,8,7,7,11,11,8,1,3,13,2,18
2841,138,595645.5,3508192.5,2022,2,3,0,1,0,4,0,8,7,7,11,11,8,1,3,13,2,18
2821,155,595696.5,3508252.5,2022,2,3,0,1,0,4,0,8,7,7,11,11,8,1,3,13,2,18
2837,209,595858.5,3508204.5,2022,2,3,0,1,0,4,0,8,7,7,11,11,8,1,3,13,2,18
2845,210,595861.5,3508180.5,2022,2,3,0,1,0,4,0,8,7,7,11,11,8,1,3,13,2,18
2835,246,595969.5,3508210.5,2022,2,3,0,1,0,4,0,8,7,7,11,11,8,1,3,13,2,18
2835,282,596077.5,3508210.5,2022,2,3,0,1,0,4,0,8,7,7,11,11,8,1,3,13,2,18
2826,325,596206.5,3508237.5,2022,2,3,0,1,0,4,0,8,7,7,11,11,8,1,3,13,2,18
2843,338,596245.5,3508186.5,2022,2,3,0,1,0,4,0,8,0,7,11,11,8,1,3,13,2,18
2841,381,596374.5,3508192.5,2022,2,3,0,4,3,0,5,1,0,9,0,5,10,12,1,4,1,2
2840,400,596431.5,3508195.5,2022,2,3,0,1,0,4,0,8,7,7,11,11,8,1,3,13,2,18
2839,421,596494.5,3508198.5,2022,2,3,0,1,0,4,0,8,7,7,11,0,8,11,3,13,2,18
2834,471,596644.5,3508213.5,2022,2,0,1,0,3,0,5,1,0,6,6,1,13,6,9,15,12,16
2847,507,596752.5,3508174.5,2022,2,3,0,1,0,3,5,1,0,6,6,11,8,1,5,15,12,19
2829,524,596803.5,3508228.5,2022,0,0,1,0,3,0,4,7,2,5,1,1,13,6,9,11,10,6
2832,551,596884.5,3508219.5,2022,0,0,1,0,6,3,2,7,10,0,5,1,13,6,10,17,12,16
2844,583,596980.5,3508183.5,2022,2,3,0,0,3,3,2,1,0,6,6,1,13,6,10,17,12,16
2823,605,597046.5,3508246.5,2022,2,3,3,4,3,0,5,1,1,9,0,5,10,12,1,4,1,2
2822,632,597127.5,3508249.5,2022,0,0,1,0,3,0,4,6,2,5,1,1,13,6,9,11,10,6
2821,686,597289.5,3508252.5,2022,2,3,0,0,6,3,2,7,10,0,11,11,13,1,10,17,12,16
2842,704,597343.5,3508189.5,2022,1,1,3,4,3,0,4,6,1,9,0,5,10,12,1,4,1,2
2848,741,597454.5,3508171.5,2022,1,1,2,3,3,0,4,6,1,9,0,5,10,12,1,4,1,2
2833,778,597565.5,3508216.5,2022,0,1,2,3,1,2,4,6,2,5,1,9,2,15,15,7,13,10
2832,789,597598.5,3508219.5,2022,0,0,1,3,1,2,7,0,2,5,1,8,9,0,6,8,0,12
2842,839,597748.5,3508189.5,2022,1,1,2,2,5,5,1,4,5,2,12,6,4,3,7,16,4,9
2836,843,597760.5,3508207.5,2022,0,1,2,3,1,2,6,6,8,1,10,9,2,15,15,7,13,10
2836,871,597844.5,3508207.5,2022,1,1,2,3,1,0,4,6,2,5,1,9,2,15,15,7,13,10
2835,905,597946.5,3508210.5,2022,0,0,1,0,3,0,4,6,2,5,1,1,13,6,9,15,10,6
2829,949,598078.5,3508228.5,2022,0,0,1,3,1,7,7,0,3,4,9,8,9,0,6,8,15,12
2828,974,598153.5,3508231.5,2022,0,0,1,3,1,0,4,6,2,5,1,9,2,15,15,7,13,10
2830,1000,598231.5,3508225.5,2022,0,0,2,3,1,0,4,6,2,5,1,9,2,15,15,7,13,10
2844,1035,598336.5,3508183.5,2022,1,1,3,4,3,0,4,2,4,10,4,2,13,6,9,6,14,7
2825,1067,598432.5,3508240.5,2022,0,0,1,0,3,0,4,6,2,5,1,1,13,6,9,15,10,6
2822,1097,598522.5,3508249.5,2022,1,1,3,4,3,0,4,6,1,9,0,9,2,15,15,7,13,10
2835,1110,598561.5,3508210.5,2022,1,1,3,4,3,0,4,2,4,10,4,2,14,2,12,6,14,7
2831,1142,598657.5,3508222.5,2022,1,1,2,2,3,0,4,6,1,9,1,9,2,15,15,7,13,10
2843,1181,598774.5,3508186.5,2022,1,1,3,2,5,5,1,2,4,10,4,2,14,2,12,6,18,11
2830,1211,598864.5,3508225.5,2022,1,1,2,2,5,5,1,2,4,10,4,2,0,14,7,1,16,4
2823,1231,598924.5,3508246.5,2022,1,1,3,2,5,5,1,2,1,9,4,2,14,2,12,6,18,11
2839,1282,599077.5,3508198.5,2022,1,1,2,2,5,5,1,4,5,2,12,6,4,3,8,16,4,9
2839,1292,599107.5,3508198.5,2022,0,1,2,3,1,0,4,6,2,5,1,9,2,15,15,7,13,10
2847,1325,599206.5,3508174.5,2022,1,1,3,4,3,0,4,6,2,5,1,1,13,6,9,15,14,7
2824,1373,599350.5,3508243.5,2022,1,1,2,2,5,5,1,4,5,2,12,6,4,3,8,16,4,9
2820,1408,599455.5,3508255.5,2022,2,3,1,0,3,0,5,1,0,6,6,1,13,6,9,15,10,19
2829,1436,599539.5,3508228.5,2022,2,3,0,0,6,3,2,7,10,0,5,1,13,6,10,17,12,16
2837,1460,599611.5,3508204.5,2022,1,1,3,4,5,5,1,2,4,10,4,2,14,2,12,6,18,11
2839,1493,599710.5,3508198.5,2022,1,1,3,2,5,5,1,2,4,10,4,2,14,2,12,6,14,7
2825,1517,599782.5,3508240.5,2022,1,1,2,2,5,5,1,4,5,2,12,6,4,3,8,16,4,9
2825,1547,599872.5,3508240.5,2022,1,1,2,2,5,5,1,4,5,2,12,6,4,3,8,16,4,9
2847,1571,599944.5,3508174.5,2022,1,1,3,2,5,5,1,4,5,2,12,6,4,3,8,16,18,11
2846,1602,600037.5,3508177.5,2022,1,1,2,2,5,5,1,4,5,2,12,6,4,3,8,16,18,9
2846,1640,600151.5,3508177.5,2022,1,1,3,2,5,5,1,4,1,9,12,5,4,3,8,16,18,9
2845,1669,600238.5,3508180.5,2022,1,1,2,2,5,5,1,4,5,2,12,6,4,3,8,16,4,9
2835,1691,600304.5,3508210.5,2022,1,1,3,2,5,5,1,2,4,10,4,2,14,2,12,6,18,11
2847,1715,600376.5,3508174.5,2022,1,1,2,2,5,5,1,2,4,10,4,2,0,14,12,1,16,4
2828,1744,600463.5,3508231.5,2022,1,1,3,2,5,5,1,2,4,10,4,2,14,2,12,6,14,7
2837,1784,600583.5,3508204.5,2022,1,1,2,2,5,5,1,2,4,10,4,2,0,14,7,1,16,4
2845,1806,600649.5,3508180.5,2022,0,0,1,3,3,0,4,6,2,5,1,9,2,15,15,7,13,10
2820,1834,600733.5,3508255.5,2022,1,1,3,2,5,5,1,2,4,10,4,2,14,2,12,6,14,7
2820,1886,600889.5,3508255.5,2022,0,1,2,3,1,0,4,2,2,5,1,1,0,14,9,11,0,1
2844,1904,600943.5,3508183.5,2022,1,1,3,4,3,0,4,6,1,9,1,9,10,15,9,4,14,7
2824,1940,601051.5,3508243.5,2022,0,0,2,3,1,0,4,6,2,5,1,9,2,15,9,11,0,1
2845,1961,601114.5,3508180.5,2022,1,1,2,2,5,5,4,6,4,5,1,9,0,14,15,7,13,10
2831,1981,601174.5,3508222.5,2022,1,1,2,2,5,5,4,2,4,10,4,2,0,14,7,1,16,7
2821,2032,601327.5,3508252.5,2022,0,0,1,3,6,7,7,0,2,5,1,9,2,15,9,11,0,6
2822,2053,601390.5,3508249.5,2022,0,0,1,3,1,7,4,6,2,5,1,9,2,15,9,11,0,1
2843,2083,601480.5,3508186.5,2022,1,1,2,2,5,5,1,2,4,10,4,2,0,14,7,1,16,4
2826,2125,601606.5,3508237.5,2022,1,1,2,2,5,5,1,4,5,2,12,6,4,3,15,7,13,10
2832,2145,601666.5,3508219.5,2022,1,1,2,2,5,5,1,4,5,2,12,6,4,3,15,7,13,10
2844,2180,601771.5,3508183.5,2022,1,1,2,2,5,5,1,4,5,2,12,6,4,3,8,16,4,9
2825,2191,601804.5,3508240.5,2022,0,0,1,3,1,7,7,0,2,5,9,1,9,0,6,11,0,1
2838,2231,601924.5,3508201.5,2022,0,0,2,3,1,2,6,9,8,1,10,13,5,10,6,9,9,14
2834,2258,602005.5,3508213.5,2022,1,2,4,5,4,6,3,5,6,3,3,4,3,4,4,5,17,3
2839,2302,602137.5,3508198.5,2022,1,2,4,5,4,6,3,5,6,3,3,4,3,4,4,5,17,3
2827,2339,602248.5,3508234.5,2022,1,1,2,2,5,5,1,4,5,2,12,6,4,3,8,16,4,9
2827,2349,602278.5,3508234.5,2022,1,2,4,5,4,6,3,5,6,3,3,4,3,4,4,5,17,3
2839,2385,602386.5,3508198.5,2022,0,0,1,3,1,7,7,0,3,4,9,8,9,0,6,8,15,12
2841,2401,602434.5,3508192.5,2022,0,0,1,3,6,7,7,0,3,4,9,8,9,0,2,0,15,17
2846,2430,602521.5,3508177.5,2022,0,0,1,3,1,2,7,0,3,4,9,8,9,0,6,8,15,12
2820,2461,602614.5,3508255.5,2022,1,1,2,2,5,5,1,4,5,2,12,6,4,3,7,1,4,4
2827,2504,602743.5,3508234.5,2022,0,0,1,0,3,0,4,6,2,5,1,9,2,15,9,11,10,6
2831,2541,602854.5,3508222.5,2022,0,0,2,3,1,2,4,6,2,5,1,9,2,15,15,7,13,10
2822,2569,602938.5,3508249.5,2022,1,2,4,5,4,6,3,5,6,3,7,12,6,7,11,2,3,15
2831,2586,602989.5,3508222.5,2022,1,1,2,3,3,0,4,6,2,5,1,9,2,15,15,7,13,10
2837,2629,603118.5,3508204.5,2022,0,0,1,0,3,7,4,6,2,5,1,1,13,6,9,11,0,6
2835,2664,603223.5,3508210.5,2022,1,2,4,5,4,6,3,5,6,3,3,4,3,4,4,5,17,3
2825,2697,603322.5,3508240.5,2022,1,1,2,3,5,2,4,6,8,5,1,9,2,15,15,7,13,10
2829,2718,603385.5,3508228.5,2022,1,1,2,2,5,5,1,6,5,2,12,9,2,15,15,7,13,10
2837,2747,603472.5,3508204.5,2022,0,0,1,0,3,0,4,6,2,5,1,9,2,6,9,11,10,6
2828,2760,603511.5,3508231.5,2022,0,0,1,0,6,7,2,7,2,0,5,1,13,6,9,11,10,6
2827,2809,603658.5,3508234.5,2022,1,1,2,2,5,5,1,4,5,2,12,6,4,3,8,16,4,9
2834,2830,603721.5,3508213.5,2022,2,3,3,4,3,0,5,1,0,6,6,10,1,5,5,15,14,7
2828,2877,603862.5,3508231.5,2022,1,1,3,4,3,0,4,2,4,10,4,2,14,2,12,6,14,7
2828,2898,603925.5,3508231.5,2022,2,3,0,1,0,4,0,8,7,8,8,0,7,11,16,12,6,5
2846,2918,603985.5,3508177.5,2022,2,3,0,1,0,4,0,8,7,8,8,0,7,11,16,3,8,5
2845,2957,604102.5,3508180.5,2022,1,3,3,4,2,1,8,3,9,11,2,7,14,5,5,15,14,7
2834,2999,604228.5,3508213.5,2022,2,3,0,1,3,3,5,1,0,6,6,10,1,5,5,15,6,19
2839,3000,604231.5,3508198.5,2022,2,3,0,4,3,3,5,1,0,6,6,10,1,5,5,15,6,19
2827,3031,604324.5,3508234.5,2022,2,3,0,1,0,4,5,8,0,6,6,10,1,5,5,12,6,5
2821,3074,604453.5,3508252.5,2022,2,3,0,1,0,4,0,8,7,8,8,0,7,11,16,12,8,5
2835,3094,604513.5,3508210.5,2022,2,3,3,4,3,1,5,1,0,6,6,10,1,5,5,12,6,19
2826,3122,604597.5,3508237.5,2022,2,3,0,4,3,0,5,1,0,6,6,10,1,5,5,15,6,19
2848,3151,604684.5,3508171.5,2022,2,3,0,1,3,3,5,1,0,6,6,10,1,5,5,15,6,19
2831,3195,604816.5,3508222.5,2022,2,3,3,4,3,3,5,1,0,6,6,10,1,5,5,15,14,19
2821,3211,604864.5,3508252.5,2022,1,1,3,4,3,0,4,6,2,6,6,10,14,5,9,15,14,7
2845,3269,605038.5,3508180.5,2022,2,3,1,0,3,0,4,1,0,6,6,1,13,6,9,15,10,6
2826,3271,605044.5,3508237.5,2022,0,0,1,0,3,3,2,7,2,5,5,1,13,6,9,11,10,6
2821,3311,605164.5,3508252.5,2022,2,0,1,0,3,0,4,6,2,6,6,10,1,6,9,15,10,6
2849,3333,605230.5,3508168.5,2022,2,3,0,0,0,3,5,1,0,6,6,10,1,5,5,15,12,19
2869,21,595294.5,3508108.5,2022,2,3,0,1,0,3,2,7,10,7,11,11,8,1,3,13,2,18
2868,53,595390.5,3508111.5,2022,2,3,0,1,0,4,0,8,7,7,11,11,8,1,3,13,2,18
2861,75,595456.5,3508132.5,2022,2,3,0,1,0,3,2,7,10,7,11,11,8,1,3,13,2,18
2860,104,595543.5,3508135.5,2022,2,3,0,1,0,4,0,8,7,7,11,11,8,1,3,13,2,18
2860,147,595672.5,3508135.5,2022,2,3,0,1,0,4,0,8,7,7,11,11,8,1,3,13,2,18
2864,177,595762.5,3508123.5,2022,2,3,0,1,0,3,0,8,0,7,11,11,8,1,3,13,2,18
2863,200,595831.5,3508126.5,2022,2,3,0,1,0,4,0,8,7,7,11,11,8,1,3,13,2,18
2855,215,595876.5,3508150.5,2022,2,3,0,1,0,4,0,8,7,7,11,11,8,1,3,13,2,18
2874,259,596008.5,3508093.5,2022,2,3,0,1,0,4,0,8,7,7,11,11,8,1,3,13,2,18
2867,292,596107.5,3508114.5,2022,2,3,0,1,0,4,0,8,7,7,11,11,8,1,3,13,2,18
2855,306,596149.5,3508150.5,2022,2,3,0,1,0,4,0,8,7,7,11,11,8,1,3,13,2,18
2877,357,596302.5,3508084.5,2022,2,3,0,1,0,4,0,1,0,7,11,11,8,1,3,13,2,18
2856,384,596383.5,3508147.5,2022,2,3,0,1,0,4,0,8,7,7,11,11,8,1,3,13,2,18
2856,398,596425.5,3508147.5,2022,2,3,0,1,0,4,0,8,7,7,11,11,8,1,3,13,2,18
2864,434,596533.5,3508123.5,2022,2,3,0,1,0,3,5,1,0,7,11,11,8,1,3,13,2,18
2850,467,596632.5,3508165.5,2022,0,0,1,0,3,0,4,6,2,9,0,1,13,6,9,4,1,2
2861,498,596725.5,3508132.5,2022,2,3,0,1,0,3,2,7,10,7,11,11,8,1,3,13,12,18
2869,522,596797.5,3508108.5,2022,2,3,0,4,3,0,5,1,0,6,6,10,1,5,5,15,12,19
2858,553,596890.5,3508141.5,2022,2,3,0,1,0,4,0,8,7,7,11,11,8,1,3,13,2,18
2860,598,597025.5,3508135.5,2022,0,0,1,0,3,0,4,6,2,5,1,1,13,6,9,11,0,1
2850,608,597055.5,3508165.5,2022,0,0,2,3,1,0,4,6,2,5,1,9,2,15,15,7,13,10
2869,634,597133.5,3508108.5,2022,0,1,2,3,1,2,6,9,8,1,10,9,2,15,15,7,13,10
2875,686,597289.5,3508090.5,2022,1,1,2,2,5,0,4,6,1,9,0,5,10,15,15,7,13,10
2858,692,597307.5,3508141.5,2022,1,1,2,4,3,0,4,6,1,9,0,5,10,12,1,4,1,2
2864,739,597448.5,3508123.5,2022,0,1,2,3,3,0,4,6,1,9,1,9,2,15,15,7,13,10
2851,765,597526.5,3508162.5,2022,1,2,4,5,4,6,3,5,6,3,7,12,6,7,11,2,3,15
2853,786,597589.5,3508156.5,2022,1,1,2,2,5,0,4,6,1,9,0,5,10,12,1,4,1,2
2876,832,597727.5,3508087.5,2022,0,1,2,3,1,2,6,9,8,1,10,9,5,10,15,7,13,10
2860,867,597832.5,3508135.5,2022,1,1,2,2,5,2,6,9,8,1,10,13,5,10,14,9,9,14
2857,899,597928.5,3508144.5,2022,0,0,2,3,1,2,6,9,8,1,10,9,2,15,15,7,13,10
2876,918,597985.5,3508087.5,2022,0,0,2,3,1,2,6,9,8,1,10,9,5,15,15,7,13,10
2872,933,598030.5,3508099.5,2022,0,0,2,3,1,2,4,6,8,1,10,9,2,15,15,7,13,10
2872,968,598135.5,3508099.5,2022,1,1,2,2,5,2,4,9,2,5,1,9,0,14,7,1,16,4
2879,991,598204.5,3508078.5,2022,2,3,0,0,3,3,5,1,0,6,6,10,1,5,5,15,10,19
2859,1028,598315.5,3508138.5,2022,2,3,0,0,6,3,2,7,10,0,5,1,13,6,10,17,12,16
2879,1072,598447.5,3508078.5,2022,0,0,1,0,3,0,4,6,2,5,1,1,13,6,9,11,10,6
2864,1101,598534.5,3508123.5,2022,0,1,3,4,3,0,4,6,2,5,1,9,2,15,9,11,10,6
2865,1127,598612.5,3508120.5,2022,1,1,2,2,3,0,4,6,2,5,1,9,2,15,15,7,13,10
2864,1155,598696.5,3508123.5,2022,2,3,3,4,2,1,5,1,0,6,6,7,1,5,5,12,6,19
2861,1181,598774.5,3508132.5,2022,1,1,3,4,2,5,1,2,4,10,4,2,14,2,12,6,18,11
2859,1225,598906.5,3508138.5,2022,1,1,3,2,2,5,1,2,4,10,4,2,14,2,12,6,18,11
2853,1237,598942.5,3508156.5,2022,1,1,3,4,2,1,8,2,4,10,4,2,14,2,12,6,14,7
2871,1283,599080.5,3508102.5,2022,1,1,2,2,5,5,1,4,5,2,12,6,0,14,7,1,16,4
2860,1304,599143.5,3508135.5,2022,0,0,1,3,3,0,4,6,2,5,1,9,2,15,9,11,0,1
2869,1332,599227.5,3508108.5,2022,1,1,2,2,3,0,4,6,2,5,1,9,2,15,15,7,13,10
2850,1371,599344.5,3508165.5,2022,1,1,2,2,5,5,1,4,5,2,12,6,4,3,8,16,18,9
2853,1398,599425.5,3508156.5,2022,1,1,3,2,5,5,1,4,1,9,0,5,10,12,8,4,18,2
2870,1435,599536.5,3508105.5,2022,1,1,3,2,5,5,4,2,4,10,4,2,14,2,12,6,14,7
2863,1463,599620.5,3508126.5,2022,1,1,3,4,2,5,1,2,4,10,4,2,14,2,12,6,18,11
2871,1486,599689.5,3508102.5,2022,2,3,0,0,0,3,2,1,0,6,6,10,1,5,10,17,12,16
2858,1500,599731.5,3508141.5,2022,1,1,3,2,2,1,8,2,4,10,4,2,14,2,12,6,14,7
2876,1540,599851.5,3508087.5,2022,0,0,1,0,6,3,2,7,10,0,5,3,12,8,10,17,11,16
2867,1566,599929.5,3508114.5,2022,0,0,1,0,3,0,4,6,2,5,1,1,2,6,9,11,10,6
2852,1616,600079.5,3508159.5,2022,1,1,2,2,5,5,1,2,4,10,4,2,0,14,7,1,18,4
2870,1630,600121.5,3508105.5,2022,1,1,2,2,5,5,1,4,5,2,12,6,4,3,8,16,4,9
2854,1650,600181.5,3508153.5,2022,1,1,3,2,5,5,1,4,1,9,0,5,10,12,8,16,18,9
2869,1690,600301.5,3508108.5,2022,1,1,3,2,5,5,1,4,1,2,12,5,4,3,8,16,18,11
2850,1723,600400.5,3508165.5,2022,0,0,1,0,3,0,4,6,2,5,1,1,13,6,9,11,0,1
2851,1746,600469.5,3508162.5,2022,0,0,1,3,3,0,4,6,2,5,1,9,2,15,9,11,0,1
2863,1791,600604.5,3508126.5,2022,1,1,2,2,3,0,4,6,2,5,1,9,2,15,15,7,13,10
2862,1822,600697.5,3508129.5,2022,1,1,2,2,5,5,1,6,5,2,12,9,2,15,15,7,13,10
2854,1849,600778.5,3508153.5,2022,1,1,2,2,3,0,4,6,1,9,0,5,10,15,15,7,13,10
2855,1872,600847.5,3508150.5,2022,1,1,2,2,5,5,1,4,5,2,12,6,0,14,7,1,16,4
2862,1916,600979.5,3508129.5,2022,1,1,3,4,3,0,4,2,4,10,4,2,14,2,12,6,14,7
2854,1926,601009.5,3508153.5,2022,0,0,1,0,3,0,4,6,2,5,1,1,13,6,9,11,0,6
2873,1956,601099.5,3508096.5,2022,1,1,2,2,5,5,1,2,4,10,4,2,0,14,7,1,16,4
2851,1987,601192.5,3508162.5,2022,0,0,1,0,3,0,4,6,2,5,1,1,13,6,9,15,10,6
2865,2033,601330.5,3508120.5,2022,0,0,1,0,6,7,7,0,2,5,1,9,2,15,9,11,10,6
2861,2040,601351.5,3508132.5,2022,0,0,1,0,6,3,2,7,10,0,5,3,12,13,13,10,10,6
2855,2088,601495.5,3508150.5,2022,0,0,1,3,1,7,4,2,4,10,4,1,0,14,9,11,0,1
2863,2122,601597.5,3508126.5,2022,1,1,2,2,5,5,4,2,4,10,4,2,0,14,7,1,16,4
2859,2143,601660.5,3508138.5,2022,1,1,2,2,5,5,1,4,5,2,12,6,4,3,7,16,16,9
2875,2177,601762.5,3508090.5,2022,1,1,3,2,5,5,1,4,5,2,12,6,4,3,8,16,18,11
2857,2218,601885.5,3508144.5,2022,1,2,4,5,4,6,3,5,6,3,3,4,3,4,4,5,17,3
2875,2238,601945.5,3508090.5,2022,1,2,4,5,4,6,3,5,6,3,7,12,6,7,11,2,3,15
2859,2277,602062.5,3508138.5,2022,1,2,4,5,4,6,3,5,6,3,3,4,3,4,4,5,17,3
2865,2283,602080.5,3508120.5,2022,1,2,4,5,4,6,3,5,6,3,3,4,3,4,4,5,17,3
2865,2332,602227.5,3508120.5,2022,0,0,2,3,1,0,4,6,2,5,1,9,2,15,15,7,13,10
2861,2352,602287.5,3508132.5,2022,1,1,2,4,3,0,4,6,1,9,0,9,2,15,15,7,13,10
2873,2371,602344.5,3508096.5,2022,0,0,1,3,1,7,7,0,3,4,9,8,9,0,6,8,15,12
2877,2408,602455.5,3508084.5,2022,0,0,1,0,6,7,7,0,3,4,9,8,9,8,2,0,11,17
2864,2454,602593.5,3508123.5,2022,0,1,2,3,1,2,6,9,8,1,10,9,2,15,15,7,13,10
2867,2468,602635.5,3508114.5,2022,1,1,2,2,5,5,1,2,5,2,4,6,0,14,7,1,16,4
2853,2509,602758.5,3508156.5,2022,0,0,1,3,1,7,7,0,3,4,9,8,9,0,6,8,0,1
2873,2548,602875.5,3508096.5,2022,1,1,2,4,3,0,4,6,1,5,1,9,2,15,15,7,13,10
2869,2553,602890.5,3508108.5,2022,1,1,2,2,3,0,4,6,2,5,1,9,2,15,15,7,13,10
2879,2588,602995.5,3508078.5,2022,1,1,2,2,5,5,1,4,5,2,12,6,4,3,8,16,18,9
2866,2621,603094.5,3508117.5,2022,1,1,2,2,5,0,4,6,2,5,1,9,2,15,15,7,13,10
2874,2659,603208.5,3508093.5,2022,1,2,4,5,4,6,3,5,6,3,3,4,3,4,4,5,17,3
2851,2674,603253.5,3508162.5,2022,1,1,2,2,5,2,4,6,2,5,1,9,2,15,15,7,13,10
2868,2720,603391.5,3508111.5,2022,0,0,1,3,1,0,4,6,2,5,1,9,2,15,15,7,13,10
2870,2741,603454.5,3508105.5,2022,1,1,2,2,5,5,1,4,5,2,12,6,0,14,7,1,16,4
2867,2762,603517.5,3508114.5,2022,1,1,2,2,5,5,1,2,4,10,4,2,0,14,7,1,16,4
2874,2816,603679.5,3508093.5,2022,2,3,0,0,3,3,5,1,0,6,6,10,13,6,5,15,10,19
2868,2836,603739.5,3508111.5,2022,1,1,3,4,3,0,4,1,4,6,6,2,14,2,12,15,14,7
2862,2874,603853.5,3508129.5,2022,2,3,3,4,2,1,8,3,9,11,2,7,11,9,0,14,5,13
2853,2893,603910.5,3508156.5,2022,2,3,3,4,2,1,8,3,9,11,2,7,11,9,0,14,5,13
2862,2929,604018.5,3508129.5,2022,2,3,0,1,0,4,0,8,7,8,8,0,1,5,5,12,6,5
2866,2968,604135.5,3508117.5,2022,2,3,0,4,3,0,5,1,0,6,6,10,1,5,5,15,6,19
2862,2997,604222.5,3508129.5,2022,2,3,0,0,3,3,5,1,0,6,6,10,1,5,5,15,10,19
2870,3001,604234.5,3508105.5,2022,2,3,0,0,6,3,2,7,0,6,6,10,1,13,13,15,10,19
2866,3057,604402.5,3508117.5,2022,1,1,3,4,2,1,8,3,9,11,2,7,11,9,0,14,5,13
2854,3079,604468.5,3508153.5,2022,2,3,0,4,3,0,5,1,0,6,6,10,1,5,5,15,6,19
2872,3106,604549.5,3508099.5,2022,2,3,0,1,3,3,5,1,0,6,6,10,1,5,5,15,6,19
2874,3138,604645.5,3508093.5,2022,2,3,0,1,3,3,5,1,0,6,6,10,1,5,5,15,6,19
2862,3163,604720.5,3508129.5,2022,2,3,0,1,0,3,5,1,0,6,6,10,1,5,5,15,6,19
2878,3202,604837.5,3508081.5,2022,2,3,0,0,3,3,5,1,0,6,6,10,1,5,5,15,12,19
2877,3224,604903.5,3508084.5,2022,2,3,0,0,6,3,2,7,10,6,6,10,1,13,10,17,12,16
2858,3252,604987.5,3508141.5,2022,2,3,1,0,6,3,2,7,10,0,5,1,13,6,10,17,12,16
2862,3287,605092.5,3508129.5,2022,2,3,1,0,3,3,5,1,0,6,6,10,13,6,9,15,10,6
2865,3307,605152.5,3508120.5,2022,2,3,0,1,0,3,2,7,10,7,11,11,8,13,13,10,7,0
2862,3332,605227.5,3508129.5,2022,2,3,0,1,0,4,0,8,7,8,8,0,7,11,16,13,2,5
2904,15,595276.5,3508003.5,2022,2,3,0,1,0,3,2,7,10,7,11,11,8,1,3,13,2,18
2897,50,595381.5,3508024.5,2022,2,3,0,1,0,4,0,8,7,7,11,11,8,1,3,13,2,18
2904,82,595477.5,3508003.5,2022,2,3,0,1,0,4,0,8,7,7,11,11,8,1,3,13,2,18
2902,104,595543.5,3508009.5,2022,2,3,0,1,0,4,0,8,7,7,11,11,8,1,3,13,2,18
2884,121,595594.5,3508063.5,2022,2,3,0,1,0,3,0,8,0,7,11,11,8,1,3,13,2,18
2900,158,595705.5,3508015.5,2022,2,3,0,1,0,4,0,8,7,7,11,11,8,1,3,13,2,18
2897,184,595783.5,3508024.5,2022,2,3,0,1,0,4,0,8,7,7,11,11,8,1,3,13,2,18
2891,235,595936.5,3508042.5,2022,2,3,0,1,0,4,0,8,7,7,11,11,8,1,3,13,2,18
2897,262,596017.5,3508024.5,2022,2,3,0,1,0,4,0,8,7,7,11,11,8,1,3,13,2,18
2892,270,596041.5,3508039.5,2022,2,3,0,1,0,4,0,8,7,7,11,11,8,1,3,13,2,18
2894,308,596155.5,3508033.5,2022,2,3,0,1,0,4,0,8,7,7,11,11,8,1,3,13,2,18
2896,358,596305.5,3508027.5,2022,2,3,0,1,0,4,0,8,7,7,11,11,8,1,3,13,2,18
2883,381,596374.5,3508066.5,2022,2,3,0,1,0,3,2,7,10,7,11,11,8,1,3,13,2,18
2897,392,596407.5,3508024.5,2022,2,3,0,0,0,3,2,7,10,7,11,11,8,1,10,17,12,16
2885,444,596563.5,3508060.5,2022,2,3,0,1,0,4,0,8,7,7,11,11,8,1,3,13,2,18
2881,458,596605.5,3508072.5,2022,2,3,0,1,0,3,5,1,0,7,11,11,8,1,3,13,12,18
2883,501,596734.5,3508066.5,2022,2,3,0,0,6,3,2,7,10,7,11,11,8,1,10,17,12,16
2896,511,596764.5,3508027.5,2022,2,0,1,0,3,3,2,7,0,6,6,1,13,6,10,17,12,16
2900,561,596914.5,3508015.5,2022,2,3,0,0,6,3,2,7,10,0,5,1,13,6,10,17,12,16
2903,593,597010.5,3508006.5,2022,2,3,0,0,6,3,2,7,0,6,6,1,13,6,10,17,12,16
2886,608,597055.5,3508057.5,2022,0,0,1,0,6,7,7,0,3,4,9,1,13,6,9,11,0,1
2901,630,597121.5,3508012.5,2022,0,0,1,3,1,2,6,9,8,1,10,13,5,0,6,8,15,12
2896,677,597262.5,3508027.5,2022,1,1,2,3,1,2,4,6,1,9,0,9,10,15,15,7,13,10
2901,692,597307.5,3508012.5,2022,0,0,1,3,1,0,4,6,2,5,1,9,2,15,9,11,0,1
2894,737,597442.5,3508033.5,2022,0,0,1,4,3,0,4,6,1,9,0,5,10,12,1,4,1,2
2897,754,597493.5,3508024.5,2022,0,0,1,3,1,2,4,6,2,5,1,9,2,0,6,11,0,1
2905,786,597589.5,3508000.5,2022,1,1,2,3,1,2,4,6,8,5,1,9,2,15,15,7,13,10
2890,819,597688.5,3508045.5,2022,1,1,2,3,1,2,6,9,8,1,10,13,5,10,15,7,13,10
2886,868,597835.5,3508057.5,2022,0,0,2,3,1,2,6,9,8,1,10,13,5,10,14,9,9,14
2880,892,597907.5,3508075.5,2022,1,1,2,2,5,5,1,4,5,2,12,6,4,3,8,16,4,9
2885,927,598012.5,3508060.5,2022,0,0,2,3,1,2,6,9,8,1,10,9,2,15,15,7,13,10
2907,952,598087.5,3507994.5,2022,0,0,1,0,6,7,4,0,2,5,1,1,13,6,9,11,0,1
2884,986,598189.5,3508063.5,2022,0,0,1,0,6,3,2,7,2,0,5,1,13,6,9,11,0,1
2906,1007,598252.5,3507997.5,2022,0,0,1,0,3,0,4,6,2,5,1,9,2,15,9,11,10,6
2892,1042,598357.5,3508039.5,2022,0,0,1,3,3,0,4,6,2,5,1,1,2,6,9,11,0,1
2884,1077,598462.5,3508063.5,2022,0,0,3,4,3,3,4,2,4,10,4,1,13,6,9,11,14,7
2880,1102,598537.5,3508075.5,2022,0,0,2,3,1,0,4,6,2,5,1,9,2,15,15,7,13,10
2881,1118,598585.5,3508072.5,2022,0,0,2,3,3,0,4,6,2,5,1,9,2,15,15,7,13,10
2906,1168,598735.5,3507997.5,2022,1,2,4,5,4,6,3,5,6,3,7,12,6,7,11,5,3,3
2893,1199,598828.5,3508036.5,2022,1,1,3,2,5,5,1,2,4,10,4,2,14,2,12,6,18,11
2886,1223,598900.5,3508057.5,2022,1,1,2,3,3,0,4,6,2,5,1,9,2,15,15,7,13,10
2899,1245,598966.5,3508018.5,2022,1,1,2,2,5,5,1,4,5,2,12,6,4,3,8,16,18,9
2902,1274,599053.5,3508009.5,2022,1,1,2,2,5,5,1,4,5,2,12,6,4,3,8,16,4,9
2907,1318,599185.5,3507994.5,2022,1,1,2,2,5,5,1,4,5,2,12,6,4,3,8,16,18,9
2898,1330,599221.5,3508021.5,2022,1,1,2,3,5,0,4,6,2,5,1,9,2,15,15,7,13,10
2900,1369,599338.5,3508015.5,2022,1,1,2,2,5,5,1,4,5,2,12,6,0,14,7,1,16,4
2886,1408,599455.5,3508057.5,2022,1,1,3,2,5,5,1,4,1,9,0,5,10,12,8,16,18,9
2907,1413,599470.5,3507994.5,2022,1,1,2,2,5,5,1,4,5,2,12,6,4,3,8,16,4,9
2885,1452,599587.5,3508060.5,2022,1,1,3,4,3,0,4,2,4,10,4,2,14,2,12,6,14,7
2890,1486,599689.5,3508045.5,2022,1,1,3,4,2,1,8,2,4,10,4,2,14,2,12,6,14,7
2883,1518,599785.5,3508066.5,2022,2,3,0,0,3,3,2,1,0,6,6,10,1,5,5,15,10,19
2904,1556,599899.5,3508003.5,2022,2,3,1,0,6,3,2,7,10,0,5,3,13,6,10,17,12,16
2889,1574,599953.5,3508048.5,2022,1,1,2,2,5,5,1,4,1,9,0,5,4,3,8,16,18,9
2884,1606,600049.5,3508063.5,2022,1,1,3,2,5,5,1,2,4,10,4,2,14,2,12,6,18,11
2883,1632,600127.5,3508066.5,2022,1,1,2,2,5,5,1,4,1,9,0,5,10,12,8,16,18,2
2888,1676,600259.5,3508051.5,2022,1,1,2,2,5,5,1,4,5,2,12,6,4,3,8,16,4,9
2883,1703,600340.5,3508066.5,2022,1,1,2,2,5,5,1,4,5,2,12,6,4,3,8,16,18,9
2895,1739,600448.5,3508030.5,2022,1,1,3,2,5,5,1,4,5,2,12,2,14,2,8,16,18,11
2888,1762,600517.5,3508051.5,2022,1,1,2,2,5,5,1,4,5,2,12,6,4,3,8,16,4,9
2907,1793,600610.5,3507994.5,2022,1,1,2,2,5,5,1,4,5,2,12,6,4,3,8,16,4,9
2899,1810,600661.5,3508018.5,2022,1,1,2,2,5,5,1,4,5,2,12,6,4,3,8,16,4,9
2894,1843,600760.5,3508033.5,2022,1,1,3,2,5,5,1,2,4,10,4,2,14,2,12,6,18,11
2902,1879,600868.5,3508009.5,2022,1,1,2,2,5,5,1,4,5,2,12,6,0,14,7,1,16,4
2906,1908,600955.5,3507997.5,2022,1,1,3,2,5,5,1,2,1,10,4,2,14,2,12,6,18,11
2894,1948,601075.5,3508033.5,2022,0,0,1,3,3,0,4,6,2,5,1,9,2,15,9,11,0,6
2886,1957,601102.5,3508057.5,2022,0,0,1,3,3,0,4,6,2,5,1,1,2,6,9,11,0,1
2887,1996,601219.5,3508054.5,2022,0,0,1,0,3,0,4,6,2,5,1,1,13,6,9,11,10,6
2902,2021,601294.5,3508009.5,2022,0,0,1,0,3,0,4,6,2,5,1,1,13,6,9,11,0,1
2908,2057,601402.5,3507991.5,2022,0,0,1,0,6,7,7,0,3,4,9,8,9,0,2,0,11,17
2901,2097,601522.5,3508012.5,2022,0,1,1,4,3,0,4,6,2,5,1,9,2,15,9,11,10,6
2890,2107,601552.5,3508045.5,2022,0,1,2,3,5,0,4,2,4,10,4,2,0,14,7,1,16,1
2907,2130,601621.5,3507994.5,2022,1,1,3,4,3,0,4,2,4,10,4,2,0,14,12,6,14,7
2909,2164,601723.5,3507988.5,2022,0,0,1,0,3,0,4,6,2,5,1,9,2,6,9,11,0,6
2902,2215,601876.5,3508009.5,2022,0,0,1,3,3,0,4,6,2,5,1,9,2,15,9,11,0,1
2881,2234,601933.5,3508072.5,2022,1,2,4,5,4,6,3,5,6,3,3,4,3,4,4,5,17,3
2883,2268,602035.5,3508066.5,2022,1,2,4,5,4,6,3,5,6,3,3,4,3,4,4,5,17,3
2906,2295,602116.5,3507997.5,2022,1,2,4,5,4,6,3,5,6,3,3,4,3,4,4,5,17,3
2889,2334,602233.5,3508048.5,2022,1,1,3,4,3,0,4,6,1,9,0,5,10,12,15,7,13,10
2907,2357,602302.5,3507994.5,2022,0,0,1,3,1,2,4,6,2,5,1,9,2,15,15,7,13,10
2888,2375,602356.5,3508051.5,2022,0,0,1,3,1,7,7,0,3,4,9,8,9,0,6,8,15,12
2889,2420,602491.5,3508048.5,2022,0,0,1,3,6,7,7,0,2,4,9,8,9,0,6,11,15,6
2908,2449,602578.5,3507991.5,2022,1,2,4,5,4,6,3,5,6,3,7,12,6,7,11,2,3,15
2899,2460,602611.5,3508018.5,2022,1,1,3,4,3,0,4,6,1,9,0,5,10,15,15,7,13,10
2903,2505,602746.5,3508006.5,2022,0,0,2,3,1,0,4,6,2,5,1,9,2,15,15,7,13,10
2889,2520,602791.5,3508048.5,2022,1,2,4,5,4,6,3,5,6,3,7,12,6,7,11,2,3,15
2898,2553,602890.5,3508021.5,2022,0,0,1,3,1,7,7,0,2,5,1,9,2,15,9,11,0,6
2898,2581,602974.5,3508021.5,2022,0,0,1,3,3,0,4,6,2,5,1,9,2,15,15,7,13,10
2900,2617,603082.5,3508015.5,2022,1,1,2,3,3,0,4,6,2,5,1,9,2,15,15,7,13,10
2899,2643,603160.5,3508018.5,2022,2,3,0,1,0,3,5,1,0,6,6,10,1,5,5,15,6,19
2884,2674,603253.5,3508063.5,2022,1,2,4,5,4,6,3,5,6,3,3,4,3,4,4,5,17,3
2899,2721,603394.5,3508018.5,2022,1,2,4,5,4,6,3,5,6,3,7,12,6,7,11,2,3,15
2887,2735,603436.5,3508054.5,2022,0,0,1,3,1,7,4,0,2,5,1,9,2,15,9,11,0,1
2905,2779,603568.5,3508000.5,2022,2,3,0,4,3,0,5,1,0,6,6,10,1,5,5,15,10,19
2906,2799,603628.5,3507997.5,2022,2,3,3,4,3,0,4,6,2,6,6,10,2,15,9,15,10,6
2892,2848,603775.5,3508039.5,2022,1,1,3,4,2,1,8,2,4,10,4,2,14,2,12,6,18,11
2890,2863,603820.5,3508045.5,2022,2,3,0,4,3,0,5,1,0,6,6,10,1,5,5,15,6,19
2899,2883,603880.5,3508018.5,2022,2,3,0,1,0,4,0,8,7,8,8,0,7,11,16,12,6,5
2885,2929,604018.5,3508060.5,2022,2,3,0,1,0,4,5,1,0,6,6,10,1,5,5,12,6,19
2886,2954,604093.5,3508057.5,2022,2,3,3,4,3,0,5,1,0,6,6,10,1,5,5,15,6,19
2904,2970,604141.5,3508003.5,2022,2,3,0,1,0,4,0,8,7,8,8,0,7,11,3,12,6,5
2897,3007,604252.5,3508024.5,2022,2,3,0,0,3,3,5,1,0,6,6,10,1,5,5,15,10,19
2899,3047,604372.5,3508018.5,2022,2,3,0,4,3,0,5,1,0,6,6,10,1,5,5,15,10,19
2887,3075,604456.5,3508054.5,2022,2,3,0,4,3,0,5,1,0,6,6,10,1,5,5,15,10,19
2894,3094,604513.5,3508033.5,2022,2,3,0,1,0,3,0,8,0,7,11,11,8,1,3,10,7,0
2900,3129,604618.5,3508015.5,2022,2,3,0,1,0,4,5,1,0,6,6,10,1,5,5,12,6,19
2905,3162,604717.5,3508000.5,2022,1,1,3,4,2,1,8,2,4,10,4,2,14,2,12,6,14,7
2896,3181,604774.5,3508027.5,2022,1,1,3,4,2,1,8,3,9,11,2,2,14,2,12,6,14,11
2885,3229,604918.5,3508060.5,2022,2,3,0,1,0,3,5,1,0,6,6,10,1,5,5,15,6,19
2892,3241,604954.5,3508039.5,2022,1,1,3,4,2,1,4,2,4,10,4,2,14,2,12,6,14,7
2895,3270,605041.5,3508030.5,2022,2,3,0,1,0,3,0,8,10,7,11,11,8,1,3,13,7,0
2880,3310,605161.5,3508075.5,2022,2,3,0,1,0,4,0,8,7,7,11,11,8,13,13,10,7,0
2886,3332,605227.5,3508057.5,2022,2,3,0,0,0,3,2,7,10,6,6,10,1,13,13,10,12,0
2929,1,595234.5,3507928.5,2022,2,3,0,1,0,3,2,7,10,7,11,11,8,1,3,13,2,18
2918,38,595345.5,3507961.5,2022,2,3,0,1,0,4,0,8,7,7,11,11,8,1,3,13,2,18
2934,83,595480.5,3507913.5,2022,2,3,0,1,0,4,0,8,7,7,11,11,8,1,3,13,2,18
2911,100,595531.5,3507982.5,2022,2,3,0,1,0,4,0,8,7,7,11,11,8,1,3,13,2,18
2910,129,595618.5,3507985.5,2022,2,3,0,1,0,4,0,8,7,7,11,11,8,1,3,13,2,18
2926,150,595681.5,3507937.5,2022,2,3,0,1,0,4,5,1,0,7,11,11,8,1,3,13,2,18
2922,204,595843.5,3507949.5,2022,2,3,0,1,0,4,0,8,7,7,11,11,8,1,3,13,2,18
2919,222,595897.5,3507958.5,2022,2,3,0,1,0,4,0,8,7,7,11,11,8,1,3,13,2,18
2934,249,595978.5,3507913.5,2022,2,3,0,1,0,4,0,8,7,7,11,11,8,1,3,13,2,18
2917,277,596062.5,3507964.5,2022,2,3,0,1,0,4,0,8,7,7,11,11,8,1,3,13,2,18
2930,313,596170.5,3507925.5,2022,2,3,0,1,0,4,0,8,7,7,11,11,8,1,3,13,2,18
2915,352,596287.5,3507970.5,2022,2,3,0,1,0,4,0,8,7,7,11,11,8,1,3,13,2,18
2935,378,596365.5,3507910.5,2022,2,3,0,1,0,3,0,8,7,7,11,11,8,1,3,13,2,18
2911,419,596488.5,3507982.5,2022,2,3,0,1,0,4,0,8,7,7,11,11,8,1,3,13,2,18
2910,424,596503.5,3507985.5,2022,2,3,0,1,0,4,0,8,7,7,11,11,8,1,3,13,2,18
2915,454,596593.5,3507970.5,2022,2,3,0,1,0,3,5,1,0,7,11,11,8,1,10,17,12,16
2926,504,596743.5,3507937.5,2022,2,3,0,0,6,3,2,7,10,0,5,1,13,6,10,17,12,16
2936,524,596803.5,3507907.5,2022,2,3,0,0,6,3,2,7,10,7,11,11,8,1,10,17,12,16
2920,561,596914.5,3507955.5,2022,2,3,0,0,6,3,2,1,0,6,6,1,13,6,10,17,12,16
2920,571,596944.5,3507955.5,2022,2,3,0,0,0,3,2,7,0,6,6,11,13,1,10,17,12,16
2933,604,597043.5,3507916.5,2022,0,0,1,0,3,0,4,6,2,5,1,1,13,6,9,11,0,6
2929,644,597163.5,3507928.5,2022,0,0,2,3,1,0,4,6,1,9,0,9,2,15,15,7,13,10
2937,661,597214.5,3507904.5,2022,0,0,2,3,3,0,4,6,1,9,0,5,10,12,1,4,1,2
2915,718,597385.5,3507970.5,2022,2,3,1,4,3,0,5,1,1,9,0,5,10,12,1,4,1,2
2920,723,597400.5,3507955.5,2022,0,0,1,3,3,0,4,6,1,9,0,5,10,12,1,4,1,2
2930,775,597556.5,3507925.5,2022,1,1,2,3,1,2,6,9,8,1,10,13,5,10,14,9,9,14
2927,800,597631.5,3507934.5,2022,0,0,2,3,1,2,6,9,8,1,10,13,5,10,14,9,9,14
2933,810,597661.5,3507916.5,2022,1,1,2,2,5,5,1,4,5,2,12,6,4,3,7,1,4,4
2925,847,597772.5,3507940.5,2022,0,0,2,3,1,2,6,9,8,1,10,13,5,10,6,9,9,14
2936,898,597925.5,3507907.5,2022,0,0,1,3,1,2,6,9,8,5,1,9,2,0,6,8,0,12
2932,921,597994.5,3507919.5,2022,1,1,2,2,5,2,6,9,8,1,10,13,5,10,14,9,9,14
2927,932,598027.5,3507934.5,2022,0,0,2,3,1,2,6,9,8,1,10,13,5,10,14,9,9,14
2932,965,598126.5,3507919.5,2022,0,0,2,3,1,2,6,9,8,1,10,13,5,10,14,9,9,14
2919,1008,598255.5,3507958.5,2022,0,0,2,3,1,2,6,9,2,5,1,9,2,0,6,11,0,1
2937,1033,598330.5,3507904.5,2022,0,0,1,0,6,7,7,0,2,5,5,1,13,6,9,11,0,1
2934,1056,598399.5,3507913.5,2022,0,0,1,3,1,7,7,0,3,4,9,8,9,0,6,11,0,1
2919,1084,598483.5,3507958.5,2022,0,0,1,3,3,0,4,6,2,5,1,9,2,15,9,11,0,6
2915,1112,598567.5,3507970.5,2022,1,1,2,2,3,0,4,6,1,9,0,9,2,15,15,7,13,10
2919,1169,598738.5,3507958.5,2022,1,1,2,2,5,5,1,4,5,2,12,6,4,3,8,16,4,9
2911,1185,598786.5,3507982.5,2022,0,1,2,3,1,2,4,6,2,5,1,9,2,15,15,7,13,10
2918,1214,598873.5,3507961.5,2022,1,1,2,2,3,0,4,6,1,9,0,9,2,15,15,7,13,10
2918,1241,598954.5,3507961.5,2022,1,1,2,2,5,5,1,4,5,2,12,6,4,3,8,16,4,9
2925,1287,599092.5,3507940.5,2022,1,1,2,2,5,5,1,4,5,2,12,6,4,3,8,16,18,9
2915,1311,599164.5,3507970.5,2022,1,1,2,2,5,5,1,4,5,2,12,6,4,3,8,16,4,9
2931,1349,599278.5,3507922.5,2022,1,1,3,2,5,5,1,4,5,2,12,6,4,3,8,16,18,11
2935,1378,599365.5,3507910.5,2022,1,1,3,4,3,0,8,6,1,9,0,5,10,12,1,4,1,2
2915,1387,599392.5,3507970.5,2022,1,1,3,4,3,0,4,6,1,5,1,9,2,15,15,7,13,10
2910,1412,599467.5,3507985.5,2022,1,1,2,2,5,5,1,4,5,2,12,6,4,3,8,16,18,9
2939,1440,599551.5,3507898.5,2022,1,1,2,2,5,5,4,2,4,10,4,2,0,14,12,1,16,7
2939,1493,599710.5,3507898.5,2022,1,1,2,2,3,0,4,6,1,9,0,9,2,15,15,7,13,10
2910,1522,599797.5,3507985.5,2022,0,0,1,0,3,0,4,6,2,5,1,1,2,6,9,11,10,6
2921,1554,599893.5,3507952.5,2022,2,3,3,4,3,0,5,1,0,6,6,1,13,6,9,15,14,7
2916,1586,599989.5,3507967.5,2022,1,1,3,2,5,5,1,2,4,10,4,2,14,2,12,6,18,11
2922,1616,600079.5,3507949.5,2022,0,0,1,3,3,0,4,6,2,5,1,9,2,15,9,11,0,6
2935,1630,600121.5,3507910.5,2022,1,1,2,2,5,5,1,4,5,2,12,9,0,14,7,1,16,4
2911,1654,600193.5,3507982.5,2022,1,1,2,2,5,5,1,4,5,2,12,6,4,3,8,16,18,9
2928,1691,600304.5,3507931.5,2022,1,1,2,2,5,5,1,4,5,2,12,6,0,14,7,1,16,4
2922,1728,600415.5,3507949.5,2022,1,1,2,2,5,5,1,4,5,2,12,6,4,3,8,16,18,9
2913,1749,600478.5,3507976.5,2022,1,1,2,2,5,5,1,4,5,2,12,6,4,3,8,16,18,11
2911,1795,600616.5,3507982.5,2022,1,1,3,2,5,5,1,4,5,2,12,6,4,3,8,16,18,9
2935,1817,600682.5,3507910.5,2022,0,1,2,3,3,0,4,6,2,5,1,9,2,15,9,7,13,10
2919,1851,600784.5,3507958.5,2022,1,1,3,4,3,0,4,6,1,9,0,5,10,12,1,4,1,2
2917,1870,600841.5,3507964.5,2022,1,1,2,2,5,5,1,4,5,2,12,6,4,3,8,16,13,9
2917,1916,600979.5,3507964.5,2022,1,1,3,4,3,0,4,6,1,9,0,5,10,12,1,4,1,2
2921,1925,601006.5,3507952.5,2022,1,1,2,2,5,5,1,2,4,10,4,2,0,14,12,1,16,4
2936,1967,601132.5,3507907.5,2022,0,1,2,3,3,0,4,6,2,5,1,9,2,15,15,7,13,10
2924,2002,601237.5,3507943.5,2022,0,0,1,0,3,0,4,6,2,5,1,1,13,6,9,11,10,6
2915,2010,601261.5,3507970.5,2022,0,0,1,0,6,3,2,7,10,0,5,3,12,6,10,17,12,16
2915,2060,601411.5,3507970.5,2022,0,0,1,0,6,7,7,0,3,4,9,8,9,8,2,0,11,17
2933,2099,601528.5,3507916.5,2022,0,0,1,0,3,0,4,6,2,5,1,1,13,6,9,11,0,1
2925,2110,601561.5,3507940.5,2022,0,0,1,0,6,7,2,7,2,0,5,1,13,6,9,11,0,1
2939,2151,601684.5,3507898.5,2022,0,0,1,3,1,7,7,0,2,5,1,8,9,0,9,11,0,1
2934,2166,601729.5,3507913.5,2022,1,1,2,2,5,5,1,4,5,2,12,6,4,3,7,1,16,4
2936,2201,601834.5,3507907.5,2022,1,2,4,5,4,6,3,5,6,3,3,4,3,4,4,5,17,3
2939,2239,601948.5,3507898.5,2022,1,2,4,5,4,6,3,5,6,3,3,4,3,4,4,5,17,3
2917,2265,602026.5,3507964.5,2022,1,2,4,5,4,6,3,5,6,3,7,4,6,7,11,5,3,3
2918,2299,602128.5,3507961.5,2022,1,2,4,5,4,6,3,5,6,3,7,12,6,7,11,2,3,15
2938,2331,602224.5,3507901.5,2022,1,1,2,2,5,0,4,6,1,9,0,9,2,15,15,7,13,10
2925,2346,602269.5,3507940.5,2022,1,1,2,2,5,5,1,4,5,2,12,6,4,3,7,16,16,4
2938,2397,602422.5,3507901.5,2022,0,0,1,3,1,7,7,0,2,5,1,8,9,0,6,11,0,1
2923,2428,602515.5,3507946.5,2022,0,0,1,0,6,3,2,7,2,0,5,3,12,13,13,10,10,6
2932,2447,602572.5,3507919.5,2022,0,0,1,3,3,0,4,6,2,5,1,9,2,15,15,7,13,10
2938,2479,602668.5,3507901.5,2022,1,1,3,2,5,5,1,2,4,10,4,2,14,2,12,6,18,11
2921,2511,602764.5,3507952.5,2022,1,1,2,2,3,0,4,6,2,5,1,9,2,15,9,1,13,7
2937,2535,602836.5,3507904.5,2022,0,0,1,3,1,7,7,0,3,4,9,8,9,0,6,11,0,1
2932,2575,602956.5,3507919.5,2022,1,1,2,2,5,2,4,6,2,5,1,9,2,15,15,7,13,10
2923,2596,603019.5,3507946.5,2022,1,1,2,2,3,0,4,6,2,5,1,9,2,15,15,7,13,10
2922,2638,603145.5,3507949.5,2022,1,2,4,5,4,6,3,5,6,3,7,12,6,7,11,2,3,15
2912,2657,603202.5,3507979.5,2022,1,2,4,5,4,6,3,5,6,3,7,12,6,7,11,2,3,15
2921,2680,603271.5,3507952.5,2022,1,1,2,2,5,5,4,6,2,5,1,9,2,15,15,7,13,10
2916,2724,603403.5,3507967.5,2022,1,1,2,2,5,5,4,6,5,5,1,9,2,15,15,7,13,10
2931,2756,603499.5,3507922.5,2022,2,3,1,0,3,0,4,6,2,6,6,10,1,15,5,15,10,6
2921,2778,603565.5,3507952.5,2022,1,1,3,4,3,0,4,6,1,9,0,9,2,15,15,7,13,10
2922,2807,603652.5,3507949.5,2022,2,3,0,1,0,4,5,1,0,6,6,10,1,5,5,12,6,19
2931,2836,603739.5,3507922.5,2022,2,3,3,4,2,1,5,1,0,11,2,7,11,5,5,12,6,19
2939,2850,603781.5,3507898.5,2022,2,3,0,1,0,4,0,8,7,8,8,0,7,11,16,3,8,5
2921,2885,603886.5,3507952.5,2022,2,3,0,1,0,4,0,8,7,8,8,0,7,11,16,12,6,5
2930,2922,603997.5,3507925.5,2022,2,3,0,1,0,4,0,8,7,8,8,0,7,11,16,3,8,5
2910,2968,604135.5,3507985.5,2022,2,3,0,1,0,4,0,8,7,8,8,0,1,5,5,12,6,5
2935,2970,604141.5,3507910.5,2022,2,3,0,1,0,4,5,1,0,6,6,10,1,5,5,12,6,5
2914,3010,604261.5,3507973.5,2022,2,3,0,1,0,4,5,1,0,6,6,10,1,5,5,12,6,5
2933,3051,604384.5,3507916.5,2022,1,1,3,4,2,1,8,3,9,11,2,7,14,2,0,14,14,13
2919,3084,604483.5,3507958.5,2022,2,3,0,1,0,3,5,1,0,6,6,10,1,5,5,15,6,19
2935,3103,604540.5,3507910.5,2022,1,1,3,4,2,1,8,3,9,11,2,7,14,2,0,14,14,13
2927,3130,604621.5,3507934.5,2022,2,3,0,1,0,3,5,1,0,6,6,10,1,5,5,15,6,19
2921,3153,604690.5,3507952.5,2022,2,3,1,0,3,3,2,7,0,6,6,1,13,6,10,15,10,6
2924,3197,604822.5,3507943.5,2022,2,3,0,0,3,3,2,7,0,6,6,10,1,6,10,15,10,6
2921,3237,604942.5,3507952.5,2022,2,3,0,0,3,3,5,1,0,6,6,10,1,5,5,15,10,19
2938,3257,605002.5,3507901.5,2022,0,0,1,0,6,3,2,7,10,0,5,1,13,6,10,17,12,16
2925,3299,605128.5,3507940.5,2022,2,3,0,0,3,3,5,1,0,6,6,10,1,5,5,15,10,19
2929,3324,605203.5,3507928.5,2022,2,3,0,1,0,4,0,8,7,8,8,0,7,11,16,3,8,8
2925,3331,605224.5,3507940.5,2022,2,3,3,4,3,0,5,1,0,6,6,10,1,5,5,15,10,19
2966,7,595252.5,3507817.5,2022,2,3,0,1,0,3,2,7,10,7,11,11,8,1,3,13,2,18
2943,40,595351.5,3507886.5,2022,2,3,0,1,0,4,0,8,7,7,11,11,8,1,3,13,2,18
2958,74,595453.5,3507841.5,2022,2,3,0,1,0,4,0,8,7,7,11,11,8,1,3,13,2,18
2961,97,595522.5,3507832.5,2022,2,3,0,1,0,4,0,8,7,7,11,0,8,11,3,13,2,18
2951,140,595651.5,3507862.5,2022,2,3,0,1,0,4,0,8,7,7,11,11,8,1,3,13,2,18
2969,173,595750.5,3507808.5,2022,2,3,0,1,0,4,0,8,7,7,11,11,8,1,3,13,2,18
2955,202,595837.5,3507850.5,2022,2,3,0,1,0,4,0,8,7,7,11,11,8,1,3,13,2,18
2960,222,595897.5,3507835.5,2022,2,3,0,1,0,4,0,8,7,7,11,11,8,1,3,13,2,18
2944,266,596029.5,3507883.5,2022,2,3,0,1,0,4,0,8,7,7,11,11,8,1,3,13,2,18
2941,292,596107.5,3507892.5,2022,2,3,0,1,0,4,0,8,7,7,11,11,8,1,3,13,2,18
2940,320,596191.5,3507895.5,2022,2,3,0,1,0,4,0,8,7,7,11,11,8,1,3,13,2,18
2952,346,596269.5,3507859.5,2022,2,3,0,1,0,4,0,8,7,7,11,11,8,1,3,13,2,18
2944,388,596395.5,3507883.5,2022,2,3,0,1,0,3,0,8,7,7,11,11,8,1,3,13,2,18
2945,407,596452.5,3507880.5,2022,2,3,0,1,0,4,0,8,7,7,11,11,8,1,3,13,2,18
2949,421,596494.5,3507868.5,2022,2,3,0,1,0,3,2,7,10,7,11,11,8,1,3,13,2,18
2955,450,596581.5,3507850.5,2022,2,3,0,0,6,3,2,7,10,0,5,3,12,1,10,17,12,16
2957,496,596719.5,3507844.5,2022,2,3,0,1,0,3,2,7,10,7,11,11,8,1,3,13,2,18
2967,512,596767.5,3507814.5,2022,2,3,0,1,0,3,5,1,0,7,11,11,8,1,3,13,12,18
2950,546,596869.5,3507865.5,2022,2,3,0,0,6,3,2,7,0,6,6,1,13,6,10,17,12,16
2961,590,597001.5,3507832.5,2022,0,0,3,4,3,0,4,6,1,9,0,5,10,12,1,4,1,2
2965,600,597031.5,3507820.5,2022,0,0,3,4,3,0,4,6,1,9,0,5,10,12,1,4,1,2
2944,657,597202.5,3507883.5,2022,0,0,2,3,1,0,4,6,2,5,1,9,2,15,15,7,13,10
2964,662,597217.5,3507823.5,2022,0,0,1,0,3,7,4,6,2,5,1,1,13,6,9,11,0,1
2968,705,597346.5,3507811.5,2022,0,0,2,3,1,0,4,6,2,5,1,9,2,15,15,7,13,10
2964,724,597403.5,3507823.5,2022,0,0,1,3,3,0,4,6,2,5,1,9,2,15,9,11,0,6
2946,778,597565.5,3507877.5,2022,1,1,2,3,1,2,6,9,8,1,10,13,5,10,14,9,9,14
2966,782,597577.5,3507817.5,2022,0,0,2,3,1,2,6,9,8,1,10,13,5,10,14,9,9,14
2945,816,597679.5,3507880.5,2022,0,0,1,3,1,2,4,0,2,5,1,9,2,0,6,8,0,1
2961,849,597778.5,3507832.5,2022,1,1,2,2,5,5,1,4,5,2,12,6,4,3,8,16,4,9
2968,886,597889.5,3507811.5,2022,0,1,2,3,1,2,6,9,8,1,10,13,5,10,14,9,9,14
2956,913,597970.5,3507847.5,2022,0,0,2,3,1,2,6,9,8,1,10,13,5,10,14,9,9,14
2960,937,598042.5,3507835.5,2022,0,1,2,3,1,2,6,9,8,1,10,13,5,10,14,9,9,14
2960,973,598150.5,3507835.5,2022,0,0,2,3,1,2,6,9,8,1,10,13,5,10,14,9,9,14
2955,1011,598264.5,3507850.5,2022,0,1,2,3,1,2,6,9,8,1,10,13,5,10,14,9,9,14
2951,1032,598327.5,3507862.5,2022,0,0,1,3,1,0,4,6,2,5,1,1,13,6,9,11,0,1
2962,1063,598420.5,3507829.5,2022,0,0,1,3,3,0,4,6,2,5,1,1,13,6,9,11,0,1
2967,1108,598555.5,3507814.5,2022,0,0,1,3,1,0,4,6,2,5,1,9,2,15,9,11,0,6
2965,1135,598636.5,3507820.5,2022,0,0,1,3,3,0,4,6,2,5,1,9,2,6,9,11,0,1
2966,1141,598654.5,3507817.5,2022,0,0,1,0,6,3,2,7,10,0,5,1,13,6,10,17,12,16
2967,1182,598777.5,3507814.5,2022,1,1,2,2,3,0,4,6,1,9,0,9,2,15,15,7,13,10
2956,1203,598840.5,3507847.5,2022,1,1,3,4,3,0,4,6,1,9,0,5,10,12,1,4,1,2
2965,1251,598984.5,3507820.5,2022,1,1,2,2,5,5,1,4,5,2,12,6,4,3,8,16,4,9
2954,1274,599053.5,3507853.5,2022,1,1,2,2,5,5,1,4,5,2,12,6,4,3,8,16,18,9
2968,1306,599149.5,3507811.5,2022,1,1,3,4,3,0,4,6,1,9,0,5,10,12,1,4,1,2
2965,1336,599239.5,3507820.5,2022,1,1,2,2,5,0,4,6,1,9,0,5,10,15,15,7,13,10
2953,1361,599314.5,3507856.5,2022,1,1,2,2,3,0,4,6,1,9,0,5,10,12,15,7,13,10
2942,1403,599440.5,3507889.5,2022,1,1,3,2,5,0,4,6,1,9,0,5,10,12,15,7,13,10
2964,1434,599533.5,3507823.5,2022,1,1,2,3,3,0,4,6,2,5,1,9,2,15,15,7,13,10
2964,1451,599584.5,3507823.5,2022,0,0,2,3,1,0,4,6,2,5,1,9,2,15,15,7,13,10
2950,1496,599719.5,3507865.5,2022,1,1,2,2,5,5,1,4,5,2,4,6,0,14,7,1,16,4
2948,1500,599731.5,3507871.5,2022,1,1,2,2,5,5,1,2,4,10,4,2,0,14,7,1,16,4
2948,1547,599872.5,3507871.5,2022,1,1,3,2,5,5,1,4,4,10,4,2,14,2,12,6,18,11
2962,1581,599974.5,3507829.5,2022,1,1,2,2,5,0,4,6,4,10,4,9,2,15,15,7,13,10
2941,1605,600046.5,3507892.5,2022,0,0,1,0,6,7,2,7,10,0,5,3,12,8,10,17,11,16
2967,1620,600091.5,3507814.5,2022,1,1,2,2,5,5,1,4,5,2,12,6,4,3,8,16,18,11
2953,1667,600232.5,3507856.5,2022,1,1,2,2,5,5,1,4,5,2,12,6,4,3,8,16,18,9
2957,1706,600349.5,3507844.5,2022,1,1,3,2,5,5,1,4,1,9,0,5,10,12,1,4,18,2
2959,1712,600367.5,3507838.5,2022,1,1,3,4,3,0,4,6,1,9,0,5,10,12,1,4,1,2
2959,1740,600451.5,3507838.5,2022,1,1,2,2,5,0,4,6,1,9,0,9,2,15,15,7,13,10
2953,1791,600604.5,3507856.5,2022,1,1,2,2,5,5,1,4,5,2,12,6,4,3,8,16,18,9
2967,1804,600643.5,3507814.5,2022,1,1,3,4,3,0,4,6,1,9,0,5,10,12,1,4,1,2
2947,1831,600724.5,3507874.5,2022,1,1,3,4,3,0,4,6,1,9,0,5,10,12,1,4,1,2
2952,1867,600832.5,3507859.5,2022,0,0,1,3,3,0,4,6,2,5,1,9,2,15,9,11,0,1
2946,1914,600973.5,3507877.5,2022,1,1,3,4,3,0,4,6,1,9,0,5,10,12,1,4,1,2
2954,1945,601066.5,3507853.5,2022,1,1,2,2,5,5,4,6,1,9,0,9,10,15,15,7,13,10
2957,1959,601108.5,3507844.5,2022,0,0,1,3,3,0,4,6,2,5,1,9,2,15,9,7,13,6
2953,1994,601213.5,3507856.5,2022,0,0,1,0,3,0,4,6,2,5,1,1,13,6,9,11,10,6
2967,2039,601348.5,3507814.5,2022,0,0,1,0,3,0,4,6,2,5,1,1,13,6,9,11,10,6
2965,2047,601372.5,3507820.5,2022,0,0,1,0,6,7,2,7,10,0,5,1,13,6,10,17,0,16
2967,2070,601441.5,3507814.5,2022,0,0,1,0,3,0,4,6,2,5,1,1,13,6,9,11,10,6
2942,2101,601534.5,3507889.5,2022,0,0,1,4,3,0,4,6,2,5,1,9,2,15,9,11,10,6
2945,2138,601645.5,3507880.5,2022,1,1,2,2,5,5,1,4,5,2,12,6,0,14,7,1,16,4
2968,2163,601720.5,3507811.5,2022,0,0,1,0,6,7,7,0,3,4,9,8,9,8,2,0,11,17
2950,2213,601870.5,3507865.5,2022,1,2,4,5,4,6,3,5,6,3,3,4,3,4,4,5,17,3
2944,2248,601975.5,3507883.5,2022,1,2,4,5,4,6,3,5,6,3,3,4,3,4,4,5,17,3
2941,2267,602032.5,3507892.5,2022,1,2,4,5,4,6,3,5,6,3,3,4,3,4,4,5,17,3
2940,2301,602134.5,3507895.5,2022,0,0,1,3,3,0,4,6,2,5,1,9,2,15,15,7,13,10
2954,2329,602218.5,3507853.5,2022,1,0,1,4,3,0,4,6,1,9,0,9,2,15,15,7,13,10
2965,2367,602332.5,3507820.5,2022,0,0,1,0,6,7,2,7,2,0,5,1,13,6,9,11,10,6
2949,2397,602422.5,3507868.5,2022,0,0,1,3,6,7,7,0,3,4,9,8,9,0,2,0,15,12
2942,2428,602515.5,3507889.5,2022,0,0,1,0,6,7,2,7,2,0,5,1,13,6,9,11,0,6
2940,2431,602524.5,3507895.5,2022,0,0,1,0,6,7,2,7,10,0,5,1,13,6,9,11,10,6
2953,2461,602614.5,3507856.5,2022,1,1,3,4,3,0,4,6,1,5,1,9,2,15,15,7,13,10
2942,2513,602770.5,3507889.5,2022,0,0,1,3,1,7,7,0,2,5,1,9,2,0,9,11,0,1
2967,2526,602809.5,3507814.5,2022,0,0,1,0,6,3,2,7,10,0,5,3,12,13,13,10,10,6
2943,2569,602938.5,3507886.5,2022,1,1,2,2,5,5,4,6,2,5,1,9,2,15,15,7,13,10
2953,2593,603010.5,3507856.5,2022,1,2,4,5,4,6,3,6,6,3,7,12,6,7,11,2,3,15
2967,2621,603094.5,3507814.5,2022,1,1,3,4,3,0,4,6,1,9,0,9,2,15,15,7,13,10
2951,2649,603178.5,3507862.5,2022,1,2,4,5,4,6,3,5,6,3,7,12,6,7,11,2,3,15
2958,2688,603295.5,3507841.5,2022,2,3,0,0,3,3,5,1,0,6,6,10,1,5,5,15,10,19
2961,2702,603337.5,3507832.5,2022,1,1,3,4,3,0,4,6,1,9,0,5,10,12,15,7,18,10
2949,2753,603490.5,3507868.5,2022,1,1,3,4,3,0,4,6,2,5,1,9,2,15,15,7,10,10
2957,2783,603580.5,3507844.5,2022,2,3,0,1,0,4,0,8,7,7,11,11,8,1,13,10,7,0
2954,2791,603604.5,3507853.5,2022,2,3,0,4,3,0,5,1,0,6,6,10,1,5,5,15,10,19
2943,2849,603778.5,3507886.5,2022,2,2,4,5,4,6,3,5,6,3,7,12,6,7,11,2,3,15
2942,2852,603787.5,3507889.5,2022,1,2,4,5,4,6,3,5,6,3,7,12,6,7,11,2,3,15
2942,2900,603931.5,3507889.5,2022,2,3,0,1,0,4,0,8,7,8,8,0,7,11,16,3,8,5
2966,2919,603988.5,3507817.5,2022,2,3,0,1,0,3,5,1,0,6,6,10,1,5,5,10,7,19
2960,2954,604093.5,3507835.5,2022,2,3,0,1,0,4,5,1,0,6,6,10,1,5,5,12,6,19
2940,2980,604171.5,3507895.5,2022,2,3,3,4,3,0,5,1,0,6,6,10,1,5,5,12,6,19
2959,3024,604303.5,3507838.5,2022,2,3,0,4,3,4,5,1,0,6,6,10,1,5,5,12,6,19
2952,3048,604375.5,3507859.5,2022,2,3,0,1,3,3,5,1,0,6,6,10,1,5,5,15,10,19
2940,3075,604456.5,3507895.5,2022,2,3,0,1,0,3,5,1,0,6,6,10,1,5,5,15,6,19
2957,3114,604573.5,3507844.5,2022,2,3,0,1,3,3,5,1,0,6,6,10,1,5,5,15,6,19
2965,3131,604624.5,3507820.5,2022,2,3,0,0,0,3,5,1,0,6,6,11,13,1,10,17,12,16
2953,3179,604768.5,3507856.5,2022,2,3,0,1,0,4,5,1,0,6,6,10,1,5,5,12,6,19
2957,3184,604783.5,3507844.5,2022,2,3,0,0,3,3,5,1,0,6,6,10,1,13,5,15,10,19
2959,3225,604906.5,3507838.5,2022,2,3,0,1,0,3,5,1,0,6,6,10,1,5,5,15,6,19
2967,3253,604990.5,3507814.5,2022,2,3,0,1,3,3,5,1,0,6,6,10,1,5,5,15,10,19
2941,3287,605092.5,3507892.5,2022,2,3,0,0,6,3,2,7,10,0,6,1,13,6,10,17,12,16
2969,3324,605203.5,3507808.5,2022,2,3,0,1,0,4,0,8,7,8,8,0,7,11,16,3,8,8
2954,3333,605230.5,3507853.5,2022,2,3,0,1,0,3,5,1,0,7,11,11,8,1,3,13,7,0
2996,7,595252.5,3507727.5,2022,0,0,1,0,6,7,2,7,10,0,5,1,13,6,10,17,12,16
2991,32,595327.5,3507742.5,2022,2,3,0,1,0,3,2,7,10,7,11,11,8,1,10,17,12,16
2970,68,595435.5,3507805.5,2022,2,3,0,1,0,4,0,8,7,7,11,11,8,1,3,13,2,18
2982,114,595573.5,3507769.5,2022,2,3,0,1,0,4,0,8,7,8,8,0,7,11,3,13,2,5
2994,120,595591.5,3507733.5,2022,2,3,0,1,0,4,5,1,0,6,6,10,1,5,5,12,6,5
2973,155,595696.5,3507796.5,2022,2,3,0,1,0,4,0,8,7,7,11,11,8,1,3,13,2,18
2982,199,595828.5,3507769.5,2022,2,3,0,1,0,4,0,8,7,7,11,11,8,1,3,13,2,18
2994,226,595909.5,3507733.5,2022,2,3,0,1,0,4,0,8,7,7,11,11,8,1,3,13,2,18
2982,253,595990.5,3507769.5,2022,2,3,0,1,0,4,0,8,7,7,11,11,8,1,3,13,2,18
2980,284,596083.5,3507775.5,2022,2,3,0,1,0,4,0,8,7,7,11,11,8,1,3,13,2,18
2979,327,596212.5,3507778.5,2022,2,3,0,1,0,4,0,8,7,7,11,11,8,1,3,13,2,18
2974,346,596269.5,3507793.5,2022,2,3,0,1,0,4,0,8,7,7,11,11,8,1,3,13,2,18
2992,360,596311.5,3507739.5,2022,2,3,0,1,0,3,5,1,0,7,11,11,8,1,3,13,12,18
2987,418,596485.5,3507754.5,2022,2,3,0,1,0,4,0,8,7,7,11,11,8,1,3,13,2,18
2979,435,596536.5,3507778.5,2022,2,3,0,1,0,4,0,8,7,7,11,11,8,1,3,13,2,18
2975,464,596623.5,3507790.5,2022,2,3,0,1,0,3,0,8,10,7,11,11,8,1,3,13,2,18
2988,481,596674.5,3507751.5,2022,2,3,0,1,0,4,0,8,7,7,11,11,8,1,3,13,2,18
2978,536,596839.5,3507781.5,2022,2,3,0,0,3,3,5,1,0,6,6,1,13,6,10,15,12,16
2979,545,596866.5,3507778.5,2022,2,3,0,1,3,3,5,1,0,6,6,10,1,5,5,15,6,19
2986,581,596974.5,3507757.5,2022,0,0,1,3,3,0,4,6,2,5,1,1,2,6,9,11,0,1
2970,604,597043.5,3507805.5,2022,2,3,3,4,3,0,4,6,1,9,0,5,10,12,1,4,1,2
2981,646,597169.5,3507772.5,2022,0,0,1,0,3,0,4,6,2,5,1,1,13,6,9,11,0,1
2983,666,597229.5,3507766.5,2022,0,0,1,3,1,0,4,6,2,5,1,9,2,0,6,11,0,1
2978,711,597364.5,3507781.5,2022,0,0,2,3,3,0,4,6,1,9,0,9,10,15,1,4,1,2
2972,733,597430.5,3507799.5,2022,0,0,2,3,1,2,6,9,8,1,10,9,2,15,15,7,13,10
2984,775,597556.5,3507763.5,2022,0,0,2,3,1,2,6,9,8,1,10,13,5,10,14,9,9,14
2995,808,597655.5,3507730.5,2022,0,0,1,3,1,2,7,0,3,4,9,8,9,0,6,8,15,12
2983,811,597664.5,3507766.5,2022,0,0,1,3,1,7,7,0,3,4,9,8,9,0,6,8,15,1
2994,860,597811.5,3507733.5,2022,0,0,1,0,3,0,4,6,2,5,1,1,13,6,9,11,0,1
2984,899,597928.5,3507763.5,2022,1,1,2,2,5,5,1,4,5,2,12,6,4,3,8,16,4,9
2992,917,597982.5,3507739.5,2022,1,1,2,2,5,2,6,9,5,2,10,6,4,10,14,9,4,14
2975,951,598084.5,3507790.5,2022,1,1,2,2,5,5,6,9,5,2,10,6,0,14,7,1,16,4
2986,961,598114.5,3507757.5,2022,1,1,2,2,5,5,1,4,5,2,12,6,4,3,7,1,4,9
2985,1015,598276.5,3507760.5,2022,0,1,2,3,1,2,6,9,8,1,10,9,5,15,15,7,13,10
2976,1040,598351.5,3507787.5,2022,1,1,2,2,5,2,6,9,8,1,10,13,0,10,7,9,9,14
2996,1073,598450.5,3507727.5,2022,1,1,2,2,5,5,1,4,5,2,12,6,0,14,7,1,16,4
2989,1082,598477.5,3507748.5,2022,0,0,2,3,1,2,6,9,8,1,10,13,5,10,14,9,9,14
2973,1133,598630.5,3507796.5,2022,0,0,1,0,6,7,7,0,2,5,1,1,13,6,9,11,0,1
2996,1152,598687.5,3507727.5,2022,0,0,1,0,3,0,4,6,2,5,1,1,2,6,9,11,10,6
2981,1187,598792.5,3507772.5,2022,1,1,3,4,3,0,4,6,1,9,0,5,10,12,1,4,1,2
2982,1208,598855.5,3507769.5,2022,1,1,3,4,3,0,4,6,1,9,0,5,10,12,1,4,1,2
2985,1243,598960.5,3507760.5,2022,1,1,2,2,5,5,1,4,5,2,12,6,4,3,8,16,18,9
2971,1270,599041.5,3507802.5,2022,1,1,3,4,2,1,8,3,1,9,0,5,10,12,8,4,18,11
2993,1290,599101.5,3507736.5,2022,1,1,3,4,3,0,4,6,1,9,0,5,10,15,15,7,13,10
2972,1327,599212.5,3507799.5,2022,1,1,3,4,3,0,4,6,1,9,0,5,10,15,15,7,13,10
2971,1354,599293.5,3507802.5,2022,0,1,2,3,1,0,4,6,2,5,1,9,2,15,15,7,13,10
2993,1401,599434.5,3507736.5,2022,2,3,3,4,3,0,5,6,1,9,0,10,1,12,1,15,10,2
2999,1428,599515.5,3507718.5,2022,1,1,3,4,3,0,4,6,1,9,0,5,10,12,1,4,1,2
2981,1468,599635.5,3507772.5,2022,1,1,2,2,5,5,4,6,4,10,4,9,2,15,15,7,13,10
2985,1479,599668.5,3507760.5,2022,1,1,2,2,5,5,1,6,5,2,4,9,0,15,15,7,13,10
2971,1508,599755.5,3507802.5,2022,1,1,2,2,3,0,4,6,1,9,0,9,2,15,15,7,13,10
2991,1547,599872.5,3507742.5,2022,1,1,3,4,2,1,8,2,4,10,4,2,14,2,12,6,14,11
2972,1574,599953.5,3507799.5,2022,1,1,2,2,5,5,1,4,5,2,12,6,0,14,7,1,16,4
2974,1597,600022.5,3507793.5,2022,1,1,3,2,5,5,1,6,1,9,0,5,10,12,15,7,18,11
2983,1631,600124.5,3507766.5,2022,1,1,2,2,5,5,1,4,5,2,12,6,4,3,8,16,4,9
2973,1677,600262.5,3507796.5,2022,0,1,2,3,1,2,4,9,2,5,1,9,0,14,7,1,0,1
2976,1680,600271.5,3507787.5,2022,1,1,2,2,5,5,1,2,4,10,4,2,0,14,7,1,16,4
2989,1728,600415.5,3507748.5,2022,1,1,2,2,5,5,1,2,4,10,4,2,0,14,7,1,16,4
2970,1763,600520.5,3507805.5,2022,0,0,1,0,3,0,4,6,2,5,1,1,13,6,9,11,0,1
2973,1792,600607.5,3507796.5,2022,2,3,3,4,3,0,4,6,1,9,0,5,10,12,1,4,1,2
2980,1815,600676.5,3507775.5,2022,2,3,0,4,3,0,5,1,0,6,6,10,1,5,5,15,10,19
2976,1837,600742.5,3507787.5,2022,2,3,0,0,3,0,5,1,1,9,0,10,1,12,1,4,10,6
2995,1868,600835.5,3507730.5,2022,2,3,0,0,3,3,5,1,0,6,6,10,1,13,13,10,10,0
2981,1914,600973.5,3507772.5,2022,2,3,1,0,6,3,2,7,10,0,5,1,13,6,10,17,12,16
2997,1944,601063.5,3507724.5,2022,0,0,1,3,6,7,7,6,2,5,1,9,2,15,9,11,10,6
2984,1974,601153.5,3507763.5,2022,0,0,1,0,3,0,4,6,2,5,1,1,13,6,9,11,10,6
2986,1989,601198.5,3507757.5,2022,0,0,1,0,6,7,7,0,2,5,1,1,13,6,9,11,0,1
2989,2017,601282.5,3507748.5,2022,0,0,1,0,6,7,2,7,10,0,5,1,13,8,10,17,11,16
2980,2040,601351.5,3507775.5,2022,0,0,1,3,1,0,4,6,2,5,1,9,2,15,9,11,0,1
2984,2084,601483.5,3507763.5,2022,0,0,1,3,3,0,4,6,2,5,1,1,13,6,9,11,0,1
2983,2117,601582.5,3507766.5,2022,1,1,2,2,5,5,1,2,4,10,4,2,0,14,12,1,16,4
2973,2156,601699.5,3507796.5,2022,0,0,1,0,6,7,7,0,3,0,5,8,9,8,2,0,11,17
2973,2185,601786.5,3507796.5,2022,0,0,1,0,3,3,2,7,2,6,6,1,13,6,9,15,10,6
2993,2207,601852.5,3507736.5,2022,0,0,1,0,3,0,4,6,2,5,1,9,2,15,15,7,10,6
2996,2244,601963.5,3507727.5,2022,0,0,1,0,6,3,2,7,10,0,5,3,12,6,10,17,12,16
2996,2260,602011.5,3507727.5,2022,2,3,0,0,6,3,2,7,10,0,5,3,12,13,13,10,10,16
2985,2281,602074.5,3507760.5,2022,0,0,1,0,6,7,7,0,2,5,1,1,13,6,9,11,0,6
2974,2336,602239.5,3507793.5,2022,0,0,1,0,3,0,4,6,2,5,1,9,2,15,9,11,10,6
2982,2347,602272.5,3507769.5,2022,0,0,1,3,6,7,7,0,2,5,1,9,2,0,9,11,0,6
2978,2380,602371.5,3507781.5,2022,0,0,1,0,6,7,2,7,10,0,5,3,12,8,2,0,11,17
2990,2405,602446.5,3507745.5,2022,0,0,1,0,3,3,2,7,2,6,6,1,13,6,9,15,10,6
2987,2437,602542.5,3507754.5,2022,0,0,1,0,6,3,2,7,10,0,5,3,12,13,10,17,10,6
2973,2472,602647.5,3507796.5,2022,0,0,1,0,3,0,4,6,2,5,1,1,13,6,9,11,10,6
2987,2490,602701.5,3507754.5,2022,0,1,1,3,3,0,4,2,2,5,1,1,13,6,9,11,0,1
2982,2521,602794.5,3507769.5,2022,2,0,1,0,3,3,2,7,0,6,6,10,1,13,13,15,10,6
2994,2569,602938.5,3507733.5,2022,1,0,1,0,3,0,4,6,2,5,1,9,2,15,15,7,13,10
2990,2591,603004.5,3507745.5,2022,0,0,1,0,3,0,4,6,2,5,1,9,2,15,15,7,13,10
2991,2627,603112.5,3507742.5,2022,1,2,4,5,4,6,3,5,6,3,3,4,3,4,4,5,17,3
2997,2663,603220.5,3507724.5,2022,1,2,4,5,4,6,3,5,6,3,7,12,6,7,11,2,3,15
2992,2689,603298.5,3507739.5,2022,1,2,4,5,4,6,3,5,6,3,7,12,6,7,11,2,3,15
2981,2714,603373.5,3507772.5,2022,1,1,3,4,3,0,4,6,1,9,0,9,2,15,15,7,13,10
2979,2737,603442.5,3507778.5,2022,0,0,1,0,6,7,2,7,10,0,5,1,13,6,10,11,0,16
2996,2786,603589.5,3507727.5,2022,2,3,0,1,0,4,0,8,7,7,11,11,8,1,3,12,6,5
2982,2791,603604.5,3507769.5,2022,2,3,0,1,0,4,0,8,7,8,8,0,7,11,16,3,8,8
2995,2840,603751.5,3507730.5,2022,2,3,0,0,6,3,2,7,10,0,5,1,13,6,10,17,12,16
2991,2868,603835.5,3507742.5,2022,2,3,0,1,0,4,0,8,7,8,8,0,7,11,16,3,8,8
2993,2884,603883.5,3507736.5,2022,2,3,0,1,0,4,0,8,7,8,8,0,7,11,16,3,8,8
2999,2934,604033.5,3507718.5,2022,2,3,0,1,3,0,5,1,0,6,6,10,1,5,5,15,10,19
2997,2942,604057.5,3507724.5,2022,2,3,3,4,3,0,5,1,0,6,6,10,1,5,5,15,6,19
2982,2984,604183.5,3507769.5,2022,2,3,0,1,0,4,0,8,7,8,8,0,7,11,16,12,6,5
2975,3018,604285.5,3507790.5,2022,2,3,0,1,0,4,5,1,0,6,6,10,1,5,5,12,6,19
2997,3040,604351.5,3507724.5,2022,2,3,0,4,3,0,5,1,0,6,6,10,1,5,5,15,10,19
2986,3081,604474.5,3507757.5,2022,2,3,3,4,3,0,5,1,0,6,6,10,1,5,5,15,10,19
2976,3111,604564.5,3507787.5,2022,0,0,1,0,3,3,5,1,2,6,6,1,13,6,9,15,10,6
2984,3134,604633.5,3507763.5,2022,1,1,3,4,2,1,8,2,4,10,4,2,14,2,12,6,14,11
2997,3170,604741.5,3507724.5,2022,2,3,0,0,3,3,5,1,0,6,6,10,1,5,5,15,12,19
2984,3200,604831.5,3507763.5,2022,2,3,0,1,3,3,5,1,0,6,6,10,1,5,5,15,10,19
2973,3225,604906.5,3507796.5,2022,1,1,3,4,2,1,8,3,4,10,2,2,14,2,12,6,14,11
2987,3269,605038.5,3507754.5,2022,2,3,0,1,0,4,0,8,7,6,6,10,1,5,5,12,6,5
2995,3278,605065.5,3507730.5,2022,2,3,3,4,3,1,5,1,0,6,6,10,1,5,5,15,14,19
2994,3329,605218.5,3507733.5,2022,2,3,0,1,0,4,0,8,0,7,11,10,1,5,5,12,6,19
2974,3331,605224.5,3507793.5,2022,2,3,0,1,0,3,5,1,0,6,6,10,1,5,5,15,6,19
3023,5,595246.5,3507646.5,2022,0,0,1,0,6,3,2,7,10,0,5,3,13,8,10,17,12,16
3024,53,595390.5,3507643.5,2022,2,3,0,0,0,3,2,7,10,7,11,11,8,1,10,17,12,16
3025,60,595411.5,3507640.5,2022,2,3,0,1,0,3,2,7,10,7,11,11,8,1,10,13,12,16
3022,99,595528.5,3507649.5,2022,2,3,0,1,0,4,0,1,0,7,11,11,8,1,3,13,2,18
3011,133,595630.5,3507682.5,2022,2,3,0,1,0,4,5,1,0,6,6,11,8,5,5,15,6,19
3013,152,595687.5,3507676.5,2022,2,3,0,1,0,4,0,8,7,7,11,11,8,1,3,12,6,18
3016,196,595819.5,3507667.5,2022,2,3,0,1,0,4,0,8,7,7,11,11,8,1,3,13,2,18
3026,221,595894.5,3507637.5,2022,2,3,0,1,0,4,0,8,7,7,11,11,8,1,3,13,2,18
3021,255,595996.5,3507652.5,2022,2,3,0,1,0,4,0,8,7,7,11,11,8,1,3,13,2,18
3028,271,596044.5,3507631.5,2022,2,3,0,1,0,4,0,8,7,7,11,11,8,1,3,13,2,18
3014,319,596188.5,3507673.5,2022,2,3,0,1,0,4,0,8,7,7,11,11,8,1,3,13,2,18
3024,330,596221.5,3507643.5,2022,2,3,0,1,0,3,2,7,0,7,11,11,8,1,3,13,12,18
3025,378,596365.5,3507640.5,2022,2,3,0,1,0,3,0,8,7,7,11,11,8,1,3,13,2,18
3016,394,596413.5,3507667.5,2022,2,3,0,1,0,3,0,8,7,7,11,11,8,1,3,13,2,18
3022,440,596551.5,3507649.5,2022,2,3,0,0,0,3,2,7,10,7,11,11,8,1,10,17,12,16
3004,477,596662.5,3507703.5,2022,2,3,0,1,0,3,2,7,10,7,11,11,8,1,3,13,2,18
3000,486,596689.5,3507715.5,2022,2,3,0,1,0,3,2,7,10,7,11,11,8,1,3,13,2,18
3002,513,596770.5,3507709.5,2022,2,3,0,1,0,3,5,1,0,7,11,11,8,1,10,17,12,16
3027,544,596863.5,3507634.5,2022,2,1,3,4,3,0,4,2,4,10,4,1,13,6,12,15,14,7
3018,591,597004.5,3507661.5,2022,0,0,1,0,3,3,2,1,0,6,6,1,13,6,10,17,12,16
3004,606,597049.5,3507703.5,2022,0,0,1,0,3,0,4,6,2,5,1,1,13,6,9,11,0,1
3028,642,597157.5,3507631.5,2022,2,0,1,0,6,3,2,7,10,0,5,1,13,6,10,17,12,16
3020,668,597235.5,3507655.5,2022,2,3,0,0,6,3,2,7,10,0,5,11,13,1,10,17,12,16
3009,701,597334.5,3507688.5,2022,0,0,1,0,6,7,2,7,10,0,5,1,13,6,10,17,0,1
3025,735,597436.5,3507640.5,2022,0,0,2,3,1,2,6,9,8,1,10,13,5,10,6,8,9,14
3027,752,597487.5,3507634.5,2022,0,0,1,3,1,2,7,0,8,4,9,8,9,0,6,8,15,12
3027,809,597658.5,3507634.5,2022,1,1,2,2,5,2,6,9,8,1,10,13,5,10,14,9,9,14
3027,836,597739.5,3507634.5,2022,1,1,2,2,5,5,1,4,5,2,12,6,4,3,8,16,18,11
3009,866,597829.5,3507688.5,2022,1,1,2,2,5,5,1,4,5,2,12,6,4,3,7,16,4,9
3011,897,597922.5,3507682.5,2022,0,1,2,3,1,2,6,9,8,1,10,13,5,10,14,9,9,14
3029,923,598000.5,3507628.5,2022,0,0,2,3,1,2,6,9,8,1,10,13,5,10,14,9,9,14
3018,948,598075.5,3507661.5,2022,1,1,2,2,5,2,6,9,8,1,10,13,5,10,14,9,9,14
3023,970,598141.5,3507646.5,2022,0,0,2,3,1,2,6,9,8,1,10,13,5,10,14,9,9,14
3004,994,598213.5,3507703.5,2022,0,0,1,0,3,0,4,6,2,5,1,1,13,6,9,11,10,6
3018,1034,598333.5,3507661.5,2022,0,0,1,3,1,7,4,6,2,5,1,9,2,15,9,11,0,6
3002,1068,598435.5,3507709.5,2022,0,0,1,3,1,2,4,6,2,5,1,9,2,15,15,7,13,10
3005,1085,598486.5,3507700.5,2022,0,0,2,3,1,2,6,6,2,5,1,9,2,15,15,7,13,10
3004,1137,598642.5,3507703.5,2022,1,1,2,3,3,0,4,6,2,5,1,9,2,15,15,7,13,10
3007,1158,598705.5,3507694.5,2022,1,1,3,4,3,0,4,6,1,9,0,5,10,15,15,7,13,10
3021,1171,598744.5,3507652.5,2022,0,1,2,3,3,0,4,6,1,5,1,9,2,15,15,7,13,10
3012,1229,598918.5,3507679.5,2022,1,1,3,4,5,0,1,6,1,9,0,5,10,12,1,4,1,2
3018,1240,598951.5,3507661.5,2022,1,1,3,4,3,0,4,6,1,9,0,5,10,12,1,4,1,2
3005,1279,599068.5,3507700.5,2022,1,1,3,2,5,5,1,4,5,2,12,6,4,3,8,16,18,9
3014,1298,599125.5,3507673.5,2022,1,1,2,2,5,5,1,4,5,2,12,6,4,3,8,16,4,9
3007,1347,599272.5,3507694.5,2022,1,1,3,2,5,5,1,4,1,9,0,5,10,12,8,16,18,2
3005,1363,599320.5,3507700.5,2022,1,1,3,2,5,5,1,4,1,2,12,5,4,3,8,16,18,9
3000,1407,599452.5,3507715.5,2022,1,1,3,4,2,5,1,4,1,9,0,5,14,2,8,16,18,11
3026,1421,599494.5,3507637.5,2022,1,1,2,2,5,5,1,4,5,2,12,6,4,3,8,16,4,9
3017,1460,599611.5,3507664.5,2022,1,1,3,4,2,1,8,4,1,9,0,5,10,12,1,4,18,2
3008,1497,599722.5,3507691.5,2022,0,0,2,3,1,2,4,6,2,5,1,9,2,15,9,11,0,1
3020,1510,599761.5,3507655.5,2022,1,1,2,2,5,5,1,4,5,2,12,6,4,3,15,7,13,10
3026,1543,599860.5,3507637.5,2022,1,1,2,2,5,5,1,4,5,2,12,6,4,3,8,16,18,9
3019,1577,599962.5,3507658.5,2022,1,1,2,2,5,0,4,2,4,10,4,2,0,14,12,1,16,7
3023,1598,600025.5,3507646.5,2022,0,0,1,4,3,0,4,6,2,5,1,9,2,15,9,7,10,6
3029,1639,600148.5,3507628.5,2022,1,1,3,2,5,5,1,4,1,9,0,5,10,12,8,4,18,2
3016,1653,600190.5,3507667.5,2022,1,1,2,2,5,5,1,4,5,2,12,6,0,14,15,7,13,10
3018,1703,600340.5,3507661.5,2022,0,0,1,0,6,7,7,0,2,5,1,1,13,6,9,11,0,6
3021,1717,600382.5,3507652.5,2022,0,0,1,3,1,7,7,0,2,5,1,1,2,0,9,11,0,1
3013,1761,600514.5,3507676.5,2022,1,1,2,3,3,0,4,6,2,5,1,9,2,15,15,7,13,10
3016,1799,600628.5,3507667.5,2022,0,0,1,0,6,7,2,7,2,0,5,1,13,6,9,11,0,6
3019,1819,600688.5,3507658.5,2022,0,1,3,4,3,0,4,6,2,5,1,9,2,15,9,15,10,6
3019,1834,600733.5,3507658.5,2022,1,2,4,5,4,6,3,5,6,3,7,12,6,7,11,2,3,15
3008,1889,600898.5,3507691.5,2022,2,3,0,0,3,0,5,1,0,6,6,10,1,13,13,10,10,19
3028,1907,600952.5,3507631.5,2022,2,3,0,1,3,4,5,1,0,6,6,10,1,5,5,12,6,19
3021,1935,601036.5,3507652.5,2022,1,1,3,4,3,0,4,6,1,9,1,9,2,15,15,7,13,10
3026,1972,601147.5,3507637.5,2022,2,3,3,4,3,0,4,6,2,6,6,10,1,6,9,15,10,6
3018,1987,601192.5,3507661.5,2022,1,1,3,4,3,0,4,2,4,10,4,2,14,2,12,6,14,7
3015,2037,601342.5,3507670.5,2022,0,0,1,0,3,0,4,1,2,6,6,1,13,6,9,15,10,6
3025,2040,601351.5,3507640.5,2022,0,0,1,0,6,3,2,7,10,0,5,3,12,13,13,10,10,6
3009,2093,601510.5,3507688.5,2022,1,1,3,4,3,0,4,6,1,9,0,5,10,15,15,7,13,10
3028,2102,601537.5,3507631.5,2022,0,1,3,4,3,0,4,6,1,9,0,5,10,12,1,4,1,2
3016,2139,601648.5,3507667.5,2022,0,0,1,0,3,0,4,6,2,5,1,1,13,6,9,15,10,6
3005,2184,601783.5,3507700.5,2022,0,0,1,0,6,7,7,0,2,5,1,1,13,6,9,11,0,1
3011,2215,601876.5,3507682.5,2022,0,0,1,3,1,0,4,6,2,5,1,9,2,15,15,7,13,10
3009,2241,601954.5,3507688.5,2022,0,0,1,0,3,3,4,7,2,5,1,1,13,6,9,11,10,6
3021,2268,602035.5,3507652.5,2022,2,3,1,0,6,3,2,7,10,0,5,3,12,13,13,10,10,6
3005,2309,602158.5,3507700.5,2022,0,0,1,0,6,7,7,0,2,5,1,8,2,0,9,11,0,6
3017,2335,602236.5,3507664.5,2022,0,0,1,3,1,0,4,6,2,5,1,9,2,15,15,7,13,10
3012,2364,602323.5,3507679.5,2022,0,0,1,0,6,7,4,6,2,5,1,9,2,15,9,11,10,6
3009,2386,602389.5,3507688.5,2022,0,0,1,0,6,3,2,7,10,0,5,3,12,13,9,11,10,6
3027,2413,602470.5,3507634.5,2022,2,3,0,0,3,3,5,1,0,6,6,10,1,5,5,15,10,19
3026,2454,602593.5,3507637.5,2022,2,3,1,0,3,0,4,6,2,5,1,9,2,15,15,7,10,10
3011,2475,602656.5,3507682.5,2022,0,0,1,0,3,0,4,6,2,5,1,9,2,15,15,7,13,6
3011,2504,602743.5,3507682.5,2022,0,0,1,0,3,3,2,7,2,5,1,1,13,6,9,15,10,6
3018,2535,602836.5,3507661.5,2022,2,3,0,0,0,3,5,1,0,6,6,10,1,13,13,10,7,0
3008,2570,602941.5,3507691.5,2022,1,2,4,5,4,6,3,5,6,3,7,12,6,7,11,2,3,15
3024,2590,603001.5,3507643.5,2022,1,1,1,3,3,0,4,6,2,5,1,9,2,15,15,7,13,10
3027,2615,603076.5,3507634.5,2022,1,2,4,5,4,6,3,5,6,3,7,12,6,7,11,2,3,15
3005,2664,603223.5,3507700.5,2022,1,2,4,5,4,6,3,5,6,3,7,12,6,7,11,2,3,15
3003,2693,603310.5,3507706.5,2022,1,1,3,4,3,0,4,6,2,5,1,9,2,15,15,7,10,10
3024,2712,603367.5,3507643.5,2022,1,1,3,4,3,0,4,6,2,5,1,9,2,15,15,7,13,10
3017,2742,603457.5,3507664.5,2022,0,0,1,0,3,0,4,6,2,5,1,9,2,15,9,11,10,6
3027,2773,603550.5,3507634.5,2022,2,3,0,1,0,4,5,1,0,6,6,10,1,5,5,12,6,19
3019,2817,603682.5,3507658.5,2022,2,3,0,1,0,4,5,1,0,6,6,10,1,5,5,15,6,19
3017,2832,603727.5,3507664.5,2022,2,3,0,1,3,3,5,1,0,6,6,10,1,5,5,15,6,19
3023,2855,603796.5,3507646.5,2022,2,3,0,1,0,4,0,8,7,6,6,10,1,5,5,12,6,5
3015,2883,603880.5,3507670.5,2022,1,1,3,2,2,5,1,4,5,2,12,2,14,2,8,16,18,11
3003,2914,603973.5,3507706.5,2022,2,3,0,1,3,3,5,1,0,6,6,10,1,5,5,15,6,19
3009,2945,604066.5,3507688.5,2022,2,3,0,4,3,0,5,1,0,6,6,10,1,5,5,15,10,19
3029,2980,604171.5,3507628.5,2022,2,3,0,1,0,3,5,1,0,6,6,10,1,13,13,10,7,0
3013,3004,604243.5,3507676.5,2022,2,3,0,1,0,3,5,1,0,6,6,10,1,5,5,15,10,19
3011,3030,604321.5,3507682.5,2022,1,1,3,4,2,1,8,2,4,10,4,2,14,2,12,6,14,7
3007,3067,604432.5,3507694.5,2022,2,3,3,4,3,0,5,1,0,6,6,10,1,5,5,15,10,19
3015,3108,604555.5,3507670.5,2022,2,3,3,4,3,0,4,1,0,6,6,10,1,5,5,15,10,19
3003,3147,604672.5,3507706.5,2022,2,3,0,1,0,3,5,1,0,6,6,10,1,13,13,10,7,0
3005,3168,604735.5,3507700.5,2022,2,3,0,1,0,3,5,1,0,6,6,11,8,5,5,15,12,19
3007,3190,604801.5,3507694.5,2022,1,1,3,2,5,5,1,2,4,10,4,2,14,2,12,6,18,11
3017,3223,604900.5,3507664.5,2022,2,3,0,1,0,3,5,1,0,6,6,10,1,13,13,10,7,0
3023,3259,605008.5,3507646.5,2022,2,3,0,1,0,3,5,1,0,6,6,10,1,5,5,15,6,19
3025,3283,605080.5,3507640.5,2022,1,1,3,4,2,1,8,2,4,10,4,2,14,2,12,6,14,7
3001,3322,605197.5,3507712.5,2022,2,3,0,0,3,3,5,1,0,6,6,10,1,5,5,15,10,19
3002,3333,605230.5,3507709.5,2022,2,3,0,1,0,3,5,1,0,6,6,10,1,5,5,15,6,19
3043,9,595258.5,3507586.5,2022,0,0,1,0,6,7,7,0,3,0,5,1,13,6,9,11,0,1
3050,32,595327.5,3507565.5,2022,2,3,1,0,6,3,2,7,10,0,5,1,13,6,10,17,12,16
3032,74,595453.5,3507619.5,2022,2,3,0,1,0,3,5,1,0,7,11,11,8,1,3,13,12,18
3050,93,595510.5,3507565.5,2022,2,3,0,1,0,4,5,1,0,6,6,10,1,5,5,12,6,5
3044,144,595663.5,3507583.5,2022,2,3,0,1,0,4,0,8,7,7,11,11,8,1,3,13,2,18
3050,175,595756.5,3507565.5,2022,2,3,0,1,0,4,0,8,7,7,11,11,8,1,3,13,2,18
3058,201,595834.5,3507541.5,2022,2,3,0,1,0,4,0,8,7,7,11,11,8,1,3,13,2,18
3043,228,595915.5,3507586.5,2022,2,3,0,1,0,4,0,8,7,7,11,11,8,1,3,13,2,18
3044,245,595966.5,3507583.5,2022,2,3,0,1,0,4,0,8,7,7,11,11,8,1,3,13,2,18
3036,299,596128.5,3507607.5,2022,2,3,0,1,0,4,0,8,7,7,11,11,8,1,3,13,2,18
3051,323,596200.5,3507562.5,2022,2,3,0,0,0,3,2,7,10,7,11,11,8,1,10,17,12,16
3041,344,596263.5,3507592.5,2022,2,3,0,1,0,3,2,7,0,7,11,11,8,1,3,13,12,18
3031,365,596326.5,3507622.5,2022,2,3,0,1,0,3,2,1,0,7,11,11,8,1,3,13,12,18
3044,414,596473.5,3507583.5,2022,2,3,0,1,0,4,0,8,7,7,11,11,8,1,3,13,2,18
3057,443,596560.5,3507544.5,2022,2,3,0,1,0,3,0,8,7,7,11,11,8,1,3,13,2,18
3051,451,596584.5,3507562.5,2022,2,3,0,1,0,3,0,8,10,7,11,11,8,1,3,13,2,18
3032,502,596737.5,3507619.5,2022,2,3,0,1,0,3,2,7,10,7,11,11,8,1,3,13,12,18
3059,515,596776.5,3507538.5,2022,2,3,0,1,0,3,2,7,10,7,11,11,8,1,3,13,2,18
3031,548,596875.5,3507622.5,2022,2,1,3,4,2,1,8,2,4,10,4,2,14,2,12,6,14,7
3050,586,596989.5,3507565.5,2022,0,0,1,3,1,7,7,0,3,4,9,8,9,0,6,11,0,1
3053,601,597034.5,3507556.5,2022,0,0,1,3,3,7,4,0,2,5,1,1,13,6,9,11,0,1
3045,647,597172.5,3507580.5,2022,2,3,0,0,6,3,2,7,10,0,5,11,13,1,10,17,12,16
3055,660,597211.5,3507550.5,2022,2,3,0,0,6,3,2,7,10,0,6,1,13,6,10,17,12,16
3050,693,597310.5,3507565.5,2022,0,0,1,0,6,7,7,0,2,5,1,1,13,6,9,11,0,1
3049,724,597403.5,3507568.5,2022,0,0,1,0,6,3,2,7,2,0,5,1,13,6,10,17,12,1
3031,764,597523.5,3507622.5,2022,1,1,2,2,5,2,6,9,8,1,10,13,0,10,7,9,9,14
3041,803,597640.5,3507592.5,2022,0,0,2,3,1,2,4,6,2,5,1,9,2,15,15,7,13,10
3047,834,597733.5,3507574.5,2022,1,1,3,4,3,0,4,2,4,10,4,2,0,14,12,6,14,7
3042,869,597838.5,3507589.5,2022,0,1,2,3,1,2,6,9,8,1,10,13,5,10,14,9,9,14
3056,877,597862.5,3507547.5,2022,0,1,2,3,1,2,6,9,8,1,10,13,5,10,14,9,9,14
3038,916,597979.5,3507601.5,2022,0,0,2,3,1,2,6,9,8,1,10,13,5,10,14,9,9,14
3057,954,598093.5,3507544.5,2022,0,0,2,3,1,2,6,9,8,1,10,13,5,10,14,9,9,14
3059,964,598123.5,3507538.5,2022,1,1,2,2,5,5,1,4,5,2,12,6,0,14,7,1,16,4
3036,998,598225.5,3507607.5,2022,0,0,1,3,1,2,7,0,3,4,9,8,9,0,6,8,15,12
3049,1046,598369.5,3507568.5,2022,0,0,1,3,1,7,4,0,2,5,1,1,13,6,9,11,0,1
3050,1057,598402.5,3507565.5,2022,0,0,1,0,6,7,4,0,2,5,1,1,13,6,9,11,0,6
3049,1100,598531.5,3507568.5,2022,0,0,1,3,1,0,4,6,2,5,1,9,2,15,9,11,0,6
3050,1118,598585.5,3507565.5,2022,0,0,2,3,1,2,6,9,8,1,10,9,2,15,15,7,13,10
3050,1168,598735.5,3507565.5,2022,0,0,1,0,3,0,4,6,2,5,1,9,2,15,15,7,10,6
3052,1170,598741.5,3507559.5,2022,0,0,1,0,3,0,4,6,2,5,1,9,2,15,15,7,10,6
3043,1216,598879.5,3507586.5,2022,2,3,0,0,0,3,2,7,10,0,5,10,12,13,10,17,12,16
3041,1256,598999.5,3507592.5,2022,1,1,2,2,5,5,1,2,4,10,4,2,0,14,7,1,16,4
3043,1267,599032.5,3507586.5,2022,1,1,2,2,5,5,1,2,4,10,4,2,0,14,12,1,16,4
3030,1308,599155.5,3507625.5,2022,1,1,2,2,5,5,4,6,1,9,0,5,10,15,15,7,13,10
3046,1325,599206.5,3507577.5,2022,1,1,2,2,5,5,1,6,1,9,0,5,10,12,1,4,1,2
3053,1365,599326.5,3507556.5,2022,1,1,3,4,3,0,4,6,1,9,0,5,10,12,15,7,13,2
3037,1395,599416.5,3507604.5,2022,1,1,3,2,5,5,1,4,1,9,0,5,10,12,8,7,18,11
3043,1431,599524.5,3507586.5,2022,1,1,2,2,5,5,1,4,5,2,12,6,4,3,8,16,4,9
3054,1467,599632.5,3507553.5,2022,1,1,2,2,5,5,1,4,5,2,12,6,4,3,8,16,4,9
3054,1498,599725.5,3507553.5,2022,1,1,2,2,5,5,1,4,5,2,12,6,4,3,8,16,18,9
3034,1510,599761.5,3507613.5,2022,1,1,2,2,5,5,1,2,4,10,4,2,0,14,15,7,13,10
3045,1552,599887.5,3507580.5,2022,1,1,3,2,5,5,1,2,4,10,4,2,0,14,12,6,16,7
3051,1571,599944.5,3507562.5,2022,0,0,1,0,3,0,4,6,2,5,1,1,13,6,9,11,0,6
3035,1597,600022.5,3507610.5,2022,1,1,3,4,3,0,4,6,2,5,1,9,2,15,9,7,10,10
3033,1642,600157.5,3507616.5,2022,1,1,2,2,5,0,4,6,1,9,0,9,2,15,15,7,13,10
3047,1669,600238.5,3507574.5,2022,0,0,1,3,1,7,7,0,3,4,9,8,9,0,6,8,15,12
3053,1696,600319.5,3507556.5,2022,0,0,2,3,1,2,6,9,8,1,10,9,2,15,15,7,13,10
3052,1717,600382.5,3507559.5,2022,1,1,2,2,5,5,1,2,4,10,4,2,0,14,7,1,16,4
3057,1767,600532.5,3507544.5,2022,0,0,1,3,1,0,4,6,2,5,1,9,2,15,9,11,0,1
3041,1791,600604.5,3507592.5,2022,0,0,1,0,6,3,2,7,10,0,5,3,13,6,10,17,12,16
3042,1828,600715.5,3507589.5,2022,0,0,1,3,3,0,4,6,2,5,1,9,2,15,9,7,10,6
3047,1833,600730.5,3507574.5,2022,0,0,1,4,3,0,4,6,2,5,1,1,2,6,9,15,10,6
3058,1870,600841.5,3507541.5,2022,2,3,0,1,3,3,5,1,0,6,6,10,1,5,5,15,6,19
3041,1890,600901.5,3507592.5,2022,2,3,1,0,6,3,2,7,10,0,5,3,12,13,13,10,10,6
3037,1948,601075.5,3507604.5,2022,0,0,1,0,6,3,2,7,10,0,5,3,12,6,9,11,10,6
3038,1962,601117.5,3507601.5,2022,0,0,1,0,6,7,2,7,10,0,5,3,12,13,9,11,11,6
3031,2008,601255.5,3507622.5,2022,0,0,1,0,6,7,2,7,10,0,5,1,13,6,9,11,10,6
3039,2030,601321.5,3507598.5,2022,0,0,1,0,6,3,2,7,10,0,5,3,12,13,13,10,11,17
3049,2060,601411.5,3507568.5,2022,0,0,1,0,6,3,2,7,10,0,5,3,12,13,13,10,10,6
3031,2090,601501.5,3507622.5,2022,2,3,0,0,3,3,2,7,0,6,6,10,1,13,13,10,7,0
3035,2112,601567.5,3507610.5,2022,2,3,0,1,3,3,5,1,0,6,6,10,1,5,5,15,6,19
3048,2143,601660.5,3507571.5,2022,0,0,1,3,1,7,4,6,2,5,1,9,2,15,9,11,0,6
3059,2167,601732.5,3507538.5,2022,0,0,1,0,6,7,7,0,3,4,9,8,9,8,2,0,11,17
3050,2192,601807.5,3507565.5,2022,0,0,1,3,1,0,4,6,2,5,1,9,2,15,9,11,0,1
3035,2225,601906.5,3507610.5,2022,1,2,4,5,4,6,3,5,6,3,7,12,6,7,11,5,3,3
3047,2276,602059.5,3507574.5,2022,2,3,0,0,3,3,5,1,0,6,6,10,1,13,13,10,10,0
3053,2287,602092.5,3507556.5,2022,2,3,0,0,6,3,2,7,10,0,5,3,12,13,13,10,7,0
3040,2316,602179.5,3507595.5,2022,0,0,1,0,3,3,2,1,2,6,6,1,13,6,9,15,10,6
3055,2341,602254.5,3507550.5,2022,1,2,4,5,4,6,3,5,6,3,3,4,3,4,4,5,17,3
3057,2392,602407.5,3507544.5,2022,1,0,1,3,3,0,4,6,2,5,1,9,2,15,15,7,13,10
3038,2401,602434.5,3507601.5,2022,1,1,3,4,3,0,4,6,2,5,1,9,2,15,15,7,13,10
3053,2448,602575.5,3507556.5,2022,2,3,0,0,3,3,2,7,0,6,6,10,1,13,13,10,10,0
3058,2464,602623.5,3507541.5,2022,0,0,1,0,3,0,4,6,2,5,1,10,2,15,9,15,10,6
3034,2490,602701.5,3507613.5,2022,0,0,1,0,3,0,4,6,2,6,6,10,1,13,13,15,10,6
3038,2521,602794.5,3507601.5,2022,0,0,1,0,6,3,2,7,10,0,5,3,12,13,13,10,10,0
3056,2557,602902.5,3507547.5,2022,2,3,0,0,3,3,5,1,0,6,6,10,1,13,13,15,10,19
3034,2584,602983.5,3507613.5,2022,0,0,1,0,3,3,2,1,2,6,6,10,13,6,9,15,10,6
3052,2619,603088.5,3507559.5,2022,1,2,4,5,4,6,3,5,6,3,7,12,6,7,11,2,3,15
3033,2644,603163.5,3507616.5,2022,1,2,4,5,4,6,3,5,6,3,3,4,3,4,4,5,17,3
3058,2687,603292.5,3507541.5,2022,2,3,0,0,3,3,5,1,0,6,6,10,1,13,13,15,10,19
3046,2700,603331.5,3507577.5,2022,2,3,0,1,0,3,5,1,0,6,6,10,1,5,5,10,7,19
3052,2755,603496.5,3507559.5,2022,2,3,0,1,3,3,5,1,0,6,6,10,1,5,5,15,6,19
3033,2775,603556.5,3507616.5,2022,2,3,0,1,0,4,0,8,7,8,8,0,7,11,16,12,2,5
3033,2803,603640.5,3507616.5,2022,2,3,0,1,0,4,0,8,7,8,8,0,7,11,16,12,8,5
3037,2833,603730.5,3507604.5,2022,2,3,0,0,0,3,2,7,10,7,11,11,8,1,10,17,12,16
3055,2868,603835.5,3507550.5,2022,2,3,3,4,2,1,8,3,9,11,2,7,11,9,0,14,5,13
3045,2893,603910.5,3507580.5,2022,2,3,0,1,0,4,5,1,0,6,6,10,1,5,5,12,6,19
3034,2935,604036.5,3507613.5,2022,2,3,0,1,0,3,5,1,0,6,6,10,1,5,5,15,6,19
3035,2963,604120.5,3507610.5,2022,2,3,3,4,2,1,8,3,9,11,2,7,11,5,0,14,14,7
3045,2991,604204.5,3507580.5,2022,2,3,0,1,0,3,5,1,0,6,6,10,1,5,5,10,7,0
3037,3005,604246.5,3507604.5,2022,2,3,0,0,6,3,2,7,10,6,6,10,1,13,13,10,7,0
3039,3041,604354.5,3507598.5,2022,2,3,0,0,3,3,5,1,0,6,6,10,1,5,5,15,10,19
3032,3066,604429.5,3507619.5,2022,2,3,3,4,3,0,5,1,0,6,6,10,1,5,5,15,10,19
3057,3100,604531.5,3507544.5,2022,2,3,0,1,3,3,5,1,0,6,6,10,1,5,5,15,6,19
3043,3140,604651.5,3507586.5,2022,2,3,0,1,0,4,5,1,0,6,6,10,1,5,5,12,6,19
3057,3158,604705.5,3507544.5,2022,2,3,0,1,0,4,5,1,0,6,6,10,1,5,5,12,6,19
3045,3208,604855.5,3507580.5,2022,2,3,0,1,0,4,5,1,0,6,6,10,1,5,5,12,6,19
3046,3228,604915.5,3507577.5,2022,2,3,0,1,3,3,5,1,0,6,6,10,1,5,5,15,6,19
3056,3264,605023.5,3507547.5,2022,0,0,1,0,6,3,2,7,2,0,5,1,13,6,9,11,10,6
3035,3287,605092.5,3507610.5,2022,2,3,1,0,3,3,5,1,0,6,6,1,13,6,9,15,12,19
3040,3316,605179.5,3507595.5,2022,1,1,3,4,3,0,5,1,0,6,6,2,14,2,12,15,14,7
3049,3332,605227.5,3507568.5,2022,2,3,0,1,0,3,5,1,0,6,6,10,1,5,5,15,12,19
3075,23,595300.5,3507490.5,2022,0,0,1,0,6,7,7,0,3,4,9,1,13,6,2,11,0,1
3066,50,595381.5,3507517.5,2022,2,3,0,1,0,3,5,1,0,6,6,11,8,1,5,15,12,19
3084,64,595423.5,3507463.5,2022,2,3,0,1,0,4,0,8,7,7,11,11,8,1,3,13,2,18
3089,112,595567.5,3507448.5,2022,2,3,0,1,0,4,0,8,7,7,11,11,8,1,3,13,2,18
3070,149,595678.5,3507505.5,2022,2,3,0,1,0,4,0,8,7,7,11,11,8,1,3,13,2,18
3060,155,595696.5,3507535.5,2022,2,3,0,1,0,4,0,8,7,7,11,11,8,1,3,13,2,18
3078,181,595774.5,3507481.5,2022,2,3,0,1,0,4,0,8,7,7,11,11,8,1,3,13,2,18
3064,217,595882.5,3507523.5,2022,2,3,0,1,0,4,0,8,7,7,11,11,8,1,3,13,2,18
3065,268,596035.5,3507520.5,2022,2,3,0,1,0,4,0,8,7,7,11,11,8,1,3,13,2,18
3082,281,596074.5,3507469.5,2022,2,3,0,1,0,4,0,8,7,7,11,11,8,1,3,13,2,18
3076,318,596185.5,3507487.5,2022,2,3,0,1,0,4,0,8,7,7,11,11,8,1,3,13,2,18
3083,342,596257.5,3507466.5,2022,2,3,0,1,0,4,0,8,7,7,11,11,8,1,3,13,2,18
3080,384,596383.5,3507475.5,2022,2,3,0,1,0,3,0,8,7,7,11,11,8,1,3,13,2,18
3075,399,596428.5,3507490.5,2022,2,3,0,1,0,3,2,7,10,7,11,11,8,1,3,13,2,18
3065,443,596560.5,3507520.5,2022,2,3,0,1,0,3,5,1,0,7,11,11,8,1,3,13,2,18
3073,467,596632.5,3507496.5,2022,2,3,0,1,0,3,5,1,0,6,6,11,8,1,10,15,12,19
3066,505,596746.5,3507517.5,2022,2,3,0,1,0,3,0,8,7,7,11,11,8,1,3,13,2,18
3075,513,596770.5,3507490.5,2022,2,3,0,0,6,3,2,7,10,7,11,11,8,1,10,17,12,16
3077,552,596887.5,3507484.5,2022,2,3,0,0,6,3,2,7,10,0,11,11,8,1,10,17,12,16
3069,575,596956.5,3507508.5,2022,2,3,1,0,6,3,2,7,10,0,5,1,13,6,10,17,12,16
3089,619,597088.5,3507448.5,2022,0,0,1,0,6,3,2,7,10,0,5,1,13,6,10,17,12,16
3061,637,597142.5,3507532.5,2022,2,3,1,0,6,3,2,7,10,0,5,1,13,6,10,17,12,16
3067,669,597238.5,3507514.5,2022,0,1,2,3,3,0,4,6,2,5,1,9,2,15,9,11,0,1
3070,698,597325.5,3507505.5,2022,0,0,1,3,3,0,4,6,2,5,1,9,2,15,9,11,0,6
3068,732,597427.5,3507511.5,2022,0,0,1,0,6,3,2,7,10,0,5,1,13,6,10,17,12,16
3075,762,597517.5,3507490.5,2022,0,0,2,3,1,2,6,9,2,5,1,9,2,15,6,8,0,10
3065,796,597619.5,3507520.5,2022,1,1,2,2,5,2,6,4,5,2,12,6,4,3,14,9,4,9
3085,822,597697.5,3507460.5,2022,1,1,2,3,1,2,6,9,8,1,10,13,5,10,14,9,9,14
3072,846,597769.5,3507499.5,2022,0,0,2,3,1,2,6,9,8,1,10,13,5,10,14,9,9,14
3083,879,597868.5,3507466.5,2022,0,0,1,3,1,2,6,9,8,1,10,13,5,0,6,8,15,12
3062,912,597967.5,3507529.5,2022,0,0,2,3,1,2,6,9,8,1,10,13,5,10,14,9,9,14
3064,931,598024.5,3507523.5,2022,0,0,2,3,1,2,6,9,8,1,10,13,5,10,14,9,9,14
3067,964,598123.5,3507514.5,2022,0,0,2,3,1,2,6,9,8,1,10,13,5,10,14,9,9,14
3088,1006,598249.5,3507451.5,2022,0,0,1,3,1,2,6,9,8,4,9,8,9,0,6,8,15,12
3062,1031,598324.5,3507529.5,2022,0,0,1,3,3,0,4,6,2,5,1,9,2,15,9,11,0,6
3067,1068,598435.5,3507514.5,2022,0,0,1,0,3,0,4,6,2,5,1,9,2,6,9,11,10,6
3068,1101,598534.5,3507511.5,2022,0,0,1,3,1,0,4,6,2,5,1,9,2,15,9,11,0,6
3060,1125,598606.5,3507535.5,2022,0,0,1,3,1,2,7,0,2,5,1,9,2,0,6,8,0,12
3089,1152,598687.5,3507448.5,2022,0,0,1,0,3,0,4,6,2,5,1,10,2,15,9,15,10,6
3069,1194,598813.5,3507508.5,2022,0,0,1,0,3,0,4,6,2,5,1,9,2,15,9,15,10,6
3064,1218,598885.5,3507523.5,2022,0,0,2,3,1,2,6,9,8,1,10,13,5,10,14,9,9,14
3068,1231,598924.5,3507511.5,2022,0,0,1,0,6,3,2,7,10,0,5,1,13,6,9,11,10,6
3089,1286,599089.5,3507448.5,2022,2,3,3,4,3,0,4,6,1,9,0,5,10,12,1,4,10,2
3085,1313,599170.5,3507460.5,2022,0,0,1,3,3,0,4,6,2,5,1,9,2,15,15,7,13,10
3069,1335,599236.5,3507508.5,2022,1,1,2,2,5,0,4,6,1,9,0,9,2,15,15,7,13,10
3060,1353,599290.5,3507535.5,2022,1,1,3,4,3,0,4,6,1,9,0,5,10,15,15,7,13,10
3080,1406,599449.5,3507475.5,2022,1,1,2,2,5,5,1,4,5,2,12,6,4,3,8,16,4,9
3062,1414,599473.5,3507529.5,2022,1,1,2,2,5,5,1,6,1,9,0,5,10,12,1,4,18,2
3064,1467,599632.5,3507523.5,2022,1,1,2,2,5,5,1,4,5,2,12,6,4,3,8,16,4,9
3077,1476,599659.5,3507484.5,2022,1,1,2,2,5,5,1,4,5,2,12,6,0,14,7,1,16,4
3084,1520,599791.5,3507463.5,2022,1,1,2,2,5,5,1,4,5,2,12,6,4,3,15,7,13,10
3065,1539,599848.5,3507520.5,2022,1,1,2,2,5,5,1,2,4,10,4,2,14,14,12,6,18,4
3072,1577,599962.5,3507499.5,2022,1,1,3,2,5,5,1,2,4,10,4,2,14,2,12,6,14,7
3072,1610,600061.5,3507499.5,2022,1,1,2,2,5,5,1,4,5,2,12,6,4,3,8,16,4,9
3084,1621,600094.5,3507463.5,2022,1,1,2,2,5,5,1,2,5,2,4,6,0,14,7,1,16,4
3062,1667,600232.5,3507529.5,2022,1,1,2,2,5,5,1,4,5,2,12,6,4,3,7,1,16,4
3070,1699,600328.5,3507505.5,2022,1,1,2,2,5,5,1,4,5,2,12,6,0,14,7,1,16,4
3060,1712,600367.5,3507535.5,2022,0,0,1,0,6,7,7,0,3,0,5,1,13,6,9,11,0,1
3073,1750,600481.5,3507496.5,2022,0,0,1,3,1,7,7,0,2,5,1,1,13,6,9,11,0,1
3065,1770,600541.5,3507520.5,2022,0,0,1,3,1,2,4,9,2,5,1,9,2,0,6,11,0,1
3087,1827,600712.5,3507454.5,2022,2,0,1,0,6,3,2,7,10,0,5,3,12,13,13,10,7,0
3060,1837,600742.5,3507535.5,2022,0,0,1,3,3,0,4,6,2,5,1,1,13,6,9,11,0,1
3076,1882,600877.5,3507487.5,2022,2,0,1,0,6,3,2,7,10,0,5,1,13,6,10,17,12,16
3062,1891,600904.5,3507529.5,2022,0,0,1,0,3,0,4,1,2,6,6,1,13,6,9,15,10,6
3088,1932,601027.5,3507451.5,2022,0,0,1,3,1,7,7,0,3,4,9,8,9,0,6,8,15,12
3074,1962,601117.5,3507493.5,2022,0,0,1,0,6,7,7,0,3,4,9,8,9,8,2,0,11,17
3072,2008,601255.5,3507499.5,2022,0,0,1,0,6,7,2,7,10,0,5,3,12,13,13,0,11,6
3080,2012,601267.5,3507475.5,2022,2,3,0,0,3,3,5,1,0,6,6,10,1,6,5,15,10,6
3083,2048,601375.5,3507466.5,2022,0,0,1,0,6,3,2,7,10,0,5,3,12,13,13,10,11,16
3066,2082,601477.5,3507517.5,2022,2,3,1,0,3,0,5,1,0,6,6,10,1,6,9,15,10,6
3081,2128,601615.5,3507472.5,2022,2,3,0,0,6,3,2,7,10,0,5,3,12,13,13,10,7,0
3074,2152,601687.5,3507493.5,2022,2,0,1,0,6,3,2,7,10,0,5,1,13,6,10,17,12,16
3061,2171,601744.5,3507532.5,2022,0,0,1,0,6,7,7,0,3,4,9,8,9,8,2,0,11,17
3069,2192,601807.5,3507508.5,2022,1,1,2,2,5,5,1,2,4,10,4,9,0,14,7,1,16,4
3067,2226,601909.5,3507514.5,2022,1,2,4,5,4,6,3,5,6,3,3,4,3,4,4,5,17,3
3062,2276,602059.5,3507529.5,2022,2,3,0,0,3,3,5,1,0,6,6,10,1,5,5,15,10,19
3074,2282,602077.5,3507493.5,2022,2,3,0,0,3,3,2,1,0,6,6,10,1,13,13,15,10,19
3078,2312,602167.5,3507481.5,2022,0,0,1,0,3,0,4,6,2,5,1,1,13,6,9,11,10,6
3063,2354,602293.5,3507526.5,2022,1,1,3,4,2,5,1,2,4,10,4,2,14,2,12,6,18,11
3089,2374,602353.5,3507448.5,2022,0,0,1,0,6,3,2,7,10,0,5,3,12,8,2,0,11,17
3060,2407,602452.5,3507535.5,2022,0,0,1,0,3,0,4,6,2,5,1,9,2,15,15,7,10,6
3062,2430,602521.5,3507529.5,2022,2,3,0,0,6,3,2,7,10,0,5,3,12,13,13,10,7,0
3070,2468,602635.5,3507505.5,2022,0,0,1,0,6,3,2,7,10,0,5,3,12,13,13,10,10,6
3075,2511,602764.5,3507490.5,2022,2,3,0,0,3,3,5,1,0,6,6,10,1,13,13,10,10,19
3073,2549,602878.5,3507496.5,2022,2,3,0,0,6,3,2,7,10,0,5,3,12,13,13,10,7,0
3081,2565,602926.5,3507472.5,2022,2,3,0,0,3,3,5,1,0,6,6,10,1,5,5,15,10,19
3082,2597,603022.5,3507469.5,2022,1,2,4,5,4,6,3,5,6,3,7,12,6,7,11,2,3,15
3077,2627,603112.5,3507484.5,2022,2,3,0,1,0,3,2,7,10,7,11,3,12,13,13,10,7,0
3074,2656,603199.5,3507493.5,2022,2,3,0,1,0,3,2,7,10,7,11,11,8,13,13,10,7,0
3068,2680,603271.5,3507511.5,2022,2,3,0,1,0,3,2,7,10,6,11,3,12,13,13,10,7,0
3081,2720,603391.5,3507472.5,2022,2,3,0,4,3,0,5,1,0,6,6,10,1,5,5,15,10,19
3069,2754,603493.5,3507508.5,2022,2,3,0,1,0,4,5,1,0,6,6,10,1,5,5,12,6,19
3070,2766,603529.5,3507505.5,2022,2,3,0,1,0,4,0,8,7,8,8,10,1,13,13,10,7,0
3082,2790,603601.5,3507469.5,2022,2,3,0,1,0,4,0,8,7,6,8,10,1,5,5,12,6,5
3083,2827,603712.5,3507466.5,2022,2,3,0,1,0,4,0,8,7,8,8,0,7,11,16,3,8,8
3073,2874,603853.5,3507496.5,2022,2,3,0,1,0,4,0,8,7,8,8,0,1,5,5,12,6,5
3061,2901,603934.5,3507532.5,2022,2,3,0,1,0,4,0,8,7,8,8,0,7,11,16,12,6,5
3089,2928,604015.5,3507448.5,2022,2,3,0,1,0,4,5,1,0,6,6,10,1,5,5,12,6,5
3079,2944,604063.5,3507478.5,2022,2,3,0,1,0,4,0,8,7,8,8,0,7,11,16,12,8,5
3089,2992,604207.5,3507448.5,2022,2,3,0,1,3,0,5,1,0,6,6,10,1,5,5,15,10,19
3081,3015,604276.5,3507472.5,2022,2,3,0,0,3,3,5,1,0,6,6,10,1,5,5,15,10,19
3077,3053,604390.5,3507484.5,2022,2,3,0,0,3,3,5,1,0,6,6,1,13,6,9,15,10,19
3064,3072,604447.5,3507523.5,2022,2,3,3,4,3,0,5,1,0,6,6,10,1,5,5,15,10,19
3066,3104,604543.5,3507517.5,2022,2,3,0,1,0,4,5,1,0,6,6,10,1,5,5,12,6,19
3071,3138,604645.5,3507502.5,2022,2,3,0,1,0,4,5,1,0,6,6,10,1,5,5,12,6,19
3072,3157,604702.5,3507499.5,2022,2,3,0,1,0,3,5,1,0,6,6,10,1,5,5,15,6,19
3070,3203,604840.5,3507505.5,2022,2,3,0,0,3,3,2,1,0,6,6,10,13,6,10,15,12,16
3077,3235,604936.5,3507484.5,2022,2,3,0,0,6,3,2,7,10,0,5,3,12,13,10,17,12,16
3088,3262,605017.5,3507451.5,2022,2,3,0,0,3,3,2,1,0,6,6,10,1,13,13,15,10,19
3065,3270,605041.5,3507520.5,2022,1,1,2,2,5,5,1,2,4,10,4,2,0,14,7,1,16,4
3071,3312,605167.5,3507502.5,2022,1,1,3,2,2,5,1,2,4,10,4,2,14,2,12,6,14,7
3063,3332,605227.5,3507526.5,2022,2,3,3,4,3,0,4,1,0,6,6,10,1,5,5,15,10,19
3093,11,595264.5,3507436.5,2022,2,3,0,0,3,3,5,1,0,6,6,1,13,6,10,17,12,16
3104,55,595396.5,3507403.5,2022,2,3,0,1,0,4,0,8,7,7,11,11,8,1,3,13,2,18
3099,67,595432.5,3507418.5,2022,2,3,0,1,0,4,0,8,7,7,11,11,8,1,3,13,2,18
3117,110,595561.5,3507364.5,2022,2,3,0,1,0,4,0,8,7,7,11,11,8,1,3,13,2,18
3107,130,595621.5,3507394.5,2022,2,3,0,1,0,4,0,8,7,7,11,11,8,1,3,13,2,18
3107,151,595684.5,3507394.5,2022,2,3,0,1,0,4,0,8,7,8,8,0,7,11,3,3,2,18
3111,206,595849.5,3507382.5,2022,2,3,0,1,0,4,0,8,7,7,11,0,7,11,3,3,2,18
3106,211,595864.5,3507397.5,2022,2,3,0,1,0,4,0,8,7,7,11,11,8,1,3,13,2,18
3112,269,596038.5,3507379.5,2022,2,3,0,1,0,4,0,8,7,7,11,11,8,1,3,13,2,18
3119,275,596056.5,3507358.5,2022,2,3,0,1,0,3,5,1,0,7,11,11,8,1,3,13,12,18
3116,326,596209.5,3507367.5,2022,2,3,0,0,3,3,5,1,0,6,6,1,13,6,10,17,12,16
3094,346,596269.5,3507433.5,2022,2,3,0,0,6,3,2,7,0,6,6,11,13,1,10,17,12,16
3110,382,596377.5,3507385.5,2022,0,0,1,0,3,3,2,1,2,6,6,1,13,6,10,17,12,16
3090,404,596443.5,3507445.5,2022,2,3,0,1,0,3,2,7,10,7,11,11,8,1,3,13,2,18
3099,434,596533.5,3507418.5,2022,2,3,0,0,6,3,2,7,10,0,5,1,13,1,10,17,12,16
3109,462,596617.5,3507388.5,2022,2,3,0,0,6,3,2,7,10,0,5,11,13,1,10,17,12,16
3114,505,596746.5,3507373.5,2022,2,3,0,0,0,3,2,1,0,6,6,11,13,1,10,17,12,16
3092,521,596794.5,3507439.5,2022,2,3,0,1,0,3,2,7,10,7,11,11,8,1,3,13,12,18
3103,567,596932.5,3507406.5,2022,2,3,1,0,6,3,2,7,10,0,5,1,13,6,10,17,12,16
3098,584,596983.5,3507421.5,2022,2,0,1,0,6,3,2,7,10,0,5,1,13,6,10,17,12,16
3101,615,597076.5,3507412.5,2022,0,0,1,0,6,3,2,7,10,0,5,1,13,6,10,17,12,16
3093,647,597172.5,3507436.5,2022,0,0,1,0,6,7,2,7,10,0,5,1,13,8,10,17,12,16
3098,671,597244.5,3507421.5,2022,0,0,1,0,6,3,2,7,10,0,5,1,13,6,10,17,12,16
3107,715,597376.5,3507394.5,2022,0,0,1,3,1,7,7,0,3,4,9,8,9,0,6,8,15,12
3104,748,597475.5,3507403.5,2022,0,0,2,3,1,2,6,9,8,1,10,13,5,0,6,8,9,12
3110,769,597538.5,3507385.5,2022,0,0,2,3,1,2,6,9,8,1,10,13,5,10,14,9,9,14
3110,785,597586.5,3507385.5,2022,0,0,2,3,1,2,6,9,8,1,10,13,5,10,14,9,9,14
3118,837,597742.5,3507361.5,2022,0,0,1,3,1,7,7,0,2,5,1,1,13,0,9,11,0,1
3099,854,597793.5,3507418.5,2022,0,0,1,3,1,7,7,0,2,5,1,9,2,0,6,11,0,1
3100,888,597895.5,3507415.5,2022,0,0,1,3,1,2,6,9,8,1,10,13,5,0,6,8,15,12
3116,928,598015.5,3507367.5,2022,1,1,2,2,5,2,6,9,8,1,10,13,5,10,14,9,9,14
3096,930,598021.5,3507427.5,2022,0,0,2,3,1,2,6,9,8,1,10,13,5,10,14,9,9,14
3111,974,598153.5,3507382.5,2022,0,0,2,3,1,2,6,9,8,1,10,13,5,10,6,8,9,12
3109,999,598228.5,3507388.5,2022,0,0,1,3,1,2,7,9,8,4,9,8,9,0,6,8,15,12
3112,1040,598351.5,3507379.5,2022,0,0,2,3,1,2,6,9,8,1,10,13,5,10,15,7,13,10
3099,1079,598468.5,3507418.5,2022,1,1,2,2,5,5,1,4,5,2,12,6,0,14,7,1,16,4
3104,1101,598534.5,3507403.5,2022,0,0,1,3,1,2,4,6,2,5,1,9,2,15,15,7,13,10
3103,1117,598582.5,3507406.5,2022,0,0,1,3,1,0,4,6,2,5,1,9,2,15,9,11,0,6
3107,1148,598675.5,3507394.5,2022,2,3,1,0,3,0,5,1,0,6,6,10,1,6,9,15,10,6
3108,1198,598825.5,3507391.5,2022,0,1,2,3,3,0,4,6,1,5,1,9,2,15,15,7,13,10
3117,1229,598918.5,3507364.5,2022,0,0,1,0,3,0,4,6,2,5,1,1,13,6,9,11,10,6
3102,1242,598957.5,3507409.5,2022,0,0,2,3,1,0,4,6,2,5,1,9,2,15,15,7,13,10
3092,1283,599080.5,3507439.5,2022,1,1,3,4,3,0,4,6,1,9,0,9,2,15,15,7,13,10
3114,1303,599140.5,3507373.5,2022,2,3,0,0,3,0,5,1,0,6,6,10,1,5,5,15,10,6
3099,1332,599227.5,3507418.5,2022,0,0,1,3,6,7,7,0,3,4,9,8,9,0,2,8,15,12
3100,1360,599311.5,3507415.5,2022,1,1,2,2,5,5,1,6,8,1,10,9,0,15,15,7,13,10
3104,1391,599404.5,3507403.5,2022,1,1,2,2,5,5,1,4,5,2,12,6,4,3,7,1,13,4
3102,1426,599509.5,3507409.5,2022,1,1,2,2,5,2,6,9,8,1,10,13,5,10,15,7,13,10
3092,1466,599629.5,3507439.5,2022,1,1,2,2,5,5,1,4,5,2,12,2,4,3,8,16,18,11
3115,1475,599656.5,3507370.5,2022,1,1,2,2,5,5,1,4,5,2,12,6,0,14,7,1,16,4
3115,1523,599800.5,3507370.5,2022,1,1,2,2,5,5,1,4,5,2,12,9,4,15,15,7,13,10
3108,1550,599881.5,3507391.5,2022,1,1,2,2,5,5,1,4,5,2,12,9,0,14,7,1,16,4
3099,1566,599929.5,3507418.5,2022,1,1,2,3,3,0,4,6,2,5,1,9,2,15,15,7,13,10
3119,1610,600061.5,3507358.5,2022,0,0,1,3,1,7,7,0,2,5,1,1,13,6,9,11,0,1
3115,1631,600124.5,3507370.5,2022,1,1,2,2,3,0,4,2,4,10,4,2,0,14,9,11,0,7
3108,1659,600208.5,3507391.5,2022,1,1,2,2,5,5,4,2,4,10,4,2,0,14,7,1,16,7
3115,1692,600307.5,3507370.5,2022,0,0,1,0,6,7,7,0,3,4,9,8,9,8,2,0,11,17
3099,1727,600412.5,3507418.5,2022,0,1,2,3,3,0,4,2,2,5,1,1,0,14,9,11,0,1
3112,1745,600466.5,3507379.5,2022,1,1,2,2,5,5,1,2,4,10,4,2,0,14,7,1,16,4
3105,1794,600613.5,3507400.5,2022,0,0,1,0,6,7,2,7,10,0,5,3,12,8,2,0,11,17
3108,1822,600697.5,3507391.5,2022,0,0,1,0,3,3,4,1,2,6,6,1,13,6,9,15,10,6
3095,1830,600721.5,3507430.5,2022,0,0,1,0,3,0,4,6,2,5,1,1,13,6,9,15,10,6
3116,1879,600868.5,3507367.5,2022,0,0,1,0,6,3,2,7,10,0,5,3,12,8,10,17,11,16
3095,1912,600967.5,3507430.5,2022,0,0,1,3,1,7,4,6,2,5,1,9,2,15,9,11,0,1
3095,1941,601054.5,3507430.5,2022,0,0,1,3,1,7,7,0,3,4,9,8,9,0,6,8,15,12
3116,1976,601159.5,3507367.5,2022,0,0,1,0,3,3,2,7,10,0,5,1,13,6,9,15,10,6
3090,2007,601252.5,3507445.5,2022,2,0,1,0,3,0,5,1,0,6,6,10,1,6,9,15,10,6
3117,2025,601306.5,3507364.5,2022,2,3,0,0,3,3,2,1,0,6,6,10,1,13,13,15,10,19
3119,2053,601390.5,3507358.5,2022,0,0,1,0,6,3,2,7,10,0,5,3,12,13,13,17,11,17
3093,2087,601492.5,3507436.5,2022,2,3,0,0,6,3,2,7,10,0,5,3,12,13,13,10,7,0
3116,2124,601603.5,3507367.5,2022,2,3,0,0,6,3,2,7,10,0,5,3,12,13,10,17,12,16
3112,2133,601630.5,3507379.5,2022,2,3,0,0,6,3,2,7,10,0,5,3,12,13,13,10,7,0
3092,2185,601786.5,3507439.5,2022,0,0,1,3,3,0,4,6,2,5,1,9,2,15,9,11,13,10
3098,2209,601858.5,3507421.5,2022,0,0,1,0,3,0,4,6,2,5,1,1,13,6,9,11,0,1
3096,2245,601966.5,3507427.5,2022,1,1,3,4,2,5,1,2,4,10,4,2,14,2,12,6,18,11
3104,2264,602023.5,3507403.5,2022,0,0,1,0,3,0,4,6,2,5,1,1,13,6,9,11,10,6
3107,2287,602092.5,3507394.5,2022,0,0,1,0,6,3,2,7,2,5,5,1,13,6,9,11,10,6
3109,2334,602233.5,3507388.5,2022,0,0,1,3,3,0,4,6,2,5,1,9,2,15,9,11,0,10
3108,2354,602293.5,3507391.5,2022,0,0,1,0,6,3,2,7,10,0,5,3,12,13,13,17,12,16
3106,2399,602428.5,3507397.5,2022,2,3,0,0,6,3,2,7,10,0,5,10,12,13,13,17,12,16
3111,2422,602497.5,3507382.5,2022,2,3,1,0,6,3,2,7,10,0,5,3,12,13,13,10,7,0
3110,2441,602554.5,3507385.5,2022,2,3,0,1,0,3,5,1,0,6,6,10,1,5,5,15,6,19
3105,2471,602644.5,3507400.5,2022,2,3,0,0,6,3,2,7,10,0,5,3,12,13,13,10,7,0
3106,2490,602701.5,3507397.5,2022,0,0,1,0,6,3,2,7,10,0,5,3,12,13,13,10,10,6
3115,2529,602818.5,3507370.5,2022,2,3,3,4,3,0,4,6,0,6,6,10,1,15,5,15,10,19
3104,2561,602914.5,3507403.5,2022,2,3,0,1,0,4,5,1,0,6,6,10,1,5,5,15,6,19
3115,2607,603052.5,3507370.5,2022,2,3,0,1,0,4,0,8,7,7,11,0,1,5,5,12,7,5
3118,2617,603082.5,3507361.5,2022,2,3,0,1,0,3,5,1,0,6,6,10,1,13,13,10,7,0
3118,2666,603229.5,3507361.5,2022,2,3,0,1,0,4,0,8,7,8,8,0,7,11,16,13,7,0
3118,2691,603304.5,3507361.5,2022,2,3,0,0,6,3,2,7,10,0,5,3,12,13,13,10,7,0
3115,2712,603367.5,3507370.5,2022,2,3,0,1,0,3,2,7,10,6,6,10,1,13,13,10,7,0
3108,2759,603508.5,3507391.5,2022,2,3,0,1,0,4,5,1,0,6,6,10,1,5,5,12,6,19
3090,2788,603595.5,3507445.5,2022,2,3,0,1,0,4,0,8,7,8,8,0,7,11,16,12,6,5
3097,2791,603604.5,3507424.5,2022,2,3,0,1,0,4,0,8,7,8,8,0,7,11,16,3,8,5
3107,2822,603697.5,3507394.5,2022,2,3,0,1,0,4,0,8,7,8,8,0,7,11,16,3,8,5
3099,2851,603784.5,3507418.5,2022,2,3,0,4,0,4,5,1,0,6,6,10,1,5,5,12,6,19
3117,2887,603892.5,3507364.5,2022,2,3,0,1,0,4,5,1,0,6,6,10,1,5,5,12,6,5
3092,2933,604030.5,3507439.5,2022,2,3,0,1,0,4,0,8,7,6,8,10,1,5,5,12,6,5
3118,2950,604081.5,3507361.5,2022,1,2,4,5,4,6,3,5,6,3,7,12,6,7,11,2,3,15
3097,2971,604144.5,3507424.5,2022,1,3,3,4,3,0,4,6,1,6,7,12,6,7,11,2,3,15
3107,3016,604279.5,3507394.5,2022,2,3,0,1,0,4,0,8,7,8,8,0,7,11,16,3,8,5
3096,3059,604408.5,3507427.5,2022,2,3,0,4,3,0,5,1,0,6,6,10,1,5,5,15,6,19
3114,3066,604429.5,3507373.5,2022,1,2,4,5,4,6,3,5,6,3,7,12,6,7,11,2,3,15
3090,3102,604537.5,3507445.5,2022,2,3,0,1,0,3,5,1,0,6,6,10,1,5,5,12,6,19
3108,3144,604663.5,3507391.5,2022,1,1,3,4,3,0,4,1,0,6,6,10,13,6,9,15,14,7
3093,3161,604714.5,3507436.5,2022,2,3,0,1,0,3,5,1,0,6,6,10,1,5,5,15,12,19
3101,3185,604786.5,3507412.5,2022,2,0,1,0,3,0,4,1,2,6,6,1,13,6,9,15,10,6
3096,3233,604930.5,3507427.5,2022,2,3,0,0,3,3,5,1,0,6,6,10,1,6,5,15,10,19
3099,3256,604999.5,3507418.5,2022,2,3,0,0,6,3,2,7,10,0,5,3,12,13,10,17,12,16
3118,3291,605104.5,3507361.5,2022,2,3,3,4,3,0,5,1,0,6,6,10,1,5,5,15,14,7
3101,3323,605200.5,3507412.5,2022,2,3,0,0,6,3,2,7,10,0,5,3,12,13,10,17,12,16
3117,3330,605221.5,3507364.5,2022,2,3,0,1,0,3,5,1,0,6,6,10,1,5,5,15,6,19
3126,25,595306.5,3507337.5,2022,2,3,0,1,0,4,0,8,7,7,11,11,8,1,3,13,2,18
3144,54,595393.5,3507283.5,2022,2,3,0,1,0,4,5,1,0,6,8,10,1,5,5,12,6,5
3132,87,595492.5,3507319.5,2022,2,3,0,1,0,4,0,8,7,8,8,0,7,11,16,12,8,5
3127,101,595534.5,3507334.5,2022,2,3,0,1,0,4,0,8,7,7,11,11,8,1,3,13,2,18
3149,122,595597.5,3507268.5,2022,2,3,0,1,0,4,0,8,7,8,8,0,7,11,3,13,2,18
3144,152,595687.5,3507283.5,2022,2,3,0,1,0,4,0,8,7,7,11,11,8,1,3,13,2,18
3122,190,595801.5,3507349.5,2022,2,3,0,1,0,4,0,8,7,7,11,11,8,1,3,13,2,18
3147,239,595948.5,3507274.5,2022,2,3,0,1,0,4,0,8,7,7,11,11,8,1,3,13,2,18
3125,246,595969.5,3507340.5,2022,2,3,0,1,0,4,0,8,7,7,11,11,8,1,3,13,2,18
3145,284,596083.5,3507280.5,2022,2,3,0,1,0,4,0,8,7,7,11,11,8,1,3,13,2,18
3133,317,596182.5,3507316.5,2022,2,3,0,1,0,3,2,1,0,7,11,11,8,1,10,17,12,16
3133,340,596251.5,3507316.5,2022,1,1,3,4,3,0,4,6,1,9,0,5,10,12,1,4,1,2
3127,365,596326.5,3507334.5,2022,0,0,1,0,6,3,2,7,10,0,5,1,13,6,10,17,12,16
3140,391,596404.5,3507295.5,2022,2,0,1,0,3,3,2,7,0,0,6,1,13,6,10,17,12,16
3125,425,596506.5,3507340.5,2022,2,3,0,1,0,3,2,7,10,7,11,11,8,1,3,13,2,18
3144,464,596623.5,3507283.5,2022,0,0,1,0,6,3,2,7,10,0,5,1,13,6,10,17,12,16
3121,487,596692.5,3507352.5,2022,0,0,1,0,6,3,2,7,10,0,5,1,13,6,10,17,12,16
3141,522,596797.5,3507292.5,2022,2,0,1,0,6,3,2,7,10,0,5,3,12,8,10,17,12,16
3130,543,596860.5,3507325.5,2022,0,0,1,0,3,7,4,0,2,5,1,1,13,6,9,11,0,1
3140,575,596956.5,3507295.5,2022,0,0,1,0,6,3,2,7,10,0,5,1,13,6,10,17,12,16
3140,623,597100.5,3507295.5,2022,0,0,1,0,6,3,2,7,10,0,5,3,12,8,10,17,12,16
3131,658,597205.5,3507322.5,2022,0,0,1,0,6,7,7,0,3,0,5,8,9,8,2,0,11,17
3136,672,597247.5,3507307.5,2022,2,3,0,0,6,3,2,7,10,0,5,3,12,1,10,17,12,16
3143,694,597313.5,3507286.5,2022,0,0,1,0,3,3,2,7,2,0,5,1,13,6,9,11,12,16
3147,722,597397.5,3507274.5,2022,0,0,1,0,6,7,7,0,3,4,9,1,13,6,10,11,0,1
3134,754,597493.5,3507313.5,2022,0,0,1,3,1,7,7,0,3,4,9,8,9,0,6,8,15,12
3129,800,597631.5,3507328.5,2022,0,0,1,3,1,7,7,0,3,4,9,8,9,0,6,8,0,1
3126,810,597661.5,3507337.5,2022,0,0,1,3,1,7,7,0,2,5,1,1,9,0,9,11,0,1
3131,865,597826.5,3507322.5,2022,0,0,2,3,1,2,6,9,8,1,10,13,5,0,6,8,9,12
3129,893,597910.5,3507328.5,2022,0,0,2,3,1,2,6,9,8,1,10,13,5,10,14,9,9,14
3123,912,597967.5,3507346.5,2022,0,0,2,3,1,2,6,9,8,1,10,13,5,10,14,9,9,14
3133,938,598045.5,3507316.5,2022,0,0,2,3,1,2,6,9,8,1,10,13,5,10,14,9,9,14
3127,972,598147.5,3507334.5,2022,0,0,1,3,1,2,6,9,8,1,10,13,5,0,6,8,15,12
3130,992,598207.5,3507325.5,2022,0,0,2,3,1,2,6,9,8,1,10,13,5,10,14,9,9,14
3124,1021,598294.5,3507343.5,2022,0,0,2,3,1,2,6,9,8,1,10,13,5,10,14,9,9,14
3148,1059,598408.5,3507271.5,2022,0,0,1,3,1,2,6,9,8,1,10,13,5,0,6,8,15,12
3126,1083,598480.5,3507337.5,2022,0,0,1,3,3,0,4,6,2,5,1,9,2,15,15,7,13,10
3126,1120,598591.5,3507337.5,2022,0,0,1,3,1,2,6,9,2,5,1,9,2,0,6,8,0,12
3149,1140,598651.5,3507268.5,2022,0,0,1,0,6,7,7,0,3,4,9,8,9,0,2,0,15,17
3143,1184,598783.5,3507286.5,2022,0,0,1,3,6,7,7,0,2,5,1,8,2,0,9,11,0,6
3146,1218,598885.5,3507277.5,2022,0,0,1,3,6,7,7,0,2,5,1,8,9,0,9,11,0,6
3146,1248,598975.5,3507277.5,2022,0,0,1,3,3,0,4,6,2,5,1,9,2,15,15,7,10,6
3121,1268,599035.5,3507352.5,2022,0,0,1,3,3,0,4,6,2,5,1,9,2,15,15,7,10,6
3130,1301,599134.5,3507325.5,2022,0,0,1,0,3,0,4,6,2,5,1,9,2,15,9,11,10,6
3136,1347,599272.5,3507307.5,2022,0,0,1,0,3,0,4,6,2,5,1,1,2,6,9,11,10,6
3145,1373,599350.5,3507280.5,2022,0,0,1,0,6,3,2,7,10,0,5,3,12,8,2,0,11,17
3139,1402,599437.5,3507298.5,2022,0,0,1,3,1,7,7,0,3,4,9,1,9,0,6,11,0,1
3137,1426,599509.5,3507304.5,2022,0,0,1,3,1,7,4,0,2,5,1,1,13,6,9,11,0,1
3138,1456,599599.5,3507301.5,2022,0,0,2,3,1,2,6,9,8,5,1,9,0,0,6,8,0,1
3137,1499,599728.5,3507304.5,2022,0,0,1,3,1,0,4,6,2,5,1,9,2,15,15,7,13,10
3149,1507,599752.5,3507268.5,2022,1,1,2,2,5,5,1,4,5,2,12,6,0,14,7,1,16,4
3129,1531,599824.5,3507328.5,2022,1,1,2,2,5,5,1,2,4,10,4,9,0,14,7,1,16,4
3131,1574,599953.5,3507322.5,2022,0,0,1,3,1,2,4,0,2,5,1,9,2,0,6,11,0,1
3120,1609,600058.5,3507355.5,2022,0,0,1,3,6,7,7,0,2,5,1,1,13,6,9,11,0,1
3122,1636,600139.5,3507349.5,2022,1,1,2,2,5,0,4,6,2,5,1,9,2,15,15,7,13,10
3144,1659,600208.5,3507283.5,2022,0,0,1,3,1,7,7,0,3,4,9,8,9,0,6,8,15,12
3146,1698,600325.5,3507277.5,2022,1,1,2,2,5,5,1,4,5,2,12,6,4,3,7,16,4,9
3148,1718,600385.5,3507271.5,2022,1,1,2,2,5,5,1,4,5,2,12,6,4,3,7,1,16,4
3147,1745,600466.5,3507274.5,2022,0,0,1,3,1,0,4,6,2,5,1,9,2,15,9,11,0,1
3125,1798,600625.5,3507340.5,2022,0,0,1,0,6,7,7,0,3,4,9,8,9,8,2,0,11,17
3143,1824,600703.5,3507286.5,2022,0,1,2,3,1,2,4,6,2,5,1,9,2,15,15,7,13,10
3134,1858,600805.5,3507313.5,2022,2,3,0,0,3,3,5,1,0,6,6,10,1,5,5,15,10,19
3129,1870,600841.5,3507328.5,2022,0,0,1,0,3,0,4,6,2,5,1,1,13,6,9,11,10,6
3146,1902,600937.5,3507277.5,2022,0,0,1,0,6,3,2,7,10,0,5,3,12,8,2,0,11,17
3121,1934,601033.5,3507352.5,2022,0,0,1,0,6,7,2,7,10,0,5,3,12,8,2,0,11,17
3129,1978,601165.5,3507328.5,2022,0,0,1,0,3,0,4,6,2,5,1,1,13,6,9,11,0,1
3149,1989,601198.5,3507268.5,2022,0,0,1,0,6,7,2,7,10,0,5,1,13,6,9,11,10,6
3143,2014,601273.5,3507286.5,2022,2,0,1,0,6,3,2,7,10,0,5,3,12,13,13,10,12,16
3141,2059,601408.5,3507292.5,2022,0,0,1,0,3,0,4,7,2,5,1,1,13,6,9,11,10,6
3138,2081,601474.5,3507301.5,2022,0,0,1,0,6,3,2,7,10,0,5,1,13,6,10,17,12,16
3144,2100,601531.5,3507283.5,2022,0,0,1,0,6,7,2,7,10,0,5,3,12,8,2,0,11,17
3120,2140,601651.5,3507355.5,2022,2,3,0,0,0,3,2,7,10,0,5,3,12,13,13,17,12,16
3146,2178,601765.5,3507277.5,2022,0,0,1,0,6,3,2,7,10,0,5,3,12,13,13,17,11,16
3136,2216,601879.5,3507307.5,2022,0,0,1,0,6,3,2,7,10,0,5,3,12,6,10,17,10,6
3130,2241,601954.5,3507325.5,2022,1,2,4,5,4,6,3,5,6,3,7,12,6,7,11,5,3,3
3141,2254,601993.5,3507292.5,2022,0,0,1,0,6,3,2,7,10,0,5,3,12,13,10,17,11,16
3144,2303,602140.5,3507283.5,2022,2,3,0,0,6,3,2,7,10,0,5,3,12,13,13,10,7,0
3124,2311,602164.5,3507343.5,2022,1,2,4,5,4,6,3,5,6,3,7,12,6,7,11,2,3,15
3145,2361,602314.5,3507280.5,2022,2,3,0,0,3,0,5,1,0,6,6,10,1,5,5,15,10,6
3131,2371,602344.5,3507322.5,2022,2,3,0,1,0,4,5,1,0,6,6,10,1,5,5,12,6,0
3134,2413,602470.5,3507313.5,2022,1,2,4,5,4,6,3,5,6,3,7,12,6,7,11,2,3,15
3140,2451,602584.5,3507295.5,2022,2,3,0,1,0,3,5,1,0,6,6,10,1,13,13,10,7,0
3136,2480,602671.5,3507307.5,2022,2,3,0,0,3,3,5,1,0,6,6,10,1,13,13,10,10,19
3141,2494,602713.5,3507292.5,2022,2,3,0,1,0,3,5,1,0,6,6,10,1,13,13,10,7,0
3135,2541,602854.5,3507310.5,2022,2,3,0,1,3,0,5,1,0,6,6,10,1,5,5,15,6,19
3125,2579,602968.5,3507340.5,2022,2,3,0,1,0,4,0,8,7,8,8,0,7,11,16,3,8,8
3122,2608,603055.5,3507349.5,2022,2,3,0,1,0,4,5,1,0,6,6,10,1,5,5,12,6,19
3144,2628,603115.5,3507283.5,2022,2,3,0,0,6,3,2,7,10,0,5,3,12,13,13,10,7,0
3129,2659,603208.5,3507328.5,2022,2,3,0,1,0,4,0,8,7,7,11,0,7,11,16,13,7,0
3142,2696,603319.5,3507289.5,2022,2,3,0,1,0,3,5,1,0,6,6,10,1,5,5,15,6,19
3123,2713,603370.5,3507346.5,2022,2,3,0,1,0,3,2,7,10,7,11,3,12,13,13,10,7,0
3143,2738,603445.5,3507286.5,2022,2,3,3,4,3,0,5,6,0,6,6,10,1,5,5,15,10,19
3143,2781,603574.5,3507286.5,2022,2,3,0,1,0,4,5,1,0,6,6,10,1,5,5,12,6,5
3129,2796,603619.5,3507328.5,2022,2,3,0,1,0,4,0,8,7,8,8,0,7,11,16,12,6,5
3146,2838,603745.5,3507277.5,2022,2,3,0,1,0,4,0,8,7,8,8,0,7,11,16,3,8,8
3128,2858,603805.5,3507331.5,2022,2,3,0,1,0,4,0,8,7,8,8,0,7,11,16,12,6,5
3120,2880,603871.5,3507355.5,2022,2,3,0,1,0,4,0,8,7,8,8,0,7,5,5,12,6,5
3147,2912,603967.5,3507274.5,2022,2,3,0,1,0,4,0,8,7,8,8,0,7,11,16,3,8,8
3132,2943,604060.5,3507319.5,2022,2,3,0,1,0,4,0,8,7,8,8,0,7,11,16,12,6,5
3126,2985,604186.5,3507337.5,2022,1,2,4,5,4,6,3,5,6,3,7,12,6,7,11,2,3,15
3141,3022,604297.5,3507292.5,2022,2,3,0,1,0,4,5,1,0,6,6,10,1,5,5,12,6,19
3127,3043,604360.5,3507334.5,2022,2,3,0,1,0,4,0,8,7,8,8,0,7,11,16,12,6,5
3137,3088,604495.5,3507304.5,2022,2,3,0,1,0,4,0,8,7,8,8,0,1,11,5,12,6,5
3137,3100,604531.5,3507304.5,2022,2,3,0,1,0,4,0,8,7,7,11,11,8,13,13,10,7,0
3146,3143,604660.5,3507277.5,2022,2,3,0,1,0,3,5,1,0,6,6,10,1,5,5,10,7,19
3143,3175,604756.5,3507286.5,2022,2,3,0,1,0,4,0,8,7,7,11,10,1,5,5,12,6,5
3127,3192,604807.5,3507334.5,2022,2,3,0,4,3,3,5,1,0,6,6,10,13,5,5,15,12,19
3127,3225,604906.5,3507334.5,2022,1,1,3,2,2,5,1,2,4,10,4,2,14,2,12,6,14,7
3136,3256,604999.5,3507307.5,2022,2,3,0,1,0,3,5,1,0,6,6,10,1,5,5,10,7,19
3120,3293,605110.5,3507355.5,2022,1,1,3,4,2,1,8,2,4,10,4,2,14,2,12,6,14,7
3125,3310,605161.5,3507340.5,2022,1,1,3,4,2,1,8,2,4,10,4,2,14,2,12,6,14,7
3147,3331,605224.5,3507274.5,2022,2,3,0,1,0,4,0,8,7,7,11,11,8,11,3,12,7,0
3165,25,595306.5,3507220.5,2022,2,3,0,1,0,4,0,8,7,8,8,11,8,1,3,12,6,5
3161,37,595342.5,3507232.5,2022,2,3,0,1,0,4,0,8,7,7,11,11,8,1,3,13,2,18
3165,77,595462.5,3507220.5,2022,2,3,0,1,0,4,0,8,7,7,11,11,8,1,3,13,2,18
3153,95,595516.5,3507256.5,2022,2,3,0,1,0,4,0,8,7,7,11,11,8,1,3,13,2,18
3177,135,595636.5,3507184.5,2022,2,3,0,1,0,4,0,8,7,7,11,11,8,1,3,13,2,18
3169,167,595732.5,3507208.5,2022,2,3,0,1,0,4,0,8,7,7,11,11,8,1,3,13,2,18
3161,202,595837.5,3507232.5,2022,2,3,0,1,0,4,0,8,7,7,11,11,8,1,3,13,2,18
3158,213,595870.5,3507241.5,2022,2,3,0,1,0,4,0,8,7,7,11,11,8,1,3,13,2,18
3160,253,595990.5,3507235.5,2022,2,3,0,1,0,4,0,8,7,7,11,11,8,1,3,13,2,18
3161,295,596116.5,3507232.5,2022,2,3,0,1,0,4,0,8,7,7,11,11,8,1,3,13,2,18
3154,317,596182.5,3507253.5,2022,2,3,0,1,0,3,0,8,7,7,11,11,8,1,3,13,2,18
3175,347,596272.5,3507190.5,2022,0,0,1,0,6,3,2,7,10,0,5,1,13,6,10,17,12,16
3172,367,596332.5,3507199.5,2022,2,3,0,4,3,3,5,1,0,6,6,1,13,1,10,17,12,16
3161,419,596488.5,3507232.5,2022,0,0,1,0,6,7,7,0,2,5,1,1,13,6,9,11,0,1
3152,432,596527.5,3507259.5,2022,2,3,1,0,6,3,2,7,10,0,5,11,13,1,10,17,12,16
3169,451,596584.5,3507208.5,2022,0,0,1,0,6,7,7,0,2,5,1,1,13,6,9,11,0,1
3160,480,596671.5,3507235.5,2022,0,0,1,3,1,7,7,0,3,4,9,1,13,0,6,11,0,1
3152,530,596821.5,3507259.5,2022,0,0,1,3,3,0,4,6,2,5,1,1,13,6,9,11,0,1
3162,544,596863.5,3507229.5,2022,0,0,1,3,1,7,4,0,2,5,1,1,13,6,9,11,0,1
3155,574,596953.5,3507250.5,2022,0,0,1,0,6,7,7,0,3,4,9,8,9,8,2,0,11,17
3153,614,597073.5,3507256.5,2022,2,3,0,0,6,3,2,7,10,0,5,11,13,1,10,17,12,16
3153,652,597187.5,3507256.5,2022,2,0,1,0,6,3,2,7,10,0,5,3,12,8,10,17,12,16
3179,675,597256.5,3507178.5,2022,0,0,1,0,6,3,2,7,10,0,5,3,13,8,10,17,12,16
3164,718,597385.5,3507223.5,2022,0,1,2,3,1,2,6,9,8,1,10,13,5,10,7,1,9,14
3160,725,597406.5,3507235.5,2022,0,0,1,3,1,7,7,0,3,4,9,8,9,0,6,8,0,1
3155,759,597508.5,3507250.5,2022,0,0,1,0,6,7,7,0,3,4,9,1,13,6,10,17,0,1
3151,800,597631.5,3507262.5,2022,0,0,1,0,6,7,7,0,2,5,1,1,13,6,9,11,0,1
3154,830,597721.5,3507253.5,2022,0,0,1,3,1,2,6,9,8,5,1,9,2,0,6,8,15,12
3176,855,597796.5,3507187.5,2022,0,0,2,3,1,2,6,9,8,1,10,13,5,10,14,9,9,14
3179,879,597868.5,3507178.5,2022,0,0,2,3,1,2,6,9,8,1,10,13,5,10,14,9,9,14
3170,923,598000.5,3507205.5,2022,0,0,1,3,1,2,7,0,8,1,9,8,9,0,6,8,15,12
3155,955,598096.5,3507250.5,2022,1,1,2,2,1,2,6,9,8,1,10,13,5,10,14,9,9,14
3155,983,598180.5,3507250.5,2022,0,0,1,3,1,2,6,9,8,1,10,13,5,0,6,8,9,12
3165,1016,598279.5,3507220.5,2022,0,0,2,3,1,2,6,9,8,1,10,13,5,10,14,9,9,14
3175,1031,598324.5,3507190.5,2022,0,0,2,3,1,2,6,9,8,1,10,13,5,10,14,9,9,14
3163,1056,598399.5,3507226.5,2022,0,0,2,3,1,2,6,9,8,1,10,13,5,10,14,9,9,14
3154,1100,598531.5,3507253.5,2022,0,0,1,3,1,2,7,0,8,4,9,8,9,0,6,8,15,12
3152,1118,598585.5,3507259.5,2022,0,0,1,3,1,7,7,0,2,4,9,8,9,0,6,8,15,12
3169,1150,598681.5,3507208.5,2022,0,0,1,0,6,7,7,0,3,4,9,8,9,0,2,11,11,6
3168,1190,598801.5,3507211.5,2022,0,0,1,0,6,7,7,0,2,5,1,9,2,15,9,11,10,6
3175,1220,598891.5,3507190.5,2022,0,0,1,3,1,2,4,6,2,5,1,9,2,15,15,7,13,10
3169,1236,598939.5,3507208.5,2022,0,0,1,3,1,7,7,0,3,4,9,8,9,0,6,8,15,12
3166,1272,599047.5,3507217.5,2022,0,0,1,0,6,3,2,7,10,0,5,3,12,13,13,10,7,0
3172,1307,599152.5,3507199.5,2022,0,0,1,3,1,2,4,6,2,5,1,9,2,15,15,7,13,10
3161,1335,599236.5,3507232.5,2022,2,0,1,0,3,3,2,7,10,6,6,10,1,13,13,15,10,6
3179,1353,599290.5,3507178.5,2022,0,0,1,0,6,7,7,0,3,4,9,8,9,8,2,0,11,17
3175,1397,599422.5,3507190.5,2022,0,0,1,4,3,0,4,6,2,5,1,9,2,15,9,7,10,6
3172,1432,599527.5,3507199.5,2022,0,0,1,0,3,3,2,7,2,5,1,1,13,6,9,11,10,6
3151,1454,599593.5,3507262.5,2022,1,1,2,2,5,5,1,2,4,10,4,6,0,14,7,1,16,4
3177,1494,599713.5,3507184.5,2022,2,3,0,1,0,3,2,7,10,7,11,11,8,13,13,10,7,0
3166,1509,599758.5,3507217.5,2022,2,3,0,0,6,3,2,7,10,0,11,3,12,13,10,17,12,16
3171,1531,599824.5,3507202.5,2022,0,0,1,3,1,0,4,6,2,5,1,9,2,15,9,11,0,1
3168,1585,599986.5,3507211.5,2022,1,1,2,2,5,2,6,9,8,1,10,13,0,14,7,1,16,4
3162,1590,600001.5,3507229.5,2022,1,1,2,2,5,2,6,9,8,1,10,13,0,14,7,1,16,4
3152,1644,600163.5,3507259.5,2022,0,0,1,3,1,7,7,0,3,4,9,8,9,0,6,8,15,12
3173,1664,600223.5,3507196.5,2022,0,0,2,3,1,2,4,6,2,5,1,9,2,15,15,7,13,10
3166,1692,600307.5,3507217.5,2022,1,1,2,2,3,0,4,6,2,5,1,9,2,15,15,7,13,10
3155,1738,600445.5,3507250.5,2022,1,1,2,2,5,2,6,9,8,1,10,13,0,14,7,1,16,4
3162,1769,600538.5,3507229.5,2022,0,0,2,3,1,2,4,6,2,5,1,9,2,15,15,7,13,10
3156,1798,600625.5,3507247.5,2022,0,0,1,3,1,7,7,0,3,4,9,8,9,0,6,8,0,1
3179,1812,600667.5,3507178.5,2022,0,0,1,3,1,2,4,0,2,5,1,1,2,0,9,11,0,1
3172,1846,600769.5,3507199.5,2022,0,0,1,3,1,7,7,0,2,4,9,8,9,0,6,11,0,1
3154,1864,600823.5,3507253.5,2022,0,0,1,0,6,7,7,0,3,4,9,8,9,8,2,0,11,17
3163,1902,600937.5,3507226.5,2022,0,0,1,0,6,3,2,7,10,0,5,3,12,13,10,17,12,16
3173,1941,601054.5,3507196.5,2022,0,0,1,0,3,0,4,6,2,5,1,1,13,6,9,15,10,6
3163,1971,601144.5,3507226.5,2022,0,0,1,0,6,7,2,7,2,0,5,1,13,6,9,11,0,6
3166,2009,601258.5,3507217.5,2022,2,3,0,0,0,3,2,7,10,6,6,10,1,13,13,10,7,0
3176,2033,601330.5,3507187.5,2022,2,3,0,0,3,3,5,1,0,6,6,10,1,13,13,10,10,0
3176,2051,601384.5,3507187.5,2022,2,3,0,0,3,3,2,1,0,6,6,10,1,13,13,15,10,6
3154,2095,601516.5,3507253.5,2022,0,0,1,0,6,7,2,7,10,0,5,3,12,8,2,0,11,17
3157,2106,601549.5,3507244.5,2022,2,3,1,0,3,3,2,7,0,6,6,10,13,6,10,15,10,6
3174,2158,601705.5,3507193.5,2022,0,0,1,0,6,3,2,7,10,0,5,3,12,13,10,17,10,16
3150,2171,601744.5,3507265.5,2022,2,3,0,0,6,3,2,7,10,0,5,3,12,13,13,17,12,16
3153,2202,601837.5,3507256.5,2022,0,0,1,0,3,7,4,0,2,5,1,1,13,6,9,11,0,1
3165,2236,601939.5,3507220.5,2022,0,0,1,0,3,3,4,7,2,5,1,1,13,6,9,11,0,1
3160,2275,602056.5,3507235.5,2022,2,0,1,0,6,3,2,7,10,0,5,3,12,13,13,10,7,0
3177,2309,602158.5,3507184.5,2022,2,3,0,0,3,3,5,1,0,6,6,10,1,13,13,15,10,19
3164,2332,602227.5,3507223.5,2022,1,2,4,5,4,6,3,5,6,3,7,12,6,7,11,2,3,15
3176,2357,602302.5,3507187.5,2022,2,3,3,4,3,0,5,6,1,9,0,5,10,12,1,4,1,2
3156,2382,602377.5,3507247.5,2022,1,2,4,5,4,6,3,5,6,3,7,12,6,7,11,2,3,15
3166,2404,602443.5,3507217.5,2022,2,3,0,0,0,3,2,7,0,6,6,10,1,13,13,10,7,0
3154,2459,602608.5,3507253.5,2022,2,3,0,0,3,3,5,1,0,6,6,10,1,5,5,10,10,19
3168,2482,602677.5,3507211.5,2022,2,3,0,1,0,4,0,8,7,8,8,0,7,11,13,12,7,0
3176,2511,602764.5,3507187.5,2022,2,3,0,1,0,4,5,1,0,6,6,10,1,5,5,12,7,0
3153,2527,602812.5,3507256.5,2022,2,3,0,1,0,4,0,8,7,8,8,10,1,5,5,12,6,5
3157,2554,602893.5,3507244.5,2022,2,3,0,4,3,0,5,1,0,6,6,10,1,5,5,15,10,19
3171,2599,603028.5,3507202.5,2022,2,3,0,1,0,4,5,1,0,6,6,10,1,5,5,12,6,19
3178,2627,603112.5,3507181.5,2022,2,3,0,1,0,4,0,8,7,7,11,0,8,11,3,13,7,0
3150,2650,603181.5,3507265.5,2022,2,3,0,1,0,4,0,8,7,8,11,0,7,11,16,10,7,0
3167,2697,603322.5,3507214.5,2022,2,2,4,5,4,6,3,5,6,3,7,12,6,7,11,2,3,15
3163,2709,603358.5,3507226.5,2022,2,3,3,4,3,1,5,1,0,6,6,10,1,5,5,15,6,19
3152,2737,603442.5,3507259.5,2022,2,3,0,1,3,0,5,1,0,6,6,10,1,5,5,15,10,19
3159,2788,603595.5,3507238.5,2022,2,3,0,1,0,4,5,8,0,6,8,10,1,5,5,12,6,5
3176,2798,603625.5,3507187.5,2022,2,3,0,1,0,4,5,1,0,6,6,10,1,5,5,12,6,19
3166,2827,603712.5,3507217.5,2022,2,3,0,1,0,4,0,8,7,8,8,0,7,11,16,3,8,8
3159,2850,603781.5,3507238.5,2022,2,3,0,1,0,4,0,8,7,8,8,0,7,11,16,3,8,8
3179,2907,603952.5,3507178.5,2022,2,3,0,1,0,4,0,8,7,8,8,0,7,11,16,3,8,8
3174,2922,603997.5,3507193.5,2022,2,3,0,1,0,4,0,8,7,8,8,0,7,11,16,3,8,8
3157,2949,604078.5,3507244.5,2022,2,3,0,1,0,4,0,8,7,8,8,0,7,11,16,3,8,8
3163,2982,604177.5,3507226.5,2022,2,3,0,1,0,4,5,1,0,6,6,10,1,5,5,12,6,5
3152,3003,604240.5,3507259.5,2022,2,3,0,1,0,4,5,1,0,6,6,10,1,5,5,12,6,5
3153,3037,604342.5,3507256.5,2022,2,3,0,0,3,3,5,1,0,6,6,10,1,5,5,15,10,19
3166,3071,604444.5,3507217.5,2022,2,3,0,1,0,4,5,1,0,6,6,10,1,5,5,12,6,19
3171,3112,604567.5,3507202.5,2022,2,3,3,4,3,0,5,1,0,6,6,10,1,5,5,15,6,19
3151,3137,604642.5,3507262.5,2022,2,3,0,1,0,4,5,1,0,6,6,10,1,5,5,12,6,19
3161,3170,604741.5,3507232.5,2022,2,3,0,1,0,4,0,8,0,7,11,10,1,5,5,12,6,19
3159,3195,604816.5,3507238.5,2022,2,3,0,1,0,4,5,1,0,6,6,10,1,5,5,15,6,19
3156,3222,604897.5,3507247.5,2022,2,3,0,1,0,4,5,1,0,6,6,10,1,5,5,12,7,0
3167,3250,604981.5,3507214.5,2022,2,3,0,1,0,3,5,1,0,6,6,10,1,5,5,15,12,19
3176,3290,605101.5,3507187.5,2022,2,3,0,1,0,3,5,1,0,6,6,10,1,13,13,10,7,0
3171,3312,605167.5,3507202.5,2022,2,3,0,0,3,3,5,1,0,6,6,10,1,13,13,15,10,6
3176,3332,605227.5,3507187.5,2022,2,3,0,4,3,3,5,1,0,6,6,10,1,5,5,15,6,19
3206,29,595318.5,3507097.5,2022,2,3,0,1,0,4,0,8,7,7,11,11,8,1,3,13,2,18
3193,58,595405.5,3507136.5,2022,2,3,0,1,0,4,0,8,7,7,11,11,8,1,3,13,2,18
3180,87,595492.5,3507175.5,2022,2,3,0,1,0,4,0,8,7,7,11,11,8,1,3,13,2,18
3207,118,595585.5,3507094.5,2022,2,3,0,1,0,4,0,8,7,7,11,11,8,1,3,13,2,18
3200,125,595606.5,3507115.5,2022,2,3,0,1,0,4,0,8,7,7,11,11,8,1,3,13,2,18
3205,152,595687.5,3507100.5,2022,2,3,0,1,0,4,0,8,7,7,11,11,8,1,3,13,2,18
3185,191,595804.5,3507160.5,2022,2,3,0,1,0,4,0,8,7,7,11,11,8,1,3,13,2,18
3206,225,595906.5,3507097.5,2022,2,3,0,1,0,4,0,8,7,7,11,11,8,1,3,13,2,18
3208,257,596002.5,3507091.5,2022,2,3,0,1,0,4,0,8,7,7,11,11,8,1,3,13,2,18
3186,283,596080.5,3507157.5,2022,2,3,0,1,0,4,0,8,7,7,11,11,8,1,3,13,2,18
3203,307,596152.5,3507106.5,2022,2,3,0,1,0,4,0,8,7,7,11,11,8,1,3,13,2,18
3182,335,596236.5,3507169.5,2022,0,1,3,4,3,0,4,6,1,9,0,5,10,12,1,4,1,2
3189,385,596386.5,3507148.5,2022,2,3,0,1,0,3,0,8,10,7,11,11,8,1,3,13,2,18
3187,412,596467.5,3507154.5,2022,0,0,1,0,6,3,2,7,10,0,5,1,13,6,10,17,12,16
3199,441,596554.5,3507118.5,2022,0,0,1,0,6,7,7,0,3,4,9,1,13,6,10,11,0,1
3190,478,596665.5,3507145.5,2022,0,0,1,3,1,7,7,0,3,4,9,1,13,6,9,11,0,1
3194,487,596692.5,3507133.5,2022,0,0,1,0,6,7,7,0,3,4,9,8,9,8,2,0,11,17
3202,518,596785.5,3507109.5,2022,0,0,1,0,6,3,2,7,10,0,5,1,13,6,10,17,0,1
3183,548,596875.5,3507166.5,2022,0,0,1,0,6,7,2,0,10,0,5,1,13,6,10,17,0,1
3191,574,596953.5,3507142.5,2022,0,0,1,0,6,7,2,7,10,0,5,3,12,8,10,17,11,17
3201,605,597046.5,3507112.5,2022,0,0,1,0,3,0,4,6,2,5,1,1,13,6,9,11,0,1
3188,636,597139.5,3507151.5,2022,0,0,1,0,3,0,4,6,2,5,1,1,13,6,9,11,0,1
3193,688,597295.5,3507136.5,2022,1,1,2,2,5,5,1,4,5,2,12,6,0,14,7,1,16,4
3187,695,597316.5,3507154.5,2022,0,0,1,3,1,7,7,0,3,4,9,1,9,0,6,8,0,1
3203,748,597475.5,3507106.5,2022,0,0,1,3,3,0,4,6,2,5,1,9,2,15,15,7,13,10
3194,762,597517.5,3507133.5,2022,0,0,1,3,1,7,7,0,2,4,9,8,9,0,6,8,0,1
3192,808,597655.5,3507139.5,2022,0,0,1,3,1,7,7,0,3,4,9,8,9,0,6,8,15,1
3207,835,597736.5,3507094.5,2022,1,1,2,2,5,2,6,9,8,1,10,13,0,14,7,1,16,4
3199,866,597829.5,3507118.5,2022,0,0,1,3,1,2,6,9,8,5,1,9,2,0,6,8,15,12
3202,891,597904.5,3507109.5,2022,0,0,1,3,1,2,6,9,8,1,10,13,5,0,6,8,15,12
3188,911,597964.5,3507151.5,2022,0,0,2,3,1,2,6,9,8,1,10,13,5,10,14,9,9,14
3208,944,598063.5,3507091.5,2022,1,1,2,2,5,5,1,9,5,2,10,6,0,14,7,1,16,4
3185,987,598192.5,3507160.5,2022,0,0,1,3,1,2,6,9,8,1,10,13,5,10,14,8,9,12
3209,1010,598261.5,3507088.5,2022,1,1,2,2,5,2,6,9,8,1,10,13,5,10,14,9,9,14
3198,1036,598339.5,3507121.5,2022,1,1,2,3,1,2,6,9,8,1,10,13,5,10,14,9,9,14
3199,1078,598465.5,3507118.5,2022,0,0,2,3,1,2,6,9,8,1,10,13,5,10,14,9,9,14
3208,1093,598510.5,3507091.5,2022,0,0,1,3,1,2,6,9,8,1,10,13,5,0,6,8,15,12
3196,1137,598642.5,3507127.5,2022,0,0,1,3,1,7,7,0,3,4,9,8,9,0,6,8,15,12
3185,1160,598711.5,3507160.5,2022,0,0,1,3,1,7,4,6,2,5,1,9,2,15,9,11,10,6
3193,1182,598777.5,3507136.5,2022,0,0,2,3,1,0,4,6,2,5,1,9,2,15,15,7,13,10
3199,1210,598861.5,3507118.5,2022,0,0,2,3,1,2,4,6,2,5,1,9,2,15,15,7,13,10
3185,1257,599002.5,3507160.5,2022,0,0,1,0,3,0,4,6,2,5,1,9,2,15,9,11,10,6
3204,1282,599077.5,3507103.5,2022,0,0,1,3,1,7,7,0,3,4,9,8,9,0,6,8,15,12
3200,1300,599131.5,3507115.5,2022,0,0,2,3,1,2,6,9,2,5,1,9,2,15,15,7,13,10
3183,1327,599212.5,3507166.5,2022,1,1,2,2,3,0,4,2,2,5,1,9,2,14,9,11,0,7
3208,1371,599344.5,3507091.5,2022,0,0,1,0,6,7,2,7,2,0,5,3,13,6,9,11,10,6
3187,1400,599431.5,3507154.5,2022,0,0,1,0,6,3,2,7,10,0,5,3,12,13,10,17,11,6
3190,1425,599506.5,3507145.5,2022,0,0,1,4,3,0,4,6,2,5,1,9,2,15,9,15,10,6
3180,1465,599626.5,3507175.5,2022,1,1,2,2,5,5,1,2,4,10,4,2,0,14,12,1,16,4
3206,1471,599644.5,3507097.5,2022,1,2,4,5,4,6,3,5,6,3,3,4,3,4,4,5,17,3
3187,1512,599767.5,3507154.5,2022,1,1,3,4,3,0,4,6,1,9,0,5,10,12,1,4,1,2
3192,1548,599875.5,3507139.5,2022,1,1,2,2,5,5,1,9,5,2,10,6,0,14,7,1,16,4
3198,1564,599923.5,3507121.5,2022,0,0,1,3,1,7,7,0,2,5,1,9,2,0,6,11,0,1
3203,1592,600007.5,3507106.5,2022,1,1,2,2,5,2,6,9,8,1,10,13,0,14,7,1,16,4
3192,1630,600121.5,3507139.5,2022,1,1,2,2,5,5,4,6,2,5,1,9,2,15,15,7,13,10
3183,1664,600223.5,3507166.5,2022,1,1,2,2,5,0,4,6,2,5,1,9,2,15,15,7,13,10
3195,1692,600307.5,3507130.5,2022,1,1,2,2,5,0,4,6,1,5,1,9,2,15,15,7,13,10
3200,1721,600394.5,3507115.5,2022,0,0,1,0,6,7,7,0,2,5,1,1,13,6,9,11,0,1
3199,1748,600475.5,3507118.5,2022,0,0,1,3,1,2,4,6,2,5,1,9,2,0,9,11,0,1
3201,1791,600604.5,3507112.5,2022,0,0,2,3,1,2,6,9,8,1,10,13,5,10,6,8,9,14
3183,1809,600658.5,3507166.5,2022,0,0,1,3,1,7,4,0,2,5,1,1,13,6,9,11,0,1
3205,1852,600787.5,3507100.5,2022,0,0,1,0,6,7,7,0,3,0,5,3,9,8,2,0,11,17
3206,1886,600889.5,3507097.5,2022,2,3,0,0,3,3,5,1,0,6,6,10,1,13,5,15,10,19
3182,1893,600910.5,3507169.5,2022,2,3,0,0,3,3,5,1,0,6,6,10,1,6,5,15,10,19
3186,1943,601060.5,3507157.5,2022,2,3,0,0,3,3,5,1,0,6,6,10,1,5,5,15,10,19
3183,1972,601147.5,3507166.5,2022,0,0,1,0,6,3,2,7,10,0,5,3,12,13,13,0,11,17
3199,1980,601171.5,3507118.5,2022,2,0,1,0,6,3,2,7,10,0,5,3,12,13,13,10,7,0
3185,2010,601261.5,3507160.5,2022,2,3,0,0,3,3,5,1,0,6,6,10,1,5,5,15,10,19
3202,2062,601417.5,3507109.5,2022,0,0,1,0,6,3,2,7,10,0,5,3,12,8,10,17,11,16
3190,2075,601456.5,3507145.5,2022,0,0,1,0,6,3,2,7,10,0,5,3,12,13,13,10,10,6
3183,2101,601534.5,3507166.5,2022,0,0,1,0,6,3,2,7,10,0,5,1,13,6,10,17,10,6
3191,2148,601675.5,3507142.5,2022,0,0,1,0,6,3,2,7,10,0,5,1,13,6,10,17,10,6
3187,2162,601717.5,3507154.5,2022,2,0,1,0,6,3,2,7,10,0,5,3,12,13,13,17,12,16
3195,2212,601867.5,3507130.5,2022,0,1,1,4,3,0,4,6,2,5,1,9,2,15,15,7,10,10
3209,2247,601972.5,3507088.5,2022,0,0,1,0,3,0,4,6,2,5,1,1,2,6,9,11,10,6
3198,2250,601981.5,3507121.5,2022,1,1,3,4,3,0,4,2,4,10,4,2,14,2,12,6,14,7
3192,2282,602077.5,3507139.5,2022,1,1,3,4,2,5,1,2,4,10,4,2,14,2,12,6,14,11
3192,2316,602179.5,3507139.5,2022,1,2,4,5,4,6,3,5,6,3,7,4,6,7,11,5,3,3
3208,2344,602263.5,3507091.5,2022,2,3,0,4,3,0,5,1,0,6,6,10,1,5,5,15,10,19
3200,2394,602413.5,3507115.5,2022,1,2,4,5,4,6,3,5,6,3,7,12,6,7,11,2,3,15
3200,2403,602440.5,3507115.5,2022,1,2,4,5,4,6,3,5,6,3,7,12,6,7,11,2,3,15
3206,2447,602572.5,3507097.5,2022,2,3,0,1,0,4,5,1,0,6,6,10,1,5,5,12,6,5
3187,2485,602686.5,3507154.5,2022,2,3,0,1,0,4,0,8,7,8,8,0,7,11,16,12,7,0
3198,2502,602737.5,3507121.5,2022,2,3,0,1,0,4,0,8,7,8,8,0,7,11,16,12,6,5
3202,2524,602803.5,3507109.5,2022,2,3,0,1,0,4,5,1,0,6,6,10,1,5,5,12,6,19
3184,2552,602887.5,3507163.5,2022,2,3,0,1,0,4,0,8,7,8,8,0,7,11,16,3,7,0
3202,2602,603037.5,3507109.5,2022,2,3,0,0,0,3,2,7,10,6,6,10,1,13,13,10,7,0
3199,2614,603073.5,3507118.5,2022,2,3,0,1,0,4,0,8,7,8,8,0,7,11,16,12,7,5
3193,2640,603151.5,3507136.5,2022,2,3,0,1,0,4,0,8,7,8,8,0,7,11,16,3,7,0
3197,2678,603265.5,3507124.5,2022,2,3,0,0,6,3,2,7,10,0,5,3,12,13,13,10,7,0
3207,2722,603397.5,3507094.5,2022,1,2,4,5,4,6,3,5,6,3,7,12,6,7,11,2,3,15
3182,2755,603496.5,3507169.5,2022,2,3,0,1,0,4,0,8,7,7,11,11,8,13,13,10,7,0
3183,2765,603526.5,3507166.5,2022,2,3,0,1,0,4,0,8,7,6,11,10,1,5,5,12,6,5
3204,2802,603637.5,3507103.5,2022,2,3,0,1,0,4,0,8,7,7,11,10,1,5,5,12,6,5
3186,2829,603718.5,3507157.5,2022,2,3,0,1,0,4,0,8,7,8,8,0,7,11,16,3,8,8
3208,2859,603808.5,3507091.5,2022,2,3,0,1,0,4,0,8,7,8,8,0,7,11,16,3,8,8
3199,2909,603958.5,3507118.5,2022,2,3,0,1,0,4,0,8,7,8,8,0,7,11,16,3,8,8
3183,2932,604027.5,3507166.5,2022,2,2,4,5,4,6,3,5,6,3,7,12,6,7,11,2,3,15
3195,2954,604093.5,3507130.5,2022,2,3,0,1,0,4,0,8,7,8,8,0,7,11,16,12,8,5
3180,2975,604156.5,3507175.5,2022,2,3,0,1,0,4,5,1,0,6,6,10,1,5,5,12,6,5
3187,3014,604273.5,3507154.5,2022,2,3,0,4,3,3,5,1,0,6,6,10,1,5,5,15,6,19
3204,3031,604324.5,3507103.5,2022,2,3,0,1,0,4,5,1,0,6,6,10,1,5,5,12,6,5
3184,3065,604426.5,3507163.5,2022,2,3,0,1,0,4,5,1,0,6,6,10,1,5,5,12,6,19
3186,3115,604576.5,3507157.5,2022,2,3,0,4,3,0,5,1,0,6,6,10,1,5,5,15,6,19
3185,3122,604597.5,3507160.5,2022,2,3,0,1,0,4,5,1,0,6,6,10,1,5,5,12,6,19
3187,3161,604714.5,3507154.5,2022,2,3,0,1,0,4,0,8,7,7,11,10,1,5,5,12,7,0
3182,3197,604822.5,3507169.5,2022,2,3,0,1,0,4,5,1,0,7,11,11,8,5,5,12,6,19
3185,3218,604885.5,3507160.5,2022,2,3,0,1,0,4,0,8,7,7,11,11,8,13,13,10,7,0
3184,3265,605026.5,3507163.5,2022,2,3,0,1,0,4,0,8,7,7,11,11,8,5,3,12,6,5
3183,3283,605080.5,3507166.5,2022,2,3,0,1,0,4,0,8,7,7,11,11,1,13,13,10,7,0
3207,3319,605188.5,3507094.5,2022,2,3,0,1,0,4,0,8,7,7,11,10,1,13,13,10,7,0
3207,3332,605227.5,3507094.5,2022,2,3,0,1,0,4,0,8,7,7,11,10,1,13,13,10,7,0
3220,2,595237.5,3507055.5,2022,2,3,0,1,0,3,2,7,10,7,11,11,8,1,3,13,2,18
3219,38,595345.5,3507058.5,2022,2,3,0,1,0,4,0,8,7,7,11,11,8,1,3,13,2,18
3215,69,595438.5,3507070.5,2022,2,3,0,1,0,4,0,8,7,7,11,11,8,1,3,13,2,18
3239,98,595525.5,3506998.5,2022,2,3,0,1,0,4,0,8,7,7,11,11,8,1,3,13,2,18
3210,138,595645.5,3507085.5,2022,2,3,0,1,0,4,0,8,7,7,11,11,8,1,3,13,2,18
3216,170,595741.5,3507067.5,2022,2,3,0,1,0,4,0,8,7,7,11,11,8,1,3,13,2,18
3210,191,595804.5,3507085.5,2022,2,3,0,1,0,4,0,8,7,7,11,11,8,1,3,13,2,18
3230,228,595915.5,3507025.5,2022,2,3,0,1,0,4,0,8,7,7,11,11,8,1,3,13,2,18
3239,242,595957.5,3506998.5,2022,2,3,0,1,0,4,0,8,7,7,11,11,8,1,3,13,2,18
3232,299,596128.5,3507019.5,2022,2,3,0,1,0,4,0,8,7,7,11,11,8,1,3,13,2,18
3223,303,596140.5,3507046.5,2022,2,3,0,1,0,4,0,8,7,7,11,11,8,1,3,13,2,18
3234,343,596260.5,3507013.5,2022,2,3,1,0,3,3,2,7,10,0,6,1,13,6,10,17,12,16
3229,374,596353.5,3507028.5,2022,0,0,1,0,3,7,4,0,2,5,1,1,13,6,9,11,0,1
3214,419,596488.5,3507073.5,2022,2,3,0,0,6,3,2,7,10,0,5,11,12,1,10,17,12,16
3232,444,596563.5,3507019.5,2022,0,0,1,0,6,3,2,7,10,0,5,1,13,6,10,17,12,16
3218,458,596605.5,3507061.5,2022,0,0,1,0,6,7,2,7,10,0,5,1,13,8,10,17,11,16
3233,506,596749.5,3507016.5,2022,0,0,1,0,6,7,7,0,3,0,5,1,13,6,10,17,0,1
3221,521,596794.5,3507052.5,2022,0,0,1,0,6,7,7,0,3,4,9,8,9,8,2,0,11,1
3223,549,596878.5,3507046.5,2022,0,0,1,0,6,3,2,7,10,0,5,1,13,6,10,17,12,16
3238,582,596977.5,3507001.5,2022,0,0,1,0,6,7,2,7,10,0,5,1,13,6,10,17,12,16
3229,628,597115.5,3507028.5,2022,1,1,2,2,5,0,4,6,1,5,1,9,2,15,15,7,13,10
3221,638,597145.5,3507052.5,2022,0,0,1,0,3,0,4,6,2,5,1,1,13,6,9,11,0,1
3238,666,597229.5,3507001.5,2022,0,0,2,3,1,2,6,9,8,1,10,13,0,14,7,1,16,4
3218,700,597331.5,3507061.5,2022,0,0,1,3,1,7,7,0,3,4,9,8,9,0,6,8,15,12
3232,746,597469.5,3507019.5,2022,0,1,2,3,1,2,6,9,8,1,10,13,0,14,7,1,16,4
3212,752,597487.5,3507079.5,2022,0,0,2,3,1,2,4,6,2,5,1,9,2,15,9,11,0,1
3213,782,597577.5,3507076.5,2022,0,0,2,3,1,2,6,9,8,1,10,13,5,0,6,8,0,1
3239,811,597664.5,3506998.5,2022,0,0,1,3,1,7,7,0,3,4,9,8,9,0,6,8,0,1
3210,859,597808.5,3507085.5,2022,0,0,1,3,1,7,7,0,3,4,9,8,9,0,6,8,15,12
3219,873,597850.5,3507058.5,2022,0,0,2,3,1,2,6,9,8,1,10,13,5,10,14,9,9,14
3232,922,597997.5,3507019.5,2022,1,1,2,2,5,5,1,4,5,2,12,6,0,14,7,1,16,4
3222,942,598057.5,3507049.5,2022,0,0,1,3,1,7,7,0,3,4,9,8,9,0,6,8,0,1
3224,989,598198.5,3507043.5,2022,1,1,2,2,5,2,6,9,8,1,10,13,5,10,14,9,9,14
3232,1013,598270.5,3507019.5,2022,1,1,2,2,5,2,6,9,8,1,10,13,5,10,14,9,9,14
3221,1045,598366.5,3507052.5,2022,0,1,2,3,1,2,6,9,8,1,10,13,5,10,14,9,9,14
3225,1053,598390.5,3507040.5,2022,0,0,2,3,1,2,6,9,8,1,10,13,5,10,14,9,9,14
3225,1088,598495.5,3507040.5,2022,0,0,2,3,1,2,6,9,8,1,10,13,5,10,15,9,13,10
3223,1135,598636.5,3507046.5,2022,1,1,2,3,1,2,6,9,8,1,1,9,2,15,15,7,13,10
3224,1162,598717.5,3507043.5,2022,0,0,1,3,1,2,7,0,3,4,9,8,9,0,6,8,15,12
3214,1177,598762.5,3507073.5,2022,0,0,1,3,3,0,4,6,2,5,1,9,2,15,15,7,13,10
3220,1216,598879.5,3507055.5,2022,0,0,1,3,3,0,4,6,2,5,1,9,2,15,15,7,13,10
3237,1235,598936.5,3507004.5,2022,0,0,1,3,1,2,4,6,2,5,1,9,2,15,15,7,13,10
3212,1281,599074.5,3507079.5,2022,0,0,1,3,1,7,7,0,2,5,1,9,2,0,6,8,15,12
3230,1318,599185.5,3507025.5,2022,0,0,1,3,6,7,7,0,3,4,9,8,9,0,6,8,15,12
3224,1333,599230.5,3507043.5,2022,0,0,1,3,1,7,7,0,3,4,9,8,9,0,6,8,15,12
3234,1350,599281.5,3507013.5,2022,0,0,1,0,3,0,4,6,2,5,1,9,2,15,9,7,10,6
3234,1400,599431.5,3507013.5,2022,0,0,1,3,1,7,7,0,3,4,9,8,9,0,6,8,15,12
3237,1420,599491.5,3507004.5,2022,0,0,1,0,6,7,2,7,10,0,5,3,12,8,2,0,11,6
3223,1457,599602.5,3507046.5,2022,0,0,1,0,3,0,4,6,2,5,1,1,13,6,9,11,10,6
3226,1493,599710.5,3507037.5,2022,0,0,2,3,1,2,4,6,2,5,1,9,2,15,15,7,13,10
3227,1504,599743.5,3507034.5,2022,0,1,2,3,1,2,4,6,2,5,1,9,2,15,15,7,13,10
3210,1554,599893.5,3507085.5,2022,0,1,2,3,1,2,6,9,8,1,10,13,5,10,14,9,9,14
3221,1585,599986.5,3507052.5,2022,0,0,2,3,1,2,6,9,8,1,10,13,5,10,14,9,9,14
3228,1611,600064.5,3507031.5,2022,1,1,2,2,3,0,4,6,1,5,1,9,2,15,15,7,13,10
3218,1628,600115.5,3507061.5,2022,1,1,2,2,5,2,4,6,2,5,1,9,2,15,15,7,13,10
3237,1665,600226.5,3507004.5,2022,0,0,1,3,1,7,7,0,3,4,9,8,9,0,6,8,0,1
3222,1680,600271.5,3507049.5,2022,0,0,1,3,1,7,7,0,3,4,9,8,9,0,6,8,0,1
3238,1717,600382.5,3507001.5,2022,0,0,1,3,1,2,4,2,2,5,1,1,0,14,9,11,0,1
3212,1742,600457.5,3507079.5,2022,0,0,1,0,6,7,2,7,10,0,5,3,12,8,10,17,11,17
3228,1783,600580.5,3507031.5,2022,0,0,2,3,3,0,4,6,2,5,1,9,2,15,15,7,13,10
3219,1804,600643.5,3507058.5,2022,1,1,2,2,5,5,1,9,8,1,10,13,0,14,7,1,16,4
3215,1831,600724.5,3507070.5,2022,0,0,1,3,1,2,7,0,3,4,9,8,9,0,6,8,15,12
3212,1879,600868.5,3507079.5,2022,0,0,1,0,3,0,4,6,2,5,1,1,13,6,9,11,10,6
3221,1919,600988.5,3507052.5,2022,0,0,1,0,3,0,4,6,2,5,1,1,13,6,9,11,0,6
3228,1929,601018.5,3507031.5,2022,0,0,1,0,6,7,2,7,10,0,5,1,13,6,9,11,10,6
3225,1962,601117.5,3507040.5,2022,0,0,1,0,6,7,7,0,2,4,9,1,13,6,9,11,0,1
3219,1983,601180.5,3507058.5,2022,0,0,1,0,6,7,2,7,2,0,5,1,13,6,9,11,10,6
3211,2011,601264.5,3507082.5,2022,0,0,1,0,6,3,2,7,10,0,5,3,12,8,10,17,11,17
3211,2053,601390.5,3507082.5,2022,0,0,1,0,6,7,2,7,3,0,5,3,12,8,2,0,11,17
3212,2072,601447.5,3507079.5,2022,0,0,1,0,6,3,2,7,10,0,5,3,12,13,10,17,12,16
3238,2106,601549.5,3507001.5,2022,0,0,1,0,6,3,2,7,10,0,5,3,12,13,13,10,10,6
3238,2150,601681.5,3507001.5,2022,2,0,1,0,6,3,2,7,10,0,5,3,12,13,10,17,12,16
3215,2183,601780.5,3507070.5,2022,2,3,0,0,6,3,2,7,10,0,5,10,1,13,10,17,12,16
3231,2217,601882.5,3507022.5,2022,1,1,2,2,5,5,1,2,4,10,4,2,0,14,7,1,16,4
3213,2230,601921.5,3507076.5,2022,1,1,3,4,2,1,8,2,4,10,4,2,14,2,12,6,14,7
3227,2271,602044.5,3507034.5,2022,1,2,4,5,4,6,3,5,6,3,7,12,6,7,11,2,3,15
3227,2296,602119.5,3507034.5,2022,1,2,4,5,4,6,3,5,6,3,3,4,3,4,4,5,17,3
3226,2317,602182.5,3507037.5,2022,1,2,4,5,4,6,3,5,6,3,7,12,6,7,11,2,3,15
3216,2368,602335.5,3507067.5,2022,2,3,3,4,3,0,5,1,0,6,6,10,1,5,5,15,6,19
3211,2383,602380.5,3507082.5,2022,2,3,0,1,0,4,5,1,0,6,6,10,1,5,5,12,6,19
3236,2402,602437.5,3507007.5,2022,2,3,0,1,0,4,5,1,0,6,6,10,1,5,5,12,6,5
3237,2439,602548.5,3507004.5,2022,2,3,0,1,0,4,0,8,7,8,8,10,1,5,5,12,6,5
3224,2464,602623.5,3507043.5,2022,2,3,0,1,0,4,5,1,0,6,6,10,1,5,5,12,6,0
3217,2517,602782.5,3507064.5,2022,2,3,0,1,0,4,0,8,7,8,8,0,7,11,16,12,8,5
3221,2525,602806.5,3507052.5,2022,2,2,4,5,4,6,3,5,6,3,7,12,6,7,11,2,3,15
3228,2554,602893.5,3507031.5,2022,2,3,0,1,0,4,0,8,7,8,8,0,7,11,16,3,8,8
3213,2583,602980.5,3507076.5,2022,1,2,4,5,4,6,3,5,6,3,7,12,6,7,11,2,3,15
3232,2613,603070.5,3507019.5,2022,2,3,0,1,0,3,2,7,10,7,11,3,12,13,13,10,7,0
3225,2652,603187.5,3507040.5,2022,0,0,1,0,6,3,2,7,10,0,5,3,12,13,13,17,11,16
3211,2686,603289.5,3507082.5,2022,2,3,0,1,0,3,2,7,10,7,11,3,12,13,13,10,7,0
3227,2723,603400.5,3507034.5,2022,0,0,1,0,6,3,2,7,10,0,5,1,13,6,10,17,10,16
3220,2758,603505.5,3507055.5,2022,2,3,0,1,0,3,5,1,0,6,6,10,1,5,5,15,6,19
3221,2788,603595.5,3507052.5,2022,2,3,0,1,0,4,0,8,7,8,8,0,7,11,16,3,8,8
3215,2799,603628.5,3507070.5,2022,2,3,0,1,0,4,0,8,7,8,8,0,7,11,16,12,7,5
3213,2848,603775.5,3507076.5,2022,2,3,0,1,0,4,0,8,7,8,8,0,7,11,16,3,8,8
3215,2861,603814.5,3507070.5,2022,2,3,0,1,0,4,0,8,7,8,8,0,7,11,16,3,8,8
3225,2897,603922.5,3507040.5,2022,2,3,0,1,0,4,0,8,7,8,8,0,7,11,16,12,6,5
3225,2919,603988.5,3507040.5,2022,2,2,4,5,4,6,3,5,6,3,7,12,6,7,11,2,3,15
3224,2942,604057.5,3507043.5,2022,2,3,0,1,0,4,0,8,7,8,8,0,7,11,16,3,8,8
3221,2970,604141.5,3507052.5,2022,2,3,0,1,0,4,0,8,7,8,8,0,7,11,16,12,6,5
3221,3007,604252.5,3507052.5,2022,2,3,0,1,0,4,5,1,0,6,6,10,1,5,5,12,6,19
3237,3037,604342.5,3507004.5,2022,2,3,0,4,3,0,5,1,0,6,6,10,1,5,5,15,10,19
3237,3086,604489.5,3507004.5,2022,2,3,0,1,0,4,0,8,7,8,8,0,7,11,16,12,6,5
3216,3117,604582.5,3507067.5,2022,2,3,0,1,0,4,0,8,7,8,8,0,7,11,16,12,6,5
3222,3121,604594.5,3507049.5,2022,2,3,0,1,0,4,0,8,7,8,8,0,7,11,16,12,6,5
3238,3170,604741.5,3507001.5,2022,2,3,0,1,0,4,0,8,7,7,11,11,8,13,13,10,7,0
3214,3185,604786.5,3507073.5,2022,2,3,0,0,6,3,2,7,10,0,5,3,12,13,13,10,7,0
3212,3220,604891.5,3507079.5,2022,2,3,0,0,6,3,2,7,10,0,5,3,12,13,13,10,7,0
3234,3266,605029.5,3507013.5,2022,1,1,3,4,2,1,4,2,4,10,4,2,14,2,12,6,14,7
3222,3278,605065.5,3507049.5,2022,1,1,3,2,2,1,8,2,4,10,4,2,14,2,12,6,14,11
3217,3323,605200.5,3507064.5,2022,2,3,0,1,0,4,0,8,7,8,8,0,7,11,16,12,6,5
3211,3333,605230.5,3507082.5,2022,2,3,0,1,0,4,5,1,0,6,6,10,1,5,5,12,7,0
3251,27,595312.5,3506962.5,2022,2,3,0,1,0,4,0,8,7,7,11,11,8,1,3,13,2,18
3268,49,595378.5,3506911.5,2022,2,3,0,1,0,4,0,1,0,7,11,11,8,1,3,13,2,18
3268,80,595471.5,3506911.5,2022,2,3,0,1,0,4,0,8,7,7,11,11,8,1,3,13,2,18
3256,90,595501.5,3506947.5,2022,2,3,0,1,0,4,0,8,7,7,11,11,8,1,3,13,2,18
3252,121,595594.5,3506959.5,2022,2,3,0,1,0,4,0,8,7,7,11,11,8,1,3,13,2,18
3264,173,595750.5,3506923.5,2022,2,3,0,1,0,3,0,8,7,7,11,11,8,1,3,13,2,18
3260,197,595822.5,3506935.5,2022,2,3,0,1,0,4,0,8,7,7,11,11,8,1,3,13,2,18
3269,230,595921.5,3506908.5,2022,2,3,0,1,0,4,0,8,7,7,11,11,8,1,3,13,2,18
3246,262,596017.5,3506977.5,2022,2,3,0,1,0,3,0,8,10,7,11,11,8,1,3,13,2,18
3254,293,596110.5,3506953.5,2022,2,3,0,1,0,4,0,8,7,7,11,11,8,1,3,13,2,18
3262,329,596218.5,3506929.5,2022,2,3,0,1,0,4,0,8,7,7,11,11,8,1,3,13,2,18
3257,338,596245.5,3506944.5,2022,2,3,0,1,0,3,2,7,10,7,11,11,8,1,3,13,2,18
3245,364,596323.5,3506980.5,2022,0,0,1,3,3,0,4,6,2,5,1,1,13,6,9,11,0,1
3248,403,596440.5,3506971.5,2022,0,0,1,4,3,0,4,6,2,5,1,1,13,6,9,11,0,1
3241,439,596548.5,3506992.5,2022,2,3,0,0,6,3,2,7,10,0,5,3,13,1,10,17,12,16
3250,461,596614.5,3506965.5,2022,0,0,1,3,6,7,7,0,3,4,9,8,9,0,6,11,0,1
3265,506,596749.5,3506920.5,2022,0,0,1,0,6,3,2,7,10,0,5,1,13,6,10,17,12,16
3266,526,596809.5,3506917.5,2022,0,0,1,0,6,7,7,0,3,4,9,1,9,8,2,0,0,1
3258,563,596920.5,3506941.5,2022,0,0,1,0,6,3,2,7,10,0,5,3,13,8,10,17,12,16
3249,583,596980.5,3506968.5,2022,0,0,1,0,6,7,7,0,3,4,9,1,9,6,2,11,0,1
3258,626,597109.5,3506941.5,2022,0,0,1,0,6,3,2,7,10,0,5,3,12,8,10,17,12,16
3241,636,597139.5,3506992.5,2022,0,0,1,3,1,7,7,0,3,4,9,8,9,0,6,8,0,1
3251,684,597283.5,3506962.5,2022,0,0,1,0,6,7,7,0,3,4,9,8,9,0,6,11,0,1
3269,712,597367.5,3506908.5,2022,0,0,1,3,6,7,7,0,3,4,9,8,9,0,6,8,15,12
3269,726,597409.5,3506908.5,2022,0,0,1,3,6,7,7,0,3,4,9,8,9,0,6,11,0,1
3265,754,597493.5,3506920.5,2022,0,0,1,3,1,7,7,0,3,4,9,8,9,0,6,8,0,1
3268,788,597595.5,3506911.5,2022,0,0,1,3,1,7,7,0,3,4,9,8,9,0,6,8,15,12
3264,832,597727.5,3506923.5,2022,0,0,1,3,1,7,7,0,3,4,9,8,9,0,6,8,15,12
3240,840,597751.5,3506995.5,2022,0,0,1,3,1,7,7,0,3,4,9,8,9,0,6,8,0,1
3250,876,597859.5,3506965.5,2022,0,0,2,3,1,2,6,9,8,1,10,13,5,10,14,9,9,14
3267,900,597931.5,3506914.5,2022,1,1,2,2,5,5,6,9,8,1,10,13,0,14,7,1,16,4
3253,952,598087.5,3506956.5,2022,1,1,2,2,5,5,1,4,5,2,4,6,0,14,7,1,16,4
3265,968,598135.5,3506920.5,2022,0,1,2,3,1,2,6,9,8,1,10,13,5,10,14,9,9,14
3267,991,598204.5,3506914.5,2022,0,1,2,3,1,2,6,9,8,1,10,13,5,10,14,9,9,14
3259,1047,598372.5,3506938.5,2022,0,0,2,3,1,2,6,9,8,1,10,13,5,10,14,9,9,14
3263,1060,598411.5,3506926.5,2022,0,0,1,3,1,2,6,9,8,1,10,13,5,0,6,8,15,12
3247,1100,598531.5,3506974.5,2022,0,0,1,3,1,2,7,0,3,4,9,8,9,0,6,8,15,12
3253,1112,598567.5,3506956.5,2022,0,0,1,3,1,2,6,9,8,1,10,9,2,0,6,8,15,12
3263,1164,598723.5,3506926.5,2022,0,0,1,3,1,2,7,0,2,4,9,8,2,0,6,8,15,12
3261,1191,598804.5,3506932.5,2022,0,0,1,3,1,7,7,0,2,5,1,9,2,0,6,11,15,12
3252,1217,598882.5,3506959.5,2022,0,0,1,3,1,7,4,6,2,5,1,9,2,15,9,11,0,6
3268,1258,599005.5,3506911.5,2022,0,0,1,0,6,7,7,0,3,4,9,8,9,8,2,0,11,17
3257,1283,599080.5,3506944.5,2022,0,0,1,0,6,7,7,0,3,4,9,8,9,0,2,0,15,6
3263,1318,599185.5,3506926.5,2022,0,0,1,3,1,2,4,6,2,5,1,9,2,15,15,7,13,10
3246,1326,599209.5,3506977.5,2022,0,0,1,3,1,7,7,0,3,4,9,8,9,0,6,8,15,12
3268,1375,599356.5,3506911.5,2022,0,0,1,3,1,7,7,0,3,4,9,8,9,0,6,8,15,12
3269,1402,599437.5,3506908.5,2022,0,0,1,3,1,7,7,0,2,4,9,8,2,0,6,8,15,12
3248,1415,599476.5,3506971.5,2022,0,0,1,0,6,7,2,7,2,5,5,1,13,6,9,11,10,6
3248,1451,599584.5,3506971.5,2022,0,0,1,0,6,7,2,7,10,0,5,3,12,8,2,0,11,17
3246,1483,599680.5,3506977.5,2022,1,1,2,2,5,5,1,4,1,9,12,5,4,3,8,16,18,9
3263,1520,599791.5,3506926.5,2022,0,0,1,3,3,0,4,6,2,5,1,9,2,15,15,7,13,10
3257,1535,599836.5,3506944.5,2022,1,1,2,2,3,0,4,6,1,9,1,9,2,15,15,7,13,10
3258,1561,599914.5,3506941.5,2022,1,1,2,3,3,0,4,6,2,5,1,9,2,15,15,7,13,10
3242,1603,600040.5,3506989.5,2022,1,1,2,2,5,5,1,2,4,10,4,6,0,14,7,1,16,4
3256,1647,600172.5,3506947.5,2022,0,0,1,3,1,7,7,0,3,4,9,8,9,0,6,8,15,12
3256,1664,600223.5,3506947.5,2022,0,0,1,0,3,7,4,0,2,5,1,1,13,6,9,11,0,1
3252,1682,600277.5,3506959.5,2022,0,0,1,3,1,7,7,0,3,4,9,8,9,0,6,8,15,12
3247,1716,600379.5,3506974.5,2022,1,1,2,2,5,5,1,2,4,10,4,2,0,14,7,1,16,4
3242,1760,600511.5,3506989.5,2022,1,1,2,2,5,2,6,9,8,1,10,9,0,15,15,7,13,10
3242,1771,600544.5,3506989.5,2022,0,0,2,3,1,2,4,6,2,5,1,9,2,15,15,7,13,10
3269,1808,600655.5,3506908.5,2022,0,0,1,3,3,0,4,6,2,5,1,9,2,15,9,11,0,6
3247,1833,600730.5,3506974.5,2022,1,1,2,2,5,5,4,6,1,9,0,5,10,15,15,7,13,10
3255,1883,600880.5,3506950.5,2022,0,0,1,3,1,0,4,6,2,5,1,1,13,6,9,11,0,1
3262,1899,600928.5,3506929.5,2022,0,0,1,3,6,7,7,0,3,4,9,8,9,0,6,11,0,1
3259,1927,601012.5,3506938.5,2022,0,0,1,0,6,7,7,0,3,4,9,1,13,6,9,11,0,1
3259,1969,601138.5,3506938.5,2022,0,0,1,0,6,3,2,7,10,0,5,3,12,13,13,10,11,6
3264,1985,601186.5,3506923.5,2022,0,0,1,0,6,7,7,7,3,0,5,3,12,8,2,0,11,17
3242,2025,601306.5,3506989.5,2022,0,0,1,0,6,3,2,7,10,0,5,3,12,13,13,10,11,17
3245,2040,601351.5,3506980.5,2022,0,0,1,0,6,3,2,7,10,0,5,3,12,13,10,17,11,16
3252,2078,601465.5,3506959.5,2022,0,0,1,0,6,3,2,7,10,0,5,3,12,13,10,17,10,16
3266,2101,601534.5,3506917.5,2022,0,0,1,0,6,7,7,0,3,4,9,8,9,8,2,0,11,17
3263,2159,601708.5,3506926.5,2022,0,0,1,0,3,0,4,6,2,5,1,1,13,6,9,11,10,6
3265,2179,601768.5,3506920.5,2022,0,0,1,0,6,7,2,7,2,5,5,1,13,6,9,11,0,6
3258,2197,601822.5,3506941.5,2022,0,0,1,3,3,0,4,6,2,5,1,9,2,15,9,11,0,1
3261,2244,601963.5,3506932.5,2022,2,3,1,0,6,3,2,7,10,0,5,1,13,6,10,17,12,16
3242,2256,601999.5,3506989.5,2022,1,2,4,5,4,6,3,5,6,3,7,12,6,7,11,2,3,15
3268,2295,602116.5,3506911.5,2022,1,2,4,5,4,6,3,5,6,3,3,4,3,4,4,5,17,3
3268,2317,602182.5,3506911.5,2022,1,2,4,5,4,6,3,5,6,3,7,12,6,7,11,2,3,15
3244,2365,602326.5,3506983.5,2022,2,3,0,0,0,3,5,1,0,6,6,10,1,13,13,10,7,0
3253,2391,602404.5,3506956.5,2022,2,3,0,1,0,4,5,1,0,6,6,10,1,5,5,12,6,0
3254,2400,602431.5,3506953.5,2022,2,3,0,1,0,4,5,1,0,6,6,10,1,5,5,12,6,5
3252,2455,602596.5,3506959.5,2022,2,3,0,1,0,4,0,8,7,7,11,11,8,13,13,10,7,0
3267,2476,602659.5,3506914.5,2022,2,3,0,1,0,4,0,8,7,8,8,0,7,11,16,3,8,5
3247,2519,602788.5,3506974.5,2022,1,2,4,5,4,6,3,5,6,3,7,12,6,7,11,2,3,15
3253,2531,602824.5,3506956.5,2022,2,3,0,1,0,3,5,1,0,6,6,10,1,5,5,12,6,19
3256,2567,602932.5,3506947.5,2022,1,2,4,5,4,6,3,5,6,3,7,12,6,7,11,2,3,15
3260,2606,603049.5,3506935.5,2022,2,3,0,1,0,4,5,8,0,6,6,10,1,5,5,12,6,5
3252,2614,603073.5,3506959.5,2022,2,3,0,1,0,4,0,8,7,7,11,0,7,11,13,10,7,0
3265,2640,603151.5,3506920.5,2022,2,3,0,0,6,3,2,7,10,0,5,3,12,13,13,10,7,0
3254,2676,603259.5,3506953.5,2022,2,3,0,0,6,3,2,7,10,0,5,3,12,13,13,10,7,0
3264,2715,603376.5,3506923.5,2022,2,3,0,1,0,4,0,8,7,7,11,11,8,13,13,10,7,0
3244,2730,603421.5,3506983.5,2022,2,3,0,0,6,3,2,7,10,0,5,3,12,13,13,10,7,0
3253,2782,603577.5,3506956.5,2022,2,3,0,4,3,0,5,1,0,6,6,10,1,5,5,15,10,19
3266,2818,603685.5,3506917.5,2022,2,3,0,1,0,4,0,8,7,8,8,0,7,11,16,3,8,8
3265,2836,603739.5,3506920.5,2022,2,3,3,1,2,1,8,3,9,11,2,7,11,9,0,14,5,13
3254,2874,603853.5,3506953.5,2022,2,3,0,1,0,4,0,8,7,8,8,0,7,11,16,3,8,8
3268,2896,603919.5,3506911.5,2022,2,3,0,1,0,4,0,8,7,8,8,0,7,11,16,3,8,8
3260,2913,603970.5,3506935.5,2022,2,3,0,1,0,4,0,8,7,8,8,0,7,11,16,3,8,8
3258,2956,604099.5,3506941.5,2022,2,3,0,1,0,3,5,1,0,6,6,10,1,13,13,10,7,0
3246,2975,604156.5,3506977.5,2022,2,3,0,1,0,4,5,1,0,6,6,10,1,5,5,12,6,5
3264,3028,604315.5,3506923.5,2022,2,3,0,1,0,3,2,7,0,7,11,10,1,13,13,10,7,0
3251,3048,604375.5,3506962.5,2022,2,3,0,1,0,4,5,1,0,6,6,10,1,5,5,12,6,19
3251,3085,604486.5,3506962.5,2022,2,3,0,1,0,4,0,8,7,8,8,0,7,11,16,3,8,8
3263,3096,604519.5,3506926.5,2022,2,3,0,1,0,4,0,8,7,8,8,0,7,11,16,3,8,5
3246,3139,604648.5,3506977.5,2022,2,3,0,1,0,4,0,8,7,8,11,0,1,11,13,12,7,0
3265,3161,604714.5,3506920.5,2022,2,3,0,1,0,4,5,8,0,6,11,10,1,13,13,10,7,0
3254,3193,604810.5,3506953.5,2022,2,3,0,1,0,3,0,8,10,7,11,11,12,13,13,10,7,0
3268,3227,604912.5,3506911.5,2022,2,3,0,0,6,3,2,7,10,0,5,3,12,13,13,10,7,0
3251,3244,604963.5,3506962.5,2022,0,0,1,0,6,3,2,7,10,0,5,3,12,8,10,17,11,16
3248,3285,605086.5,3506971.5,2022,1,1,3,4,2,1,8,2,4,10,4,2,14,2,12,6,14,11
3269,3325,605206.5,3506908.5,2022,2,3,0,1,0,4,5,1,0,6,6,10,1,5,5,12,6,19
3261,3330,605221.5,3506932.5,2022,0,0,1,0,3,0,4,6,2,5,1,1,13,6,9,11,0,1
3296,26,595309.5,3506827.5,2022,2,3,0,1,0,3,2,7,10,7,11,11,8,1,3,13,12,18
3272,37,595342.5,3506899.5,2022,2,3,0,1,0,3,5,1,0,6,6,10,1,5,5,15,12,19
3275,68,595435.5,3506890.5,2022,2,3,0,1,0,4,0,8,7,7,11,11,8,1,3,13,2,18
3276,102,595537.5,3506887.5,2022,2,3,0,1,0,4,0,8,7,7,11,11,8,1,3,13,2,18
3295,131,595624.5,3506830.5,2022,2,3,0,1,0,4,0,8,7,7,11,11,8,1,3,13,2,18
3284,154,595693.5,3506863.5,2022,2,3,0,1,0,4,0,8,7,7,11,11,8,1,3,13,2,18
3290,188,595795.5,3506845.5,2022,2,3,0,1,0,4,0,8,7,7,11,11,8,1,3,13,2,18
3289,217,595882.5,3506848.5,2022,2,3,0,1,0,4,0,8,7,7,11,11,8,1,3,13,2,18
3270,251,595984.5,3506905.5,2022,2,3,0,1,0,4,0,8,7,7,11,11,8,1,3,13,2,18
3284,288,596095.5,3506863.5,2022,2,3,0,1,0,4,0,8,7,7,11,11,8,1,3,13,2,18
3298,306,596149.5,3506821.5,2022,2,3,0,1,0,4,0,8,7,7,11,11,8,1,3,13,2,18
3280,338,596245.5,3506875.5,2022,2,3,0,1,0,3,2,7,10,7,11,11,8,1,3,13,2,18
3271,385,596386.5,3506902.5,2022,2,3,0,1,0,3,2,8,0,7,11,11,8,1,3,13,2,18
3277,404,596443.5,3506884.5,2022,2,3,1,4,3,0,4,1,1,9,0,1,13,6,1,4,1,2
3270,433,596530.5,3506905.5,2022,0,0,1,0,3,0,4,6,2,5,1,1,13,6,9,11,0,1
3281,471,596644.5,3506872.5,2022,1,1,3,4,3,0,4,6,1,9,0,5,10,12,1,4,1,2
3296,495,596716.5,3506827.5,2022,0,0,1,0,6,7,2,7,10,0,5,3,12,8,10,17,11,16
3282,518,596785.5,3506869.5,2022,0,0,1,0,3,0,4,6,2,5,1,1,13,6,9,11,0,1
3298,545,596866.5,3506821.5,2022,0,0,1,0,6,7,2,0,3,0,5,1,13,8,10,17,11,16
3295,572,596947.5,3506830.5,2022,0,0,1,0,6,7,7,0,2,4,9,1,13,6,9,11,0,1
3292,614,597073.5,3506839.5,2022,0,0,1,3,1,2,4,6,2,5,1,9,2,0,6,11,0,1
3273,659,597208.5,3506896.5,2022,0,0,1,3,1,7,7,0,3,4,9,8,9,0,6,8,15,12
3282,685,597286.5,3506869.5,2022,0,0,1,3,1,7,7,0,3,4,9,8,9,0,6,8,0,1
3294,699,597328.5,3506833.5,2022,0,0,1,3,1,7,7,0,3,4,9,8,9,0,6,8,15,1
3270,725,597406.5,3506905.5,2022,0,0,1,3,6,7,7,0,3,4,9,8,9,0,6,8,0,1
3285,779,597568.5,3506860.5,2022,0,0,1,3,1,2,7,0,2,5,1,1,9,0,6,11,0,1
3271,808,597655.5,3506902.5,2022,0,0,1,3,1,7,7,0,3,4,9,8,9,0,6,8,15,12
3289,812,597667.5,3506848.5,2022,0,0,1,3,6,7,7,0,3,4,9,8,9,0,6,8,0,1
3299,853,597790.5,3506818.5,2022,0,0,1,3,6,7,7,0,3,4,9,8,9,8,2,0,15,17
3280,876,597859.5,3506875.5,2022,0,0,1,3,1,7,7,0,3,4,9,8,9,0,6,8,15,12
3294,900,597931.5,3506833.5,2022,0,0,1,3,1,7,7,0,3,4,9,8,9,0,6,8,15,12
3295,945,598066.5,3506830.5,2022,0,0,2,3,1,2,6,9,8,1,10,13,5,10,14,9,9,14
3285,973,598150.5,3506860.5,2022,1,1,2,3,1,2,6,9,8,1,10,13,5,10,7,9,9,14
3280,994,598213.5,3506875.5,2022,0,0,1,3,1,2,6,9,8,1,10,13,5,0,6,8,15,12
3276,1034,598333.5,3506887.5,2022,0,0,2,3,1,2,6,9,8,1,10,13,5,10,14,9,9,14
3292,1057,598402.5,3506839.5,2022,1,1,2,2,5,2,6,9,8,1,10,13,0,10,7,1,16,4
3273,1102,598537.5,3506896.5,2022,0,0,2,3,1,2,4,6,2,5,1,9,2,15,15,7,13,10
3278,1137,598642.5,3506881.5,2022,0,0,2,3,1,2,6,9,8,1,10,13,5,10,14,9,9,14
3295,1163,598720.5,3506830.5,2022,0,0,1,3,1,7,7,0,3,4,9,8,9,0,6,8,15,12
3293,1182,598777.5,3506836.5,2022,0,0,1,0,6,7,7,0,3,4,9,8,9,0,2,0,11,6
3281,1226,598909.5,3506872.5,2022,0,0,1,3,3,0,4,6,2,5,1,9,2,15,15,7,10,6
3281,1257,599002.5,3506872.5,2022,0,0,1,0,6,7,7,0,3,4,9,8,9,8,2,0,11,17
3295,1280,599071.5,3506830.5,2022,2,3,0,0,6,3,2,7,10,0,5,3,12,13,13,10,7,0
3295,1291,599104.5,3506830.5,2022,0,0,1,3,1,7,7,0,2,5,1,9,2,0,6,8,15,12
3296,1343,599260.5,3506827.5,2022,0,0,1,3,1,7,7,0,2,5,1,8,2,0,6,11,15,6
3275,1376,599359.5,3506890.5,2022,0,0,1,3,1,7,7,0,3,4,9,8,9,0,6,8,15,12
3285,1397,599422.5,3506860.5,2022,0,0,1,3,1,7,7,0,3,4,9,8,9,0,6,8,15,12
3275,1413,599470.5,3506890.5,2022,0,0,1,3,1,7,7,0,3,4,9,8,9,0,6,8,0,1
3272,1442,599557.5,3506899.5,2022,0,0,1,3,1,7,7,0,3,4,9,8,9,0,6,8,0,1
3296,1476,599659.5,3506827.5,2022,0,0,1,0,6,7,7,0,3,0,5,1,9,8,9,11,11,6
3293,1510,599761.5,3506836.5,2022,0,0,1,0,6,3,2,7,10,0,5,3,12,13,13,10,10,6
3295,1555,599896.5,3506830.5,2022,2,0,1,0,6,3,2,7,10,0,5,3,12,13,13,10,7,0
3271,1584,599983.5,3506902.5,2022,0,0,1,3,1,0,4,6,2,5,1,9,2,15,15,7,13,10
3290,1591,600004.5,3506845.5,2022,1,1,2,2,3,0,4,6,1,9,0,9,2,15,15,7,13,10
3288,1629,600118.5,3506851.5,2022,0,0,2,3,1,2,6,9,2,5,1,9,0,14,6,1,0,1
3280,1654,600193.5,3506875.5,2022,0,0,2,3,1,2,6,9,8,1,10,13,5,0,6,8,0,12
3278,1706,600349.5,3506881.5,2022,0,0,2,3,1,2,6,9,8,1,10,13,5,10,6,8,9,12
3299,1733,600430.5,3506818.5,2022,1,1,2,2,5,5,1,2,4,10,4,9,0,14,7,1,16,4
3271,1758,600505.5,3506902.5,2022,1,1,2,4,3,0,4,6,1,9,1,9,2,15,15,7,13,10
3281,1783,600580.5,3506872.5,2022,1,1,2,2,5,0,4,6,1,9,0,5,10,12,1,4,1,2
3273,1801,600634.5,3506896.5,2022,0,0,1,3,3,0,4,6,2,5,1,1,13,6,9,11,0,1
3292,1853,600790.5,3506839.5,2022,1,1,2,2,5,5,4,2,4,10,4,2,0,14,12,1,16,4
3278,1869,600838.5,3506881.5,2022,1,1,2,2,5,5,1,4,5,2,12,6,4,3,7,16,4,9
3276,1893,600910.5,3506887.5,2022,1,1,2,2,5,5,1,4,5,2,12,6,4,3,8,16,4,9
3294,1934,601033.5,3506833.5,2022,0,0,1,0,6,7,7,0,3,4,9,8,9,8,2,0,11,17
3279,1964,601123.5,3506878.5,2022,0,0,1,3,6,7,7,0,2,5,1,1,13,6,9,11,0,1
3291,1982,601177.5,3506842.5,2022,0,0,1,0,6,7,7,7,3,0,5,3,12,8,2,0,11,17
3282,2035,601336.5,3506869.5,2022,0,0,1,3,6,7,7,0,3,4,9,8,9,8,2,0,15,17
3283,2049,601378.5,3506866.5,2022,0,0,1,0,6,7,7,7,3,0,5,3,12,8,2,0,11,17
3270,2091,601504.5,3506905.5,2022,0,0,1,0,6,7,7,0,3,4,9,8,9,8,2,0,11,17
3296,2100,601531.5,3506827.5,2022,0,0,1,0,6,3,2,7,10,0,5,1,13,6,10,17,12,16
3280,2151,601684.5,3506875.5,2022,0,0,1,0,6,3,2,7,10,0,5,3,12,13,10,17,12,16
3272,2171,601744.5,3506899.5,2022,2,3,1,0,6,3,2,7,10,0,5,1,13,6,10,17,12,16
3296,2208,601855.5,3506827.5,2022,2,3,0,0,6,3,2,7,10,0,5,3,12,13,13,10,12,16
3271,2236,601939.5,3506902.5,2022,0,0,1,3,3,0,4,6,2,5,1,9,2,15,9,11,0,1
3291,2272,602047.5,3506842.5,2022,1,2,4,5,4,6,3,5,6,3,7,12,6,7,11,2,3,15
3291,2289,602098.5,3506842.5,2022,1,2,4,5,4,6,3,5,6,3,3,4,3,4,4,5,17,3
3291,2326,602209.5,3506842.5,2022,1,2,4,5,4,6,3,5,6,3,7,12,6,7,11,2,3,15
3282,2346,602269.5,3506869.5,2022,2,3,0,4,3,3,5,1,0,6,6,10,1,5,5,15,10,19
3290,2380,602371.5,3506845.5,2022,2,3,0,4,3,0,5,1,0,6,6,10,1,5,5,15,6,19
3276,2426,602509.5,3506887.5,2022,2,3,0,1,0,4,0,8,7,7,11,0,7,11,13,10,7,0
3288,2456,602599.5,3506851.5,2022,2,3,3,4,3,0,5,1,1,9,0,5,10,12,1,4,1,2
3287,2475,602656.5,3506854.5,2022,1,2,4,5,4,6,3,5,6,3,7,12,6,7,11,2,3,15
3283,2499,602728.5,3506866.5,2022,2,3,0,1,0,4,0,8,7,8,8,0,7,11,16,3,8,5
3285,2548,602875.5,3506860.5,2022,1,2,4,5,4,6,3,5,6,3,7,12,6,7,11,2,3,15
3294,2564,602923.5,3506833.5,2022,2,3,0,1,0,4,5,1,0,6,6,10,1,13,13,10,7,0
3275,2591,603004.5,3506890.5,2022,2,3,0,1,0,4,0,8,7,8,8,0,7,11,16,12,6,5
3298,2610,603061.5,3506821.5,2022,2,3,0,1,0,4,0,8,7,7,11,10,1,13,13,10,7,0
3283,2640,603151.5,3506866.5,2022,2,3,0,0,6,3,2,7,10,0,5,3,12,13,13,10,7,0
3284,2677,603262.5,3506863.5,2022,2,3,0,1,0,3,2,7,10,7,11,3,12,13,13,10,7,0
3281,2720,603391.5,3506872.5,2022,2,3,0,1,0,4,0,8,7,7,11,0,7,11,16,10,7,0
3282,2735,603436.5,3506869.5,2022,2,3,0,1,0,4,0,8,7,8,8,0,7,11,16,12,2,5
3275,2770,603541.5,3506890.5,2022,2,3,0,0,3,3,5,1,0,6,6,10,1,5,5,15,12,19
3272,2794,603613.5,3506899.5,2022,1,2,4,5,4,6,3,5,6,3,7,12,6,7,11,2,3,15
3288,2826,603709.5,3506851.5,2022,2,3,0,1,0,4,0,8,7,8,8,0,7,11,16,3,8,8
3283,2864,603823.5,3506866.5,2022,2,3,0,1,0,4,0,8,7,8,8,0,7,11,16,3,8,8
3275,2903,603940.5,3506890.5,2022,2,3,0,1,0,4,0,8,7,8,8,0,7,11,16,3,8,8
3277,2927,604012.5,3506884.5,2022,2,3,0,1,0,4,0,8,7,8,8,0,7,11,16,12,6,5
3279,2963,604120.5,3506878.5,2022,2,3,0,1,0,4,5,1,0,6,6,10,1,5,5,12,6,5
3296,2972,604147.5,3506827.5,2022,2,3,0,1,0,4,5,1,0,6,6,10,1,5,5,12,6,19
3275,3025,604306.5,3506890.5,2022,2,3,0,1,0,3,2,7,0,7,11,10,1,13,13,10,7,0
3287,3043,604360.5,3506854.5,2022,2,3,0,1,0,4,0,8,7,7,11,0,8,13,13,10,7,0
3288,3075,604456.5,3506851.5,2022,2,3,0,1,0,3,2,7,10,7,11,10,1,13,13,10,7,0
3282,3105,604546.5,3506869.5,2022,2,3,0,1,0,3,2,7,0,6,6,10,1,13,13,10,7,0
3282,3127,604612.5,3506869.5,2022,2,3,0,1,0,4,5,8,0,6,6,10,1,13,13,10,7,0
3280,3173,604750.5,3506875.5,2022,2,3,0,0,0,3,2,7,0,6,6,10,1,13,13,10,10,19
3275,3187,604792.5,3506890.5,2022,2,3,0,1,0,3,0,8,10,7,11,11,8,13,13,10,7,0
3288,3226,604909.5,3506851.5,2022,2,3,0,0,6,3,2,7,10,0,5,3,12,13,13,10,7,0
3293,3244,604963.5,3506836.5,2022,2,3,0,1,0,4,0,8,7,7,11,10,1,13,13,10,7,0
3289,3277,605062.5,3506848.5,2022,2,3,0,1,0,4,5,1,0,6,6,10,1,5,5,12,6,19
3294,3325,605206.5,3506833.5,2022,2,3,0,1,3,3,5,1,0,6,6,10,1,5,5,15,6,19
3299,3330,605221.5,3506818.5,2022,2,3,0,0,6,3,2,7,10,0,5,10,1,13,10,17,12,16
3315,19,595288.5,3506770.5,2022,2,3,0,1,0,3,0,8,10,7,11,11,8,1,3,13,2,18
3316,32,595327.5,3506767.5,2022,2,3,0,1,0,4,0,8,7,7,11,11,8,1,3,13,2,18
3300,76,595459.5,3506815.5,2022,2,3,0,1,0,4,0,8,7,7,11,11,8,1,3,13,2,18
3301,102,595537.5,3506812.5,2022,2,3,0,1,0,4,0,8,7,7,11,11,8,1,3,13,2,18
3311,125,595606.5,3506782.5,2022,2,3,0,1,0,4,0,8,7,7,11,11,8,1,3,13,2,18
3307,175,595756.5,3506794.5,2022,2,3,0,1,0,4,0,8,7,7,11,11,8,1,3,13,2,18
3323,183,595780.5,3506746.5,2022,2,3,0,1,0,4,0,8,7,7,11,11,8,1,3,13,2,18
3321,217,595882.5,3506752.5,2022,2,3,0,1,0,4,0,8,7,7,11,11,8,1,3,13,2,18
3306,267,596032.5,3506797.5,2022,2,3,0,1,0,4,0,8,7,7,11,11,8,1,3,13,2,18
3305,293,596110.5,3506800.5,2022,2,3,0,1,0,4,0,8,7,7,11,11,8,1,3,13,2,18
3301,322,596197.5,3506812.5,2022,2,3,0,1,0,3,0,8,0,7,11,11,8,1,3,13,2,18
3313,333,596230.5,3506776.5,2022,2,3,0,1,0,3,2,7,10,7,11,11,8,1,3,13,12,18
3325,388,596395.5,3506740.5,2022,2,3,0,1,0,3,2,7,10,7,11,11,8,1,3,13,2,18
3308,398,596425.5,3506791.5,2022,0,0,1,0,6,3,2,7,10,0,5,1,13,6,10,17,12,16
3320,446,596569.5,3506755.5,2022,0,0,1,0,6,3,2,7,10,0,5,3,12,8,10,17,12,16
3308,478,596665.5,3506791.5,2022,0,0,1,0,6,3,2,7,10,0,5,1,13,6,10,17,12,16
3314,499,596728.5,3506773.5,2022,0,0,1,0,3,0,4,0,2,5,1,1,13,6,9,11,0,1
3305,517,596782.5,3506800.5,2022,0,1,3,4,3,0,4,2,4,10,4,2,0,14,12,6,14,7
3318,551,596884.5,3506761.5,2022,0,1,3,4,3,0,4,6,1,9,0,5,10,12,1,4,1,2
3310,579,596968.5,3506785.5,2022,0,0,1,3,3,0,4,6,2,5,1,1,13,6,9,11,0,1
3329,616,597079.5,3506728.5,2022,0,0,1,3,1,7,7,0,3,4,9,8,9,0,6,8,0,1
3313,658,597205.5,3506776.5,2022,1,1,2,2,5,5,6,4,5,2,12,6,4,10,7,9,4,14
3314,670,597241.5,3506773.5,2022,0,0,1,3,1,2,6,9,8,1,10,13,5,0,6,8,15,12
3312,700,597331.5,3506779.5,2022,0,0,1,3,1,7,7,0,3,4,9,8,9,0,6,8,15,12
3323,745,597466.5,3506746.5,2022,0,0,1,3,6,7,7,0,3,4,9,8,9,0,6,8,15,1
3301,766,597529.5,3506812.5,2022,0,0,1,0,6,7,7,0,3,4,9,1,13,6,9,11,0,1
3317,784,597583.5,3506764.5,2022,0,0,1,3,6,7,7,0,3,4,9,8,9,0,2,8,15,12
3320,821,597694.5,3506755.5,2022,0,1,2,3,1,2,6,9,8,1,10,13,0,14,7,1,16,4
3318,855,597796.5,3506761.5,2022,0,0,1,3,1,2,7,0,3,4,9,8,9,0,6,8,15,12
3319,898,597925.5,3506758.5,2022,0,0,1,3,1,7,7,0,3,4,9,8,9,0,6,8,15,12
3311,926,598009.5,3506782.5,2022,0,0,2,3,1,2,6,9,8,1,10,13,5,10,6,8,9,14
3312,932,598027.5,3506779.5,2022,0,1,2,3,1,2,6,9,8,1,10,13,5,10,14,9,9,14
3328,960,598111.5,3506731.5,2022,1,1,2,2,5,5,1,2,4,10,4,2,0,14,7,1,16,4
3324,1003,598240.5,3506743.5,2022,0,0,2,3,1,2,6,9,8,1,10,13,5,10,14,9,9,14
3307,1028,598315.5,3506794.5,2022,1,1,2,2,5,5,1,4,5,2,12,6,4,3,7,1,4,4
3300,1053,598390.5,3506815.5,2022,1,1,2,2,1,2,6,9,8,1,10,13,5,10,14,9,9,14
3308,1098,598525.5,3506791.5,2022,1,1,2,2,5,5,1,4,5,2,12,6,0,14,7,1,16,4
3305,1120,598591.5,3506800.5,2022,0,0,2,3,1,2,6,9,8,1,10,13,5,10,14,9,9,14
3322,1162,598717.5,3506749.5,2022,0,0,1,3,1,7,7,0,3,4,9,8,9,0,6,8,15,12
3304,1193,598810.5,3506803.5,2022,0,0,1,3,1,7,7,0,2,5,1,8,2,0,9,11,15,6
3318,1208,598855.5,3506761.5,2022,0,0,1,3,1,2,4,6,2,5,1,9,2,15,15,7,13,10
3329,1244,598963.5,3506728.5,2022,0,0,1,0,3,0,4,6,2,5,1,9,2,15,9,11,10,6
3313,1283,599080.5,3506776.5,2022,0,0,1,0,6,7,7,0,2,5,1,1,9,6,9,11,10,6
3327,1300,599131.5,3506734.5,2022,0,0,1,3,1,2,6,9,8,1,9,8,5,0,6,8,15,12
3316,1344,599263.5,3506767.5,2022,0,0,1,3,1,2,7,0,2,5,1,8,2,0,6,8,15,12
3320,1376,599359.5,3506755.5,2022,0,0,1,3,6,7,7,0,3,4,9,8,9,0,2,0,15,12
3310,1395,599416.5,3506785.5,2022,0,0,1,3,1,7,7,0,3,4,9,8,9,0,6,8,15,6
3304,1424,599503.5,3506803.5,2022,0,0,1,3,1,7,7,0,3,4,9,8,9,0,6,8,15,12
3305,1469,599638.5,3506800.5,2022,0,0,1,3,1,7,7,0,2,5,1,1,13,6,9,11,0,1
3311,1477,599662.5,3506782.5,2022,0,0,1,3,1,7,7,0,2,4,9,8,9,0,6,8,15,12
3325,1528,599815.5,3506740.5,2022,0,0,1,0,6,7,7,0,3,4,9,3,9,8,2,0,11,17
3327,1552,599887.5,3506734.5,2022,0,0,1,3,1,7,7,0,2,5,1,1,13,6,9,11,0,1
3312,1573,599950.5,3506779.5,2022,0,0,1,0,6,7,7,0,3,0,5,1,13,6,2,11,11,6
3308,1605,600046.5,3506791.5,2022,0,0,1,0,6,7,7,0,3,4,9,8,9,8,2,0,11,17
3301,1640,600151.5,3506812.5,2022,0,0,1,3,1,7,7,0,3,4,9,8,9,0,6,8,15,12
3326,1662,600217.5,3506737.5,2022,0,0,1,0,6,7,7,0,3,4,9,1,13,6,9,11,0,1
3306,1690,600301.5,3506797.5,2022,0,0,1,3,1,7,7,0,3,4,9,8,9,0,6,8,0,1
3306,1722,600397.5,3506797.5,2022,0,0,2,3,1,2,6,9,8,1,10,13,5,10,14,9,9,14
3303,1768,600535.5,3506806.5,2022,1,1,2,2,5,5,1,2,4,10,4,6,0,14,7,1,16,4
3311,1786,600589.5,3506782.5,2022,1,1,3,4,2,0,8,2,1,9,0,5,10,2,12,6,18,11
3323,1821,600694.5,3506746.5,2022,1,1,2,4,3,0,4,6,1,9,1,9,2,15,15,7,13,10
3319,1843,600760.5,3506758.5,2022,0,1,2,3,3,0,4,6,2,5,1,9,2,15,15,7,13,10
3322,1882,600877.5,3506749.5,2022,0,0,2,3,1,2,6,9,8,1,10,13,5,10,6,8,9,1
3322,1902,600937.5,3506749.5,2022,1,1,2,2,5,5,1,2,4,10,4,2,0,14,7,1,16,4
3301,1933,601030.5,3506812.5,2022,0,0,1,3,1,7,7,0,2,5,1,1,0,14,6,11,0,1
3301,1965,601126.5,3506812.5,2022,0,0,1,0,6,7,7,0,3,4,9,8,9,0,2,11,0,6
3308,1988,601195.5,3506791.5,2022,0,0,1,3,6,7,7,0,3,4,9,8,9,0,2,0,15,12
3307,2010,601261.5,3506794.5,2022,0,0,1,0,6,7,7,0,3,4,9,8,9,8,2,0,11,17
3306,2050,601381.5,3506797.5,2022,0,0,1,0,6,7,7,0,3,0,5,1,13,8,2,17,11,17
3323,2077,601462.5,3506746.5,2022,0,0,1,0,6,7,2,7,10,0,5,3,12,8,2,0,11,17
3302,2110,601561.5,3506809.5,2022,0,0,1,0,6,3,2,7,10,0,5,3,12,13,10,17,12,16
3309,2153,601690.5,3506788.5,2022,0,0,1,0,6,3,2,7,10,0,5,3,12,13,13,17,12,16
3301,2160,601711.5,3506812.5,2022,0,0,1,0,6,3,2,7,10,0,5,3,12,13,13,17,12,16
3324,2206,601849.5,3506743.5,2022,2,3,1,0,6,3,2,7,10,0,5,3,12,13,10,17,12,16
3317,2224,601903.5,3506764.5,2022,2,0,1,0,6,3,2,7,10,0,5,3,12,13,10,17,12,16
3303,2265,602026.5,3506806.5,2022,1,2,4,5,4,6,3,5,6,3,7,4,6,7,11,5,3,3
3314,2307,602152.5,3506773.5,2022,1,2,4,5,4,6,3,5,6,3,3,4,3,4,4,5,17,3
3320,2322,602197.5,3506755.5,2022,1,1,3,4,3,0,4,6,1,9,0,5,10,15,15,7,13,10
3300,2351,602284.5,3506815.5,2022,2,3,0,0,3,3,5,1,0,6,6,10,1,5,5,15,10,19
3313,2377,602362.5,3506776.5,2022,2,3,3,4,3,0,5,1,0,6,6,10,1,5,5,15,10,19
3321,2408,602455.5,3506752.5,2022,2,3,3,4,3,0,5,1,0,6,6,10,1,5,5,15,10,19
3318,2440,602551.5,3506761.5,2022,2,3,0,1,0,4,5,1,0,6,6,10,1,5,5,12,6,19
3309,2470,602641.5,3506788.5,2022,2,2,4,5,4,6,3,5,6,3,7,12,6,7,11,2,3,15
3307,2498,602725.5,3506794.5,2022,1,2,4,5,4,6,3,5,6,3,7,12,6,7,11,2,3,15
3317,2533,602830.5,3506764.5,2022,2,2,4,5,4,6,3,5,6,3,7,12,6,7,11,2,3,15
3313,2572,602947.5,3506776.5,2022,2,3,0,1,0,4,0,8,7,8,8,0,7,11,13,12,7,0
3320,2599,603028.5,3506755.5,2022,2,3,0,1,0,4,0,8,7,7,11,0,7,13,13,10,7,0
3322,2633,603130.5,3506749.5,2022,2,3,0,1,0,3,0,8,10,7,11,11,1,13,13,10,7,0
3324,2640,603151.5,3506743.5,2022,2,3,0,1,0,4,5,8,0,6,6,10,1,5,5,12,7,0
3316,2675,603256.5,3506767.5,2022,2,3,0,1,0,4,0,8,7,7,11,11,8,13,13,10,7,0
3317,2726,603409.5,3506764.5,2022,2,3,0,1,0,4,0,8,7,8,8,0,7,11,16,3,8,8
3317,2736,603439.5,3506764.5,2022,2,3,0,1,0,4,0,8,7,8,8,0,7,11,16,3,8,5
3329,2785,603586.5,3506728.5,2022,1,2,4,5,4,6,3,5,6,3,7,12,6,7,11,2,3,15
3304,2813,603670.5,3506803.5,2022,2,3,0,1,0,4,0,8,7,8,8,0,7,11,16,3,8,8
3329,2828,603715.5,3506728.5,2022,2,2,4,5,4,6,3,5,6,3,7,12,6,7,11,2,3,15
3302,2856,603799.5,3506809.5,2022,2,3,0,1,0,4,0,8,7,8,8,0,7,11,16,3,8,8
3303,2887,603892.5,3506806.5,2022,2,3,0,1,0,3,5,1,0,6,6,10,1,5,5,15,6,19
3314,2918,603985.5,3506773.5,2022,2,3,0,4,0,4,5,1,0,6,6,10,1,5,5,12,6,5
3316,2941,604054.5,3506767.5,2022,2,3,0,1,0,4,5,1,0,6,6,10,1,5,5,12,6,5
3328,2978,604165.5,3506731.5,2022,2,3,0,1,0,4,0,8,7,7,11,11,1,5,3,12,6,5
3314,3015,604276.5,3506773.5,2022,2,3,0,1,0,4,5,1,0,6,6,10,1,5,13,10,7,0
3308,3056,604399.5,3506791.5,2022,2,3,0,0,3,3,5,1,0,6,6,10,1,13,13,10,10,0
3325,3063,604420.5,3506740.5,2022,1,1,3,4,3,0,4,2,4,10,4,2,14,2,12,6,14,7
3328,3095,604516.5,3506731.5,2022,2,3,0,1,3,4,5,1,0,6,6,10,1,5,5,12,6,19
3322,3121,604594.5,3506749.5,2022,2,3,0,0,3,3,5,1,0,6,6,10,1,13,13,10,7,0
3308,3156,604699.5,3506791.5,2022,2,3,0,0,6,3,2,7,10,0,5,3,12,13,13,10,7,0
3327,3208,604855.5,3506734.5,2022,2,3,0,1,0,3,5,1,0,6,6,10,1,5,5,15,12,19
3314,3233,604930.5,3506773.5,2022,2,3,0,1,0,4,5,1,0,6,6,10,1,5,5,12,6,19
3309,3250,604981.5,3506788.5,2022,2,3,0,1,0,3,0,8,0,7,11,10,1,13,13,10,7,0
3303,3278,605065.5,3506806.5,2022,2,3,0,1,0,3,5,1,0,6,6,10,1,5,5,15,6,19
3308,3310,605161.5,3506791.5,2022,2,3,0,1,3,3,5,1,0,6,6,10,1,5,5,15,6,19
3307,3331,605224.5,3506794.5,2022,2,0,1,0,6,3,2,7,10,0,5,3,12,13,10,17,12,16
3332,9,595258.5,3506719.5,2022,2,3,0,0,6,3,2,7,10,0,5,3,12,13,10,17,12,16
3331,39,595348.5,3506722.5,2022,2,3,0,0,3,3,5,1,0,6,6,1,13,6,10,17,12,16
3332,75,595456.5,3506719.5,2022,2,3,0,1,0,4,0,8,7,7,11,11,8,1,3,13,2,18
3330,114,595573.5,3506725.5,2022,2,3,0,1,0,4,0,8,7,7,11,11,8,1,3,13,2,18
3332,127,595612.5,3506719.5,2022,2,3,0,1,0,4,0,8,7,7,11,11,8,1,3,13,2,18
3330,159,595708.5,3506725.5,2022,2,3,0,1,0,4,0,8,7,7,11,11,8,1,3,13,2,18
3330,208,595855.5,3506725.5,2022,2,3,0,1,0,4,0,8,7,7,11,11,8,1,3,13,2,18
3331,231,595924.5,3506722.5,2022,2,3,0,1,0,4,0,8,7,7,11,11,8,1,3,13,2,18
3331,256,595999.5,3506722.5,2022,2,3,0,1,0,4,0,8,7,7,11,11,8,1,3,13,2,18
3332,275,596056.5,3506719.5,2022,2,3,0,1,0,4,0,8,7,7,11,11,8,1,3,13,2,18
3333,327,596212.5,3506716.5,2022,2,3,0,1,0,4,0,1,0,7,11,11,8,1,3,13,2,18
3331,340,596251.5,3506722.5,2022,2,3,0,1,0,3,2,7,10,7,11,11,8,1,3,13,12,18
3332,388,596395.5,3506719.5,2022,2,3,0,0,0,3,2,7,10,7,11,11,8,1,10,17,12,16
3332,404,596443.5,3506719.5,2022,0,0,1,0,3,0,4,6,2,5,1,1,13,6,9,11,0,1
3331,428,596515.5,3506722.5,2022,2,1,3,4,3,0,4,1,1,9,0,5,10,12,1,4,1,7
3330,470,596641.5,3506725.5,2022,0,0,1,0,6,3,2,7,10,0,5,3,12,8,10,17,12,16
3330,504,596743.5,3506725.5,2022,2,1,3,4,3,0,4,1,1,9,0,5,10,12,1,4,1,7
3332,518,596785.5,3506719.5,2022,0,1,3,4,3,0,4,2,4,10,4,1,13,6,9,11,14,7
3333,545,596866.5,3506716.5,2022,2,3,0,0,6,3,2,7,10,7,11,11,8,1,10,17,12,16
3332,570,596941.5,3506719.5,2022,0,0,1,3,3,0,4,2,4,10,4,1,13,6,9,11,0,1
3330,615,597076.5,3506725.5,2022,0,0,1,3,1,7,7,0,2,5,1,1,13,0,6,11,0,1
3331,645,597166.5,3506722.5,2022,0,0,1,3,1,2,6,9,8,1,10,13,5,0,6,8,15,12
3333,660,597211.5,3506716.5,2022,0,0,1,3,1,2,6,9,8,4,9,8,5,0,6,8,15,12
3333,719,597388.5,3506716.5,2022,0,0,1,3,1,7,7,0,3,4,9,8,9,0,6,8,15,12
3330,744,597463.5,3506725.5,2022,0,0,2,3,1,2,6,9,8,1,10,13,5,10,14,9,9,14
3333,769,597538.5,3506716.5,2022,0,0,1,3,1,7,7,0,3,4,9,8,9,0,6,8,15,12
3331,795,597616.5,3506722.5,2022,0,0,1,3,1,2,7,0,3,4,9,8,9,0,6,8,15,12
3331,837,597742.5,3506722.5,2022,0,0,1,0,6,7,7,0,3,4,9,8,9,8,2,0,11,17
3333,862,597817.5,3506716.5,2022,0,0,1,3,1,7,7,0,3,4,9,8,9,0,6,8,15,12
3331,899,597928.5,3506722.5,2022,0,0,1,3,1,7,7,0,3,4,9,8,9,0,6,8,15,12
3332,929,598018.5,3506719.5,2022,0,0,1,3,1,7,7,0,3,4,9,1,9,0,6,8,0,1
3333,941,598054.5,3506716.5,2022,1,1,2,2,5,5,1,2,4,10,4,2,0,14,7,1,16,4
3331,986,598189.5,3506722.5,2022,0,1,2,3,1,2,6,9,8,1,10,13,5,10,14,9,9,14
3331,1004,598243.5,3506722.5,2022,0,0,2,3,1,2,6,9,8,1,10,13,5,10,14,9,9,14
3332,1049,598378.5,3506719.5,2022,1,1,2,2,5,2,6,9,8,1,10,13,5,10,14,9,9,14
3330,1066,598429.5,3506725.5,2022,0,1,2,3,1,2,6,9,8,1,10,13,5,10,14,9,9,14
3333,1107,598552.5,3506716.5,2022,0,0,2,3,1,2,6,9,8,1,10,13,5,10,14,9,9,14
3330,1138,598645.5,3506725.5,2022,0,0,2,3,1,2,6,9,8,1,10,13,5,10,14,9,9,14
3331,1149,598678.5,3506722.5,2022,0,0,1,3,1,7,7,0,3,4,9,8,9,0,6,8,15,12
3331,1194,598813.5,3506722.5,2022,0,0,1,0,6,7,7,0,3,4,9,8,9,0,2,11,15,6
3330,1202,598837.5,3506725.5,2022,0,0,1,3,3,0,4,6,2,5,1,9,2,15,15,7,10,6
3333,1246,598969.5,3506716.5,2022,0,0,1,3,1,0,4,6,2,5,1,9,2,15,15,7,13,10
3331,1270,599041.5,3506722.5,2022,0,0,1,3,1,7,7,0,3,4,9,8,9,0,6,8,15,12
3332,1313,599170.5,3506719.5,2022,0,0,1,3,1,7,7,0,3,4,9,8,9,0,6,8,15,12
3331,1331,599224.5,3506722.5,2022,0,0,2,3,1,2,6,9,8,1,10,13,5,10,14,9,9,14
3332,1364,599323.5,3506719.5,2022,0,0,1,3,1,7,7,0,3,4,9,8,9,0,6,8,15,12
3330,1409,599458.5,3506725.5,2022,0,0,1,3,1,7,7,0,3,4,9,8,9,0,6,8,15,12
3332,1431,599524.5,3506719.5,2022,0,0,1,3,1,7,7,0,3,4,9,8,9,0,6,8,15,12
3331,1448,599575.5,3506722.5,2022,0,0,1,0,6,7,7,0,3,4,9,8,9,0,6,11,0,1
3330,1496,599719.5,3506725.5,2022,0,0,1,0,6,7,7,0,3,4,9,8,9,8,2,0,11,17
3333,1521,599794.5,3506716.5,2022,0,0,1,0,6,7,7,0,3,0,5,3,12,8,2,0,11,17
3333,1549,599878.5,3506716.5,2022,0,0,1,0,6,7,7,0,3,4,9,8,9,8,2,11,11,17
3332,1577,599962.5,3506719.5,2022,0,0,1,0,3,0,4,6,2,5,1,9,2,15,9,11,10,6
3332,1616,600079.5,3506719.5,2022,0,1,2,3,1,0,4,2,4,10,4,2,0,14,9,1,0,1
3330,1632,600127.5,3506725.5,2022,1,1,2,2,5,5,1,2,4,10,4,2,0,14,7,1,16,4
3330,1672,600247.5,3506725.5,2022,0,0,1,3,6,7,7,0,3,4,9,8,9,8,2,0,15,17
3333,1685,600286.5,3506716.5,2022,1,1,2,2,5,5,1,2,4,10,4,2,0,14,7,1,16,4
3330,1725,600406.5,3506725.5,2022,1,1,2,2,5,2,6,9,8,1,10,13,0,14,7,1,16,4
3332,1745,600466.5,3506719.5,2022,0,0,1,3,1,7,7,0,3,4,9,8,9,0,6,8,0,1
3331,1791,600604.5,3506722.5,2022,0,0,1,0,3,0,4,6,2,5,1,9,2,15,9,11,10,6
3332,1825,600706.5,3506719.5,2022,1,1,2,2,5,5,4,6,1,9,0,9,2,15,15,7,13,10
3332,1841,600754.5,3506719.5,2022,1,1,2,2,3,0,4,6,2,5,1,9,2,15,15,7,13,10
3333,1860,600811.5,3506716.5,2022,0,1,2,3,1,2,6,9,2,5,1,9,0,14,7,1,16,1
3333,1890,600901.5,3506716.5,2022,1,1,2,2,5,5,1,4,5,2,12,6,0,14,7,1,16,4
3333,1930,601021.5,3506716.5,2022,0,0,1,0,6,7,7,0,3,4,9,8,9,8,2,0,11,17
3330,1957,601102.5,3506725.5,2022,0,0,2,3,1,2,4,6,2,5,1,9,2,15,9,11,0,1
3332,1994,601213.5,3506719.5,2022,0,0,1,0,6,7,7,0,3,4,9,8,9,8,2,0,11,17
3332,2037,601342.5,3506719.5,2022,0,0,1,0,6,7,2,7,10,0,5,3,12,8,2,0,11,17
3333,2047,601372.5,3506716.5,2022,0,0,1,0,6,7,2,7,3,0,5,3,12,8,2,0,11,17
3330,2096,601519.5,3506725.5,2022,0,0,1,0,6,7,2,7,10,0,5,3,12,8,2,0,11,17
3331,2103,601540.5,3506722.5,2022,0,0,1,0,6,3,2,7,10,0,5,1,13,6,10,17,11,16
3331,2155,601696.5,3506722.5,2022,2,3,1,0,6,3,2,7,10,0,5,3,12,13,10,17,10,16
3330,2162,601717.5,3506725.5,2022,2,3,0,0,6,3,2,7,10,6,6,10,1,13,13,10,7,0
3333,2219,601888.5,3506716.5,2022,0,0,1,0,6,3,2,7,10,0,5,3,12,13,13,10,11,0
3333,2239,601948.5,3506716.5,2022,2,3,1,0,6,3,2,7,10,0,5,3,12,13,13,17,12,16
3333,2257,602002.5,3506716.5,2022,0,0,1,0,6,7,2,7,10,0,5,1,13,6,10,17,12,16
3333,2298,602125.5,3506716.5,2022,1,1,3,4,3,0,4,6,2,5,1,9,2,15,15,7,10,10
3332,2310,602161.5,3506719.5,2022,1,2,4,5,4,6,3,5,6,3,3,4,3,4,4,5,17,3
3332,2343,602260.5,3506719.5,2022,2,3,0,0,3,3,5,1,0,6,6,10,1,5,5,15,10,19
3333,2384,602383.5,3506716.5,2022,0,1,3,4,3,0,4,6,2,5,1,9,2,15,9,15,10,6
3331,2415,602476.5,3506722.5,2022,1,1,3,4,3,0,4,6,2,5,1,9,2,15,9,15,10,7
3332,2459,602608.5,3506719.5,2022,2,3,0,1,0,4,5,1,0,6,6,10,1,5,5,12,6,5
3333,2475,602656.5,3506716.5,2022,2,2,4,5,4,6,3,5,6,3,7,12,6,7,11,2,3,15
3330,2507,602752.5,3506725.5,2022,2,2,4,5,4,6,3,5,6,3,7,12,6,7,11,2,3,15
3332,2522,602797.5,3506719.5,2022,2,3,0,1,0,4,5,1,0,8,8,10,1,5,5,12,6,5
3333,2571,602944.5,3506716.5,2022,2,3,0,1,0,4,0,8,7,8,8,0,7,11,13,10,7,0
3332,2593,603010.5,3506719.5,2022,2,3,0,1,0,4,0,8,7,8,8,0,7,11,16,12,7,5
3330,2619,603088.5,3506725.5,2022,2,3,0,1,0,3,5,1,0,6,6,10,1,13,13,10,7,0
3333,2650,603181.5,3506716.5,2022,2,3,0,1,0,3,0,8,0,7,11,10,1,13,13,10,7,0
3332,2694,603313.5,3506719.5,2022,2,3,0,1,0,4,0,8,7,8,8,0,7,11,16,3,8,8
3332,2717,603382.5,3506719.5,2022,2,3,0,1,0,4,0,8,7,8,8,0,7,11,16,3,8,8
3330,2743,603460.5,3506725.5,2022,2,3,0,1,0,4,0,8,7,8,8,0,7,11,16,3,8,8
3332,2769,603538.5,3506719.5,2022,2,3,0,1,0,4,0,8,7,8,8,0,7,11,16,3,8,8
3332,2808,603655.5,3506719.5,2022,2,3,0,1,0,4,0,8,7,8,8,0,7,11,16,3,8,8
3333,2838,603745.5,3506716.5,2022,2,3,0,1,0,4,0,8,7,8,8,0,7,11,16,3,8,8
3330,2864,603823.5,3506725.5,2022,2,3,0,1,0,4,0,8,7,8,8,0,7,11,16,3,8,5
3332,2905,603946.5,3506719.5,2022,2,3,0,1,0,4,5,1,0,6,6,10,1,5,5,12,6,5
3332,2919,603988.5,3506719.5,2022,2,2,4,5,4,6,3,5,6,3,7,12,6,7,11,2,3,15
3331,2949,604078.5,3506722.5,2022,2,3,0,1,0,4,5,1,0,6,6,10,1,5,5,12,6,0
3331,2971,604144.5,3506722.5,2022,2,3,0,1,0,4,0,8,7,8,8,0,7,11,13,12,7,0
3332,3026,604309.5,3506719.5,2022,2,3,0,1,3,0,5,1,0,6,6,10,1,5,5,12,6,19
3330,3034,604333.5,3506725.5,2022,2,3,0,1,0,3,5,1,0,6,6,10,1,13,13,10,7,0
3333,3078,604465.5,3506716.5,2022,2,3,0,0,3,3,5,1,0,6,6,10,1,13,13,10,10,6
3330,3092,604507.5,3506725.5,2022,2,3,0,1,0,4,5,1,0,6,6,10,1,5,5,12,6,5
3330,3130,604621.5,3506725.5,2022,2,3,0,1,0,4,5,1,0,6,6,10,1,5,5,12,6,0
3330,3153,604690.5,3506725.5,2022,2,3,0,1,0,4,5,8,0,6,6,10,1,13,13,10,7,0
3330,3204,604843.5,3506725.5,2022,2,3,0,1,0,3,5,1,0,6,6,10,1,5,5,15,6,19
3333,3214,604873.5,3506716.5,2022,1,1,3,4,2,1,8,3,9,11,2,7,14,2,12,6,14,7
3331,3240,604951.5,3506722.5,2022,2,3,0,1,0,4,5,1,0,6,6,10,1,5,5,12,6,19
3333,3291,605104.5,3506716.5,2022,2,0,1,0,6,3,2,7,10,6,6,10,13,6,9,15,10,6
3333,3319,605188.5,3506716.5,2022,2,3,0,0,6,3,2,7,10,0,5,3,12,13,10,17,12,16
3331,3330,605221.5,3506722.5,2022,2,3,0,0,6,3,2,7,10,0,5,3,12,13,13,10,7,0
