OGI,50PCGI,OGMx,Peak,OGD,50PCGD,OGmn,row,col
165.0,193.0,218.0,232.0,249.0,297.0,328.0,13,10
168.0,190.0,217.0,233.0,253.0,300.0,340.0,16,34
166.0,188.0,221.0,241.0,266.0,310.0,343.0,15,75
164.0,188.0,217.0,236.0,262.0,306.0,340.0,10,98
169.0,191.0,220.0,244.0,271.0,311.0,347.0,28,131
167.0,190.0,220.0,238.0,261.0,306.0,345.0,11,152
172.0,195.0,221.0,239.0,264.0,309.0,348.0,19,201
171.0,196.0,223.0,244.0,269.0,307.0,345.0,11,217
167.0,185.0,216.0,246.0,272.0,318.0,351.0,13,254
172.0,193.0,220.0,241.0,266.0,312.0,346.0,29,288
170.0,191.0,220.0,239.0,263.0,306.0,343.0,5,317
171.0,192.0,218.0,235.0,255.0,305.0,345.0,18,359
170.0,195.0,221.0,237.0,255.0,304.0,339.0,12,384
171.0,196.0,219.0,232.0,248.0,296.0,338.0,20,396
167.0,192.0,216.0,231.0,249.0,295.0,330.0,22,440
171.0,193.0,217.0,231.0,250.0,300.0,336.0,9,476
170.0,194.0,219.0,234.0,256.0,302.0,336.0,20,485
169.0,194.0,222.0,240.0,263.0,308.0,343.0,20,521
171.0,196.0,219.0,235.0,256.0,308.0,344.0,13,556
166.0,192.0,221.0,240.0,269.0,313.0,344.0,3,590
171.0,196.0,222.0,240.0,271.0,316.0,352.0,18,615
173.0,197.0,225.0,243.0,273.0,312.0,351.0,1,646
175.0,196.0,219.0,235.0,255.0,309.0,349.0,26,677
174.0,197.0,223.0,240.0,261.0,312.0,356.0,25,705
178.0,200.0,221.0,236.0,253.0,304.0,347.0,25,731
178.0,198.0,219.0,235.0,255.0,319.0,357.0,0,758
173.0,198.0,224.0,241.0,266.0,319.0,348.0,29,784
177.0,200.0,225.0,240.0,260.0,317.0,358.0,29,820
178.0,202.0,224.0,242.0,276.0,325.0,359.0,17,857
181.0,206.0,230.0,244.0,264.0,314.0,347.0,24,894
180.0,204.0,228.0,244.0,268.0,313.0,344.0,23,900
182.0,205.0,228.0,243.0,266.0,317.0,354.0,23,946
176.0,202.0,225.0,240.0,261.0,311.0,343.0,4,978
181.0,205.0,228.0,243.0,268.0,315.0,346.0,1,1003
176.0,201.0,226.0,241.0,259.0,314.0,350.0,7,1048
180.0,203.0,226.0,241.0,269.0,315.0,349.0,6,1056
181.0,203.0,222.0,234.0,247.0,294.0,334.0,16,1093
171.0,194.0,218.0,230.0,244.0,295.0,334.0,25,1124
176.0,200.0,222.0,235.0,248.0,299.0,334.0,22,1153
174.0,198.0,219.0,233.0,247.0,296.0,334.0,12,1199
173.0,197.0,220.0,234.0,248.0,300.0,332.0,16,1209
177.0,199.0,220.0,233.0,247.0,298.0,337.0,18,1254
179.0,199.0,220.0,233.0,246.0,294.0,337.0,23,1262
180.0,199.0,219.0,232.0,246.0,295.0,337.0,3,1310
178.0,199.0,220.0,233.0,246.0,289.0,334.0,23,1330
177.0,197.0,217.0,230.0,243.0,275.0,326.0,5,1367
174.0,195.0,216.0,230.0,244.0,291.0,332.0,17,1387
180.0,199.0,217.0,228.0,240.0,261.0,327.0,14,1437
172.0,189.0,210.0,224.0,239.0,277.0,326.0,25,1461
173.0,193.0,215.0,229.0,243.0,277.0,327.0,22,1493
170.0,190.0,213.0,227.0,243.0,285.0,330.0,5,1502
173.0,195.0,216.0,229.0,241.0,264.0,323.0,16,1535
170.0,190.0,214.0,228.0,241.0,271.0,325.0,1,1573
177.0,198.0,219.0,231.0,243.0,267.0,324.0,3,1596
179.0,196.0,215.0,228.0,240.0,263.0,329.0,14,1624
177.0,194.0,214.0,227.0,241.0,272.0,328.0,25,1679
179.0,200.0,221.0,234.0,247.0,275.0,328.0,6,1694
177.0,193.0,213.0,226.0,240.0,271.0,331.0,4,1715
180.0,199.0,219.0,231.0,243.0,264.0,328.0,28,1753
180.0,199.0,219.0,232.0,244.0,270.0,324.0,13,1775
180.0,199.0,218.0,229.0,241.0,261.0,330.0,3,1816
175.0,193.0,214.0,228.0,242.0,269.0,328.0,17,1848
165.0,183.0,203.0,218.0,234.0,262.0,310.0,9,1884
166.0,188.0,212.0,226.0,242.0,278.0,328.0,9,1907
176.0,199.0,221.0,234.0,248.0,284.0,338.0,12,1945
174.0,195.0,216.0,229.0,243.0,271.0,336.0,12,1966
171.0,193.0,216.0,230.0,245.0,283.0,330.0,24,1992
170.0,190.0,214.0,227.0,242.0,279.0,325.0,26,2028
182.0,199.0,217.0,228.0,241.0,263.0,324.0,7,2062
173.0,194.0,216.0,229.0,243.0,269.0,321.0,13,2088
175.0,195.0,215.0,227.0,240.0,268.0,322.0,20,2105
181.0,200.0,219.0,231.0,243.0,268.0,324.0,16,2135
181.0,201.0,220.0,232.0,246.0,273.0,324.0,17,2160
179.0,199.0,218.0,231.0,245.0,274.0,325.0,29,2193
182.0,202.0,221.0,234.0,247.0,274.0,324.0,6,2246
178.0,200.0,221.0,234.0,248.0,282.0,330.0,8,2258
181.0,199.0,218.0,230.0,243.0,274.0,333.0,22,2303
174.0,193.0,215.0,229.0,245.0,285.0,338.0,26,2335
180.0,199.0,219.0,231.0,245.0,278.0,335.0,12,2352
179.0,199.0,218.0,231.0,245.0,274.0,332.0,10,2395
181.0,200.0,219.0,231.0,244.0,281.0,332.0,23,2415
180.0,198.0,217.0,230.0,244.0,279.0,332.0,9,2440
175.0,197.0,220.0,233.0,248.0,286.0,328.0,14,2468
181.0,201.0,219.0,231.0,244.0,270.0,328.0,26,2503
181.0,200.0,219.0,230.0,243.0,268.0,327.0,11,2537
177.0,197.0,217.0,230.0,244.0,276.0,332.0,1,2578
177.0,198.0,219.0,232.0,245.0,271.0,328.0,15,2596
180.0,199.0,218.0,231.0,245.0,273.0,328.0,25,2639
182.0,202.0,222.0,235.0,248.0,276.0,330.0,24,2667
181.0,200.0,219.0,231.0,244.0,279.0,333.0,24,2694
184.0,203.0,221.0,232.0,244.0,268.0,330.0,23,2705
183.0,203.0,221.0,233.0,246.0,278.0,332.0,26,2755
183.0,203.0,221.0,234.0,247.0,279.0,327.0,9,2768
171.0,193.0,217.0,232.0,248.0,290.0,331.0,1,2813
175.0,196.0,218.0,233.0,248.0,282.0,322.0,21,2831
171.0,192.0,216.0,230.0,245.0,281.0,319.0,7,2854
165.0,191.0,218.0,234.0,253.0,296.0,330.0,21,2882
173.0,193.0,216.0,231.0,248.0,300.0,337.0,23,2917
175.0,194.0,216.0,231.0,251.0,302.0,341.0,14,2953
173.0,192.0,217.0,232.0,250.0,297.0,335.0,13,2973
175.0,195.0,218.0,233.0,248.0,298.0,337.0,16,3009
174.0,200.0,219.0,230.0,242.0,264.0,327.0,0,3034
177.0,199.0,217.0,229.0,241.0,267.0,331.0,26,3080
173.0,199.0,217.0,228.0,239.0,259.0,328.0,20,3113
180.0,201.0,220.0,232.0,246.0,289.0,335.0,0,3135
175.0,198.0,218.0,231.0,245.0,290.0,325.0,23,3179
173.0,197.0,218.0,231.0,245.0,287.0,324.0,26,3185
177.0,200.0,220.0,232.0,246.0,289.0,327.0,29,3216
171.0,199.0,220.0,233.0,246.0,273.0,325.0,14,3260
174.0,200.0,222.0,234.0,247.0,275.0,326.0,4,3285
168.0,200.0,221.0,234.0,247.0,281.0,335.0,11,3312
169.0,197.0,221.0,236.0,251.0,290.0,333.0,7,3332
170.0,193.0,225.0,244.0,267.0,311.0,349.0,58,5
167.0,188.0,223.0,244.0,269.0,318.0,354.0,55,37
169.0,190.0,221.0,242.0,271.0,317.0,351.0,43,85
169.0,191.0,223.0,242.0,266.0,310.0,344.0,32,112
168.0,190.0,220.0,241.0,268.0,311.0,349.0,35,134
170.0,193.0,222.0,241.0,267.0,313.0,349.0,38,156
170.0,195.0,220.0,236.0,257.0,303.0,347.0,51,203
169.0,190.0,220.0,240.0,267.0,309.0,347.0,43,226
167.0,189.0,219.0,243.0,271.0,313.0,347.0,36,241
171.0,192.0,222.0,242.0,266.0,311.0,352.0,42,286
171.0,193.0,220.0,238.0,258.0,304.0,343.0,34,305
174.0,196.0,220.0,234.0,250.0,293.0,337.0,46,338
169.0,190.0,216.0,232.0,251.0,297.0,336.0,37,373
169.0,191.0,224.0,241.0,266.0,306.0,341.0,56,391
170.0,192.0,220.0,239.0,262.0,306.0,338.0,45,444
172.0,196.0,225.0,245.0,267.0,308.0,347.0,48,478
173.0,196.0,223.0,240.0,261.0,308.0,354.0,59,496
171.0,197.0,223.0,242.0,269.0,313.0,353.0,49,528
169.0,194.0,222.0,240.0,265.0,320.0,360.0,39,549
173.0,198.0,220.0,234.0,250.0,298.0,337.0,47,592
173.0,197.0,223.0,242.0,270.0,317.0,351.0,32,613
174.0,197.0,224.0,241.0,264.0,312.0,353.0,36,639
177.0,200.0,221.0,235.0,252.0,304.0,347.0,39,662
175.0,198.0,224.0,240.0,264.0,315.0,356.0,43,704
175.0,199.0,223.0,240.0,264.0,312.0,349.0,48,734
177.0,201.0,224.0,240.0,262.0,315.0,348.0,59,768
174.0,200.0,224.0,240.0,272.0,319.0,353.0,35,788
178.0,202.0,224.0,239.0,257.0,314.0,356.0,57,818
178.0,199.0,222.0,238.0,256.0,316.0,355.0,34,850
180.0,199.0,216.0,226.0,238.0,270.0,337.0,53,870
177.0,202.0,222.0,235.0,249.0,293.0,332.0,57,921
182.0,203.0,224.0,238.0,252.0,300.0,339.0,46,930
173.0,196.0,219.0,232.0,247.0,297.0,332.0,44,983
176.0,201.0,221.0,235.0,250.0,296.0,331.0,56,991
178.0,199.0,216.0,228.0,241.0,284.0,328.0,32,1043
176.0,200.0,219.0,231.0,244.0,292.0,333.0,48,1077
178.0,201.0,221.0,232.0,245.0,292.0,332.0,56,1102
172.0,196.0,219.0,232.0,245.0,295.0,331.0,41,1137
177.0,199.0,221.0,234.0,247.0,298.0,334.0,38,1153
174.0,197.0,218.0,232.0,246.0,297.0,335.0,45,1193
177.0,198.0,219.0,233.0,247.0,301.0,340.0,31,1223
176.0,196.0,217.0,231.0,245.0,300.0,337.0,35,1258
176.0,198.0,220.0,234.0,248.0,299.0,340.0,43,1260
179.0,201.0,221.0,233.0,246.0,283.0,334.0,47,1295
176.0,198.0,221.0,236.0,251.0,301.0,341.0,48,1346
177.0,199.0,221.0,235.0,250.0,300.0,340.0,39,1362
177.0,196.0,217.0,230.0,245.0,295.0,339.0,35,1403
166.0,191.0,214.0,227.0,241.0,279.0,329.0,53,1423
173.0,191.0,212.0,225.0,240.0,274.0,329.0,31,1451
174.0,193.0,213.0,226.0,240.0,268.0,328.0,54,1494
178.0,195.0,214.0,226.0,239.0,262.0,323.0,33,1526
174.0,193.0,214.0,226.0,239.0,263.0,327.0,59,1554
172.0,192.0,214.0,227.0,240.0,266.0,328.0,42,1577
177.0,198.0,219.0,231.0,243.0,267.0,327.0,55,1591
175.0,196.0,218.0,230.0,243.0,271.0,330.0,36,1632
177.0,194.0,214.0,227.0,242.0,278.0,328.0,31,1673
178.0,196.0,218.0,233.0,247.0,282.0,330.0,47,1685
181.0,200.0,220.0,232.0,244.0,269.0,332.0,51,1731
180.0,200.0,219.0,232.0,244.0,269.0,331.0,41,1754
173.0,195.0,217.0,230.0,244.0,278.0,333.0,54,1777
181.0,202.0,222.0,233.0,244.0,265.0,332.0,39,1808
167.0,185.0,207.0,225.0,242.0,282.0,339.0,56,1835
174.0,192.0,213.0,225.0,239.0,264.0,323.0,32,1886
172.0,192.0,214.0,227.0,241.0,266.0,326.0,44,1912
175.0,194.0,215.0,227.0,239.0,263.0,328.0,53,1940
178.0,197.0,217.0,230.0,243.0,271.0,328.0,44,1958
178.0,200.0,221.0,233.0,247.0,278.0,329.0,51,1990
179.0,200.0,219.0,231.0,243.0,268.0,322.0,45,2037
175.0,198.0,219.0,231.0,243.0,270.0,323.0,41,2043
171.0,197.0,219.0,232.0,245.0,276.0,332.0,34,2089
176.0,198.0,219.0,231.0,244.0,273.0,326.0,54,2125
174.0,198.0,219.0,231.0,245.0,275.0,325.0,58,2151
180.0,198.0,217.0,230.0,245.0,277.0,333.0,42,2186
180.0,198.0,217.0,230.0,244.0,277.0,331.0,59,2208
177.0,197.0,219.0,233.0,248.0,284.0,328.0,30,2247
181.0,199.0,218.0,229.0,243.0,270.0,329.0,37,2276
180.0,199.0,219.0,232.0,246.0,279.0,332.0,47,2296
176.0,194.0,215.0,228.0,243.0,274.0,332.0,58,2331
176.0,195.0,216.0,230.0,246.0,288.0,337.0,46,2346
182.0,201.0,220.0,232.0,245.0,279.0,333.0,36,2377
176.0,198.0,221.0,236.0,251.0,290.0,328.0,38,2424
178.0,201.0,222.0,235.0,249.0,284.0,333.0,32,2446
176.0,197.0,218.0,231.0,245.0,278.0,326.0,54,2462
183.0,201.0,218.0,230.0,242.0,267.0,327.0,51,2519
183.0,202.0,219.0,230.0,242.0,266.0,324.0,59,2522
171.0,196.0,218.0,232.0,246.0,278.0,332.0,54,2564
179.0,200.0,220.0,232.0,245.0,273.0,329.0,31,2581
180.0,198.0,217.0,230.0,244.0,280.0,329.0,35,2639
180.0,199.0,219.0,231.0,245.0,283.0,334.0,50,2658
183.0,201.0,220.0,232.0,246.0,279.0,334.0,58,2688
184.0,204.0,222.0,233.0,245.0,269.0,331.0,50,2719
178.0,199.0,222.0,236.0,252.0,295.0,344.0,41,2759
170.0,194.0,217.0,232.0,248.0,290.0,327.0,51,2784
155.0,194.0,218.0,233.0,247.0,280.0,322.0,35,2807
134.0,183.0,215.0,229.0,243.0,286.0,348.0,54,2831
139.0,190.0,217.0,231.0,246.0,286.0,322.0,39,2850
168.0,190.0,218.0,236.0,256.0,300.0,329.0,50,2908
167.0,190.0,216.0,232.0,251.0,300.0,335.0,33,2921
169.0,191.0,217.0,233.0,252.0,297.0,332.0,51,2965
171.0,190.0,212.0,226.0,243.0,292.0,332.0,53,2974
174.0,196.0,218.0,232.0,246.0,294.0,333.0,56,3020
175.0,196.0,217.0,230.0,242.0,268.0,327.0,38,3046
176.0,198.0,219.0,232.0,246.0,286.0,338.0,53,3069
178.0,199.0,217.0,228.0,240.0,267.0,332.0,50,3113
175.0,200.0,218.0,230.0,242.0,266.0,331.0,48,3138
176.0,199.0,220.0,233.0,247.0,292.0,327.0,43,3174
177.0,200.0,220.0,233.0,247.0,287.0,327.0,45,3181
173.0,200.0,219.0,232.0,246.0,283.0,328.0,33,3232
170.0,197.0,219.0,233.0,247.0,284.0,326.0,41,3245
170.0,198.0,219.0,232.0,245.0,274.0,327.0,47,3288
133.0,194.0,221.0,236.0,252.0,293.0,336.0,37,3313
159.0,196.0,219.0,233.0,250.0,298.0,337.0,59,3330
172.0,197.0,222.0,236.0,254.0,305.0,349.0,74,7
167.0,189.0,221.0,241.0,263.0,313.0,349.0,65,46
166.0,186.0,222.0,243.0,265.0,313.0,352.0,88,89
170.0,196.0,222.0,238.0,258.0,308.0,351.0,88,116
168.0,191.0,220.0,238.0,260.0,304.0,340.0,73,141
171.0,196.0,219.0,234.0,253.0,298.0,338.0,63,166
168.0,192.0,222.0,242.0,264.0,304.0,342.0,64,187
168.0,192.0,221.0,240.0,264.0,306.0,344.0,77,218
169.0,193.0,223.0,244.0,266.0,309.0,349.0,66,259
172.0,194.0,220.0,237.0,257.0,302.0,342.0,65,276
167.0,188.0,218.0,236.0,260.0,305.0,341.0,87,302
169.0,187.0,216.0,235.0,264.0,309.0,344.0,89,356
169.0,189.0,219.0,240.0,270.0,310.0,347.0,87,363
170.0,192.0,223.0,243.0,269.0,311.0,345.0,76,404
169.0,190.0,218.0,238.0,263.0,307.0,345.0,63,428
173.0,197.0,218.0,230.0,245.0,287.0,341.0,86,454
175.0,199.0,222.0,237.0,256.0,304.0,347.0,72,509
174.0,198.0,222.0,238.0,257.0,306.0,346.0,81,516
172.0,196.0,218.0,231.0,247.0,296.0,338.0,73,562
175.0,200.0,223.0,238.0,255.0,305.0,346.0,73,583
178.0,200.0,224.0,239.0,256.0,310.0,351.0,83,625
179.0,202.0,225.0,240.0,258.0,306.0,353.0,67,653
179.0,200.0,218.0,230.0,244.0,295.0,341.0,72,678
172.0,195.0,218.0,234.0,253.0,303.0,339.0,86,694
172.0,198.0,218.0,230.0,243.0,295.0,337.0,67,749
170.0,194.0,218.0,233.0,250.0,299.0,334.0,86,766
169.0,190.0,216.0,232.0,259.0,305.0,337.0,84,807
171.0,193.0,216.0,230.0,248.0,298.0,338.0,83,825
178.0,200.0,220.0,232.0,246.0,290.0,334.0,67,869
174.0,198.0,221.0,235.0,249.0,296.0,332.0,84,876
175.0,201.0,223.0,236.0,250.0,296.0,331.0,61,914
177.0,201.0,222.0,235.0,250.0,297.0,332.0,61,937
176.0,200.0,222.0,235.0,250.0,297.0,334.0,63,973
178.0,201.0,222.0,235.0,249.0,297.0,330.0,66,1007
176.0,200.0,220.0,231.0,245.0,290.0,329.0,78,1030
175.0,199.0,219.0,231.0,244.0,287.0,331.0,76,1069
171.0,197.0,218.0,231.0,245.0,295.0,334.0,72,1094
173.0,197.0,220.0,234.0,248.0,301.0,338.0,62,1120
179.0,200.0,222.0,236.0,251.0,306.0,342.0,70,1141
178.0,199.0,218.0,230.0,243.0,291.0,337.0,77,1191
177.0,199.0,219.0,231.0,244.0,288.0,332.0,87,1219
177.0,201.0,220.0,232.0,244.0,283.0,332.0,88,1242
182.0,201.0,219.0,231.0,243.0,267.0,333.0,66,1285
179.0,200.0,220.0,232.0,244.0,274.0,336.0,70,1308
179.0,199.0,220.0,232.0,245.0,300.0,343.0,69,1333
177.0,197.0,217.0,230.0,244.0,293.0,340.0,80,1371
164.0,194.0,216.0,228.0,241.0,274.0,340.0,67,1395
176.0,197.0,217.0,229.0,243.0,280.0,337.0,66,1411
174.0,194.0,215.0,227.0,240.0,269.0,328.0,84,1469
172.0,193.0,215.0,228.0,241.0,274.0,333.0,83,1496
172.0,193.0,215.0,228.0,243.0,281.0,331.0,82,1502
180.0,199.0,218.0,231.0,244.0,271.0,327.0,86,1556
177.0,197.0,217.0,230.0,245.0,282.0,334.0,82,1576
178.0,196.0,216.0,229.0,242.0,280.0,330.0,84,1603
175.0,192.0,215.0,229.0,245.0,290.0,334.0,69,1642
176.0,193.0,214.0,228.0,243.0,279.0,333.0,73,1656
179.0,198.0,219.0,232.0,245.0,275.0,329.0,68,1683
178.0,199.0,219.0,231.0,243.0,268.0,337.0,70,1723
184.0,204.0,222.0,233.0,244.0,265.0,328.0,68,1759
173.0,193.0,215.0,229.0,244.0,287.0,344.0,62,1785
177.0,197.0,217.0,231.0,245.0,272.0,330.0,64,1810
168.0,189.0,213.0,228.0,242.0,275.0,324.0,85,1843
172.0,190.0,213.0,228.0,242.0,274.0,331.0,87,1863
176.0,194.0,215.0,228.0,242.0,268.0,327.0,87,1893
177.0,197.0,217.0,229.0,241.0,261.0,323.0,75,1921
175.0,196.0,218.0,232.0,247.0,283.0,329.0,76,1972
178.0,196.0,216.0,228.0,241.0,265.0,326.0,69,1996
173.0,196.0,219.0,234.0,250.0,295.0,333.0,82,2037
177.0,197.0,218.0,230.0,243.0,272.0,330.0,71,2055
179.0,199.0,218.0,230.0,242.0,269.0,326.0,66,2095
177.0,197.0,218.0,231.0,245.0,273.0,329.0,65,2104
178.0,198.0,218.0,231.0,245.0,279.0,329.0,82,2150
175.0,196.0,218.0,232.0,248.0,288.0,332.0,75,2180
178.0,198.0,218.0,231.0,245.0,272.0,322.0,67,2204
181.0,201.0,220.0,232.0,244.0,272.0,329.0,71,2224
181.0,199.0,218.0,230.0,243.0,269.0,325.0,81,2276
180.0,199.0,219.0,231.0,246.0,282.0,331.0,65,2285
177.0,196.0,216.0,229.0,243.0,272.0,327.0,60,2320
176.0,195.0,216.0,229.0,244.0,275.0,329.0,65,2359
181.0,201.0,220.0,232.0,246.0,279.0,328.0,71,2386
180.0,201.0,220.0,232.0,246.0,276.0,332.0,68,2400
183.0,203.0,220.0,231.0,243.0,270.0,328.0,67,2434
180.0,203.0,222.0,235.0,248.0,276.0,332.0,72,2475
183.0,203.0,221.0,233.0,245.0,270.0,326.0,61,2496
174.0,194.0,216.0,229.0,243.0,277.0,329.0,71,2538
181.0,201.0,220.0,232.0,244.0,268.0,329.0,67,2573
182.0,202.0,220.0,232.0,244.0,271.0,327.0,62,2587
179.0,199.0,219.0,231.0,244.0,271.0,332.0,87,2626
182.0,201.0,219.0,231.0,246.0,284.0,333.0,87,2660
181.0,200.0,219.0,232.0,246.0,282.0,333.0,69,2672
178.0,200.0,220.0,232.0,245.0,278.0,337.0,62,2723
178.0,199.0,220.0,233.0,248.0,290.0,337.0,63,2744
178.0,197.0,220.0,235.0,252.0,298.0,334.0,65,2766
142.0,184.0,219.0,233.0,247.0,278.0,319.0,80,2790
175.0,196.0,219.0,233.0,249.0,298.0,334.0,82,2823
166.0,189.0,213.0,230.0,249.0,297.0,334.0,83,2855
174.0,193.0,214.0,227.0,242.0,292.0,340.0,83,2894
170.0,191.0,214.0,228.0,243.0,290.0,331.0,70,2920
173.0,194.0,216.0,228.0,242.0,280.0,327.0,68,2963
180.0,199.0,218.0,230.0,244.0,288.0,333.0,87,2990
180.0,199.0,219.0,233.0,247.0,294.0,331.0,86,3001
175.0,199.0,221.0,234.0,248.0,291.0,334.0,80,3057
178.0,199.0,217.0,229.0,241.0,263.0,332.0,72,3089
177.0,199.0,218.0,230.0,242.0,264.0,331.0,76,3093
175.0,198.0,219.0,230.0,243.0,267.0,324.0,66,3127
174.0,198.0,221.0,236.0,251.0,293.0,330.0,86,3176
175.0,196.0,219.0,232.0,246.0,280.0,321.0,69,3196
178.0,200.0,220.0,233.0,245.0,267.0,317.0,84,3218
120.0,193.0,219.0,234.0,250.0,293.0,335.0,70,3269
122.0,192.0,218.0,232.0,248.0,295.0,341.0,78,3273
161.0,195.0,219.0,232.0,247.0,279.0,324.0,65,3321
161.0,196.0,220.0,234.0,250.0,289.0,326.0,67,3332
164.0,187.0,223.0,239.0,257.0,309.0,344.0,114,11
165.0,187.0,218.0,234.0,254.0,304.0,345.0,105,50
165.0,187.0,217.0,234.0,258.0,302.0,341.0,114,73
164.0,189.0,220.0,236.0,256.0,302.0,343.0,108,108
164.0,188.0,220.0,238.0,257.0,301.0,340.0,116,120
173.0,199.0,221.0,236.0,254.0,300.0,338.0,116,177
161.0,188.0,219.0,235.0,253.0,298.0,336.0,108,198
167.0,194.0,220.0,234.0,250.0,289.0,333.0,118,214
168.0,193.0,219.0,234.0,249.0,291.0,337.0,106,249
168.0,189.0,218.0,237.0,262.0,305.0,342.0,91,295
168.0,188.0,218.0,237.0,262.0,305.0,345.0,97,305
168.0,188.0,220.0,241.0,268.0,308.0,347.0,105,354
168.0,188.0,217.0,236.0,264.0,308.0,344.0,93,361
173.0,195.0,220.0,237.0,256.0,303.0,342.0,118,393
176.0,200.0,221.0,235.0,250.0,294.0,340.0,92,426
170.0,193.0,216.0,228.0,243.0,282.0,327.0,102,477
169.0,195.0,218.0,231.0,245.0,282.0,332.0,109,481
178.0,201.0,218.0,228.0,240.0,265.0,332.0,112,528
172.0,196.0,221.0,236.0,254.0,305.0,342.0,93,552
177.0,201.0,224.0,239.0,257.0,304.0,348.0,96,596
179.0,201.0,219.0,230.0,242.0,276.0,335.0,103,606
175.0,199.0,218.0,231.0,246.0,297.0,340.0,116,634
175.0,197.0,218.0,232.0,250.0,303.0,341.0,103,682
175.0,197.0,220.0,235.0,255.0,302.0,339.0,95,696
174.0,197.0,218.0,233.0,254.0,304.0,344.0,94,740
175.0,197.0,219.0,234.0,253.0,305.0,337.0,97,775
174.0,195.0,218.0,233.0,252.0,305.0,341.0,101,792
172.0,194.0,219.0,235.0,252.0,302.0,338.0,97,821
176.0,200.0,225.0,242.0,266.0,319.0,358.0,114,841
175.0,199.0,222.0,236.0,250.0,301.0,336.0,94,877
183.0,205.0,226.0,239.0,255.0,307.0,340.0,110,923
185.0,206.0,226.0,240.0,254.0,307.0,345.0,110,932
176.0,204.0,225.0,238.0,255.0,312.0,343.0,102,989
180.0,206.0,226.0,239.0,252.0,303.0,341.0,115,998
179.0,202.0,222.0,234.0,249.0,298.0,338.0,98,1033
176.0,199.0,221.0,236.0,251.0,296.0,333.0,94,1071
178.0,199.0,218.0,230.0,243.0,297.0,335.0,99,1094
178.0,199.0,220.0,234.0,248.0,300.0,336.0,95,1139
177.0,199.0,221.0,235.0,251.0,305.0,343.0,90,1144
179.0,200.0,219.0,232.0,245.0,295.0,335.0,101,1197
178.0,198.0,219.0,232.0,246.0,294.0,337.0,90,1223
178.0,200.0,221.0,234.0,247.0,300.0,340.0,99,1230
159.0,192.0,217.0,230.0,242.0,268.0,333.0,119,1271
177.0,200.0,219.0,230.0,243.0,271.0,333.0,109,1294
175.0,197.0,219.0,231.0,244.0,285.0,337.0,113,1325
162.0,195.0,217.0,230.0,244.0,271.0,333.0,93,1365
173.0,195.0,217.0,230.0,244.0,275.0,329.0,119,1408
177.0,197.0,218.0,231.0,245.0,288.0,336.0,107,1424
174.0,194.0,215.0,228.0,241.0,271.0,329.0,94,1462
176.0,197.0,218.0,230.0,244.0,279.0,330.0,105,1473
177.0,195.0,215.0,228.0,243.0,289.0,336.0,118,1529
176.0,196.0,217.0,230.0,243.0,274.0,326.0,93,1545
178.0,195.0,214.0,227.0,242.0,281.0,331.0,103,1563
178.0,197.0,217.0,230.0,243.0,274.0,332.0,103,1603
178.0,196.0,216.0,229.0,244.0,285.0,339.0,114,1645
178.0,197.0,217.0,231.0,245.0,288.0,337.0,101,1657
174.0,191.0,212.0,226.0,241.0,271.0,330.0,118,1684
179.0,198.0,217.0,229.0,241.0,266.0,329.0,92,1710
168.0,187.0,210.0,225.0,240.0,274.0,329.0,115,1751
167.0,188.0,211.0,226.0,241.0,280.0,328.0,99,1793
171.0,191.0,215.0,229.0,242.0,271.0,328.0,105,1826
173.0,192.0,214.0,228.0,243.0,271.0,329.0,109,1838
180.0,200.0,221.0,234.0,247.0,274.0,329.0,111,1882
179.0,196.0,216.0,229.0,243.0,272.0,327.0,116,1897
180.0,196.0,216.0,229.0,243.0,271.0,327.0,105,1946
179.0,196.0,215.0,229.0,244.0,285.0,336.0,118,1967
180.0,198.0,216.0,228.0,241.0,265.0,325.0,108,1999
180.0,198.0,217.0,228.0,241.0,267.0,327.0,112,2012
180.0,197.0,215.0,227.0,240.0,272.0,332.0,117,2064
180.0,198.0,217.0,230.0,244.0,289.0,335.0,102,2077
179.0,196.0,214.0,226.0,239.0,267.0,324.0,116,2127
179.0,200.0,219.0,231.0,246.0,276.0,326.0,94,2143
180.0,200.0,219.0,231.0,244.0,268.0,322.0,107,2177
182.0,199.0,217.0,228.0,240.0,262.0,329.0,110,2204
179.0,197.0,216.0,228.0,241.0,269.0,329.0,93,2234
179.0,198.0,217.0,230.0,243.0,271.0,326.0,107,2255
184.0,203.0,220.0,232.0,244.0,267.0,325.0,114,2285
178.0,198.0,219.0,231.0,243.0,266.0,327.0,115,2335
185.0,203.0,220.0,231.0,243.0,265.0,320.0,103,2366
182.0,201.0,219.0,230.0,243.0,267.0,325.0,97,2390
184.0,202.0,219.0,230.0,242.0,265.0,327.0,93,2411
184.0,203.0,220.0,232.0,245.0,272.0,326.0,109,2451
181.0,200.0,220.0,232.0,245.0,276.0,331.0,106,2466
183.0,202.0,220.0,231.0,243.0,266.0,326.0,92,2514
184.0,201.0,219.0,230.0,242.0,267.0,326.0,103,2520
183.0,203.0,221.0,232.0,244.0,265.0,325.0,99,2558
184.0,203.0,222.0,234.0,248.0,277.0,330.0,91,2601
182.0,202.0,220.0,232.0,244.0,265.0,324.0,102,2638
180.0,201.0,220.0,233.0,247.0,283.0,334.0,101,2661
179.0,199.0,220.0,233.0,247.0,282.0,326.0,114,2674
174.0,196.0,217.0,231.0,246.0,286.0,338.0,109,2716
160.0,197.0,220.0,234.0,249.0,287.0,337.0,100,2742
143.0,185.0,217.0,231.0,246.0,284.0,324.0,111,2778
173.0,195.0,218.0,231.0,248.0,293.0,327.0,108,2807
170.0,189.0,210.0,225.0,240.0,287.0,331.0,106,2832
173.0,195.0,216.0,229.0,244.0,284.0,328.0,119,2867
173.0,193.0,214.0,227.0,241.0,280.0,336.0,90,2887
178.0,196.0,216.0,228.0,242.0,277.0,326.0,118,2921
176.0,195.0,215.0,227.0,242.0,286.0,331.0,116,2940
178.0,199.0,218.0,229.0,243.0,275.0,334.0,104,2979
179.0,200.0,221.0,234.0,249.0,293.0,333.0,90,3019
175.0,197.0,219.0,232.0,247.0,291.0,331.0,96,3038
177.0,200.0,221.0,234.0,247.0,283.0,331.0,116,3081
178.0,198.0,218.0,230.0,241.0,263.0,328.0,108,3103
178.0,199.0,220.0,233.0,247.0,288.0,327.0,113,3149
173.0,195.0,220.0,234.0,249.0,282.0,320.0,113,3174
175.0,195.0,219.0,234.0,249.0,281.0,316.0,92,3184
176.0,204.0,225.0,238.0,250.0,279.0,330.0,107,3234
173.0,199.0,221.0,233.0,247.0,276.0,325.0,114,3247
161.0,198.0,221.0,234.0,249.0,290.0,332.0,112,3282
176.0,201.0,221.0,233.0,245.0,269.0,317.0,119,3316
173.0,201.0,221.0,233.0,246.0,272.0,317.0,96,3331
161.0,185.0,217.0,236.0,260.0,302.0,335.0,139,16
168.0,190.0,217.0,235.0,257.0,302.0,342.0,128,47
170.0,192.0,217.0,234.0,255.0,300.0,334.0,134,88
166.0,188.0,214.0,229.0,251.0,298.0,335.0,124,110
169.0,192.0,221.0,236.0,253.0,303.0,341.0,124,148
170.0,195.0,220.0,234.0,251.0,304.0,349.0,121,171
171.0,192.0,216.0,230.0,249.0,295.0,332.0,149,191
169.0,192.0,218.0,232.0,249.0,296.0,337.0,133,234
171.0,195.0,221.0,235.0,252.0,293.0,337.0,136,259
169.0,197.0,220.0,233.0,249.0,288.0,334.0,143,275
167.0,188.0,221.0,241.0,264.0,307.0,343.0,123,302
171.0,193.0,220.0,237.0,259.0,302.0,340.0,131,336
173.0,195.0,218.0,233.0,249.0,293.0,338.0,125,380
171.0,195.0,219.0,234.0,251.0,302.0,338.0,148,407
169.0,194.0,220.0,235.0,251.0,298.0,339.0,122,428
171.0,194.0,219.0,235.0,254.0,300.0,336.0,130,466
171.0,195.0,220.0,235.0,251.0,293.0,331.0,120,481
170.0,195.0,219.0,233.0,250.0,292.0,332.0,131,522
169.0,192.0,216.0,230.0,248.0,294.0,333.0,137,551
174.0,196.0,218.0,232.0,249.0,299.0,331.0,145,587
171.0,198.0,219.0,233.0,248.0,292.0,338.0,122,629
176.0,199.0,220.0,233.0,247.0,288.0,338.0,139,654
177.0,199.0,221.0,238.0,258.0,311.0,356.0,138,676
176.0,200.0,224.0,240.0,258.0,312.0,357.0,136,690
175.0,196.0,221.0,238.0,261.0,316.0,355.0,138,743
178.0,201.0,223.0,238.0,257.0,315.0,352.0,127,752
176.0,200.0,224.0,241.0,266.0,318.0,352.0,120,786
176.0,199.0,223.0,239.0,262.0,316.0,357.0,122,828
177.0,199.0,222.0,239.0,261.0,317.0,350.0,121,848
183.0,205.0,226.0,239.0,254.0,305.0,340.0,124,897
181.0,203.0,222.0,235.0,247.0,296.0,338.0,149,929
177.0,204.0,226.0,240.0,255.0,308.0,339.0,124,958
181.0,206.0,227.0,240.0,255.0,309.0,342.0,127,961
183.0,204.0,224.0,237.0,252.0,306.0,344.0,132,1007
181.0,201.0,221.0,234.0,248.0,297.0,335.0,128,1048
177.0,201.0,221.0,235.0,249.0,293.0,337.0,129,1077
183.0,203.0,221.0,232.0,245.0,287.0,332.0,132,1097
179.0,200.0,220.0,233.0,247.0,292.0,341.0,136,1122
175.0,198.0,220.0,235.0,250.0,303.0,341.0,135,1167
182.0,204.0,224.0,236.0,249.0,298.0,343.0,127,1193
177.0,201.0,221.0,234.0,248.0,302.0,342.0,148,1216
173.0,197.0,218.0,231.0,245.0,293.0,337.0,140,1244
175.0,197.0,219.0,232.0,244.0,282.0,332.0,135,1281
174.0,198.0,220.0,232.0,245.0,280.0,332.0,148,1301
172.0,196.0,218.0,231.0,245.0,285.0,329.0,131,1335
175.0,197.0,220.0,234.0,248.0,293.0,336.0,144,1366
177.0,197.0,217.0,229.0,241.0,268.0,328.0,125,1395
175.0,196.0,218.0,231.0,245.0,287.0,333.0,137,1418
178.0,197.0,217.0,231.0,245.0,295.0,335.0,133,1440
179.0,198.0,217.0,231.0,245.0,291.0,331.0,127,1492
178.0,196.0,216.0,228.0,242.0,279.0,337.0,137,1507
177.0,197.0,218.0,232.0,247.0,296.0,338.0,143,1551
177.0,196.0,217.0,230.0,244.0,287.0,331.0,146,1586
179.0,199.0,220.0,233.0,246.0,280.0,333.0,145,1592
168.0,186.0,209.0,225.0,240.0,278.0,334.0,133,1644
178.0,195.0,214.0,227.0,240.0,265.0,321.0,122,1674
174.0,192.0,213.0,227.0,241.0,270.0,330.0,122,1703
169.0,185.0,207.0,223.0,239.0,280.0,337.0,145,1721
173.0,191.0,214.0,229.0,243.0,277.0,328.0,149,1751
175.0,193.0,214.0,227.0,240.0,266.0,329.0,147,1788
172.0,191.0,213.0,228.0,243.0,277.0,330.0,128,1824
173.0,191.0,213.0,228.0,243.0,276.0,329.0,126,1832
177.0,194.0,213.0,227.0,242.0,278.0,330.0,123,1887
177.0,194.0,214.0,228.0,243.0,274.0,327.0,125,1905
180.0,197.0,216.0,228.0,242.0,271.0,329.0,137,1937
180.0,199.0,219.0,232.0,245.0,275.0,328.0,141,1973
179.0,198.0,217.0,230.0,243.0,278.0,330.0,145,2003
180.0,199.0,218.0,230.0,243.0,270.0,331.0,134,2022
179.0,199.0,219.0,231.0,245.0,271.0,328.0,143,2060
176.0,195.0,216.0,229.0,243.0,280.0,330.0,122,2076
179.0,196.0,215.0,227.0,240.0,269.0,326.0,134,2113
173.0,194.0,217.0,231.0,246.0,280.0,332.0,138,2142
182.0,200.0,218.0,229.0,241.0,265.0,329.0,143,2169
180.0,200.0,219.0,230.0,243.0,271.0,331.0,144,2216
179.0,197.0,216.0,228.0,242.0,274.0,328.0,136,2230
178.0,199.0,219.0,231.0,245.0,272.0,328.0,141,2276
180.0,199.0,217.0,229.0,242.0,267.0,324.0,138,2298
171.0,193.0,217.0,230.0,245.0,276.0,324.0,121,2325
180.0,200.0,220.0,231.0,244.0,267.0,327.0,131,2369
178.0,197.0,217.0,229.0,243.0,273.0,330.0,121,2378
176.0,197.0,218.0,232.0,246.0,279.0,320.0,143,2413
182.0,202.0,220.0,231.0,243.0,265.0,326.0,135,2446
183.0,201.0,219.0,230.0,243.0,268.0,332.0,128,2475
174.0,193.0,215.0,228.0,243.0,274.0,329.0,139,2511
177.0,197.0,219.0,232.0,247.0,276.0,328.0,148,2529
180.0,200.0,219.0,231.0,244.0,271.0,325.0,147,2568
170.0,196.0,219.0,232.0,247.0,284.0,335.0,145,2585
174.0,200.0,221.0,234.0,247.0,272.0,330.0,141,2619
178.0,200.0,221.0,233.0,246.0,273.0,332.0,123,2649
164.0,193.0,219.0,234.0,249.0,284.0,330.0,140,2680
137.0,178.0,212.0,230.0,247.0,280.0,316.0,143,2707
146.0,191.0,217.0,230.0,243.0,270.0,309.0,146,2737
152.0,189.0,217.0,232.0,248.0,289.0,327.0,138,2761
167.0,194.0,217.0,230.0,245.0,284.0,332.0,132,2796
175.0,196.0,217.0,230.0,244.0,283.0,330.0,131,2845
175.0,195.0,217.0,229.0,244.0,286.0,334.0,125,2854
175.0,195.0,216.0,228.0,243.0,291.0,336.0,145,2901
177.0,195.0,215.0,227.0,242.0,281.0,327.0,123,2923
175.0,194.0,215.0,228.0,244.0,291.0,335.0,134,2940
181.0,202.0,221.0,233.0,246.0,283.0,329.0,130,2991
178.0,199.0,220.0,233.0,247.0,285.0,330.0,132,3011
180.0,203.0,225.0,238.0,252.0,292.0,337.0,145,3057
181.0,201.0,223.0,236.0,251.0,295.0,339.0,144,3065
179.0,201.0,221.0,234.0,247.0,291.0,343.0,136,3104
178.0,200.0,220.0,233.0,247.0,288.0,329.0,136,3149
176.0,198.0,221.0,235.0,250.0,290.0,324.0,121,3159
175.0,197.0,219.0,232.0,245.0,268.0,311.0,141,3180
173.0,198.0,219.0,232.0,245.0,273.0,324.0,147,3216
140.0,195.0,220.0,234.0,248.0,293.0,342.0,134,3248
173.0,199.0,219.0,232.0,244.0,272.0,327.0,144,3291
175.0,202.0,222.0,234.0,245.0,268.0,318.0,132,3321
175.0,201.0,221.0,234.0,246.0,272.0,315.0,121,3332
167.0,191.0,221.0,238.0,259.0,309.0,348.0,174,7
168.0,190.0,221.0,241.0,263.0,304.0,340.0,173,47
169.0,195.0,224.0,241.0,261.0,305.0,341.0,171,74
171.0,193.0,218.0,234.0,255.0,298.0,337.0,155,104
169.0,193.0,219.0,235.0,259.0,302.0,339.0,172,125
170.0,192.0,217.0,232.0,253.0,297.0,335.0,151,165
171.0,192.0,218.0,232.0,253.0,295.0,335.0,174,208
172.0,194.0,217.0,230.0,246.0,288.0,331.0,161,236
173.0,194.0,217.0,231.0,249.0,293.0,333.0,165,259
173.0,194.0,218.0,232.0,250.0,294.0,334.0,171,274
166.0,187.0,218.0,237.0,259.0,306.0,341.0,160,329
164.0,185.0,219.0,238.0,258.0,301.0,340.0,158,332
167.0,191.0,216.0,231.0,249.0,296.0,334.0,159,368
166.0,193.0,218.0,232.0,248.0,290.0,329.0,162,418
171.0,194.0,217.0,232.0,249.0,294.0,330.0,173,428
173.0,196.0,219.0,233.0,251.0,296.0,331.0,175,455
176.0,199.0,224.0,242.0,263.0,307.0,345.0,159,481
173.0,196.0,223.0,241.0,265.0,307.0,344.0,153,529
176.0,201.0,226.0,242.0,264.0,308.0,349.0,164,569
176.0,200.0,223.0,240.0,260.0,308.0,348.0,169,576
172.0,197.0,223.0,239.0,261.0,310.0,346.0,176,601
174.0,196.0,218.0,232.0,252.0,305.0,339.0,159,643
170.0,195.0,218.0,232.0,250.0,302.0,337.0,169,660
180.0,201.0,223.0,238.0,256.0,309.0,350.0,151,715
173.0,196.0,221.0,237.0,256.0,302.0,339.0,172,739
172.0,194.0,217.0,232.0,250.0,301.0,338.0,172,777
175.0,197.0,218.0,232.0,248.0,302.0,336.0,175,809
173.0,197.0,220.0,235.0,252.0,306.0,342.0,170,816
173.0,198.0,220.0,234.0,251.0,304.0,342.0,164,848
177.0,203.0,222.0,234.0,247.0,299.0,336.0,163,895
180.0,204.0,223.0,235.0,247.0,288.0,330.0,153,900
179.0,203.0,221.0,232.0,245.0,297.0,338.0,164,930
179.0,203.0,225.0,238.0,252.0,309.0,343.0,155,984
182.0,202.0,220.0,232.0,244.0,290.0,337.0,161,1009
179.0,202.0,221.0,233.0,246.0,294.0,332.0,172,1030
178.0,200.0,221.0,235.0,251.0,304.0,339.0,170,1061
177.0,203.0,225.0,239.0,253.0,304.0,342.0,160,1080
182.0,204.0,222.0,235.0,248.0,296.0,333.0,150,1118
178.0,198.0,219.0,232.0,246.0,301.0,348.0,155,1155
177.0,200.0,221.0,234.0,247.0,297.0,337.0,153,1177
171.0,194.0,218.0,231.0,245.0,297.0,335.0,167,1217
168.0,194.0,221.0,236.0,251.0,294.0,331.0,152,1246
172.0,199.0,221.0,232.0,245.0,277.0,331.0,152,1282
174.0,197.0,219.0,232.0,245.0,283.0,332.0,153,1297
173.0,197.0,223.0,237.0,252.0,305.0,339.0,157,1324
180.0,199.0,219.0,231.0,245.0,293.0,339.0,166,1368
180.0,199.0,220.0,233.0,249.0,301.0,342.0,164,1387
180.0,199.0,219.0,231.0,245.0,283.0,332.0,162,1425
177.0,199.0,221.0,236.0,251.0,295.0,335.0,178,1463
178.0,198.0,218.0,231.0,244.0,288.0,334.0,169,1491
173.0,194.0,217.0,231.0,246.0,297.0,338.0,174,1515
177.0,199.0,219.0,234.0,248.0,292.0,339.0,165,1550
177.0,197.0,218.0,232.0,246.0,290.0,334.0,159,1565
169.0,187.0,211.0,227.0,243.0,287.0,331.0,173,1604
167.0,186.0,209.0,226.0,243.0,278.0,331.0,174,1635
172.0,188.0,212.0,230.0,247.0,286.0,338.0,171,1652
174.0,194.0,216.0,229.0,241.0,266.0,325.0,170,1696
172.0,190.0,212.0,227.0,242.0,272.0,332.0,151,1711
175.0,194.0,216.0,228.0,240.0,263.0,329.0,160,1769
175.0,194.0,216.0,228.0,241.0,264.0,330.0,152,1788
183.0,201.0,220.0,233.0,245.0,268.0,332.0,163,1807
180.0,199.0,217.0,229.0,241.0,263.0,324.0,169,1858
179.0,198.0,218.0,230.0,243.0,267.0,325.0,164,1881
180.0,198.0,217.0,229.0,242.0,267.0,330.0,175,1907
182.0,199.0,218.0,230.0,243.0,267.0,327.0,168,1940
184.0,203.0,222.0,233.0,245.0,267.0,323.0,174,1972
178.0,198.0,218.0,230.0,244.0,273.0,323.0,177,2002
180.0,198.0,217.0,230.0,244.0,278.0,332.0,152,2032
180.0,198.0,217.0,230.0,243.0,272.0,327.0,155,2046
178.0,200.0,221.0,235.0,250.0,289.0,330.0,168,2070
179.0,200.0,221.0,234.0,248.0,284.0,331.0,177,2103
182.0,202.0,220.0,231.0,243.0,268.0,326.0,154,2144
181.0,199.0,217.0,228.0,240.0,262.0,323.0,170,2181
181.0,199.0,217.0,228.0,240.0,264.0,326.0,159,2190
182.0,201.0,219.0,230.0,241.0,261.0,323.0,174,2221
173.0,193.0,217.0,232.0,247.0,288.0,326.0,175,2265
176.0,199.0,219.0,231.0,245.0,275.0,326.0,158,2283
160.0,185.0,213.0,231.0,247.0,280.0,331.0,168,2329
167.0,190.0,217.0,231.0,247.0,279.0,327.0,157,2340
150.0,187.0,215.0,231.0,247.0,278.0,322.0,175,2373
176.0,199.0,222.0,235.0,249.0,287.0,331.0,155,2401
172.0,193.0,216.0,232.0,248.0,286.0,327.0,168,2434
167.0,196.0,219.0,233.0,247.0,281.0,326.0,153,2462
153.0,189.0,215.0,230.0,245.0,273.0,314.0,177,2493
144.0,187.0,216.0,229.0,243.0,271.0,324.0,169,2526
171.0,192.0,216.0,230.0,245.0,278.0,326.0,158,2556
175.0,199.0,219.0,232.0,245.0,269.0,328.0,161,2600
169.0,193.0,216.0,229.0,243.0,271.0,329.0,164,2621
167.0,196.0,218.0,232.0,246.0,280.0,339.0,154,2641
150.0,193.0,220.0,232.0,245.0,270.0,313.0,178,2671
157.0,193.0,220.0,233.0,247.0,286.0,331.0,160,2718
175.0,197.0,219.0,232.0,245.0,275.0,333.0,172,2757
170.0,194.0,217.0,230.0,244.0,276.0,337.0,170,2763
175.0,195.0,217.0,231.0,247.0,285.0,335.0,151,2805
172.0,195.0,217.0,230.0,245.0,283.0,327.0,166,2829
172.0,192.0,213.0,228.0,245.0,295.0,335.0,156,2859
177.0,195.0,215.0,228.0,244.0,288.0,334.0,176,2904
176.0,196.0,216.0,230.0,245.0,294.0,333.0,161,2914
174.0,195.0,216.0,229.0,245.0,296.0,339.0,178,2950
180.0,198.0,217.0,229.0,242.0,290.0,338.0,169,2974
171.0,194.0,217.0,231.0,245.0,276.0,326.0,171,3002
179.0,200.0,221.0,234.0,248.0,282.0,333.0,158,3051
178.0,200.0,220.0,232.0,245.0,276.0,331.0,176,3077
176.0,199.0,219.0,231.0,243.0,264.0,335.0,175,3095
173.0,197.0,217.0,230.0,244.0,275.0,329.0,173,3142
178.0,201.0,220.0,232.0,245.0,271.0,325.0,174,3157
175.0,198.0,220.0,233.0,246.0,275.0,324.0,164,3196
128.0,194.0,219.0,234.0,251.0,302.0,342.0,162,3226
157.0,198.0,221.0,235.0,251.0,300.0,337.0,166,3243
168.0,197.0,219.0,231.0,245.0,273.0,329.0,157,3287
168.0,198.0,219.0,231.0,244.0,273.0,331.0,151,3302
177.0,199.0,220.0,233.0,247.0,293.0,338.0,157,3330
169.0,191.0,222.0,238.0,255.0,299.0,343.0,198,27
170.0,195.0,224.0,241.0,261.0,305.0,345.0,186,53
168.0,195.0,226.0,243.0,262.0,303.0,344.0,188,73
169.0,193.0,221.0,240.0,264.0,309.0,345.0,194,118
169.0,195.0,223.0,240.0,264.0,305.0,342.0,201,149
169.0,193.0,222.0,242.0,268.0,308.0,344.0,196,159
167.0,190.0,220.0,238.0,266.0,306.0,344.0,197,208
169.0,193.0,221.0,239.0,261.0,300.0,338.0,206,233
171.0,193.0,219.0,233.0,252.0,295.0,330.0,203,268
171.0,195.0,219.0,233.0,250.0,290.0,333.0,194,298
170.0,195.0,219.0,233.0,250.0,291.0,335.0,207,312
173.0,196.0,219.0,232.0,248.0,294.0,334.0,196,356
172.0,196.0,219.0,233.0,251.0,298.0,334.0,192,374
174.0,197.0,221.0,236.0,255.0,302.0,336.0,186,415
173.0,196.0,222.0,237.0,254.0,298.0,333.0,206,442
172.0,196.0,219.0,233.0,250.0,296.0,331.0,209,463
174.0,197.0,221.0,236.0,253.0,300.0,339.0,183,496
168.0,193.0,219.0,235.0,254.0,299.0,332.0,194,518
176.0,200.0,223.0,239.0,260.0,312.0,353.0,181,551
177.0,200.0,222.0,237.0,256.0,307.0,347.0,184,586
175.0,198.0,220.0,235.0,255.0,308.0,350.0,209,613
171.0,196.0,220.0,235.0,256.0,303.0,341.0,188,651
170.0,193.0,219.0,237.0,259.0,311.0,344.0,207,660
172.0,194.0,218.0,233.0,251.0,303.0,339.0,201,718
170.0,194.0,220.0,235.0,255.0,305.0,337.0,189,735
171.0,195.0,219.0,234.0,253.0,305.0,337.0,188,752
173.0,199.0,222.0,237.0,255.0,308.0,346.0,201,801
176.0,200.0,221.0,235.0,251.0,310.0,348.0,209,833
178.0,202.0,221.0,234.0,246.0,304.0,342.0,192,869
182.0,205.0,224.0,237.0,250.0,309.0,348.0,196,894
180.0,202.0,221.0,233.0,246.0,303.0,344.0,191,908
177.0,199.0,218.0,230.0,243.0,285.0,333.0,203,952
177.0,200.0,223.0,237.0,253.0,309.0,345.0,200,984
178.0,203.0,225.0,239.0,254.0,307.0,345.0,198,990
175.0,199.0,223.0,237.0,252.0,306.0,345.0,209,1039
181.0,203.0,223.0,235.0,248.0,297.0,336.0,200,1067
171.0,195.0,221.0,235.0,250.0,293.0,330.0,205,1106
173.0,195.0,218.0,231.0,245.0,292.0,332.0,191,1135
173.0,196.0,218.0,231.0,245.0,293.0,337.0,204,1147
171.0,195.0,219.0,233.0,247.0,295.0,337.0,204,1178
175.0,197.0,221.0,235.0,249.0,295.0,336.0,188,1228
180.0,200.0,220.0,233.0,245.0,284.0,338.0,203,1258
179.0,199.0,219.0,231.0,243.0,269.0,330.0,198,1280
178.0,198.0,219.0,232.0,245.0,276.0,336.0,204,1294
179.0,200.0,221.0,233.0,245.0,273.0,335.0,207,1331
182.0,201.0,219.0,230.0,242.0,267.0,327.0,198,1375
180.0,199.0,219.0,232.0,247.0,289.0,335.0,206,1402
179.0,198.0,220.0,234.0,251.0,302.0,342.0,203,1436
178.0,197.0,219.0,233.0,248.0,298.0,339.0,197,1459
179.0,199.0,220.0,233.0,246.0,293.0,338.0,204,1470
173.0,193.0,216.0,229.0,243.0,287.0,331.0,182,1504
178.0,198.0,217.0,230.0,243.0,285.0,337.0,186,1559
170.0,189.0,212.0,228.0,246.0,291.0,331.0,181,1586
169.0,189.0,215.0,231.0,247.0,289.0,330.0,181,1602
170.0,186.0,207.0,224.0,244.0,295.0,344.0,203,1624
175.0,195.0,217.0,229.0,242.0,270.0,335.0,207,1668
177.0,198.0,219.0,230.0,242.0,262.0,326.0,196,1691
179.0,196.0,216.0,229.0,241.0,264.0,330.0,191,1731
179.0,198.0,217.0,229.0,241.0,262.0,327.0,198,1754
180.0,198.0,217.0,229.0,241.0,264.0,330.0,182,1778
177.0,195.0,216.0,228.0,240.0,264.0,324.0,199,1800
180.0,198.0,217.0,228.0,240.0,261.0,327.0,206,1832
178.0,198.0,218.0,229.0,241.0,260.0,324.0,191,1865
180.0,198.0,218.0,229.0,241.0,262.0,323.0,205,1897
177.0,197.0,217.0,228.0,241.0,263.0,321.0,195,1944
177.0,198.0,218.0,231.0,245.0,274.0,329.0,198,1961
179.0,199.0,219.0,231.0,245.0,273.0,333.0,189,1982
171.0,189.0,213.0,230.0,246.0,279.0,323.0,183,2013
177.0,198.0,220.0,234.0,249.0,289.0,332.0,183,2058
180.0,198.0,218.0,232.0,246.0,279.0,328.0,206,2072
179.0,200.0,219.0,231.0,245.0,273.0,333.0,196,2103
179.0,199.0,218.0,229.0,240.0,261.0,327.0,194,2148
179.0,199.0,218.0,229.0,241.0,265.0,332.0,195,2183
179.0,199.0,218.0,229.0,241.0,263.0,329.0,182,2209
153.0,189.0,216.0,232.0,249.0,290.0,334.0,208,2246
174.0,196.0,217.0,230.0,244.0,278.0,329.0,185,2258
163.0,190.0,215.0,230.0,245.0,283.0,325.0,197,2287
149.0,186.0,214.0,230.0,245.0,275.0,316.0,184,2317
161.0,187.0,214.0,229.0,244.0,272.0,318.0,191,2354
171.0,195.0,219.0,233.0,248.0,281.0,318.0,206,2371
158.0,190.0,216.0,230.0,244.0,270.0,313.0,189,2413
158.0,190.0,215.0,230.0,246.0,292.0,336.0,206,2448
171.0,194.0,218.0,232.0,246.0,276.0,331.0,200,2467
156.0,182.0,214.0,229.0,245.0,279.0,320.0,207,2518
165.0,187.0,214.0,227.0,242.0,266.0,314.0,187,2542
151.0,183.0,214.0,228.0,241.0,263.0,312.0,189,2571
161.0,193.0,217.0,229.0,241.0,263.0,314.0,192,2593
134.0,183.0,215.0,230.0,246.0,283.0,330.0,197,2625
127.0,187.0,217.0,232.0,247.0,289.0,336.0,198,2654
138.0,187.0,218.0,232.0,246.0,278.0,320.0,198,2684
155.0,186.0,215.0,230.0,244.0,277.0,325.0,202,2724
174.0,198.0,219.0,231.0,245.0,275.0,333.0,190,2754
154.0,189.0,216.0,230.0,245.0,276.0,331.0,199,2768
181.0,201.0,219.0,230.0,242.0,267.0,328.0,180,2805
171.0,192.0,216.0,231.0,247.0,292.0,329.0,186,2825
177.0,195.0,216.0,229.0,245.0,295.0,337.0,181,2874
178.0,196.0,217.0,230.0,245.0,291.0,333.0,183,2898
174.0,196.0,219.0,233.0,248.0,290.0,335.0,182,2922
178.0,198.0,218.0,230.0,245.0,289.0,336.0,188,2965
155.0,196.0,221.0,235.0,250.0,288.0,325.0,193,2986
172.0,197.0,219.0,232.0,245.0,271.0,316.0,184,3022
175.0,196.0,218.0,232.0,247.0,279.0,320.0,192,3041
170.0,194.0,218.0,232.0,246.0,275.0,320.0,183,3084
175.0,196.0,218.0,232.0,246.0,279.0,327.0,180,3114
168.0,193.0,216.0,228.0,242.0,265.0,321.0,201,3146
179.0,201.0,221.0,233.0,245.0,272.0,327.0,181,3174
174.0,200.0,221.0,234.0,247.0,276.0,326.0,201,3195
171.0,198.0,221.0,234.0,247.0,289.0,335.0,191,3223
120.0,193.0,221.0,235.0,250.0,294.0,334.0,182,3250
170.0,196.0,219.0,232.0,246.0,278.0,327.0,199,3281
177.0,202.0,223.0,235.0,248.0,277.0,322.0,206,3329
171.0,195.0,218.0,231.0,246.0,282.0,324.0,195,3330
166.0,188.0,220.0,237.0,258.0,299.0,336.0,232,22
166.0,187.0,217.0,234.0,256.0,299.0,335.0,232,48
171.0,197.0,222.0,237.0,256.0,301.0,345.0,215,63
170.0,194.0,220.0,234.0,254.0,305.0,342.0,226,112
168.0,192.0,221.0,239.0,264.0,305.0,344.0,212,142
170.0,196.0,223.0,242.0,266.0,307.0,348.0,212,169
169.0,195.0,221.0,237.0,260.0,305.0,344.0,217,200
171.0,193.0,220.0,237.0,264.0,305.0,342.0,213,216
166.0,187.0,220.0,240.0,267.0,306.0,342.0,231,261
170.0,192.0,219.0,234.0,250.0,292.0,333.0,220,291
169.0,192.0,219.0,233.0,250.0,288.0,335.0,226,309
171.0,194.0,219.0,232.0,246.0,285.0,331.0,228,333
176.0,199.0,220.0,233.0,248.0,285.0,333.0,237,362
172.0,195.0,223.0,240.0,261.0,305.0,346.0,235,419
166.0,190.0,221.0,238.0,259.0,301.0,334.0,225,447
169.0,193.0,224.0,242.0,266.0,309.0,344.0,236,460
171.0,196.0,223.0,239.0,258.0,302.0,336.0,220,495
167.0,194.0,224.0,241.0,267.0,312.0,344.0,238,534
169.0,195.0,222.0,238.0,260.0,308.0,341.0,229,546
175.0,197.0,222.0,239.0,263.0,307.0,346.0,235,594
174.0,198.0,220.0,234.0,251.0,302.0,341.0,227,629
171.0,195.0,218.0,234.0,254.0,307.0,344.0,222,633
173.0,196.0,219.0,233.0,250.0,305.0,343.0,211,686
176.0,200.0,220.0,233.0,249.0,308.0,350.0,226,713
179.0,206.0,231.0,247.0,273.0,317.0,349.0,238,721
172.0,194.0,217.0,231.0,249.0,309.0,343.0,211,774
178.0,202.0,224.0,238.0,252.0,304.0,345.0,226,785
181.0,204.0,225.0,239.0,254.0,296.0,338.0,238,816
178.0,202.0,222.0,236.0,251.0,308.0,346.0,213,854
177.0,199.0,220.0,234.0,250.0,305.0,338.0,227,889
178.0,201.0,220.0,232.0,245.0,296.0,339.0,224,926
178.0,198.0,216.0,227.0,240.0,286.0,336.0,211,939
178.0,199.0,218.0,231.0,244.0,288.0,339.0,226,964
181.0,201.0,219.0,232.0,245.0,285.0,333.0,236,1008
178.0,200.0,221.0,235.0,249.0,299.0,338.0,232,1030
178.0,199.0,220.0,234.0,247.0,299.0,339.0,231,1065
176.0,199.0,221.0,235.0,248.0,296.0,330.0,230,1092
178.0,199.0,219.0,230.0,243.0,288.0,342.0,239,1126
171.0,195.0,219.0,232.0,249.0,304.0,345.0,217,1154
169.0,190.0,214.0,227.0,245.0,306.0,345.0,212,1198
172.0,193.0,216.0,229.0,245.0,300.0,343.0,215,1203
173.0,199.0,221.0,233.0,245.0,267.0,312.0,222,1252
172.0,196.0,220.0,233.0,246.0,276.0,329.0,225,1285
177.0,200.0,220.0,232.0,244.0,268.0,315.0,213,1296
174.0,195.0,218.0,231.0,246.0,286.0,336.0,230,1338
172.0,193.0,214.0,228.0,243.0,293.0,339.0,238,1356
182.0,201.0,220.0,232.0,244.0,270.0,332.0,216,1393
179.0,199.0,219.0,233.0,247.0,296.0,338.0,214,1425
176.0,195.0,218.0,232.0,246.0,295.0,332.0,224,1468
181.0,200.0,219.0,231.0,244.0,274.0,333.0,231,1486
176.0,196.0,220.0,236.0,252.0,304.0,340.0,213,1517
176.0,195.0,216.0,229.0,243.0,293.0,339.0,230,1539
172.0,192.0,215.0,229.0,244.0,277.0,328.0,214,1584
174.0,192.0,216.0,230.0,245.0,285.0,337.0,228,1591
175.0,194.0,216.0,230.0,246.0,281.0,331.0,232,1635
165.0,189.0,214.0,229.0,244.0,279.0,328.0,224,1658
171.0,192.0,216.0,229.0,243.0,269.0,321.0,236,1703
171.0,191.0,214.0,227.0,241.0,268.0,317.0,222,1736
174.0,196.0,218.0,230.0,243.0,268.0,324.0,229,1757
182.0,201.0,219.0,229.0,240.0,259.0,325.0,233,1796
181.0,199.0,217.0,228.0,240.0,261.0,323.0,238,1821
180.0,198.0,216.0,227.0,239.0,259.0,321.0,228,1832
179.0,199.0,218.0,229.0,241.0,262.0,324.0,221,1877
182.0,200.0,219.0,231.0,243.0,264.0,323.0,220,1895
173.0,194.0,215.0,228.0,242.0,270.0,327.0,214,1941
183.0,201.0,219.0,231.0,245.0,273.0,327.0,231,1978
175.0,197.0,218.0,231.0,246.0,276.0,327.0,214,1993
179.0,198.0,219.0,232.0,246.0,274.0,329.0,230,2012
174.0,197.0,220.0,233.0,248.0,285.0,330.0,239,2057
179.0,199.0,219.0,232.0,246.0,276.0,330.0,223,2075
184.0,204.0,222.0,234.0,246.0,272.0,331.0,215,2110
177.0,198.0,219.0,232.0,246.0,276.0,331.0,231,2131
171.0,191.0,215.0,228.0,242.0,274.0,335.0,236,2186
169.0,188.0,212.0,228.0,244.0,281.0,327.0,214,2218
168.0,192.0,217.0,232.0,248.0,288.0,337.0,214,2244
159.0,187.0,215.0,230.0,247.0,288.0,328.0,222,2275
166.0,192.0,216.0,229.0,244.0,282.0,334.0,227,2299
167.0,188.0,214.0,232.0,249.0,288.0,324.0,233,2323
172.0,192.0,214.0,230.0,246.0,288.0,329.0,237,2341
172.0,195.0,219.0,233.0,248.0,290.0,328.0,233,2389
169.0,191.0,218.0,236.0,254.0,300.0,336.0,230,2422
170.0,192.0,216.0,231.0,247.0,286.0,323.0,232,2447
167.0,190.0,215.0,228.0,243.0,277.0,327.0,232,2479
173.0,193.0,215.0,230.0,245.0,283.0,327.0,239,2518
167.0,191.0,217.0,233.0,252.0,293.0,329.0,227,2537
168.0,192.0,218.0,234.0,251.0,293.0,328.0,221,2571
175.0,200.0,221.0,233.0,247.0,277.0,328.0,215,2596
174.0,198.0,222.0,236.0,251.0,287.0,328.0,237,2622
166.0,196.0,219.0,233.0,247.0,280.0,324.0,222,2641
168.0,192.0,217.0,231.0,246.0,283.0,328.0,233,2678
170.0,195.0,218.0,232.0,246.0,280.0,322.0,215,2719
170.0,195.0,219.0,234.0,249.0,289.0,331.0,232,2755
125.0,184.0,214.0,228.0,243.0,271.0,316.0,213,2776
133.0,186.0,215.0,229.0,244.0,273.0,325.0,219,2809
136.0,183.0,214.0,227.0,240.0,267.0,317.0,233,2843
178.0,197.0,217.0,230.0,245.0,293.0,335.0,212,2872
175.0,195.0,217.0,230.0,245.0,288.0,335.0,218,2891
155.0,196.0,220.0,231.0,242.0,266.0,336.0,233,2912
165.0,192.0,218.0,232.0,246.0,274.0,317.0,215,2947
175.0,200.0,221.0,233.0,246.0,272.0,321.0,211,2996
178.0,199.0,220.0,232.0,245.0,271.0,324.0,216,3000
167.0,194.0,217.0,230.0,245.0,281.0,331.0,229,3053
172.0,199.0,220.0,232.0,245.0,271.0,318.0,221,3060
176.0,199.0,221.0,234.0,246.0,273.0,335.0,210,3104
170.0,196.0,217.0,229.0,241.0,265.0,314.0,239,3137
165.0,196.0,220.0,233.0,248.0,290.0,336.0,215,3166
173.0,200.0,222.0,235.0,248.0,280.0,333.0,225,3186
170.0,197.0,220.0,233.0,247.0,287.0,327.0,223,3219
172.0,199.0,220.0,233.0,248.0,290.0,332.0,222,3252
174.0,201.0,223.0,236.0,248.0,275.0,328.0,235,3271
174.0,202.0,222.0,234.0,246.0,270.0,322.0,228,3315
177.0,201.0,221.0,233.0,246.0,276.0,329.0,218,3333
168.0,192.0,225.0,241.0,260.0,303.0,336.0,245,2
172.0,194.0,219.0,233.0,251.0,296.0,340.0,267,50
167.0,189.0,218.0,235.0,258.0,302.0,336.0,247,77
172.0,196.0,221.0,236.0,253.0,295.0,342.0,268,97
171.0,193.0,222.0,239.0,259.0,301.0,335.0,263,136
168.0,192.0,219.0,235.0,256.0,300.0,337.0,262,165
170.0,194.0,223.0,238.0,255.0,295.0,336.0,269,202
168.0,191.0,221.0,240.0,265.0,305.0,340.0,250,222
165.0,188.0,220.0,236.0,254.0,299.0,339.0,257,265
170.0,192.0,220.0,236.0,258.0,301.0,341.0,253,288
171.0,193.0,220.0,234.0,250.0,292.0,333.0,246,328
168.0,192.0,229.0,244.0,263.0,300.0,334.0,268,333
163.0,192.0,229.0,245.0,267.0,309.0,341.0,261,389
173.0,198.0,221.0,236.0,255.0,302.0,336.0,254,397
171.0,197.0,226.0,241.0,260.0,305.0,342.0,247,421
170.0,200.0,229.0,247.0,274.0,313.0,348.0,250,456
172.0,200.0,227.0,243.0,268.0,312.0,351.0,240,486
177.0,209.0,238.0,267.0,291.0,321.0,352.0,253,529
171.0,204.0,230.0,245.0,273.0,316.0,354.0,245,558
172.0,201.0,228.0,246.0,279.0,318.0,346.0,242,597
172.0,211.0,249.0,269.0,289.0,322.0,346.0,269,602
173.0,219.0,248.0,271.0,297.0,324.0,347.0,269,643
177.0,207.0,234.0,251.0,284.0,320.0,347.0,241,685
173.0,207.0,236.0,252.0,283.0,318.0,345.0,256,715
180.0,205.0,228.0,243.0,260.0,309.0,343.0,242,746
175.0,207.0,240.0,267.0,285.0,320.0,343.0,257,763
179.0,203.0,225.0,239.0,253.0,306.0,337.0,240,801
171.0,208.0,240.0,263.0,288.0,319.0,342.0,264,815
178.0,202.0,223.0,236.0,250.0,306.0,341.0,254,856
179.0,200.0,220.0,233.0,246.0,299.0,336.0,254,894
181.0,203.0,222.0,235.0,247.0,287.0,330.0,252,918
172.0,197.0,218.0,232.0,246.0,302.0,340.0,247,943
178.0,200.0,221.0,234.0,247.0,294.0,335.0,241,989
177.0,198.0,218.0,230.0,242.0,271.0,331.0,268,993
173.0,195.0,218.0,233.0,247.0,281.0,328.0,269,1028
173.0,197.0,217.0,229.0,243.0,278.0,331.0,245,1059
179.0,200.0,223.0,237.0,250.0,292.0,335.0,246,1094
182.0,203.0,222.0,234.0,246.0,288.0,337.0,251,1111
174.0,196.0,219.0,233.0,247.0,288.0,333.0,243,1157
174.0,197.0,219.0,231.0,245.0,294.0,338.0,261,1172
178.0,199.0,219.0,232.0,245.0,286.0,336.0,256,1228
173.0,197.0,220.0,233.0,246.0,275.0,332.0,253,1238
175.0,196.0,219.0,232.0,246.0,282.0,335.0,257,1275
174.0,196.0,218.0,230.0,244.0,285.0,335.0,257,1315
164.0,188.0,215.0,230.0,245.0,292.0,328.0,257,1348
175.0,194.0,215.0,229.0,244.0,292.0,342.0,246,1369
119.0,189.0,214.0,228.0,242.0,285.0,332.0,250,1408
168.0,187.0,213.0,228.0,243.0,287.0,331.0,265,1422
176.0,195.0,217.0,231.0,245.0,280.0,332.0,248,1447
172.0,191.0,215.0,230.0,246.0,284.0,335.0,265,1497
175.0,194.0,217.0,229.0,243.0,291.0,338.0,241,1521
170.0,190.0,216.0,230.0,244.0,283.0,333.0,253,1535
167.0,187.0,213.0,228.0,243.0,282.0,330.0,245,1567
171.0,193.0,217.0,230.0,244.0,282.0,332.0,267,1604
171.0,193.0,217.0,231.0,244.0,281.0,334.0,245,1628
172.0,198.0,223.0,237.0,253.0,305.0,343.0,266,1651
175.0,195.0,216.0,228.0,240.0,261.0,324.0,248,1696
172.0,191.0,214.0,227.0,240.0,263.0,329.0,259,1723
170.0,188.0,212.0,227.0,242.0,277.0,331.0,248,1755
176.0,194.0,214.0,227.0,241.0,268.0,320.0,246,1795
178.0,197.0,217.0,229.0,242.0,268.0,321.0,255,1802
180.0,197.0,216.0,227.0,239.0,260.0,323.0,240,1858
180.0,199.0,217.0,228.0,239.0,260.0,320.0,244,1868
173.0,192.0,213.0,226.0,240.0,266.0,326.0,267,1918
176.0,196.0,217.0,228.0,240.0,259.0,325.0,247,1920
180.0,199.0,219.0,231.0,244.0,269.0,325.0,267,1974
175.0,197.0,218.0,232.0,247.0,281.0,326.0,242,2009
178.0,198.0,218.0,230.0,244.0,271.0,330.0,258,2022
185.0,203.0,221.0,232.0,244.0,265.0,324.0,256,2056
183.0,201.0,220.0,231.0,244.0,268.0,327.0,256,2074
179.0,199.0,219.0,231.0,244.0,272.0,331.0,261,2113
183.0,201.0,219.0,230.0,242.0,263.0,325.0,262,2130
171.0,196.0,218.0,231.0,244.0,268.0,328.0,257,2167
159.0,183.0,211.0,228.0,247.0,296.0,338.0,251,2216
167.0,188.0,216.0,232.0,250.0,290.0,335.0,240,2227
166.0,195.0,217.0,229.0,244.0,284.0,321.0,249,2267
174.0,192.0,213.0,228.0,245.0,287.0,332.0,269,2296
174.0,194.0,215.0,229.0,245.0,280.0,329.0,250,2322
177.0,194.0,214.0,229.0,246.0,294.0,336.0,245,2359
174.0,195.0,219.0,234.0,249.0,289.0,332.0,250,2382
176.0,193.0,214.0,230.0,248.0,293.0,334.0,257,2405
175.0,194.0,216.0,231.0,247.0,283.0,329.0,256,2437
173.0,192.0,215.0,231.0,247.0,287.0,331.0,260,2476
173.0,194.0,217.0,231.0,245.0,275.0,322.0,240,2502
176.0,194.0,217.0,232.0,248.0,285.0,334.0,242,2535
173.0,194.0,218.0,233.0,251.0,292.0,331.0,246,2572
171.0,193.0,219.0,236.0,254.0,296.0,333.0,247,2605
166.0,189.0,218.0,235.0,253.0,294.0,330.0,256,2635
168.0,192.0,219.0,236.0,254.0,299.0,333.0,261,2644
175.0,200.0,220.0,233.0,247.0,277.0,323.0,266,2686
175.0,194.0,216.0,229.0,245.0,289.0,334.0,250,2721
169.0,189.0,211.0,226.0,242.0,291.0,331.0,255,2751
175.0,195.0,215.0,227.0,241.0,279.0,330.0,258,2765
169.0,190.0,218.0,237.0,256.0,300.0,334.0,248,2802
164.0,195.0,219.0,232.0,246.0,285.0,329.0,240,2829
174.0,198.0,221.0,237.0,253.0,295.0,329.0,268,2858
166.0,195.0,221.0,236.0,254.0,295.0,331.0,260,2882
158.0,194.0,218.0,230.0,242.0,269.0,317.0,265,2929
175.0,198.0,219.0,232.0,245.0,284.0,330.0,243,2965
176.0,196.0,216.0,228.0,241.0,282.0,332.0,248,2971
175.0,198.0,218.0,231.0,245.0,281.0,331.0,257,3026
169.0,195.0,218.0,232.0,247.0,292.0,335.0,269,3053
170.0,198.0,219.0,232.0,246.0,284.0,335.0,264,3065
175.0,197.0,218.0,231.0,244.0,277.0,329.0,260,3115
178.0,200.0,222.0,235.0,248.0,285.0,336.0,264,3143
170.0,196.0,219.0,232.0,245.0,272.0,321.0,247,3173
169.0,194.0,219.0,233.0,247.0,285.0,333.0,261,3193
178.0,198.0,220.0,233.0,245.0,272.0,329.0,258,3219
175.0,200.0,221.0,234.0,248.0,281.0,325.0,254,3269
177.0,200.0,220.0,232.0,243.0,266.0,328.0,249,3294
177.0,202.0,222.0,233.0,245.0,281.0,343.0,246,3329
178.0,200.0,220.0,232.0,245.0,273.0,342.0,267,3332
173.0,195.0,221.0,236.0,251.0,292.0,341.0,275,10
177.0,200.0,221.0,235.0,251.0,285.0,330.0,288,42
172.0,195.0,220.0,236.0,257.0,299.0,337.0,283,84
170.0,193.0,219.0,233.0,250.0,299.0,340.0,271,105
180.0,204.0,225.0,239.0,255.0,289.0,333.0,291,147
182.0,204.0,224.0,237.0,252.0,285.0,332.0,285,163
181.0,205.0,225.0,238.0,252.0,281.0,329.0,280,194
178.0,203.0,224.0,238.0,254.0,286.0,333.0,286,221
178.0,203.0,226.0,241.0,258.0,291.0,333.0,296,243
174.0,200.0,227.0,243.0,261.0,294.0,335.0,294,287
173.0,199.0,227.0,244.0,266.0,303.0,337.0,290,314
169.0,215.0,240.0,256.0,273.0,315.0,346.0,298,339
170.0,215.0,248.0,266.0,282.0,315.0,339.0,292,371
171.0,213.0,247.0,264.0,280.0,313.0,339.0,287,399
167.0,221.0,249.0,265.0,281.0,318.0,345.0,287,427
165.0,200.0,233.0,248.0,267.0,305.0,340.0,293,479
177.0,218.0,243.0,262.0,283.0,317.0,340.0,281,499
176.0,217.0,241.0,261.0,281.0,317.0,346.0,287,511
168.0,205.0,234.0,248.0,268.0,318.0,343.0,288,555
174.0,208.0,240.0,263.0,283.0,320.0,347.0,277,592
176.0,207.0,233.0,249.0,271.0,310.0,342.0,292,608
178.0,215.0,239.0,255.0,280.0,318.0,346.0,293,644
177.0,214.0,243.0,270.0,292.0,322.0,349.0,281,682
173.0,210.0,237.0,252.0,278.0,314.0,341.0,281,695
170.0,196.0,238.0,260.0,280.0,315.0,342.0,277,728
176.0,212.0,242.0,265.0,285.0,318.0,343.0,277,756
172.0,206.0,230.0,243.0,257.0,302.0,340.0,297,787
174.0,201.0,229.0,246.0,271.0,310.0,341.0,294,826
177.0,206.0,231.0,244.0,260.0,313.0,344.0,294,863
180.0,205.0,226.0,238.0,251.0,306.0,338.0,280,891
177.0,202.0,224.0,237.0,250.0,297.0,339.0,278,903
179.0,201.0,222.0,236.0,251.0,299.0,338.0,291,933
176.0,200.0,220.0,233.0,246.0,287.0,337.0,285,975
173.0,196.0,217.0,230.0,243.0,277.0,331.0,279,1013
179.0,201.0,219.0,232.0,245.0,276.0,333.0,295,1033
176.0,196.0,217.0,229.0,243.0,273.0,330.0,275,1070
178.0,199.0,222.0,236.0,249.0,297.0,334.0,296,1102
167.0,189.0,217.0,232.0,246.0,296.0,327.0,286,1133
171.0,194.0,218.0,232.0,247.0,289.0,326.0,279,1162
171.0,197.0,221.0,234.0,246.0,286.0,333.0,297,1184
174.0,196.0,218.0,231.0,246.0,285.0,329.0,275,1224
178.0,198.0,217.0,229.0,241.0,271.0,336.0,275,1250
175.0,196.0,217.0,230.0,243.0,277.0,326.0,292,1288
176.0,196.0,217.0,230.0,243.0,275.0,336.0,274,1305
169.0,191.0,216.0,230.0,244.0,282.0,327.0,289,1347
169.0,191.0,215.0,228.0,244.0,291.0,337.0,279,1367
172.0,191.0,215.0,229.0,244.0,286.0,336.0,282,1391
175.0,194.0,215.0,228.0,242.0,277.0,332.0,295,1433
179.0,202.0,222.0,234.0,246.0,272.0,328.0,277,1469
174.0,201.0,222.0,234.0,247.0,278.0,328.0,283,1492
173.0,195.0,219.0,233.0,247.0,283.0,332.0,281,1528
173.0,194.0,219.0,234.0,248.0,285.0,332.0,281,1539
179.0,199.0,219.0,232.0,246.0,279.0,325.0,295,1573
172.0,194.0,217.0,230.0,245.0,278.0,330.0,281,1592
183.0,210.0,235.0,253.0,290.0,316.0,350.0,278,1649
177.0,200.0,223.0,237.0,253.0,302.0,343.0,279,1675
178.0,198.0,218.0,230.0,244.0,277.0,328.0,276,1696
169.0,188.0,211.0,225.0,239.0,270.0,338.0,286,1722
172.0,191.0,213.0,226.0,240.0,268.0,327.0,290,1763
177.0,195.0,216.0,228.0,240.0,261.0,328.0,282,1777
176.0,200.0,219.0,230.0,242.0,263.0,325.0,292,1807
172.0,191.0,213.0,226.0,239.0,263.0,326.0,274,1843
173.0,194.0,217.0,229.0,241.0,264.0,324.0,293,1875
173.0,193.0,215.0,227.0,240.0,264.0,329.0,292,1892
175.0,194.0,216.0,228.0,241.0,266.0,323.0,282,1935
181.0,199.0,217.0,229.0,242.0,266.0,322.0,274,1968
182.0,201.0,219.0,231.0,243.0,267.0,325.0,270,1993
177.0,197.0,217.0,230.0,244.0,272.0,324.0,286,2021
175.0,198.0,220.0,233.0,247.0,280.0,330.0,296,2065
181.0,201.0,220.0,232.0,244.0,267.0,326.0,284,2087
184.0,202.0,219.0,231.0,243.0,265.0,322.0,293,2114
184.0,202.0,220.0,231.0,243.0,263.0,324.0,270,2144
166.0,189.0,215.0,229.0,245.0,288.0,337.0,278,2178
167.0,188.0,214.0,229.0,245.0,287.0,334.0,277,2200
159.0,185.0,212.0,229.0,247.0,288.0,330.0,279,2231
174.0,194.0,214.0,227.0,241.0,269.0,325.0,294,2251
178.0,196.0,216.0,229.0,245.0,287.0,334.0,283,2297
176.0,195.0,216.0,230.0,244.0,282.0,330.0,295,2313
175.0,193.0,214.0,229.0,244.0,290.0,336.0,292,2368
180.0,197.0,217.0,229.0,243.0,278.0,335.0,295,2396
178.0,195.0,216.0,229.0,245.0,288.0,335.0,275,2405
175.0,194.0,216.0,231.0,246.0,285.0,331.0,274,2436
179.0,198.0,218.0,230.0,244.0,273.0,328.0,275,2461
179.0,199.0,219.0,231.0,246.0,279.0,330.0,292,2501
179.0,196.0,216.0,229.0,244.0,279.0,336.0,278,2545
178.0,197.0,217.0,230.0,245.0,286.0,334.0,280,2565
175.0,195.0,218.0,231.0,245.0,283.0,320.0,291,2593
172.0,192.0,214.0,228.0,244.0,283.0,328.0,276,2633
168.0,194.0,218.0,233.0,250.0,299.0,330.0,295,2641
152.0,195.0,219.0,232.0,246.0,287.0,334.0,275,2693
177.0,195.0,215.0,228.0,243.0,285.0,336.0,282,2728
175.0,196.0,217.0,230.0,245.0,278.0,330.0,296,2742
173.0,197.0,218.0,232.0,245.0,277.0,332.0,294,2760
173.0,193.0,215.0,228.0,241.0,269.0,330.0,299,2802
173.0,196.0,218.0,231.0,244.0,273.0,330.0,281,2824
169.0,193.0,221.0,238.0,256.0,297.0,330.0,286,2867
166.0,191.0,215.0,230.0,246.0,290.0,331.0,296,2880
178.0,202.0,223.0,237.0,250.0,283.0,324.0,298,2917
175.0,198.0,218.0,229.0,242.0,268.0,323.0,281,2967
170.0,197.0,219.0,232.0,245.0,280.0,335.0,274,2973
171.0,196.0,217.0,230.0,244.0,277.0,328.0,272,3016
172.0,197.0,218.0,230.0,244.0,277.0,332.0,270,3034
171.0,198.0,219.0,232.0,245.0,288.0,339.0,280,3075
173.0,196.0,220.0,234.0,247.0,281.0,334.0,283,3116
169.0,194.0,219.0,234.0,247.0,281.0,327.0,277,3137
171.0,193.0,217.0,232.0,245.0,274.0,323.0,296,3172
176.0,196.0,219.0,232.0,245.0,273.0,320.0,284,3204
178.0,200.0,219.0,231.0,244.0,271.0,327.0,285,3220
175.0,197.0,220.0,233.0,246.0,278.0,327.0,276,3243
174.0,198.0,219.0,232.0,245.0,272.0,325.0,277,3293
176.0,196.0,219.0,232.0,245.0,269.0,318.0,273,3302
173.0,199.0,220.0,232.0,245.0,274.0,327.0,297,3332
177.0,201.0,221.0,233.0,249.0,280.0,328.0,309,0
163.0,183.0,215.0,232.0,253.0,280.0,318.0,319,39
172.0,197.0,219.0,233.0,250.0,284.0,331.0,310,61
178.0,201.0,222.0,236.0,252.0,290.0,335.0,310,101
172.0,195.0,219.0,233.0,249.0,287.0,327.0,325,146
173.0,196.0,218.0,232.0,249.0,283.0,327.0,317,161
175.0,198.0,222.0,237.0,255.0,297.0,333.0,300,198
172.0,197.0,221.0,235.0,250.0,282.0,323.0,319,224
174.0,198.0,222.0,236.0,253.0,286.0,332.0,322,252
175.0,199.0,224.0,240.0,259.0,295.0,332.0,302,280
176.0,207.0,233.0,248.0,267.0,304.0,344.0,325,315
174.0,215.0,241.0,258.0,277.0,314.0,344.0,318,343
170.0,201.0,232.0,246.0,262.0,300.0,336.0,320,386
168.0,204.0,231.0,246.0,263.0,298.0,335.0,323,391
167.0,199.0,239.0,256.0,273.0,306.0,333.0,311,444
171.0,210.0,244.0,263.0,278.0,311.0,342.0,304,478
174.0,205.0,229.0,245.0,267.0,306.0,346.0,328,492
171.0,208.0,239.0,261.0,279.0,312.0,338.0,305,518
174.0,215.0,243.0,260.0,280.0,316.0,346.0,317,565
171.0,212.0,239.0,256.0,280.0,323.0,352.0,301,576
169.0,218.0,247.0,269.0,287.0,321.0,346.0,311,621
172.0,207.0,238.0,260.0,286.0,317.0,342.0,305,644
177.0,210.0,234.0,247.0,268.0,311.0,345.0,301,670
173.0,207.0,235.0,249.0,271.0,312.0,348.0,300,702
168.0,202.0,232.0,247.0,270.0,307.0,338.0,329,734
169.0,199.0,231.0,246.0,265.0,309.0,339.0,317,768
167.0,195.0,224.0,238.0,253.0,295.0,334.0,300,797
177.0,211.0,236.0,253.0,277.0,318.0,346.0,313,811
182.0,209.0,230.0,242.0,256.0,305.0,338.0,308,850
181.0,204.0,222.0,235.0,247.0,292.0,337.0,303,874
181.0,211.0,254.0,283.0,297.0,323.0,353.0,318,901
178.0,208.0,236.0,279.0,297.0,327.0,357.0,326,938
177.0,199.0,220.0,234.0,248.0,300.0,345.0,308,966
175.0,199.0,218.0,231.0,245.0,284.0,334.0,307,996
174.0,197.0,217.0,230.0,243.0,271.0,329.0,305,1037
176.0,196.0,217.0,230.0,243.0,269.0,325.0,300,1050
171.0,196.0,218.0,232.0,246.0,288.0,329.0,301,1082
181.0,201.0,222.0,235.0,247.0,283.0,332.0,312,1126
181.0,202.0,221.0,232.0,244.0,270.0,335.0,304,1153
179.0,200.0,221.0,234.0,246.0,283.0,337.0,309,1170
174.0,198.0,220.0,232.0,246.0,282.0,334.0,328,1227
174.0,200.0,221.0,234.0,247.0,286.0,333.0,310,1250
175.0,200.0,221.0,233.0,245.0,275.0,327.0,322,1260
171.0,192.0,216.0,229.0,242.0,275.0,335.0,309,1306
173.0,195.0,217.0,229.0,242.0,268.0,331.0,303,1331
173.0,196.0,219.0,232.0,245.0,280.0,333.0,323,1362
171.0,194.0,217.0,231.0,246.0,293.0,334.0,307,1408
171.0,194.0,219.0,232.0,244.0,292.0,335.0,311,1413
174.0,195.0,218.0,231.0,244.0,279.0,328.0,301,1465
176.0,198.0,220.0,232.0,245.0,275.0,332.0,325,1474
170.0,187.0,213.0,229.0,245.0,282.0,333.0,311,1501
179.0,204.0,226.0,240.0,254.0,293.0,331.0,320,1537
178.0,202.0,224.0,238.0,256.0,298.0,338.0,322,1565
179.0,203.0,226.0,240.0,257.0,302.0,342.0,320,1603
172.0,195.0,218.0,234.0,256.0,307.0,342.0,320,1621
171.0,196.0,222.0,238.0,264.0,312.0,344.0,323,1652
174.0,199.0,221.0,236.0,255.0,310.0,345.0,323,1690
170.0,191.0,216.0,229.0,243.0,282.0,335.0,305,1716
176.0,197.0,218.0,229.0,241.0,264.0,327.0,307,1742
169.0,189.0,213.0,227.0,242.0,281.0,334.0,327,1793
168.0,188.0,211.0,226.0,241.0,282.0,334.0,329,1822
171.0,191.0,216.0,229.0,244.0,283.0,332.0,317,1834
173.0,193.0,216.0,229.0,242.0,270.0,327.0,313,1865
172.0,192.0,214.0,227.0,241.0,266.0,326.0,300,1906
172.0,191.0,212.0,226.0,240.0,268.0,327.0,312,1944
177.0,198.0,219.0,232.0,247.0,281.0,327.0,305,1978
177.0,198.0,221.0,235.0,251.0,289.0,328.0,320,2000
178.0,200.0,222.0,236.0,251.0,294.0,335.0,327,2017
174.0,196.0,220.0,234.0,250.0,286.0,329.0,317,2047
184.0,203.0,221.0,233.0,245.0,267.0,324.0,319,2072
180.0,201.0,219.0,231.0,243.0,267.0,328.0,306,2113
183.0,202.0,220.0,230.0,242.0,260.0,320.0,300,2133
168.0,188.0,212.0,229.0,245.0,282.0,327.0,324,2171
165.0,184.0,209.0,227.0,247.0,283.0,327.0,303,2191
175.0,197.0,219.0,233.0,248.0,280.0,324.0,328,2244
171.0,194.0,219.0,234.0,249.0,285.0,328.0,328,2274
165.0,190.0,216.0,232.0,250.0,294.0,331.0,324,2293
177.0,199.0,220.0,234.0,249.0,286.0,326.0,306,2323
177.0,195.0,216.0,229.0,244.0,282.0,331.0,314,2363
179.0,197.0,218.0,232.0,247.0,289.0,331.0,313,2382
181.0,199.0,218.0,230.0,243.0,271.0,324.0,327,2426
170.0,192.0,216.0,232.0,248.0,287.0,327.0,316,2455
175.0,197.0,220.0,234.0,249.0,284.0,325.0,325,2466
171.0,194.0,219.0,234.0,250.0,288.0,325.0,300,2499
172.0,193.0,218.0,234.0,251.0,297.0,332.0,309,2526
168.0,189.0,215.0,232.0,250.0,293.0,332.0,312,2569
169.0,194.0,219.0,234.0,249.0,293.0,328.0,305,2594
172.0,192.0,214.0,228.0,243.0,280.0,328.0,317,2619
177.0,195.0,216.0,230.0,245.0,282.0,331.0,322,2653
170.0,189.0,213.0,228.0,245.0,293.0,330.0,301,2674
173.0,198.0,219.0,232.0,246.0,284.0,334.0,313,2711
171.0,193.0,217.0,230.0,244.0,279.0,331.0,314,2751
173.0,193.0,214.0,227.0,240.0,276.0,333.0,303,2780
177.0,198.0,218.0,230.0,242.0,272.0,334.0,323,2797
179.0,202.0,220.0,232.0,244.0,268.0,325.0,313,2837
174.0,195.0,217.0,230.0,244.0,274.0,331.0,319,2872
176.0,197.0,217.0,229.0,242.0,268.0,323.0,325,2888
175.0,201.0,222.0,235.0,250.0,292.0,332.0,306,2918
130.0,189.0,216.0,230.0,246.0,290.0,333.0,306,2969
171.0,196.0,219.0,232.0,245.0,285.0,330.0,313,2979
172.0,197.0,218.0,231.0,244.0,271.0,325.0,303,3009
177.0,199.0,220.0,232.0,245.0,281.0,332.0,305,3045
171.0,197.0,219.0,232.0,246.0,292.0,338.0,327,3076
171.0,197.0,218.0,230.0,242.0,265.0,316.0,312,3092
157.0,187.0,216.0,231.0,246.0,290.0,341.0,319,3142
174.0,198.0,219.0,232.0,246.0,282.0,335.0,310,3164
173.0,198.0,219.0,232.0,245.0,277.0,330.0,326,3197
177.0,198.0,220.0,233.0,245.0,271.0,325.0,312,3237
174.0,197.0,218.0,231.0,244.0,271.0,327.0,304,3264
170.0,195.0,218.0,231.0,244.0,277.0,334.0,321,3292
173.0,199.0,220.0,232.0,246.0,276.0,332.0,300,3322
177.0,201.0,220.0,232.0,245.0,274.0,327.0,305,3332
171.0,194.0,218.0,232.0,249.0,287.0,330.0,355,0
172.0,197.0,220.0,234.0,251.0,284.0,329.0,358,30
168.0,190.0,215.0,230.0,249.0,291.0,325.0,332,87
169.0,191.0,219.0,235.0,253.0,291.0,331.0,353,91
169.0,193.0,220.0,235.0,254.0,290.0,329.0,356,137
169.0,192.0,218.0,234.0,255.0,291.0,333.0,358,167
166.0,187.0,216.0,232.0,249.0,290.0,332.0,338,183
170.0,191.0,217.0,232.0,250.0,290.0,331.0,340,235
169.0,190.0,218.0,236.0,260.0,300.0,336.0,351,253
168.0,192.0,218.0,233.0,250.0,289.0,327.0,348,292
170.0,193.0,219.0,235.0,254.0,292.0,332.0,353,316
169.0,191.0,221.0,237.0,257.0,296.0,335.0,350,331
172.0,204.0,229.0,243.0,260.0,296.0,338.0,330,386
170.0,198.0,226.0,243.0,264.0,307.0,345.0,358,416
168.0,196.0,226.0,243.0,265.0,304.0,338.0,339,435
168.0,194.0,224.0,242.0,265.0,306.0,341.0,350,474
172.0,197.0,226.0,246.0,272.0,310.0,346.0,352,498
184.0,213.0,236.0,250.0,267.0,298.0,341.0,345,521
174.0,214.0,244.0,266.0,288.0,322.0,352.0,349,568
176.0,212.0,242.0,264.0,286.0,320.0,348.0,335,585
175.0,215.0,247.0,267.0,285.0,319.0,346.0,340,614
172.0,215.0,242.0,263.0,285.0,318.0,345.0,334,650
169.0,209.0,236.0,249.0,272.0,312.0,341.0,339,685
168.0,210.0,243.0,264.0,284.0,317.0,344.0,357,710
167.0,200.0,232.0,248.0,271.0,308.0,338.0,333,726
176.0,215.0,242.0,264.0,286.0,318.0,345.0,339,753
170.0,220.0,247.0,268.0,285.0,321.0,348.0,332,791
171.0,215.0,246.0,266.0,282.0,314.0,339.0,351,826
174.0,219.0,248.0,266.0,280.0,312.0,336.0,347,842
171.0,207.0,233.0,249.0,279.0,320.0,348.0,330,877
176.0,212.0,247.0,279.0,296.0,325.0,359.0,335,912
177.0,221.0,263.0,281.0,296.0,324.0,355.0,359,939
166.0,200.0,227.0,241.0,258.0,302.0,332.0,358,974
186.0,207.0,228.0,243.0,263.0,312.0,347.0,355,997
183.0,207.0,228.0,242.0,261.0,309.0,347.0,342,1043
171.0,200.0,228.0,243.0,262.0,313.0,343.0,348,1078
178.0,205.0,228.0,242.0,257.0,305.0,338.0,351,1099
175.0,203.0,229.0,246.0,282.0,317.0,349.0,345,1114
178.0,202.0,225.0,240.0,259.0,312.0,347.0,344,1163
177.0,204.0,232.0,250.0,285.0,318.0,353.0,351,1178
174.0,200.0,222.0,235.0,248.0,291.0,335.0,332,1227
169.0,199.0,230.0,242.0,255.0,315.0,350.0,349,1251
171.0,199.0,228.0,243.0,281.0,317.0,356.0,349,1260
171.0,200.0,227.0,239.0,251.0,298.0,340.0,340,1304
182.0,204.0,233.0,248.0,294.0,315.0,349.0,358,1324
177.0,198.0,221.0,234.0,247.0,293.0,334.0,334,1367
179.0,203.0,225.0,237.0,250.0,288.0,336.0,338,1398
173.0,197.0,222.0,236.0,250.0,297.0,339.0,340,1434
179.0,206.0,230.0,244.0,259.0,308.0,348.0,355,1447
176.0,200.0,221.0,233.0,247.0,285.0,333.0,333,1495
174.0,200.0,224.0,239.0,256.0,303.0,337.0,339,1528
177.0,201.0,223.0,238.0,257.0,305.0,341.0,341,1555
176.0,206.0,233.0,272.0,291.0,319.0,349.0,357,1563
171.0,198.0,227.0,245.0,287.0,315.0,351.0,346,1602
172.0,206.0,243.0,277.0,293.0,320.0,350.0,341,1641
178.0,205.0,239.0,272.0,292.0,317.0,353.0,341,1664
178.0,202.0,226.0,241.0,256.0,303.0,346.0,350,1696
177.0,197.0,219.0,232.0,245.0,279.0,336.0,343,1738
177.0,198.0,220.0,233.0,245.0,272.0,333.0,343,1765
170.0,191.0,213.0,228.0,243.0,284.0,333.0,335,1780
165.0,186.0,209.0,225.0,241.0,286.0,333.0,331,1818
175.0,194.0,215.0,229.0,243.0,279.0,333.0,359,1833
175.0,194.0,215.0,228.0,241.0,267.0,328.0,331,1879
172.0,193.0,214.0,228.0,242.0,270.0,327.0,335,1910
175.0,193.0,215.0,228.0,242.0,268.0,330.0,337,1922
181.0,199.0,217.0,229.0,242.0,270.0,331.0,356,1979
178.0,200.0,220.0,232.0,246.0,276.0,324.0,335,1999
175.0,198.0,220.0,234.0,248.0,292.0,337.0,337,2032
183.0,202.0,221.0,233.0,245.0,268.0,328.0,345,2054
180.0,199.0,217.0,229.0,241.0,264.0,328.0,356,2094
184.0,202.0,220.0,231.0,243.0,263.0,325.0,341,2111
172.0,192.0,215.0,230.0,244.0,273.0,332.0,334,2150
163.0,187.0,214.0,228.0,241.0,266.0,317.0,345,2181
173.0,194.0,216.0,229.0,245.0,279.0,326.0,348,2200
174.0,197.0,219.0,233.0,248.0,281.0,325.0,331,2242
178.0,197.0,218.0,232.0,246.0,275.0,331.0,347,2264
171.0,192.0,214.0,229.0,246.0,283.0,328.0,335,2296
180.0,198.0,217.0,230.0,246.0,282.0,337.0,334,2330
176.0,195.0,215.0,229.0,244.0,283.0,331.0,336,2367
175.0,193.0,214.0,228.0,243.0,283.0,334.0,348,2371
175.0,197.0,218.0,231.0,246.0,282.0,328.0,358,2428
171.0,192.0,215.0,232.0,249.0,294.0,333.0,345,2458
174.0,195.0,217.0,231.0,246.0,284.0,333.0,344,2468
173.0,190.0,212.0,227.0,243.0,280.0,332.0,356,2509
174.0,191.0,211.0,226.0,242.0,279.0,330.0,346,2520
171.0,189.0,211.0,225.0,241.0,284.0,332.0,332,2571
174.0,192.0,213.0,227.0,242.0,292.0,339.0,353,2584
177.0,195.0,216.0,229.0,243.0,282.0,329.0,344,2631
176.0,200.0,220.0,232.0,244.0,265.0,317.0,351,2669
174.0,193.0,214.0,227.0,242.0,280.0,333.0,330,2691
179.0,201.0,221.0,233.0,245.0,266.0,318.0,348,2703
180.0,202.0,222.0,235.0,247.0,278.0,326.0,355,2730
169.0,195.0,217.0,230.0,242.0,265.0,326.0,348,2786
170.0,196.0,218.0,231.0,244.0,278.0,332.0,331,2812
166.0,191.0,215.0,229.0,243.0,275.0,331.0,340,2841
178.0,203.0,222.0,235.0,247.0,274.0,327.0,355,2870
175.0,203.0,222.0,233.0,245.0,268.0,326.0,356,2886
176.0,202.0,223.0,235.0,248.0,278.0,331.0,351,2933
153.0,195.0,219.0,233.0,246.0,287.0,332.0,338,2950
176.0,201.0,222.0,235.0,248.0,290.0,331.0,357,2999
170.0,199.0,220.0,234.0,248.0,289.0,333.0,348,3020
173.0,199.0,222.0,235.0,251.0,293.0,334.0,346,3040
175.0,199.0,221.0,235.0,248.0,295.0,329.0,346,3084
174.0,198.0,222.0,236.0,249.0,288.0,329.0,333,3095
141.0,190.0,218.0,233.0,248.0,295.0,338.0,340,3140
174.0,198.0,219.0,232.0,245.0,284.0,342.0,351,3177
175.0,197.0,219.0,232.0,246.0,288.0,336.0,359,3183
174.0,197.0,219.0,232.0,244.0,270.0,325.0,331,3217
171.0,198.0,219.0,231.0,244.0,271.0,323.0,354,3255
173.0,198.0,218.0,230.0,243.0,269.0,322.0,333,3285
176.0,197.0,218.0,230.0,242.0,267.0,320.0,340,3315
175.0,197.0,218.0,230.0,243.0,267.0,319.0,339,3330
174.0,199.0,223.0,237.0,253.0,283.0,332.0,388,8
175.0,199.0,221.0,235.0,252.0,281.0,333.0,376,33
175.0,201.0,224.0,238.0,254.0,287.0,334.0,376,60
171.0,198.0,223.0,238.0,254.0,288.0,332.0,362,118
176.0,204.0,226.0,240.0,255.0,285.0,328.0,371,133
177.0,203.0,224.0,240.0,258.0,288.0,333.0,375,167
177.0,202.0,223.0,238.0,257.0,290.0,335.0,372,201
178.0,203.0,224.0,238.0,255.0,286.0,330.0,366,213
175.0,198.0,222.0,241.0,261.0,293.0,338.0,366,246
172.0,196.0,219.0,233.0,255.0,291.0,340.0,368,282
173.0,193.0,217.0,232.0,255.0,296.0,338.0,368,308
172.0,197.0,227.0,248.0,272.0,310.0,346.0,387,358
172.0,197.0,225.0,246.0,270.0,310.0,350.0,381,384
174.0,200.0,224.0,242.0,266.0,308.0,348.0,376,408
173.0,208.0,238.0,260.0,282.0,319.0,354.0,375,442
174.0,203.0,228.0,244.0,264.0,305.0,344.0,389,475
175.0,204.0,232.0,252.0,277.0,314.0,351.0,376,480
171.0,202.0,231.0,252.0,279.0,315.0,350.0,381,519
178.0,210.0,237.0,255.0,282.0,318.0,347.0,374,566
172.0,219.0,251.0,268.0,283.0,321.0,345.0,371,595
174.0,218.0,246.0,265.0,281.0,319.0,341.0,360,601
173.0,207.0,235.0,250.0,271.0,312.0,339.0,387,651
171.0,207.0,241.0,260.0,280.0,312.0,338.0,364,688
167.0,221.0,246.0,266.0,285.0,320.0,346.0,370,713
175.0,215.0,245.0,266.0,283.0,320.0,350.0,363,733
173.0,219.0,246.0,264.0,280.0,318.0,346.0,373,755
168.0,209.0,245.0,267.0,281.0,312.0,334.0,361,807
175.0,218.0,246.0,263.0,278.0,312.0,343.0,373,837
171.0,216.0,240.0,254.0,275.0,315.0,345.0,387,869
179.0,215.0,262.0,280.0,296.0,325.0,353.0,369,897
173.0,215.0,263.0,282.0,296.0,323.0,354.0,367,914
174.0,202.0,224.0,239.0,258.0,308.0,342.0,376,952
184.0,206.0,228.0,245.0,282.0,322.0,349.0,371,983
185.0,210.0,232.0,245.0,264.0,314.0,343.0,387,1010
172.0,203.0,230.0,244.0,261.0,311.0,342.0,386,1020
169.0,202.0,247.0,279.0,297.0,325.0,351.0,374,1053
174.0,205.0,233.0,249.0,290.0,320.0,348.0,365,1096
176.0,206.0,244.0,279.0,297.0,324.0,354.0,361,1132
178.0,214.0,261.0,281.0,296.0,322.0,353.0,382,1140
171.0,198.0,234.0,275.0,293.0,322.0,351.0,371,1197
175.0,208.0,264.0,281.0,295.0,322.0,356.0,367,1221
172.0,207.0,258.0,279.0,293.0,319.0,362.0,363,1237
182.0,205.0,229.0,243.0,262.0,311.0,350.0,366,1282
178.0,204.0,233.0,272.0,289.0,315.0,351.0,388,1300
179.0,203.0,249.0,277.0,291.0,316.0,349.0,371,1337
176.0,214.0,253.0,279.0,292.0,316.0,349.0,375,1359
178.0,204.0,247.0,278.0,291.0,316.0,350.0,372,1402
175.0,204.0,261.0,280.0,293.0,316.0,352.0,370,1424
176.0,211.0,262.0,280.0,292.0,315.0,350.0,368,1446
180.0,216.0,263.0,280.0,293.0,315.0,354.0,382,1492
181.0,213.0,245.0,277.0,291.0,313.0,350.0,388,1514
177.0,204.0,237.0,277.0,293.0,316.0,353.0,384,1553
178.0,204.0,237.0,275.0,291.0,313.0,346.0,387,1583
176.0,209.0,255.0,277.0,291.0,314.0,352.0,360,1594
177.0,211.0,255.0,278.0,291.0,313.0,345.0,372,1640
178.0,205.0,232.0,250.0,287.0,313.0,352.0,364,1673
172.0,192.0,216.0,232.0,248.0,303.0,339.0,384,1686
174.0,195.0,218.0,232.0,247.0,291.0,334.0,362,1721
180.0,199.0,218.0,230.0,244.0,272.0,336.0,384,1743
171.0,190.0,213.0,228.0,244.0,290.0,332.0,388,1779
173.0,194.0,216.0,229.0,244.0,281.0,335.0,368,1804
171.0,190.0,212.0,227.0,242.0,285.0,331.0,370,1847
174.0,192.0,213.0,226.0,241.0,283.0,332.0,387,1877
174.0,193.0,215.0,229.0,244.0,278.0,337.0,369,1913
175.0,196.0,217.0,230.0,244.0,275.0,333.0,371,1928
180.0,197.0,216.0,229.0,242.0,268.0,330.0,369,1959
177.0,195.0,215.0,227.0,241.0,267.0,325.0,387,1982
177.0,197.0,217.0,229.0,244.0,271.0,332.0,365,2010
178.0,198.0,218.0,230.0,244.0,270.0,333.0,374,2059
176.0,198.0,218.0,230.0,243.0,273.0,328.0,365,2093
177.0,198.0,218.0,230.0,243.0,270.0,329.0,379,2111
166.0,189.0,215.0,230.0,245.0,273.0,317.0,370,2159
166.0,189.0,213.0,229.0,245.0,275.0,327.0,362,2181
176.0,196.0,217.0,230.0,245.0,277.0,327.0,387,2192
180.0,197.0,216.0,228.0,242.0,273.0,332.0,366,2231
178.0,196.0,216.0,229.0,242.0,275.0,332.0,371,2277
180.0,197.0,217.0,230.0,243.0,277.0,333.0,372,2285
177.0,197.0,218.0,232.0,247.0,288.0,334.0,362,2313
177.0,199.0,220.0,235.0,249.0,279.0,321.0,387,2358
177.0,200.0,222.0,235.0,249.0,283.0,323.0,370,2389
178.0,201.0,223.0,236.0,250.0,281.0,323.0,385,2406
175.0,194.0,215.0,230.0,245.0,282.0,327.0,372,2445
178.0,196.0,216.0,229.0,244.0,283.0,331.0,361,2470
176.0,194.0,214.0,229.0,244.0,281.0,333.0,383,2514
176.0,194.0,216.0,230.0,245.0,283.0,336.0,383,2537
175.0,193.0,214.0,228.0,244.0,281.0,330.0,381,2551
178.0,196.0,218.0,231.0,246.0,286.0,330.0,360,2581
177.0,198.0,220.0,232.0,245.0,268.0,317.0,376,2615
175.0,199.0,219.0,232.0,245.0,268.0,316.0,365,2652
175.0,198.0,219.0,232.0,245.0,266.0,313.0,369,2679
177.0,198.0,219.0,231.0,243.0,268.0,326.0,386,2727
179.0,201.0,220.0,232.0,245.0,267.0,323.0,363,2740
163.0,191.0,216.0,230.0,244.0,277.0,333.0,363,2779
179.0,201.0,220.0,232.0,244.0,266.0,328.0,365,2811
176.0,200.0,220.0,231.0,243.0,264.0,329.0,366,2838
174.0,199.0,219.0,230.0,242.0,265.0,330.0,370,2869
176.0,198.0,218.0,231.0,243.0,268.0,333.0,372,2886
175.0,201.0,221.0,232.0,245.0,270.0,327.0,386,2913
179.0,204.0,224.0,237.0,249.0,276.0,324.0,372,2942
182.0,205.0,224.0,237.0,249.0,286.0,328.0,360,2984
171.0,196.0,220.0,233.0,248.0,296.0,336.0,361,3002
166.0,195.0,221.0,235.0,250.0,300.0,340.0,372,3035
171.0,198.0,219.0,233.0,246.0,292.0,326.0,361,3086
173.0,198.0,220.0,233.0,246.0,297.0,350.0,379,3112
171.0,196.0,219.0,233.0,247.0,291.0,335.0,371,3122
175.0,193.0,217.0,231.0,245.0,283.0,332.0,362,3177
175.0,197.0,219.0,232.0,246.0,284.0,334.0,364,3196
176.0,200.0,222.0,235.0,249.0,288.0,335.0,374,3231
174.0,195.0,219.0,233.0,246.0,295.0,367.0,385,3243
177.0,200.0,223.0,237.0,251.0,286.0,347.0,383,3297
180.0,203.0,223.0,236.0,251.0,283.0,341.0,379,3312
179.0,201.0,220.0,232.0,243.0,267.0,337.0,376,3333
173.0,197.0,221.0,235.0,250.0,281.0,331.0,400,28
177.0,201.0,222.0,235.0,250.0,277.0,330.0,400,41
176.0,201.0,222.0,237.0,254.0,284.0,333.0,393,77
169.0,192.0,220.0,235.0,251.0,286.0,326.0,417,98
171.0,195.0,219.0,233.0,249.0,283.0,325.0,414,136
168.0,191.0,219.0,234.0,251.0,288.0,330.0,405,160
169.0,192.0,218.0,233.0,248.0,283.0,327.0,402,195
169.0,191.0,216.0,231.0,250.0,288.0,330.0,407,216
168.0,191.0,218.0,232.0,252.0,292.0,334.0,406,249
172.0,193.0,218.0,232.0,249.0,289.0,330.0,400,273
174.0,199.0,222.0,238.0,258.0,291.0,333.0,415,323
172.0,197.0,221.0,238.0,259.0,304.0,344.0,413,338
178.0,207.0,235.0,254.0,272.0,317.0,350.0,395,369
176.0,205.0,231.0,251.0,273.0,311.0,349.0,400,400
184.0,214.0,242.0,261.0,280.0,319.0,352.0,410,420
171.0,197.0,223.0,240.0,262.0,305.0,339.0,407,453
172.0,207.0,237.0,258.0,282.0,315.0,357.0,401,504
179.0,210.0,236.0,253.0,275.0,311.0,348.0,402,532
180.0,213.0,238.0,254.0,277.0,316.0,348.0,403,546
174.0,206.0,238.0,257.0,280.0,317.0,347.0,402,579
159.0,190.0,229.0,247.0,269.0,308.0,333.0,412,605
172.0,207.0,239.0,260.0,283.0,319.0,346.0,394,654
172.0,214.0,242.0,262.0,283.0,320.0,346.0,391,666
174.0,215.0,242.0,259.0,279.0,315.0,344.0,394,718
174.0,205.0,234.0,248.0,269.0,312.0,347.0,404,744
167.0,201.0,234.0,251.0,273.0,314.0,344.0,403,751
174.0,213.0,246.0,266.0,282.0,318.0,344.0,415,805
173.0,216.0,244.0,263.0,280.0,316.0,344.0,401,813
174.0,218.0,245.0,266.0,283.0,315.0,340.0,391,842
171.0,210.0,251.0,277.0,295.0,327.0,351.0,393,897
180.0,222.0,254.0,280.0,298.0,329.0,358.0,399,902
160.0,189.0,220.0,236.0,253.0,302.0,342.0,410,933
187.0,211.0,232.0,245.0,260.0,299.0,341.0,406,976
177.0,206.0,227.0,240.0,253.0,297.0,336.0,417,993
176.0,205.0,232.0,249.0,289.0,326.0,362.0,413,1047
182.0,208.0,233.0,251.0,290.0,327.0,360.0,411,1068
177.0,201.0,232.0,246.0,293.0,320.0,358.0,391,1084
179.0,207.0,253.0,281.0,296.0,324.0,359.0,408,1129
177.0,207.0,235.0,250.0,292.0,320.0,354.0,409,1158
177.0,206.0,233.0,247.0,285.0,317.0,349.0,414,1191
175.0,201.0,236.0,252.0,289.0,316.0,350.0,408,1207
175.0,205.0,232.0,244.0,260.0,309.0,341.0,413,1243
176.0,205.0,232.0,247.0,289.0,318.0,352.0,396,1281
179.0,204.0,225.0,238.0,252.0,297.0,337.0,397,1309
179.0,203.0,225.0,239.0,254.0,300.0,337.0,409,1342
185.0,207.0,227.0,240.0,256.0,311.0,351.0,393,1370
181.0,207.0,230.0,244.0,259.0,299.0,336.0,418,1380
181.0,204.0,227.0,241.0,260.0,310.0,354.0,398,1425
187.0,207.0,226.0,238.0,251.0,291.0,335.0,404,1450
189.0,210.0,230.0,242.0,257.0,304.0,345.0,404,1473
172.0,205.0,233.0,247.0,281.0,311.0,342.0,409,1510
175.0,207.0,257.0,278.0,292.0,313.0,348.0,399,1540
175.0,204.0,233.0,252.0,291.0,316.0,350.0,405,1586
176.0,201.0,234.0,274.0,292.0,317.0,352.0,395,1597
176.0,204.0,226.0,240.0,260.0,305.0,345.0,414,1644
177.0,202.0,224.0,239.0,258.0,300.0,341.0,418,1652
174.0,199.0,222.0,237.0,252.0,303.0,345.0,393,1691
176.0,197.0,217.0,230.0,243.0,272.0,333.0,416,1714
179.0,198.0,219.0,232.0,246.0,278.0,334.0,415,1744
178.0,197.0,218.0,231.0,245.0,277.0,330.0,393,1799
178.0,197.0,218.0,231.0,244.0,272.0,331.0,397,1820
167.0,191.0,215.0,229.0,245.0,282.0,330.0,403,1858
173.0,192.0,213.0,226.0,240.0,269.0,332.0,392,1872
176.0,196.0,216.0,229.0,244.0,280.0,334.0,419,1913
176.0,194.0,215.0,229.0,244.0,280.0,331.0,402,1929
175.0,193.0,213.0,227.0,243.0,274.0,321.0,417,1963
173.0,194.0,216.0,229.0,244.0,273.0,329.0,400,2004
171.0,193.0,217.0,231.0,246.0,277.0,327.0,398,2010
178.0,200.0,219.0,231.0,243.0,267.0,329.0,400,2062
178.0,197.0,216.0,228.0,242.0,268.0,329.0,395,2095
171.0,194.0,216.0,229.0,244.0,273.0,328.0,418,2117
163.0,189.0,213.0,229.0,245.0,276.0,322.0,396,2141
168.0,188.0,212.0,229.0,247.0,285.0,319.0,415,2169
178.0,197.0,218.0,231.0,246.0,275.0,326.0,390,2196
178.0,197.0,216.0,228.0,242.0,272.0,325.0,401,2226
163.0,185.0,211.0,229.0,246.0,278.0,314.0,414,2262
169.0,194.0,218.0,233.0,249.0,286.0,322.0,419,2297
174.0,194.0,216.0,230.0,246.0,286.0,323.0,416,2323
177.0,199.0,221.0,236.0,251.0,289.0,333.0,406,2353
175.0,199.0,223.0,238.0,253.0,292.0,325.0,390,2391
175.0,197.0,221.0,235.0,251.0,292.0,326.0,395,2406
179.0,200.0,220.0,232.0,244.0,270.0,325.0,417,2433
176.0,200.0,222.0,236.0,251.0,284.0,320.0,407,2474
176.0,197.0,219.0,231.0,245.0,275.0,322.0,398,2512
177.0,200.0,221.0,235.0,248.0,274.0,322.0,413,2536
178.0,200.0,222.0,236.0,250.0,285.0,329.0,400,2566
179.0,201.0,221.0,234.0,247.0,275.0,327.0,408,2604
178.0,199.0,219.0,232.0,244.0,272.0,333.0,410,2628
171.0,192.0,216.0,229.0,244.0,273.0,334.0,401,2668
173.0,196.0,219.0,231.0,244.0,268.0,330.0,392,2681
184.0,205.0,224.0,235.0,247.0,270.0,322.0,403,2708
176.0,199.0,219.0,232.0,245.0,271.0,327.0,413,2752
178.0,202.0,221.0,234.0,246.0,270.0,323.0,407,2783
169.0,194.0,218.0,231.0,245.0,273.0,329.0,395,2803
175.0,201.0,222.0,234.0,246.0,270.0,325.0,399,2825
166.0,191.0,217.0,230.0,245.0,278.0,330.0,392,2855
182.0,206.0,224.0,235.0,245.0,267.0,320.0,413,2898
170.0,197.0,219.0,231.0,244.0,272.0,332.0,400,2917
172.0,201.0,221.0,233.0,247.0,284.0,330.0,391,2961
174.0,199.0,219.0,232.0,247.0,284.0,329.0,396,2980
175.0,199.0,222.0,235.0,249.0,284.0,328.0,413,3017
176.0,195.0,219.0,235.0,251.0,289.0,335.0,401,3030
163.0,193.0,219.0,234.0,249.0,293.0,334.0,419,3088
171.0,197.0,219.0,233.0,247.0,293.0,335.0,392,3090
174.0,199.0,221.0,234.0,246.0,276.0,333.0,402,3145
173.0,196.0,220.0,234.0,248.0,286.0,339.0,402,3155
175.0,198.0,219.0,231.0,243.0,264.0,323.0,392,3194
170.0,196.0,219.0,231.0,245.0,284.0,335.0,411,3228
165.0,197.0,220.0,234.0,248.0,287.0,335.0,406,3248
161.0,195.0,221.0,235.0,250.0,294.0,342.0,400,3295
170.0,196.0,220.0,234.0,250.0,291.0,346.0,393,3317
170.0,196.0,218.0,231.0,245.0,281.0,345.0,403,3332
171.0,197.0,220.0,234.0,248.0,282.0,330.0,437,6
172.0,195.0,219.0,233.0,248.0,281.0,329.0,429,48
172.0,195.0,219.0,233.0,249.0,284.0,332.0,432,61
170.0,192.0,219.0,235.0,252.0,292.0,329.0,425,111
173.0,194.0,218.0,233.0,249.0,291.0,332.0,425,124
176.0,202.0,223.0,236.0,252.0,287.0,333.0,445,165
170.0,191.0,216.0,230.0,250.0,292.0,332.0,433,192
176.0,200.0,223.0,237.0,255.0,288.0,338.0,438,214
170.0,193.0,218.0,233.0,255.0,292.0,333.0,427,259
177.0,202.0,223.0,238.0,256.0,290.0,335.0,441,288
178.0,203.0,225.0,241.0,258.0,292.0,342.0,424,326
172.0,197.0,225.0,245.0,267.0,304.0,345.0,435,351
177.0,209.0,237.0,254.0,273.0,309.0,346.0,434,374
178.0,206.0,232.0,249.0,273.0,314.0,352.0,438,403
171.0,199.0,224.0,242.0,262.0,303.0,337.0,439,421
180.0,214.0,239.0,255.0,273.0,315.0,350.0,431,477
175.0,211.0,243.0,265.0,285.0,322.0,348.0,436,507
176.0,210.0,239.0,258.0,279.0,317.0,346.0,434,528
176.0,213.0,242.0,260.0,278.0,318.0,349.0,431,568
170.0,216.0,244.0,260.0,277.0,315.0,341.0,438,597
170.0,206.0,236.0,251.0,270.0,306.0,337.0,420,606
168.0,199.0,234.0,249.0,273.0,314.0,347.0,425,732
176.0,219.0,244.0,263.0,281.0,319.0,347.0,426,779
173.0,214.0,242.0,258.0,277.0,315.0,341.0,422,801
170.0,217.0,246.0,264.0,280.0,315.0,339.0,422,830
173.0,214.0,239.0,253.0,285.0,322.0,348.0,420,881
145.0,188.0,216.0,235.0,250.0,297.0,337.0,421,929
170.0,202.0,231.0,244.0,259.0,306.0,339.0,430,950
173.0,202.0,228.0,243.0,262.0,306.0,339.0,442,984
170.0,201.0,224.0,238.0,255.0,305.0,345.0,425,1009
172.0,197.0,224.0,240.0,262.0,320.0,356.0,424,1020
177.0,208.0,233.0,247.0,267.0,308.0,348.0,437,1060
184.0,210.0,233.0,253.0,290.0,326.0,356.0,433,1081
153.0,192.0,229.0,244.0,270.0,314.0,344.0,447,1132
177.0,200.0,237.0,279.0,294.0,321.0,351.0,429,1154
160.0,191.0,227.0,243.0,262.0,316.0,343.0,444,1186
173.0,198.0,234.0,249.0,292.0,322.0,351.0,423,1208
163.0,196.0,226.0,240.0,254.0,296.0,330.0,425,1256
185.0,211.0,233.0,245.0,262.0,304.0,340.0,432,1282
180.0,206.0,228.0,241.0,258.0,309.0,346.0,442,1308
189.0,211.0,231.0,243.0,256.0,293.0,334.0,436,1322
177.0,204.0,229.0,243.0,260.0,306.0,342.0,425,1371
179.0,205.0,228.0,243.0,259.0,305.0,341.0,441,1398
181.0,205.0,227.0,241.0,257.0,303.0,342.0,431,1415
180.0,206.0,228.0,241.0,256.0,298.0,337.0,422,1467
179.0,204.0,226.0,240.0,254.0,293.0,333.0,438,1484
176.0,202.0,225.0,240.0,256.0,302.0,342.0,431,1519
176.0,204.0,227.0,241.0,258.0,300.0,338.0,443,1537
171.0,202.0,232.0,251.0,279.0,313.0,346.0,448,1584
175.0,202.0,225.0,239.0,255.0,300.0,338.0,422,1591
179.0,205.0,227.0,241.0,257.0,299.0,336.0,435,1630
176.0,203.0,227.0,242.0,261.0,303.0,341.0,446,1662
173.0,196.0,220.0,234.0,249.0,293.0,333.0,433,1697
171.0,192.0,213.0,227.0,242.0,271.0,326.0,427,1711
172.0,193.0,214.0,227.0,241.0,269.0,325.0,435,1747
165.0,187.0,212.0,228.0,244.0,287.0,338.0,446,1798
174.0,193.0,214.0,227.0,241.0,273.0,327.0,423,1800
175.0,193.0,213.0,227.0,242.0,285.0,332.0,447,1851
174.0,192.0,214.0,228.0,244.0,289.0,332.0,448,1873
174.0,194.0,216.0,230.0,245.0,281.0,334.0,422,1907
177.0,196.0,217.0,230.0,244.0,273.0,328.0,425,1947
167.0,189.0,211.0,226.0,242.0,276.0,327.0,440,1954
176.0,195.0,216.0,229.0,242.0,270.0,327.0,440,1991
179.0,197.0,216.0,228.0,240.0,263.0,329.0,447,2028
178.0,196.0,215.0,227.0,240.0,264.0,330.0,425,2060
179.0,197.0,216.0,227.0,240.0,262.0,320.0,440,2094
178.0,196.0,216.0,228.0,241.0,263.0,318.0,437,2102
163.0,191.0,216.0,231.0,246.0,283.0,330.0,436,2155
175.0,198.0,220.0,233.0,247.0,278.0,325.0,422,2180
174.0,199.0,222.0,235.0,250.0,286.0,329.0,436,2194
162.0,186.0,212.0,229.0,246.0,281.0,322.0,424,2246
168.0,195.0,219.0,233.0,249.0,282.0,318.0,423,2262
173.0,194.0,214.0,228.0,243.0,279.0,330.0,440,2303
174.0,192.0,211.0,224.0,239.0,280.0,334.0,447,2320
180.0,199.0,218.0,230.0,243.0,269.0,328.0,423,2360
179.0,197.0,217.0,229.0,243.0,276.0,334.0,439,2370
177.0,198.0,219.0,231.0,244.0,273.0,333.0,436,2403
177.0,198.0,219.0,232.0,246.0,274.0,335.0,428,2439
181.0,199.0,217.0,229.0,242.0,266.0,329.0,438,2468
178.0,199.0,219.0,232.0,245.0,271.0,329.0,438,2518
169.0,194.0,217.0,231.0,245.0,277.0,331.0,441,2533
177.0,199.0,220.0,232.0,245.0,272.0,330.0,436,2573
180.0,202.0,221.0,233.0,246.0,271.0,328.0,444,2595
180.0,202.0,222.0,234.0,246.0,271.0,325.0,441,2631
171.0,193.0,217.0,231.0,244.0,270.0,321.0,441,2669
177.0,200.0,220.0,233.0,245.0,266.0,325.0,424,2674
177.0,202.0,222.0,235.0,248.0,274.0,323.0,438,2718
172.0,199.0,223.0,237.0,250.0,283.0,327.0,439,2759
182.0,203.0,222.0,233.0,246.0,271.0,324.0,431,2774
175.0,198.0,218.0,231.0,243.0,267.0,326.0,423,2811
174.0,197.0,219.0,232.0,244.0,269.0,326.0,440,2839
175.0,197.0,218.0,231.0,244.0,271.0,332.0,422,2852
165.0,194.0,218.0,231.0,244.0,275.0,330.0,426,2894
161.0,196.0,218.0,231.0,244.0,289.0,342.0,439,2917
174.0,195.0,218.0,232.0,248.0,294.0,329.0,428,2950
163.0,195.0,218.0,232.0,245.0,280.0,330.0,446,2991
167.0,193.0,219.0,234.0,251.0,300.0,341.0,428,3001
141.0,190.0,218.0,233.0,249.0,297.0,341.0,434,3051
165.0,194.0,220.0,234.0,251.0,300.0,348.0,428,3073
159.0,194.0,220.0,234.0,248.0,300.0,333.0,448,3097
174.0,198.0,220.0,232.0,244.0,273.0,341.0,429,3142
157.0,193.0,217.0,231.0,245.0,286.0,341.0,448,3159
171.0,198.0,218.0,230.0,244.0,275.0,334.0,440,3192
172.0,196.0,218.0,231.0,244.0,278.0,331.0,421,3222
177.0,201.0,221.0,234.0,247.0,290.0,339.0,448,3267
178.0,201.0,220.0,232.0,244.0,273.0,332.0,445,3284
171.0,199.0,220.0,232.0,245.0,275.0,335.0,437,3306
175.0,199.0,220.0,232.0,245.0,273.0,326.0,448,3332
178.0,204.0,224.0,237.0,251.0,281.0,329.0,477,15
173.0,198.0,221.0,235.0,250.0,283.0,330.0,479,50
176.0,199.0,221.0,234.0,250.0,285.0,328.0,466,60
175.0,198.0,220.0,234.0,251.0,293.0,334.0,469,103
173.0,198.0,221.0,235.0,251.0,291.0,331.0,467,121
180.0,203.0,223.0,236.0,251.0,283.0,339.0,472,163
178.0,200.0,220.0,233.0,249.0,282.0,334.0,463,208
180.0,204.0,224.0,237.0,252.0,284.0,335.0,454,235
175.0,200.0,223.0,238.0,256.0,289.0,338.0,453,259
180.0,202.0,221.0,235.0,252.0,284.0,333.0,476,294
173.0,195.0,219.0,235.0,257.0,295.0,341.0,472,315
175.0,202.0,225.0,241.0,260.0,296.0,341.0,466,345
178.0,206.0,231.0,247.0,266.0,310.0,351.0,457,361
173.0,203.0,236.0,258.0,280.0,323.0,359.0,467,408
171.0,207.0,242.0,262.0,282.0,321.0,351.0,460,432
179.0,213.0,241.0,259.0,281.0,322.0,351.0,459,462
173.0,205.0,234.0,250.0,272.0,316.0,346.0,450,481
176.0,217.0,249.0,268.0,287.0,322.0,347.0,452,530
162.0,192.0,238.0,253.0,270.0,314.0,343.0,474,561
159.0,204.0,238.0,254.0,273.0,312.0,340.0,450,579
174.0,225.0,252.0,267.0,281.0,315.0,339.0,452,731
158.0,205.0,234.0,247.0,263.0,305.0,335.0,475,808
177.0,210.0,234.0,246.0,260.0,291.0,333.0,468,827
175.0,202.0,228.0,241.0,254.0,285.0,332.0,477,866
184.0,214.0,234.0,245.0,258.0,293.0,333.0,460,886
167.0,195.0,229.0,244.0,264.0,303.0,331.0,471,922
171.0,203.0,232.0,245.0,262.0,306.0,334.0,470,933
170.0,204.0,235.0,253.0,283.0,315.0,346.0,466,966
173.0,205.0,242.0,272.0,294.0,321.0,353.0,467,1009
177.0,218.0,257.0,282.0,297.0,323.0,358.0,478,1023
176.0,208.0,234.0,247.0,267.0,309.0,339.0,465,1073
176.0,206.0,232.0,246.0,263.0,303.0,336.0,470,1082
180.0,211.0,234.0,247.0,265.0,305.0,341.0,460,1138
178.0,207.0,230.0,243.0,259.0,302.0,338.0,474,1168
187.0,212.0,230.0,242.0,256.0,298.0,339.0,457,1193
183.0,208.0,229.0,241.0,255.0,299.0,339.0,455,1200
172.0,200.0,228.0,242.0,257.0,299.0,335.0,464,1247
176.0,204.0,232.0,248.0,286.0,316.0,346.0,467,1269
180.0,206.0,229.0,244.0,281.0,315.0,351.0,456,1315
179.0,204.0,231.0,271.0,290.0,321.0,350.0,465,1326
178.0,206.0,229.0,243.0,260.0,304.0,340.0,455,1360
177.0,203.0,227.0,242.0,261.0,308.0,342.0,459,1395
176.0,206.0,232.0,249.0,284.0,318.0,349.0,462,1427
176.0,205.0,229.0,246.0,273.0,317.0,350.0,459,1448
175.0,203.0,227.0,242.0,264.0,311.0,344.0,457,1479
177.0,203.0,227.0,241.0,258.0,301.0,340.0,450,1521
175.0,204.0,228.0,243.0,263.0,306.0,344.0,451,1537
169.0,200.0,228.0,245.0,273.0,313.0,344.0,452,1574
174.0,204.0,250.0,276.0,290.0,316.0,349.0,478,1591
176.0,214.0,249.0,275.0,290.0,316.0,351.0,471,1629
169.0,199.0,229.0,246.0,280.0,316.0,348.0,458,1659
170.0,196.0,223.0,239.0,260.0,311.0,348.0,476,1681
172.0,195.0,219.0,232.0,246.0,283.0,331.0,460,1719
172.0,192.0,214.0,228.0,243.0,282.0,334.0,467,1768
169.0,191.0,215.0,230.0,244.0,281.0,332.0,464,1788
166.0,185.0,210.0,227.0,244.0,294.0,340.0,471,1811
174.0,193.0,215.0,228.0,243.0,281.0,333.0,472,1850
174.0,194.0,215.0,229.0,244.0,284.0,330.0,455,1873
175.0,194.0,213.0,226.0,239.0,264.0,325.0,470,1906
168.0,192.0,214.0,229.0,244.0,280.0,330.0,459,1948
170.0,193.0,214.0,228.0,243.0,277.0,334.0,455,1957
177.0,194.0,214.0,226.0,240.0,269.0,329.0,456,2002
176.0,194.0,214.0,228.0,243.0,273.0,333.0,469,2018
180.0,198.0,216.0,227.0,240.0,261.0,323.0,475,2048
172.0,194.0,215.0,228.0,242.0,269.0,326.0,461,2092
137.0,185.0,216.0,230.0,246.0,282.0,333.0,462,2100
170.0,188.0,211.0,228.0,246.0,279.0,320.0,474,2140
178.0,198.0,217.0,229.0,242.0,269.0,326.0,473,2188
177.0,195.0,215.0,228.0,242.0,277.0,334.0,479,2203
180.0,197.0,216.0,228.0,241.0,270.0,326.0,455,2231
178.0,196.0,214.0,226.0,239.0,265.0,329.0,479,2254
179.0,196.0,216.0,228.0,242.0,271.0,329.0,468,2288
177.0,196.0,216.0,229.0,242.0,269.0,329.0,470,2328
176.0,196.0,217.0,230.0,244.0,277.0,334.0,451,2362
175.0,195.0,217.0,230.0,244.0,276.0,337.0,463,2387
175.0,196.0,218.0,231.0,245.0,280.0,341.0,470,2408
177.0,199.0,219.0,232.0,245.0,271.0,330.0,473,2438
181.0,199.0,217.0,229.0,241.0,269.0,327.0,457,2487
179.0,201.0,221.0,234.0,247.0,272.0,321.0,476,2519
178.0,201.0,221.0,234.0,247.0,270.0,319.0,457,2537
180.0,202.0,222.0,235.0,248.0,273.0,327.0,462,2573
179.0,201.0,221.0,233.0,246.0,273.0,330.0,453,2593
180.0,201.0,221.0,233.0,245.0,269.0,320.0,455,2624
168.0,187.0,214.0,229.0,245.0,276.0,317.0,458,2640
181.0,203.0,223.0,235.0,247.0,272.0,319.0,457,2697
177.0,200.0,221.0,234.0,246.0,273.0,324.0,462,2722
174.0,201.0,222.0,235.0,248.0,277.0,325.0,460,2756
178.0,201.0,221.0,234.0,247.0,275.0,325.0,462,2768
173.0,200.0,222.0,235.0,247.0,276.0,328.0,460,2809
170.0,196.0,217.0,228.0,241.0,268.0,326.0,460,2844
169.0,196.0,217.0,229.0,241.0,276.0,334.0,463,2874
165.0,196.0,216.0,228.0,241.0,269.0,325.0,479,2904
173.0,198.0,217.0,229.0,242.0,281.0,336.0,458,2914
165.0,194.0,216.0,227.0,241.0,276.0,331.0,479,2969
150.0,194.0,220.0,234.0,249.0,289.0,332.0,467,2971
164.0,197.0,219.0,232.0,247.0,284.0,327.0,476,3006
171.0,196.0,221.0,236.0,251.0,297.0,337.0,454,3032
163.0,195.0,221.0,236.0,251.0,302.0,338.0,451,3078
123.0,185.0,215.0,230.0,246.0,302.0,344.0,467,3097
165.0,194.0,221.0,235.0,249.0,294.0,339.0,470,3136
171.0,197.0,221.0,235.0,248.0,284.0,336.0,458,3152
174.0,199.0,221.0,235.0,248.0,283.0,346.0,460,3192
175.0,197.0,219.0,233.0,250.0,298.0,340.0,466,3237
174.0,197.0,219.0,233.0,248.0,298.0,343.0,478,3250
176.0,199.0,219.0,231.0,243.0,267.0,330.0,456,3292
175.0,199.0,219.0,231.0,243.0,266.0,317.0,456,3326
175.0,202.0,221.0,233.0,244.0,267.0,321.0,467,3331
181.0,205.0,224.0,236.0,250.0,277.0,329.0,482,8
177.0,203.0,225.0,239.0,254.0,286.0,333.0,492,43
184.0,207.0,225.0,238.0,251.0,278.0,331.0,500,71
175.0,198.0,221.0,235.0,252.0,289.0,336.0,506,112
178.0,202.0,222.0,235.0,250.0,285.0,332.0,509,140
176.0,201.0,223.0,239.0,258.0,292.0,338.0,485,155
181.0,202.0,220.0,232.0,246.0,275.0,331.0,507,181
175.0,197.0,220.0,234.0,251.0,287.0,331.0,491,217
179.0,202.0,221.0,234.0,251.0,283.0,337.0,485,244
172.0,195.0,217.0,230.0,247.0,287.0,337.0,492,270
176.0,201.0,223.0,238.0,255.0,293.0,343.0,500,326
175.0,199.0,221.0,236.0,255.0,295.0,347.0,491,336
177.0,208.0,232.0,249.0,269.0,307.0,345.0,497,368
175.0,203.0,230.0,248.0,271.0,312.0,348.0,490,410
169.0,202.0,230.0,245.0,264.0,312.0,348.0,507,432
179.0,209.0,232.0,246.0,265.0,310.0,349.0,498,459
177.0,209.0,235.0,252.0,278.0,314.0,352.0,484,485
172.0,205.0,228.0,240.0,253.0,287.0,334.0,481,538
169.0,201.0,230.0,244.0,260.0,293.0,337.0,484,549
177.0,212.0,238.0,254.0,274.0,321.0,349.0,498,586
178.0,217.0,240.0,254.0,273.0,318.0,348.0,494,604
165.0,195.0,233.0,246.0,266.0,303.0,341.0,505,630
171.0,204.0,234.0,245.0,260.0,303.0,339.0,508,686
182.0,209.0,234.0,246.0,260.0,292.0,335.0,507,717
177.0,205.0,229.0,243.0,256.0,286.0,330.0,507,725
182.0,208.0,230.0,242.0,254.0,283.0,334.0,509,758
181.0,209.0,230.0,241.0,253.0,281.0,330.0,508,795
182.0,208.0,231.0,243.0,257.0,300.0,339.0,504,826
169.0,205.0,235.0,248.0,265.0,309.0,343.0,500,849
167.0,190.0,223.0,239.0,252.0,291.0,335.0,506,874
180.0,207.0,230.0,244.0,262.0,303.0,338.0,489,911
177.0,209.0,241.0,278.0,295.0,321.0,353.0,509,951
169.0,201.0,236.0,255.0,287.0,316.0,349.0,483,962
169.0,195.0,230.0,245.0,264.0,305.0,335.0,509,1015
171.0,204.0,254.0,279.0,294.0,316.0,352.0,499,1021
170.0,197.0,264.0,281.0,295.0,317.0,349.0,499,1072
166.0,201.0,236.0,256.0,291.0,317.0,348.0,482,1085
183.0,208.0,229.0,242.0,258.0,300.0,335.0,481,1123
176.0,210.0,256.0,277.0,290.0,315.0,352.0,508,1155
177.0,212.0,258.0,278.0,293.0,322.0,353.0,500,1180
165.0,201.0,232.0,246.0,270.0,309.0,340.0,486,1218
177.0,205.0,232.0,248.0,284.0,318.0,353.0,485,1231
176.0,203.0,230.0,244.0,282.0,320.0,351.0,482,1268
181.0,203.0,232.0,248.0,280.0,313.0,351.0,503,1316
178.0,205.0,232.0,249.0,281.0,314.0,346.0,508,1332
181.0,207.0,241.0,276.0,290.0,316.0,348.0,480,1359
181.0,214.0,261.0,280.0,294.0,320.0,354.0,495,1402
178.0,214.0,264.0,279.0,292.0,315.0,349.0,495,1426
174.0,210.0,262.0,281.0,294.0,321.0,352.0,485,1465
179.0,213.0,241.0,273.0,292.0,322.0,354.0,501,1479
170.0,201.0,231.0,245.0,264.0,303.0,337.0,504,1528
168.0,197.0,226.0,242.0,259.0,306.0,341.0,508,1555
170.0,195.0,221.0,237.0,256.0,309.0,346.0,509,1588
171.0,199.0,225.0,242.0,267.0,314.0,350.0,504,1603
169.0,198.0,225.0,243.0,281.0,320.0,353.0,503,1634
174.0,202.0,230.0,246.0,287.0,319.0,356.0,506,1671
172.0,195.0,220.0,235.0,251.0,307.0,346.0,486,1708
169.0,191.0,215.0,230.0,245.0,291.0,337.0,481,1732
173.0,191.0,213.0,228.0,244.0,292.0,337.0,504,1762
173.0,195.0,217.0,230.0,244.0,277.0,333.0,493,1770
178.0,198.0,218.0,231.0,245.0,280.0,334.0,502,1801
172.0,191.0,213.0,227.0,243.0,292.0,336.0,504,1834
173.0,191.0,212.0,226.0,241.0,279.0,333.0,487,1866
170.0,193.0,217.0,232.0,246.0,285.0,328.0,504,1897
164.0,186.0,209.0,225.0,242.0,281.0,332.0,487,1939
170.0,192.0,214.0,228.0,242.0,278.0,330.0,486,1954
177.0,195.0,215.0,228.0,241.0,272.0,332.0,481,1997
174.0,193.0,213.0,227.0,241.0,269.0,325.0,497,2021
178.0,196.0,215.0,228.0,241.0,267.0,329.0,505,2050
174.0,195.0,217.0,231.0,245.0,276.0,331.0,487,2079
162.0,186.0,213.0,231.0,248.0,283.0,329.0,504,2121
171.0,193.0,216.0,230.0,244.0,273.0,324.0,484,2140
173.0,195.0,217.0,231.0,245.0,275.0,331.0,488,2168
172.0,195.0,217.0,230.0,244.0,271.0,319.0,504,2216
172.0,195.0,220.0,234.0,248.0,277.0,320.0,500,2227
176.0,196.0,216.0,228.0,241.0,266.0,323.0,491,2259
169.0,189.0,214.0,230.0,246.0,283.0,330.0,505,2297
168.0,187.0,212.0,230.0,248.0,286.0,329.0,506,2338
173.0,197.0,220.0,232.0,246.0,273.0,315.0,506,2367
149.0,190.0,214.0,229.0,245.0,282.0,326.0,481,2372
164.0,187.0,213.0,229.0,246.0,283.0,329.0,488,2425
174.0,195.0,221.0,236.0,250.0,281.0,324.0,507,2451
162.0,191.0,216.0,230.0,245.0,275.0,323.0,494,2482
164.0,189.0,215.0,230.0,245.0,272.0,317.0,504,2495
169.0,189.0,215.0,230.0,245.0,272.0,320.0,496,2533
168.0,188.0,214.0,229.0,244.0,272.0,318.0,494,2558
177.0,199.0,222.0,236.0,250.0,280.0,323.0,480,2602
177.0,201.0,222.0,234.0,247.0,276.0,320.0,495,2634
179.0,201.0,222.0,234.0,247.0,278.0,322.0,491,2650
176.0,196.0,218.0,231.0,245.0,266.0,307.0,488,2681
176.0,197.0,219.0,232.0,246.0,275.0,329.0,509,2704
173.0,197.0,218.0,231.0,244.0,272.0,331.0,495,2745
175.0,200.0,219.0,231.0,244.0,272.0,324.0,482,2787
160.0,196.0,219.0,232.0,247.0,290.0,348.0,501,2814
168.0,201.0,219.0,231.0,243.0,275.0,333.0,499,2828
165.0,197.0,217.0,228.0,242.0,279.0,334.0,500,2873
135.0,193.0,218.0,231.0,245.0,275.0,330.0,488,2907
134.0,193.0,220.0,234.0,248.0,293.0,338.0,497,2915
162.0,200.0,220.0,231.0,244.0,272.0,319.0,482,2949
172.0,197.0,219.0,231.0,244.0,270.0,326.0,484,2970
136.0,192.0,220.0,235.0,251.0,300.0,340.0,507,3026
124.0,192.0,220.0,234.0,250.0,295.0,335.0,488,3041
169.0,197.0,222.0,236.0,250.0,299.0,342.0,509,3074
173.0,197.0,222.0,236.0,253.0,302.0,344.0,509,3093
173.0,199.0,223.0,237.0,251.0,300.0,341.0,482,3135
121.0,188.0,220.0,235.0,252.0,310.0,355.0,491,3158
166.0,194.0,220.0,235.0,253.0,309.0,344.0,486,3205
177.0,198.0,219.0,231.0,245.0,281.0,331.0,491,3230
180.0,202.0,221.0,233.0,246.0,277.0,332.0,505,3258
177.0,199.0,220.0,232.0,244.0,271.0,333.0,492,3272
172.0,201.0,221.0,232.0,244.0,267.0,320.0,504,3324
172.0,201.0,220.0,232.0,243.0,266.0,320.0,505,3332
177.0,201.0,222.0,235.0,250.0,285.0,335.0,526,27
178.0,203.0,223.0,236.0,250.0,281.0,333.0,521,50
179.0,203.0,223.0,236.0,250.0,278.0,331.0,539,74
177.0,202.0,226.0,241.0,258.0,294.0,335.0,526,119
182.0,205.0,224.0,237.0,251.0,282.0,334.0,531,132
173.0,198.0,221.0,235.0,251.0,283.0,338.0,521,176
180.0,203.0,223.0,236.0,251.0,280.0,330.0,526,191
182.0,204.0,223.0,236.0,250.0,279.0,329.0,516,223
180.0,203.0,222.0,235.0,251.0,282.0,335.0,529,242
172.0,195.0,218.0,231.0,249.0,286.0,335.0,519,273
174.0,197.0,220.0,234.0,250.0,287.0,339.0,531,312
179.0,206.0,228.0,243.0,260.0,296.0,343.0,516,352
175.0,196.0,217.0,230.0,247.0,290.0,335.0,539,370
171.0,193.0,215.0,228.0,244.0,288.0,332.0,534,390
178.0,198.0,217.0,229.0,244.0,272.0,322.0,538,433
174.0,198.0,222.0,236.0,252.0,282.0,326.0,539,476
165.0,197.0,221.0,234.0,249.0,283.0,332.0,513,485
173.0,199.0,220.0,233.0,247.0,276.0,321.0,533,512
165.0,193.0,216.0,228.0,242.0,268.0,322.0,538,566
171.0,193.0,217.0,231.0,247.0,280.0,329.0,525,579
180.0,203.0,225.0,239.0,254.0,292.0,339.0,520,615
158.0,187.0,216.0,233.0,249.0,288.0,330.0,529,643
175.0,196.0,218.0,231.0,245.0,275.0,324.0,533,681
182.0,206.0,227.0,239.0,252.0,279.0,334.0,525,706
180.0,205.0,226.0,239.0,252.0,277.0,327.0,517,723
170.0,191.0,214.0,228.0,243.0,275.0,330.0,535,766
165.0,190.0,215.0,230.0,246.0,281.0,324.0,536,804
184.0,204.0,224.0,238.0,251.0,283.0,336.0,514,810
105.0,190.0,224.0,239.0,253.0,290.0,331.0,511,865
175.0,206.0,228.0,240.0,254.0,292.0,331.0,511,878
175.0,202.0,228.0,241.0,256.0,294.0,327.0,527,910
172.0,201.0,228.0,242.0,258.0,297.0,332.0,531,944
179.0,205.0,235.0,251.0,291.0,319.0,351.0,517,961
174.0,201.0,227.0,242.0,258.0,298.0,333.0,523,993
174.0,206.0,234.0,252.0,290.0,322.0,352.0,517,1041
175.0,222.0,265.0,282.0,296.0,323.0,355.0,533,1062
177.0,209.0,249.0,278.0,292.0,318.0,353.0,530,1084
173.0,207.0,234.0,249.0,284.0,316.0,352.0,537,1139
179.0,208.0,237.0,264.0,290.0,316.0,348.0,520,1145
180.0,212.0,239.0,274.0,290.0,317.0,354.0,515,1197
185.0,208.0,229.0,243.0,261.0,309.0,347.0,539,1216
179.0,206.0,230.0,243.0,259.0,301.0,339.0,535,1252
178.0,205.0,229.0,243.0,260.0,303.0,341.0,533,1273
184.0,210.0,234.0,252.0,283.0,315.0,349.0,527,1313
177.0,207.0,232.0,247.0,279.0,316.0,347.0,518,1323
174.0,196.0,247.0,278.0,292.0,317.0,349.0,518,1376
172.0,193.0,237.0,278.0,292.0,316.0,350.0,517,1380
180.0,207.0,240.0,275.0,291.0,321.0,355.0,522,1438
178.0,215.0,258.0,278.0,292.0,321.0,352.0,513,1460
175.0,203.0,227.0,241.0,256.0,297.0,335.0,528,1470
168.0,199.0,227.0,241.0,258.0,301.0,334.0,511,1518
170.0,196.0,223.0,238.0,258.0,311.0,345.0,523,1531
181.0,213.0,246.0,275.0,293.0,323.0,356.0,525,1586
172.0,208.0,245.0,275.0,293.0,324.0,352.0,512,1610
174.0,212.0,256.0,278.0,293.0,321.0,352.0,534,1637
175.0,199.0,230.0,248.0,288.0,319.0,359.0,527,1654
171.0,192.0,218.0,235.0,253.0,310.0,345.0,523,1682
177.0,198.0,221.0,236.0,250.0,295.0,340.0,510,1710
175.0,193.0,213.0,226.0,241.0,286.0,339.0,511,1753
173.0,190.0,211.0,227.0,244.0,301.0,341.0,519,1790
171.0,191.0,215.0,231.0,247.0,291.0,337.0,531,1817
172.0,191.0,212.0,227.0,241.0,289.0,331.0,530,1838
170.0,189.0,211.0,226.0,242.0,290.0,334.0,538,1884
169.0,189.0,212.0,228.0,244.0,292.0,332.0,537,1898
175.0,195.0,217.0,230.0,244.0,274.0,331.0,516,1939
176.0,194.0,213.0,226.0,240.0,268.0,330.0,536,1968
178.0,196.0,215.0,226.0,239.0,262.0,325.0,525,2002
176.0,194.0,213.0,225.0,238.0,261.0,327.0,519,2035
178.0,196.0,215.0,227.0,239.0,263.0,331.0,512,2057
181.0,198.0,216.0,227.0,239.0,261.0,325.0,510,2071
155.0,185.0,214.0,229.0,243.0,275.0,321.0,530,2112
168.0,186.0,207.0,225.0,244.0,276.0,310.0,537,2137
177.0,197.0,217.0,230.0,243.0,268.0,329.0,511,2180
169.0,194.0,217.0,231.0,245.0,273.0,314.0,513,2196
177.0,199.0,221.0,234.0,247.0,281.0,332.0,528,2228
179.0,200.0,221.0,234.0,248.0,271.0,313.0,530,2269
169.0,189.0,214.0,229.0,244.0,277.0,323.0,519,2282
171.0,194.0,219.0,234.0,249.0,279.0,322.0,516,2319
176.0,198.0,220.0,233.0,247.0,274.0,316.0,516,2341
177.0,201.0,222.0,236.0,249.0,276.0,318.0,535,2374
176.0,197.0,219.0,232.0,246.0,270.0,315.0,513,2415
170.0,198.0,223.0,236.0,249.0,274.0,320.0,512,2456
178.0,199.0,221.0,234.0,247.0,269.0,314.0,523,2476
175.0,196.0,219.0,231.0,245.0,273.0,331.0,538,2498
174.0,195.0,218.0,231.0,244.0,270.0,328.0,538,2523
179.0,200.0,221.0,234.0,247.0,278.0,323.0,513,2561
177.0,199.0,221.0,234.0,247.0,268.0,311.0,521,2589
176.0,196.0,217.0,229.0,241.0,264.0,327.0,528,2619
174.0,196.0,218.0,230.0,243.0,264.0,316.0,537,2642
178.0,201.0,221.0,234.0,247.0,274.0,328.0,535,2691
174.0,197.0,220.0,233.0,247.0,272.0,323.0,514,2729
174.0,196.0,218.0,231.0,245.0,272.0,328.0,514,2756
175.0,198.0,220.0,233.0,246.0,274.0,330.0,528,2772
172.0,199.0,219.0,232.0,246.0,282.0,340.0,522,2801
169.0,198.0,218.0,230.0,243.0,275.0,336.0,537,2837
171.0,197.0,217.0,229.0,244.0,288.0,335.0,518,2875
173.0,195.0,217.0,229.0,241.0,273.0,329.0,514,2890
166.0,198.0,220.0,232.0,246.0,277.0,324.0,538,2913
168.0,197.0,220.0,234.0,248.0,290.0,334.0,534,2948
171.0,197.0,219.0,231.0,243.0,273.0,330.0,528,2974
169.0,197.0,218.0,230.0,243.0,284.0,323.0,537,3019
169.0,195.0,218.0,232.0,245.0,295.0,329.0,537,3034
167.0,198.0,223.0,236.0,251.0,301.0,343.0,520,3077
176.0,200.0,224.0,238.0,251.0,292.0,337.0,539,3105
172.0,197.0,222.0,235.0,248.0,299.0,348.0,528,3133
169.0,195.0,219.0,233.0,249.0,302.0,347.0,526,3179
174.0,197.0,221.0,236.0,253.0,305.0,356.0,524,3197
168.0,197.0,220.0,233.0,249.0,295.0,342.0,534,3211
176.0,199.0,220.0,233.0,247.0,289.0,344.0,524,3254
179.0,201.0,219.0,231.0,243.0,267.0,326.0,525,3275
178.0,201.0,220.0,232.0,244.0,273.0,326.0,537,3302
177.0,202.0,220.0,231.0,244.0,269.0,324.0,522,3332
175.0,199.0,222.0,237.0,253.0,285.0,337.0,566,26
181.0,206.0,225.0,238.0,251.0,278.0,332.0,569,39
175.0,200.0,222.0,236.0,252.0,285.0,329.0,568,68
175.0,198.0,223.0,238.0,256.0,292.0,331.0,551,91
179.0,204.0,225.0,238.0,252.0,279.0,332.0,567,149
175.0,199.0,221.0,234.0,250.0,285.0,336.0,551,166
178.0,202.0,220.0,232.0,246.0,277.0,329.0,559,185
177.0,201.0,221.0,235.0,253.0,289.0,341.0,550,215
176.0,198.0,218.0,232.0,248.0,282.0,335.0,547,258
179.0,203.0,223.0,235.0,249.0,279.0,333.0,546,290
178.0,201.0,220.0,232.0,246.0,276.0,332.0,550,318
168.0,192.0,216.0,228.0,243.0,282.0,331.0,550,341
174.0,198.0,217.0,229.0,242.0,271.0,325.0,553,367
174.0,197.0,217.0,230.0,243.0,270.0,325.0,548,395
178.0,200.0,219.0,231.0,245.0,272.0,333.0,564,440
175.0,201.0,223.0,237.0,250.0,275.0,321.0,565,478
173.0,196.0,223.0,239.0,254.0,281.0,325.0,559,503
175.0,197.0,217.0,229.0,243.0,275.0,328.0,562,527
175.0,200.0,222.0,235.0,248.0,278.0,323.0,561,555
170.0,195.0,220.0,234.0,249.0,284.0,326.0,556,595
173.0,193.0,216.0,230.0,244.0,273.0,319.0,568,618
172.0,196.0,217.0,230.0,246.0,277.0,324.0,564,641
173.0,193.0,215.0,229.0,244.0,273.0,328.0,554,678
162.0,195.0,218.0,231.0,246.0,286.0,333.0,562,701
171.0,192.0,215.0,228.0,243.0,273.0,325.0,555,727
175.0,195.0,217.0,231.0,245.0,275.0,330.0,568,759
170.0,193.0,217.0,230.0,245.0,281.0,325.0,542,795
172.0,195.0,218.0,232.0,245.0,270.0,326.0,544,833
177.0,200.0,221.0,233.0,245.0,269.0,327.0,549,852
181.0,206.0,227.0,241.0,257.0,296.0,341.0,548,898
186.0,211.0,234.0,247.0,263.0,289.0,333.0,567,918
182.0,218.0,243.0,259.0,275.0,295.0,338.0,565,951
183.0,212.0,241.0,260.0,276.0,298.0,345.0,546,968
182.0,220.0,247.0,265.0,277.0,296.0,340.0,555,1005
174.0,207.0,243.0,272.0,294.0,320.0,353.0,547,1032
173.0,198.0,239.0,265.0,289.0,317.0,354.0,540,1051
175.0,209.0,250.0,278.0,295.0,321.0,357.0,551,1102
172.0,195.0,239.0,264.0,289.0,318.0,351.0,546,1113
181.0,208.0,232.0,245.0,260.0,300.0,337.0,564,1148
185.0,212.0,235.0,248.0,268.0,313.0,346.0,545,1188
178.0,206.0,230.0,243.0,258.0,298.0,333.0,553,1202
177.0,206.0,235.0,252.0,285.0,315.0,346.0,559,1240
177.0,204.0,230.0,245.0,267.0,311.0,342.0,543,1267
182.0,208.0,231.0,245.0,264.0,311.0,348.0,566,1319
185.0,208.0,228.0,240.0,252.0,288.0,333.0,564,1335
180.0,204.0,227.0,239.0,252.0,289.0,329.0,556,1361
173.0,206.0,230.0,242.0,257.0,296.0,333.0,553,1380
178.0,206.0,231.0,245.0,264.0,306.0,341.0,555,1423
179.0,206.0,229.0,244.0,261.0,304.0,343.0,547,1447
174.0,210.0,242.0,274.0,290.0,318.0,347.0,548,1485
171.0,211.0,260.0,279.0,294.0,324.0,355.0,565,1507
180.0,215.0,260.0,280.0,295.0,323.0,352.0,552,1556
177.0,205.0,232.0,252.0,290.0,322.0,357.0,565,1563
174.0,215.0,265.0,281.0,295.0,322.0,350.0,541,1618
172.0,203.0,246.0,282.0,296.0,324.0,352.0,550,1641
177.0,201.0,222.0,237.0,253.0,303.0,347.0,569,1667
169.0,189.0,214.0,230.0,251.0,312.0,348.0,569,1685
172.0,191.0,213.0,228.0,243.0,296.0,337.0,553,1723
171.0,192.0,216.0,231.0,249.0,296.0,336.0,552,1765
172.0,191.0,213.0,228.0,244.0,297.0,337.0,561,1788
175.0,195.0,216.0,230.0,243.0,273.0,331.0,561,1823
173.0,192.0,214.0,229.0,244.0,295.0,334.0,558,1837
172.0,193.0,214.0,228.0,242.0,278.0,332.0,569,1877
176.0,194.0,213.0,226.0,239.0,268.0,330.0,569,1892
177.0,195.0,216.0,229.0,242.0,270.0,327.0,548,1944
176.0,194.0,213.0,226.0,240.0,273.0,334.0,565,1973
180.0,197.0,215.0,226.0,237.0,257.0,323.0,557,1991
179.0,197.0,215.0,226.0,238.0,259.0,325.0,562,2033
173.0,196.0,217.0,230.0,243.0,268.0,329.0,565,2049
170.0,194.0,221.0,237.0,252.0,279.0,324.0,550,2079
164.0,187.0,213.0,228.0,243.0,272.0,316.0,544,2122
171.0,192.0,218.0,233.0,249.0,288.0,328.0,569,2151
172.0,193.0,216.0,230.0,244.0,271.0,320.0,551,2188
174.0,195.0,218.0,232.0,246.0,271.0,319.0,544,2208
171.0,194.0,220.0,235.0,251.0,286.0,332.0,552,2242
177.0,200.0,221.0,234.0,248.0,287.0,331.0,557,2271
178.0,200.0,222.0,236.0,250.0,285.0,331.0,566,2291
178.0,199.0,221.0,235.0,248.0,275.0,320.0,554,2336
175.0,196.0,218.0,232.0,246.0,283.0,341.0,569,2345
181.0,203.0,222.0,235.0,247.0,270.0,316.0,541,2384
178.0,202.0,221.0,233.0,246.0,274.0,329.0,540,2414
172.0,194.0,217.0,231.0,245.0,282.0,345.0,564,2445
175.0,197.0,219.0,233.0,247.0,281.0,337.0,544,2462
171.0,194.0,217.0,230.0,244.0,278.0,342.0,546,2494
179.0,200.0,220.0,232.0,245.0,271.0,328.0,542,2544
175.0,198.0,219.0,232.0,246.0,273.0,326.0,554,2578
169.0,194.0,218.0,232.0,245.0,273.0,327.0,563,2598
174.0,196.0,218.0,231.0,244.0,267.0,317.0,554,2623
180.0,201.0,221.0,234.0,247.0,273.0,325.0,546,2662
179.0,201.0,222.0,235.0,248.0,274.0,327.0,550,2675
181.0,204.0,224.0,236.0,248.0,272.0,322.0,553,2717
172.0,196.0,219.0,231.0,245.0,274.0,329.0,550,2759
171.0,196.0,218.0,230.0,243.0,268.0,330.0,548,2775
182.0,205.0,225.0,238.0,251.0,281.0,328.0,563,2800
166.0,196.0,220.0,234.0,248.0,281.0,338.0,559,2840
133.0,187.0,218.0,232.0,246.0,282.0,330.0,567,2873
171.0,198.0,219.0,231.0,243.0,275.0,326.0,569,2906
176.0,201.0,221.0,234.0,247.0,284.0,324.0,560,2915
138.0,194.0,219.0,232.0,246.0,283.0,334.0,569,2942
172.0,196.0,217.0,228.0,239.0,258.0,324.0,555,2995
170.0,197.0,219.0,231.0,244.0,286.0,330.0,553,3023
169.0,197.0,219.0,232.0,246.0,292.0,329.0,545,3047
170.0,198.0,223.0,237.0,250.0,295.0,336.0,543,3071
170.0,198.0,224.0,238.0,254.0,297.0,342.0,540,3112
145.0,195.0,222.0,236.0,252.0,304.0,350.0,562,3140
167.0,195.0,221.0,237.0,255.0,314.0,347.0,558,3175
167.0,198.0,221.0,234.0,249.0,299.0,347.0,552,3184
117.0,185.0,217.0,232.0,250.0,303.0,343.0,562,3218
176.0,201.0,222.0,234.0,248.0,298.0,351.0,547,3254
172.0,200.0,220.0,231.0,243.0,271.0,328.0,565,3280
181.0,201.0,220.0,231.0,243.0,268.0,333.0,556,3322
182.0,203.0,221.0,232.0,243.0,267.0,329.0,549,3331
182.0,204.0,225.0,238.0,252.0,279.0,331.0,592,0
179.0,204.0,225.0,238.0,251.0,278.0,328.0,587,51
181.0,207.0,228.0,242.0,256.0,285.0,330.0,577,82
179.0,204.0,225.0,238.0,252.0,281.0,333.0,580,118
176.0,202.0,223.0,237.0,251.0,282.0,333.0,581,134
179.0,201.0,219.0,230.0,243.0,274.0,330.0,573,160
175.0,197.0,217.0,228.0,242.0,272.0,320.0,592,194
180.0,201.0,219.0,230.0,244.0,271.0,328.0,592,227
178.0,199.0,216.0,226.0,239.0,273.0,334.0,573,266
156.0,193.0,214.0,226.0,241.0,274.0,330.0,597,295
174.0,196.0,216.0,227.0,242.0,275.0,327.0,586,321
150.0,195.0,214.0,226.0,241.0,272.0,321.0,583,340
175.0,199.0,219.0,231.0,245.0,274.0,326.0,582,386
177.0,199.0,218.0,229.0,242.0,266.0,322.0,592,406
155.0,191.0,216.0,230.0,245.0,279.0,328.0,578,420
173.0,197.0,219.0,233.0,246.0,276.0,327.0,595,465
172.0,193.0,215.0,229.0,244.0,272.0,321.0,593,498
177.0,200.0,218.0,230.0,243.0,270.0,326.0,571,535
181.0,203.0,221.0,233.0,245.0,269.0,330.0,593,565
178.0,200.0,219.0,232.0,247.0,275.0,331.0,589,580
171.0,194.0,216.0,230.0,245.0,279.0,330.0,596,601
174.0,195.0,215.0,228.0,242.0,270.0,321.0,579,654
171.0,193.0,216.0,230.0,244.0,273.0,324.0,596,670
178.0,201.0,220.0,232.0,245.0,272.0,330.0,581,698
166.0,191.0,214.0,228.0,244.0,279.0,328.0,583,732
175.0,199.0,219.0,232.0,245.0,272.0,330.0,593,772
174.0,196.0,217.0,228.0,241.0,266.0,326.0,582,808
176.0,195.0,216.0,228.0,242.0,268.0,329.0,578,827
181.0,201.0,218.0,229.0,242.0,267.0,316.0,584,858
182.0,204.0,221.0,233.0,245.0,268.0,321.0,596,874
185.0,208.0,230.0,243.0,256.0,283.0,330.0,574,919
182.0,206.0,230.0,243.0,257.0,287.0,329.0,594,944
181.0,207.0,233.0,246.0,263.0,293.0,337.0,581,977
181.0,220.0,246.0,264.0,278.0,297.0,346.0,570,1007
185.0,214.0,239.0,254.0,273.0,297.0,344.0,581,1025
171.0,221.0,258.0,282.0,297.0,320.0,362.0,575,1064
180.0,208.0,230.0,242.0,256.0,297.0,337.0,595,1099
178.0,212.0,253.0,275.0,291.0,320.0,351.0,599,1121
167.0,204.0,246.0,272.0,293.0,320.0,353.0,599,1149
176.0,205.0,233.0,249.0,274.0,310.0,340.0,577,1171
176.0,207.0,256.0,277.0,292.0,321.0,353.0,572,1219
179.0,210.0,245.0,273.0,291.0,316.0,351.0,598,1236
183.0,206.0,229.0,243.0,259.0,300.0,338.0,586,1273
180.0,204.0,226.0,240.0,255.0,296.0,337.0,591,1299
181.0,207.0,233.0,251.0,286.0,318.0,351.0,594,1337
169.0,199.0,226.0,244.0,277.0,316.0,345.0,583,1365
173.0,208.0,242.0,276.0,292.0,322.0,352.0,597,1384
178.0,212.0,256.0,278.0,293.0,321.0,356.0,584,1438
179.0,213.0,248.0,277.0,293.0,320.0,354.0,573,1446
177.0,215.0,256.0,280.0,295.0,322.0,349.0,586,1470
180.0,213.0,243.0,276.0,292.0,323.0,355.0,571,1522
173.0,202.0,228.0,244.0,268.0,316.0,348.0,586,1535
174.0,204.0,263.0,282.0,297.0,327.0,359.0,578,1588
169.0,202.0,264.0,281.0,296.0,326.0,354.0,576,1593
175.0,202.0,234.0,277.0,294.0,323.0,356.0,583,1630
167.0,193.0,220.0,237.0,255.0,301.0,340.0,594,1653
174.0,197.0,225.0,243.0,279.0,317.0,354.0,590,1699
169.0,189.0,212.0,227.0,242.0,299.0,335.0,598,1738
170.0,190.0,215.0,231.0,248.0,299.0,339.0,584,1769
170.0,190.0,214.0,230.0,247.0,297.0,335.0,570,1775
170.0,192.0,216.0,231.0,246.0,288.0,337.0,578,1804
167.0,187.0,209.0,226.0,243.0,276.0,323.0,595,1833
176.0,194.0,213.0,225.0,238.0,261.0,326.0,577,1883
168.0,189.0,211.0,225.0,241.0,276.0,330.0,599,1895
175.0,193.0,213.0,226.0,240.0,271.0,332.0,597,1923
172.0,191.0,212.0,226.0,241.0,273.0,330.0,588,1976
179.0,196.0,214.0,225.0,237.0,258.0,322.0,579,1994
179.0,197.0,216.0,228.0,241.0,265.0,330.0,582,2028
172.0,193.0,218.0,232.0,246.0,272.0,327.0,590,2045
157.0,187.0,213.0,228.0,243.0,271.0,315.0,575,2094
164.0,187.0,212.0,227.0,241.0,272.0,319.0,575,2115
173.0,195.0,219.0,233.0,248.0,285.0,327.0,576,2154
174.0,194.0,217.0,232.0,247.0,282.0,324.0,589,2171
174.0,195.0,218.0,232.0,246.0,282.0,327.0,599,2199
176.0,198.0,220.0,233.0,247.0,282.0,324.0,597,2227
173.0,195.0,218.0,233.0,248.0,282.0,325.0,573,2266
176.0,196.0,216.0,229.0,242.0,272.0,334.0,583,2300
179.0,197.0,216.0,228.0,241.0,270.0,337.0,591,2310
180.0,200.0,220.0,233.0,246.0,275.0,337.0,598,2364
177.0,199.0,219.0,232.0,244.0,270.0,331.0,587,2391
173.0,195.0,216.0,230.0,244.0,276.0,338.0,591,2410
167.0,187.0,211.0,226.0,241.0,273.0,325.0,584,2457
170.0,190.0,213.0,227.0,241.0,268.0,323.0,580,2474
172.0,198.0,219.0,232.0,245.0,273.0,325.0,586,2508
165.0,190.0,216.0,229.0,243.0,271.0,322.0,580,2528
178.0,198.0,218.0,231.0,244.0,267.0,310.0,598,2573
176.0,197.0,217.0,229.0,240.0,262.0,328.0,598,2602
177.0,199.0,219.0,231.0,244.0,272.0,333.0,586,2635
177.0,199.0,220.0,232.0,245.0,269.0,320.0,571,2668
174.0,194.0,216.0,229.0,242.0,267.0,324.0,586,2681
175.0,196.0,219.0,232.0,245.0,272.0,329.0,584,2701
164.0,191.0,217.0,231.0,245.0,278.0,331.0,588,2753
163.0,189.0,216.0,231.0,245.0,277.0,328.0,594,2771
168.0,198.0,219.0,230.0,240.0,260.0,322.0,590,2803
169.0,199.0,219.0,230.0,242.0,274.0,321.0,576,2825
170.0,202.0,221.0,232.0,244.0,275.0,337.0,586,2871
168.0,198.0,221.0,234.0,247.0,290.0,331.0,580,2908
174.0,199.0,220.0,232.0,246.0,285.0,334.0,593,2919
158.0,194.0,218.0,232.0,245.0,291.0,331.0,576,2942
169.0,197.0,219.0,231.0,244.0,279.0,332.0,598,2996
166.0,194.0,217.0,230.0,242.0,279.0,335.0,575,3007
160.0,192.0,218.0,233.0,247.0,294.0,340.0,591,3033
150.0,191.0,218.0,233.0,248.0,293.0,341.0,584,3082
168.0,194.0,218.0,231.0,250.0,310.0,349.0,596,3119
169.0,197.0,220.0,233.0,248.0,305.0,346.0,592,3136
150.0,195.0,220.0,235.0,249.0,299.0,348.0,574,3170
173.0,199.0,221.0,235.0,249.0,289.0,331.0,580,3182
172.0,199.0,220.0,232.0,245.0,281.0,332.0,584,3226
176.0,200.0,220.0,231.0,244.0,276.0,331.0,578,3253
178.0,201.0,219.0,231.0,243.0,276.0,336.0,583,3293
175.0,199.0,219.0,231.0,245.0,292.0,336.0,585,3307
174.0,198.0,219.0,231.0,245.0,290.0,344.0,594,3331
181.0,205.0,226.0,239.0,253.0,284.0,333.0,603,5
179.0,204.0,224.0,237.0,251.0,279.0,330.0,609,58
181.0,204.0,223.0,236.0,249.0,276.0,328.0,614,63
178.0,201.0,219.0,230.0,244.0,276.0,326.0,610,90
176.0,201.0,219.0,230.0,243.0,269.0,319.0,618,126
170.0,190.0,216.0,230.0,245.0,271.0,307.0,614,165
173.0,193.0,218.0,232.0,247.0,275.0,324.0,605,202
175.0,199.0,219.0,231.0,244.0,272.0,325.0,606,227
176.0,197.0,217.0,230.0,244.0,271.0,327.0,620,254
141.0,194.0,214.0,226.0,240.0,272.0,329.0,613,297
179.0,200.0,219.0,231.0,245.0,272.0,328.0,629,325
175.0,196.0,216.0,228.0,242.0,271.0,322.0,618,334
175.0,197.0,217.0,229.0,242.0,269.0,321.0,600,381
184.0,204.0,220.0,231.0,243.0,266.0,325.0,607,406
171.0,194.0,216.0,229.0,244.0,278.0,328.0,611,446
172.0,196.0,217.0,229.0,243.0,276.0,322.0,605,478
174.0,197.0,218.0,230.0,243.0,270.0,321.0,621,503
162.0,191.0,215.0,229.0,244.0,274.0,322.0,622,524
125.0,180.0,211.0,227.0,247.0,290.0,334.0,619,551
171.0,192.0,216.0,230.0,245.0,275.0,319.0,625,594
173.0,195.0,220.0,235.0,251.0,278.0,321.0,628,609
166.0,191.0,215.0,231.0,246.0,282.0,329.0,618,641
127.0,186.0,212.0,232.0,250.0,289.0,335.0,615,665
171.0,194.0,217.0,232.0,247.0,278.0,329.0,621,700
171.0,191.0,213.0,227.0,242.0,272.0,323.0,623,726
175.0,199.0,219.0,231.0,244.0,266.0,321.0,602,779
171.0,190.0,215.0,228.0,241.0,260.0,278.0,610,787
171.0,192.0,213.0,225.0,238.0,261.0,299.0,619,827
115.0,181.0,216.0,233.0,247.0,272.0,321.0,620,848
173.0,196.0,216.0,228.0,241.0,267.0,314.0,614,895
176.0,197.0,215.0,227.0,241.0,266.0,316.0,607,915
182.0,204.0,226.0,239.0,252.0,279.0,317.0,600,937
188.0,208.0,228.0,241.0,253.0,282.0,328.0,601,968
192.0,216.0,241.0,257.0,274.0,296.0,335.0,614,1007
171.0,201.0,226.0,239.0,252.0,289.0,334.0,624,1045
183.0,212.0,235.0,248.0,265.0,304.0,342.0,627,1075
177.0,210.0,234.0,247.0,267.0,309.0,347.0,601,1092
177.0,216.0,256.0,277.0,292.0,318.0,347.0,603,1124
171.0,214.0,258.0,278.0,293.0,319.0,356.0,604,1147
180.0,215.0,253.0,276.0,292.0,318.0,352.0,604,1199
181.0,214.0,253.0,275.0,290.0,317.0,349.0,611,1217
180.0,208.0,231.0,244.0,262.0,303.0,335.0,616,1257
170.0,203.0,233.0,264.0,288.0,319.0,347.0,627,1273
181.0,206.0,230.0,245.0,263.0,306.0,342.0,603,1300
180.0,208.0,237.0,269.0,290.0,318.0,353.0,627,1323
164.0,205.0,246.0,274.0,291.0,316.0,347.0,614,1367
181.0,207.0,234.0,249.0,281.0,313.0,344.0,618,1405
184.0,209.0,231.0,246.0,274.0,316.0,352.0,616,1439
179.0,211.0,240.0,276.0,292.0,322.0,355.0,605,1460
183.0,212.0,234.0,247.0,279.0,320.0,353.0,605,1499
178.0,207.0,232.0,249.0,293.0,321.0,355.0,612,1523
182.0,210.0,234.0,253.0,288.0,322.0,354.0,614,1535
170.0,195.0,221.0,237.0,254.0,299.0,338.0,627,1562
177.0,205.0,235.0,254.0,289.0,322.0,356.0,602,1593
178.0,206.0,232.0,267.0,290.0,320.0,355.0,626,1642
176.0,202.0,228.0,245.0,288.0,318.0,352.0,610,1668
174.0,197.0,223.0,240.0,261.0,314.0,345.0,612,1688
171.0,191.0,214.0,229.0,246.0,299.0,342.0,626,1738
176.0,196.0,217.0,230.0,245.0,288.0,338.0,624,1758
175.0,195.0,217.0,232.0,247.0,286.0,335.0,615,1793
169.0,192.0,213.0,225.0,239.0,266.0,327.0,629,1822
168.0,191.0,213.0,227.0,243.0,283.0,335.0,625,1836
170.0,190.0,214.0,229.0,245.0,289.0,332.0,615,1863
178.0,197.0,216.0,229.0,242.0,267.0,328.0,618,1913
173.0,193.0,214.0,227.0,241.0,274.0,335.0,627,1942
180.0,197.0,215.0,226.0,238.0,259.0,323.0,611,1967
171.0,193.0,215.0,230.0,245.0,279.0,330.0,628,1983
166.0,189.0,215.0,229.0,243.0,267.0,313.0,619,2036
167.0,191.0,216.0,230.0,243.0,267.0,308.0,613,2051
169.0,191.0,216.0,231.0,246.0,285.0,331.0,624,2070
170.0,192.0,218.0,234.0,248.0,289.0,329.0,617,2124
174.0,196.0,220.0,234.0,248.0,285.0,329.0,615,2149
174.0,195.0,217.0,231.0,246.0,281.0,326.0,601,2172
171.0,192.0,215.0,229.0,244.0,277.0,335.0,618,2212
174.0,194.0,215.0,228.0,243.0,276.0,340.0,621,2247
168.0,190.0,214.0,228.0,243.0,276.0,343.0,627,2258
177.0,196.0,216.0,230.0,244.0,274.0,339.0,605,2280
174.0,195.0,216.0,229.0,243.0,277.0,340.0,607,2336
172.0,192.0,214.0,228.0,241.0,268.0,339.0,623,2349
161.0,180.0,202.0,222.0,241.0,279.0,326.0,619,2399
172.0,194.0,216.0,229.0,243.0,274.0,322.0,626,2408
166.0,187.0,210.0,226.0,242.0,283.0,330.0,621,2449
168.0,188.0,211.0,225.0,241.0,279.0,332.0,610,2462
170.0,190.0,212.0,226.0,240.0,275.0,343.0,626,2516
179.0,200.0,219.0,231.0,244.0,271.0,327.0,605,2546
177.0,197.0,217.0,229.0,243.0,272.0,332.0,614,2551
175.0,194.0,215.0,228.0,241.0,263.0,332.0,616,2591
172.0,197.0,218.0,230.0,243.0,270.0,330.0,624,2639
171.0,195.0,217.0,230.0,243.0,269.0,329.0,627,2641
172.0,197.0,219.0,232.0,245.0,276.0,332.0,622,2689
176.0,200.0,220.0,232.0,244.0,268.0,322.0,606,2703
165.0,188.0,216.0,232.0,247.0,276.0,316.0,615,2754
163.0,185.0,215.0,231.0,248.0,290.0,321.0,610,2784
167.0,196.0,218.0,230.0,244.0,277.0,323.0,607,2806
170.0,199.0,220.0,231.0,243.0,268.0,318.0,603,2840
173.0,202.0,222.0,234.0,246.0,271.0,327.0,611,2876
172.0,199.0,220.0,233.0,245.0,286.0,331.0,612,2883
172.0,200.0,223.0,236.0,250.0,285.0,327.0,618,2923
163.0,196.0,218.0,231.0,244.0,280.0,331.0,607,2954
171.0,197.0,218.0,230.0,243.0,289.0,330.0,615,2984
169.0,196.0,219.0,232.0,245.0,287.0,340.0,627,3018
174.0,197.0,221.0,235.0,253.0,305.0,347.0,623,3050
172.0,199.0,223.0,237.0,251.0,298.0,336.0,602,3063
145.0,193.0,221.0,237.0,259.0,305.0,341.0,621,3098
168.0,195.0,222.0,236.0,251.0,306.0,344.0,626,3138
162.0,199.0,221.0,235.0,249.0,296.0,338.0,615,3177
155.0,193.0,219.0,232.0,246.0,289.0,338.0,605,3191
123.0,189.0,220.0,236.0,252.0,305.0,350.0,627,3212
174.0,199.0,219.0,232.0,246.0,296.0,340.0,607,3247
178.0,198.0,218.0,231.0,246.0,293.0,339.0,611,3276
171.0,199.0,220.0,232.0,246.0,295.0,340.0,613,3302
172.0,200.0,221.0,233.0,245.0,274.0,335.0,618,3331
175.0,196.0,218.0,230.0,245.0,279.0,327.0,635,17
181.0,204.0,223.0,235.0,248.0,272.0,323.0,638,43
171.0,190.0,219.0,234.0,251.0,278.0,322.0,654,69
176.0,197.0,218.0,231.0,247.0,278.0,328.0,658,91
176.0,201.0,220.0,232.0,244.0,266.0,315.0,642,143
179.0,203.0,221.0,232.0,244.0,264.0,315.0,654,161
176.0,203.0,222.0,234.0,246.0,267.0,326.0,646,181
173.0,193.0,215.0,229.0,244.0,274.0,325.0,634,237
161.0,191.0,213.0,227.0,242.0,273.0,326.0,655,256
175.0,200.0,220.0,233.0,247.0,279.0,328.0,658,290
177.0,203.0,224.0,237.0,250.0,282.0,333.0,649,321
178.0,201.0,222.0,235.0,249.0,284.0,331.0,649,359
180.0,204.0,224.0,237.0,250.0,278.0,323.0,632,362
172.0,193.0,217.0,232.0,249.0,289.0,330.0,641,407
175.0,197.0,218.0,231.0,247.0,284.0,330.0,658,441
175.0,197.0,217.0,229.0,243.0,274.0,324.0,636,453
180.0,202.0,220.0,232.0,244.0,268.0,324.0,651,506
175.0,196.0,216.0,229.0,242.0,269.0,326.0,640,520
172.0,193.0,216.0,229.0,244.0,272.0,318.0,630,568
176.0,197.0,216.0,229.0,243.0,272.0,324.0,647,588
173.0,194.0,215.0,230.0,247.0,277.0,321.0,638,606
174.0,194.0,215.0,228.0,244.0,283.0,332.0,652,641
178.0,201.0,220.0,234.0,248.0,283.0,328.0,636,674
178.0,200.0,219.0,233.0,247.0,276.0,327.0,648,713
174.0,197.0,218.0,231.0,245.0,275.0,325.0,657,737
161.0,188.0,215.0,229.0,244.0,276.0,325.0,642,765
161.0,189.0,216.0,230.0,244.0,274.0,331.0,640,800
160.0,189.0,215.0,229.0,242.0,268.0,323.0,653,818
173.0,193.0,214.0,227.0,242.0,271.0,327.0,655,850
174.0,193.0,213.0,223.0,236.0,260.0,294.0,649,886
173.0,198.0,217.0,229.0,242.0,265.0,305.0,642,922
177.0,201.0,219.0,231.0,244.0,270.0,320.0,649,959
186.0,204.0,220.0,231.0,243.0,265.0,307.0,630,979
175.0,199.0,219.0,232.0,245.0,269.0,317.0,638,999
179.0,200.0,218.0,230.0,242.0,265.0,326.0,656,1041
171.0,200.0,225.0,238.0,251.0,285.0,334.0,642,1071
170.0,202.0,226.0,239.0,253.0,291.0,339.0,644,1093
176.0,200.0,230.0,247.0,267.0,306.0,342.0,642,1121
171.0,200.0,225.0,240.0,255.0,297.0,339.0,657,1157
178.0,204.0,226.0,240.0,254.0,295.0,339.0,649,1192
183.0,207.0,227.0,241.0,255.0,298.0,341.0,653,1207
175.0,201.0,228.0,244.0,267.0,306.0,341.0,635,1231
175.0,208.0,260.0,279.0,295.0,323.0,354.0,631,1278
166.0,207.0,256.0,279.0,295.0,324.0,352.0,640,1298
178.0,205.0,248.0,276.0,292.0,317.0,347.0,638,1320
183.0,206.0,229.0,243.0,264.0,314.0,351.0,650,1375
179.0,210.0,232.0,246.0,266.0,305.0,342.0,651,1407
177.0,205.0,230.0,243.0,258.0,298.0,337.0,658,1431
172.0,207.0,234.0,254.0,290.0,318.0,349.0,639,1447
178.0,209.0,230.0,243.0,258.0,303.0,344.0,641,1475
175.0,201.0,225.0,239.0,256.0,299.0,339.0,634,1524
172.0,194.0,222.0,238.0,256.0,301.0,338.0,632,1535
169.0,202.0,227.0,244.0,283.0,319.0,355.0,653,1576
180.0,207.0,232.0,250.0,284.0,319.0,352.0,641,1611
177.0,200.0,224.0,242.0,274.0,321.0,359.0,652,1633
178.0,202.0,224.0,240.0,272.0,318.0,351.0,649,1670
172.0,196.0,217.0,230.0,244.0,290.0,336.0,656,1708
169.0,190.0,214.0,229.0,244.0,299.0,336.0,648,1722
173.0,194.0,216.0,230.0,246.0,299.0,337.0,658,1740
174.0,194.0,214.0,228.0,242.0,274.0,334.0,655,1778
170.0,191.0,214.0,228.0,242.0,276.0,331.0,649,1829
168.0,187.0,209.0,225.0,243.0,292.0,336.0,653,1839
173.0,192.0,214.0,229.0,245.0,293.0,340.0,633,1887
173.0,193.0,214.0,228.0,243.0,284.0,331.0,642,1918
172.0,192.0,214.0,228.0,243.0,283.0,335.0,649,1921
174.0,195.0,217.0,230.0,243.0,271.0,330.0,641,1970
167.0,190.0,218.0,234.0,248.0,273.0,318.0,645,1998
166.0,187.0,211.0,228.0,245.0,274.0,326.0,630,2035
159.0,184.0,212.0,227.0,242.0,271.0,322.0,655,2043
171.0,192.0,218.0,233.0,248.0,282.0,327.0,651,2099
173.0,194.0,220.0,235.0,249.0,288.0,329.0,636,2114
174.0,195.0,217.0,229.0,243.0,270.0,331.0,631,2148
171.0,191.0,215.0,230.0,245.0,292.0,335.0,646,2184
174.0,192.0,214.0,227.0,241.0,268.0,334.0,642,2205
170.0,191.0,214.0,228.0,242.0,273.0,342.0,645,2237
170.0,191.0,214.0,229.0,243.0,276.0,344.0,640,2255
176.0,197.0,217.0,230.0,243.0,270.0,338.0,631,2295
165.0,183.0,206.0,224.0,241.0,275.0,330.0,650,2324
162.0,188.0,214.0,229.0,244.0,280.0,324.0,648,2353
165.0,186.0,210.0,227.0,243.0,281.0,329.0,639,2371
168.0,187.0,210.0,226.0,242.0,282.0,329.0,634,2420
167.0,189.0,213.0,226.0,240.0,280.0,333.0,637,2444
172.0,191.0,213.0,226.0,239.0,262.0,328.0,656,2472
124.0,183.0,208.0,224.0,240.0,277.0,333.0,658,2516
172.0,190.0,213.0,226.0,240.0,265.0,334.0,643,2523
177.0,199.0,219.0,231.0,243.0,267.0,325.0,645,2578
173.0,194.0,216.0,230.0,243.0,271.0,330.0,635,2581
173.0,196.0,217.0,230.0,242.0,267.0,331.0,637,2638
166.0,189.0,215.0,228.0,242.0,272.0,337.0,640,2656
124.0,181.0,213.0,229.0,245.0,289.0,338.0,655,2674
159.0,191.0,218.0,232.0,246.0,271.0,309.0,634,2711
149.0,184.0,213.0,227.0,241.0,271.0,325.0,633,2758
171.0,198.0,221.0,234.0,247.0,276.0,320.0,645,2763
181.0,204.0,224.0,236.0,248.0,273.0,328.0,658,2798
178.0,199.0,220.0,233.0,246.0,283.0,336.0,651,2831
173.0,197.0,219.0,231.0,245.0,282.0,336.0,638,2853
158.0,194.0,220.0,233.0,248.0,296.0,336.0,649,2903
169.0,199.0,220.0,233.0,247.0,290.0,332.0,655,2911
177.0,202.0,221.0,233.0,246.0,284.0,328.0,638,2943
168.0,195.0,217.0,229.0,243.0,286.0,330.0,643,2982
167.0,196.0,221.0,234.0,248.0,295.0,335.0,659,3025
174.0,199.0,224.0,238.0,255.0,304.0,338.0,657,3045
170.0,195.0,221.0,236.0,252.0,302.0,341.0,643,3067
132.0,194.0,220.0,234.0,251.0,298.0,344.0,634,3106
158.0,195.0,221.0,235.0,251.0,308.0,349.0,649,3136
119.0,178.0,215.0,231.0,249.0,305.0,342.0,632,3177
127.0,192.0,220.0,234.0,248.0,294.0,339.0,637,3200
153.0,193.0,219.0,233.0,246.0,280.0,333.0,656,3213
170.0,198.0,220.0,232.0,246.0,282.0,331.0,657,3260
175.0,197.0,219.0,231.0,245.0,289.0,343.0,642,3275
166.0,199.0,222.0,236.0,250.0,298.0,342.0,656,3310
123.0,194.0,219.0,233.0,247.0,281.0,334.0,632,3330
176.0,199.0,219.0,232.0,246.0,278.0,326.0,671,28
173.0,196.0,220.0,234.0,250.0,285.0,331.0,680,57
176.0,198.0,218.0,230.0,245.0,273.0,324.0,668,81
161.0,194.0,217.0,230.0,244.0,274.0,326.0,684,114
167.0,194.0,218.0,232.0,247.0,276.0,336.0,676,123
164.0,193.0,217.0,230.0,245.0,277.0,330.0,683,163
171.0,196.0,219.0,232.0,247.0,274.0,328.0,664,197
176.0,197.0,219.0,232.0,246.0,273.0,323.0,660,220
166.0,192.0,215.0,229.0,245.0,282.0,326.0,664,243
176.0,195.0,216.0,228.0,243.0,276.0,328.0,686,273
173.0,195.0,218.0,233.0,250.0,287.0,331.0,672,329
178.0,200.0,220.0,233.0,248.0,281.0,327.0,674,340
173.0,195.0,217.0,231.0,245.0,279.0,331.0,681,364
178.0,200.0,221.0,235.0,250.0,285.0,332.0,676,405
177.0,199.0,221.0,234.0,247.0,280.0,331.0,685,439
174.0,196.0,215.0,226.0,238.0,262.0,321.0,668,473
174.0,197.0,216.0,228.0,241.0,266.0,325.0,681,486
177.0,200.0,219.0,231.0,243.0,266.0,328.0,672,526
174.0,196.0,216.0,227.0,240.0,265.0,321.0,677,548
179.0,200.0,218.0,229.0,241.0,266.0,319.0,663,579
175.0,199.0,219.0,232.0,245.0,273.0,327.0,671,620
177.0,199.0,218.0,229.0,241.0,263.0,323.0,680,647
178.0,199.0,217.0,228.0,241.0,268.0,315.0,673,668
177.0,198.0,218.0,229.0,241.0,265.0,323.0,672,691
177.0,199.0,217.0,228.0,241.0,265.0,321.0,671,740
180.0,200.0,219.0,230.0,242.0,264.0,322.0,688,772
174.0,195.0,218.0,232.0,246.0,270.0,321.0,668,783
159.0,190.0,213.0,226.0,240.0,266.0,324.0,661,826
167.0,189.0,212.0,226.0,242.0,270.0,322.0,664,854
174.0,195.0,216.0,229.0,243.0,268.0,317.0,681,874
184.0,202.0,218.0,230.0,243.0,271.0,323.0,679,928
184.0,202.0,219.0,230.0,243.0,271.0,329.0,668,958
179.0,201.0,219.0,232.0,244.0,268.0,332.0,660,980
179.0,201.0,219.0,230.0,242.0,263.0,325.0,677,1019
179.0,201.0,219.0,230.0,243.0,266.0,327.0,687,1044
174.0,199.0,220.0,232.0,245.0,268.0,324.0,663,1051
178.0,205.0,229.0,242.0,257.0,301.0,343.0,670,1097
180.0,204.0,229.0,245.0,265.0,305.0,343.0,683,1129
176.0,202.0,226.0,242.0,259.0,300.0,336.0,684,1158
176.0,200.0,221.0,234.0,248.0,286.0,335.0,665,1190
184.0,206.0,225.0,238.0,252.0,289.0,334.0,679,1222
186.0,209.0,229.0,242.0,257.0,300.0,344.0,668,1248
180.0,204.0,226.0,239.0,254.0,297.0,338.0,687,1274
185.0,208.0,227.0,240.0,253.0,291.0,338.0,668,1318
181.0,205.0,226.0,239.0,252.0,290.0,337.0,680,1348
177.0,201.0,222.0,235.0,249.0,286.0,331.0,672,1374
178.0,203.0,225.0,239.0,253.0,296.0,339.0,684,1406
177.0,203.0,226.0,242.0,267.0,309.0,345.0,685,1425
173.0,197.0,220.0,234.0,248.0,289.0,337.0,674,1457
180.0,205.0,227.0,241.0,256.0,299.0,336.0,661,1476
176.0,200.0,221.0,234.0,250.0,300.0,341.0,671,1511
182.0,206.0,227.0,240.0,253.0,300.0,347.0,680,1543
182.0,204.0,225.0,239.0,255.0,307.0,348.0,680,1567
182.0,205.0,228.0,243.0,260.0,308.0,346.0,678,1618
178.0,205.0,228.0,242.0,257.0,305.0,346.0,679,1640
177.0,200.0,222.0,238.0,266.0,317.0,354.0,667,1664
178.0,202.0,224.0,239.0,256.0,300.0,342.0,683,1685
175.0,195.0,215.0,228.0,242.0,280.0,332.0,671,1714
174.0,195.0,215.0,229.0,243.0,289.0,335.0,683,1746
170.0,189.0,212.0,226.0,241.0,276.0,331.0,663,1795
168.0,189.0,210.0,224.0,239.0,270.0,324.0,672,1810
177.0,194.0,213.0,226.0,239.0,269.0,330.0,687,1849
176.0,193.0,213.0,227.0,242.0,275.0,332.0,672,1882
166.0,189.0,210.0,223.0,237.0,273.0,326.0,685,1903
152.0,184.0,212.0,228.0,244.0,273.0,320.0,688,1946
160.0,186.0,213.0,229.0,244.0,274.0,320.0,687,1950
140.0,183.0,213.0,230.0,247.0,278.0,322.0,679,1985
140.0,181.0,213.0,231.0,248.0,285.0,330.0,678,2012
160.0,188.0,214.0,228.0,243.0,275.0,325.0,681,2060
175.0,197.0,218.0,231.0,244.0,273.0,327.0,673,2095
176.0,196.0,218.0,231.0,244.0,273.0,331.0,675,2109
172.0,191.0,214.0,227.0,241.0,271.0,331.0,677,2136
171.0,191.0,215.0,230.0,245.0,286.0,332.0,673,2170
162.0,185.0,210.0,226.0,242.0,283.0,343.0,682,2197
173.0,194.0,215.0,229.0,243.0,275.0,337.0,666,2239
169.0,189.0,212.0,227.0,243.0,275.0,340.0,676,2270
161.0,184.0,209.0,227.0,243.0,292.0,335.0,673,2290
174.0,195.0,218.0,232.0,247.0,283.0,329.0,687,2317
175.0,196.0,218.0,232.0,247.0,285.0,326.0,660,2356
169.0,190.0,213.0,226.0,241.0,282.0,340.0,688,2391
169.0,190.0,213.0,227.0,242.0,285.0,343.0,671,2418
168.0,187.0,209.0,225.0,241.0,292.0,340.0,660,2454
169.0,188.0,212.0,227.0,242.0,278.0,338.0,689,2464
165.0,185.0,207.0,224.0,241.0,279.0,339.0,682,2506
168.0,190.0,213.0,227.0,240.0,266.0,333.0,681,2534
173.0,197.0,217.0,229.0,241.0,263.0,327.0,674,2553
168.0,187.0,211.0,227.0,241.0,269.0,333.0,683,2586
170.0,191.0,215.0,228.0,241.0,266.0,330.0,663,2612
163.0,189.0,217.0,231.0,245.0,280.0,327.0,687,2647
105.0,180.0,211.0,228.0,244.0,274.0,322.0,664,2698
177.0,202.0,224.0,236.0,249.0,271.0,312.0,673,2725
180.0,206.0,226.0,239.0,251.0,277.0,328.0,683,2750
179.0,203.0,222.0,235.0,248.0,277.0,329.0,667,2784
173.0,202.0,221.0,233.0,246.0,274.0,332.0,678,2795
176.0,204.0,224.0,237.0,251.0,281.0,330.0,673,2840
176.0,203.0,224.0,237.0,250.0,280.0,329.0,669,2860
175.0,198.0,220.0,232.0,245.0,281.0,330.0,680,2893
171.0,199.0,219.0,231.0,243.0,282.0,325.0,688,2927
170.0,194.0,217.0,231.0,244.0,285.0,327.0,689,2962
175.0,199.0,220.0,232.0,245.0,290.0,329.0,679,2997
168.0,197.0,220.0,234.0,249.0,293.0,334.0,669,3028
174.0,198.0,221.0,234.0,248.0,294.0,336.0,686,3045
154.0,195.0,220.0,234.0,250.0,294.0,335.0,681,3085
174.0,198.0,219.0,232.0,248.0,293.0,336.0,673,3109
166.0,197.0,220.0,233.0,247.0,294.0,337.0,683,3120
169.0,198.0,220.0,233.0,248.0,286.0,331.0,679,3163
127.0,190.0,220.0,234.0,249.0,296.0,337.0,665,3203
165.0,196.0,221.0,234.0,249.0,285.0,332.0,667,3231
168.0,196.0,220.0,234.0,249.0,288.0,332.0,670,3259
171.0,200.0,221.0,234.0,247.0,283.0,332.0,678,3273
166.0,200.0,222.0,236.0,251.0,300.0,345.0,676,3307
173.0,200.0,221.0,232.0,245.0,273.0,331.0,683,3332
176.0,198.0,218.0,231.0,245.0,274.0,322.0,709,7
170.0,196.0,219.0,232.0,248.0,282.0,329.0,700,33
174.0,195.0,216.0,228.0,243.0,279.0,327.0,694,81
175.0,198.0,218.0,231.0,245.0,276.0,330.0,704,108
179.0,203.0,221.0,232.0,244.0,268.0,323.0,718,125
175.0,197.0,220.0,234.0,250.0,288.0,330.0,709,170
172.0,195.0,219.0,233.0,250.0,287.0,327.0,706,199
178.0,201.0,221.0,233.0,247.0,274.0,326.0,716,239
180.0,203.0,223.0,235.0,247.0,274.0,326.0,704,242
175.0,195.0,216.0,230.0,244.0,279.0,333.0,694,283
174.0,193.0,215.0,229.0,245.0,280.0,328.0,707,305
177.0,197.0,217.0,230.0,243.0,272.0,327.0,705,352
180.0,201.0,220.0,232.0,245.0,270.0,328.0,710,370
174.0,194.0,215.0,228.0,242.0,276.0,327.0,696,406
180.0,203.0,223.0,235.0,247.0,273.0,329.0,690,443
180.0,201.0,218.0,229.0,243.0,275.0,331.0,707,454
179.0,203.0,223.0,237.0,253.0,288.0,337.0,715,499
175.0,197.0,217.0,229.0,242.0,269.0,325.0,698,532
183.0,204.0,221.0,232.0,244.0,264.0,321.0,691,541
173.0,195.0,215.0,226.0,238.0,261.0,320.0,707,588
179.0,201.0,218.0,230.0,242.0,263.0,321.0,707,625
178.0,200.0,220.0,232.0,244.0,271.0,323.0,708,645
179.0,201.0,218.0,228.0,240.0,261.0,317.0,703,683
175.0,199.0,217.0,227.0,239.0,264.0,316.0,714,693
180.0,203.0,221.0,233.0,244.0,266.0,326.0,717,731
177.0,198.0,216.0,226.0,238.0,262.0,321.0,709,773
174.0,197.0,217.0,230.0,242.0,267.0,321.0,694,799
179.0,201.0,220.0,232.0,245.0,271.0,327.0,705,822
124.0,186.0,213.0,228.0,243.0,276.0,323.0,692,854
153.0,193.0,216.0,229.0,243.0,270.0,321.0,709,880
171.0,193.0,216.0,230.0,244.0,272.0,326.0,713,917
175.0,194.0,218.0,235.0,251.0,280.0,318.0,691,931
182.0,200.0,217.0,229.0,244.0,277.0,333.0,719,976
182.0,202.0,222.0,235.0,248.0,275.0,325.0,697,993
180.0,204.0,225.0,238.0,250.0,278.0,329.0,691,1022
176.0,200.0,222.0,237.0,252.0,289.0,333.0,715,1072
181.0,208.0,231.0,245.0,260.0,299.0,337.0,716,1106
179.0,202.0,227.0,244.0,263.0,304.0,343.0,703,1115
180.0,211.0,254.0,272.0,287.0,316.0,348.0,709,1151
181.0,218.0,259.0,276.0,293.0,322.0,354.0,706,1175
175.0,201.0,225.0,241.0,260.0,301.0,340.0,693,1223
176.0,202.0,227.0,243.0,268.0,310.0,342.0,707,1257
177.0,203.0,226.0,240.0,256.0,303.0,341.0,704,1282
178.0,206.0,231.0,247.0,271.0,310.0,343.0,715,1303
184.0,206.0,226.0,239.0,254.0,297.0,338.0,704,1340
177.0,208.0,230.0,245.0,264.0,304.0,340.0,700,1355
177.0,203.0,225.0,241.0,261.0,302.0,339.0,709,1391
180.0,208.0,238.0,270.0,289.0,322.0,354.0,719,1435
180.0,207.0,230.0,244.0,261.0,305.0,344.0,713,1460
187.0,211.0,237.0,270.0,290.0,321.0,353.0,707,1492
186.0,210.0,234.0,251.0,283.0,313.0,350.0,716,1524
181.0,207.0,230.0,244.0,261.0,310.0,351.0,695,1558
182.0,205.0,228.0,245.0,290.0,319.0,353.0,707,1573
185.0,206.0,226.0,242.0,267.0,313.0,358.0,716,1618
182.0,204.0,226.0,242.0,270.0,314.0,357.0,713,1620
182.0,204.0,225.0,239.0,255.0,292.0,340.0,696,1664
167.0,188.0,213.0,229.0,244.0,285.0,332.0,708,1698
174.0,191.0,212.0,225.0,240.0,269.0,325.0,708,1717
148.0,184.0,208.0,222.0,237.0,281.0,334.0,715,1764
174.0,194.0,215.0,227.0,241.0,268.0,328.0,701,1782
157.0,188.0,214.0,229.0,243.0,273.0,324.0,716,1809
156.0,187.0,214.0,230.0,244.0,271.0,320.0,713,1849
165.0,184.0,207.0,226.0,244.0,275.0,324.0,717,1885
165.0,188.0,212.0,228.0,244.0,273.0,324.0,707,1897
162.0,183.0,207.0,225.0,243.0,276.0,323.0,706,1938
168.0,192.0,216.0,230.0,244.0,275.0,322.0,708,1978
145.0,186.0,214.0,228.0,243.0,272.0,318.0,694,1984
167.0,185.0,212.0,232.0,249.0,293.0,329.0,711,2010
166.0,184.0,207.0,226.0,244.0,291.0,330.0,712,2065
165.0,183.0,206.0,225.0,246.0,293.0,336.0,716,2088
159.0,187.0,213.0,228.0,245.0,279.0,324.0,719,2112
166.0,187.0,212.0,228.0,245.0,279.0,329.0,698,2133
165.0,184.0,205.0,222.0,241.0,280.0,331.0,713,2160
167.0,188.0,212.0,228.0,243.0,277.0,340.0,696,2206
155.0,185.0,212.0,229.0,245.0,281.0,331.0,705,2245
154.0,182.0,211.0,229.0,246.0,286.0,334.0,705,2259
157.0,186.0,212.0,229.0,245.0,280.0,328.0,703,2281
175.0,194.0,215.0,228.0,241.0,273.0,328.0,695,2339
169.0,191.0,214.0,228.0,243.0,284.0,340.0,690,2365
170.0,193.0,216.0,229.0,244.0,281.0,340.0,701,2387
164.0,190.0,214.0,229.0,244.0,285.0,339.0,714,2402
169.0,188.0,211.0,225.0,238.0,266.0,332.0,717,2448
171.0,190.0,214.0,227.0,241.0,268.0,333.0,718,2460
169.0,189.0,214.0,228.0,243.0,278.0,338.0,708,2497
163.0,185.0,209.0,226.0,242.0,278.0,335.0,700,2531
170.0,193.0,217.0,230.0,244.0,282.0,333.0,697,2568
142.0,180.0,211.0,227.0,242.0,273.0,325.0,707,2609
139.0,183.0,214.0,229.0,245.0,279.0,324.0,699,2617
168.0,198.0,218.0,231.0,244.0,272.0,318.0,714,2647
155.0,194.0,220.0,233.0,247.0,281.0,326.0,690,2683
178.0,204.0,226.0,239.0,252.0,279.0,329.0,704,2721
175.0,201.0,223.0,236.0,249.0,278.0,332.0,713,2759
177.0,200.0,222.0,236.0,249.0,276.0,329.0,712,2761
174.0,202.0,221.0,233.0,246.0,278.0,329.0,692,2800
180.0,204.0,223.0,236.0,249.0,274.0,322.0,702,2824
182.0,204.0,223.0,235.0,248.0,276.0,331.0,696,2863
178.0,201.0,221.0,233.0,246.0,270.0,316.0,716,2887
170.0,196.0,219.0,231.0,244.0,281.0,331.0,698,2921
169.0,197.0,219.0,231.0,244.0,285.0,330.0,709,2948
160.0,196.0,218.0,230.0,243.0,278.0,326.0,714,2994
169.0,197.0,219.0,231.0,245.0,292.0,328.0,715,3010
170.0,199.0,223.0,236.0,251.0,298.0,340.0,694,3059
162.0,196.0,220.0,233.0,248.0,295.0,335.0,693,3063
172.0,202.0,223.0,237.0,255.0,301.0,337.0,694,3099
135.0,184.0,217.0,231.0,247.0,291.0,336.0,697,3122
163.0,195.0,219.0,232.0,246.0,285.0,332.0,690,3164
135.0,194.0,220.0,235.0,252.0,309.0,354.0,715,3186
174.0,200.0,222.0,235.0,249.0,284.0,332.0,718,3225
169.0,197.0,219.0,231.0,245.0,280.0,339.0,704,3258
157.0,196.0,220.0,234.0,249.0,299.0,344.0,701,3279
176.0,202.0,222.0,234.0,247.0,278.0,332.0,699,3307
176.0,200.0,219.0,231.0,244.0,286.0,330.0,705,3331
168.0,194.0,217.0,231.0,247.0,283.0,323.0,743,6
175.0,197.0,217.0,230.0,245.0,275.0,329.0,729,51
176.0,199.0,220.0,233.0,247.0,277.0,326.0,748,70
176.0,199.0,219.0,231.0,245.0,273.0,323.0,724,94
177.0,201.0,222.0,235.0,249.0,279.0,328.0,735,145
181.0,205.0,226.0,238.0,250.0,276.0,327.0,735,161
178.0,200.0,219.0,231.0,244.0,272.0,330.0,734,198
181.0,202.0,221.0,233.0,245.0,272.0,325.0,742,232
178.0,200.0,220.0,232.0,244.0,269.0,322.0,724,244
180.0,202.0,222.0,235.0,248.0,275.0,327.0,735,282
179.0,200.0,220.0,234.0,249.0,282.0,335.0,734,308
181.0,203.0,223.0,236.0,250.0,280.0,336.0,746,334
179.0,202.0,222.0,234.0,246.0,273.0,330.0,748,387
179.0,198.0,219.0,233.0,247.0,279.0,337.0,747,408
179.0,201.0,219.0,231.0,243.0,269.0,332.0,725,442
182.0,203.0,221.0,233.0,245.0,271.0,331.0,741,464
176.0,197.0,218.0,233.0,249.0,292.0,340.0,729,496
176.0,196.0,217.0,231.0,246.0,285.0,338.0,738,520
174.0,195.0,216.0,229.0,244.0,282.0,330.0,744,548
180.0,201.0,220.0,232.0,244.0,268.0,326.0,724,595
175.0,197.0,218.0,231.0,246.0,282.0,331.0,738,606
178.0,202.0,222.0,235.0,248.0,278.0,326.0,725,647
174.0,200.0,221.0,235.0,249.0,280.0,325.0,743,666
178.0,200.0,218.0,229.0,241.0,265.0,320.0,729,696
181.0,201.0,221.0,233.0,245.0,273.0,327.0,748,746
178.0,200.0,218.0,229.0,240.0,261.0,319.0,722,763
179.0,198.0,216.0,227.0,240.0,262.0,323.0,741,790
178.0,199.0,218.0,229.0,241.0,265.0,325.0,735,821
178.0,199.0,219.0,231.0,243.0,271.0,325.0,734,867
175.0,197.0,218.0,230.0,244.0,270.0,323.0,735,897
171.0,193.0,218.0,234.0,249.0,280.0,326.0,730,929
173.0,195.0,218.0,231.0,246.0,272.0,326.0,727,933
176.0,198.0,220.0,235.0,249.0,278.0,322.0,746,962
167.0,189.0,215.0,231.0,246.0,285.0,327.0,743,1001
178.0,199.0,218.0,230.0,243.0,275.0,330.0,747,1035
181.0,202.0,220.0,233.0,246.0,274.0,326.0,740,1066
184.0,205.0,224.0,237.0,249.0,277.0,333.0,743,1101
186.0,206.0,227.0,240.0,254.0,290.0,340.0,735,1113
182.0,207.0,233.0,248.0,268.0,308.0,344.0,735,1140
178.0,205.0,246.0,270.0,286.0,313.0,348.0,723,1198
176.0,204.0,236.0,260.0,283.0,314.0,346.0,748,1217
179.0,211.0,249.0,272.0,289.0,323.0,351.0,725,1234
183.0,220.0,263.0,280.0,294.0,319.0,347.0,736,1288
169.0,212.0,251.0,272.0,289.0,318.0,353.0,723,1293
177.0,208.0,233.0,248.0,271.0,307.0,343.0,722,1328
181.0,218.0,256.0,275.0,292.0,320.0,354.0,738,1364
180.0,210.0,235.0,256.0,286.0,323.0,356.0,736,1389
184.0,213.0,242.0,263.0,282.0,312.0,348.0,749,1435
184.0,215.0,255.0,274.0,290.0,322.0,350.0,746,1453
182.0,212.0,248.0,274.0,293.0,325.0,354.0,734,1474
178.0,203.0,231.0,248.0,283.0,315.0,352.0,727,1505
186.0,209.0,234.0,275.0,292.0,323.0,354.0,720,1542
184.0,204.0,221.0,233.0,247.0,282.0,338.0,739,1569
173.0,196.0,216.0,229.0,243.0,277.0,332.0,747,1607
170.0,190.0,214.0,229.0,245.0,291.0,340.0,729,1629
168.0,186.0,208.0,221.0,235.0,259.0,308.0,749,1659
171.0,189.0,211.0,224.0,238.0,266.0,314.0,724,1701
167.0,189.0,214.0,229.0,245.0,280.0,322.0,749,1734
165.0,186.0,211.0,227.0,245.0,282.0,330.0,731,1769
165.0,183.0,205.0,222.0,241.0,282.0,326.0,743,1792
162.0,181.0,203.0,224.0,245.0,284.0,331.0,744,1816
164.0,184.0,209.0,228.0,246.0,290.0,337.0,728,1834
170.0,190.0,212.0,226.0,241.0,270.0,320.0,722,1880
169.0,190.0,214.0,229.0,245.0,281.0,326.0,728,1902
166.0,186.0,207.0,223.0,240.0,283.0,328.0,741,1942
169.0,189.0,212.0,227.0,243.0,288.0,331.0,748,1979
171.0,193.0,216.0,230.0,245.0,276.0,326.0,725,1991
173.0,193.0,215.0,228.0,242.0,270.0,328.0,743,2018
170.0,188.0,212.0,228.0,244.0,280.0,332.0,743,2067
166.0,184.0,206.0,226.0,246.0,295.0,336.0,722,2094
165.0,186.0,212.0,227.0,244.0,279.0,325.0,729,2126
169.0,188.0,210.0,226.0,244.0,281.0,325.0,729,2137
168.0,187.0,210.0,225.0,241.0,272.0,322.0,741,2186
164.0,182.0,203.0,223.0,242.0,273.0,329.0,736,2202
171.0,191.0,214.0,228.0,241.0,265.0,320.0,748,2228
170.0,192.0,215.0,230.0,245.0,276.0,333.0,740,2272
174.0,193.0,215.0,229.0,244.0,277.0,336.0,746,2306
174.0,194.0,216.0,230.0,244.0,280.0,342.0,738,2319
165.0,185.0,210.0,227.0,243.0,283.0,337.0,723,2366
166.0,188.0,212.0,226.0,242.0,279.0,336.0,740,2393
166.0,188.0,211.0,225.0,241.0,275.0,339.0,731,2406
169.0,188.0,210.0,225.0,239.0,266.0,330.0,725,2441
163.0,181.0,206.0,226.0,245.0,294.0,342.0,746,2488
162.0,184.0,210.0,227.0,244.0,295.0,345.0,726,2513
124.0,182.0,215.0,230.0,245.0,278.0,326.0,734,2537
141.0,183.0,213.0,228.0,244.0,285.0,339.0,730,2552
167.0,191.0,217.0,231.0,244.0,272.0,322.0,742,2583
166.0,196.0,218.0,230.0,242.0,263.0,312.0,730,2626
172.0,201.0,223.0,236.0,249.0,296.0,334.0,749,2640
171.0,198.0,222.0,236.0,250.0,291.0,329.0,744,2692
178.0,201.0,224.0,237.0,252.0,288.0,326.0,748,2701
176.0,204.0,223.0,235.0,246.0,272.0,325.0,725,2731
180.0,203.0,223.0,236.0,249.0,276.0,326.0,724,2775
176.0,201.0,222.0,235.0,249.0,281.0,323.0,747,2796
178.0,202.0,223.0,236.0,249.0,279.0,324.0,744,2822
179.0,204.0,224.0,236.0,249.0,274.0,322.0,736,2871
180.0,204.0,224.0,236.0,249.0,274.0,324.0,731,2896
173.0,199.0,220.0,232.0,244.0,291.0,325.0,739,2922
172.0,198.0,219.0,232.0,245.0,285.0,327.0,745,2954
164.0,195.0,219.0,232.0,246.0,289.0,334.0,728,2986
168.0,195.0,219.0,232.0,247.0,290.0,330.0,725,3018
174.0,196.0,219.0,232.0,246.0,293.0,342.0,723,3047
147.0,188.0,216.0,229.0,244.0,282.0,329.0,726,3075
137.0,190.0,218.0,232.0,248.0,299.0,339.0,745,3095
149.0,192.0,219.0,233.0,249.0,294.0,336.0,737,3120
122.0,180.0,216.0,231.0,251.0,309.0,346.0,744,3158
170.0,201.0,222.0,235.0,248.0,290.0,338.0,747,3198
173.0,200.0,221.0,233.0,247.0,282.0,331.0,743,3229
128.0,191.0,220.0,234.0,250.0,303.0,349.0,723,3250
174.0,198.0,218.0,230.0,244.0,291.0,339.0,734,3299
180.0,201.0,221.0,233.0,247.0,294.0,334.0,730,3320
181.0,203.0,222.0,235.0,249.0,301.0,343.0,747,3332
184.0,205.0,223.0,236.0,249.0,274.0,330.0,774,5
179.0,201.0,221.0,233.0,246.0,273.0,332.0,760,36
178.0,203.0,221.0,232.0,244.0,269.0,322.0,756,86
180.0,204.0,225.0,238.0,251.0,278.0,331.0,759,109
178.0,202.0,224.0,237.0,252.0,288.0,334.0,769,131
181.0,201.0,220.0,232.0,245.0,272.0,330.0,756,170
176.0,197.0,220.0,234.0,249.0,286.0,330.0,759,189
181.0,202.0,219.0,231.0,243.0,268.0,319.0,760,215
181.0,202.0,222.0,234.0,247.0,277.0,334.0,750,241
178.0,201.0,222.0,235.0,249.0,281.0,334.0,755,283
184.0,206.0,226.0,238.0,251.0,278.0,335.0,765,324
185.0,205.0,224.0,236.0,249.0,277.0,335.0,776,351
179.0,201.0,221.0,234.0,248.0,280.0,335.0,766,381
174.0,196.0,217.0,231.0,245.0,279.0,329.0,778,403
171.0,192.0,215.0,230.0,247.0,287.0,331.0,769,433
172.0,193.0,218.0,233.0,251.0,292.0,329.0,763,472
177.0,200.0,220.0,233.0,250.0,291.0,337.0,773,504
177.0,201.0,220.0,233.0,248.0,287.0,329.0,768,514
178.0,202.0,221.0,233.0,246.0,279.0,333.0,772,544
177.0,198.0,218.0,231.0,246.0,284.0,337.0,778,575
178.0,200.0,218.0,229.0,242.0,270.0,329.0,766,617
180.0,202.0,221.0,233.0,246.0,277.0,331.0,771,640
174.0,199.0,219.0,231.0,244.0,271.0,321.0,755,673
177.0,198.0,217.0,228.0,239.0,261.0,325.0,753,703
179.0,202.0,222.0,235.0,248.0,277.0,328.0,778,722
183.0,204.0,223.0,235.0,247.0,276.0,332.0,767,752
181.0,202.0,221.0,233.0,245.0,274.0,330.0,776,801
182.0,202.0,220.0,233.0,245.0,271.0,327.0,778,819
181.0,202.0,222.0,234.0,247.0,277.0,331.0,760,864
177.0,196.0,219.0,234.0,249.0,289.0,330.0,774,874
175.0,196.0,216.0,229.0,242.0,269.0,323.0,750,910
176.0,197.0,217.0,230.0,244.0,273.0,325.0,776,939
175.0,196.0,222.0,237.0,252.0,280.0,322.0,774,989
178.0,199.0,219.0,233.0,248.0,277.0,326.0,779,1010
177.0,199.0,219.0,232.0,246.0,281.0,331.0,751,1044
179.0,201.0,219.0,232.0,246.0,275.0,325.0,761,1057
185.0,203.0,219.0,230.0,242.0,265.0,324.0,779,1107
184.0,204.0,224.0,237.0,249.0,282.0,332.0,771,1135
184.0,205.0,232.0,252.0,280.0,315.0,352.0,750,1165
186.0,208.0,230.0,243.0,259.0,295.0,339.0,770,1196
182.0,216.0,250.0,271.0,287.0,318.0,347.0,767,1209
175.0,220.0,262.0,277.0,291.0,320.0,352.0,753,1231
169.0,208.0,253.0,275.0,291.0,319.0,341.0,750,1272
176.0,208.0,240.0,271.0,291.0,325.0,356.0,776,1371
182.0,215.0,247.0,270.0,288.0,319.0,350.0,759,1404
184.0,214.0,242.0,263.0,285.0,316.0,347.0,756,1418
184.0,204.0,222.0,234.0,246.0,272.0,333.0,779,1469
186.0,206.0,224.0,235.0,247.0,274.0,337.0,763,1497
176.0,198.0,218.0,230.0,242.0,270.0,330.0,769,1505
161.0,193.0,216.0,228.0,242.0,274.0,328.0,764,1547
168.0,194.0,217.0,230.0,244.0,277.0,318.0,772,1567
136.0,187.0,214.0,230.0,246.0,287.0,331.0,753,1607
130.0,186.0,215.0,231.0,248.0,284.0,329.0,771,1641
162.0,189.0,215.0,230.0,247.0,287.0,324.0,767,1665
138.0,184.0,212.0,229.0,246.0,287.0,332.0,757,1702
157.0,185.0,211.0,228.0,245.0,284.0,326.0,756,1715
176.0,197.0,217.0,229.0,242.0,270.0,322.0,757,1745
167.0,185.0,209.0,227.0,243.0,286.0,330.0,771,1798
166.0,184.0,207.0,225.0,242.0,281.0,332.0,767,1813
169.0,189.0,212.0,226.0,240.0,272.0,329.0,752,1834
167.0,188.0,212.0,227.0,242.0,273.0,329.0,769,1875
169.0,190.0,211.0,225.0,241.0,281.0,331.0,768,1910
173.0,192.0,213.0,227.0,241.0,272.0,329.0,753,1948
171.0,192.0,215.0,229.0,243.0,279.0,328.0,774,1952
168.0,187.0,210.0,225.0,241.0,286.0,327.0,750,1988
174.0,192.0,213.0,225.0,239.0,265.0,331.0,776,2014
176.0,194.0,214.0,225.0,238.0,262.0,324.0,763,2041
166.0,184.0,209.0,228.0,246.0,287.0,332.0,755,2080
173.0,192.0,214.0,227.0,241.0,268.0,330.0,771,2129
174.0,195.0,216.0,228.0,240.0,265.0,329.0,767,2132
170.0,188.0,207.0,223.0,241.0,283.0,331.0,752,2169
169.0,189.0,212.0,228.0,244.0,279.0,322.0,757,2208
171.0,191.0,215.0,230.0,246.0,280.0,325.0,756,2232
171.0,193.0,216.0,231.0,245.0,277.0,323.0,756,2260
170.0,193.0,217.0,231.0,246.0,280.0,334.0,752,2293
166.0,187.0,212.0,228.0,242.0,275.0,327.0,779,2335
160.0,184.0,208.0,226.0,243.0,287.0,336.0,757,2351
165.0,188.0,213.0,227.0,242.0,277.0,341.0,768,2384
170.0,189.0,211.0,225.0,238.0,267.0,334.0,757,2407
166.0,184.0,208.0,226.0,244.0,287.0,343.0,775,2433
164.0,182.0,208.0,227.0,244.0,292.0,341.0,771,2465
144.0,183.0,213.0,228.0,243.0,274.0,319.0,766,2519
162.0,188.0,213.0,227.0,242.0,269.0,322.0,775,2525
167.0,192.0,215.0,229.0,242.0,272.0,325.0,772,2555
174.0,196.0,218.0,232.0,245.0,288.0,332.0,776,2603
173.0,201.0,220.0,232.0,244.0,270.0,325.0,775,2626
177.0,201.0,223.0,236.0,249.0,278.0,328.0,756,2652
171.0,199.0,221.0,233.0,246.0,270.0,316.0,759,2671
180.0,204.0,224.0,237.0,250.0,279.0,325.0,756,2723
174.0,200.0,222.0,235.0,248.0,275.0,323.0,776,2752
175.0,199.0,221.0,234.0,247.0,272.0,318.0,760,2784
179.0,204.0,223.0,236.0,250.0,280.0,330.0,776,2810
179.0,202.0,222.0,235.0,247.0,271.0,316.0,753,2825
175.0,202.0,224.0,236.0,250.0,277.0,333.0,777,2853
170.0,198.0,219.0,232.0,246.0,283.0,328.0,765,2905
171.0,197.0,220.0,234.0,247.0,286.0,329.0,761,2929
172.0,200.0,221.0,233.0,245.0,279.0,324.0,751,2943
173.0,198.0,219.0,232.0,245.0,295.0,330.0,777,2999
170.0,196.0,218.0,231.0,245.0,299.0,330.0,774,3019
166.0,197.0,221.0,234.0,249.0,296.0,340.0,771,3040
134.0,194.0,220.0,233.0,248.0,292.0,335.0,750,3086
143.0,192.0,220.0,234.0,250.0,299.0,341.0,764,3107
132.0,192.0,219.0,233.0,249.0,294.0,334.0,761,3135
168.0,199.0,220.0,233.0,248.0,289.0,336.0,770,3159
167.0,199.0,221.0,234.0,249.0,292.0,338.0,762,3196
150.0,197.0,221.0,234.0,249.0,298.0,340.0,775,3222
130.0,195.0,221.0,234.0,249.0,306.0,347.0,759,3244
122.0,190.0,219.0,233.0,249.0,305.0,344.0,750,3274
178.0,201.0,220.0,232.0,247.0,300.0,341.0,753,3320
179.0,202.0,220.0,231.0,244.0,288.0,338.0,765,3332
177.0,202.0,223.0,236.0,250.0,280.0,335.0,780,17
180.0,202.0,220.0,232.0,244.0,270.0,324.0,792,56
180.0,202.0,220.0,232.0,246.0,278.0,333.0,783,74
180.0,203.0,223.0,237.0,252.0,287.0,335.0,783,108
184.0,205.0,224.0,237.0,249.0,275.0,333.0,786,126
181.0,202.0,221.0,232.0,245.0,270.0,327.0,794,165
180.0,202.0,222.0,235.0,250.0,284.0,337.0,782,195
182.0,203.0,223.0,236.0,248.0,275.0,328.0,789,215
179.0,200.0,220.0,233.0,248.0,280.0,332.0,808,241
179.0,201.0,221.0,233.0,245.0,272.0,327.0,798,283
187.0,207.0,226.0,238.0,250.0,276.0,334.0,801,323
183.0,203.0,222.0,234.0,247.0,276.0,333.0,783,351
176.0,198.0,218.0,230.0,243.0,274.0,331.0,785,381
179.0,198.0,218.0,231.0,245.0,281.0,336.0,806,418
176.0,196.0,216.0,229.0,243.0,280.0,328.0,798,442
177.0,196.0,216.0,230.0,245.0,282.0,330.0,797,454
179.0,200.0,221.0,234.0,247.0,279.0,336.0,807,485
179.0,200.0,219.0,232.0,246.0,279.0,335.0,788,518
177.0,199.0,219.0,232.0,246.0,280.0,338.0,796,540
179.0,200.0,221.0,235.0,249.0,281.0,334.0,799,572
176.0,197.0,215.0,227.0,240.0,269.0,326.0,799,623
175.0,197.0,217.0,230.0,243.0,273.0,326.0,801,656
178.0,201.0,222.0,235.0,247.0,276.0,325.0,781,662
180.0,203.0,225.0,238.0,252.0,287.0,337.0,807,709
178.0,198.0,218.0,231.0,245.0,283.0,335.0,790,739
178.0,198.0,217.0,229.0,241.0,269.0,329.0,806,754
179.0,199.0,219.0,231.0,245.0,281.0,330.0,805,802
180.0,201.0,222.0,235.0,249.0,286.0,327.0,793,823
180.0,202.0,222.0,234.0,247.0,278.0,328.0,787,854
182.0,202.0,222.0,235.0,248.0,283.0,338.0,804,872
180.0,200.0,220.0,233.0,246.0,277.0,331.0,802,906
176.0,198.0,217.0,228.0,240.0,262.0,324.0,806,955
173.0,192.0,214.0,228.0,243.0,273.0,329.0,793,971
176.0,198.0,220.0,233.0,246.0,271.0,314.0,794,1002
174.0,195.0,218.0,232.0,248.0,281.0,326.0,781,1025
170.0,195.0,217.0,231.0,245.0,275.0,325.0,783,1070
175.0,200.0,221.0,235.0,249.0,281.0,332.0,786,1085
187.0,205.0,221.0,233.0,245.0,268.0,324.0,786,1137
182.0,203.0,221.0,233.0,246.0,279.0,331.0,808,1143
187.0,204.0,221.0,233.0,246.0,276.0,329.0,799,1170
177.0,205.0,231.0,245.0,264.0,302.0,342.0,786,1201
180.0,207.0,230.0,243.0,256.0,290.0,335.0,800,1230
167.0,208.0,233.0,248.0,279.0,312.0,342.0,789,1286
174.0,200.0,227.0,244.0,276.0,317.0,347.0,794,1295
191.0,211.0,230.0,242.0,255.0,295.0,343.0,808,1348
180.0,203.0,222.0,233.0,245.0,270.0,329.0,799,1378
188.0,208.0,225.0,237.0,248.0,275.0,334.0,792,1400
186.0,204.0,221.0,232.0,243.0,265.0,329.0,800,1427
185.0,205.0,223.0,234.0,245.0,267.0,330.0,801,1447
183.0,205.0,224.0,235.0,247.0,275.0,336.0,788,1470
177.0,197.0,216.0,227.0,240.0,267.0,331.0,796,1513
147.0,190.0,215.0,229.0,243.0,276.0,320.0,805,1544
176.0,197.0,216.0,228.0,241.0,267.0,318.0,789,1570
172.0,194.0,216.0,228.0,242.0,271.0,325.0,797,1593
171.0,191.0,215.0,228.0,243.0,278.0,328.0,782,1639
169.0,190.0,213.0,227.0,242.0,281.0,326.0,782,1659
169.0,190.0,213.0,226.0,241.0,282.0,327.0,800,1680
172.0,192.0,215.0,229.0,243.0,280.0,326.0,796,1739
174.0,193.0,214.0,226.0,240.0,271.0,327.0,804,1758
168.0,189.0,212.0,225.0,239.0,273.0,329.0,808,1785
168.0,187.0,209.0,224.0,239.0,276.0,334.0,796,1820
167.0,187.0,211.0,227.0,242.0,280.0,332.0,782,1857
167.0,186.0,207.0,222.0,237.0,271.0,328.0,783,1864
168.0,188.0,210.0,226.0,242.0,282.0,333.0,805,1901
167.0,187.0,210.0,226.0,242.0,280.0,330.0,781,1943
167.0,187.0,209.0,225.0,242.0,283.0,329.0,785,1951
177.0,195.0,214.0,225.0,238.0,260.0,323.0,789,2005
172.0,191.0,214.0,228.0,242.0,272.0,333.0,786,2027
171.0,190.0,213.0,228.0,242.0,277.0,336.0,788,2050
167.0,185.0,208.0,225.0,241.0,277.0,334.0,806,2086
168.0,186.0,210.0,227.0,245.0,289.0,340.0,782,2115
165.0,185.0,208.0,224.0,241.0,280.0,334.0,798,2153
169.0,190.0,212.0,226.0,241.0,276.0,335.0,792,2172
167.0,187.0,209.0,225.0,241.0,277.0,333.0,794,2199
166.0,184.0,208.0,224.0,239.0,270.0,334.0,799,2226
175.0,195.0,216.0,228.0,241.0,264.0,324.0,793,2275
177.0,199.0,218.0,229.0,242.0,263.0,325.0,792,2304
169.0,189.0,213.0,229.0,244.0,281.0,341.0,793,2327
171.0,192.0,214.0,228.0,241.0,271.0,343.0,797,2355
170.0,191.0,214.0,228.0,241.0,264.0,333.0,795,2377
164.0,185.0,211.0,227.0,243.0,282.0,338.0,781,2422
166.0,186.0,214.0,231.0,247.0,288.0,337.0,802,2443
133.0,185.0,213.0,228.0,243.0,278.0,326.0,789,2488
157.0,186.0,214.0,228.0,242.0,270.0,320.0,784,2516
168.0,190.0,215.0,229.0,243.0,274.0,330.0,803,2535
168.0,190.0,215.0,229.0,243.0,272.0,332.0,789,2576
177.0,198.0,218.0,229.0,242.0,265.0,334.0,806,2606
174.0,201.0,222.0,234.0,248.0,283.0,336.0,794,2626
179.0,204.0,224.0,236.0,250.0,276.0,324.0,806,2641
177.0,200.0,219.0,231.0,243.0,271.0,330.0,794,2672
175.0,201.0,221.0,233.0,245.0,271.0,330.0,806,2700
172.0,199.0,221.0,234.0,249.0,286.0,336.0,783,2738
177.0,203.0,224.0,237.0,251.0,282.0,334.0,782,2766
180.0,204.0,224.0,237.0,250.0,274.0,322.0,790,2814
177.0,202.0,223.0,235.0,248.0,272.0,323.0,782,2824
181.0,206.0,226.0,239.0,252.0,282.0,329.0,792,2853
171.0,198.0,220.0,233.0,247.0,290.0,339.0,792,2901
173.0,198.0,219.0,232.0,245.0,297.0,324.0,787,2927
168.0,197.0,219.0,232.0,245.0,288.0,330.0,793,2946
171.0,194.0,218.0,231.0,245.0,291.0,336.0,791,2981
166.0,195.0,219.0,232.0,246.0,294.0,334.0,790,3027
173.0,198.0,219.0,231.0,244.0,285.0,331.0,802,3035
171.0,198.0,220.0,234.0,248.0,291.0,334.0,805,3071
126.0,186.0,218.0,232.0,248.0,295.0,341.0,794,3099
164.0,198.0,223.0,237.0,252.0,299.0,342.0,805,3132
155.0,194.0,219.0,233.0,250.0,307.0,345.0,795,3157
174.0,198.0,219.0,231.0,245.0,290.0,337.0,806,3185
166.0,198.0,219.0,230.0,242.0,277.0,331.0,799,3217
170.0,200.0,221.0,232.0,245.0,284.0,329.0,805,3261
171.0,198.0,219.0,231.0,246.0,306.0,346.0,809,3293
173.0,200.0,220.0,231.0,244.0,281.0,334.0,790,3305
159.0,191.0,219.0,231.0,243.0,300.0,347.0,781,3331
180.0,203.0,222.0,234.0,248.0,274.0,328.0,815,26
181.0,205.0,223.0,235.0,248.0,274.0,327.0,819,34
181.0,203.0,223.0,236.0,250.0,278.0,331.0,815,80
180.0,203.0,221.0,233.0,246.0,270.0,325.0,833,95
181.0,203.0,222.0,233.0,246.0,273.0,325.0,817,139
185.0,205.0,223.0,235.0,247.0,270.0,320.0,821,165
183.0,203.0,222.0,234.0,247.0,272.0,327.0,820,188
179.0,201.0,221.0,233.0,246.0,273.0,326.0,828,210
180.0,201.0,219.0,230.0,242.0,268.0,323.0,835,253
181.0,202.0,222.0,234.0,247.0,273.0,329.0,818,275
173.0,191.0,214.0,228.0,242.0,272.0,320.0,830,304
174.0,193.0,215.0,227.0,241.0,270.0,320.0,834,343
174.0,196.0,217.0,229.0,243.0,272.0,324.0,838,368
178.0,198.0,216.0,227.0,240.0,265.0,325.0,827,418
178.0,200.0,218.0,230.0,243.0,269.0,329.0,813,431
178.0,197.0,217.0,231.0,247.0,285.0,338.0,817,466
175.0,194.0,215.0,228.0,242.0,269.0,323.0,825,502
175.0,196.0,217.0,230.0,243.0,273.0,326.0,838,527
175.0,197.0,219.0,232.0,247.0,287.0,330.0,838,554
175.0,195.0,215.0,228.0,243.0,272.0,323.0,810,589
176.0,197.0,220.0,235.0,251.0,291.0,334.0,824,626
177.0,200.0,220.0,233.0,246.0,272.0,323.0,836,646
175.0,200.0,220.0,232.0,246.0,277.0,326.0,820,663
178.0,199.0,219.0,232.0,246.0,282.0,334.0,824,697
179.0,199.0,218.0,230.0,243.0,272.0,332.0,831,732
176.0,197.0,216.0,227.0,239.0,263.0,323.0,838,766
178.0,197.0,218.0,231.0,247.0,286.0,331.0,814,803
181.0,200.0,219.0,232.0,245.0,281.0,334.0,811,836
180.0,200.0,219.0,231.0,244.0,271.0,329.0,828,868
181.0,200.0,219.0,230.0,243.0,267.0,332.0,828,872
181.0,202.0,220.0,231.0,243.0,266.0,327.0,822,925
181.0,203.0,222.0,234.0,247.0,273.0,328.0,826,944
179.0,201.0,217.0,228.0,240.0,261.0,321.0,811,977
174.0,196.0,218.0,231.0,245.0,273.0,327.0,810,1007
175.0,197.0,216.0,227.0,240.0,263.0,322.0,811,1025
175.0,198.0,218.0,230.0,243.0,271.0,328.0,824,1054
173.0,195.0,218.0,231.0,245.0,276.0,329.0,817,1108
166.0,196.0,218.0,232.0,244.0,277.0,327.0,838,1138
178.0,198.0,217.0,230.0,245.0,277.0,331.0,826,1163
177.0,200.0,220.0,234.0,248.0,285.0,334.0,830,1181
182.0,203.0,222.0,235.0,248.0,276.0,329.0,835,1201
183.0,204.0,223.0,236.0,249.0,279.0,329.0,810,1239
185.0,205.0,224.0,236.0,248.0,274.0,332.0,821,1279
184.0,205.0,223.0,235.0,246.0,270.0,329.0,825,1295
186.0,205.0,222.0,233.0,245.0,267.0,327.0,825,1336
184.0,203.0,220.0,231.0,244.0,270.0,323.0,831,1379
186.0,204.0,219.0,230.0,242.0,267.0,327.0,833,1397
160.0,190.0,216.0,231.0,246.0,278.0,324.0,836,1425
174.0,194.0,217.0,230.0,245.0,276.0,333.0,814,1468
175.0,200.0,220.0,233.0,246.0,274.0,326.0,824,1475
143.0,193.0,219.0,232.0,247.0,283.0,332.0,824,1520
175.0,199.0,219.0,231.0,244.0,269.0,326.0,835,1535
172.0,193.0,215.0,227.0,240.0,266.0,321.0,823,1576
173.0,195.0,217.0,229.0,242.0,273.0,326.0,813,1616
172.0,193.0,215.0,228.0,242.0,278.0,328.0,813,1629
180.0,201.0,220.0,232.0,244.0,271.0,325.0,829,1657
177.0,199.0,220.0,232.0,245.0,271.0,323.0,816,1696
176.0,196.0,217.0,230.0,245.0,277.0,329.0,822,1722
174.0,194.0,215.0,228.0,241.0,270.0,326.0,812,1749
170.0,192.0,214.0,227.0,242.0,283.0,332.0,837,1782
166.0,186.0,208.0,224.0,240.0,291.0,336.0,828,1805
168.0,187.0,208.0,224.0,240.0,286.0,334.0,818,1852
177.0,200.0,222.0,236.0,251.0,306.0,349.0,835,1871
167.0,187.0,209.0,225.0,242.0,294.0,337.0,817,1892
177.0,197.0,220.0,233.0,247.0,299.0,347.0,828,1929
175.0,195.0,217.0,230.0,244.0,282.0,334.0,829,1965
174.0,194.0,215.0,228.0,241.0,264.0,327.0,822,1995
160.0,185.0,211.0,226.0,241.0,276.0,337.0,836,2012
161.0,184.0,209.0,225.0,240.0,275.0,325.0,830,2045
164.0,184.0,209.0,225.0,240.0,284.0,327.0,817,2096
169.0,188.0,212.0,228.0,245.0,289.0,329.0,824,2124
169.0,189.0,212.0,227.0,243.0,284.0,330.0,828,2143
166.0,183.0,203.0,221.0,240.0,285.0,332.0,827,2165
174.0,193.0,214.0,227.0,240.0,271.0,338.0,832,2208
174.0,194.0,216.0,229.0,242.0,268.0,339.0,826,2243
174.0,192.0,213.0,228.0,242.0,272.0,336.0,814,2277
169.0,190.0,212.0,226.0,240.0,271.0,332.0,832,2287
170.0,191.0,214.0,229.0,243.0,275.0,339.0,828,2325
171.0,192.0,215.0,229.0,242.0,266.0,336.0,821,2363
125.0,180.0,206.0,224.0,240.0,283.0,330.0,822,2397
161.0,183.0,208.0,225.0,242.0,288.0,333.0,832,2415
159.0,185.0,211.0,228.0,245.0,287.0,332.0,834,2432
141.0,179.0,210.0,227.0,243.0,280.0,323.0,838,2481
166.0,187.0,212.0,226.0,240.0,265.0,314.0,834,2498
165.0,186.0,209.0,225.0,241.0,275.0,327.0,821,2536
171.0,189.0,212.0,226.0,240.0,269.0,333.0,826,2553
175.0,195.0,216.0,229.0,241.0,265.0,334.0,811,2581
173.0,201.0,222.0,235.0,248.0,281.0,335.0,814,2628
180.0,204.0,222.0,234.0,247.0,274.0,324.0,814,2644
182.0,204.0,222.0,234.0,248.0,278.0,333.0,817,2682
182.0,205.0,223.0,236.0,249.0,274.0,328.0,838,2719
177.0,201.0,221.0,232.0,245.0,280.0,335.0,813,2753
179.0,202.0,221.0,234.0,248.0,280.0,334.0,835,2765
170.0,201.0,223.0,236.0,250.0,285.0,328.0,828,2816
178.0,203.0,223.0,235.0,249.0,277.0,330.0,835,2841
178.0,203.0,224.0,238.0,251.0,279.0,330.0,833,2876
171.0,202.0,224.0,238.0,252.0,285.0,331.0,821,2905
170.0,196.0,219.0,232.0,245.0,278.0,334.0,835,2929
165.0,191.0,218.0,233.0,247.0,295.0,340.0,816,2942
167.0,194.0,219.0,232.0,245.0,282.0,332.0,832,2986
169.0,197.0,220.0,232.0,245.0,283.0,330.0,828,3005
163.0,193.0,219.0,233.0,247.0,293.0,339.0,830,3052
169.0,196.0,219.0,232.0,247.0,295.0,337.0,811,3060
163.0,191.0,217.0,230.0,244.0,286.0,337.0,834,3092
127.0,190.0,218.0,232.0,249.0,303.0,345.0,812,3140
165.0,196.0,219.0,232.0,246.0,292.0,340.0,837,3163
168.0,199.0,220.0,233.0,246.0,287.0,336.0,824,3191
166.0,200.0,220.0,231.0,243.0,275.0,332.0,813,3214
174.0,197.0,219.0,232.0,245.0,288.0,332.0,834,3249
159.0,198.0,220.0,233.0,249.0,300.0,349.0,829,3274
123.0,192.0,219.0,233.0,250.0,303.0,339.0,838,3300
119.0,187.0,220.0,235.0,252.0,310.0,347.0,831,3332
175.0,202.0,223.0,236.0,250.0,283.0,324.0,855,28
179.0,203.0,224.0,236.0,250.0,281.0,326.0,843,46
176.0,199.0,221.0,235.0,249.0,286.0,327.0,858,60
175.0,202.0,223.0,236.0,250.0,284.0,328.0,860,101
184.0,206.0,223.0,233.0,245.0,268.0,323.0,843,145
181.0,202.0,220.0,231.0,244.0,268.0,324.0,865,166
180.0,200.0,219.0,231.0,245.0,274.0,325.0,845,209
178.0,199.0,218.0,229.0,241.0,266.0,322.0,855,233
176.0,199.0,220.0,232.0,246.0,276.0,325.0,861,264
175.0,199.0,218.0,230.0,242.0,267.0,317.0,843,298
182.0,203.0,222.0,233.0,246.0,270.0,328.0,869,323
176.0,200.0,221.0,233.0,247.0,279.0,331.0,865,351
173.0,194.0,217.0,232.0,247.0,283.0,328.0,855,367
174.0,194.0,217.0,231.0,245.0,280.0,327.0,857,399
173.0,193.0,217.0,233.0,249.0,292.0,329.0,861,425
173.0,195.0,220.0,234.0,250.0,289.0,330.0,855,459
174.0,196.0,220.0,235.0,250.0,288.0,327.0,850,483
172.0,193.0,217.0,233.0,250.0,292.0,328.0,851,516
180.0,201.0,221.0,234.0,248.0,281.0,335.0,869,557
177.0,199.0,219.0,232.0,245.0,277.0,335.0,840,595
177.0,201.0,222.0,235.0,247.0,276.0,328.0,846,621
176.0,197.0,219.0,234.0,248.0,288.0,334.0,866,653
179.0,200.0,220.0,233.0,247.0,279.0,329.0,845,666
180.0,199.0,217.0,229.0,242.0,270.0,331.0,853,710
174.0,194.0,214.0,226.0,240.0,270.0,325.0,866,723
181.0,201.0,219.0,230.0,244.0,274.0,329.0,859,779
178.0,199.0,218.0,230.0,243.0,275.0,335.0,860,808
181.0,201.0,220.0,232.0,245.0,272.0,328.0,840,835
175.0,196.0,217.0,229.0,242.0,269.0,329.0,863,851
179.0,201.0,222.0,235.0,247.0,278.0,333.0,868,876
181.0,202.0,220.0,232.0,245.0,272.0,326.0,866,901
183.0,204.0,226.0,239.0,253.0,284.0,331.0,863,951
181.0,203.0,224.0,238.0,251.0,285.0,333.0,849,976
179.0,201.0,222.0,236.0,251.0,287.0,337.0,869,990
176.0,200.0,219.0,230.0,242.0,264.0,321.0,842,1048
178.0,202.0,221.0,233.0,245.0,269.0,325.0,855,1050
174.0,197.0,218.0,231.0,244.0,272.0,324.0,847,1094
180.0,204.0,223.0,235.0,248.0,277.0,323.0,862,1110
124.0,190.0,218.0,231.0,246.0,279.0,329.0,854,1155
121.0,181.0,210.0,227.0,246.0,292.0,330.0,860,1173
173.0,194.0,218.0,233.0,248.0,286.0,330.0,855,1219
164.0,191.0,217.0,231.0,246.0,283.0,329.0,859,1232
174.0,197.0,218.0,231.0,245.0,277.0,330.0,866,1284
149.0,189.0,215.0,229.0,244.0,279.0,329.0,857,1311
140.0,186.0,215.0,231.0,247.0,283.0,327.0,850,1330
169.0,195.0,220.0,234.0,248.0,282.0,327.0,854,1363
169.0,200.0,222.0,236.0,253.0,303.0,341.0,867,1407
169.0,195.0,219.0,233.0,247.0,277.0,325.0,843,1413
168.0,193.0,221.0,237.0,254.0,296.0,338.0,851,1447
174.0,201.0,225.0,240.0,255.0,292.0,333.0,864,1481
171.0,195.0,221.0,238.0,256.0,296.0,336.0,854,1508
173.0,199.0,222.0,236.0,251.0,291.0,328.0,843,1550
181.0,207.0,260.0,282.0,299.0,324.0,360.0,857,1577
182.0,205.0,224.0,236.0,249.0,285.0,331.0,840,1604
181.0,203.0,224.0,236.0,251.0,290.0,335.0,840,1634
174.0,201.0,224.0,238.0,256.0,304.0,339.0,866,1672
179.0,202.0,221.0,233.0,246.0,276.0,324.0,847,1687
172.0,199.0,223.0,238.0,257.0,305.0,339.0,858,1737
170.0,197.0,222.0,238.0,259.0,309.0,340.0,852,1752
170.0,200.0,227.0,243.0,270.0,316.0,350.0,849,1799
176.0,209.0,242.0,283.0,300.0,328.0,361.0,855,1817
176.0,202.0,229.0,247.0,280.0,319.0,353.0,864,1839
174.0,196.0,224.0,241.0,263.0,316.0,354.0,862,1881
177.0,200.0,224.0,240.0,258.0,314.0,350.0,862,1912
172.0,195.0,221.0,237.0,258.0,316.0,356.0,867,1941
181.0,201.0,220.0,233.0,247.0,287.0,340.0,859,1968
167.0,184.0,208.0,224.0,239.0,265.0,323.0,867,1998
166.0,185.0,214.0,233.0,251.0,294.0,336.0,866,2018
164.0,180.0,200.0,220.0,242.0,291.0,334.0,847,2067
170.0,188.0,213.0,229.0,245.0,293.0,344.0,865,2086
169.0,189.0,211.0,226.0,241.0,280.0,338.0,854,2119
175.0,194.0,214.0,227.0,240.0,266.0,330.0,850,2131
174.0,194.0,214.0,228.0,242.0,269.0,337.0,867,2163
175.0,195.0,216.0,229.0,243.0,270.0,338.0,860,2190
177.0,196.0,216.0,228.0,240.0,262.0,330.0,856,2230
168.0,189.0,214.0,229.0,243.0,272.0,338.0,861,2261
171.0,191.0,214.0,228.0,242.0,272.0,335.0,843,2305
163.0,190.0,215.0,229.0,243.0,274.0,333.0,855,2323
164.0,186.0,211.0,227.0,242.0,271.0,326.0,844,2357
157.0,182.0,209.0,226.0,243.0,281.0,331.0,866,2380
166.0,184.0,208.0,225.0,241.0,279.0,332.0,860,2408
160.0,183.0,209.0,226.0,242.0,275.0,318.0,860,2448
170.0,187.0,210.0,226.0,241.0,267.0,317.0,869,2460
175.0,195.0,217.0,231.0,245.0,284.0,329.0,854,2506
167.0,189.0,213.0,227.0,242.0,271.0,324.0,853,2541
173.0,192.0,216.0,229.0,243.0,271.0,324.0,857,2561
174.0,196.0,217.0,230.0,243.0,270.0,321.0,866,2580
172.0,196.0,218.0,231.0,245.0,282.0,323.0,869,2621
175.0,198.0,220.0,232.0,245.0,270.0,319.0,847,2644
173.0,197.0,220.0,234.0,250.0,290.0,332.0,862,2687
173.0,196.0,219.0,233.0,247.0,274.0,323.0,856,2700
167.0,198.0,222.0,235.0,249.0,286.0,331.0,850,2739
172.0,202.0,224.0,237.0,250.0,284.0,330.0,862,2785
173.0,204.0,224.0,236.0,249.0,279.0,330.0,848,2811
181.0,206.0,227.0,240.0,253.0,281.0,329.0,859,2847
175.0,200.0,223.0,237.0,252.0,291.0,333.0,855,2878
174.0,201.0,222.0,235.0,248.0,279.0,331.0,864,2888
162.0,194.0,218.0,231.0,244.0,277.0,331.0,864,2925
173.0,199.0,220.0,233.0,246.0,293.0,330.0,868,2968
164.0,196.0,219.0,231.0,243.0,283.0,331.0,846,2975
170.0,196.0,217.0,230.0,243.0,285.0,331.0,867,3011
171.0,196.0,220.0,234.0,248.0,286.0,334.0,842,3044
161.0,194.0,220.0,235.0,252.0,290.0,337.0,842,3061
140.0,192.0,219.0,233.0,248.0,297.0,337.0,858,3104
169.0,197.0,219.0,232.0,246.0,298.0,344.0,843,3127
165.0,196.0,220.0,233.0,247.0,295.0,338.0,858,3157
135.0,194.0,218.0,230.0,243.0,277.0,331.0,847,3196
165.0,197.0,220.0,233.0,247.0,293.0,340.0,854,3232
165.0,198.0,220.0,233.0,247.0,292.0,340.0,867,3248
175.0,203.0,222.0,235.0,249.0,295.0,339.0,866,3290
125.0,196.0,222.0,236.0,255.0,308.0,349.0,869,3305
171.0,199.0,220.0,232.0,247.0,302.0,346.0,860,3333
181.0,206.0,227.0,240.0,253.0,281.0,327.0,879,24
177.0,203.0,224.0,237.0,250.0,282.0,326.0,878,50
182.0,203.0,221.0,233.0,245.0,271.0,323.0,878,77
180.0,204.0,224.0,238.0,252.0,284.0,329.0,880,104
184.0,205.0,223.0,235.0,247.0,271.0,329.0,897,123
182.0,202.0,220.0,231.0,244.0,268.0,327.0,875,175
171.0,194.0,217.0,230.0,244.0,273.0,321.0,888,206
174.0,198.0,218.0,230.0,242.0,267.0,317.0,871,219
183.0,203.0,221.0,233.0,245.0,270.0,325.0,891,245
180.0,201.0,219.0,230.0,244.0,271.0,329.0,885,270
179.0,202.0,221.0,234.0,248.0,282.0,333.0,880,308
182.0,204.0,222.0,234.0,248.0,276.0,331.0,872,351
179.0,203.0,224.0,239.0,255.0,285.0,335.0,873,383
182.0,204.0,224.0,238.0,252.0,281.0,340.0,877,404
179.0,200.0,218.0,231.0,247.0,285.0,338.0,892,436
178.0,199.0,218.0,231.0,245.0,275.0,334.0,899,478
177.0,196.0,216.0,229.0,243.0,284.0,338.0,881,502
176.0,197.0,219.0,233.0,248.0,286.0,330.0,890,511
178.0,199.0,218.0,231.0,246.0,281.0,331.0,878,543
178.0,202.0,221.0,234.0,246.0,274.0,330.0,893,580
181.0,203.0,223.0,236.0,249.0,276.0,332.0,882,606
178.0,202.0,224.0,237.0,250.0,277.0,329.0,883,642
179.0,199.0,217.0,230.0,243.0,270.0,326.0,894,683
180.0,202.0,223.0,237.0,250.0,286.0,336.0,872,705
180.0,203.0,224.0,236.0,249.0,277.0,329.0,882,732
177.0,197.0,220.0,233.0,247.0,285.0,334.0,876,750
173.0,192.0,215.0,227.0,241.0,270.0,323.0,897,786
177.0,198.0,216.0,228.0,240.0,266.0,326.0,871,830
175.0,197.0,220.0,233.0,246.0,281.0,331.0,884,846
179.0,200.0,220.0,233.0,246.0,285.0,340.0,895,881
180.0,203.0,223.0,236.0,248.0,281.0,331.0,877,908
177.0,198.0,220.0,234.0,248.0,290.0,333.0,887,938
180.0,202.0,221.0,234.0,247.0,274.0,330.0,880,971
177.0,201.0,223.0,236.0,249.0,283.0,329.0,878,991
179.0,204.0,224.0,236.0,250.0,283.0,330.0,885,1049
178.0,203.0,224.0,237.0,252.0,290.0,332.0,883,1052
185.0,208.0,229.0,242.0,256.0,294.0,337.0,899,1089
183.0,207.0,230.0,244.0,258.0,295.0,339.0,881,1129
175.0,197.0,219.0,233.0,248.0,294.0,335.0,877,1140
175.0,201.0,226.0,242.0,260.0,301.0,340.0,895,1190
174.0,198.0,217.0,231.0,248.0,295.0,339.0,889,1208
174.0,199.0,222.0,235.0,248.0,280.0,327.0,871,1253
169.0,197.0,224.0,240.0,258.0,306.0,343.0,893,1269
172.0,202.0,228.0,243.0,260.0,305.0,343.0,892,1291
170.0,197.0,221.0,234.0,251.0,300.0,340.0,871,1344
177.0,203.0,226.0,242.0,265.0,311.0,346.0,875,1377
171.0,198.0,223.0,241.0,273.0,314.0,345.0,879,1398
170.0,193.0,219.0,235.0,253.0,296.0,334.0,874,1439
170.0,200.0,226.0,240.0,256.0,296.0,336.0,875,1447
170.0,200.0,230.0,245.0,266.0,303.0,337.0,873,1476
176.0,208.0,243.0,279.0,295.0,321.0,349.0,897,1518
181.0,212.0,255.0,280.0,295.0,319.0,347.0,891,1551
174.0,198.0,221.0,236.0,253.0,296.0,335.0,886,1581
177.0,204.0,228.0,243.0,261.0,304.0,339.0,890,1616
176.0,202.0,224.0,238.0,254.0,300.0,340.0,883,1620
174.0,201.0,225.0,241.0,263.0,309.0,344.0,885,1678
171.0,197.0,221.0,237.0,259.0,310.0,341.0,878,1697
170.0,202.0,269.0,289.0,305.0,331.0,364.0,893,1725
174.0,202.0,233.0,281.0,298.0,325.0,358.0,874,1740
171.0,195.0,223.0,237.0,253.0,316.0,349.0,886,1782
178.0,202.0,226.0,242.0,263.0,314.0,355.0,889,1804
171.0,194.0,221.0,238.0,263.0,321.0,355.0,877,1839
171.0,193.0,220.0,237.0,256.0,312.0,347.0,883,1878
175.0,198.0,226.0,244.0,267.0,313.0,352.0,873,1892
171.0,192.0,218.0,235.0,253.0,307.0,343.0,875,1930
179.0,199.0,218.0,230.0,242.0,269.0,332.0,893,1960
165.0,185.0,210.0,227.0,244.0,278.0,331.0,899,1986
168.0,187.0,213.0,229.0,245.0,280.0,334.0,883,2025
166.0,185.0,211.0,227.0,244.0,289.0,337.0,877,2063
164.0,187.0,212.0,227.0,242.0,281.0,337.0,896,2078
174.0,192.0,213.0,227.0,241.0,271.0,334.0,881,2114
167.0,187.0,210.0,226.0,242.0,277.0,339.0,899,2137
169.0,191.0,213.0,227.0,242.0,271.0,335.0,887,2189
171.0,190.0,213.0,228.0,243.0,274.0,339.0,883,2200
164.0,185.0,210.0,225.0,241.0,275.0,332.0,890,2249
168.0,188.0,212.0,227.0,242.0,275.0,336.0,898,2258
150.0,179.0,207.0,225.0,243.0,283.0,331.0,891,2300
163.0,179.0,199.0,220.0,240.0,279.0,331.0,874,2328
138.0,188.0,218.0,233.0,248.0,279.0,328.0,873,2344
160.0,181.0,206.0,225.0,242.0,276.0,324.0,873,2387
163.0,182.0,209.0,226.0,241.0,269.0,324.0,872,2414
162.0,185.0,212.0,227.0,242.0,272.0,320.0,871,2455
168.0,188.0,212.0,227.0,242.0,273.0,329.0,898,2482
172.0,192.0,216.0,230.0,244.0,279.0,335.0,885,2519
171.0,190.0,215.0,230.0,244.0,278.0,333.0,887,2543
168.0,190.0,214.0,228.0,242.0,274.0,330.0,899,2575
171.0,198.0,221.0,235.0,249.0,293.0,332.0,892,2606
175.0,199.0,222.0,237.0,253.0,296.0,330.0,888,2624
178.0,201.0,222.0,235.0,248.0,281.0,331.0,899,2655
175.0,200.0,222.0,236.0,250.0,281.0,326.0,882,2679
175.0,201.0,220.0,232.0,245.0,272.0,322.0,889,2721
179.0,202.0,223.0,237.0,251.0,280.0,329.0,899,2740
170.0,198.0,221.0,234.0,248.0,286.0,333.0,892,2761
171.0,199.0,222.0,235.0,248.0,286.0,333.0,885,2792
158.0,197.0,222.0,236.0,250.0,281.0,325.0,871,2836
177.0,203.0,223.0,236.0,250.0,284.0,334.0,892,2873
177.0,205.0,225.0,239.0,252.0,278.0,324.0,885,2901
171.0,201.0,221.0,234.0,248.0,288.0,335.0,897,2913
170.0,198.0,219.0,231.0,244.0,284.0,330.0,885,2960
139.0,193.0,219.0,233.0,247.0,288.0,335.0,874,2978
167.0,195.0,218.0,231.0,246.0,291.0,340.0,897,3000
172.0,199.0,220.0,233.0,245.0,280.0,329.0,879,3055
172.0,198.0,219.0,231.0,245.0,283.0,331.0,897,3067
129.0,188.0,220.0,233.0,247.0,286.0,335.0,890,3091
156.0,196.0,219.0,232.0,248.0,298.0,341.0,899,3128
172.0,199.0,219.0,232.0,245.0,286.0,335.0,886,3174
176.0,203.0,222.0,235.0,248.0,276.0,320.0,883,3204
176.0,201.0,221.0,233.0,246.0,276.0,328.0,870,3224
178.0,202.0,221.0,233.0,246.0,289.0,337.0,876,3244
141.0,200.0,221.0,234.0,250.0,305.0,345.0,879,3288
126.0,190.0,219.0,233.0,252.0,306.0,348.0,894,3319
116.0,186.0,219.0,234.0,256.0,310.0,343.0,893,3332
182.0,204.0,220.0,231.0,243.0,267.0,324.0,918,7
184.0,206.0,224.0,236.0,249.0,276.0,330.0,910,50
182.0,205.0,225.0,237.0,250.0,282.0,333.0,917,65
182.0,203.0,221.0,233.0,246.0,272.0,329.0,907,113
176.0,195.0,216.0,229.0,245.0,276.0,325.0,921,137
173.0,194.0,217.0,229.0,243.0,272.0,320.0,902,169
181.0,202.0,219.0,230.0,241.0,264.0,318.0,917,198
180.0,202.0,219.0,230.0,242.0,267.0,323.0,915,216
183.0,203.0,221.0,233.0,245.0,269.0,331.0,901,249
175.0,198.0,219.0,232.0,245.0,277.0,329.0,927,289
177.0,199.0,218.0,229.0,242.0,270.0,329.0,917,322
175.0,198.0,220.0,234.0,249.0,283.0,330.0,911,344
175.0,197.0,219.0,233.0,249.0,287.0,334.0,906,371
177.0,199.0,221.0,234.0,249.0,286.0,334.0,928,393
177.0,197.0,216.0,228.0,243.0,277.0,330.0,911,438
178.0,199.0,218.0,231.0,244.0,273.0,331.0,908,473
176.0,196.0,220.0,234.0,249.0,286.0,330.0,925,496
177.0,199.0,222.0,236.0,250.0,287.0,336.0,909,532
179.0,201.0,220.0,232.0,245.0,271.0,329.0,902,555
179.0,201.0,222.0,234.0,247.0,280.0,331.0,921,577
179.0,202.0,222.0,235.0,248.0,277.0,330.0,901,605
178.0,201.0,222.0,235.0,249.0,284.0,332.0,920,642
178.0,199.0,222.0,236.0,250.0,279.0,326.0,911,678
181.0,203.0,225.0,238.0,252.0,283.0,334.0,905,715
176.0,198.0,218.0,231.0,244.0,275.0,328.0,924,729
176.0,198.0,219.0,232.0,245.0,278.0,323.0,912,758
173.0,195.0,217.0,230.0,244.0,275.0,326.0,905,787
174.0,197.0,218.0,231.0,244.0,275.0,328.0,901,812
180.0,201.0,220.0,232.0,244.0,273.0,334.0,928,856
179.0,201.0,221.0,234.0,247.0,279.0,333.0,923,894
177.0,200.0,220.0,233.0,247.0,285.0,334.0,900,925
175.0,198.0,219.0,232.0,246.0,280.0,329.0,927,940
171.0,193.0,221.0,237.0,255.0,299.0,332.0,903,983
180.0,204.0,225.0,239.0,254.0,292.0,341.0,927,998
178.0,199.0,218.0,231.0,246.0,290.0,337.0,925,1020
178.0,201.0,220.0,232.0,244.0,276.0,330.0,905,1054
189.0,210.0,229.0,242.0,256.0,296.0,339.0,928,1105
184.0,214.0,242.0,273.0,293.0,324.0,355.0,912,1134
170.0,201.0,232.0,247.0,292.0,321.0,352.0,907,1152
168.0,203.0,235.0,254.0,283.0,316.0,346.0,901,1178
174.0,204.0,232.0,248.0,270.0,305.0,340.0,907,1202
174.0,209.0,238.0,258.0,287.0,324.0,353.0,928,1248
169.0,207.0,249.0,270.0,293.0,323.0,351.0,919,1284
172.0,205.0,236.0,263.0,289.0,319.0,350.0,910,1302
177.0,207.0,229.0,244.0,263.0,306.0,345.0,917,1348
172.0,203.0,230.0,253.0,293.0,322.0,351.0,909,1365
180.0,209.0,235.0,254.0,287.0,319.0,352.0,929,1387
174.0,210.0,261.0,282.0,297.0,325.0,355.0,902,1439
178.0,214.0,257.0,282.0,297.0,322.0,351.0,908,1459
176.0,200.0,221.0,235.0,252.0,294.0,332.0,929,1494
177.0,206.0,232.0,248.0,281.0,315.0,351.0,904,1516
173.0,205.0,228.0,243.0,261.0,299.0,333.0,908,1539
178.0,201.0,220.0,232.0,246.0,288.0,330.0,917,1578
176.0,201.0,222.0,235.0,250.0,295.0,334.0,911,1610
174.0,197.0,219.0,232.0,248.0,292.0,331.0,913,1640
178.0,203.0,225.0,238.0,254.0,303.0,347.0,924,1654
176.0,200.0,225.0,240.0,256.0,305.0,342.0,922,1693
179.0,201.0,223.0,238.0,259.0,306.0,345.0,908,1713
176.0,196.0,217.0,230.0,245.0,290.0,335.0,908,1750
176.0,200.0,223.0,237.0,250.0,299.0,338.0,922,1793
175.0,202.0,227.0,241.0,260.0,315.0,347.0,924,1815
173.0,195.0,218.0,231.0,245.0,287.0,336.0,901,1858
173.0,194.0,215.0,227.0,240.0,271.0,332.0,905,1868
176.0,195.0,216.0,229.0,243.0,283.0,332.0,901,1904
165.0,192.0,218.0,232.0,248.0,292.0,337.0,923,1931
168.0,190.0,214.0,228.0,243.0,283.0,337.0,921,1951
163.0,184.0,213.0,230.0,247.0,289.0,331.0,912,1991
164.0,184.0,211.0,228.0,244.0,289.0,336.0,924,2031
161.0,185.0,214.0,231.0,247.0,287.0,342.0,927,2044
165.0,185.0,209.0,226.0,242.0,278.0,332.0,920,2088
165.0,186.0,211.0,227.0,243.0,275.0,337.0,924,2119
168.0,188.0,211.0,227.0,242.0,276.0,340.0,913,2139
160.0,181.0,207.0,230.0,249.0,297.0,344.0,928,2172
170.0,192.0,215.0,228.0,243.0,274.0,331.0,901,2204
162.0,186.0,211.0,228.0,245.0,287.0,341.0,910,2230
158.0,184.0,212.0,227.0,242.0,273.0,327.0,911,2260
159.0,183.0,208.0,225.0,243.0,278.0,325.0,929,2289
160.0,183.0,208.0,226.0,244.0,288.0,332.0,927,2325
167.0,189.0,214.0,229.0,244.0,280.0,331.0,924,2369
174.0,193.0,215.0,229.0,243.0,273.0,320.0,902,2396
166.0,187.0,211.0,226.0,242.0,278.0,336.0,901,2429
170.0,190.0,214.0,228.0,244.0,288.0,335.0,916,2447
173.0,194.0,216.0,230.0,244.0,279.0,338.0,922,2470
173.0,194.0,215.0,228.0,243.0,276.0,341.0,908,2505
166.0,189.0,212.0,226.0,241.0,276.0,338.0,905,2545
174.0,196.0,218.0,232.0,247.0,285.0,328.0,919,2574
174.0,199.0,222.0,236.0,250.0,293.0,330.0,908,2590
171.0,199.0,222.0,235.0,250.0,292.0,331.0,900,2614
174.0,197.0,218.0,231.0,244.0,274.0,332.0,916,2640
178.0,203.0,223.0,236.0,248.0,275.0,332.0,921,2681
170.0,197.0,220.0,233.0,247.0,281.0,337.0,909,2728
175.0,199.0,220.0,233.0,248.0,291.0,344.0,905,2750
177.0,201.0,221.0,233.0,247.0,282.0,339.0,913,2765
174.0,201.0,221.0,233.0,246.0,277.0,335.0,924,2804
173.0,202.0,225.0,238.0,251.0,286.0,335.0,922,2842
178.0,204.0,224.0,237.0,249.0,280.0,330.0,916,2859
172.0,202.0,224.0,238.0,252.0,286.0,333.0,910,2888
175.0,201.0,221.0,234.0,248.0,285.0,340.0,906,2920
164.0,194.0,219.0,232.0,247.0,300.0,343.0,908,2955
170.0,198.0,220.0,233.0,248.0,300.0,340.0,911,2999
168.0,196.0,219.0,231.0,244.0,284.0,332.0,901,3011
160.0,194.0,219.0,232.0,246.0,291.0,339.0,915,3034
136.0,195.0,219.0,232.0,247.0,290.0,338.0,926,3077
164.0,198.0,220.0,233.0,248.0,292.0,338.0,922,3100
162.0,195.0,220.0,235.0,252.0,298.0,344.0,911,3132
167.0,197.0,219.0,231.0,246.0,297.0,333.0,926,3156
168.0,198.0,221.0,234.0,250.0,299.0,340.0,922,3202
176.0,201.0,221.0,233.0,247.0,293.0,336.0,909,3210
173.0,200.0,220.0,234.0,250.0,299.0,344.0,921,3246
127.0,195.0,218.0,230.0,246.0,302.0,342.0,901,3282
127.0,196.0,221.0,235.0,252.0,304.0,351.0,923,3305
120.0,199.0,223.0,236.0,252.0,298.0,341.0,922,3332
183.0,204.0,221.0,232.0,244.0,269.0,326.0,933,4
181.0,202.0,219.0,230.0,242.0,264.0,322.0,955,44
184.0,204.0,221.0,233.0,246.0,270.0,328.0,949,71
178.0,201.0,218.0,229.0,241.0,265.0,322.0,952,92
177.0,200.0,220.0,232.0,245.0,276.0,327.0,957,134
178.0,201.0,219.0,231.0,243.0,268.0,323.0,936,176
178.0,203.0,222.0,233.0,245.0,271.0,322.0,958,207
180.0,201.0,219.0,229.0,241.0,262.0,317.0,934,216
175.0,198.0,219.0,232.0,244.0,273.0,324.0,945,250
181.0,203.0,221.0,232.0,244.0,268.0,328.0,935,288
178.0,202.0,222.0,235.0,247.0,276.0,329.0,955,321
178.0,200.0,221.0,233.0,247.0,280.0,336.0,951,346
179.0,201.0,221.0,234.0,247.0,280.0,333.0,947,374
180.0,201.0,220.0,233.0,246.0,277.0,334.0,946,414
178.0,199.0,220.0,234.0,248.0,284.0,338.0,934,427
180.0,201.0,220.0,232.0,244.0,269.0,328.0,949,461
174.0,196.0,221.0,236.0,251.0,290.0,329.0,956,488
179.0,201.0,223.0,236.0,249.0,282.0,339.0,958,534
179.0,202.0,223.0,236.0,249.0,281.0,335.0,948,552
183.0,204.0,223.0,235.0,248.0,275.0,329.0,938,587
176.0,198.0,218.0,231.0,244.0,273.0,321.0,955,612
168.0,191.0,220.0,235.0,251.0,292.0,322.0,942,654
181.0,205.0,225.0,237.0,249.0,277.0,327.0,951,683
175.0,198.0,220.0,234.0,251.0,290.0,327.0,933,705
175.0,198.0,220.0,233.0,246.0,280.0,329.0,945,748
175.0,197.0,221.0,234.0,249.0,287.0,332.0,942,767
185.0,205.0,223.0,234.0,246.0,272.0,332.0,938,799
178.0,198.0,218.0,230.0,244.0,279.0,335.0,933,821
179.0,201.0,221.0,234.0,247.0,289.0,333.0,931,849
181.0,202.0,220.0,231.0,243.0,266.0,331.0,947,887
183.0,203.0,221.0,232.0,243.0,263.0,325.0,948,929
178.0,201.0,221.0,234.0,247.0,280.0,332.0,939,933
180.0,203.0,224.0,237.0,250.0,284.0,332.0,935,970
182.0,202.0,222.0,235.0,248.0,280.0,334.0,941,1009
180.0,202.0,223.0,236.0,249.0,280.0,333.0,944,1028
183.0,205.0,224.0,236.0,249.0,278.0,335.0,949,1066
189.0,210.0,230.0,242.0,254.0,286.0,338.0,937,1100
180.0,206.0,236.0,254.0,286.0,324.0,357.0,959,1128
178.0,211.0,239.0,261.0,289.0,323.0,354.0,946,1157
175.0,206.0,238.0,262.0,287.0,319.0,350.0,940,1188
179.0,207.0,237.0,261.0,286.0,319.0,348.0,939,1226
178.0,207.0,232.0,246.0,264.0,312.0,345.0,938,1233
173.0,209.0,243.0,272.0,292.0,322.0,357.0,936,1261
187.0,210.0,230.0,243.0,258.0,303.0,345.0,936,1300
180.0,207.0,226.0,239.0,253.0,293.0,338.0,944,1340
168.0,200.0,225.0,240.0,263.0,301.0,336.0,958,1356
179.0,209.0,230.0,243.0,259.0,295.0,332.0,951,1407
177.0,203.0,225.0,239.0,255.0,294.0,336.0,959,1428
172.0,200.0,224.0,238.0,254.0,292.0,332.0,934,1469
172.0,202.0,226.0,241.0,259.0,306.0,343.0,953,1480
177.0,203.0,224.0,238.0,253.0,292.0,334.0,959,1525
179.0,203.0,223.0,236.0,251.0,290.0,331.0,931,1533
177.0,208.0,228.0,245.0,268.0,310.0,345.0,953,1575
171.0,201.0,227.0,245.0,281.0,318.0,349.0,950,1600
171.0,202.0,230.0,273.0,292.0,322.0,354.0,933,1640
173.0,199.0,228.0,246.0,289.0,320.0,350.0,958,1664
173.0,207.0,276.0,291.0,305.0,330.0,360.0,939,1696
180.0,205.0,226.0,239.0,253.0,295.0,339.0,959,1731
171.0,199.0,225.0,241.0,282.0,320.0,352.0,941,1764
168.0,196.0,221.0,236.0,252.0,299.0,341.0,948,1794
170.0,197.0,222.0,238.0,258.0,308.0,348.0,944,1803
175.0,201.0,224.0,238.0,255.0,304.0,347.0,946,1846
165.0,188.0,215.0,233.0,253.0,300.0,343.0,946,1868
166.0,193.0,219.0,234.0,252.0,304.0,346.0,936,1891
175.0,198.0,219.0,232.0,247.0,281.0,326.0,950,1930
171.0,193.0,219.0,233.0,246.0,277.0,327.0,952,1970
168.0,189.0,214.0,229.0,244.0,280.0,340.0,951,2000
166.0,187.0,214.0,230.0,245.0,282.0,340.0,942,2017
164.0,185.0,212.0,230.0,247.0,289.0,340.0,958,2050
164.0,187.0,212.0,227.0,241.0,270.0,334.0,941,2078
164.0,182.0,205.0,225.0,244.0,287.0,337.0,950,2123
166.0,186.0,211.0,228.0,246.0,292.0,341.0,945,2141
166.0,187.0,213.0,228.0,244.0,276.0,331.0,933,2189
167.0,193.0,215.0,227.0,240.0,263.0,321.0,956,2216
141.0,183.0,213.0,227.0,241.0,267.0,318.0,957,2228
154.0,185.0,212.0,228.0,244.0,279.0,327.0,938,2266
169.0,189.0,212.0,227.0,243.0,289.0,334.0,954,2304
167.0,186.0,212.0,229.0,245.0,285.0,331.0,935,2319
165.0,186.0,212.0,229.0,246.0,298.0,338.0,939,2367
167.0,189.0,213.0,227.0,241.0,270.0,331.0,950,2389
167.0,186.0,211.0,227.0,243.0,289.0,334.0,933,2425
170.0,191.0,215.0,228.0,242.0,274.0,340.0,958,2452
171.0,192.0,215.0,229.0,244.0,278.0,341.0,932,2461
171.0,193.0,216.0,229.0,244.0,276.0,332.0,952,2492
174.0,195.0,218.0,232.0,247.0,285.0,326.0,932,2544
168.0,192.0,216.0,231.0,246.0,285.0,333.0,956,2550
174.0,200.0,221.0,234.0,248.0,283.0,345.0,959,2598
177.0,197.0,217.0,229.0,242.0,270.0,336.0,952,2633
178.0,199.0,220.0,234.0,247.0,280.0,339.0,941,2661
178.0,201.0,220.0,233.0,246.0,279.0,336.0,937,2674
182.0,204.0,223.0,235.0,248.0,273.0,329.0,934,2715
180.0,204.0,222.0,233.0,245.0,275.0,330.0,959,2753
183.0,206.0,225.0,237.0,250.0,277.0,327.0,934,2784
163.0,199.0,222.0,236.0,249.0,283.0,338.0,943,2813
167.0,201.0,223.0,236.0,249.0,281.0,330.0,934,2821
180.0,202.0,222.0,235.0,248.0,285.0,334.0,933,2856
178.0,205.0,225.0,237.0,250.0,285.0,338.0,935,2880
137.0,197.0,220.0,232.0,245.0,275.0,324.0,946,2920
176.0,202.0,221.0,233.0,246.0,277.0,329.0,956,2963
175.0,201.0,223.0,236.0,249.0,293.0,335.0,930,2988
161.0,195.0,218.0,232.0,245.0,284.0,332.0,932,3028
171.0,197.0,220.0,233.0,246.0,290.0,341.0,932,3058
126.0,183.0,216.0,230.0,245.0,284.0,334.0,950,3083
158.0,192.0,219.0,232.0,246.0,289.0,338.0,942,3095
167.0,196.0,219.0,231.0,246.0,289.0,341.0,951,3145
172.0,199.0,220.0,233.0,250.0,300.0,341.0,943,3168
173.0,198.0,219.0,231.0,245.0,278.0,330.0,952,3183
162.0,192.0,219.0,234.0,252.0,307.0,348.0,959,3235
138.0,194.0,219.0,233.0,251.0,304.0,342.0,933,3263
131.0,189.0,219.0,235.0,257.0,311.0,350.0,950,3275
110.0,181.0,220.0,236.0,255.0,298.0,337.0,945,3326
109.0,191.0,221.0,235.0,252.0,297.0,340.0,942,3332
186.0,206.0,222.0,233.0,245.0,270.0,316.0,964,0
182.0,203.0,221.0,232.0,245.0,269.0,321.0,973,59
181.0,203.0,220.0,232.0,244.0,269.0,321.0,962,61
178.0,202.0,221.0,233.0,246.0,272.0,327.0,964,117
177.0,200.0,221.0,234.0,248.0,283.0,333.0,979,144
180.0,205.0,225.0,237.0,250.0,275.0,324.0,984,171
175.0,200.0,221.0,234.0,247.0,279.0,329.0,965,193
176.0,200.0,222.0,235.0,248.0,278.0,326.0,969,222
179.0,202.0,221.0,233.0,245.0,271.0,327.0,965,269
179.0,203.0,223.0,235.0,247.0,275.0,326.0,988,297
185.0,206.0,224.0,235.0,246.0,266.0,329.0,982,313
184.0,204.0,221.0,233.0,244.0,266.0,323.0,979,340
176.0,200.0,221.0,233.0,247.0,279.0,327.0,976,382
180.0,202.0,222.0,235.0,248.0,283.0,334.0,984,392
180.0,201.0,221.0,234.0,246.0,277.0,333.0,963,423
178.0,200.0,222.0,235.0,248.0,278.0,330.0,971,461
180.0,201.0,218.0,230.0,241.0,263.0,326.0,985,489
181.0,203.0,223.0,236.0,249.0,278.0,338.0,963,534
179.0,203.0,224.0,237.0,250.0,283.0,340.0,973,553
177.0,199.0,219.0,231.0,244.0,272.0,329.0,969,581
179.0,200.0,218.0,229.0,242.0,270.0,325.0,981,605
182.0,204.0,225.0,238.0,250.0,275.0,329.0,966,654
183.0,206.0,226.0,238.0,250.0,277.0,327.0,979,687
180.0,204.0,227.0,240.0,254.0,288.0,333.0,985,716
181.0,204.0,224.0,237.0,251.0,289.0,334.0,981,739
181.0,204.0,224.0,236.0,251.0,290.0,332.0,975,750
180.0,201.0,223.0,237.0,251.0,294.0,338.0,970,784
181.0,202.0,220.0,232.0,244.0,270.0,334.0,971,837
181.0,202.0,221.0,233.0,246.0,272.0,336.0,967,849
175.0,195.0,216.0,229.0,242.0,270.0,326.0,972,874
176.0,197.0,217.0,230.0,245.0,276.0,331.0,964,900
178.0,199.0,219.0,232.0,245.0,274.0,325.0,984,952
176.0,199.0,219.0,232.0,246.0,277.0,330.0,973,984
172.0,197.0,219.0,233.0,247.0,283.0,331.0,974,1016
176.0,198.0,220.0,234.0,249.0,290.0,330.0,978,1037
178.0,202.0,225.0,239.0,253.0,289.0,337.0,973,1078
176.0,201.0,225.0,239.0,254.0,293.0,337.0,967,1088
177.0,207.0,233.0,248.0,272.0,321.0,351.0,982,1135
170.0,207.0,236.0,252.0,285.0,323.0,352.0,978,1150
183.0,211.0,235.0,252.0,285.0,320.0,353.0,985,1171
180.0,207.0,231.0,244.0,258.0,299.0,342.0,971,1226
180.0,210.0,236.0,253.0,287.0,321.0,354.0,963,1247
177.0,206.0,228.0,241.0,255.0,289.0,336.0,984,1287
178.0,204.0,224.0,237.0,252.0,288.0,334.0,962,1319
178.0,201.0,220.0,233.0,248.0,287.0,329.0,975,1339
172.0,202.0,225.0,240.0,258.0,306.0,340.0,981,1379
171.0,198.0,219.0,233.0,251.0,300.0,338.0,980,1393
178.0,203.0,223.0,236.0,250.0,287.0,329.0,971,1413
177.0,208.0,233.0,251.0,277.0,314.0,348.0,966,1456
171.0,201.0,225.0,241.0,266.0,311.0,346.0,968,1495
180.0,203.0,222.0,235.0,250.0,293.0,335.0,972,1528
182.0,203.0,220.0,231.0,243.0,264.0,326.0,977,1555
186.0,206.0,221.0,232.0,246.0,286.0,337.0,960,1563
173.0,203.0,229.0,244.0,263.0,308.0,344.0,978,1595
180.0,204.0,228.0,243.0,261.0,307.0,347.0,980,1625
177.0,199.0,222.0,237.0,253.0,303.0,344.0,973,1665
177.0,203.0,226.0,240.0,257.0,308.0,347.0,979,1703
180.0,203.0,222.0,233.0,246.0,276.0,334.0,962,1725
177.0,200.0,220.0,233.0,247.0,284.0,336.0,970,1750
179.0,204.0,226.0,239.0,253.0,288.0,329.0,987,1774
168.0,191.0,214.0,228.0,243.0,284.0,332.0,964,1825
172.0,196.0,220.0,234.0,251.0,290.0,330.0,968,1857
173.0,196.0,218.0,231.0,247.0,288.0,332.0,975,1879
170.0,193.0,219.0,234.0,248.0,286.0,333.0,966,1918
176.0,196.0,216.0,227.0,239.0,265.0,327.0,977,1944
168.0,189.0,215.0,230.0,245.0,277.0,333.0,982,1979
171.0,193.0,215.0,228.0,242.0,272.0,339.0,968,1986
167.0,188.0,214.0,229.0,244.0,279.0,336.0,966,2021
163.0,184.0,209.0,227.0,244.0,282.0,338.0,978,2041
151.0,182.0,210.0,226.0,242.0,273.0,322.0,976,2070
132.0,181.0,210.0,226.0,242.0,273.0,331.0,973,2110
153.0,186.0,214.0,227.0,240.0,267.0,324.0,980,2151
160.0,182.0,207.0,225.0,244.0,281.0,333.0,976,2186
160.0,182.0,208.0,225.0,243.0,287.0,334.0,980,2217
136.0,181.0,206.0,224.0,242.0,287.0,337.0,978,2228
161.0,185.0,211.0,226.0,243.0,286.0,332.0,963,2263
169.0,194.0,216.0,229.0,242.0,270.0,334.0,980,2291
166.0,187.0,213.0,228.0,244.0,280.0,340.0,979,2330
162.0,184.0,210.0,228.0,245.0,288.0,341.0,977,2341
161.0,184.0,211.0,230.0,248.0,300.0,348.0,986,2381
170.0,192.0,214.0,227.0,241.0,272.0,340.0,968,2413
170.0,190.0,213.0,227.0,240.0,269.0,335.0,966,2445
171.0,194.0,216.0,229.0,243.0,280.0,327.0,973,2479
169.0,194.0,217.0,231.0,247.0,288.0,333.0,984,2504
165.0,191.0,214.0,229.0,244.0,281.0,326.0,965,2530
175.0,197.0,218.0,231.0,244.0,284.0,346.0,988,2555
177.0,202.0,222.0,235.0,248.0,279.0,343.0,960,2601
177.0,202.0,221.0,233.0,246.0,277.0,335.0,968,2628
174.0,201.0,222.0,234.0,248.0,277.0,330.0,965,2647
181.0,205.0,223.0,235.0,248.0,276.0,329.0,978,2682
173.0,197.0,219.0,232.0,246.0,282.0,336.0,963,2715
184.0,205.0,224.0,236.0,249.0,277.0,331.0,987,2758
176.0,203.0,224.0,236.0,249.0,276.0,332.0,985,2768
172.0,201.0,221.0,234.0,247.0,290.0,340.0,975,2808
169.0,202.0,223.0,236.0,249.0,283.0,336.0,987,2826
174.0,201.0,222.0,235.0,248.0,280.0,340.0,979,2860
172.0,202.0,223.0,236.0,249.0,285.0,337.0,963,2894
179.0,199.0,220.0,232.0,245.0,278.0,335.0,989,2938
176.0,199.0,218.0,229.0,242.0,269.0,329.0,966,2940
164.0,196.0,219.0,232.0,247.0,295.0,342.0,963,2990
168.0,196.0,218.0,231.0,244.0,284.0,333.0,975,3029
152.0,192.0,218.0,231.0,246.0,288.0,338.0,960,3059
168.0,197.0,220.0,233.0,248.0,296.0,337.0,970,3072
161.0,196.0,220.0,233.0,248.0,296.0,340.0,963,3095
169.0,197.0,220.0,233.0,248.0,297.0,339.0,967,3131
154.0,192.0,218.0,232.0,247.0,297.0,338.0,964,3152
170.0,196.0,219.0,232.0,248.0,299.0,342.0,989,3182
171.0,197.0,222.0,238.0,255.0,304.0,341.0,975,3227
167.0,194.0,223.0,239.0,257.0,308.0,352.0,965,3248
142.0,199.0,221.0,234.0,248.0,298.0,341.0,971,3297
123.0,197.0,222.0,236.0,253.0,307.0,344.0,974,3301
115.0,195.0,219.0,232.0,247.0,288.0,328.0,965,3332
171.0,201.0,226.0,241.0,256.0,291.0,330.0,1000,14
175.0,201.0,223.0,237.0,251.0,284.0,330.0,993,47
184.0,207.0,226.0,237.0,250.0,275.0,330.0,993,81
176.0,201.0,222.0,236.0,250.0,285.0,332.0,994,103
175.0,200.0,223.0,236.0,251.0,284.0,331.0,1000,145
178.0,203.0,225.0,238.0,252.0,283.0,335.0,1016,160
185.0,206.0,224.0,236.0,247.0,270.0,327.0,1009,205
180.0,200.0,218.0,229.0,242.0,268.0,328.0,990,239
178.0,202.0,224.0,237.0,251.0,287.0,333.0,1002,260
176.0,199.0,221.0,233.0,247.0,282.0,329.0,994,286
180.0,204.0,224.0,236.0,247.0,275.0,333.0,1019,310
182.0,204.0,221.0,232.0,244.0,266.0,324.0,1017,359
182.0,203.0,221.0,232.0,245.0,269.0,328.0,996,378
178.0,203.0,224.0,236.0,248.0,275.0,329.0,1014,404
179.0,199.0,217.0,227.0,239.0,261.0,311.0,995,431
180.0,206.0,225.0,237.0,249.0,276.0,335.0,1019,461
183.0,206.0,224.0,236.0,248.0,273.0,327.0,1016,505
182.0,205.0,225.0,237.0,249.0,273.0,332.0,993,518
175.0,198.0,219.0,231.0,244.0,275.0,332.0,994,553
174.0,195.0,217.0,231.0,245.0,285.0,329.0,996,593
180.0,202.0,220.0,232.0,243.0,264.0,315.0,1002,623
174.0,195.0,216.0,229.0,242.0,276.0,329.0,995,650
176.0,198.0,221.0,235.0,249.0,291.0,335.0,993,686
179.0,202.0,219.0,231.0,242.0,264.0,323.0,1010,690
175.0,198.0,217.0,229.0,241.0,267.0,328.0,1018,731
182.0,203.0,222.0,234.0,247.0,278.0,336.0,993,762
175.0,198.0,220.0,233.0,246.0,283.0,329.0,1017,805
179.0,200.0,219.0,230.0,243.0,268.0,327.0,992,835
178.0,200.0,220.0,233.0,246.0,280.0,328.0,992,851
175.0,197.0,221.0,236.0,251.0,295.0,332.0,996,881
181.0,200.0,220.0,233.0,246.0,289.0,341.0,1013,913
180.0,202.0,223.0,237.0,250.0,287.0,337.0,1013,930
178.0,198.0,218.0,232.0,248.0,299.0,341.0,1011,980
174.0,199.0,223.0,238.0,254.0,294.0,337.0,992,993
178.0,201.0,222.0,236.0,249.0,287.0,337.0,1011,1020
180.0,200.0,218.0,231.0,245.0,281.0,335.0,1005,1054
182.0,202.0,221.0,233.0,245.0,269.0,331.0,997,1088
181.0,202.0,220.0,232.0,245.0,269.0,317.0,1015,1126
182.0,205.0,227.0,240.0,254.0,288.0,335.0,1004,1158
160.0,176.0,188.0,195.0,202.0,214.0,342.0,992,1194
178.0,206.0,228.0,242.0,257.0,298.0,337.0,1014,1222
179.0,206.0,226.0,239.0,252.0,281.0,330.0,1002,1256
180.0,205.0,226.0,240.0,254.0,294.0,337.0,1007,1274
170.0,204.0,232.0,253.0,290.0,318.0,348.0,1013,1305
178.0,206.0,229.0,250.0,271.0,310.0,346.0,994,1322
174.0,201.0,224.0,238.0,255.0,298.0,335.0,1004,1361
173.0,201.0,230.0,249.0,275.0,314.0,346.0,1019,1405
174.0,201.0,224.0,238.0,253.0,294.0,329.0,994,1439
176.0,204.0,227.0,241.0,257.0,297.0,333.0,990,1459
171.0,198.0,223.0,240.0,265.0,314.0,348.0,996,1492
191.0,212.0,230.0,241.0,253.0,287.0,340.0,993,1518
176.0,208.0,231.0,245.0,263.0,312.0,352.0,1016,1530
184.0,209.0,230.0,242.0,257.0,299.0,342.0,996,1564
176.0,208.0,235.0,254.0,286.0,319.0,356.0,1004,1591
174.0,204.0,240.0,277.0,296.0,324.0,356.0,1014,1646
177.0,200.0,223.0,237.0,255.0,308.0,344.0,991,1663
180.0,206.0,228.0,242.0,261.0,309.0,344.0,1005,1689
181.0,205.0,223.0,236.0,249.0,282.0,335.0,1004,1722
175.0,200.0,221.0,234.0,249.0,286.0,331.0,1002,1740
174.0,202.0,225.0,239.0,253.0,296.0,337.0,998,1785
167.0,190.0,217.0,233.0,252.0,305.0,339.0,1003,1804
176.0,201.0,223.0,236.0,249.0,289.0,334.0,991,1858
173.0,192.0,213.0,226.0,240.0,271.0,329.0,1001,1880
167.0,188.0,215.0,230.0,244.0,276.0,333.0,1013,1912
174.0,193.0,214.0,228.0,241.0,269.0,334.0,1007,1939
171.0,190.0,214.0,227.0,241.0,270.0,334.0,1012,1958
166.0,185.0,212.0,228.0,244.0,280.0,335.0,1003,1986
166.0,188.0,210.0,225.0,240.0,268.0,316.0,996,2029
130.0,182.0,212.0,227.0,244.0,290.0,333.0,1018,2041
151.0,183.0,211.0,227.0,244.0,284.0,334.0,1016,2090
160.0,184.0,210.0,225.0,242.0,281.0,335.0,1005,2115
160.0,183.0,208.0,224.0,241.0,278.0,332.0,995,2139
166.0,187.0,211.0,226.0,242.0,273.0,325.0,1001,2185
173.0,196.0,216.0,228.0,241.0,267.0,326.0,1018,2204
167.0,193.0,215.0,228.0,242.0,268.0,328.0,995,2237
122.0,179.0,208.0,226.0,243.0,282.0,328.0,1018,2253
164.0,189.0,213.0,228.0,242.0,275.0,336.0,990,2290
167.0,189.0,213.0,228.0,244.0,281.0,341.0,995,2333
160.0,185.0,211.0,228.0,245.0,291.0,342.0,993,2350
162.0,184.0,210.0,227.0,244.0,288.0,343.0,999,2370
169.0,190.0,213.0,228.0,244.0,285.0,335.0,1010,2406
175.0,196.0,218.0,231.0,245.0,279.0,327.0,1001,2435
168.0,187.0,211.0,226.0,243.0,293.0,344.0,1015,2479
171.0,190.0,213.0,227.0,242.0,284.0,339.0,1009,2501
166.0,188.0,213.0,228.0,243.0,292.0,346.0,997,2537
168.0,192.0,214.0,228.0,243.0,285.0,347.0,1010,2560
173.0,199.0,221.0,234.0,248.0,284.0,334.0,1014,2604
177.0,201.0,221.0,233.0,246.0,281.0,341.0,993,2633
179.0,204.0,223.0,236.0,248.0,273.0,330.0,997,2651
182.0,205.0,223.0,234.0,247.0,272.0,331.0,1008,2677
179.0,205.0,224.0,236.0,248.0,274.0,326.0,992,2722
181.0,206.0,226.0,238.0,250.0,278.0,332.0,1017,2759
177.0,202.0,223.0,236.0,248.0,276.0,335.0,1000,2766
180.0,205.0,223.0,235.0,247.0,275.0,335.0,1005,2812
149.0,196.0,221.0,234.0,247.0,275.0,329.0,1016,2842
136.0,188.0,221.0,235.0,250.0,293.0,337.0,999,2852
177.0,203.0,224.0,236.0,248.0,278.0,329.0,1008,2883
180.0,202.0,221.0,233.0,247.0,279.0,336.0,1019,2913
176.0,200.0,220.0,232.0,245.0,276.0,335.0,1015,2943
169.0,198.0,220.0,233.0,246.0,281.0,342.0,991,2973
161.0,193.0,223.0,240.0,255.0,307.0,325.0,1003,3014
166.0,193.0,215.0,227.0,241.0,281.0,342.0,1018,3041
142.0,190.0,217.0,231.0,245.0,290.0,334.0,991,3077
124.0,181.0,215.0,230.0,245.0,290.0,332.0,991,3095
175.0,201.0,221.0,233.0,247.0,289.0,335.0,1010,3146
169.0,191.0,216.0,229.0,245.0,293.0,343.0,993,3178
163.0,190.0,216.0,229.0,245.0,289.0,334.0,1019,3186
127.0,186.0,218.0,233.0,252.0,311.0,351.0,1013,3239
161.0,195.0,218.0,231.0,245.0,291.0,338.0,992,3241
171.0,204.0,222.0,234.0,247.0,285.0,331.0,996,3289
145.0,197.0,220.0,233.0,249.0,304.0,341.0,1012,3304
129.0,199.0,221.0,234.0,250.0,302.0,341.0,1010,3333
181.0,205.0,223.0,235.0,249.0,281.0,332.0,1044,3
178.0,203.0,222.0,234.0,248.0,282.0,330.0,1032,40
177.0,203.0,223.0,236.0,250.0,284.0,335.0,1032,66
182.0,204.0,222.0,234.0,246.0,272.0,327.0,1034,106
183.0,208.0,228.0,240.0,252.0,279.0,329.0,1029,143
183.0,209.0,229.0,241.0,254.0,281.0,335.0,1026,156
183.0,206.0,224.0,235.0,247.0,270.0,325.0,1020,198
181.0,203.0,221.0,233.0,246.0,272.0,328.0,1027,237
179.0,202.0,221.0,233.0,245.0,271.0,328.0,1045,247
182.0,203.0,222.0,233.0,246.0,270.0,326.0,1045,289
181.0,204.0,222.0,234.0,246.0,272.0,329.0,1022,313
175.0,199.0,220.0,233.0,247.0,281.0,328.0,1048,338
178.0,201.0,221.0,234.0,246.0,277.0,334.0,1020,378
182.0,204.0,221.0,232.0,244.0,265.0,323.0,1020,409
180.0,204.0,224.0,236.0,247.0,272.0,330.0,1043,448
182.0,205.0,223.0,234.0,245.0,266.0,326.0,1037,458
173.0,193.0,215.0,229.0,245.0,286.0,333.0,1037,498
172.0,194.0,216.0,229.0,244.0,275.0,330.0,1038,533
178.0,201.0,221.0,233.0,245.0,271.0,325.0,1037,563
179.0,201.0,219.0,231.0,243.0,268.0,323.0,1026,576
175.0,198.0,222.0,236.0,252.0,290.0,328.0,1040,605
183.0,203.0,222.0,234.0,247.0,277.0,331.0,1049,658
180.0,203.0,223.0,236.0,248.0,275.0,326.0,1039,661
174.0,197.0,220.0,234.0,249.0,288.0,329.0,1037,717
173.0,197.0,220.0,234.0,249.0,289.0,326.0,1037,740
174.0,197.0,219.0,233.0,247.0,288.0,327.0,1030,765
181.0,201.0,222.0,234.0,247.0,284.0,332.0,1048,794
180.0,201.0,221.0,233.0,245.0,276.0,328.0,1024,835
178.0,200.0,222.0,235.0,249.0,288.0,331.0,1043,853
175.0,197.0,221.0,236.0,251.0,295.0,330.0,1020,885
182.0,202.0,222.0,234.0,247.0,282.0,337.0,1042,903
178.0,201.0,224.0,239.0,255.0,296.0,338.0,1039,938
181.0,201.0,220.0,233.0,247.0,284.0,334.0,1024,966
180.0,202.0,223.0,237.0,250.0,289.0,336.0,1027,992
179.0,200.0,220.0,232.0,244.0,275.0,332.0,1024,1021
181.0,202.0,220.0,231.0,243.0,267.0,332.0,1020,1050
175.0,197.0,217.0,230.0,244.0,273.0,326.0,1033,1081
183.0,206.0,227.0,239.0,251.0,283.0,332.0,1022,1135
179.0,207.0,231.0,244.0,259.0,299.0,334.0,1020,1156
177.0,210.0,236.0,251.0,279.0,311.0,344.0,1026,1173
177.0,212.0,237.0,254.0,281.0,312.0,346.0,1025,1213
171.0,200.0,234.0,262.0,291.0,320.0,352.0,1048,1243
175.0,206.0,232.0,247.0,268.0,308.0,343.0,1028,1280
178.0,208.0,239.0,279.0,296.0,321.0,353.0,1021,1293
175.0,207.0,231.0,247.0,266.0,308.0,344.0,1025,1327
170.0,203.0,233.0,251.0,283.0,314.0,344.0,1028,1375
174.0,232.0,272.0,286.0,299.0,323.0,352.0,1046,1400
173.0,213.0,262.0,280.0,297.0,323.0,349.0,1028,1417
168.0,200.0,271.0,285.0,298.0,324.0,356.0,1048,1451
174.0,229.0,275.0,288.0,300.0,322.0,353.0,1046,1478
170.0,203.0,231.0,249.0,278.0,313.0,344.0,1031,1527
169.0,202.0,263.0,282.0,297.0,321.0,351.0,1036,1551
175.0,221.0,270.0,285.0,298.0,322.0,354.0,1038,1563
176.0,208.0,237.0,277.0,299.0,328.0,360.0,1029,1615
175.0,209.0,262.0,285.0,302.0,330.0,357.0,1024,1630
173.0,208.0,269.0,289.0,306.0,335.0,360.0,1041,1656
177.0,206.0,231.0,247.0,270.0,315.0,350.0,1039,1681
169.0,199.0,225.0,240.0,257.0,306.0,343.0,1034,1728
168.0,198.0,225.0,241.0,261.0,314.0,348.0,1028,1742
178.0,200.0,220.0,233.0,245.0,274.0,333.0,1033,1793
174.0,193.0,213.0,225.0,237.0,262.0,322.0,1046,1804
177.0,196.0,216.0,228.0,240.0,263.0,327.0,1025,1835
171.0,192.0,215.0,228.0,242.0,272.0,325.0,1049,1866
171.0,193.0,218.0,231.0,245.0,274.0,327.0,1032,1891
171.0,193.0,215.0,227.0,240.0,266.0,330.0,1044,1926
166.0,186.0,212.0,229.0,245.0,284.0,338.0,1030,1970
166.0,189.0,214.0,226.0,240.0,266.0,327.0,1026,1980
155.0,180.0,207.0,224.0,241.0,288.0,337.0,1029,2034
160.0,184.0,210.0,223.0,237.0,272.0,337.0,1043,2043
154.0,185.0,210.0,228.0,246.0,286.0,324.0,1038,2088
174.0,194.0,215.0,227.0,240.0,267.0,332.0,1043,2120
177.0,198.0,217.0,228.0,240.0,262.0,324.0,1036,2159
168.0,191.0,213.0,227.0,241.0,269.0,334.0,1046,2182
170.0,190.0,212.0,226.0,241.0,267.0,333.0,1027,2214
159.0,183.0,209.0,227.0,245.0,290.0,343.0,1026,2234
164.0,187.0,213.0,228.0,243.0,274.0,323.0,1032,2275
163.0,187.0,213.0,227.0,242.0,275.0,322.0,1024,2286
125.0,184.0,213.0,229.0,246.0,280.0,326.0,1033,2334
165.0,189.0,213.0,227.0,242.0,273.0,321.0,1034,2359
168.0,187.0,211.0,227.0,243.0,281.0,327.0,1032,2378
169.0,186.0,209.0,224.0,239.0,268.0,324.0,1021,2405
172.0,192.0,215.0,229.0,244.0,282.0,328.0,1034,2444
171.0,191.0,214.0,228.0,243.0,290.0,342.0,1034,2484
174.0,194.0,215.0,228.0,243.0,280.0,341.0,1021,2493
169.0,193.0,217.0,230.0,245.0,282.0,339.0,1046,2548
167.0,190.0,215.0,229.0,245.0,288.0,339.0,1031,2563
171.0,198.0,221.0,234.0,249.0,287.0,334.0,1047,2600
180.0,204.0,222.0,234.0,246.0,277.0,342.0,1036,2623
174.0,200.0,221.0,233.0,247.0,279.0,336.0,1043,2662
174.0,203.0,222.0,234.0,247.0,277.0,334.0,1026,2692
170.0,201.0,222.0,234.0,247.0,281.0,334.0,1035,2708
187.0,208.0,225.0,237.0,248.0,274.0,327.0,1030,2754
161.0,199.0,221.0,234.0,247.0,276.0,333.0,1031,2780
173.0,202.0,222.0,235.0,247.0,280.0,334.0,1027,2791
166.0,202.0,225.0,239.0,252.0,281.0,331.0,1033,2845
181.0,202.0,220.0,232.0,244.0,269.0,323.0,1042,2856
179.0,199.0,220.0,232.0,245.0,273.0,328.0,1022,2884
176.0,201.0,223.0,235.0,248.0,279.0,334.0,1034,2931
172.0,198.0,220.0,233.0,246.0,282.0,336.0,1040,2957
164.0,196.0,220.0,233.0,247.0,296.0,337.0,1032,2989
158.0,186.0,214.0,229.0,245.0,299.0,339.0,1044,3017
137.0,185.0,213.0,227.0,241.0,278.0,331.0,1043,3039
117.0,182.0,214.0,229.0,244.0,275.0,322.0,1024,3077
162.0,189.0,215.0,229.0,245.0,291.0,337.0,1026,3109
168.0,194.0,218.0,231.0,246.0,297.0,344.0,1027,3146
160.0,192.0,218.0,232.0,247.0,300.0,341.0,1024,3156
166.0,190.0,216.0,230.0,247.0,295.0,340.0,1027,3180
164.0,192.0,216.0,230.0,245.0,290.0,336.0,1041,3218
157.0,193.0,217.0,231.0,246.0,300.0,343.0,1020,3245
137.0,189.0,218.0,232.0,248.0,292.0,331.0,1035,3273
165.0,200.0,221.0,234.0,249.0,296.0,338.0,1024,3326
171.0,200.0,220.0,232.0,247.0,295.0,338.0,1038,3333
181.0,205.0,223.0,235.0,247.0,272.0,319.0,1077,9
175.0,201.0,221.0,234.0,247.0,279.0,332.0,1056,58
179.0,203.0,222.0,234.0,246.0,275.0,328.0,1068,70
178.0,206.0,227.0,240.0,255.0,288.0,337.0,1072,111
176.0,201.0,224.0,238.0,256.0,297.0,338.0,1058,124
181.0,207.0,227.0,239.0,252.0,279.0,336.0,1056,168
178.0,201.0,219.0,230.0,242.0,268.0,317.0,1063,184
179.0,205.0,224.0,235.0,247.0,271.0,329.0,1056,213
181.0,204.0,223.0,235.0,246.0,273.0,328.0,1078,264
182.0,204.0,222.0,234.0,247.0,274.0,327.0,1069,291
181.0,204.0,222.0,234.0,246.0,271.0,324.0,1070,303
180.0,203.0,221.0,232.0,244.0,268.0,325.0,1062,330
179.0,201.0,221.0,234.0,247.0,278.0,330.0,1073,383
182.0,203.0,222.0,233.0,245.0,269.0,325.0,1067,403
182.0,204.0,223.0,235.0,247.0,273.0,330.0,1060,442
177.0,197.0,215.0,227.0,240.0,266.0,324.0,1063,464
175.0,200.0,223.0,236.0,251.0,285.0,326.0,1075,500
180.0,203.0,223.0,235.0,247.0,273.0,320.0,1066,527
183.0,204.0,222.0,233.0,246.0,272.0,331.0,1063,564
184.0,205.0,224.0,236.0,249.0,278.0,336.0,1077,577
181.0,204.0,224.0,237.0,249.0,278.0,333.0,1056,621
183.0,204.0,224.0,237.0,249.0,277.0,326.0,1058,654
183.0,205.0,225.0,237.0,249.0,276.0,331.0,1052,677
182.0,204.0,225.0,238.0,250.0,282.0,334.0,1076,715
184.0,205.0,225.0,237.0,250.0,281.0,335.0,1066,735
175.0,196.0,222.0,238.0,256.0,299.0,334.0,1077,779
177.0,199.0,220.0,233.0,246.0,281.0,331.0,1056,781
181.0,204.0,224.0,237.0,250.0,286.0,334.0,1073,815
179.0,202.0,223.0,236.0,249.0,284.0,331.0,1054,860
182.0,205.0,225.0,237.0,249.0,282.0,328.0,1053,878
178.0,201.0,224.0,238.0,254.0,295.0,336.0,1067,912
185.0,206.0,225.0,237.0,249.0,278.0,333.0,1052,947
181.0,203.0,225.0,239.0,252.0,290.0,336.0,1062,961
182.0,202.0,220.0,232.0,244.0,272.0,328.0,1053,1012
175.0,198.0,219.0,233.0,246.0,279.0,326.0,1072,1023
175.0,197.0,220.0,233.0,246.0,274.0,332.0,1076,1051
176.0,199.0,225.0,240.0,255.0,299.0,336.0,1072,1104
172.0,200.0,229.0,247.0,270.0,312.0,345.0,1060,1138
175.0,205.0,233.0,249.0,275.0,313.0,344.0,1050,1153
173.0,217.0,262.0,282.0,297.0,322.0,350.0,1074,1196
172.0,207.0,246.0,277.0,295.0,323.0,354.0,1050,1225
172.0,211.0,264.0,283.0,300.0,327.0,355.0,1054,1239
169.0,196.0,234.0,257.0,297.0,323.0,349.0,1076,1288
173.0,205.0,243.0,279.0,297.0,322.0,349.0,1050,1317
171.0,207.0,261.0,284.0,301.0,327.0,357.0,1059,1332
171.0,207.0,247.0,283.0,298.0,324.0,353.0,1070,1355
174.0,206.0,253.0,283.0,300.0,324.0,354.0,1075,1401
178.0,209.0,248.0,281.0,297.0,320.0,349.0,1057,1422
174.0,210.0,243.0,280.0,296.0,322.0,361.0,1064,1467
171.0,205.0,239.0,272.0,290.0,319.0,353.0,1057,1483
168.0,202.0,234.0,264.0,295.0,322.0,351.0,1077,1505
171.0,204.0,244.0,274.0,296.0,323.0,354.0,1052,1542
174.0,201.0,255.0,279.0,295.0,321.0,356.0,1076,1564
174.0,207.0,235.0,252.0,293.0,330.0,366.0,1073,1607
175.0,204.0,228.0,244.0,264.0,313.0,350.0,1066,1640
180.0,205.0,229.0,244.0,262.0,317.0,357.0,1051,1666
176.0,202.0,221.0,233.0,247.0,282.0,335.0,1064,1683
176.0,196.0,215.0,226.0,238.0,262.0,322.0,1079,1729
173.0,195.0,216.0,228.0,241.0,266.0,317.0,1051,1755
173.0,192.0,213.0,225.0,238.0,263.0,325.0,1058,1799
170.0,190.0,213.0,226.0,239.0,266.0,324.0,1052,1819
168.0,190.0,212.0,225.0,239.0,266.0,328.0,1062,1845
172.0,195.0,216.0,228.0,240.0,263.0,328.0,1079,1888
173.0,196.0,217.0,229.0,241.0,265.0,331.0,1072,1893
167.0,191.0,215.0,229.0,242.0,269.0,329.0,1073,1940
165.0,188.0,214.0,228.0,243.0,276.0,333.0,1059,1963
159.0,179.0,205.0,223.0,240.0,287.0,336.0,1070,2007
127.0,182.0,210.0,225.0,240.0,278.0,333.0,1063,2033
165.0,187.0,213.0,228.0,243.0,276.0,330.0,1064,2055
172.0,192.0,214.0,227.0,240.0,268.0,332.0,1079,2081
171.0,191.0,214.0,227.0,242.0,274.0,332.0,1055,2105
174.0,194.0,215.0,228.0,241.0,268.0,334.0,1061,2149
158.0,184.0,208.0,225.0,242.0,277.0,328.0,1071,2178
136.0,180.0,207.0,225.0,243.0,280.0,326.0,1059,2201
166.0,191.0,215.0,230.0,244.0,278.0,335.0,1073,2229
171.0,192.0,215.0,230.0,245.0,277.0,327.0,1065,2278
167.0,190.0,215.0,230.0,247.0,290.0,330.0,1054,2300
172.0,192.0,218.0,234.0,249.0,294.0,333.0,1060,2332
164.0,188.0,215.0,231.0,247.0,291.0,342.0,1072,2364
168.0,193.0,218.0,234.0,248.0,289.0,333.0,1057,2385
162.0,187.0,214.0,231.0,247.0,292.0,336.0,1056,2401
165.0,189.0,216.0,232.0,249.0,296.0,330.0,1050,2436
166.0,187.0,213.0,229.0,245.0,295.0,344.0,1060,2472
162.0,189.0,215.0,230.0,245.0,288.0,340.0,1064,2502
173.0,197.0,219.0,232.0,246.0,284.0,339.0,1076,2536
170.0,195.0,218.0,231.0,246.0,286.0,343.0,1077,2571
174.0,201.0,222.0,235.0,248.0,283.0,340.0,1060,2588
183.0,204.0,220.0,231.0,242.0,264.0,331.0,1075,2627
176.0,200.0,219.0,231.0,244.0,271.0,342.0,1078,2645
178.0,204.0,223.0,235.0,248.0,273.0,333.0,1054,2676
160.0,196.0,219.0,231.0,244.0,282.0,336.0,1058,2711
153.0,198.0,220.0,232.0,245.0,273.0,327.0,1065,2756
135.0,182.0,219.0,233.0,247.0,279.0,327.0,1072,2761
155.0,195.0,219.0,232.0,245.0,275.0,325.0,1065,2801
179.0,203.0,223.0,236.0,250.0,281.0,335.0,1074,2838
179.0,202.0,222.0,235.0,248.0,285.0,339.0,1063,2850
176.0,201.0,221.0,233.0,246.0,284.0,338.0,1053,2901
164.0,197.0,219.0,231.0,243.0,273.0,331.0,1057,2924
158.0,195.0,220.0,233.0,247.0,288.0,339.0,1060,2961
155.0,190.0,218.0,232.0,248.0,295.0,338.0,1073,2994
153.0,182.0,210.0,227.0,245.0,296.0,341.0,1063,3018
119.0,167.0,212.0,229.0,246.0,285.0,326.0,1062,3055
171.0,196.0,219.0,233.0,248.0,287.0,334.0,1076,3081
145.0,187.0,215.0,230.0,246.0,299.0,338.0,1079,3115
163.0,192.0,217.0,231.0,246.0,294.0,339.0,1053,3140
165.0,192.0,216.0,229.0,243.0,291.0,337.0,1051,3178
154.0,191.0,219.0,233.0,249.0,304.0,342.0,1072,3201
163.0,189.0,216.0,231.0,248.0,304.0,347.0,1053,3211
145.0,189.0,217.0,231.0,247.0,297.0,334.0,1067,3249
147.0,193.0,218.0,232.0,248.0,300.0,339.0,1057,3283
123.0,182.0,215.0,230.0,248.0,311.0,346.0,1064,3314
138.0,188.0,216.0,230.0,247.0,310.0,342.0,1075,3333
174.0,204.0,223.0,236.0,251.0,287.0,326.0,1103,12
181.0,206.0,224.0,236.0,249.0,281.0,326.0,1093,39
172.0,202.0,222.0,235.0,250.0,285.0,329.0,1104,60
172.0,201.0,224.0,237.0,253.0,288.0,328.0,1082,109
175.0,202.0,226.0,239.0,255.0,290.0,329.0,1105,148
173.0,201.0,222.0,235.0,249.0,283.0,327.0,1080,170
179.0,205.0,227.0,240.0,252.0,283.0,335.0,1104,197
179.0,202.0,223.0,235.0,248.0,275.0,326.0,1082,227
179.0,203.0,224.0,237.0,249.0,275.0,327.0,1102,251
179.0,204.0,223.0,234.0,247.0,274.0,325.0,1090,298
177.0,200.0,219.0,231.0,244.0,271.0,320.0,1080,309
171.0,195.0,220.0,234.0,248.0,285.0,328.0,1107,345
184.0,206.0,224.0,236.0,248.0,276.0,326.0,1088,364
175.0,196.0,216.0,228.0,242.0,269.0,321.0,1098,394
175.0,196.0,215.0,227.0,241.0,277.0,326.0,1091,427
182.0,205.0,223.0,235.0,246.0,272.0,327.0,1104,465
179.0,203.0,222.0,234.0,247.0,275.0,325.0,1107,480
179.0,201.0,218.0,229.0,240.0,264.0,320.0,1106,537
180.0,203.0,223.0,236.0,248.0,279.0,336.0,1080,569
184.0,208.0,228.0,240.0,252.0,280.0,329.0,1099,596
180.0,204.0,225.0,237.0,250.0,283.0,327.0,1107,613
181.0,204.0,224.0,236.0,248.0,277.0,329.0,1108,641
179.0,201.0,223.0,237.0,251.0,288.0,331.0,1084,679
183.0,205.0,224.0,236.0,248.0,274.0,328.0,1092,695
176.0,198.0,221.0,235.0,250.0,290.0,327.0,1089,740
175.0,199.0,225.0,239.0,256.0,297.0,331.0,1081,773
183.0,205.0,225.0,237.0,250.0,283.0,333.0,1093,789
183.0,203.0,223.0,236.0,249.0,288.0,338.0,1092,821
179.0,199.0,219.0,233.0,247.0,288.0,335.0,1083,862
177.0,197.0,216.0,230.0,243.0,275.0,334.0,1108,897
181.0,206.0,229.0,242.0,256.0,291.0,339.0,1091,910
179.0,202.0,224.0,237.0,250.0,284.0,331.0,1089,939
174.0,193.0,214.0,227.0,243.0,274.0,326.0,1094,974
173.0,195.0,217.0,230.0,244.0,277.0,323.0,1096,990
174.0,196.0,220.0,235.0,250.0,296.0,333.0,1089,1049
179.0,202.0,224.0,237.0,249.0,284.0,335.0,1103,1051
183.0,211.0,233.0,245.0,260.0,299.0,344.0,1082,1108
177.0,213.0,258.0,284.0,299.0,324.0,356.0,1097,1137
176.0,230.0,275.0,289.0,303.0,329.0,359.0,1094,1164
176.0,230.0,270.0,287.0,302.0,326.0,351.0,1092,1190
172.0,220.0,275.0,289.0,302.0,327.0,350.0,1107,1204
170.0,208.0,243.0,275.0,293.0,320.0,351.0,1105,1249
169.0,212.0,268.0,286.0,299.0,325.0,362.0,1109,1262
171.0,216.0,269.0,286.0,299.0,323.0,353.0,1103,1312
176.0,211.0,261.0,286.0,303.0,325.0,346.0,1082,1342
172.0,206.0,240.0,277.0,297.0,324.0,353.0,1082,1379
174.0,205.0,233.0,250.0,276.0,319.0,350.0,1084,1391
180.0,212.0,236.0,254.0,277.0,306.0,349.0,1091,1431
169.0,201.0,236.0,257.0,284.0,317.0,344.0,1105,1440
168.0,202.0,253.0,277.0,296.0,323.0,350.0,1098,1480
169.0,201.0,264.0,284.0,299.0,322.0,358.0,1095,1510
170.0,201.0,255.0,277.0,296.0,324.0,353.0,1098,1557
171.0,203.0,254.0,284.0,299.0,322.0,357.0,1095,1561
177.0,205.0,229.0,244.0,264.0,315.0,355.0,1082,1607
177.0,205.0,232.0,248.0,270.0,324.0,356.0,1081,1620
169.0,196.0,218.0,230.0,243.0,270.0,326.0,1089,1673
169.0,193.0,216.0,229.0,242.0,272.0,325.0,1089,1681
177.0,196.0,215.0,226.0,238.0,261.0,323.0,1103,1737
170.0,190.0,213.0,226.0,239.0,267.0,324.0,1104,1757
171.0,191.0,214.0,227.0,241.0,266.0,328.0,1103,1786
169.0,191.0,213.0,226.0,239.0,263.0,326.0,1093,1817
170.0,192.0,215.0,229.0,243.0,269.0,325.0,1099,1844
171.0,195.0,216.0,228.0,241.0,264.0,326.0,1083,1887
167.0,189.0,214.0,228.0,243.0,274.0,330.0,1085,1909
130.0,183.0,212.0,226.0,240.0,267.0,318.0,1105,1942
128.0,181.0,213.0,229.0,244.0,274.0,318.0,1107,1955
160.0,185.0,211.0,225.0,240.0,287.0,338.0,1084,2001
149.0,186.0,212.0,227.0,241.0,275.0,328.0,1096,2019
174.0,195.0,216.0,228.0,240.0,264.0,333.0,1087,2068
168.0,189.0,213.0,228.0,243.0,273.0,335.0,1090,2073
158.0,186.0,211.0,226.0,241.0,271.0,335.0,1082,2129
168.0,190.0,213.0,227.0,241.0,265.0,337.0,1089,2149
143.0,181.0,209.0,224.0,240.0,277.0,326.0,1093,2170
166.0,189.0,214.0,227.0,242.0,272.0,323.0,1091,2200
167.0,189.0,213.0,228.0,244.0,290.0,333.0,1093,2237
167.0,189.0,214.0,228.0,243.0,279.0,332.0,1080,2260
162.0,189.0,215.0,230.0,245.0,285.0,344.0,1098,2307
162.0,188.0,214.0,229.0,245.0,289.0,337.0,1104,2323
169.0,189.0,212.0,227.0,243.0,284.0,344.0,1082,2341
168.0,189.0,213.0,228.0,244.0,292.0,348.0,1099,2382
165.0,188.0,214.0,230.0,245.0,293.0,347.0,1087,2401
163.0,185.0,212.0,228.0,245.0,289.0,336.0,1102,2431
170.0,193.0,217.0,232.0,247.0,291.0,347.0,1082,2482
168.0,190.0,214.0,229.0,244.0,280.0,339.0,1088,2513
172.0,197.0,218.0,231.0,245.0,278.0,341.0,1085,2534
169.0,192.0,216.0,230.0,244.0,283.0,338.0,1089,2550
176.0,200.0,220.0,232.0,245.0,276.0,336.0,1096,2586
178.0,202.0,220.0,232.0,245.0,271.0,335.0,1085,2631
153.0,194.0,219.0,233.0,247.0,289.0,341.0,1097,2650
132.0,184.0,218.0,233.0,248.0,291.0,336.0,1098,2691
154.0,192.0,220.0,234.0,248.0,280.0,324.0,1109,2702
165.0,196.0,220.0,233.0,247.0,277.0,319.0,1092,2737
160.0,187.0,216.0,231.0,247.0,282.0,320.0,1082,2772
179.0,199.0,218.0,230.0,243.0,269.0,333.0,1090,2818
179.0,203.0,222.0,234.0,248.0,278.0,334.0,1082,2822
173.0,203.0,223.0,235.0,248.0,284.0,333.0,1084,2852
177.0,201.0,222.0,236.0,249.0,279.0,332.0,1106,2888
166.0,196.0,220.0,234.0,248.0,291.0,338.0,1080,2920
161.0,194.0,219.0,232.0,247.0,284.0,334.0,1091,2944
149.0,187.0,217.0,233.0,249.0,299.0,340.0,1088,2998
124.0,172.0,215.0,233.0,250.0,284.0,326.0,1085,3017
115.0,182.0,216.0,231.0,246.0,275.0,322.0,1100,3032
166.0,190.0,216.0,230.0,245.0,288.0,333.0,1108,3083
127.0,186.0,216.0,231.0,247.0,294.0,335.0,1102,3112
160.0,191.0,218.0,233.0,249.0,301.0,341.0,1096,3146
162.0,193.0,216.0,229.0,242.0,274.0,331.0,1105,3160
161.0,191.0,217.0,230.0,245.0,285.0,330.0,1082,3197
174.0,199.0,221.0,235.0,250.0,296.0,337.0,1095,3217
176.0,199.0,221.0,234.0,248.0,297.0,340.0,1102,3263
164.0,191.0,219.0,234.0,250.0,304.0,344.0,1095,3279
170.0,197.0,219.0,232.0,246.0,292.0,337.0,1100,3306
169.0,197.0,220.0,234.0,250.0,302.0,341.0,1109,3331
175.0,203.0,224.0,236.0,253.0,288.0,330.0,1119,14
176.0,204.0,225.0,239.0,255.0,290.0,333.0,1126,52
169.0,198.0,222.0,236.0,252.0,290.0,328.0,1119,79
168.0,193.0,220.0,234.0,253.0,295.0,334.0,1115,109
173.0,203.0,225.0,238.0,252.0,284.0,332.0,1119,142
181.0,203.0,222.0,234.0,247.0,276.0,333.0,1138,163
180.0,205.0,225.0,238.0,251.0,281.0,333.0,1113,188
181.0,204.0,222.0,234.0,246.0,271.0,328.0,1121,226
186.0,207.0,226.0,237.0,249.0,273.0,321.0,1130,258
184.0,206.0,225.0,237.0,249.0,274.0,325.0,1125,273
174.0,202.0,225.0,239.0,254.0,286.0,326.0,1134,312
174.0,201.0,223.0,237.0,250.0,286.0,326.0,1116,351
176.0,202.0,222.0,235.0,247.0,276.0,321.0,1133,381
175.0,200.0,221.0,234.0,247.0,278.0,324.0,1136,413
179.0,201.0,221.0,233.0,246.0,276.0,321.0,1126,437
179.0,203.0,223.0,235.0,248.0,279.0,330.0,1115,467
180.0,202.0,221.0,233.0,246.0,273.0,328.0,1134,484
180.0,202.0,220.0,231.0,243.0,268.0,322.0,1135,521
178.0,202.0,222.0,234.0,247.0,278.0,334.0,1112,552
187.0,206.0,224.0,235.0,247.0,273.0,326.0,1139,574
184.0,205.0,224.0,236.0,248.0,273.0,328.0,1119,624
181.0,200.0,219.0,231.0,243.0,272.0,327.0,1127,656
183.0,204.0,224.0,236.0,248.0,274.0,327.0,1116,672
178.0,200.0,222.0,236.0,250.0,286.0,327.0,1133,693
181.0,201.0,220.0,233.0,246.0,277.0,327.0,1133,742
182.0,203.0,224.0,237.0,250.0,282.0,330.0,1115,754
181.0,204.0,225.0,239.0,254.0,291.0,341.0,1110,807
182.0,203.0,223.0,237.0,250.0,290.0,336.0,1136,832
177.0,200.0,224.0,238.0,253.0,292.0,332.0,1116,864
183.0,205.0,225.0,238.0,250.0,284.0,337.0,1111,884
179.0,198.0,217.0,229.0,242.0,267.0,332.0,1115,909
174.0,196.0,218.0,231.0,244.0,274.0,327.0,1113,959
172.0,193.0,218.0,234.0,250.0,293.0,329.0,1119,977
174.0,196.0,221.0,235.0,252.0,294.0,335.0,1120,991
181.0,204.0,225.0,237.0,250.0,283.0,339.0,1134,1030
184.0,205.0,225.0,238.0,250.0,281.0,335.0,1122,1066
182.0,205.0,227.0,240.0,254.0,297.0,341.0,1116,1098
171.0,193.0,222.0,241.0,261.0,301.0,335.0,1139,1116
178.0,213.0,239.0,277.0,295.0,325.0,359.0,1110,1146
171.0,220.0,273.0,289.0,302.0,327.0,358.0,1123,1178
174.0,229.0,276.0,290.0,303.0,327.0,353.0,1110,1207
188.0,214.0,233.0,245.0,260.0,295.0,335.0,1137,1258
167.0,207.0,232.0,247.0,269.0,316.0,349.0,1138,1271
177.0,207.0,229.0,244.0,261.0,299.0,340.0,1137,1305
175.0,210.0,234.0,250.0,278.0,315.0,348.0,1120,1342
182.0,209.0,229.0,243.0,260.0,298.0,339.0,1123,1356
163.0,196.0,230.0,252.0,295.0,322.0,354.0,1136,1408
168.0,202.0,254.0,279.0,297.0,322.0,352.0,1128,1432
172.0,202.0,236.0,282.0,298.0,323.0,359.0,1131,1467
171.0,203.0,236.0,280.0,298.0,324.0,351.0,1136,1476
168.0,195.0,235.0,280.0,297.0,323.0,350.0,1128,1522
170.0,194.0,220.0,236.0,273.0,316.0,350.0,1122,1542
170.0,195.0,223.0,244.0,280.0,317.0,349.0,1114,1575
174.0,196.0,219.0,232.0,247.0,284.0,332.0,1125,1614
174.0,195.0,217.0,229.0,244.0,286.0,331.0,1122,1623
164.0,192.0,215.0,226.0,239.0,266.0,323.0,1139,1665
176.0,197.0,217.0,228.0,240.0,262.0,322.0,1122,1699
172.0,194.0,217.0,229.0,241.0,264.0,321.0,1122,1718
170.0,191.0,214.0,227.0,240.0,267.0,322.0,1129,1756
170.0,190.0,213.0,226.0,239.0,265.0,324.0,1126,1786
160.0,186.0,213.0,227.0,242.0,276.0,327.0,1130,1807
171.0,195.0,218.0,231.0,245.0,273.0,325.0,1114,1854
170.0,193.0,217.0,230.0,243.0,272.0,325.0,1115,1867
169.0,193.0,216.0,228.0,241.0,268.0,328.0,1115,1905
135.0,182.0,212.0,226.0,241.0,268.0,320.0,1111,1938
161.0,187.0,212.0,225.0,239.0,268.0,323.0,1135,1960
163.0,188.0,214.0,228.0,243.0,273.0,326.0,1124,1995
169.0,191.0,214.0,227.0,240.0,266.0,323.0,1117,2011
162.0,185.0,209.0,225.0,241.0,274.0,330.0,1128,2060
164.0,189.0,213.0,227.0,241.0,269.0,327.0,1134,2076
164.0,187.0,211.0,226.0,242.0,273.0,324.0,1130,2116
168.0,188.0,212.0,226.0,241.0,270.0,320.0,1130,2149
164.0,186.0,211.0,227.0,243.0,279.0,324.0,1112,2171
167.0,189.0,215.0,229.0,245.0,284.0,333.0,1115,2201
165.0,185.0,210.0,225.0,241.0,274.0,333.0,1121,2227
174.0,195.0,217.0,230.0,243.0,274.0,338.0,1116,2275
170.0,192.0,216.0,230.0,244.0,282.0,342.0,1134,2285
168.0,189.0,213.0,227.0,242.0,280.0,345.0,1133,2320
123.0,182.0,209.0,227.0,246.0,293.0,334.0,1114,2349
159.0,187.0,214.0,229.0,244.0,290.0,344.0,1128,2383
167.0,186.0,212.0,229.0,245.0,286.0,337.0,1136,2407
167.0,187.0,214.0,229.0,244.0,291.0,348.0,1126,2445
171.0,193.0,217.0,231.0,246.0,289.0,345.0,1110,2489
170.0,193.0,217.0,230.0,244.0,278.0,339.0,1121,2495
170.0,193.0,217.0,232.0,247.0,287.0,335.0,1120,2529
169.0,192.0,215.0,230.0,246.0,287.0,342.0,1110,2555
165.0,188.0,213.0,228.0,244.0,284.0,340.0,1133,2581
152.0,195.0,219.0,232.0,246.0,286.0,336.0,1120,2617
168.0,194.0,220.0,235.0,250.0,287.0,324.0,1127,2659
159.0,197.0,220.0,233.0,245.0,272.0,320.0,1115,2678
176.0,194.0,214.0,227.0,241.0,278.0,335.0,1135,2724
173.0,192.0,214.0,227.0,242.0,281.0,338.0,1120,2731
174.0,197.0,217.0,229.0,242.0,269.0,329.0,1120,2784
176.0,197.0,217.0,230.0,244.0,277.0,336.0,1128,2816
177.0,200.0,220.0,233.0,246.0,273.0,329.0,1130,2844
164.0,193.0,217.0,232.0,247.0,285.0,334.0,1112,2856
157.0,193.0,218.0,233.0,250.0,291.0,336.0,1129,2900
166.0,193.0,217.0,232.0,247.0,291.0,338.0,1111,2917
170.0,196.0,219.0,232.0,245.0,271.0,322.0,1121,2943
160.0,192.0,218.0,233.0,250.0,287.0,333.0,1136,2975
116.0,173.0,213.0,232.0,250.0,289.0,329.0,1139,3020
110.0,174.0,213.0,231.0,248.0,291.0,331.0,1127,3040
155.0,192.0,218.0,232.0,245.0,273.0,327.0,1135,3088
157.0,189.0,216.0,230.0,244.0,278.0,332.0,1128,3110
164.0,194.0,219.0,234.0,248.0,285.0,336.0,1126,3126
176.0,201.0,221.0,234.0,247.0,298.0,334.0,1132,3159
168.0,196.0,218.0,231.0,245.0,291.0,333.0,1132,3181
174.0,200.0,221.0,233.0,247.0,294.0,341.0,1112,3237
162.0,190.0,216.0,230.0,245.0,290.0,334.0,1133,3264
162.0,193.0,217.0,230.0,244.0,291.0,336.0,1130,3293
159.0,196.0,221.0,235.0,250.0,297.0,334.0,1139,3324
147.0,195.0,221.0,235.0,251.0,300.0,334.0,1125,3330
178.0,207.0,227.0,241.0,258.0,293.0,331.0,1160,6
178.0,206.0,226.0,239.0,256.0,294.0,333.0,1145,44
185.0,206.0,223.0,233.0,245.0,267.0,323.0,1160,70
169.0,196.0,221.0,233.0,246.0,272.0,322.0,1146,96
173.0,202.0,226.0,241.0,260.0,295.0,335.0,1146,120
183.0,206.0,225.0,237.0,249.0,276.0,326.0,1141,172
178.0,201.0,220.0,232.0,245.0,275.0,329.0,1143,202
183.0,204.0,222.0,234.0,246.0,269.0,325.0,1140,222
176.0,203.0,222.0,234.0,246.0,273.0,321.0,1160,241
174.0,204.0,225.0,237.0,249.0,273.0,319.0,1156,279
175.0,201.0,227.0,241.0,257.0,295.0,330.0,1148,328
178.0,204.0,224.0,237.0,249.0,279.0,322.0,1148,345
184.0,206.0,223.0,235.0,246.0,269.0,322.0,1155,382
180.0,201.0,219.0,231.0,243.0,265.0,326.0,1165,417
180.0,202.0,220.0,232.0,244.0,267.0,333.0,1152,441
180.0,202.0,222.0,235.0,248.0,278.0,326.0,1140,454
183.0,204.0,223.0,234.0,246.0,271.0,323.0,1167,484
179.0,200.0,219.0,231.0,244.0,272.0,320.0,1165,518
188.0,206.0,223.0,234.0,246.0,269.0,321.0,1152,556
185.0,205.0,223.0,235.0,246.0,272.0,325.0,1161,574
181.0,206.0,226.0,238.0,250.0,274.0,324.0,1158,604
179.0,199.0,217.0,228.0,241.0,272.0,325.0,1156,649
183.0,204.0,223.0,235.0,248.0,277.0,326.0,1155,679
185.0,205.0,223.0,235.0,247.0,274.0,327.0,1153,692
179.0,202.0,222.0,234.0,247.0,282.0,332.0,1160,735
182.0,202.0,221.0,233.0,247.0,282.0,332.0,1143,754
174.0,197.0,224.0,238.0,254.0,289.0,323.0,1158,781
185.0,206.0,224.0,236.0,249.0,278.0,329.0,1158,824
180.0,201.0,220.0,232.0,245.0,276.0,330.0,1157,849
176.0,197.0,217.0,229.0,243.0,271.0,329.0,1147,897
177.0,197.0,217.0,229.0,241.0,265.0,324.0,1155,915
177.0,198.0,221.0,235.0,249.0,286.0,331.0,1156,939
181.0,203.0,223.0,236.0,248.0,281.0,335.0,1148,974
182.0,203.0,224.0,237.0,251.0,288.0,335.0,1152,1003
175.0,198.0,219.0,231.0,244.0,273.0,329.0,1154,1041
177.0,198.0,219.0,231.0,243.0,271.0,327.0,1155,1050
175.0,195.0,221.0,237.0,255.0,298.0,330.0,1153,1096
171.0,207.0,243.0,274.0,294.0,322.0,351.0,1142,1136
174.0,211.0,252.0,279.0,296.0,325.0,359.0,1141,1141
168.0,195.0,238.0,257.0,286.0,314.0,350.0,1164,1186
175.0,205.0,231.0,245.0,263.0,298.0,336.0,1150,1226
176.0,205.0,228.0,241.0,255.0,295.0,332.0,1153,1235
168.0,198.0,227.0,242.0,265.0,308.0,337.0,1157,1279
178.0,205.0,225.0,238.0,252.0,291.0,331.0,1144,1303
172.0,203.0,229.0,244.0,262.0,304.0,341.0,1152,1346
172.0,203.0,231.0,249.0,284.0,318.0,347.0,1154,1358
165.0,196.0,244.0,280.0,297.0,324.0,355.0,1157,1381
173.0,209.0,260.0,286.0,302.0,326.0,351.0,1146,1430
175.0,211.0,263.0,286.0,301.0,325.0,354.0,1153,1443
170.0,196.0,219.0,232.0,254.0,319.0,349.0,1162,1486
177.0,200.0,219.0,230.0,243.0,268.0,324.0,1161,1527
178.0,198.0,218.0,229.0,242.0,271.0,328.0,1162,1550
176.0,199.0,217.0,228.0,241.0,266.0,323.0,1155,1585
174.0,196.0,217.0,229.0,243.0,272.0,332.0,1160,1597
169.0,192.0,215.0,227.0,240.0,269.0,324.0,1166,1645
166.0,189.0,214.0,226.0,240.0,275.0,330.0,1147,1655
170.0,193.0,217.0,229.0,243.0,270.0,326.0,1151,1690
171.0,193.0,216.0,230.0,245.0,272.0,325.0,1143,1737
167.0,190.0,214.0,228.0,242.0,270.0,324.0,1161,1746
170.0,189.0,212.0,225.0,239.0,267.0,313.0,1142,1785
170.0,192.0,216.0,229.0,243.0,268.0,323.0,1140,1825
166.0,187.0,212.0,227.0,242.0,273.0,327.0,1159,1840
168.0,191.0,214.0,227.0,241.0,270.0,329.0,1150,1863
141.0,185.0,214.0,228.0,242.0,271.0,321.0,1161,1900
151.0,183.0,212.0,227.0,243.0,277.0,326.0,1147,1942
161.0,187.0,214.0,228.0,243.0,279.0,333.0,1140,1970
144.0,195.0,216.0,227.0,240.0,267.0,325.0,1149,2009
110.0,165.0,192.0,204.0,219.0,260.0,303.0,1168,2018
136.0,187.0,212.0,225.0,240.0,267.0,319.0,1144,2048
167.0,192.0,214.0,227.0,241.0,267.0,326.0,1140,2073
165.0,189.0,215.0,231.0,247.0,289.0,335.0,1167,2129
170.0,191.0,215.0,230.0,246.0,282.0,324.0,1147,2139
167.0,188.0,214.0,229.0,244.0,286.0,334.0,1155,2170
167.0,191.0,215.0,229.0,244.0,282.0,342.0,1162,2204
166.0,191.0,215.0,228.0,242.0,273.0,340.0,1149,2227
170.0,190.0,214.0,228.0,242.0,273.0,336.0,1141,2255
168.0,191.0,215.0,229.0,243.0,276.0,342.0,1159,2283
170.0,192.0,216.0,230.0,244.0,283.0,338.0,1158,2319
164.0,185.0,212.0,229.0,246.0,298.0,349.0,1144,2366
165.0,186.0,211.0,227.0,243.0,290.0,346.0,1150,2372
153.0,182.0,209.0,227.0,243.0,287.0,337.0,1166,2407
164.0,189.0,215.0,230.0,245.0,288.0,346.0,1146,2437
163.0,189.0,215.0,229.0,243.0,273.0,332.0,1167,2489
167.0,191.0,217.0,232.0,247.0,283.0,343.0,1161,2498
164.0,185.0,211.0,228.0,245.0,284.0,328.0,1164,2547
162.0,183.0,208.0,226.0,244.0,283.0,330.0,1161,2572
164.0,188.0,215.0,229.0,243.0,280.0,329.0,1142,2596
173.0,199.0,221.0,234.0,248.0,280.0,328.0,1147,2635
174.0,192.0,213.0,226.0,241.0,275.0,330.0,1156,2655
173.0,190.0,211.0,225.0,239.0,275.0,333.0,1145,2674
173.0,193.0,215.0,229.0,244.0,282.0,338.0,1154,2715
176.0,196.0,217.0,230.0,244.0,285.0,340.0,1145,2731
177.0,199.0,221.0,234.0,249.0,281.0,332.0,1165,2779
169.0,194.0,218.0,232.0,247.0,282.0,339.0,1164,2799
170.0,199.0,222.0,235.0,250.0,289.0,337.0,1168,2836
168.0,196.0,219.0,233.0,248.0,286.0,336.0,1153,2859
176.0,199.0,220.0,232.0,246.0,280.0,325.0,1159,2892
171.0,193.0,216.0,229.0,242.0,275.0,330.0,1155,2929
173.0,195.0,216.0,228.0,242.0,275.0,334.0,1160,2944
130.0,182.0,215.0,231.0,247.0,279.0,319.0,1161,2986
116.0,187.0,215.0,229.0,243.0,275.0,325.0,1161,3022
166.0,194.0,218.0,232.0,246.0,292.0,332.0,1158,3053
165.0,193.0,217.0,230.0,244.0,285.0,332.0,1155,3065
159.0,192.0,217.0,230.0,244.0,284.0,332.0,1141,3099
167.0,195.0,218.0,232.0,246.0,293.0,334.0,1156,3120
177.0,201.0,222.0,234.0,247.0,293.0,339.0,1144,3169
168.0,195.0,218.0,231.0,246.0,290.0,340.0,1168,3185
174.0,198.0,218.0,230.0,243.0,274.0,330.0,1162,3228
170.0,198.0,219.0,232.0,244.0,276.0,331.0,1154,3254
169.0,196.0,218.0,230.0,244.0,286.0,336.0,1140,3289
163.0,193.0,217.0,230.0,244.0,282.0,334.0,1150,3300
162.0,192.0,216.0,229.0,243.0,285.0,330.0,1163,3330
179.0,205.0,225.0,237.0,253.0,288.0,333.0,1176,28
173.0,202.0,222.0,234.0,249.0,288.0,332.0,1179,52
179.0,205.0,222.0,233.0,246.0,274.0,328.0,1192,88
174.0,204.0,226.0,240.0,256.0,290.0,333.0,1173,100
173.0,202.0,224.0,236.0,249.0,283.0,335.0,1190,136
178.0,203.0,222.0,234.0,250.0,287.0,335.0,1199,170
178.0,203.0,221.0,233.0,245.0,268.0,316.0,1175,194
173.0,198.0,219.0,232.0,246.0,279.0,330.0,1198,227
177.0,203.0,223.0,234.0,246.0,272.0,319.0,1173,244
172.0,202.0,226.0,240.0,254.0,289.0,331.0,1187,299
175.0,201.0,225.0,239.0,253.0,292.0,329.0,1187,306
182.0,208.0,228.0,240.0,252.0,283.0,330.0,1178,358
180.0,205.0,225.0,237.0,248.0,278.0,330.0,1181,382
181.0,203.0,220.0,232.0,243.0,264.0,317.0,1174,401
180.0,203.0,220.0,231.0,242.0,263.0,325.0,1199,440
182.0,203.0,221.0,232.0,244.0,269.0,327.0,1178,477
183.0,204.0,221.0,232.0,244.0,269.0,327.0,1178,482
182.0,201.0,219.0,230.0,242.0,266.0,316.0,1198,535
185.0,204.0,221.0,232.0,244.0,265.0,316.0,1190,545
185.0,206.0,224.0,235.0,246.0,269.0,322.0,1177,586
187.0,207.0,224.0,235.0,246.0,268.0,322.0,1172,616
180.0,201.0,223.0,237.0,251.0,285.0,331.0,1177,657
180.0,203.0,223.0,236.0,249.0,280.0,325.0,1171,660
175.0,199.0,222.0,237.0,255.0,294.0,331.0,1190,701
173.0,199.0,223.0,237.0,252.0,288.0,334.0,1183,722
176.0,200.0,222.0,235.0,250.0,289.0,329.0,1177,771
177.0,197.0,221.0,235.0,249.0,290.0,327.0,1182,781
178.0,198.0,218.0,232.0,248.0,287.0,329.0,1195,812
174.0,196.0,217.0,230.0,243.0,276.0,328.0,1186,843
183.0,204.0,222.0,234.0,246.0,270.0,328.0,1187,884
181.0,201.0,219.0,231.0,242.0,266.0,329.0,1174,910
176.0,198.0,221.0,235.0,250.0,289.0,330.0,1190,938
177.0,199.0,221.0,235.0,249.0,289.0,337.0,1191,979
172.0,193.0,218.0,234.0,251.0,295.0,330.0,1178,997
179.0,201.0,222.0,235.0,249.0,287.0,335.0,1192,1032
174.0,197.0,223.0,239.0,255.0,299.0,338.0,1174,1058
179.0,199.0,221.0,235.0,250.0,295.0,340.0,1175,1085
182.0,208.0,233.0,247.0,264.0,312.0,348.0,1195,1119
186.0,209.0,230.0,244.0,259.0,303.0,346.0,1199,1141
179.0,207.0,229.0,242.0,257.0,300.0,340.0,1198,1170
170.0,201.0,228.0,244.0,262.0,313.0,345.0,1181,1204
172.0,205.0,267.0,287.0,300.0,324.0,350.0,1179,1256
176.0,210.0,241.0,288.0,302.0,328.0,357.0,1181,1281
175.0,205.0,239.0,283.0,298.0,325.0,357.0,1184,1290
175.0,200.0,227.0,245.0,283.0,318.0,352.0,1199,1340
171.0,204.0,258.0,280.0,297.0,325.0,354.0,1171,1363
174.0,204.0,229.0,243.0,259.0,317.0,349.0,1195,1383
178.0,202.0,222.0,234.0,246.0,274.0,330.0,1198,1434
175.0,200.0,223.0,238.0,288.0,321.0,349.0,1170,1444
174.0,195.0,224.0,269.0,289.0,318.0,353.0,1184,1473
175.0,196.0,214.0,225.0,237.0,260.0,317.0,1198,1505
174.0,196.0,216.0,227.0,240.0,264.0,314.0,1190,1531
177.0,196.0,215.0,225.0,237.0,262.0,322.0,1193,1573
175.0,197.0,216.0,227.0,239.0,262.0,320.0,1192,1619
172.0,196.0,216.0,227.0,239.0,264.0,324.0,1181,1621
168.0,191.0,218.0,233.0,249.0,277.0,324.0,1184,1662
169.0,191.0,215.0,228.0,241.0,267.0,320.0,1188,1709
159.0,187.0,214.0,227.0,242.0,272.0,324.0,1171,1711
173.0,194.0,216.0,228.0,241.0,265.0,318.0,1176,1763
173.0,195.0,217.0,229.0,242.0,266.0,319.0,1171,1777
168.0,190.0,215.0,229.0,243.0,270.0,322.0,1180,1809
170.0,193.0,217.0,230.0,243.0,270.0,323.0,1174,1858
171.0,195.0,217.0,228.0,240.0,265.0,323.0,1187,1866
116.0,179.0,214.0,228.0,242.0,274.0,328.0,1191,1891
158.0,186.0,214.0,228.0,243.0,278.0,331.0,1182,1934
137.0,188.0,216.0,228.0,242.0,274.0,327.0,1188,1963
163.0,185.0,213.0,227.0,242.0,277.0,331.0,1199,2006
168.0,189.0,214.0,227.0,240.0,268.0,319.0,1176,2033
170.0,192.0,215.0,229.0,245.0,283.0,329.0,1187,2067
172.0,192.0,215.0,229.0,244.0,281.0,329.0,1181,2093
165.0,186.0,211.0,227.0,244.0,289.0,336.0,1175,2115
165.0,189.0,216.0,230.0,245.0,287.0,339.0,1186,2141
171.0,192.0,215.0,229.0,243.0,273.0,336.0,1182,2187
164.0,186.0,212.0,228.0,243.0,284.0,342.0,1190,2204
158.0,188.0,214.0,228.0,243.0,280.0,340.0,1185,2224
170.0,192.0,216.0,230.0,245.0,286.0,340.0,1171,2261
161.0,186.0,213.0,228.0,244.0,283.0,339.0,1178,2282
168.0,188.0,214.0,230.0,245.0,283.0,345.0,1183,2339
167.0,189.0,215.0,230.0,245.0,290.0,345.0,1190,2365
158.0,185.0,213.0,227.0,242.0,282.0,334.0,1192,2387
160.0,186.0,213.0,228.0,243.0,280.0,341.0,1170,2424
158.0,181.0,210.0,227.0,243.0,283.0,329.0,1197,2444
146.0,182.0,211.0,229.0,246.0,284.0,329.0,1179,2464
124.0,173.0,208.0,229.0,247.0,287.0,329.0,1178,2503
163.0,185.0,213.0,228.0,243.0,277.0,321.0,1175,2535
159.0,183.0,209.0,227.0,244.0,288.0,335.0,1170,2575
163.0,184.0,211.0,226.0,243.0,298.0,343.0,1187,2607
175.0,194.0,215.0,228.0,242.0,281.0,336.0,1172,2635
174.0,191.0,212.0,226.0,241.0,283.0,332.0,1171,2658
171.0,191.0,215.0,229.0,244.0,286.0,333.0,1188,2676
175.0,197.0,219.0,232.0,247.0,283.0,339.0,1177,2701
166.0,188.0,215.0,231.0,248.0,284.0,331.0,1192,2735
171.0,193.0,216.0,229.0,243.0,282.0,338.0,1180,2760
169.0,197.0,220.0,234.0,249.0,285.0,334.0,1184,2803
172.0,198.0,221.0,235.0,249.0,282.0,335.0,1173,2824
167.0,195.0,222.0,238.0,254.0,284.0,329.0,1189,2852
173.0,194.0,215.0,229.0,243.0,273.0,331.0,1197,2907
168.0,194.0,217.0,229.0,243.0,270.0,327.0,1177,2930
169.0,197.0,218.0,230.0,243.0,265.0,323.0,1184,2946
160.0,187.0,214.0,228.0,242.0,268.0,320.0,1183,2976
120.0,181.0,218.0,234.0,248.0,279.0,331.0,1197,3019
112.0,166.0,216.0,233.0,249.0,294.0,334.0,1175,3040
162.0,193.0,218.0,231.0,246.0,282.0,333.0,1179,3082
153.0,193.0,218.0,231.0,245.0,284.0,332.0,1193,3115
173.0,195.0,217.0,231.0,244.0,282.0,334.0,1194,3145
170.0,196.0,218.0,231.0,245.0,286.0,336.0,1173,3178
172.0,196.0,217.0,229.0,243.0,273.0,332.0,1188,3185
175.0,197.0,219.0,231.0,245.0,281.0,337.0,1183,3239
172.0,199.0,219.0,231.0,244.0,281.0,336.0,1170,3261
159.0,194.0,218.0,230.0,244.0,280.0,330.0,1186,3273
167.0,195.0,218.0,230.0,244.0,287.0,330.0,1170,3328
168.0,195.0,219.0,232.0,247.0,291.0,339.0,1192,3331
180.0,206.0,223.0,234.0,248.0,277.0,332.0,1216,11
175.0,203.0,223.0,236.0,249.0,281.0,331.0,1216,59
177.0,205.0,224.0,236.0,250.0,284.0,333.0,1203,87
181.0,207.0,226.0,238.0,251.0,279.0,328.0,1228,98
177.0,205.0,223.0,235.0,248.0,280.0,334.0,1213,131
177.0,202.0,222.0,234.0,247.0,280.0,333.0,1204,167
179.0,205.0,223.0,235.0,248.0,279.0,327.0,1213,184
182.0,205.0,222.0,233.0,245.0,269.0,314.0,1210,220
175.0,203.0,225.0,238.0,252.0,286.0,330.0,1221,267
172.0,202.0,225.0,239.0,252.0,284.0,329.0,1210,290
177.0,202.0,222.0,235.0,247.0,275.0,324.0,1228,328
178.0,205.0,227.0,240.0,252.0,279.0,324.0,1210,342
178.0,203.0,225.0,239.0,253.0,287.0,337.0,1228,360
181.0,205.0,222.0,234.0,245.0,268.0,314.0,1222,401
183.0,204.0,221.0,231.0,243.0,268.0,326.0,1210,449
178.0,200.0,221.0,234.0,248.0,280.0,325.0,1224,463
179.0,202.0,220.0,232.0,244.0,269.0,322.0,1221,496
181.0,200.0,217.0,228.0,240.0,268.0,319.0,1220,527
179.0,201.0,219.0,230.0,242.0,265.0,321.0,1227,549
181.0,201.0,219.0,230.0,243.0,270.0,323.0,1227,594
182.0,202.0,219.0,231.0,243.0,270.0,320.0,1203,615
177.0,198.0,218.0,232.0,248.0,287.0,327.0,1201,635
178.0,199.0,218.0,230.0,244.0,277.0,323.0,1215,676
178.0,198.0,217.0,229.0,242.0,273.0,322.0,1219,690
171.0,190.0,213.0,229.0,246.0,286.0,326.0,1201,737
172.0,192.0,215.0,230.0,246.0,285.0,330.0,1205,763
178.0,199.0,218.0,230.0,243.0,275.0,327.0,1208,793
178.0,199.0,221.0,234.0,247.0,283.0,327.0,1225,825
177.0,200.0,221.0,234.0,247.0,280.0,325.0,1225,861
173.0,193.0,216.0,231.0,246.0,279.0,328.0,1207,885
177.0,199.0,220.0,233.0,247.0,287.0,327.0,1224,919
178.0,200.0,221.0,235.0,248.0,287.0,332.0,1212,940
175.0,197.0,219.0,232.0,246.0,287.0,332.0,1211,987
176.0,197.0,217.0,229.0,242.0,270.0,331.0,1215,1009
183.0,203.0,221.0,233.0,245.0,273.0,335.0,1229,1036
179.0,202.0,223.0,236.0,249.0,283.0,335.0,1201,1062
181.0,206.0,227.0,239.0,251.0,282.0,336.0,1207,1107
184.0,209.0,231.0,243.0,256.0,300.0,340.0,1216,1115
185.0,208.0,228.0,241.0,255.0,300.0,342.0,1203,1141
171.0,203.0,229.0,244.0,262.0,309.0,341.0,1218,1173
169.0,199.0,227.0,241.0,258.0,303.0,338.0,1214,1203
174.0,206.0,232.0,248.0,271.0,307.0,343.0,1205,1232
167.0,194.0,226.0,242.0,261.0,305.0,338.0,1204,1283
165.0,195.0,226.0,243.0,275.0,314.0,347.0,1211,1298
165.0,202.0,232.0,247.0,273.0,316.0,350.0,1229,1327
179.0,201.0,220.0,233.0,246.0,279.0,338.0,1229,1377
181.0,207.0,228.0,241.0,254.0,299.0,343.0,1217,1399
174.0,199.0,219.0,230.0,243.0,266.0,322.0,1226,1434
174.0,196.0,216.0,227.0,240.0,265.0,325.0,1219,1467
175.0,196.0,215.0,225.0,237.0,260.0,311.0,1213,1496
174.0,197.0,216.0,227.0,239.0,263.0,320.0,1212,1522
170.0,198.0,218.0,229.0,242.0,267.0,321.0,1217,1554
169.0,194.0,216.0,228.0,242.0,268.0,323.0,1218,1564
178.0,199.0,217.0,228.0,239.0,261.0,317.0,1210,1597
168.0,191.0,215.0,228.0,242.0,271.0,326.0,1225,1636
165.0,192.0,215.0,227.0,241.0,269.0,323.0,1209,1650
168.0,192.0,215.0,228.0,242.0,270.0,325.0,1223,1702
172.0,196.0,217.0,229.0,242.0,266.0,322.0,1225,1714
168.0,191.0,217.0,232.0,246.0,278.0,330.0,1223,1762
168.0,189.0,214.0,228.0,243.0,275.0,328.0,1226,1790
168.0,191.0,216.0,230.0,245.0,273.0,327.0,1218,1822
169.0,192.0,215.0,227.0,240.0,266.0,327.0,1211,1850
157.0,185.0,214.0,229.0,245.0,280.0,330.0,1222,1866
157.0,194.0,218.0,230.0,243.0,270.0,322.0,1221,1898
162.0,187.0,216.0,231.0,248.0,289.0,337.0,1212,1933
168.0,188.0,215.0,229.0,245.0,282.0,331.0,1217,1965
173.0,198.0,218.0,229.0,242.0,268.0,325.0,1219,2009
173.0,194.0,215.0,228.0,241.0,269.0,332.0,1227,2028
177.0,197.0,217.0,229.0,242.0,268.0,332.0,1229,2066
176.0,195.0,216.0,229.0,242.0,270.0,333.0,1221,2074
173.0,194.0,215.0,228.0,241.0,266.0,340.0,1228,2102
173.0,194.0,216.0,229.0,242.0,273.0,337.0,1223,2133
167.0,190.0,213.0,226.0,241.0,272.0,334.0,1208,2176
162.0,187.0,214.0,229.0,244.0,275.0,336.0,1203,2193
164.0,181.0,205.0,225.0,243.0,284.0,334.0,1218,2231
167.0,190.0,215.0,228.0,243.0,275.0,332.0,1223,2256
170.0,190.0,214.0,227.0,242.0,283.0,339.0,1205,2293
169.0,191.0,214.0,227.0,241.0,276.0,334.0,1208,2317
167.0,187.0,213.0,229.0,244.0,278.0,340.0,1201,2343
163.0,185.0,212.0,226.0,241.0,281.0,327.0,1210,2391
161.0,186.0,212.0,227.0,243.0,284.0,334.0,1202,2425
164.0,188.0,216.0,232.0,247.0,281.0,323.0,1224,2459
159.0,183.0,211.0,227.0,244.0,282.0,324.0,1205,2476
164.0,187.0,213.0,229.0,246.0,280.0,321.0,1219,2494
104.0,177.0,209.0,226.0,244.0,286.0,335.0,1221,2520
178.0,198.0,217.0,229.0,241.0,266.0,320.0,1223,2555
176.0,197.0,219.0,232.0,247.0,283.0,335.0,1227,2595
170.0,197.0,220.0,232.0,246.0,285.0,335.0,1213,2625
168.0,189.0,215.0,229.0,245.0,295.0,342.0,1220,2665
163.0,190.0,217.0,230.0,244.0,286.0,337.0,1201,2682
169.0,195.0,219.0,232.0,247.0,284.0,330.0,1228,2721
163.0,189.0,215.0,230.0,245.0,288.0,338.0,1203,2738
168.0,194.0,218.0,231.0,245.0,277.0,332.0,1215,2775
175.0,199.0,220.0,234.0,248.0,282.0,335.0,1205,2797
173.0,196.0,219.0,232.0,247.0,281.0,328.0,1215,2820
168.0,194.0,219.0,232.0,245.0,274.0,325.0,1212,2855
171.0,191.0,218.0,235.0,250.0,277.0,318.0,1219,2886
173.0,193.0,216.0,230.0,244.0,277.0,327.0,1208,2919
166.0,193.0,215.0,227.0,239.0,263.0,324.0,1218,2940
165.0,189.0,216.0,229.0,242.0,265.0,321.0,1210,2984
118.0,179.0,215.0,230.0,246.0,282.0,330.0,1207,3017
116.0,175.0,217.0,234.0,250.0,281.0,317.0,1204,3032
174.0,198.0,217.0,229.0,241.0,263.0,316.0,1204,3082
138.0,190.0,217.0,231.0,246.0,287.0,329.0,1202,3117
113.0,181.0,215.0,229.0,243.0,270.0,312.0,1222,3135
169.0,193.0,217.0,230.0,245.0,279.0,331.0,1214,3176
168.0,194.0,218.0,231.0,245.0,277.0,332.0,1204,3194
168.0,194.0,217.0,230.0,245.0,282.0,335.0,1202,3236
169.0,199.0,221.0,234.0,247.0,272.0,318.0,1224,3247
163.0,198.0,220.0,233.0,248.0,292.0,337.0,1209,3277
171.0,197.0,219.0,233.0,247.0,291.0,334.0,1206,3300
170.0,195.0,217.0,230.0,245.0,293.0,341.0,1212,3332
180.0,206.0,224.0,235.0,247.0,273.0,320.0,1247,25
178.0,205.0,223.0,234.0,248.0,276.0,326.0,1248,32
176.0,206.0,226.0,238.0,253.0,284.0,334.0,1234,71
176.0,203.0,226.0,239.0,254.0,293.0,336.0,1244,114
170.0,200.0,224.0,238.0,252.0,289.0,328.0,1256,139
179.0,203.0,221.0,233.0,247.0,279.0,334.0,1236,151
177.0,205.0,223.0,234.0,246.0,269.0,317.0,1231,180
178.0,203.0,222.0,233.0,246.0,273.0,319.0,1239,219
174.0,203.0,225.0,239.0,252.0,285.0,327.0,1246,246
178.0,204.0,223.0,235.0,249.0,282.0,333.0,1254,270
177.0,202.0,222.0,234.0,247.0,275.0,332.0,1251,315
178.0,204.0,224.0,237.0,251.0,282.0,331.0,1241,338
178.0,200.0,217.0,228.0,240.0,265.0,318.0,1258,388
180.0,204.0,221.0,233.0,245.0,271.0,321.0,1233,400
181.0,202.0,221.0,234.0,247.0,273.0,321.0,1252,422
179.0,201.0,220.0,232.0,245.0,272.0,324.0,1236,458
179.0,203.0,222.0,235.0,247.0,277.0,329.0,1242,492
179.0,201.0,221.0,233.0,246.0,276.0,324.0,1237,518
179.0,201.0,220.0,231.0,243.0,270.0,325.0,1244,553
174.0,200.0,221.0,233.0,246.0,274.0,323.0,1254,570
173.0,198.0,221.0,235.0,251.0,289.0,330.0,1257,617
174.0,200.0,223.0,235.0,250.0,293.0,337.0,1251,652
175.0,201.0,224.0,239.0,255.0,294.0,334.0,1252,676
177.0,200.0,219.0,232.0,245.0,278.0,328.0,1235,698
179.0,200.0,220.0,232.0,245.0,277.0,327.0,1231,721
172.0,196.0,223.0,238.0,254.0,292.0,331.0,1238,756
175.0,199.0,221.0,236.0,252.0,291.0,333.0,1252,787
178.0,200.0,221.0,233.0,246.0,278.0,328.0,1236,832
178.0,201.0,223.0,237.0,252.0,289.0,332.0,1251,866
178.0,200.0,223.0,237.0,252.0,299.0,341.0,1257,894
177.0,199.0,218.0,230.0,243.0,269.0,322.0,1232,915
181.0,204.0,226.0,238.0,251.0,291.0,335.0,1257,941
179.0,200.0,221.0,235.0,249.0,289.0,332.0,1256,978
180.0,202.0,223.0,236.0,248.0,282.0,336.0,1238,1016
182.0,203.0,222.0,234.0,246.0,275.0,332.0,1234,1023
184.0,205.0,224.0,235.0,245.0,267.0,329.0,1235,1064
175.0,194.0,216.0,230.0,246.0,281.0,330.0,1248,1092
174.0,198.0,219.0,231.0,244.0,272.0,328.0,1238,1136
175.0,197.0,218.0,230.0,242.0,269.0,327.0,1249,1147
174.0,196.0,218.0,231.0,245.0,277.0,326.0,1249,1177
176.0,199.0,222.0,235.0,248.0,284.0,330.0,1239,1212
172.0,196.0,218.0,231.0,245.0,281.0,332.0,1240,1243
179.0,201.0,222.0,234.0,247.0,273.0,328.0,1250,1281
180.0,202.0,223.0,236.0,249.0,276.0,328.0,1247,1311
179.0,202.0,221.0,233.0,244.0,266.0,325.0,1254,1332
175.0,197.0,217.0,229.0,242.0,264.0,327.0,1259,1359
173.0,193.0,212.0,224.0,236.0,259.0,315.0,1256,1384
176.0,197.0,215.0,226.0,238.0,260.0,314.0,1247,1416
170.0,192.0,217.0,232.0,246.0,278.0,330.0,1246,1453
171.0,193.0,215.0,227.0,242.0,272.0,327.0,1259,1494
165.0,192.0,216.0,230.0,245.0,277.0,330.0,1240,1502
159.0,192.0,217.0,229.0,244.0,274.0,327.0,1244,1557
165.0,192.0,216.0,228.0,242.0,273.0,326.0,1249,1574
165.0,191.0,216.0,229.0,244.0,275.0,324.0,1248,1611
166.0,189.0,216.0,230.0,246.0,280.0,329.0,1236,1632
170.0,193.0,217.0,231.0,245.0,273.0,325.0,1239,1679
170.0,193.0,217.0,230.0,245.0,274.0,326.0,1239,1687
168.0,191.0,217.0,231.0,246.0,279.0,331.0,1250,1729
170.0,192.0,215.0,229.0,243.0,273.0,328.0,1233,1740
168.0,192.0,217.0,230.0,244.0,276.0,330.0,1256,1772
169.0,193.0,217.0,230.0,245.0,273.0,326.0,1238,1810
165.0,191.0,217.0,229.0,243.0,274.0,325.0,1255,1834
161.0,186.0,213.0,226.0,240.0,268.0,323.0,1250,1881
128.0,181.0,213.0,227.0,242.0,271.0,332.0,1234,1906
160.0,181.0,208.0,226.0,244.0,286.0,333.0,1238,1938
160.0,186.0,215.0,229.0,244.0,277.0,332.0,1254,1961
168.0,190.0,214.0,228.0,243.0,274.0,331.0,1239,1980
175.0,196.0,217.0,228.0,241.0,267.0,329.0,1240,2017
177.0,197.0,216.0,228.0,240.0,263.0,329.0,1239,2067
175.0,195.0,216.0,229.0,243.0,271.0,335.0,1233,2073
170.0,190.0,213.0,227.0,242.0,280.0,341.0,1239,2122
165.0,186.0,211.0,228.0,245.0,284.0,337.0,1248,2159
160.0,181.0,206.0,224.0,243.0,286.0,338.0,1257,2177
165.0,181.0,204.0,222.0,240.0,284.0,334.0,1254,2214
167.0,185.0,210.0,224.0,240.0,274.0,330.0,1250,2221
160.0,187.0,213.0,227.0,242.0,279.0,329.0,1258,2272
164.0,182.0,210.0,226.0,243.0,281.0,329.0,1237,2291
158.0,185.0,213.0,230.0,246.0,283.0,325.0,1235,2338
159.0,184.0,213.0,229.0,244.0,277.0,323.0,1234,2341
163.0,186.0,211.0,227.0,243.0,281.0,325.0,1242,2384
156.0,186.0,214.0,228.0,241.0,281.0,332.0,1252,2424
172.0,198.0,218.0,230.0,242.0,267.0,330.0,1256,2436
178.0,197.0,216.0,228.0,240.0,265.0,319.0,1258,2483
163.0,189.0,216.0,229.0,244.0,282.0,330.0,1230,2510
174.0,196.0,217.0,228.0,240.0,263.0,320.0,1235,2523
179.0,200.0,220.0,232.0,245.0,281.0,334.0,1251,2571
178.0,201.0,222.0,233.0,246.0,274.0,331.0,1247,2586
169.0,196.0,220.0,233.0,247.0,280.0,333.0,1251,2636
171.0,193.0,217.0,231.0,246.0,285.0,336.0,1242,2660
167.0,187.0,213.0,227.0,243.0,275.0,327.0,1251,2691
166.0,195.0,221.0,235.0,250.0,292.0,336.0,1252,2720
161.0,185.0,214.0,229.0,245.0,281.0,330.0,1257,2756
167.0,190.0,216.0,231.0,246.0,282.0,335.0,1251,2764
164.0,194.0,217.0,230.0,244.0,275.0,335.0,1240,2810
164.0,190.0,217.0,231.0,246.0,277.0,327.0,1258,2843
170.0,194.0,217.0,230.0,244.0,270.0,317.0,1237,2864
170.0,187.0,213.0,232.0,249.0,280.0,318.0,1250,2884
167.0,188.0,214.0,229.0,244.0,282.0,330.0,1253,2932
110.0,177.0,215.0,230.0,245.0,270.0,326.0,1247,2961
111.0,153.0,211.0,228.0,244.0,276.0,329.0,1247,2972
153.0,192.0,218.0,232.0,246.0,279.0,330.0,1242,3015
161.0,187.0,215.0,230.0,246.0,285.0,331.0,1234,3040
167.0,193.0,218.0,230.0,243.0,267.0,320.0,1233,3069
167.0,194.0,218.0,230.0,242.0,265.0,318.0,1242,3091
159.0,188.0,217.0,230.0,243.0,276.0,327.0,1238,3129
172.0,194.0,217.0,231.0,246.0,293.0,337.0,1239,3172
154.0,189.0,215.0,230.0,245.0,280.0,322.0,1249,3199
174.0,199.0,222.0,235.0,249.0,279.0,323.0,1232,3239
171.0,199.0,223.0,238.0,252.0,288.0,325.0,1237,3245
172.0,197.0,221.0,234.0,249.0,299.0,337.0,1242,3271
174.0,196.0,219.0,233.0,247.0,292.0,341.0,1239,3326
173.0,197.0,218.0,231.0,245.0,288.0,342.0,1231,3331
174.0,205.0,226.0,239.0,253.0,286.0,329.0,1284,4
178.0,205.0,223.0,235.0,248.0,278.0,326.0,1282,33
178.0,204.0,222.0,233.0,245.0,273.0,326.0,1281,63
181.0,206.0,226.0,238.0,252.0,284.0,334.0,1284,106
178.0,205.0,225.0,238.0,252.0,287.0,335.0,1289,121
172.0,200.0,222.0,235.0,248.0,277.0,327.0,1260,161
178.0,204.0,223.0,234.0,246.0,271.0,322.0,1264,181
175.0,205.0,228.0,243.0,261.0,295.0,333.0,1263,227
178.0,202.0,221.0,233.0,248.0,281.0,333.0,1279,256
182.0,206.0,224.0,236.0,248.0,274.0,326.0,1263,282
177.0,202.0,221.0,233.0,248.0,284.0,334.0,1266,301
179.0,202.0,219.0,230.0,243.0,273.0,326.0,1285,356
181.0,202.0,219.0,230.0,242.0,267.0,319.0,1277,370
177.0,201.0,220.0,231.0,245.0,272.0,323.0,1274,414
177.0,201.0,222.0,235.0,248.0,277.0,321.0,1275,423
177.0,201.0,222.0,234.0,247.0,279.0,327.0,1286,452
175.0,199.0,221.0,235.0,250.0,289.0,329.0,1286,488
176.0,200.0,222.0,236.0,252.0,290.0,330.0,1276,535
174.0,198.0,220.0,234.0,248.0,283.0,325.0,1260,564
178.0,201.0,220.0,232.0,244.0,275.0,325.0,1267,578
174.0,196.0,220.0,236.0,253.0,289.0,333.0,1276,620
174.0,198.0,224.0,240.0,257.0,295.0,336.0,1264,635
174.0,199.0,223.0,237.0,253.0,293.0,339.0,1268,684
171.0,196.0,221.0,235.0,251.0,288.0,332.0,1272,708
176.0,199.0,219.0,232.0,246.0,280.0,334.0,1279,739
172.0,194.0,217.0,231.0,245.0,287.0,340.0,1288,764
177.0,200.0,223.0,237.0,254.0,300.0,345.0,1282,802
173.0,197.0,222.0,237.0,254.0,302.0,342.0,1277,829
177.0,202.0,225.0,239.0,255.0,303.0,343.0,1261,855
178.0,202.0,223.0,236.0,249.0,287.0,337.0,1271,877
178.0,203.0,226.0,241.0,257.0,310.0,351.0,1276,915
175.0,198.0,224.0,239.0,255.0,304.0,345.0,1288,944
179.0,202.0,223.0,236.0,251.0,296.0,343.0,1286,985
179.0,203.0,224.0,237.0,250.0,289.0,332.0,1266,999
174.0,192.0,213.0,228.0,243.0,273.0,324.0,1282,1035
176.0,198.0,219.0,232.0,244.0,270.0,328.0,1289,1050
177.0,199.0,220.0,232.0,244.0,269.0,325.0,1276,1098
176.0,195.0,215.0,228.0,241.0,266.0,325.0,1273,1124
173.0,194.0,216.0,229.0,243.0,272.0,325.0,1276,1162
180.0,203.0,222.0,234.0,245.0,268.0,330.0,1274,1181
181.0,203.0,222.0,233.0,245.0,266.0,328.0,1280,1225
181.0,202.0,221.0,233.0,245.0,268.0,331.0,1273,1257
179.0,199.0,219.0,231.0,244.0,269.0,331.0,1262,1261
177.0,197.0,215.0,227.0,239.0,263.0,319.0,1285,1303
177.0,198.0,218.0,231.0,244.0,269.0,328.0,1265,1324
176.0,195.0,214.0,226.0,239.0,262.0,328.0,1283,1364
172.0,193.0,214.0,228.0,242.0,269.0,326.0,1264,1407
131.0,181.0,214.0,229.0,244.0,278.0,327.0,1279,1434
170.0,193.0,218.0,233.0,248.0,280.0,330.0,1260,1444
165.0,190.0,215.0,227.0,240.0,264.0,319.0,1269,1486
168.0,191.0,216.0,229.0,243.0,269.0,316.0,1279,1513
171.0,194.0,216.0,228.0,242.0,268.0,324.0,1265,1531
159.0,194.0,214.0,225.0,237.0,265.0,320.0,1267,1561
168.0,192.0,219.0,233.0,247.0,276.0,328.0,1268,1613
167.0,198.0,220.0,232.0,245.0,272.0,331.0,1267,1624
169.0,192.0,217.0,230.0,244.0,267.0,318.0,1268,1652
170.0,195.0,218.0,231.0,245.0,269.0,323.0,1268,1681
167.0,190.0,218.0,233.0,247.0,278.0,330.0,1267,1738
163.0,187.0,215.0,230.0,246.0,283.0,333.0,1284,1763
166.0,192.0,217.0,230.0,244.0,272.0,325.0,1280,1791
163.0,191.0,217.0,229.0,243.0,272.0,324.0,1262,1819
131.0,185.0,215.0,227.0,240.0,265.0,318.0,1263,1855
153.0,180.0,214.0,230.0,248.0,282.0,334.0,1287,1864
149.0,187.0,215.0,228.0,242.0,271.0,324.0,1277,1893
160.0,183.0,214.0,231.0,248.0,282.0,332.0,1268,1946
166.0,190.0,215.0,228.0,241.0,269.0,326.0,1262,1961
173.0,194.0,216.0,228.0,242.0,273.0,331.0,1270,1990
173.0,196.0,218.0,230.0,244.0,273.0,330.0,1270,2018
170.0,192.0,215.0,229.0,244.0,278.0,340.0,1267,2062
169.0,192.0,214.0,228.0,242.0,269.0,331.0,1277,2089
164.0,183.0,209.0,227.0,245.0,284.0,338.0,1273,2123
158.0,181.0,209.0,227.0,245.0,298.0,341.0,1285,2151
162.0,183.0,208.0,225.0,243.0,290.0,335.0,1281,2169
152.0,177.0,202.0,222.0,241.0,304.0,342.0,1260,2202
165.0,188.0,213.0,227.0,243.0,282.0,326.0,1269,2234
111.0,182.0,209.0,225.0,239.0,275.0,332.0,1286,2275
165.0,186.0,212.0,228.0,244.0,283.0,332.0,1276,2284
170.0,193.0,215.0,227.0,241.0,275.0,333.0,1289,2313
169.0,190.0,214.0,228.0,242.0,274.0,330.0,1288,2343
176.0,198.0,218.0,229.0,242.0,266.0,323.0,1266,2392
170.0,194.0,216.0,228.0,242.0,275.0,332.0,1265,2419
176.0,197.0,217.0,228.0,239.0,262.0,321.0,1287,2457
180.0,201.0,220.0,231.0,242.0,265.0,329.0,1289,2486
180.0,199.0,218.0,230.0,242.0,267.0,326.0,1272,2513
176.0,198.0,219.0,232.0,246.0,281.0,334.0,1271,2541
176.0,200.0,219.0,230.0,242.0,266.0,331.0,1272,2576
174.0,199.0,219.0,230.0,242.0,267.0,323.0,1277,2605
165.0,187.0,214.0,228.0,245.0,290.0,337.0,1262,2626
164.0,195.0,219.0,232.0,246.0,279.0,330.0,1278,2644
167.0,190.0,216.0,229.0,244.0,282.0,330.0,1282,2684
165.0,193.0,219.0,232.0,245.0,279.0,329.0,1288,2726
157.0,181.0,208.0,227.0,245.0,288.0,333.0,1260,2753
172.0,200.0,224.0,237.0,251.0,280.0,326.0,1278,2777
169.0,194.0,219.0,232.0,247.0,284.0,330.0,1282,2813
136.0,184.0,216.0,233.0,249.0,280.0,319.0,1268,2835
173.0,192.0,215.0,230.0,245.0,274.0,321.0,1267,2852
171.0,193.0,219.0,236.0,252.0,284.0,328.0,1273,2891
169.0,187.0,212.0,226.0,240.0,269.0,316.0,1261,2917
157.0,187.0,216.0,229.0,243.0,271.0,317.0,1288,2963
165.0,192.0,218.0,230.0,243.0,268.0,318.0,1285,2971
166.0,190.0,217.0,229.0,242.0,266.0,314.0,1275,3002
150.0,189.0,218.0,233.0,248.0,291.0,336.0,1262,3031
165.0,186.0,217.0,232.0,247.0,279.0,328.0,1277,3076
165.0,197.0,219.0,231.0,244.0,275.0,329.0,1280,3116
159.0,188.0,216.0,229.0,243.0,274.0,329.0,1280,3123
166.0,190.0,217.0,231.0,246.0,283.0,332.0,1267,3158
170.0,193.0,217.0,230.0,245.0,284.0,328.0,1266,3188
176.0,196.0,218.0,231.0,246.0,297.0,342.0,1283,3237
173.0,196.0,219.0,233.0,249.0,298.0,335.0,1268,3241
174.0,197.0,221.0,235.0,251.0,302.0,344.0,1280,3275
174.0,196.0,219.0,232.0,247.0,296.0,339.0,1266,3306
156.0,189.0,216.0,230.0,245.0,280.0,324.0,1277,3332
182.0,205.0,222.0,232.0,244.0,267.0,322.0,1308,29
184.0,206.0,222.0,232.0,244.0,267.0,325.0,1296,43
177.0,206.0,226.0,238.0,250.0,281.0,332.0,1299,83
173.0,203.0,223.0,235.0,246.0,269.0,322.0,1315,96
172.0,201.0,224.0,237.0,250.0,280.0,327.0,1316,134
175.0,202.0,222.0,234.0,248.0,276.0,323.0,1316,155
183.0,207.0,224.0,235.0,247.0,272.0,320.0,1314,198
176.0,203.0,222.0,235.0,249.0,282.0,326.0,1296,219
175.0,200.0,221.0,234.0,248.0,287.0,330.0,1313,255
177.0,200.0,219.0,231.0,244.0,277.0,323.0,1305,294
173.0,200.0,222.0,236.0,251.0,290.0,323.0,1314,311
168.0,196.0,221.0,234.0,249.0,286.0,322.0,1310,335
166.0,190.0,218.0,233.0,250.0,291.0,328.0,1313,377
173.0,202.0,226.0,241.0,259.0,297.0,331.0,1316,399
174.0,199.0,221.0,234.0,249.0,285.0,331.0,1295,441
180.0,202.0,221.0,233.0,246.0,277.0,322.0,1313,454
183.0,205.0,223.0,235.0,248.0,276.0,328.0,1297,504
180.0,205.0,227.0,240.0,255.0,290.0,337.0,1309,523
180.0,201.0,220.0,232.0,245.0,275.0,335.0,1295,548
180.0,201.0,218.0,228.0,240.0,263.0,316.0,1312,577
176.0,202.0,223.0,237.0,253.0,292.0,336.0,1297,612
174.0,201.0,223.0,237.0,252.0,285.0,332.0,1310,636
177.0,199.0,219.0,232.0,247.0,283.0,334.0,1298,687
179.0,203.0,224.0,237.0,251.0,285.0,335.0,1311,702
175.0,200.0,221.0,235.0,249.0,287.0,338.0,1310,738
180.0,202.0,221.0,233.0,246.0,277.0,335.0,1312,766
171.0,196.0,222.0,238.0,256.0,297.0,339.0,1311,807
178.0,202.0,224.0,238.0,255.0,299.0,345.0,1298,836
172.0,195.0,223.0,239.0,256.0,300.0,338.0,1296,869
176.0,203.0,226.0,240.0,254.0,300.0,343.0,1309,883
175.0,199.0,223.0,237.0,252.0,299.0,341.0,1301,921
173.0,197.0,223.0,238.0,254.0,303.0,340.0,1291,942
176.0,202.0,226.0,240.0,257.0,301.0,347.0,1303,983
176.0,200.0,220.0,232.0,246.0,281.0,332.0,1316,991
177.0,203.0,225.0,239.0,252.0,290.0,337.0,1315,1041
177.0,199.0,220.0,233.0,245.0,275.0,330.0,1297,1074
179.0,200.0,220.0,233.0,245.0,270.0,326.0,1309,1101
185.0,206.0,225.0,236.0,248.0,272.0,335.0,1301,1133
181.0,201.0,220.0,232.0,244.0,269.0,331.0,1308,1141
179.0,198.0,217.0,228.0,242.0,270.0,333.0,1304,1170
177.0,199.0,218.0,230.0,243.0,268.0,331.0,1303,1210
175.0,194.0,214.0,225.0,238.0,261.0,323.0,1311,1230
178.0,197.0,215.0,227.0,239.0,262.0,324.0,1302,1279
176.0,197.0,216.0,228.0,241.0,265.0,326.0,1311,1290
179.0,198.0,216.0,228.0,241.0,266.0,326.0,1308,1327
177.0,197.0,216.0,228.0,241.0,265.0,328.0,1296,1356
170.0,196.0,220.0,235.0,249.0,275.0,321.0,1302,1395
170.0,192.0,218.0,233.0,248.0,276.0,330.0,1294,1433
173.0,198.0,221.0,235.0,247.0,281.0,327.0,1311,1462
173.0,197.0,219.0,231.0,244.0,268.0,322.0,1315,1480
173.0,196.0,218.0,231.0,243.0,268.0,322.0,1297,1527
179.0,200.0,218.0,229.0,240.0,260.0,316.0,1303,1537
176.0,201.0,221.0,233.0,245.0,270.0,318.0,1311,1573
163.0,186.0,216.0,230.0,244.0,274.0,316.0,1312,1603
167.0,190.0,221.0,237.0,252.0,278.0,334.0,1311,1646
169.0,194.0,218.0,231.0,246.0,271.0,318.0,1294,1675
169.0,194.0,221.0,236.0,250.0,273.0,324.0,1308,1697
164.0,188.0,218.0,234.0,250.0,279.0,330.0,1317,1710
163.0,185.0,216.0,232.0,251.0,285.0,332.0,1301,1756
166.0,192.0,216.0,229.0,243.0,276.0,331.0,1298,1777
154.0,183.0,216.0,229.0,245.0,277.0,328.0,1290,1806
163.0,186.0,219.0,235.0,251.0,279.0,330.0,1315,1839
163.0,184.0,215.0,233.0,251.0,290.0,335.0,1302,1862
156.0,188.0,216.0,230.0,244.0,275.0,327.0,1319,1915
130.0,184.0,214.0,228.0,244.0,280.0,328.0,1319,1940
163.0,191.0,215.0,227.0,240.0,266.0,316.0,1293,1966
163.0,192.0,216.0,228.0,242.0,273.0,320.0,1318,1994
163.0,191.0,216.0,230.0,244.0,277.0,315.0,1295,2037
163.0,190.0,221.0,238.0,252.0,276.0,321.0,1306,2041
131.0,181.0,211.0,226.0,243.0,278.0,325.0,1305,2075
164.0,191.0,217.0,231.0,246.0,279.0,327.0,1317,2107
154.0,184.0,208.0,224.0,241.0,279.0,334.0,1298,2149
162.0,187.0,211.0,226.0,242.0,276.0,319.0,1295,2174
120.0,186.0,211.0,226.0,242.0,283.0,323.0,1298,2201
165.0,189.0,214.0,229.0,244.0,279.0,324.0,1290,2229
178.0,199.0,217.0,227.0,238.0,260.0,323.0,1312,2252
171.0,193.0,216.0,229.0,245.0,285.0,332.0,1307,2306
167.0,190.0,214.0,228.0,242.0,279.0,332.0,1300,2313
168.0,189.0,214.0,228.0,243.0,278.0,334.0,1307,2343
180.0,199.0,218.0,229.0,241.0,262.0,320.0,1306,2371
171.0,189.0,211.0,225.0,239.0,268.0,326.0,1312,2417
173.0,198.0,218.0,229.0,240.0,264.0,317.0,1314,2444
179.0,202.0,219.0,230.0,241.0,262.0,321.0,1316,2466
172.0,197.0,218.0,230.0,243.0,276.0,331.0,1317,2495
171.0,192.0,215.0,227.0,241.0,267.0,326.0,1311,2532
175.0,199.0,220.0,232.0,246.0,277.0,336.0,1296,2566
169.0,193.0,218.0,232.0,246.0,286.0,334.0,1315,2604
167.0,192.0,218.0,231.0,246.0,286.0,330.0,1293,2628
164.0,190.0,217.0,231.0,247.0,287.0,330.0,1311,2667
165.0,187.0,215.0,230.0,246.0,284.0,333.0,1306,2671
171.0,199.0,221.0,233.0,247.0,282.0,331.0,1293,2712
164.0,192.0,217.0,230.0,244.0,284.0,332.0,1314,2732
163.0,190.0,216.0,229.0,244.0,278.0,327.0,1312,2785
171.0,192.0,215.0,228.0,242.0,269.0,316.0,1301,2810
94.0,184.0,210.0,225.0,240.0,281.0,324.0,1307,2849
169.0,190.0,215.0,228.0,241.0,264.0,320.0,1295,2876
165.0,185.0,207.0,220.0,233.0,273.0,312.0,1314,2884
134.0,187.0,217.0,231.0,246.0,274.0,319.0,1313,2939
120.0,164.0,212.0,232.0,248.0,283.0,325.0,1312,2957
129.0,185.0,217.0,232.0,247.0,288.0,337.0,1298,2983
163.0,188.0,216.0,231.0,246.0,279.0,325.0,1302,3023
171.0,196.0,219.0,233.0,247.0,278.0,331.0,1300,3050
174.0,194.0,217.0,232.0,247.0,281.0,332.0,1317,3070
177.0,199.0,221.0,234.0,248.0,283.0,338.0,1319,3116
175.0,199.0,219.0,231.0,244.0,277.0,329.0,1301,3121
177.0,198.0,220.0,233.0,247.0,278.0,334.0,1302,3176
175.0,194.0,216.0,230.0,245.0,292.0,338.0,1292,3194
177.0,196.0,218.0,231.0,246.0,294.0,339.0,1302,3227
177.0,200.0,221.0,234.0,248.0,291.0,340.0,1301,3258
178.0,198.0,220.0,232.0,246.0,286.0,335.0,1309,3270
162.0,192.0,219.0,233.0,247.0,282.0,323.0,1306,3321
164.0,192.0,217.0,231.0,244.0,277.0,320.0,1297,3330
178.0,202.0,219.0,230.0,241.0,264.0,316.0,1344,27
177.0,203.0,220.0,231.0,242.0,265.0,320.0,1339,43
177.0,204.0,221.0,233.0,244.0,269.0,321.0,1342,88
175.0,203.0,222.0,234.0,246.0,272.0,321.0,1321,116
173.0,201.0,222.0,233.0,245.0,268.0,315.0,1330,120
172.0,200.0,223.0,235.0,248.0,277.0,322.0,1332,156
175.0,204.0,225.0,237.0,251.0,286.0,330.0,1324,208
178.0,203.0,221.0,232.0,244.0,270.0,317.0,1341,225
176.0,200.0,221.0,233.0,248.0,282.0,325.0,1320,257
166.0,191.0,219.0,233.0,249.0,285.0,330.0,1343,278
168.0,199.0,222.0,237.0,254.0,297.0,331.0,1339,311
176.0,203.0,224.0,237.0,252.0,288.0,325.0,1338,358
173.0,201.0,224.0,238.0,254.0,293.0,331.0,1335,379
175.0,201.0,223.0,235.0,249.0,279.0,324.0,1325,413
176.0,199.0,219.0,232.0,247.0,281.0,324.0,1344,432
176.0,198.0,219.0,232.0,246.0,274.0,318.0,1348,451
180.0,202.0,221.0,233.0,246.0,273.0,324.0,1340,501
178.0,201.0,220.0,231.0,244.0,272.0,323.0,1333,537
179.0,200.0,218.0,229.0,242.0,272.0,320.0,1328,558
174.0,198.0,224.0,240.0,257.0,292.0,333.0,1337,577
177.0,199.0,221.0,235.0,250.0,288.0,333.0,1342,612
172.0,197.0,224.0,240.0,258.0,296.0,344.0,1345,652
174.0,201.0,226.0,242.0,261.0,301.0,340.0,1326,665
174.0,197.0,223.0,238.0,255.0,298.0,339.0,1325,708
174.0,196.0,220.0,235.0,254.0,296.0,341.0,1349,735
175.0,199.0,222.0,236.0,253.0,300.0,343.0,1344,765
174.0,197.0,222.0,237.0,254.0,300.0,341.0,1328,783
175.0,203.0,227.0,241.0,258.0,299.0,341.0,1342,811
175.0,201.0,224.0,239.0,258.0,305.0,343.0,1321,869
174.0,198.0,226.0,241.0,259.0,306.0,343.0,1320,880
173.0,197.0,221.0,236.0,253.0,298.0,342.0,1333,901
172.0,198.0,223.0,238.0,257.0,306.0,343.0,1326,948
175.0,199.0,224.0,238.0,255.0,297.0,336.0,1332,974
175.0,199.0,220.0,233.0,247.0,279.0,332.0,1340,1004
176.0,201.0,223.0,238.0,252.0,300.0,344.0,1348,1043
178.0,201.0,221.0,233.0,245.0,272.0,333.0,1325,1052
181.0,204.0,224.0,236.0,248.0,274.0,334.0,1338,1107
178.0,198.0,216.0,227.0,239.0,261.0,323.0,1340,1136
176.0,196.0,215.0,226.0,238.0,262.0,328.0,1331,1164
173.0,195.0,217.0,230.0,243.0,271.0,326.0,1348,1197
172.0,193.0,215.0,228.0,241.0,267.0,323.0,1340,1211
179.0,201.0,218.0,229.0,241.0,265.0,323.0,1327,1256
173.0,193.0,214.0,227.0,240.0,264.0,326.0,1349,1267
172.0,190.0,211.0,224.0,238.0,264.0,321.0,1332,1314
170.0,193.0,217.0,232.0,247.0,286.0,341.0,1334,1334
165.0,188.0,215.0,228.0,241.0,265.0,319.0,1341,1354
174.0,199.0,222.0,236.0,249.0,272.0,320.0,1342,1388
172.0,195.0,218.0,231.0,244.0,268.0,327.0,1345,1417
172.0,198.0,219.0,232.0,244.0,267.0,324.0,1333,1449
175.0,197.0,218.0,230.0,242.0,265.0,322.0,1320,1483
175.0,196.0,217.0,230.0,242.0,265.0,324.0,1335,1510
176.0,199.0,219.0,230.0,242.0,264.0,322.0,1345,1545
175.0,198.0,219.0,231.0,243.0,265.0,320.0,1346,1566
165.0,190.0,216.0,228.0,241.0,271.0,319.0,1320,1615
170.0,201.0,224.0,236.0,249.0,271.0,318.0,1325,1643
159.0,185.0,216.0,230.0,245.0,277.0,327.0,1339,1654
164.0,183.0,213.0,231.0,250.0,289.0,335.0,1337,1705
162.0,184.0,215.0,231.0,247.0,284.0,333.0,1344,1716
164.0,191.0,218.0,230.0,244.0,269.0,322.0,1339,1767
166.0,191.0,218.0,231.0,246.0,270.0,323.0,1322,1788
164.0,190.0,219.0,234.0,251.0,281.0,329.0,1335,1814
167.0,187.0,213.0,225.0,240.0,270.0,321.0,1333,1858
163.0,181.0,209.0,226.0,244.0,280.0,329.0,1326,1864
165.0,188.0,216.0,228.0,243.0,272.0,323.0,1326,1893
174.0,200.0,220.0,232.0,245.0,269.0,313.0,1342,1940
169.0,197.0,222.0,235.0,249.0,281.0,320.0,1336,1951
167.0,194.0,216.0,228.0,242.0,274.0,325.0,1330,2003
167.0,194.0,219.0,233.0,247.0,278.0,326.0,1338,2032
165.0,192.0,216.0,230.0,244.0,279.0,326.0,1338,2049
156.0,186.0,214.0,228.0,243.0,275.0,329.0,1336,2087
173.0,198.0,218.0,229.0,241.0,265.0,322.0,1341,2105
170.0,194.0,215.0,227.0,240.0,267.0,323.0,1332,2134
181.0,200.0,218.0,228.0,240.0,261.0,318.0,1326,2165
174.0,195.0,216.0,229.0,243.0,273.0,327.0,1349,2197
180.0,200.0,218.0,228.0,240.0,262.0,320.0,1321,2238
172.0,194.0,216.0,228.0,241.0,268.0,330.0,1339,2279
171.0,193.0,216.0,228.0,242.0,269.0,329.0,1330,2300
172.0,196.0,216.0,227.0,238.0,260.0,320.0,1322,2339
180.0,200.0,219.0,229.0,241.0,260.0,319.0,1333,2341
174.0,196.0,217.0,229.0,242.0,269.0,326.0,1341,2388
174.0,198.0,217.0,228.0,240.0,264.0,316.0,1325,2427
179.0,199.0,218.0,229.0,241.0,267.0,321.0,1325,2455
177.0,200.0,219.0,230.0,242.0,263.0,314.0,1322,2482
175.0,198.0,218.0,230.0,242.0,267.0,325.0,1349,2509
173.0,197.0,218.0,230.0,244.0,272.0,325.0,1326,2541
166.0,194.0,218.0,231.0,245.0,278.0,334.0,1320,2553
173.0,198.0,221.0,234.0,249.0,282.0,331.0,1338,2585
163.0,192.0,219.0,233.0,247.0,283.0,329.0,1335,2611
172.0,199.0,219.0,231.0,244.0,272.0,329.0,1337,2650
168.0,194.0,219.0,232.0,246.0,283.0,330.0,1330,2689
169.0,193.0,218.0,231.0,245.0,280.0,327.0,1340,2714
157.0,186.0,214.0,228.0,242.0,272.0,319.0,1347,2745
167.0,190.0,216.0,229.0,245.0,276.0,324.0,1327,2770
166.0,189.0,216.0,229.0,243.0,271.0,317.0,1328,2808
165.0,190.0,216.0,229.0,244.0,281.0,327.0,1341,2847
161.0,189.0,216.0,230.0,244.0,287.0,333.0,1323,2868
158.0,189.0,215.0,229.0,244.0,275.0,321.0,1328,2880
165.0,192.0,216.0,229.0,242.0,268.0,314.0,1326,2918
149.0,193.0,217.0,230.0,243.0,267.0,316.0,1325,2943
159.0,185.0,214.0,229.0,244.0,271.0,316.0,1339,2973
165.0,188.0,217.0,230.0,244.0,275.0,324.0,1330,3018
165.0,192.0,219.0,233.0,247.0,282.0,329.0,1345,3032
175.0,197.0,220.0,234.0,248.0,288.0,336.0,1330,3070
172.0,194.0,220.0,234.0,249.0,284.0,338.0,1345,3098
174.0,197.0,220.0,233.0,247.0,280.0,333.0,1334,3123
176.0,198.0,219.0,232.0,245.0,274.0,334.0,1339,3155
177.0,197.0,218.0,232.0,246.0,289.0,339.0,1325,3196
177.0,197.0,221.0,235.0,248.0,294.0,338.0,1345,3235
177.0,198.0,221.0,236.0,251.0,303.0,342.0,1335,3256
172.0,193.0,216.0,230.0,244.0,285.0,338.0,1322,3292
153.0,191.0,219.0,232.0,245.0,281.0,328.0,1338,3313
145.0,191.0,219.0,232.0,245.0,274.0,327.0,1343,3330
176.0,202.0,219.0,230.0,241.0,264.0,317.0,1353,19
178.0,203.0,219.0,229.0,240.0,262.0,314.0,1362,59
177.0,203.0,220.0,230.0,241.0,260.0,318.0,1368,78
177.0,201.0,218.0,227.0,239.0,262.0,318.0,1357,94
173.0,201.0,222.0,234.0,247.0,272.0,325.0,1358,137
179.0,203.0,221.0,233.0,245.0,270.0,318.0,1375,177
181.0,204.0,222.0,233.0,245.0,269.0,318.0,1375,185
177.0,203.0,223.0,235.0,248.0,277.0,324.0,1376,214
170.0,196.0,222.0,237.0,253.0,293.0,328.0,1367,242
170.0,195.0,221.0,236.0,253.0,294.0,330.0,1360,284
171.0,198.0,218.0,231.0,244.0,278.0,325.0,1357,316
175.0,199.0,218.0,230.0,243.0,276.0,324.0,1366,335
174.0,199.0,219.0,230.0,243.0,274.0,323.0,1353,361
176.0,200.0,220.0,232.0,245.0,273.0,321.0,1356,402
175.0,200.0,221.0,235.0,250.0,287.0,330.0,1377,420
179.0,201.0,220.0,231.0,245.0,273.0,322.0,1377,472
180.0,201.0,218.0,229.0,243.0,275.0,324.0,1374,493
181.0,203.0,222.0,234.0,247.0,274.0,327.0,1350,521
180.0,202.0,224.0,237.0,251.0,283.0,333.0,1368,566
182.0,204.0,223.0,236.0,249.0,279.0,332.0,1357,587
180.0,202.0,223.0,236.0,250.0,282.0,332.0,1353,605
170.0,198.0,225.0,240.0,257.0,295.0,339.0,1374,656
167.0,192.0,221.0,238.0,257.0,296.0,346.0,1351,683
174.0,198.0,222.0,237.0,255.0,291.0,336.0,1360,711
174.0,199.0,224.0,238.0,254.0,291.0,335.0,1373,728
171.0,188.0,211.0,226.0,243.0,274.0,322.0,1368,767
175.0,200.0,223.0,237.0,252.0,290.0,337.0,1358,785
174.0,202.0,225.0,238.0,252.0,289.0,335.0,1355,827
175.0,203.0,225.0,238.0,253.0,291.0,339.0,1354,850
171.0,190.0,215.0,229.0,244.0,275.0,319.0,1378,885
175.0,199.0,222.0,235.0,250.0,287.0,333.0,1361,909
174.0,194.0,216.0,231.0,249.0,283.0,321.0,1375,932
173.0,191.0,213.0,228.0,243.0,270.0,314.0,1361,965
174.0,196.0,216.0,228.0,242.0,270.0,326.0,1375,990
178.0,202.0,223.0,236.0,250.0,286.0,340.0,1365,1049
179.0,202.0,222.0,234.0,247.0,278.0,335.0,1357,1069
174.0,195.0,214.0,226.0,237.0,261.0,321.0,1373,1101
177.0,198.0,217.0,229.0,242.0,266.0,327.0,1375,1137
175.0,195.0,214.0,226.0,238.0,264.0,324.0,1363,1159
173.0,195.0,217.0,230.0,243.0,270.0,326.0,1374,1174
174.0,196.0,217.0,229.0,243.0,267.0,321.0,1357,1205
181.0,202.0,220.0,231.0,242.0,264.0,324.0,1369,1231
175.0,198.0,218.0,231.0,244.0,272.0,333.0,1373,1264
170.0,195.0,219.0,233.0,248.0,286.0,341.0,1376,1300
172.0,192.0,214.0,226.0,240.0,266.0,322.0,1360,1322
172.0,195.0,219.0,233.0,247.0,272.0,323.0,1360,1367
174.0,199.0,220.0,233.0,246.0,268.0,322.0,1363,1407
174.0,199.0,219.0,231.0,242.0,262.0,320.0,1355,1431
177.0,199.0,217.0,229.0,240.0,260.0,313.0,1350,1460
173.0,196.0,217.0,229.0,241.0,264.0,321.0,1364,1479
172.0,195.0,216.0,228.0,240.0,263.0,316.0,1364,1515
173.0,198.0,219.0,231.0,244.0,268.0,321.0,1374,1555
174.0,195.0,216.0,228.0,241.0,265.0,315.0,1356,1561
174.0,200.0,221.0,233.0,246.0,272.0,323.0,1370,1611
174.0,199.0,222.0,235.0,248.0,279.0,323.0,1370,1633
167.0,193.0,217.0,230.0,244.0,272.0,319.0,1371,1679
165.0,191.0,217.0,229.0,243.0,272.0,323.0,1351,1704
140.0,189.0,215.0,229.0,243.0,269.0,319.0,1376,1738
155.0,181.0,214.0,228.0,244.0,274.0,327.0,1352,1768
153.0,186.0,215.0,229.0,243.0,275.0,323.0,1375,1770
168.0,194.0,217.0,230.0,245.0,275.0,326.0,1353,1827
170.0,195.0,217.0,229.0,243.0,269.0,323.0,1372,1847
165.0,191.0,217.0,229.0,242.0,271.0,324.0,1366,1881
134.0,187.0,217.0,231.0,246.0,276.0,320.0,1358,1900
178.0,198.0,217.0,227.0,239.0,260.0,318.0,1377,1937
148.0,193.0,217.0,230.0,244.0,275.0,326.0,1354,1971
159.0,195.0,219.0,231.0,244.0,271.0,318.0,1352,1989
171.0,193.0,217.0,231.0,246.0,274.0,335.0,1379,2012
174.0,195.0,216.0,229.0,242.0,266.0,325.0,1375,2061
179.0,199.0,217.0,228.0,240.0,262.0,324.0,1351,2077
178.0,198.0,217.0,228.0,240.0,262.0,317.0,1373,2126
177.0,198.0,217.0,228.0,239.0,262.0,321.0,1376,2146
166.0,190.0,215.0,228.0,242.0,275.0,321.0,1370,2166
180.0,202.0,219.0,229.0,240.0,260.0,315.0,1365,2215
179.0,199.0,217.0,228.0,239.0,260.0,319.0,1354,2233
174.0,197.0,218.0,231.0,245.0,280.0,336.0,1362,2277
165.0,190.0,216.0,229.0,243.0,277.0,331.0,1364,2287
169.0,192.0,215.0,228.0,242.0,271.0,328.0,1357,2321
179.0,198.0,217.0,228.0,240.0,263.0,320.0,1351,2364
166.0,188.0,213.0,227.0,242.0,275.0,328.0,1363,2392
180.0,202.0,219.0,229.0,240.0,261.0,321.0,1356,2420
180.0,199.0,218.0,229.0,241.0,264.0,326.0,1374,2434
181.0,203.0,222.0,233.0,245.0,267.0,319.0,1373,2478
176.0,200.0,219.0,230.0,242.0,266.0,319.0,1353,2499
174.0,196.0,217.0,229.0,242.0,268.0,327.0,1370,2523
169.0,196.0,220.0,233.0,247.0,283.0,332.0,1360,2569
177.0,201.0,222.0,234.0,247.0,276.0,330.0,1378,2606
175.0,197.0,220.0,233.0,247.0,281.0,328.0,1360,2619
169.0,195.0,220.0,233.0,248.0,282.0,328.0,1365,2658
168.0,193.0,218.0,232.0,247.0,281.0,329.0,1359,2692
166.0,192.0,218.0,231.0,245.0,281.0,328.0,1364,2700
166.0,183.0,205.0,220.0,235.0,261.0,307.0,1365,2750
162.0,190.0,217.0,231.0,245.0,287.0,330.0,1350,2785
163.0,182.0,214.0,230.0,246.0,281.0,325.0,1375,2793
140.0,184.0,213.0,228.0,243.0,275.0,322.0,1372,2849
157.0,187.0,215.0,230.0,245.0,280.0,324.0,1374,2877
157.0,184.0,210.0,226.0,242.0,267.0,314.0,1371,2904
149.0,182.0,213.0,229.0,245.0,283.0,330.0,1351,2931
162.0,196.0,222.0,236.0,251.0,282.0,327.0,1360,2968
166.0,192.0,220.0,236.0,251.0,285.0,329.0,1373,2999
158.0,187.0,217.0,232.0,247.0,284.0,327.0,1357,3025
170.0,194.0,220.0,234.0,248.0,277.0,324.0,1371,3053
170.0,192.0,220.0,235.0,249.0,279.0,322.0,1370,3075
168.0,196.0,219.0,232.0,246.0,277.0,329.0,1352,3110
166.0,192.0,218.0,231.0,245.0,274.0,328.0,1362,3126
175.0,196.0,219.0,232.0,247.0,286.0,337.0,1368,3175
172.0,191.0,217.0,232.0,247.0,290.0,339.0,1378,3198
177.0,197.0,220.0,234.0,249.0,296.0,343.0,1351,3228
171.0,192.0,217.0,230.0,245.0,284.0,334.0,1371,3267
167.0,190.0,216.0,231.0,245.0,286.0,335.0,1370,3272
125.0,188.0,218.0,232.0,246.0,280.0,325.0,1357,3314
171.0,197.0,219.0,232.0,245.0,270.0,323.0,1352,3332
177.0,202.0,219.0,230.0,241.0,263.0,317.0,1401,18
177.0,202.0,219.0,229.0,240.0,261.0,311.0,1399,33
176.0,202.0,219.0,230.0,241.0,263.0,316.0,1389,68
178.0,202.0,221.0,233.0,246.0,274.0,325.0,1402,119
176.0,201.0,220.0,232.0,245.0,276.0,321.0,1387,136
180.0,202.0,219.0,230.0,243.0,269.0,323.0,1387,155
170.0,198.0,221.0,234.0,248.0,278.0,324.0,1407,187
172.0,198.0,219.0,231.0,244.0,271.0,322.0,1407,223
170.0,200.0,222.0,236.0,251.0,290.0,326.0,1393,240
170.0,200.0,224.0,238.0,253.0,283.0,327.0,1388,276
175.0,200.0,218.0,229.0,242.0,270.0,320.0,1406,324
175.0,200.0,219.0,231.0,244.0,272.0,319.0,1395,353
178.0,200.0,220.0,232.0,246.0,279.0,325.0,1390,373
176.0,199.0,218.0,230.0,243.0,274.0,326.0,1386,400
173.0,196.0,217.0,230.0,245.0,287.0,322.0,1394,438
179.0,201.0,220.0,231.0,245.0,276.0,322.0,1385,468
175.0,199.0,220.0,233.0,248.0,288.0,327.0,1386,495
175.0,200.0,224.0,236.0,249.0,286.0,327.0,1407,533
179.0,203.0,225.0,237.0,249.0,278.0,330.0,1384,548
180.0,204.0,226.0,238.0,251.0,282.0,332.0,1383,583
178.0,202.0,223.0,236.0,249.0,279.0,330.0,1386,616
174.0,202.0,226.0,239.0,253.0,286.0,331.0,1390,655
175.0,202.0,225.0,239.0,255.0,291.0,336.0,1393,668
172.0,191.0,216.0,230.0,246.0,274.0,320.0,1395,711
176.0,197.0,218.0,230.0,245.0,280.0,330.0,1387,728
174.0,194.0,217.0,230.0,244.0,273.0,321.0,1384,777
171.0,191.0,217.0,232.0,247.0,280.0,320.0,1389,785
170.0,197.0,223.0,236.0,250.0,284.0,331.0,1399,838
173.0,197.0,219.0,231.0,245.0,277.0,324.0,1400,852
176.0,200.0,221.0,234.0,246.0,276.0,329.0,1404,888
175.0,199.0,217.0,229.0,242.0,273.0,325.0,1402,901
174.0,197.0,216.0,229.0,242.0,268.0,325.0,1383,935
176.0,200.0,218.0,230.0,242.0,267.0,326.0,1394,962
175.0,198.0,216.0,226.0,238.0,264.0,323.0,1386,1008
176.0,200.0,220.0,233.0,247.0,280.0,331.0,1392,1038
172.0,197.0,219.0,231.0,246.0,285.0,334.0,1397,1074
177.0,199.0,217.0,228.0,239.0,261.0,324.0,1387,1105
176.0,200.0,220.0,231.0,245.0,279.0,333.0,1404,1133
176.0,199.0,219.0,231.0,244.0,273.0,335.0,1387,1154
173.0,195.0,217.0,229.0,242.0,269.0,333.0,1387,1182
177.0,198.0,218.0,230.0,243.0,267.0,332.0,1401,1207
176.0,196.0,217.0,229.0,242.0,265.0,323.0,1406,1257
172.0,190.0,213.0,226.0,241.0,267.0,320.0,1387,1272
171.0,192.0,214.0,226.0,239.0,263.0,322.0,1381,1309
175.0,200.0,223.0,236.0,249.0,271.0,317.0,1391,1345
172.0,195.0,220.0,236.0,250.0,279.0,332.0,1384,1357
175.0,201.0,220.0,232.0,245.0,269.0,326.0,1384,1402
168.0,196.0,218.0,230.0,244.0,272.0,329.0,1395,1411
176.0,199.0,220.0,233.0,245.0,270.0,323.0,1404,1458
173.0,198.0,219.0,232.0,246.0,273.0,324.0,1398,1479
172.0,195.0,217.0,229.0,241.0,265.0,324.0,1382,1527
166.0,190.0,215.0,228.0,242.0,274.0,331.0,1401,1553
179.0,202.0,219.0,230.0,241.0,263.0,319.0,1409,1570
172.0,199.0,218.0,230.0,242.0,265.0,325.0,1390,1601
172.0,195.0,217.0,228.0,241.0,265.0,328.0,1406,1626
172.0,199.0,221.0,234.0,248.0,274.0,319.0,1384,1658
169.0,194.0,218.0,231.0,245.0,274.0,321.0,1380,1690
167.0,195.0,218.0,230.0,244.0,273.0,318.0,1390,1727
147.0,186.0,214.0,229.0,245.0,282.0,335.0,1397,1762
169.0,198.0,221.0,235.0,249.0,282.0,335.0,1397,1794
169.0,197.0,218.0,230.0,243.0,270.0,322.0,1390,1809
176.0,198.0,218.0,229.0,242.0,269.0,332.0,1397,1847
174.0,198.0,217.0,229.0,242.0,272.0,332.0,1386,1871
173.0,196.0,216.0,227.0,239.0,262.0,320.0,1396,1907
177.0,197.0,216.0,227.0,239.0,261.0,319.0,1401,1943
178.0,199.0,219.0,231.0,243.0,267.0,331.0,1406,1976
173.0,196.0,216.0,228.0,241.0,267.0,331.0,1394,1990
171.0,193.0,217.0,231.0,246.0,276.0,335.0,1397,2024
178.0,199.0,217.0,228.0,240.0,261.0,322.0,1402,2054
170.0,194.0,217.0,230.0,244.0,275.0,330.0,1392,2081
179.0,199.0,217.0,228.0,239.0,261.0,317.0,1383,2122
171.0,195.0,218.0,231.0,244.0,270.0,321.0,1388,2157
153.0,191.0,216.0,230.0,244.0,275.0,323.0,1380,2163
183.0,202.0,219.0,229.0,240.0,261.0,317.0,1407,2191
174.0,196.0,217.0,229.0,242.0,271.0,333.0,1406,2236
174.0,197.0,218.0,229.0,243.0,272.0,327.0,1407,2252
167.0,190.0,216.0,229.0,244.0,277.0,331.0,1387,2305
179.0,198.0,217.0,228.0,240.0,264.0,322.0,1402,2336
180.0,200.0,218.0,229.0,240.0,259.0,318.0,1387,2366
171.0,196.0,217.0,229.0,242.0,271.0,328.0,1397,2385
171.0,194.0,216.0,229.0,243.0,273.0,330.0,1397,2402
169.0,193.0,218.0,232.0,247.0,283.0,329.0,1386,2441
183.0,202.0,220.0,230.0,242.0,264.0,319.0,1405,2474
179.0,202.0,220.0,231.0,243.0,265.0,321.0,1405,2502
181.0,202.0,219.0,230.0,242.0,264.0,321.0,1391,2524
144.0,191.0,219.0,233.0,249.0,287.0,330.0,1388,2569
173.0,198.0,220.0,232.0,246.0,273.0,328.0,1380,2590
172.0,197.0,221.0,235.0,249.0,281.0,330.0,1400,2613
171.0,194.0,218.0,231.0,246.0,282.0,331.0,1382,2647
169.0,194.0,219.0,233.0,247.0,281.0,334.0,1394,2685
164.0,191.0,217.0,230.0,244.0,285.0,333.0,1391,2709
148.0,183.0,212.0,228.0,244.0,278.0,320.0,1383,2756
163.0,189.0,215.0,228.0,242.0,270.0,320.0,1390,2762
154.0,187.0,215.0,228.0,242.0,271.0,318.0,1399,2811
128.0,180.0,214.0,230.0,248.0,289.0,324.0,1395,2828
133.0,186.0,215.0,230.0,245.0,279.0,328.0,1399,2856
167.0,194.0,219.0,233.0,247.0,281.0,326.0,1396,2880
142.0,177.0,207.0,229.0,249.0,299.0,333.0,1405,2939
151.0,184.0,213.0,229.0,244.0,273.0,318.0,1390,2954
164.0,191.0,219.0,235.0,251.0,281.0,328.0,1380,2973
168.0,189.0,217.0,232.0,245.0,267.0,305.0,1399,3021
167.0,190.0,217.0,232.0,247.0,278.0,324.0,1401,3054
168.0,192.0,218.0,233.0,248.0,282.0,326.0,1394,3064
175.0,202.0,222.0,235.0,247.0,272.0,326.0,1408,3112
173.0,202.0,224.0,237.0,249.0,280.0,332.0,1385,3129
172.0,198.0,221.0,234.0,248.0,279.0,333.0,1393,3172
170.0,191.0,217.0,232.0,246.0,287.0,337.0,1407,3208
172.0,196.0,221.0,236.0,251.0,293.0,334.0,1406,3218
174.0,198.0,220.0,234.0,248.0,294.0,336.0,1392,3256
159.0,192.0,220.0,233.0,246.0,281.0,331.0,1408,3286
134.0,190.0,220.0,233.0,247.0,284.0,331.0,1385,3306
160.0,193.0,219.0,233.0,246.0,286.0,332.0,1384,3331
177.0,203.0,222.0,233.0,245.0,269.0,320.0,1434,15
177.0,204.0,221.0,231.0,242.0,264.0,314.0,1423,46
174.0,201.0,220.0,232.0,244.0,269.0,317.0,1429,84
176.0,202.0,221.0,232.0,244.0,270.0,318.0,1410,112
176.0,200.0,220.0,233.0,246.0,272.0,319.0,1420,125
169.0,198.0,222.0,235.0,249.0,284.0,323.0,1429,155
168.0,195.0,219.0,232.0,245.0,275.0,321.0,1430,194
171.0,197.0,218.0,230.0,242.0,268.0,320.0,1414,213
174.0,198.0,217.0,228.0,239.0,264.0,319.0,1411,242
173.0,198.0,221.0,234.0,247.0,278.0,325.0,1428,283
172.0,197.0,218.0,231.0,244.0,276.0,318.0,1414,329
171.0,197.0,220.0,233.0,247.0,277.0,324.0,1412,346
170.0,194.0,219.0,234.0,250.0,287.0,324.0,1432,373
176.0,200.0,220.0,232.0,246.0,279.0,323.0,1413,405
176.0,198.0,217.0,228.0,241.0,270.0,320.0,1427,438
172.0,194.0,220.0,235.0,250.0,289.0,333.0,1439,458
175.0,202.0,225.0,238.0,251.0,281.0,318.0,1425,482
180.0,203.0,220.0,231.0,243.0,271.0,322.0,1434,533
176.0,202.0,223.0,235.0,249.0,281.0,325.0,1426,541
176.0,197.0,219.0,233.0,248.0,279.0,323.0,1423,586
177.0,201.0,221.0,234.0,247.0,274.0,321.0,1412,617
176.0,199.0,219.0,231.0,245.0,274.0,326.0,1411,659
173.0,194.0,216.0,229.0,244.0,278.0,320.0,1419,671
171.0,197.0,221.0,237.0,261.0,299.0,339.0,1434,719
170.0,199.0,224.0,239.0,256.0,296.0,335.0,1410,748
171.0,197.0,222.0,236.0,255.0,297.0,337.0,1410,769
169.0,198.0,223.0,239.0,259.0,301.0,340.0,1427,791
173.0,199.0,222.0,236.0,252.0,298.0,343.0,1412,817
174.0,201.0,225.0,239.0,257.0,300.0,338.0,1436,845
173.0,202.0,225.0,239.0,254.0,290.0,335.0,1410,884
171.0,198.0,221.0,235.0,250.0,289.0,334.0,1429,910
174.0,200.0,221.0,235.0,251.0,292.0,332.0,1436,958
175.0,199.0,218.0,229.0,242.0,273.0,324.0,1419,986
178.0,201.0,219.0,231.0,243.0,270.0,324.0,1426,991
176.0,200.0,219.0,230.0,243.0,269.0,326.0,1412,1021
176.0,198.0,220.0,233.0,247.0,286.0,333.0,1425,1075
175.0,202.0,224.0,237.0,252.0,292.0,337.0,1437,1087
172.0,196.0,219.0,233.0,248.0,291.0,334.0,1422,1135
181.0,204.0,223.0,236.0,251.0,293.0,338.0,1426,1162
178.0,198.0,218.0,230.0,243.0,271.0,330.0,1425,1179
179.0,200.0,220.0,232.0,244.0,270.0,330.0,1429,1209
175.0,195.0,215.0,227.0,240.0,264.0,327.0,1423,1241
162.0,188.0,215.0,228.0,241.0,263.0,320.0,1414,1285
173.0,198.0,221.0,235.0,249.0,273.0,319.0,1437,1301
172.0,199.0,219.0,232.0,245.0,276.0,330.0,1430,1342
169.0,194.0,217.0,229.0,243.0,269.0,321.0,1425,1369
172.0,197.0,217.0,230.0,243.0,268.0,328.0,1426,1391
176.0,203.0,221.0,232.0,245.0,271.0,325.0,1435,1425
173.0,197.0,217.0,228.0,241.0,264.0,323.0,1412,1448
165.0,193.0,215.0,227.0,239.0,263.0,327.0,1412,1491
175.0,199.0,217.0,228.0,240.0,261.0,327.0,1417,1510
178.0,202.0,219.0,230.0,242.0,263.0,321.0,1415,1547
179.0,200.0,218.0,229.0,240.0,261.0,323.0,1418,1570
171.0,191.0,216.0,229.0,242.0,267.0,325.0,1429,1615
173.0,194.0,217.0,230.0,243.0,269.0,328.0,1416,1640
167.0,187.0,213.0,227.0,240.0,265.0,321.0,1435,1665
171.0,192.0,215.0,228.0,241.0,268.0,329.0,1411,1687
177.0,199.0,219.0,231.0,243.0,266.0,324.0,1419,1719
169.0,195.0,218.0,230.0,243.0,268.0,326.0,1421,1762
171.0,196.0,218.0,231.0,243.0,267.0,325.0,1437,1770
183.0,203.0,219.0,229.0,240.0,261.0,320.0,1439,1805
173.0,195.0,216.0,229.0,242.0,268.0,333.0,1411,1840
170.0,194.0,218.0,232.0,246.0,275.0,331.0,1416,1872
175.0,197.0,218.0,230.0,243.0,268.0,329.0,1435,1916
173.0,196.0,219.0,232.0,246.0,273.0,329.0,1426,1936
177.0,198.0,217.0,228.0,240.0,262.0,328.0,1431,1964
176.0,197.0,218.0,230.0,242.0,270.0,336.0,1420,1985
176.0,197.0,217.0,228.0,241.0,264.0,322.0,1424,2039
175.0,198.0,219.0,231.0,243.0,266.0,329.0,1432,2064
171.0,196.0,218.0,231.0,244.0,270.0,326.0,1414,2082
164.0,188.0,213.0,228.0,243.0,274.0,320.0,1418,2113
170.0,194.0,217.0,229.0,244.0,280.0,323.0,1437,2143
173.0,195.0,217.0,229.0,241.0,266.0,326.0,1421,2167
181.0,201.0,218.0,228.0,239.0,261.0,317.0,1417,2196
171.0,194.0,216.0,228.0,242.0,274.0,326.0,1422,2248
175.0,198.0,217.0,229.0,241.0,266.0,323.0,1411,2251
176.0,200.0,219.0,230.0,242.0,266.0,322.0,1428,2300
179.0,200.0,219.0,230.0,242.0,267.0,323.0,1426,2320
168.0,191.0,215.0,229.0,243.0,274.0,326.0,1438,2351
171.0,195.0,218.0,231.0,244.0,272.0,328.0,1418,2373
172.0,194.0,217.0,230.0,243.0,274.0,327.0,1431,2406
176.0,198.0,218.0,230.0,243.0,269.0,321.0,1414,2442
180.0,202.0,220.0,232.0,244.0,273.0,326.0,1424,2474
175.0,199.0,221.0,234.0,247.0,278.0,330.0,1437,2517
176.0,203.0,222.0,234.0,247.0,275.0,328.0,1419,2524
174.0,200.0,220.0,232.0,245.0,276.0,331.0,1414,2553
174.0,198.0,220.0,233.0,246.0,275.0,327.0,1412,2594
172.0,196.0,219.0,232.0,246.0,279.0,330.0,1425,2615
164.0,192.0,218.0,232.0,247.0,291.0,334.0,1429,2653
160.0,187.0,214.0,227.0,240.0,290.0,335.0,1434,2672
172.0,199.0,219.0,230.0,242.0,268.0,330.0,1439,2728
168.0,197.0,218.0,230.0,243.0,278.0,332.0,1432,2735
160.0,189.0,216.0,231.0,247.0,284.0,330.0,1434,2789
160.0,194.0,218.0,232.0,246.0,275.0,323.0,1419,2795
165.0,191.0,216.0,228.0,241.0,271.0,325.0,1433,2822
168.0,196.0,218.0,230.0,242.0,264.0,322.0,1425,2858
162.0,191.0,217.0,231.0,246.0,282.0,329.0,1425,2888
169.0,195.0,219.0,233.0,247.0,284.0,334.0,1428,2912
154.0,179.0,210.0,230.0,250.0,299.0,333.0,1412,2961
155.0,186.0,215.0,230.0,247.0,292.0,336.0,1432,2998
148.0,185.0,216.0,232.0,248.0,292.0,335.0,1429,3003
164.0,198.0,221.0,234.0,247.0,277.0,324.0,1429,3038
175.0,197.0,221.0,235.0,248.0,277.0,333.0,1414,3077
172.0,199.0,221.0,233.0,246.0,273.0,327.0,1427,3116
171.0,191.0,217.0,231.0,245.0,274.0,327.0,1416,3130
176.0,200.0,221.0,234.0,247.0,277.0,329.0,1422,3156
172.0,198.0,220.0,233.0,246.0,275.0,330.0,1426,3198
170.0,195.0,220.0,234.0,248.0,285.0,334.0,1418,3213
163.0,193.0,219.0,234.0,248.0,288.0,334.0,1421,3267
149.0,193.0,220.0,233.0,246.0,279.0,325.0,1422,3292
149.0,191.0,219.0,232.0,246.0,282.0,331.0,1431,3317
131.0,190.0,219.0,233.0,248.0,297.0,338.0,1421,3330
170.0,199.0,221.0,233.0,245.0,272.0,320.0,1461,2
176.0,204.0,222.0,234.0,246.0,268.0,317.0,1464,32
177.0,202.0,219.0,229.0,240.0,264.0,316.0,1457,71
174.0,202.0,224.0,237.0,251.0,284.0,324.0,1441,119
180.0,206.0,225.0,236.0,248.0,270.0,320.0,1459,128
168.0,195.0,220.0,233.0,246.0,273.0,321.0,1449,174
172.0,197.0,218.0,229.0,241.0,267.0,315.0,1448,203
174.0,199.0,222.0,235.0,249.0,278.0,324.0,1447,233
171.0,198.0,222.0,235.0,249.0,285.0,329.0,1441,269
171.0,201.0,225.0,239.0,253.0,287.0,332.0,1442,283
174.0,199.0,222.0,236.0,250.0,286.0,321.0,1440,304
170.0,194.0,217.0,230.0,245.0,284.0,321.0,1465,333
173.0,198.0,223.0,237.0,251.0,282.0,323.0,1465,374
171.0,197.0,220.0,232.0,245.0,274.0,318.0,1459,395
183.0,205.0,223.0,234.0,245.0,269.0,320.0,1458,443
173.0,197.0,221.0,234.0,248.0,283.0,326.0,1440,454
178.0,202.0,222.0,234.0,248.0,285.0,323.0,1443,508
175.0,194.0,216.0,229.0,243.0,271.0,313.0,1448,533
176.0,198.0,218.0,229.0,242.0,271.0,317.0,1459,541
179.0,204.0,223.0,236.0,248.0,277.0,328.0,1446,596
174.0,205.0,230.0,244.0,258.0,288.0,332.0,1467,615
173.0,200.0,225.0,240.0,256.0,293.0,336.0,1455,630
171.0,197.0,222.0,236.0,252.0,288.0,333.0,1462,681
171.0,198.0,225.0,239.0,255.0,293.0,336.0,1468,716
169.0,192.0,218.0,232.0,248.0,286.0,328.0,1467,728
168.0,189.0,215.0,229.0,250.0,300.0,337.0,1469,770
172.0,194.0,217.0,232.0,252.0,304.0,346.0,1449,796
171.0,196.0,219.0,234.0,253.0,302.0,341.0,1457,816
167.0,194.0,218.0,233.0,250.0,294.0,336.0,1445,860
171.0,197.0,222.0,238.0,256.0,299.0,335.0,1459,886
176.0,202.0,226.0,241.0,258.0,296.0,331.0,1450,909
170.0,199.0,220.0,233.0,249.0,293.0,330.0,1468,931
168.0,196.0,220.0,233.0,251.0,298.0,338.0,1458,966
177.0,204.0,223.0,235.0,248.0,282.0,345.0,1465,991
173.0,198.0,222.0,236.0,252.0,297.0,337.0,1444,1025
172.0,200.0,223.0,237.0,253.0,290.0,335.0,1442,1062
175.0,201.0,223.0,236.0,252.0,296.0,343.0,1454,1091
176.0,199.0,220.0,233.0,247.0,284.0,335.0,1460,1135
182.0,206.0,225.0,238.0,252.0,293.0,339.0,1458,1165
179.0,201.0,220.0,231.0,244.0,270.0,331.0,1450,1186
173.0,195.0,216.0,228.0,241.0,266.0,325.0,1443,1228
172.0,194.0,216.0,228.0,241.0,266.0,324.0,1446,1236
171.0,196.0,221.0,234.0,247.0,272.0,329.0,1467,1286
172.0,199.0,224.0,238.0,251.0,274.0,322.0,1451,1294
163.0,199.0,220.0,233.0,246.0,272.0,335.0,1452,1347
174.0,202.0,223.0,235.0,249.0,280.0,333.0,1465,1360
181.0,205.0,223.0,234.0,245.0,268.0,321.0,1459,1393
189.0,209.0,226.0,238.0,249.0,274.0,331.0,1442,1426
187.0,208.0,225.0,236.0,247.0,267.0,329.0,1441,1455
170.0,193.0,217.0,230.0,243.0,268.0,327.0,1464,1482
179.0,202.0,220.0,230.0,242.0,263.0,326.0,1441,1524
173.0,194.0,216.0,227.0,240.0,263.0,324.0,1449,1559
172.0,194.0,216.0,228.0,240.0,264.0,325.0,1451,1561
171.0,195.0,217.0,230.0,242.0,267.0,321.0,1466,1608
170.0,192.0,215.0,227.0,240.0,263.0,324.0,1443,1634
169.0,195.0,217.0,230.0,243.0,267.0,327.0,1445,1679
172.0,196.0,217.0,228.0,241.0,264.0,323.0,1448,1680
168.0,195.0,219.0,232.0,244.0,269.0,328.0,1456,1736
168.0,194.0,219.0,232.0,245.0,274.0,328.0,1462,1754
169.0,194.0,218.0,231.0,243.0,267.0,325.0,1456,1779
175.0,198.0,218.0,229.0,242.0,265.0,329.0,1458,1806
170.0,193.0,216.0,228.0,241.0,266.0,328.0,1450,1857
175.0,197.0,218.0,229.0,242.0,266.0,327.0,1460,1883
170.0,196.0,218.0,231.0,244.0,270.0,331.0,1465,1913
177.0,200.0,220.0,231.0,243.0,266.0,329.0,1464,1937
169.0,196.0,218.0,230.0,242.0,266.0,328.0,1467,1964
175.0,198.0,219.0,230.0,242.0,264.0,325.0,1447,2006
176.0,199.0,218.0,230.0,241.0,264.0,327.0,1445,2012
174.0,197.0,217.0,229.0,242.0,265.0,326.0,1462,2056
173.0,197.0,218.0,231.0,244.0,270.0,324.0,1452,2086
170.0,195.0,219.0,232.0,246.0,275.0,327.0,1465,2102
182.0,201.0,218.0,228.0,239.0,258.0,312.0,1466,2159
179.0,200.0,217.0,228.0,239.0,260.0,317.0,1440,2187
176.0,197.0,217.0,227.0,239.0,266.0,327.0,1454,2207
172.0,195.0,218.0,230.0,244.0,276.0,326.0,1453,2223
164.0,186.0,213.0,228.0,244.0,286.0,322.0,1453,2257
179.0,198.0,217.0,228.0,240.0,264.0,319.0,1469,2307
173.0,194.0,216.0,229.0,242.0,274.0,328.0,1447,2335
167.0,189.0,214.0,227.0,242.0,278.0,322.0,1442,2353
171.0,196.0,218.0,231.0,245.0,278.0,327.0,1466,2370
175.0,196.0,218.0,230.0,243.0,271.0,321.0,1469,2409
177.0,200.0,220.0,231.0,243.0,269.0,322.0,1466,2459
182.0,200.0,219.0,231.0,244.0,272.0,320.0,1451,2461
178.0,202.0,221.0,233.0,245.0,271.0,329.0,1442,2506
167.0,198.0,221.0,234.0,249.0,284.0,331.0,1469,2526
167.0,196.0,221.0,235.0,249.0,281.0,332.0,1448,2551
164.0,198.0,222.0,236.0,249.0,279.0,328.0,1449,2596
171.0,195.0,219.0,232.0,247.0,288.0,335.0,1452,2632
171.0,195.0,218.0,231.0,245.0,277.0,330.0,1440,2656
170.0,197.0,219.0,231.0,243.0,269.0,332.0,1454,2690
168.0,195.0,217.0,229.0,241.0,277.0,333.0,1441,2719
168.0,197.0,219.0,232.0,246.0,285.0,337.0,1445,2739
149.0,186.0,216.0,229.0,242.0,265.0,325.0,1459,2769
162.0,190.0,215.0,227.0,239.0,269.0,329.0,1449,2819
173.0,196.0,218.0,230.0,244.0,274.0,333.0,1469,2829
166.0,197.0,220.0,233.0,248.0,282.0,329.0,1449,2871
167.0,194.0,217.0,230.0,243.0,291.0,334.0,1461,2882
159.0,191.0,218.0,233.0,249.0,291.0,335.0,1440,2919
155.0,188.0,216.0,231.0,246.0,281.0,333.0,1454,2967
161.0,189.0,214.0,228.0,242.0,285.0,330.0,1468,2972
171.0,197.0,220.0,233.0,246.0,276.0,330.0,1452,3001
165.0,197.0,221.0,234.0,248.0,278.0,328.0,1461,3039
169.0,190.0,214.0,230.0,245.0,276.0,314.0,1454,3076
169.0,191.0,218.0,234.0,251.0,286.0,328.0,1448,3118
170.0,195.0,220.0,234.0,249.0,283.0,331.0,1457,3148
169.0,190.0,217.0,232.0,247.0,282.0,331.0,1442,3164
167.0,195.0,219.0,232.0,246.0,286.0,333.0,1457,3184
168.0,195.0,219.0,232.0,247.0,286.0,331.0,1469,3212
156.0,190.0,218.0,232.0,246.0,284.0,332.0,1457,3268
166.0,192.0,218.0,232.0,245.0,274.0,326.0,1463,3278
167.0,191.0,218.0,232.0,246.0,285.0,335.0,1440,3301
129.0,188.0,218.0,232.0,248.0,297.0,337.0,1442,3330
174.0,200.0,222.0,234.0,246.0,276.0,322.0,1477,17
172.0,201.0,224.0,238.0,251.0,283.0,327.0,1491,33
181.0,205.0,223.0,234.0,245.0,269.0,315.0,1477,66
179.0,204.0,223.0,235.0,247.0,273.0,318.0,1474,109
177.0,204.0,226.0,238.0,250.0,280.0,323.0,1490,132
171.0,199.0,222.0,235.0,248.0,278.0,324.0,1477,159
175.0,203.0,224.0,237.0,248.0,276.0,320.0,1474,183
170.0,198.0,224.0,238.0,252.0,290.0,326.0,1497,213
169.0,194.0,222.0,237.0,253.0,292.0,332.0,1483,265
167.0,197.0,221.0,236.0,251.0,285.0,332.0,1495,285
168.0,198.0,224.0,239.0,255.0,294.0,328.0,1477,323
171.0,202.0,225.0,239.0,253.0,283.0,327.0,1491,338
166.0,189.0,219.0,236.0,255.0,301.0,330.0,1491,383
179.0,203.0,221.0,233.0,245.0,269.0,314.0,1471,402
178.0,202.0,222.0,235.0,249.0,282.0,324.0,1472,431
172.0,197.0,224.0,240.0,256.0,296.0,329.0,1479,454
172.0,203.0,228.0,242.0,258.0,292.0,328.0,1499,494
171.0,195.0,224.0,239.0,257.0,298.0,329.0,1487,520
173.0,200.0,223.0,236.0,249.0,279.0,323.0,1471,567
176.0,203.0,225.0,239.0,253.0,287.0,333.0,1494,572
173.0,201.0,223.0,236.0,250.0,282.0,330.0,1479,624
170.0,190.0,215.0,230.0,250.0,297.0,339.0,1476,644
173.0,197.0,220.0,234.0,249.0,293.0,343.0,1492,674
172.0,196.0,218.0,230.0,245.0,278.0,324.0,1493,715
168.0,191.0,218.0,234.0,255.0,301.0,341.0,1493,749
168.0,193.0,220.0,235.0,253.0,297.0,340.0,1470,776
169.0,197.0,223.0,238.0,255.0,299.0,337.0,1492,794
167.0,196.0,223.0,238.0,256.0,301.0,338.0,1495,811
165.0,194.0,220.0,235.0,253.0,296.0,335.0,1482,856
171.0,198.0,224.0,239.0,258.0,300.0,337.0,1474,882
175.0,203.0,224.0,238.0,254.0,302.0,344.0,1485,927
176.0,204.0,228.0,243.0,261.0,310.0,350.0,1497,951
173.0,202.0,228.0,242.0,259.0,304.0,346.0,1479,964
177.0,205.0,229.0,243.0,258.0,305.0,348.0,1480,995
174.0,200.0,223.0,239.0,261.0,305.0,344.0,1482,1023
179.0,202.0,223.0,237.0,254.0,301.0,342.0,1487,1065
173.0,197.0,218.0,231.0,245.0,286.0,336.0,1472,1089
169.0,202.0,220.0,231.0,244.0,278.0,338.0,1478,1112
173.0,199.0,221.0,234.0,247.0,290.0,340.0,1477,1157
165.0,192.0,217.0,231.0,245.0,280.0,334.0,1476,1179
159.0,188.0,213.0,228.0,245.0,279.0,327.0,1473,1217
168.0,197.0,219.0,232.0,245.0,271.0,333.0,1477,1230
177.0,205.0,224.0,235.0,248.0,273.0,331.0,1491,1265
179.0,205.0,223.0,235.0,247.0,275.0,332.0,1482,1299
178.0,205.0,224.0,235.0,247.0,271.0,331.0,1490,1335
176.0,202.0,222.0,235.0,248.0,279.0,329.0,1470,1369
186.0,208.0,224.0,236.0,247.0,271.0,331.0,1496,1398
177.0,203.0,221.0,232.0,244.0,268.0,322.0,1491,1433
180.0,204.0,222.0,233.0,245.0,266.0,319.0,1489,1444
176.0,195.0,214.0,225.0,238.0,260.0,323.0,1478,1494
176.0,196.0,215.0,226.0,238.0,260.0,318.0,1473,1501
166.0,184.0,212.0,226.0,240.0,264.0,321.0,1487,1555
171.0,195.0,217.0,229.0,242.0,266.0,322.0,1489,1586
172.0,196.0,218.0,230.0,243.0,265.0,322.0,1470,1617
176.0,198.0,218.0,229.0,241.0,262.0,328.0,1487,1642
178.0,198.0,217.0,229.0,241.0,263.0,325.0,1484,1664
172.0,194.0,217.0,229.0,242.0,265.0,328.0,1494,1693
172.0,196.0,219.0,231.0,244.0,267.0,324.0,1489,1719
175.0,197.0,217.0,229.0,242.0,264.0,327.0,1490,1761
176.0,199.0,218.0,229.0,241.0,265.0,321.0,1473,1792
176.0,198.0,217.0,228.0,240.0,263.0,320.0,1477,1804
171.0,197.0,219.0,231.0,244.0,271.0,330.0,1495,1839
177.0,198.0,217.0,228.0,240.0,263.0,326.0,1488,1887
173.0,199.0,220.0,233.0,245.0,269.0,330.0,1490,1916
177.0,199.0,218.0,229.0,241.0,263.0,323.0,1488,1942
175.0,198.0,219.0,231.0,243.0,265.0,323.0,1488,1950
175.0,196.0,216.0,228.0,240.0,264.0,333.0,1470,2005
133.0,177.0,206.0,223.0,238.0,265.0,328.0,1493,2023
175.0,198.0,218.0,231.0,244.0,270.0,322.0,1488,2062
172.0,197.0,219.0,232.0,246.0,273.0,325.0,1474,2080
179.0,198.0,216.0,227.0,239.0,262.0,317.0,1493,2111
171.0,197.0,219.0,231.0,244.0,272.0,324.0,1496,2130
176.0,198.0,217.0,228.0,240.0,264.0,319.0,1478,2174
175.0,197.0,217.0,229.0,241.0,269.0,329.0,1475,2199
180.0,201.0,219.0,229.0,240.0,260.0,321.0,1475,2222
182.0,202.0,219.0,229.0,240.0,261.0,320.0,1485,2269
180.0,200.0,219.0,230.0,241.0,263.0,322.0,1472,2298
169.0,192.0,215.0,227.0,241.0,272.0,328.0,1479,2325
175.0,198.0,218.0,229.0,241.0,269.0,329.0,1498,2356
172.0,195.0,218.0,231.0,245.0,284.0,333.0,1474,2374
180.0,201.0,219.0,231.0,243.0,270.0,325.0,1494,2402
178.0,202.0,221.0,232.0,245.0,270.0,323.0,1495,2449
184.0,204.0,222.0,233.0,245.0,271.0,328.0,1493,2461
177.0,200.0,221.0,233.0,245.0,272.0,329.0,1482,2490
163.0,190.0,216.0,229.0,243.0,280.0,331.0,1495,2525
174.0,197.0,220.0,233.0,247.0,278.0,330.0,1489,2564
148.0,180.0,210.0,226.0,242.0,291.0,335.0,1490,2607
154.0,181.0,212.0,227.0,242.0,287.0,331.0,1487,2613
155.0,184.0,215.0,228.0,242.0,290.0,335.0,1470,2651
167.0,194.0,219.0,232.0,244.0,281.0,333.0,1473,2675
170.0,195.0,217.0,230.0,244.0,283.0,334.0,1494,2716
127.0,189.0,216.0,229.0,243.0,277.0,326.0,1472,2754
166.0,185.0,212.0,225.0,239.0,267.0,314.0,1496,2776
171.0,196.0,218.0,230.0,244.0,275.0,336.0,1476,2815
177.0,200.0,220.0,233.0,246.0,276.0,336.0,1474,2844
168.0,194.0,219.0,232.0,247.0,277.0,330.0,1479,2877
175.0,199.0,219.0,230.0,242.0,265.0,330.0,1486,2898
165.0,193.0,217.0,230.0,244.0,283.0,334.0,1489,2931
139.0,186.0,215.0,229.0,245.0,291.0,333.0,1481,2942
167.0,191.0,215.0,229.0,243.0,278.0,333.0,1476,2983
175.0,197.0,219.0,232.0,245.0,276.0,334.0,1485,3005
159.0,190.0,218.0,234.0,252.0,293.0,330.0,1491,3053
149.0,191.0,218.0,233.0,248.0,290.0,333.0,1488,3067
165.0,193.0,220.0,234.0,249.0,288.0,330.0,1471,3113
162.0,191.0,218.0,234.0,249.0,282.0,326.0,1478,3126
168.0,194.0,219.0,233.0,247.0,287.0,340.0,1481,3171
163.0,193.0,218.0,232.0,247.0,287.0,330.0,1496,3194
172.0,200.0,223.0,236.0,249.0,283.0,335.0,1492,3211
152.0,192.0,219.0,233.0,246.0,286.0,334.0,1491,3240
137.0,192.0,219.0,234.0,248.0,297.0,339.0,1499,3294
140.0,194.0,219.0,231.0,245.0,279.0,333.0,1494,3326
151.0,193.0,219.0,232.0,246.0,288.0,335.0,1497,3332
180.0,207.0,227.0,240.0,253.0,285.0,323.0,1509,21
170.0,200.0,225.0,239.0,253.0,286.0,324.0,1521,35
169.0,196.0,224.0,239.0,253.0,291.0,331.0,1526,75
167.0,195.0,226.0,241.0,256.0,292.0,327.0,1526,100
170.0,201.0,226.0,239.0,252.0,284.0,325.0,1506,133
173.0,201.0,223.0,236.0,248.0,275.0,321.0,1508,166
175.0,206.0,228.0,241.0,254.0,285.0,322.0,1511,204
170.0,201.0,224.0,237.0,251.0,285.0,330.0,1526,214
168.0,195.0,219.0,231.0,246.0,285.0,330.0,1503,240
177.0,204.0,225.0,238.0,252.0,281.0,327.0,1504,292
173.0,200.0,221.0,233.0,248.0,288.0,332.0,1528,315
173.0,200.0,221.0,234.0,249.0,290.0,330.0,1525,331
177.0,204.0,227.0,241.0,257.0,296.0,336.0,1518,383
172.0,198.0,226.0,241.0,259.0,297.0,336.0,1518,401
173.0,202.0,227.0,242.0,259.0,296.0,330.0,1528,440
172.0,203.0,228.0,242.0,259.0,295.0,332.0,1511,461
172.0,199.0,225.0,239.0,253.0,289.0,330.0,1523,499
180.0,207.0,228.0,240.0,252.0,282.0,329.0,1518,536
166.0,197.0,222.0,237.0,253.0,287.0,333.0,1529,568
175.0,202.0,225.0,238.0,253.0,289.0,329.0,1511,570
174.0,201.0,222.0,234.0,247.0,274.0,318.0,1520,626
177.0,205.0,225.0,238.0,252.0,281.0,329.0,1526,650
172.0,196.0,222.0,237.0,253.0,290.0,332.0,1504,682
171.0,196.0,221.0,235.0,253.0,293.0,336.0,1515,716
171.0,196.0,222.0,238.0,257.0,301.0,341.0,1500,731
169.0,198.0,224.0,240.0,260.0,302.0,341.0,1500,771
176.0,204.0,226.0,241.0,260.0,306.0,352.0,1511,804
172.0,200.0,226.0,242.0,264.0,312.0,353.0,1528,813
173.0,203.0,229.0,243.0,259.0,302.0,346.0,1524,858
172.0,197.0,226.0,243.0,265.0,307.0,349.0,1519,876
180.0,206.0,227.0,240.0,255.0,296.0,341.0,1529,904
178.0,207.0,229.0,243.0,260.0,305.0,345.0,1505,945
183.0,206.0,223.0,235.0,247.0,276.0,322.0,1513,981
171.0,198.0,224.0,239.0,259.0,305.0,344.0,1519,1007
175.0,204.0,228.0,243.0,263.0,307.0,348.0,1506,1046
186.0,208.0,226.0,237.0,249.0,280.0,329.0,1514,1066
177.0,203.0,222.0,234.0,246.0,278.0,338.0,1511,1106
175.0,201.0,222.0,234.0,249.0,291.0,339.0,1514,1123
167.0,199.0,222.0,234.0,248.0,285.0,334.0,1512,1165
175.0,201.0,220.0,233.0,246.0,278.0,332.0,1507,1193
182.0,205.0,222.0,233.0,245.0,267.0,324.0,1517,1205
177.0,204.0,223.0,234.0,247.0,274.0,329.0,1529,1257
176.0,204.0,224.0,236.0,250.0,279.0,334.0,1507,1265
176.0,202.0,222.0,234.0,247.0,279.0,334.0,1522,1306
177.0,204.0,223.0,234.0,246.0,270.0,327.0,1509,1323
188.0,210.0,227.0,238.0,249.0,271.0,330.0,1512,1354
180.0,205.0,223.0,234.0,246.0,268.0,325.0,1528,1409
190.0,209.0,224.0,234.0,245.0,266.0,325.0,1525,1419
177.0,198.0,217.0,228.0,240.0,262.0,328.0,1500,1459
174.0,195.0,215.0,227.0,239.0,262.0,329.0,1525,1481
175.0,194.0,214.0,226.0,238.0,259.0,322.0,1509,1504
171.0,195.0,217.0,229.0,242.0,266.0,325.0,1508,1537
169.0,192.0,216.0,229.0,242.0,270.0,328.0,1514,1562
171.0,195.0,218.0,230.0,243.0,269.0,330.0,1501,1591
176.0,198.0,219.0,231.0,243.0,265.0,332.0,1513,1649
174.0,196.0,217.0,229.0,241.0,263.0,329.0,1524,1667
170.0,195.0,218.0,231.0,244.0,269.0,322.0,1504,1699
176.0,198.0,218.0,229.0,242.0,268.0,326.0,1500,1737
172.0,195.0,218.0,231.0,244.0,269.0,334.0,1503,1758
170.0,194.0,218.0,231.0,244.0,268.0,330.0,1508,1778
179.0,200.0,218.0,229.0,240.0,260.0,321.0,1520,1802
169.0,195.0,217.0,230.0,242.0,268.0,326.0,1500,1856
171.0,195.0,217.0,229.0,242.0,273.0,333.0,1505,1878
174.0,197.0,218.0,231.0,243.0,270.0,334.0,1516,1911
176.0,199.0,219.0,231.0,243.0,266.0,324.0,1503,1924
148.0,188.0,215.0,228.0,242.0,272.0,330.0,1518,1952
172.0,196.0,218.0,230.0,242.0,266.0,323.0,1524,1997
169.0,195.0,217.0,229.0,242.0,270.0,329.0,1510,2011
172.0,196.0,217.0,230.0,243.0,270.0,322.0,1502,2053
165.0,191.0,216.0,229.0,243.0,269.0,319.0,1503,2079
174.0,198.0,219.0,231.0,243.0,271.0,323.0,1516,2109
180.0,200.0,219.0,230.0,241.0,263.0,317.0,1528,2144
178.0,198.0,216.0,227.0,239.0,266.0,315.0,1510,2179
179.0,201.0,218.0,228.0,239.0,260.0,320.0,1503,2199
174.0,198.0,218.0,230.0,243.0,271.0,328.0,1514,2224
168.0,194.0,217.0,230.0,244.0,275.0,327.0,1525,2274
155.0,188.0,215.0,229.0,243.0,278.0,328.0,1510,2295
172.0,196.0,217.0,227.0,239.0,264.0,324.0,1510,2339
181.0,202.0,220.0,230.0,242.0,264.0,318.0,1504,2359
179.0,200.0,219.0,231.0,244.0,274.0,327.0,1519,2378
182.0,202.0,221.0,232.0,244.0,268.0,321.0,1504,2404
182.0,202.0,221.0,232.0,245.0,273.0,323.0,1510,2447
180.0,201.0,220.0,231.0,244.0,273.0,326.0,1516,2469
171.0,198.0,220.0,233.0,246.0,276.0,327.0,1518,2506
158.0,188.0,217.0,230.0,246.0,286.0,332.0,1510,2530
169.0,192.0,218.0,232.0,247.0,290.0,341.0,1519,2566
136.0,186.0,215.0,228.0,243.0,275.0,328.0,1505,2582
158.0,185.0,216.0,231.0,246.0,291.0,335.0,1500,2627
171.0,195.0,218.0,230.0,243.0,278.0,334.0,1510,2660
169.0,196.0,218.0,229.0,242.0,278.0,335.0,1513,2678
165.0,192.0,217.0,229.0,243.0,287.0,339.0,1509,2715
137.0,188.0,217.0,230.0,244.0,284.0,332.0,1506,2750
121.0,182.0,215.0,230.0,246.0,280.0,325.0,1529,2770
170.0,196.0,219.0,231.0,244.0,268.0,323.0,1516,2811
164.0,189.0,216.0,230.0,245.0,275.0,328.0,1505,2827
155.0,187.0,215.0,228.0,241.0,268.0,328.0,1518,2861
169.0,196.0,218.0,231.0,244.0,274.0,339.0,1511,2894
174.0,199.0,220.0,233.0,247.0,285.0,338.0,1508,2915
171.0,197.0,219.0,231.0,245.0,273.0,331.0,1516,2948
173.0,200.0,222.0,234.0,248.0,273.0,325.0,1526,2999
174.0,196.0,220.0,234.0,246.0,272.0,329.0,1529,3027
173.0,196.0,219.0,233.0,246.0,274.0,328.0,1518,3046
165.0,193.0,218.0,232.0,247.0,277.0,324.0,1526,3068
161.0,192.0,217.0,231.0,245.0,274.0,324.0,1510,3090
154.0,193.0,220.0,234.0,249.0,290.0,328.0,1509,3128
119.0,183.0,214.0,230.0,245.0,277.0,331.0,1506,3163
141.0,189.0,217.0,231.0,247.0,293.0,337.0,1520,3204
134.0,191.0,220.0,235.0,249.0,294.0,338.0,1527,3233
127.0,187.0,219.0,234.0,248.0,295.0,340.0,1510,3248
120.0,186.0,218.0,232.0,247.0,285.0,332.0,1500,3278
146.0,193.0,219.0,232.0,245.0,280.0,329.0,1508,3321
151.0,193.0,220.0,233.0,247.0,279.0,329.0,1525,3330
171.0,203.0,227.0,240.0,254.0,287.0,322.0,1532,13
172.0,198.0,225.0,239.0,253.0,288.0,328.0,1542,34
171.0,197.0,225.0,240.0,255.0,292.0,329.0,1559,70
171.0,200.0,224.0,239.0,256.0,296.0,335.0,1559,91
175.0,203.0,225.0,238.0,252.0,284.0,329.0,1538,140
162.0,190.0,227.0,244.0,261.0,300.0,338.0,1555,168
169.0,198.0,228.0,242.0,257.0,295.0,330.0,1548,185
170.0,200.0,227.0,241.0,256.0,294.0,332.0,1550,224
171.0,201.0,225.0,238.0,253.0,288.0,332.0,1550,262
171.0,201.0,223.0,237.0,250.0,280.0,327.0,1543,273
174.0,201.0,221.0,234.0,248.0,289.0,333.0,1547,319
174.0,200.0,221.0,234.0,249.0,287.0,328.0,1540,347
170.0,197.0,223.0,237.0,253.0,291.0,330.0,1554,362
173.0,200.0,223.0,237.0,253.0,292.0,330.0,1553,416
175.0,200.0,224.0,238.0,255.0,294.0,329.0,1538,446
172.0,200.0,226.0,242.0,259.0,297.0,333.0,1530,452
171.0,195.0,222.0,238.0,256.0,297.0,330.0,1537,490
172.0,199.0,221.0,234.0,248.0,284.0,326.0,1558,521
179.0,204.0,223.0,235.0,247.0,273.0,323.0,1541,542
176.0,203.0,223.0,235.0,249.0,279.0,331.0,1549,593
180.0,204.0,224.0,237.0,251.0,283.0,328.0,1539,613
175.0,205.0,227.0,242.0,258.0,294.0,335.0,1530,656
172.0,199.0,219.0,231.0,245.0,274.0,325.0,1544,683
174.0,201.0,222.0,236.0,251.0,296.0,346.0,1555,703
170.0,195.0,218.0,233.0,250.0,299.0,341.0,1545,723
173.0,202.0,228.0,244.0,263.0,304.0,342.0,1559,762
172.0,198.0,224.0,240.0,260.0,304.0,342.0,1535,802
173.0,202.0,230.0,246.0,266.0,310.0,351.0,1539,817
171.0,198.0,227.0,244.0,263.0,307.0,344.0,1548,849
173.0,201.0,227.0,241.0,258.0,305.0,348.0,1551,892
180.0,205.0,227.0,241.0,260.0,303.0,340.0,1538,901
181.0,206.0,223.0,235.0,248.0,276.0,314.0,1548,951
182.0,206.0,225.0,237.0,249.0,283.0,329.0,1550,962
174.0,198.0,224.0,240.0,262.0,309.0,347.0,1530,1003
175.0,200.0,223.0,236.0,252.0,296.0,341.0,1547,1027
177.0,201.0,221.0,234.0,249.0,280.0,326.0,1559,1071
178.0,203.0,223.0,236.0,251.0,283.0,328.0,1531,1097
175.0,201.0,224.0,238.0,253.0,290.0,332.0,1539,1116
168.0,197.0,220.0,233.0,247.0,289.0,329.0,1539,1167
169.0,196.0,219.0,232.0,246.0,281.0,329.0,1534,1174
172.0,200.0,221.0,234.0,248.0,281.0,334.0,1539,1224
176.0,204.0,223.0,235.0,248.0,277.0,335.0,1550,1243
186.0,209.0,226.0,237.0,249.0,277.0,336.0,1556,1265
179.0,206.0,224.0,236.0,248.0,272.0,330.0,1541,1297
186.0,207.0,224.0,235.0,246.0,268.0,332.0,1540,1348
175.0,202.0,221.0,232.0,245.0,275.0,333.0,1543,1368
177.0,203.0,221.0,232.0,245.0,269.0,328.0,1544,1384
185.0,207.0,223.0,234.0,245.0,267.0,327.0,1550,1438
167.0,194.0,217.0,228.0,241.0,265.0,331.0,1558,1450
168.0,190.0,214.0,227.0,240.0,264.0,334.0,1534,1494
168.0,193.0,217.0,230.0,242.0,266.0,329.0,1538,1506
174.0,194.0,215.0,227.0,240.0,264.0,328.0,1532,1548
177.0,198.0,219.0,230.0,242.0,264.0,326.0,1552,1585
172.0,195.0,216.0,228.0,240.0,263.0,330.0,1555,1617
169.0,194.0,216.0,229.0,243.0,268.0,331.0,1548,1645
166.0,192.0,216.0,229.0,243.0,269.0,331.0,1549,1662
167.0,193.0,218.0,231.0,245.0,274.0,330.0,1538,1680
174.0,197.0,218.0,230.0,244.0,270.0,333.0,1532,1716
174.0,195.0,217.0,230.0,245.0,277.0,330.0,1550,1765
175.0,196.0,217.0,229.0,243.0,272.0,328.0,1545,1778
173.0,196.0,218.0,231.0,244.0,272.0,337.0,1549,1822
173.0,196.0,219.0,232.0,245.0,270.0,332.0,1538,1831
173.0,197.0,218.0,229.0,242.0,266.0,326.0,1552,1868
177.0,199.0,218.0,229.0,241.0,264.0,321.0,1539,1905
164.0,194.0,218.0,231.0,244.0,268.0,325.0,1554,1947
177.0,199.0,218.0,229.0,241.0,264.0,326.0,1554,1979
173.0,198.0,218.0,230.0,242.0,265.0,329.0,1545,1983
174.0,197.0,219.0,232.0,245.0,277.0,333.0,1555,2028
178.0,199.0,218.0,229.0,241.0,263.0,318.0,1559,2067
181.0,203.0,220.0,230.0,241.0,261.0,315.0,1549,2073
182.0,202.0,220.0,230.0,241.0,261.0,311.0,1538,2112
180.0,202.0,220.0,231.0,243.0,266.0,321.0,1554,2135
175.0,199.0,219.0,231.0,244.0,269.0,322.0,1541,2173
179.0,201.0,220.0,231.0,242.0,264.0,322.0,1544,2208
162.0,193.0,217.0,229.0,243.0,273.0,330.0,1538,2239
167.0,190.0,215.0,228.0,242.0,277.0,327.0,1549,2254
168.0,193.0,216.0,229.0,243.0,279.0,327.0,1550,2280
179.0,199.0,218.0,229.0,241.0,269.0,320.0,1537,2338
182.0,202.0,220.0,232.0,243.0,266.0,320.0,1545,2348
180.0,202.0,220.0,232.0,244.0,268.0,322.0,1543,2387
181.0,203.0,221.0,233.0,245.0,271.0,328.0,1558,2411
180.0,202.0,222.0,234.0,246.0,272.0,324.0,1535,2457
182.0,205.0,223.0,234.0,245.0,269.0,321.0,1555,2461
138.0,200.0,221.0,234.0,247.0,281.0,330.0,1537,2510
115.0,200.0,223.0,236.0,248.0,280.0,330.0,1556,2541
170.0,196.0,218.0,230.0,243.0,275.0,328.0,1537,2552
167.0,193.0,218.0,230.0,242.0,268.0,331.0,1536,2596
165.0,190.0,216.0,229.0,243.0,287.0,337.0,1541,2629
171.0,200.0,221.0,233.0,244.0,270.0,334.0,1530,2646
130.0,177.0,214.0,229.0,246.0,282.0,322.0,1547,2674
121.0,176.0,215.0,230.0,247.0,289.0,332.0,1533,2711
132.0,190.0,218.0,233.0,248.0,280.0,330.0,1552,2753
140.0,189.0,217.0,231.0,247.0,281.0,331.0,1531,2774
174.0,200.0,219.0,230.0,243.0,268.0,324.0,1531,2806
167.0,196.0,219.0,232.0,245.0,279.0,327.0,1542,2821
172.0,198.0,220.0,232.0,245.0,276.0,331.0,1559,2878
172.0,195.0,216.0,228.0,242.0,276.0,338.0,1532,2882
172.0,198.0,221.0,234.0,248.0,280.0,333.0,1551,2915
173.0,198.0,220.0,232.0,245.0,273.0,331.0,1548,2947
172.0,196.0,218.0,230.0,243.0,268.0,327.0,1537,2974
169.0,200.0,222.0,235.0,248.0,273.0,330.0,1532,3000
174.0,195.0,217.0,231.0,244.0,268.0,325.0,1530,3032
168.0,199.0,221.0,234.0,247.0,275.0,327.0,1531,3078
162.0,190.0,217.0,233.0,249.0,289.0,334.0,1540,3119
159.0,189.0,217.0,232.0,250.0,294.0,333.0,1532,3135
170.0,195.0,220.0,234.0,248.0,288.0,331.0,1536,3168
147.0,189.0,218.0,233.0,247.0,294.0,338.0,1537,3203
149.0,197.0,222.0,235.0,248.0,283.0,336.0,1543,3229
127.0,193.0,221.0,235.0,249.0,294.0,339.0,1542,3258
124.0,192.0,221.0,235.0,248.0,288.0,335.0,1546,3289
121.0,187.0,220.0,234.0,249.0,299.0,338.0,1538,3306
139.0,194.0,220.0,234.0,248.0,290.0,335.0,1541,3330
168.0,198.0,224.0,238.0,254.0,292.0,329.0,1560,4
176.0,203.0,222.0,234.0,247.0,276.0,330.0,1575,51
167.0,199.0,224.0,238.0,253.0,295.0,334.0,1565,83
176.0,205.0,227.0,240.0,255.0,295.0,336.0,1573,98
169.0,198.0,227.0,242.0,256.0,290.0,328.0,1579,144
165.0,197.0,225.0,239.0,254.0,293.0,329.0,1575,162
167.0,197.0,223.0,237.0,252.0,292.0,332.0,1578,189
169.0,197.0,224.0,239.0,255.0,294.0,329.0,1564,230
169.0,196.0,222.0,237.0,252.0,294.0,329.0,1588,255
175.0,202.0,226.0,239.0,254.0,290.0,332.0,1562,281
173.0,201.0,224.0,238.0,252.0,290.0,332.0,1568,317
176.0,202.0,222.0,236.0,251.0,294.0,339.0,1582,335
168.0,198.0,224.0,238.0,254.0,298.0,334.0,1565,370
166.0,189.0,217.0,232.0,249.0,295.0,337.0,1580,402
172.0,203.0,224.0,237.0,250.0,289.0,336.0,1578,422
168.0,191.0,221.0,237.0,254.0,296.0,333.0,1566,453
174.0,197.0,219.0,232.0,247.0,283.0,340.0,1586,496
167.0,193.0,221.0,236.0,250.0,286.0,327.0,1566,511
170.0,194.0,220.0,234.0,247.0,277.0,321.0,1576,563
173.0,198.0,219.0,232.0,245.0,273.0,327.0,1588,582
170.0,201.0,224.0,242.0,257.0,291.0,332.0,1589,620
174.0,203.0,226.0,240.0,254.0,289.0,335.0,1576,658
174.0,205.0,227.0,240.0,254.0,292.0,335.0,1567,665
177.0,202.0,225.0,240.0,257.0,297.0,339.0,1561,714
175.0,200.0,223.0,237.0,254.0,292.0,336.0,1578,743
174.0,200.0,223.0,236.0,251.0,285.0,334.0,1588,767
178.0,202.0,221.0,233.0,245.0,271.0,336.0,1585,805
175.0,202.0,224.0,238.0,255.0,292.0,343.0,1569,827
178.0,205.0,229.0,244.0,263.0,307.0,350.0,1568,840
175.0,201.0,226.0,241.0,259.0,305.0,342.0,1563,887
174.0,206.0,228.0,241.0,255.0,291.0,334.0,1585,905
180.0,205.0,222.0,234.0,246.0,272.0,321.0,1576,932
181.0,205.0,223.0,234.0,246.0,280.0,335.0,1566,962
178.0,205.0,225.0,238.0,251.0,283.0,330.0,1583,991
166.0,196.0,220.0,233.0,248.0,285.0,325.0,1588,1040
132.0,184.0,214.0,230.0,249.0,284.0,329.0,1578,1058
147.0,191.0,216.0,229.0,247.0,281.0,330.0,1589,1097
170.0,198.0,220.0,233.0,246.0,280.0,322.0,1577,1110
178.0,204.0,222.0,233.0,246.0,278.0,336.0,1581,1168
176.0,204.0,222.0,233.0,246.0,279.0,336.0,1582,1175
178.0,204.0,223.0,235.0,248.0,280.0,336.0,1585,1211
183.0,206.0,223.0,233.0,244.0,267.0,329.0,1578,1251
189.0,212.0,230.0,242.0,255.0,287.0,335.0,1566,1274
190.0,210.0,227.0,239.0,250.0,278.0,334.0,1578,1292
179.0,204.0,221.0,233.0,246.0,274.0,332.0,1562,1330
183.0,207.0,224.0,235.0,247.0,270.0,330.0,1579,1350
193.0,212.0,229.0,240.0,251.0,277.0,337.0,1574,1401
179.0,206.0,223.0,234.0,246.0,270.0,329.0,1564,1439
175.0,198.0,219.0,230.0,242.0,265.0,328.0,1576,1469
169.0,193.0,217.0,230.0,242.0,266.0,330.0,1574,1497
170.0,190.0,214.0,227.0,241.0,267.0,329.0,1583,1517
182.0,203.0,221.0,232.0,243.0,264.0,324.0,1585,1542
176.0,197.0,218.0,230.0,243.0,268.0,332.0,1587,1563
172.0,196.0,217.0,228.0,240.0,263.0,327.0,1574,1598
167.0,192.0,216.0,228.0,240.0,265.0,334.0,1589,1625
171.0,196.0,218.0,231.0,244.0,268.0,330.0,1577,1666
169.0,194.0,219.0,232.0,245.0,272.0,328.0,1572,1690
173.0,195.0,218.0,231.0,245.0,275.0,329.0,1581,1725
179.0,201.0,220.0,233.0,246.0,272.0,335.0,1572,1755
177.0,197.0,217.0,230.0,244.0,270.0,333.0,1583,1774
174.0,197.0,218.0,230.0,243.0,268.0,329.0,1563,1816
175.0,199.0,218.0,229.0,242.0,265.0,324.0,1580,1850
163.0,193.0,216.0,229.0,243.0,269.0,328.0,1574,1887
174.0,198.0,218.0,230.0,243.0,268.0,323.0,1567,1909
169.0,194.0,218.0,231.0,244.0,269.0,324.0,1582,1928
174.0,198.0,217.0,229.0,241.0,266.0,327.0,1564,1979
177.0,198.0,218.0,230.0,242.0,266.0,333.0,1569,1991
173.0,198.0,220.0,232.0,245.0,271.0,327.0,1560,2034
181.0,201.0,219.0,229.0,240.0,261.0,317.0,1567,2050
177.0,200.0,218.0,230.0,241.0,263.0,313.0,1580,2091
173.0,194.0,216.0,228.0,241.0,269.0,322.0,1573,2114
180.0,201.0,219.0,231.0,243.0,265.0,323.0,1572,2158
178.0,200.0,219.0,231.0,242.0,267.0,327.0,1576,2182
174.0,199.0,218.0,230.0,242.0,266.0,325.0,1573,2197
170.0,195.0,219.0,232.0,245.0,276.0,333.0,1574,2247
175.0,199.0,218.0,229.0,241.0,264.0,326.0,1582,2260
179.0,198.0,217.0,228.0,240.0,265.0,322.0,1587,2288
179.0,200.0,219.0,231.0,243.0,270.0,319.0,1584,2323
179.0,200.0,219.0,231.0,243.0,268.0,329.0,1578,2368
187.0,207.0,223.0,234.0,245.0,266.0,324.0,1573,2399
181.0,204.0,223.0,235.0,247.0,272.0,324.0,1584,2407
181.0,205.0,223.0,235.0,247.0,273.0,321.0,1588,2458
180.0,205.0,224.0,236.0,248.0,275.0,324.0,1577,2472
172.0,199.0,221.0,234.0,248.0,282.0,328.0,1584,2506
122.0,203.0,223.0,235.0,248.0,276.0,327.0,1563,2541
114.0,181.0,215.0,231.0,247.0,279.0,318.0,1579,2550
167.0,190.0,216.0,229.0,243.0,286.0,334.0,1572,2607
139.0,193.0,219.0,232.0,247.0,288.0,335.0,1562,2637
152.0,183.0,215.0,229.0,244.0,281.0,326.0,1561,2654
147.0,187.0,218.0,232.0,247.0,283.0,328.0,1578,2673
163.0,188.0,214.0,227.0,241.0,269.0,324.0,1581,2712
161.0,187.0,215.0,228.0,242.0,273.0,328.0,1563,2746
169.0,196.0,219.0,231.0,242.0,266.0,318.0,1564,2777
169.0,194.0,219.0,234.0,250.0,290.0,332.0,1573,2819
170.0,195.0,217.0,230.0,242.0,270.0,335.0,1583,2838
165.0,189.0,214.0,228.0,243.0,294.0,335.0,1560,2853
171.0,199.0,220.0,233.0,246.0,278.0,336.0,1570,2882
175.0,201.0,222.0,234.0,248.0,280.0,338.0,1573,2925
152.0,188.0,216.0,230.0,244.0,279.0,328.0,1587,2966
170.0,198.0,220.0,232.0,245.0,272.0,332.0,1571,2987
174.0,202.0,223.0,235.0,248.0,271.0,324.0,1583,3018
177.0,201.0,221.0,233.0,246.0,269.0,327.0,1587,3034
172.0,193.0,218.0,232.0,246.0,272.0,326.0,1584,3075
165.0,194.0,218.0,232.0,246.0,288.0,338.0,1567,3112
164.0,198.0,222.0,236.0,249.0,280.0,325.0,1589,3139
140.0,185.0,217.0,232.0,248.0,290.0,328.0,1580,3158
166.0,193.0,218.0,233.0,249.0,290.0,328.0,1568,3201
151.0,195.0,221.0,235.0,247.0,277.0,330.0,1568,3228
127.0,192.0,219.0,233.0,247.0,288.0,334.0,1570,3250
117.0,188.0,224.0,238.0,250.0,281.0,332.0,1583,3293
131.0,193.0,219.0,233.0,247.0,290.0,336.0,1573,3318
123.0,196.0,222.0,236.0,250.0,300.0,341.0,1580,3333
177.0,206.0,226.0,239.0,251.0,282.0,328.0,1606,9
177.0,207.0,227.0,239.0,251.0,281.0,328.0,1597,50
171.0,197.0,222.0,236.0,252.0,296.0,334.0,1615,74
177.0,209.0,230.0,242.0,255.0,286.0,334.0,1597,104
172.0,202.0,227.0,241.0,255.0,287.0,324.0,1592,138
110.0,181.0,216.0,232.0,246.0,286.0,335.0,1613,179
171.0,200.0,224.0,237.0,251.0,293.0,335.0,1590,198
171.0,200.0,222.0,235.0,248.0,289.0,337.0,1604,236
179.0,205.0,223.0,235.0,247.0,277.0,332.0,1618,250
168.0,195.0,223.0,237.0,253.0,299.0,334.0,1593,287
169.0,197.0,218.0,232.0,248.0,297.0,337.0,1610,317
176.0,201.0,224.0,239.0,254.0,290.0,338.0,1610,352
174.0,200.0,222.0,236.0,250.0,292.0,343.0,1597,375
178.0,204.0,222.0,235.0,247.0,277.0,333.0,1607,418
177.0,203.0,224.0,236.0,249.0,277.0,327.0,1600,434
174.0,199.0,222.0,235.0,249.0,286.0,329.0,1617,473
180.0,206.0,226.0,238.0,250.0,278.0,327.0,1615,480
171.0,199.0,224.0,237.0,250.0,288.0,327.0,1599,512
180.0,204.0,225.0,237.0,249.0,277.0,329.0,1613,550
175.0,194.0,214.0,229.0,248.0,301.0,341.0,1596,582
174.0,200.0,221.0,233.0,247.0,286.0,339.0,1615,606
180.0,205.0,224.0,236.0,249.0,280.0,333.0,1609,657
178.0,205.0,225.0,238.0,252.0,286.0,329.0,1619,687
171.0,201.0,228.0,243.0,258.0,293.0,337.0,1601,710
169.0,199.0,224.0,239.0,255.0,293.0,333.0,1607,721
168.0,195.0,219.0,232.0,246.0,277.0,327.0,1602,762
170.0,200.0,221.0,234.0,247.0,278.0,326.0,1611,809
166.0,194.0,218.0,231.0,245.0,272.0,320.0,1600,823
178.0,207.0,229.0,242.0,255.0,287.0,331.0,1591,864
175.0,203.0,221.0,233.0,246.0,280.0,334.0,1619,898
173.0,202.0,223.0,235.0,249.0,282.0,324.0,1597,901
173.0,198.0,220.0,232.0,246.0,276.0,317.0,1596,935
180.0,205.0,224.0,235.0,247.0,278.0,330.0,1593,971
163.0,191.0,220.0,235.0,251.0,289.0,330.0,1598,990
169.0,202.0,221.0,232.0,246.0,279.0,336.0,1595,1020
181.0,204.0,221.0,232.0,244.0,270.0,325.0,1592,1072
180.0,204.0,222.0,234.0,247.0,278.0,333.0,1592,1088
161.0,195.0,218.0,230.0,245.0,280.0,327.0,1591,1115
181.0,206.0,222.0,233.0,245.0,269.0,328.0,1615,1147
179.0,205.0,223.0,234.0,248.0,281.0,334.0,1595,1171
185.0,208.0,228.0,241.0,255.0,297.0,342.0,1619,1228
182.0,205.0,223.0,235.0,249.0,287.0,336.0,1595,1249
189.0,210.0,228.0,240.0,252.0,281.0,336.0,1592,1285
174.0,201.0,219.0,230.0,243.0,268.0,322.0,1611,1290
187.0,209.0,227.0,239.0,251.0,278.0,334.0,1613,1340
189.0,209.0,226.0,237.0,248.0,271.0,332.0,1605,1373
191.0,212.0,229.0,240.0,251.0,275.0,336.0,1600,1409
179.0,204.0,222.0,233.0,246.0,271.0,327.0,1601,1431
166.0,193.0,217.0,230.0,243.0,270.0,331.0,1599,1465
169.0,194.0,217.0,230.0,243.0,269.0,330.0,1613,1486
177.0,197.0,217.0,230.0,242.0,265.0,323.0,1608,1526
175.0,197.0,218.0,229.0,242.0,264.0,330.0,1595,1549
172.0,198.0,219.0,231.0,243.0,265.0,332.0,1605,1576
174.0,198.0,219.0,231.0,243.0,267.0,330.0,1604,1593
168.0,194.0,218.0,231.0,245.0,272.0,333.0,1594,1639
171.0,193.0,218.0,232.0,247.0,287.0,337.0,1594,1655
174.0,195.0,218.0,231.0,245.0,273.0,334.0,1600,1680
175.0,198.0,218.0,230.0,243.0,266.0,330.0,1609,1736
173.0,196.0,217.0,229.0,241.0,265.0,329.0,1616,1769
171.0,195.0,217.0,230.0,242.0,265.0,322.0,1613,1792
173.0,197.0,217.0,229.0,242.0,267.0,325.0,1603,1818
154.0,185.0,213.0,229.0,244.0,274.0,332.0,1607,1840
171.0,195.0,218.0,229.0,241.0,264.0,324.0,1619,1883
166.0,193.0,216.0,229.0,241.0,267.0,328.0,1613,1908
169.0,196.0,218.0,230.0,242.0,269.0,328.0,1603,1924
172.0,198.0,219.0,231.0,243.0,267.0,324.0,1617,1976
175.0,197.0,218.0,230.0,242.0,267.0,326.0,1613,1995
178.0,199.0,219.0,232.0,244.0,270.0,329.0,1601,2030
177.0,198.0,218.0,230.0,242.0,270.0,324.0,1612,2041
173.0,198.0,218.0,230.0,242.0,267.0,316.0,1602,2088
178.0,200.0,220.0,232.0,244.0,267.0,319.0,1617,2107
182.0,203.0,220.0,231.0,242.0,263.0,318.0,1615,2142
175.0,199.0,219.0,231.0,243.0,270.0,325.0,1618,2189
176.0,201.0,221.0,233.0,246.0,272.0,324.0,1604,2191
178.0,201.0,220.0,231.0,243.0,266.0,324.0,1615,2231
179.0,199.0,219.0,230.0,241.0,266.0,324.0,1600,2267
177.0,199.0,219.0,230.0,242.0,266.0,328.0,1602,2306
180.0,201.0,219.0,230.0,241.0,263.0,319.0,1604,2313
182.0,202.0,220.0,230.0,241.0,261.0,320.0,1610,2342
181.0,202.0,221.0,232.0,244.0,269.0,321.0,1606,2382
182.0,204.0,222.0,234.0,246.0,271.0,327.0,1602,2416
180.0,204.0,223.0,235.0,248.0,274.0,323.0,1596,2449
175.0,201.0,222.0,234.0,247.0,277.0,330.0,1597,2478
167.0,202.0,221.0,232.0,245.0,272.0,327.0,1614,2517
172.0,199.0,219.0,231.0,245.0,279.0,328.0,1605,2533
157.0,190.0,218.0,232.0,247.0,286.0,330.0,1600,2574
159.0,190.0,217.0,231.0,246.0,290.0,333.0,1602,2593
108.0,174.0,214.0,230.0,246.0,283.0,330.0,1617,2631
162.0,187.0,215.0,228.0,241.0,273.0,330.0,1611,2661
164.0,190.0,216.0,229.0,243.0,280.0,331.0,1591,2694
169.0,194.0,217.0,229.0,242.0,275.0,332.0,1612,2708
162.0,187.0,214.0,228.0,242.0,272.0,325.0,1600,2738
164.0,191.0,217.0,230.0,243.0,275.0,335.0,1597,2764
169.0,192.0,217.0,230.0,245.0,298.0,347.0,1609,2792
169.0,192.0,216.0,229.0,241.0,264.0,332.0,1591,2841
171.0,192.0,216.0,230.0,244.0,285.0,337.0,1597,2874
171.0,193.0,216.0,229.0,242.0,281.0,333.0,1605,2899
175.0,200.0,220.0,232.0,245.0,272.0,328.0,1598,2937
169.0,195.0,219.0,232.0,247.0,280.0,324.0,1613,2966
169.0,198.0,220.0,233.0,246.0,270.0,327.0,1602,2988
174.0,199.0,220.0,232.0,244.0,267.0,323.0,1595,3000
179.0,202.0,222.0,235.0,247.0,271.0,332.0,1617,3041
167.0,198.0,222.0,236.0,250.0,277.0,327.0,1603,3063
164.0,193.0,219.0,233.0,247.0,272.0,326.0,1615,3102
152.0,192.0,218.0,232.0,246.0,275.0,322.0,1618,3122
160.0,196.0,222.0,235.0,248.0,283.0,330.0,1600,3156
165.0,196.0,221.0,236.0,249.0,293.0,334.0,1599,3202
158.0,197.0,221.0,234.0,247.0,291.0,337.0,1607,3236
153.0,193.0,219.0,233.0,249.0,296.0,343.0,1607,3241
117.0,185.0,221.0,237.0,252.0,298.0,339.0,1611,3290
126.0,192.0,223.0,237.0,251.0,301.0,340.0,1605,3325
139.0,194.0,221.0,234.0,250.0,305.0,344.0,1617,3330
169.0,195.0,221.0,235.0,250.0,292.0,332.0,1627,4
161.0,193.0,220.0,234.0,250.0,283.0,330.0,1641,59
171.0,197.0,220.0,234.0,248.0,285.0,335.0,1632,85
180.0,206.0,224.0,235.0,246.0,270.0,329.0,1644,110
178.0,206.0,224.0,236.0,248.0,276.0,333.0,1629,137
180.0,205.0,222.0,234.0,247.0,274.0,332.0,1649,163
178.0,205.0,223.0,235.0,248.0,280.0,331.0,1621,207
173.0,200.0,221.0,234.0,248.0,291.0,341.0,1637,229
176.0,204.0,225.0,237.0,250.0,284.0,335.0,1640,256
174.0,200.0,222.0,236.0,251.0,297.0,338.0,1625,274
176.0,206.0,226.0,238.0,251.0,281.0,331.0,1645,323
177.0,205.0,224.0,236.0,248.0,272.0,329.0,1645,337
177.0,204.0,224.0,236.0,250.0,279.0,332.0,1637,365
181.0,206.0,225.0,238.0,250.0,279.0,334.0,1641,395
181.0,207.0,225.0,236.0,248.0,271.0,317.0,1646,427
172.0,201.0,227.0,240.0,254.0,287.0,326.0,1648,470
171.0,200.0,228.0,242.0,255.0,288.0,329.0,1629,495
173.0,201.0,224.0,238.0,253.0,286.0,335.0,1630,526
172.0,197.0,223.0,237.0,251.0,290.0,332.0,1634,549
175.0,203.0,225.0,238.0,251.0,283.0,331.0,1633,591
176.0,200.0,220.0,232.0,246.0,288.0,338.0,1623,621
176.0,203.0,225.0,238.0,252.0,291.0,338.0,1622,637
181.0,206.0,224.0,236.0,248.0,276.0,321.0,1621,678
159.0,191.0,216.0,229.0,244.0,273.0,325.0,1632,706
172.0,202.0,225.0,238.0,251.0,277.0,321.0,1642,733
176.0,204.0,226.0,239.0,253.0,278.0,324.0,1629,752
173.0,200.0,225.0,238.0,253.0,285.0,330.0,1645,805
172.0,201.0,224.0,237.0,250.0,283.0,330.0,1642,820
175.0,203.0,224.0,237.0,250.0,278.0,327.0,1647,855
172.0,204.0,224.0,237.0,250.0,277.0,326.0,1631,870
128.0,193.0,220.0,234.0,250.0,291.0,337.0,1641,914
180.0,208.0,226.0,239.0,252.0,283.0,336.0,1645,946
174.0,203.0,221.0,233.0,246.0,276.0,330.0,1621,979
177.0,205.0,224.0,235.0,249.0,280.0,332.0,1643,1010
182.0,207.0,225.0,236.0,248.0,272.0,333.0,1623,1040
182.0,207.0,225.0,237.0,250.0,278.0,331.0,1638,1069
181.0,206.0,224.0,236.0,251.0,286.0,332.0,1641,1090
184.0,208.0,227.0,239.0,253.0,289.0,338.0,1627,1120
188.0,209.0,226.0,239.0,254.0,295.0,340.0,1649,1147
182.0,208.0,227.0,239.0,254.0,295.0,336.0,1636,1170
186.0,209.0,229.0,241.0,253.0,290.0,340.0,1645,1224
188.0,209.0,227.0,241.0,256.0,303.0,345.0,1624,1239
182.0,207.0,224.0,235.0,247.0,271.0,334.0,1621,1271
186.0,209.0,227.0,238.0,249.0,273.0,327.0,1636,1291
186.0,209.0,228.0,241.0,254.0,291.0,339.0,1649,1323
190.0,211.0,228.0,239.0,250.0,276.0,334.0,1620,1350
188.0,208.0,225.0,237.0,248.0,273.0,338.0,1627,1387
178.0,204.0,222.0,233.0,246.0,269.0,333.0,1620,1415
171.0,193.0,216.0,230.0,245.0,276.0,335.0,1644,1469
175.0,197.0,218.0,230.0,243.0,270.0,328.0,1638,1482
176.0,198.0,218.0,230.0,242.0,265.0,329.0,1641,1505
175.0,197.0,218.0,231.0,244.0,268.0,332.0,1637,1557
171.0,194.0,217.0,230.0,244.0,272.0,335.0,1623,1578
168.0,196.0,219.0,231.0,244.0,269.0,334.0,1625,1591
167.0,193.0,218.0,232.0,246.0,275.0,331.0,1639,1635
165.0,192.0,218.0,230.0,243.0,267.0,328.0,1625,1655
167.0,192.0,216.0,229.0,242.0,267.0,330.0,1635,1686
175.0,198.0,218.0,230.0,243.0,269.0,333.0,1620,1724
175.0,196.0,216.0,227.0,240.0,264.0,321.0,1646,1741
172.0,195.0,217.0,230.0,243.0,268.0,331.0,1621,1780
159.0,188.0,214.0,229.0,243.0,270.0,327.0,1646,1825
166.0,192.0,215.0,228.0,242.0,269.0,327.0,1628,1847
170.0,194.0,217.0,229.0,242.0,266.0,323.0,1622,1867
178.0,199.0,219.0,230.0,242.0,266.0,326.0,1640,1919
176.0,198.0,218.0,229.0,240.0,262.0,328.0,1636,1941
175.0,197.0,217.0,229.0,241.0,266.0,326.0,1634,1977
178.0,198.0,218.0,230.0,242.0,265.0,329.0,1625,2001
171.0,195.0,216.0,229.0,242.0,266.0,318.0,1630,2023
174.0,197.0,219.0,231.0,243.0,269.0,323.0,1632,2064
175.0,199.0,219.0,230.0,242.0,264.0,316.0,1625,2083
182.0,203.0,220.0,230.0,240.0,258.0,308.0,1647,2100
178.0,200.0,220.0,232.0,245.0,269.0,323.0,1637,2135
176.0,199.0,220.0,231.0,244.0,272.0,324.0,1623,2176
170.0,195.0,217.0,229.0,242.0,271.0,325.0,1631,2203
179.0,201.0,219.0,231.0,242.0,264.0,322.0,1640,2243
179.0,200.0,220.0,232.0,244.0,268.0,324.0,1635,2267
178.0,201.0,219.0,230.0,241.0,263.0,320.0,1623,2292
171.0,195.0,218.0,231.0,244.0,276.0,326.0,1627,2330
177.0,201.0,220.0,232.0,244.0,271.0,327.0,1630,2341
181.0,203.0,222.0,234.0,245.0,272.0,328.0,1633,2377
182.0,204.0,223.0,234.0,246.0,271.0,327.0,1632,2403
173.0,195.0,218.0,232.0,246.0,282.0,331.0,1632,2445
169.0,199.0,221.0,234.0,248.0,280.0,330.0,1628,2488
164.0,194.0,220.0,234.0,250.0,288.0,328.0,1647,2519
166.0,197.0,220.0,233.0,248.0,290.0,335.0,1647,2537
151.0,194.0,217.0,230.0,245.0,289.0,331.0,1632,2555
133.0,195.0,220.0,232.0,247.0,283.0,331.0,1626,2591
103.0,125.0,211.0,229.0,246.0,283.0,327.0,1621,2616
163.0,192.0,217.0,229.0,243.0,273.0,332.0,1623,2667
165.0,192.0,217.0,229.0,243.0,273.0,332.0,1625,2699
166.0,190.0,217.0,231.0,245.0,278.0,328.0,1643,2710
165.0,191.0,216.0,229.0,242.0,267.0,329.0,1647,2754
166.0,198.0,220.0,232.0,244.0,271.0,331.0,1641,2789
171.0,197.0,219.0,231.0,243.0,269.0,336.0,1626,2807
163.0,187.0,214.0,228.0,244.0,277.0,332.0,1633,2827
172.0,198.0,219.0,230.0,242.0,273.0,329.0,1633,2875
172.0,198.0,219.0,231.0,243.0,276.0,336.0,1636,2883
170.0,202.0,222.0,233.0,245.0,270.0,329.0,1639,2923
175.0,198.0,218.0,230.0,243.0,275.0,332.0,1649,2965
168.0,198.0,220.0,232.0,245.0,271.0,321.0,1623,2985
176.0,197.0,221.0,236.0,250.0,277.0,332.0,1622,3002
180.0,204.0,224.0,237.0,249.0,271.0,327.0,1626,3041
175.0,202.0,222.0,234.0,246.0,272.0,321.0,1628,3076
161.0,194.0,221.0,236.0,250.0,283.0,326.0,1628,3094
169.0,198.0,222.0,236.0,250.0,287.0,332.0,1624,3146
161.0,190.0,216.0,229.0,244.0,300.0,343.0,1642,3179
159.0,193.0,219.0,234.0,249.0,297.0,338.0,1630,3185
173.0,202.0,222.0,235.0,248.0,280.0,338.0,1645,3215
157.0,191.0,218.0,233.0,250.0,296.0,339.0,1627,3254
113.0,189.0,220.0,235.0,252.0,300.0,341.0,1635,3292
118.0,191.0,221.0,235.0,250.0,292.0,337.0,1635,3301
143.0,193.0,219.0,233.0,250.0,305.0,344.0,1620,3333
178.0,204.0,221.0,233.0,246.0,275.0,333.0,1665,15
178.0,202.0,220.0,232.0,246.0,282.0,332.0,1654,42
181.0,205.0,222.0,233.0,245.0,269.0,328.0,1650,64
180.0,206.0,224.0,236.0,248.0,277.0,335.0,1662,116
181.0,207.0,226.0,237.0,249.0,276.0,331.0,1675,147
179.0,207.0,227.0,240.0,252.0,279.0,333.0,1672,179
179.0,207.0,225.0,237.0,249.0,276.0,333.0,1666,205
177.0,205.0,225.0,238.0,251.0,282.0,337.0,1671,217
178.0,206.0,226.0,237.0,248.0,273.0,330.0,1659,253
175.0,204.0,226.0,239.0,253.0,291.0,335.0,1650,296
177.0,207.0,226.0,238.0,250.0,277.0,328.0,1653,308
179.0,205.0,223.0,235.0,246.0,270.0,323.0,1665,352
182.0,208.0,228.0,240.0,252.0,279.0,331.0,1654,388
182.0,209.0,229.0,241.0,252.0,278.0,332.0,1655,395
180.0,205.0,223.0,234.0,246.0,268.0,318.0,1650,420
175.0,205.0,228.0,241.0,255.0,288.0,333.0,1659,456
173.0,199.0,226.0,240.0,253.0,288.0,331.0,1653,508
169.0,192.0,222.0,240.0,254.0,288.0,328.0,1661,533
169.0,194.0,223.0,239.0,253.0,292.0,328.0,1652,549
175.0,200.0,222.0,236.0,250.0,283.0,330.0,1677,590
177.0,202.0,221.0,232.0,246.0,273.0,321.0,1659,623
173.0,198.0,219.0,232.0,246.0,273.0,323.0,1660,637
177.0,203.0,223.0,236.0,249.0,276.0,325.0,1673,678
172.0,203.0,224.0,236.0,250.0,278.0,327.0,1658,692
175.0,204.0,226.0,239.0,253.0,281.0,331.0,1652,726
177.0,205.0,224.0,237.0,250.0,279.0,330.0,1676,761
178.0,207.0,227.0,240.0,253.0,288.0,334.0,1665,787
174.0,205.0,228.0,241.0,255.0,287.0,329.0,1657,810
178.0,207.0,226.0,237.0,249.0,276.0,328.0,1666,866
174.0,204.0,224.0,236.0,248.0,277.0,328.0,1672,883
171.0,203.0,225.0,238.0,252.0,285.0,330.0,1659,914
177.0,207.0,226.0,238.0,251.0,283.0,333.0,1655,950
173.0,205.0,225.0,237.0,250.0,285.0,332.0,1654,963
185.0,210.0,230.0,243.0,256.0,293.0,340.0,1679,1003
183.0,208.0,226.0,238.0,251.0,282.0,329.0,1662,1044
179.0,205.0,224.0,236.0,250.0,289.0,332.0,1672,1074
188.0,210.0,229.0,241.0,255.0,292.0,341.0,1677,1098
186.0,208.0,226.0,238.0,252.0,291.0,339.0,1678,1117
189.0,209.0,227.0,239.0,254.0,293.0,343.0,1651,1147
185.0,208.0,225.0,238.0,254.0,295.0,341.0,1654,1184
183.0,209.0,230.0,242.0,254.0,289.0,337.0,1651,1203
178.0,205.0,223.0,235.0,248.0,277.0,328.0,1665,1251
183.0,206.0,223.0,234.0,244.0,266.0,326.0,1667,1289
187.0,207.0,224.0,236.0,248.0,277.0,337.0,1670,1306
184.0,208.0,228.0,240.0,253.0,288.0,339.0,1657,1331
177.0,204.0,222.0,234.0,246.0,267.0,331.0,1665,1375
180.0,205.0,224.0,237.0,249.0,275.0,332.0,1660,1400
176.0,201.0,221.0,233.0,245.0,271.0,329.0,1662,1437
184.0,204.0,222.0,232.0,244.0,268.0,330.0,1677,1443
174.0,196.0,218.0,230.0,242.0,267.0,329.0,1661,1487
178.0,200.0,218.0,229.0,241.0,262.0,323.0,1652,1529
133.0,186.0,213.0,227.0,241.0,269.0,335.0,1676,1545
165.0,193.0,219.0,232.0,245.0,272.0,332.0,1657,1577
169.0,194.0,218.0,231.0,244.0,270.0,332.0,1663,1593
168.0,193.0,217.0,230.0,244.0,278.0,334.0,1677,1620
170.0,193.0,216.0,229.0,242.0,269.0,331.0,1655,1659
173.0,196.0,217.0,229.0,242.0,265.0,326.0,1659,1704
171.0,196.0,219.0,231.0,244.0,267.0,328.0,1652,1728
172.0,196.0,217.0,228.0,241.0,263.0,320.0,1660,1747
174.0,195.0,215.0,228.0,241.0,264.0,327.0,1668,1779
162.0,191.0,216.0,229.0,243.0,275.0,337.0,1679,1801
175.0,197.0,218.0,230.0,242.0,265.0,326.0,1660,1857
177.0,198.0,217.0,229.0,241.0,263.0,325.0,1674,1865
176.0,198.0,218.0,230.0,243.0,266.0,327.0,1679,1896
166.0,193.0,218.0,232.0,246.0,276.0,328.0,1676,1926
162.0,183.0,210.0,225.0,238.0,260.0,320.0,1658,1961
170.0,191.0,215.0,228.0,241.0,266.0,322.0,1653,2009
172.0,197.0,218.0,229.0,242.0,266.0,320.0,1660,2027
176.0,200.0,220.0,232.0,244.0,268.0,319.0,1674,2055
180.0,200.0,219.0,230.0,241.0,263.0,313.0,1653,2078
180.0,202.0,220.0,232.0,243.0,266.0,321.0,1665,2129
179.0,200.0,220.0,232.0,245.0,271.0,326.0,1675,2144
180.0,202.0,220.0,232.0,243.0,266.0,325.0,1660,2177
174.0,197.0,219.0,231.0,244.0,273.0,328.0,1665,2212
175.0,198.0,219.0,231.0,244.0,272.0,329.0,1658,2239
179.0,200.0,220.0,231.0,243.0,270.0,324.0,1667,2279
177.0,200.0,220.0,231.0,243.0,269.0,327.0,1673,2286
186.0,206.0,222.0,233.0,243.0,261.0,316.0,1664,2319
183.0,204.0,223.0,234.0,245.0,267.0,316.0,1662,2342
171.0,197.0,219.0,231.0,245.0,274.0,334.0,1657,2378
181.0,203.0,220.0,231.0,242.0,262.0,310.0,1679,2418
174.0,201.0,219.0,230.0,241.0,261.0,293.0,1676,2430
167.0,199.0,221.0,233.0,246.0,277.0,325.0,1651,2464
168.0,198.0,220.0,232.0,247.0,283.0,329.0,1653,2501
172.0,200.0,221.0,233.0,246.0,280.0,329.0,1656,2547
119.0,187.0,219.0,234.0,251.0,292.0,331.0,1661,2558
110.0,180.0,214.0,229.0,245.0,279.0,323.0,1654,2595
123.0,184.0,217.0,231.0,246.0,282.0,331.0,1660,2621
165.0,195.0,219.0,232.0,245.0,280.0,331.0,1654,2653
164.0,192.0,217.0,230.0,244.0,275.0,334.0,1654,2674
165.0,188.0,215.0,229.0,244.0,282.0,324.0,1675,2706
163.0,190.0,216.0,228.0,241.0,288.0,334.0,1671,2741
172.0,199.0,220.0,232.0,244.0,268.0,327.0,1675,2789
168.0,197.0,221.0,235.0,248.0,273.0,328.0,1651,2814
162.0,200.0,221.0,233.0,245.0,271.0,329.0,1665,2847
166.0,195.0,218.0,230.0,242.0,265.0,327.0,1659,2872
163.0,194.0,217.0,229.0,241.0,273.0,333.0,1660,2882
165.0,196.0,221.0,234.0,247.0,275.0,330.0,1659,2926
171.0,197.0,219.0,232.0,245.0,271.0,331.0,1660,2951
164.0,192.0,216.0,230.0,243.0,267.0,320.0,1666,2998
171.0,196.0,218.0,231.0,244.0,273.0,321.0,1671,3017
140.0,192.0,219.0,234.0,249.0,287.0,332.0,1678,3043
161.0,192.0,221.0,235.0,249.0,284.0,327.0,1658,3076
175.0,201.0,223.0,236.0,248.0,278.0,329.0,1678,3090
165.0,196.0,219.0,232.0,244.0,269.0,320.0,1674,3123
153.0,194.0,218.0,232.0,246.0,289.0,334.0,1678,3164
170.0,200.0,222.0,234.0,246.0,277.0,331.0,1658,3206
167.0,200.0,221.0,234.0,247.0,280.0,332.0,1669,3214
155.0,195.0,220.0,233.0,249.0,296.0,337.0,1652,3251
157.0,188.0,215.0,228.0,242.0,295.0,338.0,1672,3293
125.0,186.0,216.0,230.0,245.0,299.0,341.0,1671,3304
136.0,188.0,223.0,238.0,254.0,303.0,339.0,1655,3331
180.0,205.0,223.0,234.0,246.0,271.0,329.0,1709,18
177.0,203.0,222.0,233.0,246.0,271.0,328.0,1681,41
183.0,208.0,226.0,238.0,249.0,274.0,328.0,1695,65
182.0,207.0,223.0,234.0,245.0,265.0,323.0,1693,110
173.0,202.0,225.0,238.0,250.0,279.0,326.0,1701,140
164.0,176.0,189.0,197.0,208.0,282.0,323.0,1699,152
175.0,205.0,225.0,237.0,250.0,279.0,324.0,1702,207
177.0,205.0,223.0,234.0,246.0,271.0,321.0,1685,234
176.0,206.0,225.0,237.0,250.0,279.0,326.0,1689,259
177.0,205.0,224.0,236.0,249.0,278.0,327.0,1702,288
177.0,207.0,228.0,241.0,255.0,289.0,330.0,1699,321
177.0,205.0,225.0,237.0,250.0,287.0,332.0,1707,349
181.0,208.0,226.0,237.0,248.0,272.0,322.0,1694,373
180.0,207.0,225.0,236.0,247.0,270.0,324.0,1693,399
181.0,207.0,226.0,239.0,252.0,282.0,332.0,1701,423
181.0,208.0,227.0,239.0,249.0,273.0,328.0,1680,450
170.0,197.0,226.0,239.0,253.0,282.0,327.0,1684,497
183.0,205.0,222.0,233.0,245.0,267.0,325.0,1696,526
175.0,203.0,224.0,237.0,249.0,281.0,328.0,1705,540
178.0,202.0,220.0,231.0,244.0,271.0,324.0,1691,599
178.0,201.0,219.0,231.0,245.0,274.0,323.0,1687,619
178.0,207.0,229.0,244.0,259.0,287.0,331.0,1687,636
176.0,206.0,225.0,237.0,250.0,274.0,319.0,1700,671
184.0,208.0,225.0,236.0,247.0,269.0,318.0,1688,716
172.0,203.0,225.0,238.0,252.0,281.0,325.0,1703,748
175.0,206.0,225.0,238.0,252.0,280.0,328.0,1687,762
185.0,208.0,226.0,238.0,251.0,278.0,331.0,1690,796
177.0,205.0,226.0,239.0,251.0,279.0,329.0,1704,823
172.0,200.0,222.0,234.0,247.0,277.0,328.0,1699,856
172.0,201.0,222.0,234.0,246.0,276.0,327.0,1697,871
174.0,204.0,225.0,236.0,248.0,282.0,330.0,1685,917
178.0,205.0,226.0,240.0,255.0,296.0,336.0,1701,949
184.0,208.0,228.0,240.0,252.0,286.0,340.0,1708,982
189.0,210.0,228.0,240.0,253.0,284.0,333.0,1705,1019
189.0,211.0,231.0,243.0,256.0,286.0,338.0,1682,1027
186.0,208.0,226.0,239.0,253.0,287.0,335.0,1681,1066
184.0,206.0,225.0,238.0,252.0,290.0,336.0,1704,1088
183.0,207.0,226.0,239.0,253.0,290.0,338.0,1691,1113
186.0,207.0,226.0,238.0,251.0,285.0,335.0,1695,1156
184.0,207.0,225.0,237.0,250.0,279.0,332.0,1707,1178
186.0,208.0,227.0,239.0,252.0,280.0,337.0,1705,1209
180.0,205.0,223.0,235.0,247.0,272.0,327.0,1693,1247
185.0,207.0,224.0,235.0,247.0,272.0,327.0,1707,1266
183.0,207.0,225.0,237.0,248.0,272.0,328.0,1709,1316
177.0,203.0,221.0,233.0,247.0,274.0,332.0,1707,1338
181.0,205.0,223.0,235.0,247.0,270.0,326.0,1693,1377
188.0,210.0,227.0,239.0,251.0,274.0,327.0,1704,1386
187.0,208.0,225.0,236.0,248.0,276.0,335.0,1691,1422
177.0,200.0,218.0,229.0,241.0,263.0,327.0,1703,1466
173.0,196.0,217.0,228.0,240.0,263.0,331.0,1696,1488
154.0,186.0,213.0,227.0,240.0,267.0,332.0,1703,1522
161.0,187.0,214.0,228.0,242.0,269.0,332.0,1680,1534
169.0,192.0,217.0,230.0,244.0,267.0,327.0,1688,1560
169.0,191.0,214.0,228.0,243.0,278.0,328.0,1684,1609
175.0,200.0,220.0,233.0,246.0,273.0,329.0,1682,1626
177.0,200.0,219.0,230.0,243.0,266.0,322.0,1686,1657
172.0,194.0,215.0,227.0,240.0,263.0,327.0,1680,1699
176.0,197.0,217.0,228.0,241.0,264.0,328.0,1707,1719
172.0,195.0,217.0,229.0,242.0,266.0,326.0,1692,1754
158.0,187.0,213.0,227.0,241.0,272.0,334.0,1683,1791
166.0,190.0,215.0,229.0,243.0,273.0,332.0,1692,1800
174.0,194.0,216.0,228.0,241.0,265.0,326.0,1701,1844
178.0,198.0,219.0,231.0,243.0,269.0,329.0,1683,1869
170.0,197.0,220.0,232.0,245.0,272.0,328.0,1706,1892
168.0,194.0,218.0,232.0,246.0,277.0,328.0,1684,1920
173.0,197.0,218.0,230.0,242.0,268.0,325.0,1681,1972
178.0,200.0,220.0,230.0,242.0,264.0,320.0,1691,2006
175.0,198.0,218.0,230.0,242.0,265.0,320.0,1691,2016
176.0,200.0,220.0,231.0,243.0,264.0,316.0,1697,2055
176.0,201.0,220.0,232.0,244.0,266.0,320.0,1703,2081
182.0,203.0,220.0,231.0,242.0,262.0,314.0,1689,2119
174.0,197.0,218.0,231.0,243.0,270.0,324.0,1699,2141
181.0,202.0,220.0,230.0,241.0,261.0,312.0,1680,2161
174.0,198.0,219.0,231.0,244.0,275.0,332.0,1697,2196
170.0,194.0,219.0,233.0,248.0,284.0,330.0,1691,2242
175.0,196.0,218.0,229.0,242.0,269.0,326.0,1700,2279
181.0,202.0,222.0,233.0,245.0,267.0,320.0,1705,2286
185.0,205.0,223.0,234.0,245.0,269.0,326.0,1682,2334
181.0,204.0,222.0,233.0,244.0,264.0,308.0,1699,2355
167.0,196.0,219.0,232.0,245.0,276.0,321.0,1699,2387
171.0,200.0,219.0,230.0,242.0,264.0,301.0,1697,2425
173.0,201.0,219.0,230.0,243.0,264.0,291.0,1688,2434
141.0,190.0,218.0,232.0,247.0,286.0,328.0,1691,2468
161.0,195.0,218.0,230.0,246.0,299.0,337.0,1699,2512
143.0,189.0,218.0,232.0,249.0,292.0,333.0,1706,2542
128.0,187.0,216.0,231.0,247.0,280.0,325.0,1702,2559
155.0,188.0,217.0,230.0,244.0,273.0,321.0,1709,2586
121.0,179.0,218.0,233.0,249.0,285.0,328.0,1695,2610
117.0,182.0,217.0,231.0,247.0,292.0,336.0,1702,2644
160.0,185.0,215.0,228.0,243.0,277.0,332.0,1706,2689
160.0,186.0,215.0,229.0,243.0,280.0,332.0,1698,2702
166.0,193.0,217.0,231.0,244.0,290.0,338.0,1689,2755
168.0,196.0,219.0,231.0,244.0,281.0,335.0,1696,2784
167.0,200.0,222.0,234.0,245.0,271.0,330.0,1692,2804
167.0,196.0,220.0,233.0,246.0,275.0,326.0,1709,2832
170.0,198.0,221.0,233.0,245.0,272.0,332.0,1698,2855
124.0,189.0,219.0,235.0,250.0,296.0,344.0,1696,2906
145.0,189.0,220.0,234.0,247.0,273.0,331.0,1686,2930
170.0,199.0,220.0,231.0,243.0,266.0,324.0,1698,2965
156.0,194.0,220.0,232.0,244.0,274.0,322.0,1698,2979
173.0,201.0,223.0,236.0,249.0,274.0,330.0,1688,3026
155.0,194.0,219.0,234.0,249.0,283.0,334.0,1701,3039
111.0,165.0,212.0,231.0,251.0,296.0,335.0,1699,3069
163.0,198.0,219.0,232.0,245.0,275.0,335.0,1703,3106
149.0,194.0,219.0,232.0,247.0,289.0,333.0,1682,3148
156.0,186.0,215.0,230.0,245.0,298.0,338.0,1707,3174
163.0,195.0,218.0,231.0,245.0,277.0,329.0,1685,3182
125.0,183.0,220.0,234.0,249.0,294.0,339.0,1684,3225
164.0,196.0,219.0,231.0,244.0,279.0,338.0,1706,3251
144.0,188.0,216.0,229.0,243.0,293.0,342.0,1686,3298
134.0,190.0,220.0,235.0,249.0,294.0,339.0,1706,3322
125.0,192.0,218.0,231.0,245.0,286.0,335.0,1695,3330
178.0,206.0,224.0,235.0,246.0,269.0,326.0,1724,9
181.0,206.0,222.0,233.0,244.0,266.0,314.0,1722,46
172.0,202.0,223.0,236.0,249.0,284.0,331.0,1736,75
180.0,207.0,225.0,236.0,247.0,270.0,321.0,1715,101
171.0,203.0,226.0,240.0,254.0,288.0,336.0,1724,122
174.0,204.0,226.0,239.0,252.0,282.0,327.0,1722,156
178.0,204.0,222.0,233.0,244.0,265.0,317.0,1727,208
178.0,205.0,225.0,237.0,249.0,277.0,327.0,1717,229
179.0,205.0,223.0,235.0,247.0,272.0,330.0,1737,258
181.0,208.0,227.0,238.0,250.0,276.0,328.0,1714,280
181.0,206.0,224.0,236.0,248.0,277.0,335.0,1726,301
178.0,205.0,225.0,238.0,251.0,285.0,333.0,1711,334
185.0,206.0,224.0,235.0,247.0,273.0,332.0,1738,362
182.0,206.0,223.0,234.0,245.0,266.0,321.0,1736,394
181.0,208.0,227.0,239.0,251.0,275.0,328.0,1735,447
178.0,208.0,229.0,242.0,254.0,285.0,333.0,1721,467
173.0,202.0,226.0,239.0,252.0,287.0,333.0,1722,503
182.0,205.0,223.0,234.0,246.0,271.0,328.0,1728,531
182.0,205.0,221.0,232.0,245.0,270.0,324.0,1728,550
183.0,205.0,222.0,234.0,246.0,271.0,325.0,1715,579
171.0,197.0,221.0,235.0,248.0,275.0,320.0,1727,623
179.0,206.0,224.0,236.0,249.0,273.0,320.0,1734,633
184.0,208.0,226.0,238.0,250.0,275.0,328.0,1728,666
181.0,208.0,228.0,240.0,252.0,279.0,333.0,1713,690
176.0,204.0,225.0,237.0,250.0,279.0,325.0,1738,733
171.0,198.0,223.0,237.0,250.0,280.0,328.0,1716,757
173.0,203.0,221.0,234.0,248.0,278.0,327.0,1724,803
175.0,203.0,223.0,236.0,250.0,282.0,332.0,1730,827
175.0,204.0,224.0,237.0,250.0,279.0,327.0,1715,854
179.0,206.0,222.0,232.0,243.0,264.0,322.0,1728,886
178.0,206.0,223.0,233.0,244.0,264.0,321.0,1726,900
178.0,206.0,225.0,237.0,250.0,280.0,330.0,1716,943
180.0,207.0,227.0,240.0,253.0,294.0,340.0,1723,973
184.0,208.0,228.0,240.0,253.0,289.0,334.0,1726,1009
184.0,208.0,227.0,239.0,252.0,285.0,335.0,1735,1032
179.0,205.0,226.0,239.0,254.0,301.0,343.0,1732,1054
184.0,208.0,227.0,240.0,256.0,294.0,338.0,1719,1081
178.0,204.0,223.0,236.0,251.0,293.0,339.0,1718,1130
183.0,207.0,226.0,238.0,252.0,284.0,339.0,1739,1147
186.0,209.0,227.0,238.0,249.0,277.0,333.0,1721,1192
184.0,208.0,225.0,236.0,247.0,269.0,316.0,1739,1215
185.0,207.0,224.0,235.0,246.0,269.0,328.0,1724,1259
183.0,207.0,225.0,239.0,253.0,288.0,343.0,1727,1279
184.0,206.0,223.0,234.0,246.0,270.0,327.0,1715,1306
179.0,205.0,223.0,234.0,246.0,271.0,328.0,1724,1327
189.0,209.0,226.0,237.0,250.0,278.0,326.0,1713,1376
191.0,209.0,225.0,236.0,248.0,271.0,327.0,1728,1389
190.0,209.0,227.0,239.0,251.0,281.0,332.0,1713,1418
180.0,201.0,220.0,230.0,242.0,262.0,324.0,1724,1444
162.0,185.0,213.0,226.0,238.0,263.0,332.0,1716,1492
170.0,196.0,218.0,230.0,242.0,267.0,327.0,1736,1500
171.0,192.0,215.0,227.0,239.0,264.0,323.0,1729,1535
176.0,199.0,218.0,229.0,241.0,262.0,321.0,1722,1588
178.0,201.0,219.0,231.0,243.0,264.0,320.0,1717,1593
172.0,195.0,216.0,227.0,240.0,264.0,327.0,1737,1636
178.0,199.0,217.0,228.0,240.0,261.0,320.0,1739,1665
174.0,193.0,215.0,227.0,240.0,264.0,323.0,1728,1690
176.0,196.0,217.0,228.0,241.0,263.0,324.0,1730,1721
175.0,195.0,215.0,228.0,240.0,265.0,329.0,1724,1757
159.0,191.0,217.0,230.0,243.0,270.0,332.0,1719,1799
171.0,196.0,218.0,231.0,244.0,269.0,330.0,1720,1804
164.0,190.0,215.0,229.0,243.0,272.0,327.0,1712,1840
171.0,193.0,216.0,228.0,241.0,270.0,324.0,1726,1882
176.0,198.0,218.0,229.0,241.0,266.0,326.0,1737,1914
176.0,197.0,217.0,228.0,242.0,269.0,329.0,1722,1937
176.0,197.0,217.0,229.0,242.0,268.0,330.0,1726,1978
170.0,196.0,219.0,232.0,245.0,272.0,328.0,1732,1992
176.0,200.0,218.0,229.0,241.0,263.0,323.0,1733,2033
182.0,204.0,221.0,231.0,242.0,261.0,317.0,1717,2050
177.0,199.0,219.0,230.0,242.0,265.0,317.0,1739,2092
184.0,204.0,222.0,232.0,243.0,262.0,315.0,1735,2129
178.0,201.0,221.0,233.0,244.0,267.0,318.0,1716,2139
175.0,200.0,220.0,232.0,245.0,270.0,326.0,1724,2165
171.0,195.0,218.0,231.0,247.0,287.0,337.0,1714,2202
172.0,197.0,220.0,233.0,247.0,279.0,328.0,1731,2247
177.0,201.0,221.0,232.0,244.0,270.0,327.0,1715,2264
176.0,200.0,220.0,231.0,243.0,267.0,323.0,1723,2309
181.0,204.0,221.0,232.0,243.0,264.0,320.0,1726,2318
180.0,204.0,222.0,234.0,245.0,267.0,323.0,1714,2361
175.0,199.0,220.0,232.0,245.0,272.0,318.0,1717,2388
112.0,178.0,215.0,231.0,247.0,282.0,321.0,1726,2424
150.0,187.0,217.0,233.0,249.0,280.0,319.0,1719,2432
170.0,195.0,220.0,233.0,248.0,289.0,336.0,1723,2470
130.0,187.0,217.0,232.0,250.0,295.0,336.0,1723,2518
136.0,187.0,216.0,230.0,245.0,279.0,320.0,1738,2535
163.0,189.0,217.0,231.0,246.0,278.0,324.0,1722,2573
128.0,192.0,220.0,234.0,247.0,283.0,328.0,1720,2590
162.0,193.0,218.0,232.0,246.0,286.0,331.0,1739,2630
156.0,186.0,216.0,231.0,247.0,296.0,338.0,1723,2660
159.0,192.0,217.0,229.0,243.0,281.0,339.0,1731,2687
159.0,188.0,216.0,230.0,246.0,294.0,339.0,1720,2721
166.0,193.0,218.0,232.0,245.0,278.0,333.0,1719,2753
163.0,193.0,218.0,231.0,245.0,285.0,335.0,1717,2763
165.0,195.0,218.0,231.0,244.0,277.0,335.0,1713,2803
119.0,186.0,218.0,232.0,247.0,285.0,331.0,1733,2839
143.0,189.0,220.0,235.0,250.0,284.0,331.0,1735,2869
120.0,189.0,217.0,231.0,246.0,285.0,335.0,1735,2898
137.0,185.0,219.0,233.0,246.0,285.0,324.0,1718,2936
170.0,195.0,217.0,229.0,242.0,284.0,332.0,1738,2964
166.0,190.0,215.0,228.0,242.0,274.0,335.0,1725,2994
164.0,195.0,222.0,234.0,245.0,271.0,332.0,1712,3025
170.0,197.0,221.0,234.0,247.0,284.0,342.0,1731,3032
134.0,192.0,220.0,235.0,250.0,283.0,332.0,1732,3063
164.0,195.0,220.0,234.0,247.0,284.0,331.0,1712,3101
167.0,200.0,220.0,232.0,244.0,268.0,329.0,1720,3131
140.0,187.0,216.0,231.0,247.0,299.0,336.0,1718,3176
151.0,196.0,220.0,233.0,247.0,290.0,331.0,1733,3188
167.0,196.0,218.0,230.0,242.0,276.0,331.0,1719,3216
158.0,197.0,219.0,231.0,245.0,281.0,330.0,1720,3245
151.0,196.0,219.0,232.0,247.0,287.0,337.0,1724,3295
126.0,188.0,217.0,230.0,245.0,298.0,340.0,1729,3317
143.0,195.0,220.0,233.0,247.0,290.0,334.0,1720,3333
173.0,201.0,224.0,237.0,252.0,284.0,327.0,1762,19
176.0,205.0,225.0,238.0,250.0,278.0,321.0,1743,33
177.0,204.0,224.0,237.0,250.0,283.0,333.0,1750,89
180.0,205.0,224.0,236.0,249.0,281.0,334.0,1758,116
179.0,205.0,224.0,236.0,250.0,281.0,335.0,1760,131
176.0,202.0,221.0,233.0,246.0,273.0,333.0,1740,171
178.0,203.0,221.0,233.0,245.0,272.0,334.0,1758,196
179.0,203.0,220.0,231.0,243.0,266.0,326.0,1764,238
179.0,203.0,220.0,231.0,243.0,268.0,336.0,1755,243
180.0,204.0,222.0,233.0,246.0,272.0,334.0,1756,276
183.0,208.0,226.0,238.0,251.0,277.0,334.0,1743,311
181.0,205.0,223.0,236.0,249.0,277.0,331.0,1756,337
184.0,206.0,222.0,232.0,242.0,262.0,309.0,1762,385
187.0,207.0,222.0,233.0,244.0,263.0,312.0,1766,405
181.0,205.0,222.0,234.0,245.0,268.0,321.0,1751,441
184.0,208.0,227.0,238.0,250.0,273.0,324.0,1745,456
185.0,205.0,221.0,232.0,244.0,268.0,326.0,1753,504
184.0,207.0,225.0,236.0,248.0,272.0,329.0,1742,527
171.0,199.0,221.0,234.0,247.0,277.0,328.0,1749,545
185.0,207.0,223.0,234.0,245.0,267.0,316.0,1759,585
182.0,210.0,228.0,240.0,252.0,277.0,326.0,1749,626
187.0,211.0,229.0,240.0,252.0,276.0,322.0,1755,639
174.0,204.0,225.0,237.0,251.0,279.0,326.0,1768,676
176.0,203.0,224.0,237.0,249.0,276.0,330.0,1765,716
177.0,205.0,226.0,238.0,251.0,276.0,327.0,1751,748
176.0,204.0,225.0,238.0,250.0,275.0,322.0,1748,775
174.0,203.0,225.0,238.0,251.0,280.0,326.0,1754,806
175.0,206.0,226.0,238.0,251.0,279.0,328.0,1751,817
175.0,203.0,224.0,237.0,249.0,275.0,327.0,1760,861
176.0,203.0,224.0,236.0,248.0,276.0,324.0,1753,897
176.0,206.0,226.0,237.0,248.0,270.0,326.0,1750,922
177.0,207.0,226.0,237.0,248.0,270.0,328.0,1751,941
177.0,204.0,224.0,236.0,248.0,276.0,329.0,1759,964
180.0,205.0,225.0,237.0,250.0,281.0,335.0,1743,1014
176.0,206.0,227.0,239.0,250.0,277.0,328.0,1769,1032
170.0,201.0,224.0,238.0,253.0,295.0,334.0,1752,1061
173.0,202.0,223.0,236.0,252.0,300.0,340.0,1746,1098
181.0,204.0,224.0,238.0,253.0,291.0,337.0,1752,1124
179.0,204.0,223.0,234.0,247.0,272.0,331.0,1743,1162
187.0,208.0,225.0,236.0,247.0,268.0,325.0,1761,1192
186.0,207.0,224.0,236.0,246.0,266.0,324.0,1752,1206
181.0,206.0,224.0,236.0,248.0,273.0,328.0,1759,1239
184.0,207.0,224.0,235.0,246.0,268.0,314.0,1761,1273
175.0,204.0,222.0,234.0,248.0,273.0,323.0,1768,1299
180.0,205.0,223.0,234.0,246.0,270.0,318.0,1765,1322
181.0,203.0,220.0,231.0,243.0,266.0,319.0,1758,1366
184.0,205.0,221.0,231.0,242.0,264.0,319.0,1746,1383
119.0,185.0,220.0,238.0,255.0,288.0,332.0,1757,1437
170.0,196.0,218.0,230.0,243.0,267.0,327.0,1767,1450
174.0,197.0,217.0,228.0,240.0,262.0,322.0,1751,1499
172.0,195.0,217.0,229.0,241.0,265.0,324.0,1751,1504
170.0,191.0,215.0,227.0,240.0,267.0,323.0,1744,1543
176.0,198.0,217.0,228.0,240.0,262.0,323.0,1758,1580
175.0,196.0,217.0,229.0,241.0,264.0,329.0,1765,1604
171.0,193.0,216.0,229.0,242.0,267.0,325.0,1752,1639
176.0,197.0,216.0,228.0,240.0,261.0,319.0,1765,1675
175.0,195.0,216.0,228.0,240.0,263.0,323.0,1767,1685
173.0,194.0,215.0,228.0,241.0,266.0,328.0,1754,1717
170.0,191.0,215.0,228.0,242.0,271.0,332.0,1767,1751
157.0,187.0,213.0,227.0,241.0,269.0,333.0,1758,1779
174.0,196.0,218.0,230.0,242.0,266.0,321.0,1740,1829
171.0,195.0,217.0,229.0,241.0,265.0,324.0,1743,1830
177.0,198.0,218.0,229.0,241.0,265.0,326.0,1744,1872
176.0,198.0,218.0,230.0,242.0,267.0,327.0,1743,1907
173.0,198.0,218.0,230.0,242.0,267.0,323.0,1768,1932
177.0,198.0,217.0,229.0,241.0,265.0,325.0,1740,1968
179.0,200.0,218.0,229.0,240.0,262.0,318.0,1743,1995
171.0,196.0,218.0,230.0,242.0,267.0,318.0,1757,2031
174.0,198.0,219.0,231.0,244.0,268.0,322.0,1742,2057
177.0,200.0,219.0,231.0,244.0,268.0,318.0,1758,2072
181.0,201.0,219.0,230.0,242.0,264.0,314.0,1748,2107
180.0,202.0,221.0,233.0,245.0,269.0,323.0,1755,2152
175.0,200.0,221.0,233.0,247.0,280.0,331.0,1741,2174
162.0,193.0,219.0,232.0,246.0,277.0,330.0,1764,2203
176.0,201.0,221.0,233.0,246.0,273.0,326.0,1767,2232
172.0,196.0,219.0,232.0,245.0,272.0,321.0,1752,2257
181.0,203.0,222.0,234.0,246.0,269.0,319.0,1751,2308
176.0,201.0,220.0,231.0,243.0,269.0,321.0,1765,2338
180.0,203.0,221.0,232.0,243.0,266.0,320.0,1748,2349
112.0,187.0,214.0,226.0,239.0,274.0,327.0,1755,2382
123.0,185.0,217.0,231.0,244.0,272.0,318.0,1758,2417
161.0,193.0,217.0,229.0,243.0,273.0,325.0,1753,2454
152.0,193.0,220.0,233.0,248.0,285.0,327.0,1741,2463
163.0,195.0,219.0,232.0,247.0,288.0,332.0,1740,2499
162.0,191.0,217.0,231.0,246.0,279.0,323.0,1761,2548
148.0,187.0,216.0,230.0,244.0,279.0,327.0,1763,2554
166.0,195.0,218.0,230.0,242.0,265.0,307.0,1755,2588
164.0,196.0,218.0,230.0,243.0,275.0,332.0,1757,2636
174.0,203.0,221.0,233.0,245.0,271.0,327.0,1769,2642
169.0,196.0,219.0,231.0,244.0,281.0,331.0,1749,2681
162.0,194.0,219.0,232.0,246.0,281.0,331.0,1762,2720
147.0,194.0,219.0,232.0,247.0,285.0,335.0,1756,2749
147.0,193.0,220.0,233.0,247.0,284.0,329.0,1758,2767
132.0,193.0,220.0,235.0,249.0,280.0,325.0,1747,2809
158.0,194.0,222.0,237.0,251.0,292.0,337.0,1757,2841
157.0,186.0,216.0,232.0,248.0,288.0,330.0,1764,2872
141.0,193.0,221.0,236.0,251.0,284.0,327.0,1762,2899
171.0,193.0,216.0,229.0,243.0,286.0,341.0,1756,2937
173.0,195.0,217.0,231.0,244.0,276.0,339.0,1769,2956
168.0,197.0,218.0,231.0,244.0,284.0,337.0,1759,2978
177.0,201.0,221.0,234.0,246.0,290.0,344.0,1765,3018
166.0,190.0,217.0,233.0,248.0,290.0,342.0,1741,3040
118.0,176.0,217.0,235.0,251.0,288.0,335.0,1742,3077
117.0,176.0,216.0,233.0,251.0,300.0,342.0,1766,3112
118.0,180.0,218.0,233.0,250.0,296.0,337.0,1750,3140
112.0,178.0,214.0,229.0,247.0,300.0,339.0,1754,3175
127.0,196.0,221.0,234.0,249.0,299.0,342.0,1744,3199
155.0,196.0,220.0,233.0,246.0,280.0,337.0,1747,3230
147.0,195.0,220.0,233.0,247.0,294.0,338.0,1766,3250
151.0,200.0,223.0,235.0,249.0,292.0,337.0,1752,3287
157.0,199.0,222.0,234.0,248.0,285.0,336.0,1758,3303
148.0,200.0,222.0,233.0,246.0,279.0,337.0,1747,3332
172.0,201.0,222.0,235.0,250.0,289.0,336.0,1781,12
178.0,205.0,223.0,236.0,249.0,279.0,337.0,1788,33
176.0,204.0,223.0,235.0,247.0,275.0,335.0,1783,83
176.0,202.0,221.0,232.0,245.0,271.0,334.0,1794,113
176.0,202.0,222.0,234.0,247.0,276.0,335.0,1789,129
183.0,207.0,226.0,237.0,249.0,274.0,327.0,1787,159
174.0,203.0,224.0,237.0,251.0,286.0,335.0,1778,204
181.0,205.0,223.0,235.0,248.0,276.0,335.0,1787,211
183.0,206.0,222.0,233.0,245.0,265.0,326.0,1799,241
177.0,205.0,223.0,234.0,247.0,274.0,326.0,1792,292
160.0,197.0,221.0,234.0,247.0,275.0,329.0,1798,325
184.0,206.0,222.0,233.0,244.0,263.0,323.0,1776,340
185.0,205.0,222.0,233.0,245.0,267.0,328.0,1790,377
182.0,205.0,223.0,234.0,246.0,268.0,328.0,1784,398
139.0,196.0,221.0,236.0,250.0,282.0,330.0,1798,446
176.0,201.0,221.0,234.0,247.0,278.0,339.0,1771,452
184.0,206.0,224.0,236.0,248.0,270.0,328.0,1777,491
178.0,203.0,222.0,234.0,247.0,272.0,325.0,1775,523
170.0,199.0,221.0,233.0,246.0,273.0,324.0,1771,547
183.0,206.0,224.0,235.0,247.0,269.0,318.0,1780,582
181.0,208.0,228.0,241.0,254.0,287.0,330.0,1787,613
180.0,210.0,231.0,244.0,258.0,292.0,333.0,1795,651
174.0,204.0,224.0,237.0,252.0,283.0,330.0,1771,689
176.0,205.0,226.0,239.0,251.0,279.0,327.0,1785,699
177.0,205.0,225.0,238.0,250.0,277.0,328.0,1775,725
179.0,205.0,224.0,236.0,248.0,275.0,328.0,1777,778
176.0,205.0,226.0,238.0,249.0,273.0,328.0,1790,787
175.0,204.0,225.0,237.0,250.0,279.0,328.0,1770,819
184.0,209.0,229.0,241.0,253.0,282.0,336.0,1787,853
172.0,199.0,222.0,234.0,246.0,273.0,330.0,1780,872
174.0,202.0,224.0,235.0,246.0,269.0,335.0,1782,916
173.0,200.0,223.0,235.0,247.0,276.0,336.0,1794,931
181.0,208.0,228.0,241.0,255.0,297.0,343.0,1770,989
180.0,206.0,227.0,240.0,252.0,282.0,328.0,1792,1003
172.0,201.0,224.0,238.0,251.0,292.0,335.0,1783,1023
182.0,207.0,226.0,239.0,254.0,299.0,344.0,1779,1075
181.0,205.0,223.0,234.0,246.0,268.0,323.0,1799,1107
181.0,206.0,224.0,237.0,250.0,288.0,339.0,1770,1116
181.0,205.0,222.0,232.0,244.0,266.0,315.0,1786,1161
181.0,205.0,223.0,235.0,248.0,273.0,325.0,1776,1170
178.0,205.0,222.0,233.0,246.0,269.0,312.0,1783,1223
179.0,203.0,221.0,232.0,244.0,266.0,320.0,1796,1248
179.0,204.0,223.0,234.0,246.0,269.0,321.0,1781,1287
178.0,203.0,221.0,232.0,243.0,267.0,329.0,1773,1291
180.0,203.0,220.0,231.0,242.0,265.0,318.0,1788,1322
180.0,202.0,220.0,230.0,242.0,264.0,320.0,1787,1364
179.0,203.0,221.0,232.0,244.0,268.0,320.0,1788,1387
176.0,202.0,220.0,232.0,243.0,266.0,322.0,1770,1413
179.0,203.0,221.0,232.0,244.0,265.0,322.0,1792,1441
174.0,196.0,217.0,228.0,240.0,265.0,320.0,1784,1485
179.0,201.0,219.0,230.0,241.0,261.0,316.0,1779,1519
178.0,200.0,219.0,229.0,240.0,260.0,311.0,1795,1538
180.0,201.0,218.0,228.0,239.0,259.0,317.0,1784,1565
174.0,197.0,217.0,229.0,241.0,264.0,328.0,1785,1598
174.0,195.0,216.0,227.0,239.0,261.0,328.0,1782,1629
174.0,194.0,216.0,228.0,241.0,264.0,327.0,1782,1676
176.0,196.0,216.0,227.0,239.0,262.0,327.0,1780,1684
171.0,193.0,216.0,229.0,243.0,270.0,331.0,1787,1717
165.0,188.0,213.0,227.0,242.0,273.0,334.0,1774,1764
159.0,185.0,212.0,227.0,242.0,270.0,328.0,1772,1794
171.0,197.0,221.0,234.0,247.0,274.0,328.0,1793,1811
175.0,200.0,222.0,235.0,248.0,273.0,319.0,1791,1832
172.0,198.0,219.0,231.0,243.0,268.0,321.0,1790,1878
170.0,194.0,217.0,229.0,242.0,266.0,322.0,1789,1892
172.0,197.0,218.0,230.0,242.0,265.0,323.0,1781,1934
173.0,197.0,217.0,229.0,241.0,263.0,321.0,1786,1952
177.0,201.0,219.0,230.0,242.0,263.0,319.0,1784,2009
180.0,202.0,220.0,230.0,242.0,264.0,318.0,1782,2028
177.0,198.0,218.0,230.0,244.0,274.0,328.0,1799,2044
177.0,200.0,220.0,233.0,245.0,269.0,322.0,1785,2077
174.0,201.0,221.0,233.0,246.0,273.0,325.0,1775,2126
176.0,198.0,218.0,229.0,242.0,268.0,324.0,1775,2138
169.0,194.0,218.0,231.0,246.0,276.0,327.0,1798,2179
176.0,201.0,221.0,233.0,247.0,276.0,324.0,1773,2216
177.0,201.0,220.0,231.0,243.0,269.0,328.0,1783,2238
181.0,203.0,220.0,231.0,242.0,265.0,324.0,1786,2261
184.0,205.0,222.0,232.0,242.0,262.0,316.0,1798,2295
179.0,202.0,220.0,231.0,242.0,263.0,317.0,1777,2314
167.0,196.0,218.0,231.0,244.0,269.0,312.0,1793,2357
169.0,198.0,219.0,232.0,245.0,272.0,318.0,1793,2375
111.0,189.0,217.0,230.0,244.0,274.0,322.0,1772,2419
164.0,192.0,216.0,229.0,244.0,276.0,331.0,1798,2445
163.0,194.0,217.0,229.0,242.0,268.0,317.0,1782,2462
131.0,187.0,215.0,228.0,242.0,266.0,313.0,1793,2496
153.0,189.0,218.0,232.0,246.0,278.0,323.0,1791,2532
167.0,195.0,218.0,231.0,245.0,277.0,325.0,1789,2551
138.0,197.0,219.0,231.0,245.0,283.0,332.0,1774,2588
168.0,195.0,218.0,231.0,245.0,281.0,331.0,1788,2623
163.0,198.0,221.0,235.0,249.0,282.0,335.0,1790,2651
169.0,198.0,219.0,231.0,244.0,272.0,331.0,1777,2692
111.0,140.0,213.0,231.0,247.0,288.0,329.0,1795,2700
121.0,192.0,219.0,232.0,245.0,277.0,327.0,1785,2757
152.0,190.0,220.0,235.0,251.0,291.0,337.0,1795,2778
127.0,188.0,217.0,231.0,246.0,283.0,330.0,1798,2816
139.0,184.0,216.0,232.0,249.0,292.0,331.0,1790,2827
159.0,188.0,219.0,235.0,251.0,299.0,338.0,1790,2858
171.0,199.0,220.0,232.0,244.0,267.0,327.0,1779,2907
174.0,200.0,221.0,234.0,246.0,268.0,325.0,1770,2922
172.0,196.0,218.0,230.0,244.0,270.0,336.0,1776,2946
170.0,195.0,218.0,231.0,243.0,279.0,333.0,1790,2990
173.0,203.0,226.0,240.0,252.0,281.0,336.0,1797,3028
142.0,193.0,220.0,234.0,249.0,300.0,350.0,1774,3046
123.0,182.0,216.0,232.0,249.0,292.0,336.0,1779,3066
121.0,185.0,218.0,233.0,249.0,292.0,338.0,1772,3107
160.0,196.0,223.0,237.0,252.0,295.0,335.0,1786,3131
165.0,195.0,219.0,233.0,248.0,291.0,334.0,1790,3155
172.0,200.0,221.0,233.0,246.0,298.0,338.0,1799,3200
165.0,198.0,221.0,234.0,249.0,290.0,335.0,1778,3226
154.0,195.0,220.0,234.0,248.0,291.0,332.0,1775,3259
139.0,190.0,219.0,234.0,250.0,298.0,341.0,1786,3285
130.0,196.0,222.0,235.0,249.0,289.0,333.0,1787,3324
123.0,196.0,221.0,233.0,246.0,284.0,336.0,1779,3331
179.0,204.0,222.0,233.0,246.0,271.0,329.0,1826,25
186.0,207.0,223.0,234.0,245.0,264.0,311.0,1815,44
184.0,205.0,221.0,231.0,242.0,261.0,309.0,1822,69
180.0,205.0,223.0,234.0,247.0,276.0,329.0,1821,102
178.0,204.0,222.0,233.0,245.0,269.0,323.0,1812,149
181.0,205.0,223.0,234.0,246.0,271.0,333.0,1809,173
180.0,204.0,222.0,233.0,245.0,270.0,330.0,1819,201
178.0,203.0,221.0,233.0,246.0,272.0,330.0,1819,211
181.0,205.0,223.0,233.0,245.0,266.0,322.0,1811,241
178.0,206.0,225.0,236.0,249.0,278.0,332.0,1814,284
174.0,202.0,222.0,234.0,247.0,270.0,318.0,1809,327
172.0,201.0,221.0,234.0,247.0,274.0,332.0,1817,355
165.0,194.0,220.0,233.0,247.0,275.0,330.0,1810,365
184.0,206.0,223.0,234.0,246.0,269.0,335.0,1801,414
180.0,205.0,223.0,235.0,247.0,274.0,327.0,1816,438
173.0,200.0,224.0,238.0,253.0,288.0,328.0,1826,467
168.0,197.0,221.0,234.0,248.0,280.0,325.0,1803,494
177.0,207.0,229.0,241.0,254.0,286.0,335.0,1829,521
175.0,201.0,226.0,240.0,255.0,292.0,329.0,1822,554
183.0,209.0,227.0,239.0,251.0,276.0,322.0,1805,591
180.0,206.0,225.0,237.0,250.0,278.0,329.0,1819,627
183.0,210.0,230.0,242.0,255.0,286.0,330.0,1801,644
175.0,203.0,226.0,238.0,251.0,282.0,330.0,1801,685
178.0,207.0,228.0,240.0,252.0,278.0,329.0,1810,718
175.0,205.0,226.0,239.0,252.0,278.0,327.0,1810,724
178.0,208.0,227.0,239.0,251.0,275.0,326.0,1819,753
177.0,207.0,227.0,239.0,251.0,272.0,321.0,1817,802
176.0,207.0,228.0,241.0,253.0,276.0,321.0,1803,812
179.0,207.0,227.0,240.0,252.0,282.0,335.0,1806,858
181.0,207.0,227.0,238.0,250.0,276.0,335.0,1803,875
177.0,205.0,223.0,234.0,245.0,267.0,328.0,1812,914
177.0,205.0,227.0,239.0,252.0,291.0,346.0,1824,955
179.0,207.0,226.0,238.0,249.0,278.0,342.0,1815,967
174.0,202.0,225.0,238.0,251.0,286.0,333.0,1802,1011
184.0,208.0,227.0,239.0,251.0,280.0,336.0,1820,1043
184.0,206.0,223.0,234.0,246.0,269.0,326.0,1829,1072
177.0,202.0,222.0,234.0,248.0,280.0,327.0,1826,1106
182.0,205.0,223.0,234.0,246.0,271.0,320.0,1813,1127
185.0,207.0,224.0,234.0,245.0,266.0,318.0,1806,1142
180.0,205.0,224.0,236.0,250.0,282.0,330.0,1820,1181
182.0,205.0,223.0,234.0,245.0,270.0,320.0,1804,1204
182.0,205.0,221.0,231.0,242.0,263.0,311.0,1802,1257
179.0,203.0,220.0,230.0,241.0,261.0,313.0,1807,1272
181.0,204.0,223.0,235.0,247.0,273.0,324.0,1824,1308
184.0,205.0,222.0,232.0,243.0,264.0,314.0,1806,1346
184.0,205.0,222.0,233.0,244.0,266.0,316.0,1803,1378
186.0,207.0,223.0,233.0,244.0,264.0,314.0,1820,1399
185.0,205.0,222.0,233.0,244.0,265.0,319.0,1813,1411
177.0,197.0,217.0,228.0,241.0,264.0,325.0,1805,1469
178.0,200.0,219.0,230.0,242.0,264.0,318.0,1817,1487
177.0,197.0,217.0,227.0,239.0,261.0,319.0,1808,1513
177.0,197.0,217.0,228.0,240.0,263.0,327.0,1801,1554
178.0,199.0,218.0,229.0,241.0,263.0,321.0,1819,1572
169.0,194.0,216.0,230.0,244.0,274.0,330.0,1828,1595
175.0,196.0,217.0,229.0,241.0,262.0,322.0,1818,1641
171.0,192.0,216.0,229.0,243.0,268.0,330.0,1826,1658
166.0,189.0,213.0,226.0,238.0,263.0,326.0,1829,1694
147.0,183.0,210.0,225.0,241.0,279.0,333.0,1800,1738
130.0,180.0,207.0,224.0,240.0,277.0,331.0,1801,1744
174.0,199.0,220.0,233.0,245.0,269.0,325.0,1809,1796
174.0,199.0,220.0,231.0,243.0,265.0,322.0,1812,1803
170.0,196.0,219.0,232.0,245.0,269.0,324.0,1801,1835
174.0,199.0,217.0,228.0,240.0,260.0,317.0,1814,1880
173.0,196.0,216.0,227.0,239.0,261.0,318.0,1812,1918
175.0,198.0,217.0,229.0,241.0,262.0,322.0,1809,1920
172.0,198.0,218.0,229.0,241.0,263.0,322.0,1804,1955
178.0,200.0,219.0,231.0,244.0,271.0,326.0,1812,1999
174.0,200.0,219.0,231.0,243.0,269.0,325.0,1821,2028
176.0,201.0,220.0,231.0,244.0,269.0,319.0,1817,2054
178.0,201.0,219.0,231.0,243.0,267.0,317.0,1807,2080
177.0,201.0,219.0,230.0,243.0,266.0,322.0,1801,2115
174.0,196.0,217.0,229.0,242.0,271.0,327.0,1810,2139
178.0,201.0,219.0,231.0,243.0,267.0,323.0,1822,2180
173.0,198.0,220.0,233.0,246.0,278.0,327.0,1820,2214
175.0,200.0,220.0,232.0,245.0,274.0,327.0,1822,2231
176.0,200.0,219.0,230.0,242.0,267.0,323.0,1819,2257
180.0,203.0,220.0,231.0,242.0,262.0,318.0,1800,2301
160.0,192.0,217.0,230.0,244.0,269.0,313.0,1829,2333
163.0,197.0,218.0,230.0,245.0,274.0,324.0,1810,2365
168.0,199.0,220.0,232.0,245.0,271.0,319.0,1801,2377
170.0,198.0,219.0,231.0,244.0,271.0,327.0,1811,2413
169.0,196.0,218.0,230.0,243.0,272.0,329.0,1811,2445
178.0,201.0,219.0,230.0,242.0,268.0,324.0,1813,2462
178.0,200.0,219.0,230.0,243.0,269.0,329.0,1818,2496
171.0,199.0,220.0,232.0,245.0,277.0,329.0,1806,2549
173.0,199.0,220.0,232.0,246.0,278.0,328.0,1812,2572
178.0,203.0,221.0,233.0,246.0,273.0,323.0,1812,2605
175.0,200.0,219.0,231.0,243.0,270.0,325.0,1805,2612
169.0,200.0,220.0,233.0,246.0,275.0,325.0,1818,2652
119.0,180.0,218.0,233.0,249.0,287.0,326.0,1825,2695
129.0,191.0,220.0,235.0,249.0,283.0,330.0,1811,2708
122.0,184.0,219.0,234.0,249.0,285.0,326.0,1810,2744
131.0,189.0,220.0,235.0,252.0,290.0,331.0,1811,2773
159.0,193.0,219.0,233.0,247.0,280.0,332.0,1825,2807
165.0,196.0,220.0,233.0,246.0,272.0,324.0,1817,2823
160.0,197.0,222.0,236.0,250.0,283.0,332.0,1818,2856
164.0,195.0,220.0,233.0,246.0,280.0,333.0,1823,2885
166.0,195.0,220.0,233.0,247.0,288.0,336.0,1809,2912
165.0,191.0,218.0,234.0,247.0,283.0,336.0,1824,2962
166.0,194.0,218.0,232.0,245.0,285.0,338.0,1805,2975
136.0,192.0,221.0,236.0,252.0,296.0,335.0,1827,3018
117.0,185.0,220.0,235.0,250.0,298.0,338.0,1819,3043
127.0,186.0,217.0,231.0,247.0,278.0,328.0,1817,3071
165.0,200.0,221.0,233.0,246.0,276.0,331.0,1825,3109
159.0,194.0,219.0,232.0,246.0,280.0,329.0,1811,3126
171.0,199.0,221.0,233.0,247.0,274.0,322.0,1819,3166
173.0,201.0,219.0,230.0,241.0,264.0,330.0,1804,3197
173.0,203.0,223.0,236.0,250.0,290.0,337.0,1827,3225
119.0,187.0,218.0,232.0,248.0,300.0,340.0,1804,3248
139.0,200.0,223.0,236.0,251.0,288.0,334.0,1801,3298
133.0,193.0,218.0,231.0,246.0,294.0,339.0,1807,3321
125.0,193.0,219.0,232.0,247.0,292.0,337.0,1809,3332
180.0,204.0,221.0,233.0,246.0,272.0,333.0,1850,29
179.0,204.0,223.0,235.0,249.0,276.0,331.0,1853,34
180.0,205.0,222.0,234.0,246.0,268.0,325.0,1841,81
175.0,203.0,222.0,234.0,246.0,269.0,324.0,1838,105
179.0,204.0,222.0,233.0,245.0,269.0,325.0,1857,126
184.0,205.0,221.0,232.0,243.0,264.0,315.0,1833,179
180.0,205.0,222.0,233.0,244.0,265.0,327.0,1832,207
179.0,204.0,223.0,234.0,246.0,271.0,326.0,1853,238
182.0,206.0,222.0,233.0,245.0,267.0,325.0,1843,249
168.0,199.0,220.0,233.0,246.0,274.0,327.0,1850,296
185.0,206.0,222.0,233.0,245.0,266.0,324.0,1831,322
184.0,206.0,222.0,234.0,245.0,267.0,326.0,1836,348
174.0,203.0,224.0,236.0,248.0,276.0,329.0,1846,376
175.0,203.0,223.0,235.0,248.0,277.0,329.0,1853,400
180.0,205.0,222.0,234.0,246.0,271.0,323.0,1842,442
183.0,209.0,228.0,240.0,251.0,278.0,331.0,1859,474
175.0,205.0,226.0,239.0,251.0,281.0,328.0,1841,489
164.0,192.0,223.0,240.0,256.0,299.0,333.0,1834,511
177.0,205.0,228.0,242.0,256.0,294.0,336.0,1841,544
181.0,212.0,232.0,244.0,256.0,283.0,332.0,1851,584
177.0,204.0,227.0,240.0,253.0,290.0,332.0,1846,602
179.0,205.0,225.0,237.0,250.0,280.0,332.0,1834,637
176.0,203.0,225.0,238.0,250.0,281.0,330.0,1834,687
176.0,202.0,223.0,235.0,248.0,278.0,333.0,1852,704
177.0,207.0,226.0,237.0,249.0,271.0,322.0,1834,747
175.0,204.0,224.0,235.0,247.0,269.0,325.0,1837,754
178.0,209.0,227.0,237.0,248.0,269.0,319.0,1834,799
177.0,205.0,224.0,236.0,247.0,270.0,323.0,1841,813
176.0,205.0,225.0,237.0,250.0,279.0,332.0,1839,848
180.0,208.0,227.0,240.0,252.0,284.0,335.0,1837,879
177.0,206.0,225.0,237.0,249.0,274.0,329.0,1844,917
177.0,206.0,225.0,237.0,248.0,278.0,336.0,1830,944
184.0,209.0,228.0,239.0,251.0,279.0,331.0,1847,971
178.0,204.0,223.0,236.0,249.0,271.0,311.0,1846,1017
177.0,205.0,224.0,237.0,249.0,272.0,312.0,1858,1033
184.0,207.0,224.0,235.0,247.0,267.0,319.0,1837,1058
179.0,205.0,225.0,238.0,253.0,283.0,327.0,1848,1108
178.0,206.0,227.0,240.0,254.0,285.0,328.0,1855,1137
179.0,204.0,224.0,236.0,250.0,281.0,324.0,1852,1169
177.0,202.0,221.0,232.0,245.0,271.0,326.0,1850,1189
178.0,205.0,225.0,238.0,253.0,286.0,327.0,1844,1219
182.0,205.0,224.0,235.0,249.0,279.0,325.0,1838,1242
174.0,201.0,223.0,235.0,248.0,277.0,325.0,1848,1282
178.0,205.0,224.0,236.0,249.0,279.0,325.0,1834,1304
180.0,202.0,221.0,232.0,246.0,272.0,321.0,1856,1330
179.0,201.0,219.0,230.0,242.0,262.0,320.0,1856,1379
181.0,201.0,219.0,229.0,240.0,260.0,315.0,1853,1383
179.0,201.0,220.0,231.0,243.0,265.0,321.0,1855,1427
176.0,197.0,217.0,229.0,241.0,264.0,318.0,1830,1461
179.0,200.0,219.0,230.0,242.0,265.0,319.0,1849,1475
180.0,201.0,218.0,229.0,241.0,262.0,316.0,1848,1501
178.0,199.0,217.0,228.0,240.0,262.0,319.0,1843,1554
177.0,198.0,217.0,229.0,241.0,266.0,325.0,1845,1560
169.0,194.0,217.0,230.0,244.0,274.0,342.0,1843,1601
133.0,185.0,213.0,227.0,241.0,268.0,329.0,1848,1635
159.0,190.0,214.0,227.0,240.0,271.0,332.0,1855,1676
166.0,184.0,209.0,225.0,240.0,268.0,328.0,1842,1709
164.0,189.0,215.0,229.0,242.0,271.0,331.0,1859,1736
173.0,195.0,216.0,229.0,242.0,270.0,324.0,1834,1754
176.0,196.0,216.0,228.0,241.0,267.0,327.0,1848,1774
169.0,194.0,217.0,229.0,241.0,264.0,320.0,1849,1825
179.0,199.0,218.0,229.0,240.0,262.0,318.0,1839,1859
176.0,198.0,218.0,230.0,242.0,266.0,329.0,1855,1885
177.0,198.0,217.0,228.0,241.0,266.0,325.0,1856,1903
175.0,196.0,218.0,230.0,245.0,278.0,333.0,1850,1939
178.0,200.0,219.0,231.0,244.0,270.0,334.0,1832,1971
173.0,195.0,217.0,230.0,244.0,273.0,325.0,1835,1997
175.0,200.0,219.0,230.0,243.0,265.0,322.0,1847,2029
173.0,197.0,219.0,231.0,245.0,272.0,326.0,1844,2067
179.0,201.0,219.0,230.0,242.0,263.0,315.0,1859,2075
151.0,191.0,218.0,231.0,246.0,275.0,320.0,1853,2122
174.0,199.0,219.0,231.0,244.0,269.0,321.0,1843,2158
170.0,196.0,218.0,231.0,245.0,275.0,326.0,1852,2179
175.0,198.0,220.0,232.0,246.0,279.0,323.0,1834,2201
175.0,199.0,219.0,231.0,243.0,269.0,323.0,1842,2248
175.0,200.0,219.0,230.0,243.0,267.0,324.0,1848,2263
176.0,199.0,218.0,229.0,240.0,263.0,322.0,1840,2301
163.0,189.0,216.0,229.0,243.0,268.0,317.0,1841,2336
174.0,200.0,219.0,231.0,244.0,270.0,320.0,1850,2369
166.0,194.0,218.0,230.0,245.0,278.0,330.0,1840,2396
173.0,200.0,219.0,230.0,243.0,271.0,329.0,1845,2428
172.0,198.0,218.0,230.0,243.0,272.0,328.0,1835,2438
179.0,202.0,221.0,233.0,245.0,268.0,322.0,1836,2487
180.0,202.0,221.0,231.0,243.0,264.0,323.0,1842,2498
172.0,197.0,218.0,230.0,243.0,269.0,324.0,1854,2532
175.0,200.0,220.0,232.0,244.0,268.0,328.0,1834,2562
183.0,203.0,221.0,233.0,245.0,269.0,321.0,1850,2598
179.0,203.0,223.0,235.0,248.0,273.0,327.0,1838,2617
163.0,199.0,220.0,232.0,245.0,270.0,310.0,1856,2654
160.0,187.0,216.0,230.0,246.0,278.0,327.0,1834,2673
170.0,197.0,220.0,233.0,247.0,281.0,332.0,1851,2729
150.0,191.0,218.0,233.0,249.0,289.0,334.0,1830,2744
138.0,191.0,218.0,233.0,249.0,291.0,332.0,1835,2777
167.0,193.0,218.0,231.0,243.0,269.0,328.0,1847,2804
122.0,190.0,218.0,233.0,247.0,277.0,327.0,1832,2838
167.0,196.0,219.0,231.0,244.0,269.0,327.0,1844,2865
165.0,197.0,219.0,232.0,244.0,270.0,330.0,1844,2886
171.0,197.0,220.0,233.0,245.0,270.0,324.0,1844,2933
165.0,196.0,220.0,234.0,246.0,285.0,332.0,1842,2949
168.0,196.0,221.0,235.0,247.0,273.0,324.0,1841,2982
140.0,195.0,222.0,237.0,252.0,294.0,337.0,1835,3023
150.0,197.0,220.0,234.0,248.0,278.0,331.0,1830,3052
126.0,196.0,223.0,237.0,252.0,282.0,331.0,1837,3084
175.0,204.0,225.0,237.0,249.0,270.0,315.0,1851,3094
170.0,196.0,220.0,233.0,248.0,304.0,333.0,1853,3143
169.0,199.0,220.0,232.0,244.0,272.0,328.0,1850,3170
172.0,199.0,219.0,230.0,241.0,264.0,331.0,1844,3200
175.0,201.0,219.0,229.0,241.0,262.0,330.0,1858,3222
165.0,200.0,221.0,233.0,247.0,280.0,336.0,1833,3266
136.0,197.0,221.0,234.0,248.0,284.0,334.0,1847,3292
124.0,199.0,223.0,236.0,250.0,286.0,335.0,1842,3322
171.0,202.0,223.0,235.0,248.0,278.0,323.0,1857,3330
168.0,197.0,222.0,235.0,249.0,282.0,327.0,1886,29
157.0,190.0,219.0,234.0,249.0,282.0,326.0,1880,50
170.0,200.0,224.0,237.0,250.0,282.0,324.0,1875,89
177.0,203.0,223.0,235.0,247.0,271.0,323.0,1868,102
173.0,202.0,225.0,238.0,250.0,280.0,330.0,1883,127
159.0,191.0,218.0,232.0,246.0,279.0,326.0,1888,171
181.0,205.0,222.0,234.0,245.0,267.0,314.0,1872,183
173.0,200.0,221.0,234.0,247.0,273.0,322.0,1877,213
182.0,204.0,220.0,231.0,244.0,266.0,325.0,1887,267
165.0,196.0,220.0,233.0,248.0,284.0,330.0,1866,296
186.0,205.0,222.0,233.0,245.0,268.0,326.0,1868,308
180.0,204.0,221.0,231.0,243.0,265.0,319.0,1860,341
177.0,207.0,226.0,238.0,250.0,278.0,325.0,1869,380
180.0,205.0,223.0,235.0,247.0,272.0,325.0,1880,391
185.0,205.0,221.0,232.0,243.0,265.0,324.0,1863,429
181.0,208.0,227.0,238.0,250.0,276.0,326.0,1889,451
179.0,207.0,229.0,242.0,255.0,286.0,329.0,1862,495
175.0,203.0,227.0,241.0,253.0,286.0,332.0,1875,536
174.0,199.0,229.0,243.0,258.0,297.0,335.0,1865,554
175.0,205.0,231.0,244.0,258.0,296.0,334.0,1873,585
178.0,203.0,224.0,237.0,251.0,289.0,339.0,1861,628
180.0,206.0,228.0,241.0,255.0,289.0,336.0,1868,651
175.0,204.0,228.0,241.0,255.0,287.0,329.0,1879,667
179.0,207.0,228.0,241.0,255.0,289.0,335.0,1887,695
178.0,206.0,227.0,240.0,252.0,282.0,334.0,1883,722
174.0,202.0,223.0,235.0,247.0,277.0,338.0,1875,774
175.0,201.0,222.0,234.0,246.0,274.0,338.0,1873,791
175.0,203.0,224.0,236.0,248.0,280.0,336.0,1860,821
180.0,206.0,224.0,236.0,247.0,270.0,322.0,1888,840
184.0,211.0,231.0,243.0,256.0,289.0,340.0,1870,897
178.0,204.0,224.0,236.0,249.0,275.0,326.0,1881,925
172.0,198.0,220.0,233.0,247.0,273.0,317.0,1881,959
178.0,205.0,223.0,235.0,247.0,270.0,310.0,1878,971
177.0,204.0,224.0,236.0,248.0,275.0,322.0,1877,991
172.0,201.0,226.0,240.0,252.0,290.0,325.0,1881,1040
177.0,206.0,227.0,239.0,251.0,283.0,325.0,1884,1051
181.0,205.0,224.0,236.0,249.0,277.0,323.0,1871,1104
178.0,204.0,225.0,240.0,256.0,290.0,331.0,1873,1134
176.0,203.0,223.0,235.0,249.0,281.0,327.0,1860,1148
177.0,202.0,223.0,235.0,248.0,277.0,322.0,1863,1196
176.0,204.0,227.0,243.0,260.0,296.0,336.0,1883,1206
175.0,204.0,224.0,237.0,253.0,290.0,331.0,1879,1247
175.0,203.0,224.0,237.0,252.0,293.0,330.0,1863,1262
181.0,204.0,225.0,238.0,251.0,281.0,330.0,1879,1299
178.0,202.0,221.0,233.0,245.0,268.0,323.0,1871,1335
178.0,200.0,220.0,233.0,248.0,288.0,327.0,1871,1367
180.0,202.0,220.0,230.0,242.0,262.0,311.0,1870,1392
180.0,202.0,221.0,233.0,244.0,266.0,319.0,1861,1412
176.0,201.0,221.0,233.0,246.0,271.0,326.0,1860,1466
180.0,201.0,218.0,229.0,241.0,262.0,315.0,1869,1493
179.0,199.0,217.0,228.0,240.0,261.0,312.0,1867,1518
174.0,198.0,218.0,229.0,241.0,263.0,320.0,1867,1547
169.0,193.0,215.0,227.0,241.0,271.0,325.0,1882,1568
172.0,195.0,217.0,229.0,242.0,266.0,326.0,1877,1610
163.0,188.0,216.0,229.0,243.0,269.0,323.0,1862,1642
157.0,186.0,212.0,226.0,240.0,267.0,322.0,1876,1651
152.0,185.0,213.0,226.0,239.0,267.0,326.0,1860,1683
171.0,196.0,218.0,230.0,242.0,265.0,321.0,1885,1721
171.0,195.0,216.0,228.0,240.0,263.0,319.0,1882,1749
179.0,202.0,219.0,229.0,240.0,259.0,313.0,1883,1782
177.0,198.0,218.0,229.0,240.0,260.0,313.0,1866,1806
179.0,200.0,218.0,229.0,240.0,260.0,321.0,1878,1852
178.0,198.0,217.0,229.0,240.0,263.0,326.0,1875,1860
176.0,199.0,219.0,231.0,244.0,269.0,324.0,1887,1911
178.0,200.0,220.0,232.0,245.0,273.0,331.0,1870,1932
177.0,200.0,219.0,231.0,243.0,267.0,323.0,1869,1976
177.0,199.0,219.0,230.0,242.0,267.0,319.0,1870,1983
180.0,203.0,221.0,231.0,243.0,264.0,317.0,1875,2010
172.0,198.0,220.0,232.0,245.0,276.0,325.0,1886,2055
172.0,194.0,217.0,230.0,243.0,269.0,316.0,1876,2085
168.0,194.0,219.0,232.0,247.0,278.0,325.0,1861,2120
176.0,199.0,219.0,230.0,243.0,268.0,324.0,1872,2143
174.0,199.0,218.0,230.0,242.0,267.0,320.0,1861,2172
182.0,204.0,221.0,231.0,242.0,261.0,318.0,1889,2199
183.0,204.0,220.0,230.0,241.0,260.0,318.0,1885,2231
183.0,203.0,220.0,231.0,242.0,264.0,323.0,1869,2260
182.0,204.0,221.0,231.0,242.0,261.0,319.0,1862,2289
129.0,188.0,216.0,230.0,244.0,279.0,315.0,1871,2335
171.0,199.0,222.0,235.0,250.0,284.0,330.0,1877,2359
172.0,199.0,219.0,230.0,243.0,267.0,323.0,1874,2381
176.0,202.0,222.0,234.0,247.0,273.0,329.0,1888,2418
174.0,200.0,221.0,233.0,246.0,273.0,328.0,1875,2437
176.0,200.0,220.0,232.0,245.0,273.0,329.0,1860,2485
160.0,187.0,215.0,229.0,244.0,273.0,321.0,1874,2497
152.0,187.0,218.0,232.0,246.0,276.0,313.0,1879,2524
172.0,198.0,219.0,231.0,243.0,268.0,326.0,1870,2560
179.0,203.0,221.0,232.0,244.0,267.0,312.0,1868,2589
169.0,193.0,217.0,230.0,244.0,272.0,315.0,1881,2622
165.0,192.0,215.0,229.0,243.0,267.0,305.0,1885,2646
163.0,195.0,218.0,231.0,245.0,281.0,326.0,1862,2675
113.0,186.0,220.0,235.0,250.0,285.0,329.0,1870,2719
148.0,199.0,221.0,235.0,248.0,277.0,326.0,1883,2738
171.0,197.0,220.0,234.0,248.0,283.0,334.0,1885,2778
169.0,194.0,217.0,229.0,242.0,263.0,323.0,1888,2809
154.0,191.0,218.0,232.0,246.0,279.0,331.0,1860,2844
173.0,197.0,219.0,231.0,243.0,268.0,329.0,1882,2855
176.0,201.0,221.0,233.0,244.0,267.0,329.0,1887,2887
173.0,201.0,221.0,233.0,244.0,271.0,335.0,1861,2913
169.0,196.0,219.0,232.0,245.0,283.0,333.0,1876,2954
169.0,199.0,223.0,236.0,248.0,280.0,327.0,1867,2987
165.0,199.0,221.0,234.0,245.0,270.0,326.0,1870,3017
171.0,200.0,223.0,237.0,251.0,298.0,341.0,1864,3041
165.0,200.0,222.0,236.0,249.0,276.0,324.0,1874,3076
170.0,199.0,220.0,233.0,245.0,269.0,321.0,1887,3119
171.0,194.0,216.0,229.0,242.0,269.0,329.0,1870,3128
168.0,197.0,220.0,233.0,246.0,288.0,331.0,1878,3160
171.0,200.0,219.0,229.0,241.0,265.0,334.0,1863,3199
178.0,203.0,221.0,232.0,243.0,269.0,337.0,1871,3218
166.0,200.0,221.0,234.0,249.0,297.0,342.0,1868,3267
128.0,197.0,220.0,234.0,248.0,296.0,342.0,1872,3272
174.0,203.0,222.0,234.0,246.0,280.0,328.0,1875,3317
168.0,203.0,224.0,237.0,250.0,282.0,326.0,1862,3331
179.0,205.0,223.0,234.0,245.0,269.0,322.0,1899,3
172.0,201.0,222.0,234.0,248.0,276.0,327.0,1901,52
177.0,204.0,223.0,234.0,247.0,276.0,333.0,1915,66
179.0,207.0,227.0,239.0,252.0,280.0,333.0,1917,90
175.0,204.0,224.0,237.0,249.0,278.0,329.0,1919,138
171.0,200.0,221.0,233.0,246.0,270.0,321.0,1897,174
177.0,203.0,221.0,233.0,246.0,270.0,325.0,1902,190
179.0,204.0,223.0,234.0,246.0,268.0,320.0,1898,212
176.0,202.0,221.0,233.0,245.0,267.0,322.0,1905,253
172.0,201.0,221.0,233.0,246.0,269.0,318.0,1915,279
177.0,204.0,223.0,235.0,248.0,273.0,324.0,1911,312
176.0,203.0,224.0,238.0,251.0,280.0,330.0,1909,358
179.0,204.0,224.0,237.0,250.0,283.0,335.0,1910,366
179.0,205.0,224.0,236.0,249.0,280.0,336.0,1908,419
177.0,206.0,226.0,238.0,251.0,277.0,336.0,1903,443
178.0,204.0,224.0,237.0,249.0,279.0,324.0,1894,472
180.0,205.0,225.0,237.0,249.0,277.0,335.0,1917,488
169.0,194.0,225.0,241.0,255.0,295.0,337.0,1909,522
165.0,196.0,231.0,245.0,261.0,307.0,342.0,1892,562
175.0,201.0,227.0,241.0,254.0,288.0,328.0,1918,590
178.0,204.0,226.0,240.0,255.0,295.0,341.0,1890,618
171.0,198.0,226.0,241.0,258.0,295.0,331.0,1909,641
173.0,206.0,229.0,242.0,255.0,290.0,340.0,1908,684
181.0,209.0,230.0,242.0,254.0,282.0,332.0,1910,701
179.0,207.0,229.0,241.0,254.0,286.0,329.0,1900,721
177.0,204.0,222.0,233.0,244.0,265.0,323.0,1898,776
175.0,200.0,222.0,234.0,247.0,272.0,324.0,1919,796
185.0,208.0,225.0,235.0,246.0,265.0,317.0,1894,835
184.0,207.0,225.0,236.0,247.0,271.0,318.0,1909,855
172.0,191.0,222.0,237.0,250.0,276.0,317.0,1909,895
176.0,203.0,222.0,235.0,248.0,274.0,315.0,1891,909
172.0,198.0,223.0,237.0,251.0,291.0,328.0,1901,949
177.0,203.0,226.0,239.0,254.0,294.0,332.0,1907,978
176.0,203.0,227.0,240.0,253.0,289.0,326.0,1909,1006
175.0,203.0,227.0,240.0,253.0,292.0,330.0,1910,1042
178.0,206.0,227.0,240.0,253.0,286.0,326.0,1899,1066
175.0,202.0,224.0,238.0,254.0,295.0,328.0,1894,1098
171.0,201.0,226.0,240.0,254.0,293.0,329.0,1902,1128
172.0,198.0,221.0,235.0,249.0,287.0,325.0,1907,1142
177.0,203.0,223.0,237.0,251.0,287.0,328.0,1894,1171
173.0,200.0,224.0,238.0,255.0,297.0,335.0,1908,1206
180.0,203.0,224.0,237.0,250.0,278.0,332.0,1899,1248
178.0,200.0,223.0,237.0,253.0,294.0,341.0,1914,1271
176.0,198.0,220.0,234.0,247.0,273.0,324.0,1901,1317
177.0,201.0,223.0,236.0,249.0,275.0,325.0,1897,1322
179.0,201.0,220.0,231.0,243.0,265.0,320.0,1909,1353
178.0,200.0,220.0,232.0,244.0,270.0,321.0,1896,1406
176.0,201.0,221.0,233.0,246.0,274.0,321.0,1893,1418
175.0,198.0,219.0,230.0,242.0,266.0,321.0,1894,1442
180.0,200.0,218.0,227.0,238.0,259.0,309.0,1890,1488
178.0,200.0,218.0,228.0,241.0,265.0,320.0,1890,1508
177.0,198.0,216.0,227.0,239.0,264.0,322.0,1892,1557
167.0,191.0,215.0,228.0,241.0,269.0,322.0,1918,1563
175.0,199.0,219.0,230.0,242.0,266.0,326.0,1901,1610
173.0,196.0,216.0,227.0,239.0,263.0,327.0,1898,1626
178.0,200.0,219.0,230.0,241.0,261.0,324.0,1914,1672
173.0,196.0,217.0,229.0,241.0,265.0,324.0,1899,1702
175.0,197.0,217.0,227.0,239.0,260.0,317.0,1909,1718
179.0,200.0,218.0,228.0,239.0,258.0,307.0,1901,1762
174.0,196.0,217.0,229.0,242.0,267.0,328.0,1911,1777
177.0,196.0,216.0,228.0,240.0,264.0,323.0,1891,1815
178.0,199.0,219.0,230.0,242.0,266.0,323.0,1914,1855
175.0,199.0,220.0,232.0,244.0,271.0,330.0,1905,1867
176.0,199.0,218.0,229.0,241.0,263.0,321.0,1915,1907
176.0,201.0,220.0,232.0,244.0,266.0,319.0,1897,1932
163.0,196.0,218.0,230.0,243.0,267.0,325.0,1908,1950
180.0,203.0,221.0,233.0,245.0,267.0,321.0,1896,2004
178.0,200.0,219.0,231.0,243.0,268.0,321.0,1906,2020
164.0,196.0,218.0,231.0,244.0,270.0,324.0,1908,2057
150.0,196.0,219.0,231.0,243.0,269.0,318.0,1909,2080
165.0,200.0,220.0,232.0,246.0,274.0,325.0,1898,2105
176.0,199.0,218.0,230.0,242.0,264.0,320.0,1895,2132
175.0,199.0,219.0,231.0,244.0,269.0,323.0,1896,2161
184.0,205.0,222.0,232.0,242.0,261.0,316.0,1898,2204
183.0,205.0,222.0,232.0,242.0,261.0,319.0,1891,2221
178.0,202.0,220.0,230.0,242.0,262.0,322.0,1919,2271
178.0,201.0,220.0,231.0,242.0,263.0,322.0,1891,2301
121.0,172.0,213.0,228.0,244.0,276.0,317.0,1914,2338
168.0,192.0,217.0,230.0,245.0,275.0,318.0,1904,2352
173.0,199.0,220.0,232.0,246.0,271.0,321.0,1903,2386
173.0,199.0,219.0,231.0,244.0,269.0,325.0,1895,2423
170.0,199.0,220.0,232.0,246.0,276.0,326.0,1892,2447
169.0,193.0,217.0,229.0,241.0,261.0,319.0,1914,2488
167.0,196.0,220.0,233.0,247.0,280.0,323.0,1895,2510
163.0,190.0,218.0,230.0,241.0,260.0,319.0,1890,2536
159.0,200.0,221.0,233.0,246.0,278.0,336.0,1906,2574
133.0,187.0,217.0,231.0,247.0,282.0,319.0,1894,2596
125.0,171.0,212.0,228.0,242.0,275.0,321.0,1898,2633
156.0,193.0,216.0,229.0,243.0,264.0,301.0,1891,2643
161.0,198.0,222.0,235.0,250.0,280.0,321.0,1898,2670
164.0,196.0,220.0,234.0,249.0,280.0,325.0,1901,2713
169.0,200.0,222.0,235.0,247.0,277.0,330.0,1905,2750
167.0,196.0,219.0,231.0,243.0,264.0,323.0,1895,2783
167.0,193.0,218.0,230.0,242.0,263.0,326.0,1891,2802
148.0,196.0,221.0,235.0,249.0,285.0,332.0,1913,2845
171.0,198.0,221.0,234.0,245.0,273.0,333.0,1894,2856
177.0,203.0,224.0,235.0,247.0,274.0,329.0,1901,2900
170.0,194.0,218.0,231.0,244.0,277.0,333.0,1899,2935
164.0,191.0,215.0,227.0,240.0,264.0,325.0,1902,2954
167.0,189.0,216.0,230.0,244.0,275.0,333.0,1902,2993
169.0,196.0,220.0,233.0,246.0,288.0,339.0,1910,3000
170.0,200.0,221.0,234.0,247.0,301.0,349.0,1890,3039
174.0,197.0,220.0,233.0,247.0,278.0,331.0,1898,3067
174.0,200.0,220.0,232.0,246.0,296.0,343.0,1908,3095
165.0,193.0,219.0,233.0,245.0,282.0,327.0,1900,3120
170.0,193.0,217.0,230.0,244.0,304.0,333.0,1891,3157
173.0,199.0,219.0,230.0,241.0,269.0,329.0,1897,3188
180.0,202.0,220.0,231.0,243.0,264.0,324.0,1899,3222
177.0,201.0,220.0,231.0,244.0,279.0,341.0,1919,3241
172.0,201.0,221.0,233.0,246.0,273.0,331.0,1906,3292
170.0,202.0,220.0,232.0,244.0,270.0,328.0,1899,3301
178.0,204.0,224.0,236.0,249.0,284.0,338.0,1897,3333
184.0,206.0,222.0,233.0,244.0,265.0,330.0,1948,16
176.0,203.0,221.0,232.0,244.0,270.0,329.0,1924,33
178.0,204.0,222.0,234.0,246.0,274.0,332.0,1941,89
177.0,204.0,222.0,234.0,246.0,271.0,323.0,1927,108
180.0,205.0,223.0,235.0,247.0,273.0,331.0,1943,122
176.0,204.0,224.0,236.0,249.0,279.0,332.0,1924,153
175.0,204.0,225.0,238.0,250.0,278.0,326.0,1925,189
174.0,202.0,222.0,234.0,246.0,274.0,322.0,1941,234
176.0,203.0,223.0,235.0,248.0,278.0,331.0,1942,255
170.0,202.0,224.0,236.0,250.0,279.0,323.0,1925,281
178.0,203.0,222.0,233.0,246.0,270.0,323.0,1937,305
177.0,205.0,226.0,238.0,251.0,280.0,333.0,1946,356
181.0,204.0,224.0,236.0,250.0,282.0,340.0,1920,376
177.0,206.0,225.0,237.0,250.0,276.0,327.0,1930,410
178.0,206.0,225.0,237.0,249.0,278.0,328.0,1923,436
178.0,206.0,227.0,240.0,253.0,286.0,336.0,1924,454
178.0,203.0,224.0,237.0,250.0,279.0,324.0,1940,504
174.0,197.0,226.0,242.0,258.0,298.0,336.0,1922,520
172.0,196.0,226.0,242.0,257.0,298.0,335.0,1929,547
173.0,203.0,229.0,244.0,260.0,299.0,339.0,1921,581
170.0,197.0,227.0,242.0,259.0,302.0,332.0,1939,619
170.0,193.0,226.0,243.0,263.0,308.0,337.0,1939,637
169.0,195.0,226.0,244.0,263.0,303.0,334.0,1935,672
171.0,194.0,226.0,241.0,256.0,291.0,327.0,1927,695
176.0,203.0,230.0,244.0,259.0,297.0,329.0,1926,744
177.0,203.0,226.0,239.0,252.0,284.0,323.0,1927,756
175.0,199.0,223.0,236.0,249.0,277.0,324.0,1922,794
173.0,199.0,223.0,235.0,248.0,273.0,317.0,1947,825
176.0,203.0,225.0,237.0,249.0,271.0,313.0,1922,843
177.0,202.0,225.0,239.0,253.0,291.0,326.0,1945,883
171.0,194.0,225.0,241.0,258.0,301.0,329.0,1939,917
173.0,197.0,225.0,240.0,257.0,295.0,328.0,1943,956
174.0,201.0,228.0,242.0,257.0,294.0,326.0,1946,980
175.0,201.0,226.0,240.0,255.0,293.0,326.0,1941,994
171.0,197.0,225.0,240.0,256.0,296.0,328.0,1938,1041
173.0,198.0,221.0,235.0,251.0,290.0,323.0,1947,1069
183.0,209.0,228.0,240.0,251.0,276.0,323.0,1946,1106
183.0,209.0,227.0,238.0,250.0,274.0,323.0,1943,1130
179.0,204.0,224.0,236.0,248.0,274.0,326.0,1940,1159
180.0,206.0,224.0,236.0,248.0,273.0,323.0,1941,1181
176.0,200.0,224.0,239.0,253.0,284.0,331.0,1947,1228
177.0,202.0,222.0,235.0,248.0,276.0,328.0,1939,1250
177.0,203.0,223.0,235.0,248.0,273.0,327.0,1922,1286
177.0,200.0,221.0,234.0,247.0,271.0,324.0,1932,1304
180.0,202.0,220.0,230.0,242.0,264.0,320.0,1939,1330
175.0,197.0,216.0,228.0,241.0,266.0,319.0,1942,1379
170.0,195.0,218.0,231.0,245.0,274.0,320.0,1944,1396
176.0,202.0,223.0,236.0,249.0,278.0,327.0,1949,1428
172.0,199.0,220.0,232.0,244.0,271.0,321.0,1933,1452
173.0,197.0,220.0,233.0,248.0,285.0,326.0,1940,1486
170.0,196.0,219.0,231.0,245.0,274.0,326.0,1930,1510
174.0,200.0,220.0,232.0,245.0,272.0,327.0,1937,1533
172.0,194.0,215.0,227.0,240.0,268.0,325.0,1920,1576
172.0,194.0,215.0,227.0,239.0,265.0,325.0,1924,1610
179.0,202.0,220.0,231.0,242.0,263.0,317.0,1929,1640
180.0,200.0,219.0,230.0,241.0,262.0,323.0,1921,1675
175.0,197.0,217.0,229.0,241.0,265.0,332.0,1938,1694
178.0,198.0,217.0,229.0,241.0,262.0,321.0,1926,1718
176.0,199.0,219.0,231.0,243.0,267.0,324.0,1947,1763
176.0,198.0,218.0,229.0,241.0,266.0,323.0,1935,1774
176.0,198.0,217.0,228.0,239.0,261.0,321.0,1924,1800
176.0,197.0,217.0,229.0,242.0,266.0,325.0,1920,1831
181.0,203.0,221.0,232.0,243.0,265.0,320.0,1945,1860
173.0,199.0,221.0,233.0,245.0,269.0,322.0,1941,1892
177.0,202.0,222.0,233.0,245.0,269.0,323.0,1940,1925
176.0,201.0,220.0,232.0,244.0,267.0,317.0,1931,1953
154.0,192.0,219.0,232.0,247.0,273.0,320.0,1944,1986
147.0,182.0,214.0,230.0,246.0,276.0,318.0,1943,2011
161.0,188.0,218.0,234.0,248.0,276.0,315.0,1927,2062
173.0,200.0,220.0,231.0,244.0,267.0,321.0,1923,2099
175.0,197.0,217.0,229.0,242.0,267.0,318.0,1933,2125
175.0,197.0,216.0,227.0,240.0,263.0,319.0,1920,2142
179.0,200.0,218.0,230.0,242.0,264.0,319.0,1929,2161
178.0,201.0,219.0,230.0,241.0,261.0,312.0,1940,2204
181.0,203.0,220.0,231.0,242.0,262.0,318.0,1926,2231
176.0,200.0,219.0,230.0,242.0,263.0,317.0,1942,2261
171.0,199.0,219.0,231.0,244.0,267.0,311.0,1938,2299
122.0,187.0,217.0,230.0,244.0,269.0,316.0,1925,2330
117.0,167.0,213.0,231.0,247.0,281.0,317.0,1937,2347
124.0,182.0,214.0,229.0,244.0,272.0,310.0,1942,2391
158.0,195.0,219.0,231.0,243.0,264.0,317.0,1934,2422
168.0,195.0,218.0,230.0,242.0,262.0,319.0,1927,2455
171.0,197.0,219.0,231.0,242.0,261.0,320.0,1944,2469
173.0,197.0,218.0,229.0,241.0,263.0,324.0,1947,2496
178.0,203.0,223.0,235.0,246.0,270.0,322.0,1948,2529
165.0,196.0,219.0,230.0,242.0,260.0,314.0,1929,2565
170.0,197.0,219.0,230.0,241.0,259.0,318.0,1945,2591
158.0,194.0,221.0,234.0,246.0,273.0,319.0,1925,2614
171.0,199.0,220.0,233.0,246.0,273.0,321.0,1927,2643
177.0,202.0,221.0,233.0,246.0,274.0,331.0,1946,2673
172.0,199.0,220.0,232.0,246.0,276.0,329.0,1920,2718
166.0,199.0,221.0,235.0,249.0,286.0,336.0,1922,2740
169.0,196.0,220.0,233.0,246.0,282.0,333.0,1929,2766
162.0,197.0,222.0,237.0,252.0,291.0,334.0,1945,2808
165.0,200.0,223.0,238.0,252.0,287.0,333.0,1927,2845
168.0,202.0,225.0,239.0,251.0,282.0,328.0,1935,2860
177.0,203.0,226.0,240.0,255.0,292.0,333.0,1926,2880
177.0,203.0,224.0,236.0,247.0,268.0,312.0,1938,2929
176.0,198.0,218.0,230.0,242.0,268.0,330.0,1934,2948
169.0,196.0,221.0,235.0,249.0,301.0,337.0,1932,2987
170.0,198.0,222.0,236.0,248.0,294.0,335.0,1927,3014
170.0,194.0,218.0,233.0,246.0,274.0,327.0,1935,3040
176.0,203.0,225.0,237.0,249.0,272.0,316.0,1940,3074
169.0,198.0,221.0,233.0,246.0,272.0,322.0,1939,3103
172.0,198.0,219.0,232.0,244.0,270.0,322.0,1943,3120
172.0,198.0,218.0,230.0,242.0,278.0,334.0,1921,3166
174.0,199.0,218.0,230.0,242.0,285.0,337.0,1932,3190
177.0,200.0,219.0,230.0,241.0,268.0,329.0,1927,3212
166.0,201.0,223.0,235.0,248.0,278.0,335.0,1932,3266
163.0,197.0,220.0,234.0,249.0,297.0,342.0,1926,3278
174.0,205.0,226.0,238.0,250.0,279.0,331.0,1936,3321
142.0,199.0,221.0,235.0,249.0,285.0,334.0,1923,3333
183.0,206.0,222.0,233.0,244.0,266.0,328.0,1952,16
176.0,203.0,221.0,233.0,245.0,271.0,332.0,1969,40
176.0,203.0,223.0,235.0,247.0,273.0,335.0,1978,74
179.0,204.0,222.0,233.0,246.0,269.0,327.0,1967,98
174.0,202.0,222.0,233.0,247.0,278.0,333.0,1967,133
183.0,207.0,224.0,235.0,247.0,271.0,329.0,1964,160
180.0,205.0,222.0,233.0,244.0,266.0,324.0,1973,206
183.0,205.0,222.0,232.0,243.0,264.0,327.0,1974,216
177.0,205.0,225.0,237.0,249.0,278.0,329.0,1959,256
183.0,207.0,224.0,236.0,248.0,271.0,326.0,1967,290
183.0,206.0,225.0,237.0,250.0,274.0,335.0,1961,321
179.0,204.0,223.0,236.0,249.0,277.0,333.0,1951,339
185.0,209.0,227.0,238.0,250.0,275.0,329.0,1975,388
181.0,209.0,227.0,238.0,251.0,275.0,314.0,1973,417
179.0,207.0,224.0,235.0,247.0,269.0,315.0,1960,444
180.0,207.0,225.0,236.0,248.0,270.0,315.0,1959,454
170.0,195.0,224.0,239.0,255.0,298.0,329.0,1951,503
170.0,194.0,225.0,241.0,257.0,299.0,332.0,1951,527
170.0,194.0,223.0,240.0,258.0,301.0,332.0,1953,553
170.0,195.0,225.0,240.0,255.0,298.0,334.0,1965,593
172.0,202.0,227.0,240.0,252.0,286.0,328.0,1977,606
171.0,198.0,225.0,239.0,252.0,294.0,330.0,1965,635
171.0,195.0,222.0,235.0,249.0,281.0,329.0,1966,681
175.0,201.0,227.0,241.0,255.0,291.0,331.0,1952,704
171.0,200.0,227.0,241.0,254.0,289.0,325.0,1977,726
173.0,199.0,226.0,239.0,252.0,280.0,321.0,1967,769
173.0,201.0,225.0,238.0,251.0,279.0,322.0,1957,807
173.0,198.0,224.0,237.0,251.0,279.0,322.0,1958,810
170.0,198.0,225.0,239.0,253.0,289.0,331.0,1951,860
174.0,201.0,226.0,240.0,255.0,295.0,328.0,1979,888
174.0,199.0,225.0,240.0,256.0,297.0,329.0,1963,900
175.0,202.0,229.0,243.0,257.0,292.0,330.0,1969,938
176.0,206.0,230.0,243.0,257.0,287.0,324.0,1978,975
175.0,203.0,228.0,241.0,254.0,289.0,328.0,1976,1016
183.0,210.0,230.0,242.0,253.0,281.0,330.0,1974,1038
183.0,210.0,229.0,241.0,253.0,279.0,322.0,1958,1065
183.0,210.0,230.0,241.0,252.0,276.0,328.0,1968,1083
178.0,207.0,227.0,239.0,252.0,278.0,323.0,1975,1119
175.0,200.0,220.0,233.0,249.0,286.0,329.0,1968,1142
183.0,206.0,225.0,237.0,250.0,274.0,328.0,1961,1188
178.0,203.0,225.0,238.0,252.0,281.0,333.0,1965,1209
178.0,201.0,220.0,232.0,245.0,273.0,322.0,1977,1231
176.0,198.0,218.0,229.0,241.0,264.0,317.0,1970,1262
179.0,202.0,222.0,233.0,245.0,267.0,321.0,1959,1306
178.0,201.0,220.0,232.0,244.0,267.0,316.0,1966,1320
168.0,187.0,213.0,225.0,239.0,268.0,319.0,1969,1366
173.0,198.0,221.0,234.0,247.0,274.0,320.0,1951,1393
175.0,199.0,220.0,232.0,246.0,280.0,328.0,1954,1417
174.0,200.0,221.0,233.0,246.0,276.0,325.0,1951,1455
174.0,199.0,220.0,233.0,247.0,280.0,326.0,1950,1497
182.0,204.0,222.0,233.0,245.0,268.0,323.0,1978,1527
180.0,204.0,223.0,235.0,247.0,269.0,318.0,1964,1552
182.0,205.0,221.0,231.0,242.0,262.0,315.0,1975,1588
182.0,203.0,220.0,230.0,241.0,260.0,318.0,1958,1605
175.0,198.0,218.0,229.0,242.0,266.0,326.0,1957,1649
177.0,201.0,219.0,230.0,241.0,263.0,319.0,1976,1658
180.0,202.0,220.0,230.0,241.0,263.0,322.0,1971,1696
178.0,199.0,218.0,229.0,240.0,262.0,318.0,1964,1724
173.0,196.0,219.0,232.0,244.0,268.0,319.0,1967,1749
172.0,197.0,218.0,230.0,243.0,269.0,322.0,1956,1775
177.0,200.0,219.0,231.0,243.0,266.0,312.0,1968,1828
176.0,199.0,219.0,231.0,244.0,270.0,323.0,1971,1859
176.0,198.0,217.0,229.0,241.0,266.0,322.0,1973,1882
177.0,198.0,218.0,229.0,242.0,267.0,320.0,1977,1894
175.0,200.0,221.0,233.0,246.0,274.0,325.0,1951,1929
170.0,194.0,217.0,230.0,244.0,270.0,319.0,1969,1967
133.0,186.0,216.0,231.0,245.0,272.0,319.0,1952,2004
172.0,197.0,220.0,234.0,249.0,280.0,325.0,1976,2016
165.0,194.0,218.0,231.0,245.0,272.0,323.0,1969,2062
170.0,197.0,222.0,236.0,251.0,281.0,325.0,1979,2083
178.0,199.0,219.0,230.0,244.0,271.0,325.0,1979,2128
178.0,199.0,218.0,230.0,243.0,267.0,324.0,1975,2155
172.0,198.0,219.0,230.0,242.0,267.0,320.0,1975,2164
169.0,199.0,220.0,232.0,245.0,271.0,316.0,1976,2211
173.0,200.0,223.0,236.0,249.0,278.0,326.0,1962,2233
165.0,196.0,219.0,233.0,248.0,279.0,318.0,1963,2274
163.0,188.0,217.0,232.0,248.0,278.0,313.0,1956,2281
149.0,186.0,216.0,231.0,246.0,278.0,320.0,1968,2332
166.0,196.0,218.0,230.0,241.0,260.0,316.0,1972,2349
171.0,198.0,219.0,231.0,242.0,261.0,313.0,1976,2396
171.0,197.0,219.0,232.0,244.0,267.0,322.0,1979,2410
174.0,199.0,220.0,232.0,244.0,267.0,325.0,1969,2452
175.0,200.0,219.0,230.0,241.0,260.0,319.0,1964,2469
173.0,198.0,219.0,230.0,242.0,264.0,326.0,1955,2493
178.0,202.0,220.0,232.0,244.0,268.0,326.0,1960,2534
176.0,200.0,220.0,232.0,243.0,265.0,326.0,1973,2569
175.0,200.0,220.0,232.0,246.0,287.0,337.0,1978,2605
175.0,200.0,219.0,231.0,243.0,271.0,324.0,1951,2629
158.0,196.0,220.0,233.0,246.0,278.0,324.0,1975,2657
166.0,193.0,218.0,231.0,245.0,275.0,325.0,1957,2690
169.0,198.0,220.0,233.0,247.0,279.0,326.0,1961,2719
161.0,196.0,220.0,235.0,250.0,288.0,329.0,1976,2751
169.0,201.0,222.0,235.0,248.0,274.0,320.0,1950,2760
165.0,197.0,221.0,235.0,249.0,293.0,334.0,1964,2812
160.0,199.0,222.0,236.0,249.0,291.0,333.0,1953,2827
173.0,200.0,222.0,235.0,248.0,291.0,331.0,1976,2867
173.0,201.0,222.0,234.0,246.0,269.0,322.0,1954,2881
168.0,198.0,220.0,233.0,245.0,268.0,320.0,1950,2933
169.0,196.0,219.0,232.0,244.0,275.0,321.0,1959,2953
169.0,195.0,218.0,232.0,247.0,307.0,349.0,1965,2993
169.0,196.0,219.0,232.0,245.0,299.0,344.0,1961,3006
171.0,192.0,215.0,229.0,243.0,283.0,335.0,1973,3035
169.0,195.0,219.0,233.0,246.0,285.0,327.0,1979,3065
171.0,197.0,220.0,233.0,246.0,273.0,317.0,1952,3093
176.0,200.0,218.0,229.0,241.0,273.0,332.0,1967,3139
171.0,197.0,218.0,231.0,245.0,296.0,335.0,1967,3175
174.0,198.0,219.0,231.0,244.0,289.0,339.0,1971,3181
175.0,201.0,220.0,231.0,243.0,268.0,324.0,1953,3237
178.0,203.0,222.0,233.0,245.0,291.0,332.0,1971,3251
175.0,202.0,222.0,234.0,246.0,269.0,323.0,1953,3273
175.0,201.0,219.0,230.0,242.0,263.0,326.0,1973,3310
171.0,202.0,222.0,234.0,247.0,279.0,332.0,1957,3333
177.0,205.0,223.0,235.0,246.0,268.0,325.0,1989,1
180.0,206.0,225.0,237.0,249.0,273.0,325.0,2003,50
180.0,206.0,223.0,235.0,247.0,273.0,324.0,2001,84
182.0,206.0,223.0,234.0,246.0,270.0,324.0,2008,115
179.0,205.0,223.0,234.0,246.0,270.0,321.0,2008,142
181.0,206.0,223.0,234.0,246.0,270.0,327.0,2006,172
184.0,206.0,223.0,235.0,246.0,267.0,327.0,1989,209
182.0,207.0,225.0,237.0,248.0,273.0,333.0,2002,233
179.0,206.0,225.0,236.0,248.0,274.0,331.0,1992,245
178.0,204.0,224.0,237.0,251.0,280.0,335.0,1990,282
179.0,204.0,224.0,236.0,249.0,276.0,329.0,1998,310
180.0,205.0,224.0,236.0,249.0,275.0,328.0,2005,348
181.0,206.0,224.0,236.0,248.0,275.0,333.0,1993,364
181.0,206.0,224.0,235.0,247.0,273.0,324.0,1994,402
176.0,205.0,226.0,239.0,252.0,284.0,338.0,2007,447
180.0,206.0,227.0,240.0,253.0,284.0,328.0,1995,470
171.0,195.0,224.0,239.0,255.0,299.0,333.0,1984,505
174.0,203.0,225.0,237.0,249.0,275.0,323.0,1999,525
171.0,194.0,223.0,237.0,250.0,283.0,327.0,1990,564
170.0,194.0,222.0,236.0,249.0,284.0,329.0,1980,591
171.0,199.0,227.0,242.0,257.0,300.0,332.0,1996,601
175.0,205.0,227.0,239.0,250.0,275.0,328.0,1997,634
177.0,203.0,224.0,237.0,250.0,276.0,324.0,2000,671
169.0,197.0,226.0,240.0,254.0,286.0,325.0,1987,710
172.0,196.0,226.0,240.0,255.0,293.0,328.0,1991,727
172.0,189.0,222.0,238.0,253.0,279.0,313.0,2005,764
168.0,199.0,227.0,241.0,253.0,283.0,323.0,1987,805
167.0,198.0,228.0,242.0,256.0,291.0,332.0,1993,816
177.0,205.0,229.0,242.0,256.0,292.0,331.0,2004,860
174.0,201.0,225.0,239.0,255.0,293.0,334.0,1996,885
173.0,201.0,226.0,240.0,255.0,291.0,323.0,2001,906
174.0,200.0,225.0,240.0,255.0,290.0,327.0,2003,953
175.0,200.0,224.0,239.0,254.0,291.0,330.0,1982,967
176.0,208.0,231.0,243.0,255.0,287.0,327.0,1982,1001
182.0,208.0,229.0,241.0,252.0,277.0,329.0,2003,1027
180.0,206.0,227.0,239.0,251.0,276.0,326.0,1982,1076
175.0,201.0,227.0,240.0,252.0,281.0,323.0,1988,1085
181.0,209.0,229.0,240.0,252.0,276.0,322.0,2000,1121
179.0,202.0,222.0,235.0,247.0,270.0,325.0,2002,1160
172.0,196.0,222.0,235.0,248.0,278.0,326.0,2002,1198
177.0,201.0,220.0,231.0,243.0,268.0,320.0,1987,1228
182.0,206.0,225.0,236.0,247.0,270.0,324.0,1985,1242
172.0,195.0,221.0,235.0,248.0,274.0,322.0,1999,1286
175.0,201.0,222.0,234.0,246.0,271.0,321.0,1999,1305
174.0,201.0,222.0,234.0,246.0,268.0,311.0,1999,1344
170.0,199.0,224.0,238.0,252.0,279.0,319.0,2008,1353
179.0,202.0,221.0,232.0,244.0,267.0,323.0,2006,1406
179.0,203.0,221.0,232.0,244.0,267.0,318.0,1986,1412
179.0,204.0,223.0,233.0,245.0,267.0,321.0,1993,1457
181.0,204.0,223.0,234.0,246.0,269.0,325.0,1991,1484
180.0,204.0,223.0,235.0,247.0,274.0,325.0,1990,1516
182.0,204.0,222.0,232.0,243.0,263.0,314.0,1998,1534
181.0,203.0,220.0,230.0,241.0,261.0,313.0,1993,1563
184.0,205.0,221.0,231.0,241.0,259.0,305.0,1999,1605
176.0,200.0,219.0,229.0,240.0,261.0,317.0,1992,1621
176.0,199.0,219.0,229.0,241.0,265.0,319.0,2001,1659
179.0,201.0,219.0,229.0,241.0,262.0,318.0,1989,1701
173.0,197.0,218.0,231.0,243.0,269.0,324.0,2009,1733
175.0,199.0,219.0,230.0,242.0,265.0,318.0,1984,1757
177.0,199.0,219.0,230.0,242.0,265.0,320.0,1996,1770
175.0,197.0,217.0,229.0,241.0,268.0,319.0,1994,1820
176.0,197.0,218.0,230.0,243.0,273.0,326.0,1997,1830
169.0,195.0,219.0,231.0,244.0,270.0,322.0,1992,1861
158.0,183.0,213.0,229.0,245.0,277.0,318.0,1992,1911
170.0,198.0,219.0,231.0,244.0,269.0,316.0,1982,1943
170.0,194.0,217.0,230.0,243.0,269.0,314.0,2004,1958
178.0,200.0,219.0,230.0,243.0,267.0,322.0,1994,2006
175.0,199.0,220.0,232.0,245.0,272.0,324.0,1980,2022
172.0,198.0,218.0,230.0,242.0,270.0,325.0,2002,2068
175.0,199.0,219.0,230.0,242.0,266.0,321.0,2000,2084
177.0,200.0,218.0,230.0,242.0,266.0,324.0,1990,2115
173.0,201.0,221.0,232.0,244.0,270.0,316.0,2005,2141
132.0,187.0,219.0,231.0,245.0,271.0,308.0,2001,2178
138.0,192.0,218.0,231.0,245.0,271.0,312.0,1983,2193
108.0,152.0,207.0,228.0,247.0,290.0,320.0,1994,2242
122.0,178.0,214.0,228.0,243.0,272.0,315.0,1982,2250
98.0,194.0,218.0,229.0,242.0,265.0,315.0,1993,2306
171.0,197.0,218.0,229.0,241.0,262.0,321.0,2007,2315
175.0,201.0,219.0,230.0,242.0,262.0,313.0,1992,2368
180.0,202.0,220.0,231.0,242.0,264.0,321.0,2004,2379
175.0,200.0,218.0,228.0,239.0,257.0,303.0,1999,2401
179.0,202.0,221.0,233.0,245.0,268.0,329.0,1993,2450
172.0,196.0,218.0,230.0,243.0,274.0,334.0,2002,2461
183.0,204.0,220.0,230.0,241.0,259.0,315.0,1984,2512
176.0,199.0,219.0,231.0,244.0,273.0,336.0,1996,2537
180.0,202.0,221.0,232.0,244.0,269.0,329.0,2004,2575
175.0,201.0,220.0,233.0,247.0,287.0,337.0,1990,2594
166.0,196.0,219.0,232.0,247.0,279.0,323.0,1993,2635
172.0,197.0,221.0,236.0,252.0,292.0,324.0,1986,2662
170.0,198.0,221.0,235.0,250.0,284.0,321.0,2000,2691
171.0,198.0,220.0,234.0,248.0,278.0,319.0,1990,2729
166.0,196.0,220.0,234.0,249.0,283.0,323.0,1983,2734
175.0,203.0,225.0,238.0,252.0,287.0,329.0,2008,2784
160.0,200.0,223.0,237.0,251.0,285.0,329.0,2006,2810
175.0,201.0,221.0,234.0,247.0,278.0,326.0,2004,2843
172.0,199.0,219.0,232.0,245.0,284.0,334.0,1996,2861
179.0,203.0,223.0,236.0,248.0,273.0,328.0,1991,2897
178.0,199.0,218.0,229.0,241.0,273.0,330.0,2000,2939
175.0,199.0,218.0,229.0,241.0,289.0,332.0,1983,2948
179.0,202.0,220.0,231.0,243.0,299.0,346.0,1992,2979
174.0,196.0,218.0,231.0,244.0,278.0,331.0,2006,3025
171.0,194.0,217.0,229.0,242.0,281.0,333.0,2000,3042
169.0,191.0,216.0,229.0,243.0,298.0,346.0,1997,3072
170.0,195.0,217.0,230.0,243.0,288.0,343.0,2001,3095
177.0,200.0,219.0,230.0,241.0,268.0,334.0,1995,3129
175.0,198.0,219.0,232.0,246.0,293.0,335.0,2002,3154
173.0,197.0,218.0,231.0,244.0,292.0,340.0,1987,3200
172.0,200.0,220.0,232.0,244.0,296.0,352.0,1988,3223
169.0,200.0,220.0,232.0,244.0,270.0,326.0,1987,3269
172.0,203.0,222.0,234.0,246.0,290.0,332.0,1984,3297
179.0,202.0,218.0,228.0,240.0,263.0,330.0,1990,3322
174.0,200.0,219.0,230.0,242.0,269.0,333.0,2000,3332
182.0,207.0,223.0,234.0,245.0,266.0,323.0,2039,26
180.0,205.0,222.0,233.0,245.0,269.0,323.0,2013,44
178.0,205.0,223.0,235.0,248.0,278.0,332.0,2012,81
182.0,206.0,223.0,235.0,247.0,272.0,330.0,2039,94
176.0,203.0,222.0,234.0,247.0,273.0,330.0,2035,136
180.0,206.0,224.0,236.0,248.0,273.0,329.0,2019,169
180.0,205.0,224.0,236.0,248.0,273.0,330.0,2026,208
183.0,207.0,226.0,237.0,249.0,272.0,324.0,2027,222
179.0,205.0,224.0,236.0,249.0,277.0,329.0,2016,266
179.0,205.0,223.0,235.0,248.0,277.0,329.0,2023,283
182.0,207.0,225.0,237.0,249.0,274.0,332.0,2013,313
182.0,207.0,226.0,238.0,250.0,276.0,326.0,2022,358
182.0,211.0,230.0,241.0,252.0,279.0,330.0,2039,378
178.0,209.0,229.0,240.0,252.0,283.0,329.0,2019,417
178.0,206.0,225.0,237.0,250.0,280.0,331.0,2029,435
177.0,206.0,228.0,242.0,256.0,288.0,329.0,2017,477
176.0,202.0,223.0,235.0,247.0,273.0,326.0,2033,507
178.0,205.0,225.0,237.0,249.0,272.0,320.0,2032,512
172.0,199.0,225.0,239.0,253.0,289.0,332.0,2036,562
173.0,198.0,221.0,234.0,247.0,272.0,325.0,2025,595
172.0,201.0,225.0,238.0,251.0,276.0,323.0,2011,610
170.0,195.0,223.0,238.0,252.0,285.0,324.0,2036,633
177.0,206.0,227.0,239.0,250.0,272.0,323.0,2017,677
173.0,201.0,227.0,240.0,253.0,284.0,330.0,2016,716
174.0,199.0,225.0,239.0,252.0,283.0,328.0,2016,721
175.0,202.0,224.0,236.0,249.0,279.0,322.0,2028,767
172.0,199.0,226.0,240.0,254.0,296.0,328.0,2020,797
173.0,202.0,227.0,242.0,256.0,293.0,326.0,2015,820
175.0,203.0,227.0,240.0,254.0,289.0,327.0,2011,844
174.0,201.0,225.0,240.0,256.0,294.0,327.0,2019,894
173.0,201.0,225.0,239.0,253.0,287.0,328.0,2025,929
173.0,199.0,223.0,238.0,254.0,293.0,325.0,2015,944
178.0,204.0,228.0,242.0,255.0,291.0,332.0,2034,983
178.0,204.0,227.0,240.0,254.0,290.0,331.0,2018,991
175.0,199.0,224.0,238.0,251.0,283.0,330.0,2018,1029
177.0,204.0,229.0,241.0,254.0,284.0,325.0,2019,1050
173.0,199.0,222.0,236.0,250.0,281.0,325.0,2032,1090
177.0,204.0,226.0,238.0,251.0,281.0,325.0,2037,1121
173.0,196.0,223.0,236.0,248.0,274.0,319.0,2012,1153
173.0,201.0,225.0,238.0,250.0,274.0,323.0,2016,1189
170.0,197.0,223.0,237.0,251.0,286.0,322.0,2013,1200
173.0,197.0,219.0,231.0,244.0,270.0,321.0,2011,1258
174.0,198.0,219.0,231.0,244.0,269.0,319.0,2035,1273
154.0,194.0,219.0,231.0,245.0,274.0,326.0,2018,1311
173.0,202.0,224.0,237.0,251.0,276.0,319.0,2012,1332
177.0,202.0,223.0,236.0,249.0,274.0,317.0,2015,1379
177.0,202.0,221.0,231.0,243.0,267.0,324.0,2039,1383
184.0,204.0,222.0,233.0,244.0,266.0,319.0,2033,1417
179.0,203.0,223.0,235.0,248.0,276.0,327.0,2021,1440
177.0,203.0,222.0,234.0,246.0,271.0,319.0,2039,1472
182.0,203.0,220.0,230.0,241.0,261.0,308.0,2010,1524
181.0,204.0,223.0,234.0,245.0,267.0,316.0,2038,1552
179.0,203.0,221.0,232.0,243.0,264.0,310.0,2017,1565
184.0,204.0,220.0,230.0,240.0,258.0,300.0,2038,1597
179.0,202.0,220.0,231.0,241.0,261.0,315.0,2014,1633
173.0,195.0,217.0,228.0,240.0,262.0,308.0,2028,1663
178.0,201.0,220.0,231.0,243.0,268.0,323.0,2026,1709
159.0,189.0,215.0,229.0,243.0,273.0,332.0,2032,1713
169.0,196.0,219.0,231.0,244.0,271.0,321.0,2032,1766
165.0,192.0,216.0,229.0,243.0,270.0,321.0,2020,1791
167.0,192.0,217.0,230.0,243.0,271.0,318.0,2010,1820
168.0,195.0,218.0,231.0,244.0,272.0,321.0,2027,1854
173.0,200.0,220.0,232.0,244.0,265.0,316.0,2022,1887
173.0,200.0,220.0,232.0,244.0,267.0,318.0,2024,1900
168.0,196.0,219.0,231.0,244.0,270.0,320.0,2011,1929
166.0,196.0,219.0,231.0,245.0,270.0,322.0,2019,1974
175.0,200.0,219.0,231.0,244.0,268.0,313.0,2035,1989
171.0,199.0,220.0,232.0,245.0,269.0,321.0,2020,2019
176.0,198.0,219.0,231.0,244.0,270.0,322.0,2013,2041
179.0,204.0,222.0,231.0,242.0,262.0,319.0,2012,2085
178.0,201.0,219.0,230.0,241.0,264.0,323.0,2038,2101
125.0,183.0,219.0,232.0,247.0,277.0,316.0,2014,2158
143.0,188.0,216.0,228.0,241.0,267.0,313.0,2029,2170
175.0,201.0,220.0,232.0,245.0,272.0,322.0,2034,2209
171.0,199.0,219.0,230.0,241.0,265.0,318.0,2037,2221
170.0,198.0,219.0,232.0,245.0,271.0,319.0,2018,2263
172.0,198.0,220.0,232.0,246.0,273.0,316.0,2023,2282
174.0,199.0,218.0,230.0,242.0,265.0,324.0,2031,2312
184.0,204.0,220.0,230.0,240.0,258.0,318.0,2014,2349
184.0,204.0,221.0,231.0,242.0,262.0,323.0,2010,2386
171.0,195.0,218.0,230.0,243.0,271.0,325.0,2038,2415
174.0,198.0,220.0,232.0,243.0,271.0,329.0,2033,2443
173.0,198.0,219.0,231.0,243.0,267.0,327.0,2015,2484
174.0,199.0,220.0,231.0,243.0,264.0,326.0,2015,2506
176.0,199.0,217.0,228.0,240.0,260.0,328.0,2017,2549
174.0,197.0,217.0,229.0,242.0,266.0,330.0,2022,2564
171.0,198.0,222.0,234.0,245.0,265.0,312.0,2031,2586
171.0,198.0,220.0,233.0,246.0,272.0,316.0,2011,2614
180.0,204.0,223.0,235.0,247.0,272.0,324.0,2025,2659
183.0,202.0,219.0,230.0,241.0,268.0,329.0,2027,2689
175.0,199.0,219.0,231.0,244.0,269.0,324.0,2015,2724
180.0,202.0,220.0,231.0,243.0,267.0,324.0,2038,2753
175.0,201.0,223.0,236.0,250.0,294.0,337.0,2021,2788
175.0,202.0,223.0,235.0,247.0,277.0,324.0,2019,2813
174.0,200.0,221.0,233.0,245.0,271.0,324.0,2023,2837
172.0,202.0,221.0,234.0,246.0,283.0,331.0,2016,2870
178.0,203.0,223.0,235.0,248.0,280.0,325.0,2013,2888
165.0,196.0,218.0,230.0,244.0,277.0,330.0,2018,2925
177.0,200.0,218.0,229.0,241.0,273.0,331.0,2030,2961
174.0,199.0,220.0,233.0,246.0,275.0,325.0,2038,2987
171.0,199.0,220.0,233.0,245.0,271.0,322.0,2018,3025
170.0,193.0,218.0,233.0,250.0,301.0,334.0,2035,3059
170.0,195.0,216.0,229.0,243.0,288.0,336.0,2033,3072
178.0,200.0,218.0,229.0,240.0,266.0,325.0,2025,3118
176.0,200.0,219.0,231.0,243.0,269.0,327.0,2017,3125
175.0,199.0,221.0,234.0,247.0,279.0,332.0,2015,3164
175.0,200.0,220.0,232.0,245.0,273.0,334.0,2028,3206
170.0,199.0,221.0,233.0,245.0,279.0,336.0,2024,3238
173.0,197.0,219.0,231.0,245.0,290.0,339.0,2036,3260
175.0,199.0,220.0,232.0,245.0,297.0,340.0,2021,3272
177.0,199.0,218.0,230.0,242.0,275.0,337.0,2014,3321
182.0,203.0,221.0,234.0,247.0,296.0,339.0,2025,3331
188.0,209.0,226.0,236.0,246.0,266.0,315.0,2066,11
187.0,208.0,224.0,234.0,244.0,263.0,318.0,2062,59
186.0,207.0,224.0,234.0,245.0,266.0,322.0,2055,71
181.0,206.0,224.0,236.0,248.0,272.0,333.0,2055,100
177.0,205.0,224.0,237.0,249.0,275.0,331.0,2062,134
181.0,207.0,225.0,238.0,250.0,279.0,335.0,2053,177
177.0,205.0,225.0,238.0,249.0,274.0,328.0,2066,187
178.0,205.0,224.0,236.0,249.0,274.0,329.0,2065,239
186.0,208.0,225.0,237.0,248.0,272.0,329.0,2050,266
185.0,209.0,227.0,239.0,250.0,274.0,331.0,2067,276
180.0,205.0,223.0,236.0,249.0,276.0,331.0,2050,305
181.0,206.0,224.0,236.0,249.0,275.0,331.0,2066,345
180.0,208.0,228.0,239.0,251.0,278.0,332.0,2042,386
180.0,209.0,228.0,239.0,251.0,275.0,329.0,2068,407
177.0,204.0,223.0,236.0,249.0,276.0,330.0,2043,431
179.0,204.0,223.0,235.0,247.0,270.0,325.0,2063,465
179.0,205.0,224.0,236.0,248.0,273.0,329.0,2065,496
174.0,202.0,226.0,239.0,252.0,281.0,326.0,2058,539
177.0,207.0,228.0,240.0,252.0,276.0,324.0,2061,541
170.0,196.0,223.0,237.0,250.0,280.0,322.0,2056,583
171.0,201.0,226.0,240.0,252.0,277.0,325.0,2055,601
172.0,199.0,225.0,239.0,252.0,285.0,328.0,2061,653
179.0,206.0,227.0,238.0,250.0,272.0,320.0,2062,680
174.0,196.0,223.0,237.0,249.0,273.0,311.0,2041,711
171.0,198.0,224.0,239.0,253.0,290.0,324.0,2066,725
175.0,204.0,226.0,238.0,252.0,289.0,328.0,2056,760
175.0,202.0,227.0,240.0,254.0,293.0,330.0,2042,784
174.0,199.0,227.0,242.0,257.0,295.0,327.0,2052,832
172.0,196.0,224.0,240.0,255.0,293.0,326.0,2055,841
183.0,209.0,229.0,240.0,251.0,279.0,329.0,2066,883
174.0,198.0,222.0,237.0,251.0,284.0,332.0,2069,922
173.0,196.0,222.0,235.0,248.0,276.0,321.0,2069,951
175.0,198.0,221.0,235.0,249.0,287.0,325.0,2048,978
176.0,204.0,228.0,241.0,254.0,285.0,323.0,2064,996
174.0,203.0,228.0,243.0,258.0,293.0,325.0,2045,1037
177.0,202.0,229.0,242.0,256.0,292.0,328.0,2060,1074
177.0,203.0,228.0,241.0,254.0,287.0,326.0,2069,1099
173.0,196.0,223.0,237.0,251.0,282.0,329.0,2050,1110
172.0,202.0,228.0,240.0,253.0,286.0,333.0,2067,1168
173.0,202.0,228.0,241.0,254.0,288.0,337.0,2069,1192
176.0,204.0,226.0,238.0,251.0,283.0,330.0,2046,1222
173.0,200.0,221.0,233.0,245.0,270.0,322.0,2059,1236
177.0,201.0,220.0,231.0,243.0,263.0,303.0,2050,1277
172.0,197.0,218.0,230.0,242.0,264.0,321.0,2061,1315
175.0,199.0,219.0,231.0,243.0,269.0,327.0,2065,1344
180.0,202.0,219.0,230.0,241.0,262.0,321.0,2067,1366
181.0,204.0,222.0,233.0,245.0,266.0,319.0,2047,1392
177.0,200.0,220.0,232.0,244.0,269.0,314.0,2057,1429
179.0,202.0,220.0,231.0,243.0,265.0,311.0,2065,1445
183.0,205.0,223.0,234.0,245.0,268.0,318.0,2040,1476
166.0,187.0,214.0,230.0,247.0,284.0,330.0,2055,1510
186.0,207.0,224.0,234.0,246.0,267.0,319.0,2044,1558
181.0,205.0,222.0,233.0,244.0,265.0,315.0,2052,1561
176.0,202.0,221.0,232.0,244.0,266.0,320.0,2067,1598
173.0,201.0,221.0,233.0,245.0,268.0,321.0,2046,1624
165.0,197.0,220.0,232.0,246.0,277.0,322.0,2062,1670
164.0,194.0,218.0,231.0,244.0,269.0,319.0,2050,1689
171.0,199.0,219.0,231.0,244.0,269.0,322.0,2044,1720
172.0,197.0,218.0,229.0,242.0,266.0,313.0,2061,1746
171.0,199.0,220.0,232.0,246.0,275.0,325.0,2059,1796
170.0,199.0,220.0,232.0,245.0,268.0,322.0,2043,1819
167.0,195.0,218.0,231.0,245.0,279.0,326.0,2042,1858
171.0,198.0,220.0,233.0,246.0,276.0,324.0,2057,1866
173.0,198.0,219.0,231.0,245.0,271.0,318.0,2051,1902
174.0,198.0,220.0,232.0,245.0,274.0,322.0,2046,1928
172.0,195.0,218.0,231.0,244.0,274.0,322.0,2068,1950
176.0,201.0,220.0,231.0,244.0,267.0,319.0,2061,2001
170.0,197.0,220.0,232.0,246.0,273.0,319.0,2044,2018
183.0,204.0,221.0,231.0,241.0,260.0,316.0,2057,2053
180.0,203.0,221.0,232.0,244.0,265.0,316.0,2065,2086
181.0,202.0,219.0,229.0,240.0,262.0,322.0,2059,2114
111.0,166.0,213.0,229.0,246.0,280.0,315.0,2067,2139
173.0,200.0,219.0,231.0,243.0,267.0,323.0,2048,2188
177.0,201.0,220.0,231.0,243.0,266.0,320.0,2056,2206
177.0,201.0,220.0,230.0,243.0,266.0,321.0,2069,2224
178.0,200.0,218.0,229.0,242.0,266.0,329.0,2065,2272
170.0,197.0,219.0,231.0,244.0,268.0,325.0,2043,2281
183.0,204.0,221.0,231.0,242.0,260.0,318.0,2062,2321
184.0,205.0,223.0,234.0,245.0,266.0,318.0,2064,2343
181.0,203.0,221.0,231.0,242.0,263.0,322.0,2042,2392
171.0,197.0,219.0,231.0,244.0,269.0,322.0,2053,2409
173.0,198.0,217.0,227.0,238.0,257.0,320.0,2052,2455
176.0,200.0,219.0,231.0,243.0,267.0,330.0,2045,2478
176.0,202.0,220.0,232.0,244.0,272.0,333.0,2059,2492
172.0,199.0,221.0,234.0,247.0,274.0,323.0,2062,2534
170.0,197.0,221.0,233.0,244.0,265.0,317.0,2041,2574
172.0,198.0,219.0,231.0,244.0,266.0,316.0,2057,2591
180.0,202.0,220.0,231.0,243.0,266.0,324.0,2064,2614
183.0,206.0,224.0,236.0,248.0,285.0,338.0,2061,2662
182.0,205.0,223.0,235.0,247.0,283.0,333.0,2054,2675
175.0,199.0,218.0,230.0,243.0,269.0,325.0,2055,2725
185.0,204.0,220.0,231.0,242.0,264.0,323.0,2052,2747
189.0,207.0,223.0,234.0,246.0,274.0,333.0,2044,2775
171.0,201.0,220.0,232.0,246.0,278.0,330.0,2064,2813
162.0,196.0,219.0,231.0,244.0,283.0,339.0,2053,2837
165.0,201.0,223.0,236.0,250.0,287.0,335.0,2068,2855
169.0,197.0,218.0,231.0,244.0,282.0,332.0,2060,2896
180.0,201.0,220.0,232.0,244.0,276.0,326.0,2048,2931
174.0,202.0,223.0,236.0,250.0,296.0,341.0,2064,2950
178.0,201.0,220.0,232.0,246.0,281.0,332.0,2050,2978
172.0,197.0,218.0,229.0,241.0,264.0,329.0,2057,3001
170.0,196.0,219.0,232.0,246.0,295.0,343.0,2059,3030
172.0,196.0,217.0,230.0,243.0,290.0,329.0,2043,3066
174.0,197.0,218.0,230.0,244.0,279.0,327.0,2055,3091
171.0,196.0,218.0,230.0,242.0,281.0,336.0,2062,3146
169.0,197.0,219.0,232.0,246.0,299.0,336.0,2050,3153
173.0,198.0,218.0,231.0,244.0,291.0,337.0,2067,3191
178.0,201.0,220.0,232.0,244.0,274.0,330.0,2056,3233
172.0,200.0,220.0,232.0,245.0,294.0,340.0,2064,3256
175.0,201.0,221.0,233.0,245.0,295.0,338.0,2049,3297
175.0,201.0,219.0,230.0,243.0,278.0,333.0,2058,3317
178.0,201.0,220.0,231.0,243.0,267.0,327.0,2042,3333
183.0,207.0,223.0,234.0,244.0,263.0,310.0,2089,13
184.0,207.0,224.0,235.0,246.0,265.0,318.0,2095,48
183.0,207.0,225.0,236.0,247.0,269.0,326.0,2090,84
179.0,206.0,224.0,235.0,247.0,272.0,331.0,2072,109
183.0,208.0,226.0,238.0,250.0,274.0,329.0,2097,135
180.0,207.0,227.0,238.0,250.0,274.0,324.0,2099,157
181.0,206.0,225.0,237.0,249.0,274.0,326.0,2088,203
180.0,207.0,225.0,237.0,249.0,275.0,327.0,2090,222
181.0,205.0,223.0,236.0,250.0,278.0,329.0,2076,261
186.0,208.0,225.0,236.0,247.0,270.0,329.0,2098,278
181.0,206.0,225.0,237.0,249.0,276.0,329.0,2073,326
184.0,208.0,225.0,236.0,247.0,268.0,313.0,2099,357
179.0,205.0,224.0,236.0,249.0,279.0,330.0,2095,385
182.0,206.0,224.0,236.0,248.0,273.0,330.0,2087,411
183.0,206.0,223.0,235.0,247.0,271.0,332.0,2071,432
181.0,206.0,225.0,236.0,248.0,270.0,323.0,2070,461
182.0,207.0,226.0,238.0,251.0,278.0,332.0,2098,501
184.0,208.0,227.0,239.0,250.0,274.0,333.0,2099,530
182.0,208.0,227.0,238.0,250.0,274.0,330.0,2077,556
185.0,209.0,227.0,238.0,249.0,271.0,326.0,2089,579
173.0,201.0,224.0,237.0,249.0,272.0,324.0,2086,627
171.0,197.0,222.0,235.0,247.0,272.0,321.0,2089,646
173.0,199.0,224.0,237.0,250.0,279.0,319.0,2072,660
174.0,194.0,222.0,236.0,248.0,269.0,302.0,2077,699
173.0,203.0,229.0,243.0,258.0,299.0,332.0,2099,728
179.0,207.0,228.0,241.0,253.0,286.0,322.0,2079,776
176.0,203.0,227.0,240.0,255.0,288.0,323.0,2091,783
178.0,205.0,230.0,243.0,258.0,292.0,322.0,2073,815
179.0,204.0,225.0,237.0,250.0,279.0,332.0,2088,846
184.0,211.0,232.0,243.0,255.0,285.0,333.0,2070,881
174.0,197.0,220.0,234.0,248.0,277.0,322.0,2083,921
175.0,203.0,228.0,241.0,255.0,288.0,324.0,2083,953
176.0,203.0,227.0,240.0,255.0,287.0,325.0,2083,961
179.0,205.0,225.0,238.0,250.0,276.0,322.0,2076,1000
176.0,199.0,222.0,235.0,247.0,274.0,323.0,2095,1045
177.0,207.0,230.0,243.0,256.0,287.0,324.0,2086,1076
180.0,206.0,229.0,242.0,257.0,290.0,324.0,2082,1089
172.0,198.0,223.0,237.0,249.0,276.0,321.0,2087,1121
169.0,197.0,225.0,238.0,251.0,281.0,327.0,2078,1155
175.0,202.0,225.0,237.0,249.0,276.0,324.0,2084,1188
176.0,204.0,225.0,237.0,249.0,275.0,325.0,2088,1210
172.0,198.0,223.0,237.0,250.0,287.0,325.0,2086,1245
170.0,196.0,218.0,230.0,243.0,270.0,318.0,2081,1276
175.0,202.0,222.0,234.0,246.0,272.0,322.0,2071,1296
182.0,203.0,220.0,231.0,242.0,262.0,319.0,2085,1332
182.0,204.0,221.0,232.0,243.0,263.0,319.0,2092,1354
176.0,203.0,223.0,234.0,246.0,273.0,322.0,2078,1384
180.0,204.0,223.0,234.0,247.0,272.0,313.0,2087,1417
174.0,197.0,220.0,233.0,247.0,276.0,315.0,2075,1444
184.0,207.0,226.0,237.0,248.0,271.0,323.0,2074,1481
177.0,205.0,224.0,236.0,248.0,274.0,325.0,2097,1521
180.0,204.0,223.0,234.0,246.0,269.0,322.0,2096,1545
168.0,187.0,212.0,227.0,243.0,274.0,314.0,2098,1567
172.0,201.0,221.0,233.0,245.0,269.0,326.0,2074,1599
176.0,202.0,222.0,233.0,246.0,272.0,318.0,2087,1634
174.0,200.0,221.0,232.0,245.0,269.0,314.0,2081,1677
174.0,199.0,219.0,229.0,241.0,268.0,316.0,2075,1684
175.0,200.0,220.0,231.0,244.0,271.0,318.0,2082,1714
173.0,196.0,217.0,229.0,241.0,267.0,326.0,2095,1761
170.0,196.0,218.0,231.0,245.0,278.0,324.0,2085,1781
174.0,198.0,219.0,230.0,244.0,275.0,326.0,2079,1815
175.0,197.0,219.0,230.0,243.0,269.0,322.0,2079,1851
179.0,201.0,220.0,231.0,243.0,267.0,322.0,2083,1880
176.0,198.0,218.0,229.0,242.0,265.0,322.0,2078,1912
179.0,201.0,221.0,233.0,246.0,275.0,325.0,2081,1942
175.0,199.0,220.0,232.0,246.0,273.0,319.0,2094,1969
178.0,200.0,218.0,229.0,241.0,265.0,322.0,2078,1992
174.0,199.0,219.0,230.0,242.0,265.0,319.0,2071,2010
183.0,206.0,223.0,234.0,245.0,266.0,321.0,2073,2041
181.0,205.0,222.0,233.0,244.0,266.0,318.0,2085,2087
168.0,201.0,220.0,231.0,242.0,264.0,315.0,2081,2126
110.0,174.0,213.0,227.0,242.0,277.0,322.0,2080,2150
171.0,201.0,220.0,231.0,244.0,268.0,322.0,2074,2172
177.0,200.0,219.0,230.0,242.0,266.0,321.0,2091,2213
178.0,200.0,218.0,229.0,241.0,264.0,327.0,2078,2236
178.0,201.0,220.0,231.0,244.0,268.0,327.0,2088,2263
178.0,202.0,219.0,229.0,239.0,258.0,308.0,2089,2305
183.0,204.0,221.0,231.0,242.0,262.0,319.0,2075,2339
183.0,204.0,221.0,231.0,242.0,263.0,319.0,2082,2350
171.0,196.0,218.0,230.0,242.0,266.0,325.0,2097,2394
177.0,201.0,221.0,233.0,245.0,269.0,327.0,2085,2415
177.0,200.0,219.0,230.0,242.0,264.0,329.0,2080,2433
174.0,201.0,220.0,231.0,243.0,272.0,339.0,2083,2476
173.0,199.0,221.0,234.0,248.0,273.0,317.0,2096,2514
172.0,199.0,221.0,234.0,248.0,279.0,325.0,2071,2533
178.0,202.0,220.0,232.0,244.0,268.0,330.0,2089,2576
185.0,204.0,220.0,231.0,242.0,264.0,326.0,2080,2603
186.0,205.0,221.0,232.0,244.0,270.0,319.0,2074,2632
175.0,201.0,222.0,234.0,247.0,278.0,325.0,2090,2642
179.0,202.0,221.0,232.0,245.0,272.0,322.0,2094,2692
181.0,203.0,219.0,230.0,242.0,264.0,323.0,2088,2716
184.0,204.0,220.0,230.0,241.0,261.0,318.0,2081,2730
191.0,211.0,228.0,239.0,250.0,278.0,333.0,2080,2780
172.0,203.0,224.0,237.0,251.0,285.0,335.0,2080,2801
170.0,200.0,221.0,234.0,247.0,280.0,329.0,2086,2849
137.0,198.0,221.0,235.0,250.0,287.0,333.0,2093,2855
174.0,199.0,219.0,232.0,245.0,292.0,339.0,2083,2896
171.0,200.0,221.0,234.0,248.0,290.0,335.0,2089,2935
167.0,201.0,222.0,235.0,249.0,290.0,332.0,2091,2967
179.0,202.0,221.0,235.0,248.0,292.0,332.0,2088,2991
177.0,201.0,221.0,233.0,246.0,286.0,334.0,2077,3021
178.0,202.0,221.0,233.0,245.0,284.0,339.0,2078,3053
169.0,192.0,216.0,230.0,246.0,293.0,337.0,2071,3077
173.0,197.0,220.0,232.0,245.0,272.0,320.0,2086,3102
169.0,194.0,218.0,231.0,245.0,294.0,336.0,2099,3129
177.0,203.0,224.0,237.0,251.0,287.0,336.0,2082,3168
167.0,201.0,224.0,237.0,251.0,301.0,337.0,2099,3196
165.0,198.0,221.0,235.0,247.0,292.0,331.0,2096,3219
172.0,198.0,219.0,231.0,244.0,295.0,343.0,2073,3256
178.0,200.0,219.0,230.0,243.0,283.0,333.0,2072,3290
174.0,199.0,218.0,230.0,242.0,269.0,328.0,2093,3311
173.0,200.0,220.0,232.0,245.0,293.0,333.0,2075,3330
177.0,206.0,224.0,235.0,246.0,268.0,319.0,2114,27
190.0,211.0,227.0,237.0,247.0,266.0,315.0,2129,48
187.0,208.0,225.0,236.0,247.0,266.0,313.0,2108,77
183.0,209.0,226.0,236.0,247.0,268.0,317.0,2120,90
180.0,206.0,225.0,237.0,249.0,274.0,323.0,2104,145
178.0,205.0,223.0,235.0,248.0,276.0,325.0,2110,168
181.0,205.0,222.0,233.0,246.0,273.0,329.0,2126,181
181.0,206.0,224.0,236.0,248.0,272.0,331.0,2129,229
185.0,207.0,225.0,236.0,248.0,272.0,329.0,2116,240
187.0,209.0,226.0,237.0,248.0,271.0,326.0,2106,281
185.0,208.0,225.0,237.0,249.0,275.0,329.0,2106,322
184.0,208.0,225.0,235.0,246.0,265.0,313.0,2101,350
184.0,208.0,225.0,237.0,248.0,271.0,321.0,2104,363
182.0,206.0,223.0,235.0,247.0,271.0,327.0,2115,418
186.0,208.0,226.0,237.0,247.0,267.0,323.0,2128,435
183.0,207.0,225.0,236.0,248.0,270.0,320.0,2127,458
184.0,208.0,227.0,238.0,250.0,274.0,329.0,2129,487
182.0,206.0,225.0,237.0,249.0,274.0,328.0,2105,522
182.0,208.0,226.0,237.0,248.0,271.0,327.0,2102,550
177.0,205.0,225.0,237.0,249.0,273.0,327.0,2110,595
178.0,207.0,227.0,239.0,250.0,273.0,322.0,2116,606
175.0,203.0,225.0,238.0,251.0,273.0,305.0,2119,639
175.0,203.0,226.0,238.0,252.0,287.0,325.0,2129,676
174.0,204.0,229.0,243.0,258.0,295.0,328.0,2122,702
174.0,204.0,229.0,242.0,257.0,294.0,330.0,2108,747
174.0,200.0,226.0,239.0,255.0,290.0,327.0,2116,773
177.0,205.0,226.0,239.0,252.0,280.0,328.0,2124,792
175.0,200.0,224.0,238.0,252.0,286.0,329.0,2116,833
175.0,201.0,226.0,240.0,253.0,287.0,330.0,2124,848
173.0,199.0,224.0,237.0,251.0,282.0,329.0,2113,893
175.0,199.0,225.0,241.0,256.0,293.0,327.0,2112,926
175.0,202.0,227.0,241.0,255.0,290.0,326.0,2100,936
174.0,197.0,225.0,240.0,254.0,291.0,328.0,2123,976
178.0,204.0,225.0,237.0,249.0,274.0,326.0,2108,993
174.0,199.0,225.0,239.0,253.0,283.0,324.0,2119,1025
175.0,199.0,222.0,236.0,249.0,277.0,325.0,2108,1057
178.0,204.0,227.0,239.0,251.0,281.0,323.0,2108,1107
170.0,197.0,224.0,237.0,250.0,277.0,321.0,2120,1129
173.0,201.0,224.0,237.0,250.0,280.0,326.0,2109,1146
177.0,205.0,225.0,237.0,249.0,274.0,322.0,2105,1185
175.0,206.0,226.0,237.0,248.0,271.0,317.0,2122,1203
183.0,206.0,224.0,235.0,247.0,268.0,321.0,2117,1259
178.0,201.0,220.0,232.0,245.0,271.0,321.0,2115,1271
175.0,200.0,222.0,236.0,249.0,277.0,321.0,2119,1305
178.0,202.0,222.0,235.0,248.0,273.0,323.0,2100,1330
174.0,200.0,222.0,235.0,249.0,280.0,323.0,2104,1363
171.0,204.0,226.0,239.0,254.0,287.0,328.0,2113,1382
172.0,199.0,222.0,236.0,251.0,284.0,319.0,2112,1413
181.0,205.0,224.0,235.0,247.0,271.0,319.0,2119,1453
178.0,203.0,224.0,236.0,248.0,274.0,327.0,2111,1481
171.0,199.0,221.0,234.0,248.0,274.0,320.0,2120,1525
168.0,191.0,217.0,230.0,244.0,271.0,316.0,2108,1554
177.0,203.0,221.0,232.0,244.0,266.0,320.0,2120,1579
165.0,200.0,221.0,233.0,246.0,272.0,318.0,2110,1611
178.0,203.0,222.0,233.0,246.0,271.0,317.0,2104,1649
176.0,202.0,222.0,234.0,247.0,276.0,319.0,2116,1658
177.0,201.0,220.0,232.0,244.0,269.0,320.0,2106,1683
173.0,197.0,220.0,232.0,245.0,272.0,323.0,2107,1720
174.0,199.0,219.0,231.0,244.0,271.0,326.0,2129,1764
174.0,199.0,218.0,229.0,241.0,264.0,321.0,2106,1771
179.0,201.0,219.0,231.0,243.0,266.0,323.0,2104,1820
176.0,198.0,219.0,231.0,244.0,268.0,323.0,2104,1835
178.0,200.0,221.0,233.0,247.0,279.0,326.0,2115,1864
174.0,198.0,220.0,233.0,246.0,273.0,323.0,2101,1893
178.0,201.0,220.0,231.0,242.0,263.0,307.0,2110,1923
177.0,201.0,220.0,232.0,244.0,268.0,316.0,2102,1952
179.0,201.0,219.0,230.0,243.0,268.0,323.0,2128,1994
181.0,202.0,220.0,230.0,242.0,264.0,325.0,2124,2025
179.0,201.0,219.0,229.0,241.0,264.0,318.0,2107,2045
176.0,200.0,219.0,230.0,242.0,265.0,317.0,2102,2072
170.0,198.0,218.0,229.0,240.0,260.0,310.0,2100,2126
77.0,104.0,209.0,225.0,242.0,302.0,337.0,2125,2131
175.0,201.0,220.0,231.0,244.0,267.0,319.0,2105,2161
178.0,200.0,218.0,228.0,240.0,262.0,326.0,2110,2213
180.0,203.0,220.0,231.0,244.0,267.0,318.0,2124,2243
173.0,199.0,218.0,230.0,242.0,265.0,319.0,2125,2271
177.0,200.0,218.0,229.0,240.0,261.0,327.0,2101,2295
181.0,204.0,221.0,231.0,243.0,264.0,314.0,2107,2327
181.0,204.0,222.0,234.0,246.0,269.0,314.0,2118,2345
178.0,202.0,220.0,231.0,242.0,264.0,326.0,2123,2395
176.0,201.0,220.0,231.0,244.0,271.0,333.0,2127,2415
163.0,197.0,221.0,235.0,250.0,286.0,322.0,2117,2455
168.0,196.0,218.0,231.0,244.0,276.0,328.0,2129,2470
172.0,199.0,221.0,234.0,248.0,275.0,321.0,2101,2513
180.0,203.0,222.0,234.0,246.0,270.0,331.0,2121,2526
176.0,202.0,222.0,235.0,247.0,275.0,326.0,2100,2551
183.0,205.0,223.0,234.0,247.0,276.0,331.0,2119,2598
181.0,204.0,224.0,236.0,249.0,289.0,341.0,2121,2611
178.0,204.0,223.0,234.0,246.0,274.0,320.0,2114,2644
179.0,202.0,219.0,229.0,241.0,261.0,319.0,2102,2686
185.0,205.0,222.0,234.0,246.0,274.0,330.0,2128,2713
182.0,205.0,224.0,237.0,250.0,289.0,336.0,2128,2752
186.0,208.0,227.0,239.0,251.0,292.0,340.0,2107,2769
174.0,204.0,224.0,238.0,253.0,295.0,336.0,2105,2818
162.0,202.0,223.0,236.0,250.0,291.0,336.0,2121,2836
157.0,192.0,216.0,229.0,244.0,277.0,322.0,2111,2859
166.0,192.0,215.0,228.0,244.0,280.0,327.0,2125,2889
178.0,205.0,225.0,238.0,251.0,281.0,321.0,2118,2934
167.0,203.0,223.0,237.0,251.0,280.0,322.0,2102,2955
178.0,203.0,223.0,235.0,247.0,273.0,321.0,2104,2986
174.0,201.0,222.0,235.0,247.0,275.0,321.0,2107,3016
176.0,201.0,221.0,234.0,246.0,276.0,325.0,2107,3040
171.0,200.0,222.0,235.0,248.0,280.0,323.0,2126,3088
172.0,195.0,218.0,231.0,245.0,278.0,330.0,2104,3095
174.0,198.0,218.0,230.0,242.0,274.0,327.0,2109,3148
175.0,200.0,219.0,230.0,242.0,272.0,333.0,2111,3172
175.0,200.0,218.0,230.0,242.0,287.0,337.0,2117,3191
169.0,198.0,221.0,233.0,246.0,301.0,343.0,2121,3218
173.0,197.0,221.0,235.0,249.0,293.0,335.0,2120,3245
177.0,198.0,218.0,230.0,243.0,281.0,335.0,2116,3272
173.0,197.0,219.0,231.0,244.0,295.0,345.0,2116,3318
175.0,200.0,218.0,229.0,242.0,291.0,338.0,2100,3332
188.0,208.0,225.0,235.0,246.0,266.0,315.0,2151,1
183.0,209.0,227.0,237.0,248.0,267.0,307.0,2140,57
181.0,208.0,227.0,238.0,250.0,274.0,327.0,2144,79
180.0,206.0,223.0,235.0,247.0,268.0,327.0,2145,107
183.0,205.0,223.0,234.0,246.0,268.0,327.0,2139,140
182.0,206.0,223.0,235.0,247.0,275.0,331.0,2150,174
184.0,206.0,223.0,234.0,246.0,269.0,330.0,2145,193
181.0,207.0,226.0,238.0,250.0,274.0,334.0,2159,223
187.0,208.0,225.0,236.0,248.0,270.0,331.0,2142,258
184.0,207.0,224.0,235.0,247.0,270.0,327.0,2136,296
186.0,208.0,225.0,236.0,248.0,270.0,330.0,2135,304
183.0,208.0,225.0,236.0,247.0,269.0,315.0,2150,332
184.0,207.0,223.0,234.0,245.0,264.0,311.0,2130,360
183.0,207.0,224.0,236.0,247.0,268.0,324.0,2140,412
185.0,208.0,226.0,237.0,248.0,268.0,328.0,2138,430
189.0,209.0,227.0,237.0,248.0,268.0,323.0,2136,476
182.0,205.0,224.0,235.0,248.0,272.0,326.0,2141,483
188.0,209.0,226.0,237.0,248.0,269.0,321.0,2143,530
186.0,207.0,224.0,234.0,245.0,264.0,313.0,2134,545
187.0,208.0,225.0,236.0,247.0,267.0,323.0,2155,575
174.0,200.0,223.0,235.0,247.0,268.0,321.0,2157,610
179.0,207.0,228.0,239.0,251.0,276.0,321.0,2136,651
169.0,200.0,225.0,239.0,252.0,283.0,324.0,2146,684
174.0,202.0,226.0,240.0,254.0,292.0,328.0,2130,699
172.0,203.0,226.0,239.0,253.0,285.0,325.0,2152,748
178.0,205.0,226.0,239.0,252.0,282.0,323.0,2145,769
179.0,204.0,224.0,235.0,247.0,270.0,320.0,2148,787
177.0,202.0,223.0,235.0,247.0,272.0,323.0,2133,822
178.0,202.0,222.0,235.0,248.0,272.0,319.0,2130,864
175.0,200.0,227.0,241.0,256.0,290.0,326.0,2146,877
173.0,197.0,225.0,240.0,255.0,293.0,327.0,2133,920
177.0,200.0,220.0,232.0,245.0,271.0,324.0,2155,937
177.0,204.0,226.0,238.0,249.0,276.0,329.0,2153,976
171.0,197.0,224.0,237.0,250.0,275.0,326.0,2144,1007
171.0,194.0,222.0,237.0,251.0,279.0,325.0,2157,1028
172.0,194.0,224.0,239.0,253.0,287.0,328.0,2138,1070
173.0,197.0,224.0,237.0,249.0,277.0,326.0,2154,1108
170.0,194.0,223.0,237.0,250.0,275.0,323.0,2159,1121
174.0,201.0,223.0,235.0,247.0,271.0,322.0,2146,1147
179.0,203.0,221.0,232.0,243.0,266.0,317.0,2138,1183
179.0,204.0,223.0,235.0,247.0,272.0,322.0,2145,1225
177.0,202.0,222.0,234.0,246.0,272.0,326.0,2151,1251
168.0,195.0,221.0,235.0,249.0,281.0,324.0,2130,1289
174.0,199.0,222.0,235.0,248.0,279.0,327.0,2143,1299
170.0,196.0,219.0,232.0,248.0,282.0,325.0,2141,1335
172.0,200.0,222.0,236.0,250.0,283.0,324.0,2141,1356
165.0,203.0,224.0,236.0,248.0,276.0,323.0,2146,1380
183.0,205.0,222.0,233.0,244.0,266.0,314.0,2138,1433
168.0,194.0,220.0,233.0,247.0,275.0,318.0,2154,1453
176.0,204.0,222.0,235.0,248.0,273.0,321.0,2148,1480
165.0,198.0,221.0,233.0,247.0,275.0,323.0,2138,1512
175.0,202.0,219.0,229.0,240.0,258.0,307.0,2136,1556
132.0,197.0,220.0,232.0,244.0,269.0,320.0,2149,1575
176.0,202.0,220.0,232.0,245.0,269.0,313.0,2151,1593
176.0,202.0,222.0,234.0,248.0,276.0,314.0,2147,1626
178.0,203.0,221.0,232.0,244.0,271.0,317.0,2136,1652
176.0,202.0,222.0,234.0,246.0,274.0,323.0,2145,1705
176.0,202.0,223.0,236.0,249.0,282.0,324.0,2146,1710
174.0,199.0,221.0,233.0,245.0,274.0,324.0,2145,1767
175.0,201.0,222.0,234.0,248.0,287.0,332.0,2157,1781
174.0,197.0,218.0,230.0,242.0,264.0,316.0,2143,1816
171.0,196.0,220.0,232.0,246.0,277.0,320.0,2154,1856
173.0,197.0,219.0,230.0,242.0,267.0,319.0,2158,1880
174.0,198.0,219.0,230.0,242.0,267.0,318.0,2142,1903
177.0,200.0,219.0,231.0,243.0,267.0,319.0,2135,1929
177.0,200.0,220.0,232.0,246.0,275.0,324.0,2131,1959
177.0,200.0,219.0,231.0,243.0,274.0,324.0,2157,2008
175.0,201.0,222.0,235.0,247.0,274.0,324.0,2152,2033
172.0,197.0,219.0,230.0,243.0,269.0,319.0,2135,2046
177.0,201.0,219.0,229.0,241.0,263.0,321.0,2154,2099
117.0,187.0,216.0,228.0,242.0,270.0,314.0,2136,2123
127.0,198.0,218.0,229.0,241.0,263.0,308.0,2144,2141
177.0,202.0,219.0,230.0,243.0,265.0,318.0,2155,2180
176.0,202.0,221.0,233.0,245.0,268.0,313.0,2159,2198
171.0,198.0,218.0,230.0,242.0,264.0,312.0,2148,2249
177.0,202.0,219.0,229.0,240.0,260.0,312.0,2130,2278
181.0,203.0,220.0,231.0,242.0,263.0,317.0,2133,2296
182.0,204.0,223.0,235.0,247.0,269.0,316.0,2142,2325
176.0,200.0,219.0,230.0,242.0,264.0,320.0,2151,2360
174.0,196.0,218.0,230.0,243.0,271.0,326.0,2152,2397
175.0,200.0,219.0,230.0,243.0,266.0,323.0,2147,2427
180.0,202.0,219.0,230.0,241.0,262.0,322.0,2155,2432
177.0,202.0,220.0,231.0,242.0,264.0,327.0,2159,2460
184.0,205.0,221.0,231.0,242.0,263.0,329.0,2153,2518
174.0,201.0,221.0,233.0,246.0,270.0,326.0,2158,2539
182.0,204.0,222.0,233.0,245.0,269.0,332.0,2139,2570
173.0,200.0,220.0,233.0,246.0,274.0,319.0,2158,2605
170.0,200.0,220.0,233.0,246.0,273.0,322.0,2131,2614
181.0,203.0,221.0,232.0,245.0,270.0,325.0,2131,2640
178.0,203.0,223.0,235.0,248.0,275.0,321.0,2152,2674
184.0,205.0,222.0,234.0,246.0,278.0,328.0,2132,2708
180.0,204.0,224.0,237.0,250.0,289.0,337.0,2137,2745
167.0,199.0,222.0,235.0,249.0,283.0,323.0,2131,2777
174.0,204.0,224.0,237.0,250.0,286.0,338.0,2149,2816
168.0,200.0,220.0,233.0,247.0,280.0,326.0,2151,2836
163.0,198.0,219.0,233.0,247.0,284.0,329.0,2159,2861
165.0,195.0,217.0,230.0,245.0,281.0,327.0,2133,2886
172.0,199.0,220.0,233.0,245.0,275.0,325.0,2141,2926
178.0,203.0,221.0,233.0,245.0,269.0,317.0,2135,2941
172.0,197.0,218.0,230.0,242.0,265.0,327.0,2135,2990
168.0,198.0,221.0,234.0,248.0,282.0,328.0,2134,3019
169.0,193.0,218.0,232.0,246.0,291.0,334.0,2139,3033
170.0,195.0,217.0,229.0,243.0,280.0,331.0,2145,3067
178.0,202.0,220.0,231.0,243.0,271.0,330.0,2158,3119
175.0,200.0,219.0,230.0,242.0,270.0,330.0,2146,3146
169.0,197.0,219.0,231.0,243.0,275.0,327.0,2150,3174
167.0,197.0,218.0,229.0,241.0,279.0,328.0,2144,3197
175.0,202.0,220.0,230.0,240.0,260.0,327.0,2147,3211
177.0,200.0,220.0,233.0,247.0,279.0,328.0,2133,3242
173.0,200.0,220.0,232.0,244.0,289.0,333.0,2158,3291
176.0,200.0,218.0,229.0,242.0,279.0,337.0,2158,3302
168.0,198.0,220.0,232.0,245.0,299.0,336.0,2134,3332
185.0,208.0,224.0,235.0,246.0,267.0,323.0,2177,15
185.0,208.0,225.0,236.0,247.0,269.0,321.0,2170,47
184.0,208.0,225.0,236.0,247.0,267.0,319.0,2169,60
178.0,204.0,221.0,233.0,244.0,264.0,320.0,2188,90
182.0,204.0,221.0,232.0,244.0,266.0,326.0,2178,147
180.0,204.0,220.0,231.0,244.0,268.0,325.0,2172,155
185.0,206.0,223.0,234.0,245.0,266.0,324.0,2188,184
184.0,208.0,226.0,237.0,249.0,273.0,330.0,2176,227
181.0,207.0,223.0,234.0,246.0,269.0,314.0,2180,264
170.0,198.0,221.0,234.0,247.0,275.0,326.0,2187,293
177.0,206.0,222.0,233.0,245.0,266.0,317.0,2187,319
187.0,207.0,224.0,234.0,245.0,264.0,313.0,2165,348
185.0,208.0,224.0,235.0,247.0,267.0,314.0,2167,385
185.0,209.0,226.0,238.0,249.0,269.0,316.0,2170,417
180.0,206.0,223.0,234.0,246.0,267.0,315.0,2183,449
184.0,208.0,224.0,235.0,246.0,265.0,316.0,2177,468
177.0,203.0,222.0,233.0,245.0,266.0,321.0,2170,496
184.0,206.0,222.0,232.0,243.0,264.0,314.0,2179,533
185.0,206.0,221.0,231.0,243.0,263.0,314.0,2165,548
175.0,204.0,222.0,233.0,245.0,267.0,321.0,2176,590
177.0,204.0,222.0,234.0,245.0,266.0,312.0,2164,626
175.0,198.0,222.0,237.0,252.0,280.0,321.0,2163,654
174.0,198.0,221.0,235.0,251.0,284.0,321.0,2173,661
171.0,199.0,226.0,240.0,253.0,286.0,322.0,2163,690
167.0,192.0,221.0,236.0,250.0,282.0,320.0,2177,727
176.0,204.0,225.0,237.0,249.0,274.0,320.0,2186,761
178.0,204.0,224.0,236.0,248.0,273.0,320.0,2179,781
172.0,195.0,220.0,235.0,249.0,280.0,327.0,2184,824
172.0,197.0,226.0,241.0,256.0,292.0,323.0,2175,848
174.0,201.0,225.0,237.0,249.0,274.0,324.0,2185,874
174.0,197.0,221.0,234.0,248.0,279.0,326.0,2163,911
174.0,198.0,221.0,233.0,246.0,269.0,319.0,2179,937
173.0,199.0,222.0,235.0,248.0,276.0,326.0,2183,987
176.0,200.0,221.0,233.0,245.0,268.0,318.0,2185,1001
174.0,199.0,225.0,239.0,252.0,286.0,329.0,2180,1032
169.0,189.0,220.0,236.0,251.0,280.0,324.0,2178,1062
169.0,196.0,223.0,237.0,249.0,274.0,321.0,2186,1089
175.0,199.0,223.0,236.0,249.0,277.0,323.0,2189,1134
179.0,203.0,222.0,234.0,246.0,269.0,322.0,2160,1166
177.0,202.0,222.0,234.0,246.0,268.0,319.0,2170,1171
177.0,203.0,221.0,232.0,244.0,269.0,326.0,2165,1201
170.0,194.0,220.0,233.0,248.0,281.0,328.0,2168,1249
112.0,129.0,180.0,192.0,270.0,309.0,335.0,2171,1285
167.0,193.0,218.0,232.0,246.0,275.0,319.0,2178,1299
174.0,203.0,227.0,240.0,253.0,280.0,316.0,2170,1349
171.0,198.0,221.0,234.0,248.0,277.0,321.0,2189,1374
176.0,203.0,224.0,237.0,251.0,281.0,320.0,2179,1380
178.0,204.0,222.0,234.0,245.0,268.0,321.0,2177,1439
174.0,200.0,219.0,231.0,243.0,268.0,326.0,2172,1467
176.0,204.0,225.0,237.0,249.0,275.0,330.0,2171,1493
186.0,206.0,223.0,234.0,246.0,269.0,322.0,2183,1523
180.0,203.0,222.0,234.0,246.0,268.0,317.0,2185,1556
176.0,203.0,222.0,234.0,246.0,271.0,323.0,2188,1562
170.0,198.0,223.0,237.0,251.0,284.0,318.0,2187,1612
171.0,199.0,223.0,238.0,253.0,288.0,323.0,2188,1621
177.0,202.0,223.0,236.0,250.0,281.0,323.0,2178,1654
177.0,204.0,225.0,238.0,252.0,286.0,328.0,2161,1702
177.0,201.0,223.0,236.0,250.0,285.0,327.0,2172,1725
172.0,199.0,222.0,234.0,248.0,282.0,325.0,2167,1766
171.0,196.0,220.0,234.0,248.0,285.0,321.0,2186,1786
176.0,198.0,222.0,236.0,250.0,290.0,326.0,2171,1806
170.0,195.0,218.0,231.0,246.0,280.0,321.0,2167,1848
173.0,197.0,219.0,231.0,245.0,276.0,318.0,2172,1872
170.0,198.0,220.0,233.0,246.0,277.0,323.0,2186,1904
169.0,196.0,220.0,232.0,245.0,270.0,322.0,2185,1930
177.0,198.0,218.0,230.0,243.0,272.0,319.0,2162,1977
169.0,193.0,217.0,230.0,244.0,276.0,324.0,2166,1995
176.0,201.0,223.0,236.0,248.0,275.0,327.0,2160,2033
175.0,201.0,221.0,232.0,244.0,268.0,320.0,2170,2064
180.0,203.0,223.0,235.0,248.0,275.0,326.0,2185,2099
168.0,192.0,215.0,226.0,238.0,260.0,308.0,2183,2128
129.0,186.0,216.0,229.0,242.0,268.0,314.0,2176,2130
178.0,201.0,219.0,230.0,241.0,263.0,321.0,2182,2170
178.0,202.0,219.0,230.0,241.0,262.0,310.0,2182,2193
175.0,201.0,220.0,231.0,243.0,263.0,309.0,2185,2221
182.0,205.0,222.0,234.0,246.0,267.0,316.0,2188,2260
180.0,203.0,222.0,234.0,247.0,271.0,332.0,2181,2309
173.0,198.0,219.0,233.0,246.0,275.0,333.0,2169,2337
179.0,202.0,220.0,231.0,242.0,264.0,326.0,2161,2367
172.0,200.0,220.0,232.0,246.0,273.0,327.0,2184,2378
178.0,203.0,221.0,232.0,244.0,268.0,321.0,2183,2417
160.0,199.0,221.0,233.0,246.0,271.0,326.0,2187,2440
180.0,203.0,220.0,231.0,242.0,263.0,320.0,2161,2474
182.0,204.0,221.0,233.0,245.0,270.0,329.0,2173,2497
172.0,199.0,221.0,235.0,248.0,275.0,320.0,2177,2526
153.0,200.0,221.0,233.0,246.0,271.0,322.0,2163,2561
174.0,201.0,222.0,235.0,248.0,275.0,317.0,2168,2591
167.0,201.0,223.0,236.0,249.0,279.0,322.0,2162,2620
176.0,203.0,224.0,238.0,251.0,283.0,319.0,2182,2644
174.0,202.0,223.0,236.0,250.0,284.0,324.0,2176,2692
179.0,205.0,226.0,239.0,251.0,279.0,319.0,2173,2707
168.0,199.0,221.0,235.0,248.0,281.0,323.0,2184,2736
171.0,200.0,221.0,233.0,246.0,276.0,326.0,2183,2770
178.0,205.0,223.0,235.0,248.0,281.0,334.0,2170,2803
166.0,195.0,218.0,230.0,244.0,276.0,319.0,2172,2842
166.0,196.0,218.0,231.0,245.0,286.0,333.0,2179,2859
170.0,198.0,220.0,234.0,248.0,287.0,326.0,2168,2909
181.0,204.0,223.0,235.0,248.0,287.0,336.0,2181,2924
176.0,204.0,228.0,242.0,257.0,292.0,325.0,2161,2966
168.0,194.0,223.0,240.0,260.0,304.0,330.0,2179,2974
170.0,194.0,218.0,231.0,246.0,287.0,335.0,2181,3010
169.0,197.0,220.0,234.0,250.0,292.0,334.0,2170,3053
171.0,197.0,218.0,230.0,243.0,273.0,328.0,2168,3072
179.0,203.0,222.0,235.0,248.0,281.0,333.0,2189,3097
177.0,202.0,220.0,231.0,243.0,273.0,330.0,2162,3123
172.0,198.0,220.0,232.0,244.0,294.0,337.0,2168,3172
173.0,200.0,220.0,232.0,244.0,291.0,335.0,2171,3206
168.0,196.0,220.0,233.0,246.0,298.0,334.0,2177,3227
170.0,200.0,220.0,232.0,244.0,279.0,339.0,2188,3247
175.0,203.0,224.0,236.0,250.0,306.0,352.0,2172,3290
173.0,199.0,220.0,232.0,246.0,295.0,345.0,2178,3329
169.0,196.0,218.0,231.0,244.0,299.0,339.0,2161,3331
181.0,207.0,224.0,235.0,246.0,268.0,318.0,2206,23
182.0,205.0,221.0,232.0,243.0,263.0,316.0,2193,53
181.0,207.0,225.0,236.0,248.0,271.0,325.0,2203,72
175.0,203.0,224.0,237.0,250.0,275.0,331.0,2203,102
182.0,207.0,225.0,237.0,249.0,272.0,329.0,2219,142
182.0,206.0,224.0,236.0,248.0,272.0,326.0,2199,158
186.0,209.0,227.0,237.0,248.0,268.0,326.0,2192,208
185.0,207.0,223.0,234.0,246.0,266.0,317.0,2206,221
188.0,209.0,225.0,236.0,247.0,266.0,311.0,2202,259
181.0,206.0,223.0,234.0,245.0,266.0,311.0,2190,273
172.0,204.0,224.0,236.0,249.0,275.0,325.0,2202,307
185.0,207.0,223.0,234.0,245.0,265.0,312.0,2193,347
171.0,204.0,223.0,235.0,247.0,271.0,323.0,2192,385
185.0,209.0,226.0,237.0,248.0,270.0,321.0,2216,400
178.0,206.0,226.0,238.0,251.0,276.0,319.0,2199,442
175.0,208.0,227.0,239.0,251.0,276.0,318.0,2208,465
174.0,204.0,224.0,236.0,249.0,275.0,322.0,2203,507
179.0,205.0,222.0,234.0,246.0,267.0,314.0,2217,536
185.0,207.0,222.0,233.0,244.0,265.0,313.0,2219,553
175.0,206.0,224.0,235.0,248.0,270.0,318.0,2199,590
173.0,198.0,222.0,236.0,250.0,284.0,324.0,2209,626
176.0,202.0,225.0,238.0,252.0,284.0,324.0,2203,657
176.0,201.0,225.0,239.0,253.0,283.0,323.0,2196,664
177.0,202.0,222.0,234.0,246.0,270.0,316.0,2204,696
179.0,206.0,227.0,239.0,250.0,272.0,322.0,2219,748
179.0,209.0,230.0,242.0,255.0,284.0,329.0,2219,766
171.0,199.0,222.0,235.0,248.0,272.0,320.0,2215,794
170.0,195.0,222.0,236.0,249.0,280.0,324.0,2218,829
179.0,206.0,226.0,238.0,249.0,272.0,321.0,2216,861
178.0,203.0,224.0,236.0,248.0,270.0,320.0,2203,879
175.0,203.0,223.0,235.0,247.0,270.0,324.0,2215,916
179.0,205.0,226.0,238.0,251.0,287.0,332.0,2215,951
177.0,201.0,223.0,236.0,249.0,281.0,329.0,2206,962
182.0,204.0,221.0,231.0,243.0,265.0,317.0,2209,1013
170.0,193.0,222.0,236.0,249.0,279.0,327.0,2199,1046
171.0,194.0,222.0,236.0,250.0,275.0,321.0,2203,1073
173.0,197.0,224.0,239.0,252.0,284.0,324.0,2204,1082
171.0,193.0,221.0,235.0,248.0,273.0,326.0,2201,1124
174.0,200.0,222.0,235.0,247.0,270.0,324.0,2215,1158
177.0,203.0,223.0,235.0,247.0,272.0,322.0,2214,1189
177.0,205.0,225.0,236.0,247.0,272.0,329.0,2198,1210
185.0,207.0,225.0,237.0,248.0,269.0,324.0,2208,1234
165.0,200.0,223.0,236.0,249.0,279.0,326.0,2190,1285
171.0,197.0,220.0,233.0,247.0,277.0,321.0,2190,1304
170.0,198.0,224.0,239.0,254.0,291.0,326.0,2212,1330
169.0,194.0,221.0,234.0,249.0,280.0,320.0,2195,1367
177.0,203.0,222.0,234.0,246.0,274.0,324.0,2216,1400
176.0,202.0,221.0,233.0,245.0,272.0,321.0,2204,1420
175.0,204.0,223.0,235.0,249.0,277.0,324.0,2193,1447
170.0,202.0,223.0,235.0,249.0,281.0,330.0,2199,1470
174.0,202.0,223.0,237.0,251.0,284.0,333.0,2190,1510
178.0,202.0,222.0,235.0,247.0,268.0,313.0,2191,1546
150.0,198.0,221.0,234.0,248.0,277.0,328.0,2215,1561
175.0,202.0,223.0,236.0,250.0,281.0,318.0,2206,1590
177.0,202.0,224.0,237.0,251.0,281.0,322.0,2214,1635
177.0,204.0,227.0,240.0,253.0,286.0,330.0,2213,1669
168.0,191.0,220.0,235.0,250.0,280.0,315.0,2192,1694
177.0,200.0,221.0,234.0,247.0,278.0,326.0,2211,1732
171.0,199.0,222.0,235.0,248.0,282.0,327.0,2199,1757
176.0,200.0,219.0,231.0,243.0,271.0,322.0,2215,1794
172.0,197.0,219.0,231.0,245.0,276.0,327.0,2191,1818
173.0,199.0,219.0,231.0,244.0,269.0,322.0,2202,1832
173.0,200.0,221.0,232.0,244.0,268.0,318.0,2193,1869
175.0,199.0,218.0,229.0,241.0,263.0,319.0,2212,1905
179.0,201.0,219.0,230.0,243.0,267.0,320.0,2208,1941
175.0,199.0,220.0,232.0,245.0,273.0,327.0,2203,1978
171.0,197.0,222.0,236.0,249.0,278.0,328.0,2214,2007
173.0,197.0,222.0,236.0,250.0,281.0,325.0,2194,2016
178.0,204.0,225.0,237.0,250.0,278.0,325.0,2200,2068
177.0,202.0,222.0,235.0,248.0,274.0,326.0,2195,2086
180.0,203.0,221.0,231.0,243.0,264.0,318.0,2207,2109
125.0,188.0,219.0,233.0,247.0,276.0,327.0,2219,2146
175.0,198.0,220.0,233.0,247.0,279.0,327.0,2206,2184
175.0,201.0,220.0,231.0,243.0,264.0,314.0,2202,2214
184.0,206.0,223.0,234.0,246.0,266.0,310.0,2212,2242
181.0,204.0,222.0,233.0,246.0,270.0,329.0,2196,2273
179.0,204.0,222.0,233.0,245.0,267.0,316.0,2205,2296
169.0,198.0,219.0,231.0,243.0,266.0,314.0,2192,2327
175.0,201.0,221.0,232.0,244.0,264.0,321.0,2192,2341
121.0,187.0,220.0,234.0,249.0,282.0,332.0,2193,2392
174.0,202.0,221.0,232.0,244.0,269.0,327.0,2216,2410
172.0,200.0,222.0,235.0,249.0,278.0,328.0,2205,2443
171.0,200.0,223.0,236.0,250.0,282.0,328.0,2200,2460
174.0,203.0,225.0,238.0,251.0,276.0,318.0,2215,2490
169.0,200.0,221.0,234.0,248.0,277.0,322.0,2217,2531
180.0,207.0,227.0,239.0,251.0,275.0,317.0,2198,2573
179.0,205.0,225.0,237.0,248.0,271.0,312.0,2205,2594
176.0,204.0,227.0,240.0,254.0,287.0,322.0,2209,2639
174.0,202.0,223.0,237.0,252.0,287.0,322.0,2211,2646
176.0,202.0,224.0,237.0,251.0,285.0,323.0,2216,2685
173.0,202.0,224.0,238.0,253.0,287.0,323.0,2202,2712
173.0,201.0,222.0,235.0,247.0,280.0,327.0,2206,2738
180.0,203.0,222.0,233.0,245.0,269.0,322.0,2203,2760
175.0,202.0,221.0,233.0,245.0,275.0,328.0,2202,2816
139.0,197.0,220.0,233.0,247.0,276.0,327.0,2213,2824
165.0,199.0,221.0,234.0,248.0,282.0,332.0,2209,2851
178.0,202.0,221.0,234.0,248.0,286.0,339.0,2217,2903
185.0,205.0,224.0,236.0,249.0,287.0,337.0,2194,2918
173.0,198.0,219.0,231.0,244.0,275.0,330.0,2212,2967
175.0,201.0,220.0,232.0,245.0,283.0,336.0,2213,2985
164.0,190.0,215.0,230.0,245.0,285.0,331.0,2191,3019
166.0,196.0,218.0,230.0,243.0,283.0,335.0,2208,3055
180.0,203.0,223.0,236.0,250.0,285.0,340.0,2193,3088
178.0,202.0,225.0,239.0,253.0,292.0,337.0,2206,3103
179.0,203.0,221.0,233.0,245.0,278.0,340.0,2202,3142
177.0,202.0,221.0,233.0,246.0,286.0,335.0,2202,3150
172.0,199.0,220.0,233.0,245.0,294.0,341.0,2207,3197
170.0,196.0,220.0,234.0,249.0,298.0,341.0,2192,3218
174.0,199.0,219.0,230.0,241.0,265.0,332.0,2214,3243
177.0,201.0,220.0,231.0,243.0,275.0,334.0,2211,3275
172.0,200.0,220.0,232.0,246.0,284.0,331.0,2219,3321
173.0,198.0,219.0,231.0,244.0,272.0,327.0,2214,3330
179.0,205.0,222.0,233.0,245.0,267.0,320.0,2236,12
165.0,190.0,219.0,232.0,247.0,286.0,328.0,2236,40
183.0,206.0,223.0,233.0,244.0,265.0,321.0,2228,72
181.0,208.0,227.0,239.0,250.0,273.0,330.0,2228,106
181.0,206.0,225.0,237.0,250.0,275.0,330.0,2223,128
184.0,207.0,225.0,236.0,247.0,269.0,325.0,2242,178
177.0,205.0,223.0,234.0,246.0,267.0,324.0,2244,183
189.0,208.0,223.0,233.0,243.0,261.0,302.0,2232,238
186.0,209.0,226.0,236.0,247.0,266.0,309.0,2228,256
191.0,210.0,226.0,237.0,247.0,267.0,314.0,2239,295
185.0,209.0,227.0,238.0,250.0,274.0,325.0,2235,303
180.0,209.0,226.0,237.0,248.0,270.0,316.0,2235,333
184.0,208.0,226.0,237.0,249.0,273.0,326.0,2243,366
175.0,206.0,226.0,238.0,249.0,273.0,322.0,2226,396
180.0,206.0,223.0,234.0,246.0,266.0,314.0,2226,437
175.0,209.0,228.0,240.0,253.0,279.0,319.0,2223,470
183.0,206.0,222.0,233.0,245.0,267.0,323.0,2245,489
179.0,206.0,225.0,236.0,248.0,271.0,323.0,2243,521
181.0,206.0,224.0,235.0,247.0,268.0,315.0,2223,551
181.0,207.0,224.0,234.0,246.0,267.0,318.0,2220,589
174.0,201.0,225.0,238.0,252.0,280.0,326.0,2229,608
173.0,201.0,227.0,241.0,254.0,287.0,327.0,2228,632
175.0,202.0,225.0,238.0,251.0,281.0,330.0,2248,688
176.0,205.0,226.0,238.0,251.0,275.0,323.0,2248,713
174.0,201.0,227.0,240.0,254.0,290.0,326.0,2239,733
170.0,203.0,227.0,240.0,253.0,286.0,325.0,2248,773
173.0,202.0,223.0,235.0,247.0,270.0,320.0,2222,791
177.0,205.0,225.0,237.0,249.0,275.0,324.0,2221,835
179.0,206.0,226.0,237.0,249.0,272.0,320.0,2220,860
175.0,201.0,223.0,236.0,249.0,276.0,327.0,2238,875
171.0,196.0,220.0,233.0,247.0,279.0,324.0,2237,907
173.0,196.0,222.0,238.0,254.0,298.0,327.0,2249,940
175.0,197.0,224.0,238.0,252.0,288.0,326.0,2226,975
173.0,200.0,223.0,236.0,249.0,277.0,327.0,2246,1001
171.0,194.0,220.0,233.0,247.0,278.0,326.0,2225,1047
165.0,191.0,220.0,234.0,249.0,280.0,324.0,2233,1066
169.0,194.0,224.0,238.0,251.0,280.0,326.0,2220,1082
173.0,202.0,226.0,239.0,252.0,281.0,325.0,2227,1124
180.0,205.0,224.0,236.0,248.0,274.0,330.0,2241,1165
182.0,204.0,223.0,234.0,246.0,269.0,323.0,2223,1177
179.0,201.0,220.0,231.0,244.0,267.0,317.0,2243,1215
173.0,198.0,219.0,232.0,246.0,276.0,326.0,2227,1249
174.0,203.0,225.0,239.0,254.0,286.0,327.0,2225,1282
175.0,203.0,226.0,240.0,255.0,290.0,330.0,2223,1295
172.0,201.0,224.0,238.0,252.0,286.0,328.0,2226,1341
170.0,197.0,221.0,235.0,249.0,286.0,325.0,2238,1355
176.0,204.0,223.0,234.0,246.0,271.0,325.0,2228,1385
178.0,201.0,219.0,229.0,241.0,263.0,317.0,2220,1413
183.0,204.0,220.0,231.0,242.0,267.0,322.0,2249,1441
182.0,205.0,223.0,235.0,247.0,271.0,325.0,2224,1487
185.0,205.0,224.0,236.0,248.0,270.0,315.0,2241,1527
184.0,206.0,225.0,236.0,248.0,268.0,311.0,2238,1531
177.0,204.0,223.0,235.0,248.0,272.0,320.0,2249,1581
176.0,201.0,224.0,237.0,251.0,285.0,329.0,2235,1612
176.0,202.0,226.0,240.0,254.0,288.0,326.0,2236,1629
176.0,204.0,226.0,239.0,252.0,285.0,325.0,2234,1657
178.0,203.0,225.0,238.0,251.0,284.0,326.0,2247,1698
174.0,204.0,225.0,238.0,251.0,281.0,326.0,2244,1719
178.0,202.0,221.0,233.0,246.0,276.0,327.0,2238,1747
177.0,202.0,224.0,237.0,250.0,279.0,326.0,2237,1780
179.0,203.0,221.0,231.0,243.0,269.0,324.0,2227,1813
181.0,203.0,222.0,233.0,245.0,271.0,325.0,2246,1858
179.0,201.0,220.0,232.0,245.0,275.0,323.0,2229,1860
175.0,199.0,219.0,231.0,244.0,269.0,320.0,2241,1910
173.0,199.0,221.0,233.0,246.0,273.0,321.0,2245,1937
172.0,198.0,221.0,234.0,249.0,277.0,324.0,2245,1977
174.0,199.0,222.0,235.0,249.0,281.0,326.0,2233,1995
176.0,201.0,221.0,233.0,245.0,268.0,319.0,2223,2031
183.0,206.0,224.0,236.0,248.0,271.0,320.0,2230,2042
173.0,202.0,225.0,238.0,250.0,283.0,329.0,2238,2088
178.0,202.0,222.0,233.0,246.0,273.0,326.0,2220,2108
139.0,203.0,223.0,235.0,246.0,269.0,322.0,2227,2156
176.0,201.0,219.0,231.0,244.0,268.0,322.0,2227,2186
177.0,201.0,220.0,231.0,244.0,269.0,334.0,2236,2193
182.0,204.0,222.0,234.0,245.0,267.0,334.0,2246,2236
182.0,204.0,222.0,234.0,246.0,268.0,317.0,2226,2269
175.0,202.0,221.0,232.0,244.0,267.0,322.0,2243,2291
178.0,202.0,220.0,232.0,244.0,267.0,324.0,2231,2318
178.0,202.0,220.0,231.0,244.0,267.0,319.0,2222,2356
149.0,198.0,220.0,233.0,247.0,272.0,316.0,2236,2374
172.0,202.0,220.0,232.0,245.0,269.0,324.0,2220,2407
175.0,199.0,219.0,230.0,242.0,264.0,322.0,2227,2443
180.0,203.0,221.0,233.0,244.0,266.0,315.0,2244,2482
175.0,203.0,222.0,233.0,245.0,268.0,324.0,2233,2503
179.0,201.0,220.0,231.0,243.0,265.0,325.0,2245,2525
177.0,202.0,220.0,232.0,243.0,264.0,323.0,2232,2560
179.0,202.0,220.0,231.0,243.0,265.0,323.0,2234,2588
182.0,202.0,220.0,231.0,242.0,262.0,321.0,2239,2636
177.0,201.0,220.0,231.0,243.0,267.0,322.0,2227,2646
176.0,198.0,218.0,229.0,241.0,263.0,322.0,2249,2681
179.0,200.0,218.0,229.0,240.0,261.0,327.0,2232,2721
180.0,201.0,219.0,230.0,241.0,262.0,325.0,2222,2745
185.0,204.0,220.0,230.0,241.0,263.0,333.0,2232,2768
172.0,198.0,219.0,232.0,246.0,288.0,333.0,2246,2807
160.0,194.0,218.0,231.0,246.0,281.0,327.0,2249,2844
154.0,195.0,218.0,231.0,245.0,282.0,334.0,2248,2852
172.0,200.0,221.0,235.0,252.0,301.0,345.0,2246,2906
185.0,206.0,226.0,239.0,253.0,285.0,341.0,2244,2931
179.0,201.0,220.0,233.0,246.0,287.0,334.0,2241,2964
177.0,200.0,219.0,230.0,243.0,277.0,334.0,2247,2983
176.0,200.0,219.0,231.0,244.0,276.0,333.0,2248,3029
177.0,200.0,218.0,229.0,241.0,267.0,327.0,2230,3055
178.0,201.0,221.0,233.0,246.0,283.0,334.0,2248,3064
176.0,201.0,222.0,235.0,249.0,291.0,336.0,2245,3094
170.0,200.0,219.0,231.0,244.0,284.0,336.0,2221,3129
167.0,198.0,221.0,234.0,247.0,291.0,337.0,2245,3157
172.0,201.0,223.0,235.0,248.0,285.0,323.0,2239,3198
172.0,198.0,219.0,230.0,241.0,264.0,323.0,2222,3233
173.0,202.0,222.0,234.0,249.0,289.0,319.0,2243,3259
171.0,202.0,221.0,232.0,243.0,268.0,320.0,2231,3273
175.0,202.0,220.0,231.0,242.0,263.0,323.0,2226,3300
171.0,200.0,221.0,233.0,246.0,274.0,329.0,2242,3333
187.0,208.0,224.0,234.0,245.0,265.0,324.0,2275,20
170.0,200.0,221.0,233.0,246.0,277.0,329.0,2251,53
165.0,193.0,219.0,232.0,246.0,278.0,328.0,2251,66
172.0,201.0,222.0,234.0,246.0,273.0,326.0,2269,96
178.0,205.0,224.0,235.0,247.0,270.0,322.0,2263,140
179.0,205.0,222.0,233.0,244.0,265.0,317.0,2253,164
173.0,200.0,220.0,232.0,245.0,270.0,323.0,2251,199
181.0,208.0,225.0,235.0,246.0,267.0,316.0,2263,230
182.0,208.0,226.0,236.0,248.0,270.0,322.0,2273,248
185.0,208.0,224.0,235.0,246.0,267.0,319.0,2266,286
184.0,205.0,221.0,231.0,242.0,263.0,314.0,2268,303
185.0,209.0,226.0,237.0,249.0,272.0,324.0,2270,333
178.0,208.0,227.0,238.0,250.0,272.0,323.0,2255,377
177.0,207.0,226.0,238.0,250.0,275.0,325.0,2258,391
176.0,207.0,227.0,239.0,251.0,277.0,323.0,2271,423
181.0,207.0,225.0,236.0,248.0,272.0,326.0,2279,451
177.0,206.0,226.0,239.0,252.0,279.0,328.0,2279,507
178.0,208.0,229.0,242.0,254.0,284.0,327.0,2269,510
181.0,204.0,221.0,233.0,245.0,267.0,326.0,2275,554
182.0,207.0,226.0,237.0,248.0,270.0,324.0,2256,584
179.0,206.0,228.0,241.0,254.0,284.0,332.0,2253,629
176.0,201.0,225.0,239.0,253.0,286.0,329.0,2270,632
172.0,198.0,221.0,234.0,248.0,281.0,325.0,2275,672
177.0,204.0,229.0,242.0,255.0,292.0,330.0,2277,716
178.0,203.0,224.0,237.0,250.0,277.0,326.0,2264,724
172.0,202.0,225.0,239.0,252.0,278.0,328.0,2257,760
171.0,203.0,227.0,242.0,258.0,297.0,332.0,2263,797
172.0,201.0,225.0,240.0,255.0,288.0,324.0,2256,822
175.0,202.0,224.0,237.0,250.0,278.0,323.0,2270,853
166.0,195.0,222.0,238.0,254.0,290.0,323.0,2259,888
170.0,197.0,219.0,232.0,244.0,269.0,316.0,2279,916
171.0,194.0,222.0,239.0,257.0,299.0,324.0,2278,948
170.0,200.0,222.0,234.0,246.0,270.0,322.0,2277,975
171.0,198.0,222.0,234.0,247.0,273.0,320.0,2273,1000
171.0,196.0,222.0,236.0,250.0,279.0,326.0,2263,1040
178.0,205.0,227.0,239.0,252.0,279.0,328.0,2275,1064
175.0,202.0,227.0,241.0,255.0,288.0,329.0,2254,1098
174.0,200.0,223.0,235.0,246.0,271.0,320.0,2274,1130
180.0,205.0,224.0,236.0,247.0,270.0,318.0,2270,1154
178.0,204.0,222.0,234.0,247.0,271.0,320.0,2271,1175
180.0,204.0,221.0,232.0,244.0,264.0,310.0,2252,1211
163.0,195.0,222.0,236.0,249.0,277.0,323.0,2272,1236
174.0,204.0,223.0,235.0,248.0,275.0,323.0,2273,1274
176.0,204.0,226.0,239.0,253.0,289.0,331.0,2258,1314
182.0,203.0,221.0,231.0,243.0,266.0,327.0,2278,1334
177.0,203.0,223.0,235.0,247.0,282.0,331.0,2267,1359
181.0,205.0,223.0,235.0,248.0,280.0,323.0,2253,1409
180.0,205.0,224.0,236.0,249.0,282.0,327.0,2268,1412
182.0,204.0,221.0,232.0,243.0,266.0,321.0,2263,1448
180.0,206.0,224.0,236.0,248.0,270.0,325.0,2264,1476
177.0,202.0,220.0,232.0,245.0,271.0,325.0,2274,1515
178.0,204.0,223.0,235.0,248.0,273.0,327.0,2270,1535
180.0,206.0,225.0,237.0,249.0,277.0,319.0,2257,1584
175.0,202.0,223.0,235.0,248.0,282.0,321.0,2270,1602
181.0,207.0,226.0,238.0,251.0,282.0,324.0,2251,1647
179.0,204.0,225.0,238.0,251.0,285.0,327.0,2250,1672
175.0,203.0,224.0,237.0,250.0,283.0,324.0,2278,1696
174.0,201.0,222.0,235.0,249.0,283.0,323.0,2265,1718
176.0,201.0,222.0,236.0,251.0,287.0,327.0,2253,1748
178.0,201.0,221.0,232.0,245.0,272.0,317.0,2272,1788
179.0,204.0,223.0,234.0,248.0,282.0,321.0,2274,1822
177.0,202.0,222.0,234.0,246.0,274.0,322.0,2263,1845
180.0,202.0,222.0,234.0,247.0,279.0,324.0,2263,1867
178.0,202.0,221.0,232.0,245.0,269.0,315.0,2259,1916
174.0,200.0,221.0,232.0,245.0,270.0,319.0,2275,1938
173.0,199.0,222.0,235.0,248.0,277.0,323.0,2262,1976
177.0,201.0,222.0,235.0,248.0,277.0,322.0,2273,1996
179.0,203.0,222.0,234.0,246.0,272.0,323.0,2264,2011
183.0,205.0,223.0,234.0,246.0,270.0,321.0,2276,2046
170.0,207.0,228.0,239.0,251.0,286.0,339.0,2276,2098
177.0,205.0,225.0,236.0,248.0,272.0,331.0,2256,2115
171.0,202.0,224.0,237.0,250.0,280.0,333.0,2273,2131
134.0,198.0,220.0,232.0,245.0,272.0,324.0,2260,2165
176.0,200.0,219.0,231.0,243.0,266.0,317.0,2278,2197
183.0,205.0,223.0,234.0,245.0,266.0,331.0,2278,2235
185.0,206.0,224.0,235.0,246.0,269.0,328.0,2261,2268
179.0,203.0,220.0,230.0,241.0,262.0,314.0,2268,2282
178.0,203.0,222.0,234.0,246.0,269.0,318.0,2251,2313
178.0,205.0,224.0,235.0,247.0,271.0,327.0,2269,2364
171.0,202.0,222.0,234.0,247.0,273.0,325.0,2270,2398
175.0,201.0,219.0,231.0,243.0,267.0,325.0,2276,2401
183.0,204.0,221.0,231.0,242.0,262.0,322.0,2266,2456
183.0,204.0,221.0,231.0,242.0,262.0,319.0,2260,2468
181.0,202.0,219.0,230.0,241.0,261.0,327.0,2265,2494
181.0,202.0,218.0,228.0,239.0,260.0,322.0,2269,2547
182.0,202.0,218.0,228.0,239.0,260.0,323.0,2266,2551
183.0,204.0,220.0,230.0,240.0,260.0,321.0,2259,2587
180.0,203.0,221.0,233.0,245.0,277.0,329.0,2277,2626
173.0,197.0,219.0,233.0,246.0,279.0,333.0,2260,2663
173.0,196.0,219.0,232.0,246.0,280.0,336.0,2260,2676
174.0,198.0,218.0,230.0,243.0,274.0,337.0,2255,2722
177.0,202.0,221.0,232.0,245.0,271.0,336.0,2252,2756
173.0,199.0,219.0,231.0,245.0,280.0,332.0,2261,2784
167.0,197.0,217.0,229.0,242.0,273.0,324.0,2270,2817
155.0,193.0,218.0,232.0,247.0,286.0,330.0,2262,2837
163.0,198.0,219.0,232.0,246.0,283.0,335.0,2252,2869
179.0,203.0,223.0,237.0,251.0,283.0,326.0,2261,2888
171.0,199.0,220.0,234.0,251.0,295.0,339.0,2271,2914
177.0,200.0,219.0,231.0,244.0,283.0,332.0,2259,2963
181.0,202.0,221.0,233.0,248.0,292.0,340.0,2264,2974
178.0,200.0,219.0,230.0,243.0,270.0,332.0,2277,3026
172.0,199.0,218.0,229.0,242.0,281.0,338.0,2271,3044
183.0,204.0,223.0,235.0,248.0,279.0,332.0,2258,3063
179.0,202.0,221.0,234.0,247.0,289.0,336.0,2252,3113
175.0,201.0,223.0,236.0,251.0,302.0,342.0,2254,3140
175.0,200.0,220.0,233.0,246.0,290.0,338.0,2277,3150
172.0,201.0,221.0,234.0,249.0,301.0,331.0,2256,3185
175.0,200.0,220.0,231.0,244.0,295.0,337.0,2265,3237
173.0,199.0,219.0,230.0,242.0,290.0,334.0,2270,3260
178.0,202.0,220.0,231.0,242.0,276.0,329.0,2262,3288
182.0,205.0,223.0,234.0,246.0,276.0,330.0,2257,3312
169.0,198.0,220.0,233.0,246.0,280.0,332.0,2250,3332
185.0,208.0,224.0,235.0,245.0,264.0,319.0,2289,17
180.0,206.0,223.0,233.0,245.0,268.0,322.0,2281,44
177.0,206.0,223.0,235.0,246.0,269.0,321.0,2285,89
177.0,206.0,226.0,238.0,250.0,274.0,320.0,2308,100
182.0,206.0,222.0,233.0,245.0,267.0,321.0,2289,147
179.0,204.0,222.0,233.0,245.0,268.0,318.0,2309,162
180.0,204.0,221.0,232.0,244.0,266.0,317.0,2288,208
182.0,205.0,221.0,231.0,243.0,263.0,313.0,2294,225
185.0,207.0,223.0,234.0,244.0,263.0,315.0,2285,255
184.0,206.0,224.0,235.0,247.0,270.0,324.0,2293,285
184.0,206.0,223.0,234.0,246.0,269.0,326.0,2294,314
172.0,206.0,225.0,237.0,250.0,275.0,322.0,2298,350
177.0,207.0,225.0,236.0,248.0,273.0,324.0,2293,385
175.0,208.0,226.0,238.0,250.0,276.0,323.0,2297,411
174.0,207.0,226.0,238.0,250.0,275.0,323.0,2295,423
180.0,206.0,224.0,236.0,249.0,275.0,324.0,2295,472
179.0,206.0,224.0,236.0,248.0,272.0,321.0,2300,481
178.0,206.0,225.0,237.0,250.0,276.0,325.0,2287,521
178.0,205.0,225.0,237.0,250.0,279.0,329.0,2299,544
178.0,206.0,225.0,237.0,249.0,278.0,329.0,2281,591
174.0,202.0,223.0,237.0,250.0,279.0,330.0,2280,610
175.0,203.0,223.0,235.0,247.0,272.0,326.0,2302,652
174.0,202.0,222.0,235.0,247.0,272.0,318.0,2300,678
172.0,201.0,225.0,239.0,252.0,287.0,330.0,2299,696
178.0,203.0,222.0,234.0,246.0,270.0,331.0,2302,745
175.0,201.0,223.0,235.0,247.0,271.0,319.0,2307,751
172.0,201.0,225.0,238.0,251.0,285.0,324.0,2298,780
180.0,207.0,226.0,239.0,252.0,281.0,328.0,2300,831
176.0,202.0,224.0,236.0,250.0,281.0,324.0,2298,866
177.0,203.0,223.0,235.0,248.0,272.0,320.0,2280,888
170.0,196.0,219.0,231.0,244.0,269.0,321.0,2285,907
174.0,199.0,222.0,236.0,251.0,289.0,325.0,2302,930
177.0,204.0,224.0,236.0,249.0,276.0,318.0,2289,967
173.0,201.0,225.0,239.0,253.0,284.0,328.0,2291,1011
171.0,196.0,222.0,236.0,249.0,276.0,323.0,2283,1040
175.0,202.0,223.0,235.0,247.0,277.0,327.0,2303,1051
176.0,201.0,221.0,234.0,250.0,285.0,327.0,2304,1104
178.0,201.0,219.0,231.0,244.0,273.0,319.0,2308,1121
180.0,204.0,222.0,234.0,247.0,273.0,318.0,2307,1167
180.0,204.0,224.0,236.0,249.0,282.0,324.0,2309,1189
178.0,202.0,221.0,233.0,247.0,272.0,325.0,2309,1229
180.0,204.0,222.0,234.0,247.0,267.0,314.0,2284,1236
176.0,205.0,224.0,235.0,247.0,271.0,322.0,2290,1273
179.0,205.0,226.0,239.0,252.0,282.0,326.0,2286,1299
181.0,203.0,219.0,229.0,240.0,261.0,329.0,2294,1347
181.0,203.0,219.0,229.0,240.0,262.0,329.0,2299,1351
185.0,204.0,219.0,229.0,239.0,259.0,325.0,2304,1401
181.0,203.0,220.0,230.0,242.0,264.0,321.0,2303,1422
179.0,206.0,226.0,239.0,251.0,277.0,319.0,2285,1453
173.0,202.0,221.0,234.0,246.0,272.0,319.0,2309,1492
149.0,197.0,219.0,231.0,244.0,274.0,331.0,2307,1505
175.0,206.0,225.0,237.0,249.0,275.0,315.0,2293,1559
179.0,205.0,223.0,235.0,248.0,275.0,320.0,2307,1569
178.0,204.0,225.0,238.0,251.0,282.0,323.0,2283,1617
179.0,204.0,224.0,236.0,249.0,275.0,318.0,2297,1646
180.0,206.0,225.0,237.0,249.0,275.0,317.0,2303,1661
174.0,201.0,223.0,236.0,250.0,285.0,326.0,2309,1691
178.0,204.0,223.0,235.0,248.0,275.0,320.0,2290,1733
174.0,202.0,225.0,240.0,255.0,293.0,326.0,2287,1761
176.0,201.0,222.0,235.0,250.0,281.0,322.0,2281,1777
180.0,203.0,223.0,236.0,250.0,287.0,323.0,2296,1804
173.0,199.0,220.0,232.0,245.0,274.0,323.0,2282,1856
177.0,201.0,221.0,233.0,247.0,277.0,325.0,2287,1868
175.0,200.0,221.0,233.0,246.0,274.0,318.0,2307,1890
180.0,202.0,221.0,232.0,245.0,270.0,320.0,2296,1928
182.0,204.0,223.0,235.0,247.0,271.0,320.0,2295,1953
180.0,201.0,221.0,233.0,246.0,272.0,325.0,2299,2003
182.0,204.0,223.0,235.0,247.0,275.0,327.0,2294,2018
183.0,204.0,221.0,232.0,245.0,268.0,320.0,2292,2043
176.0,202.0,222.0,235.0,248.0,279.0,331.0,2293,2082
172.0,204.0,224.0,236.0,248.0,285.0,336.0,2297,2101
137.0,184.0,218.0,232.0,246.0,275.0,322.0,2299,2149
141.0,190.0,217.0,229.0,243.0,270.0,311.0,2300,2167
174.0,199.0,218.0,230.0,242.0,262.0,314.0,2286,2206
180.0,204.0,222.0,233.0,245.0,266.0,323.0,2298,2246
177.0,202.0,221.0,233.0,245.0,266.0,313.0,2298,2255
163.0,198.0,221.0,234.0,247.0,271.0,315.0,2300,2282
178.0,204.0,223.0,235.0,247.0,268.0,323.0,2294,2327
180.0,204.0,223.0,234.0,246.0,270.0,320.0,2282,2354
182.0,204.0,221.0,232.0,243.0,263.0,314.0,2292,2387
175.0,202.0,220.0,232.0,244.0,268.0,314.0,2298,2428
180.0,204.0,222.0,233.0,245.0,268.0,318.0,2290,2448
179.0,204.0,222.0,233.0,244.0,267.0,327.0,2291,2464
182.0,206.0,226.0,238.0,249.0,276.0,333.0,2295,2494
181.0,203.0,220.0,230.0,242.0,264.0,330.0,2284,2527
181.0,203.0,221.0,231.0,243.0,265.0,332.0,2297,2572
181.0,203.0,221.0,232.0,244.0,268.0,331.0,2293,2588
173.0,202.0,223.0,237.0,251.0,280.0,324.0,2304,2614
167.0,196.0,221.0,235.0,249.0,281.0,326.0,2297,2649
176.0,199.0,219.0,231.0,243.0,265.0,322.0,2280,2693
179.0,201.0,219.0,230.0,243.0,270.0,332.0,2301,2709
179.0,202.0,221.0,233.0,246.0,278.0,335.0,2293,2740
172.0,201.0,220.0,232.0,245.0,275.0,331.0,2299,2760
164.0,197.0,218.0,229.0,243.0,275.0,330.0,2292,2817
176.0,197.0,218.0,230.0,244.0,279.0,326.0,2289,2824
168.0,197.0,218.0,231.0,246.0,292.0,336.0,2281,2870
165.0,196.0,219.0,232.0,247.0,301.0,338.0,2289,2899
176.0,203.0,224.0,237.0,250.0,285.0,328.0,2309,2932
174.0,205.0,226.0,239.0,252.0,279.0,321.0,2302,2961
180.0,204.0,225.0,239.0,255.0,298.0,334.0,2301,2986
174.0,198.0,218.0,229.0,242.0,270.0,331.0,2281,3029
174.0,200.0,221.0,234.0,249.0,299.0,345.0,2291,3056
179.0,201.0,222.0,234.0,248.0,284.0,338.0,2286,3069
173.0,199.0,222.0,236.0,251.0,297.0,342.0,2297,3103
177.0,203.0,225.0,238.0,253.0,293.0,338.0,2293,3145
179.0,204.0,224.0,237.0,251.0,292.0,340.0,2297,3170
177.0,202.0,220.0,231.0,243.0,285.0,333.0,2294,3198
182.0,207.0,227.0,240.0,255.0,303.0,349.0,2290,3221
180.0,206.0,228.0,242.0,259.0,307.0,347.0,2301,3246
175.0,201.0,219.0,230.0,242.0,278.0,336.0,2288,3283
172.0,201.0,222.0,235.0,248.0,295.0,337.0,2285,3314
170.0,198.0,220.0,233.0,246.0,276.0,324.0,2299,3332
178.0,205.0,223.0,233.0,245.0,267.0,315.0,2335,10
176.0,206.0,226.0,238.0,249.0,274.0,327.0,2331,46
175.0,204.0,223.0,234.0,246.0,270.0,319.0,2325,83
179.0,207.0,227.0,240.0,252.0,279.0,326.0,2324,97
180.0,205.0,223.0,235.0,248.0,273.0,323.0,2329,140
179.0,204.0,221.0,232.0,243.0,267.0,321.0,2330,175
180.0,204.0,221.0,232.0,244.0,266.0,321.0,2319,192
178.0,202.0,220.0,232.0,244.0,268.0,319.0,2335,213
173.0,201.0,224.0,237.0,250.0,285.0,325.0,2323,259
176.0,205.0,225.0,236.0,249.0,279.0,328.0,2328,280
188.0,207.0,222.0,232.0,243.0,262.0,313.0,2329,324
167.0,206.0,225.0,237.0,249.0,274.0,322.0,2320,344
162.0,201.0,225.0,238.0,252.0,287.0,327.0,2310,389
165.0,203.0,226.0,240.0,255.0,289.0,326.0,2336,390
131.0,206.0,224.0,235.0,247.0,271.0,334.0,2331,422
194.0,213.0,229.0,238.0,248.0,267.0,319.0,2333,479
182.0,207.0,224.0,236.0,248.0,271.0,321.0,2313,504
175.0,205.0,227.0,240.0,253.0,290.0,329.0,2318,527
176.0,203.0,224.0,236.0,249.0,288.0,329.0,2314,563
173.0,201.0,223.0,235.0,248.0,274.0,328.0,2310,588
175.0,205.0,225.0,238.0,250.0,274.0,323.0,2322,622
174.0,204.0,224.0,237.0,249.0,273.0,320.0,2311,638
175.0,204.0,227.0,239.0,253.0,291.0,327.0,2322,684
173.0,206.0,228.0,240.0,254.0,290.0,331.0,2322,700
185.0,208.0,226.0,237.0,249.0,272.0,322.0,2336,736
178.0,204.0,226.0,239.0,252.0,284.0,329.0,2316,766
182.0,207.0,224.0,234.0,245.0,267.0,322.0,2330,789
178.0,207.0,226.0,236.0,247.0,270.0,326.0,2334,811
172.0,199.0,224.0,238.0,252.0,282.0,327.0,2316,849
182.0,205.0,222.0,234.0,246.0,272.0,325.0,2312,878
175.0,202.0,223.0,235.0,250.0,288.0,324.0,2336,923
166.0,190.0,223.0,241.0,261.0,300.0,325.0,2327,944
174.0,204.0,225.0,237.0,250.0,281.0,324.0,2317,983
174.0,203.0,227.0,241.0,255.0,288.0,326.0,2325,998
178.0,206.0,224.0,236.0,249.0,277.0,325.0,2330,1041
176.0,203.0,224.0,238.0,254.0,290.0,322.0,2329,1077
176.0,202.0,221.0,233.0,248.0,278.0,326.0,2324,1107
183.0,206.0,223.0,233.0,245.0,268.0,318.0,2335,1118
176.0,206.0,227.0,240.0,254.0,284.0,326.0,2332,1151
176.0,201.0,223.0,237.0,252.0,293.0,328.0,2325,1185
174.0,201.0,221.0,234.0,248.0,278.0,321.0,2319,1220
184.0,206.0,224.0,235.0,246.0,266.0,313.0,2334,1238
176.0,204.0,223.0,235.0,247.0,272.0,321.0,2310,1263
181.0,205.0,223.0,234.0,245.0,267.0,318.0,2330,1314
185.0,204.0,220.0,229.0,240.0,261.0,325.0,2318,1344
178.0,202.0,220.0,231.0,244.0,272.0,325.0,2332,1358
175.0,205.0,225.0,237.0,251.0,286.0,327.0,2337,1394
185.0,206.0,222.0,233.0,246.0,271.0,326.0,2319,1417
161.0,199.0,219.0,231.0,244.0,271.0,318.0,2314,1467
179.0,204.0,222.0,233.0,244.0,264.0,316.0,2335,1496
170.0,199.0,220.0,231.0,243.0,267.0,314.0,2321,1514
176.0,203.0,221.0,232.0,244.0,263.0,309.0,2310,1539
174.0,201.0,221.0,234.0,248.0,277.0,325.0,2314,1586
179.0,204.0,223.0,234.0,246.0,270.0,325.0,2338,1595
181.0,206.0,224.0,235.0,246.0,269.0,322.0,2331,1639
176.0,203.0,223.0,236.0,249.0,279.0,323.0,2333,1677
176.0,203.0,223.0,236.0,249.0,281.0,322.0,2329,1681
178.0,204.0,224.0,236.0,248.0,275.0,323.0,2321,1716
178.0,204.0,225.0,237.0,251.0,279.0,327.0,2315,1747
179.0,204.0,227.0,240.0,254.0,294.0,332.0,2329,1796
176.0,203.0,227.0,241.0,255.0,294.0,330.0,2328,1806
178.0,204.0,225.0,238.0,251.0,286.0,327.0,2316,1842
175.0,201.0,223.0,236.0,251.0,288.0,327.0,2318,1889
173.0,199.0,221.0,234.0,248.0,275.0,324.0,2312,1893
180.0,202.0,220.0,231.0,244.0,269.0,316.0,2325,1945
182.0,203.0,220.0,231.0,242.0,264.0,318.0,2321,1974
181.0,203.0,223.0,236.0,248.0,274.0,332.0,2330,2005
181.0,203.0,224.0,236.0,249.0,278.0,330.0,2313,2023
184.0,206.0,223.0,234.0,245.0,265.0,317.0,2315,2055
175.0,202.0,222.0,233.0,246.0,273.0,333.0,2319,2081
168.0,201.0,221.0,233.0,246.0,284.0,338.0,2322,2110
164.0,202.0,221.0,231.0,243.0,264.0,313.0,2337,2153
134.0,191.0,220.0,233.0,247.0,273.0,313.0,2329,2175
176.0,202.0,221.0,233.0,246.0,268.0,324.0,2339,2219
180.0,203.0,221.0,233.0,245.0,267.0,324.0,2316,2236
176.0,201.0,221.0,232.0,245.0,267.0,317.0,2336,2277
174.0,203.0,222.0,234.0,247.0,272.0,327.0,2325,2285
182.0,206.0,224.0,235.0,246.0,266.0,317.0,2324,2339
179.0,204.0,221.0,231.0,243.0,263.0,318.0,2323,2354
177.0,204.0,222.0,233.0,245.0,267.0,315.0,2338,2377
181.0,204.0,221.0,232.0,243.0,264.0,319.0,2314,2425
179.0,204.0,223.0,235.0,247.0,270.0,330.0,2322,2451
171.0,203.0,222.0,233.0,246.0,271.0,329.0,2324,2472
185.0,207.0,224.0,235.0,245.0,265.0,326.0,2332,2507
179.0,202.0,220.0,231.0,242.0,263.0,325.0,2336,2537
178.0,202.0,220.0,230.0,242.0,264.0,324.0,2335,2558
180.0,206.0,226.0,238.0,250.0,272.0,312.0,2330,2582
173.0,201.0,222.0,234.0,247.0,272.0,316.0,2335,2610
180.0,200.0,218.0,228.0,239.0,260.0,325.0,2332,2657
182.0,203.0,220.0,230.0,242.0,266.0,330.0,2332,2696
179.0,201.0,220.0,232.0,245.0,278.0,335.0,2334,2726
178.0,201.0,220.0,232.0,244.0,276.0,334.0,2322,2751
176.0,202.0,221.0,232.0,245.0,275.0,331.0,2331,2766
136.0,190.0,216.0,230.0,245.0,277.0,329.0,2334,2794
171.0,199.0,219.0,230.0,244.0,272.0,324.0,2334,2821
173.0,198.0,219.0,233.0,249.0,301.0,341.0,2317,2871
177.0,201.0,221.0,234.0,249.0,297.0,339.0,2326,2899
177.0,200.0,220.0,233.0,247.0,291.0,331.0,2319,2917
179.0,201.0,220.0,232.0,245.0,289.0,328.0,2338,2958
183.0,203.0,221.0,232.0,244.0,285.0,334.0,2334,2983
180.0,202.0,220.0,233.0,246.0,290.0,335.0,2325,3024
181.0,204.0,224.0,237.0,251.0,296.0,340.0,2336,3039
175.0,203.0,223.0,237.0,252.0,299.0,340.0,2311,3084
172.0,198.0,218.0,230.0,243.0,273.0,329.0,2334,3096
172.0,198.0,221.0,234.0,248.0,291.0,331.0,2312,3129
167.0,201.0,221.0,234.0,247.0,277.0,325.0,2338,3166
184.0,204.0,221.0,232.0,244.0,277.0,332.0,2322,3200
178.0,202.0,222.0,234.0,247.0,284.0,336.0,2330,3231
167.0,196.0,223.0,237.0,255.0,304.0,345.0,2326,3264
164.0,199.0,220.0,233.0,247.0,282.0,335.0,2337,3275
171.0,200.0,220.0,232.0,246.0,291.0,337.0,2329,3323
173.0,200.0,220.0,231.0,245.0,282.0,336.0,2325,3330
179.0,206.0,224.0,235.0,246.0,268.0,317.0,2348,11
175.0,204.0,222.0,233.0,245.0,267.0,318.0,2353,46
177.0,202.0,220.0,232.0,244.0,269.0,324.0,2367,86
173.0,200.0,221.0,233.0,247.0,276.0,323.0,2364,109
176.0,203.0,224.0,236.0,249.0,283.0,328.0,2340,147
173.0,203.0,222.0,233.0,246.0,272.0,326.0,2357,179
180.0,206.0,223.0,234.0,245.0,268.0,321.0,2367,189
175.0,206.0,224.0,235.0,247.0,272.0,323.0,2359,236
177.0,205.0,225.0,237.0,250.0,287.0,327.0,2345,245
178.0,206.0,224.0,235.0,246.0,271.0,328.0,2355,285
132.0,206.0,223.0,233.0,244.0,266.0,329.0,2364,314
185.0,207.0,223.0,232.0,243.0,262.0,309.0,2347,330
179.0,206.0,223.0,234.0,247.0,275.0,327.0,2356,389
184.0,207.0,224.0,235.0,247.0,274.0,323.0,2351,391
174.0,206.0,225.0,237.0,249.0,277.0,324.0,2368,422
182.0,208.0,224.0,235.0,246.0,266.0,320.0,2345,453
183.0,209.0,226.0,237.0,247.0,268.0,321.0,2345,482
179.0,205.0,224.0,237.0,251.0,286.0,326.0,2354,535
169.0,200.0,222.0,234.0,247.0,273.0,321.0,2340,560
180.0,206.0,223.0,234.0,245.0,264.0,318.0,2343,595
181.0,207.0,224.0,236.0,247.0,271.0,317.0,2359,617
179.0,209.0,228.0,239.0,251.0,278.0,323.0,2355,654
181.0,208.0,226.0,236.0,247.0,268.0,319.0,2362,672
175.0,204.0,225.0,237.0,250.0,276.0,322.0,2342,703
189.0,208.0,224.0,235.0,246.0,267.0,319.0,2356,720
178.0,204.0,224.0,238.0,252.0,292.0,325.0,2343,766
185.0,207.0,223.0,233.0,244.0,263.0,315.0,2352,785
183.0,207.0,224.0,234.0,246.0,268.0,317.0,2353,817
181.0,209.0,228.0,239.0,250.0,274.0,320.0,2368,869
177.0,204.0,224.0,235.0,246.0,268.0,320.0,2341,870
176.0,203.0,222.0,233.0,245.0,269.0,321.0,2355,910
167.0,194.0,225.0,241.0,260.0,298.0,326.0,2344,951
171.0,205.0,226.0,238.0,253.0,283.0,322.0,2361,972
175.0,206.0,227.0,240.0,254.0,286.0,324.0,2359,999
176.0,202.0,223.0,236.0,252.0,291.0,327.0,2369,1025
176.0,204.0,225.0,239.0,253.0,290.0,326.0,2356,1067
180.0,207.0,225.0,237.0,250.0,280.0,328.0,2368,1090
174.0,204.0,225.0,238.0,252.0,287.0,328.0,2341,1137
176.0,204.0,226.0,239.0,255.0,293.0,330.0,2348,1145
176.0,202.0,225.0,238.0,253.0,289.0,325.0,2360,1181
144.0,196.0,222.0,236.0,250.0,284.0,327.0,2363,1209
185.0,209.0,226.0,237.0,248.0,266.0,320.0,2349,1248
183.0,207.0,225.0,236.0,247.0,268.0,321.0,2342,1261
183.0,207.0,225.0,236.0,248.0,272.0,323.0,2343,1314
164.0,207.0,227.0,239.0,250.0,279.0,329.0,2347,1344
129.0,189.0,222.0,238.0,255.0,299.0,329.0,2362,1366
133.0,199.0,225.0,238.0,252.0,288.0,321.0,2348,1387
178.0,202.0,220.0,230.0,242.0,264.0,318.0,2366,1426
177.0,202.0,220.0,231.0,242.0,263.0,322.0,2362,1452
172.0,202.0,222.0,234.0,246.0,274.0,325.0,2359,1488
183.0,207.0,224.0,235.0,247.0,268.0,321.0,2366,1513
170.0,201.0,220.0,232.0,244.0,265.0,318.0,2341,1540
177.0,204.0,222.0,233.0,245.0,267.0,316.0,2366,1573
176.0,203.0,222.0,233.0,246.0,271.0,321.0,2353,1616
178.0,205.0,223.0,234.0,246.0,270.0,325.0,2340,1628
177.0,203.0,223.0,236.0,248.0,279.0,326.0,2352,1667
176.0,204.0,225.0,237.0,251.0,283.0,327.0,2368,1696
187.0,208.0,225.0,236.0,247.0,271.0,323.0,2354,1735
179.0,204.0,224.0,237.0,251.0,286.0,332.0,2364,1763
179.0,203.0,222.0,234.0,247.0,274.0,324.0,2354,1780
178.0,204.0,223.0,235.0,248.0,276.0,325.0,2348,1813
178.0,203.0,222.0,234.0,246.0,275.0,325.0,2353,1847
179.0,203.0,221.0,232.0,244.0,268.0,323.0,2363,1868
174.0,199.0,221.0,234.0,248.0,282.0,332.0,2368,1908
175.0,200.0,222.0,235.0,250.0,285.0,329.0,2341,1920
174.0,201.0,223.0,237.0,251.0,282.0,329.0,2364,1954
180.0,204.0,224.0,236.0,248.0,273.0,325.0,2366,1981
181.0,203.0,222.0,233.0,246.0,271.0,324.0,2344,2021
188.0,207.0,223.0,234.0,245.0,264.0,323.0,2353,2042
172.0,197.0,220.0,232.0,245.0,272.0,318.0,2340,2071
174.0,204.0,226.0,239.0,251.0,281.0,337.0,2352,2116
170.0,202.0,220.0,231.0,243.0,266.0,316.0,2355,2150
174.0,202.0,221.0,233.0,245.0,265.0,305.0,2362,2176
154.0,197.0,220.0,231.0,244.0,269.0,313.0,2356,2211
158.0,203.0,223.0,234.0,247.0,270.0,319.0,2344,2242
178.0,205.0,223.0,235.0,246.0,267.0,320.0,2369,2264
187.0,208.0,224.0,235.0,245.0,263.0,319.0,2356,2307
182.0,205.0,223.0,233.0,243.0,261.0,310.0,2349,2318
176.0,203.0,222.0,233.0,244.0,265.0,318.0,2352,2362
182.0,206.0,223.0,233.0,244.0,263.0,323.0,2360,2391
187.0,208.0,226.0,236.0,247.0,267.0,324.0,2357,2422
177.0,204.0,221.0,233.0,245.0,268.0,318.0,2368,2447
176.0,202.0,221.0,232.0,244.0,266.0,321.0,2347,2480
179.0,203.0,221.0,232.0,243.0,265.0,323.0,2357,2504
174.0,205.0,225.0,238.0,251.0,276.0,319.0,2362,2549
175.0,200.0,219.0,230.0,241.0,262.0,319.0,2367,2579
179.0,201.0,219.0,229.0,241.0,262.0,321.0,2352,2608
183.0,202.0,219.0,230.0,241.0,263.0,324.0,2363,2629
184.0,203.0,219.0,230.0,241.0,264.0,327.0,2353,2660
178.0,202.0,222.0,234.0,246.0,273.0,330.0,2366,2677
178.0,201.0,220.0,232.0,244.0,275.0,336.0,2340,2724
176.0,202.0,220.0,232.0,244.0,272.0,328.0,2367,2740
156.0,199.0,220.0,234.0,250.0,286.0,337.0,2367,2773
169.0,200.0,220.0,232.0,247.0,288.0,335.0,2364,2802
167.0,195.0,218.0,231.0,246.0,289.0,340.0,2364,2829
172.0,198.0,220.0,234.0,248.0,292.0,335.0,2350,2878
167.0,198.0,222.0,237.0,255.0,302.0,338.0,2347,2909
165.0,197.0,222.0,237.0,254.0,300.0,333.0,2352,2911
181.0,204.0,223.0,236.0,251.0,297.0,336.0,2358,2947
183.0,204.0,222.0,234.0,248.0,294.0,338.0,2354,2971
180.0,202.0,222.0,235.0,248.0,287.0,332.0,2358,3013
177.0,202.0,222.0,235.0,249.0,282.0,333.0,2363,3038
177.0,200.0,221.0,233.0,246.0,285.0,335.0,2366,3086
181.0,203.0,223.0,235.0,247.0,285.0,338.0,2367,3092
172.0,201.0,223.0,236.0,250.0,290.0,339.0,2360,3144
175.0,202.0,223.0,235.0,248.0,281.0,328.0,2359,3164
176.0,203.0,222.0,235.0,247.0,276.0,333.0,2345,3207
173.0,202.0,222.0,234.0,247.0,274.0,326.0,2346,3210
156.0,201.0,222.0,236.0,251.0,287.0,330.0,2344,3265
125.0,197.0,222.0,235.0,251.0,296.0,338.0,2357,3286
117.0,195.0,221.0,235.0,251.0,289.0,340.0,2351,3318
116.0,191.0,219.0,234.0,251.0,292.0,336.0,2362,3332
177.0,203.0,221.0,232.0,244.0,267.0,321.0,2379,8
174.0,204.0,223.0,235.0,246.0,269.0,319.0,2396,41
179.0,204.0,221.0,232.0,243.0,264.0,317.0,2389,81
177.0,203.0,220.0,231.0,243.0,265.0,319.0,2373,118
175.0,203.0,223.0,234.0,246.0,271.0,321.0,2384,133
173.0,198.0,223.0,236.0,251.0,289.0,330.0,2394,152
173.0,205.0,225.0,236.0,248.0,272.0,325.0,2371,195
174.0,205.0,224.0,237.0,250.0,281.0,327.0,2387,235
186.0,207.0,221.0,230.0,241.0,259.0,299.0,2398,263
193.0,208.0,222.0,231.0,242.0,260.0,299.0,2398,279
193.0,208.0,221.0,231.0,241.0,259.0,300.0,2382,325
191.0,207.0,220.0,230.0,240.0,256.0,283.0,2385,344
191.0,210.0,225.0,235.0,245.0,262.0,304.0,2398,389
192.0,209.0,224.0,234.0,244.0,263.0,309.0,2378,391
173.0,203.0,224.0,237.0,249.0,274.0,324.0,2378,424
177.0,207.0,227.0,239.0,252.0,281.0,327.0,2376,454
176.0,208.0,228.0,240.0,252.0,277.0,321.0,2393,499
176.0,205.0,225.0,237.0,249.0,274.0,322.0,2392,523
183.0,208.0,225.0,236.0,248.0,269.0,323.0,2372,540
190.0,212.0,229.0,239.0,249.0,268.0,316.0,2391,593
182.0,210.0,227.0,238.0,249.0,273.0,320.0,2391,608
190.0,210.0,225.0,236.0,247.0,266.0,318.0,2387,637
183.0,211.0,229.0,239.0,250.0,273.0,326.0,2395,660
184.0,208.0,225.0,236.0,247.0,269.0,321.0,2378,694
184.0,204.0,220.0,230.0,241.0,262.0,315.0,2384,731
161.0,203.0,226.0,240.0,254.0,287.0,328.0,2387,752
179.0,207.0,224.0,235.0,246.0,266.0,310.0,2385,809
184.0,207.0,223.0,233.0,245.0,267.0,310.0,2371,829
179.0,208.0,226.0,238.0,250.0,278.0,317.0,2380,844
174.0,201.0,223.0,237.0,253.0,287.0,328.0,2386,893
157.0,198.0,227.0,243.0,261.0,294.0,322.0,2390,923
166.0,203.0,225.0,238.0,254.0,285.0,325.0,2378,944
175.0,205.0,228.0,242.0,257.0,290.0,325.0,2385,984
175.0,205.0,227.0,240.0,255.0,290.0,323.0,2382,1011
172.0,205.0,225.0,238.0,253.0,293.0,328.0,2379,1042
178.0,206.0,224.0,236.0,248.0,277.0,322.0,2375,1079
175.0,206.0,224.0,235.0,247.0,270.0,319.0,2399,1085
179.0,207.0,226.0,238.0,250.0,279.0,327.0,2388,1136
174.0,205.0,227.0,240.0,255.0,292.0,326.0,2382,1144
181.0,206.0,226.0,238.0,251.0,285.0,335.0,2374,1170
182.0,207.0,225.0,237.0,248.0,272.0,328.0,2389,1222
122.0,198.0,224.0,238.0,252.0,285.0,334.0,2381,1248
173.0,201.0,222.0,235.0,248.0,277.0,325.0,2376,1282
168.0,200.0,224.0,237.0,250.0,289.0,333.0,2380,1309
165.0,204.0,224.0,237.0,250.0,283.0,328.0,2396,1339
171.0,204.0,224.0,235.0,248.0,277.0,327.0,2377,1370
174.0,203.0,222.0,233.0,246.0,274.0,322.0,2379,1382
178.0,203.0,221.0,233.0,244.0,267.0,324.0,2389,1430
173.0,201.0,222.0,234.0,246.0,273.0,323.0,2387,1466
179.0,203.0,222.0,234.0,246.0,272.0,323.0,2372,1480
168.0,203.0,223.0,235.0,248.0,275.0,322.0,2395,1529
182.0,206.0,223.0,235.0,247.0,267.0,314.0,2386,1532
176.0,203.0,221.0,233.0,245.0,268.0,318.0,2387,1582
179.0,204.0,221.0,232.0,244.0,269.0,328.0,2399,1608
179.0,202.0,219.0,230.0,242.0,266.0,325.0,2376,1626
174.0,200.0,224.0,239.0,255.0,292.0,328.0,2372,1675
178.0,205.0,225.0,238.0,252.0,286.0,330.0,2374,1700
179.0,206.0,225.0,236.0,249.0,275.0,327.0,2383,1731
180.0,205.0,224.0,236.0,248.0,274.0,322.0,2370,1744
177.0,204.0,222.0,234.0,247.0,272.0,320.0,2399,1774
174.0,202.0,225.0,238.0,253.0,285.0,321.0,2395,1803
174.0,202.0,222.0,234.0,247.0,274.0,319.0,2378,1837
175.0,202.0,221.0,233.0,246.0,272.0,321.0,2384,1887
177.0,202.0,221.0,233.0,245.0,272.0,327.0,2370,1904
172.0,197.0,223.0,237.0,251.0,288.0,331.0,2389,1942
179.0,205.0,224.0,236.0,249.0,276.0,324.0,2397,1955
183.0,204.0,222.0,234.0,245.0,269.0,326.0,2384,1983
184.0,204.0,221.0,232.0,243.0,263.0,315.0,2371,2036
175.0,202.0,222.0,234.0,247.0,274.0,330.0,2372,2065
165.0,185.0,215.0,229.0,245.0,275.0,313.0,2382,2082
173.0,201.0,222.0,234.0,248.0,282.0,335.0,2390,2103
177.0,202.0,220.0,231.0,242.0,263.0,304.0,2396,2144
178.0,203.0,221.0,231.0,243.0,265.0,319.0,2379,2167
130.0,190.0,218.0,231.0,246.0,272.0,316.0,2384,2210
176.0,202.0,221.0,233.0,246.0,270.0,325.0,2398,2245
176.0,203.0,223.0,235.0,249.0,274.0,328.0,2386,2265
188.0,210.0,227.0,237.0,247.0,266.0,322.0,2386,2295
181.0,205.0,224.0,235.0,247.0,269.0,326.0,2392,2335
184.0,207.0,224.0,234.0,245.0,264.0,323.0,2372,2341
184.0,208.0,226.0,236.0,247.0,266.0,325.0,2382,2392
183.0,206.0,223.0,234.0,246.0,268.0,324.0,2374,2403
183.0,206.0,222.0,233.0,245.0,268.0,319.0,2380,2435
176.0,203.0,224.0,237.0,250.0,280.0,325.0,2390,2476
181.0,204.0,221.0,232.0,244.0,267.0,328.0,2397,2509
182.0,203.0,220.0,231.0,242.0,264.0,328.0,2391,2540
179.0,201.0,219.0,229.0,240.0,260.0,326.0,2379,2577
181.0,202.0,218.0,228.0,240.0,262.0,328.0,2381,2607
183.0,203.0,220.0,231.0,243.0,265.0,327.0,2379,2639
181.0,204.0,223.0,235.0,247.0,275.0,333.0,2392,2664
180.0,202.0,220.0,230.0,242.0,266.0,326.0,2379,2693
180.0,202.0,221.0,232.0,244.0,270.0,327.0,2393,2703
174.0,198.0,219.0,232.0,246.0,280.0,329.0,2391,2759
173.0,198.0,219.0,233.0,249.0,290.0,334.0,2370,2780
165.0,197.0,221.0,235.0,251.0,295.0,337.0,2391,2816
161.0,197.0,221.0,234.0,249.0,287.0,337.0,2379,2824
168.0,196.0,218.0,230.0,244.0,290.0,335.0,2385,2867
178.0,200.0,222.0,236.0,254.0,298.0,338.0,2382,2899
182.0,204.0,222.0,235.0,250.0,297.0,342.0,2396,2928
181.0,205.0,225.0,238.0,254.0,298.0,345.0,2374,2957
181.0,203.0,221.0,232.0,245.0,292.0,335.0,2377,2986
142.0,201.0,223.0,235.0,249.0,290.0,324.0,2398,3001
177.0,200.0,221.0,233.0,245.0,269.0,321.0,2380,3040
177.0,200.0,221.0,233.0,247.0,283.0,335.0,2377,3066
178.0,205.0,224.0,237.0,250.0,282.0,330.0,2396,3103
173.0,200.0,221.0,234.0,248.0,292.0,332.0,2374,3123
176.0,203.0,221.0,233.0,245.0,278.0,322.0,2371,3178
173.0,201.0,221.0,233.0,247.0,287.0,324.0,2377,3198
174.0,201.0,220.0,232.0,246.0,298.0,334.0,2379,3237
174.0,201.0,221.0,234.0,251.0,303.0,340.0,2383,3241
166.0,200.0,223.0,237.0,253.0,301.0,338.0,2389,3278
166.0,199.0,220.0,233.0,249.0,289.0,340.0,2395,3314
121.0,190.0,219.0,233.0,250.0,296.0,338.0,2392,3330
178.0,204.0,225.0,238.0,250.0,274.0,328.0,2425,10
176.0,204.0,224.0,235.0,246.0,269.0,322.0,2401,33
182.0,206.0,223.0,235.0,246.0,267.0,320.0,2412,74
177.0,204.0,224.0,236.0,247.0,271.0,318.0,2415,109
179.0,206.0,225.0,236.0,247.0,269.0,321.0,2404,122
178.0,205.0,225.0,237.0,249.0,279.0,323.0,2402,162
175.0,205.0,223.0,234.0,246.0,269.0,314.0,2427,195
145.0,201.0,222.0,234.0,247.0,274.0,319.0,2417,230
104.0,172.0,218.0,234.0,251.0,305.0,334.0,2406,248
184.0,204.0,220.0,230.0,241.0,261.0,306.0,2418,298
188.0,207.0,222.0,232.0,244.0,264.0,325.0,2405,321
187.0,206.0,219.0,228.0,238.0,257.0,293.0,2401,337
192.0,208.0,221.0,231.0,241.0,259.0,297.0,2401,382
166.0,207.0,226.0,237.0,248.0,275.0,326.0,2401,402
177.0,207.0,229.0,241.0,254.0,284.0,327.0,2427,439
173.0,206.0,228.0,242.0,255.0,287.0,329.0,2419,469
175.0,206.0,227.0,239.0,252.0,281.0,325.0,2403,505
178.0,207.0,226.0,238.0,250.0,277.0,329.0,2413,528
170.0,204.0,223.0,234.0,246.0,271.0,325.0,2414,555
177.0,207.0,226.0,237.0,249.0,272.0,324.0,2408,591
164.0,202.0,223.0,236.0,248.0,277.0,319.0,2423,611
188.0,211.0,228.0,239.0,250.0,272.0,321.0,2401,654
173.0,206.0,225.0,237.0,250.0,273.0,318.0,2404,666
175.0,201.0,223.0,236.0,250.0,289.0,323.0,2422,692
171.0,206.0,229.0,242.0,256.0,288.0,321.0,2429,723
178.0,206.0,224.0,235.0,247.0,269.0,312.0,2407,762
182.0,205.0,222.0,233.0,246.0,268.0,314.0,2422,805
172.0,200.0,220.0,232.0,244.0,270.0,314.0,2418,837
180.0,205.0,223.0,234.0,246.0,270.0,316.0,2406,848
171.0,207.0,227.0,239.0,251.0,278.0,324.0,2428,896
149.0,190.0,225.0,243.0,264.0,295.0,327.0,2426,919
164.0,199.0,222.0,236.0,251.0,290.0,324.0,2411,933
172.0,207.0,226.0,238.0,251.0,279.0,318.0,2411,982
161.0,199.0,224.0,238.0,252.0,283.0,322.0,2410,1018
165.0,203.0,227.0,240.0,252.0,286.0,330.0,2417,1048
167.0,201.0,224.0,237.0,250.0,285.0,322.0,2415,1055
177.0,207.0,226.0,237.0,248.0,272.0,322.0,2401,1093
174.0,206.0,226.0,238.0,250.0,284.0,327.0,2400,1118
169.0,202.0,222.0,234.0,246.0,271.0,320.0,2412,1167
185.0,207.0,224.0,235.0,246.0,266.0,319.0,2417,1193
182.0,206.0,223.0,233.0,246.0,268.0,319.0,2424,1223
170.0,204.0,223.0,235.0,248.0,273.0,322.0,2415,1236
172.0,206.0,226.0,238.0,251.0,280.0,323.0,2408,1282
171.0,204.0,223.0,235.0,247.0,272.0,328.0,2412,1317
170.0,201.0,221.0,233.0,245.0,272.0,323.0,2420,1330
173.0,203.0,221.0,232.0,244.0,272.0,328.0,2406,1364
182.0,206.0,223.0,235.0,247.0,272.0,317.0,2429,1393
169.0,207.0,225.0,236.0,248.0,271.0,321.0,2403,1422
176.0,205.0,224.0,236.0,248.0,275.0,323.0,2406,1446
177.0,205.0,225.0,237.0,249.0,272.0,319.0,2413,1486
178.0,205.0,224.0,235.0,246.0,268.0,320.0,2423,1505
173.0,204.0,222.0,234.0,248.0,278.0,329.0,2406,1557
178.0,204.0,223.0,235.0,248.0,279.0,328.0,2417,1564
177.0,203.0,221.0,232.0,244.0,270.0,326.0,2402,1599
176.0,202.0,221.0,233.0,246.0,280.0,331.0,2410,1642
176.0,200.0,219.0,231.0,244.0,272.0,332.0,2402,1651
171.0,204.0,224.0,236.0,247.0,272.0,319.0,2408,1689
175.0,205.0,225.0,237.0,249.0,275.0,323.0,2402,1735
172.0,197.0,221.0,235.0,248.0,276.0,325.0,2429,1762
176.0,203.0,225.0,239.0,252.0,281.0,321.0,2419,1791
175.0,205.0,225.0,238.0,250.0,273.0,313.0,2429,1816
178.0,205.0,224.0,236.0,248.0,270.0,312.0,2422,1849
179.0,205.0,225.0,237.0,249.0,271.0,310.0,2411,1887
176.0,203.0,222.0,234.0,246.0,271.0,320.0,2403,1918
179.0,204.0,223.0,234.0,247.0,272.0,326.0,2407,1943
183.0,205.0,223.0,234.0,246.0,269.0,326.0,2424,1978
178.0,204.0,224.0,236.0,248.0,273.0,324.0,2406,1998
175.0,207.0,228.0,241.0,254.0,281.0,324.0,2429,2039
180.0,203.0,222.0,234.0,246.0,273.0,326.0,2422,2055
169.0,189.0,218.0,232.0,245.0,267.0,304.0,2416,2091
177.0,202.0,222.0,233.0,246.0,269.0,328.0,2407,2106
179.0,204.0,222.0,233.0,245.0,267.0,324.0,2429,2130
177.0,202.0,221.0,233.0,246.0,269.0,314.0,2405,2163
160.0,190.0,218.0,230.0,243.0,265.0,297.0,2425,2200
171.0,202.0,222.0,234.0,246.0,272.0,328.0,2428,2220
170.0,202.0,223.0,235.0,248.0,277.0,335.0,2409,2261
180.0,206.0,226.0,238.0,250.0,273.0,327.0,2422,2298
185.0,209.0,226.0,237.0,247.0,267.0,322.0,2410,2320
184.0,210.0,229.0,240.0,251.0,275.0,326.0,2405,2344
181.0,205.0,224.0,235.0,247.0,271.0,327.0,2422,2371
179.0,204.0,222.0,234.0,246.0,270.0,321.0,2420,2412
180.0,205.0,224.0,235.0,247.0,272.0,318.0,2428,2459
185.0,207.0,225.0,237.0,248.0,272.0,336.0,2405,2475
178.0,205.0,225.0,237.0,249.0,277.0,329.0,2413,2505
182.0,204.0,221.0,232.0,244.0,267.0,328.0,2418,2547
181.0,204.0,221.0,232.0,243.0,267.0,326.0,2425,2552
180.0,203.0,222.0,233.0,245.0,268.0,327.0,2414,2604
180.0,203.0,221.0,232.0,244.0,268.0,332.0,2409,2624
176.0,203.0,221.0,233.0,245.0,272.0,326.0,2408,2661
112.0,193.0,220.0,233.0,247.0,278.0,319.0,2418,2698
109.0,187.0,218.0,232.0,248.0,282.0,323.0,2408,2713
171.0,199.0,220.0,234.0,249.0,279.0,332.0,2403,2746
170.0,200.0,220.0,233.0,246.0,276.0,329.0,2405,2781
168.0,201.0,222.0,234.0,249.0,291.0,336.0,2401,2790
174.0,201.0,222.0,235.0,249.0,284.0,332.0,2419,2841
168.0,198.0,219.0,232.0,246.0,285.0,335.0,2407,2862
172.0,200.0,220.0,233.0,248.0,289.0,332.0,2417,2900
164.0,201.0,223.0,237.0,254.0,296.0,335.0,2426,2933
174.0,204.0,224.0,237.0,252.0,292.0,337.0,2413,2947
161.0,201.0,222.0,235.0,249.0,284.0,327.0,2412,2979
185.0,206.0,224.0,236.0,250.0,289.0,338.0,2427,3012
179.0,204.0,222.0,234.0,245.0,274.0,322.0,2406,3046
181.0,205.0,223.0,234.0,245.0,272.0,323.0,2411,3081
165.0,201.0,222.0,236.0,253.0,298.0,336.0,2408,3112
174.0,201.0,221.0,234.0,249.0,290.0,335.0,2417,3122
125.0,197.0,219.0,231.0,246.0,276.0,331.0,2422,3170
178.0,203.0,224.0,238.0,255.0,301.0,344.0,2419,3199
185.0,205.0,222.0,234.0,247.0,290.0,342.0,2424,3238
183.0,205.0,224.0,236.0,252.0,296.0,346.0,2417,3249
175.0,201.0,221.0,234.0,248.0,295.0,340.0,2401,3271
158.0,199.0,220.0,233.0,248.0,283.0,335.0,2418,3320
166.0,199.0,221.0,234.0,249.0,280.0,330.0,2420,3330
176.0,203.0,223.0,235.0,246.0,270.0,323.0,2443,7
181.0,205.0,222.0,233.0,244.0,266.0,315.0,2454,48
179.0,205.0,223.0,234.0,245.0,267.0,318.0,2433,78
178.0,204.0,223.0,235.0,246.0,273.0,320.0,2439,91
178.0,206.0,225.0,236.0,247.0,269.0,315.0,2442,141
165.0,199.0,223.0,235.0,248.0,274.0,317.0,2450,157
167.0,204.0,223.0,235.0,247.0,271.0,317.0,2432,181
171.0,204.0,226.0,238.0,249.0,270.0,308.0,2446,232
169.0,203.0,221.0,232.0,244.0,268.0,320.0,2442,252
185.0,204.0,219.0,229.0,240.0,260.0,307.0,2441,295
170.0,190.0,214.0,226.0,238.0,261.0,307.0,2439,324
177.0,204.0,219.0,230.0,241.0,261.0,306.0,2453,344
135.0,194.0,220.0,234.0,248.0,284.0,324.0,2441,385
166.0,203.0,225.0,238.0,252.0,284.0,320.0,2448,404
148.0,193.0,222.0,237.0,254.0,293.0,324.0,2453,438
171.0,202.0,225.0,238.0,252.0,285.0,329.0,2446,459
170.0,207.0,228.0,239.0,252.0,279.0,325.0,2443,491
165.0,196.0,226.0,241.0,259.0,295.0,324.0,2450,532
174.0,204.0,227.0,241.0,256.0,299.0,325.0,2447,551
169.0,202.0,227.0,241.0,257.0,294.0,332.0,2437,579
170.0,204.0,224.0,236.0,249.0,278.0,323.0,2433,610
181.0,211.0,230.0,241.0,253.0,284.0,326.0,2455,643
179.0,206.0,224.0,235.0,246.0,270.0,318.0,2448,678
169.0,198.0,222.0,235.0,248.0,276.0,318.0,2434,708
176.0,207.0,227.0,239.0,252.0,283.0,321.0,2433,735
178.0,205.0,223.0,234.0,245.0,268.0,316.0,2430,763
184.0,207.0,225.0,236.0,248.0,271.0,319.0,2433,780
186.0,208.0,225.0,237.0,248.0,272.0,312.0,2434,825
164.0,205.0,228.0,242.0,256.0,285.0,321.0,2438,857
180.0,209.0,227.0,239.0,250.0,273.0,313.0,2455,893
150.0,202.0,229.0,243.0,258.0,292.0,332.0,2432,916
148.0,206.0,226.0,239.0,252.0,281.0,324.0,2452,948
166.0,206.0,228.0,241.0,257.0,292.0,325.0,2448,977
150.0,198.0,223.0,237.0,255.0,295.0,325.0,2444,998
170.0,199.0,223.0,238.0,252.0,292.0,324.0,2441,1048
177.0,206.0,226.0,239.0,253.0,286.0,321.0,2456,1074
166.0,199.0,223.0,236.0,251.0,292.0,329.0,2434,1085
177.0,207.0,225.0,236.0,247.0,267.0,315.0,2430,1127
186.0,207.0,224.0,236.0,247.0,265.0,313.0,2446,1143
183.0,205.0,223.0,234.0,245.0,265.0,306.0,2434,1186
182.0,207.0,224.0,235.0,247.0,270.0,312.0,2455,1202
180.0,203.0,221.0,233.0,245.0,268.0,315.0,2456,1236
177.0,205.0,225.0,237.0,249.0,276.0,329.0,2458,1280
176.0,208.0,228.0,240.0,252.0,282.0,324.0,2458,1306
180.0,205.0,223.0,235.0,247.0,276.0,324.0,2436,1333
179.0,203.0,221.0,233.0,244.0,268.0,323.0,2431,1355
180.0,204.0,221.0,232.0,244.0,266.0,312.0,2448,1402
176.0,204.0,222.0,233.0,246.0,270.0,317.0,2449,1433
171.0,204.0,224.0,237.0,250.0,277.0,318.0,2433,1462
175.0,203.0,221.0,232.0,243.0,265.0,325.0,2449,1496
174.0,203.0,221.0,232.0,244.0,267.0,328.0,2450,1506
182.0,210.0,226.0,237.0,248.0,270.0,318.0,2453,1531
177.0,205.0,222.0,233.0,246.0,274.0,327.0,2443,1577
180.0,203.0,220.0,231.0,242.0,266.0,326.0,2438,1612
181.0,203.0,221.0,232.0,245.0,272.0,336.0,2441,1639
184.0,203.0,220.0,231.0,243.0,269.0,334.0,2441,1658
177.0,201.0,220.0,231.0,243.0,268.0,328.0,2440,1691
174.0,199.0,222.0,235.0,249.0,281.0,327.0,2432,1739
175.0,205.0,229.0,242.0,257.0,295.0,326.0,2459,1763
174.0,200.0,222.0,235.0,248.0,277.0,329.0,2448,1785
172.0,204.0,223.0,235.0,248.0,271.0,315.0,2430,1813
176.0,205.0,225.0,237.0,249.0,269.0,311.0,2452,1852
178.0,205.0,225.0,237.0,248.0,267.0,304.0,2458,1865
175.0,201.0,221.0,233.0,246.0,272.0,327.0,2444,1908
178.0,203.0,222.0,235.0,248.0,275.0,328.0,2442,1942
180.0,206.0,226.0,238.0,251.0,276.0,326.0,2434,1979
180.0,208.0,226.0,238.0,251.0,275.0,322.0,2436,1982
178.0,209.0,228.0,239.0,251.0,273.0,319.0,2442,2035
176.0,201.0,220.0,232.0,244.0,267.0,327.0,2448,2051
179.0,205.0,223.0,235.0,246.0,267.0,314.0,2435,2094
180.0,207.0,226.0,237.0,247.0,266.0,311.0,2432,2112
182.0,204.0,222.0,233.0,244.0,264.0,313.0,2449,2152
171.0,201.0,220.0,231.0,244.0,266.0,318.0,2455,2168
157.0,193.0,219.0,232.0,245.0,271.0,311.0,2437,2196
169.0,201.0,222.0,235.0,248.0,276.0,332.0,2458,2248
180.0,205.0,223.0,234.0,246.0,270.0,328.0,2439,2267
185.0,207.0,225.0,236.0,248.0,269.0,318.0,2432,2300
184.0,208.0,226.0,237.0,248.0,272.0,327.0,2441,2338
182.0,208.0,226.0,237.0,249.0,273.0,328.0,2432,2342
184.0,207.0,225.0,236.0,247.0,269.0,318.0,2440,2396
176.0,205.0,223.0,234.0,246.0,268.0,318.0,2458,2407
178.0,204.0,223.0,235.0,248.0,273.0,315.0,2454,2452
179.0,205.0,224.0,235.0,248.0,275.0,330.0,2441,2486
182.0,208.0,226.0,237.0,249.0,273.0,330.0,2444,2500
187.0,209.0,227.0,238.0,249.0,271.0,332.0,2435,2532
178.0,204.0,223.0,235.0,247.0,270.0,327.0,2446,2574
184.0,206.0,224.0,236.0,247.0,271.0,325.0,2442,2600
175.0,202.0,221.0,233.0,246.0,275.0,334.0,2443,2630
166.0,204.0,225.0,237.0,250.0,276.0,327.0,2444,2652
167.0,201.0,221.0,233.0,247.0,277.0,331.0,2456,2690
173.0,204.0,223.0,234.0,246.0,270.0,323.0,2455,2710
166.0,202.0,222.0,234.0,247.0,275.0,331.0,2430,2738
177.0,202.0,221.0,234.0,248.0,279.0,332.0,2454,2773
110.0,173.0,204.0,225.0,242.0,269.0,325.0,2435,2800
164.0,199.0,222.0,235.0,250.0,289.0,336.0,2455,2823
167.0,197.0,219.0,232.0,248.0,296.0,337.0,2455,2856
172.0,198.0,218.0,231.0,247.0,288.0,340.0,2448,2883
178.0,202.0,221.0,234.0,248.0,289.0,334.0,2459,2914
155.0,202.0,223.0,236.0,251.0,290.0,334.0,2434,2942
178.0,206.0,225.0,238.0,252.0,296.0,341.0,2457,2997
186.0,206.0,223.0,235.0,248.0,288.0,336.0,2437,3021
172.0,202.0,223.0,236.0,251.0,298.0,337.0,2458,3046
184.0,203.0,221.0,232.0,245.0,277.0,335.0,2441,3081
175.0,204.0,223.0,236.0,253.0,301.0,334.0,2441,3117
174.0,201.0,223.0,237.0,254.0,301.0,332.0,2439,3136
174.0,203.0,222.0,234.0,248.0,288.0,331.0,2432,3162
173.0,202.0,222.0,234.0,247.0,279.0,335.0,2431,3195
133.0,201.0,223.0,237.0,252.0,284.0,332.0,2453,3237
176.0,203.0,224.0,238.0,252.0,291.0,337.0,2436,3261
174.0,200.0,221.0,233.0,247.0,286.0,332.0,2437,3299
168.0,200.0,220.0,233.0,248.0,292.0,335.0,2447,3326
170.0,199.0,221.0,235.0,252.0,303.0,341.0,2440,3332
147.0,200.0,222.0,233.0,246.0,273.0,323.0,2468,26
161.0,202.0,225.0,237.0,249.0,280.0,321.0,2479,55
172.0,204.0,225.0,237.0,250.0,278.0,320.0,2482,79
174.0,205.0,226.0,237.0,249.0,282.0,321.0,2488,119
171.0,203.0,223.0,235.0,248.0,282.0,321.0,2478,140
174.0,202.0,221.0,233.0,244.0,266.0,310.0,2466,159
170.0,197.0,219.0,232.0,245.0,266.0,311.0,2480,203
168.0,194.0,217.0,229.0,242.0,266.0,316.0,2480,210
170.0,200.0,223.0,237.0,250.0,274.0,313.0,2469,246
117.0,189.0,220.0,233.0,246.0,271.0,316.0,2461,294
175.0,207.0,226.0,236.0,247.0,271.0,322.0,2479,324
183.0,208.0,225.0,236.0,247.0,269.0,319.0,2479,343
182.0,209.0,227.0,237.0,247.0,269.0,323.0,2468,377
164.0,199.0,225.0,238.0,253.0,289.0,329.0,2475,419
180.0,208.0,226.0,238.0,249.0,275.0,322.0,2481,447
134.0,193.0,220.0,235.0,251.0,288.0,327.0,2461,472
169.0,204.0,227.0,240.0,255.0,290.0,323.0,2488,494
169.0,201.0,224.0,238.0,252.0,288.0,323.0,2469,520
169.0,200.0,227.0,242.0,258.0,297.0,323.0,2474,547
177.0,205.0,224.0,237.0,250.0,281.0,325.0,2484,595
178.0,207.0,229.0,242.0,256.0,294.0,323.0,2476,615
178.0,208.0,229.0,242.0,255.0,288.0,327.0,2481,645
178.0,208.0,227.0,240.0,252.0,281.0,321.0,2469,667
178.0,206.0,227.0,239.0,253.0,289.0,325.0,2460,714
182.0,208.0,227.0,238.0,250.0,279.0,323.0,2485,738
184.0,208.0,225.0,237.0,248.0,270.0,316.0,2462,774
183.0,208.0,225.0,237.0,249.0,271.0,320.0,2468,802
182.0,207.0,225.0,236.0,248.0,269.0,319.0,2472,829
185.0,209.0,227.0,238.0,249.0,270.0,315.0,2463,859
181.0,209.0,228.0,239.0,250.0,273.0,316.0,2487,891
183.0,209.0,227.0,238.0,250.0,273.0,315.0,2468,906
154.0,204.0,228.0,241.0,254.0,288.0,326.0,2484,941
168.0,204.0,226.0,239.0,252.0,283.0,322.0,2466,988
175.0,206.0,225.0,238.0,250.0,277.0,317.0,2469,997
179.0,205.0,223.0,235.0,247.0,269.0,315.0,2483,1035
172.0,204.0,223.0,235.0,247.0,271.0,313.0,2483,1060
186.0,209.0,226.0,237.0,248.0,269.0,310.0,2483,1094
175.0,209.0,227.0,238.0,249.0,272.0,319.0,2488,1118
174.0,206.0,225.0,238.0,251.0,278.0,314.0,2478,1160
182.0,207.0,225.0,236.0,249.0,273.0,313.0,2460,1192
177.0,206.0,224.0,236.0,248.0,271.0,319.0,2480,1208
179.0,204.0,223.0,235.0,247.0,271.0,320.0,2489,1234
169.0,200.0,224.0,237.0,249.0,278.0,327.0,2489,1262
176.0,206.0,225.0,237.0,249.0,277.0,327.0,2465,1319
179.0,205.0,223.0,234.0,246.0,270.0,327.0,2476,1321
181.0,203.0,221.0,231.0,242.0,263.0,325.0,2481,1371
185.0,207.0,224.0,235.0,246.0,265.0,315.0,2468,1401
181.0,205.0,222.0,233.0,245.0,266.0,312.0,2464,1415
174.0,206.0,225.0,238.0,250.0,278.0,325.0,2485,1457
175.0,205.0,225.0,238.0,252.0,283.0,327.0,2470,1481
180.0,206.0,223.0,233.0,244.0,264.0,323.0,2482,1505
181.0,207.0,224.0,235.0,247.0,268.0,319.0,2487,1541
176.0,205.0,223.0,234.0,246.0,274.0,328.0,2476,1583
179.0,202.0,220.0,230.0,242.0,268.0,333.0,2478,1607
178.0,202.0,220.0,232.0,244.0,274.0,333.0,2488,1620
179.0,202.0,222.0,233.0,245.0,273.0,338.0,2488,1670
177.0,200.0,218.0,229.0,240.0,262.0,324.0,2462,1701
178.0,203.0,220.0,231.0,244.0,269.0,324.0,2479,1734
176.0,204.0,227.0,240.0,253.0,284.0,321.0,2469,1765
173.0,201.0,224.0,237.0,250.0,278.0,320.0,2481,1776
173.0,201.0,223.0,237.0,250.0,275.0,323.0,2482,1814
171.0,197.0,220.0,232.0,244.0,264.0,306.0,2463,1843
175.0,201.0,221.0,233.0,245.0,266.0,309.0,2465,1884
174.0,199.0,219.0,231.0,244.0,266.0,326.0,2466,1894
179.0,200.0,218.0,229.0,241.0,262.0,330.0,2482,1921
183.0,206.0,224.0,236.0,248.0,268.0,312.0,2469,1950
181.0,208.0,227.0,238.0,249.0,272.0,322.0,2482,1987
176.0,207.0,226.0,237.0,248.0,270.0,319.0,2466,2017
178.0,201.0,220.0,231.0,243.0,265.0,328.0,2468,2049
175.0,201.0,220.0,231.0,243.0,263.0,318.0,2486,2085
179.0,202.0,220.0,231.0,243.0,264.0,322.0,2487,2110
170.0,205.0,226.0,237.0,248.0,270.0,322.0,2464,2137
168.0,199.0,220.0,231.0,243.0,262.0,300.0,2478,2184
179.0,205.0,222.0,232.0,244.0,265.0,325.0,2484,2212
174.0,204.0,223.0,234.0,246.0,271.0,331.0,2474,2222
177.0,204.0,223.0,234.0,247.0,271.0,329.0,2475,2269
175.0,203.0,223.0,234.0,247.0,272.0,328.0,2462,2281
178.0,205.0,225.0,237.0,250.0,275.0,324.0,2484,2337
184.0,208.0,227.0,238.0,250.0,274.0,327.0,2464,2349
183.0,208.0,227.0,239.0,250.0,274.0,326.0,2487,2382
171.0,199.0,221.0,233.0,246.0,272.0,318.0,2468,2427
179.0,207.0,226.0,237.0,249.0,274.0,325.0,2481,2447
177.0,206.0,224.0,236.0,247.0,271.0,324.0,2478,2469
185.0,207.0,224.0,235.0,246.0,268.0,323.0,2463,2514
180.0,205.0,224.0,236.0,249.0,278.0,329.0,2473,2527
183.0,208.0,226.0,238.0,249.0,275.0,328.0,2460,2570
180.0,205.0,222.0,233.0,244.0,268.0,322.0,2478,2591
156.0,200.0,220.0,231.0,244.0,272.0,320.0,2473,2620
117.0,195.0,218.0,230.0,245.0,276.0,325.0,2488,2647
164.0,202.0,223.0,235.0,248.0,281.0,329.0,2471,2693
171.0,203.0,223.0,236.0,249.0,279.0,333.0,2466,2701
176.0,203.0,222.0,234.0,247.0,275.0,326.0,2471,2730
174.0,202.0,222.0,234.0,246.0,276.0,333.0,2466,2765
172.0,200.0,220.0,233.0,247.0,283.0,330.0,2484,2792
172.0,201.0,221.0,234.0,247.0,279.0,331.0,2482,2829
173.0,202.0,223.0,235.0,251.0,295.0,341.0,2485,2851
166.0,199.0,221.0,234.0,248.0,296.0,337.0,2468,2897
174.0,202.0,222.0,236.0,250.0,292.0,335.0,2483,2924
178.0,201.0,222.0,235.0,251.0,292.0,335.0,2479,2961
174.0,202.0,224.0,238.0,254.0,302.0,338.0,2471,2998
176.0,202.0,222.0,236.0,254.0,302.0,333.0,2465,3027
184.0,207.0,226.0,238.0,251.0,292.0,341.0,2488,3045
183.0,205.0,223.0,236.0,254.0,295.0,339.0,2482,3083
171.0,200.0,219.0,231.0,245.0,296.0,335.0,2479,3114
173.0,200.0,220.0,232.0,247.0,299.0,336.0,2474,3123
175.0,203.0,225.0,239.0,259.0,305.0,344.0,2460,3161
166.0,201.0,222.0,234.0,248.0,277.0,325.0,2477,3198
169.0,202.0,221.0,233.0,247.0,279.0,333.0,2489,3226
177.0,204.0,223.0,235.0,248.0,277.0,323.0,2479,3244
157.0,205.0,225.0,238.0,251.0,278.0,330.0,2482,3285
128.0,201.0,223.0,237.0,251.0,279.0,331.0,2483,3312
140.0,201.0,223.0,236.0,249.0,277.0,330.0,2474,3333
174.0,204.0,227.0,240.0,254.0,289.0,328.0,2514,27
174.0,202.0,228.0,241.0,256.0,290.0,324.0,2500,48
176.0,205.0,228.0,240.0,252.0,282.0,322.0,2517,78
172.0,202.0,225.0,238.0,253.0,289.0,322.0,2493,107
175.0,203.0,226.0,239.0,253.0,290.0,325.0,2500,138
181.0,205.0,222.0,233.0,243.0,264.0,316.0,2502,159
178.0,202.0,218.0,228.0,239.0,258.0,313.0,2508,198
173.0,200.0,218.0,229.0,241.0,262.0,321.0,2498,214
173.0,199.0,218.0,229.0,241.0,263.0,318.0,2495,253
177.0,203.0,221.0,232.0,244.0,266.0,323.0,2513,277
184.0,210.0,228.0,239.0,250.0,270.0,311.0,2498,312
184.0,208.0,225.0,236.0,247.0,269.0,315.0,2499,330
185.0,207.0,224.0,236.0,248.0,269.0,313.0,2507,377
182.0,209.0,228.0,239.0,250.0,271.0,321.0,2504,405
173.0,207.0,227.0,239.0,250.0,278.0,324.0,2514,424
168.0,198.0,225.0,239.0,254.0,289.0,322.0,2517,473
168.0,196.0,222.0,237.0,253.0,291.0,323.0,2514,484
165.0,195.0,228.0,243.0,261.0,302.0,330.0,2501,528
167.0,198.0,226.0,241.0,256.0,297.0,327.0,2499,549
172.0,202.0,229.0,243.0,260.0,300.0,332.0,2512,578
176.0,208.0,231.0,244.0,259.0,295.0,330.0,2516,608
176.0,205.0,225.0,237.0,249.0,279.0,334.0,2510,646
168.0,203.0,226.0,240.0,254.0,289.0,329.0,2494,677
178.0,206.0,227.0,239.0,252.0,285.0,329.0,2513,692
181.0,207.0,226.0,238.0,250.0,278.0,319.0,2505,736
184.0,207.0,225.0,236.0,248.0,272.0,315.0,2497,771
187.0,208.0,225.0,237.0,249.0,271.0,313.0,2505,788
183.0,208.0,225.0,237.0,248.0,271.0,314.0,2512,835
185.0,207.0,224.0,236.0,247.0,268.0,311.0,2496,845
185.0,209.0,227.0,238.0,250.0,275.0,318.0,2491,882
177.0,210.0,230.0,242.0,255.0,284.0,320.0,2501,919
152.0,202.0,226.0,238.0,251.0,282.0,322.0,2496,954
164.0,205.0,226.0,239.0,252.0,281.0,316.0,2509,982
159.0,204.0,225.0,237.0,251.0,287.0,325.0,2497,1003
180.0,207.0,225.0,236.0,248.0,271.0,317.0,2508,1040
170.0,203.0,222.0,235.0,248.0,275.0,319.0,2519,1064
183.0,207.0,225.0,236.0,248.0,267.0,312.0,2491,1106
158.0,200.0,221.0,232.0,246.0,272.0,318.0,2509,1120
155.0,205.0,225.0,237.0,250.0,281.0,323.0,2518,1150
176.0,206.0,224.0,237.0,251.0,279.0,323.0,2511,1176
175.0,206.0,224.0,237.0,250.0,280.0,324.0,2505,1203
177.0,205.0,224.0,236.0,249.0,278.0,328.0,2495,1251
180.0,206.0,226.0,238.0,250.0,279.0,330.0,2514,1267
172.0,203.0,224.0,236.0,250.0,286.0,329.0,2507,1306
180.0,204.0,221.0,232.0,244.0,269.0,330.0,2510,1343
180.0,205.0,223.0,234.0,246.0,268.0,326.0,2515,1374
178.0,204.0,221.0,232.0,243.0,263.0,320.0,2510,1407
176.0,203.0,222.0,233.0,245.0,267.0,320.0,2517,1415
181.0,207.0,224.0,235.0,246.0,268.0,323.0,2505,1460
184.0,207.0,224.0,235.0,246.0,269.0,324.0,2507,1495
182.0,209.0,227.0,239.0,252.0,279.0,326.0,2505,1526
186.0,211.0,229.0,239.0,249.0,269.0,311.0,2511,1557
186.0,210.0,227.0,237.0,247.0,267.0,317.0,2494,1584
181.0,207.0,224.0,235.0,246.0,269.0,326.0,2493,1608
184.0,208.0,226.0,238.0,249.0,277.0,328.0,2506,1628
182.0,206.0,224.0,235.0,247.0,271.0,325.0,2517,1651
180.0,204.0,221.0,233.0,246.0,271.0,333.0,2492,1692
175.0,200.0,218.0,229.0,241.0,264.0,326.0,2518,1727
178.0,200.0,219.0,230.0,242.0,264.0,329.0,2513,1759
173.0,200.0,220.0,233.0,246.0,273.0,320.0,2512,1797
173.0,201.0,222.0,236.0,249.0,274.0,322.0,2517,1829
171.0,196.0,219.0,231.0,245.0,269.0,316.0,2490,1849
175.0,199.0,218.0,229.0,241.0,265.0,329.0,2493,1876
179.0,203.0,220.0,231.0,242.0,262.0,331.0,2519,1898
179.0,202.0,219.0,230.0,242.0,262.0,330.0,2490,1943
182.0,206.0,225.0,236.0,248.0,269.0,326.0,2517,1954
175.0,201.0,222.0,235.0,248.0,271.0,324.0,2511,1996
176.0,200.0,220.0,232.0,244.0,266.0,330.0,2516,2026
184.0,208.0,226.0,236.0,247.0,266.0,305.0,2517,2063
180.0,205.0,223.0,234.0,245.0,263.0,309.0,2503,2082
178.0,206.0,224.0,235.0,246.0,265.0,316.0,2511,2126
169.0,206.0,225.0,236.0,247.0,268.0,324.0,2512,2158
161.0,203.0,224.0,235.0,247.0,269.0,324.0,2513,2163
175.0,202.0,222.0,233.0,245.0,267.0,323.0,2501,2206
180.0,205.0,224.0,235.0,247.0,268.0,323.0,2507,2229
178.0,205.0,223.0,233.0,245.0,270.0,326.0,2498,2271
170.0,192.0,219.0,232.0,247.0,277.0,321.0,2495,2283
174.0,205.0,223.0,233.0,245.0,268.0,311.0,2511,2338
183.0,207.0,226.0,238.0,249.0,272.0,331.0,2519,2358
181.0,206.0,226.0,237.0,249.0,276.0,327.0,2514,2372
177.0,205.0,223.0,234.0,245.0,267.0,324.0,2506,2419
180.0,206.0,226.0,238.0,250.0,274.0,328.0,2516,2433
176.0,207.0,224.0,236.0,247.0,269.0,314.0,2502,2464
173.0,204.0,223.0,235.0,246.0,269.0,320.0,2493,2516
138.0,200.0,221.0,232.0,245.0,272.0,320.0,2515,2539
162.0,203.0,222.0,234.0,245.0,270.0,319.0,2491,2578
113.0,191.0,220.0,232.0,246.0,271.0,314.0,2517,2585
139.0,197.0,219.0,232.0,246.0,274.0,316.0,2497,2629
169.0,202.0,222.0,234.0,248.0,285.0,330.0,2512,2655
167.0,200.0,222.0,236.0,252.0,295.0,339.0,2497,2680
177.0,205.0,224.0,235.0,247.0,277.0,332.0,2492,2729
164.0,201.0,223.0,236.0,250.0,285.0,330.0,2499,2752
175.0,204.0,223.0,235.0,248.0,279.0,330.0,2494,2771
175.0,201.0,221.0,234.0,249.0,288.0,332.0,2490,2795
173.0,201.0,222.0,235.0,250.0,287.0,336.0,2511,2847
179.0,203.0,222.0,234.0,247.0,282.0,332.0,2509,2871
177.0,202.0,222.0,234.0,247.0,282.0,332.0,2499,2889
173.0,201.0,223.0,237.0,252.0,294.0,339.0,2505,2938
172.0,202.0,223.0,238.0,253.0,295.0,341.0,2506,2946
180.0,205.0,224.0,236.0,249.0,288.0,334.0,2490,2988
182.0,207.0,226.0,237.0,250.0,288.0,339.0,2502,3016
181.0,206.0,226.0,238.0,252.0,290.0,335.0,2515,3034
180.0,205.0,224.0,237.0,253.0,297.0,334.0,2508,3062
185.0,206.0,223.0,236.0,250.0,292.0,343.0,2518,3111
178.0,203.0,222.0,235.0,250.0,302.0,341.0,2516,3126
176.0,203.0,222.0,234.0,248.0,297.0,331.0,2500,3169
173.0,202.0,223.0,237.0,252.0,297.0,337.0,2500,3191
171.0,202.0,222.0,235.0,249.0,282.0,325.0,2502,3225
161.0,202.0,221.0,234.0,248.0,276.0,326.0,2497,3253
164.0,197.0,221.0,236.0,253.0,298.0,328.0,2498,3291
169.0,199.0,220.0,236.0,257.0,300.0,338.0,2508,3301
167.0,196.0,219.0,233.0,250.0,297.0,328.0,2511,3333
179.0,206.0,225.0,236.0,248.0,273.0,324.0,2520,6
178.0,207.0,229.0,241.0,254.0,287.0,329.0,2521,54
175.0,206.0,230.0,243.0,257.0,291.0,328.0,2544,79
174.0,205.0,228.0,240.0,253.0,288.0,329.0,2526,92
177.0,205.0,225.0,237.0,250.0,281.0,324.0,2537,144
180.0,206.0,223.0,234.0,245.0,269.0,321.0,2520,161
178.0,203.0,220.0,230.0,241.0,262.0,320.0,2528,181
176.0,203.0,221.0,233.0,244.0,267.0,323.0,2529,215
184.0,210.0,227.0,237.0,247.0,265.0,313.0,2545,247
184.0,209.0,227.0,238.0,249.0,273.0,327.0,2548,276
186.0,210.0,228.0,239.0,251.0,279.0,326.0,2537,326
184.0,208.0,227.0,238.0,250.0,276.0,323.0,2538,332
191.0,210.0,227.0,237.0,247.0,266.0,305.0,2537,363
193.0,215.0,231.0,241.0,250.0,270.0,324.0,2535,396
173.0,207.0,228.0,241.0,255.0,288.0,325.0,2527,429
171.0,203.0,230.0,243.0,258.0,293.0,323.0,2532,470
176.0,205.0,227.0,241.0,255.0,287.0,324.0,2535,492
171.0,201.0,226.0,240.0,255.0,291.0,328.0,2534,522
179.0,206.0,227.0,240.0,253.0,282.0,326.0,2542,559
185.0,211.0,231.0,242.0,253.0,276.0,324.0,2538,587
175.0,204.0,231.0,246.0,265.0,303.0,334.0,2532,625
171.0,203.0,226.0,240.0,257.0,297.0,330.0,2534,654
169.0,200.0,226.0,241.0,258.0,298.0,332.0,2533,665
180.0,208.0,228.0,240.0,252.0,284.0,329.0,2525,703
185.0,209.0,227.0,238.0,250.0,276.0,322.0,2534,731
183.0,208.0,227.0,238.0,250.0,280.0,320.0,2541,760
179.0,205.0,223.0,234.0,246.0,271.0,319.0,2534,788
184.0,208.0,226.0,237.0,249.0,271.0,319.0,2523,832
184.0,209.0,227.0,238.0,250.0,275.0,318.0,2536,866
189.0,211.0,229.0,240.0,252.0,276.0,323.0,2539,880
187.0,212.0,228.0,238.0,249.0,270.0,319.0,2545,924
130.0,176.0,224.0,240.0,258.0,296.0,323.0,2533,953
183.0,208.0,226.0,237.0,249.0,271.0,313.0,2543,989
175.0,208.0,226.0,237.0,249.0,270.0,306.0,2529,999
179.0,206.0,225.0,237.0,249.0,271.0,316.0,2539,1021
177.0,204.0,222.0,233.0,246.0,268.0,314.0,2547,1062
178.0,205.0,224.0,236.0,249.0,274.0,314.0,2538,1080
171.0,203.0,221.0,233.0,246.0,274.0,320.0,2528,1131
170.0,206.0,225.0,238.0,252.0,284.0,321.0,2520,1162
177.0,205.0,225.0,237.0,251.0,284.0,328.0,2531,1198
178.0,206.0,226.0,238.0,252.0,285.0,328.0,2528,1223
175.0,205.0,226.0,238.0,252.0,286.0,329.0,2528,1243
177.0,205.0,227.0,239.0,253.0,290.0,335.0,2525,1261
176.0,203.0,225.0,238.0,251.0,283.0,323.0,2533,1294
181.0,206.0,222.0,232.0,243.0,264.0,320.0,2523,1337
174.0,204.0,223.0,234.0,245.0,267.0,325.0,2532,1374
174.0,200.0,219.0,230.0,242.0,269.0,325.0,2539,1409
176.0,203.0,222.0,233.0,245.0,268.0,321.0,2522,1418
182.0,205.0,222.0,232.0,243.0,263.0,329.0,2547,1443
187.0,208.0,225.0,235.0,247.0,271.0,326.0,2531,1472
183.0,208.0,225.0,236.0,248.0,271.0,324.0,2547,1529
182.0,209.0,226.0,237.0,249.0,273.0,322.0,2544,1536
185.0,209.0,225.0,235.0,245.0,265.0,321.0,2541,1573
185.0,207.0,224.0,234.0,246.0,268.0,325.0,2536,1606
177.0,204.0,222.0,232.0,244.0,268.0,325.0,2548,1627
183.0,206.0,223.0,234.0,246.0,273.0,328.0,2523,1668
182.0,204.0,221.0,232.0,243.0,267.0,335.0,2542,1697
183.0,204.0,221.0,231.0,242.0,262.0,329.0,2541,1712
181.0,201.0,218.0,228.0,239.0,258.0,322.0,2542,1749
174.0,198.0,218.0,229.0,242.0,263.0,325.0,2520,1771
175.0,202.0,222.0,235.0,247.0,273.0,320.0,2530,1810
175.0,200.0,221.0,233.0,246.0,271.0,321.0,2544,1835
182.0,205.0,222.0,233.0,244.0,264.0,323.0,2528,1877
179.0,203.0,222.0,234.0,246.0,272.0,330.0,2543,1891
180.0,203.0,220.0,231.0,242.0,262.0,326.0,2521,1927
179.0,207.0,230.0,242.0,255.0,278.0,323.0,2541,1963
178.0,203.0,225.0,237.0,249.0,270.0,315.0,2528,1986
175.0,197.0,218.0,230.0,241.0,263.0,331.0,2536,2016
178.0,205.0,224.0,235.0,247.0,267.0,317.0,2541,2042
177.0,202.0,221.0,232.0,244.0,265.0,325.0,2548,2072
177.0,202.0,220.0,230.0,241.0,260.0,310.0,2533,2104
173.0,208.0,227.0,237.0,248.0,267.0,328.0,2520,2147
164.0,200.0,220.0,232.0,244.0,265.0,316.0,2537,2181
180.0,204.0,222.0,234.0,245.0,266.0,319.0,2530,2206
174.0,203.0,222.0,233.0,246.0,271.0,331.0,2524,2234
169.0,198.0,221.0,233.0,246.0,272.0,315.0,2531,2268
185.0,207.0,225.0,235.0,246.0,266.0,312.0,2540,2295
172.0,203.0,222.0,233.0,245.0,267.0,312.0,2536,2328
177.0,204.0,224.0,237.0,249.0,276.0,335.0,2541,2363
181.0,205.0,224.0,237.0,249.0,275.0,330.0,2528,2375
180.0,205.0,222.0,233.0,245.0,267.0,320.0,2543,2403
172.0,205.0,224.0,236.0,247.0,270.0,319.0,2534,2447
170.0,204.0,224.0,236.0,248.0,272.0,322.0,2520,2460
171.0,202.0,221.0,233.0,246.0,274.0,326.0,2541,2504
114.0,194.0,220.0,234.0,247.0,280.0,326.0,2528,2539
161.0,204.0,223.0,234.0,246.0,269.0,323.0,2523,2556
147.0,203.0,223.0,235.0,248.0,276.0,323.0,2542,2586
146.0,200.0,223.0,236.0,250.0,283.0,328.0,2524,2630
168.0,199.0,222.0,235.0,250.0,295.0,336.0,2538,2648
170.0,200.0,222.0,235.0,249.0,292.0,336.0,2543,2672
173.0,201.0,221.0,234.0,249.0,288.0,335.0,2548,2716
175.0,203.0,223.0,236.0,251.0,287.0,330.0,2528,2751
176.0,202.0,222.0,234.0,248.0,284.0,333.0,2542,2788
170.0,201.0,221.0,234.0,248.0,281.0,331.0,2546,2795
177.0,204.0,224.0,237.0,250.0,284.0,334.0,2539,2833
180.0,204.0,224.0,236.0,248.0,279.0,330.0,2547,2874
176.0,203.0,223.0,235.0,248.0,279.0,333.0,2521,2889
172.0,202.0,222.0,235.0,249.0,287.0,329.0,2541,2921
177.0,203.0,223.0,235.0,249.0,285.0,334.0,2532,2944
171.0,204.0,223.0,236.0,249.0,280.0,331.0,2536,2982
172.0,204.0,224.0,237.0,250.0,284.0,334.0,2539,3027
170.0,204.0,225.0,239.0,255.0,297.0,339.0,2542,3047
173.0,201.0,222.0,235.0,249.0,289.0,332.0,2531,3072
173.0,202.0,223.0,237.0,252.0,297.0,328.0,2546,3104
174.0,200.0,219.0,232.0,247.0,297.0,330.0,2525,3136
173.0,201.0,221.0,233.0,247.0,297.0,330.0,2522,3160
169.0,201.0,223.0,236.0,252.0,297.0,328.0,2520,3209
173.0,202.0,223.0,237.0,258.0,302.0,340.0,2523,3231
172.0,202.0,223.0,238.0,259.0,304.0,340.0,2526,3240
177.0,204.0,223.0,235.0,250.0,279.0,335.0,2537,3299
175.0,202.0,222.0,234.0,248.0,284.0,334.0,2541,3324
177.0,201.0,222.0,234.0,249.0,285.0,336.0,2536,3330
180.0,208.0,228.0,239.0,250.0,276.0,326.0,2562,28
181.0,207.0,225.0,236.0,246.0,268.0,315.0,2573,41
174.0,206.0,232.0,246.0,264.0,298.0,329.0,2575,70
179.0,207.0,228.0,240.0,253.0,286.0,325.0,2571,109
179.0,203.0,221.0,233.0,245.0,269.0,320.0,2556,148
177.0,203.0,221.0,232.0,244.0,268.0,321.0,2571,173
177.0,204.0,223.0,234.0,246.0,268.0,316.0,2566,194
178.0,205.0,223.0,234.0,245.0,268.0,319.0,2557,221
183.0,208.0,226.0,238.0,249.0,274.0,326.0,2563,253
184.0,208.0,226.0,238.0,250.0,277.0,328.0,2553,281
183.0,207.0,225.0,237.0,250.0,276.0,324.0,2554,322
186.0,211.0,229.0,239.0,250.0,272.0,318.0,2572,355
170.0,205.0,229.0,241.0,254.0,289.0,330.0,2567,370
172.0,206.0,229.0,241.0,254.0,283.0,325.0,2568,413
177.0,205.0,227.0,240.0,253.0,286.0,324.0,2561,426
175.0,203.0,226.0,239.0,253.0,288.0,324.0,2551,464
176.0,204.0,227.0,241.0,257.0,295.0,327.0,2556,509
167.0,198.0,224.0,240.0,259.0,299.0,327.0,2566,528
167.0,198.0,226.0,241.0,264.0,304.0,336.0,2579,556
179.0,208.0,231.0,246.0,265.0,304.0,336.0,2574,591
183.0,210.0,233.0,248.0,265.0,300.0,334.0,2578,600
178.0,207.0,230.0,243.0,258.0,293.0,329.0,2569,659
171.0,207.0,231.0,245.0,262.0,300.0,332.0,2564,665
181.0,208.0,228.0,240.0,254.0,295.0,331.0,2555,696
182.0,208.0,225.0,236.0,247.0,271.0,320.0,2550,740
183.0,208.0,225.0,236.0,247.0,271.0,317.0,2552,763
187.0,212.0,230.0,241.0,253.0,276.0,317.0,2569,789
191.0,213.0,231.0,242.0,252.0,276.0,318.0,2557,833
189.0,211.0,228.0,239.0,251.0,276.0,324.0,2570,867
187.0,208.0,224.0,234.0,245.0,266.0,322.0,2553,891
167.0,209.0,228.0,240.0,252.0,282.0,320.0,2559,925
130.0,195.0,224.0,239.0,254.0,294.0,326.0,2552,940
179.0,208.0,227.0,238.0,250.0,275.0,316.0,2560,972
170.0,205.0,225.0,237.0,249.0,274.0,319.0,2576,1018
183.0,207.0,224.0,236.0,247.0,269.0,315.0,2568,1029
182.0,206.0,225.0,236.0,248.0,271.0,318.0,2565,1073
182.0,207.0,225.0,236.0,248.0,270.0,317.0,2578,1095
186.0,209.0,226.0,237.0,248.0,270.0,311.0,2575,1124
179.0,206.0,225.0,237.0,249.0,275.0,324.0,2572,1167
176.0,204.0,226.0,239.0,253.0,289.0,330.0,2574,1193
176.0,204.0,225.0,238.0,252.0,290.0,331.0,2554,1216
173.0,201.0,223.0,237.0,251.0,289.0,333.0,2555,1253
179.0,206.0,226.0,238.0,252.0,289.0,333.0,2558,1264
182.0,206.0,225.0,236.0,248.0,274.0,329.0,2556,1294
176.0,206.0,225.0,236.0,248.0,272.0,325.0,2575,1335
178.0,201.0,219.0,230.0,243.0,268.0,328.0,2579,1369
174.0,200.0,218.0,229.0,240.0,263.0,327.0,2560,1403
174.0,200.0,220.0,232.0,243.0,265.0,328.0,2569,1433
177.0,203.0,221.0,232.0,243.0,264.0,333.0,2569,1445
181.0,208.0,226.0,238.0,249.0,277.0,328.0,2569,1495
184.0,207.0,224.0,236.0,247.0,270.0,327.0,2550,1511
178.0,210.0,229.0,241.0,254.0,284.0,324.0,2577,1552
183.0,211.0,228.0,239.0,251.0,277.0,328.0,2562,1577
181.0,208.0,226.0,236.0,247.0,270.0,321.0,2554,1595
182.0,208.0,225.0,236.0,247.0,270.0,327.0,2568,1620
182.0,205.0,223.0,233.0,244.0,267.0,332.0,2570,1654
182.0,207.0,225.0,237.0,249.0,279.0,333.0,2560,1685
182.0,204.0,222.0,233.0,244.0,269.0,332.0,2550,1715
182.0,204.0,223.0,235.0,247.0,272.0,333.0,2576,1743
172.0,197.0,220.0,232.0,244.0,272.0,334.0,2551,1799
179.0,202.0,222.0,233.0,245.0,268.0,333.0,2568,1808
172.0,194.0,217.0,229.0,242.0,266.0,332.0,2564,1839
178.0,203.0,222.0,233.0,245.0,266.0,327.0,2556,1881
176.0,200.0,219.0,231.0,242.0,263.0,338.0,2570,1902
179.0,205.0,223.0,234.0,246.0,269.0,323.0,2574,1929
173.0,197.0,220.0,232.0,244.0,262.0,314.0,2554,1979
174.0,195.0,218.0,230.0,242.0,263.0,327.0,2550,1999
175.0,203.0,222.0,234.0,246.0,268.0,320.0,2555,2037
176.0,200.0,219.0,230.0,241.0,261.0,327.0,2573,2061
175.0,202.0,222.0,233.0,246.0,268.0,318.0,2554,2082
176.0,203.0,222.0,233.0,245.0,266.0,318.0,2575,2124
173.0,204.0,224.0,236.0,249.0,274.0,319.0,2562,2135
182.0,205.0,223.0,233.0,244.0,263.0,316.0,2573,2189
169.0,202.0,221.0,233.0,245.0,267.0,319.0,2550,2211
130.0,204.0,223.0,235.0,246.0,269.0,327.0,2579,2230
174.0,206.0,224.0,236.0,248.0,274.0,320.0,2573,2254
183.0,208.0,226.0,237.0,248.0,270.0,320.0,2575,2286
169.0,197.0,220.0,232.0,245.0,269.0,307.0,2575,2327
178.0,205.0,224.0,236.0,248.0,271.0,321.0,2559,2360
184.0,207.0,223.0,234.0,245.0,265.0,314.0,2562,2378
175.0,203.0,222.0,234.0,247.0,271.0,321.0,2578,2412
176.0,205.0,224.0,236.0,248.0,270.0,319.0,2559,2448
138.0,203.0,224.0,236.0,248.0,274.0,320.0,2577,2467
156.0,201.0,221.0,233.0,246.0,276.0,324.0,2558,2516
166.0,203.0,222.0,233.0,246.0,271.0,324.0,2553,2544
168.0,201.0,221.0,233.0,246.0,272.0,323.0,2571,2578
165.0,205.0,227.0,240.0,253.0,291.0,336.0,2574,2607
159.0,199.0,222.0,236.0,250.0,292.0,333.0,2566,2630
153.0,201.0,224.0,238.0,252.0,296.0,332.0,2569,2641
167.0,200.0,222.0,236.0,252.0,296.0,338.0,2576,2678
168.0,201.0,224.0,238.0,254.0,301.0,338.0,2572,2709
181.0,205.0,224.0,235.0,247.0,274.0,328.0,2564,2746
179.0,204.0,223.0,235.0,248.0,280.0,328.0,2551,2781
177.0,203.0,223.0,237.0,253.0,297.0,339.0,2552,2808
175.0,202.0,222.0,235.0,250.0,288.0,334.0,2550,2824
180.0,204.0,223.0,235.0,249.0,284.0,333.0,2573,2865
179.0,204.0,223.0,235.0,248.0,283.0,329.0,2557,2892
176.0,202.0,223.0,235.0,248.0,283.0,328.0,2569,2912
176.0,201.0,221.0,233.0,248.0,279.0,335.0,2551,2958
177.0,205.0,223.0,235.0,248.0,281.0,332.0,2576,2979
179.0,206.0,225.0,236.0,250.0,297.0,345.0,2578,3024
174.0,203.0,225.0,238.0,254.0,299.0,348.0,2566,3033
186.0,206.0,224.0,236.0,250.0,287.0,334.0,2579,3083
165.0,202.0,222.0,235.0,249.0,297.0,334.0,2558,3090
184.0,209.0,229.0,244.0,262.0,302.0,347.0,2572,3139
179.0,203.0,221.0,232.0,245.0,288.0,329.0,2579,3153
182.0,210.0,231.0,246.0,266.0,306.0,346.0,2564,3208
184.0,206.0,225.0,237.0,251.0,287.0,336.0,2562,3230
174.0,202.0,221.0,234.0,249.0,294.0,332.0,2551,3268
172.0,204.0,223.0,236.0,250.0,286.0,337.0,2552,3279
169.0,204.0,224.0,237.0,251.0,279.0,327.0,2570,3321
176.0,204.0,224.0,237.0,252.0,282.0,325.0,2578,3333
186.0,210.0,227.0,238.0,249.0,273.0,322.0,2598,9
184.0,208.0,226.0,238.0,250.0,276.0,322.0,2602,35
177.0,208.0,232.0,245.0,260.0,292.0,330.0,2581,79
178.0,206.0,227.0,240.0,252.0,286.0,330.0,2593,101
180.0,204.0,222.0,233.0,245.0,271.0,325.0,2596,132
181.0,204.0,221.0,232.0,243.0,266.0,324.0,2584,158
177.0,205.0,224.0,236.0,248.0,275.0,327.0,2603,186
181.0,208.0,226.0,238.0,249.0,275.0,331.0,2601,219
185.0,209.0,227.0,239.0,251.0,279.0,329.0,2590,245
187.0,210.0,228.0,240.0,251.0,277.0,320.0,2590,295
184.0,210.0,229.0,240.0,252.0,275.0,319.0,2605,308
183.0,208.0,227.0,238.0,249.0,272.0,317.0,2581,347
184.0,211.0,229.0,240.0,251.0,274.0,320.0,2581,367
179.0,207.0,227.0,239.0,252.0,278.0,320.0,2598,412
178.0,208.0,228.0,240.0,252.0,283.0,323.0,2598,443
179.0,206.0,226.0,238.0,250.0,283.0,322.0,2580,464
172.0,202.0,228.0,242.0,259.0,298.0,327.0,2585,491
178.0,206.0,226.0,238.0,251.0,279.0,323.0,2601,531
177.0,206.0,227.0,239.0,252.0,282.0,320.0,2605,544
164.0,198.0,227.0,241.0,260.0,302.0,331.0,2581,572
175.0,205.0,227.0,241.0,257.0,296.0,327.0,2599,628
180.0,208.0,227.0,239.0,251.0,278.0,324.0,2596,656
179.0,208.0,228.0,239.0,251.0,277.0,327.0,2584,677
184.0,212.0,232.0,244.0,257.0,288.0,332.0,2607,712
184.0,215.0,235.0,248.0,264.0,296.0,333.0,2585,730
176.0,208.0,229.0,242.0,256.0,287.0,324.0,2594,779
181.0,210.0,227.0,239.0,253.0,283.0,320.0,2583,780
179.0,211.0,229.0,241.0,253.0,282.0,325.0,2598,821
186.0,209.0,227.0,238.0,250.0,273.0,316.0,2605,855
183.0,210.0,227.0,237.0,247.0,267.0,315.0,2599,881
126.0,197.0,228.0,242.0,258.0,300.0,333.0,2609,922
164.0,210.0,228.0,239.0,250.0,277.0,319.0,2581,939
177.0,208.0,228.0,240.0,252.0,281.0,319.0,2595,986
172.0,208.0,229.0,241.0,253.0,278.0,323.0,2595,1008
178.0,208.0,226.0,237.0,248.0,267.0,310.0,2609,1049
183.0,207.0,225.0,236.0,247.0,267.0,313.0,2591,1065
178.0,205.0,224.0,236.0,247.0,269.0,317.0,2609,1094
178.0,205.0,222.0,233.0,244.0,264.0,305.0,2590,1127
178.0,207.0,225.0,236.0,249.0,275.0,325.0,2593,1155
179.0,206.0,227.0,240.0,253.0,290.0,331.0,2592,1189
177.0,206.0,226.0,237.0,249.0,274.0,326.0,2594,1219
171.0,207.0,226.0,238.0,250.0,275.0,323.0,2595,1249
178.0,207.0,226.0,238.0,251.0,280.0,329.0,2607,1284
179.0,206.0,224.0,235.0,247.0,275.0,326.0,2593,1319
182.0,207.0,224.0,235.0,246.0,270.0,322.0,2588,1346
184.0,205.0,221.0,231.0,243.0,264.0,326.0,2596,1361
186.0,205.0,220.0,230.0,241.0,259.0,321.0,2604,1399
189.0,207.0,223.0,234.0,245.0,264.0,324.0,2604,1437
181.0,205.0,222.0,233.0,244.0,264.0,324.0,2603,1453
181.0,207.0,226.0,237.0,250.0,278.0,331.0,2607,1480
180.0,208.0,225.0,236.0,247.0,269.0,321.0,2588,1521
174.0,206.0,225.0,237.0,250.0,278.0,323.0,2594,1557
179.0,209.0,226.0,237.0,249.0,277.0,322.0,2590,1581
181.0,209.0,226.0,237.0,248.0,270.0,321.0,2586,1597
180.0,205.0,224.0,236.0,248.0,276.0,325.0,2600,1628
179.0,204.0,222.0,233.0,245.0,269.0,332.0,2597,1650
179.0,206.0,224.0,236.0,247.0,273.0,330.0,2582,1709
182.0,207.0,225.0,236.0,247.0,271.0,329.0,2584,1721
180.0,204.0,223.0,235.0,248.0,275.0,335.0,2601,1753
181.0,204.0,225.0,237.0,250.0,280.0,334.0,2605,1774
187.0,210.0,228.0,238.0,248.0,269.0,337.0,2599,1800
177.0,200.0,219.0,231.0,242.0,263.0,334.0,2600,1857
178.0,200.0,219.0,230.0,241.0,261.0,336.0,2600,1875
180.0,205.0,224.0,235.0,247.0,269.0,326.0,2600,1910
182.0,206.0,224.0,235.0,247.0,267.0,316.0,2595,1922
173.0,192.0,216.0,228.0,241.0,265.0,333.0,2605,1964
179.0,203.0,222.0,233.0,244.0,265.0,325.0,2580,2009
177.0,201.0,220.0,232.0,245.0,268.0,326.0,2582,2026
175.0,199.0,218.0,229.0,240.0,260.0,324.0,2580,2054
180.0,201.0,219.0,230.0,241.0,260.0,322.0,2609,2087
177.0,202.0,221.0,233.0,244.0,263.0,320.0,2609,2110
178.0,202.0,220.0,231.0,243.0,264.0,323.0,2580,2156
179.0,201.0,219.0,230.0,242.0,263.0,326.0,2595,2165
176.0,201.0,219.0,229.0,241.0,261.0,317.0,2590,2201
131.0,205.0,225.0,237.0,249.0,272.0,325.0,2598,2248
170.0,206.0,225.0,236.0,248.0,271.0,319.0,2606,2275
176.0,208.0,226.0,236.0,247.0,267.0,309.0,2607,2295
159.0,206.0,224.0,236.0,248.0,272.0,325.0,2585,2320
171.0,203.0,222.0,233.0,246.0,269.0,321.0,2605,2366
165.0,202.0,221.0,233.0,245.0,268.0,314.0,2590,2384
177.0,204.0,222.0,233.0,245.0,268.0,320.0,2596,2424
167.0,204.0,223.0,234.0,246.0,269.0,320.0,2600,2439
149.0,202.0,223.0,235.0,247.0,272.0,317.0,2593,2471
174.0,203.0,222.0,234.0,246.0,270.0,316.0,2597,2509
171.0,204.0,224.0,236.0,248.0,273.0,327.0,2587,2549
173.0,205.0,222.0,233.0,244.0,266.0,316.0,2580,2556
160.0,203.0,226.0,240.0,254.0,299.0,338.0,2609,2590
148.0,201.0,226.0,240.0,257.0,299.0,338.0,2589,2623
169.0,202.0,224.0,236.0,250.0,287.0,329.0,2602,2658
173.0,202.0,222.0,235.0,249.0,294.0,343.0,2609,2698
178.0,203.0,223.0,235.0,249.0,282.0,333.0,2586,2724
166.0,201.0,222.0,234.0,247.0,277.0,326.0,2588,2743
182.0,206.0,225.0,237.0,250.0,279.0,327.0,2587,2774
183.0,206.0,225.0,237.0,249.0,278.0,327.0,2597,2791
168.0,201.0,220.0,232.0,245.0,275.0,327.0,2608,2840
179.0,203.0,223.0,236.0,248.0,283.0,331.0,2584,2867
179.0,203.0,223.0,236.0,250.0,286.0,333.0,2586,2887
185.0,206.0,224.0,236.0,249.0,277.0,326.0,2609,2911
184.0,206.0,224.0,235.0,247.0,278.0,326.0,2597,2964
183.0,206.0,224.0,235.0,247.0,284.0,337.0,2595,2991
179.0,206.0,226.0,238.0,253.0,299.0,345.0,2581,3027
178.0,204.0,223.0,236.0,249.0,293.0,341.0,2588,3052
185.0,206.0,226.0,239.0,255.0,293.0,339.0,2595,3088
181.0,205.0,226.0,239.0,256.0,299.0,341.0,2604,3092
179.0,203.0,222.0,234.0,248.0,297.0,338.0,2592,3149
181.0,203.0,221.0,232.0,246.0,292.0,339.0,2587,3155
183.0,206.0,224.0,236.0,250.0,289.0,339.0,2585,3187
181.0,206.0,224.0,236.0,249.0,290.0,339.0,2587,3211
180.0,203.0,222.0,234.0,248.0,277.0,330.0,2601,3255
180.0,205.0,224.0,236.0,249.0,275.0,329.0,2591,3270
169.0,203.0,224.0,237.0,251.0,289.0,336.0,2603,3327
171.0,203.0,225.0,239.0,252.0,288.0,338.0,2595,3332
185.0,210.0,227.0,238.0,249.0,274.0,324.0,2618,18
176.0,208.0,230.0,243.0,257.0,292.0,328.0,2627,58
177.0,209.0,231.0,243.0,256.0,287.0,329.0,2621,80
178.0,208.0,228.0,240.0,253.0,284.0,323.0,2623,102
180.0,209.0,227.0,238.0,250.0,275.0,326.0,2629,145
181.0,206.0,224.0,234.0,246.0,269.0,327.0,2619,153
177.0,205.0,226.0,239.0,252.0,285.0,330.0,2631,190
185.0,210.0,228.0,239.0,251.0,278.0,329.0,2617,219
188.0,210.0,228.0,239.0,250.0,276.0,326.0,2614,240
182.0,209.0,228.0,240.0,251.0,273.0,317.0,2632,290
188.0,211.0,229.0,240.0,251.0,272.0,312.0,2619,310
184.0,206.0,223.0,234.0,246.0,269.0,319.0,2639,357
184.0,209.0,227.0,238.0,250.0,276.0,325.0,2626,365
182.0,208.0,227.0,238.0,249.0,272.0,316.0,2633,401
182.0,207.0,224.0,235.0,247.0,272.0,319.0,2619,423
181.0,207.0,225.0,237.0,249.0,278.0,324.0,2635,460
170.0,201.0,227.0,241.0,258.0,296.0,326.0,2620,509
170.0,199.0,226.0,240.0,256.0,296.0,328.0,2620,538
174.0,206.0,228.0,242.0,257.0,293.0,326.0,2634,569
177.0,208.0,228.0,240.0,253.0,281.0,324.0,2638,598
176.0,206.0,226.0,238.0,250.0,274.0,319.0,2619,624
177.0,207.0,227.0,239.0,251.0,277.0,326.0,2617,649
179.0,206.0,225.0,237.0,249.0,273.0,319.0,2613,685
176.0,209.0,231.0,243.0,257.0,286.0,328.0,2632,706
179.0,210.0,232.0,244.0,257.0,286.0,330.0,2619,724
179.0,211.0,232.0,244.0,258.0,290.0,330.0,2626,764
180.0,211.0,230.0,242.0,254.0,280.0,323.0,2619,802
185.0,212.0,230.0,241.0,253.0,279.0,320.0,2620,836
179.0,209.0,228.0,240.0,253.0,281.0,322.0,2615,844
179.0,208.0,226.0,238.0,251.0,278.0,317.0,2612,882
172.0,212.0,231.0,242.0,254.0,280.0,322.0,2639,904
175.0,209.0,227.0,238.0,249.0,272.0,314.0,2612,955
180.0,211.0,231.0,243.0,256.0,290.0,323.0,2620,971
176.0,207.0,229.0,242.0,256.0,289.0,323.0,2624,995
186.0,210.0,228.0,239.0,250.0,273.0,319.0,2622,1032
187.0,209.0,227.0,238.0,250.0,274.0,320.0,2632,1071
181.0,207.0,226.0,238.0,250.0,276.0,324.0,2618,1108
183.0,207.0,226.0,237.0,249.0,273.0,318.0,2615,1127
181.0,206.0,225.0,237.0,249.0,275.0,327.0,2610,1149
178.0,205.0,225.0,237.0,250.0,279.0,327.0,2611,1172
174.0,206.0,225.0,237.0,249.0,279.0,330.0,2615,1220
177.0,207.0,227.0,239.0,251.0,285.0,332.0,2612,1243
178.0,207.0,226.0,238.0,250.0,280.0,332.0,2639,1266
185.0,207.0,223.0,234.0,245.0,266.0,321.0,2619,1318
183.0,208.0,226.0,237.0,249.0,274.0,323.0,2619,1345
186.0,209.0,226.0,237.0,248.0,271.0,323.0,2624,1352
181.0,204.0,221.0,232.0,244.0,267.0,330.0,2638,1390
182.0,205.0,221.0,232.0,243.0,263.0,323.0,2613,1426
189.0,210.0,227.0,238.0,248.0,269.0,319.0,2639,1465
165.0,209.0,228.0,239.0,250.0,276.0,332.0,2625,1492
180.0,209.0,226.0,237.0,248.0,269.0,327.0,2616,1523
183.0,208.0,225.0,237.0,249.0,272.0,321.0,2637,1557
178.0,210.0,228.0,239.0,250.0,275.0,326.0,2611,1572
182.0,206.0,224.0,234.0,246.0,268.0,322.0,2631,1614
176.0,204.0,224.0,235.0,246.0,270.0,330.0,2627,1622
176.0,199.0,220.0,232.0,244.0,270.0,335.0,2616,1658
175.0,200.0,221.0,234.0,246.0,276.0,334.0,2617,1701
182.0,206.0,224.0,235.0,246.0,270.0,325.0,2632,1733
172.0,199.0,221.0,235.0,249.0,283.0,330.0,2617,1760
173.0,203.0,227.0,240.0,252.0,283.0,330.0,2634,1799
173.0,202.0,224.0,237.0,248.0,275.0,332.0,2612,1823
178.0,202.0,224.0,236.0,247.0,269.0,338.0,2633,1846
178.0,201.0,220.0,231.0,243.0,265.0,326.0,2632,1881
180.0,204.0,222.0,233.0,244.0,263.0,320.0,2611,1901
175.0,200.0,221.0,233.0,246.0,272.0,323.0,2635,1921
172.0,193.0,216.0,228.0,241.0,260.0,325.0,2639,1969
174.0,196.0,218.0,229.0,241.0,263.0,330.0,2628,1994
176.0,201.0,220.0,232.0,243.0,263.0,327.0,2632,2014
174.0,196.0,217.0,229.0,241.0,263.0,333.0,2614,2040
176.0,201.0,221.0,232.0,244.0,266.0,327.0,2616,2095
175.0,199.0,220.0,232.0,244.0,267.0,331.0,2615,2126
179.0,202.0,220.0,230.0,241.0,259.0,314.0,2616,2156
180.0,201.0,219.0,230.0,241.0,261.0,321.0,2613,2161
178.0,201.0,219.0,229.0,241.0,260.0,318.0,2628,2218
176.0,200.0,218.0,229.0,241.0,262.0,320.0,2620,2227
161.0,211.0,229.0,239.0,249.0,270.0,317.0,2624,2273
157.0,210.0,229.0,240.0,250.0,272.0,324.0,2628,2305
129.0,207.0,228.0,239.0,250.0,274.0,324.0,2618,2311
166.0,205.0,224.0,235.0,246.0,270.0,326.0,2618,2353
172.0,200.0,220.0,232.0,245.0,269.0,319.0,2611,2396
181.0,207.0,225.0,235.0,247.0,269.0,327.0,2633,2410
180.0,207.0,226.0,238.0,250.0,274.0,334.0,2625,2443
172.0,203.0,222.0,234.0,247.0,278.0,331.0,2612,2463
178.0,205.0,224.0,236.0,248.0,272.0,324.0,2616,2504
172.0,202.0,222.0,235.0,248.0,288.0,340.0,2631,2526
172.0,204.0,225.0,238.0,252.0,293.0,334.0,2620,2575
183.0,206.0,225.0,236.0,248.0,274.0,329.0,2636,2580
163.0,205.0,227.0,239.0,252.0,285.0,332.0,2627,2610
131.0,200.0,223.0,237.0,252.0,291.0,330.0,2611,2642
181.0,204.0,222.0,233.0,245.0,277.0,331.0,2613,2671
175.0,202.0,222.0,236.0,250.0,280.0,329.0,2630,2722
178.0,203.0,222.0,235.0,249.0,287.0,330.0,2633,2759
182.0,205.0,224.0,236.0,249.0,277.0,325.0,2625,2775
171.0,203.0,223.0,236.0,249.0,280.0,329.0,2622,2818
176.0,205.0,224.0,237.0,250.0,281.0,329.0,2617,2821
182.0,205.0,224.0,236.0,248.0,278.0,333.0,2639,2850
185.0,207.0,225.0,237.0,250.0,280.0,335.0,2621,2902
185.0,206.0,224.0,235.0,248.0,278.0,327.0,2637,2932
185.0,206.0,224.0,235.0,248.0,282.0,331.0,2616,2952
185.0,206.0,224.0,235.0,246.0,279.0,335.0,2615,2970
185.0,206.0,224.0,236.0,248.0,275.0,323.0,2617,3010
177.0,206.0,226.0,239.0,253.0,290.0,337.0,2612,3034
176.0,208.0,227.0,240.0,253.0,284.0,334.0,2634,3060
175.0,206.0,226.0,239.0,254.0,293.0,328.0,2628,3091
188.0,209.0,228.0,242.0,259.0,299.0,341.0,2617,3122
183.0,207.0,225.0,237.0,251.0,290.0,339.0,2616,3158
175.0,204.0,224.0,236.0,252.0,296.0,335.0,2618,3200
169.0,206.0,229.0,244.0,266.0,310.0,344.0,2613,3214
174.0,205.0,228.0,243.0,261.0,308.0,342.0,2635,3243
171.0,200.0,223.0,237.0,252.0,297.0,331.0,2632,3283
175.0,205.0,225.0,237.0,250.0,275.0,338.0,2620,3321
169.0,203.0,222.0,235.0,248.0,278.0,336.0,2615,3330
185.0,208.0,224.0,235.0,246.0,268.0,322.0,2641,0
183.0,209.0,227.0,238.0,248.0,270.0,317.0,2642,35
180.0,207.0,226.0,238.0,249.0,276.0,323.0,2657,68
178.0,206.0,225.0,236.0,248.0,273.0,323.0,2649,111
195.0,216.0,232.0,242.0,253.0,273.0,316.0,2661,143
183.0,206.0,224.0,234.0,245.0,267.0,324.0,2659,169
177.0,206.0,227.0,239.0,252.0,284.0,334.0,2655,205
184.0,208.0,226.0,238.0,251.0,278.0,329.0,2650,236
180.0,207.0,225.0,237.0,248.0,273.0,328.0,2661,245
185.0,210.0,229.0,240.0,252.0,276.0,320.0,2650,296
178.0,206.0,225.0,238.0,251.0,278.0,321.0,2641,320
184.0,206.0,223.0,234.0,245.0,267.0,317.0,2668,354
177.0,203.0,221.0,234.0,247.0,271.0,320.0,2659,368
182.0,206.0,223.0,234.0,246.0,269.0,318.0,2642,419
183.0,206.0,224.0,235.0,248.0,273.0,321.0,2665,424
181.0,207.0,224.0,236.0,248.0,273.0,325.0,2650,470
167.0,205.0,228.0,242.0,258.0,294.0,325.0,2644,487
176.0,205.0,227.0,240.0,255.0,289.0,331.0,2652,518
183.0,208.0,226.0,239.0,252.0,281.0,321.0,2655,560
179.0,205.0,224.0,237.0,249.0,274.0,324.0,2669,598
182.0,208.0,226.0,238.0,250.0,275.0,316.0,2668,627
185.0,208.0,226.0,238.0,249.0,273.0,319.0,2666,636
179.0,206.0,225.0,238.0,251.0,278.0,323.0,2663,661
176.0,211.0,232.0,244.0,257.0,285.0,330.0,2651,718
176.0,210.0,232.0,244.0,257.0,286.0,330.0,2641,734
175.0,209.0,229.0,241.0,255.0,285.0,324.0,2661,750
177.0,210.0,228.0,239.0,250.0,274.0,322.0,2650,803
186.0,211.0,228.0,239.0,251.0,276.0,322.0,2666,829
184.0,212.0,231.0,242.0,255.0,285.0,323.0,2649,856
184.0,211.0,229.0,240.0,251.0,275.0,321.0,2651,899
171.0,210.0,233.0,246.0,261.0,291.0,328.0,2665,922
159.0,209.0,230.0,243.0,257.0,292.0,333.0,2640,935
174.0,208.0,228.0,241.0,254.0,287.0,322.0,2657,984
185.0,208.0,226.0,238.0,250.0,274.0,319.0,2651,1016
178.0,207.0,228.0,240.0,252.0,287.0,322.0,2667,1031
185.0,210.0,228.0,239.0,251.0,278.0,322.0,2647,1070
181.0,207.0,226.0,238.0,251.0,283.0,323.0,2643,1085
176.0,204.0,225.0,238.0,252.0,288.0,326.0,2654,1135
189.0,211.0,228.0,239.0,250.0,273.0,323.0,2658,1167
187.0,210.0,228.0,239.0,250.0,271.0,321.0,2653,1172
178.0,207.0,227.0,239.0,252.0,282.0,328.0,2660,1200
179.0,206.0,225.0,237.0,251.0,284.0,332.0,2655,1231
171.0,207.0,227.0,238.0,250.0,280.0,327.0,2665,1270
187.0,208.0,225.0,236.0,248.0,271.0,329.0,2652,1314
184.0,208.0,225.0,237.0,248.0,269.0,316.0,2649,1333
183.0,207.0,224.0,235.0,246.0,267.0,323.0,2644,1351
183.0,206.0,222.0,233.0,245.0,266.0,326.0,2664,1401
187.0,207.0,222.0,232.0,243.0,263.0,324.0,2667,1414
187.0,208.0,225.0,235.0,246.0,267.0,317.0,2641,1447
165.0,208.0,227.0,238.0,250.0,274.0,328.0,2641,1483
184.0,209.0,226.0,237.0,248.0,268.0,322.0,2641,1515
184.0,208.0,225.0,235.0,247.0,268.0,321.0,2668,1545
179.0,206.0,223.0,234.0,246.0,268.0,317.0,2669,1576
182.0,205.0,221.0,232.0,243.0,264.0,323.0,2666,1612
186.0,206.0,222.0,232.0,242.0,260.0,320.0,2660,1629
182.0,205.0,223.0,235.0,246.0,272.0,332.0,2661,1677
182.0,205.0,222.0,232.0,243.0,263.0,325.0,2643,1683
183.0,206.0,225.0,236.0,247.0,272.0,329.0,2640,1729
180.0,203.0,222.0,233.0,245.0,270.0,332.0,2665,1750
184.0,204.0,222.0,233.0,244.0,264.0,330.0,2657,1797
174.0,200.0,223.0,235.0,248.0,276.0,331.0,2640,1825
175.0,199.0,223.0,235.0,247.0,271.0,335.0,2655,1845
178.0,200.0,220.0,231.0,243.0,265.0,331.0,2648,1885
177.0,201.0,220.0,233.0,246.0,273.0,325.0,2648,1919
170.0,195.0,218.0,230.0,243.0,266.0,323.0,2657,1932
171.0,193.0,217.0,229.0,242.0,263.0,323.0,2646,1961
174.0,196.0,216.0,228.0,240.0,261.0,330.0,2647,1990
183.0,207.0,226.0,237.0,247.0,264.0,332.0,2662,2038
177.0,201.0,222.0,234.0,244.0,264.0,331.0,2656,2049
178.0,201.0,220.0,231.0,242.0,263.0,326.0,2645,2094
177.0,202.0,222.0,233.0,245.0,264.0,326.0,2649,2102
179.0,202.0,220.0,230.0,241.0,262.0,325.0,2642,2148
183.0,204.0,220.0,231.0,241.0,260.0,323.0,2652,2161
181.0,203.0,220.0,231.0,241.0,259.0,320.0,2642,2193
177.0,201.0,219.0,229.0,240.0,260.0,319.0,2645,2223
114.0,171.0,212.0,228.0,244.0,282.0,316.0,2669,2259
159.0,205.0,225.0,236.0,248.0,271.0,322.0,2645,2307
178.0,208.0,225.0,236.0,247.0,269.0,323.0,2664,2313
176.0,204.0,223.0,234.0,246.0,269.0,312.0,2643,2358
185.0,207.0,224.0,234.0,245.0,265.0,319.0,2640,2390
182.0,205.0,223.0,235.0,247.0,269.0,324.0,2642,2422
180.0,203.0,222.0,234.0,246.0,272.0,331.0,2643,2435
180.0,206.0,224.0,236.0,248.0,272.0,323.0,2650,2482
175.0,205.0,225.0,237.0,251.0,282.0,333.0,2643,2505
177.0,206.0,226.0,237.0,250.0,278.0,330.0,2664,2520
179.0,203.0,223.0,235.0,248.0,279.0,329.0,2643,2555
164.0,199.0,224.0,238.0,253.0,297.0,336.0,2641,2606
175.0,213.0,233.0,245.0,259.0,294.0,328.0,2654,2611
175.0,204.0,225.0,237.0,250.0,283.0,330.0,2642,2644
177.0,204.0,224.0,236.0,248.0,278.0,332.0,2641,2679
127.0,201.0,223.0,236.0,249.0,279.0,328.0,2667,2703
175.0,202.0,222.0,234.0,248.0,282.0,327.0,2641,2758
176.0,205.0,224.0,236.0,249.0,280.0,328.0,2662,2785
176.0,203.0,222.0,233.0,246.0,273.0,320.0,2667,2808
181.0,206.0,225.0,237.0,249.0,282.0,333.0,2667,2843
180.0,206.0,225.0,237.0,251.0,286.0,335.0,2648,2868
181.0,205.0,223.0,235.0,248.0,285.0,333.0,2650,2906
183.0,205.0,223.0,234.0,246.0,282.0,331.0,2662,2921
182.0,204.0,221.0,233.0,246.0,275.0,318.0,2664,2941
181.0,206.0,225.0,237.0,249.0,286.0,334.0,2661,2998
176.0,206.0,227.0,241.0,261.0,303.0,331.0,2659,3014
167.0,207.0,228.0,241.0,257.0,300.0,334.0,2647,3041
173.0,205.0,225.0,238.0,252.0,298.0,327.0,2665,3062
188.0,209.0,226.0,238.0,252.0,293.0,342.0,2668,3111
183.0,206.0,224.0,235.0,249.0,292.0,336.0,2662,3147
181.0,204.0,222.0,233.0,247.0,275.0,327.0,2668,3171
179.0,205.0,226.0,239.0,254.0,301.0,342.0,2652,3204
179.0,203.0,221.0,234.0,249.0,295.0,336.0,2667,3222
182.0,206.0,228.0,243.0,259.0,296.0,340.0,2650,3245
179.0,202.0,221.0,234.0,246.0,278.0,332.0,2655,3293
169.0,204.0,224.0,236.0,249.0,274.0,325.0,2645,3327
179.0,204.0,224.0,236.0,251.0,278.0,335.0,2658,3331
186.0,209.0,227.0,238.0,249.0,273.0,318.0,2694,1
186.0,211.0,228.0,239.0,250.0,276.0,325.0,2694,59
182.0,210.0,229.0,239.0,251.0,280.0,322.0,2671,87
191.0,211.0,226.0,235.0,245.0,262.0,309.0,2675,118
190.0,214.0,230.0,240.0,250.0,269.0,315.0,2696,130
184.0,211.0,229.0,240.0,252.0,277.0,324.0,2682,150
184.0,207.0,224.0,235.0,247.0,270.0,330.0,2683,206
182.0,205.0,223.0,234.0,245.0,266.0,324.0,2694,230
186.0,212.0,230.0,240.0,251.0,271.0,318.0,2682,268
184.0,209.0,226.0,237.0,248.0,269.0,316.0,2685,285
186.0,210.0,229.0,240.0,251.0,276.0,323.0,2692,325
183.0,208.0,227.0,239.0,250.0,273.0,326.0,2674,343
185.0,205.0,221.0,231.0,242.0,261.0,310.0,2697,369
183.0,206.0,224.0,235.0,247.0,269.0,321.0,2699,411
182.0,208.0,227.0,238.0,248.0,272.0,321.0,2696,435
179.0,207.0,227.0,241.0,255.0,288.0,324.0,2696,479
184.0,206.0,223.0,235.0,246.0,270.0,320.0,2677,492
183.0,209.0,228.0,240.0,253.0,279.0,320.0,2694,536
185.0,209.0,228.0,240.0,253.0,281.0,324.0,2681,553
181.0,207.0,226.0,238.0,251.0,281.0,323.0,2691,570
184.0,207.0,225.0,237.0,249.0,272.0,315.0,2673,625
181.0,206.0,225.0,237.0,249.0,274.0,317.0,2687,639
185.0,210.0,230.0,242.0,256.0,284.0,331.0,2672,685
169.0,199.0,227.0,241.0,257.0,291.0,337.0,2680,712
178.0,209.0,230.0,242.0,255.0,284.0,327.0,2699,727
184.0,209.0,227.0,239.0,252.0,278.0,318.0,2683,777
179.0,210.0,228.0,239.0,252.0,283.0,330.0,2670,800
178.0,210.0,230.0,241.0,253.0,281.0,324.0,2687,835
173.0,210.0,231.0,243.0,257.0,286.0,329.0,2675,858
170.0,207.0,231.0,245.0,264.0,296.0,332.0,2694,888
167.0,209.0,233.0,246.0,261.0,294.0,336.0,2691,916
185.0,209.0,226.0,238.0,251.0,279.0,324.0,2691,949
184.0,214.0,233.0,244.0,257.0,286.0,325.0,2687,962
185.0,209.0,226.0,237.0,249.0,274.0,318.0,2695,1007
178.0,208.0,227.0,239.0,251.0,281.0,325.0,2680,1040
181.0,208.0,229.0,240.0,253.0,288.0,326.0,2687,1055
189.0,211.0,229.0,240.0,251.0,277.0,321.0,2693,1095
184.0,210.0,229.0,240.0,251.0,278.0,321.0,2690,1133
187.0,212.0,230.0,241.0,251.0,274.0,325.0,2687,1167
188.0,211.0,230.0,241.0,252.0,276.0,325.0,2675,1179
166.0,206.0,227.0,239.0,253.0,291.0,333.0,2696,1200
177.0,205.0,225.0,237.0,249.0,280.0,330.0,2695,1259
177.0,205.0,225.0,238.0,250.0,288.0,338.0,2695,1288
181.0,208.0,227.0,239.0,250.0,279.0,332.0,2682,1318
189.0,210.0,227.0,237.0,247.0,265.0,320.0,2692,1349
181.0,211.0,229.0,239.0,250.0,274.0,326.0,2688,1366
166.0,208.0,226.0,237.0,248.0,273.0,326.0,2672,1391
166.0,203.0,223.0,234.0,246.0,271.0,331.0,2679,1423
178.0,207.0,225.0,236.0,247.0,270.0,320.0,2673,1462
178.0,207.0,225.0,236.0,248.0,267.0,305.0,2684,1494
176.0,208.0,226.0,237.0,249.0,271.0,314.0,2698,1520
183.0,209.0,225.0,236.0,246.0,266.0,326.0,2689,1535
178.0,204.0,222.0,233.0,244.0,264.0,315.0,2686,1583
182.0,205.0,222.0,233.0,244.0,265.0,321.0,2674,1601
183.0,204.0,221.0,232.0,243.0,262.0,323.0,2682,1632
182.0,205.0,223.0,234.0,246.0,269.0,326.0,2674,1657
183.0,204.0,222.0,234.0,245.0,269.0,332.0,2680,1688
175.0,199.0,223.0,236.0,249.0,284.0,337.0,2692,1712
182.0,204.0,223.0,234.0,246.0,270.0,331.0,2692,1760
181.0,201.0,220.0,231.0,243.0,263.0,327.0,2693,1783
189.0,214.0,231.0,241.0,251.0,270.0,328.0,2670,1809
192.0,208.0,224.0,233.0,243.0,260.0,327.0,2695,1847
190.0,207.0,223.0,233.0,243.0,259.0,324.0,2697,1860
182.0,202.0,219.0,229.0,240.0,258.0,319.0,2693,1912
184.0,202.0,219.0,229.0,240.0,259.0,330.0,2685,1940
183.0,201.0,218.0,228.0,239.0,259.0,327.0,2686,1950
181.0,202.0,220.0,231.0,242.0,261.0,326.0,2683,2005
185.0,204.0,221.0,232.0,243.0,261.0,325.0,2692,2013
184.0,204.0,222.0,233.0,244.0,263.0,329.0,2699,2060
161.0,193.0,219.0,233.0,245.0,269.0,314.0,2676,2085
183.0,204.0,222.0,233.0,245.0,263.0,323.0,2680,2111
179.0,203.0,221.0,232.0,243.0,260.0,296.0,2691,2156
179.0,204.0,223.0,234.0,245.0,263.0,318.0,2677,2167
176.0,202.0,221.0,233.0,245.0,267.0,317.0,2687,2217
177.0,201.0,220.0,232.0,244.0,267.0,323.0,2682,2229
169.0,201.0,220.0,232.0,244.0,267.0,325.0,2671,2277
169.0,201.0,220.0,230.0,241.0,262.0,303.0,2676,2300
172.0,201.0,220.0,230.0,242.0,265.0,320.0,2698,2314
178.0,206.0,226.0,238.0,249.0,272.0,327.0,2677,2343
179.0,204.0,222.0,233.0,245.0,267.0,320.0,2694,2389
176.0,204.0,222.0,233.0,245.0,267.0,312.0,2687,2415
177.0,205.0,224.0,235.0,248.0,276.0,328.0,2688,2438
175.0,206.0,225.0,237.0,248.0,275.0,331.0,2699,2487
180.0,208.0,227.0,239.0,251.0,280.0,333.0,2674,2504
180.0,204.0,222.0,234.0,246.0,273.0,321.0,2688,2541
176.0,203.0,222.0,234.0,247.0,276.0,325.0,2681,2554
175.0,206.0,225.0,237.0,251.0,286.0,334.0,2690,2599
170.0,203.0,224.0,237.0,252.0,297.0,342.0,2686,2639
177.0,206.0,225.0,238.0,250.0,277.0,328.0,2683,2653
179.0,205.0,223.0,235.0,248.0,276.0,327.0,2694,2677
171.0,204.0,223.0,236.0,248.0,277.0,325.0,2699,2723
179.0,204.0,223.0,236.0,248.0,276.0,328.0,2693,2737
183.0,204.0,221.0,232.0,245.0,271.0,331.0,2685,2763
178.0,205.0,223.0,235.0,247.0,275.0,326.0,2687,2806
174.0,207.0,225.0,237.0,250.0,281.0,333.0,2675,2822
179.0,206.0,225.0,238.0,251.0,281.0,332.0,2694,2860
180.0,204.0,223.0,236.0,250.0,288.0,338.0,2671,2885
186.0,205.0,221.0,231.0,244.0,273.0,321.0,2684,2914
186.0,206.0,223.0,234.0,246.0,278.0,329.0,2687,2955
185.0,207.0,225.0,237.0,249.0,281.0,331.0,2699,2983
186.0,207.0,225.0,237.0,249.0,285.0,328.0,2673,3007
185.0,208.0,226.0,238.0,250.0,289.0,333.0,2673,3058
187.0,207.0,224.0,235.0,246.0,278.0,328.0,2682,3071
186.0,209.0,227.0,239.0,252.0,292.0,340.0,2673,3110
184.0,210.0,229.0,241.0,255.0,291.0,343.0,2670,3125
167.0,204.0,223.0,235.0,248.0,273.0,328.0,2694,3166
176.0,204.0,223.0,236.0,249.0,289.0,341.0,2676,3200
182.0,203.0,221.0,232.0,245.0,276.0,331.0,2679,3232
177.0,203.0,223.0,236.0,253.0,296.0,338.0,2672,3258
183.0,205.0,224.0,237.0,250.0,278.0,337.0,2697,3283
182.0,205.0,225.0,237.0,250.0,276.0,331.0,2680,3328
180.0,206.0,225.0,237.0,250.0,277.0,332.0,2679,3333
190.0,211.0,228.0,237.0,247.0,267.0,319.0,2705,25
192.0,212.0,228.0,238.0,248.0,268.0,319.0,2726,47
186.0,212.0,230.0,240.0,251.0,276.0,323.0,2707,66
182.0,209.0,227.0,237.0,248.0,273.0,321.0,2726,104
186.0,214.0,231.0,241.0,252.0,274.0,317.0,2706,144
181.0,211.0,229.0,240.0,252.0,278.0,325.0,2713,162
182.0,206.0,223.0,233.0,244.0,265.0,319.0,2728,185
181.0,203.0,220.0,231.0,242.0,261.0,316.0,2725,239
189.0,210.0,227.0,238.0,248.0,269.0,319.0,2725,260
188.0,211.0,228.0,239.0,249.0,272.0,322.0,2709,278
186.0,210.0,228.0,239.0,251.0,273.0,325.0,2705,301
182.0,208.0,225.0,236.0,246.0,266.0,316.0,2710,339
184.0,205.0,221.0,231.0,242.0,261.0,313.0,2701,368
185.0,207.0,224.0,234.0,244.0,263.0,315.0,2723,410
186.0,207.0,224.0,234.0,245.0,266.0,319.0,2718,440
185.0,210.0,227.0,238.0,248.0,270.0,320.0,2727,465
185.0,211.0,229.0,241.0,254.0,284.0,328.0,2724,485
176.0,205.0,227.0,240.0,254.0,286.0,319.0,2714,526
182.0,206.0,224.0,235.0,248.0,274.0,324.0,2700,569
176.0,201.0,222.0,235.0,248.0,275.0,318.0,2719,587
176.0,202.0,223.0,235.0,249.0,279.0,325.0,2725,627
179.0,205.0,226.0,239.0,253.0,284.0,320.0,2714,649
174.0,206.0,227.0,240.0,254.0,288.0,327.0,2706,676
181.0,204.0,221.0,233.0,247.0,272.0,316.0,2723,699
181.0,207.0,225.0,238.0,251.0,276.0,321.0,2714,720
186.0,210.0,227.0,239.0,251.0,275.0,313.0,2701,750
185.0,210.0,229.0,241.0,253.0,280.0,323.0,2718,804
175.0,210.0,231.0,243.0,258.0,289.0,329.0,2715,835
176.0,210.0,232.0,246.0,261.0,292.0,333.0,2710,853
168.0,206.0,230.0,244.0,261.0,293.0,331.0,2706,879
173.0,213.0,234.0,245.0,260.0,292.0,329.0,2722,929
190.0,214.0,233.0,244.0,257.0,286.0,327.0,2717,956
171.0,208.0,230.0,242.0,254.0,282.0,323.0,2714,986
176.0,209.0,227.0,238.0,249.0,271.0,313.0,2703,993
184.0,211.0,229.0,240.0,251.0,275.0,319.0,2728,1033
185.0,210.0,228.0,239.0,251.0,276.0,321.0,2705,1053
181.0,210.0,231.0,243.0,256.0,289.0,327.0,2718,1099
174.0,207.0,229.0,241.0,253.0,286.0,326.0,2725,1131
180.0,209.0,228.0,240.0,251.0,279.0,325.0,2716,1154
179.0,208.0,226.0,238.0,252.0,284.0,329.0,2711,1194
182.0,207.0,224.0,235.0,247.0,270.0,326.0,2707,1206
180.0,208.0,227.0,239.0,251.0,279.0,327.0,2710,1240
182.0,209.0,227.0,239.0,251.0,281.0,331.0,2728,1260
185.0,207.0,226.0,238.0,250.0,275.0,331.0,2729,1292
188.0,209.0,227.0,238.0,249.0,271.0,330.0,2705,1320
163.0,203.0,224.0,236.0,249.0,276.0,327.0,2704,1366
167.0,208.0,226.0,237.0,249.0,279.0,327.0,2705,1401
185.0,209.0,226.0,237.0,247.0,269.0,325.0,2712,1421
177.0,205.0,223.0,234.0,246.0,269.0,327.0,2718,1452
175.0,206.0,224.0,236.0,247.0,271.0,324.0,2709,1487
183.0,206.0,222.0,233.0,244.0,263.0,315.0,2723,1524
184.0,208.0,225.0,236.0,247.0,269.0,316.0,2700,1530
183.0,206.0,223.0,233.0,244.0,263.0,311.0,2710,1567
181.0,206.0,222.0,232.0,243.0,261.0,311.0,2714,1605
182.0,206.0,225.0,236.0,247.0,273.0,328.0,2729,1640
182.0,204.0,221.0,232.0,243.0,263.0,322.0,2707,1654
184.0,206.0,224.0,235.0,246.0,268.0,326.0,2729,1703
184.0,208.0,226.0,237.0,247.0,268.0,328.0,2717,1710
182.0,203.0,221.0,232.0,244.0,264.0,325.0,2706,1763
184.0,203.0,220.0,230.0,241.0,259.0,305.0,2722,1790
187.0,204.0,220.0,230.0,240.0,257.0,303.0,2715,1828
191.0,207.0,223.0,233.0,242.0,258.0,316.0,2701,1858
185.0,205.0,223.0,234.0,244.0,261.0,304.0,2725,1880
182.0,203.0,220.0,232.0,243.0,261.0,316.0,2717,1909
187.0,205.0,222.0,232.0,243.0,261.0,328.0,2701,1923
184.0,204.0,222.0,233.0,243.0,261.0,332.0,2726,1976
187.0,205.0,222.0,232.0,242.0,260.0,321.0,2710,1990
185.0,205.0,223.0,233.0,244.0,263.0,331.0,2718,2017
183.0,205.0,222.0,233.0,244.0,264.0,327.0,2719,2067
178.0,204.0,223.0,234.0,245.0,265.0,321.0,2725,2097
181.0,203.0,220.0,231.0,242.0,261.0,326.0,2708,2126
181.0,205.0,222.0,233.0,245.0,265.0,325.0,2716,2146
178.0,203.0,222.0,233.0,244.0,264.0,322.0,2718,2184
180.0,205.0,223.0,234.0,245.0,264.0,315.0,2721,2196
184.0,206.0,223.0,234.0,245.0,263.0,318.0,2723,2241
111.0,189.0,216.0,229.0,242.0,271.0,323.0,2729,2269
132.0,198.0,221.0,233.0,245.0,267.0,309.0,2712,2294
129.0,203.0,224.0,237.0,249.0,275.0,328.0,2728,2326
177.0,205.0,223.0,233.0,244.0,265.0,316.0,2717,2368
178.0,204.0,223.0,234.0,246.0,271.0,326.0,2702,2398
176.0,205.0,224.0,236.0,248.0,273.0,327.0,2706,2402
170.0,203.0,223.0,235.0,248.0,273.0,327.0,2703,2459
181.0,205.0,222.0,233.0,245.0,269.0,327.0,2720,2486
183.0,206.0,224.0,235.0,246.0,268.0,326.0,2705,2517
183.0,204.0,221.0,232.0,243.0,266.0,315.0,2717,2529
169.0,204.0,225.0,237.0,251.0,288.0,335.0,2705,2573
171.0,202.0,223.0,235.0,250.0,294.0,340.0,2714,2581
165.0,204.0,228.0,241.0,256.0,295.0,338.0,2727,2620
179.0,205.0,226.0,238.0,251.0,282.0,334.0,2729,2645
176.0,204.0,223.0,235.0,248.0,276.0,331.0,2710,2698
176.0,206.0,225.0,237.0,249.0,277.0,328.0,2706,2721
184.0,205.0,221.0,232.0,244.0,271.0,323.0,2705,2754
182.0,204.0,221.0,232.0,245.0,272.0,324.0,2719,2775
180.0,206.0,224.0,236.0,248.0,278.0,328.0,2700,2807
181.0,207.0,226.0,238.0,250.0,280.0,333.0,2712,2830
181.0,206.0,224.0,236.0,249.0,277.0,328.0,2723,2851
178.0,204.0,222.0,233.0,246.0,275.0,332.0,2712,2897
180.0,206.0,224.0,237.0,250.0,279.0,332.0,2708,2910
176.0,205.0,224.0,236.0,249.0,288.0,335.0,2707,2963
183.0,206.0,223.0,235.0,247.0,280.0,334.0,2719,2974
185.0,206.0,224.0,236.0,248.0,284.0,333.0,2703,3016
185.0,207.0,225.0,237.0,249.0,289.0,335.0,2718,3050
183.0,208.0,226.0,238.0,250.0,287.0,331.0,2720,3084
183.0,208.0,226.0,238.0,251.0,293.0,338.0,2722,3101
169.0,206.0,227.0,239.0,254.0,299.0,341.0,2707,3120
166.0,205.0,225.0,238.0,250.0,280.0,333.0,2702,3163
181.0,204.0,222.0,235.0,248.0,281.0,334.0,2705,3196
180.0,203.0,222.0,234.0,248.0,290.0,337.0,2705,3237
181.0,204.0,221.0,232.0,245.0,274.0,328.0,2728,3264
182.0,206.0,226.0,239.0,254.0,287.0,336.0,2721,3272
181.0,205.0,223.0,235.0,249.0,272.0,326.0,2709,3325
175.0,203.0,224.0,236.0,248.0,274.0,330.0,2728,3331
194.0,211.0,226.0,235.0,244.0,262.0,302.0,2756,6
188.0,212.0,229.0,239.0,249.0,272.0,315.0,2733,40
186.0,212.0,229.0,239.0,250.0,273.0,320.0,2745,78
181.0,209.0,228.0,239.0,251.0,278.0,321.0,2742,95
188.0,209.0,225.0,235.0,245.0,263.0,312.0,2751,137
187.0,209.0,225.0,235.0,245.0,263.0,312.0,2742,150
188.0,207.0,223.0,233.0,243.0,261.0,313.0,2749,206
187.0,206.0,222.0,232.0,243.0,262.0,315.0,2745,214
182.0,203.0,220.0,231.0,243.0,264.0,316.0,2743,246
190.0,212.0,229.0,241.0,253.0,282.0,323.0,2755,294
184.0,211.0,230.0,242.0,254.0,282.0,321.0,2743,320
183.0,209.0,227.0,238.0,250.0,273.0,324.0,2738,336
181.0,207.0,227.0,240.0,253.0,282.0,322.0,2743,386
186.0,207.0,223.0,234.0,244.0,263.0,311.0,2735,401
188.0,209.0,226.0,237.0,247.0,269.0,318.0,2734,439
182.0,206.0,226.0,239.0,252.0,285.0,326.0,2738,451
185.0,209.0,228.0,240.0,252.0,274.0,317.0,2746,509
186.0,211.0,230.0,241.0,252.0,274.0,319.0,2758,533
177.0,205.0,226.0,239.0,253.0,282.0,325.0,2733,544
176.0,205.0,227.0,240.0,254.0,283.0,317.0,2735,579
181.0,205.0,222.0,233.0,247.0,275.0,319.0,2758,623
183.0,206.0,223.0,235.0,247.0,270.0,314.0,2736,634
180.0,205.0,222.0,234.0,248.0,279.0,324.0,2730,674
180.0,205.0,222.0,234.0,246.0,272.0,321.0,2759,717
183.0,209.0,226.0,237.0,250.0,276.0,321.0,2736,736
185.0,210.0,229.0,241.0,253.0,279.0,320.0,2731,775
186.0,209.0,227.0,240.0,252.0,279.0,323.0,2759,789
183.0,207.0,225.0,236.0,248.0,273.0,322.0,2754,814
175.0,207.0,230.0,243.0,258.0,289.0,325.0,2734,848
175.0,206.0,228.0,242.0,259.0,294.0,330.0,2754,881
166.0,205.0,229.0,242.0,256.0,288.0,331.0,2730,922
169.0,208.0,230.0,243.0,258.0,291.0,334.0,2757,935
169.0,211.0,233.0,244.0,257.0,289.0,336.0,2744,980
186.0,210.0,228.0,239.0,249.0,271.0,316.0,2742,1008
186.0,211.0,229.0,240.0,252.0,279.0,322.0,2735,1022
180.0,208.0,228.0,240.0,252.0,284.0,328.0,2744,1069
175.0,208.0,231.0,243.0,256.0,286.0,332.0,2735,1101
189.0,213.0,231.0,241.0,252.0,275.0,325.0,2757,1128
177.0,210.0,230.0,241.0,253.0,282.0,327.0,2741,1151
185.0,211.0,229.0,241.0,253.0,283.0,329.0,2759,1185
178.0,210.0,229.0,240.0,251.0,282.0,328.0,2735,1213
182.0,207.0,227.0,239.0,252.0,280.0,329.0,2750,1235
182.0,208.0,227.0,239.0,251.0,280.0,333.0,2742,1285
176.0,208.0,228.0,239.0,250.0,278.0,336.0,2735,1300
173.0,211.0,231.0,242.0,253.0,285.0,329.0,2757,1345
175.0,210.0,230.0,241.0,252.0,277.0,326.0,2739,1355
174.0,202.0,221.0,233.0,246.0,274.0,331.0,2754,1407
171.0,202.0,226.0,239.0,252.0,296.0,334.0,2755,1416
178.0,204.0,222.0,233.0,246.0,272.0,323.0,2743,1453
170.0,202.0,224.0,235.0,247.0,272.0,329.0,2730,1479
176.0,203.0,222.0,234.0,246.0,270.0,323.0,2739,1504
177.0,205.0,224.0,235.0,246.0,269.0,320.0,2742,1551
179.0,207.0,226.0,237.0,248.0,271.0,324.0,2751,1583
176.0,205.0,227.0,240.0,252.0,291.0,340.0,2733,1596
175.0,206.0,227.0,238.0,249.0,273.0,325.0,2738,1634
181.0,205.0,225.0,237.0,248.0,274.0,330.0,2759,1665
182.0,206.0,224.0,235.0,246.0,267.0,330.0,2731,1694
181.0,205.0,224.0,234.0,245.0,266.0,331.0,2758,1721
182.0,203.0,221.0,232.0,243.0,264.0,336.0,2759,1764
182.0,203.0,221.0,231.0,242.0,261.0,333.0,2756,1781
180.0,197.0,216.0,228.0,239.0,257.0,284.0,2739,1822
181.0,201.0,219.0,229.0,240.0,258.0,284.0,2742,1831
185.0,204.0,222.0,232.0,243.0,260.0,318.0,2752,1879
180.0,200.0,218.0,230.0,242.0,261.0,328.0,2730,1916
185.0,203.0,221.0,232.0,243.0,262.0,330.0,2733,1923
185.0,204.0,220.0,229.0,240.0,257.0,325.0,2747,1975
183.0,204.0,221.0,232.0,242.0,259.0,333.0,2739,1998
183.0,204.0,221.0,232.0,242.0,260.0,329.0,2731,2011
176.0,202.0,223.0,235.0,246.0,269.0,330.0,2744,2051
180.0,204.0,224.0,236.0,247.0,269.0,329.0,2751,2095
181.0,204.0,224.0,236.0,247.0,270.0,327.0,2744,2100
182.0,205.0,223.0,234.0,245.0,264.0,322.0,2730,2145
178.0,204.0,222.0,233.0,245.0,265.0,320.0,2736,2165
177.0,204.0,221.0,232.0,243.0,262.0,315.0,2738,2217
179.0,202.0,220.0,231.0,243.0,262.0,313.0,2749,2228
177.0,200.0,219.0,230.0,242.0,263.0,316.0,2732,2251
135.0,204.0,223.0,234.0,245.0,266.0,321.0,2732,2285
125.0,200.0,222.0,234.0,247.0,272.0,324.0,2750,2315
178.0,204.0,222.0,233.0,245.0,268.0,324.0,2730,2362
179.0,206.0,223.0,234.0,245.0,265.0,320.0,2740,2373
175.0,204.0,224.0,236.0,249.0,279.0,335.0,2757,2400
182.0,207.0,225.0,236.0,248.0,270.0,326.0,2732,2449
183.0,206.0,223.0,233.0,245.0,268.0,324.0,2741,2477
184.0,206.0,224.0,235.0,247.0,271.0,321.0,2742,2519
178.0,205.0,225.0,238.0,252.0,281.0,332.0,2757,2531
168.0,202.0,224.0,238.0,253.0,291.0,335.0,2758,2578
162.0,202.0,225.0,238.0,254.0,297.0,340.0,2733,2589
169.0,202.0,225.0,239.0,254.0,297.0,343.0,2746,2617
184.0,207.0,224.0,236.0,248.0,272.0,323.0,2735,2657
173.0,203.0,222.0,234.0,246.0,272.0,325.0,2734,2692
179.0,207.0,226.0,239.0,252.0,283.0,327.0,2742,2714
176.0,204.0,222.0,233.0,246.0,273.0,322.0,2749,2740
178.0,204.0,224.0,237.0,250.0,281.0,329.0,2757,2780
177.0,205.0,223.0,235.0,248.0,280.0,330.0,2749,2794
180.0,204.0,221.0,232.0,244.0,269.0,318.0,2758,2849
179.0,204.0,221.0,231.0,244.0,270.0,321.0,2733,2868
177.0,202.0,220.0,231.0,244.0,272.0,324.0,2730,2896
184.0,206.0,224.0,236.0,248.0,279.0,329.0,2756,2910
182.0,206.0,224.0,236.0,249.0,280.0,326.0,2743,2948
179.0,207.0,225.0,237.0,250.0,287.0,336.0,2741,2991
184.0,207.0,225.0,237.0,249.0,290.0,337.0,2742,3008
189.0,209.0,227.0,239.0,252.0,288.0,338.0,2750,3050
186.0,207.0,226.0,239.0,253.0,287.0,339.0,2753,3062
187.0,208.0,225.0,237.0,249.0,282.0,336.0,2750,3114
185.0,207.0,226.0,238.0,252.0,292.0,339.0,2741,3134
179.0,206.0,225.0,237.0,250.0,276.0,332.0,2748,3178
169.0,204.0,222.0,234.0,247.0,272.0,317.0,2756,3188
183.0,205.0,224.0,237.0,249.0,281.0,336.0,2749,3228
183.0,206.0,225.0,237.0,249.0,286.0,334.0,2751,3249
183.0,206.0,227.0,239.0,252.0,278.0,334.0,2738,3288
170.0,206.0,226.0,240.0,254.0,284.0,344.0,2753,3306
171.0,203.0,223.0,236.0,248.0,275.0,327.0,2733,3333
184.0,210.0,227.0,238.0,249.0,276.0,322.0,2767,26
186.0,210.0,226.0,237.0,247.0,267.0,313.0,2783,56
183.0,211.0,229.0,240.0,251.0,274.0,319.0,2778,81
189.0,208.0,224.0,234.0,245.0,265.0,313.0,2770,93
179.0,207.0,225.0,236.0,247.0,269.0,316.0,2777,129
190.0,211.0,227.0,237.0,247.0,265.0,315.0,2789,174
188.0,207.0,222.0,232.0,242.0,261.0,309.0,2779,209
182.0,206.0,225.0,236.0,247.0,269.0,322.0,2761,236
182.0,206.0,224.0,235.0,246.0,269.0,323.0,2775,265
186.0,209.0,227.0,239.0,251.0,275.0,324.0,2768,290
189.0,211.0,229.0,239.0,251.0,272.0,315.0,2769,306
187.0,209.0,226.0,237.0,247.0,268.0,311.0,2760,332
183.0,210.0,228.0,239.0,251.0,274.0,315.0,2772,369
188.0,210.0,227.0,237.0,248.0,268.0,308.0,2775,405
184.0,207.0,225.0,236.0,247.0,269.0,310.0,2770,433
177.0,208.0,230.0,243.0,256.0,287.0,329.0,2784,472
178.0,206.0,228.0,241.0,255.0,288.0,329.0,2779,489
179.0,209.0,229.0,240.0,252.0,280.0,323.0,2772,522
189.0,211.0,228.0,238.0,249.0,270.0,318.0,2782,560
179.0,205.0,225.0,237.0,249.0,275.0,324.0,2763,578
185.0,206.0,222.0,234.0,247.0,273.0,319.0,2765,624
181.0,205.0,224.0,237.0,251.0,282.0,328.0,2779,652
183.0,206.0,223.0,234.0,246.0,270.0,321.0,2760,687
185.0,209.0,225.0,236.0,247.0,270.0,320.0,2772,690
183.0,206.0,224.0,237.0,249.0,275.0,330.0,2782,740
186.0,209.0,227.0,239.0,251.0,278.0,323.0,2765,761
187.0,207.0,223.0,234.0,246.0,268.0,312.0,2783,807
184.0,208.0,226.0,238.0,249.0,274.0,317.0,2767,820
189.0,210.0,226.0,238.0,250.0,273.0,319.0,2779,844
178.0,210.0,232.0,246.0,262.0,296.0,333.0,2779,890
179.0,210.0,234.0,248.0,263.0,296.0,335.0,2778,901
176.0,208.0,230.0,244.0,260.0,292.0,328.0,2764,940
184.0,213.0,232.0,244.0,257.0,285.0,326.0,2767,989
182.0,211.0,229.0,240.0,252.0,279.0,319.0,2770,999
174.0,209.0,230.0,242.0,256.0,288.0,330.0,2772,1049
176.0,210.0,230.0,242.0,255.0,286.0,325.0,2765,1059
182.0,212.0,231.0,242.0,254.0,283.0,330.0,2779,1086
191.0,214.0,232.0,242.0,253.0,276.0,328.0,2773,1113
179.0,211.0,231.0,242.0,254.0,282.0,330.0,2782,1158
173.0,208.0,227.0,239.0,250.0,278.0,328.0,2787,1187
181.0,209.0,229.0,240.0,251.0,281.0,330.0,2788,1224
182.0,208.0,227.0,238.0,250.0,275.0,328.0,2763,1248
184.0,207.0,226.0,238.0,249.0,270.0,324.0,2771,1280
171.0,205.0,224.0,236.0,247.0,268.0,328.0,2773,1291
177.0,205.0,225.0,237.0,249.0,277.0,329.0,2765,1324
182.0,210.0,229.0,241.0,253.0,280.0,328.0,2774,1366
184.0,208.0,225.0,236.0,246.0,269.0,328.0,2767,1397
172.0,201.0,222.0,234.0,246.0,272.0,333.0,2787,1424
177.0,205.0,223.0,234.0,245.0,267.0,322.0,2770,1449
171.0,202.0,223.0,235.0,247.0,270.0,314.0,2769,1483
176.0,205.0,226.0,238.0,249.0,276.0,318.0,2779,1523
180.0,205.0,223.0,235.0,246.0,271.0,317.0,2784,1532
179.0,206.0,226.0,237.0,249.0,274.0,324.0,2762,1582
178.0,206.0,226.0,237.0,248.0,272.0,334.0,2765,1611
179.0,205.0,225.0,236.0,247.0,270.0,326.0,2774,1631
178.0,204.0,225.0,236.0,248.0,274.0,326.0,2780,1665
180.0,207.0,227.0,238.0,249.0,276.0,329.0,2782,1706
181.0,207.0,227.0,238.0,249.0,279.0,335.0,2772,1717
176.0,199.0,222.0,235.0,248.0,297.0,340.0,2784,1768
181.0,202.0,221.0,233.0,244.0,264.0,336.0,2765,1779
183.0,204.0,222.0,233.0,244.0,262.0,328.0,2775,1827
182.0,201.0,219.0,230.0,242.0,262.0,331.0,2773,1851
183.0,203.0,221.0,233.0,245.0,270.0,337.0,2784,1880
180.0,203.0,223.0,236.0,247.0,274.0,334.0,2787,1918
179.0,202.0,222.0,234.0,246.0,272.0,332.0,2779,1949
185.0,204.0,220.0,230.0,241.0,260.0,327.0,2775,1976
182.0,204.0,222.0,232.0,243.0,262.0,329.0,2761,1998
183.0,204.0,222.0,233.0,243.0,261.0,321.0,2778,2028
176.0,200.0,223.0,236.0,248.0,274.0,329.0,2766,2063
177.0,200.0,222.0,235.0,246.0,268.0,328.0,2762,2086
171.0,195.0,220.0,234.0,247.0,273.0,331.0,2783,2107
181.0,205.0,224.0,235.0,246.0,265.0,313.0,2760,2159
179.0,206.0,225.0,236.0,247.0,266.0,317.0,2776,2166
172.0,203.0,222.0,233.0,245.0,267.0,317.0,2788,2204
173.0,203.0,222.0,233.0,244.0,262.0,316.0,2777,2227
169.0,198.0,219.0,231.0,243.0,264.0,305.0,2777,2275
177.0,205.0,223.0,234.0,246.0,268.0,319.0,2761,2297
167.0,206.0,224.0,235.0,247.0,271.0,325.0,2768,2310
184.0,207.0,225.0,236.0,248.0,268.0,325.0,2777,2360
182.0,207.0,225.0,236.0,247.0,269.0,326.0,2767,2389
164.0,203.0,225.0,237.0,250.0,278.0,326.0,2768,2428
150.0,206.0,226.0,238.0,251.0,282.0,329.0,2779,2459
178.0,204.0,223.0,234.0,246.0,271.0,321.0,2777,2468
182.0,206.0,222.0,233.0,245.0,268.0,326.0,2781,2509
183.0,206.0,224.0,235.0,247.0,271.0,325.0,2786,2535
169.0,203.0,225.0,238.0,253.0,286.0,330.0,2772,2568
170.0,202.0,224.0,238.0,253.0,294.0,337.0,2780,2608
167.0,206.0,229.0,242.0,257.0,293.0,328.0,2782,2613
171.0,201.0,221.0,234.0,248.0,279.0,320.0,2784,2669
174.0,203.0,221.0,232.0,245.0,270.0,322.0,2774,2673
175.0,205.0,224.0,236.0,249.0,278.0,325.0,2776,2724
180.0,204.0,221.0,233.0,245.0,271.0,322.0,2782,2737
175.0,204.0,224.0,236.0,249.0,283.0,332.0,2771,2766
186.0,207.0,225.0,236.0,248.0,273.0,325.0,2781,2805
177.0,205.0,222.0,233.0,245.0,271.0,331.0,2770,2837
181.0,206.0,223.0,235.0,248.0,276.0,330.0,2766,2851
180.0,205.0,222.0,234.0,246.0,275.0,327.0,2763,2896
182.0,205.0,221.0,232.0,245.0,274.0,322.0,2785,2930
183.0,206.0,222.0,232.0,245.0,275.0,327.0,2763,2941
184.0,207.0,224.0,236.0,249.0,282.0,333.0,2766,2996
180.0,207.0,226.0,239.0,252.0,292.0,337.0,2767,3009
185.0,207.0,226.0,239.0,252.0,286.0,333.0,2777,3030
184.0,208.0,227.0,240.0,254.0,298.0,338.0,2775,3078
186.0,208.0,225.0,237.0,249.0,286.0,337.0,2767,3118
186.0,207.0,225.0,236.0,248.0,283.0,339.0,2763,3121
178.0,205.0,222.0,235.0,247.0,272.0,324.0,2786,3172
179.0,204.0,221.0,233.0,247.0,273.0,323.0,2778,3189
178.0,205.0,224.0,237.0,249.0,280.0,332.0,2777,3222
175.0,203.0,223.0,235.0,248.0,281.0,331.0,2772,3244
181.0,206.0,225.0,236.0,247.0,272.0,334.0,2761,3277
178.0,207.0,226.0,239.0,251.0,274.0,334.0,2765,3302
177.0,203.0,223.0,236.0,250.0,276.0,338.0,2782,3332
179.0,206.0,225.0,237.0,249.0,275.0,320.0,2809,2
184.0,208.0,225.0,236.0,247.0,266.0,313.0,2791,50
177.0,204.0,223.0,235.0,246.0,270.0,323.0,2812,65
181.0,206.0,224.0,236.0,248.0,272.0,322.0,2795,95
187.0,210.0,227.0,237.0,247.0,266.0,312.0,2796,127
182.0,209.0,227.0,237.0,248.0,269.0,318.0,2800,162
187.0,207.0,224.0,234.0,244.0,263.0,313.0,2799,196
185.0,205.0,222.0,233.0,244.0,264.0,318.0,2803,233
185.0,206.0,222.0,233.0,244.0,265.0,318.0,2817,256
185.0,211.0,230.0,241.0,253.0,277.0,320.0,2802,296
183.0,208.0,226.0,238.0,250.0,273.0,320.0,2817,326
181.0,207.0,225.0,237.0,248.0,268.0,317.0,2812,350
179.0,206.0,226.0,237.0,249.0,272.0,317.0,2804,368
179.0,206.0,225.0,236.0,248.0,271.0,317.0,2809,413
180.0,207.0,226.0,238.0,251.0,276.0,317.0,2804,427
177.0,206.0,225.0,237.0,250.0,276.0,321.0,2812,454
180.0,209.0,229.0,240.0,253.0,280.0,325.0,2791,497
184.0,213.0,232.0,243.0,255.0,282.0,327.0,2799,513
191.0,211.0,227.0,237.0,246.0,265.0,310.0,2804,558
187.0,210.0,226.0,236.0,246.0,267.0,315.0,2794,577
186.0,207.0,224.0,235.0,247.0,271.0,318.0,2790,608
179.0,204.0,223.0,235.0,249.0,278.0,320.0,2790,631
182.0,207.0,224.0,235.0,246.0,269.0,325.0,2790,662
187.0,208.0,225.0,236.0,247.0,269.0,323.0,2794,714
188.0,210.0,227.0,238.0,249.0,271.0,322.0,2814,738
187.0,208.0,225.0,237.0,248.0,274.0,324.0,2809,764
193.0,210.0,226.0,236.0,246.0,265.0,307.0,2798,808
191.0,210.0,226.0,237.0,248.0,268.0,313.0,2791,813
174.0,208.0,229.0,243.0,258.0,291.0,328.0,2800,857
178.0,209.0,229.0,242.0,256.0,289.0,327.0,2815,887
183.0,212.0,232.0,245.0,259.0,290.0,334.0,2796,923
185.0,212.0,233.0,246.0,262.0,296.0,334.0,2807,951
184.0,211.0,230.0,243.0,257.0,291.0,331.0,2794,965
177.0,210.0,230.0,243.0,257.0,285.0,325.0,2804,1012
181.0,211.0,229.0,240.0,252.0,279.0,325.0,2816,1036
181.0,212.0,230.0,241.0,253.0,279.0,328.0,2800,1068
182.0,211.0,230.0,240.0,251.0,273.0,324.0,2803,1097
188.0,211.0,229.0,239.0,249.0,269.0,330.0,2810,1131
185.0,209.0,227.0,238.0,250.0,275.0,323.0,2802,1145
180.0,209.0,228.0,239.0,251.0,276.0,326.0,2811,1184
177.0,205.0,228.0,241.0,253.0,291.0,330.0,2814,1219
183.0,208.0,226.0,237.0,249.0,271.0,322.0,2819,1238
173.0,205.0,226.0,238.0,251.0,282.0,328.0,2810,1274
185.0,212.0,231.0,242.0,252.0,279.0,326.0,2817,1314
175.0,210.0,229.0,241.0,253.0,285.0,329.0,2811,1347
173.0,208.0,230.0,242.0,254.0,289.0,335.0,2801,1360
178.0,205.0,224.0,235.0,246.0,270.0,327.0,2792,1401
182.0,206.0,224.0,234.0,245.0,265.0,331.0,2818,1412
173.0,202.0,222.0,234.0,245.0,269.0,329.0,2803,1466
180.0,203.0,221.0,232.0,244.0,268.0,325.0,2811,1479
174.0,204.0,224.0,237.0,249.0,279.0,325.0,2797,1520
179.0,203.0,223.0,236.0,248.0,274.0,324.0,2802,1545
180.0,204.0,222.0,234.0,245.0,271.0,330.0,2816,1563
185.0,208.0,226.0,236.0,247.0,267.0,324.0,2812,1608
183.0,204.0,221.0,232.0,243.0,264.0,324.0,2810,1639
180.0,206.0,226.0,237.0,249.0,275.0,329.0,2791,1679
179.0,205.0,224.0,236.0,248.0,274.0,328.0,2802,1683
177.0,200.0,223.0,237.0,251.0,296.0,335.0,2796,1726
177.0,206.0,225.0,237.0,248.0,272.0,332.0,2817,1740
181.0,202.0,220.0,231.0,242.0,263.0,331.0,2797,1792
179.0,203.0,224.0,236.0,248.0,272.0,337.0,2809,1808
178.0,203.0,223.0,235.0,246.0,268.0,332.0,2816,1844
179.0,201.0,221.0,233.0,245.0,269.0,335.0,2792,1887
181.0,203.0,221.0,233.0,244.0,265.0,331.0,2814,1901
180.0,203.0,222.0,234.0,246.0,270.0,332.0,2809,1928
182.0,204.0,224.0,236.0,247.0,269.0,325.0,2797,1978
182.0,205.0,226.0,237.0,249.0,273.0,329.0,2810,1981
182.0,204.0,222.0,233.0,244.0,263.0,323.0,2791,2027
177.0,199.0,220.0,233.0,245.0,270.0,332.0,2805,2065
174.0,198.0,219.0,232.0,245.0,272.0,333.0,2817,2086
175.0,198.0,220.0,233.0,246.0,277.0,333.0,2790,2125
185.0,205.0,223.0,234.0,245.0,265.0,320.0,2793,2156
182.0,207.0,225.0,236.0,247.0,266.0,319.0,2795,2188
187.0,208.0,225.0,235.0,245.0,262.0,312.0,2816,2218
186.0,207.0,224.0,234.0,244.0,262.0,318.0,2806,2224
163.0,192.0,216.0,228.0,240.0,262.0,305.0,2801,2278
166.0,208.0,227.0,238.0,249.0,273.0,327.0,2796,2305
172.0,200.0,221.0,232.0,244.0,267.0,314.0,2808,2327
181.0,206.0,225.0,236.0,248.0,270.0,327.0,2795,2350
171.0,204.0,223.0,234.0,246.0,270.0,319.0,2795,2395
172.0,206.0,225.0,236.0,248.0,274.0,319.0,2811,2401
185.0,207.0,223.0,234.0,245.0,267.0,319.0,2812,2448
185.0,205.0,222.0,233.0,243.0,265.0,320.0,2811,2482
187.0,206.0,223.0,233.0,244.0,266.0,319.0,2805,2503
182.0,206.0,224.0,235.0,247.0,269.0,311.0,2803,2541
180.0,206.0,225.0,236.0,249.0,274.0,329.0,2797,2554
177.0,205.0,226.0,238.0,250.0,280.0,329.0,2810,2581
170.0,202.0,222.0,233.0,246.0,271.0,315.0,2816,2628
164.0,200.0,220.0,231.0,244.0,271.0,318.0,2814,2660
171.0,200.0,220.0,232.0,245.0,271.0,311.0,2793,2677
176.0,207.0,226.0,238.0,250.0,277.0,332.0,2811,2704
179.0,204.0,223.0,234.0,247.0,277.0,329.0,2796,2756
179.0,205.0,224.0,236.0,248.0,280.0,331.0,2799,2764
184.0,206.0,223.0,234.0,246.0,271.0,320.0,2800,2806
176.0,205.0,224.0,237.0,249.0,278.0,332.0,2799,2832
177.0,206.0,224.0,235.0,248.0,277.0,333.0,2804,2876
180.0,205.0,223.0,234.0,246.0,272.0,325.0,2806,2895
179.0,203.0,220.0,231.0,243.0,272.0,330.0,2810,2919
184.0,205.0,221.0,232.0,245.0,271.0,323.0,2791,2953
183.0,207.0,226.0,237.0,251.0,283.0,334.0,2811,2990
189.0,207.0,223.0,235.0,247.0,280.0,330.0,2800,3023
187.0,206.0,223.0,235.0,249.0,281.0,329.0,2816,3058
186.0,206.0,223.0,235.0,249.0,281.0,328.0,2815,3063
177.0,204.0,223.0,235.0,249.0,290.0,334.0,2819,3092
174.0,204.0,223.0,236.0,249.0,280.0,329.0,2796,3126
182.0,204.0,222.0,233.0,246.0,273.0,327.0,2799,3178
177.0,201.0,220.0,232.0,245.0,271.0,319.0,2809,3190
174.0,204.0,223.0,236.0,249.0,282.0,335.0,2800,3213
184.0,207.0,226.0,238.0,250.0,274.0,331.0,2810,3262
178.0,205.0,225.0,238.0,251.0,276.0,335.0,2798,3297
171.0,204.0,224.0,237.0,251.0,275.0,332.0,2795,3317
178.0,204.0,225.0,238.0,253.0,275.0,334.0,2790,3331
186.0,210.0,227.0,237.0,248.0,269.0,316.0,2843,13
178.0,214.0,232.0,243.0,255.0,281.0,323.0,2849,40
179.0,204.0,223.0,235.0,246.0,269.0,323.0,2844,86
182.0,205.0,222.0,233.0,244.0,266.0,320.0,2821,101
185.0,211.0,228.0,238.0,250.0,272.0,319.0,2828,136
186.0,210.0,228.0,240.0,254.0,283.0,324.0,2831,160
175.0,205.0,227.0,239.0,251.0,276.0,321.0,2837,193
173.0,199.0,222.0,236.0,249.0,275.0,321.0,2843,219
182.0,207.0,226.0,237.0,248.0,271.0,321.0,2826,252
181.0,208.0,228.0,240.0,253.0,285.0,324.0,2847,291
179.0,208.0,228.0,240.0,252.0,277.0,320.0,2820,309
186.0,211.0,228.0,239.0,250.0,271.0,316.0,2828,357
188.0,209.0,226.0,236.0,247.0,267.0,313.0,2826,374
177.0,211.0,232.0,246.0,263.0,297.0,327.0,2846,394
175.0,208.0,229.0,242.0,258.0,292.0,323.0,2833,429
181.0,209.0,227.0,239.0,251.0,275.0,322.0,2823,461
185.0,208.0,224.0,235.0,247.0,271.0,320.0,2845,484
181.0,215.0,235.0,247.0,261.0,290.0,325.0,2849,526
185.0,212.0,229.0,239.0,250.0,272.0,318.0,2847,562
177.0,208.0,228.0,240.0,253.0,290.0,324.0,2828,583
175.0,204.0,225.0,238.0,252.0,283.0,325.0,2844,618
180.0,206.0,225.0,238.0,251.0,280.0,318.0,2831,650
175.0,201.0,224.0,239.0,255.0,289.0,324.0,2835,685
179.0,205.0,226.0,239.0,253.0,286.0,327.0,2839,692
186.0,207.0,225.0,236.0,248.0,272.0,322.0,2829,727
171.0,205.0,230.0,247.0,270.0,305.0,335.0,2849,779
185.0,210.0,230.0,242.0,255.0,288.0,331.0,2835,802
177.0,210.0,233.0,246.0,261.0,295.0,335.0,2838,812
177.0,210.0,233.0,248.0,265.0,299.0,337.0,2846,844
179.0,210.0,231.0,243.0,258.0,289.0,331.0,2839,897
179.0,210.0,230.0,243.0,257.0,289.0,334.0,2829,917
184.0,213.0,234.0,248.0,265.0,300.0,343.0,2833,956
184.0,212.0,232.0,245.0,261.0,295.0,339.0,2830,977
177.0,208.0,228.0,242.0,257.0,289.0,329.0,2849,995
180.0,211.0,229.0,241.0,253.0,278.0,328.0,2826,1048
179.0,211.0,231.0,242.0,255.0,282.0,329.0,2828,1058
156.0,211.0,231.0,242.0,253.0,280.0,329.0,2824,1105
186.0,211.0,229.0,239.0,250.0,271.0,322.0,2826,1120
173.0,206.0,226.0,238.0,250.0,280.0,329.0,2842,1158
179.0,208.0,227.0,238.0,251.0,277.0,327.0,2831,1191
183.0,208.0,227.0,238.0,249.0,271.0,323.0,2827,1200
176.0,207.0,224.0,236.0,247.0,271.0,316.0,2841,1241
179.0,207.0,229.0,240.0,252.0,280.0,328.0,2836,1273
180.0,211.0,230.0,241.0,253.0,290.0,329.0,2835,1305
183.0,207.0,225.0,237.0,249.0,275.0,333.0,2844,1322
179.0,210.0,229.0,239.0,250.0,272.0,328.0,2844,1368
181.0,213.0,232.0,242.0,254.0,285.0,334.0,2829,1381
182.0,209.0,226.0,237.0,247.0,267.0,326.0,2842,1412
180.0,204.0,223.0,235.0,246.0,271.0,333.0,2843,1452
181.0,206.0,225.0,236.0,246.0,267.0,336.0,2841,1489
189.0,207.0,222.0,232.0,242.0,260.0,322.0,2840,1527
183.0,208.0,227.0,238.0,249.0,276.0,337.0,2821,1531
189.0,206.0,222.0,233.0,243.0,262.0,324.0,2830,1574
188.0,208.0,226.0,236.0,246.0,266.0,328.0,2821,1590
185.0,208.0,226.0,237.0,248.0,273.0,332.0,2848,1624
185.0,206.0,224.0,235.0,246.0,268.0,331.0,2846,1668
183.0,207.0,226.0,237.0,248.0,272.0,328.0,2843,1687
179.0,206.0,226.0,237.0,248.0,271.0,330.0,2821,1729
175.0,205.0,224.0,236.0,247.0,267.0,320.0,2831,1745
183.0,206.0,224.0,235.0,246.0,267.0,325.0,2827,1781
177.0,203.0,225.0,237.0,249.0,278.0,335.0,2842,1806
179.0,202.0,223.0,235.0,246.0,270.0,332.0,2846,1831
178.0,201.0,219.0,231.0,242.0,263.0,325.0,2820,1877
180.0,202.0,219.0,230.0,241.0,262.0,328.0,2822,1892
180.0,204.0,224.0,236.0,246.0,268.0,327.0,2839,1939
184.0,205.0,222.0,233.0,244.0,265.0,325.0,2834,1976
183.0,204.0,222.0,233.0,244.0,265.0,327.0,2841,1982
177.0,203.0,222.0,234.0,245.0,265.0,321.0,2832,2029
182.0,204.0,223.0,234.0,246.0,267.0,330.0,2831,2065
171.0,198.0,220.0,233.0,246.0,275.0,336.0,2832,2098
174.0,199.0,221.0,234.0,246.0,274.0,333.0,2830,2106
174.0,199.0,222.0,234.0,246.0,270.0,333.0,2833,2158
178.0,206.0,226.0,237.0,248.0,269.0,324.0,2837,2175
181.0,206.0,224.0,236.0,247.0,269.0,316.0,2835,2205
182.0,206.0,224.0,235.0,246.0,267.0,320.0,2822,2245
115.0,188.0,219.0,234.0,249.0,279.0,323.0,2832,2271
179.0,206.0,223.0,234.0,245.0,265.0,315.0,2825,2307
176.0,204.0,223.0,234.0,245.0,266.0,321.0,2845,2337
180.0,205.0,224.0,235.0,246.0,268.0,313.0,2825,2354
184.0,205.0,222.0,233.0,244.0,265.0,316.0,2839,2399
185.0,205.0,222.0,233.0,244.0,265.0,312.0,2828,2402
185.0,205.0,222.0,232.0,244.0,266.0,320.0,2835,2439
184.0,206.0,223.0,234.0,246.0,268.0,323.0,2836,2465
184.0,205.0,223.0,234.0,245.0,268.0,327.0,2841,2502
170.0,202.0,222.0,233.0,246.0,272.0,320.0,2835,2547
172.0,206.0,226.0,237.0,249.0,273.0,328.0,2827,2571
176.0,207.0,226.0,238.0,250.0,279.0,331.0,2835,2599
174.0,202.0,222.0,234.0,248.0,274.0,312.0,2837,2628
167.0,205.0,224.0,235.0,248.0,274.0,322.0,2840,2657
180.0,206.0,224.0,235.0,247.0,271.0,324.0,2848,2677
178.0,204.0,222.0,233.0,247.0,272.0,321.0,2841,2727
180.0,204.0,221.0,232.0,245.0,274.0,330.0,2831,2740
183.0,205.0,222.0,233.0,246.0,275.0,329.0,2830,2761
182.0,206.0,224.0,235.0,247.0,276.0,330.0,2843,2818
179.0,205.0,224.0,236.0,248.0,276.0,330.0,2830,2824
181.0,207.0,225.0,236.0,248.0,272.0,325.0,2838,2858
179.0,205.0,223.0,235.0,247.0,276.0,327.0,2841,2888
181.0,205.0,223.0,235.0,248.0,279.0,323.0,2832,2913
181.0,204.0,220.0,231.0,243.0,271.0,330.0,2831,2944
175.0,205.0,225.0,237.0,250.0,282.0,332.0,2843,2981
180.0,209.0,228.0,239.0,252.0,285.0,330.0,2843,3013
185.0,204.0,220.0,231.0,245.0,276.0,322.0,2838,3053
180.0,204.0,221.0,233.0,247.0,278.0,335.0,2836,3071
180.0,204.0,224.0,236.0,249.0,283.0,332.0,2834,3113
187.0,207.0,225.0,236.0,248.0,278.0,334.0,2844,3132
179.0,204.0,224.0,236.0,249.0,277.0,333.0,2839,3174
180.0,205.0,224.0,236.0,250.0,284.0,332.0,2833,3198
183.0,205.0,224.0,237.0,250.0,278.0,335.0,2830,3238
182.0,206.0,225.0,237.0,250.0,276.0,331.0,2838,3243
180.0,204.0,224.0,236.0,249.0,273.0,330.0,2837,3285
181.0,204.0,224.0,236.0,249.0,271.0,330.0,2830,3303
176.0,202.0,221.0,234.0,247.0,267.0,294.0,2828,3332
180.0,211.0,231.0,242.0,254.0,280.0,322.0,2860,3
179.0,212.0,230.0,240.0,251.0,273.0,321.0,2860,36
180.0,210.0,229.0,241.0,253.0,281.0,324.0,2856,78
179.0,203.0,223.0,235.0,246.0,269.0,317.0,2850,101
182.0,207.0,226.0,237.0,249.0,274.0,314.0,2872,121
176.0,205.0,226.0,240.0,255.0,289.0,326.0,2860,175
178.0,210.0,229.0,240.0,252.0,278.0,321.0,2851,185
178.0,209.0,229.0,241.0,253.0,278.0,320.0,2862,223
180.0,205.0,225.0,238.0,250.0,278.0,326.0,2879,246
183.0,209.0,227.0,239.0,251.0,276.0,320.0,2859,278
179.0,207.0,226.0,238.0,251.0,276.0,325.0,2851,319
180.0,208.0,227.0,238.0,250.0,273.0,322.0,2860,336
179.0,208.0,227.0,240.0,254.0,284.0,320.0,2851,385
177.0,211.0,233.0,247.0,264.0,296.0,327.0,2852,401
182.0,208.0,226.0,238.0,250.0,273.0,321.0,2858,444
183.0,208.0,226.0,238.0,250.0,275.0,321.0,2869,479
184.0,208.0,225.0,237.0,249.0,272.0,320.0,2850,483
180.0,212.0,230.0,242.0,256.0,286.0,323.0,2852,539
178.0,208.0,229.0,243.0,260.0,293.0,326.0,2859,541
177.0,210.0,229.0,242.0,255.0,285.0,325.0,2864,574
185.0,210.0,228.0,240.0,253.0,278.0,321.0,2866,611
169.0,198.0,223.0,240.0,260.0,296.0,327.0,2856,654
174.0,207.0,231.0,245.0,261.0,291.0,329.0,2871,671
170.0,204.0,229.0,245.0,264.0,299.0,331.0,2866,715
173.0,201.0,226.0,241.0,260.0,301.0,331.0,2864,722
175.0,203.0,228.0,245.0,266.0,309.0,340.0,2873,757
181.0,214.0,236.0,250.0,266.0,300.0,335.0,2870,799
178.0,213.0,237.0,251.0,267.0,299.0,336.0,2869,834
178.0,212.0,234.0,248.0,264.0,297.0,334.0,2866,850
177.0,212.0,234.0,247.0,264.0,297.0,341.0,2865,876
182.0,212.0,233.0,245.0,259.0,288.0,337.0,2875,905
179.0,212.0,231.0,243.0,257.0,286.0,333.0,2878,951
183.0,212.0,232.0,244.0,259.0,289.0,332.0,2859,978
178.0,210.0,229.0,242.0,257.0,287.0,323.0,2877,994
180.0,210.0,229.0,241.0,253.0,279.0,322.0,2857,1035
173.0,208.0,228.0,240.0,254.0,283.0,326.0,2879,1078
172.0,210.0,231.0,242.0,255.0,282.0,322.0,2863,1081
152.0,209.0,229.0,240.0,252.0,278.0,323.0,2875,1139
130.0,202.0,223.0,236.0,250.0,280.0,322.0,2876,1164
155.0,205.0,225.0,237.0,250.0,276.0,321.0,2867,1183
149.0,199.0,224.0,237.0,252.0,281.0,322.0,2872,1216
173.0,207.0,226.0,237.0,248.0,270.0,319.0,2876,1233
177.0,207.0,228.0,239.0,251.0,278.0,324.0,2852,1280
184.0,207.0,225.0,237.0,249.0,278.0,335.0,2860,1314
188.0,207.0,224.0,235.0,247.0,269.0,325.0,2858,1321
183.0,207.0,225.0,237.0,248.0,269.0,324.0,2856,1351
176.0,207.0,227.0,239.0,250.0,285.0,330.0,2851,1405
186.0,207.0,225.0,236.0,247.0,269.0,332.0,2855,1423
181.0,204.0,223.0,234.0,246.0,277.0,338.0,2862,1455
176.0,201.0,222.0,235.0,246.0,270.0,336.0,2853,1483
185.0,207.0,225.0,236.0,246.0,268.0,337.0,2869,1516
184.0,207.0,226.0,237.0,247.0,269.0,336.0,2854,1541
185.0,207.0,224.0,235.0,246.0,269.0,333.0,2876,1589
186.0,207.0,223.0,233.0,243.0,263.0,329.0,2856,1603
177.0,206.0,227.0,239.0,250.0,286.0,332.0,2862,1647
177.0,205.0,227.0,238.0,250.0,284.0,329.0,2857,1676
174.0,200.0,225.0,240.0,255.0,305.0,334.0,2865,1693
181.0,204.0,221.0,232.0,243.0,263.0,322.0,2858,1732
176.0,203.0,222.0,233.0,244.0,264.0,324.0,2877,1769
178.0,203.0,221.0,233.0,244.0,265.0,326.0,2874,1773
177.0,203.0,224.0,236.0,247.0,270.0,327.0,2876,1812
174.0,199.0,223.0,237.0,252.0,296.0,334.0,2861,1852
176.0,202.0,221.0,232.0,244.0,267.0,331.0,2872,1873
184.0,206.0,224.0,235.0,245.0,263.0,326.0,2851,1901
178.0,203.0,222.0,234.0,245.0,266.0,323.0,2876,1927
185.0,207.0,225.0,236.0,246.0,266.0,327.0,2855,1959
180.0,204.0,222.0,233.0,244.0,264.0,321.0,2867,1995
181.0,203.0,223.0,235.0,246.0,266.0,319.0,2857,2027
180.0,203.0,221.0,232.0,243.0,261.0,312.0,2877,2048
177.0,201.0,220.0,232.0,244.0,265.0,311.0,2852,2070
181.0,204.0,221.0,232.0,244.0,264.0,317.0,2879,2101
177.0,202.0,220.0,232.0,244.0,265.0,327.0,2869,2142
172.0,198.0,223.0,235.0,247.0,270.0,333.0,2855,2172
167.0,207.0,227.0,238.0,249.0,273.0,327.0,2856,2214
184.0,208.0,225.0,235.0,245.0,262.0,302.0,2871,2246
122.0,205.0,225.0,236.0,248.0,270.0,320.0,2859,2260
119.0,193.0,221.0,235.0,249.0,279.0,322.0,2875,2300
178.0,205.0,225.0,237.0,248.0,272.0,319.0,2875,2332
177.0,206.0,226.0,238.0,249.0,273.0,321.0,2865,2361
187.0,207.0,224.0,235.0,245.0,264.0,315.0,2870,2396
187.0,206.0,222.0,233.0,244.0,265.0,321.0,2877,2423
176.0,205.0,224.0,236.0,249.0,273.0,320.0,2850,2442
186.0,206.0,223.0,234.0,245.0,266.0,320.0,2851,2478
182.0,205.0,222.0,233.0,246.0,268.0,316.0,2863,2490
177.0,206.0,224.0,235.0,247.0,269.0,307.0,2856,2526
171.0,206.0,226.0,239.0,252.0,288.0,338.0,2850,2579
174.0,207.0,226.0,238.0,250.0,280.0,332.0,2861,2589
172.0,204.0,223.0,235.0,248.0,276.0,319.0,2879,2632
179.0,207.0,225.0,236.0,248.0,272.0,329.0,2857,2669
177.0,206.0,223.0,234.0,246.0,270.0,322.0,2869,2676
183.0,207.0,225.0,235.0,246.0,271.0,328.0,2876,2716
177.0,208.0,227.0,239.0,252.0,285.0,335.0,2860,2749
182.0,207.0,225.0,237.0,249.0,277.0,333.0,2856,2764
185.0,205.0,222.0,232.0,245.0,274.0,327.0,2859,2791
176.0,204.0,222.0,233.0,246.0,273.0,326.0,2859,2823
178.0,205.0,224.0,236.0,248.0,280.0,333.0,2870,2862
184.0,207.0,225.0,236.0,249.0,276.0,329.0,2877,2890
179.0,206.0,224.0,235.0,247.0,272.0,321.0,2867,2928
177.0,206.0,225.0,237.0,250.0,281.0,329.0,2864,2960
183.0,207.0,226.0,238.0,250.0,281.0,329.0,2860,2999
181.0,207.0,225.0,237.0,250.0,280.0,335.0,2865,3028
179.0,205.0,223.0,234.0,247.0,278.0,333.0,2862,3055
177.0,205.0,223.0,234.0,247.0,275.0,329.0,2864,3060
187.0,206.0,224.0,236.0,247.0,274.0,330.0,2863,3112
183.0,205.0,224.0,237.0,249.0,281.0,335.0,2861,3131
186.0,206.0,223.0,234.0,246.0,275.0,329.0,2863,3163
175.0,202.0,223.0,236.0,250.0,284.0,334.0,2857,3208
181.0,203.0,221.0,233.0,246.0,277.0,332.0,2861,3218
179.0,205.0,224.0,237.0,250.0,277.0,334.0,2877,3263
184.0,205.0,224.0,235.0,247.0,270.0,326.0,2865,3284
181.0,203.0,220.0,232.0,244.0,265.0,296.0,2867,3319
173.0,202.0,220.0,232.0,245.0,265.0,289.0,2865,3331
186.0,209.0,225.0,236.0,246.0,265.0,312.0,2888,11
181.0,208.0,225.0,236.0,247.0,268.0,317.0,2897,37
179.0,205.0,224.0,235.0,248.0,275.0,326.0,2903,71
181.0,207.0,225.0,237.0,248.0,270.0,320.0,2908,93
178.0,209.0,230.0,241.0,253.0,284.0,326.0,2896,141
188.0,211.0,228.0,238.0,248.0,268.0,318.0,2889,162
176.0,209.0,231.0,245.0,260.0,292.0,327.0,2897,188
181.0,207.0,226.0,237.0,250.0,276.0,321.0,2900,239
183.0,209.0,228.0,240.0,252.0,278.0,321.0,2891,251
182.0,210.0,228.0,240.0,252.0,276.0,321.0,2901,285
191.0,214.0,231.0,241.0,252.0,271.0,314.0,2904,328
179.0,204.0,222.0,233.0,245.0,266.0,322.0,2901,336
178.0,203.0,222.0,233.0,245.0,267.0,314.0,2884,378
185.0,217.0,236.0,248.0,262.0,288.0,321.0,2892,413
178.0,214.0,234.0,246.0,260.0,288.0,323.0,2894,425
183.0,207.0,224.0,235.0,247.0,269.0,319.0,2883,474
185.0,207.0,225.0,236.0,248.0,273.0,320.0,2890,490
182.0,210.0,229.0,242.0,255.0,282.0,320.0,2893,525
178.0,207.0,226.0,239.0,251.0,277.0,321.0,2894,553
189.0,212.0,229.0,239.0,249.0,271.0,316.0,2882,598
184.0,211.0,229.0,239.0,250.0,272.0,321.0,2884,618
186.0,213.0,233.0,245.0,257.0,281.0,327.0,2900,651
183.0,211.0,231.0,244.0,259.0,288.0,331.0,2888,673
182.0,209.0,228.0,240.0,253.0,282.0,328.0,2899,690
176.0,206.0,229.0,243.0,257.0,296.0,331.0,2887,736
179.0,207.0,227.0,240.0,253.0,285.0,327.0,2889,753
186.0,214.0,235.0,250.0,266.0,299.0,336.0,2892,801
178.0,212.0,234.0,249.0,265.0,301.0,340.0,2894,817
179.0,209.0,230.0,243.0,259.0,297.0,342.0,2894,860
181.0,212.0,233.0,246.0,261.0,299.0,344.0,2883,872
177.0,210.0,230.0,243.0,258.0,292.0,339.0,2888,922
179.0,206.0,224.0,236.0,249.0,278.0,324.0,2889,952
187.0,209.0,225.0,236.0,247.0,270.0,323.0,2904,967
191.0,212.0,228.0,239.0,250.0,271.0,320.0,2908,991
186.0,210.0,226.0,237.0,248.0,271.0,320.0,2884,1025
183.0,210.0,227.0,238.0,251.0,276.0,326.0,2889,1067
181.0,212.0,229.0,240.0,251.0,277.0,319.0,2886,1093
170.0,210.0,229.0,240.0,252.0,279.0,325.0,2892,1128
171.0,207.0,225.0,237.0,250.0,276.0,314.0,2885,1164
139.0,208.0,227.0,239.0,250.0,276.0,322.0,2900,1181
174.0,208.0,227.0,238.0,250.0,280.0,330.0,2895,1220
177.0,208.0,228.0,240.0,251.0,279.0,326.0,2893,1256
176.0,205.0,227.0,240.0,253.0,295.0,333.0,2886,1261
180.0,208.0,227.0,238.0,250.0,278.0,333.0,2904,1308
181.0,210.0,229.0,239.0,250.0,273.0,327.0,2886,1329
174.0,210.0,229.0,239.0,250.0,271.0,327.0,2896,1367
186.0,213.0,232.0,243.0,254.0,287.0,337.0,2897,1405
180.0,211.0,231.0,242.0,253.0,283.0,338.0,2897,1421
185.0,208.0,226.0,237.0,247.0,267.0,330.0,2908,1452
190.0,210.0,226.0,236.0,246.0,264.0,329.0,2901,1470
183.0,206.0,224.0,235.0,246.0,268.0,332.0,2899,1506
186.0,206.0,223.0,233.0,243.0,262.0,338.0,2884,1534
185.0,206.0,226.0,237.0,248.0,279.0,333.0,2898,1569
183.0,208.0,228.0,239.0,249.0,275.0,327.0,2907,1613
180.0,208.0,227.0,238.0,249.0,274.0,329.0,2880,1649
169.0,203.0,228.0,240.0,253.0,299.0,335.0,2886,1663
174.0,201.0,227.0,240.0,255.0,295.0,332.0,2905,1690
169.0,202.0,225.0,237.0,250.0,282.0,327.0,2898,1734
176.0,205.0,224.0,234.0,245.0,264.0,327.0,2885,1758
180.0,205.0,224.0,235.0,245.0,264.0,320.0,2894,1786
177.0,203.0,221.0,232.0,244.0,264.0,327.0,2885,1808
180.0,203.0,224.0,236.0,247.0,271.0,327.0,2890,1837
177.0,200.0,222.0,234.0,246.0,272.0,332.0,2902,1869
179.0,203.0,224.0,235.0,247.0,270.0,330.0,2880,1913
176.0,200.0,221.0,234.0,246.0,267.0,320.0,2897,1948
174.0,200.0,222.0,234.0,245.0,265.0,313.0,2904,1960
175.0,201.0,222.0,233.0,245.0,264.0,314.0,2888,1989
182.0,204.0,222.0,234.0,245.0,264.0,306.0,2887,2036
183.0,204.0,221.0,232.0,243.0,263.0,320.0,2901,2068
182.0,204.0,222.0,233.0,244.0,263.0,314.0,2889,2088
180.0,203.0,221.0,233.0,244.0,263.0,315.0,2884,2124
181.0,204.0,222.0,233.0,245.0,264.0,322.0,2890,2133
176.0,203.0,222.0,234.0,246.0,268.0,319.0,2904,2176
179.0,203.0,222.0,234.0,246.0,267.0,308.0,2902,2213
182.0,208.0,226.0,237.0,247.0,267.0,315.0,2908,2238
167.0,200.0,222.0,234.0,245.0,268.0,322.0,2887,2259
171.0,202.0,222.0,234.0,246.0,268.0,313.0,2899,2302
177.0,205.0,225.0,237.0,249.0,274.0,324.0,2881,2325
178.0,206.0,225.0,236.0,247.0,267.0,311.0,2887,2353
185.0,207.0,224.0,235.0,246.0,265.0,310.0,2883,2383
184.0,205.0,221.0,232.0,243.0,263.0,309.0,2902,2408
178.0,208.0,226.0,238.0,249.0,271.0,321.0,2903,2441
182.0,208.0,226.0,238.0,249.0,273.0,315.0,2887,2479
181.0,207.0,225.0,236.0,248.0,271.0,313.0,2891,2501
184.0,208.0,225.0,236.0,247.0,269.0,315.0,2885,2531
179.0,207.0,226.0,237.0,249.0,276.0,332.0,2889,2567
175.0,208.0,227.0,239.0,252.0,282.0,334.0,2906,2596
175.0,207.0,226.0,237.0,249.0,273.0,323.0,2902,2631
170.0,201.0,219.0,230.0,243.0,267.0,310.0,2888,2643
182.0,211.0,229.0,240.0,251.0,274.0,326.0,2896,2683
180.0,209.0,226.0,237.0,248.0,274.0,325.0,2909,2720
180.0,207.0,224.0,235.0,248.0,275.0,328.0,2891,2740
179.0,205.0,224.0,235.0,247.0,276.0,326.0,2895,2760
181.0,207.0,225.0,236.0,248.0,275.0,327.0,2883,2812
180.0,205.0,222.0,234.0,245.0,270.0,328.0,2900,2830
174.0,206.0,226.0,238.0,251.0,287.0,335.0,2884,2852
178.0,205.0,223.0,234.0,247.0,277.0,323.0,2907,2907
178.0,207.0,227.0,239.0,252.0,288.0,333.0,2882,2936
181.0,205.0,223.0,234.0,246.0,273.0,323.0,2908,2948
181.0,206.0,224.0,236.0,248.0,278.0,325.0,2898,2992
177.0,205.0,224.0,236.0,249.0,278.0,332.0,2890,3008
176.0,205.0,224.0,237.0,251.0,289.0,336.0,2883,3059
172.0,205.0,226.0,238.0,253.0,293.0,335.0,2890,3074
183.0,207.0,226.0,238.0,251.0,283.0,330.0,2907,3098
180.0,203.0,223.0,236.0,250.0,283.0,331.0,2882,3134
181.0,204.0,221.0,232.0,244.0,273.0,324.0,2886,3160
183.0,205.0,223.0,235.0,247.0,282.0,332.0,2901,3188
182.0,205.0,223.0,235.0,247.0,276.0,332.0,2882,3218
180.0,205.0,223.0,235.0,248.0,279.0,331.0,2894,3247
185.0,205.0,222.0,234.0,247.0,269.0,318.0,2899,3290
183.0,204.0,222.0,234.0,247.0,267.0,305.0,2884,3303
179.0,204.0,223.0,235.0,248.0,271.0,327.0,2905,3331
179.0,209.0,229.0,241.0,253.0,279.0,321.0,2922,21
180.0,209.0,228.0,239.0,250.0,276.0,324.0,2929,46
179.0,211.0,230.0,242.0,254.0,280.0,324.0,2934,82
180.0,207.0,226.0,238.0,249.0,275.0,324.0,2922,94
177.0,208.0,229.0,241.0,252.0,281.0,322.0,2913,137
180.0,207.0,226.0,238.0,251.0,276.0,321.0,2935,178
179.0,205.0,226.0,238.0,251.0,277.0,325.0,2915,207
178.0,209.0,229.0,241.0,255.0,283.0,325.0,2922,229
180.0,206.0,225.0,236.0,247.0,271.0,323.0,2921,259
181.0,204.0,222.0,234.0,246.0,272.0,323.0,2922,284
177.0,207.0,227.0,238.0,251.0,276.0,321.0,2912,301
183.0,207.0,225.0,236.0,248.0,271.0,324.0,2939,359
193.0,213.0,229.0,239.0,249.0,267.0,307.0,2922,379
195.0,215.0,231.0,241.0,251.0,270.0,313.0,2931,401
186.0,206.0,222.0,233.0,245.0,265.0,320.0,2938,449
189.0,208.0,224.0,235.0,245.0,264.0,313.0,2932,468
186.0,208.0,225.0,236.0,246.0,267.0,318.0,2935,488
188.0,208.0,224.0,234.0,245.0,265.0,311.0,2910,513
184.0,210.0,228.0,239.0,251.0,274.0,320.0,2929,558
179.0,211.0,232.0,246.0,261.0,293.0,325.0,2919,580
177.0,209.0,230.0,244.0,259.0,292.0,328.0,2920,606
189.0,213.0,231.0,243.0,254.0,277.0,320.0,2919,647
191.0,213.0,229.0,240.0,251.0,274.0,320.0,2934,682
181.0,208.0,231.0,243.0,257.0,291.0,325.0,2933,713
181.0,208.0,227.0,238.0,250.0,277.0,319.0,2915,745
184.0,211.0,229.0,240.0,252.0,278.0,322.0,2912,757
176.0,206.0,228.0,243.0,261.0,300.0,340.0,2928,786
181.0,208.0,227.0,242.0,258.0,293.0,343.0,2914,822
179.0,209.0,229.0,242.0,258.0,299.0,345.0,2913,862
181.0,209.0,229.0,242.0,258.0,295.0,338.0,2936,883
180.0,209.0,230.0,243.0,259.0,299.0,343.0,2914,901
179.0,211.0,232.0,244.0,259.0,290.0,331.0,2912,942
187.0,210.0,228.0,239.0,252.0,278.0,331.0,2919,978
182.0,205.0,222.0,233.0,245.0,268.0,325.0,2930,1017
183.0,207.0,224.0,235.0,247.0,271.0,318.0,2914,1037
177.0,209.0,227.0,240.0,252.0,279.0,322.0,2911,1061
170.0,209.0,230.0,243.0,257.0,287.0,323.0,2917,1104
180.0,208.0,226.0,237.0,249.0,274.0,321.0,2934,1116
177.0,207.0,224.0,236.0,248.0,273.0,312.0,2917,1155
168.0,208.0,226.0,237.0,249.0,273.0,322.0,2914,1174
173.0,204.0,228.0,240.0,252.0,287.0,332.0,2931,1226
174.0,206.0,227.0,239.0,251.0,280.0,332.0,2915,1233
170.0,208.0,228.0,240.0,252.0,280.0,332.0,2926,1268
179.0,210.0,227.0,238.0,248.0,269.0,328.0,2912,1297
186.0,208.0,224.0,235.0,245.0,264.0,316.0,2927,1324
185.0,210.0,228.0,239.0,250.0,273.0,329.0,2916,1357
177.0,210.0,230.0,241.0,253.0,283.0,330.0,2921,1396
183.0,212.0,231.0,241.0,252.0,281.0,332.0,2918,1415
180.0,210.0,231.0,242.0,253.0,283.0,327.0,2922,1441
183.0,208.0,228.0,239.0,250.0,274.0,325.0,2936,1494
185.0,211.0,228.0,238.0,248.0,272.0,327.0,2917,1501
184.0,208.0,226.0,237.0,247.0,268.0,331.0,2933,1552
187.0,211.0,229.0,239.0,248.0,267.0,328.0,2937,1569
183.0,203.0,219.0,229.0,239.0,257.0,290.0,2933,1598
179.0,206.0,228.0,239.0,250.0,274.0,334.0,2939,1640
175.0,204.0,229.0,241.0,252.0,287.0,332.0,2930,1675
181.0,207.0,227.0,239.0,249.0,276.0,335.0,2915,1701
179.0,207.0,226.0,237.0,247.0,270.0,330.0,2920,1724
178.0,203.0,223.0,235.0,246.0,269.0,328.0,2918,1755
176.0,205.0,227.0,238.0,249.0,273.0,328.0,2937,1781
176.0,202.0,224.0,236.0,247.0,271.0,329.0,2929,1817
177.0,203.0,227.0,239.0,252.0,285.0,330.0,2939,1839
176.0,203.0,224.0,236.0,248.0,273.0,328.0,2920,1870
184.0,207.0,225.0,236.0,246.0,268.0,323.0,2912,1896
176.0,203.0,226.0,238.0,249.0,276.0,328.0,2916,1921
178.0,203.0,223.0,234.0,245.0,264.0,315.0,2915,1977
175.0,203.0,224.0,236.0,247.0,267.0,321.0,2933,1987
179.0,203.0,221.0,232.0,242.0,260.0,304.0,2933,2028
174.0,200.0,221.0,233.0,245.0,265.0,312.0,2926,2054
178.0,201.0,222.0,234.0,246.0,268.0,320.0,2925,2086
184.0,204.0,221.0,232.0,244.0,262.0,301.0,2913,2120
187.0,206.0,223.0,234.0,244.0,263.0,317.0,2914,2144
183.0,208.0,225.0,236.0,246.0,265.0,318.0,2920,2182
177.0,203.0,222.0,234.0,246.0,268.0,311.0,2911,2202
126.0,201.0,226.0,238.0,250.0,277.0,324.0,2929,2245
124.0,190.0,218.0,231.0,244.0,270.0,317.0,2919,2275
123.0,195.0,221.0,234.0,247.0,274.0,322.0,2922,2284
173.0,202.0,225.0,237.0,250.0,276.0,324.0,2927,2312
179.0,205.0,224.0,236.0,247.0,270.0,327.0,2920,2348
178.0,206.0,224.0,236.0,248.0,271.0,314.0,2914,2384
189.0,208.0,225.0,235.0,246.0,265.0,310.0,2937,2427
182.0,206.0,224.0,235.0,247.0,268.0,315.0,2928,2437
182.0,208.0,227.0,239.0,251.0,281.0,331.0,2938,2469
187.0,207.0,224.0,235.0,247.0,270.0,324.0,2935,2515
186.0,206.0,222.0,233.0,244.0,266.0,313.0,2928,2521
184.0,210.0,229.0,241.0,254.0,284.0,324.0,2928,2557
178.0,208.0,227.0,238.0,250.0,277.0,330.0,2919,2594
172.0,207.0,226.0,237.0,249.0,274.0,322.0,2919,2626
130.0,205.0,225.0,237.0,249.0,277.0,322.0,2910,2668
178.0,210.0,228.0,239.0,250.0,274.0,327.0,2923,2696
180.0,210.0,228.0,238.0,249.0,274.0,327.0,2913,2711
187.0,208.0,226.0,236.0,248.0,275.0,328.0,2935,2747
184.0,206.0,224.0,235.0,247.0,274.0,329.0,2939,2768
179.0,204.0,221.0,232.0,244.0,270.0,316.0,2938,2803
182.0,205.0,222.0,233.0,245.0,270.0,318.0,2930,2832
182.0,205.0,222.0,233.0,245.0,270.0,315.0,2939,2863
174.0,204.0,222.0,233.0,245.0,272.0,319.0,2921,2884
182.0,204.0,221.0,232.0,244.0,270.0,320.0,2933,2919
181.0,204.0,220.0,231.0,243.0,268.0,323.0,2919,2957
176.0,206.0,224.0,236.0,249.0,278.0,325.0,2929,2974
173.0,205.0,226.0,239.0,255.0,294.0,335.0,2916,3015
179.0,205.0,224.0,236.0,249.0,288.0,334.0,2932,3057
180.0,204.0,223.0,234.0,247.0,281.0,333.0,2929,3060
175.0,205.0,224.0,236.0,249.0,280.0,327.0,2926,3110
178.0,204.0,223.0,236.0,248.0,288.0,330.0,2912,3136
182.0,205.0,224.0,236.0,249.0,284.0,331.0,2935,3152
177.0,204.0,222.0,234.0,248.0,281.0,331.0,2939,3193
181.0,206.0,225.0,236.0,249.0,280.0,334.0,2934,3235
177.0,204.0,224.0,236.0,250.0,281.0,333.0,2921,3268
184.0,206.0,223.0,234.0,247.0,271.0,318.0,2910,3283
177.0,203.0,221.0,233.0,246.0,268.0,305.0,2918,3312
183.0,205.0,224.0,236.0,248.0,272.0,326.0,2916,3332
183.0,208.0,226.0,237.0,249.0,273.0,320.0,2944,15
182.0,207.0,225.0,236.0,248.0,272.0,320.0,2954,49
179.0,210.0,229.0,240.0,251.0,272.0,320.0,2944,78
176.0,211.0,231.0,242.0,255.0,285.0,323.0,2953,90
181.0,209.0,228.0,240.0,251.0,276.0,322.0,2963,145
182.0,207.0,225.0,236.0,248.0,271.0,320.0,2952,177
182.0,204.0,221.0,232.0,243.0,266.0,322.0,2959,203
182.0,205.0,222.0,233.0,245.0,268.0,323.0,2962,231
180.0,207.0,225.0,237.0,249.0,275.0,322.0,2946,252
182.0,206.0,224.0,235.0,247.0,271.0,321.0,2967,282
181.0,206.0,224.0,236.0,248.0,274.0,324.0,2960,323
182.0,205.0,223.0,234.0,246.0,268.0,318.0,2956,350
186.0,208.0,225.0,237.0,249.0,271.0,325.0,2950,370
185.0,211.0,228.0,239.0,249.0,271.0,316.0,2940,418
186.0,207.0,223.0,234.0,245.0,264.0,318.0,2968,438
189.0,208.0,224.0,234.0,245.0,265.0,320.0,2944,475
186.0,208.0,225.0,236.0,247.0,269.0,320.0,2947,482
182.0,206.0,224.0,236.0,248.0,271.0,320.0,2959,519
181.0,208.0,228.0,239.0,251.0,275.0,317.0,2946,557
181.0,208.0,227.0,240.0,253.0,281.0,326.0,2955,582
179.0,209.0,231.0,244.0,259.0,290.0,326.0,2952,601
179.0,206.0,225.0,237.0,249.0,272.0,319.0,2946,636
187.0,211.0,229.0,241.0,254.0,281.0,323.0,2954,676
180.0,210.0,231.0,242.0,256.0,285.0,327.0,2942,719
180.0,208.0,228.0,241.0,253.0,279.0,324.0,2955,735
178.0,208.0,232.0,245.0,260.0,297.0,335.0,2943,763
183.0,209.0,227.0,240.0,255.0,292.0,343.0,2965,800
179.0,206.0,227.0,241.0,258.0,300.0,342.0,2967,820
176.0,206.0,230.0,244.0,261.0,304.0,343.0,2954,854
182.0,209.0,230.0,243.0,258.0,303.0,344.0,2961,891
181.0,210.0,231.0,245.0,260.0,298.0,343.0,2947,907
178.0,207.0,227.0,240.0,255.0,288.0,338.0,2961,955
179.0,210.0,231.0,244.0,257.0,289.0,334.0,2956,963
177.0,207.0,230.0,244.0,260.0,291.0,330.0,2962,1006
184.0,206.0,223.0,234.0,246.0,267.0,321.0,2961,1048
185.0,206.0,223.0,235.0,247.0,273.0,327.0,2957,1079
184.0,206.0,223.0,234.0,246.0,270.0,330.0,2967,1094
183.0,207.0,224.0,234.0,246.0,267.0,311.0,2953,1135
153.0,194.0,221.0,235.0,250.0,279.0,317.0,2957,1150
171.0,200.0,224.0,238.0,252.0,291.0,328.0,2949,1190
172.0,200.0,222.0,236.0,251.0,291.0,327.0,2962,1202
190.0,211.0,230.0,242.0,255.0,290.0,336.0,2959,1234
137.0,207.0,230.0,242.0,253.0,285.0,333.0,2940,1262
176.0,207.0,228.0,240.0,251.0,281.0,331.0,2940,1307
175.0,205.0,226.0,238.0,250.0,281.0,329.0,2947,1326
177.0,206.0,227.0,238.0,250.0,277.0,331.0,2950,1377
181.0,209.0,229.0,240.0,251.0,276.0,328.0,2950,1404
180.0,208.0,229.0,240.0,251.0,277.0,330.0,2956,1418
181.0,210.0,230.0,241.0,251.0,274.0,325.0,2953,1454
185.0,209.0,228.0,240.0,250.0,274.0,327.0,2960,1497
184.0,211.0,230.0,240.0,251.0,274.0,328.0,2944,1512
180.0,208.0,228.0,239.0,250.0,279.0,330.0,2943,1540
174.0,201.0,222.0,234.0,245.0,265.0,319.0,2946,1580
186.0,208.0,225.0,236.0,245.0,263.0,322.0,2957,1602
183.0,207.0,226.0,237.0,247.0,267.0,323.0,2957,1632
173.0,206.0,228.0,239.0,251.0,282.0,332.0,2955,1665
174.0,206.0,228.0,240.0,252.0,285.0,334.0,2950,1689
177.0,200.0,225.0,238.0,251.0,289.0,332.0,2958,1732
178.0,203.0,226.0,239.0,250.0,282.0,326.0,2958,1740
175.0,201.0,225.0,238.0,250.0,288.0,338.0,2961,1775
178.0,203.0,226.0,239.0,250.0,276.0,327.0,2944,1817
173.0,198.0,225.0,239.0,252.0,292.0,332.0,2947,1832
174.0,200.0,220.0,231.0,243.0,265.0,319.0,2958,1878
178.0,203.0,222.0,233.0,244.0,263.0,321.0,2957,1898
176.0,201.0,224.0,237.0,249.0,277.0,330.0,2956,1948
176.0,204.0,223.0,235.0,245.0,265.0,326.0,2945,1978
181.0,203.0,222.0,233.0,244.0,264.0,321.0,2957,1998
180.0,203.0,222.0,233.0,245.0,265.0,327.0,2965,2025
183.0,204.0,221.0,232.0,244.0,263.0,311.0,2948,2053
181.0,202.0,220.0,231.0,242.0,261.0,313.0,2968,2089
183.0,203.0,221.0,232.0,244.0,264.0,315.0,2968,2106
184.0,204.0,221.0,232.0,243.0,262.0,310.0,2955,2159
182.0,206.0,224.0,235.0,245.0,263.0,312.0,2946,2165
173.0,199.0,221.0,234.0,246.0,268.0,324.0,2952,2195
169.0,207.0,227.0,238.0,248.0,270.0,318.0,2942,2220
171.0,200.0,222.0,235.0,248.0,275.0,324.0,2965,2270
181.0,207.0,226.0,238.0,250.0,276.0,330.0,2968,2309
177.0,204.0,225.0,237.0,249.0,275.0,328.0,2959,2329
183.0,207.0,225.0,237.0,248.0,271.0,325.0,2953,2359
184.0,205.0,222.0,232.0,243.0,264.0,323.0,2948,2387
184.0,205.0,221.0,232.0,243.0,265.0,320.0,2967,2416
183.0,208.0,226.0,237.0,248.0,269.0,321.0,2941,2439
180.0,208.0,228.0,239.0,250.0,275.0,327.0,2947,2463
182.0,211.0,230.0,242.0,255.0,283.0,326.0,2954,2493
187.0,207.0,223.0,235.0,246.0,268.0,323.0,2950,2522
175.0,207.0,225.0,236.0,249.0,275.0,324.0,2944,2573
187.0,209.0,226.0,237.0,248.0,273.0,327.0,2967,2583
156.0,207.0,226.0,237.0,249.0,274.0,324.0,2955,2629
151.0,201.0,222.0,234.0,247.0,273.0,322.0,2962,2641
185.0,209.0,227.0,238.0,249.0,272.0,322.0,2951,2680
182.0,208.0,225.0,236.0,248.0,273.0,324.0,2963,2725
181.0,208.0,226.0,237.0,248.0,276.0,332.0,2964,2751
181.0,206.0,224.0,235.0,247.0,275.0,329.0,2941,2780
181.0,204.0,221.0,231.0,243.0,267.0,317.0,2940,2806
170.0,203.0,222.0,233.0,246.0,274.0,319.0,2960,2845
181.0,206.0,224.0,235.0,247.0,275.0,321.0,2946,2866
183.0,206.0,223.0,234.0,247.0,274.0,321.0,2947,2887
180.0,205.0,223.0,234.0,246.0,275.0,325.0,2960,2939
181.0,207.0,225.0,237.0,251.0,282.0,326.0,2956,2954
182.0,206.0,224.0,236.0,249.0,282.0,331.0,2954,2986
181.0,205.0,224.0,236.0,249.0,287.0,334.0,2966,3026
185.0,206.0,223.0,234.0,247.0,283.0,331.0,2969,3033
177.0,205.0,224.0,236.0,249.0,284.0,330.0,2960,3081
168.0,204.0,224.0,236.0,250.0,288.0,335.0,2952,3099
183.0,206.0,225.0,236.0,249.0,284.0,330.0,2947,3131
184.0,206.0,223.0,234.0,247.0,273.0,328.0,2947,3167
181.0,206.0,226.0,238.0,251.0,284.0,331.0,2965,3198
175.0,204.0,224.0,238.0,255.0,295.0,332.0,2969,3235
181.0,206.0,225.0,237.0,249.0,273.0,324.0,2951,3264
180.0,205.0,224.0,236.0,249.0,274.0,317.0,2968,3287
174.0,203.0,221.0,233.0,246.0,268.0,304.0,2947,3315
181.0,204.0,222.0,234.0,248.0,272.0,318.0,2944,3331
188.0,212.0,229.0,239.0,249.0,269.0,318.0,2978,3
180.0,206.0,225.0,237.0,248.0,272.0,318.0,2970,43
183.0,209.0,228.0,239.0,250.0,272.0,322.0,2997,70
181.0,209.0,228.0,239.0,250.0,274.0,323.0,2973,107
179.0,208.0,229.0,240.0,251.0,274.0,326.0,2984,146
182.0,208.0,227.0,238.0,249.0,271.0,325.0,2988,162
178.0,202.0,221.0,233.0,245.0,268.0,315.0,2995,184
181.0,202.0,218.0,229.0,240.0,261.0,325.0,2996,210
179.0,202.0,220.0,231.0,243.0,268.0,326.0,2996,267
179.0,201.0,219.0,231.0,243.0,268.0,325.0,2992,270
175.0,200.0,219.0,231.0,244.0,269.0,319.0,2974,301
175.0,200.0,219.0,231.0,244.0,269.0,321.0,2978,330
184.0,204.0,221.0,231.0,242.0,263.0,318.0,2973,372
184.0,205.0,221.0,232.0,243.0,264.0,321.0,2983,411
186.0,205.0,221.0,232.0,243.0,263.0,318.0,2992,423
180.0,203.0,222.0,234.0,245.0,267.0,319.0,2970,470
181.0,203.0,221.0,232.0,243.0,265.0,319.0,2992,495
178.0,203.0,222.0,234.0,246.0,269.0,317.0,2985,534
175.0,201.0,222.0,234.0,246.0,270.0,319.0,2992,552
181.0,208.0,227.0,240.0,252.0,279.0,322.0,2997,591
183.0,212.0,231.0,243.0,257.0,284.0,323.0,2975,619
185.0,207.0,224.0,235.0,247.0,269.0,317.0,2995,648
187.0,209.0,226.0,236.0,248.0,269.0,317.0,2982,665
181.0,208.0,228.0,240.0,253.0,279.0,320.0,2981,693
185.0,213.0,233.0,245.0,258.0,283.0,326.0,2971,734
175.0,206.0,228.0,241.0,257.0,292.0,337.0,2998,773
177.0,207.0,226.0,240.0,256.0,297.0,344.0,2983,787
179.0,210.0,230.0,243.0,257.0,290.0,339.0,2989,831
177.0,205.0,224.0,236.0,251.0,290.0,343.0,2983,858
179.0,207.0,228.0,242.0,257.0,298.0,345.0,2970,885
175.0,208.0,229.0,241.0,255.0,290.0,334.0,2996,916
177.0,208.0,230.0,243.0,259.0,294.0,336.0,2973,953
176.0,206.0,232.0,247.0,261.0,293.0,337.0,2984,962
174.0,201.0,220.0,233.0,248.0,298.0,347.0,2997,990
183.0,208.0,228.0,241.0,255.0,282.0,327.0,2996,1029
186.0,205.0,222.0,233.0,245.0,268.0,331.0,2975,1074
187.0,206.0,222.0,233.0,244.0,267.0,327.0,2986,1089
183.0,205.0,222.0,232.0,244.0,266.0,318.0,2972,1126
183.0,207.0,225.0,235.0,247.0,269.0,314.0,2994,1159
136.0,201.0,224.0,237.0,250.0,281.0,325.0,2986,1186
179.0,205.0,223.0,234.0,245.0,266.0,310.0,2997,1225
187.0,209.0,227.0,237.0,248.0,269.0,322.0,2974,1238
171.0,205.0,228.0,241.0,257.0,302.0,333.0,2995,1260
176.0,207.0,226.0,238.0,248.0,270.0,324.0,2999,1315
181.0,205.0,224.0,236.0,247.0,269.0,325.0,2973,1347
179.0,205.0,228.0,239.0,251.0,285.0,330.0,2987,1367
181.0,205.0,224.0,235.0,246.0,269.0,325.0,2987,1384
182.0,207.0,228.0,239.0,249.0,274.0,332.0,2984,1430
180.0,206.0,228.0,240.0,251.0,282.0,336.0,2980,1445
178.0,209.0,230.0,241.0,252.0,278.0,328.0,2982,1494
178.0,204.0,226.0,239.0,250.0,276.0,330.0,2982,1504
183.0,207.0,225.0,236.0,247.0,270.0,329.0,2971,1556
180.0,206.0,225.0,236.0,247.0,267.0,323.0,2977,1583
178.0,205.0,225.0,237.0,247.0,268.0,318.0,2997,1591
182.0,207.0,226.0,237.0,247.0,266.0,325.0,2990,1646
178.0,204.0,225.0,237.0,248.0,273.0,325.0,2992,1674
174.0,200.0,226.0,240.0,253.0,290.0,331.0,2970,1703
180.0,206.0,225.0,236.0,247.0,267.0,321.0,2983,1719
175.0,203.0,225.0,237.0,249.0,282.0,329.0,2987,1741
170.0,196.0,222.0,236.0,248.0,283.0,329.0,2985,1790
169.0,196.0,224.0,238.0,250.0,290.0,329.0,2979,1802
173.0,197.0,221.0,234.0,246.0,270.0,326.0,2993,1849
169.0,199.0,225.0,237.0,248.0,275.0,327.0,2997,1868
177.0,202.0,223.0,235.0,247.0,269.0,324.0,2999,1899
178.0,203.0,222.0,234.0,246.0,268.0,325.0,2982,1940
178.0,202.0,222.0,234.0,246.0,267.0,325.0,2977,1972
184.0,204.0,222.0,232.0,243.0,262.0,327.0,2976,1996
185.0,206.0,224.0,234.0,244.0,263.0,319.0,2987,2034
179.0,202.0,221.0,232.0,244.0,266.0,328.0,2993,2050
184.0,204.0,222.0,233.0,244.0,265.0,323.0,2975,2096
184.0,205.0,224.0,235.0,245.0,264.0,316.0,2986,2117
184.0,205.0,222.0,233.0,244.0,262.0,304.0,2986,2153
180.0,204.0,222.0,233.0,243.0,262.0,310.0,2976,2182
181.0,205.0,221.0,232.0,242.0,259.0,282.0,2977,2216
153.0,191.0,215.0,227.0,241.0,266.0,310.0,2991,2240
173.0,197.0,218.0,230.0,243.0,266.0,325.0,2982,2263
179.0,204.0,224.0,236.0,247.0,269.0,322.0,2972,2284
181.0,205.0,223.0,234.0,246.0,267.0,323.0,2993,2332
178.0,205.0,226.0,238.0,249.0,274.0,323.0,2970,2357
184.0,206.0,223.0,234.0,245.0,266.0,327.0,2990,2393
184.0,204.0,222.0,233.0,244.0,266.0,323.0,2973,2404
182.0,208.0,225.0,236.0,247.0,269.0,314.0,2990,2453
179.0,206.0,225.0,237.0,249.0,271.0,319.0,2975,2483
186.0,209.0,227.0,238.0,249.0,272.0,318.0,2996,2511
186.0,208.0,225.0,236.0,247.0,270.0,319.0,2991,2526
183.0,208.0,227.0,238.0,250.0,272.0,325.0,2986,2563
188.0,209.0,226.0,236.0,247.0,269.0,319.0,2983,2606
180.0,213.0,231.0,241.0,251.0,274.0,327.0,2985,2618
171.0,202.0,221.0,232.0,244.0,267.0,301.0,2999,2655
185.0,209.0,227.0,238.0,250.0,273.0,323.0,2991,2695
189.0,208.0,224.0,235.0,247.0,273.0,321.0,2973,2712
181.0,205.0,223.0,233.0,245.0,271.0,327.0,2992,2752
180.0,205.0,223.0,234.0,245.0,272.0,320.0,2999,2771
183.0,206.0,224.0,234.0,246.0,270.0,310.0,2977,2809
177.0,204.0,222.0,233.0,245.0,268.0,311.0,2978,2835
175.0,203.0,220.0,230.0,242.0,266.0,313.0,2984,2874
183.0,208.0,226.0,238.0,251.0,281.0,326.0,2984,2907
181.0,205.0,223.0,235.0,249.0,278.0,321.0,2975,2922
176.0,205.0,224.0,236.0,249.0,283.0,334.0,2995,2949
188.0,207.0,223.0,234.0,245.0,273.0,323.0,2973,2981
185.0,207.0,224.0,236.0,249.0,283.0,331.0,2977,3023
185.0,207.0,225.0,237.0,250.0,280.0,331.0,2984,3030
179.0,207.0,226.0,239.0,252.0,291.0,337.0,2972,3062
174.0,205.0,224.0,236.0,249.0,281.0,327.0,2997,3102
184.0,206.0,223.0,234.0,247.0,279.0,331.0,2982,3129
178.0,203.0,221.0,233.0,246.0,278.0,327.0,2999,3155
183.0,207.0,225.0,237.0,251.0,282.0,327.0,2976,3188
178.0,205.0,223.0,234.0,246.0,271.0,323.0,2973,3214
175.0,204.0,223.0,236.0,251.0,286.0,329.0,2971,3266
180.0,205.0,224.0,236.0,248.0,276.0,324.0,2983,3284
180.0,205.0,223.0,235.0,247.0,272.0,320.0,2978,3320
174.0,204.0,222.0,234.0,247.0,270.0,311.0,2974,3333
187.0,211.0,229.0,239.0,249.0,269.0,321.0,3018,20
181.0,213.0,231.0,242.0,253.0,277.0,322.0,3018,54
182.0,211.0,230.0,241.0,252.0,275.0,319.0,3007,84
180.0,208.0,229.0,240.0,252.0,275.0,322.0,3019,117
179.0,209.0,229.0,240.0,251.0,273.0,322.0,3014,143
180.0,208.0,228.0,238.0,249.0,271.0,320.0,3002,159
182.0,203.0,220.0,231.0,242.0,261.0,319.0,3029,199
183.0,202.0,219.0,229.0,240.0,260.0,318.0,3019,210
181.0,207.0,227.0,239.0,253.0,286.0,329.0,3014,243
177.0,199.0,217.0,228.0,241.0,265.0,327.0,3010,278
177.0,199.0,216.0,227.0,239.0,262.0,321.0,3014,311
185.0,203.0,219.0,229.0,240.0,260.0,322.0,3017,350
184.0,210.0,229.0,241.0,253.0,281.0,326.0,3029,375
186.0,208.0,225.0,236.0,247.0,269.0,319.0,3029,401
182.0,204.0,221.0,232.0,244.0,267.0,321.0,3017,444
185.0,205.0,221.0,232.0,243.0,262.0,303.0,3002,451
181.0,203.0,220.0,231.0,243.0,265.0,321.0,3007,484
180.0,203.0,222.0,233.0,244.0,265.0,323.0,3018,539
178.0,204.0,222.0,234.0,245.0,267.0,321.0,3006,556
180.0,207.0,226.0,238.0,249.0,272.0,324.0,3011,583
182.0,205.0,223.0,234.0,246.0,270.0,326.0,3004,624
185.0,207.0,224.0,235.0,247.0,268.0,319.0,3003,648
180.0,206.0,225.0,236.0,248.0,270.0,317.0,3002,664
182.0,209.0,227.0,238.0,250.0,277.0,319.0,3015,705
180.0,208.0,229.0,243.0,257.0,288.0,341.0,3029,734
175.0,205.0,226.0,240.0,255.0,291.0,342.0,3005,766
176.0,205.0,226.0,241.0,257.0,297.0,341.0,3014,809
171.0,203.0,227.0,242.0,256.0,293.0,334.0,3008,829
177.0,204.0,224.0,238.0,254.0,295.0,339.0,3002,859
172.0,204.0,227.0,241.0,256.0,296.0,338.0,3019,888
175.0,205.0,227.0,240.0,256.0,295.0,339.0,3026,901
180.0,207.0,226.0,239.0,253.0,287.0,341.0,3006,954
177.0,204.0,224.0,238.0,253.0,297.0,347.0,3016,982
174.0,202.0,221.0,235.0,251.0,297.0,349.0,3012,997
178.0,204.0,222.0,235.0,250.0,286.0,342.0,3008,1025
171.0,203.0,225.0,239.0,255.0,291.0,339.0,3023,1069
173.0,201.0,224.0,238.0,254.0,292.0,338.0,3012,1104
170.0,203.0,227.0,241.0,256.0,287.0,333.0,3007,1120
175.0,205.0,225.0,237.0,248.0,271.0,315.0,3021,1149
175.0,204.0,223.0,235.0,247.0,272.0,315.0,3000,1176
167.0,194.0,221.0,234.0,247.0,276.0,321.0,3017,1224
166.0,201.0,224.0,237.0,251.0,289.0,327.0,3019,1235
178.0,206.0,225.0,237.0,249.0,271.0,320.0,3008,1277
182.0,208.0,227.0,239.0,250.0,272.0,324.0,3010,1298
169.0,205.0,229.0,241.0,253.0,286.0,331.0,3020,1340
172.0,203.0,227.0,240.0,253.0,290.0,331.0,3005,1357
183.0,207.0,226.0,237.0,247.0,266.0,314.0,3001,1392
172.0,208.0,228.0,239.0,251.0,282.0,334.0,3023,1420
176.0,202.0,226.0,239.0,251.0,283.0,336.0,3009,1466
177.0,207.0,228.0,240.0,250.0,274.0,326.0,3013,1482
179.0,208.0,228.0,239.0,249.0,270.0,327.0,3002,1525
177.0,205.0,224.0,236.0,248.0,275.0,334.0,3020,1556
184.0,211.0,229.0,239.0,249.0,270.0,328.0,3028,1588
187.0,209.0,226.0,236.0,246.0,264.0,317.0,3005,1602
184.0,207.0,225.0,236.0,246.0,267.0,327.0,3002,1630
179.0,206.0,226.0,237.0,248.0,272.0,333.0,3006,1660
175.0,201.0,222.0,234.0,246.0,269.0,323.0,3015,1707
179.0,205.0,224.0,235.0,246.0,266.0,324.0,3019,1711
173.0,200.0,226.0,238.0,250.0,288.0,332.0,3004,1766
182.0,204.0,221.0,232.0,243.0,263.0,320.0,3022,1783
181.0,204.0,224.0,236.0,248.0,276.0,327.0,3026,1820
173.0,198.0,223.0,235.0,247.0,271.0,325.0,3001,1855
170.0,197.0,224.0,237.0,248.0,278.0,328.0,3006,1880
175.0,200.0,223.0,236.0,248.0,272.0,329.0,3000,1895
171.0,200.0,223.0,236.0,248.0,275.0,329.0,3017,1948
181.0,203.0,222.0,233.0,244.0,265.0,329.0,3014,1974
183.0,204.0,223.0,234.0,245.0,265.0,329.0,3020,1996
174.0,199.0,222.0,234.0,245.0,267.0,325.0,3013,2037
177.0,202.0,223.0,234.0,245.0,264.0,322.0,3008,2046
175.0,201.0,223.0,236.0,247.0,271.0,325.0,3025,2076
181.0,205.0,223.0,234.0,244.0,263.0,312.0,3004,2117
176.0,201.0,221.0,233.0,245.0,267.0,309.0,3003,2154
182.0,205.0,223.0,233.0,244.0,262.0,308.0,3014,2182
177.0,206.0,224.0,235.0,246.0,265.0,314.0,3022,2204
119.0,185.0,219.0,235.0,249.0,283.0,323.0,3019,2232
179.0,203.0,224.0,236.0,249.0,272.0,332.0,3004,2276
179.0,202.0,220.0,231.0,243.0,264.0,326.0,3027,2303
179.0,206.0,224.0,235.0,246.0,268.0,321.0,3028,2327
178.0,205.0,226.0,238.0,250.0,275.0,325.0,3011,2343
185.0,205.0,222.0,233.0,244.0,264.0,314.0,3018,2389
183.0,204.0,221.0,232.0,244.0,266.0,321.0,3003,2423
182.0,206.0,224.0,235.0,246.0,267.0,315.0,3025,2445
183.0,207.0,225.0,237.0,248.0,270.0,320.0,3012,2480
184.0,208.0,225.0,236.0,247.0,269.0,314.0,3010,2511
185.0,207.0,224.0,236.0,247.0,268.0,312.0,3013,2531
191.0,211.0,228.0,238.0,248.0,270.0,322.0,3029,2577
121.0,206.0,228.0,239.0,252.0,282.0,325.0,3025,2605
173.0,212.0,229.0,239.0,249.0,272.0,325.0,3005,2614
172.0,206.0,224.0,234.0,245.0,267.0,322.0,3029,2664
185.0,207.0,225.0,236.0,248.0,272.0,320.0,3015,2697
186.0,209.0,227.0,238.0,250.0,275.0,323.0,3017,2704
180.0,206.0,224.0,234.0,246.0,273.0,326.0,3004,2759
182.0,206.0,224.0,235.0,247.0,272.0,320.0,3027,2764
178.0,205.0,223.0,234.0,246.0,271.0,320.0,3029,2809
182.0,206.0,224.0,235.0,247.0,272.0,325.0,3023,2843
172.0,202.0,220.0,231.0,244.0,268.0,329.0,3005,2871
178.0,206.0,224.0,234.0,246.0,273.0,328.0,3014,2895
174.0,204.0,223.0,235.0,248.0,281.0,327.0,3019,2921
183.0,205.0,221.0,232.0,245.0,272.0,320.0,3027,2955
185.0,207.0,225.0,237.0,249.0,279.0,328.0,3020,2998
183.0,206.0,223.0,235.0,247.0,276.0,327.0,3021,3024
185.0,207.0,225.0,236.0,248.0,277.0,324.0,3016,3048
176.0,203.0,221.0,233.0,245.0,273.0,323.0,3023,3072
178.0,204.0,222.0,234.0,247.0,280.0,325.0,3003,3108
175.0,202.0,220.0,231.0,245.0,271.0,315.0,3015,3126
179.0,204.0,222.0,234.0,246.0,275.0,321.0,3006,3174
174.0,204.0,224.0,236.0,250.0,281.0,329.0,3020,3189
177.0,204.0,224.0,237.0,251.0,284.0,333.0,3020,3220
177.0,203.0,222.0,234.0,246.0,276.0,330.0,3019,3251
181.0,204.0,224.0,236.0,249.0,278.0,333.0,3022,3285
179.0,204.0,224.0,237.0,250.0,279.0,334.0,3010,3323
174.0,204.0,223.0,235.0,248.0,273.0,325.0,3021,3331
185.0,211.0,228.0,238.0,248.0,268.0,319.0,3041,23
181.0,211.0,229.0,239.0,250.0,271.0,317.0,3049,35
182.0,212.0,231.0,241.0,253.0,278.0,322.0,3048,77
177.0,207.0,228.0,240.0,251.0,275.0,320.0,3046,109
182.0,209.0,227.0,238.0,248.0,268.0,316.0,3049,123
182.0,212.0,230.0,241.0,251.0,275.0,329.0,3050,177
181.0,203.0,221.0,232.0,243.0,264.0,325.0,3044,201
176.0,205.0,226.0,238.0,252.0,281.0,330.0,3037,223
180.0,204.0,222.0,233.0,244.0,265.0,319.0,3048,248
179.0,202.0,222.0,233.0,244.0,267.0,325.0,3048,287
182.0,201.0,217.0,228.0,239.0,259.0,324.0,3040,316
184.0,206.0,222.0,233.0,243.0,263.0,326.0,3043,358
183.0,209.0,228.0,241.0,253.0,280.0,324.0,3033,386
182.0,204.0,222.0,234.0,246.0,270.0,322.0,3051,412
180.0,203.0,221.0,233.0,246.0,270.0,321.0,3036,449
178.0,204.0,223.0,235.0,247.0,272.0,320.0,3049,469
182.0,203.0,219.0,229.0,239.0,258.0,309.0,3055,491
181.0,209.0,229.0,241.0,253.0,278.0,326.0,3046,529
185.0,207.0,224.0,235.0,245.0,267.0,327.0,3050,555
186.0,207.0,225.0,236.0,247.0,269.0,333.0,3040,571
182.0,205.0,223.0,234.0,246.0,270.0,326.0,3056,609
181.0,205.0,224.0,236.0,248.0,273.0,323.0,3055,655
179.0,204.0,223.0,236.0,249.0,274.0,323.0,3057,660
178.0,208.0,228.0,241.0,255.0,285.0,326.0,3030,697
182.0,207.0,227.0,239.0,253.0,284.0,336.0,3049,737
176.0,204.0,227.0,241.0,257.0,295.0,342.0,3035,750
178.0,206.0,227.0,240.0,255.0,290.0,336.0,3037,792
167.0,199.0,224.0,238.0,255.0,291.0,334.0,3052,825
169.0,199.0,225.0,240.0,256.0,293.0,336.0,3041,863
179.0,207.0,228.0,241.0,256.0,291.0,338.0,3048,896
182.0,207.0,227.0,240.0,254.0,289.0,338.0,3045,918
176.0,204.0,224.0,238.0,255.0,297.0,345.0,3058,953
175.0,201.0,220.0,232.0,249.0,298.0,347.0,3033,988
175.0,201.0,220.0,232.0,249.0,293.0,347.0,3030,991
173.0,199.0,218.0,232.0,248.0,294.0,347.0,3040,1030
178.0,203.0,221.0,233.0,247.0,285.0,341.0,3038,1058
174.0,202.0,221.0,235.0,250.0,292.0,347.0,3040,1087
174.0,202.0,224.0,238.0,254.0,289.0,346.0,3059,1127
176.0,203.0,225.0,238.0,251.0,280.0,328.0,3040,1141
173.0,201.0,224.0,238.0,252.0,287.0,324.0,3042,1175
176.0,203.0,223.0,235.0,248.0,275.0,313.0,3052,1201
174.0,206.0,226.0,237.0,250.0,277.0,322.0,3047,1248
177.0,204.0,222.0,234.0,245.0,265.0,313.0,3032,1269
177.0,208.0,229.0,242.0,256.0,294.0,330.0,3042,1297
171.0,199.0,224.0,238.0,253.0,291.0,336.0,3058,1343
170.0,199.0,223.0,237.0,251.0,291.0,332.0,3049,1355
178.0,206.0,226.0,237.0,247.0,271.0,334.0,3041,1402
178.0,208.0,228.0,239.0,250.0,274.0,331.0,3038,1414
180.0,209.0,229.0,240.0,251.0,278.0,330.0,3052,1466
173.0,204.0,227.0,239.0,251.0,280.0,334.0,3037,1478
180.0,208.0,228.0,240.0,251.0,278.0,331.0,3056,1518
175.0,203.0,226.0,239.0,252.0,279.0,328.0,3054,1539
183.0,208.0,226.0,236.0,246.0,265.0,315.0,3059,1570
174.0,206.0,228.0,241.0,252.0,280.0,326.0,3042,1602
178.0,205.0,225.0,236.0,248.0,275.0,332.0,3038,1636
181.0,205.0,224.0,235.0,246.0,267.0,320.0,3053,1668
177.0,207.0,229.0,239.0,250.0,274.0,334.0,3042,1703
187.0,207.0,224.0,234.0,244.0,264.0,329.0,3057,1734
184.0,205.0,223.0,234.0,245.0,265.0,328.0,3054,1768
182.0,204.0,223.0,234.0,246.0,268.0,327.0,3051,1772
182.0,204.0,222.0,234.0,246.0,270.0,327.0,3049,1821
179.0,203.0,224.0,236.0,248.0,277.0,330.0,3048,1845
176.0,200.0,220.0,232.0,244.0,265.0,320.0,3035,1882
175.0,200.0,220.0,232.0,244.0,263.0,320.0,3041,1897
176.0,199.0,218.0,230.0,241.0,261.0,317.0,3041,1939
179.0,201.0,219.0,230.0,241.0,260.0,319.0,3050,1960
179.0,200.0,219.0,230.0,241.0,260.0,319.0,3048,1985
183.0,203.0,221.0,232.0,242.0,260.0,319.0,3049,2026
182.0,204.0,222.0,233.0,244.0,262.0,314.0,3044,2051
179.0,201.0,221.0,233.0,244.0,264.0,318.0,3050,2083
174.0,200.0,224.0,237.0,249.0,278.0,324.0,3038,2124
183.0,204.0,222.0,233.0,244.0,263.0,313.0,3035,2159
186.0,206.0,224.0,235.0,246.0,266.0,315.0,3058,2186
181.0,203.0,221.0,232.0,242.0,261.0,303.0,3031,2195
177.0,204.0,222.0,233.0,245.0,266.0,319.0,3053,2221
180.0,202.0,222.0,233.0,245.0,268.0,321.0,3053,2273
180.0,202.0,220.0,231.0,242.0,263.0,321.0,3031,2302
138.0,206.0,228.0,240.0,250.0,275.0,325.0,3049,2331
186.0,206.0,223.0,234.0,245.0,264.0,316.0,3030,2354
182.0,205.0,222.0,233.0,244.0,265.0,319.0,3046,2371
183.0,207.0,224.0,236.0,248.0,272.0,320.0,3059,2400
184.0,206.0,223.0,234.0,245.0,264.0,306.0,3045,2430
181.0,207.0,225.0,236.0,247.0,268.0,323.0,3031,2464
188.0,206.0,223.0,233.0,244.0,264.0,311.0,3043,2519
187.0,206.0,222.0,233.0,244.0,265.0,308.0,3059,2548
181.0,208.0,227.0,237.0,248.0,269.0,320.0,3047,2570
175.0,204.0,223.0,234.0,247.0,272.0,318.0,3055,2605
125.0,199.0,222.0,234.0,247.0,275.0,322.0,3036,2638
184.0,205.0,222.0,232.0,244.0,267.0,320.0,3053,2643
188.0,207.0,223.0,233.0,244.0,265.0,312.0,3038,2692
186.0,210.0,227.0,238.0,249.0,273.0,324.0,3040,2720
188.0,208.0,225.0,236.0,246.0,267.0,318.0,3058,2745
180.0,205.0,223.0,234.0,247.0,273.0,318.0,3041,2770
178.0,203.0,221.0,233.0,245.0,269.0,309.0,3036,2803
181.0,205.0,224.0,235.0,247.0,274.0,325.0,3033,2842
171.0,204.0,222.0,233.0,246.0,273.0,324.0,3054,2866
171.0,206.0,226.0,239.0,252.0,281.0,327.0,3032,2909
183.0,207.0,225.0,236.0,249.0,278.0,327.0,3046,2938
183.0,205.0,221.0,232.0,244.0,271.0,320.0,3043,2947
187.0,208.0,225.0,236.0,248.0,276.0,325.0,3033,2974
183.0,208.0,227.0,239.0,252.0,286.0,332.0,3031,3011
182.0,205.0,223.0,235.0,247.0,276.0,322.0,3048,3031
175.0,203.0,220.0,232.0,245.0,273.0,317.0,3044,3070
174.0,202.0,219.0,230.0,242.0,268.0,313.0,3044,3097
172.0,203.0,223.0,235.0,249.0,283.0,335.0,3033,3140
181.0,204.0,222.0,234.0,247.0,278.0,327.0,3033,3172
172.0,204.0,225.0,239.0,253.0,288.0,332.0,3042,3192
181.0,203.0,222.0,234.0,247.0,280.0,331.0,3052,3222
181.0,204.0,223.0,235.0,247.0,273.0,329.0,3057,3251
182.0,205.0,223.0,235.0,247.0,274.0,328.0,3032,3283
177.0,204.0,224.0,236.0,248.0,279.0,335.0,3045,3315
181.0,206.0,223.0,235.0,247.0,272.0,319.0,3039,3331
187.0,210.0,228.0,239.0,249.0,271.0,329.0,3079,5
177.0,208.0,229.0,240.0,251.0,275.0,324.0,3060,58
181.0,211.0,230.0,241.0,251.0,273.0,321.0,3070,74
180.0,208.0,228.0,239.0,250.0,272.0,322.0,3066,99
181.0,204.0,223.0,234.0,245.0,265.0,315.0,3082,145
182.0,204.0,223.0,234.0,245.0,266.0,317.0,3081,175
181.0,208.0,228.0,240.0,252.0,276.0,322.0,3087,199
182.0,205.0,223.0,234.0,245.0,267.0,319.0,3061,237
181.0,204.0,224.0,236.0,248.0,273.0,323.0,3089,252
182.0,203.0,220.0,230.0,242.0,263.0,319.0,3083,285
180.0,205.0,224.0,235.0,246.0,266.0,320.0,3070,326
185.0,208.0,226.0,237.0,249.0,274.0,330.0,3067,355
182.0,204.0,221.0,231.0,243.0,264.0,321.0,3063,374
180.0,206.0,224.0,236.0,249.0,275.0,323.0,3082,415
180.0,203.0,221.0,232.0,243.0,264.0,311.0,3083,426
182.0,204.0,221.0,232.0,243.0,264.0,322.0,3071,462
181.0,203.0,222.0,233.0,245.0,267.0,325.0,3072,495
180.0,207.0,226.0,238.0,249.0,274.0,328.0,3077,529
183.0,204.0,221.0,231.0,242.0,263.0,319.0,3061,560
183.0,204.0,221.0,232.0,243.0,263.0,327.0,3077,586
185.0,205.0,222.0,233.0,244.0,266.0,315.0,3077,627
182.0,208.0,226.0,237.0,250.0,275.0,326.0,3084,646
185.0,206.0,222.0,233.0,245.0,266.0,318.0,3086,686
185.0,206.0,224.0,235.0,246.0,268.0,316.0,3088,702
178.0,208.0,226.0,237.0,249.0,271.0,318.0,3077,729
171.0,201.0,227.0,242.0,258.0,291.0,335.0,3070,773
168.0,198.0,223.0,239.0,256.0,291.0,335.0,3065,789
172.0,201.0,224.0,239.0,255.0,292.0,334.0,3071,827
175.0,203.0,225.0,239.0,254.0,293.0,337.0,3062,860
176.0,202.0,223.0,237.0,252.0,291.0,343.0,3076,877
175.0,202.0,224.0,239.0,255.0,294.0,347.0,3084,907
176.0,203.0,226.0,240.0,255.0,299.0,347.0,3089,932
172.0,201.0,223.0,237.0,252.0,290.0,346.0,3063,974
178.0,203.0,222.0,235.0,250.0,289.0,347.0,3084,1011
174.0,202.0,223.0,236.0,252.0,290.0,346.0,3089,1020
175.0,199.0,219.0,232.0,248.0,298.0,346.0,3061,1076
172.0,198.0,219.0,232.0,248.0,297.0,345.0,3073,1089
178.0,207.0,228.0,241.0,255.0,289.0,336.0,3078,1137
174.0,205.0,227.0,239.0,252.0,277.0,318.0,3074,1160
173.0,206.0,228.0,240.0,252.0,277.0,321.0,3080,1173
172.0,200.0,222.0,235.0,249.0,276.0,319.0,3066,1227
171.0,201.0,225.0,239.0,253.0,283.0,321.0,3081,1249
172.0,201.0,223.0,237.0,251.0,284.0,324.0,3088,1284
186.0,209.0,228.0,240.0,251.0,273.0,322.0,3081,1307
180.0,205.0,225.0,237.0,248.0,275.0,328.0,3087,1338
175.0,200.0,224.0,238.0,252.0,285.0,330.0,3083,1351
181.0,207.0,226.0,238.0,249.0,272.0,327.0,3070,1385
175.0,207.0,229.0,240.0,252.0,279.0,336.0,3077,1431
175.0,207.0,229.0,240.0,252.0,284.0,336.0,3078,1446
183.0,208.0,227.0,238.0,249.0,273.0,325.0,3082,1478
178.0,208.0,229.0,240.0,251.0,276.0,331.0,3072,1502
184.0,206.0,224.0,235.0,245.0,263.0,319.0,3074,1554
176.0,208.0,228.0,239.0,249.0,270.0,330.0,3074,1586
177.0,207.0,227.0,237.0,248.0,269.0,328.0,3076,1608
178.0,209.0,228.0,238.0,249.0,271.0,325.0,3084,1622
181.0,205.0,223.0,234.0,245.0,264.0,318.0,3080,1661
174.0,205.0,223.0,234.0,244.0,265.0,328.0,3069,1697
180.0,205.0,222.0,233.0,243.0,265.0,331.0,3067,1714
181.0,203.0,222.0,234.0,245.0,268.0,331.0,3087,1751
187.0,208.0,226.0,237.0,248.0,270.0,330.0,3083,1773
180.0,202.0,221.0,233.0,244.0,265.0,325.0,3082,1818
180.0,202.0,221.0,232.0,243.0,264.0,324.0,3083,1856
177.0,198.0,219.0,231.0,243.0,266.0,323.0,3079,1885
177.0,197.0,216.0,228.0,240.0,261.0,320.0,3087,1902
176.0,199.0,219.0,231.0,242.0,261.0,318.0,3079,1922
182.0,202.0,219.0,229.0,240.0,258.0,313.0,3062,1957
182.0,202.0,221.0,231.0,242.0,261.0,329.0,3087,1994
182.0,202.0,220.0,231.0,242.0,261.0,322.0,3061,2037
179.0,202.0,222.0,233.0,244.0,265.0,321.0,3084,2052
178.0,201.0,219.0,230.0,242.0,261.0,306.0,3086,2087
178.0,199.0,218.0,229.0,241.0,260.0,302.0,3080,2102
180.0,200.0,218.0,230.0,242.0,262.0,307.0,3071,2157
187.0,207.0,225.0,235.0,245.0,263.0,308.0,3086,2178
180.0,206.0,226.0,236.0,246.0,266.0,318.0,3077,2196
126.0,187.0,220.0,234.0,248.0,280.0,324.0,3084,2242
175.0,202.0,222.0,233.0,245.0,268.0,317.0,3060,2267
178.0,203.0,222.0,233.0,245.0,265.0,315.0,3062,2300
127.0,204.0,226.0,238.0,250.0,277.0,326.0,3061,2328
175.0,203.0,224.0,236.0,247.0,268.0,312.0,3082,2351
182.0,207.0,226.0,238.0,249.0,274.0,326.0,3065,2392
187.0,208.0,225.0,236.0,246.0,267.0,326.0,3081,2404
183.0,206.0,223.0,234.0,245.0,265.0,309.0,3060,2437
186.0,207.0,224.0,234.0,245.0,268.0,317.0,3060,2488
185.0,206.0,223.0,234.0,245.0,266.0,314.0,3073,2505
181.0,204.0,221.0,232.0,245.0,268.0,309.0,3088,2535
183.0,206.0,224.0,235.0,247.0,270.0,317.0,3074,2573
178.0,206.0,224.0,235.0,247.0,269.0,323.0,3087,2586
183.0,206.0,223.0,234.0,245.0,266.0,321.0,3073,2621
187.0,205.0,221.0,231.0,242.0,263.0,305.0,3069,2663
187.0,206.0,223.0,234.0,245.0,267.0,313.0,3069,2687
187.0,206.0,223.0,233.0,245.0,270.0,324.0,3071,2727
188.0,208.0,224.0,235.0,246.0,269.0,327.0,3070,2733
180.0,205.0,222.0,233.0,246.0,274.0,322.0,3076,2789
176.0,202.0,220.0,231.0,243.0,266.0,311.0,3089,2809
180.0,204.0,221.0,232.0,243.0,265.0,307.0,3076,2826
185.0,205.0,222.0,232.0,244.0,268.0,317.0,3067,2851
179.0,206.0,224.0,235.0,247.0,273.0,321.0,3067,2897
185.0,207.0,223.0,234.0,246.0,274.0,324.0,3069,2933
177.0,205.0,223.0,234.0,245.0,273.0,318.0,3064,2969
179.0,205.0,224.0,235.0,248.0,277.0,323.0,3077,2975
185.0,207.0,225.0,237.0,249.0,281.0,327.0,3084,3002
180.0,206.0,224.0,236.0,248.0,277.0,323.0,3081,3057
178.0,206.0,225.0,236.0,249.0,277.0,324.0,3069,3071
177.0,203.0,221.0,233.0,247.0,280.0,324.0,3065,3099
180.0,205.0,223.0,235.0,248.0,285.0,329.0,3081,3135
179.0,205.0,223.0,235.0,248.0,283.0,335.0,3088,3178
185.0,205.0,223.0,234.0,247.0,277.0,329.0,3080,3204
181.0,203.0,222.0,234.0,246.0,275.0,333.0,3060,3233
176.0,204.0,224.0,236.0,248.0,274.0,320.0,3067,3259
177.0,205.0,224.0,235.0,247.0,272.0,325.0,3068,3290
177.0,204.0,223.0,235.0,247.0,270.0,318.0,3086,3316
179.0,204.0,222.0,234.0,246.0,270.0,327.0,3077,3331
182.0,210.0,229.0,240.0,250.0,271.0,316.0,3112,2
186.0,213.0,231.0,241.0,251.0,271.0,314.0,3091,43
188.0,211.0,228.0,239.0,249.0,268.0,304.0,3105,68
183.0,206.0,224.0,236.0,246.0,266.0,312.0,3103,107
176.0,202.0,222.0,234.0,247.0,269.0,310.0,3105,138
178.0,203.0,222.0,234.0,246.0,269.0,315.0,3108,177
176.0,202.0,222.0,234.0,247.0,269.0,316.0,3113,180
171.0,194.0,219.0,231.0,243.0,266.0,316.0,3100,210
178.0,204.0,225.0,238.0,251.0,280.0,323.0,3098,246
180.0,204.0,224.0,236.0,249.0,274.0,325.0,3113,277
180.0,203.0,222.0,233.0,244.0,265.0,318.0,3109,315
181.0,208.0,228.0,240.0,252.0,276.0,322.0,3118,332
181.0,206.0,224.0,236.0,248.0,273.0,319.0,3091,382
186.0,206.0,223.0,234.0,246.0,267.0,321.0,3104,419
186.0,208.0,226.0,237.0,248.0,270.0,316.0,3097,424
180.0,206.0,226.0,237.0,249.0,272.0,320.0,3107,473
176.0,199.0,221.0,233.0,245.0,271.0,323.0,3097,486
179.0,202.0,220.0,232.0,243.0,265.0,316.0,3105,534
186.0,208.0,225.0,235.0,246.0,265.0,312.0,3119,556
184.0,205.0,221.0,232.0,243.0,264.0,312.0,3114,598
183.0,203.0,219.0,230.0,242.0,264.0,318.0,3106,605
184.0,209.0,227.0,239.0,251.0,275.0,321.0,3103,639
186.0,206.0,223.0,234.0,245.0,265.0,319.0,3114,684
190.0,209.0,225.0,236.0,247.0,268.0,309.0,3102,712
180.0,206.0,225.0,237.0,250.0,277.0,328.0,3093,727
181.0,207.0,229.0,242.0,257.0,288.0,334.0,3110,757
176.0,204.0,225.0,239.0,255.0,292.0,342.0,3103,782
174.0,199.0,220.0,233.0,250.0,296.0,342.0,3109,823
173.0,197.0,218.0,232.0,249.0,300.0,347.0,3093,865
176.0,202.0,222.0,235.0,250.0,293.0,347.0,3111,894
174.0,201.0,226.0,241.0,257.0,295.0,344.0,3103,921
176.0,205.0,227.0,240.0,255.0,287.0,337.0,3103,955
175.0,205.0,227.0,240.0,254.0,288.0,336.0,3090,964
179.0,203.0,224.0,238.0,254.0,290.0,344.0,3115,1015
171.0,199.0,223.0,238.0,255.0,292.0,339.0,3116,1046
173.0,198.0,221.0,236.0,252.0,300.0,345.0,3107,1068
173.0,199.0,220.0,234.0,256.0,299.0,347.0,3107,1086
175.0,202.0,222.0,235.0,249.0,287.0,344.0,3106,1133
173.0,201.0,224.0,237.0,250.0,276.0,315.0,3095,1157
172.0,204.0,227.0,240.0,252.0,278.0,318.0,3094,1177
177.0,205.0,226.0,238.0,250.0,275.0,315.0,3102,1206
169.0,200.0,225.0,239.0,253.0,283.0,323.0,3098,1245
171.0,200.0,223.0,238.0,254.0,293.0,325.0,3112,1288
172.0,200.0,225.0,239.0,254.0,287.0,327.0,3103,1310
189.0,209.0,227.0,239.0,249.0,269.0,320.0,3093,1325
186.0,208.0,225.0,235.0,246.0,263.0,308.0,3116,1362
189.0,209.0,226.0,237.0,247.0,265.0,318.0,3090,1384
190.0,212.0,229.0,239.0,249.0,267.0,328.0,3098,1429
180.0,209.0,228.0,238.0,249.0,271.0,329.0,3095,1461
185.0,207.0,225.0,236.0,247.0,266.0,318.0,3091,1496
184.0,208.0,227.0,238.0,249.0,269.0,322.0,3093,1528
184.0,209.0,227.0,237.0,247.0,265.0,322.0,3095,1543
179.0,207.0,227.0,239.0,250.0,274.0,328.0,3113,1565
177.0,206.0,225.0,236.0,247.0,269.0,327.0,3093,1610
169.0,199.0,224.0,237.0,249.0,280.0,329.0,3107,1641
177.0,203.0,222.0,234.0,246.0,268.0,325.0,3094,1650
178.0,203.0,222.0,233.0,244.0,264.0,319.0,3093,1707
189.0,208.0,225.0,236.0,246.0,265.0,320.0,3118,1736
185.0,208.0,226.0,237.0,248.0,270.0,334.0,3097,1766
186.0,206.0,223.0,234.0,245.0,265.0,328.0,3101,1777
184.0,202.0,219.0,230.0,242.0,261.0,321.0,3115,1825
182.0,202.0,220.0,232.0,244.0,265.0,326.0,3105,1832
183.0,202.0,221.0,232.0,243.0,265.0,331.0,3119,1868
181.0,200.0,218.0,228.0,239.0,258.0,325.0,3112,1915
182.0,199.0,216.0,226.0,237.0,256.0,319.0,3095,1946
184.0,204.0,222.0,232.0,243.0,262.0,328.0,3104,1978
179.0,200.0,220.0,232.0,243.0,265.0,328.0,3118,2006
180.0,201.0,221.0,232.0,243.0,264.0,330.0,3095,2015
180.0,200.0,219.0,231.0,242.0,261.0,322.0,3103,2042
180.0,201.0,220.0,231.0,242.0,260.0,321.0,3111,2098
180.0,203.0,221.0,232.0,242.0,260.0,306.0,3100,2117
181.0,202.0,221.0,232.0,243.0,262.0,318.0,3093,2151
183.0,203.0,221.0,232.0,243.0,262.0,322.0,3112,2162
178.0,207.0,225.0,235.0,246.0,266.0,316.0,3119,2202
127.0,191.0,220.0,233.0,246.0,272.0,314.0,3090,2248
178.0,206.0,224.0,235.0,246.0,267.0,314.0,3096,2270
180.0,206.0,224.0,235.0,245.0,264.0,309.0,3104,2291
169.0,204.0,225.0,237.0,248.0,275.0,320.0,3105,2324
186.0,207.0,223.0,233.0,244.0,263.0,310.0,3097,2365
185.0,206.0,222.0,232.0,243.0,261.0,313.0,3103,2370
185.0,207.0,224.0,235.0,246.0,266.0,315.0,3118,2426
187.0,208.0,225.0,236.0,246.0,266.0,311.0,3115,2436
182.0,204.0,221.0,232.0,243.0,264.0,313.0,3090,2475
186.0,206.0,222.0,232.0,243.0,263.0,307.0,3106,2493
182.0,203.0,221.0,233.0,245.0,268.0,305.0,3091,2548
187.0,208.0,225.0,236.0,247.0,269.0,315.0,3096,2568
175.0,204.0,223.0,235.0,247.0,272.0,311.0,3092,2599
184.0,206.0,223.0,234.0,245.0,266.0,311.0,3094,2612
185.0,205.0,222.0,233.0,245.0,269.0,318.0,3106,2640
188.0,206.0,222.0,232.0,243.0,266.0,321.0,3108,2686
181.0,205.0,223.0,233.0,245.0,271.0,322.0,3102,2722
185.0,207.0,224.0,235.0,246.0,270.0,321.0,3098,2745
183.0,206.0,224.0,235.0,247.0,276.0,326.0,3106,2778
179.0,206.0,224.0,236.0,248.0,275.0,323.0,3107,2792
178.0,205.0,223.0,234.0,246.0,269.0,318.0,3093,2828
177.0,205.0,222.0,233.0,246.0,270.0,319.0,3112,2870
169.0,207.0,225.0,236.0,247.0,272.0,325.0,3093,2893
177.0,205.0,223.0,234.0,247.0,276.0,323.0,3096,2927
131.0,206.0,228.0,241.0,255.0,292.0,333.0,3110,2958
170.0,204.0,223.0,235.0,248.0,279.0,326.0,3095,2997
167.0,203.0,222.0,235.0,248.0,276.0,323.0,3101,3029
176.0,204.0,223.0,235.0,248.0,277.0,320.0,3113,3043
163.0,203.0,222.0,235.0,249.0,280.0,325.0,3101,3085
173.0,202.0,221.0,233.0,247.0,278.0,328.0,3100,3119
171.0,204.0,222.0,234.0,248.0,278.0,324.0,3108,3148
177.0,205.0,224.0,236.0,249.0,281.0,329.0,3103,3163
171.0,203.0,222.0,234.0,248.0,280.0,327.0,3117,3184
179.0,205.0,224.0,236.0,248.0,277.0,327.0,3108,3228
178.0,203.0,222.0,233.0,246.0,272.0,327.0,3091,3261
184.0,205.0,223.0,235.0,248.0,273.0,331.0,3094,3272
179.0,205.0,224.0,236.0,248.0,272.0,320.0,3111,3309
182.0,205.0,224.0,236.0,248.0,271.0,321.0,3091,3332
180.0,209.0,227.0,238.0,248.0,268.0,314.0,3124,24
175.0,210.0,230.0,241.0,251.0,273.0,323.0,3140,39
173.0,208.0,231.0,243.0,255.0,281.0,325.0,3137,74
182.0,208.0,227.0,238.0,248.0,269.0,313.0,3124,110
182.0,208.0,227.0,238.0,248.0,268.0,316.0,3135,126
179.0,208.0,228.0,239.0,250.0,271.0,317.0,3137,157
176.0,201.0,221.0,234.0,246.0,269.0,318.0,3124,194
179.0,203.0,222.0,233.0,245.0,266.0,321.0,3146,220
183.0,205.0,222.0,233.0,245.0,266.0,313.0,3120,255
179.0,204.0,224.0,236.0,247.0,269.0,318.0,3148,289
178.0,207.0,228.0,240.0,253.0,279.0,324.0,3131,327
180.0,207.0,229.0,241.0,253.0,279.0,320.0,3135,347
179.0,207.0,228.0,240.0,253.0,280.0,322.0,3132,363
188.0,210.0,228.0,238.0,249.0,269.0,312.0,3127,398
180.0,208.0,227.0,238.0,250.0,272.0,321.0,3143,449
181.0,208.0,228.0,239.0,251.0,273.0,317.0,3128,471
182.0,207.0,224.0,235.0,246.0,267.0,314.0,3129,494
181.0,209.0,229.0,240.0,252.0,273.0,319.0,3144,520
188.0,208.0,226.0,237.0,248.0,269.0,320.0,3143,559
184.0,209.0,227.0,238.0,249.0,268.0,311.0,3144,595
182.0,208.0,226.0,238.0,249.0,270.0,321.0,3145,616
190.0,213.0,230.0,241.0,252.0,271.0,311.0,3149,653
181.0,209.0,228.0,241.0,254.0,284.0,327.0,3138,663
181.0,207.0,224.0,236.0,249.0,275.0,320.0,3126,707
180.0,208.0,226.0,238.0,251.0,278.0,330.0,3121,739
190.0,209.0,225.0,236.0,248.0,270.0,321.0,3148,754
174.0,199.0,220.0,232.0,247.0,287.0,338.0,3143,803
173.0,199.0,219.0,232.0,247.0,292.0,341.0,3131,825
172.0,198.0,219.0,232.0,249.0,302.0,346.0,3129,845
178.0,204.0,226.0,240.0,255.0,290.0,340.0,3120,888
171.0,199.0,222.0,236.0,252.0,295.0,344.0,3129,913
172.0,201.0,224.0,239.0,254.0,288.0,339.0,3145,957
177.0,202.0,223.0,237.0,252.0,287.0,341.0,3138,985
178.0,204.0,226.0,241.0,257.0,290.0,340.0,3142,991
174.0,202.0,227.0,243.0,258.0,290.0,337.0,3149,1034
178.0,204.0,225.0,239.0,255.0,288.0,339.0,3145,1058
176.0,201.0,222.0,237.0,254.0,299.0,344.0,3121,1109
175.0,199.0,219.0,232.0,249.0,292.0,344.0,3144,1129
180.0,207.0,227.0,238.0,249.0,270.0,316.0,3135,1168
173.0,204.0,226.0,238.0,249.0,274.0,319.0,3130,1197
175.0,205.0,225.0,238.0,253.0,285.0,318.0,3148,1225
178.0,204.0,226.0,239.0,252.0,285.0,320.0,3142,1244
169.0,199.0,225.0,239.0,253.0,283.0,319.0,3122,1262
180.0,206.0,226.0,238.0,250.0,274.0,323.0,3140,1315
183.0,211.0,231.0,243.0,254.0,277.0,325.0,3121,1337
175.0,200.0,221.0,234.0,248.0,273.0,321.0,3125,1370
189.0,209.0,227.0,237.0,248.0,267.0,316.0,3128,1398
190.0,211.0,229.0,239.0,249.0,269.0,320.0,3133,1437
187.0,208.0,226.0,236.0,246.0,265.0,322.0,3123,1460
178.0,208.0,228.0,239.0,249.0,270.0,322.0,3148,1475
185.0,205.0,223.0,235.0,246.0,267.0,319.0,3146,1513
175.0,207.0,227.0,237.0,248.0,268.0,324.0,3120,1536
181.0,209.0,227.0,238.0,248.0,270.0,330.0,3141,1573
185.0,211.0,227.0,237.0,246.0,263.0,317.0,3139,1610
178.0,203.0,224.0,235.0,246.0,265.0,317.0,3127,1628
185.0,207.0,224.0,235.0,245.0,263.0,313.0,3126,1679
180.0,204.0,222.0,233.0,244.0,262.0,321.0,3143,1690
182.0,204.0,222.0,233.0,244.0,262.0,317.0,3148,1731
185.0,206.0,224.0,235.0,246.0,267.0,330.0,3125,1751
186.0,207.0,224.0,235.0,246.0,266.0,325.0,3125,1781
185.0,205.0,223.0,234.0,244.0,264.0,327.0,3138,1824
182.0,202.0,221.0,233.0,245.0,269.0,330.0,3145,1852
180.0,203.0,222.0,233.0,244.0,264.0,320.0,3148,1861
183.0,202.0,220.0,231.0,243.0,263.0,329.0,3128,1893
185.0,203.0,220.0,230.0,241.0,259.0,327.0,3138,1930
182.0,203.0,222.0,233.0,244.0,265.0,326.0,3129,1969
181.0,202.0,220.0,231.0,242.0,261.0,328.0,3129,2004
183.0,202.0,219.0,230.0,241.0,262.0,324.0,3149,2025
180.0,200.0,217.0,228.0,239.0,260.0,325.0,3129,2064
180.0,201.0,219.0,230.0,241.0,261.0,326.0,3120,2087
177.0,200.0,220.0,231.0,243.0,264.0,329.0,3123,2116
180.0,202.0,220.0,231.0,242.0,261.0,320.0,3124,2131
179.0,204.0,222.0,233.0,245.0,264.0,317.0,3133,2188
166.0,205.0,225.0,236.0,248.0,269.0,321.0,3132,2205
172.0,202.0,221.0,233.0,245.0,265.0,311.0,3139,2244
167.0,198.0,220.0,232.0,245.0,265.0,306.0,3129,2255
180.0,204.0,222.0,233.0,244.0,263.0,306.0,3127,2282
158.0,208.0,227.0,237.0,247.0,267.0,317.0,3148,2314
178.0,204.0,222.0,233.0,245.0,265.0,309.0,3149,2363
184.0,207.0,223.0,234.0,245.0,265.0,310.0,3127,2391
182.0,208.0,227.0,237.0,248.0,269.0,322.0,3133,2418
188.0,208.0,225.0,236.0,246.0,265.0,312.0,3121,2433
184.0,205.0,223.0,234.0,246.0,267.0,318.0,3133,2472
185.0,204.0,220.0,231.0,242.0,265.0,317.0,3140,2504
182.0,204.0,222.0,234.0,246.0,267.0,307.0,3125,2544
173.0,199.0,219.0,230.0,243.0,266.0,309.0,3144,2569
169.0,203.0,223.0,235.0,247.0,273.0,318.0,3122,2586
187.0,206.0,221.0,232.0,243.0,263.0,311.0,3136,2630
187.0,206.0,222.0,233.0,245.0,268.0,316.0,3135,2654
188.0,207.0,223.0,234.0,245.0,267.0,318.0,3127,2689
177.0,205.0,223.0,234.0,247.0,274.0,327.0,3129,2721
183.0,207.0,225.0,237.0,249.0,275.0,325.0,3144,2744
181.0,205.0,223.0,234.0,246.0,275.0,322.0,3146,2761
183.0,206.0,224.0,235.0,247.0,273.0,322.0,3128,2795
160.0,202.0,220.0,232.0,244.0,269.0,319.0,3123,2825
167.0,205.0,224.0,235.0,248.0,274.0,328.0,3146,2864
180.0,205.0,223.0,234.0,247.0,273.0,327.0,3141,2886
175.0,203.0,219.0,229.0,240.0,264.0,316.0,3144,2919
171.0,200.0,219.0,231.0,245.0,268.0,313.0,3129,2967
135.0,202.0,223.0,235.0,248.0,278.0,327.0,3123,2990
182.0,204.0,221.0,232.0,246.0,279.0,323.0,3122,3029
176.0,205.0,225.0,238.0,251.0,285.0,331.0,3137,3031
173.0,201.0,221.0,233.0,247.0,278.0,324.0,3141,3089
178.0,203.0,223.0,235.0,248.0,276.0,320.0,3143,3103
177.0,204.0,223.0,235.0,248.0,276.0,318.0,3141,3135
168.0,204.0,223.0,235.0,248.0,279.0,328.0,3139,3150
169.0,202.0,222.0,235.0,250.0,286.0,330.0,3138,3199
172.0,203.0,222.0,234.0,247.0,276.0,325.0,3126,3233
175.0,204.0,222.0,234.0,247.0,273.0,318.0,3129,3249
171.0,202.0,222.0,234.0,248.0,274.0,323.0,3121,3295
169.0,201.0,221.0,233.0,247.0,270.0,310.0,3139,3327
177.0,202.0,221.0,232.0,246.0,272.0,322.0,3127,3330
184.0,213.0,230.0,240.0,250.0,269.0,308.0,3173,2
180.0,211.0,230.0,240.0,250.0,272.0,315.0,3166,40
181.0,213.0,231.0,241.0,251.0,272.0,318.0,3176,69
183.0,213.0,231.0,242.0,252.0,275.0,323.0,3174,102
186.0,212.0,230.0,240.0,250.0,269.0,316.0,3166,127
178.0,206.0,226.0,238.0,249.0,270.0,319.0,3165,166
178.0,203.0,222.0,234.0,245.0,267.0,319.0,3159,205
182.0,205.0,222.0,233.0,244.0,264.0,315.0,3155,220
176.0,201.0,221.0,233.0,245.0,267.0,314.0,3171,259
179.0,202.0,222.0,234.0,246.0,270.0,320.0,3155,279
184.0,207.0,225.0,237.0,248.0,270.0,319.0,3158,302
176.0,204.0,225.0,236.0,248.0,269.0,323.0,3164,347
180.0,208.0,226.0,238.0,251.0,277.0,328.0,3161,380
186.0,211.0,229.0,240.0,250.0,272.0,324.0,3158,406
185.0,211.0,228.0,239.0,251.0,274.0,323.0,3174,421
183.0,209.0,228.0,239.0,250.0,269.0,321.0,3153,450
183.0,207.0,226.0,237.0,249.0,272.0,317.0,3174,485
179.0,204.0,225.0,238.0,251.0,278.0,326.0,3164,538
180.0,204.0,225.0,238.0,251.0,278.0,323.0,3157,560
178.0,208.0,229.0,241.0,253.0,280.0,324.0,3150,581
183.0,205.0,223.0,234.0,245.0,266.0,323.0,3156,624
186.0,211.0,229.0,240.0,251.0,270.0,311.0,3153,651
185.0,207.0,225.0,236.0,248.0,271.0,319.0,3154,676
184.0,206.0,224.0,236.0,248.0,270.0,316.0,3153,693
191.0,212.0,229.0,239.0,251.0,271.0,319.0,3159,738
183.0,205.0,223.0,234.0,245.0,265.0,316.0,3179,763
176.0,203.0,221.0,233.0,248.0,281.0,336.0,3156,795
173.0,200.0,220.0,234.0,250.0,291.0,340.0,3152,816
174.0,205.0,227.0,241.0,257.0,293.0,345.0,3176,863
177.0,205.0,226.0,240.0,255.0,290.0,336.0,3163,874
178.0,208.0,230.0,243.0,257.0,287.0,335.0,3167,902
180.0,206.0,228.0,240.0,254.0,278.0,331.0,3161,950
175.0,204.0,225.0,240.0,255.0,288.0,338.0,3173,982
182.0,209.0,230.0,244.0,258.0,288.0,333.0,3178,998
177.0,204.0,226.0,240.0,256.0,286.0,336.0,3172,1035
182.0,206.0,226.0,240.0,255.0,287.0,334.0,3154,1051
179.0,205.0,224.0,237.0,252.0,284.0,339.0,3164,1085
176.0,201.0,221.0,235.0,251.0,286.0,339.0,3154,1133
179.0,206.0,226.0,238.0,249.0,271.0,316.0,3175,1154
177.0,204.0,225.0,237.0,249.0,272.0,316.0,3171,1170
177.0,207.0,229.0,241.0,253.0,281.0,327.0,3166,1208
174.0,202.0,225.0,238.0,251.0,277.0,318.0,3168,1253
179.0,206.0,227.0,239.0,251.0,274.0,320.0,3175,1285
184.0,207.0,226.0,238.0,250.0,271.0,320.0,3165,1299
183.0,206.0,225.0,237.0,248.0,270.0,317.0,3153,1332
183.0,204.0,222.0,233.0,244.0,263.0,308.0,3164,1372
183.0,206.0,223.0,234.0,246.0,267.0,317.0,3164,1395
174.0,206.0,226.0,237.0,249.0,278.0,319.0,3178,1415
185.0,209.0,227.0,237.0,247.0,266.0,317.0,3166,1455
155.0,198.0,220.0,233.0,246.0,274.0,324.0,3174,1470
179.0,205.0,225.0,236.0,247.0,267.0,316.0,3165,1525
187.0,209.0,226.0,236.0,246.0,265.0,320.0,3176,1534
182.0,207.0,226.0,237.0,248.0,270.0,331.0,3158,1586
184.0,209.0,226.0,236.0,246.0,264.0,319.0,3152,1618
182.0,205.0,224.0,235.0,245.0,264.0,325.0,3177,1621
173.0,198.0,223.0,237.0,253.0,296.0,333.0,3176,1673
179.0,204.0,224.0,236.0,247.0,269.0,325.0,3152,1705
182.0,205.0,224.0,235.0,246.0,266.0,324.0,3171,1735
182.0,205.0,224.0,234.0,245.0,263.0,322.0,3173,1757
178.0,203.0,223.0,234.0,246.0,267.0,326.0,3178,1778
185.0,206.0,224.0,234.0,245.0,264.0,326.0,3177,1807
185.0,201.0,218.0,228.0,239.0,257.0,298.0,3156,1834
182.0,201.0,220.0,231.0,242.0,264.0,330.0,3160,1881
182.0,202.0,221.0,232.0,243.0,264.0,329.0,3171,1909
180.0,200.0,220.0,232.0,243.0,269.0,336.0,3162,1928
183.0,203.0,220.0,230.0,241.0,259.0,331.0,3170,1972
183.0,202.0,219.0,230.0,241.0,260.0,331.0,3166,1981
180.0,201.0,219.0,230.0,242.0,263.0,329.0,3155,2024
176.0,200.0,222.0,235.0,248.0,280.0,329.0,3175,2054
179.0,202.0,222.0,234.0,245.0,268.0,325.0,3160,2093
179.0,201.0,221.0,233.0,245.0,268.0,325.0,3159,2124
181.0,201.0,220.0,231.0,243.0,264.0,326.0,3161,2155
185.0,205.0,222.0,232.0,243.0,262.0,323.0,3153,2175
180.0,206.0,224.0,235.0,245.0,264.0,315.0,3166,2210
144.0,193.0,220.0,235.0,248.0,275.0,319.0,3170,2222
177.0,201.0,221.0,232.0,244.0,264.0,307.0,3170,2256
169.0,202.0,224.0,236.0,247.0,271.0,320.0,3177,2283
127.0,202.0,225.0,237.0,249.0,273.0,322.0,3157,2312
183.0,207.0,225.0,236.0,246.0,265.0,314.0,3152,2340
179.0,205.0,225.0,236.0,249.0,273.0,324.0,3172,2399
181.0,207.0,226.0,238.0,249.0,270.0,319.0,3178,2409
179.0,206.0,228.0,239.0,251.0,275.0,325.0,3151,2437
180.0,203.0,223.0,234.0,246.0,268.0,323.0,3172,2469
187.0,206.0,222.0,232.0,243.0,262.0,306.0,3160,2518
189.0,208.0,225.0,234.0,244.0,263.0,311.0,3171,2521
180.0,204.0,222.0,233.0,246.0,271.0,320.0,3171,2575
181.0,203.0,220.0,231.0,244.0,269.0,312.0,3163,2588
187.0,205.0,222.0,232.0,243.0,264.0,306.0,3171,2622
185.0,213.0,231.0,241.0,251.0,271.0,309.0,3175,2643
183.0,205.0,222.0,234.0,245.0,268.0,314.0,3170,2684
178.0,207.0,225.0,236.0,247.0,271.0,326.0,3155,2723
185.0,205.0,223.0,234.0,246.0,270.0,318.0,3170,2736
181.0,206.0,223.0,235.0,248.0,279.0,327.0,3152,2761
150.0,202.0,221.0,232.0,244.0,270.0,322.0,3155,2817
131.0,199.0,220.0,233.0,246.0,273.0,325.0,3178,2840
165.0,201.0,220.0,231.0,243.0,268.0,315.0,3162,2856
179.0,203.0,220.0,231.0,243.0,268.0,319.0,3165,2897
173.0,201.0,218.0,227.0,237.0,256.0,299.0,3175,2928
171.0,200.0,219.0,230.0,243.0,267.0,316.0,3162,2956
176.0,204.0,223.0,235.0,248.0,277.0,323.0,3166,2981
184.0,206.0,224.0,235.0,248.0,273.0,323.0,3163,3022
176.0,204.0,223.0,235.0,248.0,278.0,326.0,3152,3050
170.0,204.0,224.0,237.0,249.0,278.0,323.0,3167,3069
175.0,203.0,223.0,236.0,249.0,283.0,330.0,3162,3115
179.0,204.0,223.0,235.0,249.0,283.0,322.0,3158,3138
177.0,204.0,222.0,233.0,246.0,275.0,319.0,3170,3160
167.0,203.0,221.0,234.0,247.0,274.0,331.0,3154,3200
171.0,202.0,221.0,234.0,247.0,278.0,331.0,3162,3213
181.0,205.0,226.0,239.0,252.0,279.0,336.0,3171,3255
174.0,202.0,220.0,231.0,245.0,270.0,315.0,3168,3272
171.0,200.0,220.0,232.0,246.0,272.0,316.0,3159,3321
171.0,199.0,220.0,233.0,246.0,272.0,317.0,3158,3333
187.0,213.0,231.0,241.0,251.0,272.0,324.0,3205,10
186.0,213.0,231.0,241.0,251.0,271.0,317.0,3198,47
181.0,212.0,230.0,240.0,250.0,272.0,318.0,3198,71
186.0,213.0,230.0,240.0,250.0,269.0,320.0,3185,96
179.0,213.0,234.0,246.0,259.0,286.0,324.0,3202,138
182.0,212.0,232.0,243.0,254.0,277.0,320.0,3183,159
180.0,208.0,229.0,240.0,252.0,278.0,327.0,3208,197
180.0,204.0,222.0,233.0,244.0,264.0,318.0,3183,239
178.0,203.0,222.0,234.0,246.0,268.0,317.0,3199,269
180.0,204.0,223.0,234.0,246.0,268.0,317.0,3209,286
181.0,202.0,219.0,230.0,242.0,263.0,315.0,3196,313
184.0,208.0,226.0,238.0,250.0,273.0,325.0,3183,352
182.0,209.0,228.0,239.0,251.0,274.0,323.0,3195,377
187.0,211.0,228.0,239.0,249.0,267.0,317.0,3198,399
174.0,202.0,225.0,237.0,250.0,274.0,322.0,3208,424
182.0,208.0,228.0,240.0,251.0,275.0,324.0,3196,474
188.0,211.0,229.0,239.0,249.0,267.0,312.0,3190,486
179.0,207.0,228.0,240.0,252.0,275.0,320.0,3209,525
181.0,210.0,229.0,241.0,252.0,276.0,321.0,3202,561
184.0,210.0,229.0,240.0,252.0,274.0,325.0,3195,593
182.0,206.0,225.0,236.0,247.0,268.0,320.0,3199,617
177.0,201.0,222.0,234.0,247.0,272.0,327.0,3205,643
183.0,207.0,226.0,238.0,250.0,272.0,320.0,3196,667
181.0,207.0,226.0,238.0,250.0,273.0,320.0,3193,705
180.0,205.0,225.0,237.0,250.0,275.0,323.0,3205,732
177.0,203.0,222.0,234.0,246.0,268.0,318.0,3193,753
185.0,208.0,226.0,238.0,251.0,275.0,321.0,3200,803
183.0,207.0,226.0,238.0,251.0,276.0,330.0,3202,815
177.0,205.0,226.0,239.0,255.0,294.0,341.0,3183,863
176.0,201.0,220.0,233.0,249.0,287.0,337.0,3192,884
177.0,205.0,227.0,241.0,256.0,290.0,338.0,3184,919
172.0,205.0,226.0,240.0,254.0,283.0,335.0,3180,949
173.0,201.0,222.0,236.0,255.0,289.0,337.0,3197,967
179.0,208.0,227.0,240.0,253.0,278.0,329.0,3182,1005
173.0,208.0,231.0,245.0,258.0,283.0,325.0,3183,1049
177.0,204.0,224.0,237.0,252.0,283.0,335.0,3193,1072
177.0,205.0,225.0,238.0,252.0,282.0,334.0,3185,1093
173.0,200.0,221.0,235.0,251.0,292.0,340.0,3209,1123
174.0,207.0,228.0,240.0,252.0,278.0,322.0,3203,1144
174.0,203.0,227.0,240.0,252.0,280.0,323.0,3192,1180
174.0,205.0,228.0,241.0,253.0,282.0,322.0,3204,1216
170.0,203.0,225.0,239.0,254.0,287.0,322.0,3187,1230
182.0,207.0,227.0,239.0,250.0,271.0,317.0,3200,1275
181.0,207.0,226.0,238.0,249.0,273.0,327.0,3200,1299
187.0,205.0,222.0,233.0,244.0,264.0,309.0,3206,1344
184.0,206.0,225.0,236.0,248.0,270.0,317.0,3192,1368
180.0,203.0,220.0,232.0,243.0,264.0,318.0,3184,1402
181.0,204.0,221.0,232.0,243.0,264.0,315.0,3191,1411
186.0,208.0,225.0,235.0,246.0,266.0,313.0,3198,1458
181.0,204.0,221.0,231.0,242.0,259.0,283.0,3198,1487
180.0,205.0,225.0,237.0,249.0,274.0,323.0,3180,1524
187.0,210.0,228.0,238.0,247.0,265.0,323.0,3208,1532
179.0,209.0,228.0,239.0,249.0,271.0,331.0,3189,1587
174.0,208.0,227.0,238.0,248.0,270.0,330.0,3186,1596
177.0,203.0,224.0,236.0,248.0,271.0,327.0,3190,1626
179.0,201.0,221.0,234.0,246.0,267.0,323.0,3201,1676
171.0,201.0,224.0,237.0,250.0,290.0,334.0,3180,1706
176.0,199.0,221.0,234.0,246.0,270.0,326.0,3201,1722
180.0,203.0,224.0,235.0,246.0,267.0,328.0,3204,1754
186.0,205.0,223.0,234.0,245.0,266.0,323.0,3189,1790
190.0,208.0,225.0,236.0,246.0,265.0,328.0,3183,1821
187.0,204.0,220.0,231.0,242.0,260.0,316.0,3191,1857
186.0,203.0,220.0,230.0,242.0,261.0,319.0,3182,1869
183.0,202.0,219.0,230.0,241.0,260.0,319.0,3190,1902
182.0,201.0,220.0,231.0,242.0,263.0,327.0,3208,1927
182.0,201.0,219.0,230.0,241.0,261.0,325.0,3207,1976
182.0,201.0,219.0,230.0,242.0,261.0,324.0,3203,2004
183.0,203.0,221.0,233.0,244.0,268.0,322.0,3195,2037
181.0,199.0,218.0,229.0,240.0,261.0,324.0,3202,2065
175.0,198.0,220.0,233.0,247.0,279.0,331.0,3185,2073
182.0,202.0,221.0,232.0,243.0,265.0,330.0,3197,2104
181.0,201.0,219.0,230.0,241.0,263.0,325.0,3186,2132
179.0,200.0,220.0,232.0,243.0,264.0,328.0,3207,2161
150.0,200.0,224.0,236.0,248.0,275.0,322.0,3202,2219
129.0,194.0,223.0,236.0,248.0,272.0,313.0,3200,2230
176.0,203.0,221.0,232.0,243.0,264.0,316.0,3194,2266
181.0,206.0,226.0,237.0,248.0,271.0,321.0,3181,2301
144.0,202.0,225.0,238.0,250.0,275.0,322.0,3187,2329
178.0,203.0,225.0,237.0,249.0,271.0,321.0,3187,2359
179.0,205.0,224.0,235.0,246.0,266.0,321.0,3193,2391
182.0,205.0,224.0,235.0,246.0,266.0,315.0,3204,2404
181.0,206.0,225.0,237.0,248.0,268.0,323.0,3184,2442
185.0,206.0,223.0,233.0,244.0,264.0,308.0,3182,2483
186.0,205.0,222.0,232.0,244.0,265.0,314.0,3188,2498
182.0,207.0,225.0,236.0,246.0,268.0,315.0,3204,2529
172.0,198.0,218.0,230.0,244.0,270.0,314.0,3204,2574
187.0,206.0,223.0,234.0,245.0,265.0,305.0,3188,2601
184.0,210.0,228.0,239.0,251.0,272.0,311.0,3186,2631
184.0,213.0,231.0,242.0,253.0,273.0,309.0,3180,2643
188.0,206.0,223.0,233.0,245.0,266.0,309.0,3196,2674
173.0,206.0,225.0,237.0,250.0,277.0,322.0,3188,2707
186.0,207.0,226.0,237.0,250.0,279.0,328.0,3182,2759
184.0,207.0,225.0,237.0,249.0,278.0,327.0,3197,2781
179.0,205.0,223.0,236.0,248.0,276.0,322.0,3201,2796
173.0,199.0,218.0,228.0,240.0,261.0,301.0,3186,2849
176.0,199.0,217.0,228.0,240.0,262.0,304.0,3196,2869
179.0,205.0,222.0,233.0,245.0,271.0,321.0,3202,2897
152.0,198.0,217.0,229.0,242.0,270.0,317.0,3196,2935
135.0,201.0,220.0,231.0,244.0,272.0,319.0,3206,2942
175.0,203.0,222.0,235.0,249.0,279.0,321.0,3186,2996
178.0,203.0,222.0,234.0,248.0,276.0,320.0,3205,3002
176.0,202.0,220.0,232.0,246.0,279.0,327.0,3201,3037
170.0,201.0,221.0,233.0,247.0,279.0,329.0,3202,3061
171.0,201.0,220.0,232.0,245.0,280.0,324.0,3199,3098
168.0,203.0,222.0,235.0,248.0,280.0,325.0,3197,3122
169.0,203.0,222.0,235.0,249.0,280.0,323.0,3187,3173
172.0,203.0,222.0,235.0,248.0,279.0,329.0,3180,3190
183.0,203.0,221.0,232.0,245.0,274.0,331.0,3192,3235
181.0,203.0,221.0,233.0,246.0,275.0,328.0,3185,3250
176.0,201.0,220.0,232.0,246.0,276.0,327.0,3208,3289
176.0,202.0,222.0,235.0,248.0,278.0,329.0,3186,3328
178.0,202.0,221.0,233.0,246.0,273.0,325.0,3192,3330
188.0,213.0,229.0,239.0,248.0,267.0,316.0,3236,24
182.0,211.0,229.0,239.0,249.0,269.0,316.0,3233,55
183.0,211.0,229.0,239.0,249.0,268.0,315.0,3213,82
179.0,212.0,232.0,243.0,254.0,280.0,318.0,3235,91
177.0,207.0,230.0,242.0,253.0,278.0,322.0,3229,136
176.0,205.0,228.0,240.0,253.0,277.0,324.0,3236,153
177.0,206.0,228.0,240.0,251.0,274.0,325.0,3232,193
178.0,208.0,230.0,241.0,254.0,279.0,324.0,3219,215
179.0,203.0,224.0,236.0,247.0,270.0,324.0,3229,258
181.0,203.0,220.0,231.0,242.0,260.0,320.0,3225,280
182.0,203.0,220.0,231.0,243.0,263.0,315.0,3227,317
186.0,209.0,227.0,237.0,247.0,268.0,320.0,3233,349
189.0,210.0,227.0,237.0,247.0,266.0,318.0,3229,374
180.0,208.0,227.0,238.0,249.0,272.0,327.0,3238,416
185.0,209.0,226.0,237.0,248.0,268.0,313.0,3235,434
183.0,209.0,227.0,238.0,249.0,270.0,319.0,3237,472
181.0,207.0,226.0,237.0,249.0,271.0,322.0,3229,485
178.0,206.0,227.0,239.0,252.0,276.0,323.0,3215,532
181.0,207.0,226.0,237.0,249.0,270.0,316.0,3231,544
180.0,205.0,225.0,237.0,249.0,274.0,323.0,3230,599
181.0,204.0,223.0,235.0,247.0,270.0,320.0,3224,611
183.0,207.0,227.0,238.0,250.0,272.0,322.0,3215,659
182.0,212.0,232.0,244.0,256.0,280.0,326.0,3239,689
182.0,207.0,227.0,239.0,250.0,273.0,322.0,3225,715
182.0,206.0,227.0,239.0,251.0,277.0,328.0,3222,730
186.0,208.0,226.0,237.0,249.0,271.0,327.0,3237,774
186.0,208.0,227.0,239.0,253.0,278.0,326.0,3231,803
187.0,207.0,225.0,237.0,248.0,269.0,317.0,3233,838
186.0,207.0,225.0,236.0,248.0,270.0,331.0,3210,844
176.0,202.0,223.0,237.0,250.0,280.0,337.0,3238,874
176.0,205.0,228.0,241.0,254.0,282.0,332.0,3233,914
175.0,199.0,221.0,234.0,249.0,279.0,332.0,3224,955
180.0,205.0,225.0,237.0,250.0,275.0,324.0,3225,976
176.0,208.0,229.0,242.0,255.0,284.0,324.0,3234,992
179.0,205.0,226.0,240.0,253.0,282.0,335.0,3231,1043
172.0,203.0,225.0,238.0,252.0,284.0,332.0,3213,1064
171.0,199.0,221.0,235.0,250.0,288.0,336.0,3217,1105
175.0,201.0,223.0,237.0,251.0,287.0,338.0,3213,1136
175.0,207.0,230.0,241.0,253.0,278.0,319.0,3230,1164
174.0,206.0,228.0,240.0,252.0,277.0,321.0,3212,1176
179.0,207.0,229.0,240.0,252.0,277.0,320.0,3219,1201
182.0,205.0,224.0,236.0,247.0,268.0,312.0,3238,1240
183.0,207.0,226.0,237.0,248.0,268.0,310.0,3213,1260
170.0,202.0,227.0,240.0,254.0,288.0,327.0,3236,1298
185.0,209.0,228.0,239.0,250.0,271.0,315.0,3229,1340
184.0,207.0,225.0,237.0,248.0,269.0,317.0,3223,1377
182.0,207.0,225.0,236.0,248.0,268.0,319.0,3225,1381
183.0,204.0,220.0,231.0,243.0,262.0,316.0,3229,1427
169.0,203.0,223.0,235.0,248.0,277.0,324.0,3215,1460
168.0,203.0,223.0,235.0,248.0,277.0,324.0,3221,1470
184.0,210.0,227.0,238.0,248.0,267.0,326.0,3217,1528
171.0,207.0,228.0,240.0,251.0,273.0,329.0,3227,1553
182.0,205.0,224.0,235.0,246.0,264.0,320.0,3222,1585
174.0,204.0,224.0,235.0,246.0,266.0,316.0,3236,1617
179.0,202.0,221.0,233.0,245.0,264.0,315.0,3232,1629
174.0,203.0,224.0,236.0,247.0,267.0,318.0,3219,1659
180.0,205.0,224.0,235.0,245.0,263.0,312.0,3231,1689
181.0,203.0,222.0,234.0,245.0,265.0,324.0,3221,1736
181.0,207.0,227.0,238.0,248.0,271.0,326.0,3210,1760
178.0,203.0,224.0,237.0,249.0,276.0,327.0,3223,1778
189.0,210.0,228.0,238.0,249.0,269.0,328.0,3225,1800
177.0,203.0,226.0,238.0,251.0,280.0,332.0,3239,1846
181.0,202.0,221.0,233.0,245.0,269.0,328.0,3232,1877
183.0,202.0,221.0,233.0,245.0,267.0,330.0,3228,1896
181.0,202.0,220.0,231.0,243.0,263.0,324.0,3222,1936
183.0,202.0,220.0,231.0,244.0,265.0,329.0,3220,1960
184.0,204.0,222.0,234.0,245.0,265.0,326.0,3235,1980
182.0,201.0,219.0,230.0,242.0,261.0,318.0,3238,2011
182.0,202.0,220.0,231.0,242.0,262.0,331.0,3221,2068
184.0,203.0,221.0,232.0,242.0,263.0,335.0,3231,2077
183.0,202.0,220.0,231.0,242.0,262.0,330.0,3218,2111
182.0,203.0,222.0,233.0,244.0,263.0,320.0,3231,2150
179.0,201.0,221.0,232.0,243.0,263.0,322.0,3212,2160
183.0,206.0,225.0,235.0,245.0,265.0,319.0,3224,2211
133.0,193.0,223.0,236.0,249.0,277.0,323.0,3212,2223
124.0,195.0,222.0,235.0,247.0,269.0,314.0,3239,2250
166.0,201.0,222.0,234.0,246.0,268.0,315.0,3229,2281
177.0,206.0,226.0,237.0,248.0,269.0,321.0,3218,2316
181.0,204.0,223.0,235.0,246.0,268.0,325.0,3220,2357
182.0,204.0,224.0,236.0,248.0,270.0,325.0,3233,2388
180.0,206.0,227.0,239.0,251.0,271.0,321.0,3217,2414
180.0,205.0,227.0,239.0,250.0,272.0,325.0,3229,2432
184.0,204.0,221.0,232.0,244.0,268.0,329.0,3220,2477
184.0,207.0,227.0,238.0,250.0,273.0,324.0,3235,2510
180.0,204.0,223.0,235.0,247.0,269.0,316.0,3239,2541
149.0,200.0,221.0,233.0,246.0,272.0,322.0,3218,2558
179.0,203.0,221.0,234.0,248.0,274.0,320.0,3228,2580
185.0,205.0,222.0,233.0,244.0,265.0,307.0,3230,2614
188.0,206.0,223.0,234.0,245.0,267.0,310.0,3221,2654
187.0,206.0,222.0,233.0,245.0,268.0,307.0,3218,2685
185.0,205.0,223.0,234.0,246.0,268.0,317.0,3237,2728
186.0,209.0,227.0,237.0,248.0,273.0,324.0,3217,2738
188.0,207.0,224.0,235.0,247.0,268.0,311.0,3224,2763
180.0,204.0,222.0,233.0,247.0,274.0,318.0,3214,2801
169.0,199.0,218.0,230.0,242.0,264.0,306.0,3235,2829
177.0,204.0,222.0,234.0,248.0,276.0,320.0,3228,2869
179.0,201.0,219.0,231.0,244.0,267.0,313.0,3234,2904
144.0,203.0,222.0,234.0,248.0,279.0,322.0,3226,2938
174.0,204.0,223.0,234.0,247.0,277.0,325.0,3213,2962
166.0,201.0,222.0,234.0,248.0,282.0,330.0,3218,2977
175.0,201.0,219.0,231.0,245.0,277.0,322.0,3216,3021
171.0,204.0,223.0,236.0,250.0,281.0,332.0,3221,3051
171.0,203.0,224.0,237.0,252.0,288.0,331.0,3219,3075
176.0,203.0,222.0,234.0,247.0,275.0,324.0,3233,3112
179.0,204.0,222.0,233.0,246.0,274.0,319.0,3213,3124
175.0,203.0,222.0,235.0,248.0,276.0,324.0,3225,3167
175.0,203.0,223.0,236.0,249.0,282.0,320.0,3224,3187
175.0,203.0,222.0,235.0,248.0,276.0,326.0,3236,3227
168.0,203.0,224.0,237.0,251.0,281.0,330.0,3228,3268
173.0,202.0,222.0,235.0,248.0,275.0,329.0,3237,3287
180.0,203.0,221.0,233.0,246.0,274.0,332.0,3237,3324
178.0,204.0,224.0,237.0,250.0,278.0,335.0,3233,3330
187.0,212.0,229.0,239.0,249.0,270.0,324.0,3258,13
177.0,207.0,228.0,239.0,249.0,271.0,324.0,3259,43
185.0,210.0,228.0,238.0,248.0,266.0,316.0,3245,70
185.0,209.0,227.0,237.0,247.0,265.0,316.0,3264,105
179.0,207.0,228.0,239.0,250.0,273.0,326.0,3264,139
179.0,208.0,229.0,240.0,251.0,273.0,326.0,3264,156
178.0,204.0,226.0,237.0,248.0,271.0,321.0,3259,196
177.0,205.0,228.0,240.0,252.0,276.0,321.0,3241,210
178.0,210.0,231.0,243.0,256.0,283.0,333.0,3254,260
178.0,205.0,226.0,238.0,250.0,273.0,322.0,3252,276
182.0,203.0,221.0,231.0,242.0,262.0,315.0,3259,329
184.0,207.0,225.0,236.0,247.0,268.0,313.0,3269,332
183.0,208.0,226.0,237.0,248.0,269.0,324.0,3268,378
181.0,207.0,226.0,238.0,249.0,272.0,325.0,3243,409
176.0,204.0,226.0,238.0,252.0,283.0,325.0,3269,438
185.0,210.0,228.0,238.0,249.0,272.0,324.0,3263,465
180.0,205.0,225.0,238.0,250.0,271.0,316.0,3250,489
183.0,210.0,228.0,239.0,251.0,274.0,322.0,3240,512
182.0,209.0,228.0,239.0,250.0,271.0,320.0,3269,541
180.0,208.0,228.0,239.0,251.0,276.0,323.0,3248,575
174.0,207.0,228.0,240.0,253.0,274.0,317.0,3260,621
187.0,212.0,230.0,240.0,251.0,272.0,321.0,3260,657
183.0,208.0,228.0,240.0,252.0,275.0,322.0,3254,672
183.0,210.0,230.0,241.0,253.0,275.0,327.0,3265,709
184.0,208.0,226.0,238.0,249.0,270.0,324.0,3243,741
187.0,208.0,225.0,236.0,248.0,269.0,321.0,3247,758
189.0,210.0,227.0,238.0,249.0,269.0,320.0,3240,793
189.0,212.0,229.0,240.0,251.0,272.0,321.0,3255,814
176.0,202.0,223.0,238.0,253.0,284.0,335.0,3244,856
173.0,200.0,221.0,235.0,251.0,286.0,340.0,3243,882
178.0,202.0,223.0,236.0,251.0,281.0,334.0,3246,903
181.0,204.0,224.0,236.0,249.0,274.0,317.0,3246,942
172.0,201.0,224.0,238.0,252.0,283.0,330.0,3257,981
176.0,205.0,227.0,241.0,255.0,284.0,332.0,3245,1000
173.0,201.0,223.0,236.0,252.0,286.0,339.0,3254,1038
179.0,205.0,226.0,239.0,253.0,283.0,336.0,3261,1056
176.0,201.0,222.0,236.0,251.0,282.0,332.0,3247,1106
172.0,200.0,221.0,234.0,248.0,283.0,333.0,3247,1138
172.0,200.0,226.0,240.0,252.0,277.0,317.0,3251,1150
180.0,205.0,227.0,239.0,250.0,272.0,318.0,3264,1171
175.0,204.0,227.0,240.0,252.0,276.0,317.0,3268,1206
178.0,202.0,222.0,235.0,247.0,269.0,311.0,3252,1254
179.0,203.0,222.0,234.0,245.0,263.0,305.0,3265,1261
138.0,200.0,225.0,239.0,255.0,292.0,323.0,3244,1300
188.0,209.0,228.0,239.0,250.0,271.0,316.0,3269,1334
182.0,207.0,228.0,240.0,252.0,278.0,320.0,3267,1350
185.0,207.0,226.0,238.0,249.0,273.0,319.0,3263,1395
183.0,206.0,225.0,238.0,251.0,279.0,320.0,3251,1411
183.0,205.0,223.0,235.0,247.0,267.0,316.0,3256,1445
174.0,200.0,222.0,235.0,248.0,272.0,324.0,3262,1475
176.0,201.0,220.0,233.0,245.0,266.0,315.0,3261,1500
165.0,198.0,223.0,237.0,251.0,286.0,322.0,3265,1542
172.0,201.0,226.0,239.0,251.0,277.0,321.0,3261,1564
183.0,205.0,223.0,234.0,245.0,264.0,320.0,3261,1617
177.0,203.0,222.0,234.0,245.0,264.0,314.0,3249,1636
179.0,204.0,223.0,235.0,246.0,265.0,313.0,3245,1679
176.0,198.0,219.0,233.0,246.0,269.0,316.0,3256,1686
182.0,205.0,223.0,234.0,245.0,265.0,324.0,3251,1733
180.0,204.0,224.0,235.0,246.0,265.0,322.0,3259,1745
175.0,199.0,221.0,233.0,247.0,282.0,329.0,3254,1797
174.0,199.0,222.0,236.0,251.0,280.0,328.0,3252,1817
176.0,200.0,224.0,238.0,252.0,294.0,329.0,3245,1837
182.0,206.0,226.0,238.0,249.0,272.0,328.0,3245,1887
188.0,206.0,223.0,234.0,245.0,263.0,318.0,3265,1902
183.0,204.0,222.0,234.0,245.0,266.0,326.0,3248,1923
183.0,202.0,220.0,232.0,243.0,264.0,326.0,3260,1974
185.0,204.0,222.0,234.0,245.0,263.0,315.0,3249,2002
185.0,203.0,221.0,232.0,243.0,262.0,321.0,3254,2030
186.0,204.0,222.0,233.0,244.0,263.0,320.0,3269,2068
184.0,203.0,221.0,232.0,243.0,262.0,316.0,3265,2091
182.0,202.0,220.0,232.0,243.0,262.0,324.0,3245,2108
182.0,202.0,222.0,233.0,244.0,263.0,321.0,3248,2141
181.0,203.0,222.0,234.0,245.0,265.0,324.0,3249,2165
180.0,205.0,226.0,237.0,248.0,269.0,322.0,3262,2216
182.0,206.0,225.0,236.0,247.0,266.0,315.0,3267,2245
132.0,192.0,220.0,234.0,246.0,269.0,316.0,3262,2256
130.0,202.0,225.0,236.0,248.0,273.0,322.0,3253,2307
171.0,205.0,225.0,235.0,246.0,267.0,320.0,3267,2323
182.0,205.0,224.0,235.0,245.0,266.0,320.0,3262,2363
180.0,202.0,221.0,233.0,245.0,269.0,328.0,3247,2394
183.0,206.0,225.0,236.0,248.0,271.0,325.0,3241,2416
188.0,207.0,225.0,236.0,247.0,270.0,326.0,3245,2443
190.0,208.0,225.0,235.0,246.0,265.0,318.0,3250,2468
183.0,205.0,222.0,234.0,245.0,268.0,322.0,3255,2495
173.0,199.0,220.0,233.0,246.0,270.0,310.0,3266,2529
162.0,203.0,223.0,235.0,247.0,270.0,320.0,3265,2563
183.0,204.0,221.0,233.0,245.0,268.0,311.0,3265,2596
186.0,206.0,223.0,234.0,245.0,266.0,302.0,3243,2618
189.0,207.0,225.0,236.0,247.0,268.0,306.0,3249,2665
185.0,206.0,224.0,235.0,247.0,269.0,305.0,3256,2690
187.0,205.0,223.0,234.0,246.0,268.0,315.0,3265,2719
185.0,205.0,223.0,235.0,247.0,271.0,324.0,3259,2746
181.0,206.0,225.0,236.0,248.0,272.0,327.0,3267,2787
179.0,204.0,223.0,235.0,248.0,275.0,317.0,3242,2803
152.0,197.0,219.0,231.0,244.0,269.0,320.0,3252,2836
163.0,202.0,220.0,232.0,245.0,272.0,322.0,3263,2852
179.0,202.0,220.0,232.0,246.0,270.0,308.0,3240,2892
143.0,201.0,222.0,235.0,249.0,280.0,323.0,3250,2915
177.0,203.0,222.0,235.0,249.0,281.0,327.0,3262,2964
175.0,203.0,223.0,235.0,249.0,281.0,325.0,3251,2974
174.0,204.0,225.0,238.0,252.0,285.0,330.0,3253,3005
167.0,202.0,223.0,236.0,250.0,285.0,327.0,3245,3049
178.0,202.0,220.0,231.0,244.0,274.0,326.0,3269,3081
170.0,202.0,222.0,234.0,247.0,280.0,326.0,3244,3103
181.0,203.0,221.0,231.0,244.0,272.0,324.0,3259,3132
182.0,203.0,220.0,231.0,244.0,273.0,325.0,3244,3150
177.0,203.0,221.0,233.0,246.0,273.0,330.0,3251,3181
180.0,204.0,221.0,233.0,246.0,271.0,326.0,3258,3221
181.0,205.0,227.0,240.0,253.0,279.0,331.0,3245,3258
173.0,203.0,223.0,235.0,248.0,274.0,325.0,3266,3288
181.0,204.0,223.0,236.0,249.0,276.0,331.0,3244,3319
182.0,206.0,225.0,237.0,249.0,276.0,330.0,3249,3332
186.0,214.0,233.0,243.0,254.0,277.0,323.0,3296,0
180.0,207.0,226.0,237.0,248.0,269.0,321.0,3293,58
185.0,210.0,228.0,238.0,248.0,267.0,313.0,3298,65
178.0,205.0,227.0,239.0,250.0,274.0,326.0,3289,114
176.0,204.0,227.0,238.0,250.0,275.0,327.0,3298,128
183.0,208.0,227.0,237.0,248.0,269.0,327.0,3277,152
179.0,209.0,230.0,241.0,252.0,277.0,326.0,3280,186
179.0,204.0,224.0,236.0,246.0,267.0,321.0,3297,233
177.0,209.0,229.0,241.0,253.0,275.0,323.0,3282,244
178.0,209.0,231.0,243.0,257.0,286.0,331.0,3281,278
183.0,203.0,220.0,230.0,241.0,262.0,316.0,3282,315
180.0,202.0,220.0,231.0,244.0,267.0,322.0,3286,341
183.0,207.0,225.0,237.0,248.0,270.0,321.0,3288,365
177.0,206.0,229.0,241.0,254.0,284.0,323.0,3281,395
178.0,206.0,225.0,237.0,249.0,277.0,320.0,3289,443
171.0,202.0,228.0,241.0,254.0,287.0,327.0,3289,464
184.0,212.0,229.0,240.0,250.0,270.0,314.0,3296,494
175.0,207.0,230.0,242.0,255.0,281.0,320.0,3296,538
173.0,202.0,226.0,238.0,251.0,275.0,320.0,3280,553
185.0,210.0,229.0,240.0,251.0,274.0,324.0,3288,578
182.0,207.0,227.0,239.0,250.0,272.0,320.0,3296,623
185.0,210.0,229.0,240.0,252.0,275.0,322.0,3277,650
181.0,209.0,230.0,242.0,253.0,276.0,326.0,3274,665
179.0,210.0,233.0,245.0,258.0,285.0,328.0,3296,702
184.0,210.0,229.0,240.0,251.0,272.0,322.0,3270,743
185.0,211.0,229.0,240.0,251.0,272.0,318.0,3273,765
185.0,209.0,228.0,240.0,251.0,273.0,322.0,3294,809
184.0,210.0,229.0,240.0,252.0,273.0,323.0,3271,825
189.0,213.0,231.0,242.0,255.0,277.0,319.0,3284,841
185.0,209.0,229.0,241.0,253.0,277.0,327.0,3283,879
175.0,205.0,227.0,240.0,255.0,283.0,327.0,3287,922
172.0,203.0,227.0,241.0,255.0,284.0,334.0,3270,948
171.0,198.0,223.0,237.0,254.0,290.0,338.0,3294,965
173.0,199.0,225.0,240.0,255.0,292.0,339.0,3298,990
167.0,197.0,224.0,240.0,255.0,291.0,336.0,3295,1037
173.0,203.0,227.0,241.0,256.0,289.0,334.0,3292,1061
177.0,204.0,225.0,239.0,254.0,287.0,333.0,3270,1087
183.0,209.0,229.0,242.0,254.0,282.0,332.0,3285,1111
173.0,200.0,224.0,238.0,250.0,274.0,315.0,3282,1163
180.0,205.0,226.0,239.0,250.0,272.0,314.0,3271,1173
178.0,203.0,226.0,239.0,251.0,275.0,313.0,3294,1200
182.0,206.0,224.0,235.0,246.0,266.0,310.0,3275,1234
184.0,207.0,224.0,235.0,246.0,266.0,309.0,3289,1262
179.0,206.0,226.0,239.0,252.0,277.0,323.0,3291,1292
188.0,210.0,228.0,239.0,250.0,270.0,315.0,3272,1338
185.0,209.0,228.0,239.0,250.0,273.0,317.0,3274,1359
188.0,208.0,226.0,237.0,248.0,268.0,315.0,3296,1390
182.0,204.0,224.0,236.0,248.0,270.0,312.0,3287,1420
187.0,207.0,224.0,236.0,247.0,267.0,322.0,3270,1463
178.0,205.0,226.0,238.0,250.0,272.0,320.0,3291,1472
184.0,204.0,222.0,234.0,245.0,264.0,311.0,3299,1524
178.0,201.0,220.0,232.0,244.0,263.0,309.0,3284,1549
172.0,203.0,225.0,237.0,250.0,284.0,325.0,3282,1560
181.0,204.0,222.0,233.0,244.0,262.0,314.0,3272,1610
175.0,203.0,223.0,235.0,247.0,267.0,314.0,3285,1642
176.0,199.0,220.0,233.0,246.0,270.0,317.0,3299,1671
182.0,206.0,224.0,236.0,247.0,269.0,329.0,3282,1692
180.0,203.0,223.0,235.0,247.0,267.0,313.0,3294,1710
178.0,203.0,224.0,235.0,246.0,267.0,322.0,3271,1744
175.0,198.0,223.0,237.0,252.0,287.0,329.0,3293,1793
173.0,197.0,222.0,237.0,252.0,288.0,331.0,3270,1817
175.0,201.0,225.0,238.0,251.0,282.0,327.0,3280,1855
179.0,204.0,225.0,237.0,249.0,274.0,328.0,3272,1875
186.0,206.0,224.0,235.0,247.0,267.0,326.0,3282,1912
184.0,204.0,223.0,235.0,247.0,271.0,328.0,3275,1936
185.0,205.0,223.0,235.0,246.0,267.0,325.0,3283,1954
189.0,206.0,223.0,233.0,244.0,263.0,315.0,3274,1999
184.0,202.0,221.0,233.0,245.0,265.0,316.0,3293,2024
185.0,204.0,222.0,233.0,245.0,264.0,313.0,3276,2043
186.0,205.0,224.0,235.0,246.0,265.0,322.0,3275,2099
179.0,200.0,222.0,234.0,246.0,268.0,323.0,3274,2124
174.0,195.0,220.0,233.0,245.0,268.0,322.0,3284,2144
178.0,201.0,223.0,234.0,245.0,267.0,329.0,3296,2161
172.0,193.0,223.0,236.0,248.0,267.0,309.0,3273,2203
179.0,203.0,225.0,236.0,247.0,267.0,319.0,3273,2237
125.0,197.0,221.0,233.0,245.0,267.0,317.0,3278,2260
125.0,190.0,221.0,235.0,250.0,279.0,321.0,3281,2289
168.0,201.0,221.0,233.0,244.0,267.0,315.0,3281,2320
181.0,206.0,225.0,236.0,246.0,268.0,319.0,3296,2356
177.0,206.0,226.0,237.0,248.0,270.0,321.0,3299,2376
181.0,203.0,221.0,232.0,243.0,265.0,321.0,3290,2415
188.0,206.0,223.0,233.0,244.0,262.0,307.0,3273,2441
183.0,207.0,227.0,238.0,249.0,273.0,324.0,3277,2477
168.0,198.0,219.0,231.0,244.0,268.0,309.0,3273,2511
138.0,202.0,222.0,234.0,247.0,272.0,317.0,3285,2528
180.0,203.0,221.0,233.0,245.0,267.0,305.0,3298,2576
180.0,203.0,220.0,231.0,243.0,266.0,315.0,3282,2591
181.0,203.0,221.0,232.0,245.0,267.0,313.0,3287,2618
188.0,208.0,225.0,235.0,246.0,267.0,314.0,3285,2651
182.0,203.0,222.0,233.0,246.0,269.0,305.0,3280,2685
186.0,206.0,224.0,236.0,248.0,273.0,320.0,3277,2723
178.0,204.0,222.0,234.0,247.0,272.0,322.0,3292,2752
184.0,205.0,223.0,235.0,247.0,272.0,321.0,3276,2761
175.0,198.0,217.0,229.0,242.0,266.0,307.0,3292,2808
174.0,196.0,215.0,227.0,240.0,263.0,302.0,3284,2828
170.0,198.0,217.0,229.0,243.0,268.0,313.0,3274,2874
170.0,201.0,221.0,233.0,246.0,276.0,320.0,3286,2897
178.0,204.0,222.0,234.0,247.0,276.0,328.0,3291,2910
175.0,201.0,220.0,233.0,247.0,277.0,322.0,3294,2950
172.0,203.0,224.0,237.0,251.0,284.0,329.0,3279,2993
181.0,206.0,225.0,237.0,250.0,277.0,325.0,3278,3004
180.0,205.0,225.0,237.0,250.0,276.0,325.0,3283,3044
184.0,204.0,221.0,232.0,244.0,273.0,326.0,3277,3075
180.0,204.0,222.0,234.0,247.0,279.0,330.0,3283,3102
179.0,204.0,222.0,235.0,248.0,284.0,331.0,3287,3149
179.0,204.0,223.0,235.0,249.0,282.0,329.0,3279,3153
182.0,205.0,224.0,237.0,250.0,278.0,329.0,3276,3195
176.0,202.0,221.0,232.0,244.0,271.0,323.0,3292,3234
173.0,204.0,223.0,235.0,247.0,271.0,310.0,3275,3243
176.0,201.0,220.0,231.0,245.0,274.0,324.0,3281,3286
170.0,203.0,223.0,236.0,249.0,276.0,327.0,3270,3309
172.0,202.0,222.0,234.0,248.0,272.0,324.0,3281,3331
188.0,213.0,230.0,240.0,249.0,267.0,305.0,3302,14
179.0,212.0,232.0,243.0,254.0,279.0,328.0,3323,52
179.0,213.0,230.0,239.0,249.0,268.0,316.0,3328,78
182.0,211.0,230.0,240.0,250.0,272.0,321.0,3312,117
181.0,210.0,228.0,237.0,247.0,265.0,324.0,3329,131
180.0,206.0,225.0,235.0,245.0,265.0,317.0,3321,150
180.0,204.0,225.0,236.0,248.0,271.0,330.0,3304,200
180.0,205.0,226.0,237.0,249.0,272.0,327.0,3312,211
184.0,210.0,228.0,238.0,249.0,269.0,323.0,3308,246
180.0,208.0,228.0,239.0,250.0,272.0,321.0,3307,292
178.0,202.0,222.0,234.0,246.0,270.0,321.0,3314,326
179.0,205.0,225.0,237.0,248.0,273.0,320.0,3326,333
178.0,207.0,228.0,240.0,252.0,278.0,327.0,3324,364
180.0,207.0,228.0,240.0,252.0,276.0,324.0,3324,399
177.0,206.0,227.0,239.0,251.0,278.0,323.0,3300,422
177.0,207.0,230.0,242.0,255.0,282.0,323.0,3312,475
185.0,212.0,229.0,240.0,250.0,269.0,316.0,3302,500
181.0,210.0,228.0,238.0,249.0,267.0,312.0,3322,534
172.0,202.0,225.0,238.0,251.0,276.0,319.0,3323,567
185.0,209.0,228.0,239.0,250.0,272.0,319.0,3300,590
176.0,203.0,224.0,237.0,250.0,275.0,321.0,3309,621
185.0,211.0,230.0,240.0,252.0,273.0,319.0,3313,653
178.0,210.0,232.0,244.0,256.0,280.0,329.0,3311,668
176.0,208.0,232.0,245.0,259.0,287.0,327.0,3300,693
179.0,208.0,230.0,241.0,253.0,275.0,320.0,3320,746
181.0,208.0,228.0,241.0,254.0,278.0,327.0,3302,768
185.0,211.0,231.0,242.0,253.0,275.0,324.0,3328,794
185.0,210.0,229.0,241.0,255.0,281.0,324.0,3327,817
182.0,210.0,230.0,242.0,254.0,279.0,326.0,3322,851
186.0,210.0,228.0,240.0,252.0,273.0,316.0,3314,890
172.0,203.0,226.0,240.0,255.0,286.0,335.0,3306,921
173.0,201.0,226.0,241.0,257.0,292.0,337.0,3320,944
169.0,201.0,230.0,246.0,260.0,288.0,335.0,3326,984
169.0,197.0,224.0,239.0,254.0,285.0,337.0,3314,1002
172.0,203.0,228.0,241.0,255.0,282.0,339.0,3319,1049
176.0,205.0,229.0,242.0,256.0,285.0,332.0,3303,1063
179.0,207.0,231.0,243.0,256.0,286.0,331.0,3304,1080
178.0,205.0,226.0,241.0,256.0,289.0,334.0,3314,1131
176.0,206.0,229.0,242.0,254.0,283.0,330.0,3302,1141
175.0,205.0,226.0,238.0,251.0,275.0,314.0,3306,1197
175.0,202.0,226.0,239.0,252.0,279.0,318.0,3310,1222
176.0,204.0,226.0,239.0,251.0,276.0,317.0,3312,1243
184.0,205.0,224.0,236.0,248.0,271.0,314.0,3325,1267
188.0,208.0,226.0,238.0,249.0,271.0,308.0,3313,1310
186.0,208.0,227.0,239.0,250.0,273.0,315.0,3304,1338
183.0,207.0,226.0,239.0,251.0,276.0,321.0,3317,1357
181.0,206.0,227.0,239.0,251.0,276.0,322.0,3319,1404
185.0,205.0,224.0,237.0,249.0,273.0,314.0,3314,1422
176.0,203.0,226.0,240.0,252.0,281.0,327.0,3305,1453
182.0,208.0,228.0,240.0,251.0,272.0,317.0,3310,1476
184.0,206.0,224.0,235.0,247.0,265.0,309.0,3317,1503
182.0,204.0,222.0,234.0,246.0,266.0,310.0,3307,1531
179.0,201.0,220.0,232.0,245.0,267.0,316.0,3318,1582
172.0,197.0,220.0,234.0,248.0,271.0,318.0,3317,1606
174.0,198.0,220.0,232.0,245.0,268.0,310.0,3316,1634
177.0,199.0,220.0,232.0,245.0,267.0,317.0,3309,1678
183.0,205.0,223.0,234.0,246.0,265.0,315.0,3316,1705
178.0,201.0,221.0,234.0,246.0,269.0,324.0,3321,1710
179.0,202.0,221.0,233.0,245.0,266.0,327.0,3327,1744
170.0,197.0,222.0,235.0,249.0,283.0,332.0,3324,1792
176.0,201.0,224.0,237.0,250.0,280.0,327.0,3324,1823
178.0,202.0,225.0,237.0,249.0,273.0,328.0,3303,1839
184.0,206.0,223.0,235.0,246.0,268.0,330.0,3304,1880
180.0,202.0,222.0,235.0,246.0,270.0,323.0,3320,1893
178.0,201.0,224.0,236.0,249.0,276.0,328.0,3324,1941
182.0,204.0,223.0,235.0,246.0,267.0,327.0,3319,1961
185.0,204.0,223.0,235.0,247.0,266.0,317.0,3305,2002
185.0,205.0,224.0,235.0,247.0,266.0,316.0,3317,2035
186.0,204.0,223.0,235.0,247.0,267.0,317.0,3306,2043
182.0,204.0,223.0,234.0,245.0,265.0,318.0,3318,2086
177.0,199.0,222.0,235.0,247.0,270.0,324.0,3320,2101
181.0,204.0,226.0,237.0,248.0,269.0,327.0,3321,2131
181.0,204.0,225.0,236.0,246.0,266.0,320.0,3305,2183
178.0,203.0,223.0,235.0,245.0,265.0,323.0,3304,2214
176.0,201.0,224.0,235.0,247.0,272.0,328.0,3303,2244
174.0,204.0,225.0,236.0,247.0,269.0,320.0,3319,2262
120.0,181.0,218.0,234.0,250.0,278.0,323.0,3306,2299
172.0,203.0,224.0,235.0,247.0,268.0,319.0,3315,2326
181.0,205.0,224.0,235.0,246.0,268.0,316.0,3301,2369
181.0,205.0,224.0,236.0,247.0,270.0,321.0,3304,2372
181.0,204.0,223.0,235.0,246.0,268.0,318.0,3310,2407
174.0,199.0,220.0,232.0,245.0,270.0,314.0,3321,2430
161.0,204.0,224.0,235.0,247.0,270.0,319.0,3315,2463
173.0,204.0,226.0,237.0,249.0,272.0,321.0,3305,2515
174.0,204.0,225.0,237.0,248.0,270.0,318.0,3309,2520
175.0,204.0,224.0,235.0,247.0,269.0,320.0,3303,2551
183.0,205.0,223.0,235.0,246.0,268.0,305.0,3328,2589
185.0,206.0,224.0,235.0,246.0,268.0,309.0,3301,2637
178.0,200.0,221.0,234.0,247.0,273.0,320.0,3327,2655
179.0,202.0,221.0,234.0,246.0,271.0,319.0,3325,2699
175.0,196.0,219.0,233.0,248.0,272.0,312.0,3319,2721
183.0,203.0,221.0,234.0,248.0,272.0,309.0,3309,2741
174.0,204.0,222.0,234.0,246.0,271.0,321.0,3300,2785
173.0,199.0,218.0,230.0,242.0,264.0,305.0,3321,2794
176.0,199.0,218.0,230.0,243.0,267.0,309.0,3305,2836
179.0,203.0,220.0,232.0,246.0,275.0,325.0,3326,2857
180.0,203.0,221.0,233.0,246.0,274.0,321.0,3314,2891
176.0,203.0,223.0,235.0,248.0,277.0,324.0,3324,2913
175.0,203.0,222.0,235.0,248.0,278.0,323.0,3313,2965
176.0,203.0,222.0,234.0,248.0,277.0,324.0,3306,2972
183.0,206.0,225.0,238.0,250.0,275.0,321.0,3306,3003
169.0,201.0,222.0,236.0,250.0,285.0,332.0,3309,3033
175.0,204.0,225.0,239.0,253.0,289.0,330.0,3318,3063
174.0,201.0,225.0,239.0,254.0,290.0,335.0,3327,3097
180.0,205.0,224.0,236.0,249.0,286.0,330.0,3307,3123
179.0,205.0,224.0,236.0,250.0,280.0,327.0,3329,3175
179.0,204.0,223.0,236.0,249.0,279.0,333.0,3313,3192
175.0,204.0,225.0,239.0,254.0,289.0,334.0,3305,3213
175.0,202.0,220.0,232.0,244.0,272.0,322.0,3301,3255
180.0,202.0,220.0,232.0,245.0,276.0,332.0,3304,3288
178.0,201.0,220.0,233.0,248.0,278.0,336.0,3314,3313
175.0,202.0,221.0,233.0,247.0,275.0,331.0,3306,3333
176.0,210.0,231.0,242.0,253.0,276.0,321.0,3332,21
176.0,211.0,232.0,242.0,253.0,276.0,320.0,3332,32
178.0,216.0,235.0,246.0,258.0,283.0,323.0,3330,66
172.0,202.0,231.0,243.0,256.0,282.0,331.0,3330,107
179.0,205.0,225.0,236.0,246.0,268.0,319.0,3333,147
179.0,204.0,223.0,235.0,246.0,270.0,322.0,3331,161
177.0,201.0,221.0,233.0,245.0,270.0,321.0,3333,183
174.0,196.0,220.0,234.0,247.0,274.0,321.0,3332,217
179.0,202.0,220.0,231.0,242.0,262.0,320.0,3330,263
178.0,202.0,221.0,233.0,244.0,264.0,321.0,3330,288
179.0,206.0,227.0,238.0,250.0,272.0,319.0,3331,308
181.0,206.0,226.0,239.0,252.0,281.0,324.0,3332,354
180.0,208.0,228.0,240.0,252.0,276.0,322.0,3330,381
179.0,209.0,231.0,243.0,256.0,283.0,324.0,3332,403
178.0,206.0,229.0,242.0,254.0,283.0,328.0,3331,427
175.0,205.0,227.0,239.0,252.0,278.0,325.0,3331,462
170.0,199.0,225.0,238.0,252.0,284.0,328.0,3333,491
175.0,204.0,226.0,238.0,250.0,274.0,320.0,3333,526
174.0,205.0,227.0,239.0,251.0,273.0,318.0,3333,544
181.0,206.0,226.0,238.0,251.0,277.0,327.0,3332,589
179.0,208.0,228.0,240.0,251.0,275.0,322.0,3332,613
183.0,210.0,230.0,241.0,252.0,274.0,320.0,3332,646
187.0,214.0,233.0,244.0,255.0,278.0,324.0,3331,678
182.0,211.0,231.0,242.0,254.0,277.0,320.0,3330,713
181.0,211.0,231.0,243.0,255.0,280.0,323.0,3332,749
184.0,209.0,229.0,240.0,251.0,272.0,317.0,3333,776
182.0,209.0,229.0,241.0,253.0,275.0,317.0,3333,801
190.0,212.0,230.0,241.0,253.0,276.0,319.0,3332,833
184.0,212.0,232.0,243.0,255.0,277.0,317.0,3330,843
190.0,211.0,228.0,239.0,249.0,267.0,294.0,3330,884
182.0,205.0,224.0,235.0,247.0,267.0,317.0,3331,920
174.0,203.0,225.0,237.0,250.0,274.0,330.0,3331,945
182.0,207.0,226.0,237.0,249.0,270.0,324.0,3331,961
173.0,201.0,228.0,243.0,257.0,283.0,331.0,3330,1013
171.0,204.0,228.0,241.0,255.0,284.0,333.0,3332,1040
174.0,204.0,228.0,242.0,255.0,283.0,331.0,3333,1074
178.0,205.0,229.0,242.0,256.0,284.0,333.0,3331,1080
179.0,206.0,227.0,240.0,254.0,287.0,336.0,3333,1137
176.0,207.0,226.0,238.0,250.0,274.0,315.0,3331,1167
176.0,204.0,227.0,240.0,252.0,276.0,315.0,3331,1186
173.0,204.0,226.0,239.0,251.0,276.0,320.0,3332,1203
176.0,204.0,226.0,239.0,251.0,276.0,318.0,3331,1250
184.0,206.0,224.0,235.0,246.0,267.0,311.0,3333,1265
187.0,208.0,226.0,237.0,249.0,271.0,311.0,3333,1308
186.0,207.0,225.0,237.0,248.0,271.0,317.0,3333,1322
181.0,205.0,225.0,237.0,249.0,271.0,315.0,3331,1352
187.0,207.0,226.0,237.0,249.0,271.0,319.0,3333,1408
185.0,205.0,224.0,236.0,248.0,270.0,313.0,3331,1425
184.0,205.0,224.0,236.0,248.0,269.0,313.0,3331,1457
185.0,207.0,225.0,237.0,248.0,267.0,305.0,3330,1490
184.0,205.0,223.0,235.0,246.0,267.0,306.0,3330,1517
184.0,205.0,223.0,235.0,246.0,266.0,311.0,3333,1545
180.0,201.0,221.0,233.0,245.0,267.0,315.0,3333,1588
179.0,202.0,220.0,232.0,244.0,267.0,317.0,3333,1602
174.0,202.0,221.0,233.0,246.0,271.0,319.0,3332,1624
168.0,186.0,205.0,221.0,238.0,271.0,311.0,3331,1662
182.0,203.0,222.0,234.0,246.0,267.0,319.0,3332,1689
182.0,205.0,223.0,235.0,246.0,267.0,327.0,3330,1729
180.0,203.0,222.0,234.0,245.0,265.0,313.0,3333,1751
174.0,199.0,222.0,235.0,249.0,277.0,325.0,3332,1777
174.0,200.0,224.0,236.0,249.0,282.0,327.0,3330,1807
178.0,205.0,226.0,237.0,249.0,275.0,334.0,3330,1833
184.0,205.0,224.0,235.0,247.0,267.0,323.0,3331,1861
178.0,201.0,222.0,235.0,248.0,275.0,328.0,3332,1890
178.0,200.0,222.0,235.0,247.0,270.0,315.0,3333,1926
180.0,203.0,223.0,236.0,248.0,275.0,331.0,3333,1952
184.0,205.0,224.0,236.0,247.0,265.0,312.0,3330,2006
184.0,205.0,223.0,235.0,246.0,265.0,317.0,3332,2021
187.0,208.0,227.0,238.0,248.0,269.0,326.0,3330,2061
180.0,202.0,224.0,235.0,247.0,269.0,325.0,3330,2090
179.0,201.0,224.0,236.0,247.0,270.0,327.0,3330,2116
178.0,201.0,224.0,236.0,247.0,268.0,330.0,3332,2147
180.0,201.0,223.0,235.0,246.0,268.0,330.0,3333,2182
177.0,201.0,223.0,235.0,246.0,268.0,323.0,3332,2209
174.0,195.0,222.0,235.0,246.0,269.0,321.0,3332,2229
178.0,202.0,222.0,234.0,246.0,269.0,324.0,3330,2259
174.0,206.0,224.0,235.0,246.0,267.0,316.0,3331,2286
162.0,195.0,219.0,232.0,245.0,269.0,313.0,3330,2323
177.0,207.0,227.0,238.0,248.0,270.0,318.0,3333,2352
181.0,206.0,225.0,236.0,247.0,269.0,319.0,3330,2370
175.0,201.0,221.0,233.0,246.0,269.0,316.0,3332,2423
178.0,202.0,221.0,232.0,244.0,264.0,309.0,3333,2436
164.0,201.0,224.0,237.0,249.0,274.0,323.0,3333,2468
170.0,200.0,224.0,236.0,249.0,275.0,317.0,3333,2493
181.0,205.0,226.0,238.0,249.0,269.0,309.0,3331,2531
181.0,206.0,225.0,235.0,246.0,267.0,313.0,3331,2553
182.0,205.0,223.0,235.0,247.0,268.0,305.0,3332,2591
185.0,205.0,222.0,233.0,244.0,266.0,311.0,3331,2617
183.0,205.0,222.0,233.0,245.0,268.0,313.0,3333,2653
181.0,203.0,222.0,234.0,246.0,269.0,314.0,3331,2698
175.0,197.0,220.0,233.0,247.0,271.0,310.0,3332,2707
177.0,199.0,219.0,231.0,244.0,267.0,307.0,3330,2731
177.0,201.0,219.0,231.0,244.0,269.0,314.0,3331,2768
175.0,199.0,217.0,228.0,240.0,265.0,305.0,3331,2818
180.0,201.0,219.0,230.0,244.0,270.0,316.0,3333,2838
177.0,204.0,223.0,235.0,248.0,277.0,326.0,3332,2851
176.0,205.0,224.0,236.0,248.0,276.0,325.0,3333,2887
175.0,205.0,224.0,236.0,248.0,276.0,325.0,3331,2934
177.0,203.0,222.0,234.0,248.0,278.0,325.0,3333,2965
170.0,203.0,223.0,236.0,250.0,279.0,331.0,3333,2980
171.0,202.0,223.0,235.0,249.0,276.0,321.0,3332,3010
167.0,202.0,224.0,238.0,254.0,287.0,333.0,3331,3045
173.0,204.0,226.0,239.0,254.0,285.0,331.0,3331,3063
170.0,200.0,220.0,232.0,245.0,277.0,325.0,3330,3115
165.0,204.0,223.0,234.0,247.0,279.0,328.0,3333,3123
176.0,204.0,223.0,235.0,249.0,280.0,325.0,3330,3153
179.0,203.0,223.0,237.0,251.0,279.0,326.0,3332,3186
179.0,203.0,222.0,234.0,247.0,277.0,334.0,3330,3229
181.0,204.0,223.0,236.0,250.0,281.0,341.0,3333,3255
180.0,202.0,221.0,232.0,246.0,276.0,334.0,3332,3299
176.0,202.0,220.0,232.0,245.0,274.0,329.0,3333,3319
175.0,202.0,222.0,234.0,248.0,278.0,333.0,3331,3333
